addr	symbol	size	class	source	status	fuzzy	alternatives
0010001c	func_0010001c	524	mmi	stub	compile	0.00	m2c:link:0.0
00100228	func_00100228	116	loop	ghidra	near	52.71	m2c:near:0.0;lift:compile:0.0
001002a0	func_001002a0	8	straight	lift	near	28.00	m2c:near:28.0;ghidra:near:14.0
001002b0	func_001002b0	132	loop	lift	near	94.03	m2c:near:82.05;ghidra:near:27.76
00100338	func_00100338	20	straight	lift	near	0.00	ghidra:near:0.0;m2c:near:0.0
001003b0	func_001003b0	20	straight	lift	near	0.00	ghidra:near:0.0;m2c:near:0.0
00100468	func_00100468	84	loop	corpus	near	93.81	lift:near:72.14;ghidra:near:64.04;m2c:near:61.04
001004c0	func_001004c0	340	switch	ghidra	near	37.55	m2c:compile:0.0
00100700	_Z16wtarget_00100700jjjj	108	branchy	lift	near	89.56	m2c:near:59.14;ghidra:near:54.25
001007c0	_Z13func_001007c0Pv	272	loop	ghidra	near	0.00	m2c:compile:0.0
00100920	func_00100920	128	branchy	m2c	near	74.84	lift:near:46.38;ghidra:near:11.11
001009a0	func_001009a0	212	loop	ghidra	near	20.18	m2c:near:13.64
00100aa0	func_00100aa0	208	branchy	lift	near	86.87	m2c:near:66.17;ghidra:near:56.37
00100b70	func_00100b70	208	branchy	ghidra	near	88.67	lift:near:72.33;m2c:near:68.51
00100c40	func_00100c40	648	loop	ghidra	near	21.30	m2c:compile:0.0
00100ec8	func_00100ec8	388	loop	lift	near	62.23	m2c:near:59.96;ghidra:near:48.15
00101050	func_00101050	400	loop	lift	near	66.69	m2c:near:57.11;ghidra:near:43.72
001011e0	func_001011e0	424	loop	lift	near	70.69	m2c:near:69.96;ghidra:near:52.47
00101388	func_00101388	780	loop	m2c	near	51.53	lift:near:40.54;ghidra:near:0.0
00101698	func_00101698	432	loop	lift	near	28.95	m2c:near:28.78;ghidra:near:17.58
00101848	func_00101848	848	loop	ghidra	near	24.56	lift:compile:0.0;m2c:compile:0.0
00101b98	func_00101b98	328	loop	ghidra	near	56.76	m2c:compile:0.0
00101ce0	func_00101ce0	88	loop	lift	near	85.41	ghidra:near:77.14;m2c:compile:0.0
00101d38	func_00101d38	20	straight	lift	near	0.00	ghidra:near:0.0;m2c:near:0.0
00102080	func_00102080	172	loop	lift	near	94.27	ghidra:near:21.19;e3:near:0.0;m2c:near:0.0
00102180	func_00102180	76	loop	lift	near	61.47	ghidra:near:57.79;e3:near:41.05;m2c:near:23.32
00102210	func_00102210	64	loop	lift	near	51.75	ghidra:near:43.0;m2c:near:12.44;e3:near:0.0
00102350	func_00102350	244	float	lift	near	71.51	ghidra:near:59.87;m2c:compile:0.0
00102470	func_00102470	52	float	m2c	near	38.20	lift:near:24.67;ghidra:near:18.48
001024b0	func_001024b0	84	straight	ghidra	near	87.43	e3:near:62.27;m2c:compile:0.0
00102508	_ZN12TASK_MANAGER6CreateEPvj	32	straight	lift	exact	100.00	twins:exact:100.0;corpus:exact:100.0;ghidra:exact:100.0;m2c:exact:100.0
00102528	func_00102528	204	loop	lift	near	77.61	m2c:near:40.9;e3:near:35.24;ghidra:near:0.0
001025f8	_Z13func_001025f8Pv	116	branchy	lift	near	85.83	ghidra:near:85.83;m2c:near:82.31
00102688	_Z16wtarget_00102688jjjj	168	loop	m2c	near	86.93	ghidra:near:73.7;lift:near:60.5
00102750	func_00102750	56	straight	lift	near	98.57	m2c:near:98.57;ghidra:near:83.12;e3:near:81.71
00102788	_ZN12TASK_MANAGER11create_taskEiiPFvP4TASKE	140	straight	ghidra	near	90.14	e3:near:50.98;m2c:compile:0.0
00102818	_ZN12TASK_MANAGER13create_threadEiiPFvP4TASKEi	152	straight	ghidra	near	84.87	e3:near:60.59;m2c:compile:0.0
001028b0	_Z16wtarget_001028b0jjjj	312	loop	m2c	near	92.37	lift:near:79.6;ghidra:near:79.03
00102a08	func_00102a08	48	loop	lift	exact	100.00	m2c:near:66.5;ghidra:near:43.75
00102a38	func_00102a38	56	loop	lift	exact	100.00	ghidra:near:23.57;m2c:near:22.0
00102bd8	func_00102bd8	60	straight	m2c	near	79.00	lift:near:52.93;ghidra:near:52.93
00102c48	func_00102c48	56	straight	lift	exact	100.00	ghidra:exact:100.0;e3:near:99.93;corpus:near:69.64;m2c:near:26.64
00102c90	_Z16wtarget_00102c90jjjj	92	branchy	lift	near	61.20	m2c:near:59.03;ghidra:near:56.65
00102ed8	func_00102ed8	48	straight	lift	exact	100.00	twins:exact:100.0;ghidra:near:98.33;m2c:near:71.46
00102f38	func_00102f38	56	straight	lift	exact	100.00	ghidra:exact:100.0;corpus:near:69.64;m2c:near:26.64
00103080	_Z16wtarget_00103080jjjj	92	branchy	lift	near	61.20	m2c:near:59.03;ghidra:near:56.65
001031d0	func_001031d0	456	branchy	lift	near	95.92	m2c:near:76.85;ghidra:near:13.93
001033d8	_Z13func_001033d8Pv	80	loop	ghidra	near	44.00	lift:near:38.71;m2c:near:27.6
00103428	func_00103428	88	loop	lift	near	25.23	m2c:near:11.48;ghidra:near:0.0
00103480	func_00103480	124	straight	lift	near	96.71	ghidra:near:92.84;m2c:near:72.79
00103590	_ZN4MENU15CreateAllocatorEiPN2kn15MemoryAllocatorE	316	branchy	m2c	near	77.51	ghidra:near:75.33;lift:near:74.9;e3:near:0.37
001036d0	func_001036d0	120	branchy	lift	near	82.45	ghidra:near:58.31;m2c:near:54.71;e3:near:0.0
00103748	_ZN4MENU16DestoryAllocatorEv	108	branchy	lift	exact	100.00	ghidra:near:95.56;e3:near:89.81;m2c:near:47.47
001037b8	func_001037b8	64	straight	lift	exact	100.00	e3:exact:100.0;ghidra:near:91.81;m2c:near:70.94
001037f8	_ZN4MENU13pauseExecTaskEP4TASK	512	branchy	ghidra	near	86.48	lift:near:32.7;m2c:near:32.55
001039f8	func_001039f8	68	branchy	lift	exact	100.00	m2c:near:79.84;ghidra:near:25.0;e3:near:0.0
00103b78	func_00103b78	56	straight	lift	exact	100.00	ghidra:exact:100.0;corpus:near:69.64;m2c:near:26.64
00103ca0	func_00103ca0	392	branchy	m2c	near	38.73	ghidra:near:0.0
00103ec0	_Z16wtarget_00103ec0jjjj	136	branchy	lift	near	43.92	m2c:near:37.78;ghidra:near:27.86
00104108	func_00104108	132	branchy	lift	near	85.91	ghidra:near:0.0;m2c:compile:0.0
001041c0	func_001041c0	32	branchy	lift	exact	100.00	ghidra:exact:100.0;m2c:near:63.56;e3:near:17.5
00104298	_Z16wtarget_00104298jjjj	92	branchy	lift	near	61.20	m2c:near:59.03;ghidra:near:56.65
001043e8	D_001043e8	264	loop	lift	near	94.63	ghidra:near:69.1;m2c:link:0.0
001044f0	D_001044f0	112	straight	permute	exact	100.00	lift:near:99.57;ghidra:near:97.11;e3:near:85.54;m2c:near:70.06
001045b8	func_001045b8	56	straight	lift	exact	100.00	ghidra:exact:100.0;corpus:near:69.64;m2c:near:26.64
00104640	_Z16wtarget_00104640jjjj	652	float	lift	near	52.10	m2c:near:51.99;ghidra:near:45.23
00104a48	func_00104a48	628	loop	ghidra	near	59.58	m2c:near:37.27
00104cf0	func_00104cf0	60	branchy	lift	exact	100.00	ghidra:near:70.0;m2c:near:45.67
00104d30	func_00104d30	108	straight	ghidra	near	43.82	m2c:near:33.43
00104da0	_ZN8GUMIMENU12CreateThreadEiiPFvP4TASKEi	60	straight	lift	exact	100.00	ghidra:near:69.33;m2c:near:63.38;e3:near:45.2
00104e18	func_00104e18	128	straight	lift	exact	100.00	m2c:near:80.35;ghidra:near:73.56
00104f58	_ZN4AREA7MapJumpERS_jibi	352	branchy	m2c	near	55.52	ghidra:near:3.85;e3:near:0.0
001050d8	_ZN4AREA5AllocEj	52	straight	twins	exact	100.00	ghidra:near:84.62;e3:near:42.15;m2c:compile:0.0
001051b8	func_001051b8	236	branchy	m2c	near	61.60	ghidra:near:54.63;lift:near:32.93
001052a8	func_001052a8	88	straight	lift	near	49.82	m2c:near:35.82;ghidra:near:27.95
00105370	_ZN4AREA15CreateAllocatorEjj	80	straight	lift	exact	100.00	ghidra:exact:100.0;m2c:near:85.62;e3:near:41.6
001053c0	_ZN4AREA16DestroyAllocatorEv	60	straight	lift	exact	100.00	ghidra:exact:100.0;m2c:near:93.5;e3:near:43.79
00105400	_Z16wtarget_00105400jjjj	300	branchy	lift	near	60.77	ghidra:near:35.05;m2c:compile:0.0
00105550	func_00105550	104	float	ghidra	near	0.00	m2c:compile:0.0
001055b8	func_001055b8	104	float	lift	near	0.00	ghidra:near:0.0;m2c:near:0.0
00105620	_Z16wtarget_00105620jjjj	200	float	ghidra	near	0.00	m2c:compile:0.0
001056e8	func_001056e8	40	straight	lift	exact	100.00	m2c:near:70.18;ghidra:near:68.9
00105748	func_00105748	280	loop	permute	exact	100.00	lift:near:99.79;m2c:near:87.53;ghidra:near:78.5
001058f8	_Z13func_001058f8ii	216	branchy	lift	near	81.91	m2c:near:64.53;ghidra:near:57.47
00105af8	func_00105af8	96	branchy	lift	near	49.08	m2c:near:43.77;ghidra:near:26.71
00105b58	func_00105b58	212	loop	lift	near	98.87	m2c:near:83.21;ghidra:near:71.61
00105c68	D_00105c68	160	loop	lift	near	94.33	ghidra:near:82.28;e3:near:53.65;m2c:link:0.0
00105da8	func_00105da8	56	straight	lift	exact	100.00	ghidra:exact:100.0;corpus:near:69.64;m2c:near:26.64
00105de0	func_00105de0	104	branchy	permute	exact	100.00	lift:near:91.15;ghidra:near:80.89;m2c:near:72.21
00105f00	func_00105f00	128	loop	lift	exact	100.00	m2c:near:75.64;ghidra:near:61.33
00105fc8	func_00105fc8	124	straight	lift	near	63.59	ghidra:near:34.58;m2c:compile:0.0
00106048	func_00106048	108	straight	lift	near	53.93	ghidra:near:27.33;m2c:compile:0.0
001060b8	func_001060b8	40	straight	ghidra	near	72.80	m2c:near:72.8;lift:near:30.36
001060e0	func_001060e0	40	straight	ghidra	near	72.80	m2c:near:72.8;e3:near:37.89;lift:near:30.36
001064a8	_Z13func_001064a8Pv	120	float	lift	near	71.33	m2c:near:53.4;ghidra:near:19.03
00106558	func_00106558	76	float	m2c	near	78.68	ghidra:near:55.93;lift:near:0.0
001065a8	_Z13func_001065a8jjjjjjjj	48	float	ghidra	near	70.94	m2c:near:59.74;lift:near:0.0
001065d8	func_001065d8	476	float	lift	near	61.41	m2c:near:13.15;ghidra:near:4.88
001067b8	func_001067b8	476	float	lift	near	61.41	m2c:near:13.15;ghidra:near:6.07
001069b8	func_001069b8	24	straight	permute	exact	100.00	ghidra:exact:100.0;corpus:near:96.17;lift:near:95.83;m2c:near:71.25
00106a18	_ZN2kn13getProjectionEb	72	branchy	e3	near	69.00	m2c:near:61.68;lift:near:57.17;ghidra:near:32.67
00106a60	func_00106a60	80	branchy	e3	near	99.80	lift:near:50.9;m2c:near:44.43;ghidra:near:29.4
00106af0	func_00106af0	280	float	ghidra	near	54.92	e3:near:45.18;m2c:near:13.09;lift:near:2.99
00106c08	_ZN2kn10Projection10calcMatrixEv	308	vu0	lift	near	64.04	ghidra:near:0.0;m2c:near:0.0
00106d40	_ZN2kn10Projection3setEfffffffffff	168	float	ghidra	near	9.84	m2c:compile:0.0
00106de8	_ZN2kn10Projection6setFOVEfNS0_4WorHE	324	float	m2c	near	63.21	lift:near:44.13;ghidra:near:33.42;e3:near:12.57
00106f40	func_00106f40	168	float	lift	near	62.33	m2c:near:33.14;ghidra:near:31.93;e3:near:14.76
00106fe8	func_00106fe8	180	float	m2c	near	85.71	lift:near:43.5;ghidra:near:28.5;e3:near:4.16
00107118	func_00107118	364	vu0	ghidra	near	0.00	m2c:near:0.0
001072d0	_ZN2kn6Camera6lookAtERKNS_7FVectorES3_	48	branchy	lift	near	75.25	m2c:near:40.42;ghidra:near:36.09;e3:near:31.26
00107300	func_00107300	48	float	lift	near	74.83	m2c:near:34.91;e3:near:29.7;ghidra:near:14.57
00107368	_ZNK2kn6Camera11getPositionERNS_7FVectorE	28	branchy	lift	near	97.00	m2c:near:81.43;ghidra:near:43.85;e3:near:37.78
00107388	func_00107388	240	vu0	ghidra	near	0.00	m2c:near:0.0
00107478	func_00107478	28	branchy	lift	near	97.00	m2c:near:81.43;ghidra:near:43.85;e3:near:37.78
001074c0	func_001074c0	392	vu0	lift	near	46.95	ghidra:near:0.0;m2c:near:0.0
00107700	func_00107700	392	vu0	lift	near	82.44	ghidra:near:0.0;m2c:near:0.0
00107888	_ZN2kn11camera_taskEP4TASK	516	float	lift	near	49.01	m2c:near:24.38;ghidra:near:5.07
00107a90	func_00107a90	656	float	lift	near	97.82	m2c:near:24.85;ghidra:near:1.12
00107d20	_Z13func_00107d20ii	776	loop	lift	near	83.44	ghidra:near:58.2;m2c:compile:0.0
00108080	func_00108080	328	mmi	m2c	near	45.12	ghidra:near:0.0
001081c8	func_001081c8	300	mmi	m2c	near	42.33	ghidra:near:3.73
00108398	func_00108398	156	mmi	m2c	near	37.00	ghidra:near:0.0
00108600	func_00108600	148	straight	permute	exact	100.00	lift:near:99.84;ghidra:near:94.22;m2c:near:31.49
00108698	func_00108698	148	straight	permute	exact	100.00	lift:near:99.84;ghidra:near:94.22;m2c:near:31.49
00108730	func_00108730	512	float	ghidra	near	1.24	m2c:near:0.0;lift:compile:0.0
00108930	func_00108930	84	loop	lift	near	76.33	ghidra:near:67.6;m2c:near:63.32
00109070	func_00109070	204	loop	lift	near	92.74	ghidra:near:70.88;m2c:compile:0.0
00109140	func_00109140	132	float	lift	near	89.55	ghidra:near:49.67;m2c:near:42.36
001091c8	func_001091c8	180	straight	ghidra	near	76.94	m2c:compile:0.0
00109360	func_00109360	104	branchy	lift	exact	100.00	m2c:near:79.0;ghidra:near:68.52
00109450	_Z16wtarget_00109450jjjj	144	loop	ghidra	near	83.89	lift:near:73.75;m2c:near:73.69
001094e0	func_001094e0	396	switch	m2c	near	42.12	ghidra:near:30.47;lift:near:29.9
00109690	func_00109690	116	mmi	m2c	near	30.24	ghidra:near:0.0
00109708	func_00109708	124	mmi	m2c	near	49.65	ghidra:near:0.0
00109788	func_00109788	96	branchy	lift	exact	100.00	m2c:near:90.12;ghidra:near:69.59
001097e8	func_001097e8	1092	switch	ghidra	near	53.25	
00109c30	func_00109c30	144	loop	ghidra	near	88.39	lift:near:79.39;m2c:near:74.12
00109cc0	func_00109cc0	64	branchy	lift	exact	100.00	ghidra:near:93.53;m2c:near:44.68
00109d00	func_00109d00	276	branchy	ghidra	near	56.01	lift:near:44.64;m2c:near:38.52
00109e30	_Z13func_00109e30i	92	branchy	lift	near	94.35	m2c:near:94.35;ghidra:near:79.57
00109ea8	func_00109ea8	148	switch	ghidra	near	0.00	
00109f58	func_00109f58	116	switch	ghidra	near	0.00	
00109fe8	func_00109fe8	484	loop	lift	near	68.89	ghidra:near:23.34;m2c:near:7.68
0010a1d0	func_0010a1d0	764	loop	lift	near	70.02	ghidra:near:41.31;m2c:near:10.34
0010a4d0	func_0010a4d0	176	loop	ghidra	near	95.39	m2c:near:73.84;lift:near:59.73
0010a618	_Z17ctarget0_0010a618v	448	branchy	lift	near	87.82	ghidra:near:68.54;m2c:near:61.84
0010a7d8	func_0010a7d8	36	straight	lift	near	68.30	ghidra:near:51.5;m2c:near:36.2
0010a828	func_0010a828	92	float	lift	exact	100.00	m2c:near:31.76;ghidra:near:8.51
0010a918	func_0010a918	496	branchy	m2c	near	64.19	ghidra:near:59.82;lift:near:34.99
0010ab08	func_0010ab08	120	branchy	lift	near	65.80	m2c:near:63.13;ghidra:near:24.8
0010abc8	func_0010abc8	36	straight	lift	exact	100.00	ghidra:exact:100.0;m2c:near:50.33
0010abf0	func_0010abf0	668	loop	lift	near	66.84	ghidra:near:37.71;m2c:compile:0.0
0010aef0	_Z13func_0010aef0ii	1316	branchy	lift	near	59.47	m2c:near:36.93;ghidra:near:36.53
0010b468	_Z16wtarget_0010b468jjjj	228	vu0	lift	near	46.51	m2c:near:28.75;ghidra:near:8.56
0010b550	func_0010b550	20	straight	lift	exact	100.00	ghidra:near:99.6;m2c:near:76.0
0010b568	_Z16wtarget_0010b568jjjj	180	vu0	lift	near	82.15	ghidra:near:1.35;m2c:compile:0.0
0010b620	func_0010b620	196	vu0	lift	near	77.18	ghidra:near:0.0;m2c:compile:0.0
0010b978	func_0010b978	1792	branchy	lift	near	91.44	ghidra:near:0.0;m2c:compile:0.0
0010c078	func_0010c078	1792	branchy	lift	near	91.44	ghidra:near:0.0;m2c:compile:0.0
0010c7b0	func_0010c7b0	56	branchy	lift	exact	100.00	ghidra:exact:100.0;m2c:exact:100.0
0010c7f0	func_0010c7f0	56	straight	lift	near	98.57	ghidra:near:98.57;m2c:near:98.57
0010c828	func_0010c828	40	straight	lift	exact	100.00	ghidra:near:98.0;m2c:near:98.0;corpus:near:82.83;e3:near:0.0
0010c940	func_0010c940	180	float	m2c	near	67.73	lift:near:56.57;ghidra:near:45.96
0010c9f8	func_0010c9f8	208	float	lift	near	65.59	m2c:near:39.19;ghidra:near:13.78
0010cbc8	func_0010cbc8	152	branchy	lift	near	88.63	m2c:near:88.63;ghidra:near:82.6
0010cce0	func_0010cce0	80	loop	lift	exact	100.00	m2c:near:57.0;e3:near:45.9;ghidra:near:38.9
0010ce78	func_0010ce78	120	branchy	m2c	near	71.47	lift:near:51.83;ghidra:near:3.37
0010cef0	func_0010cef0	324	vu0	lift	near	55.17	ghidra:near:21.48;m2c:near:19.51
0010d038	func_0010d038	320	vu0	lift	near	36.78	ghidra:near:31.41;m2c:near:21.39
0010d188	func_0010d188	300	branchy	lift	near	79.44	ghidra:near:24.6;m2c:compile:0.0
0010d2b8	_Z13func_0010d2b8Pv	432	vu0	ghidra	near	39.88	m2c:compile:0.0
0010d918	func_0010d918	296	loop	e3	near	42.47	ghidra:near:34.22;m2c:near:27.1
0010da40	func_0010da40	452	vu0	lift	near	34.26	ghidra:near:0.0;m2c:compile:0.0
0010df18	func_0010df18	536	branchy	lift	near	72.82	ghidra:near:0.0;m2c:compile:0.0
0010e130	_ZN2kn6Friend12updateTargetEb	568	float	m2c	near	75.68	lift:near:74.96;ghidra:near:41.5
0010e368	func_0010e368	884	vu0	lift	near	67.74	m2c:near:0.26;ghidra:near:0.0
0010e6e0	func_0010e6e0	256	float	lift	near	95.15	ghidra:near:20.75;e3:near:0.0;m2c:compile:0.0
0010e810	_ZN2kn6Friend10followMoveEPKNS_6VecSetE	1732	vu0	m2c	near	20.43	ghidra:near:0.0;lift:compile:0.0
0010ef48	func_0010ef48	336	loop	ghidra	near	67.58	lift:near:52.2;e3:near:0.0;m2c:compile:0.0
0010f448	func_0010f448	436	vu0	m2c	near	44.70	ghidra:near:41.1;lift:near:6.72
0010f600	func_0010f600	72	branchy	lift	exact	100.00	ghidra:exact:100.0;m2c:near:88.89
0010f660	func_0010f660	84	float	lift	exact	100.00	e3:near:74.36;m2c:near:65.32;ghidra:near:61.14
0010f6b8	func_0010f6b8	60	float	e3	exact	100.00	ghidra:near:59.67;m2c:near:38.93;lift:near:1.67
0010f6f8	func_0010f6f8	76	float	ghidra	near	68.16	m2c:near:41.05;lift:near:23.16
0010f748	func_0010f748	104	branchy	m2c	near	95.38	ghidra:near:85.52;lift:near:40.0
0010f7b0	_ZN2kn6Friend14equipedAbilityEii	208	loop	lift	near	93.56	e3:near:88.55;m2c:near:74.12;ghidra:near:39.13
0010f918	_Z16wtarget_0010f918jjjj	68	branchy	typed	exact	100.00	lift:exact:100.0;e3:near:84.41;m2c:near:42.44;ghidra:near:37.65
0010f960	func_0010f960	64	branchy	lift	exact	100.00	m2c:near:39.06;ghidra:near:33.75
0010f9f0	func_0010f9f0	52	branchy	lift	near	98.77	e3:near:49.06;ghidra:near:34.24;m2c:near:32.44
0010fb10	func_0010fb10	912	loop	ghidra	near	53.29	lift:near:41.7;m2c:compile:0.0
0010fea0	func_0010fea0	100	loop	lift	near	80.40	ghidra:near:56.19;m2c:near:51.88
0010ff08	func_0010ff08	1524	float	ghidra	near	41.86	m2c:compile:0.0
00110500	_ZN2kn6Friend12followPlayerEv	280	vu0	lift	near	25.13	ghidra:near:0.0;m2c:near:0.0
001106a0	func_001106a0	588	vu0	lift	near	41.17	ghidra:near:32.17;m2c:compile:0.0
00110b00	func_00110b00	400	vu0	lift	near	56.89	ghidra:near:3.78;m2c:compile:0.0
00110c90	func_00110c90	880	vu0	lift	near	16.84	ghidra:near:0.0;m2c:near:0.0
00111060	func_00111060	132	float	ghidra	near	70.89	lift:near:58.88;m2c:near:45.88
001110e8	func_001110e8	224	branchy	lift	near	91.05	ghidra:near:20.25;m2c:compile:0.0
001111c8	func_001111c8	172	float	typed	exact	100.00	lift:exact:100.0;m2c:near:70.35;ghidra:near:53.38
00111278	func_00111278	44	branchy	ghidra	exact	100.00	m2c:exact:100.0;lift:near:25.73
001112a8	func_001112a8	628	float	lift	near	64.29	ghidra:near:63.07;m2c:near:59.16
00111808	func_00111808	156	float	m2c	near	89.18	lift:near:69.96;ghidra:near:44.37
001118a8	func_001118a8	1136	vu0	lift	near	60.56	ghidra:near:8.43;m2c:compile:0.0
00111d98	_Z16wtarget_00111d98jjjj	136	loop	lift	near	68.17	m2c:near:63.49;ghidra:near:47.6
00111e50	func_00111e50	252	loop	lift	near	81.83	ghidra:near:73.9;m2c:compile:0.0
00111f50	func_00111f50	844	vu0	lift	near	77.03	ghidra:near:38.13;m2c:compile:0.0
00112388	func_00112388	100	loop	lift	exact	100.00	m2c:near:99.56;e3:near:69.66;ghidra:near:68.68
001123f0	_ZN2kn6Friend4InitEv	236	vu0	lift	near	87.28	m2c:near:72.14;ghidra:near:27.01
001124f8	_Z16wtarget_001124f8jjjj	108	branchy	lift	near	80.59	ghidra:near:58.23;m2c:near:22.56
001125d8	func_001125d8	324	branchy	lift	near	86.45	m2c:near:49.89;ghidra:near:44.65
001127c0	func_001127c0	272	loop	lift	near	87.13	ghidra:near:81.07;m2c:near:72.78
001128d0	_Z16u_tail4_001128d0jjjj	264	loop	lift	near	98.26	m2c:near:76.3;ghidra:near:72.39
001129d8	func_001129d8	124	branchy	lift	near	80.10	ghidra:near:66.0;m2c:near:44.91
00112ab8	func_00112ab8	352	float	lift	near	9.52	m2c:near:5.68;ghidra:near:0.0
00112d28	func_00112d28	104	branchy	m2c	near	76.48	ghidra:near:54.87;lift:near:40.68
00112d90	func_00112d90	92	branchy	twins	exact	100.00	m2c:exact:100.0;ghidra:near:87.09;lift:near:51.48;e3:near:31.91
00112df0	_ZN2kn6Friend15setAttackTargetEPN2YS3OBJEPNS1_6TARGETEPNS_7FVectorEf	404	vu0	ghidra	near	8.63	m2c:compile:0.0
00112f88	func_00112f88	292	vu0	ghidra	near	56.17	lift:near:34.25;m2c:near:25.52
001130b0	func_001130b0	552	vu0	ghidra	near	41.25	m2c:near:28.61;lift:compile:0.0
00113338	_ZN2kn6Friend6strikeERKNS_7FVectorEPN2YS6TARGETEiii	188	straight	ghidra	near	87.45	e3:near:76.9;m2c:near:48.94;lift:compile:0.0
00113470	_Z13func_00113470ii	320	loop	lift	near	85.62	ghidra:near:68.26;m2c:near:56.43
001136b8	func_001136b8	292	loop	m2c	near	75.53	ghidra:near:64.48;e3:near:41.11
00113808	func_00113808	64	branchy	ghidra	exact	100.00	lift:near:58.44;m2c:near:58.44
00113848	func_00113848	324	float	lift	near	77.21	m2c:near:36.62;ghidra:near:0.0
00113fb0	func_00113fb0	288	branchy	lift	near	67.53	m2c:near:65.86;e3:near:62.26;ghidra:near:0.0
001142e0	func_001142e0	72	float	typed	exact	100.00	lift:exact:100.0;e3:near:43.52;ghidra:near:20.95;m2c:compile:0.0
00114328	func_00114328	72	float	typed	exact	100.00	lift:exact:100.0;m2c:near:87.78;e3:near:43.52;ghidra:near:20.95
00114438	func_00114438	88	loop	e3	near	55.83	m2c:near:46.77;lift:near:41.09;ghidra:near:20.86
00114490	func_00114490	88	loop	m2c	near	46.77	lift:near:41.09;ghidra:near:20.86
001144e8	func_001144e8	104	loop	lift	near	68.11	m2c:near:58.5;ghidra:near:54.0;e3:near:0.0
001145b0	func_001145b0	76	loop	lift	exact	100.00	m2c:near:78.95;ghidra:near:54.41
00114850	func_00114850	52	straight	lift	exact	100.00	e3:exact:100.0;m2c:exact:100.0;ghidra:near:55.33
00114968	func_00114968	52	straight	lift	exact	100.00	e3:exact:100.0;m2c:exact:100.0;ghidra:near:55.33
00114b90	func_00114b90	52	straight	lift	exact	100.00	e3:exact:100.0;m2c:exact:100.0;ghidra:near:55.33
00114cc8	func_00114cc8	52	straight	lift	exact	100.00	e3:exact:100.0;m2c:exact:100.0;ghidra:near:55.33
00114de0	func_00114de0	52	straight	lift	exact	100.00	e3:exact:100.0;m2c:exact:100.0;ghidra:near:55.33
00114f38	func_00114f38	52	straight	lift	exact	100.00	e3:exact:100.0;m2c:exact:100.0;ghidra:near:55.33
00115090	_ZN2kn7SparrowD0Ev	52	straight	lift	exact	100.00	e3:exact:100.0;m2c:exact:100.0;ghidra:near:55.33
00115290	func_00115290	52	straight	lift	exact	100.00	e3:exact:100.0;m2c:exact:100.0;ghidra:near:55.33
001153e8	func_001153e8	52	straight	lift	exact	100.00	e3:exact:100.0;m2c:exact:100.0;ghidra:near:55.33
00115560	func_00115560	52	straight	lift	exact	100.00	e3:exact:100.0;m2c:exact:100.0;ghidra:near:55.33
001156b8	func_001156b8	52	straight	lift	exact	100.00	e3:exact:100.0;m2c:exact:100.0;ghidra:near:55.33
001157d0	func_001157d0	52	straight	lift	exact	100.00	e3:exact:100.0;m2c:exact:100.0;ghidra:near:55.33
00115848	func_00115848	956	vu0	ghidra	near	49.26	m2c:compile:0.0
00115c08	func_00115c08	1472	vu0	ghidra	near	0.00	m2c:near:0.0
001161c8	func_001161c8	1484	vu0	ghidra	near	0.00	m2c:near:0.0
00116798	func_00116798	296	float	typed	exact	100.00	lift:exact:100.0;m2c:near:58.69;ghidra:near:24.71;e3:near:21.08
001168c0	func_001168c0	120	float	lift	near	78.93	m2c:near:68.13;ghidra:near:62.13;e3:near:51.67
001169e8	func_001169e8	796	float	lift	near	82.29	m2c:near:52.34;ghidra:near:26.2
00116d08	func_00116d08	168	vu0	lift	near	21.48	m2c:near:21.17;ghidra:near:20.75
00116db0	_ZN2kn6Stitch8pre_execEv	2008	vu0	ghidra	near	0.00	m2c:near:0.0
00117588	_ZN2kn6Stitch14update_obj_posEv	492	vu0	lift	near	40.65	m2c:near:14.53;ghidra:near:13.52
00117808	func_00117808	176	float	lift	near	81.77	m2c:near:57.06;ghidra:near:47.81
00117970	_ZN2kn6Stitch11startEffectEiPN2YS3OBJEiibii	308	vu0	lift	near	91.01	ghidra:near:69.55;m2c:near:46.71
00117b38	func_00117b38	240	vu0	lift	near	81.00	ghidra:near:62.37;m2c:near:45.3
00117c28	func_00117c28	240	vu0	lift	near	81.00	ghidra:near:62.37;m2c:near:45.3
00117d18	func_00117d18	192	loop	lift	near	97.76	m2c:near:89.85;ghidra:near:62.62
00117dd8	func_00117dd8	192	loop	lift	near	97.76	m2c:near:89.85;ghidra:near:62.62
00117e98	func_00117e98	196	loop	m2c	near	95.47	lift:near:94.71;ghidra:near:64.09;e3:near:0.0
001182d0	func_001182d0	88	loop	ghidra	near	99.55	lift:near:93.09;m2c:near:36.36
00118378	func_00118378	568	vu0	ghidra	near	55.87	m2c:near:18.15
00118998	func_00118998	888	vu0	lift	near	56.96	m2c:near:35.99;ghidra:near:14.8
00118d10	func_00118d10	140	float	m2c	near	78.94	ghidra:near:67.05;e3:near:63.81
00118da0	_ZN2kn6Stitch10set_targetEv	608	float	m2c	near	40.69	ghidra:near:32.57
001195a8	func_001195a8	292	float	typed	exact	100.00	lift:exact:100.0;m2c:near:94.29;ghidra:near:59.99
00119830	_ZN2kn6Stitch10shotEffectEi	732	float	m2c	near	59.29	lift:near:49.71;ghidra:near:6.47
00119b10	_Z16wtarget_00119b10jjjj	164	float	lift	near	49.63	m2c:near:3.26;ghidra:near:0.66
00119c88	func_00119c88	44	straight	lift	exact	100.00	corpus:exact:100.0;ghidra:exact:100.0;m2c:exact:100.0
00119d08	_ZN2kn5GenieD0Ev	52	straight	lift	exact	100.00	e3:exact:100.0;m2c:exact:100.0;ghidra:near:55.33
00119d70	func_00119d70	240	float	m2c	near	79.82	lift:near:78.0;e3:near:60.25;ghidra:near:17.33
00119e60	_ZN2kn5Genie10changeFormEi	168	loop	m2c	near	77.81	lift:near:44.69;ghidra:near:24.5
00119f48	func_00119f48	112	float	m2c	near	79.17	ghidra:near:57.74;lift:near:16.71;e3:near:0.0
00119fc0	func_00119fc0	668	vu0	ghidra	near	39.35	m2c:compile:0.0
0011a340	func_0011a340	52	straight	lift	exact	100.00	e3:exact:100.0;m2c:exact:100.0;ghidra:near:55.33
0011a430	_ZN2kn8Peterpan24acceptNotifyPlayerTargetEv	48	straight	typed	exact	100.00	lift:exact:100.0;ghidra:exact:100.0;m2c:exact:100.0;corpus:near:83.33;e3:near:50.67
0011a510	func_0011a510	52	straight	lift	exact	100.00	e3:exact:100.0;m2c:exact:100.0;ghidra:near:55.33
0011a858	func_0011a858	168	vu0	lift	near	47.84	ghidra:near:0.0;m2c:near:0.0
0011a900	func_0011a900	20	straight	ghidra	near	21.67	lift:near:0.0;m2c:near:0.0
0011a918	func_0011a918	28	branchy	lift	near	97.00	m2c:near:49.91;ghidra:near:43.85;e3:near:37.78
0011a938	func_0011a938	728	vu0	ghidra	near	25.86	m2c:near:0.0
0011ac10	func_0011ac10	1064	loop	m2c	near	38.79	ghidra:near:0.0
0011b038	func_0011b038	108	float	m2c	near	68.04	ghidra:near:57.33;lift:near:52.91
0011b0a8	_ZN2kn13ChickenLittle11start_limitEv	424	float	lift	near	89.85	ghidra:near:58.33;m2c:near:19.02
0011b250	_ZN2kn13ChickenLittle9end_limitEv	396	float	ghidra	near	74.18	m2c:near:66.04;lift:compile:0.0
0011b408	func_0011b408	332	vu0	lift	near	44.11	ghidra:near:10.53;m2c:compile:0.0
0011b558	func_0011b558	332	vu0	lift	near	44.11	ghidra:near:10.53;m2c:compile:0.0
0011b6a8	_Z13func_0011b6a8Pv	48	straight	e3	near	38.57	m2c:near:30.75;ghidra:near:10.17;lift:near:7.0
0011b8d0	func_0011b8d0	504	vu0	lift	near	83.27	ghidra:near:16.64;m2c:compile:0.0
0011bac8	func_0011bac8	680	vu0	ghidra	near	16.18	m2c:near:3.13
0011bd70	func_0011bd70	76	float	ghidra	near	93.37	lift:near:83.15;m2c:near:0.0
0011be50	func_0011be50	336	vu0	lift	near	64.01	ghidra:near:39.63;m2c:near:20.46
0011bfa0	func_0011bfa0	172	float	ghidra	near	39.88	lift:near:4.6;m2c:near:0.0
0011c050	func_0011c050	152	float	lift	near	80.00	m2c:near:78.05;ghidra:near:0.0
0011c138	func_0011c138	16	straight	m2c	near	35.00	ghidra:near:24.44;e3:near:20.0;lift:compile:0.0
0011c148	func_0011c148	200	float	ghidra	near	18.62	lift:near:11.56;m2c:near:3.22;e3:near:0.0
0011c328	func_0011c328	136	loop	permute	exact	100.00	lift:near:99.76;m2c:near:91.18;ghidra:near:75.36
0011c3b0	func_0011c3b0	136	loop	permute	exact	100.00	lift:near:99.76;m2c:near:91.18;ghidra:near:75.36;e3:near:2.03
0011c4b0	func_0011c4b0	56	straight	lift	near	98.57	m2c:near:98.57;ghidra:near:86.56;e3:near:40.84
0011c4e8	func_0011c4e8	448	vu0	m2c	near	56.29	ghidra:near:10.83;lift:compile:0.0
0011c6a8	func_0011c6a8	240	float	m2c	near	68.07	ghidra:near:18.78;lift:compile:0.0
0011c798	func_0011c798	48	straight	typed	exact	100.00	lift:exact:100.0;ghidra:near:97.08;m2c:near:97.08;e3:near:91.85
0011c7c8	func_0011c7c8	48	straight	typed	exact	100.00	lift:exact:100.0;ghidra:near:97.08;m2c:near:97.08;e3:near:91.85
0011c7f8	func_0011c7f8	48	straight	typed	exact	100.00	lift:exact:100.0;ghidra:near:97.08;m2c:near:97.08;e3:near:91.85
0011c828	_Z16wtarget_0011c828jjjj	104	branchy	lift	exact	100.00	m2c:near:50.0;ghidra:near:48.15
0011c8f8	func_0011c8f8	292	loop	ghidra	near	79.89	lift:near:77.79;m2c:near:61.55
0011ca20	func_0011ca20	860	vu0	lift	near	63.78	m2c:near:2.16;ghidra:near:0.0
0011cd80	func_0011cd80	108	straight	ghidra	exact	100.00	lift:near:98.89;m2c:near:71.15
0011cdf0	func_0011cdf0	1500	vu0	lift	near	62.38	ghidra:near:12.44;m2c:near:9.48
0011d468	func_0011d468	152	float	lift	near	79.76	m2c:near:22.5;ghidra:near:1.68
0011d5e0	func_0011d5e0	224	vu0	ghidra	near	5.22	m2c:near:0.0;lift:compile:0.0
0011d740	func_0011d740	1476	vu0	ghidra	near	35.00	m2c:near:16.22;lift:compile:0.0
0011dd08	func_0011dd08	380	float	lift	near	64.81	m2c:near:35.2;ghidra:near:33.39
0011de88	func_0011de88	980	vu0	lift	near	71.45	ghidra:near:0.0;m2c:near:0.0
0011e260	func_0011e260	240	loop	lift	near	85.64	ghidra:near:60.11;m2c:near:0.0
0011e350	_Z16ctarget_0011e350jjjj	116	loop	lift	near	94.67	ghidra:near:90.65;m2c:compile:0.0
0011e410	func_0011e410	64	straight	typed	exact	100.00	lift:exact:100.0;m2c:near:97.69;ghidra:near:77.5
0011e450	func_0011e450	428	loop	ghidra	near	90.61	lift:near:81.03;m2c:compile:0.0
0011e600	func_0011e600	480	loop	m2c	near	97.24	lift:near:92.25;ghidra:near:88.08
0011e7e0	func_0011e7e0	160	loop	ghidra	near	86.31	m2c:near:40.05
0011e880	func_0011e880	152	loop	ghidra	near	93.75	lift:near:76.45;m2c:near:44.21
0011e9a8	_Z16wtarget_0011e9a8jjjj	152	float	ghidra	near	83.66	lift:near:70.16;m2c:near:67.13
0011ecc8	func_0011ecc8	128	loop	lift	near	82.85	ghidra:near:61.15;m2c:near:58.69
0011ed90	func_0011ed90	136	loop	ghidra	near	85.29	m2c:near:71.54;lift:near:60.94
0011eea8	func_0011eea8	76	loop	ghidra	near	76.05	m2c:near:74.68;lift:near:71.5
0011eef8	func_0011eef8	36	straight	ghidra	near	75.78	m2c:near:75.78;lift:near:55.56
0011efe8	func_0011efe8	140	loop	ghidra	near	73.11	lift:near:70.5;e3:near:68.54;m2c:near:59.8
0011f078	func_0011f078	124	loop	lift	near	96.41	ghidra:near:34.53;m2c:near:5.89
0011f120	func_0011f120	136	loop	lift	near	69.70	ghidra:near:64.68;m2c:near:64.5
0011f1a8	func_0011f1a8	136	loop	lift	near	75.24	ghidra:near:70.56;m2c:near:60.76
0011f238	func_0011f238	56	straight	ghidra	near	95.71	m2c:near:85.36;lift:near:84.64
0011f270	func_0011f270	128	loop	m2c	near	74.03	lift:near:68.75;ghidra:near:0.0
0011f2f0	func_0011f2f0	200	branchy	m2c	near	83.86	lift:near:64.1;ghidra:near:52.26
0011f3b8	_ZN2kn12modelDestroyEPv	36	straight	lift	exact	100.00	ghidra:near:97.78;e3:near:88.0;m2c:compile:0.0
0011f3e0	func_0011f3e0	60	loop	lift	near	93.75	m2c:near:77.5;ghidra:near:16.0
0011f4b8	func_0011f4b8	152	loop	lift	near	90.77	m2c:near:49.32;ghidra:near:41.62
0011f5a0	_ZN2kn7ModelBGD0Ev	52	straight	lift	exact	100.00	e3:exact:100.0;m2c:exact:100.0;ghidra:near:55.33
0011f6e8	_ZN2kn7ModelBG14setDisplayFlagEPcPs	188	loop	ghidra	near	48.68	lift:near:44.84;m2c:compile:0.0
0011f7a8	func_0011f7a8	3448	float	ghidra	near	34.46	lift:compile:0.0;m2c:compile:0.0
00120648	func_00120648	148	loop	m2c	near	94.49	lift:near:93.33;ghidra:near:91.42;e3:near:0.0
001206e0	func_001206e0	148	loop	m2c	near	94.49	lift:near:93.33;ghidra:near:91.42;e3:near:0.0
001207c8	func_001207c8	52	straight	lift	exact	100.00	m2c:exact:100.0;ghidra:near:55.33
001208f8	func_001208f8	296	loop	m2c	near	94.86	ghidra:near:70.99;lift:near:67.93
00120a20	func_00120a20	716	loop	ghidra	near	69.72	m2c:near:13.41
00120cf0	func_00120cf0	156	straight	lift	exact	100.00	m2c:near:75.82;ghidra:near:74.83
00121218	func_00121218	356	loop	e3	near	52.02	m2c:near:11.32;lift:near:3.77;ghidra:near:0.0
001213c0	func_001213c0	256	loop	lift	near	96.06	m2c:near:92.39;ghidra:near:72.9;e3:near:0.0
001214c0	func_001214c0	248	loop	lift	near	95.94	m2c:near:92.15;ghidra:near:72.42;e3:near:0.0
001215b8	func_001215b8	240	loop	lift	near	95.81	m2c:near:92.08;ghidra:near:72.95
001216a8	func_001216a8	248	loop	lift	near	95.94	m2c:near:92.15;ghidra:near:72.42
001217a0	func_001217a0	536	loop	lift	near	79.56	ghidra:near:53.49;m2c:compile:0.0
001219b8	func_001219b8	780	branchy	ghidra	near	78.81	lift:near:69.18;m2c:near:61.15
00121cc8	func_00121cc8	5232	float	ghidra	near	19.66	m2c:compile:0.0
001231f8	func_001231f8	48	straight	lift	near	45.00	ghidra:near:44.17;m2c:near:44.17
00123228	func_00123228	1060	float	ghidra	near	44.34	e3:near:0.0;lift:compile:0.0;m2c:compile:0.0
001239d8	func_001239d8	232	loop	ghidra	near	90.52	m2c:near:81.71;lift:near:68.43
00123ac0	func_00123ac0	232	loop	ghidra	near	90.52	m2c:near:81.71;lift:near:68.43
00123ba8	func_00123ba8	116	loop	m2c	near	91.00	lift:near:70.14;ghidra:near:54.72
00123c20	_ZN2kn10ModelMultiD1Ev	116	loop	m2c	near	91.00	lift:near:70.14;ghidra:near:54.72
00123c98	_ZN2kn10ModelMultiD0Ev	120	loop	m2c	near	99.97	e3:near:89.57;ghidra:near:67.81;lift:near:66.74
00123d10	_ZN2kn10ModelMulti23getDistanceFromSkeletonEv	44	straight	ghidra	near	85.00	m2c:near:84.58;lift:near:67.83;e3:near:36.65
00123d40	_ZN2kn10ModelMulti14getBoundingBoxERNS_7FVectorES2_	76	straight	ghidra	near	97.37	m2c:near:96.58;lift:near:54.63
00123d90	_ZNK2kn10ModelMulti17partName2matrixNoENS_9PART_NAMEE	60	straight	ghidra	exact	100.00	m2c:near:99.33;lift:near:55.6;e3:near:44.71
00123dd0	_ZNK2kn10ModelMulti9getHrcNumEv	48	straight	ghidra	exact	100.00	m2c:near:99.58;lift:near:95.0;e3:near:46.17
00123e00	_ZNK2kn10ModelMulti6getHrcEv	48	straight	ghidra	exact	100.00	m2c:near:99.58;lift:near:95.0;e3:near:46.17
00123e30	func_00123e30	640	loop	ghidra	near	0.00	m2c:compile:0.0
00124100	_ZN2kn10ModelMulti4calcEPNS_8ModelObjE	60	straight	ghidra	near	97.33	m2c:near:96.67;lift:near:53.6;e3:near:44.29
001241b8	_ZN2kn10ModelMulti14setDisplayFlagEPcPs	188	loop	lift	near	87.73	m2c:near:87.18;ghidra:near:77.21;e3:near:58.18
00124278	_ZN2kn10ModelMulti8showPartEPci	188	loop	lift	near	87.73	m2c:near:87.18;ghidra:near:77.21;e3:near:58.18
00124338	_ZN2kn10ModelMulti8hidePartEPci	188	loop	lift	near	87.73	m2c:near:87.18;ghidra:near:77.21;e3:near:58.18
001243f8	_ZN2kn10ModelMulti10setStealthEPci	188	loop	lift	near	87.73	m2c:near:87.18;ghidra:near:77.21;e3:near:58.18
001244b8	_ZN2kn10ModelMulti12resetStealthEPci	188	loop	lift	near	87.73	m2c:near:87.18;ghidra:near:77.21;e3:near:58.18
00124578	_ZN2kn10ModelMulti4drawEPNS_16ProjectionCameraEPPN3Axa11DMA_SET_TAGEPNS_9DrawParamEPcPNS_13AnimationWorkEbPNS_7FMatrixE	156	straight	ghidra	exact	100.00	lift:near:77.49;m2c:near:15.92;e3:near:0.0
00124618	_ZN2kn10ModelMulti14drawSilhouetteEPNS_16ProjectionCameraEPPN3Axa11DMA_SET_TAGEPNS_9DrawParamEPcPNS_13AnimationWorkEbPNS_7FMatrixE	156	straight	ghidra	exact	100.00	lift:near:77.49;m2c:near:15.92;e3:near:0.0
001246b8	_ZN2kn10ModelMulti12drawOnShadowEPNS_16ProjectionCameraEPPN3Axa11DMA_SET_TAGEPNS_9DrawParamEPcbPNS_7FMatrixE	140	straight	ghidra	exact	100.00	lift:near:75.31;m2c:near:29.17;e3:near:0.0
00124748	func_00124748	64	loop	m2c	near	95.88	lift:near:60.26;ghidra:near:35.25
00124788	func_00124788	136	loop	ghidra	near	86.29	lift:near:54.77;m2c:compile:0.0
00124848	func_00124848	504	vu0	lift	near	54.80	m2c:near:8.18;ghidra:near:0.0
00124a40	func_00124a40	208	loop	lift	near	82.21	m2c:near:61.35;ghidra:near:0.0
00124b10	func_00124b10	168	vu0	lift	near	65.40	ghidra:near:0.0;m2c:near:0.0
00124c48	func_00124c48	92	loop	lift	near	91.42	m2c:near:83.08;ghidra:near:54.54
00124ca8	func_00124ca8	1816	vu0	ghidra	near	0.00	m2c:near:0.0
001253c0	func_001253c0	764	vu0	m2c	near	5.93	ghidra:near:5.59;lift:compile:0.0
001256c0	func_001256c0	416	vu0	lift	near	75.72	ghidra:near:0.0;m2c:near:0.0
00125860	func_00125860	1816	vu0	lift	near	35.84	ghidra:near:0.0;m2c:near:0.0
00125f78	func_00125f78	6928	vu0	ghidra	near	0.00	m2c:compile:0.0
00127a88	_Z13func_00127a88Pv	488	float	ghidra	near	41.67	e3:near:32.83;m2c:compile:0.0
00127d40	_Z16wtarget_00127d40jjjj	96	branchy	m2c	near	68.75	ghidra:near:61.6;lift:near:58.54
00127da0	func_00127da0	36	straight	lift	exact	100.00	ghidra:near:97.78;m2c:compile:0.0
00127de8	func_00127de8	152	float	lift	near	80.00	m2c:near:78.05;ghidra:near:0.0
00127f40	func_00127f40	120	straight	lift	near	57.90	ghidra:near:49.93;m2c:near:48.4
00128008	func_00128008	52	straight	lift	exact	100.00	e3:exact:100.0;m2c:exact:100.0;ghidra:near:55.33
00128040	func_00128040	1088	vu0	lift	near	55.55	ghidra:near:22.82;m2c:near:0.0
00128480	func_00128480	376	float	lift	near	91.49	ghidra:near:50.38;m2c:compile:0.0
001285f8	func_001285f8	216	float	lift	near	89.41	ghidra:near:78.06;m2c:near:57.74
001286d0	func_001286d0	128	float	lift	exact	100.00	ghidra:near:21.8;m2c:near:0.0
00128750	func_00128750	996	float	m2c	near	57.04	ghidra:near:10.42
00128b38	func_00128b38	520	float	lift	near	80.39	ghidra:near:60.26;m2c:compile:0.0
00128d40	func_00128d40	344	vu0	lift	near	72.03	ghidra:near:0.0;m2c:near:0.0
00128e98	func_00128e98	364	vu0	lift	near	64.93	ghidra:near:0.0;m2c:compile:0.0
00129060	func_00129060	2300	vu0	ghidra	near	31.54	m2c:compile:0.0
00129960	func_00129960	724	vu0	lift	near	49.52	ghidra:near:0.0;m2c:near:0.0
00129c38	func_00129c38	15088	vu0	stub	near	0.00	m2c:compile:0.0
0012d728	func_0012d728	13552	vu0	ghidra	near	0.00	m2c:compile:0.0
00130c18	func_00130c18	256	float	m2c	near	66.30	ghidra:near:43.71
00130d28	func_00130d28	376	vu0	ghidra	near	31.67	lift:compile:0.0;m2c:compile:0.0
00131450	func_00131450	568	vu0	lift	near	74.44	ghidra:near:35.27;m2c:compile:0.0
00131770	func_00131770	52	straight	lift	exact	100.00	e3:exact:100.0;m2c:exact:100.0;ghidra:near:55.33
001317a8	func_001317a8	88	float	lift	near	54.47	ghidra:near:44.75;m2c:near:5.59
00131810	func_00131810	200	float	lift	near	64.42	ghidra:near:29.14;m2c:near:24.25;e3:near:0.0
00131918	func_00131918	132	branchy	lift	near	70.45	m2c:near:63.46;ghidra:near:40.9;e3:near:0.0
001319d8	func_001319d8	976	vu0	lift	near	14.23	ghidra:near:11.25;m2c:near:0.0
00131da8	func_00131da8	212	float	m2c	near	86.64	lift:near:78.02;ghidra:near:10.52
00131e80	func_00131e80	188	loop	m2c	near	87.32	lift:near:79.84;ghidra:near:0.0
00131f48	func_00131f48	204	loop	m2c	near	99.20	lift:near:73.26;ghidra:near:0.0
00132018	func_00132018	80	loop	lift	near	83.04	ghidra:near:17.62
00132068	func_00132068	60	branchy	ghidra	near	29.00	lift:near:21.0;m2c:compile:0.0
00132130	func_00132130	60	straight	m2c	near	86.67	ghidra:near:86.33;lift:near:69.76
00132180	func_00132180	136	loop	ghidra	near	95.94	lift:near:75.09;m2c:near:26.91
00132270	func_00132270	60	float	m2c	near	56.19	lift:near:55.31;ghidra:near:44.4;e3:near:0.0
00132390	func_00132390	156	loop	lift	near	95.38	ghidra:near:42.74;m2c:compile:0.0
00132430	func_00132430	132	loop	permute	exact	100.00	lift:near:99.88;m2c:near:86.76;ghidra:near:86.73;e3:near:0.0
001324b8	func_001324b8	132	loop	permute	exact	100.00	lift:near:99.88;m2c:near:86.76;ghidra:near:86.73;e3:near:0.0
00132590	func_00132590	52	straight	lift	exact	100.00	m2c:exact:100.0;ghidra:near:55.33;e3:near:22.31
001325c8	func_001325c8	176	branchy	lift	near	51.91	m2c:near:49.5;ghidra:near:41.98
00132720	func_00132720	144	float	lift	near	81.29	m2c:near:61.98;ghidra:near:23.47
00132850	func_00132850	524	float	ghidra	near	21.24	e3:near:0.0;m2c:near:0.0
00132ab0	func_00132ab0	440	loop	lift	near	75.98	m2c:near:53.07;ghidra:near:19.13
00132d90	func_00132d90	136	branchy	m2c	near	82.54	ghidra:near:70.73
00132e28	func_00132e28	152	branchy	lift	near	76.05	m2c:near:66.58;ghidra:near:58.69
00132ec0	func_00132ec0	116	branchy	lift	exact	100.00	m2c:near:97.93;ghidra:near:59.21
00132f38	func_00132f38	96	branchy	lift	exact	100.00	m2c:near:97.5;ghidra:near:73.21
00132f98	func_00132f98	220	loop	lift	near	88.38	m2c:near:85.74;ghidra:near:82.71
00133078	func_00133078	224	loop	ghidra	near	91.59	m2c:near:90.52;lift:near:68.54
00133228	func_00133228	52	straight	lift	exact	100.00	m2c:exact:100.0;ghidra:near:55.33
001332e8	func_001332e8	172	float	lift	near	79.60	ghidra:near:28.51;e3:near:0.0;m2c:compile:0.0
001333f8	func_001333f8	172	float	lift	near	46.41	m2c:near:40.59;ghidra:near:31.28
001334a8	func_001334a8	172	float	lift	near	46.41	m2c:near:40.59;ghidra:near:31.28
001337f0	_Z16wtarget_001337f0jjjj	88	straight	lift	near	81.36	ghidra:near:81.36;m2c:near:19.0
00133938	_Z16wtarget_00133938jjjj	68	straight	lift	near	61.18	ghidra:near:52.94;m2c:near:13.15
00133980	_Z16wtarget_00133980jjjj	80	straight	lift	near	79.50	ghidra:near:79.5;m2c:near:28.09
001339d0	_Z16wtarget_001339d0jjjj	72	straight	lift	near	76.94	ghidra:near:48.0;m2c:near:37.65
00133a18	_Z16wtarget_00133a18jjjj	172	mmi	ghidra	near	15.77	m2c:near:0.0
00133ae8	_Z16wtarget_00133ae8jjjj	140	branchy	lift	near	54.21	m2c:near:54.14;ghidra:near:25.77
00133d38	func_00133d38	172	straight	m2c	near	89.02	ghidra:near:33.4
00133f80	func_00133f80	156	straight	m2c	near	57.36	ghidra:near:48.08
00134030	func_00134030	180	loop	ghidra	near	31.44	m2c:near:17.44
001340e8	_Z13func_001340e8Pv	100	loop	lift	near	84.00	ghidra:near:63.36;m2c:near:47.46;e3:near:0.0
00134278	func_00134278	48	straight	lift	near	78.33	ghidra:near:78.33;m2c:near:78.33
001344b8	func_001344b8	60	straight	lift	exact	100.00	m2c:exact:100.0;ghidra:near:96.0
00134508	_Z13func_00134508ii	116	branchy	lift	exact	100.00	m2c:exact:100.0;ghidra:near:0.0
00134668	func_00134668	168	vu0	lift	near	51.88	ghidra:near:6.29;m2c:compile:0.0
00134730	func_00134730	632	vu0	ghidra	near	0.00	m2c:compile:0.0
001349a8	func_001349a8	600	vu0	stub	near	0.00	m2c:compile:0.0
00134c00	func_00134c00	208	branchy	m2c	near	47.46	ghidra:near:13.34;lift:compile:0.0
00134d10	func_00134d10	60	float	lift	near	87.81	ghidra:near:31.53;m2c:near:31.41
00134d60	func_00134d60	24	branchy	lift	near	98.33	m2c:near:98.33;ghidra:near:28.0
00134d78	func_00134d78	24	branchy	lift	near	98.33	m2c:near:98.33;ghidra:near:28.0
00134db0	func_00134db0	28	branchy	lift	near	97.00	m2c:near:81.43;ghidra:near:43.85
00134dd0	func_00134dd0	40	straight	lift	exact	100.00	ghidra:exact:100.0;corpus:near:96.5;m2c:near:78.5
00134df8	func_00134df8	2120	vu0	ghidra	near	0.00	m2c:near:0.0
00135670	func_00135670	32	branchy	lift	near	71.75	m2c:near:71.75;ghidra:near:29.47
00135690	_Z13func_00135690ii	188	float	lift	near	86.86	ghidra:near:82.72;m2c:near:80.76
001358c0	func_001358c0	64	straight	typed	exact	100.00	lift:exact:100.0;ghidra:exact:100.0;m2c:near:91.88
00135900	func_00135900	64	straight	typed	exact	100.00	lift:exact:100.0;ghidra:exact:100.0;m2c:near:91.88
00135ad0	func_00135ad0	252	loop	ghidra	near	87.36	lift:near:84.3;m2c:near:80.43
00135bd0	func_00135bd0	128	branchy	lift	near	84.52	m2c:near:73.51;ghidra:near:73.43
00135c50	func_00135c50	44	straight	ghidra	exact	100.00	lift:near:81.82;corpus:near:81.82;m2c:near:80.91
00135c88	func_00135c88	60	loop	lift	near	80.94	m2c:near:73.33;e3:near:40.17;ghidra:near:37.39
00135cc8	func_00135cc8	52	loop	lift	near	86.67	ghidra:near:76.25;m2c:near:64.62
00135d00	func_00135d00	116	loop	m2c	near	96.17	ghidra:near:87.88;lift:near:79.83
00135dc8	func_00135dc8	68	straight	lift	exact	100.00	twins:exact:100.0;m2c:near:86.94;ghidra:near:74.95
00135ff0	func_00135ff0	44	loop	lift	exact	100.00	ghidra:exact:100.0;m2c:exact:100.0
00136020	func_00136020	312	loop	ghidra	near	86.74	lift:near:79.66;m2c:near:78.86
00136158	func_00136158	164	branchy	lift	exact	100.00	m2c:near:94.53;ghidra:near:66.83
00136200	func_00136200	148	loop	lift	near	88.08	ghidra:near:72.41;m2c:near:35.3
001362a0	func_001362a0	136	loop	ghidra	near	92.24	lift:near:87.25;m2c:near:79.81
001363a0	func_001363a0	276	branchy	ghidra	near	85.62	lift:near:84.65;m2c:near:73.67
00136560	func_00136560	340	branchy	lift	exact	100.00	ghidra:near:94.39;m2c:near:77.43;e3:near:0.0
001366b8	func_001366b8	188	branchy	lift	near	76.98	ghidra:near:71.67;m2c:near:58.73
00136790	_ZN2dk4BGSE5allocEPcRj	52	straight	lift	exact	100.00	ghidra:exact:100.0;m2c:near:99.62
001367e0	func_001367e0	96	loop	lift	exact	100.00	ghidra:near:91.67;m2c:near:55.83
00136878	func_00136878	224	branchy	ghidra	near	53.70	e3:near:50.94;m2c:near:26.89
00136a18	func_00136a18	56	branchy	lift	near	38.57	ghidra:near:38.57;m2c:near:24.21
00136a98	func_00136a98	28	straight	lift	exact	100.00	ghidra:near:82.86;m2c:near:48.2
00136ab8	func_00136ab8	68	straight	lift	near	42.00	ghidra:near:26.52;m2c:compile:0.0
00136ba8	func_00136ba8	284	loop	lift	near	92.96	ghidra:near:80.5;m2c:near:69.79
00136d40	func_00136d40	612	branchy	lift	near	88.52	ghidra:near:41.45;m2c:compile:0.0
00136fa8	func_00136fa8	40	straight	lift	exact	100.00	e3:exact:100.0;m2c:exact:100.0;ghidra:near:92.9
00136fd0	func_00136fd0	132	loop	lift	near	83.50	ghidra:near:69.06;m2c:near:27.79
00137058	func_00137058	292	loop	lift	near	84.19	m2c:near:48.45;ghidra:near:39.12
00137180	func_00137180	208	loop	lift	near	78.42	m2c:near:72.02;ghidra:near:59.81
001373a0	func_001373a0	56	straight	lift	exact	100.00	e3:near:99.86;ghidra:near:82.86;m2c:near:30.12
00137458	_Z16wtarget_00137458jjjj	76	loop	lift	near	1.53	ghidra:near:1.53;m2c:near:1.53
001374c8	func_001374c8	152	float	lift	exact	100.00	ghidra:near:70.22;m2c:near:37.53
00137560	_ZN2dk18TREASURE_INFO_BASE6updateEv	140	float	typed	exact	100.00	lift:exact:100.0;m2c:near:76.28;ghidra:near:31.94;e3:near:1.53
001375f0	func_001375f0	64	float	lift	exact	100.00	m2c:near:61.5;ghidra:near:50.17
00137630	_ZN2dk17TREASURE_BOX_INFO7destroyEv	132	branchy	lift	exact	100.00	m2c:near:99.85;e3:near:99.64;ghidra:near:93.86
001376b8	_ZN2dk17TREASURE_BOX_INFO6updateEv	392	float	lift	near	92.45	ghidra:near:40.91;m2c:near:0.0
00137890	func_00137890	160	straight	lift	near	99.25	ghidra:near:87.85;m2c:near:66.88
00137930	func_00137930	172	branchy	lift	exact	100.00	ghidra:near:94.56;m2c:near:78.65
001379e0	_ZN2dk19TREASURE_EVENT_INFO6updateEv	424	float	lift	near	91.07	ghidra:near:73.41;m2c:near:0.0
00137c50	func_00137c50	56	straight	lift	exact	100.00	ghidra:near:98.86;m2c:near:72.27
00137c88	func_00137c88	816	float	ghidra	near	75.75	m2c:near:68.65;lift:near:64.0
00137fb8	_Z16u_call0_00137fb8v	300	loop	lift	near	96.48	ghidra:near:84.93;m2c:compile:0.0
00138140	_ZN2dk13TREASURE_INFO3offEv	76	straight	ghidra	near	95.79	m2c:near:83.89;lift:near:82.17;e3:near:51.97
00138190	func_00138190	124	branchy	ghidra	near	60.06	lift:near:41.14;m2c:near:30.24
00138210	func_00138210	164	branchy	ghidra	near	92.02	lift:near:60.51;m2c:near:35.9
001382e0	_ZN2dk13TREASURE_INFO15createEventInfoEv	352	straight	lift	near	87.98	ghidra:near:85.12;m2c:compile:0.0
001384d0	func_001384d0	240	loop	ghidra	near	76.72	m2c:compile:0.0
001385c0	_ZN2dk5Pause4initEv	52	straight	lift	exact	100.00	e3:exact:100.0;ghidra:near:93.62;m2c:near:88.5
00138650	_ZN2dk11SpriteImage6createEiPvi	72	straight	lift	exact	100.00	e3:exact:100.0;m2c:near:97.67;ghidra:near:86.4
00138698	_ZN2dk11SpriteImage6changeEPv	44	straight	lift	exact	100.00	e3:exact:100.0;ghidra:exact:100.0;m2c:exact:100.0
001386e0	_ZN2dk6Sprite6createEiPvPN2YI5IMAGEEiii	100	straight	ghidra	exact	100.00	lift:near:97.36;m2c:near:61.24
00138748	func_00138748	176	float	typed	exact	100.00	lift:exact:100.0;ghidra:near:75.66;m2c:near:75.0
001387f8	func_001387f8	72	straight	typed	exact	100.00	lift:exact:100.0;m2c:near:99.72;ghidra:near:79.36
00138840	_ZN2dk6Sprite6updateEv	324	float	ghidra	near	41.59	lift:near:28.81;m2c:near:24.04
00138988	_ZN2dk6Sprite4drawEv	644	float	m2c	near	57.86	ghidra:near:45.36;lift:near:9.34
00138de0	_ZN2dk13SpriteMessage11drawMessageEv	708	float	ghidra	near	62.98	lift:near:20.95;m2c:near:0.0
001390c0	_ZN2dk13SpriteMessage4drawEv	40	straight	lift	exact	100.00	e3:exact:100.0;twins:exact:100.0;corpus:exact:100.0;ghidra:exact:100.0;m2c:exact:100.0
001391a8	func_001391a8	28	branchy	lift	near	97.00	m2c:near:49.91;ghidra:near:43.85
001393f8	_Z13func_001393f8i	196	loop	lift	near	82.79	ghidra:near:80.12;e3:near:60.35;m2c:compile:0.0
001394d8	func_001394d8	56	straight	lift	exact	100.00	ghidra:exact:100.0;m2c:near:79.93
001397d8	_Z13func_001397d8i	124	loop	lift	near	97.58	ghidra:near:49.74;e3:near:45.9;m2c:near:38.84
00139858	_ZN2dk5Obj2D9showGroupEi	116	loop	lift	near	97.41	ghidra:near:47.14;m2c:near:35.31;e3:near:0.0
001398d0	_Z13func_001398d0i	116	loop	lift	near	97.41	ghidra:near:47.14;m2c:near:35.31;e3:near:0.0
00139948	func_00139948	116	loop	lift	near	97.41	ghidra:near:47.14;m2c:near:35.31;e3:near:0.0
001399c0	func_001399c0	116	loop	lift	near	97.41	ghidra:near:47.14;m2c:near:35.31;e3:near:0.0
00139a38	func_00139a38	116	loop	lift	near	97.41	ghidra:near:47.14;m2c:near:35.31;e3:near:0.0
00139ab0	func_00139ab0	116	loop	lift	near	97.41	ghidra:near:47.14;m2c:near:35.31;e3:near:0.0
00139b28	func_00139b28	116	loop	lift	near	97.41	ghidra:near:47.14;m2c:near:35.31;e3:near:0.0
00139ba0	func_00139ba0	116	loop	lift	near	97.41	ghidra:near:47.14;m2c:near:35.31;e3:near:0.0
00139c18	_ZN2dk5Obj2D17checkDoubleCreateEPS0_	116	branchy	lift	near	89.76	m2c:near:87.77;ghidra:near:48.77
00139c90	func_00139c90	228	vu0	lift	near	65.21	ghidra:near:0.0;m2c:near:0.0
00139d78	_Z16u_call4_00139d78jjjj	72	loop	lift	near	81.06	ghidra:near:58.28;e3:near:19.0;m2c:compile:0.0
00139e00	func_00139e00	312	branchy	lift	near	94.85	m2c:near:80.96;ghidra:near:68.25
00139f38	func_00139f38	576	branchy	permute	exact	100.00	lift:near:99.28;ghidra:near:72.94;m2c:near:54.46
0013a178	func_0013a178	96	vu0	lift	near	64.29	ghidra:near:0.0;m2c:near:0.0
0013a200	func_0013a200	24	straight	lift	exact	100.00	ghidra:exact:100.0;corpus:near:96.17;m2c:near:70.25
0013a240	_Z13func_0013a240ii	232	loop	m2c	near	94.60	ghidra:near:85.29;lift:near:82.56
0013a368	func_0013a368	248	loop	lift	near	92.15	m2c:near:71.72;ghidra:near:62.11
0013a4c8	_ZN2dk8Field2DD11readCommandEv	308	branchy	lift	near	72.45	ghidra:near:66.36;m2c:near:47.57
0013a600	_ZN2dk8Field2DD4readEv	140	branchy	lift	exact	100.00	m2c:near:85.13;ghidra:near:46.14
0013a6f8	func_0013a6f8	216	loop	lift	near	90.98	m2c:near:67.75;ghidra:near:63.12
0013a820	_Z16wtarget_0013a820jjjj	116	loop	lift	near	70.27	m2c:near:68.76;ghidra:near:55.7
0013a958	func_0013a958	116	branchy	m2c	near	75.03	ghidra:near:47.0;lift:near:33.41
0013aa78	func_0013aa78	168	straight	lift	exact	100.00	ghidra:near:78.06;m2c:near:48.95
0013aba8	_ZN2dk11COMMAND_ONE4drawEv	184	branchy	lift	near	81.56	ghidra:near:63.88;m2c:near:58.62
0013aca0	func_0013aca0	124	straight	ghidra	near	99.19	lift:near:97.58;m2c:near:55.06
0013ad20	_ZN2dk11COMMAND_ONE4initEv	440	loop	permute	exact	100.00	lift:near:98.67;ghidra:near:85.63;m2c:compile:0.0
0013aed8	func_0013aed8	200	loop	ghidra	near	73.11	lift:near:71.44;m2c:compile:0.0
0013afe8	func_0013afe8	156	float	lift	near	79.35	ghidra:near:72.54;m2c:near:43.88
0013b088	func_0013b088	156	float	lift	near	79.35	ghidra:near:72.54;m2c:near:43.88
0013b1a0	func_0013b1a0	48	straight	lift	exact	100.00	ghidra:exact:100.0;m2c:near:65.75
0013b1d0	func_0013b1d0	132	float	lift	exact	100.00	m2c:near:87.76;ghidra:near:84.12
0013b260	func_0013b260	56	straight	lift	exact	100.00	corpus:exact:100.0;ghidra:exact:100.0;m2c:exact:100.0
0013b4b0	_ZN2dk12COMMAND_DRAW2onEv	84	branchy	lift	exact	100.00	e3:near:97.14;ghidra:near:97.14;m2c:near:92.64
0013b5d0	func_0013b5d0	564	float	m2c	near	54.67	ghidra:near:46.73
0013b9e0	func_0013b9e0	108	branchy	ghidra	near	82.22	m2c:near:82.22;lift:near:50.0
0013ba60	func_0013ba60	244	branchy	lift	near	94.11	m2c:near:60.12;ghidra:near:9.05
0013bb58	func_0013bb58	228	float	lift	near	71.54	ghidra:near:42.12;m2c:near:0.0
0013bc50	func_0013bc50	1068	float	lift	near	72.47	m2c:near:62.02;e3:near:0.0;ghidra:near:0.0
0013c080	func_0013c080	268	branchy	typed	exact	100.00	lift:exact:100.0;ghidra:near:93.3;m2c:compile:0.0
0013c190	func_0013c190	548	float	lift	near	83.39	ghidra:near:64.88;m2c:near:27.18
0013c3b8	func_0013c3b8	716	float	lift	near	50.21	ghidra:near:25.7;m2c:near:0.0
0013c738	func_0013c738	152	branchy	ghidra	near	76.00	m2c:near:75.9;lift:near:73.07;e3:near:68.47
0013c7d0	func_0013c7d0	80	branchy	ghidra	near	92.38	e3:near:88.5;lift:near:72.0;m2c:near:72.0
0013c820	func_0013c820	84	float	ghidra	near	55.00	lift:near:45.95;m2c:near:10.0
0013c938	func_0013c938	464	loop	lift	near	91.35	ghidra:near:51.64;m2c:compile:0.0
0013cbb8	func_0013cbb8	524	float	ghidra	near	48.07	lift:near:47.86;m2c:near:33.4
0013ce08	func_0013ce08	964	float	lift	near	58.36	ghidra:near:51.09;m2c:near:0.0
0013d1d0	func_0013d1d0	56	branchy	lift	near	85.71	ghidra:near:85.71;m2c:near:85.71
0013d208	func_0013d208	196	float	lift	near	98.76	ghidra:near:56.11;m2c:near:41.78
0013d2d0	func_0013d2d0	188	float	lift	exact	100.00	ghidra:near:58.19;m2c:near:42.96
0013d3f8	func_0013d3f8	160	float	typed	exact	100.00	lift:exact:100.0;m2c:near:52.52;ghidra:near:49.91
0013d550	func_0013d550	208	float	lift	near	90.54	m2c:near:79.66;ghidra:near:79.44
0013d620	func_0013d620	144	float	lift	near	74.22	m2c:near:66.81;ghidra:near:65.17
0013d6b0	_ZN2dk12COMMAND_DRAW15setCommandImageEPvS1_	160	float	lift	near	85.95	m2c:near:78.81;ghidra:near:75.0
0013d750	func_0013d750	72	straight	lift	exact	100.00	ghidra:exact:100.0;m2c:near:72.58
0013d798	func_0013d798	40	straight	lift	exact	100.00	e3:exact:100.0;m2c:exact:100.0;ghidra:near:92.8
0013d820	_Z17ttarget0_0013d820v	448	straight	lift	exact	100.00	ghidra:near:75.32;m2c:compile:0.0
0013d9e0	_Z16u_call0_0013d9e0v	208	branchy	lift	exact	100.00	ghidra:near:96.63;m2c:near:89.14;e3:near:88.58
0013e0f8	func_0013e0f8	204	float	ghidra	near	61.74	lift:near:41.43;m2c:near:15.51
0013e2d8	func_0013e2d8	156	straight	lift	exact	100.00	ghidra:near:85.93;m2c:near:21.85
0013e3b0	_ZN2dk6LockOn6setPosERKN2kn7FVectorE	96	branchy	lift	near	46.25	ghidra:near:45.96;m2c:near:34.77
0013e4b8	_ZN2dk6LockOn3endEv	104	branchy	typed	exact	100.00	lift:exact:100.0;e3:near:99.62;m2c:near:95.74;ghidra:near:70.81
0013e5a8	func_0013e5a8	100	branchy	lift	exact	100.00	m2c:near:95.19;ghidra:near:77.16
0013e610	func_0013e610	100	straight	lift	near	70.40	ghidra:near:70.4;m2c:near:64.37;e3:near:25.09
0013e688	_Z16u_call0_0013e688v	380	loop	lift	near	93.04	ghidra:near:86.51;m2c:compile:0.0
0013e940	func_0013e940	272	straight	ghidra	near	70.96	lift:near:68.43;m2c:near:4.56
0013ea50	func_0013ea50	176	float	lift	near	41.65	m2c:near:36.39;ghidra:near:34.64
0013eb00	func_0013eb00	628	float	lift	near	28.71	m2c:near:2.48;ghidra:near:0.0
0013eeb8	func_0013eeb8	180	loop	lift	near	78.73	ghidra:near:51.18;m2c:near:42.2;e3:near:0.0
0013efe8	func_0013efe8	56	straight	lift	exact	100.00	e3:near:99.93;m2c:near:50.81;ghidra:near:50.43
0013f050	func_0013f050	128	branchy	lift	near	88.66	m2c:near:63.47;ghidra:near:0.0
0013f0d0	func_0013f0d0	140	branchy	lift	near	86.86	m2c:near:56.83;ghidra:near:53.92;e3:near:6.29
0013f160	_ZN2dk10JumpEffect8outClearEv	56	straight	lift	exact	100.00	e3:exact:100.0;ghidra:exact:100.0;m2c:exact:100.0
0013f450	_ZN2dk14StopJumpEffect17jumpEffectIn_taskEP4TASK	72	straight	lift	exact	100.00	e3:exact:100.0;ghidra:exact:100.0;m2c:exact:100.0
0013f498	func_0013f498	60	straight	lift	exact	100.00	m2c:exact:100.0;ghidra:near:86.6
0013f4d8	func_0013f4d8	64	straight	lift	exact	100.00	ghidra:near:94.81;m2c:near:87.5
0013f558	func_0013f558	148	vu0	lift	near	89.62	m2c:near:74.92;ghidra:near:64.53
0013f608	func_0013f608	60	float	lift	near	84.00	ghidra:near:66.67;m2c:near:56.95
0013f648	func_0013f648	156	branchy	lift	near	20.23	ghidra:near:15.09;m2c:compile:0.0
0013f6e8	func_0013f6e8	320	vu0	lift	near	56.59	ghidra:near:0.0;m2c:near:0.0
0013f828	func_0013f828	92	float	lift	near	71.43	m2c:near:40.77;ghidra:near:31.5
0013f888	func_0013f888	340	vu0	lift	near	83.76	ghidra:near:31.24;m2c:near:26.73
0013f9e0	_ZN2dk9ObjCamera9collisionERKN2kn7FVectorES4_RS2_bb	712	vu0	ghidra	near	20.44	m2c:near:15.49;lift:compile:0.0
0013fd10	func_0013fd10	100	branchy	lift	near	55.60	e3:near:23.72;ghidra:near:7.96;m2c:near:0.0
0013fdf0	func_0013fdf0	208	float	typed	exact	100.00	lift:exact:100.0;m2c:near:75.24;ghidra:near:42.15;e3:near:11.15
0013fec0	func_0013fec0	72	float	m2c	near	60.95	lift:near:57.95;ghidra:near:44.75
0013ff08	func_0013ff08	424	float	m2c	near	70.26	lift:near:58.67;ghidra:near:11.33
001400b0	func_001400b0	160	float	lift	exact	100.00	m2c:near:64.66;ghidra:near:56.34
00140150	func_00140150	188	float	lift	exact	100.00	m2c:near:66.9;ghidra:near:33.26
00140210	func_00140210	352	float	m2c	near	77.24	lift:near:64.86;ghidra:near:31.27
001403b0	func_001403b0	204	float	lift	near	87.73	m2c:near:82.18;ghidra:near:65.36
00140480	func_00140480	128	branchy	ghidra	near	49.31	m2c:near:36.88;lift:compile:0.0
00140500	_ZN2dk9ObjCamera14calcSubjectiveEv	276	vu0	lift	near	74.08	ghidra:near:14.4;m2c:near:0.0
00140618	func_00140618	328	float	m2c	near	52.24	lift:near:37.29;ghidra:near:26.6
00140760	func_00140760	108	branchy	typed	exact	100.00	lift:exact:100.0;ghidra:near:86.43;m2c:near:79.23
001407d0	func_001407d0	128	float	lift	near	74.03	ghidra:near:71.16;m2c:near:29.09
00140850	func_00140850	80	branchy	ghidra	near	34.40	m2c:near:6.45;lift:near:0.0
001408a0	func_001408a0	708	float	m2c	near	34.03	ghidra:near:32.91;lift:compile:0.0
00140b68	_ZN2dk9ObjCamera6updateEb	348	switch	m2c	near	99.99	ghidra:near:91.12;lift:near:86.62
00140ce8	_ZN2dk9ObjCamera10createTaskEv	76	straight	lift	exact	100.00	e3:exact:100.0;m2c:exact:100.0;ghidra:near:93.05
00140e30	_Z16wtarget_00140e30jjjj	200	float	typed	exact	100.00	lift:near:91.88;m2c:near:33.54;ghidra:near:3.48
00140f78	func_00140f78	148	branchy	lift	near	66.93	m2c:near:66.39;ghidra:near:36.36
00141010	_ZN2dk9ObjCamera16cancelSubjectiveEf	96	float	ghidra	near	55.88	m2c:near:46.21;lift:near:38.33
00141100	_Z13func_00141100ii	792	float	lift	near	68.38	m2c:near:57.38;ghidra:near:38.81
001415e8	func_001415e8	396	branchy	lift	near	85.27	ghidra:near:70.63;m2c:near:69.52
00141778	func_00141778	140	loop	lift	near	73.26	ghidra:near:68.11;m2c:near:55.37
00141850	func_00141850	152	loop	lift	near	94.58	m2c:near:74.67;ghidra:near:69.29
001418e8	func_001418e8	64	loop	lift	exact	100.00	m2c:near:74.71;ghidra:near:53.89
00141928	func_00141928	68	loop	lift	near	88.24	m2c:near:76.11;ghidra:near:56.32
00141988	func_00141988	112	branchy	m2c	near	73.89	lift:near:58.54;ghidra:near:58.54
001419f8	func_001419f8	544	vu0	lift	near	64.23	ghidra:near:0.0;m2c:compile:0.0
00141c38	func_00141c38	576	loop	ghidra	near	71.88	m2c:compile:0.0
00141e78	func_00141e78	376	vu0	ghidra	near	0.00	lift:compile:0.0;m2c:compile:0.0
00141ff0	func_00141ff0	532	vu0	ghidra	near	16.30	m2c:near:0.0;lift:compile:0.0
00142208	_Z16wtarget_00142208jjjj	112	branchy	m2c	near	82.43	lift:near:69.14;ghidra:near:24.71
001422a0	func_001422a0	244	vu0	lift	near	74.30	m2c:near:9.85;ghidra:near:0.0
001423c0	_Z16wtarget_001423c0jjjj	256	vu0	lift	near	79.51	m2c:near:35.47;ghidra:near:0.0
001424c0	func_001424c0	456	float	m2c	near	39.24	ghidra:near:0.0;lift:compile:0.0
00142688	func_00142688	448	vu0	lift	near	46.13	ghidra:near:23.34;m2c:compile:0.0
00142848	_ZN2dk11OctCollFile20selectDownAllPolygonEPNS_14CollisionParamE	184	float	lift	near	95.31	ghidra:near:43.4;m2c:near:36.83
00142900	func_00142900	64	straight	ghidra	exact	100.00	m2c:near:99.69;lift:near:48.75
00142940	func_00142940	560	vu0	m2c	near	10.27	ghidra:near:0.0
00142b70	func_00142b70	136	vu0	lift	near	75.00	ghidra:near:0.0;m2c:near:0.0
00142bf8	func_00142bf8	140	loop	lift	near	94.00	ghidra:near:85.81;m2c:compile:0.0
00142c90	func_00142c90	700	branchy	lift	near	95.26	m2c:near:84.54;ghidra:near:76.64
00142f50	func_00142f50	268	branchy	lift	exact	100.00	m2c:near:87.16;ghidra:near:64.68
00143348	func_00143348	76	straight	ghidra	near	70.91	m2c:near:54.11;lift:near:36.32
00143448	func_00143448	36	straight	lift	near	64.44	ghidra:near:64.44;m2c:near:64.22
00143470	func_00143470	92	straight	lift	near	50.87	ghidra:near:50.87;m2c:near:0.0
00143520	func_00143520	120	float	lift	near	61.80	ghidra:near:25.87;m2c:near:20.23
001435a0	_ZN2dk6Octree14getSkeltonTypeEPNS_14CollisionParamE	164	branchy	lift	near	83.29	ghidra:near:69.16;m2c:compile:0.0
00143648	func_00143648	532	vu0	lift	near	71.04	ghidra:near:55.68;m2c:near:21.72
00143860	func_00143860	200	branchy	lift	near	86.08	ghidra:near:86.02;m2c:compile:0.0
00143928	func_00143928	284	vu0	lift	near	71.48	m2c:near:56.49;ghidra:near:30.83
00143a48	func_00143a48	116	straight	lift	exact	100.00	ghidra:exact:100.0;m2c:near:51.9
00143ae0	_ZN2dk6Octree16intersectLineMapERNS_4LineERN2kn7FVectorERti	128	straight	lift	near	72.19	ghidra:near:72.19;m2c:near:52.19
00143b60	func_00143b60	40	straight	m2c	near	92.30	ghidra:near:66.82;lift:near:34.0
00143b88	_ZN2dk6Octree13intersectLineERNS_4LineERN2kn7FVectorERtRPNS_6ObjOccEi	224	branchy	lift	near	78.12	ghidra:near:73.16;m2c:near:46.29
00143c68	func_00143c68	164	straight	lift	near	89.66	ghidra:near:69.27;m2c:near:56.56
00143d10	_ZN2dk6Octree19intersectLineCameraERNS_4LineERN2kn7FVectorERtRPNS_6ObjOccE	188	branchy	lift	near	73.36	m2c:near:71.43;ghidra:near:66.0
00143dd0	_ZN2dk6Octree20intersectLineMapKindERNS_4LineERN2kn7FVectorERtii	128	straight	e3	compile	0.00	lift:near:72.38;ghidra:near:72.38;m2c:near:56.22
00143fc8	func_00143fc8	152	loop	ghidra	near	80.23	m2c:near:69.08;lift:near:47.63
00144060	func_00144060	124	branchy	lift	exact	100.00	ghidra:near:98.06;m2c:near:66.33
001440e0	func_001440e0	364	vu0	ghidra	near	17.48	m2c:near:0.0;lift:compile:0.0
00144570	func_00144570	92	float	lift	near	66.00	ghidra:near:30.75;m2c:near:25.87
00144630	_Z16wtarget_00144630jjjj	400	float	lift	near	54.17	ghidra:near:24.53;m2c:compile:0.0
00144860	_Z13func_00144860Pv	168	float	lift	near	70.36	ghidra:near:62.86;m2c:near:51.89
00144908	func_00144908	160	vu0	lift	near	55.84	ghidra:near:0.0;m2c:near:0.0
001449a8	_ZN2dk6Aabbox9mulMatrixERKN2kn7FMatrixE	400	vu0	lift	near	89.15	ghidra:near:32.47;m2c:compile:0.0
00144b38	func_00144b38	168	float	lift	near	65.70	e3:near:44.1;ghidra:near:39.52;m2c:near:33.43
00144be0	func_00144be0	304	float	lift	near	99.79	e3:near:17.78;ghidra:near:15.17;m2c:near:12.89
00144e50	func_00144e50	664	float	lift	near	93.98	m2c:near:35.74;ghidra:near:7.72;e3:near:0.0
001450e8	func_001450e8	244	float	m2c	near	47.78	lift:near:31.03;ghidra:near:6.24
00145580	func_00145580	124	branchy	ghidra	near	95.94	lift:near:76.24;m2c:near:74.84
00145680	func_00145680	428	float	lift	near	93.87	m2c:near:74.34;ghidra:near:72.17
00145830	func_00145830	428	float	lift	near	93.87	m2c:near:74.34;ghidra:near:72.17
00145ab8	func_00145ab8	216	loop	ghidra	near	71.38	m2c:compile:0.0
00145b90	func_00145b90	152	loop	lift	near	94.58	ghidra:near:69.29;m2c:compile:0.0
00145c28	func_00145c28	64	loop	lift	exact	100.00	m2c:near:74.71;ghidra:near:57.5
00145c68	func_00145c68	68	loop	lift	near	88.24	m2c:near:76.11;ghidra:near:59.74
00145cb0	func_00145cb0	960	vu0	lift	near	52.86	ghidra:near:0.06;m2c:near:0.0
00146088	func_00146088	120	loop	ghidra	near	96.77	m2c:near:90.0;lift:near:79.06
00146128	func_00146128	196	branchy	lift	near	70.10	ghidra:near:55.77;m2c:compile:0.0
00146250	func_00146250	320	loop	lift	near	88.71	m2c:near:83.05;ghidra:near:38.8;e3:near:16.99
00146390	func_00146390	260	loop	lift	near	83.98	ghidra:near:64.6;m2c:compile:0.0
00146498	func_00146498	484	loop	m2c	near	77.12	lift:near:65.2;ghidra:near:21.56
00146680	func_00146680	48	branchy	lift	near	47.92	m2c:near:46.15;ghidra:near:13.52
001466b0	func_001466b0	128	vu0	lift	near	86.25	ghidra:near:0.0;m2c:near:0.0
00146730	_Z16wtarget_00146730jjjj	88	loop	lift	near	93.04	m2c:near:74.89;ghidra:near:70.61
00146788	func_00146788	356	branchy	lift	near	76.06	ghidra:near:41.71;m2c:near:39.51
001468f0	func_001468f0	356	branchy	lift	near	76.06	ghidra:near:41.71;m2c:near:39.51
00146ab0	_Z13func_00146ab0Pv	296	branchy	lift	near	77.97	m2c:near:50.34;ghidra:near:44.26
00146c08	func_00146c08	164	vu0	lift	near	87.07	ghidra:near:16.33;m2c:near:0.0
00146cb0	func_00146cb0	116	vu0	lift	near	59.31	ghidra:near:25.79;m2c:near:8.64
00146d68	func_00146d68	120	loop	lift	near	69.30	m2c:near:55.1;ghidra:near:10.68
00146ed8	func_00146ed8	80	branchy	lift	near	63.04	m2c:near:58.57;ghidra:near:35.75
00146f28	_Z16wtarget_00146f28jjjj	292	loop	lift	near	70.94	m2c:near:60.04;ghidra:near:0.0
00147050	func_00147050	236	loop	ghidra	near	82.09	lift:near:81.66;m2c:near:55.18
00147140	func_00147140	152	branchy	lift	near	67.95	ghidra:near:50.57;m2c:near:40.74
00147240	func_00147240	120	float	ghidra	near	88.12	m2c:near:60.74;lift:near:53.64
001472b8	func_001472b8	300	float	ghidra	near	79.01	m2c:compile:0.0
001473e8	func_001473e8	1064	float	lift	near	73.32	ghidra:near:53.9;m2c:compile:0.0
00147810	func_00147810	596	vu0	ghidra	near	1.26	m2c:near:0.0
00147aa8	func_00147aa8	464	float	m2c	near	88.62	lift:near:79.7;ghidra:near:28.4
00147c78	func_00147c78	36	straight	lift	exact	100.00	ghidra:near:99.33;m2c:near:38.0
00147ca0	func_00147ca0	220	float	lift	near	91.00	ghidra:near:52.27;m2c:near:51.16
00147d80	func_00147d80	252	float	lift	near	85.27	m2c:near:67.16;ghidra:near:48.61
00147f08	func_00147f08	1384	vu0	ghidra	near	0.00	m2c:compile:0.0
00148470	func_00148470	184	loop	lift	near	79.46	m2c:near:53.15;ghidra:near:51.5
00148598	func_00148598	156	branchy	lift	near	93.18	ghidra:near:81.28;m2c:near:68.97
00148638	func_00148638	84	float	m2c	near	46.36	lift:near:38.29;ghidra:near:25.0
00148690	func_00148690	512	float	m2c	near	69.87	ghidra:near:65.53;e3:near:5.16;lift:compile:0.0
00148890	func_00148890	376	vu0	lift	near	78.12	ghidra:near:32.01;m2c:compile:0.0
00148a68	func_00148a68	84	loop	lift	exact	100.00	ghidra:near:69.75;m2c:near:68.46
00148b40	func_00148b40	136	loop	lift	near	64.89	ghidra:near:59.62;m2c:near:0.0
00148c50	func_00148c50	496	loop	lift	near	60.36	ghidra:near:49.97;m2c:compile:0.0
00148e40	func_00148e40	176	loop	lift	near	95.29	ghidra:near:27.52;m2c:compile:0.0
00148ef0	func_00148ef0	608	float	lift	near	68.90	ghidra:near:34.98;m2c:near:10.97
00149448	func_00149448	1928	loop	lift	near	84.66	ghidra:near:34.63;m2c:compile:0.0
00149c08	_ZN2dk4Area8readDataEv	56	straight	lift	exact	100.00	corpus:exact:100.0;m2c:exact:100.0;ghidra:near:53.86
00149c40	func_00149c40	96	straight	lift	exact	100.00	m2c:exact:100.0;ghidra:near:60.04
00149cb8	func_00149cb8	252	branchy	lift	exact	100.00	m2c:near:98.41;ghidra:near:82.0
00149de0	func_00149de0	220	branchy	lift	near	96.49	m2c:near:92.89;e3:near:88.82;ghidra:near:64.9
00149ec0	_ZN2dk4Area9finalizerEPK4AREA	108	straight	lift	exact	100.00	m2c:exact:100.0;ghidra:near:97.74
00149fe0	func_00149fe0	188	branchy	lift	near	92.19	ghidra:near:44.87;m2c:near:38.06
0014a0a0	_ZN2dk5Field14execTitle_taskEP4TASK	148	loop	lift	exact	100.00	ghidra:near:58.76;m2c:compile:0.0
0014a138	_ZN2dk5Field10TitleStartEb	76	straight	lift	exact	100.00	e3:near:99.74;ghidra:near:93.05;m2c:near:69.05
0014a188	func_0014a188	68	straight	lift	exact	100.00	m2c:exact:100.0;ghidra:near:95.76
0014a470	func_0014a470	60	straight	lift	exact	100.00	ghidra:near:77.53;m2c:near:68.88
0014a500	_ZN2dk4Blur6updateEv	476	float	m2c	near	66.75	lift:near:57.19;ghidra:near:37.75
0014a6e0	_ZN2dk4Blur4initEv	132	float	lift	exact	100.00	m2c:near:45.68;ghidra:near:40.85
0014a868	_Z13func_0014a868ii	112	branchy	lift	exact	100.00	ghidra:near:97.82;m2c:near:96.14
0014a950	func_0014a950	52	straight	lift	exact	100.00	m2c:exact:100.0;ghidra:near:69.0
0014a9a0	_ZN2dk4Fade9fadeSetupEj	184	float	lift	near	65.96	e3:near:61.73;m2c:near:50.1;ghidra:near:45.26
0014aa58	_ZN2dk4Fade7fadeOutEjb	36	straight	e3	near	99.78	lift:near:86.67;ghidra:near:77.78;m2c:near:59.08
0014aa80	_ZN2dk4Fade6fadeInEjb	40	straight	e3	near	99.70	ghidra:near:98.3;lift:near:66.82;m2c:near:55.69
0014aaa8	_Z16wtarget_0014aaa8jjjj	252	float	m2c	near	54.70	lift:near:52.85;ghidra:near:0.0
0014acf8	func_0014acf8	36	straight	lift	exact	100.00	m2c:exact:100.0;ghidra:near:93.22
0014ad20	func_0014ad20	56	straight	lift	exact	100.00	ghidra:near:80.21;m2c:near:75.47
0014ad58	func_0014ad58	184	straight	lift	exact	100.00	m2c:exact:100.0;ghidra:near:32.67
0014ae10	func_0014ae10	192	straight	lift	exact	100.00	m2c:exact:100.0;ghidra:near:86.38;e3:near:17.96
0014aed0	_Z13func_0014aed0ii	576	branchy	lift	exact	100.00	ghidra:near:74.95;m2c:near:73.67
0014b290	_Z16ctarget_0014b290jjjj	472	branchy	lift	near	22.29	ghidra:near:19.24;m2c:near:0.0
0014b468	func_0014b468	72	straight	ghidra	exact	100.00	lift:near:45.56;m2c:near:43.06;e3:near:18.06
0014b4b0	func_0014b4b0	100	straight	ghidra	near	88.80	lift:near:24.8;e3:near:13.8;m2c:near:0.0
0014b518	func_0014b518	196	branchy	lift	near	31.84	m2c:near:2.96;ghidra:near:0.0
0014b698	func_0014b698	272	loop	lift	near	67.75	ghidra:near:33.53;m2c:near:23.84;e3:near:0.0
0014b838	func_0014b838	180	straight	lift	near	55.69	ghidra:near:33.52;m2c:near:12.27
0014b920	func_0014b920	48	straight	lift	near	83.33	m2c:near:19.0;ghidra:near:16.17
0014b950	func_0014b950	88	straight	ghidra	near	72.27	lift:near:52.05;e3:near:51.36;m2c:near:34.17
0014b9a8	func_0014b9a8	116	loop	permute	exact	100.00	lift:near:98.62;ghidra:near:57.27;m2c:near:45.84
0014ba20	func_0014ba20	108	straight	ghidra	near	95.63	m2c:near:52.1;lift:near:48.86
0014ba90	func_0014ba90	108	straight	ghidra	near	95.63	m2c:near:52.1;lift:near:48.86
0014bb30	func_0014bb30	540	loop	lift	near	58.18	m2c:near:34.44;ghidra:near:27.37;e3:near:0.0
0014bd50	func_0014bd50	768	straight	lift	near	54.89	m2c:near:32.81;ghidra:near:23.72
0014c050	func_0014c050	768	straight	lift	near	54.89	m2c:near:32.81;ghidra:near:23.72;e3:near:0.0
0014c350	func_0014c350	180	straight	lift	near	55.69	ghidra:near:33.52;m2c:near:12.27
0014c5a0	func_0014c5a0	408	straight	lift	near	56.54	ghidra:near:31.64;m2c:near:31.2
0014c738	func_0014c738	180	straight	lift	near	55.69	ghidra:near:33.52;m2c:near:12.27
0014c940	_ZN2dk5Timer12setCountDownEj	48	straight	permute	exact	100.00	e3:near:99.75;lift:near:98.92;ghidra:near:93.92;m2c:near:44.31
0014c9b8	_ZN2dk5Timer5startEv	32	straight	lift	exact	100.00	ghidra:exact:100.0;e3:near:99.75;m2c:near:33.73
0014c9d8	_ZN2dk5Timer7pauseOnEj	24	straight	lift	near	66.67	e3:near:66.67;ghidra:near:66.67;m2c:near:52.17
0014c9f0	_ZN2dk5Timer8pauseOffEj	28	straight	lift	near	71.43	e3:near:71.43;ghidra:near:71.43;m2c:near:59.0
0014ca20	func_0014ca20	20	straight	lift	exact	100.00	ghidra:exact:100.0;e3:near:99.6;corpus:near:98.0;m2c:near:53.14
0014ca80	_ZN2dk5Clock13vCountToHMSMSEjRjS1_S1_S1_	216	float	ghidra	near	73.06	m2c:near:63.02;lift:near:45.35;e3:near:19.19
0014cc40	func_0014cc40	116	straight	ghidra	near	83.07	lift:near:70.56;m2c:near:47.07
0014ccb8	func_0014ccb8	220	branchy	lift	near	38.31	ghidra:near:0.0;m2c:near:0.0
0014cde0	_ZN2dk5Vsync12setGameSpeedEfff	60	straight	lift	exact	100.00	ghidra:near:77.53;m2c:near:77.0
0014ce60	_ZN2dk5Vsync13initGameSpeedEv	24	float	lift	exact	100.00	corpus:near:99.67;e3:near:99.33;m2c:near:78.0;ghidra:near:22.5
0014ce88	_Z16wtarget_0014ce88jjjj	144	float	lift	near	82.19	m2c:near:55.91;ghidra:near:45.5
0014cf18	func_0014cf18	104	straight	m2c	near	68.81	ghidra:near:66.12
0014cf88	func_0014cf88	64	straight	lift	exact	100.00	ghidra:exact:100.0;m2c:exact:100.0
0014cfc8	func_0014cfc8	60	straight	lift	near	86.67	ghidra:near:86.67;m2c:near:84.53;e3:near:39.4
0014d008	_Z16u_tail0_0014d008v	84	straight	lift	exact	100.00	ghidra:near:83.9;m2c:near:83.27
0014d060	_Z16u_tail0_0014d060v	476	float	lift	near	69.89	ghidra:near:52.87;m2c:near:50.88
0014d358	func_0014d358	212	loop	lift	near	87.36	ghidra:near:71.89;m2c:near:0.0
0014d478	func_0014d478	108	loop	lift	exact	100.00	m2c:near:72.53;ghidra:near:61.88
0014d530	_Z16wtarget_0014d530jjjj	268	loop	lift	near	64.84	m2c:near:61.56;ghidra:compile:0.0
0014d680	_Z16u_call0_0014d680v	548	loop	ghidra	near	36.80	m2c:compile:0.0
0014d8d0	func_0014d8d0	64	straight	lift	exact	100.00	ghidra:exact:100.0;m2c:near:70.12
0014d910	func_0014d910	56	straight	lift	exact	100.00	ghidra:exact:100.0;m2c:near:66.13
0014d948	func_0014d948	244	straight	lift	near	19.55	ghidra:near:12.72;m2c:near:10.93
0014da40	func_0014da40	312	loop	lift	near	16.37	m2c:near:14.13;ghidra:near:0.09
0014db78	func_0014db78	80	straight	lift	near	85.35	ghidra:near:84.91;m2c:near:31.23
0014dbc8	func_0014dbc8	60	straight	lift	exact	100.00	ghidra:near:86.6;m2c:near:61.27
0014dc08	func_0014dc08	60	straight	lift	exact	100.00	ghidra:near:86.6;m2c:near:61.27
0014dc48	func_0014dc48	96	straight	lift	near	97.50	ghidra:near:89.85;m2c:near:34.12
0014dca8	func_0014dca8	96	straight	lift	near	97.50	ghidra:near:89.85;m2c:near:34.12
0014de30	func_0014de30	144	straight	ghidra	near	89.00	lift:near:82.92;m2c:near:47.72
0014dec0	func_0014dec0	132	straight	lift	near	87.73	m2c:near:67.27;ghidra:near:26.06
0014dfa8	_Z16u_call0_0014dfa8v	220	straight	lift	exact	100.00	ghidra:near:71.16;m2c:near:69.51
0014e140	func_0014e140	84	straight	ghidra	near	89.95	lift:near:86.09;m2c:near:65.33
0014e1f0	_Z13func_0014e1f0ii	140	branchy	lift	near	89.17	m2c:near:75.77;ghidra:near:64.03
0014e2c0	func_0014e2c0	748	loop	lift	near	24.72	m2c:near:16.5;ghidra:near:0.0
0014e658	func_0014e658	156	vu0	ghidra	near	17.64	m2c:near:12.18
0014e6f8	func_0014e6f8	448	vu0	m2c	near	51.40	ghidra:near:32.49
0014e8b8	func_0014e8b8	656	vu0	lift	near	86.38	m2c:near:58.65;ghidra:near:24.95
0014eb48	func_0014eb48	144	float	lift	exact	100.00	m2c:near:80.39;ghidra:near:72.86
0014ec20	_ZN2dk9FPSCamera6adjustEv	32	straight	lift	exact	100.00	twins:exact:100.0;corpus:exact:100.0;ghidra:exact:100.0;m2c:exact:100.0
0014ec40	_Z16wtarget_0014ec40jjjj	84	float	lift	near	51.67	m2c:near:19.0;ghidra:near:14.43
0014ed28	func_0014ed28	128	branchy	ghidra	near	94.85	m2c:near:74.79;lift:near:74.56
0014eda8	func_0014eda8	128	loop	lift	near	92.12	m2c:near:91.03;ghidra:near:77.27
0014ee28	func_0014ee28	516	vu0	lift	near	48.94	m2c:near:34.16;ghidra:near:30.56
0014f030	func_0014f030	56	float	lift	near	44.22	m2c:near:26.0;ghidra:near:15.89;e3:near:12.04
0014f068	func_0014f068	68	float	m2c	near	50.74	lift:near:46.39;ghidra:near:40.93
0014f300	_Z13func_0014f300Pv	296	straight	lift	near	88.65	ghidra:near:77.34;m2c:compile:0.0
0014f428	_Z13func_0014f428Pv	172	branchy	lift	exact	100.00	ghidra:near:99.07;m2c:near:90.38;e3:near:79.4
0014f4d8	func_0014f4d8	80	straight	lift	exact	100.00	ghidra:exact:100.0;m2c:exact:100.0
0014f528	func_0014f528	80	straight	lift	exact	100.00	e3:exact:100.0;ghidra:exact:100.0;m2c:exact:100.0
0014f578	func_0014f578	88	branchy	lift	exact	100.00	m2c:near:95.48;ghidra:near:84.83;e3:near:78.57
0014f5d0	func_0014f5d0	120	branchy	m2c	near	96.61	ghidra:near:93.75;e3:near:83.19;lift:near:81.47
0014f688	func_0014f688	64	straight	lift	exact	100.00	ghidra:exact:100.0;m2c:near:28.06;e3:near:0.0
0014f830	func_0014f830	60	branchy	lift	exact	100.00	twins:exact:100.0;corpus:exact:100.0;m2c:exact:100.0;ghidra:near:93.75
0014f8d0	func_0014f8d0	212	straight	lift	exact	100.00	ghidra:near:82.17;m2c:compile:0.0
0014f9a8	func_0014f9a8	60	branchy	lift	exact	100.00	twins:exact:100.0;corpus:exact:100.0;m2c:exact:100.0;ghidra:near:93.75
0014fa08	_ZN2dk11INFORMATION17forceLeaveCounterEPNS_7COUNTERE	60	branchy	lift	exact	100.00	twins:exact:100.0;corpus:exact:100.0;m2c:exact:100.0;ghidra:near:93.75
0014fa48	func_0014fa48	180	float	ghidra	near	92.64	lift:compile:0.0;m2c:compile:0.0
0014fb00	func_0014fb00	60	branchy	lift	exact	100.00	twins:exact:100.0;corpus:exact:100.0;m2c:exact:100.0;ghidra:near:93.75
0014fb60	_ZN2dk11INFORMATION22forceLeaveMissionGaugeEPNS_13MISSION_GAUGEE	60	branchy	lift	exact	100.00	twins:exact:100.0;corpus:exact:100.0;m2c:exact:100.0;e3:near:99.67;ghidra:near:93.75
0014fba0	func_0014fba0	84	loop	lift	exact	100.00	ghidra:near:84.05;m2c:compile:0.0
0014fc40	func_0014fc40	148	float	ghidra	near	79.34	m2c:near:76.05;lift:near:50.92
0014fcd8	_ZN2dk9INFO_BASE6updateEv	248	vu0	lift	near	42.93	ghidra:near:13.08;m2c:near:0.0
0014fe00	func_0014fe00	1116	loop	lift	near	80.14	m2c:near:77.92;ghidra:near:77.6
00150328	_ZN2dk7COUNTER6updateEv	588	loop	lift	near	84.80	ghidra:near:82.23;m2c:near:0.0
00150578	func_00150578	56	straight	lift	exact	100.00	e3:exact:100.0;ghidra:exact:100.0;m2c:exact:100.0
00150610	_ZN2dk7COUNTER9alertLoopEv	56	straight	lift	exact	100.00	e3:exact:100.0;ghidra:exact:100.0;m2c:exact:100.0
001506e0	func_001506e0	216	loop	lift	near	93.72	m2c:near:88.87;ghidra:near:87.11;e3:near:35.48
001507b8	func_001507b8	228	straight	permute	exact	100.00	lift:near:92.0;ghidra:near:76.98;m2c:near:67.61
001508a0	func_001508a0	160	float	ghidra	near	62.62	lift:near:51.6;m2c:near:50.8
00150940	func_00150940	216	branchy	m2c	near	81.83	lift:near:74.57;ghidra:near:29.02
00150a18	_ZN2dk18INFORMATION_WINDOW6updateEv	332	float	ghidra	near	50.09	lift:near:45.9;m2c:near:41.0
00150be8	func_00150be8	468	loop	m2c	near	98.12	lift:near:89.33;ghidra:near:88.44
00150de0	func_00150de0	28	straight	lift	near	71.43	ghidra:near:70.71;m2c:near:44.0
00150e00	_Z16wtarget_00150e00jjjj	684	float	lift	near	95.81	ghidra:near:82.17;m2c:near:67.36
00151138	_ZN2dk5TIMER6updateEv	888	branchy	lift	near	67.24	ghidra:near:64.8;m2c:near:0.0
001514b0	func_001514b0	56	straight	lift	exact	100.00	ghidra:exact:100.0;m2c:exact:100.0
001514e8	func_001514e8	60	straight	lift	exact	100.00	m2c:exact:100.0;corpus:near:78.53;ghidra:near:73.1
001515b0	func_001515b0	224	loop	lift	near	95.71	m2c:near:87.04;ghidra:near:85.32
001516b0	func_001516b0	776	float	lift	near	89.23	m2c:near:64.39;ghidra:near:0.0
001519f8	func_001519f8	172	float	lift	near	46.16	m2c:near:25.21;ghidra:near:11.0
00151aa8	_ZN2dk13MISSION_GAUGE6updateEv	148	float	e3	near	98.73	lift:near:93.53;m2c:near:92.97;ghidra:near:81.33
00151b40	func_00151b40	56	straight	lift	exact	100.00	ghidra:exact:100.0;m2c:exact:100.0
00151c70	_ZN2dk13MISSION_GAUGE10forceLeaveEv	216	loop	lift	near	93.72	m2c:near:88.87;ghidra:near:87.11;e3:near:35.48
00151d48	func_00151d48	164	loop	lift	near	85.48	m2c:near:77.0;ghidra:near:66.17
00151df0	_Z16wtarget_00151df0jjjj	336	loop	permute	exact	100.00	lift:near:97.23;m2c:near:89.64;ghidra:near:86.82
00151f40	func_00151f40	156	loop	lift	near	94.46	m2c:near:42.15;ghidra:near:41.63
001520c0	func_001520c0	64	straight	lift	exact	100.00	m2c:exact:100.0;ghidra:near:69.72
00152120	func_00152120	164	loop	lift	near	85.48	m2c:near:77.0;ghidra:near:66.17
001521c8	_Z16wtarget_001521c8jjjj	336	loop	permute	exact	100.00	lift:near:97.23;m2c:near:89.64;ghidra:near:86.82
00152318	func_00152318	156	loop	lift	near	94.46	m2c:near:42.15;ghidra:near:41.63
00152508	func_00152508	144	straight	lift	exact	100.00	ghidra:near:78.51;m2c:near:26.61
00152598	func_00152598	28	branchy	lift	exact	100.00	ghidra:near:96.43;m2c:near:94.29
001525b8	func_001525b8	204	branchy	lift	near	77.61	ghidra:near:7.38;m2c:near:3.8
00152688	func_00152688	144	straight	lift	near	92.08	ghidra:near:91.22;m2c:near:73.14
00152820	func_00152820	236	straight	ghidra	near	92.34	lift:near:75.92;m2c:near:59.54
00152990	func_00152990	160	straight	lift	near	99.50	ghidra:near:67.71;m2c:near:18.16
00152ab8	func_00152ab8	48	straight	lift	near	31.00	ghidra:near:27.42;m2c:near:11.7
00152b50	func_00152b50	136	straight	m2c	near	60.57	lift:near:53.18;ghidra:near:0.0
00152bd8	func_00152bd8	868	loop	lift	near	52.97	m2c:near:49.84;ghidra:near:0.0
00152f40	_Z16u_tail0_00152f40v	448	loop	ghidra	near	87.60	lift:near:86.49;m2c:compile:0.0
00153100	func_00153100	64	branchy	lift	exact	100.00	ghidra:near:99.38;m2c:near:93.35;e3:near:85.76
00153158	_Z16u_call0_00153158v	160	straight	m2c	near	72.00	lift:near:59.2;ghidra:near:41.98;e3:near:33.7
001531f8	_ZN2dk12LEVELUP_INFO9openCharaEPKN2YS7MESSAGEES4_S4_iNS0_9WIN_COLORE	276	branchy	ghidra	near	77.78	e3:near:46.52;m2c:near:31.25;lift:near:3.41
00153310	func_00153310	64	straight	lift	exact	100.00	ghidra:exact:100.0;m2c:near:28.0;e3:near:13.52
00153350	func_00153350	276	branchy	ghidra	near	77.78	m2c:near:31.25;lift:near:3.41
00153468	_ZN2dk12LEVELUP_INFO10openSummonEPKN2YS7MESSAGEES4_i	212	branchy	ghidra	near	77.87	lift:near:46.37;e3:near:41.33;m2c:near:40.76
00153540	func_00153540	112	vu0	lift	near	61.96	ghidra:near:24.25;m2c:near:2.89
001535b0	func_001535b0	64	straight	lift	exact	100.00	ghidra:exact:100.0;m2c:near:69.25
00153610	func_00153610	100	float	lift	exact	100.00	ghidra:near:11.23;m2c:near:8.08
00153678	func_00153678	380	float	lift	near	54.71	ghidra:near:30.86;m2c:compile:0.0
00153840	func_00153840	148	loop	ghidra	near	81.15	lift:near:78.85;m2c:near:66.95
001538d8	func_001538d8	108	loop	lift	near	70.93	ghidra:near:66.96;e3:near:59.4;m2c:compile:0.0
00153948	func_00153948	104	loop	lift	near	70.19	ghidra:near:65.74;e3:near:58.34;m2c:compile:0.0
001539c0	func_001539c0	672	vu0	lift	near	36.50	ghidra:near:24.85;m2c:compile:0.0
00153c60	_ZN2dk6Layout4initEv	32	straight	lift	exact	100.00	e3:exact:100.0;twins:exact:100.0;corpus:exact:100.0;ghidra:exact:100.0;m2c:exact:100.0
00153d70	func_00153d70	180	float	lift	exact	100.00	m2c:near:89.76;ghidra:near:75.37
00153f08	_ZN2dk6Camera20singleCrossFadeStartEf	152	straight	lift	exact	100.00	m2c:near:89.13;ghidra:near:81.21
00153fa0	func_00153fa0	168	branchy	lift	near	97.44	ghidra:near:83.83;m2c:near:35.09
00154048	_ZN2dk4FACE12createSummonEiPvS1_iii	184	float	lift	near	99.13	m2c:near:57.96;ghidra:near:41.5
00154100	func_00154100	212	loop	m2c	near	97.50	ghidra:near:97.41;lift:near:76.7
00154288	func_00154288	60	branchy	lift	near	52.93	m2c:near:33.27;e3:near:29.46;ghidra:near:28.2
001542c8	func_001542c8	104	branchy	lift	exact	100.00	ghidra:near:92.68;m2c:near:48.39
001544b0	func_001544b0	168	loop	ghidra	near	95.55	lift:near:85.37;m2c:near:84.98
00154558	func_00154558	648	loop	ghidra	near	92.60	lift:near:78.39;m2c:near:60.99
001547e0	func_001547e0	196	float	lift	exact	100.00	ghidra:near:51.34;m2c:near:47.39
001548a8	func_001548a8	100	loop	ghidra	exact	100.00	m2c:near:93.46;lift:near:92.85
00154950	func_00154950	308	branchy	m2c	near	97.05	lift:near:96.9;ghidra:near:85.11
00154af0	func_00154af0	40	straight	lift	exact	100.00	ghidra:exact:100.0;m2c:near:94.0
00154b18	func_00154b18	36	straight	lift	exact	100.00	ghidra:exact:100.0;m2c:near:93.33;corpus:near:77.22
00154b40	func_00154b40	60	straight	lift	exact	100.00	ghidra:exact:100.0;m2c:exact:100.0;corpus:near:99.33;e3:near:22.19
00154b98	func_00154b98	120	loop	lift	near	90.33	m2c:near:83.1;ghidra:near:76.29
00154c10	func_00154c10	192	loop	lift	near	90.92	m2c:near:67.4;ghidra:near:66.16
00154cd0	func_00154cd0	276	float	lift	near	80.78	m2c:near:68.42;ghidra:near:44.77
00154de8	func_00154de8	256	float	m2c	near	72.86	lift:near:68.8;ghidra:near:39.5
00154ee8	func_00154ee8	72	branchy	m2c	near	70.56	ghidra:near:38.56;lift:near:12.44;e3:near:0.0
00154f30	_ZN2dk12GAUGE_FRIEND6createEPN2YS3OBJEi	976	loop	lift	near	93.35	ghidra:near:82.41;m2c:near:72.94
00155410	func_00155410	80	straight	permute	exact	100.00	lift:near:99.9;ghidra:near:79.9;m2c:near:79.9
00155528	_ZN2dk12GAUGE_FRIEND6reloadEv	64	straight	lift	exact	100.00	m2c:exact:100.0;ghidra:near:53.5
00155568	func_00155568	240	branchy	typed	exact	100.00	lift:exact:100.0;m2c:near:91.31;ghidra:near:87.83
00155658	func_00155658	100	float	permute	exact	100.00	lift:near:99.2;m2c:near:99.2;ghidra:near:59.07
00155758	func_00155758	216	float	lift	near	83.43	m2c:near:77.17;ghidra:near:59.75
00155830	func_00155830	136	float	lift	near	61.85	m2c:near:43.79;ghidra:near:32.95
001558b8	func_001558b8	300	float	lift	near	84.71	m2c:near:45.03;ghidra:near:43.03
001559e8	func_001559e8	196	float	lift	exact	100.00	ghidra:near:74.13;m2c:near:60.15
00155ab0	func_00155ab0	164	float	lift	exact	100.00	ghidra:near:46.42;m2c:near:42.24
00155b58	func_00155b58	152	float	lift	exact	100.00	ghidra:near:63.02;m2c:near:48.5
00155bf0	_ZN2dk12GAUGE_PLAYER17createDriveCircleEi	188	float	lift	near	66.69	m2c:near:56.56;ghidra:near:46.92
00155cb0	_ZN2dk12GAUGE_PLAYER21createDriveTimeCircleEii	164	float	lift	near	89.63	m2c:near:78.49;ghidra:near:44.17
00155e30	func_00155e30	184	switch	lift	near	71.10	ghidra:near:18.52;m2c:compile:0.0
00155ee8	_ZN2dk12GAUGE_PLAYER15getDriveInSqNumEv	88	switch	lift	near	99.86	ghidra:near:17.05;e3:near:0.0
00155f40	_ZN2dk12GAUGE_PLAYER17getDriveLoopSqNumEv	124	switch	lift	near	78.87	m2c:near:70.09;e3:near:42.65;ghidra:near:29.39
00155fc0	func_00155fc0	80	switch	lift	exact	100.00	ghidra:near:0.0;m2c:compile:0.0
001560a8	func_001560a8	132	float	ghidra	near	99.09	lift:near:56.52;m2c:near:46.97
00156130	func_00156130	724	loop	permute	exact	100.00	lift:near:95.36;ghidra:near:68.43;m2c:near:65.34
001565c0	func_001565c0	704	branchy	permute	exact	100.00	lift:near:99.83;ghidra:near:97.65;m2c:near:60.1
00156880	func_00156880	344	branchy	typed	exact	100.00	lift:exact:100.0;ghidra:exact:100.0;e3:near:86.02;m2c:near:50.95
001569d8	func_001569d8	840	loop	lift	near	86.53	m2c:near:83.28;ghidra:near:82.31
00156d20	func_00156d20	296	branchy	lift	exact	100.00	ghidra:near:90.63;m2c:near:76.19
00156e48	func_00156e48	540	branchy	m2c	near	84.87	lift:near:84.63;ghidra:near:71.33
00157068	_ZN2dk12GAUGE_PLAYER6updateEv	52	straight	lift	exact	100.00	m2c:exact:100.0;ghidra:near:69.33
00157160	func_00157160	92	branchy	m2c	exact	100.00	lift:near:98.7;ghidra:near:73.93
001571c0	func_001571c0	292	branchy	lift	exact	100.00	m2c:near:84.47;ghidra:near:80.11
001572e8	_Z16wtarget_001572e8jjjj	436	branchy	lift	near	98.91	ghidra:near:91.75;m2c:near:75.01
001574f8	_Z16wtarget_001574f8jjjj	200	branchy	m2c	exact	100.00	lift:near:88.62;ghidra:near:67.07
001575c0	_Z16wtarget_001575c0jjjj	196	branchy	permute	exact	100.00	lift:near:99.96;m2c:near:97.56;ghidra:near:85.23
001576e8	func_001576e8	112	straight	typed	exact	100.00	lift:exact:100.0;m2c:near:53.52;ghidra:near:51.22
001578d8	func_001578d8	180	branchy	lift	exact	100.00	m2c:near:94.67;ghidra:near:6.54
00157990	func_00157990	108	branchy	m2c	near	82.33	lift:near:81.41;ghidra:near:81.41;e3:near:74.34
00157aa0	func_00157aa0	60	branchy	m2c	near	68.26	ghidra:near:51.75;lift:near:0.0
00157ae0	func_00157ae0	420	float	lift	near	99.76	m2c:near:93.48;ghidra:near:42.93
00157c88	func_00157c88	636	branchy	lift	near	55.18	m2c:near:28.21;ghidra:near:26.77
00157f08	func_00157f08	248	branchy	typed	exact	100.00	lift:exact:100.0;m2c:exact:100.0;ghidra:near:79.54
00158000	_Z16wtarget_00158000jjjj	44	float	lift	exact	100.00	m2c:near:88.0;ghidra:near:57.73
00158050	_ZN2dk9GAUGE_ONE6createEiPvPN2YI5IMAGEEiiii	56	straight	e3	near	90.20	lift:near:83.93;ghidra:near:70.0;m2c:near:26.21
00158300	func_00158300	336	branchy	m2c	near	98.81	lift:near:96.96;ghidra:near:86.56
00158450	func_00158450	76	straight	lift	near	89.47	ghidra:near:56.58;m2c:near:0.0
001584a0	func_001584a0	88	straight	lift	near	90.91	ghidra:near:74.77;m2c:near:0.0
001584f8	func_001584f8	76	straight	lift	near	89.47	ghidra:near:56.84;m2c:near:0.0
00158548	func_00158548	88	straight	lift	near	90.91	ghidra:near:74.95;m2c:near:0.0
001585a0	_ZN2dk12CameraConfig8isManualEPN2YS3PADE	68	straight	lift	near	49.88	m2c:near:37.65;ghidra:near:9.59;e3:near:0.0
001585e8	func_001585e8	112	float	m2c	near	75.09	ghidra:near:62.8;lift:near:61.91
001586b8	_ZN2dk12CannonCamera6createEPN2YS3OBJE	44	straight	lift	exact	100.00	ghidra:exact:100.0;m2c:exact:100.0
00158708	func_00158708	360	vu0	lift	near	56.43	ghidra:near:4.5;m2c:near:0.0
00158870	func_00158870	144	vu0	lift	near	76.60	m2c:near:38.69;ghidra:near:27.64
00158920	func_00158920	32	branchy	lift	near	96.75	m2c:near:96.75;ghidra:near:29.42
001589d0	func_001589d0	192	vu0	lift	near	76.96	ghidra:near:17.91;m2c:compile:0.0
00158ac8	func_00158ac8	84	float	lift	near	81.19	m2c:near:36.12;ghidra:near:22.78;e3:near:8.57
00158b20	func_00158b20	84	float	lift	near	67.86	m2c:near:37.06;ghidra:near:28.92
00158b78	_ZN2dk12DangleCamera7controlEPN2YS3PADEPNS_9ObjCameraE	268	float	lift	near	64.77	m2c:near:58.24;ghidra:near:29.5
00158c88	_ZN2dk12DangleCamera13calcEyeTargetEPNS_9ObjCameraE	312	vu0	lift	near	70.10	ghidra:near:18.21;m2c:near:14.78
00158dc0	_ZN2dk12DangleCamera6updateEPNS_9ObjCameraE	384	float	lift	near	78.07	ghidra:near:62.66;m2c:near:33.59
00158fd8	_Z16wtarget_00158fd8jjjj	84	float	lift	near	51.67	m2c:near:19.0;ghidra:near:14.43
00159070	func_00159070	188	float	lift	near	61.86	m2c:near:59.51;ghidra:near:5.24
00159130	_ZN2dk14ReactionCamera6createEPKN2YS6TARGETE	112	float	lift	near	73.13	m2c:near:69.5;ghidra:near:55.67
00159240	func_00159240	196	float	m2c	near	23.84	ghidra:near:0.0;lift:compile:0.0
00159308	func_00159308	92	float	lift	near	83.00	ghidra:near:75.65;m2c:near:67.26
00159368	func_00159368	916	vu0	lift	near	78.94	ghidra:near:16.84;m2c:near:8.51
00159700	func_00159700	40	straight	lift	exact	100.00	ghidra:exact:100.0;m2c:near:72.55
00159728	_Z16wtarget_00159728jjjj	44	float	lift	exact	100.00	m2c:near:88.0;ghidra:near:57.73
00159790	_ZN2dk10TalkCamera10calcCameraEPNS_9ObjCameraE	876	vu0	ghidra	near	2.96	m2c:compile:0.0
00159b40	func_00159b40	160	float	lift	near	74.77	ghidra:near:69.9;m2c:near:64.98
00159be0	_ZN2dk10TalkCamera10ensureTaskEP4TASK	64	straight	lift	exact	100.00	e3:exact:100.0;ghidra:exact:100.0;m2c:exact:100.0;corpus:near:74.69
00159c20	func_00159c20	52	float	lift	exact	100.00	e3:near:99.85;m2c:near:84.54;ghidra:near:75.31
00159c58	_Z13func_00159c58ii	104	float	m2c	near	33.19	lift:near:28.27;ghidra:near:28.15
00159ce0	func_00159ce0	80	float	lift	near	99.50	m2c:near:63.32;ghidra:near:27.54
00159d30	func_00159d30	140	vu0	lift	near	62.26	ghidra:near:0.0;m2c:near:0.0
00159dc0	func_00159dc0	308	vu0	lift	near	29.92	ghidra:near:0.0;m2c:near:0.0
00159ef8	func_00159ef8	88	branchy	lift	near	77.48	m2c:near:37.0;ghidra:near:11.81
00159f90	func_00159f90	64	float	lift	near	90.59	m2c:near:75.16;ghidra:near:51.12
00159fd0	func_00159fd0	200	float	lift	exact	100.00	m2c:near:61.64;ghidra:near:13.0
0015a098	func_0015a098	128	vu0	lift	near	61.38	ghidra:near:10.82;m2c:near:0.0
0015a118	func_0015a118	60	float	m2c	near	79.89	lift:near:64.36;ghidra:near:46.79
0015a158	func_0015a158	264	float	lift	near	84.60	m2c:near:57.41;ghidra:near:0.0
0015a260	_ZN2dk12TargetCamera18updateTargetCameraEPNS_9ObjCameraERKN2kn7FVectorEf	636	vu0	lift	near	64.70	m2c:near:26.96;ghidra:near:8.2
0015a528	func_0015a528	128	branchy	lift	near	64.66	ghidra:near:37.66;m2c:compile:0.0
0015a5a8	func_0015a5a8	140	float	typed	exact	100.00	lift:exact:100.0;ghidra:near:73.62;m2c:near:67.19
0015a638	_ZN2dk12TargetCamera6createEPN2YS6TARGETE	144	float	lift	near	99.44	ghidra:near:71.64;m2c:near:68.0
0015a6c8	_ZN2dk12TargetCamera6changeEPN2YS6TARGETE	64	straight	lift	near	48.32	ghidra:near:46.11;m2c:near:42.95;e3:near:23.62
0015a768	_Z13func_0015a768ii	100	float	lift	near	37.48	m2c:near:32.8;ghidra:near:24.84
0015a810	func_0015a810	60	straight	lift	exact	100.00	ghidra:exact:100.0;e3:near:61.91;m2c:compile:0.0
0015a8a0	_ZN2dk14BlindCollision4makeEv	44	straight	lift	exact	100.00	ghidra:exact:100.0;e3:near:99.82;m2c:near:84.31
0015a8d0	func_0015a8d0	456	vu0	lift	near	59.48	m2c:near:3.64;ghidra:near:0.0
0015aaf8	_ZN2dk14BILLBOARD_BASE6updateEv	120	float	typed	exact	100.00	lift:exact:100.0;m2c:near:95.71;e3:near:71.84;ghidra:near:28.51
0015aba8	func_0015aba8	192	branchy	ghidra	near	77.79	m2c:near:53.65;lift:near:24.17
0015ac68	_ZN2dk15BILLBOARD_PLACE6updateEv	116	branchy	m2c	near	89.76	lift:near:59.81;ghidra:near:51.31
0015ae00	_ZN2dk24BILLBOARD_DISABLE_REASON6updateEv	164	float	typed	exact	100.00	lift:exact:100.0;m2c:near:79.78;e3:near:65.54;ghidra:near:9.29
0015af48	_ZN2dk9BILLBOARD4initEPNS_7MapFileE	440	branchy	ghidra	near	73.40	lift:near:63.62;e3:near:16.97;m2c:compile:0.0
0015b100	_Z13func_0015b100Pv	172	branchy	lift	exact	100.00	ghidra:near:99.07;m2c:near:90.38;e3:near:79.4
0015b1b0	func_0015b1b0	184	float	ghidra	near	47.75	lift:near:28.24;m2c:near:27.02
0015b268	func_0015b268	100	float	lift	near	96.80	ghidra:near:87.2;m2c:near:76.74
0015b2d0	func_0015b2d0	148	float	lift	near	58.30	ghidra:near:45.05;m2c:near:11.54;e3:near:0.0
0015b368	_ZN2dk3Exp6createEiPN2YI5IMAGEEi	340	loop	lift	near	85.91	m2c:near:77.36;ghidra:near:75.12
0015b4c0	func_0015b4c0	56	straight	lift	near	97.14	ghidra:near:97.14;m2c:near:97.14;e3:near:0.0
0015b4f8	func_0015b4f8	128	loop	lift	exact	100.00	ghidra:near:84.78;m2c:compile:0.0
0015b680	_ZN2dk3Exp5printERKN2kn7FVectorEii	236	loop	m2c	near	92.62	lift:near:88.9;ghidra:near:78.8
0015b780	func_0015b780	32	straight	lift	exact	100.00	ghidra:exact:100.0;m2c:exact:100.0;corpus:near:99.38
0015b7a0	func_0015b7a0	32	straight	lift	exact	100.00	e3:exact:100.0;ghidra:exact:100.0;m2c:exact:100.0;corpus:near:99.38
0015b7c0	_ZN2dk5Radar6createEPv	52	straight	m2c	exact	100.00	ghidra:near:68.33;lift:near:51.38
0015b7f8	func_0015b7f8	700	loop	m2c	near	77.37	ghidra:near:75.67;lift:near:69.15
0015bab8	func_0015bab8	268	straight	lift	exact	100.00	m2c:near:97.01;ghidra:near:67.73
0015bbc8	func_0015bbc8	132	float	ghidra	near	79.47	lift:near:51.49;m2c:near:35.91
0015bc80	func_0015bc80	996	float	lift	near	79.74	m2c:near:59.85;ghidra:near:52.13
0015c068	func_0015c068	140	float	lift	exact	100.00	ghidra:near:57.78;m2c:near:53.3
0015c0f8	_Z17ctarget0_0015c0f8v	184	branchy	lift	exact	100.00	ghidra:near:97.87;m2c:compile:0.0
0015c228	func_0015c228	84	branchy	lift	near	99.43	ghidra:near:64.09;m2c:near:4.84
0015c2a0	func_0015c2a0	428	float	ghidra	near	18.92	m2c:compile:0.0
0015c450	func_0015c450	76	branchy	lift	near	86.36	m2c:near:58.36;ghidra:near:52.7
0015c500	func_0015c500	464	float	ghidra	near	37.11	m2c:compile:0.0
0015c6d0	func_0015c6d0	432	float	ghidra	near	22.78	m2c:compile:0.0
0015c880	func_0015c880	212	float	lift	near	64.62	ghidra:near:17.95;m2c:compile:0.0
0015c958	func_0015c958	232	float	lift	near	63.67	ghidra:near:13.84;m2c:compile:0.0
0015ca40	func_0015ca40	216	float	lift	near	68.07	ghidra:near:15.07;e3:near:0.0;m2c:compile:0.0
0015cbb8	func_0015cbb8	44	straight	m2c	near	48.92	lift:near:35.54;ghidra:near:35.54
0015cc18	func_0015cc18	52	straight	lift	exact	100.00	ghidra:near:61.74;m2c:near:50.38
0015cc80	func_0015cc80	108	float	lift	near	78.44	m2c:near:64.43;ghidra:near:23.07
0015ccf0	_Z16wtarget_0015ccf0jjjj	156	float	lift	near	36.92	m2c:near:29.21;ghidra:near:26.82
0015cde0	_ZN2dk11EventCamera3endEb	156	float	lift	exact	100.00	ghidra:near:79.39;m2c:near:71.73
0015cea0	func_0015cea0	24	straight	lift	near	45.67	m2c:near:45.67;ghidra:near:13.75
0015ceb8	func_0015ceb8	24	straight	lift	near	45.67	m2c:near:45.67;ghidra:near:13.75
0015cef0	func_0015cef0	252	branchy	lift	near	63.86	m2c:near:58.86;ghidra:near:16.8;e3:near:0.0
0015cff0	func_0015cff0	104	branchy	m2c	near	65.92	lift:near:65.69;ghidra:near:3.37
0015d058	func_0015d058	432	float	m2c	near	28.31	ghidra:near:14.0;lift:compile:0.0
0015d208	func_0015d208	224	float	m2c	near	30.09	ghidra:near:20.77;lift:compile:0.0
0015d2e8	func_0015d2e8	272	float	lift	near	91.14	ghidra:near:77.54;m2c:near:58.94
0015d440	func_0015d440	164	branchy	m2c	near	82.45	lift:near:79.69;ghidra:near:62.45;e3:near:26.19
0015d540	func_0015d540	144	straight	lift	near	99.17	m2c:near:83.33;ghidra:near:52.06
0015d5d0	func_0015d5d0	192	branchy	m2c	near	87.82	lift:near:78.2;ghidra:near:52.12;e3:near:0.0
0015d690	func_0015d690	160	straight	lift	near	99.25	m2c:near:90.0;ghidra:near:65.9
0015d730	_Z16wtarget_0015d730jjjj	184	branchy	lift	exact	100.00	m2c:exact:100.0;ghidra:near:94.7
0015d828	func_0015d828	132	loop	lift	exact	100.00	m2c:near:98.03;ghidra:near:80.94
0015de98	func_0015de98	92	straight	ghidra	near	77.71	m2c:compile:0.0
0015def8	func_0015def8	112	straight	ghidra	near	79.45	m2c:compile:0.0
0015e038	_Z16u_tail0_0015e038v	24	branchy	lift	exact	100.00	e3:exact:100.0;twins:exact:100.0;ghidra:exact:100.0;m2c:near:76.86
0015e070	func_0015e070	840	vu0	lift	near	62.45	m2c:near:30.76;ghidra:near:16.4
0015e3b8	func_0015e3b8	296	straight	lift	near	89.07	ghidra:near:88.78;m2c:near:81.78;e3:near:76.47
0015e4e0	func_0015e4e0	296	straight	lift	near	89.07	ghidra:near:88.78;m2c:near:81.78;e3:near:76.47
0015e608	func_0015e608	700	vu0	lift	near	55.77	m2c:near:21.1;ghidra:near:6.15
0015e8c8	func_0015e8c8	280	straight	lift	near	89.31	m2c:near:83.14;ghidra:near:75.2
0015e9e0	func_0015e9e0	280	straight	lift	near	89.31	m2c:near:83.14;ghidra:near:75.2
0015eaf8	_Z16wtarget_0015eaf8jjjj	112	branchy	lift	exact	100.00	ghidra:near:97.86;m2c:near:96.1
0015eba8	_ZN2dk3Map6createEPNS_7MapFileEP9ALLOCATORby	524	vu0	ghidra	near	25.65	m2c:compile:0.0
0015edb8	func_0015edb8	88	branchy	lift	exact	100.00	m2c:near:72.12;ghidra:near:63.14
0015ee10	_ZN2dk3Map12setHideGroupEj	124	branchy	lift	exact	100.00	e3:near:65.21;ghidra:near:59.94;m2c:near:54.23
0015efa0	func_0015efa0	708	float	ghidra	near	45.62	m2c:compile:0.0
0015f298	func_0015f298	168	loop	m2c	near	52.05	ghidra:near:25.32
0015f4a0	func_0015f4a0	164	loop	lift	near	81.54	e3:near:80.5;m2c:near:68.45;ghidra:near:63.74
0015f548	func_0015f548	208	loop	e3	compile	0.00	ghidra:near:37.08;m2c:near:23.82
0015f618	_ZN2dk3Map9noDrawAllEv	208	loop	e3	compile	0.00	ghidra:near:37.08;m2c:near:23.82
0015f8d8	func_0015f8d8	232	branchy	lift	near	56.83	ghidra:near:50.09;m2c:near:47.79
0015f9c8	func_0015f9c8	1100	vu0	m2c	near	55.41	ghidra:near:41.36
0015fe18	func_0015fe18	1100	vu0	m2c	near	55.41	ghidra:near:41.77
00160268	func_00160268	140	loop	lift	near	91.14	m2c:near:72.75;ghidra:near:68.2
001602f8	func_001602f8	140	loop	lift	near	91.14	m2c:near:72.75;ghidra:near:68.2;e3:near:0.0
00160388	func_00160388	164	loop	lift	near	97.43	m2c:near:77.67;ghidra:near:67.72
00160430	func_00160430	84	float	ghidra	near	93.81	m2c:near:73.0;lift:near:69.71
00160488	func_00160488	76	straight	ghidra	near	38.05	m2c:near:25.65
001604f8	func_001604f8	168	vu0	lift	near	78.52	m2c:near:14.76;ghidra:near:3.8
001605a0	func_001605a0	316	vu0	lift	near	89.78	ghidra:near:30.96;m2c:compile:0.0
001606e0	func_001606e0	480	vu0	lift	near	33.45	ghidra:near:0.0;m2c:near:0.0
001608c0	func_001608c0	124	float	lift	near	93.03	ghidra:near:78.97;m2c:near:66.94
00160ac0	func_00160ac0	76	straight	lift	exact	100.00	ghidra:near:90.53;m2c:near:78.45
00160b10	func_00160b10	120	loop	lift	near	95.57	ghidra:near:32.07;m2c:near:15.41
00160d70	func_00160d70	108	loop	lift	near	66.96	ghidra:near:42.52;m2c:near:22.74
00160de0	_Z16wtarget_00160de0jjjj	108	loop	lift	near	66.96	ghidra:near:42.52;m2c:near:22.74;e3:near:0.0
00160e50	func_00160e50	108	loop	lift	near	66.96	ghidra:near:42.52;m2c:near:22.74;e3:near:8.63
00160f10	func_00160f10	108	loop	lift	near	66.96	ghidra:near:42.52;e3:near:28.6;m2c:near:22.74
00161030	func_00161030	72	loop	lift	near	56.28	ghidra:near:56.28;m2c:near:29.39
001611a8	func_001611a8	128	loop	lift	near	67.97	ghidra:near:25.75;m2c:near:6.97
00161248	func_00161248	108	float	lift	near	74.22	m2c:near:22.85;ghidra:near:21.44;e3:near:0.0
001612b8	func_001612b8	344	branchy	lift	near	96.98	ghidra:near:58.12;m2c:near:49.36
001614e8	func_001614e8	64	straight	m2c	exact	100.00	lift:near:87.12;ghidra:near:84.17
00161548	func_00161548	76	branchy	lift	near	19.32	ghidra:near:9.76;m2c:near:0.0
00161598	func_00161598	80	float	m2c	near	69.09	lift:near:64.76;ghidra:near:9.1
001615e8	func_001615e8	124	float	lift	near	93.55	m2c:near:93.55;ghidra:near:59.97
001616f0	func_001616f0	124	branchy	lift	near	73.81	m2c:near:13.31;ghidra:near:1.69
00161770	func_00161770	88	straight	lift	exact	100.00	ghidra:near:99.09;m2c:near:91.35
001617e8	_ZN2dk6Camera9onceCoverEP4TASK	44	straight	lift	exact	100.00	e3:exact:100.0;ghidra:exact:100.0;m2c:exact:100.0
001618b8	_ZN2dk6Camera23createEffectDestroyTaskEv	56	straight	lift	exact	100.00	m2c:exact:100.0;e3:near:99.93;ghidra:compile:0.0
001618f0	func_001618f0	248	straight	ghidra	near	89.92	lift:link:0.0;m2c:compile:0.0
001619e8	func_001619e8	40	straight	lift	exact	100.00	ghidra:exact:100.0;m2c:exact:100.0
00161a58	func_00161a58	40	branchy	lift	near	78.50	m2c:near:78.3;ghidra:near:41.0
00161a80	func_00161a80	40	branchy	lift	near	78.50	m2c:near:78.3;ghidra:near:41.0
00161aa8	_ZN2dk6Camera11draw2CameraEv	376	branchy	lift	near	98.47	m2c:near:91.15;ghidra:near:55.73
00161df0	func_00161df0	244	float	m2c	near	62.57	ghidra:near:52.26;lift:near:50.93
00161ee8	func_00161ee8	36	straight	lift	exact	100.00	e3:near:86.67;ghidra:near:86.67;m2c:near:51.38
00161f10	_ZN2dk6Camera14storeImageTaskEP4TASK	40	straight	lift	exact	100.00	e3:exact:100.0;corpus:exact:100.0;ghidra:exact:100.0;m2c:exact:100.0
00161f48	_Z13func_00161f48i	268	float	m2c	near	84.65	ghidra:near:74.1;e3:near:59.36;lift:compile:0.0
001620a8	func_001620a8	772	straight	e3	near	99.88	ghidra:near:40.58;lift:link:0.0;m2c:compile:0.0
001623b0	func_001623b0	40	straight	lift	exact	100.00	ghidra:exact:100.0;m2c:exact:100.0
00162408	func_00162408	340	vu0	lift	near	28.94	ghidra:near:11.22;m2c:compile:0.0
00162560	func_00162560	380	vu0	lift	near	31.46	ghidra:near:24.44;m2c:compile:0.0
001626e0	func_001626e0	356	float	lift	near	86.46	ghidra:near:28.11;m2c:compile:0.0
001628d8	func_001628d8	272	vu0	lift	near	51.93	ghidra:near:0.0;m2c:compile:0.0
00162a58	func_00162a58	188	vu0	ghidra	near	0.00	m2c:near:0.0
00162b18	func_00162b18	80	vu0	lift	near	55.45	m2c:near:20.69;ghidra:near:15.97
00162b68	func_00162b68	68	vu0	lift	near	27.35	m2c:near:11.4;ghidra:near:7.29
00162bb0	func_00162bb0	116	vu0	lift	near	20.21	ghidra:near:5.73;m2c:near:0.0
00162c28	func_00162c28	1340	vu0	m2c	near	10.24	ghidra:near:5.71
00163168	func_00163168	164	vu0	lift	near	80.37	m2c:near:32.12;ghidra:near:25.45
00163210	func_00163210	88	vu0	lift	near	54.32	ghidra:near:0.0;m2c:near:0.0
00163268	func_00163268	84	vu0	lift	near	49.29	m2c:near:44.19;ghidra:near:0.0
001632c0	func_001632c0	608	vu0	ghidra	near	0.00	m2c:near:0.0
00163568	func_00163568	228	vu0	lift	near	73.72	ghidra:near:0.0;m2c:near:0.0
00163650	func_00163650	228	vu0	lift	near	73.72	ghidra:near:0.0;m2c:near:0.0
00163828	func_00163828	108	vu0	lift	near	57.59	m2c:near:34.56;ghidra:near:0.0
00163898	func_00163898	3296	vu0	ghidra	near	0.00	lift:compile:0.0;m2c:compile:0.0
00164578	func_00164578	412	float	lift	near	32.50	ghidra:near:18.6;m2c:compile:0.0
00164718	func_00164718	1368	vu0	lift	near	63.26	ghidra:near:20.66;m2c:near:0.0
00164c70	func_00164c70	240	vu0	lift	near	69.97	ghidra:near:0.0;m2c:near:0.0
00164d60	func_00164d60	1380	vu0	m2c	near	16.35	ghidra:near:14.84
001652c8	func_001652c8	1004	vu0	lift	near	64.12	ghidra:near:20.2;m2c:compile:0.0
001656d0	func_001656d0	148	branchy	lift	near	94.24	ghidra:near:83.9;m2c:near:83.7
00165768	func_00165768	196	loop	m2c	near	92.49	lift:near:84.35;ghidra:near:82.96
00165830	func_00165830	64	straight	lift	near	42.06	m2c:near:9.71;ghidra:near:0.0
00165898	func_00165898	208	loop	lift	near	88.40	ghidra:near:78.13;m2c:near:69.02
00165968	func_00165968	80	loop	lift	near	95.05	m2c:near:85.91;ghidra:near:81.43
001659b8	func_001659b8	88	straight	lift	near	98.18	ghidra:near:98.18;m2c:near:85.13
00165a10	func_00165a10	196	vu0	lift	near	77.84	ghidra:near:55.27;m2c:near:33.9
00165ad8	func_00165ad8	732	float	ghidra	near	11.77	m2c:near:0.0
00165db8	_ZN2dk6ObjOcc13intersectLineERNS_4LineERN2kn7FVectorERtjjbRPS0_ii	312	loop	ghidra	near	55.01	lift:near:22.94;m2c:near:22.24
00165ef0	func_00165ef0	52	loop	lift	near	98.08	ghidra:near:91.07;m2c:near:84.23;e3:near:0.0
00165f70	func_00165f70	468	vu0	lift	near	80.37	m2c:near:65.06;ghidra:near:59.97
00166148	func_00166148	888	switch	lift	near	52.11	m2c:near:39.52;ghidra:near:27.95
001664c0	func_001664c0	276	branchy	lift	near	70.54	m2c:near:38.01;ghidra:near:0.0
00166618	func_00166618	136	straight	lift	near	90.29	ghidra:near:69.38;m2c:near:39.77
00166730	func_00166730	156	straight	lift	near	27.41	ghidra:near:22.45;m2c:near:0.0
00166808	func_00166808	120	straight	ghidra	near	85.17	lift:near:84.33;m2c:near:22.67
00166880	func_00166880	120	straight	ghidra	near	85.17	lift:near:84.33;m2c:near:22.67
001668f8	func_001668f8	52	straight	lift	exact	100.00	ghidra:near:99.85;m2c:near:75.38;corpus:near:64.54
00166930	func_00166930	52	straight	lift	exact	100.00	ghidra:near:99.85;m2c:near:75.38;corpus:near:64.54
00166968	func_00166968	120	straight	ghidra	near	85.17	lift:near:85.13;m2c:near:32.4
001669e0	func_001669e0	632	branchy	lift	near	0.00	ghidra:near:0.0;m2c:near:0.0
00166c80	func_00166c80	36	straight	lift	exact	100.00	m2c:near:52.09;ghidra:near:28.89
00166da8	func_00166da8	1084	branchy	m2c	near	16.47	lift:near:12.67;ghidra:near:0.0
001671e8	func_001671e8	44	straight	ghidra	near	41.17	lift:near:23.92;m2c:near:0.0
00167358	_Z16wtarget_00167358jjjj	240	loop	lift	near	96.67	m2c:near:82.08;ghidra:near:72.42
001674c8	func_001674c8	232	loop	m2c	near	96.27	lift:near:83.52;ghidra:near:68.89
001675b0	func_001675b0	104	float	lift	exact	100.00	ghidra:near:59.38;m2c:near:50.58
00167638	func_00167638	28	float	lift	exact	100.00	twins:exact:100.0;ghidra:near:74.29;m2c:near:28.05
00167658	_Z16wtarget_00167658jjjj	84	vu0	lift	near	69.50	m2c:near:40.0;ghidra:near:28.71
001676b0	func_001676b0	120	float	lift	near	53.83	m2c:near:37.86;ghidra:near:3.45
00167778	func_00167778	372	vu0	lift	near	51.63	ghidra:near:16.26;m2c:near:0.0
001678f0	func_001678f0	476	branchy	ghidra	near	57.08	lift:near:54.92;m2c:compile:0.0
00167b08	_Z16u_call4_00167b08jjjj	88	loop	corpus	near	99.95	m2c:near:89.91;lift:near:84.16;ghidra:near:80.52
00167b60	func_00167b60	56	straight	lift	near	80.57	m2c:near:80.5;ghidra:near:1.0
00167b98	func_00167b98	88	loop	lift	exact	100.00	ghidra:exact:100.0;m2c:near:99.95
00167c30	func_00167c30	96	loop	ghidra	near	45.71	lift:near:0.0;m2c:compile:0.0
00167cd0	func_00167cd0	148	branchy	ghidra	near	65.88	lift:near:40.14;m2c:compile:0.0
00167d68	func_00167d68	148	branchy	m2c	near	95.53	lift:near:93.08;ghidra:near:36.84
00167e28	func_00167e28	68	straight	ghidra	near	75.68	m2c:near:75.53;lift:near:74.45
00167e70	func_00167e70	56	straight	lift	near	80.57	m2c:near:80.5;ghidra:near:1.0
00167ea8	func_00167ea8	56	straight	lift	near	80.57	m2c:near:80.5;ghidra:near:1.0
00167ee0	func_00167ee0	56	straight	lift	near	80.57	m2c:near:80.5;ghidra:near:1.0
00167f38	func_00167f38	124	loop	ghidra	near	86.66	lift:near:80.15;m2c:near:54.06
00167fc8	func_00167fc8	64	straight	m2c	near	87.00	lift:near:67.19;ghidra:near:46.88
00168008	func_00168008	56	straight	lift	exact	100.00	ghidra:near:99.64;m2c:near:42.87
00168068	_Z16wtarget_00168068jjjj	368	loop	m2c	near	91.77	ghidra:near:69.32
00168218	func_00168218	160	loop	ghidra	near	30.93	m2c:near:17.0
001682b8	func_001682b8	52	straight	lift	near	80.00	ghidra:near:80.0;m2c:near:80.0;e3:near:66.06
00168388	_ZN2YS4FILE8ReadBackEPKcPvPFvS3_jS3_ES3_	136	straight	ghidra	near	81.74	m2c:compile:0.0
00168410	func_00168410	172	straight	ghidra	near	81.55	m2c:compile:0.0
001684c0	_ZN2YS4FILE11ReadBarBackEPKcPvPFvPNS_6BINARCEjS3_ES3_	136	straight	ghidra	near	81.74	m2c:compile:0.0
00168548	func_00168548	164	straight	ghidra	near	43.76	e3:near:0.0;m2c:compile:0.0
001685f0	func_001685f0	136	loop	m2c	near	60.50	ghidra:near:48.62
00168808	func_00168808	148	loop	permute	exact	100.00	lift:near:95.37;m2c:near:89.08;ghidra:near:81.49
00168958	func_00168958	120	branchy	m2c	near	77.67	ghidra:near:72.23;lift:near:61.9
00168aa0	func_00168aa0	56	loop	lift	near	70.60	ghidra:near:65.64;e3:near:59.27;m2c:near:14.14
00168ad8	func_00168ad8	96	loop	ghidra	exact	100.00	lift:near:91.92;e3:near:63.33;m2c:near:22.88
00168b38	func_00168b38	80	loop	m2c	near	98.20	lift:near:94.76;e3:near:70.5;ghidra:near:68.73
00168b88	func_00168b88	96	loop	ghidra	exact	100.00	lift:near:91.25;m2c:near:72.8;e3:near:55.88
00168be8	func_00168be8	284	switch	ghidra	near	96.73	lift:near:86.24;m2c:near:61.92
00168d08	func_00168d08	296	switch	ghidra	near	82.07	m2c:near:73.01;lift:near:66.15
00168e30	func_00168e30	228	switch	ghidra	near	89.47	m2c:near:88.15;lift:near:62.81
00169030	func_00169030	280	loop	ghidra	near	83.64	lift:near:79.6;m2c:near:60.27
00169148	_ZN2YS8AreaReadEP4TASK	48	straight	lift	exact	100.00	e3:exact:100.0;corpus:exact:100.0;ghidra:exact:100.0;m2c:exact:100.0
00169178	func_00169178	152	branchy	lift	exact	100.00	ghidra:near:82.34;m2c:near:76.97
00169210	func_00169210	244	straight	lift	exact	100.00	ghidra:near:99.02;m2c:near:98.35
00169308	_ZN2YS8AreaExitEv	68	straight	lift	exact	100.00	ghidra:exact:100.0;m2c:exact:100.0;corpus:near:96.47
00169398	func_00169398	1528	vu0	m2c	near	57.04	ghidra:near:19.63;lift:compile:0.0
0016a158	func_0016a158	96	straight	lift	near	91.67	ghidra:near:83.27;m2c:near:54.12
0016a1b8	func_0016a1b8	244	float	m2c	near	69.25	lift:near:63.4;e3:near:60.09;ghidra:near:46.88
0016a328	_ZN2YS3OBJ13_OVR__destroyEv	44	straight	lift	exact	100.00	twins:exact:100.0;m2c:exact:100.0;ghidra:near:84.62;e3:near:40.32
0016a358	_Z16u_call4_0016a358jjjj	196	branchy	lift	near	94.69	ghidra:near:94.69;m2c:near:94.69;e3:near:81.45
0016a420	func_0016a420	196	branchy	lift	near	94.69	ghidra:near:94.69;m2c:near:94.69;e3:near:81.45
0016a4e8	func_0016a4e8	200	branchy	typed	exact	100.00	lift:exact:100.0;m2c:exact:100.0;ghidra:near:92.0;e3:near:79.02
0016a5b0	func_0016a5b0	928	vu0	ghidra	near	13.27	m2c:near:0.0
0016a9b8	func_0016a9b8	572	vu0	m2c	near	54.05	ghidra:near:45.86;lift:near:0.0
0016ac38	func_0016ac38	72	branchy	lift	near	79.94	m2c:near:40.28;e3:near:30.22;ghidra:near:21.7
0016ac80	func_0016ac80	92	branchy	lift	near	99.57	m2c:near:83.89;ghidra:near:59.55;e3:near:56.89
0016ace0	_ZN2YS3OBJ7set_posERKN2kn7FVectorE	88	float	lift	near	83.05	e3:near:54.46;ghidra:near:50.79;m2c:near:40.81
0016adc8	func_0016adc8	76	vu0	ghidra	near	90.21	lift:near:88.75;m2c:near:0.0
0016ae18	_ZN2YS3OBJ15reset_first_posEv	64	float	m2c	near	63.78	lift:near:48.25;ghidra:near:44.79
0016af58	_ZN2YS3OBJ7get_dirEv	136	float	lift	near	68.71	m2c:near:61.38;ghidra:near:26.64
0016b010	_ZN2YS3OBJ12set_wish_dirERKN2kn7FVectorE	48	float	ghidra	near	73.85	corpus:near:66.58;m2c:near:52.43;lift:near:48.05;e3:near:34.38
0016b040	func_0016b040	44	float	corpus	near	81.82	m2c:near:75.0;lift:near:62.73;ghidra:near:62.73;e3:near:0.0
0016b070	_Z16wtarget_0016b070jjjj	44	float	lift	near	98.55	m2c:near:40.89;e3:near:21.57;ghidra:near:19.94
0016b0e0	func_0016b0e0	916	vu0	lift	near	52.06	m2c:near:20.78;ghidra:near:0.0
0016b478	func_0016b478	156	vu0	lift	near	77.92	m2c:near:28.95;ghidra:near:17.87
0016b518	func_0016b518	60	branchy	lift	near	5.00	ghidra:near:0.0;m2c:near:0.0
0016b668	_ZN2YS3OBJ10_OVR_leaveEv	212	branchy	m2c	near	99.81	lift:near:97.47;ghidra:near:74.05;e3:near:54.25
0016b740	func_0016b740	96	loop	m2c	near	88.52	e3:near:0.0;ghidra:near:0.0
0016b7a0	func_0016b7a0	92	loop	lift	exact	100.00	m2c:near:62.61;ghidra:near:55.57;e3:near:0.0
0016b800	func_0016b800	92	loop	lift	exact	100.00	m2c:near:62.61;ghidra:near:55.57;e3:near:52.22
0016bb38	func_0016bb38	112	loop	ghidra	near	91.67	lift:near:90.17;m2c:near:46.07
0016bc20	func_0016bc20	116	loop	lift	near	91.72	ghidra:near:78.0;m2c:near:67.17;e3:near:49.77
0016bd10	_ZN2YS6ACTION3GetENS0_2IDE	76	straight	lift	near	97.89	ghidra:near:63.32;m2c:compile:0.0
0016be00	_ZN2YS3OBJ13scatter_prizeEi	152	float	lift	near	41.58	m2c:near:22.61;ghidra:near:9.55
0016be98	func_0016be98	132	branchy	lift	near	58.58	m2c:near:56.09;ghidra:near:23.2
0016bf38	func_0016bf38	184	loop	lift	near	98.70	m2c:near:97.4;ghidra:near:71.3;e3:near:0.0
0016c028	_ZN2YS3OBJ7get_posEv	52	straight	lift	exact	100.00	ghidra:exact:100.0;m2c:near:95.23;e3:near:56.32
0016c060	func_0016c060	264	branchy	lift	near	75.41	m2c:near:72.97;ghidra:near:59.89;e3:near:17.61
0016c168	func_0016c168	324	switch	lift	near	92.82	m2c:near:80.36;ghidra:near:45.38
0016c2b0	func_0016c2b0	128	branchy	lift	near	77.75	m2c:near:70.66;ghidra:near:29.09
0016c358	func_0016c358	76	branchy	lift	exact	100.00	ghidra:near:98.95;m2c:near:83.9
0016c3a8	func_0016c3a8	184	loop	m2c	near	46.80	ghidra:near:32.12
0016c460	func_0016c460	136	float	m2c	near	90.29	e3:near:90.24;ghidra:near:81.77;lift:near:78.24
0016c508	func_0016c508	92	float	m2c	near	81.96	lift:near:64.12;ghidra:near:30.57
0016c5b8	_Z16wtarget_0016c5b8jjjj	136	float	ghidra	near	90.86	lift:near:85.26;m2c:near:39.53
0016c640	_Z16wtarget_0016c640jjjj	88	loop	lift	near	98.86	ghidra:near:98.86;m2c:near:41.59;e3:near:32.91
0016c6e8	_ZN2YS3OBJ10CountEntryEj	104	loop	ghidra	near	99.23	lift:near:94.15;e3:near:51.23;m2c:near:38.46
0016c750	func_0016c750	28	straight	lift	near	69.14	ghidra:near:69.14;m2c:near:62.2
0016c7a0	func_0016c7a0	52	straight	twins	exact	100.00	ghidra:near:84.62;e3:near:33.47;m2c:compile:0.0
0016c808	func_0016c808	236	branchy	ghidra	near	88.67	m2c:compile:0.0
0016c8f8	func_0016c8f8	236	branchy	ghidra	near	88.67	m2c:compile:0.0
0016c9e8	func_0016c9e8	204	loop	typed	exact	100.00	lift:exact:100.0;m2c:near:92.94;ghidra:near:85.25
0016cab8	func_0016cab8	204	loop	typed	exact	100.00	lift:exact:100.0;m2c:near:92.94;ghidra:near:85.25
0016cba0	_Z16u_tail4_0016cba0jjjj	36	branchy	typed	exact	100.00	lift:exact:100.0;ghidra:exact:100.0;m2c:exact:100.0
0016cc18	func_0016cc18	204	branchy	lift	near	89.14	m2c:near:70.31;ghidra:near:3.86
0016cd48	func_0016cd48	328	loop	lift	near	88.88	m2c:near:83.43;ghidra:near:74.73
0016d110	_Z17ttarget0_0016d110v	132	loop	lift	near	94.52	m2c:near:76.72;ghidra:near:63.24
0016d230	_Z16wtarget_0016d230jjjj	76	branchy	m2c	near	48.95	lift:near:35.74;ghidra:near:35.74
0016d340	func_0016d340	132	vu0	lift	near	69.54	m2c:near:22.58;ghidra:near:7.62
0016d3c8	func_0016d3c8	132	vu0	lift	near	69.54	m2c:near:22.58;ghidra:near:7.62
0016d450	func_0016d450	128	vu0	lift	near	71.25	m2c:near:26.41;ghidra:near:5.5
0016d4d0	func_0016d4d0	136	vu0	lift	near	72.94	m2c:near:22.94;ghidra:near:0.84
0016d5d0	func_0016d5d0	108	float	lift	near	89.04	m2c:near:47.79;ghidra:near:40.61
0016d640	func_0016d640	76	float	lift	near	84.42	m2c:near:54.83;ghidra:near:47.23
0016d760	func_0016d760	160	vu0	lift	near	55.48	ghidra:near:0.0;m2c:near:0.0
0016d800	func_0016d800	72	float	lift	near	73.89	ghidra:near:49.24;m2c:near:44.77
0016d888	func_0016d888	72	vu0	lift	near	72.44	ghidra:near:0.0;m2c:near:0.0
0016d8d0	func_0016d8d0	80	float	lift	near	85.20	ghidra:near:48.9;m2c:near:48.64
0016d920	func_0016d920	72	float	ghidra	near	52.72	lift:near:49.35;m2c:compile:0.0
0016d968	func_0016d968	180	vu0	lift	near	40.13	m2c:near:0.0;ghidra:compile:0.0
0016da20	func_0016da20	184	vu0	lift	near	79.76	ghidra:near:0.0;m2c:near:0.0
0016dad8	func_0016dad8	72	branchy	twins	exact	100.00	lift:near:83.56;m2c:near:58.23;ghidra:near:44.62
0016dbe0	func_0016dbe0	68	straight	lift	near	99.41	m2c:near:92.94;ghidra:near:60.53
0016dd28	func_0016dd28	128	straight	lift	near	43.00	ghidra:near:41.38;m2c:near:26.94
0016df28	func_0016df28	72	float	lift	exact	100.00	ghidra:near:25.19;m2c:near:14.72
0016df70	func_0016df70	72	float	lift	exact	100.00	ghidra:near:25.19;m2c:near:14.72
0016e000	func_0016e000	72	float	lift	exact	100.00	ghidra:near:25.19;m2c:near:14.72
0016e048	func_0016e048	72	float	lift	exact	100.00	ghidra:near:25.19;m2c:near:14.72
0016e130	_ZN2YS29trap_saveram_set_form_abilityEP8BD_VALUE	56	straight	lift	exact	100.00	m2c:exact:100.0;ghidra:near:95.64
0016e200	func_0016e200	60	branchy	twins	exact	100.00	lift:near:85.27;m2c:near:85.27;ghidra:near:66.0
0016e240	func_0016e240	80	branchy	lift	near	89.25	ghidra:near:65.71;m2c:near:63.79
0016e3e0	func_0016e3e0	256	vu0	lift	near	70.88	m2c:near:23.02;ghidra:near:21.95
0016e500	func_0016e500	60	branchy	twins	exact	100.00	lift:near:85.27;m2c:near:85.27;ghidra:near:66.0;e3:near:35.95
0016e688	_ZN2YS11trap_assertEP8BD_VALUE	32	straight	corpus	near	87.56	lift:near:66.75;ghidra:near:66.75;m2c:near:66.75;e3:near:56.67
0016e718	_ZN2YS24trap_partram_add_abilityEP8BD_VALUE	40	straight	corpus	near	80.00	e3:near:62.0;lift:near:53.4;ghidra:near:53.4;m2c:near:53.4
0016e8f8	func_0016e8f8	36	straight	lift	exact	100.00	ghidra:exact:100.0;e3:near:92.67;m2c:near:89.8
0016e920	_ZN2Tz6JmInfo12GetCharaDataEj	504	branchy	m2c	near	76.63	lift:near:74.8;ghidra:near:37.04
0016eb18	func_0016eb18	44	straight	corpus	exact	100.00	ghidra:exact:100.0;m2c:near:99.55;lift:near:39.09
0016eb48	_Z16u_tail4_0016eb48jjjj	520	loop	m2c	near	88.22	lift:near:85.15;ghidra:near:65.79
0016ed50	_ZN2YS8OBJENTRY11ReadRequestEjii	472	branchy	lift	near	74.39	ghidra:near:0.0;m2c:compile:0.0
0016f000	func_0016f000	1072	float	lift	near	95.03	m2c:near:90.18;ghidra:near:78.23
0016f470	func_0016f470	68	branchy	lift	exact	100.00	m2c:exact:100.0;ghidra:near:56.94
0016f4b8	func_0016f4b8	100	branchy	lift	exact	100.00	m2c:near:82.81;ghidra:near:57.24
0016f520	func_0016f520	240	branchy	lift	near	89.73	m2c:near:89.65;ghidra:near:29.84;e3:near:14.76
0016f610	func_0016f610	144	branchy	lift	near	49.64	ghidra:near:48.62;m2c:compile:0.0
0016f6a0	_ZNK2YS8OBJENTRY16get_weapon_entryEi	64	branchy	typed	exact	100.00	lift:exact:100.0;m2c:exact:100.0;ghidra:near:94.12;corpus:near:86.75
0016f6f8	func_0016f6f8	120	branchy	e3	near	68.47	lift:near:44.5;ghidra:near:40.97;m2c:near:16.27
0016f770	func_0016f770	48	branchy	ghidra	exact	100.00	m2c:exact:100.0;e3:near:41.12;lift:near:23.46
0016f7b0	func_0016f7b0	28	straight	lift	near	70.57	ghidra:near:70.57;m2c:near:62.2
0016f7d0	_ZN2YS8OBJENTRY18GetCacheBuffStatusEjPKS0_	252	branchy	lift	exact	100.00	m2c:near:97.48;ghidra:near:85.25
0016f8d0	func_0016f8d0	96	branchy	lift	near	80.83	m2c:near:63.85;ghidra:near:61.61
0016f930	func_0016f930	64	loop	lift	exact	100.00	m2c:near:68.62;ghidra:near:63.41
0016f970	func_0016f970	116	loop	lift	near	93.13	ghidra:near:91.1;m2c:near:81.9
0016f9e8	func_0016f9e8	108	loop	lift	near	44.07	ghidra:near:25.59;m2c:near:20.56
0016fa58	func_0016fa58	44	straight	lift	exact	100.00	m2c:exact:100.0;ghidra:near:75.18
0016fac8	func_0016fac8	52	straight	twins	exact	100.00	ghidra:near:84.62;m2c:compile:0.0
0016fb00	func_0016fb00	48	straight	lift	exact	100.00	ghidra:near:98.33;m2c:near:71.46
0016fc10	func_0016fc10	404	loop	lift	near	34.22	ghidra:near:30.68;m2c:near:8.92
0016fda8	func_0016fda8	540	loop	lift	near	61.64	m2c:near:57.53;ghidra:near:6.31
0016ffc8	func_0016ffc8	80	branchy	lift	near	80.25	m2c:near:71.4;ghidra:near:42.2
00170018	func_00170018	204	loop	lift	near	74.76	m2c:near:61.53;ghidra:near:33.83
001700e8	func_001700e8	120	loop	lift	near	72.54	ghidra:near:50.61;m2c:near:20.87
00170188	func_00170188	180	loop	ghidra	near	20.33	m2c:near:0.0
00170240	_Z16ctarget_00170240jjjj	160	loop	lift	near	36.56	ghidra:near:24.02;m2c:near:16.73
001702e0	_Z16ctarget_001702e0jjjj	60	loop	lift	near	49.20	ghidra:near:39.87;m2c:near:23.53
00170320	_ZN2YS10CACHE_BUFF5ClearEi	136	loop	ghidra	near	38.59	m2c:near:25.97
001703a8	_Z16wtarget_001703a8jjjj	84	loop	lift	near	95.38	ghidra:near:95.38;m2c:near:90.95
00170400	_ZN2YS10CACHE_BUFF14ReadRequestSubEPKcij	276	branchy	m2c	near	78.03	lift:near:51.59;ghidra:near:31.72
00170530	func_00170530	60	straight	lift	exact	100.00	m2c:near:78.0;ghidra:near:68.27;e3:near:45.87
001705a8	func_001705a8	200	loop	lift	near	80.58	m2c:near:69.63;ghidra:near:60.94;e3:near:49.05
00170670	func_00170670	356	loop	lift	near	81.93	m2c:near:62.17;ghidra:near:40.42
001707d8	func_001707d8	172	loop	m2c	near	93.13	lift:near:87.98;ghidra:near:76.96
001708f8	_ZN2YS10CACHE_BUFF5AllocEPKci	88	branchy	lift	near	88.18	m2c:near:85.45;ghidra:near:70.0
00170a90	func_00170a90	160	loop	lift	near	35.65	m2c:near:34.6;ghidra:near:27.85
00170b30	func_00170b30	204	loop	lift	near	90.53	ghidra:near:82.82;m2c:near:53.91
00170c50	func_00170c50	124	loop	lift	near	58.65	ghidra:near:34.94;m2c:near:12.87
00170cd0	_ZN2YS10CACHE_BUFF10IsFlushingEv	72	branchy	lift	near	60.00	ghidra:near:48.89;m2c:near:38.95
00170d38	func_00170d38	116	branchy	m2c	near	96.60	ghidra:near:83.65;lift:near:74.5
00170dd0	func_00170dd0	72	loop	lift	near	96.67	ghidra:near:88.89;e3:near:41.11;m2c:near:41.11
00170e80	func_00170e80	100	loop	lift	near	79.20	ghidra:near:3.16;m2c:compile:0.0
00170ee8	func_00170ee8	76	branchy	lift	near	39.63	ghidra:near:39.63;m2c:near:39.53
00170f98	func_00170f98	148	float	lift	near	56.37	e3:near:38.11;m2c:near:36.54;ghidra:near:26.35
00171150	func_00171150	44	float	lift	exact	100.00	m2c:near:63.09;ghidra:near:51.82
00171268	func_00171268	72	float	m2c	near	69.17	lift:near:68.68;ghidra:near:61.11
001712b0	func_001712b0	72	float	lift	near	71.84	ghidra:near:68.89;m2c:near:65.83
00171348	_ZN2YS13trap_obj_hideEP8BD_VALUE	44	straight	lift	exact	100.00	m2c:near:99.09;ghidra:near:78.36;e3:near:38.59
00171378	_ZN2YS13trap_obj_showEP8BD_VALUE	44	straight	lift	exact	100.00	m2c:near:99.09;ghidra:near:78.36;e3:near:38.59
001713f0	func_001713f0	40	float	ghidra	near	73.00	lift:near:39.5;m2c:near:39.5
00171418	func_00171418	72	branchy	lift	near	97.44	m2c:near:97.44;ghidra:near:41.97
00171480	func_00171480	48	straight	lift	near	64.50	ghidra:near:32.92;m2c:near:27.07
00171518	func_00171518	76	branchy	twins	exact	100.00	lift:near:84.42;m2c:near:60.04;ghidra:near:46.47
00171640	func_00171640	80	float	lift	exact	100.00	m2c:exact:100.0;ghidra:near:34.6
00171690	func_00171690	44	float	ghidra	near	74.55	lift:near:62.09;m2c:near:62.09
00171810	_ZN2YS14trap_obj_voiceEP8BD_VALUE	52	straight	lift	exact	100.00	ghidra:near:98.46;m2c:near:98.46;e3:near:30.03
00171848	func_00171848	80	branchy	lift	exact	100.00	m2c:exact:100.0;ghidra:near:94.29;e3:near:27.04
00171910	func_00171910	32	float	lift	exact	100.00	m2c:exact:100.0;corpus:near:74.75;ghidra:near:74.38
00171930	func_00171930	48	straight	lift	near	64.50	ghidra:near:32.92;m2c:near:27.07
00171a40	func_00171a40	48	float	lift	exact	100.00	m2c:near:66.17;ghidra:near:55.75
00171a70	func_00171a70	88	straight	lift	exact	100.00	ghidra:exact:100.0;m2c:compile:0.0
00171c60	func_00171c60	92	branchy	lift	near	85.38	m2c:near:82.79;ghidra:near:80.65
00171e58	_ZN2YS20trap_obj_leave_forceEP8BD_VALUE	44	straight	lift	exact	100.00	m2c:near:99.09;ghidra:near:78.36;e3:near:38.59
00171ea8	func_00171ea8	88	float	lift	near	86.55	m2c:near:56.31;ghidra:near:51.15
00171fa8	func_00171fa8	96	branchy	ghidra	near	21.83	m2c:near:8.62
00172078	func_00172078	44	float	lift	near	79.55	m2c:near:79.55;ghidra:near:61.09
00172158	func_00172158	124	float	lift	near	80.62	ghidra:near:79.74;m2c:near:76.62
001721d8	_ZN2YS20trap_obj_jump_directEP8BD_VALUE	52	straight	lift	exact	100.00	ghidra:near:98.46;m2c:near:98.46;e3:near:40.24
00172260	func_00172260	132	float	lift	near	76.00	m2c:near:68.55;ghidra:near:68.39
001722e8	func_001722e8	124	float	lift	near	80.62	ghidra:near:79.74;m2c:near:76.62
00172368	func_00172368	52	float	m2c	near	38.69	lift:near:38.08;ghidra:near:32.69
001723d0	_ZN2YS13trap_obj_idleEP8BD_VALUE	56	straight	lift	exact	100.00	ghidra:exact:100.0;m2c:exact:100.0;e3:near:28.4
00172440	func_00172440	68	float	lift	exact	100.00	m2c:exact:100.0;ghidra:near:82.41;e3:near:6.19
001727c8	func_001727c8	52	float	lift	exact	100.00	m2c:exact:100.0;ghidra:near:58.62
00172830	func_00172830	36	float	lift	exact	100.00	m2c:exact:100.0;ghidra:near:76.11
00172890	func_00172890	76	branchy	twins	exact	100.00	lift:near:84.42;m2c:near:60.04;ghidra:near:46.47
00172928	func_00172928	92	float	ghidra	near	94.13	lift:near:82.61;m2c:near:66.48;e3:near:30.02
00172a10	func_00172a10	64	branchy	lift	exact	100.00	m2c:exact:100.0;ghidra:near:93.53;e3:near:30.17
00172a80	func_00172a80	96	branchy	lift	exact	100.00	m2c:exact:100.0;ghidra:near:91.67
00172ae0	_ZN2YS15trap_obj_add_hpEP8BD_VALUE	72	straight	lift	exact	100.00	ghidra:exact:100.0;m2c:exact:100.0;e3:near:40.38
00172ba8	_ZN2gm24trap_obj_search_by_entryEP8BD_VALUE	48	straight	lift	exact	100.00	ghidra:exact:100.0;m2c:exact:100.0;e3:near:49.42
00172bd8	_ZN2YS25trap_obj_search_by_serialEP8BD_VALUE	48	straight	lift	exact	100.00	e3:exact:100.0;ghidra:exact:100.0;m2c:exact:100.0
00172c08	_ZN2YS23trap_obj_search_by_partEP8BD_VALUE	48	straight	lift	exact	100.00	e3:exact:100.0;ghidra:exact:100.0;m2c:exact:100.0
00172c38	func_00172c38	100	loop	lift	exact	100.00	m2c:near:55.2;ghidra:near:40.28;e3:near:37.58
00172e48	func_00172e48	60	straight	lift	exact	100.00	ghidra:exact:100.0;m2c:exact:100.0
00172f00	func_00172f00	44	straight	lift	exact	100.00	ghidra:exact:100.0;m2c:near:81.82
00172fb0	func_00172fb0	84	straight	lift	near	62.82	m2c:near:56.38;ghidra:near:0.0
00173008	func_00173008	124	straight	m2c	near	46.10	ghidra:near:3.71
00173270	_ZN2YS21method_message_is_endEP8BD_VALUE	40	straight	lift	exact	100.00	m2c:near:98.0;corpus:near:82.83;ghidra:near:77.4
001732c8	_ZN2YS17trap_bg_cross_posEP8BD_VALUE	56	straight	lift	near	98.43	e3:near:98.43;ghidra:near:98.43;m2c:near:98.43;corpus:near:70.64
00173348	func_00173348	108	branchy	lift	near	89.04	m2c:near:70.25;ghidra:near:42.61;e3:near:33.59
001733f8	func_001733f8	88	float	lift	near	56.61	ghidra:near:49.52;m2c:near:40.33
00173518	func_00173518	64	float	ghidra	near	88.06	m2c:near:63.33;lift:near:43.85
00173558	func_00173558	84	float	lift	near	85.90	m2c:near:52.84;ghidra:near:44.12;e3:near:30.04
001735b0	func_001735b0	92	float	lift	near	87.13	m2c:near:56.85;ghidra:near:35.5;e3:near:20.49
00173808	func_00173808	52	float	m2c	near	38.69	lift:near:38.08;ghidra:near:32.69
00173878	func_00173878	156	branchy	m2c	near	66.90	ghidra:near:58.9;lift:near:56.97
00173918	func_00173918	104	branchy	lift	near	97.23	m2c:near:93.52;ghidra:near:49.14
001739b8	func_001739b8	104	branchy	lift	near	97.23	m2c:near:93.52;ghidra:near:49.14
00173ce8	func_00173ce8	128	vu0	lift	near	83.84	m2c:near:13.53;ghidra:near:0.0
00173dc0	func_00173dc0	76	branchy	twins	exact	100.00	lift:near:84.42;m2c:near:60.04;ghidra:near:46.47
00173e10	func_00173e10	40	float	ghidra	near	73.00	lift:near:39.5;m2c:near:39.5
00173e38	func_00173e38	44	float	lift	exact	100.00	m2c:exact:100.0;ghidra:near:69.0
00173f08	func_00173f08	96	float	lift	near	85.00	m2c:near:73.92;ghidra:near:43.33
00173f68	func_00173f68	140	float	lift	near	94.46	ghidra:near:46.61;m2c:compile:0.0
00174060	func_00174060	44	float	ghidra	near	73.64	lift:near:44.55;m2c:near:44.55
00174168	func_00174168	40	float	ghidra	near	73.00	lift:near:39.5;m2c:near:39.5
001741e0	_ZN2YS24trap_player_capture_formEP8BD_VALUE	44	straight	lift	exact	100.00	e3:exact:100.0;ghidra:exact:100.0;m2c:exact:100.0
00174290	func_00174290	104	straight	lift	exact	100.00	ghidra:exact:100.0;m2c:near:79.03
00174518	func_00174518	64	float	lift	exact	100.00	ghidra:near:88.25;m2c:near:83.06
00174728	func_00174728	44	float	m2c	near	69.91	lift:near:69.5;ghidra:near:31.25
00174858	func_00174858	68	straight	lift	exact	100.00	ghidra:exact:100.0;m2c:near:63.06
00174af8	func_00174af8	48	float	ghidra	near	93.00	lift:near:81.5;m2c:near:63.92
00174b28	func_00174b28	32	float	lift	near	67.50	m2c:near:67.5;ghidra:near:66.88
00174b88	func_00174b88	32	float	lift	near	67.50	m2c:near:67.5;ghidra:near:66.88
00174ba8	_ZN2YS16trap_camera_warpEP8BD_VALUE	32	straight	lift	exact	100.00	e3:exact:100.0;twins:exact:100.0;corpus:exact:100.0;ghidra:exact:100.0;m2c:exact:100.0
00174bc8	_ZN2YS17trap_camera_resetEP8BD_VALUE	32	straight	lift	exact	100.00	e3:exact:100.0;twins:exact:100.0;corpus:exact:100.0;ghidra:exact:100.0;m2c:exact:100.0
00174d18	func_00174d18	32	float	lift	exact	100.00	m2c:exact:100.0;corpus:near:74.75;ghidra:near:74.38
00174d98	_ZN2YS14trap_camera_atEP8BD_VALUE	72	straight	lift	exact	100.00	m2c:exact:100.0;e3:near:38.28;ghidra:near:30.28
00174e10	func_00174e10	40	straight	ghidra	near	81.50	lift:near:58.5;m2c:near:48.33
00174e38	func_00174e38	284	vu0	lift	near	60.68	ghidra:near:0.0;m2c:near:0.0
00175108	func_00175108	36	straight	corpus	near	98.67	lift:near:75.22;ghidra:near:75.22;m2c:near:75.22
001751f8	_ZN2YS20trap_prize_appear_trEP8BD_VALUE	32	straight	corpus	near	87.56	lift:near:66.75;e3:near:66.75;ghidra:near:66.75;m2c:near:66.75
001752e0	func_001752e0	32	float	lift	exact	100.00	m2c:exact:100.0;corpus:near:74.75;ghidra:near:74.38;e3:near:15.35
00175328	func_00175328	36	straight	corpus	near	98.67	lift:near:75.22;ghidra:near:75.22;m2c:near:75.22
00175370	_ZN2YS19trap_tutorial_pauseEP8BD_VALUE	108	straight	lift	exact	100.00	m2c:near:99.96;ghidra:near:55.39;e3:near:53.47
00175480	func_00175480	36	float	lift	exact	100.00	ghidra:near:86.56;m2c:near:32.67
001754d0	_ZN2YS17trap_treasure_getEP8BD_VALUE	48	straight	lift	exact	100.00	e3:exact:100.0;ghidra:exact:100.0;m2c:exact:100.0
001755a4	func_001755a4	204	loop	stub	compile	0.00	ghidra:compile:0.0;m2c:compile:0.0
00175670	func_00175670	288	branchy	lift	near	83.86	m2c:near:74.33;ghidra:near:44.03
00175790	func_00175790	288	branchy	lift	near	83.86	m2c:near:74.33;ghidra:near:44.03
00175928	func_00175928	196	loop	typed	exact	100.00	lift:exact:100.0;m2c:near:99.78;ghidra:near:78.47
001759f0	func_001759f0	124	loop	lift	near	78.23	m2c:near:78.15;ghidra:near:75.24
00175a70	func_00175a70	136	loop	lift	exact	100.00	m2c:near:99.38;ghidra:near:87.66
00175b68	_ZN2YS5PARTY14_OVR_post_execEv	80	branchy	lift	near	66.20	m2c:near:65.38;ghidra:near:54.33;e3:near:44.35
00175bb8	func_00175bb8	208	float	m2c	near	47.75	ghidra:near:29.68;lift:near:0.0
00175c88	_ZN2YS5PARTY12exec_commandERNS_7COMMANDE	732	branchy	m2c	near	87.19	lift:near:68.36;ghidra:near:16.8
00175f68	_Z16wtarget_00175f68jjjj	512	branchy	m2c	near	76.12	lift:near:67.75;ghidra:near:0.0
00176168	func_00176168	240	float	ghidra	near	73.01	lift:near:65.49;m2c:near:61.15;e3:near:44.66
00176258	func_00176258	100	loop	lift	exact	100.00	m2c:near:99.96;ghidra:near:41.88
001762f8	_ZN2YS5PARTY16_OVR_exec_damageEPNS_6DAMAGEE	348	branchy	lift	near	71.77	ghidra:near:59.08;m2c:compile:0.0
00176458	func_00176458	452	float	m2c	near	44.23	ghidra:near:41.3;lift:near:0.0
00176620	func_00176620	92	float	typed	exact	100.00	lift:exact:100.0;m2c:near:64.48;ghidra:near:64.08
00176680	func_00176680	224	vu0	lift	near	79.89	ghidra:near:27.05;m2c:near:10.04
00176818	func_00176818	76	float	lift	exact	100.00	m2c:near:78.89;ghidra:near:75.25
00176868	func_00176868	264	float	ghidra	near	85.67	m2c:near:37.7;lift:near:12.93
00176970	func_00176970	236	vu0	lift	near	80.31	ghidra:near:46.5;m2c:compile:0.0
00176a90	func_00176a90	140	float	m2c	near	68.40	ghidra:near:66.28;lift:near:37.17
00176b58	_ZN2YS5PARTY9GetByPartEi	136	loop	m2c	exact	100.00	ghidra:near:63.82;lift:near:34.21
00176be0	_ZN2YS5PARTY11prize_recovEf	136	float	lift	exact	100.00	m2c:near:76.83;ghidra:near:68.0
00176c68	func_00176c68	100	float	lift	near	90.93	m2c:near:69.41;ghidra:near:47.82
00176cd0	func_00176cd0	152	branchy	lift	near	95.64	ghidra:near:80.98;m2c:near:68.06
00176d68	_ZN2YS5PARTY10voice_partEi	72	straight	lift	exact	100.00	m2c:exact:100.0;ghidra:near:78.95;corpus:near:77.5
00176dd8	_ZN2YS5PARTY9exec_itemEPKNS_12COMMAND_ELEMERNS_6TARGETEi	160	float	lift	near	94.50	m2c:near:45.67;ghidra:near:26.52
00176f00	_ZN2YS5PARTY12exec_mpdriveEv	172	float	lift	near	90.98	m2c:near:81.33;ghidra:near:51.82
00177008	func_00177008	944	vu0	lift	near	70.72	ghidra:near:26.99;m2c:near:0.0
001773b8	func_001773b8	164	vu0	lift	near	48.22	ghidra:near:23.56;m2c:compile:0.0
00177460	_ZN2YS5PARTY4hookEPNS_2VME	52	straight	lift	near	98.46	ghidra:near:98.46;m2c:near:98.46
00177540	func_00177540	104	loop	lift	exact	100.00	m2c:near:99.58;ghidra:near:58.32
001775f8	func_001775f8	60	straight	lift	exact	100.00	ghidra:exact:100.0;corpus:near:99.8;m2c:near:76.88
00177638	func_00177638	60	straight	lift	exact	100.00	ghidra:exact:100.0;corpus:near:99.8;m2c:near:76.88
00177760	func_00177760	236	branchy	lift	near	84.95	m2c:near:71.69;ghidra:near:8.28
00177a38	func_00177a38	32	branchy	lift	exact	100.00	ghidra:exact:100.0;m2c:near:60.0
00177a58	func_00177a58	28	branchy	lift	exact	100.00	ghidra:near:80.0;m2c:near:62.14
00177a78	func_00177a78	60	branchy	lift	exact	100.00	ghidra:exact:100.0;m2c:near:78.67
00177ab8	func_00177ab8	232	branchy	m2c	near	84.90	ghidra:near:65.74;lift:near:36.51
00177ba0	func_00177ba0	84	branchy	lift	near	91.30	m2c:near:82.29;ghidra:near:78.77
00177bf8	func_00177bf8	84	branchy	lift	near	91.30	m2c:near:82.29;ghidra:near:78.77
00177c50	func_00177c50	224	float	e3	compile	0.00	ghidra:near:61.16;lift:near:53.6;m2c:near:33.89
00177dc8	func_00177dc8	388	branchy	lift	near	85.02	ghidra:near:69.08;m2c:near:56.53
00177f50	func_00177f50	388	branchy	lift	near	85.02	ghidra:near:69.08;m2c:near:56.53
00178100	func_00178100	168	branchy	lift	near	69.12	m2c:near:53.95;ghidra:near:46.79;e3:near:19.91
001781e8	func_001781e8	56	straight	lift	exact	100.00	ghidra:exact:100.0;m2c:exact:100.0
00178220	func_00178220	96	straight	m2c	near	13.50	ghidra:near:0.0
00178280	_ZN2YS6PLAYER14_OVR_leave_reqEv	72	branchy	typed	exact	100.00	lift:exact:100.0;m2c:near:94.63;ghidra:near:78.18
00178330	_Z16ctarget_00178330jjjj	376	vu0	ghidra	near	0.00	m2c:near:0.0
001784a8	func_001784a8	196	float	lift	near	86.57	m2c:near:75.65;ghidra:near:42.83
00178570	func_00178570	72	vu0	lift	near	88.89	m2c:near:55.5;ghidra:near:30.71
001785b8	func_001785b8	292	vu0	lift	near	82.46	m2c:near:9.32;ghidra:near:0.0
001786e0	func_001786e0	116	vu0	lift	near	79.03	m2c:near:44.48;ghidra:near:39.61
00178758	_ZN2YS6PLAYER13_OVR_pre_execEv	304	float	lift	near	85.13	m2c:near:83.99;ghidra:near:54.89
001788b8	_ZN2YS6PLAYER9_OVR_execEv	252	vu0	lift	near	83.14	ghidra:near:72.39;m2c:near:37.3
001789b8	_Z16wtarget_001789b8jjjj	148	float	lift	near	90.62	m2c:near:66.97;ghidra:near:46.02
00178a50	func_00178a50	148	branchy	m2c	near	66.97	lift:near:58.47;e3:near:49.69;ghidra:near:46.05
00178ae8	func_00178ae8	264	branchy	lift	near	76.71	ghidra:near:45.36;e3:near:0.0;m2c:near:0.0
00178bf0	func_00178bf0	260	vu0	lift	near	49.39	m2c:near:33.34;ghidra:near:15.6
00178cf8	_ZN2YS6PLAYER9move_stopEv	48	vu0	lift	near	44.58	ghidra:near:35.33;m2c:near:0.0
00178d28	func_00178d28	340	float	m2c	near	77.91	lift:near:62.49;ghidra:near:49.93
00178fe8	func_00178fe8	212	branchy	m2c	near	84.64	lift:near:78.09;ghidra:near:71.86
001790c0	func_001790c0	136	vu0	lift	near	84.26	m2c:near:69.68;ghidra:near:55.84
00179148	func_00179148	156	branchy	ghidra	near	60.05	m2c:near:54.08;e3:near:7.74;lift:near:0.0
001791e8	func_001791e8	284	vu0	lift	near	74.75	m2c:near:54.97;ghidra:near:45.0
00179308	func_00179308	328	float	m2c	near	70.54	lift:near:62.78;ghidra:near:57.99
00179450	func_00179450	220	float	m2c	near	84.48	ghidra:near:67.33;e3:near:59.93;lift:near:0.0
00179530	func_00179530	276	float	ghidra	near	65.23	m2c:near:65.04;lift:near:0.0
00179648	func_00179648	156	branchy	lift	near	67.03	m2c:near:65.77;ghidra:near:64.35
00179718	_ZN2YS6PLAYER19exec_barrier_effectEv	384	float	lift	near	95.11	m2c:near:49.39;e3:near:39.28;ghidra:near:35.24
001798d8	func_001798d8	396	float	lift	near	60.00	m2c:near:48.79;ghidra:near:12.22
00179a68	_ZN2YS6PLAYER9add_driveEf	252	float	lift	near	72.04	m2c:near:39.7;ghidra:near:29.85
00179b68	func_00179b68	96	branchy	ghidra	near	65.25	m2c:near:65.25;lift:near:44.21
00179c80	func_00179c80	52	branchy	m2c	exact	100.00	lift:near:59.21;ghidra:near:33.0
00179cb8	func_00179cb8	276	branchy	lift	near	83.67	m2c:near:44.06;ghidra:near:39.23
00179e18	func_00179e18	48	straight	typed	exact	100.00	lift:exact:100.0;m2c:exact:100.0;ghidra:near:73.31
00179f58	func_00179f58	40	straight	lift	exact	100.00	twins:exact:100.0;corpus:exact:100.0;ghidra:exact:100.0;m2c:exact:100.0;e3:near:32.83
00179f80	func_00179f80	76	straight	lift	near	93.26	m2c:near:93.26;ghidra:near:78.96;e3:near:43.37
00179fd0	_ZN2YS6PLAYER6AppearEPKNS_8OBJENTRYEiRKN2kn7FVectorEf	484	float	m2c	near	92.33	lift:near:76.33;ghidra:near:56.51
0017a1c8	_ZN2YS6BTLOBJ6VTABLEINS_6PLAYEREE11exec_damageEPS0_PNS_6DAMAGEE	60	straight	lift	exact	100.00	ghidra:exact:100.0;m2c:exact:100.0
0017a230	func_0017a230	44	straight	lift	exact	100.00	m2c:exact:100.0;ghidra:near:84.23
0017a2d0	_ZN2YS6PLAYER18check_message_wallEv	220	vu0	lift	near	67.76	ghidra:near:13.09;m2c:near:12.29
0017a418	func_0017a418	100	branchy	lift	near	74.00	m2c:near:61.0;ghidra:near:46.84
0017a538	_ZN2YS6PLAYER11is_changingEv	84	branchy	e3	near	84.71	m2c:near:77.62;ghidra:near:47.67;lift:near:37.67
0017a600	func_0017a600	124	float	typed	exact	100.00	lift:exact:100.0;m2c:near:95.0;ghidra:near:73.82
0017a6c8	func_0017a6c8	76	branchy	e3	exact	100.00	ghidra:near:84.7;m2c:near:69.9;lift:near:42.32
0017a718	func_0017a718	124	loop	lift	exact	100.00	m2c:near:76.94;ghidra:near:69.22
0017a7e0	_Z16wtarget_0017a7e0jjjj	212	branchy	lift	near	88.13	m2c:near:76.61;ghidra:near:50.96
0017a8f8	_Z13func_0017a8f8Pv	64	straight	ghidra	near	83.75	m2c:near:65.24;lift:near:61.88;e3:near:17.16
0017a938	func_0017a938	48	straight	lift	exact	100.00	ghidra:exact:100.0;m2c:near:82.92;corpus:near:65.42;e3:near:0.0
0017a968	_Z16ctarget_0017a968jjjj	124	float	lift	near	46.94	ghidra:near:44.33;m2c:near:40.34;e3:near:0.0
0017a9e8	func_0017a9e8	204	float	lift	near	28.61	ghidra:near:18.39;m2c:near:0.0
0017aad0	_Z16wtarget_0017aad0jjjj	5160	float	lift	near	65.62	ghidra:near:64.21;e3:near:0.0;m2c:compile:0.0
0017c030	func_0017c030	112	float	m2c	near	67.78	ghidra:near:66.57;lift:compile:0.0
0017c0a0	func_0017c0a0	104	float	ghidra	near	68.96	lift:near:60.92;m2c:near:37.37
0017c108	func_0017c108	88	float	lift	near	87.73	ghidra:near:77.73;m2c:near:54.95
0017c160	func_0017c160	304	float	m2c	near	87.80	lift:near:82.41;ghidra:near:63.07;e3:near:0.0
0017c430	_ZN2YS3OBJ19prepare_jump_heightEf	148	float	m2c	near	63.27	ghidra:near:0.0
0017c4c8	_ZN2YS3OBJ12prepare_jumpERKN2kn7FVectorE	172	vu0	lift	near	81.26	ghidra:near:0.0;m2c:near:0.0
0017c578	_Z13func_0017c578Pv	232	float	lift	near	67.93	m2c:near:55.93;ghidra:near:45.33
0017c690	func_0017c690	480	float	m2c	near	78.53	ghidra:near:15.55;e3:near:0.0;lift:compile:0.0
0017c870	func_0017c870	128	float	ghidra	near	48.45	m2c:near:47.27;lift:near:16.62
0017c8f0	func_0017c8f0	64	float	lift	exact	100.00	ghidra:near:63.75;m2c:near:46.19;e3:near:0.0
0017c930	func_0017c930	344	float	lift	near	68.67	m2c:near:46.13;ghidra:near:29.31
0017ca88	func_0017ca88	188	float	m2c	near	62.70	ghidra:near:36.93;lift:near:17.49
0017cb78	func_0017cb78	124	float	lift	exact	100.00	ghidra:near:73.19;m2c:near:72.26
0017cc30	_Z16wtarget_0017cc30jjjj	212	float	lift	near	85.56	m2c:near:62.74;ghidra:near:50.09
0017cd20	func_0017cd20	240	float	lift	near	82.22	ghidra:near:52.15;m2c:near:36.38
0017ce10	_ZN2YS4MATH9FixRadianEf	112	float	lift	exact	100.00	m2c:near:38.32;ghidra:near:23.6;e3:near:14.63
0017ce80	func_0017ce80	128	float	ghidra	near	53.80	lift:near:0.0;m2c:compile:0.0
0017cf00	_ZN2YS4MATH12GetScreenPosERKN2kn7FVectorE	332	vu0	lift	near	62.92	ghidra:near:0.0;m2c:near:0.0
0017d050	_ZN2YS4MATH13VectorToAngleERKN2kn7FVectorE	148	vu0	lift	near	88.65	ghidra:near:30.64;m2c:near:17.62
0017d160	_ZN2YS4MATH11VectorAngleERKN2kn7FVectorES4_	116	vu0	lift	near	74.50	m2c:near:37.66;ghidra:near:15.55
0017d1d8	func_0017d1d8	364	vu0	lift	near	30.55	m2c:near:26.84;ghidra:near:1.23
0017d348	func_0017d348	492	vu0	lift	near	63.46	m2c:near:0.0;ghidra:compile:0.0
0017d538	_ZN2YS4MATH10VectorRotYERKN2kn7FVectorEf	176	vu0	lift	near	77.56	ghidra:near:0.0;m2c:near:0.0
0017d5e8	func_0017d5e8	176	vu0	lift	near	77.56	ghidra:near:0.0;m2c:near:0.0
0017d698	func_0017d698	172	vu0	lift	near	83.77	ghidra:near:0.0;m2c:near:0.0
0017d748	func_0017d748	376	float	lift	near	65.87	ghidra:near:33.19;m2c:compile:0.0
0017d8c0	func_0017d8c0	112	float	lift	near	83.36	m2c:near:45.21;ghidra:near:29.44
0017d930	func_0017d930	52	loop	ghidra	exact	100.00	m2c:near:75.38;lift:near:70.0;e3:near:42.04
0017d968	func_0017d968	296	float	m2c	near	68.78	ghidra:near:40.09;lift:near:39.49
0017da90	func_0017da90	296	float	m2c	near	68.78	ghidra:near:40.09;lift:near:39.49
0017dbb8	func_0017dbb8	80	branchy	lift	exact	100.00	m2c:exact:100.0;ghidra:near:72.27
0017dc98	_ZN2YS3OBJ6VTABLEINS_6FRIENDEE8pre_execEPS0_	40	straight	lift	exact	100.00	twins:exact:100.0;corpus:exact:100.0;ghidra:exact:100.0;m2c:exact:100.0
0017dcc0	_ZN2YS6FRIEND9exec_stunEv	432	float	m2c	near	66.42	lift:near:22.94;ghidra:near:0.0
0017de70	func_0017de70	76	float	ghidra	exact	100.00	lift:near:65.52;m2c:near:29.58
0017dec0	_ZN2YS6FRIEND4InitEv	36	straight	e3	compile	0.00	lift:near:70.44;ghidra:near:70.44;m2c:near:58.0
0017dfc8	func_0017dfc8	100	branchy	lift	exact	100.00	m2c:exact:100.0;ghidra:near:97.2;e3:near:62.46
0017e138	func_0017e138	212	float	lift	near	65.66	m2c:near:30.32;ghidra:near:24.8
0017e280	_ZN2YS6FRIEND19can_sacrifice_leaveEv	140	loop	lift	near	49.14	e3:near:28.97;ghidra:near:7.92;m2c:compile:0.0
0017e358	func_0017e358	96	branchy	twins	exact	100.00	m2c:exact:100.0;ghidra:near:96.0;lift:near:81.17
0017e418	_ZN2YS6FRIEND6AppearEPKNS_8OBJENTRYERKN2kn7FVectorEf	220	float	lift	near	87.29	m2c:near:79.11;ghidra:near:11.75
0017e4f8	func_0017e4f8	368	vu0	lift	near	71.32	ghidra:near:27.45;m2c:near:17.99
0017e720	func_0017e720	232	float	m2c	near	84.75	lift:near:80.05;ghidra:near:71.55
0017e808	_Z16wtarget_0017e808jjjj	44	float	lift	exact	100.00	m2c:near:88.0;ghidra:near:57.73
0017e9d0	func_0017e9d0	404	float	lift	near	75.67	m2c:near:57.39;ghidra:near:47.33
0017eb68	func_0017eb68	44	straight	lift	near	75.27	ghidra:near:75.27;m2c:near:75.27
0017eb98	func_0017eb98	44	straight	lift	near	75.27	ghidra:near:75.27;m2c:near:75.27
0017ec98	func_0017ec98	272	loop	ghidra	near	66.53	e3:near:65.72;m2c:near:44.72;lift:near:40.46
0017edf0	func_0017edf0	120	branchy	ghidra	near	71.67	m2c:near:50.0;lift:near:47.73
0017ee68	func_0017ee68	124	branchy	typed	exact	100.00	lift:exact:100.0;ghidra:exact:100.0;m2c:exact:100.0;e3:near:34.38
0017eee8	func_0017eee8	184	float	ghidra	near	54.83	e3:near:10.83;lift:compile:0.0;m2c:compile:0.0
0017efa0	_ZN2YS6MOTION12start_motionEPNS_6BINARCEff	468	float	lift	near	76.62	m2c:near:65.55;ghidra:near:60.9
0017f178	func_0017f178	236	float	lift	near	73.39	m2c:near:66.83;ghidra:near:36.14
0017f268	func_0017f268	276	float	m2c	near	75.19	lift:near:58.39;ghidra:near:55.23
0017f380	_ZN2YS6MOTION11clear_queueEv	88	loop	lift	near	95.00	ghidra:near:51.09;m2c:near:48.55
0017f3d8	_Z16wtarget_0017f3d8jjjj	84	float	ghidra	near	76.71	lift:near:32.0;m2c:near:25.25
0017f488	_Z13func_0017f488iiff	88	float	twins	exact	100.00	lift:near:99.09;e3:near:65.6;m2c:near:62.64;ghidra:near:31.32
0017f4e0	func_0017f4e0	96	branchy	m2c	exact	100.00	ghidra:near:82.62;lift:near:77.62
0017f620	func_0017f620	792	vu0	lift	near	62.92	ghidra:near:14.53;m2c:near:0.0
0017f938	func_0017f938	612	float	lift	near	81.10	m2c:near:71.25;ghidra:near:0.0
0017fba0	_ZN2YS6MOTION4calcEPN2kn7FMatrixE	380	float	lift	near	84.82	m2c:near:79.83;ghidra:near:57.16
0017fdf8	func_0017fdf8	20	vu0	ghidra	near	61.80	lift:near:48.0;m2c:near:0.0
0017fe10	func_0017fe10	224	vu0	m2c	near	40.91	ghidra:near:31.43;lift:compile:0.0
0017fef0	func_0017fef0	120	vu0	lift	near	71.40	ghidra:near:47.55;m2c:near:19.23
0017ff68	func_0017ff68	140	vu0	lift	near	44.69	ghidra:near:16.61;m2c:near:12.06
00180058	func_00180058	340	float	lift	near	91.76	m2c:near:71.52;ghidra:near:29.15
001801b0	_ZN2YS6MOTION8_CaptureEPNS_3OBJEPNS_6BINARCEPN3ryj3PAXES2_fPi	296	float	lift	near	94.82	m2c:near:61.51;ghidra:near:54.53
00180378	_ZN2YS6MOTION7captureEPNS_3OBJEif	140	float	lift	near	87.71	m2c:near:80.29;ghidra:near:53.15
00180408	func_00180408	64	branchy	lift	near	90.00	m2c:near:70.62;ghidra:near:51.84;e3:near:29.06
00180448	func_00180448	200	float	m2c	near	79.14	lift:near:73.13;ghidra:near:31.57;e3:near:0.0
001805a8	_ZN2YS6MOTION8is_existEi	64	straight	lift	exact	100.00	ghidra:exact:100.0;m2c:exact:100.0;e3:near:36.02
001805e8	_ZN2YS6MOTION17reset_anmatr_flagEv	44	straight	lift	near	62.45	ghidra:near:42.45;m2c:near:42.45
00180618	_Z16ctarget_00180618jjjj	128	float	m2c	near	88.68	e3:near:53.23;lift:near:46.54;ghidra:near:27.21
00180770	func_00180770	44	straight	lift	near	85.00	ghidra:near:85.0;m2c:near:85.0;e3:near:72.86
00180828	_Z16wtarget_00180828jjjj	148	loop	lift	near	87.02	m2c:near:61.7;ghidra:near:42.36
001808c0	_ZN2YS6MOTION14make_ik_adjustEPN2kn8IKAdjustE	336	float	m2c	near	62.00	lift:near:55.7;ghidra:near:0.0
00180a10	func_00180a10	252	loop	m2c	near	47.35	ghidra:near:46.38
00180b10	func_00180b10	136	loop	lift	near	86.53	m2c:near:82.15;ghidra:near:58.67
00180b98	func_00180b98	160	loop	lift	near	90.46	ghidra:near:50.56;m2c:near:30.79
00180c88	func_00180c88	72	float	lift	near	88.89	ghidra:near:86.56;m2c:near:65.0
00180ce0	func_00180ce0	96	branchy	typed	exact	100.00	lift:exact:100.0;m2c:exact:100.0;ghidra:near:84.57
00180d40	_Z16wtarget_00180d40jjjj	68	loop	lift	near	85.72	m2c:near:84.65;ghidra:near:72.22
00180dc0	func_00180dc0	52	loop	lift	exact	100.00	corpus:near:94.85;m2c:near:44.79;ghidra:near:44.07
00180e28	func_00180e28	200	loop	m2c	near	98.56	lift:near:85.37;e3:near:67.76;ghidra:near:56.1
00180ef0	func_00180ef0	56	loop	permute	exact	100.00	lift:near:99.86;ghidra:near:51.07;m2c:near:0.0
00180f28	_ZN2YS8PROGRESS4ReadEv	592	loop	m2c	near	63.00	lift:near:57.53;ghidra:near:52.82;e3:near:0.0
00181178	_ZN2YS8PROGRESS7SetFlagEi	832	switch	lift	near	70.70	ghidra:near:35.65;m2c:compile:0.0
001814b8	func_001814b8	68	straight	ghidra	near	74.71	lift:near:56.47;m2c:near:25.0
00181500	_ZN2YS8PROGRESS9CheckFlagEi	80	branchy	lift	near	45.20	e3:near:36.38;m2c:near:28.75;ghidra:near:22.18
00181570	_ZN2YS8PROGRESS11CheckAndSetEii	92	branchy	e3	exact	100.00	m2c:near:94.5;ghidra:near:92.0;lift:near:91.6
001815d0	func_001815d0	156	switch	m2c	near	99.97	ghidra:near:84.33;lift:near:77.97
00181670	_ZN2YS8PROGRESS7CheckLMEv	260	branchy	lift	exact	100.00	m2c:near:84.7;ghidra:near:70.51
001817f0	func_001817f0	100	loop	lift	exact	100.00	m2c:near:99.88;ghidra:near:80.96
001819c0	func_001819c0	88	branchy	ghidra	near	62.00	m2c:near:59.73;e3:near:59.68;lift:near:48.14
00181a18	func_00181a18	88	branchy	ghidra	near	62.00	m2c:near:59.73;lift:near:48.14
00181a90	_ZN2YS13TEST_PROGRESS8set_flagEi	64	straight	m2c	near	72.29	lift:near:64.76;ghidra:near:64.76;e3:near:10.56
00181ad0	func_00181ad0	204	branchy	ghidra	near	81.56	m2c:near:74.39
00181cc0	func_00181cc0	112	loop	lift	near	55.30	m2c:near:38.36;ghidra:near:4.25
00181da0	_ZNK2YS8AREADATA8SETINDEX10parse_codeEPKNS0_4CODEE	1248	float	m2c	near	68.63	lift:near:66.63;ghidra:near:65.63
00182280	func_00182280	332	switch	m2c	near	91.78	lift:near:82.72;ghidra:near:76.88
001823d0	func_001823d0	700	float	lift	near	77.13	ghidra:near:44.35;m2c:near:31.05
001826e0	_Z13func_001826e0v	24	float	lift	exact	100.00	e3:exact:100.0;m2c:near:74.75;ghidra:near:26.25
001826f8	_Z13func_001826f8jjjjjjjj	36	float	lift	exact	100.00	e3:exact:100.0;m2c:near:81.64;ghidra:near:28.16
00182720	_Z16wtarget_00182720jjjj	60	branchy	lift	near	75.88	ghidra:near:48.95;m2c:near:0.0
00182838	func_00182838	40	branchy	lift	exact	100.00	m2c:exact:100.0;ghidra:near:85.45
001829b0	func_001829b0	196	loop	m2c	near	95.60	lift:near:93.28;ghidra:near:80.8
00182ab0	func_00182ab0	100	loop	ghidra	near	95.20	lift:near:90.0;m2c:near:89.26
00182b18	_ZN2YS4UNIT11ActivateAllEv	164	loop	lift	near	93.37	ghidra:near:82.83;m2c:near:78.24
00182bc0	func_00182bc0	160	loop	m2c	near	88.49	ghidra:near:78.07;lift:near:63.88
00182c60	func_00182c60	288	loop	lift	near	74.12	ghidra:near:67.67;m2c:near:36.72
00182d80	_Z16u_call0_00182d80v	108	loop	lift	exact	100.00	ghidra:exact:100.0;m2c:near:96.32;e3:near:39.98
00182e08	_ZN2YS4UNIT7GetPathEi	140	loop	lift	near	93.77	m2c:near:68.71;ghidra:near:31.51
00182e98	_ZN2YS4UNIT11GetPathByIDEi	140	loop	lift	near	93.77	m2c:near:68.71;ghidra:near:31.51
00182f38	_ZN2YS4UNIT12InitMinigameEv	104	loop	lift	near	90.38	ghidra:near:87.46;m2c:near:85.52
00182fa0	_Z16wtarget_00182fa0jjjj	168	loop	lift	near	83.51	m2c:near:83.31;ghidra:near:63.76
00183088	_ZN2YS3OBJ4moveEv	1300	vu0	ghidra	near	0.00	m2c:compile:0.0
001835a0	func_001835a0	84	float	typed	exact	100.00	lift:exact:100.0;m2c:near:81.6;ghidra:near:60.52
001835f8	func_001835f8	368	vu0	lift	near	65.16	ghidra:near:16.32;m2c:near:5.37
00183768	func_00183768	84	vu0	lift	near	88.52	ghidra:near:0.0;m2c:near:0.0
001837c0	func_001837c0	136	vu0	lift	near	73.62	ghidra:near:0.0;m2c:near:0.0
00183848	func_00183848	204	loop	ghidra	near	94.26	m2c:compile:0.0
00183918	func_00183918	1960	vu0	ghidra	near	0.00	m2c:compile:0.0
001840c0	func_001840c0	300	vu0	lift	near	77.51	ghidra:near:0.0;m2c:near:0.0
001841f0	func_001841f0	204	branchy	typed	exact	100.00	lift:exact:100.0;m2c:near:50.94;ghidra:near:41.59
00184308	func_00184308	204	branchy	typed	exact	100.00	lift:exact:100.0;m2c:near:50.94;ghidra:near:41.59
001843d8	func_001843d8	156	float	lift	exact	100.00	m2c:near:71.03;ghidra:near:65.36
00184478	func_00184478	112	float	permute	exact	100.00	m2c:near:97.68;ghidra:near:60.9;lift:near:28.56
00184540	_Z13func_00184540jjff	352	vu0	m2c	near	4.09	ghidra:near:0.0;lift:compile:0.0
001846a0	func_001846a0	84	vu0	lift	near	88.52	ghidra:near:0.0;m2c:near:0.0
001846f8	_ZN2YS3OBJ11fly_to_jumpEv	136	float	m2c	near	40.82	lift:near:21.94;ghidra:near:16.54
00184780	func_00184780	564	vu0	ghidra	near	14.83	m2c:near:6.17;lift:compile:0.0
001849d8	_Z13func_001849d8j	180	float	lift	near	85.11	m2c:near:41.3;ghidra:near:14.44
00184ad0	_ZN2YS3OBJ11turn_to_dirERKN2kn7FVectorEf	224	float	m2c	near	77.00	ghidra:near:50.35;lift:near:47.82
00184bb0	_ZN2YS3OBJ26get_belt_conveyor_movementEv	772	vu0	lift	near	76.06	ghidra:near:2.98;m2c:near:0.0
00184eb8	func_00184eb8	216	float	lift	near	93.18	m2c:near:92.57;ghidra:near:87.58;e3:near:85.47
00184f90	_Z16ctarget_00184f90jjjj	192	float	typed	exact	100.00	lift:exact:100.0;m2c:near:87.94;e3:near:83.04;ghidra:near:78.64
00185050	_Z16wtarget_00185050jjjj	80	branchy	e3	exact	100.00	lift:near:90.68;ghidra:near:74.9;m2c:near:74.9
001850a0	func_001850a0	120	vu0	lift	near	82.33	ghidra:near:59.15;m2c:near:12.23
00185138	func_00185138	320	vu0	lift	near	61.71	ghidra:near:21.77;m2c:compile:0.0
001852b8	func_001852b8	116	float	lift	near	54.14	ghidra:near:51.33;m2c:near:30.94
00185330	func_00185330	312	float	lift	near	89.92	m2c:near:83.76;ghidra:near:64.31
00185468	func_00185468	312	float	lift	near	89.92	m2c:near:83.76;ghidra:near:64.31
00185770	func_00185770	272	float	lift	near	54.04	m2c:near:41.53;ghidra:near:34.1
00185890	func_00185890	124	branchy	lift	near	56.94	ghidra:near:42.06;e3:near:9.84;m2c:compile:0.0
00185920	func_00185920	104	branchy	lift	exact	100.00	m2c:near:86.63;ghidra:near:63.0;e3:near:48.79
00185988	func_00185988	160	branchy	typed	exact	100.00	lift:exact:100.0;m2c:near:94.62;ghidra:near:80.5
00185a28	func_00185a28	64	straight	lift	exact	100.00	m2c:near:98.12;ghidra:near:76.75
00185a68	func_00185a68	44	straight	m2c	near	97.73	lift:near:81.82;ghidra:near:80.0
00185a98	func_00185a98	40	straight	lift	exact	100.00	ghidra:near:98.0;m2c:near:98.0;corpus:near:82.83;e3:near:0.0
00185b00	_Z16ctarget_00185b00jjjj	112	float	lift	exact	100.00	ghidra:near:70.7;m2c:near:39.24
00185b70	func_00185b70	112	float	lift	exact	100.00	ghidra:near:70.7;m2c:near:39.24
00185c48	func_00185c48	108	float	typed	exact	100.00	lift:exact:100.0;m2c:near:83.16;ghidra:near:39.61
00185d10	func_00185d10	132	branchy	lift	exact	100.00	ghidra:near:83.47;m2c:near:0.0
00185da8	_ZN2YS5ENEMY4EachEPS0_	52	loop	m2c	exact	100.00	e3:near:82.0;lift:near:80.0;ghidra:near:73.0
00185de0	_Z16ctarget_00185de0jjjj	64	branchy	lift	exact	100.00	ghidra:near:94.12;m2c:near:90.47;e3:near:49.38
00185e20	_ZN2YS5ENEMY12StopStartAllEi	88	float	lift	near	98.86	ghidra:near:95.91;m2c:near:44.32
00185e78	func_00185e78	92	loop	lift	near	98.91	ghidra:near:89.2;m2c:near:53.7;e3:near:53.27
00185ed8	func_00185ed8	148	float	m2c	near	70.86	lift:near:49.48;ghidra:near:5.95
00185f70	func_00185f70	148	float	m2c	near	70.86	lift:near:49.48;ghidra:near:5.95
00186078	func_00186078	52	loop	m2c	exact	100.00	e3:near:82.0;lift:near:80.0;ghidra:near:73.0
001860b0	func_001860b0	92	vu0	lift	near	55.87	ghidra:near:7.11;m2c:near:0.0
00186110	func_00186110	56	switch	lift	exact	100.00	corpus:near:95.57;ghidra:near:13.5;m2c:near:13.14
001863a8	func_001863a8	204	float	lift	near	92.77	m2c:near:88.54;ghidra:near:55.65
00186478	func_00186478	208	float	ghidra	near	61.69	m2c:near:57.96;lift:near:55.9
00186590	func_00186590	268	vu0	lift	near	61.28	ghidra:near:57.15;m2c:near:24.4
00186740	func_00186740	324	vu0	lift	near	73.96	ghidra:near:46.21;m2c:near:37.01
00186888	_ZN2YS6BTLOBJ4blowERKN2kn7FVectorE	188	vu0	lift	near	73.79	ghidra:near:0.0;m2c:near:0.0
00186948	func_00186948	60	straight	typed	exact	100.00	lift:exact:100.0;ghidra:exact:100.0;m2c:exact:100.0
00186988	_ZN2YS6BTLOBJ17exec_damage_largeEPNS_6DAMAGEEf	260	vu0	lift	near	80.45	ghidra:near:34.74;m2c:near:23.6
00186a90	_ZN2YS6BTLOBJ11set_hitbackERKN2kn7FVectorEf	256	vu0	lift	near	69.88	m2c:near:18.84;ghidra:near:15.89
00186b90	func_00186b90	200	vu0	lift	near	55.23	m2c:near:47.94;ghidra:near:5.18
00186c58	func_00186c58	140	float	lift	near	53.66	ghidra:near:25.94;m2c:near:19.57
00186ce8	_ZN2YS6BTLOBJ16is_damage_motionEv	44	branchy	lift	near	62.91	ghidra:near:55.64;m2c:near:55.64;e3:near:2.55
00186d18	func_00186d18	44	branchy	lift	near	62.91	ghidra:near:55.64;m2c:near:55.64;e3:near:2.55
00186d48	func_00186d48	372	branchy	ghidra	near	67.59	lift:near:61.78;m2c:compile:0.0
00186ec0	func_00186ec0	280	branchy	ghidra	near	82.11	m2c:near:81.3;lift:near:68.38
00187018	_ZN2YS6BTLOBJ20exec_reflect_defaultEPNS_6ATTACKES2_if	432	vu0	lift	near	67.57	m2c:near:47.23;ghidra:near:36.85
001871c8	_Z16u_call4_001871c8jjjj	280	vu0	lift	near	71.87	m2c:near:37.9;ghidra:near:13.13
00187300	_Z16u_call4_00187300jjjj	256	vu0	lift	near	69.27	ghidra:near:24.56;m2c:near:3.27
00187420	func_00187420	124	float	lift	near	93.33	m2c:near:81.11;ghidra:near:70.19
001874a0	func_001874a0	124	float	lift	near	93.33	m2c:near:81.11;ghidra:near:70.19
00187520	_ZN2YS6BTLOBJ11_OVR_add_hpEiib	304	branchy	lift	near	75.13	ghidra:near:4.84;m2c:near:0.0
00187650	_ZN2YS6BTLOBJ6add_mpEib	216	float	lift	near	61.67	ghidra:near:56.22;m2c:near:54.96
001877a0	_ZN2YS6BTLOBJ12bind_hitmarkEPN3ryj3PAXEi	116	float	lift	exact	100.00	ghidra:near:78.34;m2c:near:77.28
00187920	func_00187920	204	branchy	m2c	near	80.90	lift:near:65.41;ghidra:near:48.04
00187a18	func_00187a18	160	loop	lift	near	94.00	ghidra:near:74.64;m2c:compile:0.0
00187ab8	_Z16ctarget_00187ab8jjjj	116	loop	lift	near	85.28	ghidra:near:85.28;m2c:near:75.97;e3:near:0.0
00187b90	_Z17ctarget0_00187b90v	84	branchy	lift	near	90.10	m2c:near:86.52;ghidra:near:75.32
00187be8	func_00187be8	180	branchy	m2c	near	80.43	lift:near:72.62;ghidra:near:56.22
00187ca0	_ZN2YS3ACT4execEv	384	float	m2c	near	60.55	lift:near:55.68;ghidra:near:46.17
00187e58	_ZN2YS3ACT16is_damage_motionEv	152	branchy	ghidra	near	38.69	lift:near:38.39;m2c:near:23.0
00187ef0	func_00187ef0	160	branchy	ghidra	near	48.78	lift:near:30.24;m2c:near:26.74
00187fd8	func_00187fd8	216	branchy	lift	near	79.51	m2c:near:62.5;ghidra:near:62.16
00188170	_ZN2YS3ACT9pri_startEPc	132	branchy	typed	exact	100.00	lift:exact:100.0;m2c:near:88.48;ghidra:near:74.58
001882a8	func_001882a8	152	branchy	ghidra	near	73.10	m2c:near:67.97
00188398	func_00188398	60	branchy	lift	near	94.67	m2c:near:94.67;ghidra:near:94.0
001883f8	func_001883f8	56	straight	ghidra	near	73.20	lift:near:54.86;m2c:near:53.94
00188430	func_00188430	60	straight	ghidra	near	80.18	lift:near:65.38;m2c:near:60.61
00188470	func_00188470	92	float	lift	near	27.61	ghidra:near:18.83;m2c:near:0.0
001884d0	func_001884d0	128	branchy	m2c	near	84.65	lift:near:54.22;ghidra:near:35.83
00188550	func_00188550	284	float	ghidra	near	25.54	m2c:near:19.72
00188670	func_00188670	96	loop	lift	near	88.00	m2c:near:76.58;ghidra:near:39.87
001886d0	func_001886d0	104	branchy	m2c	near	81.26	ghidra:near:59.23;lift:near:34.5
00188758	func_00188758	128	branchy	m2c	near	81.91	ghidra:near:78.84;lift:near:57.06
001888c8	func_001888c8	128	loop	lift	near	99.31	ghidra:near:99.16;m2c:near:24.34
00188958	_ZN2YS7PARTRAM12set_item_maxEi	204	loop	lift	near	85.94	ghidra:near:77.55;m2c:near:76.08
00188a28	func_00188a28	156	loop	lift	near	28.62	m2c:near:10.54;ghidra:near:4.82;e3:near:0.0
00188ac8	func_00188ac8	156	loop	e3	near	85.82	m2c:near:81.28;lift:near:75.31;ghidra:near:56.46
00188b68	_ZN2YS7PARTRAM11add_abilityEib	72	loop	lift	near	77.28	ghidra:near:51.26;m2c:near:13.68;e3:near:10.71
00188bb0	func_00188bb0	72	branchy	typed	exact	100.00	lift:exact:100.0;ghidra:exact:100.0;m2c:near:94.63
00188c30	func_00188c30	468	loop	permute	exact	100.00	lift:near:99.15;ghidra:near:97.71;m2c:near:90.67
00188e08	func_00188e08	440	loop	permute	exact	100.00	lift:near:99.09;ghidra:near:97.56;m2c:near:90.08
00188fe0	_ZN2YS14SAVERAM_BATTLE11get_partramEi	68	branchy	m2c	exact	100.00	lift:near:92.65;ghidra:near:53.75;e3:near:47.61
00189028	func_00189028	60	straight	lift	exact	100.00	ghidra:exact:100.0;corpus:near:99.33;m2c:near:99.33
001890a8	func_001890a8	96	branchy	lift	exact	100.00	e3:exact:100.0;m2c:exact:100.0;ghidra:near:85.56
001891b8	_ZN2YS7FORMRAM11set_abilityEi	68	loop	typed	exact	100.00	lift:exact:100.0;ghidra:exact:100.0;e3:near:17.1;m2c:near:12.78
00189200	_ZN2YS14SAVERAM_BATTLE11get_formramEi	40	branchy	lift	exact	100.00	ghidra:exact:100.0;m2c:exact:100.0;e3:near:0.0
00189228	func_00189228	44	branchy	lift	near	81.64	m2c:near:70.91;e3:near:61.18;ghidra:near:61.18
001892d8	func_001892d8	1124	float	lift	near	84.68	ghidra:near:79.07;m2c:near:73.47
00189d38	func_00189d38	220	branchy	lift	near	83.89	m2c:near:69.68;ghidra:near:44.98
00189e18	func_00189e18	260	branchy	ghidra	near	51.37	lift:near:44.34;m2c:near:42.62
00189f20	func_00189f20	232	float	ghidra	near	81.29	lift:compile:0.0;m2c:compile:0.0
0018a008	func_0018a008	248	float	ghidra	near	60.32	lift:compile:0.0;m2c:compile:0.0
0018a100	func_0018a100	96	loop	e3	near	96.67	lift:near:55.75;ghidra:near:24.75;m2c:compile:0.0
0018a1b8	func_0018a1b8	96	loop	e3	near	80.80	lift:near:43.32;ghidra:near:43.0;m2c:compile:0.0
0018a250	func_0018a250	196	vu0	lift	near	46.72	ghidra:near:0.0;m2c:near:0.0
0018a318	func_0018a318	264	vu0	m2c	near	20.23	ghidra:near:15.49
0018a420	func_0018a420	184	vu0	lift	near	49.45	m2c:near:5.2;ghidra:near:0.0
0018a4d8	func_0018a4d8	116	vu0	ghidra	near	22.46	lift:near:21.79;m2c:near:0.0
0018a550	func_0018a550	288	branchy	lift	near	68.89	ghidra:near:36.18;m2c:compile:0.0
0018a670	func_0018a670	348	vu0	ghidra	near	2.31	m2c:near:0.0
0018a818	_ZN2YS9COLLISION3setEPNS_3OBJEPKNS_14COLLISION_ELEME	320	vu0	lift	near	43.90	ghidra:near:11.52;m2c:near:0.0
0018a970	func_0018a970	336	vu0	lift	near	56.39	ghidra:near:0.0;m2c:near:0.0
0018aba0	func_0018aba0	220	float	lift	near	66.53	ghidra:near:32.91;m2c:near:0.0
0018ad18	func_0018ad18	276	loop	lift	near	75.26	ghidra:near:0.0;m2c:near:0.0
0018b010	func_0018b010	180	vu0	lift	near	75.96	ghidra:near:0.0;m2c:near:0.0
0018b110	func_0018b110	136	float	lift	exact	100.00	m2c:near:71.08;ghidra:near:64.95
0018b200	_ZN2YS3NPC12before_checkEv	108	branchy	lift	exact	100.00	m2c:exact:100.0;e3:near:97.63;ghidra:near:63.41
0018b288	func_0018b288	172	vu0	lift	near	97.67	m2c:near:60.7;ghidra:near:60.24
0018b338	_ZN2YS3NPC10after_talkEf	316	float	m2c	near	84.34	lift:near:72.68;ghidra:near:62.8
0018b478	func_0018b478	892	vu0	ghidra	near	24.53	lift:near:22.63;m2c:near:0.01
0018b7f8	func_0018b7f8	232	float	lift	near	63.36	m2c:near:59.66;ghidra:near:30.47
0018b8e0	func_0018b8e0	164	branchy	m2c	near	77.05	ghidra:near:66.16;lift:near:64.3
0018ba28	func_0018ba28	188	float	lift	near	95.74	m2c:near:63.21;ghidra:near:48.57
0018bae8	func_0018bae8	136	loop	ghidra	near	91.24	lift:near:81.53;m2c:near:78.47;e3:near:21.75
0018bbf8	_Z16ctarget_0018bbf8jjjj	100	branchy	lift	near	99.60	m2c:near:97.6;ghidra:near:91.12
0018bc60	func_0018bc60	240	loop	lift	near	57.35	ghidra:near:54.1;m2c:near:12.53
0018bd50	func_0018bd50	172	branchy	ghidra	near	83.16	lift:near:76.21;m2c:near:67.12;e3:near:0.0
0018be00	func_0018be00	412	vu0	lift	near	49.33	ghidra:near:18.04;m2c:near:0.0
0018bfa0	func_0018bfa0	428	vu0	ghidra	near	0.00	m2c:near:0.0;lift:compile:0.0
0018c150	func_0018c150	236	float	lift	near	55.02	m2c:near:49.84;ghidra:near:15.94
0018c258	func_0018c258	432	vu0	lift	near	54.91	m2c:near:0.09;ghidra:near:0.0
0018c490	func_0018c490	148	float	m2c	near	68.60	ghidra:near:54.48;lift:near:0.0
0018c528	func_0018c528	64	switch	corpus	near	62.44	ghidra:near:36.71
0018c598	_Z16u_call4_0018c598jjjj	184	float	m2c	near	70.57	ghidra:near:62.06;lift:near:36.8
0018c650	func_0018c650	536	float	m2c	near	43.01	ghidra:near:39.96;lift:compile:0.0
0018c868	_Z16wtarget_0018c868jjjj	44	float	lift	exact	100.00	m2c:near:88.0;ghidra:near:57.73
0018c8f0	_ZN2YS6DAMAGE5AllocEPNS_6ATTACKEPKNS_11ATTACKPARAMEPNS_6BTLOBJEi	112	straight	lift	exact	100.00	ghidra:near:98.21;m2c:near:69.07
0018ca48	_ZN2YS6DAMAGE15GetReactionTypeEi	56	switch	corpus	near	71.00	ghidra:near:42.27;e3:near:12.14
0018caf8	_ZNK2YS6DAMAGE9is_normalEv	56	switch	typed	exact	100.00	lift:exact:100.0;ghidra:near:99.86;m2c:near:99.86;corpus:near:95.57;e3:near:47.9
0018cb30	_ZN2YS6DAMAGE11get_hitbackEv	500	vu0	lift	near	74.73	ghidra:near:35.18;m2c:near:34.02
0018cd28	func_0018cd28	164	float	lift	near	71.78	ghidra:near:71.78;m2c:near:71.76
0018ce08	func_0018ce08	240	vu0	lift	near	82.83	m2c:near:21.43;ghidra:near:19.97
0018cf18	_Z16wtarget_0018cf18jjjj	248	loop	m2c	near	87.75	lift:near:82.98;ghidra:near:77.85
0018d050	func_0018d050	484	branchy	lift	near	74.69	ghidra:near:66.41;e3:near:53.95;m2c:near:40.72
0018d238	func_0018d238	484	branchy	lift	near	74.69	ghidra:near:66.41;e3:near:53.95;m2c:near:40.72
0018d420	func_0018d420	224	loop	lift	near	86.53	ghidra:near:78.27;m2c:near:23.86
0018d590	func_0018d590	144	branchy	lift	exact	100.00	m2c:exact:100.0;ghidra:near:80.21;e3:near:0.0
0018d620	func_0018d620	280	loop	m2c	near	90.63	lift:near:86.01;ghidra:near:44.38
0018d738	_ZN2YS6ATTACK4InitEv	84	straight	e3	near	99.76	lift:near:90.14;m2c:near:76.04;ghidra:near:67.14
0018d790	_Z16u_call0_0018d790v	116	loop	lift	near	96.41	m2c:near:83.68;e3:near:53.07;ghidra:near:49.79
0018d808	func_0018d808	52	straight	lift	near	83.38	m2c:near:83.38;ghidra:near:53.09;e3:near:0.0
0018d840	func_0018d840	256	vu0	lift	near	66.42	ghidra:near:0.0;m2c:near:0.0
0018d940	_Z16ctarget_0018d940jjjj	212	branchy	e3	near	88.02	lift:near:50.55;ghidra:near:36.2;m2c:compile:0.0
0018da18	func_0018da18	288	branchy	ghidra	near	80.36	m2c:near:77.57;e3:near:74.62;lift:near:72.0
0018db38	_ZN2YS6ATTACK6strikeEPNS_6BTLOBJEii	156	branchy	lift	near	89.10	ghidra:near:76.0;m2c:near:66.43
0018dbd8	_ZN2YS6ATTACK6is_hitEv	80	branchy	m2c	near	83.25	ghidra:near:67.25;lift:near:39.7
0018dc28	func_0018dc28	408	float	lift	near	67.78	m2c:near:5.64;ghidra:near:0.0
0018ddc0	func_0018ddc0	460	branchy	lift	near	82.76	ghidra:near:62.73;m2c:near:57.14
0018df90	func_0018df90	176	vu0	lift	near	87.57	ghidra:near:0.0;m2c:near:0.0
0018e040	func_0018e040	152	loop	lift	near	76.79	ghidra:near:27.12;m2c:near:0.0
0018e0d8	func_0018e0d8	48	branchy	ghidra	near	60.67	lift:near:55.25;m2c:near:39.14
0018e108	func_0018e108	56	branchy	lift	near	95.93	m2c:near:95.93;ghidra:near:25.56;e3:near:13.29
0018e160	func_0018e160	308	vu0	ghidra	near	0.00	m2c:near:0.0
0018e298	func_0018e298	388	branchy	lift	near	88.80	m2c:near:53.2;ghidra:near:50.6
0018e420	func_0018e420	628	float	lift	near	60.90	ghidra:near:0.0;m2c:near:0.0
0018e698	func_0018e698	296	vu0	lift	near	65.35	m2c:near:32.04;ghidra:near:28.19
0018e7c0	func_0018e7c0	300	branchy	lift	near	96.97	m2c:near:74.44;ghidra:near:24.35
0018e8f0	func_0018e8f0	332	vu0	lift	near	81.08	ghidra:near:29.58;m2c:near:0.0
0018eaf8	func_0018eaf8	156	float	ghidra	near	63.86	m2c:near:63.94;e3:near:62.45;lift:near:62.08
0018eb98	func_0018eb98	384	loop	m2c	near	96.88	lift:near:86.57;ghidra:near:86.02
0018ed18	_ZN2YS19ATTACK_WORK_MANAGER5checkEv	244	loop	m2c	near	60.79	ghidra:near:48.2;e3:near:31.16
0018ee60	func_0018ee60	260	branchy	lift	near	78.14	m2c:near:75.68;ghidra:near:70.59;e3:near:70.3
0018ef68	func_0018ef68	44	straight	typed	exact	100.00	lift:exact:100.0;ghidra:exact:100.0;m2c:near:81.82
0018ef98	func_0018ef98	80	loop	m2c	near	47.00	ghidra:near:30.87
0018f070	_ZN2YS6ATTACK8is_existEv	64	loop	lift	near	95.50	e3:near:48.94;ghidra:near:37.69;m2c:compile:0.0
0018f0b0	func_0018f0b0	80	float	lift	near	36.15	ghidra:near:22.7;m2c:near:16.05
0018f218	func_0018f218	48	straight	lift	exact	100.00	ghidra:near:99.17;m2c:near:99.17
0018f248	func_0018f248	52	float	lift	near	84.23	ghidra:near:77.85;m2c:near:68.38;e3:near:13.92
0018f2a8	func_0018f2a8	40	float	ghidra	near	73.00	lift:near:39.5;m2c:near:39.5
0018f2d0	func_0018f2d0	40	float	ghidra	near	73.00	lift:near:39.5;m2c:near:39.5
0018f3a8	func_0018f3a8	100	loop	ghidra	near	99.60	lift:near:93.92;m2c:near:56.32;e3:near:55.38
0018f770	_ZN2YS19trap_attack_set_posEP8BD_VALUE	32	straight	corpus	near	87.56	lift:near:66.75;e3:near:66.75;ghidra:near:66.75;m2c:near:66.75
0018f858	func_0018f858	48	straight	lift	exact	100.00	e3:exact:100.0;corpus:exact:100.0;ghidra:exact:100.0;m2c:exact:100.0
0018f8a0	_ZN2YS20trap_attack_get_typeEP8BD_VALUE	32	straight	corpus	near	87.56	lift:near:66.75;ghidra:near:66.75;m2c:near:66.75;e3:near:18.62
0018f940	func_0018f940	104	branchy	lift	near	88.62	m2c:near:66.9;ghidra:near:41.08
0018f9b8	func_0018f9b8	44	float	lift	near	80.36	ghidra:near:74.73;m2c:near:61.64
0018fab0	func_0018fab0	136	branchy	lift	exact	100.00	m2c:near:99.71;ghidra:near:99.41;e3:near:36.52
0018fb70	func_0018fb70	36	straight	corpus	near	98.67	lift:near:75.22;ghidra:near:75.22;m2c:near:75.22
0018fc20	_ZN2YS27trap_attack_set_hitmark_posEP8BD_VALUE	32	straight	corpus	near	87.56	lift:near:66.75;e3:near:66.75;ghidra:near:66.75;m2c:near:66.75
0018fcc0	func_0018fcc0	32	float	lift	near	67.50	m2c:near:67.5;ghidra:near:66.88
0018fd10	func_0018fd10	48	straight	lift	exact	100.00	corpus:exact:100.0;ghidra:exact:100.0;m2c:exact:100.0
0018fd40	func_0018fd40	44	float	corpus	near	62.55	ghidra:near:60.55;lift:near:26.27;m2c:near:25.0;e3:near:9.27
0018fde0	func_0018fde0	44	float	corpus	near	63.64	lift:near:63.09;ghidra:near:61.18;m2c:near:39.45
0018fe48	func_0018fe48	56	straight	lift	exact	100.00	ghidra:exact:100.0;m2c:exact:100.0;corpus:near:71.43
0018fe80	func_0018fe80	104	branchy	lift	near	99.62	m2c:near:99.62;ghidra:near:55.19
0018fee8	func_0018fee8	60	straight	lift	exact	100.00	ghidra:exact:100.0;m2c:exact:100.0
001900d0	func_001900d0	84	loop	lift	exact	100.00	ghidra:near:86.62;m2c:near:68.24;e3:near:44.39
00190140	_ZNK2YS6TARGET8is_existEv	64	branchy	m2c	near	56.25	ghidra:near:55.31;e3:near:48.19;lift:near:28.44
001902a8	_ZNK2YS6TARGET14make_collisionEPNS_9COLLISIONE	224	vu0	lift	near	84.80	m2c:near:69.64;ghidra:near:21.77
00190388	func_00190388	72	straight	lift	near	38.00	ghidra:near:37.65;m2c:near:29.67;e3:near:19.39
001903d0	func_001903d0	216	vu0	lift	near	93.39	m2c:near:65.56;ghidra:near:35.65
001904a8	func_001904a8	72	straight	lift	near	38.00	ghidra:near:37.65;m2c:near:29.67
001904f0	_ZNK2YS6TARGET26make_talk_camera_collisionEPNS_9COLLISIONE	124	float	lift	near	96.56	m2c:near:79.52;e3:near:79.38;ghidra:near:59.92
00190570	func_00190570	272	loop	ghidra	near	47.43	m2c:near:35.61
001906f0	_ZN2YS6TARGET8get_distERKN2kn7FVectorE	64	straight	lift	near	61.50	m2c:near:51.95;ghidra:near:11.62
00190730	_ZN2YS6TARGET4eachEPKNS_14COLLISION_ELEME	172	loop	ghidra	near	65.78	e3:near:48.81;m2c:near:43.81
001907e0	_ZN2YS6TARGET3dupEv	92	straight	lift	near	84.08	m2c:near:83.84;ghidra:near:47.82;e3:near:45.2
00190920	_Z16wtarget_00190920jjjj	112	switch	ghidra	near	17.82	e3:near:14.75
00190a28	func_00190a28	84	branchy	m2c	near	95.36	lift:near:86.14;ghidra:near:80.91
00190a80	func_00190a80	176	branchy	m2c	near	90.11	lift:near:85.83;ghidra:near:75.29
00190b30	func_00190b30	476	vu0	ghidra	near	22.43	m2c:compile:0.0
00190d10	func_00190d10	620	vu0	ghidra	near	39.74	m2c:compile:0.0
00190f80	_ZN2YS6TARGET18search_auto_lockonEPNS_6PLAYEREf	664	vu0	ghidra	near	37.41	m2c:near:17.22
00191218	func_00191218	384	vu0	ghidra	near	30.51	m2c:near:23.18
001913d8	func_001913d8	640	vu0	ghidra	near	34.32	m2c:compile:0.0
00191758	func_00191758	88	float	lift	exact	100.00	ghidra:near:65.14;m2c:near:53.79
001917d0	_Z16u_tail0_001917d0v	248	float	m2c	near	65.81	lift:near:59.09;ghidra:near:43.17;e3:near:0.0
001918c8	func_001918c8	108	branchy	ghidra	near	84.45	lift:near:76.25;m2c:near:57.9
00191938	_Z16wtarget_00191938jjjj	88	branchy	lift	near	97.27	m2c:near:93.0;ghidra:near:38.26
00191a50	func_00191a50	104	branchy	m2c	near	76.42	lift:near:42.88;ghidra:near:29.96
00191ab8	func_00191ab8	168	loop	m2c	near	99.62	ghidra:near:73.31;lift:near:64.5
00191bf0	func_00191bf0	48	float	lift	exact	100.00	m2c:near:52.79;ghidra:near:30.12
00191c50	func_00191c50	52	branchy	ghidra	near	95.38	m2c:near:73.07;lift:near:33.46
00191cd8	func_00191cd8	360	vu0	lift	near	44.32	ghidra:near:0.0;m2c:near:0.0
00191e40	_ZN2YS6STATUS17IsDisableCampMenuEv	156	branchy	lift	near	57.15	m2c:near:50.6;ghidra:near:44.11
00191f20	func_00191f20	88	branchy	lift	near	87.73	m2c:near:78.64;ghidra:near:59.79
00191f78	func_00191f78	172	branchy	lift	near	95.12	m2c:near:91.59;ghidra:near:63.42
00192048	_Z16u_tail4_00192048jjjj	164	loop	m2c	near	63.04	ghidra:near:61.0;lift:near:48.41
001920f0	func_001920f0	232	loop	lift	near	59.50	m2c:near:50.47;ghidra:near:32.98
001921d8	_ZN2YS7MESSAGE11GetFilenameEi	136	branchy	m2c	near	95.77	lift:near:92.15;ghidra:near:67.47;e3:near:31.18
00192260	_ZN2YS7MESSAGE4ReadEii	48	straight	e3	exact	100.00	ghidra:exact:100.0;m2c:near:99.58;lift:near:27.0
00192290	_ZN2YS7MESSAGE4InitEii	56	straight	lift	exact	100.00	e3:exact:100.0;m2c:near:99.64;ghidra:near:74.69
001922c8	func_001922c8	88	branchy	lift	exact	100.00	m2c:near:99.77;ghidra:near:82.88
00192320	_ZN2YS7MESSAGE7SysInitEv	104	loop	lift	exact	100.00	ghidra:near:97.65;m2c:near:75.1
00192388	func_00192388	64	branchy	ghidra	near	32.81	lift:near:20.31;m2c:near:0.0
00192450	func_00192450	72	branchy	ghidra	near	66.67	lift:near:47.94;m2c:compile:0.0
00192528	_Z13func_00192528Pv	724	float	lift	near	73.00	m2c:near:13.9;ghidra:near:10.09
00192818	func_00192818	80	straight	m2c	near	21.30	lift:near:18.6;ghidra:near:0.0
00192868	func_00192868	212	loop	ghidra	near	63.36	lift:near:52.76;m2c:near:38.68
00192940	func_00192940	80	straight	m2c	near	21.30	lift:near:18.6;ghidra:near:0.0
00192990	func_00192990	240	loop	lift	near	96.40	m2c:near:18.03;ghidra:near:17.02
00192a80	func_00192a80	176	loop	lift	near	84.36	m2c:near:53.45;ghidra:near:51.07
00192b80	func_00192b80	188	loop	m2c	near	85.13	lift:near:64.65;ghidra:near:24.96
00192cc0	func_00192cc0	296	switch	ghidra	near	84.30	m2c:compile:0.0
00192e50	func_00192e50	260	loop	m2c	near	19.58	ghidra:near:16.15
00193038	func_00193038	756	float	m2c	near	21.05	ghidra:near:0.0
00193330	func_00193330	728	vu0	lift	near	58.19	ghidra:near:15.66;m2c:near:8.06
00193608	_ZN2YS3OBJ11make_matrixEv	1500	vu0	ghidra	near	0.00	m2c:near:0.0;lift:compile:0.0
00193be8	func_00193be8	336	vu0	lift	near	68.06	ghidra:near:0.0;m2c:near:0.0
00193d38	_ZN2YS3OBJ14make_matrix_lkERN2kn7FMatrixE	336	vu0	lift	near	76.92	m2c:near:20.63;ghidra:near:19.9
00193e88	func_00193e88	388	vu0	lift	near	55.97	m2c:near:2.45;ghidra:near:0.0
001940b8	func_001940b8	52	float	ghidra	near	43.38	m2c:near:21.62;lift:near:21.15
00194120	func_00194120	248	float	lift	near	85.22	m2c:near:82.84;ghidra:near:9.25
00194218	func_00194218	156	float	lift	exact	100.00	m2c:near:78.74;ghidra:near:58.27;e3:near:8.22
001942b8	func_001942b8	92	loop	lift	exact	100.00	m2c:near:99.96;ghidra:near:57.3
00194318	func_00194318	204	branchy	e3	near	84.04	m2c:near:75.62;lift:near:71.53;ghidra:near:68.58
001943e8	func_001943e8	124	float	m2c	near	82.69	ghidra:near:55.79;lift:compile:0.0
00194468	_Z16wtarget_00194468jjjj	312	switch	m2c	near	71.40	lift:near:66.81;ghidra:near:41.41
001945a0	func_001945a0	108	float	lift	near	39.70	ghidra:near:31.86;m2c:near:0.0
001947c0	_Z16ctarget_001947c0jjjj	108	branchy	m2c	near	65.50	e3:near:53.12;lift:near:45.07;ghidra:near:37.11
00194830	_Z16u_call4_00194830jjjj	68	branchy	lift	exact	100.00	m2c:near:74.71;ghidra:near:47.62
00194930	func_00194930	80	straight	lift	near	88.80	m2c:near:74.95;ghidra:near:67.24
00194980	_Z17ctarget0_00194980v	80	branchy	lift	near	59.70	m2c:near:53.4;ghidra:near:53.2
00194a30	_ZN2YS6BATTLE7SysInitEv	2276	branchy	lift	near	55.93	m2c:near:51.21;ghidra:near:42.43;e3:near:12.58
00195360	func_00195360	208	straight	lift	near	77.57	ghidra:near:68.53;m2c:near:68.32
00195468	_Z16ctarget_00195468jjjj	52	loop	lift	exact	100.00	m2c:near:69.23;ghidra:near:35.76
001954a0	_Z16wtarget_001954a0jjjj	84	branchy	lift	exact	100.00	m2c:near:85.91;ghidra:near:68.89
00195558	func_00195558	80	loop	lift	near	89.25	ghidra:near:89.25;m2c:near:89.25
001955a8	func_001955a8	296	loop	m2c	near	85.49	lift:near:84.44;ghidra:near:78.85
00195750	func_00195750	40	straight	lift	exact	100.00	corpus:exact:100.0;m2c:exact:100.0;ghidra:near:87.8
001957e8	func_001957e8	112	float	lift	near	75.52	ghidra:near:38.11;m2c:near:3.79
00195858	_Z16u_call4_00195858jjjj	120	float	e3	near	91.13	ghidra:near:75.83;lift:near:65.35;m2c:near:55.0
001958d0	func_001958d0	824	vu0	lift	near	63.99	ghidra:near:0.64;m2c:near:0.0
00195c58	func_00195c58	40	branchy	m2c	near	99.50	lift:near:80.0;corpus:near:80.0;ghidra:near:80.0
00195c80	func_00195c80	128	vu0	lift	near	86.81	ghidra:near:15.66;m2c:near:0.0
00195d00	func_00195d00	200	float	lift	near	94.12	ghidra:near:55.42;m2c:near:41.02;e3:near:0.0
00195e28	func_00195e28	172	branchy	lift	near	76.98	ghidra:near:67.62;m2c:near:63.49
00195ed8	func_00195ed8	172	branchy	lift	near	76.98	ghidra:near:67.62;m2c:near:63.49;e3:near:0.0
00195f88	_ZN2YS3OBJ6VTABLEINS_9SAVEPOINTEE5leaveEPS0_	44	straight	lift	exact	100.00	m2c:exact:100.0;ghidra:near:84.23
00196028	func_00196028	324	loop	m2c	near	67.83	lift:near:49.88;ghidra:near:41.37
00196170	func_00196170	40	straight	lift	exact	100.00	ghidra:exact:100.0;m2c:near:83.17;e3:near:62.27
00196198	func_00196198	116	branchy	lift	exact	100.00	m2c:near:93.45;ghidra:near:85.69
00196288	func_00196288	120	branchy	ghidra	near	65.40	m2c:near:62.56;lift:near:50.27
00196300	func_00196300	40	straight	lift	exact	100.00	ghidra:exact:100.0;e3:near:93.2;m2c:near:83.17
00196328	func_00196328	96	straight	ghidra	near	76.92	lift:near:73.96;e3:near:5.32;m2c:compile:0.0
00196430	func_00196430	168	branchy	ghidra	near	11.60	m2c:near:5.81;e3:near:0.0
001964d8	func_001964d8	100	straight	ghidra	near	0.00	m2c:near:0.0
00196540	func_00196540	200	branchy	lift	near	90.28	m2c:near:68.56;ghidra:near:59.02
00196618	func_00196618	88	loop	lift	near	70.43	ghidra:near:60.62;m2c:near:53.77
001966b0	func_001966b0	92	branchy	lift	near	99.91	ghidra:near:92.96;m2c:near:70.04
00196710	func_00196710	88	branchy	lift	exact	100.00	ghidra:near:95.65;m2c:near:95.61
00196768	func_00196768	136	branchy	m2c	near	82.12	lift:near:68.79;ghidra:near:56.0
001967f0	func_001967f0	148	branchy	m2c	near	99.81	lift:near:97.7;ghidra:near:31.38
00196888	func_00196888	124	loop	lift	exact	100.00	ghidra:exact:100.0;m2c:near:96.78
00196908	_ZN2YS10UNITSCRIPT5StartEPv	184	loop	ghidra	near	66.89	m2c:near:64.32;lift:near:58.2
00196a40	func_00196a40	96	loop	lift	exact	100.00	m2c:near:91.58;ghidra:near:88.29
00196aa0	func_00196aa0	136	loop	lift	exact	100.00	m2c:near:87.88;ghidra:near:65.24
00196b88	func_00196b88	100	branchy	lift	exact	100.00	ghidra:near:90.4;m2c:near:70.04
00196ca8	func_00196ca8	204	branchy	lift	near	56.84	m2c:near:49.16;ghidra:near:47.08
00196d78	func_00196d78	136	branchy	lift	near	94.09	ghidra:near:88.65;m2c:near:83.97;e3:near:48.77
00196e00	func_00196e00	136	branchy	lift	near	94.09	ghidra:near:88.65;m2c:near:83.97;e3:near:48.77
00196e98	_ZN2YS5EVENT17set_camera_targetEPNS_3OBJE	104	branchy	e3	near	89.43	m2c:near:61.76;ghidra:near:59.23;lift:near:0.0
00196f00	func_00196f00	296	float	lift	near	91.69	m2c:near:72.55;ghidra:near:70.37
00197028	func_00197028	284	float	m2c	near	80.81	e3:near:0.0;ghidra:near:0.0
00197148	func_00197148	312	float	m2c	near	62.85	lift:near:33.32;ghidra:near:0.0
00197318	func_00197318	116	float	ghidra	near	48.00	m2c:near:45.1;lift:near:43.38
00197390	func_00197390	92	float	typed	exact	100.00	lift:exact:100.0;m2c:near:91.09;ghidra:near:78.08
001973f0	func_001973f0	60	float	m2c	near	29.27	lift:near:12.0;ghidra:near:0.0
00197430	func_00197430	312	float	m2c	near	69.13	lift:near:46.49;e3:near:43.57;ghidra:near:24.71
001975a0	func_001975a0	404	branchy	m2c	near	89.45	lift:near:88.99;ghidra:near:87.04
00197738	_ZN2YS5EVENT12PrepareSceneEv	40	straight	lift	exact	100.00	ghidra:exact:100.0;m2c:exact:100.0;e3:near:62.19
00197760	_ZN2YS5EVENT10ControlOffEv	32	straight	lift	exact	100.00	e3:exact:100.0;corpus:exact:100.0;ghidra:exact:100.0;m2c:exact:100.0
00197780	_ZN2YS5EVENT9ControlOnEv	32	straight	lift	exact	100.00	e3:exact:100.0;corpus:exact:100.0;ghidra:exact:100.0;m2c:exact:100.0
00197828	func_00197828	196	float	lift	near	76.71	ghidra:near:60.72
00197930	func_00197930	164	loop	ghidra	near	69.59	e3:near:22.55;m2c:compile:0.0
001979d8	func_001979d8	40	straight	e3	compile	0.00	m2c:near:36.0;lift:near:14.0;ghidra:near:0.0
00197a00	func_00197a00	188	branchy	m2c	near	92.02	lift:near:83.62;ghidra:near:69.51;e3:near:66.34
00197ac0	func_00197ac0	52	branchy	m2c	near	84.15	lift:near:64.23;ghidra:near:64.23;e3:near:48.38
00197b98	_ZN2YS5EVENT11GetRestTimeEv	80	float	lift	near	66.75	e3:near:56.75;m2c:near:48.85;ghidra:near:44.26
00197be8	_ZN2YS5EVENT4ExitEv	60	branchy	lift	exact	100.00	twins:exact:100.0;ghidra:near:72.22;e3:near:71.94;m2c:near:68.37
00197c28	func_00197c28	100	branchy	m2c	near	66.20	lift:near:54.8;ghidra:near:32.5
00197e08	func_00197e08	56	branchy	lift	exact	100.00	e3:exact:100.0;ghidra:exact:100.0;m2c:near:61.93
00197fe0	func_00197fe0	92	straight	typed	exact	100.00	lift:exact:100.0;ghidra:near:71.3;e3:near:56.85;m2c:near:27.39
00198040	func_00198040	144	switch	lift	exact	100.00	ghidra:near:99.75;m2c:near:92.13
001980d0	func_001980d0	448	branchy	lift	near	88.76	m2c:near:83.89;ghidra:near:63.66
00198290	_ZN2YS6STDOBJC1EPKNS_8OBJENTRYEjRKN2kn7FVectorEf	448	branchy	lift	near	88.76	m2c:near:83.89;ghidra:near:63.66
00198450	func_00198450	100	float	lift	exact	100.00	m2c:near:95.2;ghidra:near:78.5;e3:near:0.0
00198580	func_00198580	176	branchy	m2c	near	95.00	lift:near:78.07;ghidra:near:75.0
00198690	_Z16wtarget_00198690jjjj	108	loop	ghidra	near	82.76	lift:near:80.78;m2c:near:54.19
00198700	func_00198700	56	loop	m2c	near	85.33	lift:near:81.43;ghidra:near:66.33
00198738	func_00198738	108	branchy	lift	near	92.43	m2c:near:78.93;ghidra:near:68.83;e3:near:10.63
00198860	_ZN2YS6STDOBJ19set_special_commandEi	272	straight	lift	near	72.32	ghidra:near:67.24;m2c:near:63.96
00198970	_ZN2YS6STDOBJ21reset_special_commandEv	100	branchy	typed	exact	100.00	lift:exact:100.0;ghidra:near:98.8;m2c:near:95.31
001989d8	_ZN2YS6STDOBJ18hook_command_imageEv	180	straight	lift	near	81.49	m2c:near:79.51;ghidra:near:72.69;e3:near:17.46
00198aa8	func_00198aa8	56	branchy	lift	exact	100.00	m2c:near:85.12;ghidra:near:78.62
00198ae0	func_00198ae0	164	branchy	lift	exact	100.00	ghidra:near:80.09;m2c:near:78.98
00198b88	func_00198b88	68	loop	lift	exact	100.00	corpus:exact:100.0;m2c:near:99.88;ghidra:near:85.94;e3:near:66.68
00198bd0	_Z16ctarget_00198bd0jjjj	88	loop	lift	exact	100.00	m2c:near:74.52;ghidra:near:68.54
00198c28	func_00198c28	144	loop	m2c	near	91.43	lift:near:90.05;ghidra:near:86.97
00198dc0	func_00198dc0	128	straight	lift	near	60.50	m2c:near:44.91;e3:near:32.53;ghidra:near:20.25
00198ee8	func_00198ee8	324	loop	lift	near	80.22	ghidra:near:63.28;e3:near:60.14;m2c:compile:0.0
00199030	func_00199030	104	branchy	lift	exact	100.00	m2c:near:92.04;ghidra:near:30.5
00199098	func_00199098	132	loop	ghidra	near	56.45	m2c:compile:0.0
00199120	_Z16wtarget_00199120jjjj	104	loop	ghidra	exact	100.00	m2c:near:99.96;lift:near:83.41;corpus:near:82.31
001991a8	func_001991a8	216	switch	m2c	near	98.16	ghidra:near:92.3;lift:near:81.13;e3:near:7.83
001993a0	func_001993a0	196	loop	lift	near	67.80	ghidra:near:43.08;m2c:compile:0.0
00199468	func_00199468	108	float	m2c	near	71.19	lift:near:54.69;ghidra:near:37.04
00199548	func_00199548	108	loop	lift	near	84.41	ghidra:near:69.07;m2c:near:61.66;e3:near:2.78
001995b8	func_001995b8	60	loop	lift	near	54.20	ghidra:near:43.2;m2c:near:26.19;e3:near:25.47
00199688	func_00199688	140	loop	m2c	near	97.17	ghidra:near:85.92;lift:near:68.28;e3:near:37.12
00199718	func_00199718	164	branchy	m2c	near	69.98	lift:near:44.17;ghidra:near:26.59
001997c0	func_001997c0	76	branchy	ghidra	near	74.85	m2c:near:74.85;lift:near:58.22
00199810	func_00199810	128	branchy	m2c	near	66.94	ghidra:near:61.32;lift:near:36.1;e3:near:0.0
00199890	func_00199890	168	float	m2c	near	94.48	lift:near:81.09;ghidra:near:46.14;e3:near:38.25
00199aa0	func_00199aa0	456	float	ghidra	near	28.40	lift:near:0.0;m2c:near:0.0
00199cd0	func_00199cd0	100	loop	permute	exact	100.00	lift:near:99.92;ghidra:near:97.72;m2c:near:91.12
00199d38	func_00199d38	132	loop	lift	near	96.76	m2c:near:96.45;ghidra:near:88.03
00199dc0	func_00199dc0	460	switch	m2c	near	76.19	lift:near:60.21;ghidra:near:0.0
00199f90	func_00199f90	184	branchy	m2c	near	82.83	ghidra:near:71.08;lift:near:69.78
0019a048	func_0019a048	340	float	lift	near	94.19	m2c:near:57.0;ghidra:near:50.31
0019a1a0	func_0019a1a0	232	switch	m2c	near	87.85	ghidra:near:84.97;lift:near:81.64
0019a308	func_0019a308	372	loop	m2c	near	72.04	ghidra:near:70.14;lift:near:65.03
0019a480	func_0019a480	396	branchy	ghidra	near	56.09	lift:near:54.14;m2c:near:15.7
0019a610	func_0019a610	176	branchy	ghidra	near	26.52	m2c:near:19.66
0019a6c0	func_0019a6c0	324	vu0	lift	near	78.48	ghidra:near:7.72;m2c:near:1.74
0019a808	func_0019a808	472	float	lift	near	45.35	ghidra:near:42.47;m2c:compile:0.0
0019aa00	func_0019aa00	96	branchy	typed	exact	100.00	lift:exact:100.0;m2c:near:87.69;ghidra:near:84.42
0019aa60	func_0019aa60	208	float	typed	exact	100.00	lift:exact:100.0;m2c:near:96.79;ghidra:near:18.44
0019ab30	func_0019ab30	80	branchy	permute	exact	100.00	lift:near:99.9;ghidra:near:63.6;m2c:near:60.19
0019ac80	func_0019ac80	124	loop	ghidra	near	82.92	lift:near:75.03;m2c:near:59.29
0019ad00	func_0019ad00	88	loop	lift	near	61.82	ghidra:near:26.74;m2c:near:17.86
0019ad58	func_0019ad58	260	loop	m2c	near	58.14	ghidra:near:43.7;lift:near:37.12;e3:near:1.37
0019ae60	func_0019ae60	92	branchy	lift	near	92.00	m2c:near:72.39;ghidra:near:65.87
0019aec0	func_0019aec0	212	loop	lift	near	91.32	m2c:near:87.65;ghidra:near:35.54;e3:near:0.0
0019af98	func_0019af98	60	straight	lift	exact	100.00	ghidra:exact:100.0;m2c:exact:100.0
0019afd8	_ZN2YS10UNIT_GROUP15RandomPosPlayerEj	268	float	lift	near	84.59	m2c:near:19.12;ghidra:near:18.97
0019b0e8	func_0019b0e8	152	float	lift	near	88.95	ghidra:near:54.04;m2c:near:52.76;e3:near:43.84
0019b180	func_0019b180	224	loop	ghidra	near	27.89	m2c:near:14.0
0019b260	_Z16ctarget_0019b260jjjj	76	loop	lift	near	94.50	m2c:near:60.65;ghidra:near:26.23
0019b2d8	_ZN2YS10UNIT_GROUP6EnableEi	44	straight	ghidra	exact	100.00	m2c:exact:100.0;lift:near:97.27;corpus:near:75.0
0019b328	func_0019b328	84	loop	e3	near	90.00	ghidra:near:74.76;m2c:near:73.57;lift:near:72.95
0019b380	func_0019b380	80	loop	e3	near	89.50	ghidra:near:89.5;lift:near:85.75;m2c:near:64.75
0019b3d0	func_0019b3d0	168	loop	lift	near	79.29	m2c:near:40.21;ghidra:near:33.36
0019b500	func_0019b500	212	float	lift	near	72.78	m2c:near:54.74;ghidra:near:52.47
0019b668	func_0019b668	772	vu0	lift	near	67.57	m2c:near:32.78;ghidra:near:6.77
0019b970	_Z16wtarget_0019b970jjjj	172	loop	lift	near	83.78	m2c:near:79.05;ghidra:near:51.86
0019ba60	_ZN2YS3OBJ8is_existEv	72	branchy	m2c	exact	100.00	ghidra:near:94.74;e3:near:89.72;lift:near:53.67
0019bad8	func_0019bad8	64	branchy	typed	exact	100.00	lift:exact:100.0;ghidra:near:94.12;m2c:near:74.68
0019bb98	func_0019bb98	160	float	m2c	near	83.03	ghidra:near:73.98;e3:near:68.97;lift:near:53.65
0019bc38	_ZN2YS3OBJ10can_lockonEv	208	switch	m2c	near	75.00	ghidra:near:76.34;lift:near:73.56
0019bd08	_ZN2YS3OBJ19is_enable_collisionEi	188	branchy	ghidra	near	85.09	m2c:near:57.64;lift:near:44.72;e3:near:27.13
0019bdc8	func_0019bdc8	192	branchy	ghidra	near	79.86	lift:near:72.08;m2c:near:69.86
0019bf00	func_0019bf00	80	branchy	ghidra	near	84.00	m2c:near:84.0;e3:near:83.95;lift:near:60.38
0019bf50	func_0019bf50	128	branchy	lift	near	43.16	ghidra:near:6.46;m2c:compile:0.0
0019bfd0	func_0019bfd0	188	vu0	lift	near	63.89	ghidra:near:28.49;m2c:compile:0.0
0019c090	func_0019c090	104	branchy	m2c	near	82.69	ghidra:near:72.69;lift:near:39.62
0019c0f8	func_0019c0f8	92	branchy	m2c	near	87.25	lift:near:55.0;ghidra:near:54.78
0019c170	func_0019c170	168	float	m2c	near	80.45	ghidra:near:58.31;lift:near:49.36
0019c218	_ZN2YS3OBJ10can_decideEPKNS_12COMMAND_ELEME	400	float	m2c	near	77.25	ghidra:near:75.01;lift:near:10.19
0019c4f8	func_0019c4f8	148	branchy	lift	near	60.41	ghidra:near:51.24;m2c:near:51.24
0019c590	func_0019c590	64	branchy	m2c	exact	100.00	lift:near:87.5;ghidra:near:48.69
0019c650	func_0019c650	160	branchy	ghidra	near	55.38	lift:near:52.88;m2c:near:52.05
0019c778	func_0019c778	188	vu0	lift	near	66.32	m2c:near:8.74;ghidra:near:1.3
0019c838	_ZN2YS3OBJ11can_hitbackEv	92	branchy	e3	exact	100.00	lift:near:55.0;m2c:near:44.78;ghidra:near:44.57
0019c8a8	func_0019c8a8	36	straight	corpus	near	90.00	lift:near:48.89;ghidra:near:48.89;m2c:near:48.89
0019c8d0	func_0019c8d0	80	straight	lift	exact	100.00	m2c:near:92.05;ghidra:near:71.17
0019c920	func_0019c920	80	straight	lift	exact	100.00	m2c:near:92.05;ghidra:near:71.17
0019c970	func_0019c970	56	straight	lift	exact	100.00	ghidra:exact:100.0;m2c:near:93.2
0019c9a8	_ZN2YS6LOCKOND1Ev	56	straight	lift	exact	100.00	e3:exact:100.0;ghidra:exact:100.0;m2c:near:93.2
0019ca28	func_0019ca28	104	straight	lift	near	91.88	m2c:near:86.62;ghidra:near:75.54
0019cb48	func_0019cb48	160	branchy	typed	exact	100.00	lift:exact:100.0;m2c:near:98.03;ghidra:near:94.78;e3:near:72.0
0019cc20	_ZN2YS6LOCKON7releaseEv	104	branchy	lift	exact	100.00	m2c:near:99.96;ghidra:near:81.97
0019cd40	func_0019cd40	260	float	lift	near	76.49	m2c:near:60.58;ghidra:near:46.64
0019ce48	func_0019ce48	832	float	m2c	near	63.06	lift:near:30.21;ghidra:near:0.0
0019d188	func_0019d188	156	branchy	ghidra	near	73.49	m2c:near:70.83;lift:near:47.12
0019d260	_ZN2YS6LOCKON11update_markEv	244	branchy	ghidra	near	77.85	m2c:near:76.08;lift:near:41.48
0019d380	func_0019d380	52	branchy	m2c	near	92.79	lift:near:74.67;ghidra:near:74.67
0019d438	func_0019d438	68	branchy	lift	exact	100.00	m2c:near:99.12;ghidra:near:87.78
0019d4f8	func_0019d4f8	80	branchy	lift	near	26.20	ghidra:near:26.2;m2c:near:26.2
0019d588	func_0019d588	112	branchy	m2c	near	99.75	lift:near:89.13;ghidra:near:57.1
0019d5f8	func_0019d5f8	296	branchy	m2c	near	93.35	ghidra:near:75.69;lift:near:62.0
0019d720	func_0019d720	40	straight	lift	exact	100.00	twins:exact:100.0;corpus:exact:100.0;ghidra:exact:100.0;m2c:exact:100.0;e3:near:44.17
0019d748	func_0019d748	72	branchy	twins	exact	100.00	m2c:near:96.67;ghidra:near:49.83;lift:near:42.28
0019d790	func_0019d790	584	branchy	m2c	near	72.95	lift:near:66.21;ghidra:near:20.18
0019da20	func_0019da20	72	straight	permute	exact	100.00	ghidra:near:99.89;m2c:near:96.56;lift:near:66.06
0019da68	func_0019da68	340	vu0	lift	near	65.45	ghidra:near:58.68;m2c:near:37.74
0019dbc0	func_0019dbc0	332	branchy	e3	near	80.75	ghidra:near:74.15;m2c:near:73.72;lift:near:38.14
0019dd10	func_0019dd10	500	branchy	lift	near	97.87	m2c:near:81.86;ghidra:near:79.44
0019df08	func_0019df08	616	vu0	lift	near	43.11	ghidra:near:30.12;m2c:near:25.85
0019e170	func_0019e170	160	loop	ghidra	near	83.52	m2c:near:74.63;lift:near:73.16
0019e210	func_0019e210	496	vu0	ghidra	near	44.57	m2c:near:0.0
0019e400	func_0019e400	500	vu0	lift	near	50.50	ghidra:near:12.0;m2c:near:7.19
0019e5f8	func_0019e5f8	160	branchy	m2c	near	51.13	ghidra:near:44.4;lift:near:37.45
0019e6e8	func_0019e6e8	108	branchy	m2c	exact	100.00	ghidra:near:85.13;lift:near:73.55
0019e758	func_0019e758	236	loop	m2c	near	66.31	lift:near:56.73;ghidra:near:56.29
0019e848	func_0019e848	452	loop	m2c	near	66.81	lift:near:64.84;ghidra:near:62.41
0019ea10	func_0019ea10	188	branchy	lift	near	67.98	e3:near:15.26;ghidra:near:5.38;m2c:compile:0.0
0019ead0	func_0019ead0	140	branchy	lift	near	90.71	ghidra:near:81.43;m2c:near:74.59
0019ebc0	func_0019ebc0	96	loop	lift	exact	100.00	m2c:near:79.4;ghidra:near:68.36
0019ec20	_ZN2YS4BLUR4InitEv	68	straight	lift	exact	100.00	m2c:exact:100.0;ghidra:near:41.06
0019ecb0	_ZN2YS4BLUR5startEf	152	float	m2c	near	74.08	lift:near:73.55;ghidra:near:58.32
0019ee28	_Z16wtarget_0019ee28jjjj	52	float	lift	near	69.92	ghidra:near:69.92;m2c:near:32.27
0019eeb8	func_0019eeb8	120	branchy	ghidra	near	69.41	lift:near:66.57;m2c:near:58.97;e3:near:14.66
0019ef90	func_0019ef90	204	switch	m2c	near	62.21	ghidra:near:37.43
0019f070	func_0019f070	568	branchy	ghidra	near	57.63	m2c:near:42.74
0019f2a8	func_0019f2a8	472	branchy	m2c	near	58.81	ghidra:near:0.11
0019f5d8	func_0019f5d8	56	loop	m2c	exact	100.00	ghidra:near:56.21;lift:near:17.5
0019f740	func_0019f740	80	loop	m2c	near	82.45	ghidra:near:66.57;lift:near:31.88
0019f7d0	func_0019f7d0	172	branchy	lift	near	75.14	m2c:near:67.23;e3:near:64.07;ghidra:near:58.42
0019f8c0	func_0019f8c0	52	branchy	m2c	exact	100.00	lift:near:69.62;ghidra:near:51.25
0019f8f8	func_0019f8f8	84	loop	lift	exact	100.00	ghidra:near:87.33;m2c:near:87.29
0019f950	func_0019f950	84	loop	lift	exact	100.00	ghidra:near:87.33;m2c:near:87.29
0019f9a8	_ZN2YS10OBJ_ATTACK5clearEv	96	loop	typed	exact	100.00	lift:exact:100.0;e3:exact:100.0;ghidra:exact:100.0;corpus:near:99.96;m2c:near:99.96
0019fa58	_Z16wtarget_0019fa58jjjj	236	branchy	ghidra	near	92.05	lift:near:91.56;m2c:near:52.36
0019fb70	func_0019fb70	84	vu0	lift	near	69.24	m2c:near:1.5;ghidra:near:0.0
0019fbe0	func_0019fbe0	288	vu0	lift	near	82.56	m2c:near:2.76;ghidra:near:0.0
0019fd88	func_0019fd88	36	straight	ghidra	near	98.89	lift:near:93.33;m2c:near:75.44;e3:near:8.05
0019fdc0	func_0019fdc0	136	vu0	lift	near	70.71	ghidra:near:0.0;m2c:near:0.0
001a04f8	func_001a04f8	36	straight	lift	exact	100.00	ghidra:exact:100.0;m2c:exact:100.0
001a0678	func_001a0678	52	straight	lift	exact	100.00	ghidra:exact:100.0;m2c:exact:100.0;corpus:near:84.62
001a06e0	func_001a06e0	48	straight	lift	exact	100.00	corpus:exact:100.0;ghidra:exact:100.0;m2c:exact:100.0
001a0710	func_001a0710	136	vu0	lift	near	70.71	ghidra:near:0.0;m2c:near:0.0
001a07b0	func_001a07b0	80	straight	ghidra	near	99.00	m2c:near:98.75;lift:near:57.95;e3:near:0.0
001a0800	func_001a0800	288	float	ghidra	near	89.44	lift:near:79.93;m2c:near:65.88;e3:near:62.85
001a0920	func_001a0920	204	branchy	m2c	near	73.67	ghidra:near:57.57;e3:near:53.42;lift:near:42.46
001a0a48	func_001a0a48	244	float	lift	near	66.54	ghidra:near:46.03;m2c:near:38.51;e3:near:0.0
001a0c18	func_001a0c18	304	loop	lift	near	76.00	m2c:near:69.5;ghidra:near:66.99
001a0d48	func_001a0d48	304	loop	lift	near	76.00	m2c:near:69.5;ghidra:near:66.99
001a0ee0	func_001a0ee0	312	float	lift	near	72.47	ghidra:near:64.12;m2c:near:59.62
001a1018	func_001a1018	72	straight	lift	exact	100.00	m2c:near:98.89;ghidra:near:96.44
001a1060	func_001a1060	336	loop	ghidra	near	22.87	m2c:near:18.83
001a11e0	_ZN2YS5SHEET4loadEPNS_7PARTRAME	640	float	m2c	near	78.67	ghidra:near:66.52;e3:near:60.83;lift:near:46.75
001a1460	_ZN2YS5SHEET6reloadEv	44	straight	lift	exact	100.00	e3:exact:100.0;ghidra:exact:100.0;m2c:exact:100.0;corpus:near:98.18
001a1490	_ZN2YS5SHEET10AllocPartyEi	172	loop	m2c	near	70.70	ghidra:near:64.76;lift:near:41.44
001a1658	func_001a1658	84	branchy	lift	near	80.71	m2c:near:80.24;ghidra:near:62.62
001a17c8	_ZN2YS5SHEET4FreeEPS0_	120	branchy	lift	near	76.84	ghidra:near:60.73;e3:near:30.04;m2c:compile:0.0
001a1840	_Z16wtarget_001a1840jjjj	208	float	lift	near	80.27	ghidra:near:70.48;e3:near:37.42;m2c:near:37.17
001a1910	func_001a1910	64	branchy	e3	near	86.44	lift:near:84.25;m2c:near:84.25;ghidra:near:83.62
001a1950	_ZN2YS5SHEET6add_hpEiib	60	branchy	m2c	near	90.00	ghidra:near:85.31;lift:near:77.93;e3:near:30.28
001a1a20	func_001a1a20	48	branchy	lift	near	87.69	ghidra:near:85.36;m2c:near:80.36;e3:near:13.27
001a1aa0	_ZN2YS5SHEET9add_driveEi	140	loop	lift	near	83.59	m2c:near:41.97;ghidra:near:21.71;e3:near:19.03
001a1b30	func_001a1b30	56	branchy	m2c	near	59.29	ghidra:near:45.59;e3:near:18.21;lift:near:0.0
001a1b68	func_001a1b68	200	float	m2c	near	84.85	ghidra:near:64.09;lift:compile:0.0
001a1d50	func_001a1d50	104	float	lift	near	87.12	m2c:near:68.5;e3:near:19.27;ghidra:near:18.71
001a1db8	func_001a1db8	40	float	lift	near	68.00	ghidra:near:68.0;m2c:near:47.5;e3:near:8.71
001a1e20	func_001a1e20	744	float	m2c	near	72.86	ghidra:near:0.0
001a2108	func_001a2108	244	branchy	m2c	near	60.26	lift:near:40.9;ghidra:near:35.19
001a2200	func_001a2200	176	branchy	lift	near	85.75	m2c:near:65.49;ghidra:near:59.47
001a22b0	func_001a22b0	140	branchy	lift	near	62.29	m2c:near:53.03;ghidra:near:38.26
001a2340	func_001a2340	248	branchy	m2c	near	58.97	lift:near:57.37;ghidra:near:28.72
001a24a0	func_001a24a0	216	loop	lift	near	99.59	m2c:near:95.78;ghidra:near:88.42;e3:near:70.81
001a2578	func_001a2578	80	branchy	lift	near	76.90	m2c:near:68.86;ghidra:near:66.32
001a25c8	func_001a25c8	80	branchy	lift	near	76.90	m2c:near:68.86;ghidra:near:66.32
001a2618	func_001a2618	80	branchy	lift	near	76.90	m2c:near:68.86;ghidra:near:66.32
001a2668	func_001a2668	80	branchy	lift	near	76.90	m2c:near:68.86;ghidra:near:66.32
001a2710	func_001a2710	68	branchy	lift	exact	100.00	ghidra:near:94.44;m2c:near:94.44
001a2910	func_001a2910	220	vu0	lift	near	80.82	m2c:near:1.6;ghidra:near:0.93
001a2a18	func_001a2a18	52	vu0	ghidra	near	59.23	m2c:near:13.08;lift:near:7.31
001a2a50	_ZN2YS4ITEM3UseEiiii	252	loop	m2c	near	96.19	ghidra:near:91.39;e3:near:78.3;lift:near:67.57
001a2b50	func_001a2b50	552	branchy	e3	near	45.35	ghidra:near:27.97;m2c:compile:0.0
001a2d78	_ZN2YS4ITEM6CanUseEii	216	loop	m2c	near	76.56	ghidra:near:42.43;lift:near:36.39;e3:near:0.0
001a2e50	_ZN2YS4ITEM9CanUseSubEPKNS_10ITEM_TABLEEi	452	branchy	lift	near	30.34	ghidra:near:23.85;e3:near:9.16;m2c:compile:0.0
001a3018	_ZN2YS4ITEM8WhereGetEiii	332	loop	m2c	near	67.49	lift:near:35.72;ghidra:near:13.74
001a3188	_ZN2YS4ITEM3GetEiib	320	branchy	ghidra	near	50.76	lift:near:49.06;m2c:near:43.77
001a32c8	_ZN2YS4ITEM11GetBackyardEii	396	loop	lift	near	65.84	m2c:near:50.6;ghidra:near:38.03
001a3458	_ZN2YS4ITEM6ReduceEii	132	loop	permute	exact	100.00	lift:near:92.12;ghidra:near:89.52;m2c:near:86.0
001a34e0	func_001a34e0	144	branchy	lift	near	74.56	m2c:near:61.05;ghidra:near:7.91
001a35f8	func_001a35f8	232	loop	m2c	near	41.74	ghidra:near:37.27;lift:near:29.53
001a3820	func_001a3820	72	branchy	ghidra	near	56.33	lift:near:53.75;m2c:near:52.22;e3:near:27.17
001a3868	_ZN2YS4ITEM14GetCommandElemEi	32	straight	lift	exact	100.00	ghidra:exact:100.0;m2c:exact:100.0;e3:near:99.38;corpus:near:75.0
001a38b8	func_001a38b8	156	branchy	m2c	near	75.10	lift:near:59.33;ghidra:near:38.0
001a3958	func_001a3958	112	loop	ghidra	near	51.19	m2c:near:47.86;lift:near:45.6
001a39c8	func_001a39c8	132	loop	ghidra	near	74.26	lift:near:70.71;m2c:near:61.23
001a3a88	_ZN2YS6EFFECT4InitEv	124	loop	lift	exact	100.00	ghidra:near:97.39;m2c:near:89.26;e3:near:25.76
001a3b08	_ZN2YS6EFFECT6EnsureEv	60	straight	lift	exact	100.00	e3:exact:100.0;m2c:near:81.12;ghidra:near:37.6
001a3b48	_ZN2YS6EFFECT13CategoryStartEPN3ryj3PAXEyRKN2kn7FVectorEiii	168	branchy	lift	near	88.33	e3:near:71.54;ghidra:near:62.09;m2c:near:54.6
001a3ce0	_ZN2YS6EFFECT13AddDeadEffectEPN3ryj6EFFECTE	140	float	ghidra	near	72.59	lift:near:64.93;m2c:near:47.89
001a3d70	_Z16wtarget_001a3d70jjjj	188	loop	m2c	near	93.68	ghidra:near:91.11;lift:near:86.26
001a3f08	func_001a3f08	152	branchy	lift	near	67.58	ghidra:near:36.97;m2c:near:14.74
001a4060	func_001a4060	108	loop	m2c	near	96.43	lift:near:90.48;ghidra:near:67.83;e3:near:2.78
001a4388	_ZN2YS10ATTACK_OBJ4ExecEv	152	loop	ghidra	near	67.47	m2c:near:17.97
001a4498	func_001a4498	120	float	ghidra	near	75.93	m2c:near:55.83;lift:near:47.48
001a45b8	func_001a45b8	772	vu0	m2c	near	30.81	lift:near:16.43;ghidra:near:9.97
001a48c0	func_001a48c0	224	vu0	lift	near	71.84	m2c:near:19.27;ghidra:near:0.0
001a49a0	func_001a49a0	56	branchy	lift	near	78.43	m2c:near:41.73;ghidra:near:26.12
001a49f8	func_001a49f8	384	vu0	lift	near	66.59	ghidra:near:0.0;m2c:near:0.0
001a4b78	func_001a4b78	452	vu0	lift	near	76.25	ghidra:near:0.0;m2c:near:0.0
001a4e30	_Z16u_call4_001a4e30jjjj	148	loop	m2c	near	30.11	lift:near:24.7;ghidra:near:0.0
001a4ff8	func_001a4ff8	324	vu0	lift	near	49.98	m2c:near:49.46;ghidra:near:33.61
001a5140	func_001a5140	360	float	lift	near	69.38	ghidra:near:0.0;m2c:near:0.0
001a52a8	func_001a52a8	212	float	lift	near	99.62	m2c:near:98.58;ghidra:near:48.97
001a5380	func_001a5380	80	straight	lift	exact	100.00	ghidra:exact:100.0;m2c:near:96.25
001a53d0	func_001a53d0	80	straight	lift	exact	100.00	ghidra:exact:100.0;m2c:near:96.25
001a5420	func_001a5420	392	float	lift	near	52.30	m2c:near:30.46;ghidra:near:27.42
001a55a8	_ZN2YS5PRIZE6AppearERKN2kn7FVectorEi	728	float	m2c	near	70.10	ghidra:near:61.21;lift:near:15.62
001a5880	func_001a5880	116	loop	m2c	near	85.57	ghidra:near:84.9;lift:near:62.69
001a5928	_ZN2YS5PRIZE4InitEv	72	straight	lift	near	85.56	ghidra:near:85.56;m2c:near:85.56
001a5a48	_Z17ctarget0_001a5a48v	124	loop	lift	near	80.03	ghidra:near:56.88;m2c:near:22.87
001a5b08	_Z16wtarget_001a5b08jjjj	44	float	lift	exact	100.00	m2c:near:88.0;ghidra:near:57.73
001a5c88	func_001a5c88	192	float	lift	near	78.51	ghidra:near:56.65;m2c:near:40.39;e3:near:33.85
001a5e38	_ZN2YS5MAGIC8ClearAllEv	132	loop	lift	exact	100.00	m2c:near:96.91;e3:near:69.55;ghidra:near:67.84
001a5f50	func_001a5f50	372	loop	m2c	near	80.96	lift:near:73.39;ghidra:near:28.02
001a60c8	_ZN2YS5MAGIC5ResetEv	80	loop	lift	exact	100.00	ghidra:near:89.95;m2c:near:89.9
001a6178	func_001a6178	712	float	ghidra	near	10.48	lift:compile:0.0;m2c:compile:0.0
001a6440	func_001a6440	76	branchy	lift	exact	100.00	m2c:exact:100.0;ghidra:near:82.63
001a6600	_ZN2YS5MAGIC10CanAddCostEf	68	float	m2c	near	61.05	ghidra:near:56.07;e3:near:45.48;lift:near:1.71
001a6658	func_001a6658	296	loop	ghidra	near	73.58	m2c:near:72.61;e3:near:67.87;lift:near:26.01
001a67e0	func_001a67e0	108	loop	lift	near	82.59	ghidra:near:58.57;e3:near:25.47;m2c:compile:0.0
001a6850	func_001a6850	144	loop	lift	exact	100.00	e3:near:80.58;ghidra:near:77.48;m2c:near:69.39
001a68e0	_Z16wtarget_001a68e0jjjj	236	loop	m2c	near	92.10	ghidra:near:82.97;lift:near:74.75
001a6a20	func_001a6a20	196	loop	ghidra	near	85.13	m2c:near:71.38;lift:near:32.27
001a6ae8	_Z16u_tail0_001a6ae8v	112	loop	lift	near	91.07	ghidra:near:88.36;m2c:near:76.5
001a6b58	func_001a6b58	108	straight	lift	near	96.96	m2c:near:79.93;ghidra:near:78.62
001a6bc8	func_001a6bc8	108	straight	lift	near	96.96	m2c:near:79.93;ghidra:near:78.62;e3:near:29.93
001a6c38	_ZN2YS8FIELDOBJ12mark_historyEv	40	straight	lift	exact	100.00	e3:exact:100.0;m2c:exact:100.0;ghidra:near:93.9
001a6c60	_ZN2YS8FIELDOBJ15is_mark_historyEv	44	straight	e3	exact	100.00	ghidra:near:52.64;lift:near:40.0;m2c:near:40.0
001a6c90	func_001a6c90	64	straight	lift	exact	100.00	ghidra:near:99.69;m2c:near:99.69
001a6dd8	func_001a6dd8	176	branchy	lift	exact	100.00	ghidra:near:76.04;m2c:near:63.69
001a6fe8	func_001a6fe8	180	loop	ghidra	near	64.18	m2c:near:49.0
001a74f8	func_001a74f8	52	straight	ghidra	near	49.23	m2c:near:47.54;lift:near:42.69
001a7588	func_001a7588	80	branchy	lift	near	74.25	ghidra:near:52.88;m2c:near:45.07
001a7610	_Z13func_001a7610jjjff	180	float	m2c	near	30.07	ghidra:near:24.86;lift:compile:0.0
001a76c8	func_001a76c8	196	float	lift	near	66.53	m2c:near:44.44;e3:near:21.68;ghidra:near:17.86
001a7790	_ZN2YS2BG9IsCullingERKN2dk6AabboxE	248	vu0	lift	near	61.31	ghidra:near:0.0;m2c:near:0.0
001a78c0	func_001a78c0	88	float	lift	exact	100.00	m2c:near:61.0;ghidra:near:38.05
001a7a48	func_001a7a48	304	float	lift	near	32.84	ghidra:near:29.8;m2c:near:25.35;e3:near:23.74
001a7b78	func_001a7b78	556	vu0	lift	near	59.63	m2c:near:9.76;ghidra:near:4.32
001a7da8	func_001a7da8	628	vu0	lift	near	63.99	m2c:near:4.36;ghidra:near:0.0
001a80c8	func_001a80c8	68	loop	m2c	near	94.17	lift:near:82.22;ghidra:near:60.16;e3:near:54.79
001a8190	_ZNK2YS10ITEM_TABLE9get_paramEv	76	branchy	typed	exact	100.00	lift:exact:100.0;m2c:near:55.45;ghidra:near:15.2
001a81f0	func_001a81f0	104	loop	lift	near	87.50	e3:near:86.15;m2c:near:82.62;ghidra:near:81.35
001a8258	func_001a8258	84	loop	e3	compile	0.00	ghidra:near:82.86;m2c:near:80.62;lift:near:76.19
001a82b0	func_001a82b0	64	branchy	lift	near	70.62	e3:near:70.62;ghidra:near:69.47;m2c:near:69.28
001a82f0	_ZNK2YS8TREASURE5TABLE4_getEv	296	branchy	ghidra	near	70.41	m2c:near:56.39;lift:near:51.49
001a8450	_Z16u_call4_001a8450jjjj	68	branchy	lift	near	93.33	ghidra:near:84.74;m2c:near:66.41
001a8498	func_001a8498	20	straight	corpus	near	93.00	lift:near:87.8;ghidra:near:87.8;m2c:near:87.6
001a8510	func_001a8510	52	straight	ghidra	near	91.08	lift:near:52.62;m2c:near:52.56;e3:near:45.33
001a8548	func_001a8548	36	straight	lift	exact	100.00	ghidra:exact:100.0;m2c:exact:100.0;corpus:near:77.11;e3:near:11.67
001a86b8	func_001a86b8	192	float	lift	near	62.50	m2c:near:51.79;ghidra:near:18.4
001a8778	func_001a8778	400	float	typed	exact	100.00	lift:exact:100.0;m2c:near:73.91;ghidra:near:37.8
001a8930	func_001a8930	188	branchy	m2c	near	92.34	ghidra:near:79.0;lift:near:31.4
001a89f0	func_001a89f0	312	loop	lift	near	81.53	m2c:near:78.15;ghidra:near:73.4
001a8bb8	func_001a8bb8	24	straight	typed	exact	100.00	lift:exact:100.0;e3:exact:100.0;ghidra:near:99.5;corpus:near:98.0;m2c:near:36.67
001a8bf8	func_001a8bf8	20	straight	lift	exact	100.00	ghidra:exact:100.0;corpus:near:60.0;e3:near:19.95;m2c:compile:0.0
001a8c78	func_001a8c78	84	branchy	e3	near	40.23	ghidra:near:34.55;lift:near:20.48;m2c:compile:0.0
001a8cd0	func_001a8cd0	108	loop	ghidra	near	84.41	lift:near:83.3;m2c:near:71.93
001a8d40	func_001a8d40	464	loop	ghidra	near	76.48	m2c:compile:0.0
001a8f10	func_001a8f10	84	branchy	ghidra	near	58.52	lift:near:47.76;e3:near:28.43;m2c:near:4.24
001a8f68	func_001a8f68	144	loop	m2c	exact	100.00	ghidra:near:97.78;lift:near:10.5
001a90f0	func_001a90f0	32	straight	lift	exact	100.00	twins:exact:100.0;corpus:exact:100.0;ghidra:exact:100.0;m2c:exact:100.0
001a9110	func_001a9110	32	straight	e3	near	33.12	ghidra:near:0.0;m2c:near:0.0
001a91f8	_ZN2YS7OBJDATA5clearEv	28	straight	typed	exact	100.00	lift:exact:100.0;e3:exact:100.0;ghidra:near:99.43;m2c:near:99.43;corpus:near:96.57
001a92d8	func_001a92d8	120	branchy	lift	near	98.33	m2c:near:98.33;ghidra:near:63.85;e3:near:43.51
001a93b0	func_001a93b0	56	straight	lift	near	98.21	m2c:near:98.21;corpus:near:80.0;ghidra:near:62.19;e3:near:42.91
001a9458	_ZN2YS7OBJDATA7get_knaEii	204	loop	e3	near	69.92	lift:near:49.36;ghidra:near:36.85;m2c:near:19.26
001a9560	_ZN2YS7OBJDATA18start_model_effectEPvRN3ryj3PAXEPPNS2_6EFFECTE	500	loop	lift	near	60.22	e3:near:40.22;ghidra:near:33.61;m2c:near:0.74
001a9970	func_001a9970	184	float	lift	near	75.12	m2c:near:42.3;ghidra:near:29.4;e3:near:0.0
001a9a28	func_001a9a28	64	switch	ghidra	near	27.19	
001a9ae8	_ZN2YS11MESSAGEDRAW4drawEiij	312	float	lift	near	64.02	m2c:near:63.53;ghidra:near:32.86
001a9c20	_ZN2YS11MESSAGEDRAW9draw_lineEPNS0_3ENVEPKNS_7MESSAGEE	1156	float	lift	near	65.96	ghidra:near:41.71;m2c:compile:0.0
001aa0a8	func_001aa0a8	616	float	lift	near	72.71	m2c:near:55.41;ghidra:near:25.49
001aa310	func_001aa310	120	float	lift	near	60.00	ghidra:near:47.24;m2c:near:14.83;e3:near:0.0
001aa388	_Z16wtarget_001aa388jjjj	460	float	lift	near	88.40	m2c:near:84.48;ghidra:near:72.19
001aa558	func_001aa558	268	loop	typed	exact	100.00	lift:exact:100.0;m2c:near:79.99;ghidra:near:11.79
001aa728	_ZN2YS11MESSAGEDRAW4DrawENS_4FONT4TYPEEPKNS_7MESSAGEEiijiNS0_5ALIGNE	104	straight	e3	exact	100.00	ghidra:exact:100.0;lift:near:99.23;m2c:near:52.19
001aa790	func_001aa790	92	straight	m2c	near	91.30	ghidra:near:81.61;lift:near:61.87
001aa7f0	func_001aa7f0	92	straight	m2c	near	91.30	ghidra:near:81.61;lift:near:61.87;e3:near:4.43
001aa8a8	func_001aa8a8	72	float	lift	near	63.33	ghidra:near:34.94;m2c:near:31.33
001aa8f0	func_001aa8f0	76	float	lift	near	75.79	ghidra:near:40.21;m2c:near:9.68
001aa940	func_001aa940	64	straight	lift	near	46.25	ghidra:near:46.25;m2c:near:18.75
001aa980	func_001aa980	136	branchy	lift	near	57.95	m2c:near:47.74;ghidra:near:16.56
001aaa08	func_001aaa08	460	branchy	m2c	near	54.76	lift:near:45.09;ghidra:near:39.08
001aabd8	func_001aabd8	332	straight	ghidra	near	99.94	lift:near:95.17;m2c:near:45.45
001aadb0	func_001aadb0	52	straight	lift	exact	100.00	m2c:exact:100.0;corpus:near:84.62;ghidra:near:43.38
001aae28	func_001aae28	60	straight	ghidra	near	34.28	m2c:compile:0.0
001aaea8	func_001aaea8	240	switch	ghidra	near	56.32	m2c:near:43.03;lift:near:14.25
001aaf98	func_001aaf98	76	branchy	m2c	near	68.75	lift:near:57.89;ghidra:near:55.48
001aafe8	func_001aafe8	628	float	lift	near	71.99	m2c:near:16.71;ghidra:near:2.33
001ab260	func_001ab260	824	float	lift	near	78.15	m2c:near:18.49;ghidra:near:0.0
001ab598	func_001ab598	436	branchy	ghidra	near	0.00	m2c:near:0.0
001ab750	func_001ab750	172	straight	lift	near	67.84	m2c:near:39.63;ghidra:near:25.12
001ab890	_Z16wtarget_001ab890jjjj	516	branchy	m2c	near	35.09	ghidra:near:34.77
001abb28	func_001abb28	80	straight	lift	exact	100.00	ghidra:exact:100.0;m2c:near:99.95
001abba8	func_001abba8	72	straight	lift	near	88.89	m2c:near:88.89;ghidra:near:64.5
001abbf0	func_001abbf0	268	branchy	m2c	near	60.96	lift:near:49.08;ghidra:near:0.0
001abd30	func_001abd30	96	straight	lift	exact	100.00	ghidra:exact:100.0;m2c:near:99.92
001abd90	func_001abd90	96	straight	lift	exact	100.00	ghidra:exact:100.0;m2c:near:99.92
001abdf0	func_001abdf0	88	branchy	lift	near	75.17	m2c:near:62.77;ghidra:near:41.86;e3:near:0.0
001abe80	func_001abe80	128	branchy	lift	near	78.43	m2c:near:56.19;e3:near:27.47;ghidra:near:5.75
001abf00	func_001abf00	52	branchy	lift	exact	100.00	m2c:near:84.54;ghidra:near:78.57
001abf38	func_001abf38	160	branchy	lift	near	71.44	m2c:near:64.55;e3:near:0.43;ghidra:near:0.0
001abfd8	func_001abfd8	80	straight	lift	exact	100.00	ghidra:exact:100.0;m2c:exact:100.0
001ac028	func_001ac028	80	straight	lift	exact	100.00	ghidra:exact:100.0;m2c:exact:100.0
001ac078	_Z16wtarget_001ac078jjjj	88	branchy	lift	near	96.27	m2c:near:56.96;ghidra:near:50.73
001ac108	func_001ac108	200	float	lift	near	96.49	ghidra:near:46.62;e3:near:23.08;m2c:near:14.46
001ac1d0	func_001ac1d0	52	branchy	m2c	exact	100.00	ghidra:near:95.38;lift:near:78.21
001ac208	func_001ac208	80	straight	lift	exact	100.00	ghidra:exact:100.0;m2c:near:99.95
001ac258	func_001ac258	80	straight	lift	exact	100.00	ghidra:exact:100.0;m2c:near:99.95
001ac2a8	_Z16wtarget_001ac2a8jjjj	100	branchy	lift	exact	100.00	m2c:near:98.6;ghidra:near:76.83
001ac310	func_001ac310	104	branchy	permute	exact	100.00	lift:near:91.88;m2c:near:91.88;ghidra:near:91.15
001ac378	func_001ac378	324	loop	lift	near	84.54	e3:near:73.54;ghidra:near:62.93;m2c:near:0.0
001ac5b8	func_001ac5b8	116	loop	lift	near	72.68	ghidra:near:57.75;m2c:near:31.57;e3:near:0.0
001ac660	_ZN2YS6WINDOWD0Ev	64	straight	lift	exact	100.00	m2c:exact:100.0;ghidra:near:62.67;e3:near:20.94
001ac700	_ZN2YS6WINDOW5closeEv	40	straight	e3	exact	100.00	lift:near:80.0;ghidra:near:80.0;m2c:near:80.0
001ac778	func_001ac778	20	straight	e3	exact	100.00	corpus:near:93.0;lift:near:87.8;ghidra:near:87.8;m2c:near:87.6
001ac858	func_001ac858	88	straight	typed	exact	100.00	lift:exact:100.0;m2c:near:71.73;ghidra:near:41.0
001ac8b0	func_001ac8b0	88	straight	typed	exact	100.00	lift:exact:100.0;m2c:near:71.73;ghidra:near:41.0
001ac970	func_001ac970	296	loop	lift	near	94.59	m2c:near:83.78;ghidra:near:79.14
001aca98	func_001aca98	296	loop	lift	near	94.59	m2c:near:83.78;ghidra:near:79.14
001acbc0	_ZN2YS11WINDOW_BASE6updateEv	436	switch	lift	near	76.50	m2c:near:64.91;ghidra:near:62.97
001acdc0	func_001acdc0	376	loop	lift	near	93.35	m2c:near:89.51;ghidra:near:87.54
001acf38	_ZN2YS11WINDOW_BASE4drawEv	120	branchy	lift	near	77.67	e3:near:71.93;m2c:near:27.33;ghidra:near:17.6
001acfb0	_ZN2YS11WINDOW_BASE8set_typeEi	112	branchy	ghidra	near	62.96	m2c:near:61.29;lift:near:49.96
001ad020	_ZN2YS11WINDOW_BASE10draw_animeEiii	120	straight	ghidra	near	83.00	m2c:near:80.0;lift:near:76.8;e3:near:42.02
001ad098	func_001ad098	92	float	ghidra	near	80.00	e3:near:73.91;lift:near:67.7;m2c:near:41.87
001ad0f8	func_001ad0f8	92	float	ghidra	near	80.00	e3:near:73.91;lift:near:67.7;m2c:near:41.87
001ad158	func_001ad158	116	straight	typed	exact	100.00	lift:exact:100.0;m2c:near:98.48;ghidra:near:84.42
001ad280	func_001ad280	176	loop	typed	exact	100.00	lift:exact:100.0;ghidra:near:83.62;m2c:near:71.32;e3:near:68.12
001ad330	func_001ad330	176	loop	typed	exact	100.00	lift:exact:100.0;ghidra:near:83.62;m2c:near:71.32;e3:near:68.12
001ad3e0	_ZN2YS15WINDOW_TUTORIAL4drawEv	80	straight	typed	exact	100.00	lift:exact:100.0;m2c:near:54.9;e3:near:48.69;ghidra:near:0.0
001ad430	func_001ad430	120	straight	lift	near	86.59	ghidra:near:74.55;m2c:near:65.77;e3:near:60.5
001ad4a8	func_001ad4a8	120	straight	lift	near	86.59	ghidra:near:74.55;m2c:near:65.77;e3:near:60.5
001ad5a8	func_001ad5a8	72	straight	lift	exact	100.00	m2c:near:76.74;ghidra:near:59.9
001ad5f0	func_001ad5f0	72	straight	lift	exact	100.00	m2c:near:76.74;ghidra:near:59.9
001ad638	func_001ad638	252	loop	lift	near	79.12	ghidra:near:65.22;m2c:compile:0.0
001ad738	func_001ad738	252	loop	lift	near	79.12	ghidra:near:65.22;m2c:compile:0.0
001ad838	func_001ad838	256	loop	lift	near	89.06	ghidra:near:60.22;m2c:compile:0.0
001ad948	_Z16wtarget_001ad948jjjj	40	branchy	lift	near	92.40	ghidra:near:92.4;m2c:near:92.3
001ad990	_Z13func_001ad990jfff	52	float	typed	exact	100.00	lift:exact:100.0;ghidra:near:19.16;e3:near:7.21
001ad9c8	func_001ad9c8	108	float	lift	near	79.83	m2c:near:66.62;ghidra:near:9.18
001ada38	_ZN2YS5RECOV4ExecEi	324	switch	ghidra	near	77.69	lift:near:48.27;m2c:compile:0.0
001adb80	func_001adb80	60	straight	lift	near	64.67	m2c:near:53.87;ghidra:near:51.56
001adbc0	func_001adbc0	72	straight	lift	near	66.00	ghidra:near:65.72;m2c:near:62.72
001adc48	func_001adc48	176	branchy	lift	near	81.00	ghidra:near:22.91;m2c:compile:0.0
001adcf8	func_001adcf8	428	loop	lift	near	80.85	ghidra:near:53.26;e3:near:0.0;m2c:compile:0.0
001adf00	func_001adf00	268	loop	ghidra	near	62.65	m2c:near:35.3
001ae010	func_001ae010	140	loop	lift	near	90.40	m2c:near:69.29;ghidra:near:24.07
001ae0a0	func_001ae0a0	268	loop	ghidra	near	72.48	m2c:near:60.0
001ae210	func_001ae210	96	loop	m2c	near	95.60	lift:near:87.88;ghidra:near:37.33
001ae270	func_001ae270	148	loop	m2c	near	86.16	ghidra:near:72.12;lift:near:54.0
001ae308	func_001ae308	340	loop	m2c	near	81.03	ghidra:near:66.46;lift:near:39.3
001ae4c0	func_001ae4c0	204	loop	ghidra	near	57.12	m2c:near:23.06
001ae620	func_001ae620	48	loop	lift	exact	100.00	ghidra:near:85.71;m2c:near:61.67
001ae650	func_001ae650	40	straight	lift	exact	100.00	ghidra:exact:100.0;m2c:exact:100.0
001ae6a8	func_001ae6a8	220	loop	m2c	near	48.35	ghidra:near:34.6;lift:near:15.96
001ae7d0	func_001ae7d0	264	loop	ghidra	near	67.37	m2c:near:38.39
001ae8d8	func_001ae8d8	184	loop	ghidra	near	0.00	m2c:near:0.0
001ae9a0	_Z16ctarget_001ae9a0jjjj	96	float	m2c	near	77.56	lift:near:55.26;ghidra:near:40.46
001aea00	func_001aea00	96	float	m2c	near	77.56	lift:near:55.26;ghidra:near:40.46;e3:near:16.65
001aeae0	func_001aeae0	28	straight	lift	exact	100.00	e3:exact:100.0;corpus:exact:100.0;ghidra:exact:100.0;m2c:near:48.2
001aeb80	func_001aeb80	112	loop	lift	exact	100.00	m2c:near:96.48;ghidra:near:73.28
001aebf0	func_001aebf0	80	branchy	typed	exact	100.00	lift:exact:100.0;ghidra:exact:100.0;m2c:near:72.55
001aedf8	func_001aedf8	424	branchy	m2c	near	76.68	ghidra:near:74.98
001aefa0	func_001aefa0	284	float	m2c	near	65.70	ghidra:near:50.45;lift:near:0.0
001af0c0	func_001af0c0	208	branchy	lift	near	91.51	m2c:near:74.05;ghidra:near:53.18
001af328	func_001af328	52	straight	lift	exact	100.00	ghidra:exact:100.0;m2c:exact:100.0;corpus:near:84.62
001af360	func_001af360	52	straight	lift	exact	100.00	ghidra:exact:100.0;m2c:exact:100.0;corpus:near:84.62
001af420	func_001af420	536	float	ghidra	near	75.02	m2c:near:69.15;lift:near:66.75
001af778	func_001af778	68	straight	lift	exact	100.00	m2c:near:83.28;ghidra:near:76.52
001af7c0	func_001af7c0	276	branchy	lift	near	49.80	ghidra:near:40.56;m2c:compile:0.0
001af938	_ZN2YS8GAMEOVER7ReraiseEv	172	float	lift	near	93.95	m2c:near:86.75;ghidra:near:75.41
001afa50	_Z16wtarget_001afa50jjjj	56	loop	m2c	near	99.86	lift:near:93.33;ghidra:near:65.5
001afc00	_ZN2YS5VOICE11ReadEntryIdEjPv	460	loop	lift	near	86.16	ghidra:near:60.22;m2c:near:38.7
001afe30	func_001afe30	60	loop	lift	exact	100.00	m2c:near:59.6;ghidra:near:36.44
001afe70	func_001afe70	116	branchy	lift	exact	100.00	m2c:near:97.59;ghidra:near:57.31
001afee8	func_001afee8	168	branchy	e3	near	98.57	m2c:near:65.52;lift:near:62.15;ghidra:near:56.58
001aff90	func_001aff90	80	loop	lift	near	88.00	ghidra:near:86.0;m2c:near:83.45
001affe0	func_001affe0	356	loop	lift	near	59.94	ghidra:near:53.47;m2c:compile:0.0
001b0148	func_001b0148	60	branchy	lift	exact	100.00	m2c:near:72.33;ghidra:near:64.68
001b01d8	func_001b01d8	52	straight	lift	exact	100.00	m2c:exact:100.0;ghidra:near:55.33;e3:near:53.95
001b0210	func_001b0210	60	branchy	permute	exact	100.00	ghidra:near:99.2;m2c:near:98.4;lift:near:65.0
001b0250	_ZN2YS5VOICE4execEv	208	branchy	lift	near	95.17	m2c:near:95.17;ghidra:near:34.21;e3:near:22.64
001b0330	_Z16u_call4_001b0330jjjj	64	branchy	lift	exact	100.00	m2c:exact:100.0;ghidra:near:94.12
001b0448	func_001b0448	80	branchy	m2c	near	97.00	lift:near:89.7;ghidra:near:73.12
001b0498	func_001b0498	64	branchy	m2c	near	96.25	ghidra:near:85.56;lift:near:72.22;e3:near:67.44
001b0580	func_001b0580	380	float	lift	near	44.18	ghidra:near:24.08;m2c:near:0.0
001b0728	func_001b0728	108	float	m2c	near	55.07	lift:near:52.0;ghidra:near:49.18
001b0798	func_001b0798	192	float	lift	near	67.31	m2c:near:63.77;ghidra:near:51.07
001b0858	func_001b0858	108	float	m2c	near	74.78	ghidra:near:66.67;lift:near:53.33
001b08e8	func_001b08e8	84	vu0	lift	near	88.76	ghidra:near:0.0;m2c:near:0.0
001b0940	func_001b0940	1984	vu0	lift	near	62.23	ghidra:near:0.0;m2c:near:0.0
001b1100	_Z16ctarget_001b1100jjjj	548	vu0	lift	near	51.21	ghidra:near:0.0;m2c:near:0.0
001b1328	_Z16ctarget_001b1328jjjj	52	straight	lift	exact	100.00	corpus:exact:100.0;ghidra:exact:100.0;m2c:near:71.31
001b1360	func_001b1360	108	loop	ghidra	near	76.27	e3:near:50.89;m2c:near:34.59
001b1448	_ZN2YS8DATABUFF4ReadEPKc	72	branchy	lift	exact	100.00	m2c:exact:100.0;ghidra:near:99.44
001b1490	_ZN2YS8DATABUFF7ReadBarEPKc	72	branchy	lift	exact	100.00	m2c:exact:100.0;ghidra:near:99.44
001b14d8	func_001b14d8	132	loop	lift	near	97.82	ghidra:near:63.48;m2c:near:59.53;e3:near:34.23
001b1560	func_001b1560	904	float	ghidra	near	0.00	m2c:near:0.0
001b1928	_ZN2YS5LIGHT6CreateEi	128	branchy	m2c	near	78.44	ghidra:near:53.81;lift:near:48.39
001b1a30	func_001b1a30	136	float	lift	near	72.39	m2c:near:53.36;ghidra:near:14.97
001b1ab8	func_001b1ab8	156	loop	lift	near	66.74	ghidra:near:55.09;m2c:compile:0.0
001b1bb8	func_001b1bb8	40	straight	lift	near	87.70	ghidra:near:65.15;m2c:near:17.32
001b1be0	func_001b1be0	44	float	lift	near	63.64	ghidra:near:46.27;m2c:near:9.09
001b1c38	_Z16wtarget_001b1c38jjjj	196	float	lift	near	49.00	m2c:near:42.84;ghidra:near:41.18
001b1e80	func_001b1e80	100	branchy	lift	exact	100.00	e3:near:98.48;ghidra:near:91.56;m2c:near:74.37
001b1ee8	_ZN2YS7ITEMPIC15ReadImageThreadEP4TASK	224	loop	lift	near	89.86	ghidra:near:88.97;m2c:near:37.22
001b1fc8	func_001b1fc8	40	branchy	e3	exact	100.00	ghidra:exact:100.0;m2c:near:81.5;lift:near:74.0
001b1ff0	func_001b1ff0	56	branchy	ghidra	near	87.14	lift:near:81.43;m2c:near:60.12;e3:near:42.04
001b2170	func_001b2170	156	float	lift	near	82.41	m2c:near:50.69;ghidra:near:28.36;e3:near:0.0
001b2210	func_001b2210	244	vu0	lift	near	41.45	ghidra:near:4.1;m2c:near:0.0
001b2308	func_001b2308	120	float	lift	near	92.23	ghidra:near:77.26;m2c:near:69.1
001b2380	func_001b2380	120	float	lift	near	92.23	ghidra:near:77.26;m2c:near:69.1
001b2488	func_001b2488	52	straight	lift	exact	100.00	m2c:exact:100.0;ghidra:near:82.27
001b24c8	func_001b24c8	84	loop	lift	exact	100.00	ghidra:exact:100.0;m2c:near:95.36;e3:near:77.71
001b2520	func_001b2520	84	branchy	lift	near	99.52	m2c:near:76.33;ghidra:near:70.74
001b2578	func_001b2578	156	vu0	lift	near	68.31	m2c:near:18.62;ghidra:near:0.0
001b2618	func_001b2618	196	float	lift	near	74.59	m2c:near:71.73;ghidra:near:34.57
001b26e0	_Z16wtarget_001b26e0jjjj	40	branchy	lift	near	92.40	ghidra:near:92.4;m2c:near:92.2
001b2780	func_001b2780	64	straight	ghidra	near	83.75	m2c:near:65.24;lift:near:61.88;e3:near:17.16
001b27c0	func_001b27c0	48	straight	lift	exact	100.00	ghidra:exact:100.0;m2c:near:82.92;corpus:near:65.42;e3:near:0.0
001b27f0	func_001b27f0	112	float	m2c	near	52.23	ghidra:near:46.14;lift:near:34.75
001b2860	func_001b2860	560	vu0	lift	near	84.60	ghidra:near:0.0;m2c:near:0.0
001b2c18	func_001b2c18	48	straight	lift	exact	100.00	ghidra:exact:100.0;m2c:near:82.92;corpus:near:65.42;e3:near:0.0
001b2c48	func_001b2c48	176	float	lift	near	86.00	m2c:near:57.86;ghidra:near:32.6;e3:near:0.0
001b2d10	func_001b2d10	156	float	lift	near	57.69	ghidra:near:57.28;m2c:near:34.48
001b2db8	func_001b2db8	340	vu0	m2c	near	60.28	ghidra:near:14.09;lift:compile:0.0
001b2f10	func_001b2f10	40	straight	lift	exact	100.00	e3:exact:100.0;ghidra:near:98.0;m2c:near:53.0
001b2f38	func_001b2f38	224	loop	ghidra	near	87.36	lift:near:86.72;m2c:near:83.85;e3:near:42.0
001b3018	func_001b3018	128	loop	m2c	exact	100.00	lift:near:91.41;ghidra:near:84.26
001b3098	func_001b3098	128	loop	m2c	exact	100.00	lift:near:91.41;ghidra:near:84.26
001b3118	func_001b3118	236	loop	lift	near	59.20	ghidra:near:51.88;m2c:near:51.86
001b3208	_ZN2YS6OBJOCC7disableEi	100	loop	lift	near	83.85	ghidra:near:80.4;m2c:near:78.36;e3:near:25.97
001b3270	_ZN2YS6OBJOCC11disable_allEv	84	loop	ghidra	exact	100.00	lift:near:95.45;m2c:near:88.29;e3:near:40.86
001b3330	_ZN2YS6OBJOCC10enable_allEv	88	loop	ghidra	near	90.91	lift:near:87.92;m2c:near:80.18;e3:near:34.23
001b3388	func_001b3388	160	loop	ghidra	near	76.10	m2c:near:31.48
001b3428	_ZN2YS6OBJOCC4RIDE12get_movementEPNS_3OBJE	792	vu0	ghidra	near	0.00	m2c:near:0.0
001b3748	func_001b3748	708	vu0	m2c	near	33.78	ghidra:near:32.55;lift:compile:0.0
001b3a90	func_001b3a90	124	branchy	typed	exact	100.00	lift:exact:100.0;ghidra:near:73.54;m2c:near:65.45;e3:near:48.73
001b3d00	func_001b3d00	388	branchy	lift	near	90.49	m2c:near:85.6;ghidra:near:79.28
001b3e88	_ZN2YS7PIERROT9damage_seEPNS_6DAMAGEE	252	branchy	m2c	near	85.24	lift:near:74.87;ghidra:near:63.96
001b40e0	_ZN2YS7PIERROT10_OVR__deadEv	184	branchy	lift	exact	100.00	m2c:near:90.0;ghidra:near:86.49
001b4198	func_001b4198	360	float	m2c	near	90.01	ghidra:near:80.87;lift:near:60.96
001b4300	_ZN2YS5LIMIT4InitEv	60	straight	lift	exact	100.00	e3:near:99.93;ghidra:near:94.87;m2c:near:77.44
001b4340	func_001b4340	160	branchy	lift	exact	100.00	m2c:near:94.79;e3:near:64.34;ghidra:near:48.61
001b43e0	func_001b43e0	80	branchy	lift	exact	100.00	ghidra:near:78.26;e3:near:78.04;m2c:near:74.88
001b4430	func_001b4430	384	float	m2c	near	68.21	lift:near:59.25;ghidra:near:37.21
001b47d8	func_001b47d8	548	float	m2c	near	93.62	lift:near:92.59;ghidra:near:68.01
001b4a00	_ZN2YS5LIMIT5setupEf	584	float	lift	near	92.65	m2c:near:84.91;ghidra:near:61.91
001b4c48	func_001b4c48	196	straight	ghidra	near	98.94	lift:near:90.98;m2c:near:90.47;e3:near:55.02
001b4dd0	func_001b4dd0	364	float	lift	near	97.14	ghidra:near:85.89;m2c:near:80.66
001b4f40	func_001b4f40	364	float	lift	near	97.14	ghidra:near:85.89;m2c:near:80.66
001b50b0	func_001b50b0	44	straight	lift	exact	100.00	ghidra:exact:100.0;m2c:near:63.09
001b50e0	func_001b50e0	368	float	lift	near	89.03	m2c:near:34.01;ghidra:near:30.88
001b5250	func_001b5250	428	float	m2c	near	52.33	lift:near:48.64;ghidra:near:37.36
001b5400	_Z16u_call0_001b5400v	92	branchy	lift	exact	100.00	ghidra:near:80.77;e3:near:63.0;m2c:near:60.65
001b5460	func_001b5460	296	loop	lift	near	92.33	ghidra:near:69.66;m2c:near:51.99
001b55e8	_ZN2YS5LIMIT7can_endEv	152	branchy	ghidra	near	74.81	m2c:near:74.13;e3:near:61.95;lift:near:48.49
001b5708	_ZN2YS5LIMIT19set_special_commandEi	236	straight	lift	near	80.28	m2c:near:72.77;ghidra:near:62.97;e3:near:30.97
001b5878	_ZN2YS5LIMIT11close_gaugeEv	48	branchy	lift	near	87.69	ghidra:near:87.69;m2c:near:87.69;corpus:near:82.83
001b58b8	func_001b58b8	52	straight	lift	exact	100.00	ghidra:exact:100.0;m2c:near:52.15
001b58f0	func_001b58f0	36	straight	ghidra	exact	100.00	m2c:near:48.89;lift:near:26.67
001b5a10	func_001b5a10	80	branchy	lift	exact	100.00	ghidra:near:88.43;m2c:near:37.85
001b5af0	func_001b5af0	48	branchy	e3	exact	100.00	ghidra:near:56.92;m2c:near:52.71;lift:near:51.92
001b5b20	_ZN2YS5LIMIT16GetCommandStatusEPNS_6PLAYEREPKNS_12COMMAND_ELEMEi	320	float	m2c	near	81.75	ghidra:near:56.45;lift:near:41.43
001b5c78	_ZN2YS5LIMIT17reset_hit_counterEv	64	straight	lift	exact	100.00	m2c:exact:100.0;ghidra:near:73.56;e3:near:73.5
001b5cf8	func_001b5cf8	500	float	lift	near	81.03	m2c:near:64.83;ghidra:near:35.58
001b5ef0	_ZN2YS8CHANGEIN5StartEPNS_3OBJE	116	straight	typed	exact	100.00	lift:exact:100.0;ghidra:near:82.7;m2c:near:74.37;e3:near:59.59
001b6070	_ZN2YS8CHANGEIN7CanExecEv	108	branchy	m2c	near	95.56	ghidra:near:75.11;lift:near:52.19;e3:near:38.39
001b60e0	func_001b60e0	436	branchy	m2c	near	54.72	ghidra:near:45.94;lift:link:0.0
001b6298	_Z16u_tail4_001b6298jjjj	436	branchy	m2c	near	54.72	e3:near:46.89;ghidra:near:45.94;lift:link:0.0
001b65e0	_ZN2YS10CHANGEFORM4execEP4TASK	1136	float	m2c	near	63.14	ghidra:near:40.04
001b6ab8	func_001b6ab8	84	branchy	lift	exact	100.00	m2c:exact:100.0;ghidra:near:68.52
001b6b10	func_001b6b10	200	vu0	lift	near	91.98	m2c:near:70.3;ghidra:near:37.27
001b6c60	func_001b6c60	72	straight	lift	exact	100.00	m2c:near:94.63;ghidra:near:89.75
001b6d00	func_001b6d00	64	branchy	lift	exact	100.00	e3:exact:100.0;ghidra:exact:100.0;m2c:near:82.76
001b6d88	func_001b6d88	72	branchy	ghidra	near	90.79	lift:near:83.75;m2c:near:68.42
001b6dd0	func_001b6dd0	56	straight	lift	near	99.29	m2c:near:83.12;ghidra:near:80.0
001b6f48	func_001b6f48	64	float	lift	exact	100.00	ghidra:near:63.75;m2c:near:46.19;e3:near:0.0
001b6fb0	_ZN2YS7LEVELUP3GetEii	132	branchy	ghidra	near	77.70	m2c:near:54.42;e3:near:43.15;lift:near:33.82
001b70d0	_ZN2YS7LEVELUP6AddExpEi	276	loop	m2c	near	34.57	lift:near:29.84;ghidra:near:28.58
001b71e8	_ZN2YS7LEVELUP5CheckEiPNS_7PARTRAMEPNS_5PARTYE	212	loop	m2c	near	76.49	ghidra:near:21.11
001b72c0	func_001b72c0	296	branchy	m2c	near	84.19	lift:near:80.81;ghidra:near:78.22
001b7428	_ZN2YS7LEVELUP10ShowEffectEPNS_6BTLOBJE	60	straight	lift	exact	100.00	ghidra:exact:100.0;e3:near:68.57;m2c:near:42.0
001b7468	_ZN2YS7LEVELUP15ShowEffectDriveEPNS_6BTLOBJE	60	straight	lift	exact	100.00	ghidra:exact:100.0;e3:near:68.57;m2c:near:42.0
001b7768	_ZN2YS7LEVELUP4INFO11show_summonEi	64	straight	typed	exact	100.00	lift:exact:100.0;ghidra:exact:100.0;m2c:exact:100.0
001b78d0	func_001b78d0	132	loop	ghidra	near	99.70	m2c:near:67.42;lift:near:61.06
001b7958	func_001b7958	60	vu0	lift	near	93.75	ghidra:near:19.71;m2c:near:13.87
001b7998	func_001b7998	128	loop	permute	exact	100.00	ghidra:near:96.97;lift:near:87.86;e3:near:78.83;m2c:near:65.31
001b7a18	func_001b7a18	244	vu0	lift	near	84.64	ghidra:near:61.26;m2c:near:52.64
001b7b10	func_001b7b10	364	vu0	lift	near	87.46	ghidra:near:1.7;m2c:near:0.0
001b7c80	_ZN2YS7OBJCLSN17calc_bounding_boxERN2dk6AabboxE	364	float	lift	near	92.64	m2c:near:49.56;ghidra:near:22.9
001b7df0	func_001b7df0	120	vu0	lift	exact	100.00	ghidra:near:70.49;m2c:near:64.37
001b7e68	func_001b7e68	200	branchy	lift	near	85.82	ghidra:near:74.92;m2c:near:65.88
001b7f30	func_001b7f30	88	branchy	typed	exact	100.00	lift:exact:100.0;ghidra:near:97.18;m2c:near:95.43
001b7f88	func_001b7f88	72	branchy	lift	exact	100.00	ghidra:near:93.33;m2c:near:84.52
001b7fd0	func_001b7fd0	40	branchy	ghidra	near	88.00	m2c:near:83.17;lift:near:74.0
001b7ff8	func_001b7ff8	20	straight	lift	exact	100.00	ghidra:near:96.0;m2c:near:96.0;corpus:near:59.6
001b8010	func_001b8010	196	loop	lift	near	26.97	ghidra:near:7.22;m2c:near:0.0
001b80d8	func_001b80d8	268	branchy	lift	near	86.94	ghidra:near:29.05;m2c:compile:0.0
001b81e8	func_001b81e8	48	straight	lift	exact	100.00	ghidra:near:95.0;m2c:near:65.64
001b8228	func_001b8228	48	straight	lift	near	66.25	ghidra:near:52.31;m2c:near:44.35
001b8258	func_001b8258	52	straight	m2c	near	66.00	lift:near:34.85;ghidra:near:15.46
001b83f0	func_001b83f0	48	straight	ghidra	near	94.08	m2c:near:59.0;lift:near:0.0
001b84b8	_Z13func_001b84b8jjjj	100	branchy	m2c	exact	100.00	lift:near:88.08;ghidra:near:55.07
001b8520	func_001b8520	348	float	lift	near	76.76	m2c:near:26.84;ghidra:near:13.23
001b8680	func_001b8680	92	straight	lift	near	69.28	m2c:near:69.04;ghidra:near:48.19
001b86e0	func_001b86e0	56	straight	m2c	near	70.71	lift:near:70.2;ghidra:near:60.06
001b87b0	_Z16u_tail0_001b87b0v	76	loop	lift	exact	100.00	ghidra:near:78.16;m2c:near:78.11
001b8800	func_001b8800	52	straight	ghidra	near	32.15	m2c:near:27.92;lift:near:0.0
001b8838	func_001b8838	288	branchy	m2c	near	55.38	lift:near:37.8;ghidra:near:34.81;e3:near:0.0
001b8988	func_001b8988	72	branchy	lift	exact	100.00	m2c:near:62.95;ghidra:near:49.21
001b89d0	func_001b89d0	548	switch	lift	near	98.98	m2c:near:91.49;ghidra:near:81.77
001b8ce0	func_001b8ce0	128	loop	ghidra	exact	100.00	m2c:near:85.3;lift:near:79.75
001b8d60	func_001b8d60	64	loop	ghidra	near	82.31	lift:near:74.25;m2c:near:53.31
001b8e00	func_001b8e00	120	branchy	m2c	near	99.77	ghidra:near:70.27;lift:near:62.27
001b8e88	_Z16u_call4_001b8e88jjjj	136	branchy	lift	exact	100.00	m2c:near:57.06;ghidra:near:40.88
001b8f10	func_001b8f10	196	branchy	lift	near	77.45	ghidra:near:47.2;e3:near:34.62;m2c:near:29.43
001b8ff8	func_001b8ff8	176	branchy	ghidra	near	67.43	lift:near:51.07;m2c:near:7.93
001b90c8	_ZN2YS12COMMAND_ELEM7GetFormEi	40	straight	lift	exact	100.00	ghidra:exact:100.0;m2c:exact:100.0;e3:near:99.5
001b90f0	_ZNK2YS12COMMAND_ELEM7can_useEPNS_6PLAYERE	220	branchy	m2c	near	70.19	lift:near:35.22;ghidra:near:32.93
001b92d0	func_001b92d0	40	straight	corpus	near	90.91	lift:near:54.0;e3:near:54.0;ghidra:near:54.0;m2c:near:54.0
001b92f8	func_001b92f8	136	loop	lift	near	97.88	ghidra:near:46.12;m2c:near:7.97;e3:near:7.53
001b9380	func_001b9380	160	loop	lift	near	85.53	ghidra:near:9.2;m2c:near:0.0
001b9420	func_001b9420	592	float	lift	near	97.21	m2c:near:43.53;ghidra:near:22.13
001b99d0	func_001b99d0	340	loop	ghidra	near	70.93	e3:near:61.04;lift:near:59.38;m2c:near:46.08
001b9bc8	_ZN2YS3OBJ4EachEPS0_	92	loop	e3	near	96.87	lift:near:83.79;m2c:near:70.04;ghidra:near:67.0
001b9c28	_ZN2YS3OBJ10ControlOffEi	48	straight	lift	exact	100.00	ghidra:exact:100.0;m2c:near:99.58
001b9c90	func_001b9c90	172	branchy	ghidra	near	85.20	lift:near:71.77;m2c:near:71.7;e3:near:0.0
001b9d40	_ZN2YS3OBJ11can_controlEv	112	branchy	m2c	near	89.29	e3:near:72.86;ghidra:near:65.96;lift:near:58.07
001b9db0	_ZN2YS3OBJ8LeaveAllEi	312	loop	e3	compile	0.00	m2c:near:53.45;ghidra:near:48.08
001b9ee8	func_001b9ee8	148	loop	lift	near	79.65	m2c:near:41.62;ghidra:near:39.65
001b9f80	func_001b9f80	156	loop	lift	near	87.49	ghidra:near:42.97;m2c:near:32.33
001ba028	_ZN2YS3OBJ8is_validEv	56	loop	lift	near	90.57	e3:near:52.0;ghidra:near:52.0;m2c:compile:0.0
001ba168	func_001ba168	140	float	lift	near	80.29	ghidra:near:79.53;m2c:near:77.63
001ba1f8	func_001ba1f8	140	float	lift	near	80.29	ghidra:near:79.53;m2c:near:77.63;e3:near:0.0
001ba310	_ZN2YS11ITEM_EFFECTD1Ev	48	straight	lift	exact	100.00	m2c:exact:100.0;ghidra:near:94.92;e3:near:23.11
001ba340	func_001ba340	200	branchy	lift	near	75.42	m2c:near:63.3;ghidra:near:50.49
001ba408	func_001ba408	288	float	lift	near	94.32	m2c:near:79.72;ghidra:near:40.37
001ba598	func_001ba598	184	branchy	m2c	exact	100.00	ghidra:near:87.35;lift:near:79.85;e3:near:75.61
001baa58	_Z16ctarget_001baa58jjjj	632	float	m2c	near	82.55	lift:near:72.34;ghidra:near:68.7
001bacd0	_ZN2YS7MISSION7prepareEv	264	branchy	lift	near	89.29	m2c:near:78.27;ghidra:near:75.81
001bae38	func_001bae38	484	branchy	lift	near	81.66	m2c:near:75.71;ghidra:near:46.02
001bb090	func_001bb090	396	float	lift	near	72.83	m2c:near:66.77;ghidra:near:4.13
001bb2c8	func_001bb2c8	368	float	m2c	near	86.59	lift:near:69.72;ghidra:near:69.7
001bb4b0	func_001bb4b0	60	branchy	ghidra	near	76.41	m2c:near:62.18;lift:near:55.56;e3:near:5.0
001bb4f0	_ZN2YS7MISSION8completeEii	316	branchy	m2c	near	91.75	lift:near:80.52;ghidra:near:75.19
001bb768	_ZN2YS7MISSION6FailedEv	144	branchy	lift	exact	100.00	ghidra:near:77.68;m2c:near:53.03
001bb7f8	func_001bb7f8	92	branchy	ghidra	near	92.00	m2c:near:63.62;lift:near:56.3
001bb858	_ZN2YS7MISSION4ExitEi	52	straight	lift	exact	100.00	ghidra:exact:100.0;m2c:exact:100.0;corpus:near:84.23
001bb890	_ZN2YS7MISSION7PostEndEv	96	straight	lift	exact	100.00	ghidra:exact:100.0;m2c:near:73.88
001bb958	func_001bb958	88	branchy	lift	near	92.61	m2c:near:86.65;ghidra:near:85.23
001bb9b0	func_001bb9b0	64	branchy	ghidra	near	88.89	m2c:near:75.44;lift:near:74.38;e3:near:8.06
001bb9f0	func_001bb9f0	64	branchy	ghidra	near	88.89	m2c:near:75.44;lift:near:74.38
001bba30	func_001bba30	88	branchy	lift	near	49.32	ghidra:near:43.18;m2c:near:33.64
001bba88	func_001bba88	52	branchy	lift	exact	100.00	m2c:near:92.0;corpus:near:75.38;ghidra:near:59.67
001bbac0	_ZN2YS7MISSION10Activate2dEv	68	branchy	lift	exact	100.00	m2c:near:92.39;ghidra:near:91.11;e3:near:28.13
001bbb08	func_001bbb08	28	branchy	lift	exact	100.00	corpus:near:99.57;m2c:near:87.25;ghidra:near:77.22
001bbb28	_ZN2YS7MISSION7IsNoExpEv	40	branchy	e3	exact	100.00	ghidra:near:79.4;m2c:near:72.0;lift:near:61.27
001bbb50	func_001bbb50	88	branchy	ghidra	near	56.32	lift:near:27.73;m2c:compile:0.0
001bbba8	func_001bbba8	136	branchy	lift	near	72.41	m2c:near:62.83;ghidra:near:0.0
001bbc30	func_001bbc30	124	branchy	ghidra	near	76.42	m2c:near:35.82;lift:near:15.29
001bbcc0	func_001bbcc0	52	branchy	lift	exact	100.00	m2c:near:92.14;ghidra:near:86.0;corpus:near:78.14
001bbdb8	func_001bbdb8	92	branchy	lift	near	97.39	m2c:near:82.77;ghidra:near:79.26
001bbec0	func_001bbec0	64	branchy	m2c	near	94.12	ghidra:near:88.89;lift:near:87.19
001bbf00	func_001bbf00	64	branchy	m2c	near	94.12	ghidra:near:88.89;lift:near:87.19
001bbf40	func_001bbf40	64	branchy	m2c	near	94.12	ghidra:near:88.89;lift:near:87.19
001bbfd0	func_001bbfd0	60	float	lift	exact	100.00	m2c:near:86.6;ghidra:near:42.67;e3:near:17.6
001bc010	func_001bc010	64	branchy	m2c	near	94.12	ghidra:near:88.89;lift:near:87.19
001bc050	func_001bc050	64	branchy	m2c	near	94.12	ghidra:near:88.89;lift:near:87.19
001bc0e0	func_001bc0e0	76	branchy	ghidra	near	66.32	m2c:near:60.26;lift:near:37.11
001bc130	func_001bc130	88	branchy	ghidra	near	70.86	m2c:near:56.59;lift:near:36.59
001bc188	_Z16wtarget_001bc188jjjj	224	loop	m2c	near	77.32	ghidra:near:50.68;lift:near:44.61
001bc2a8	_ZN2YS12COMMAND_SLOT9GetStatusEPKNS_12COMMAND_ELEMEPNS_3OBJEPKNS_6TARGETE	704	branchy	ghidra	near	39.19	m2c:near:34.92;lift:near:11.06
001bc568	func_001bc568	284	branchy	lift	near	70.00	m2c:near:64.32;ghidra:near:63.56
001bc6a8	_ZN2YS12COMMAND_SLOT3setEPKNS_12COMMAND_ELEMEPNS_3OBJEPKNS_6TARGETEi	84	straight	e3	exact	100.00	lift:near:90.48;m2c:near:78.54;ghidra:near:67.7
001bc730	func_001bc730	68	branchy	ghidra	exact	100.00	lift:near:94.17;m2c:near:88.24;e3:near:41.12
001bc780	_ZN2YS12COMMAND_MENU3addEiPKNS_6TARGETEi	452	branchy	lift	near	85.29	ghidra:near:70.25;m2c:near:69.99;e3:near:63.93
001bc948	func_001bc948	68	loop	lift	near	87.65	m2c:near:68.22;ghidra:near:55.65
001bc9e8	func_001bc9e8	576	branchy	lift	near	50.81	e3:near:23.26;m2c:near:21.31;ghidra:near:0.0
001bcc28	func_001bcc28	220	loop	lift	near	80.43	m2c:near:53.58;e3:near:46.68;ghidra:near:35.85
001bcd08	_ZN2YS12COMMAND_MENU11check_closeEv	216	loop	e3	near	11.93	ghidra:near:5.65;lift:near:2.89;m2c:compile:0.0
001bce00	func_001bce00	144	loop	lift	near	79.28	m2c:near:76.33;ghidra:near:66.4;e3:near:16.0
001bce90	func_001bce90	136	loop	ghidra	near	97.97	m2c:near:97.97;lift:near:85.18
001bcf38	_ZN2YS12COMMAND_MENU16is_shortcut_menuEv	72	branchy	lift	near	56.83	m2c:near:56.83;ghidra:near:39.67;e3:near:38.48
001bcf80	func_001bcf80	420	float	lift	near	91.39	ghidra:near:83.96;m2c:near:83.64
001bd3e0	func_001bd3e0	52	branchy	typed	exact	100.00	lift:exact:100.0;m2c:near:78.77;e3:near:53.85;ghidra:near:48.21
001bd418	func_001bd418	208	branchy	ghidra	near	89.30	m2c:near:64.65;lift:near:55.44;e3:near:33.95
001bd4e8	func_001bd4e8	136	loop	permute	exact	100.00	lift:near:99.65;m2c:near:87.03;ghidra:near:81.92;e3:near:68.04
001bd5b0	func_001bd5b0	100	branchy	typed	exact	100.00	lift:exact:100.0;m2c:near:99.96;ghidra:near:91.54;e3:near:43.44
001bd618	func_001bd618	80	branchy	typed	exact	100.00	lift:exact:100.0;ghidra:near:85.5;m2c:near:75.2;e3:near:31.06
001bd668	func_001bd668	64	loop	permute	exact	100.00	m2c:exact:100.0;lift:near:99.62;corpus:near:83.0;ghidra:near:78.4;e3:near:16.25
001bd6a8	func_001bd6a8	492	vu0	lift	near	80.80	ghidra:near:69.7;m2c:near:35.79
001bd8c8	_ZN2YS14PLAYER_COMMAND7_decideEv	80	straight	lift	near	54.80	m2c:near:54.8;e3:near:53.54;ghidra:near:52.76
001bd988	_ZN2YS14PLAYER_COMMAND6decideEv	296	loop	lift	near	57.34	m2c:near:55.66;ghidra:near:30.74
001bdb70	_ZN2YS14PLAYER_COMMAND19set_special_commandEiPvS1_PNS_6STDOBJE	168	straight	e3	exact	100.00	lift:near:93.24;ghidra:near:88.85;m2c:near:78.07
001bdc18	_ZN2YS14PLAYER_COMMAND21reset_special_commandEv	44	straight	lift	exact	100.00	e3:exact:100.0;twins:exact:100.0;m2c:exact:100.0;ghidra:near:84.62
001bdc88	func_001bdc88	68	branchy	lift	exact	100.00	ghidra:exact:100.0;m2c:exact:100.0
001bdcd0	func_001bdcd0	80	branchy	corpus	near	76.50	e3:near:72.62;ghidra:near:57.8;m2c:near:57.6;lift:near:35.55
001bdd20	func_001bdd20	44	branchy	ghidra	near	94.55	m2c:near:91.5;lift:near:65.0
001bdd50	func_001bdd50	260	float	lift	near	91.88	m2c:near:50.34;ghidra:near:30.8
001bde58	func_001bde58	44	straight	lift	exact	100.00	ghidra:exact:100.0;m2c:exact:100.0
001bded8	func_001bded8	96	straight	lift	exact	100.00	m2c:near:99.92;ghidra:near:82.46
001bdf38	func_001bdf38	48	straight	lift	exact	100.00	m2c:exact:100.0;corpus:near:82.5;ghidra:near:55.64;e3:near:0.0
001bdff0	func_001bdff0	108	loop	lift	exact	100.00	m2c:near:88.07;ghidra:near:37.44
001be060	func_001be060	260	branchy	lift	near	73.41	ghidra:near:56.42;e3:near:49.97;m2c:compile:0.0
001be410	func_001be410	160	branchy	m2c	near	99.12	lift:near:93.69;ghidra:near:64.83
001be4b0	func_001be4b0	44	straight	lift	exact	100.00	m2c:near:85.83;ghidra:near:79.62
001be4e0	_Z16wtarget_001be4e0jjjj	92	straight	ghidra	near	64.07	lift:near:41.88;m2c:near:41.88;e3:near:33.08
001be540	func_001be540	172	branchy	ghidra	near	31.67	m2c:near:19.65;lift:near:0.98;e3:near:0.0
001be5f0	func_001be5f0	392	branchy	lift	near	55.58	ghidra:near:53.05;m2c:compile:0.0
001be778	func_001be778	276	branchy	m2c	near	76.33	lift:near:71.36;ghidra:near:63.32
001be890	func_001be890	112	loop	ghidra	near	82.84	m2c:near:77.61;lift:near:73.89
001be900	func_001be900	64	straight	lift	exact	100.00	ghidra:exact:100.0;m2c:exact:100.0
001be940	func_001be940	96	branchy	typed	exact	100.00	lift:exact:100.0;ghidra:near:96.0;m2c:near:81.71
001be9a0	func_001be9a0	348	loop	m2c	near	80.38	ghidra:near:53.94
001beb00	func_001beb00	356	loop	m2c	near	95.19	lift:near:93.91;ghidra:near:83.46
001bec68	func_001bec68	200	loop	lift	near	91.58	m2c:near:84.4;ghidra:near:82.85
001bed48	func_001bed48	304	loop	lift	near	83.09	ghidra:near:81.09;m2c:compile:0.0
001bee78	func_001bee78	304	loop	e3	near	98.07	ghidra:near:90.15;lift:near:82.34;m2c:near:78.83
001befa8	_ZN2YS13FIELD_COMMAND21reset_special_commandEv	48	straight	lift	exact	100.00	m2c:exact:100.0;e3:near:95.0;corpus:near:82.5;ghidra:near:55.64
001befd8	_ZN2YS13FIELD_COMMAND12set_minigameEPKNS_12COMMAND_MENU5TABLEEi	56	straight	e3	exact	100.00	m2c:exact:100.0;ghidra:near:70.31;lift:near:69.93
001bf010	func_001bf010	180	loop	lift	near	75.62	ghidra:near:64.18;m2c:compile:0.0
001bf0c8	func_001bf0c8	52	straight	lift	exact	100.00	m2c:exact:100.0;ghidra:near:95.38;e3:near:28.14;corpus:near:6.54
001bf168	func_001bf168	264	float	lift	near	98.53	m2c:near:61.77;ghidra:near:38.49
001bf270	func_001bf270	264	float	lift	near	98.53	m2c:near:61.77;ghidra:near:38.49
001bf378	func_001bf378	364	vu0	lift	near	81.89	m2c:near:44.14;ghidra:near:19.12
001bf620	_ZN2YS8PRIZEBOX6AppearEiRKN2kn7FVectorE	132	float	lift	exact	100.00	m2c:near:98.64;ghidra:near:68.61
001bf6a8	func_001bf6a8	104	loop	lift	near	99.23	ghidra:near:89.82;e3:near:51.57;m2c:near:42.27
001bf930	func_001bf930	168	vu0	lift	near	95.12	m2c:near:58.38;ghidra:near:44.06
001bfa08	func_001bfa08	464	vu0	m2c	near	36.83	ghidra:near:0.0;lift:compile:0.0
001bfc28	_Z17ttarget0_001bfc28v	120	loop	ghidra	near	91.25	lift:near:77.28;e3:near:51.13;m2c:near:36.37
001bfcc8	_ZN2YS8PRIZEBOX13DropNmPresentEPNS_6BTLOBJEi	152	float	lift	near	90.42	ghidra:near:85.3;m2c:near:67.79
001bfd60	func_001bfd60	60	loop	ghidra	near	83.67	lift:near:70.0;m2c:near:62.33;e3:near:20.44
001bfda0	func_001bfda0	488	float	e3	near	38.30	m2c:near:3.52;ghidra:near:0.0
001bff88	func_001bff88	80	loop	lift	near	75.30	ghidra:near:75.3;m2c:near:74.45
001bffd8	func_001bffd8	124	loop	ghidra	near	98.06	lift:near:93.71;m2c:near:31.31
001c0090	_ZN2YS12ATTACK_CHECK13NewComboGroupEv	44	branchy	lift	exact	100.00	e3:exact:100.0;ghidra:near:94.55;m2c:near:89.17
001c0150	func_001c0150	140	loop	lift	near	92.66	m2c:near:89.2;ghidra:near:81.2
001c0268	func_001c0268	44	straight	typed	exact	100.00	lift:exact:100.0;ghidra:near:95.0;m2c:near:47.73;e3:near:30.68
001c0298	func_001c0298	132	float	m2c	near	45.80	lift:near:43.33;e3:near:36.2;ghidra:near:21.34
001c0320	func_001c0320	236	float	lift	near	89.27	m2c:near:78.64;ghidra:near:63.91;e3:near:50.31
001c0410	func_001c0410	68	float	lift	near	75.88	m2c:near:61.11;ghidra:near:47.65
001c0458	func_001c0458	52	straight	lift	exact	100.00	ghidra:exact:100.0;m2c:exact:100.0
001c0490	func_001c0490	204	float	lift	near	88.94	m2c:near:68.56;ghidra:near:31.69
001c0560	func_001c0560	80	loop	lift	near	96.40	ghidra:near:32.3;e3:near:28.7;m2c:near:15.85
001c05b0	_Z16wtarget_001c05b0jjjj	100	loop	lift	near	97.56	m2c:near:97.44;ghidra:near:78.96
001c0648	func_001c0648	68	loop	m2c	near	94.22	lift:near:82.22;ghidra:near:60.16
001c0690	func_001c0690	508	loop	ghidra	near	77.64	m2c:near:77.06;lift:near:69.32
001c0890	_ZN2YS10BONUSLEVEL2UpEi	300	loop	lift	near	75.49	ghidra:near:68.12;m2c:compile:0.0
001c0a00	func_001c0a00	124	branchy	lift	exact	100.00	m2c:near:71.0;ghidra:near:23.23
001c0a80	func_001c0a80	44	loop	lift	exact	100.00	corpus:near:98.0;ghidra:near:85.91;m2c:compile:0.0
001c0ae0	func_001c0ae0	188	loop	ghidra	near	99.89	lift:near:90.49;m2c:near:78.38
001c0ba0	func_001c0ba0	116	loop	lift	near	84.97	ghidra:near:83.6;m2c:near:79.17
001c0c38	func_001c0c38	52	straight	ghidra	near	32.15	m2c:near:27.92;lift:near:0.0
001c0ce8	func_001c0ce8	76	branchy	m2c	near	89.16	e3:near:70.39;lift:near:45.26;ghidra:near:45.0
001c0d38	_Z16u_tail4_001c0d38jjjj	292	vu0	lift	near	83.15	m2c:near:67.38;ghidra:near:66.37
001c0e60	_ZN2YS3OBJ6detachEv	444	vu0	lift	near	77.20	m2c:near:69.65;ghidra:near:42.44
001c1060	_ZN2YS3OBJ9DetachAllEv	88	loop	ghidra	near	95.22	lift:near:84.13;m2c:near:51.82;e3:near:33.64
001c10c8	func_001c10c8	48	loop	lift	exact	100.00	ghidra:exact:100.0;m2c:near:99.92;corpus:near:94.83
001c10f8	func_001c10f8	52	straight	ghidra	near	32.15	m2c:near:27.92;lift:near:0.0
001c1130	func_001c1130	120	loop	ghidra	near	55.17	m2c:near:11.67
001c11e0	func_001c11e0	56	loop	lift	exact	100.00	ghidra:near:34.88;m2c:compile:0.0
001c1268	func_001c1268	156	branchy	lift	near	84.00	m2c:near:68.74;ghidra:near:57.95
001c1308	func_001c1308	156	branchy	lift	near	84.00	m2c:near:68.74;ghidra:near:57.95
001c13a8	func_001c13a8	60	straight	lift	near	81.87	ghidra:near:81.87;m2c:near:81.87
001c13e8	func_001c13e8	60	straight	lift	near	81.87	ghidra:near:81.87;m2c:near:81.87
001c1428	func_001c1428	180	loop	lift	near	84.27	m2c:near:63.0;ghidra:near:29.24
001c14e0	func_001c14e0	444	vu0	lift	near	75.74	m2c:near:18.52;ghidra:near:9.61
001c16a0	func_001c16a0	76	branchy	lift	near	45.00	ghidra:near:45.0;m2c:near:45.0
001c1708	func_001c1708	64	loop	lift	exact	100.00	m2c:exact:100.0;ghidra:near:86.18
001c1748	func_001c1748	96	branchy	lift	near	79.96	ghidra:near:39.96;m2c:near:2.83
001c1808	func_001c1808	136	loop	m2c	near	86.47	lift:near:81.51;ghidra:near:67.15
001c1890	func_001c1890	64	straight	lift	near	61.06	m2c:near:61.06;ghidra:near:55.84;e3:near:28.24
001c18d0	func_001c18d0	104	branchy	lift	near	93.70	m2c:near:73.96;ghidra:near:65.68
001c1938	func_001c1938	248	vu0	lift	near	92.85	m2c:near:0.0;ghidra:compile:0.0
001c1a30	func_001c1a30	216	float	lift	near	64.63	m2c:near:49.54;ghidra:near:34.52
001c1b08	func_001c1b08	448	vu0	lift	near	40.59	ghidra:near:9.94;m2c:near:0.0
001c1d90	func_001c1d90	100	float	lift	exact	100.00	ghidra:near:51.62;m2c:near:38.28;e3:near:0.0
001c1df8	_Z16ctarget_001c1df8jjjj	488	vu0	lift	near	82.69	ghidra:near:0.0;m2c:near:0.0
001c1fe0	func_001c1fe0	248	vu0	lift	near	77.63	ghidra:near:8.58;m2c:near:0.0
001c20e8	func_001c20e8	480	loop	m2c	near	56.31	e3:near:28.37;ghidra:near:25.66;lift:near:3.34
001c23a8	func_001c23a8	232	float	lift	near	98.90	ghidra:near:75.56;m2c:near:43.79
001c2490	func_001c2490	232	float	lift	near	98.90	ghidra:near:75.56;m2c:near:43.79
001c2578	_ZN2YS7MASSOBJ9_OVR_execEv	40	straight	lift	exact	100.00	twins:exact:100.0;ghidra:exact:100.0;m2c:exact:100.0;corpus:near:83.25
001c25e8	func_001c25e8	420	switch	lift	exact	100.00	m2c:near:98.53;ghidra:near:55.83;e3:near:35.34
001c2858	func_001c2858	160	float	m2c	near	23.30	ghidra:near:12.05
001c28f8	func_001c28f8	476	float	lift	near	66.30	ghidra:near:38.71;m2c:near:27.78
001c2b70	func_001c2b70	52	loop	lift	exact	100.00	ghidra:exact:100.0;m2c:near:92.64;corpus:near:79.92
001c2ba8	func_001c2ba8	88	loop	lift	exact	100.00	m2c:near:99.95;ghidra:near:95.65;e3:near:46.72
001c2c00	_ZN2YS7HITMARK3AddEPN3ryj6EFFECTE	148	float	ghidra	near	92.84	lift:near:61.3;m2c:near:48.88
001c2c98	func_001c2c98	76	straight	lift	exact	100.00	ghidra:near:97.53;m2c:near:97.53
001c2ce8	func_001c2ce8	76	straight	lift	exact	100.00	ghidra:near:97.53;m2c:near:97.53;e3:near:40.97
001c2d48	func_001c2d48	48	straight	ghidra	near	94.08	m2c:near:59.0;lift:near:0.0
001c2d88	func_001c2d88	304	loop	lift	near	88.14	m2c:near:83.37;ghidra:near:77.71
001c2eb8	_Z16u_call4_001c2eb8jjjj	216	loop	m2c	near	82.98	ghidra:near:57.93;lift:near:34.47
001c2f90	func_001c2f90	208	float	lift	near	82.66	ghidra:near:48.92;m2c:near:43.37
001c3060	func_001c3060	240	loop	m2c	near	85.78	lift:near:81.44;e3:near:66.97;ghidra:near:63.1
001c3150	func_001c3150	1100	float	lift	near	90.59	m2c:near:74.65;e3:near:50.76;ghidra:near:44.02
001c35a0	func_001c35a0	116	loop	ghidra	near	71.52	m2c:compile:0.0
001c3670	func_001c3670	120	loop	m2c	near	81.47	lift:near:76.52;ghidra:near:48.49
001c3748	func_001c3748	264	loop	m2c	near	63.94	lift:near:33.31;ghidra:near:32.14
001c38c0	func_001c38c0	180	float	lift	near	96.39	m2c:near:61.89;ghidra:near:33.02;e3:near:0.0
001c39d0	func_001c39d0	208	float	m2c	near	64.08	ghidra:near:44.07;lift:compile:0.0
001c3aa0	func_001c3aa0	128	float	lift	exact	100.00	m2c:near:86.84;ghidra:near:32.56;e3:near:0.0
001c3b20	func_001c3b20	132	vu0	lift	near	56.85	ghidra:near:0.39;m2c:near:0.0
001c3ba8	func_001c3ba8	252	float	lift	exact	100.00	m2c:near:81.81;ghidra:near:48.74
001c3cd8	func_001c3cd8	32	float	lift	near	98.75	ghidra:near:84.38;m2c:near:65.0
001c3cf8	func_001c3cf8	292	vu0	lift	near	63.34	ghidra:near:13.48;m2c:near:0.0
001c3e20	func_001c3e20	292	vu0	lift	near	59.75	ghidra:near:0.0;m2c:near:0.0
001c3f58	func_001c3f58	244	loop	ghidra	near	54.34	m2c:near:47.66
001c4080	_Z16wtarget_001c4080jjjj	60	branchy	lift	near	75.88	ghidra:near:8.75;m2c:near:0.0
001c4170	func_001c4170	24	straight	lift	exact	100.00	ghidra:exact:100.0;m2c:near:72.25
001c4188	func_001c4188	280	float	m2c	near	50.47	ghidra:near:19.05;lift:near:17.31
001c42c0	func_001c42c0	336	vu0	lift	near	67.38	ghidra:near:8.33;m2c:near:3.87
001c4498	func_001c4498	132	float	lift	near	87.88	ghidra:near:47.17;m2c:compile:0.0
001c4520	func_001c4520	900	float	ghidra	near	37.12	m2c:near:23.29
001c4918	func_001c4918	1200	vu0	m2c	near	40.51	ghidra:near:21.94
001c4e30	func_001c4e30	444	vu0	lift	near	76.70	ghidra:near:0.0;m2c:near:0.0
001c51d8	func_001c51d8	932	vu0	m2c	near	36.38	ghidra:near:17.84
001c5c60	func_001c5c60	440	vu0	lift	near	79.55	ghidra:near:5.14;m2c:near:0.0
001c5e88	func_001c5e88	176	vu0	lift	near	65.00	m2c:near:47.86;ghidra:near:9.52
001c5f38	func_001c5f38	64	branchy	lift	exact	100.00	ghidra:near:80.72;m2c:near:74.62
001c5f90	func_001c5f90	376	vu0	lift	near	31.27	ghidra:near:28.35;m2c:near:5.14
001c6320	func_001c6320	220	vu0	lift	near	73.23	m2c:near:27.6;ghidra:near:18.71
001c6400	func_001c6400	92	vu0	lift	near	21.13	m2c:near:6.43;ghidra:near:0.78
001c6460	func_001c6460	740	vu0	lift	near	59.93	ghidra:near:0.0;m2c:near:0.0
001c6748	func_001c6748	24	straight	lift	exact	100.00	ghidra:exact:100.0;m2c:near:90.0
001c6760	func_001c6760	240	vu0	lift	near	86.05	ghidra:near:14.96;m2c:near:3.83
001c6850	func_001c6850	144	float	lift	exact	100.00	m2c:near:57.0;ghidra:near:18.94
001c6900	func_001c6900	292	vu0	lift	near	72.89	ghidra:near:44.11;m2c:near:43.73
001c6c78	_Z16wtarget_001c6c78jjjj	412	vu0	lift	near	77.23	ghidra:near:72.91;m2c:near:71.87
001c6e58	func_001c6e58	68	straight	lift	exact	100.00	ghidra:near:86.32;m2c:near:60.29
001c6ea0	func_001c6ea0	68	straight	lift	exact	100.00	ghidra:near:86.32;m2c:near:60.29
001c6ee8	_ZN2YS10MASSEFFECT7MANAGER10exec_zsortEv	40	straight	lift	exact	100.00	twins:exact:100.0;ghidra:exact:100.0;m2c:exact:100.0;corpus:near:83.25
001c6fa8	func_001c6fa8	156	float	lift	near	58.27	ghidra:near:54.72;m2c:near:46.0
001c7048	func_001c7048	156	float	lift	near	58.27	ghidra:near:54.72;m2c:near:46.0
001c70e8	func_001c70e8	96	float	lift	near	43.75	m2c:near:35.39;ghidra:near:15.33
001c7148	func_001c7148	108	float	lift	near	65.37	m2c:near:40.88;ghidra:near:22.48
001c71f8	func_001c71f8	488	vu0	lift	near	87.83	m2c:near:55.27;ghidra:near:15.27
001c73e0	_Z16u_call4_001c73e0jjjj	60	float	permute	near	99.87	lift:near:55.2;m2c:near:55.13;ghidra:near:40.2
001c7440	func_001c7440	220	float	lift	near	84.61	m2c:near:52.53;ghidra:near:31.07
001c7540	func_001c7540	444	vu0	lift	near	77.32	m2c:near:27.24;ghidra:near:14.98
001c7720	_ZN2YS11PRIZEEFFECT12phase_al_getEv	444	vu0	lift	near	77.32	m2c:near:27.24;ghidra:near:14.98
001c7950	_ZN2YS11PRIZEEFFECT7can_getEPNS_6BTLOBJEff	76	float	lift	near	66.05	m2c:near:47.05;ghidra:near:22.26
001c79a0	_ZN2YS11PRIZEEFFECT3getEPNS_6BTLOBJEi	276	vu0	lift	near	60.29	ghidra:near:0.0;m2c:near:0.0
001c7c68	func_001c7c68	60	straight	lift	exact	100.00	ghidra:near:67.82;m2c:near:34.94
001c7ca8	_ZN2YS8PRIZE_MU11AppearTableERKN2kn7FVectorEPKNS_10PRIZETABLEE	228	float	lift	near	72.29	m2c:near:56.55;e3:near:28.9;ghidra:near:27.43
001c7d90	func_001c7d90	280	float	ghidra	near	80.73	lift:near:74.42;e3:near:60.27;m2c:near:4.0
001c7f10	func_001c7f10	168	loop	lift	exact	100.00	ghidra:near:70.61;m2c:near:67.05
001c7fb8	_ZN2YS6SUMMONC1EPKNS_8OBJENTRYERKN2kn7FVectorEf	168	loop	lift	exact	100.00	ghidra:near:70.61;m2c:near:67.05
001c8118	func_001c8118	180	loop	lift	near	97.48	ghidra:near:69.98;m2c:compile:0.0
001c81d0	func_001c81d0	192	loop	lift	near	94.24	ghidra:near:94.17;m2c:compile:0.0
001c8300	func_001c8300	248	float	m2c	near	56.81	ghidra:near:43.0;e3:near:10.88;lift:link:0.0
001c8710	func_001c8710	64	straight	lift	exact	100.00	m2c:exact:100.0;ghidra:near:96.25
001c8750	func_001c8750	56	straight	lift	exact	100.00	m2c:exact:100.0;ghidra:near:95.71
001c8788	func_001c8788	176	branchy	ghidra	near	70.13	m2c:near:52.61;lift:near:41.23
001c88a8	_ZN2YS6SUMMON6AppearERKN2kn7FVectorEf	156	float	m2c	near	89.80	ghidra:near:69.17;lift:near:66.7
001c8948	_Z16ctarget_001c8948jjjj	96	branchy	lift	exact	100.00	ghidra:near:80.68;m2c:near:59.58
001c89a8	func_001c89a8	196	loop	m2c	near	90.31	ghidra:near:89.36;lift:near:80.73
001c8a90	func_001c8a90	28	straight	lift	near	41.29	ghidra:near:41.29;m2c:near:35.12
001c8b48	_ZN2YS6SUMMON11IsTinkExistEv	92	branchy	ghidra	near	87.00	m2c:near:76.2;lift:near:52.04
001c8c38	func_001c8c38	136	straight	ghidra	near	38.38	lift:near:12.47;m2c:compile:0.0
001c8de0	func_001c8de0	28	straight	lift	exact	100.00	corpus:exact:100.0;ghidra:exact:100.0;m2c:near:48.2
001c8ec0	func_001c8ec0	168	loop	lift	near	65.24	m2c:near:56.34;ghidra:near:44.86
001c8fe8	func_001c8fe8	152	float	lift	near	83.79	m2c:near:72.74;ghidra:near:41.03
001c9080	func_001c9080	64	straight	ghidra	near	83.75	m2c:near:65.24;lift:near:61.88;e3:near:0.0
001c90c0	func_001c90c0	48	straight	lift	exact	100.00	ghidra:exact:100.0;m2c:near:82.92;corpus:near:65.42;e3:near:0.0
001c91c8	func_001c91c8	188	vu0	lift	near	56.47	m2c:near:30.13;ghidra:near:4.81
001c92a0	func_001c92a0	552	vu0	lift	near	52.44	m2c:near:12.74;ghidra:near:1.4
001c96c8	func_001c96c8	164	float	lift	near	67.44	m2c:near:51.44;ghidra:near:36.59;e3:near:0.0
001c97b0	_ZN2YS9SACRIFICE9StartPartEif	176	float	ghidra	near	66.71	m2c:near:62.73;lift:near:52.11
001c9860	_ZN2YS9SACRIFICE9StartFormEi	140	float	lift	exact	100.00	e3:near:41.45;ghidra:near:25.14;m2c:near:16.83
001c9958	func_001c9958	88	branchy	m2c	near	56.36	lift:near:0.0;e3:near:0.0;ghidra:near:0.0
001c99b0	func_001c99b0	264	float	lift	near	89.32	ghidra:near:69.79;m2c:near:52.39
001c9ab8	func_001c9ab8	124	loop	m2c	near	99.35	ghidra:near:72.5;lift:near:72.42
001c9b38	_ZN2YS9SACRIFICE16GetCommandStatusEPKNS_12COMMAND_ELEME	88	branchy	m2c	near	56.82	lift:near:48.41;ghidra:near:45.68;e3:near:29.16
001c9b90	func_001c9b90	112	loop	ghidra	near	95.71	lift:near:92.76;m2c:near:80.58;e3:near:44.67
001c9c00	func_001c9c00	120	loop	ghidra	near	92.90	lift:near:91.77;m2c:near:76.4;e3:near:0.0
001c9c78	func_001c9c78	268	float	m2c	near	63.03	ghidra:near:30.27;lift:near:7.22
001c9d88	_ZN2YS9SACRIFICE6CanEndEv	40	straight	lift	exact	100.00	ghidra:exact:100.0;m2c:exact:100.0;corpus:near:94.0
001c9db0	func_001c9db0	72	loop	lift	near	92.11	m2c:near:73.0;ghidra:near:61.1
001c9df8	func_001c9df8	84	loop	m2c	near	99.29	ghidra:near:90.65;e3:near:90.0;lift:near:42.14
001c9e50	_ZN2YS9SACRIFICE10WaitStableEP4TASK	80	loop	ghidra	near	90.91	e3:near:57.0;m2c:near:25.71
001c9ee8	func_001c9ee8	372	vu0	lift	near	70.03	ghidra:near:23.13;m2c:near:21.8
001ca148	func_001ca148	764	vu0	ghidra	near	0.00	m2c:near:0.0;lift:compile:0.0
001ca448	func_001ca448	76	branchy	m2c	near	74.70	lift:near:29.63;ghidra:near:29.05
001ca4a8	func_001ca4a8	396	vu0	lift	near	93.63	m2c:near:31.25;ghidra:near:16.12
001ca718	func_001ca718	60	straight	lift	exact	100.00	ghidra:near:67.82;m2c:near:34.94
001ca758	func_001ca758	216	loop	e3	near	91.52	lift:near:72.49;m2c:near:72.48;ghidra:near:72.26
001ca950	func_001ca950	56	straight	lift	exact	100.00	ghidra:near:85.0;m2c:near:37.67
001ca988	func_001ca988	56	straight	lift	exact	100.00	ghidra:near:85.0;m2c:near:37.67
001ca9e0	func_001ca9e0	296	vu0	lift	near	62.82	m2c:near:26.07;ghidra:near:0.0
001cab28	func_001cab28	532	vu0	lift	near	68.84	ghidra:near:17.77;m2c:near:0.0
001cad60	func_001cad60	380	vu0	lift	near	66.53	m2c:near:18.34;ghidra:near:15.53
001caf00	_Z16u_call4_001caf00jjjj	392	vu0	lift	near	61.22	m2c:near:23.35;ghidra:near:19.84
001cb0a8	func_001cb0a8	212	vu0	lift	near	75.74	ghidra:near:0.0;m2c:near:0.0
001cb1a0	func_001cb1a0	212	vu0	lift	near	74.20	m2c:near:70.25;ghidra:near:51.62
001cb278	_Z16u_call4_001cb278jjjj	504	vu0	lift	near	71.09	m2c:near:33.36;ghidra:near:24.31
001cb470	_Z16u_call4_001cb470jjjj	588	vu0	lift	near	59.88	ghidra:near:19.76;m2c:near:2.05
001cb720	func_001cb720	380	vu0	lift	near	66.53	m2c:near:18.34;ghidra:near:15.53
001cb8c0	func_001cb8c0	464	vu0	lift	near	65.99	m2c:near:35.16;ghidra:near:24.47
001cbbf8	func_001cbbf8	60	straight	lift	exact	100.00	ghidra:near:67.82;m2c:near:34.94
001cbc50	func_001cbc50	156	branchy	ghidra	near	76.05	m2c:near:50.82
001cbcf0	func_001cbcf0	320	vu0	lift	near	67.81	ghidra:near:31.36;m2c:near:28.36
001cbe30	func_001cbe30	136	branchy	lift	near	74.12	m2c:near:64.53;ghidra:near:62.12
001cbeb8	func_001cbeb8	100	branchy	lift	near	88.27	m2c:near:83.56;ghidra:near:76.31;e3:near:40.48
001cbf50	func_001cbf50	152	float	lift	near	80.00	m2c:near:78.05;ghidra:near:0.0
001cc0e8	func_001cc0e8	60	straight	lift	exact	100.00	ghidra:near:67.82;m2c:near:34.94
001cc160	_ZN2YS8PRIZE_CA6AppearEPNS_6BTLOBJEi	192	loop	lift	near	75.00	ghidra:near:60.31;m2c:near:42.29
001cc220	func_001cc220	308	float	m2c	near	36.44	ghidra:near:34.9;lift:near:20.95
001cc3b8	func_001cc3b8	528	vu0	lift	near	65.97	m2c:near:20.6;ghidra:near:15.5
001cc888	func_001cc888	152	vu0	lift	near	42.37	ghidra:near:0.0;m2c:near:0.0
001cc9c8	func_001cc9c8	216	vu0	m2c	near	13.39	ghidra:near:0.0
001ccac0	func_001ccac0	376	float	lift	near	40.14	ghidra:near:28.89;e3:near:14.48;m2c:near:13.73
001ccc38	func_001ccc38	320	vu0	lift	near	69.21	ghidra:near:0.0;m2c:near:0.0
001ccda0	func_001ccda0	76	loop	lift	exact	100.00	m2c:exact:100.0;ghidra:near:74.25
001cced8	func_001cced8	60	straight	lift	exact	100.00	ghidra:near:67.82;m2c:near:34.94
001ccf18	func_001ccf18	136	loop	ghidra	near	81.09	m2c:near:79.89;lift:near:72.47
001ccfa0	func_001ccfa0	212	float	ghidra	near	50.55	lift:near:0.0;m2c:near:0.0
001cd078	func_001cd078	240	switch	lift	near	90.46	m2c:near:83.64;ghidra:near:60.11
001cd168	func_001cd168	336	loop	ghidra	near	29.12	m2c:near:12.3
001cd2b8	func_001cd2b8	208	loop	lift	near	60.34	ghidra:near:58.23;m2c:near:34.53
001cd388	func_001cd388	308	loop	ghidra	near	30.71	m2c:near:25.57
001cd4c0	func_001cd4c0	96	branchy	m2c	near	89.29	ghidra:near:81.4;lift:near:59.75
001cd520	func_001cd520	40	straight	ghidra	near	57.00	m2c:near:9.5
001cd548	_Z16wtarget_001cd548jjjj	216	branchy	lift	near	74.57	ghidra:near:49.1;m2c:near:0.0
001cd690	func_001cd690	280	loop	m2c	near	84.86	lift:near:63.06;ghidra:near:32.59
001cd7a8	func_001cd7a8	416	loop	m2c	near	49.06	lift:near:45.24;ghidra:near:42.48
001cda88	_ZN2YS13CHOOSE_ATTACKC1EPNS_5PARTYERKNS_6TARGETE	320	vu0	lift	near	68.69	m2c:near:29.48;ghidra:near:18.31
001cdbc8	func_001cdbc8	496	vu0	lift	near	76.97	ghidra:near:32.73;m2c:near:7.52
001cddb8	func_001cddb8	160	loop	ghidra	near	93.70	lift:near:77.53;m2c:near:33.35
001cde58	func_001cde58	588	vu0	m2c	near	60.59	ghidra:near:58.66;lift:near:16.72
001ce0a8	func_001ce0a8	244	loop	lift	near	58.02	ghidra:near:44.8;m2c:compile:0.0
001ce1a0	_ZN2YS4PREF4InitEPv	164	straight	lift	exact	100.00	ghidra:near:91.49;m2c:near:70.49;e3:near:45.76
001ce248	func_001ce248	88	straight	lift	near	82.95	ghidra:near:80.23;m2c:near:69.91
001ce2a0	_Z16wtarget_001ce2a0jjjj	56	branchy	ghidra	exact	100.00	lift:near:73.53;m2c:near:58.68
001ce378	func_001ce378	108	straight	lift	exact	100.00	m2c:near:98.26;ghidra:near:84.0
001ce3e8	func_001ce3e8	108	straight	lift	exact	100.00	m2c:near:98.26;ghidra:near:84.0
001ce458	func_001ce458	44	straight	lift	exact	100.00	m2c:exact:100.0;ghidra:near:84.23
001ce488	func_001ce488	128	float	lift	exact	100.00	m2c:near:91.34;ghidra:near:72.0
001ce508	func_001ce508	272	vu0	m2c	near	23.50	ghidra:near:20.14
001ce668	_Z16wtarget_001ce668jjjj	96	float	ghidra	near	26.62	lift:near:15.92;m2c:near:0.0
001ce930	_Z16wtarget_001ce930jjjj	280	branchy	lift	near	64.72	m2c:near:56.89;ghidra:near:14.55
001cea48	func_001cea48	244	branchy	m2c	near	81.15	lift:near:63.08;ghidra:near:0.0
001cebb0	func_001cebb0	88	straight	lift	near	99.00	ghidra:near:89.7;m2c:near:86.91
001ced10	func_001ced10	88	straight	lift	exact	100.00	ghidra:near:86.62;m2c:near:80.91
001ced68	func_001ced68	88	straight	lift	exact	100.00	ghidra:near:86.62;m2c:near:80.91
001cedc0	func_001cedc0	188	float	lift	exact	100.00	ghidra:near:65.49;m2c:near:64.36
001ceef8	func_001ceef8	180	float	m2c	near	53.96	lift:near:39.41;ghidra:near:34.51
001cf0d8	func_001cf0d8	584	vu0	lift	near	49.64	m2c:near:10.08;ghidra:near:0.0
001cf320	_ZN2YS8TRPLAYER11ExecReflectEPNS_6BTLOBJEPNS_6ATTACKES4_	468	vu0	lift	near	73.51	ghidra:near:38.4;m2c:near:8.18
001cf560	func_001cf560	80	branchy	ghidra	near	49.35	m2c:near:49.35;lift:near:29.3
001cf5b0	func_001cf5b0	228	float	lift	near	47.91	m2c:near:20.89;ghidra:near:12.49
001cf698	func_001cf698	228	float	lift	near	47.91	m2c:near:20.89;ghidra:near:12.49
001cf7d8	func_001cf7d8	208	branchy	typed	exact	100.00	lift:exact:100.0;m2c:near:79.15;ghidra:near:69.43;e3:near:64.13
001cf8d0	func_001cf8d0	200	float	lift	near	63.98	m2c:near:24.36;ghidra:near:5.84
001cf998	func_001cf998	68	branchy	ghidra	near	62.35	m2c:near:59.41;lift:near:33.24
001cf9e0	func_001cf9e0	224	branchy	lift	near	81.27	e3:near:80.38;m2c:near:74.91;ghidra:near:47.49
001cfac0	func_001cfac0	48	float	lift	exact	100.00	ghidra:near:17.77;m2c:near:10.66
001cfaf0	func_001cfaf0	232	float	lift	near	76.28	m2c:near:43.99;ghidra:near:12.41;e3:near:0.0
001cfbd8	func_001cfbd8	288	float	lift	near	54.93	ghidra:near:44.19;m2c:near:30.76
001cfcf8	func_001cfcf8	288	float	lift	near	54.93	ghidra:near:44.19;m2c:near:30.76
001cfe18	func_001cfe18	148	straight	lift	near	92.65	m2c:near:92.54;ghidra:near:73.78;e3:near:0.0
001cfeb0	func_001cfeb0	148	straight	lift	near	92.65	m2c:near:92.54;ghidra:near:73.78;e3:near:0.0
001cff48	func_001cff48	152	straight	lift	exact	100.00	m2c:near:99.89;ghidra:near:73.86
001cffe0	func_001cffe0	132	float	lift	exact	100.00	ghidra:near:61.67;m2c:near:49.09
001d0068	_ZN2YS6MICKEY11ReadRequestEv	60	straight	lift	near	82.67	ghidra:near:82.67;m2c:near:82.67;e3:near:59.67
001d00a8	func_001d00a8	312	vu0	lift	near	83.41	ghidra:near:19.62;m2c:near:17.83
001d0200	_ZN2YS3OBJ6VTABLEINS_6MICKEYEE9leave_reqEPS0_	40	straight	lift	exact	100.00	twins:exact:100.0;corpus:exact:100.0;ghidra:exact:100.0;m2c:exact:100.0
001d0228	_ZN2YS6MICKEY15recov_holylightEv	156	float	lift	near	99.49	m2c:near:65.59;ghidra:near:65.35
001d02c8	func_001d02c8	212	float	lift	near	83.81	ghidra:near:72.69;m2c:near:45.7
001d03a0	func_001d03a0	436	float	lift	near	91.33	m2c:near:70.27;ghidra:near:35.84
001d0678	func_001d0678	360	float	lift	near	70.34	m2c:near:46.27;e3:near:0.0;ghidra:near:0.0
001d07e0	_ZN2YS10INDICATION7disableEv	64	straight	typed	exact	100.00	lift:exact:100.0;ghidra:exact:100.0;m2c:exact:100.0;corpus:near:49.94;e3:near:29.62
001d0878	func_001d0878	260	branchy	lift	near	90.15	m2c:near:52.86;ghidra:near:39.83
001d0980	func_001d0980	260	branchy	lift	near	90.15	m2c:near:52.86;ghidra:near:39.83
001d0d60	func_001d0d60	340	branchy	lift	near	99.29	m2c:near:92.94;ghidra:near:58.12
001d0f08	func_001d0f08	360	float	lift	near	95.11	m2c:near:52.99;ghidra:near:39.23
001d1070	func_001d1070	284	loop	lift	near	49.29	ghidra:near:28.35;m2c:compile:0.0
001d14b8	func_001d14b8	40	branchy	lift	exact	100.00	ghidra:near:98.0;corpus:near:94.0;m2c:near:58.5
001d14e0	func_001d14e0	92	straight	typed	exact	100.00	lift:exact:100.0;ghidra:near:70.72;e3:near:57.72;m2c:near:41.26
001d1540	func_001d1540	92	straight	typed	exact	100.00	lift:exact:100.0;ghidra:near:70.72;e3:near:57.72;m2c:near:41.26
001d1678	func_001d1678	28	straight	lift	exact	100.00	ghidra:near:99.57;m2c:near:99.57;corpus:near:97.14
001d1760	func_001d1760	76	branchy	lift	near	51.58	m2c:near:44.21;ghidra:near:0.0
001d18c0	func_001d18c0	76	branchy	typed	exact	100.00	lift:exact:100.0;m2c:near:89.16;ghidra:near:78.96
001d1da0	_ZN2YS13MISSION_GAUGE3setEf	176	float	lift	near	76.48	ghidra:near:49.59;m2c:near:42.65
001d1fa8	func_001d1fa8	120	straight	typed	exact	100.00	lift:exact:100.0;m2c:exact:100.0;e3:near:83.8;ghidra:near:77.59
001d2070	func_001d2070	52	straight	lift	exact	100.00	m2c:exact:100.0;ghidra:near:55.33
001d2110	func_001d2110	32	straight	ghidra	near	72.50	m2c:near:59.44;lift:near:39.5
001d2130	func_001d2130	76	float	typed	exact	100.00	lift:exact:100.0;m2c:near:50.65;ghidra:near:46.43;e3:near:31.26
001d21c0	func_001d21c0	80	float	lift	near	84.50	m2c:near:72.42;e3:near:37.44;ghidra:near:30.56
001d2210	_Z16u_call4_001d2210jjjj	52	branchy	lift	exact	100.00	ghidra:near:83.85;m2c:near:83.85
001d22a8	func_001d22a8	52	straight	ghidra	near	32.15	m2c:near:27.92;lift:near:0.0
001d22e0	func_001d22e0	184	float	lift	near	89.48	m2c:near:50.68;ghidra:near:34.34
001d23e0	func_001d23e0	52	straight	ghidra	near	32.15	m2c:near:27.92;lift:near:0.0
001d2418	func_001d2418	348	vu0	lift	near	67.49	m2c:near:12.68;ghidra:near:3.55
001d2648	func_001d2648	32	straight	typed	exact	100.00	lift:exact:100.0;ghidra:near:99.62;m2c:near:99.62;corpus:near:75.0
001d2690	func_001d2690	128	float	lift	near	74.34	m2c:near:74.16;ghidra:near:48.65;e3:near:0.0
001d2750	func_001d2750	192	float	m2c	near	79.69	lift:near:60.6;ghidra:near:26.86
001d28f0	func_001d28f0	60	straight	lift	exact	100.00	ghidra:near:67.82;m2c:near:34.94
001d2930	func_001d2930	112	loop	m2c	near	92.38	e3:near:81.09;lift:near:71.82;ghidra:near:71.82
001d29a0	func_001d29a0	40	float	lift	exact	100.00	m2c:near:58.9;ghidra:near:53.0
001d29c8	_ZN2YS8PRIZE_TR6GetAllEPNS_6BTLOBJE	132	loop	ghidra	near	93.14	lift:near:81.52;e3:near:61.48;m2c:near:42.52
001d2a68	func_001d2a68	328	vu0	lift	near	76.29	m2c:near:50.78;ghidra:near:0.0
001d2c78	func_001d2c78	432	vu0	lift	near	82.12	m2c:near:21.38;ghidra:near:12.22
001d2e68	func_001d2e68	404	vu0	lift	near	81.62	ghidra:near:18.04;m2c:compile:0.0
001d3000	func_001d3000	92	float	lift	near	77.35	ghidra:near:54.75;m2c:near:46.46
001d3060	_Z16wtarget_001d3060jjjj	44	float	lift	exact	100.00	m2c:near:88.0;ghidra:near:57.73
001d30c0	func_001d30c0	52	straight	ghidra	near	32.15	m2c:near:27.92;lift:near:0.0
001d3148	func_001d3148	412	float	lift	near	67.12	m2c:near:48.67;ghidra:near:35.12
001d3350	_Z16ctarget_001d3350jjjj	48	loop	m2c	near	99.75	corpus:near:92.23;lift:near:60.75;ghidra:near:39.92
001d3390	func_001d3390	76	straight	lift	exact	100.00	m2c:exact:100.0;ghidra:near:68.05
001d3408	func_001d3408	140	loop	lift	exact	100.00	m2c:near:66.94;ghidra:near:51.71
001d3498	func_001d3498	52	branchy	lift	exact	100.00	ghidra:exact:100.0;m2c:near:98.31
001d34d0	func_001d34d0	136	loop	m2c	near	99.97	ghidra:near:88.95;lift:near:53.75
001d35e0	_ZN2YS5BGHIT10check_lineERKN2kn7FVectorES4_i	184	float	ghidra	near	34.85	m2c:near:27.76;lift:compile:0.0
001d37a0	func_001d37a0	112	float	m2c	near	49.48	lift:near:41.79;ghidra:near:20.42
001d38a0	func_001d38a0	540	vu0	lift	near	50.11	ghidra:near:0.0;m2c:near:0.0
001d3ac0	func_001d3ac0	160	vu0	lift	near	57.33	m2c:near:31.93;ghidra:near:0.0
001d3b68	_Z16u_call0_001d3b68v	84	loop	lift	exact	100.00	ghidra:exact:100.0;m2c:near:95.36;e3:near:77.71
001d3c78	func_001d3c78	360	loop	ghidra	near	83.02	lift:near:32.65;m2c:compile:0.0
001d3e40	func_001d3e40	244	loop	m2c	near	88.56	ghidra:near:81.1;lift:near:57.88
001d3f38	func_001d3f38	68	branchy	corpus	near	76.47	lift:near:55.0;m2c:near:53.89;ghidra:near:41.35
001d3f98	func_001d3f98	68	straight	lift	exact	100.00	m2c:near:64.5;ghidra:near:26.47
001d3fe0	func_001d3fe0	148	loop	lift	near	66.19	m2c:near:62.41;ghidra:near:54.77
001d4078	func_001d4078	264	loop	m2c	near	72.51	ghidra:near:59.68
001d4180	func_001d4180	332	loop	lift	near	77.55	ghidra:near:73.17;m2c:compile:0.0
001d42d0	_Z16wtarget_001d42d0jjjj	332	loop	m2c	near	86.46	ghidra:near:80.43;lift:near:75.19;e3:near:69.97
001d4420	func_001d4420	180	branchy	m2c	near	65.50	lift:near:55.15;ghidra:near:49.25
001d44d8	_ZN2Tz6JmInfo13GetLimitEntryEz	80	loop	lift	near	79.05	ghidra:near:79.0;m2c:near:73.77
001d4528	func_001d4528	36	straight	lift	exact	100.00	m2c:exact:100.0;ghidra:near:75.0
001d45a0	func_001d45a0	612	vu0	lift	near	49.20	ghidra:near:48.78;m2c:near:47.08
001d4818	func_001d4818	148	loop	ghidra	near	73.78	m2c:near:55.51
001d4940	_ZN2YS15SPECIAL_COMMAND6_checkEPNS_3OBJEPNS_12COMMAND_MENUE	412	switch	lift	near	79.58	m2c:near:77.27;ghidra:near:71.28
001d4ae0	func_001d4ae0	216	branchy	lift	near	25.37	m2c:near:12.61;ghidra:near:12.46
001d4d28	func_001d4d28	148	loop	typed	exact	100.00	lift:exact:100.0;m2c:exact:100.0;ghidra:near:81.46
001d4dc0	func_001d4dc0	60	straight	e3	near	90.69	lift:near:77.62;ghidra:near:54.2;m2c:near:54.2
001d4e50	func_001d4e50	160	loop	m2c	near	69.17	ghidra:near:66.07;lift:near:34.6
001d4ef0	func_001d4ef0	80	straight	lift	near	94.76	m2c:near:92.38;ghidra:near:81.36
001d4f40	func_001d4f40	104	float	lift	near	18.74	e3:near:9.76;ghidra:near:0.0;m2c:near:0.0
001d5030	func_001d5030	52	straight	ghidra	exact	100.00	lift:near:98.46;m2c:near:33.67
001d5068	func_001d5068	76	straight	ghidra	near	96.26	m2c:near:63.53;lift:near:33.68
001d50b8	func_001d50b8	220	loop	ghidra	near	49.35	m2c:near:48.44
001d5218	func_001d5218	132	loop	ghidra	near	98.64	lift:near:98.18;m2c:near:90.38
001d52c0	_Z16ctarget_001d52c0jjjj	176	loop	ghidra	near	55.98	m2c:near:47.52;lift:near:45.44
001d5370	func_001d5370	116	straight	ghidra	near	99.59	lift:near:85.59;m2c:near:67.97;e3:near:55.09
001d53e8	_ZN2YS13MISSION_TABLE4InitEv	100	straight	m2c	near	60.57	lift:near:57.89;ghidra:near:55.7;e3:near:10.58
001d5470	func_001d5470	168	branchy	lift	near	95.10	ghidra:near:77.6;m2c:near:77.26
001d5518	func_001d5518	336	branchy	lift	near	80.64	m2c:near:78.16;ghidra:near:59.25
001d5960	func_001d5960	76	branchy	lift	exact	100.00	m2c:exact:100.0;ghidra:near:90.48;corpus:near:78.95
001d59b0	func_001d59b0	108	loop	lift	near	88.07	ghidra:near:71.19;m2c:near:71.03
001d5a58	func_001d5a58	160	loop	m2c	near	42.00	ghidra:near:0.0
001d5b78	func_001d5b78	64	straight	ghidra	near	66.81	lift:near:20.56;m2c:near:0.0
001d5cd0	func_001d5cd0	76	branchy	m2c	near	73.68	lift:near:50.67;ghidra:near:49.16
001d5d20	func_001d5d20	96	loop	ghidra	near	74.29	lift:near:33.59;m2c:near:4.92
001d5d80	func_001d5d80	320	branchy	ghidra	near	92.41	m2c:near:91.51;lift:near:87.32
001d5ec0	func_001d5ec0	108	loop	lift	near	64.41	ghidra:near:49.59;m2c:near:14.33
001d5f30	func_001d5f30	240	loop	m2c	near	96.08	ghidra:near:76.68;lift:near:53.07
001d6088	func_001d6088	132	branchy	lift	near	56.00	m2c:near:36.0;e3:near:0.45;ghidra:near:0.0
001d6148	func_001d6148	108	branchy	ghidra	exact	100.00	lift:near:52.56;m2c:near:52.56
001d61b8	func_001d61b8	248	branchy	lift	near	87.16	m2c:near:63.2;ghidra:near:62.25
001d62b0	func_001d62b0	244	loop	ghidra	near	72.31	m2c:near:71.71;lift:near:67.62;e3:near:62.85
001d63a8	func_001d63a8	332	float	lift	near	76.78	m2c:near:65.36;ghidra:near:55.14
001d6538	func_001d6538	60	straight	lift	exact	100.00	ghidra:near:99.6;m2c:near:99.6
001d65f8	func_001d65f8	408	vu0	ghidra	near	18.19	m2c:near:12.96
001d6790	func_001d6790	192	float	m2c	near	68.54	ghidra:compile:0.0
001d6938	func_001d6938	148	branchy	typed	exact	100.00	lift:exact:100.0;ghidra:near:66.35;e3:near:61.82;m2c:near:60.7
001d69d0	func_001d69d0	88	branchy	typed	exact	100.00	lift:exact:100.0;m2c:near:95.61;ghidra:near:81.38;e3:near:48.47
001d6ba0	_ZN2YS10INDICATION4execEv	168	branchy	m2c	near	87.50	lift:near:83.21;ghidra:near:76.67
001d6cc8	func_001d6cc8	56	branchy	lift	near	89.33	m2c:near:78.65;ghidra:near:69.72
001d6d00	func_001d6d00	88	loop	m2c	near	44.42	lift:near:44.09;ghidra:near:32.88
001d6da8	func_001d6da8	96	loop	lift	near	86.37	ghidra:near:78.45;m2c:near:47.25
001d6e08	func_001d6e08	84	loop	typed	exact	100.00	lift:exact:100.0;m2c:near:99.95;e3:near:83.71;ghidra:near:73.73
001d6e60	func_001d6e60	100	straight	m2c	near	48.40	lift:near:8.52;ghidra:compile:0.0
001d6ec8	func_001d6ec8	96	loop	lift	near	77.88	ghidra:near:66.03;m2c:near:22.29
001d6f28	func_001d6f28	216	loop	m2c	near	69.16	ghidra:near:68.63;lift:near:21.27
001d7098	func_001d7098	344	branchy	lift	near	76.51	ghidra:near:42.49;m2c:near:8.72
001d71f0	func_001d71f0	36	branchy	lift	exact	100.00	e3:exact:100.0;ghidra:exact:100.0;m2c:exact:100.0
001d7218	func_001d7218	360	branchy	lift	near	86.14	m2c:near:76.01;ghidra:near:57.03
001d7380	func_001d7380	148	branchy	lift	near	85.26	m2c:near:81.46;ghidra:near:71.9
001d74f8	func_001d74f8	60	straight	lift	exact	100.00	ghidra:near:67.82;m2c:near:34.94
001d7538	func_001d7538	252	float	m2c	near	70.41	ghidra:near:66.84;lift:near:28.86
001d7638	func_001d7638	144	branchy	lift	near	66.46	m2c:near:59.39;ghidra:near:58.67
001d7730	_Z16ctarget_001d7730jjjj	68	float	lift	near	98.82	m2c:near:87.0;ghidra:near:75.17
001d77a0	_Z16u_call0_001d77a0v	136	loop	lift	near	96.15	m2c:near:71.65;ghidra:near:69.82
001d7880	_Z16u_tail0_001d7880v	188	loop	lift	near	89.68	m2c:near:79.29;ghidra:near:50.68
001d7940	_ZN2YS12HE_COLOSSEUM5StartEv	48	straight	lift	exact	100.00	e3:exact:100.0;ghidra:near:99.67;m2c:near:99.67
001d7980	func_001d7980	52	straight	ghidra	near	32.15	m2c:near:27.92;lift:near:0.0
001d79b8	func_001d79b8	80	float	lift	near	68.82	m2c:near:54.2;ghidra:near:44.95;e3:near:0.0
001d7a08	_Z16wtarget_001d7a08jjjj	68	loop	lift	near	70.88	ghidra:near:70.88;m2c:near:70.88;e3:near:27.35
001d7a50	_Z16wtarget_001d7a50jjjj	56	loop	lift	exact	100.00	ghidra:near:97.14;m2c:near:97.07;e3:near:32.88
001d7b10	func_001d7b10	112	loop	lift	near	92.93	ghidra:near:77.89;m2c:compile:0.0
001d7cd0	func_001d7cd0	152	branchy	ghidra	near	76.56	lift:near:67.11;m2c:near:52.05
001d7d68	func_001d7d68	152	branchy	ghidra	near	76.56	lift:near:67.11;m2c:near:52.05
001d7e00	func_001d7e00	52	straight	lift	exact	100.00	m2c:exact:100.0;ghidra:near:86.67
001d7e78	func_001d7e78	60	branchy	lift	exact	100.00	e3:exact:100.0;m2c:exact:100.0;corpus:near:91.27;ghidra:near:84.41
001d7ec8	func_001d7ec8	72	branchy	ghidra	near	94.74	lift:near:73.89;m2c:near:60.95
001d7f40	func_001d7f40	60	loop	lift	near	80.94	e3:near:58.68;ghidra:near:37.39;m2c:compile:0.0
001d7f80	func_001d7f80	140	loop	m2c	near	99.69	lift:near:99.09;ghidra:near:70.83
001d8070	func_001d8070	124	loop	m2c	near	99.65	lift:near:98.71;ghidra:near:78.28
001d8190	_Z16u_tail4_001d8190jjjj	180	branchy	lift	near	88.57	ghidra:near:87.47;m2c:compile:0.0
001d86a0	_ZN2YS7MISSION8AddCountEii	120	branchy	lift	near	99.33	m2c:near:99.33;ghidra:near:89.85;e3:near:22.13
001d8718	func_001d8718	160	branchy	lift	near	99.75	ghidra:near:84.02;m2c:near:82.92;e3:near:54.41
001d87b8	_ZN2YS7MISSION8GetCountEi	100	branchy	e3	near	98.80	lift:near:95.38;ghidra:near:80.7;m2c:near:73.93
001d8898	func_001d8898	108	branchy	lift	near	93.18	ghidra:near:79.69;m2c:near:73.62
001d89e8	func_001d89e8	236	loop	e3	compile	0.00	m2c:near:86.47;ghidra:near:70.31;lift:near:60.42
001d8ad8	func_001d8ad8	144	branchy	lift	near	85.61	m2c:near:78.78;ghidra:near:68.95
001d8d08	func_001d8d08	148	float	lift	near	99.46	m2c:near:78.59;ghidra:near:74.21
001d8f38	_ZN2YS7MISSION14IsGaugeWarningEi	108	branchy	lift	near	93.18	e3:near:90.89;ghidra:near:79.69;m2c:near:73.62
001d8fa8	func_001d8fa8	124	branchy	m2c	near	93.55	lift:near:87.1;ghidra:near:84.94
001d9148	_ZN2YS7MISSION18GetMaxComboCounterEi	92	branchy	e3	near	98.26	lift:near:95.42;m2c:near:81.52;ghidra:near:77.18
001d9228	_ZN2YS7MISSION15GetComboCounterEi	92	branchy	e3	near	98.26	lift:near:95.42;m2c:near:81.52;ghidra:near:77.18
001d9320	_ZN2YS7MISSION19WarningComboCounterEi	100	branchy	e3	near	95.12	lift:near:92.0;m2c:near:92.0;ghidra:near:71.82
001d94f8	func_001d94f8	312	loop	ghidra	near	83.38	m2c:near:74.15
001d9630	func_001d9630	88	loop	m2c	near	99.41	lift:near:90.91;ghidra:near:88.18
001d9688	_Z16wtarget_001d9688jjjj	52	branchy	lift	near	86.92	m2c:near:83.08;ghidra:near:75.0
001d97c8	func_001d97c8	40	branchy	lift	near	77.30	ghidra:near:32.9;m2c:near:27.9
001d97f0	func_001d97f0	48	branchy	lift	exact	100.00	ghidra:near:99.33;e3:near:74.33;m2c:near:72.92
001d9820	func_001d9820	48	branchy	lift	exact	100.00	ghidra:near:99.33;m2c:near:72.92
001d98a0	_ZN2YS13BATTLE_REPORT15IsFMSecretMovieEv	220	branchy	m2c	near	61.35	lift:near:55.25;ghidra:near:0.0
001d9980	_Z16wtarget_001d9980jjjj	152	branchy	m2c	near	44.16	e3:near:41.45;lift:near:37.47;ghidra:near:22.55
001d9a18	_Z16wtarget_001d9a18jjjj	192	loop	lift	near	63.65	ghidra:near:49.06;m2c:near:45.91
001d9b40	func_001d9b40	296	loop	lift	near	52.50	ghidra:near:41.07;m2c:compile:0.0
001d9c68	func_001d9c68	52	loop	lift	near	49.23	m2c:near:41.79;ghidra:near:39.64
001d9ca0	_Z16wtarget_001d9ca0jjjj	64	branchy	lift	exact	100.00	m2c:exact:100.0;ghidra:near:96.19
001d9d00	_ZN2YS6JIGSAW4InitEv	40	straight	lift	exact	100.00	ghidra:exact:100.0;m2c:near:83.08
001d9d48	func_001d9d48	64	straight	lift	near	62.19	ghidra:near:61.06;m2c:near:0.88
001d9dd0	func_001d9dd0	92	loop	lift	near	86.52	ghidra:near:85.22;m2c:near:82.96
001d9e30	func_001d9e30	68	branchy	ghidra	near	74.47	m2c:near:60.11;lift:near:55.82
001d9eb0	func_001d9eb0	64	straight	lift	exact	100.00	corpus:near:75.0;m2c:near:71.25;ghidra:near:65.67
001d9ef0	func_001d9ef0	64	straight	lift	exact	100.00	corpus:near:75.0;m2c:near:71.25;ghidra:near:65.67;e3:near:33.27
001d9f30	func_001d9f30	168	branchy	ghidra	near	75.05	m2c:near:58.67;lift:near:51.6
001da070	func_001da070	232	vu0	lift	near	62.39	ghidra:near:30.5;m2c:near:19.38
001da278	func_001da278	60	straight	lift	exact	100.00	ghidra:near:67.82;m2c:near:34.94
001da3d8	func_001da3d8	32	straight	ghidra	near	14.88	m2c:near:14.75
001da3f8	func_001da3f8	36	straight	ghidra	near	25.56	m2c:near:8.78
001da420	_Z16wtarget_001da420jjjj	56	loop	lift	near	91.67	m2c:near:81.0;ghidra:near:53.07
001da458	func_001da458	124	loop	m2c	near	90.71	lift:near:83.85;ghidra:near:63.03;e3:near:11.13
001da4d8	func_001da4d8	124	branchy	lift	near	44.59	m2c:near:44.52;ghidra:near:20.29
001da558	BdExecVM	2464	float	stub	near	0.00	m2c:compile:0.0
001daef8	func_001daef8	332	vu0	ghidra	near	12.48	m2c:near:8.59
001db198	func_001db198	104	branchy	m2c	near	83.58	ghidra:near:74.73;lift:near:61.77
001db250	func_001db250	68	float	lift	near	62.96	m2c:near:47.3;ghidra:near:41.17
001db298	func_001db298	208	vu0	lift	near	69.33	ghidra:near:14.01;m2c:near:3.51
001db368	func_001db368	212	vu0	lift	near	60.28	ghidra:near:7.75;m2c:compile:0.0
001db440	func_001db440	208	branchy	permute	exact	100.00	m2c:near:98.71;lift:near:47.65;ghidra:near:29.62
001db510	func_001db510	136	vu0	lift	near	82.85	m2c:near:15.47;ghidra:near:0.0
001db5a8	func_001db5a8	104	branchy	lift	exact	100.00	ghidra:near:49.29;m2c:near:48.96
001db688	func_001db688	132	straight	ghidra	near	59.97	lift:near:54.55;e3:near:0.0;m2c:compile:0.0
001db710	func_001db710	132	straight	ghidra	near	59.97	lift:near:54.55;e3:near:0.0;m2c:compile:0.0
001db7d0	func_001db7d0	56	straight	lift	exact	100.00	ghidra:near:98.21;m2c:near:61.29;e3:near:0.0
001db808	func_001db808	72	straight	lift	exact	100.00	m2c:near:53.61;ghidra:near:47.84;e3:near:0.0
001db850	func_001db850	56	loop	ghidra	near	97.50	lift:near:78.0;m2c:compile:0.0
001db888	func_001db888	48	straight	lift	exact	100.00	ghidra:exact:100.0;m2c:compile:0.0
001db8b8	func_001db8b8	60	branchy	lift	near	56.33	ghidra:near:52.67;m2c:compile:0.0
001db8f8	_Z16ctarget_001db8f8jjjj	84	straight	m2c	near	68.10	lift:near:59.05;ghidra:near:59.05
001db950	func_001db950	84	straight	m2c	near	68.10	lift:near:59.05;ghidra:near:59.05
001db9a8	func_001db9a8	112	branchy	lift	exact	100.00	m2c:exact:100.0;ghidra:near:94.41
001dba18	func_001dba18	108	loop	lift	near	85.89	m2c:near:19.96;ghidra:near:15.11
001dba98	func_001dba98	52	branchy	lift	exact	100.00	m2c:near:83.85;ghidra:near:72.43
001dbad0	func_001dbad0	104	branchy	lift	near	99.00	m2c:near:95.22;ghidra:near:60.51
001dbb38	func_001dbb38	92	loop	ghidra	near	56.26	lift:near:27.61;m2c:near:27.61;e3:near:10.0
001dbc58	func_001dbc58	116	straight	lift	near	64.55	ghidra:near:55.72;m2c:near:42.66
001dbcd0	func_001dbcd0	104	float	lift	near	96.69	m2c:near:78.86;ghidra:near:53.67
001dbd68	func_001dbd68	272	vu0	lift	near	64.89	m2c:near:29.35;ghidra:near:20.51
001dbe78	func_001dbe78	252	float	lift	near	77.05	e3:near:49.77;m2c:near:48.87;ghidra:near:37.91
001dc018	func_001dc018	84	loop	ghidra	near	75.00	lift:near:61.82;m2c:near:39.29
001dc098	_Z16wtarget_001dc098jjjj	164	loop	lift	near	73.41	ghidra:near:56.22;m2c:compile:0.0
001dc140	_Z16wtarget_001dc140jjjj	180	loop	lift	near	74.51	m2c:near:64.36;ghidra:near:49.76
001dc278	func_001dc278	124	float	ghidra	near	63.75	lift:near:60.41;m2c:near:26.8
001dc418	func_001dc418	108	branchy	typed	exact	100.00	lift:exact:100.0;m2c:near:89.21;ghidra:near:81.97
001dc488	func_001dc488	48	straight	lift	exact	100.00	ghidra:exact:100.0;m2c:compile:0.0
001dc4b8	func_001dc4b8	48	straight	lift	exact	100.00	ghidra:near:98.33;m2c:near:71.46
001dc4e8	func_001dc4e8	88	branchy	m2c	exact	100.00	lift:near:84.13;ghidra:near:81.52
001dc558	_ZN3ryj6EFFECT5startEf	152	float	m2c	exact	100.00	lift:near:90.64;ghidra:near:80.0
001dc5f8	_ZN3ryj6EFFECT3posEv	40	straight	typed	exact	100.00	lift:exact:100.0;twins:exact:100.0;m2c:exact:100.0;ghidra:near:93.5;corpus:near:83.25
001dc620	_ZN3ryj6EFFECT5scaleEv	40	straight	typed	exact	100.00	lift:exact:100.0;twins:exact:100.0;ghidra:exact:100.0;m2c:exact:100.0;corpus:near:83.25
001dc648	_ZN3ryj6EFFECT5angleEv	40	straight	typed	exact	100.00	lift:exact:100.0;twins:exact:100.0;ghidra:exact:100.0;m2c:exact:100.0;corpus:near:83.25
001dc670	_ZN3ryj6EFFECT5colorEv	40	straight	typed	exact	100.00	lift:exact:100.0;twins:exact:100.0;ghidra:exact:100.0;m2c:exact:100.0;corpus:near:83.25
001dc738	func_001dc738	84	branchy	m2c	near	95.36	ghidra:near:79.05;lift:near:0.0
001dc790	func_001dc790	84	branchy	ghidra	near	51.76	m2c:near:51.76;lift:near:35.76
001dc7e8	_ZN3ryj6EFFECT7is_loopEv	48	straight	typed	exact	100.00	lift:exact:100.0;ghidra:exact:100.0;m2c:exact:100.0
001dc9f0	_ZN3ryj6EFFECT10is_waitingEv	48	straight	typed	exact	100.00	lift:exact:100.0;ghidra:exact:100.0;m2c:exact:100.0
001dca70	func_001dca70	112	branchy	m2c	near	88.50	ghidra:near:78.32;lift:near:11.64
001dcae0	func_001dcae0	184	float	typed	exact	100.00	lift:exact:100.0;m2c:near:73.3;ghidra:near:38.62
001dcb98	func_001dcb98	104	float	lift	near	91.73	ghidra:near:46.0;e3:near:26.93;m2c:compile:0.0
001dcc60	func_001dcc60	104	branchy	m2c	near	57.15	ghidra:near:56.77;lift:near:39.54
001dccc8	func_001dccc8	88	branchy	ghidra	near	76.82	lift:near:69.77;m2c:near:69.77
001dcd88	func_001dcd88	48	straight	lift	exact	100.00	corpus:near:98.33;ghidra:near:89.83;m2c:near:70.92
001dcdb8	func_001dcdb8	280	straight	lift	near	69.94	ghidra:near:8.47;m2c:compile:0.0
001dced0	func_001dced0	136	branchy	lift	exact	100.00	ghidra:near:96.76;m2c:near:73.18
001dcfb0	func_001dcfb0	60	loop	permute	exact	100.00	lift:near:99.53;m2c:near:93.69;ghidra:near:91.33
001dd2b8	func_001dd2b8	104	branchy	lift	exact	100.00	e3:exact:100.0;ghidra:near:95.38;m2c:near:92.79
001dd320	func_001dd320	580	vu0	lift	near	88.71	ghidra:near:47.29;m2c:near:45.7
001dd568	func_001dd568	312	float	ghidra	near	82.44	lift:near:72.67;m2c:compile:0.0
001dd6a0	_ZN3ryj6EFFECT10SortEffectEv	640	vu0	ghidra	near	4.30	lift:compile:0.0;m2c:compile:0.0
001dd920	func_001dd920	344	loop	lift	near	96.93	ghidra:near:83.55;m2c:near:44.74
001dda78	func_001dda78	180	loop	permute	exact	100.00	lift:near:99.33;m2c:near:94.02;ghidra:near:29.79
001ddb78	func_001ddb78	140	straight	lift	exact	100.00	m2c:near:69.21;ghidra:compile:0.0
001ddc08	func_001ddc08	60	loop	lift	exact	100.00	m2c:near:93.69;ghidra:near:69.33
001ddc48	func_001ddc48	64	loop	lift	exact	100.00	m2c:near:94.06;ghidra:near:58.75
001ddd30	func_001ddd30	84	loop	ghidra	near	67.05	lift:near:48.95;m2c:compile:0.0
001ddd88	func_001ddd88	72	branchy	lift	exact	100.00	m2c:exact:100.0;ghidra:near:81.0;e3:near:28.0
001dddd0	_ZN3ryj3PAX4initEPv	108	branchy	lift	near	75.07	ghidra:near:75.07;m2c:near:63.3
001dde40	_ZN3ryj3PAX6ensureEv	172	loop	lift	near	83.34	e3:near:50.14;m2c:near:25.86;ghidra:near:0.0
001ddef0	func_001ddef0	432	float	m2c	near	90.01	lift:near:86.42;ghidra:near:63.71
001de168	_ZN3ryj3PAX5startEiiiiPv	88	loop	m2c	near	71.36	ghidra:near:64.96;lift:near:49.77;e3:near:32.88
001de228	_ZN3ryj3PAX11start_groupEiiiiPv	184	loop	typed	exact	100.00	lift:exact:100.0;ghidra:near:76.8;m2c:near:64.35
001de328	func_001de328	176	loop	m2c	exact	100.00	ghidra:near:71.77;lift:near:4.88
001de450	func_001de450	96	loop	permute	exact	100.00	ghidra:exact:100.0;m2c:exact:100.0;lift:near:99.58
001de4b0	func_001de4b0	88	loop	lift	near	78.00	m2c:near:48.33;e3:near:39.57;ghidra:near:18.18
001de508	_ZN3ryj3PAX6unbindEPNS_6EFFECTE	92	loop	m2c	exact	100.00	lift:near:96.74;ghidra:near:78.91;e3:near:75.0
001de610	func_001de610	128	loop	lift	exact	100.00	m2c:near:95.15;ghidra:near:93.12
001de7d8	func_001de7d8	48	straight	e3	exact	100.00	lift:near:94.92;ghidra:near:94.92;m2c:near:82.85
001de808	_ZN3ryj3PAX9TaskStartEv	160	branchy	lift	near	93.50	ghidra:near:77.33;m2c:near:46.23
001de8a8	func_001de8a8	104	straight	lift	exact	100.00	m2c:near:83.69;ghidra:near:78.31
001de910	func_001de910	44	straight	e3	compile	0.00	lift:near:94.45;ghidra:near:94.45;m2c:near:94.36
001de948	func_001de948	48	straight	lift	exact	100.00	ghidra:exact:100.0;m2c:compile:0.0
001de978	func_001de978	48	straight	lift	exact	100.00	ghidra:near:98.33;m2c:near:71.46
001de9a8	func_001de9a8	212	float	m2c	near	88.13	lift:near:76.07;ghidra:near:47.38
001dea80	func_001dea80	212	float	m2c	near	88.13	lift:near:76.07;ghidra:near:47.38
001deb58	func_001deb58	288	float	m2c	near	40.67	lift:near:37.11;ghidra:near:16.83
001dec78	func_001dec78	288	float	m2c	near	40.67	lift:near:37.11;ghidra:near:16.83
001ded98	func_001ded98	120	loop	lift	near	96.26	m2c:near:79.68;ghidra:near:0.63
001dee10	func_001dee10	120	loop	lift	near	96.26	m2c:near:79.68;ghidra:near:0.63
001dee88	func_001dee88	1080	vu0	lift	near	68.91	ghidra:near:0.0;m2c:near:0.0
001df2c0	func_001df2c0	944	vu0	ghidra	near	14.95	m2c:near:0.0
001df670	_ZN3ryj3PAX7MANAGER12get_obj_dataEv	856	vu0	lift	near	71.70	m2c:near:26.68;ghidra:near:0.0
001df9c8	func_001df9c8	108	float	lift	exact	100.00	m2c:near:90.37;ghidra:near:65.86
001dfa38	func_001dfa38	620	float	lift	near	91.73	m2c:near:85.17;ghidra:near:45.94
001dfca8	func_001dfca8	268	float	lift	near	73.39	m2c:near:52.49;e3:near:33.39;ghidra:near:22.41
001dfdb8	func_001dfdb8	204	float	ghidra	near	67.22	m2c:near:51.29;lift:near:37.09
001dfe88	func_001dfe88	336	float	lift	near	41.19	ghidra:near:22.37;m2c:near:0.0
001dffd8	func_001dffd8	124	branchy	ghidra	near	86.29	m2c:near:82.23;lift:near:53.87
001e0058	func_001e0058	84	branchy	typed	exact	100.00	lift:exact:100.0;m2c:exact:100.0;ghidra:near:90.43
001e00b0	func_001e00b0	120	branchy	lift	exact	100.00	ghidra:near:93.75;m2c:near:68.32
001e0128	func_001e0128	48	straight	lift	exact	100.00	ghidra:exact:100.0;m2c:compile:0.0
001e0158	func_001e0158	48	straight	lift	exact	100.00	ghidra:near:98.33;m2c:near:71.46
001e0188	func_001e0188	48	straight	lift	exact	100.00	ghidra:exact:100.0;m2c:compile:0.0
001e01b8	func_001e01b8	48	straight	lift	exact	100.00	ghidra:near:98.33;m2c:near:71.46
001e01e8	func_001e01e8	72	loop	lift	exact	100.00	ghidra:near:92.78;m2c:near:89.67
001e0230	func_001e0230	108	loop	lift	near	73.74	ghidra:near:31.26;m2c:near:22.85
001e0348	_Z16wtarget_001e0348jjjj	40	branchy	lift	near	92.40	ghidra:near:92.4;m2c:near:92.3
001e03b0	func_001e03b0	80	branchy	lift	near	0.00	ghidra:near:0.0;m2c:near:0.0
001e0448	_Z16wtarget_001e0448jjjj	552	float	m2c	near	78.96	ghidra:near:27.1;lift:near:0.0
001e06b8	_ZN3ryj5SHAKE4InitEv	152	branchy	lift	near	93.16	ghidra:near:68.39;m2c:near:56.44
001e0750	_Z16wtarget_001e0750jjjj	116	branchy	lift	exact	100.00	m2c:exact:100.0;ghidra:near:0.0
001e08c8	func_001e08c8	144	loop	ghidra	near	31.58	m2c:compile:0.0
001e0958	func_001e0958	64	loop	ghidra	near	97.81	m2c:near:56.11;lift:near:41.25
001e09d0	func_001e09d0	192	float	lift	exact	100.00	m2c:near:81.86;ghidra:near:36.1;e3:near:31.59
001e0d08	func_001e0d08	92	float	ghidra	near	68.22	lift:near:4.26;m2c:near:0.0
001e0d68	func_001e0d68	92	float	ghidra	near	68.22	lift:near:4.26;m2c:near:0.0
001e0de8	func_001e0de8	84	branchy	lift	near	73.76	m2c:near:61.78;ghidra:near:37.89
001e0e50	func_001e0e50	320	vu0	lift	near	66.75	ghidra:near:23.61;m2c:near:0.65
001e0f90	func_001e0f90	64	straight	lift	exact	100.00	ghidra:exact:100.0;m2c:near:94.06
001e0fe8	func_001e0fe8	124	branchy	lift	near	76.74	ghidra:near:62.42;m2c:near:62.28
001e1070	func_001e1070	240	float	ghidra	near	71.35	e3:near:65.38;lift:near:61.08;m2c:near:54.67
001e1160	func_001e1160	492	vu0	lift	near	80.00	ghidra:near:20.31;m2c:near:0.0
001e1350	func_001e1350	432	float	lift	near	37.06	m2c:near:36.38;ghidra:near:0.0
001e1500	func_001e1500	168	vu0	lift	near	51.31	ghidra:near:0.0;m2c:near:0.0
001e15a8	func_001e15a8	144	float	lift	exact	100.00	m2c:near:81.88;ghidra:near:45.25
001e1728	func_001e1728	144	switch	m2c	exact	100.00	lift:near:94.44;ghidra:near:27.41
001e17b8	func_001e17b8	284	loop	m2c	near	94.71	lift:near:92.96;ghidra:near:81.62
001e1988	func_001e1988	852	vu0	lift	near	58.58	ghidra:near:31.96;m2c:near:25.21
001e1ce0	func_001e1ce0	60	straight	lift	exact	100.00	ghidra:near:99.87;m2c:near:99.87
001e1d20	func_001e1d20	204	float	lift	near	85.32	m2c:near:62.98;ghidra:near:45.85
001e1df8	func_001e1df8	72	float	lift	exact	100.00	m2c:near:44.21;ghidra:near:21.58
001e1e40	func_001e1e40	752	float	ghidra	near	44.30	m2c:near:35.51;e3:near:35.2
001e2130	func_001e2130	188	loop	m2c	near	91.49	lift:near:83.47;ghidra:near:64.56
001e2238	func_001e2238	96	loop	ghidra	exact	100.00	m2c:exact:100.0;lift:near:90.21
001e2298	func_001e2298	276	float	lift	exact	100.00	m2c:near:83.88;ghidra:near:67.76
001e23b0	func_001e23b0	160	loop	lift	near	79.95	ghidra:near:64.65;m2c:near:39.55
001e2450	_Z16wtarget_001e2450jjjj	464	vu0	lift	near	51.61	ghidra:compile:0.0;m2c:compile:0.0
001e2660	func_001e2660	84	loop	lift	near	96.38	m2c:near:39.96;ghidra:near:0.0
001e26b8	func_001e26b8	164	loop	lift	near	78.83	ghidra:near:63.7;m2c:near:31.89
001e2788	func_001e2788	52	straight	lift	exact	100.00	ghidra:near:98.77;m2c:near:98.77;corpus:near:87.71
001e27c0	func_001e27c0	52	straight	lift	exact	100.00	ghidra:near:98.77;m2c:near:98.77;corpus:near:87.71
001e2898	func_001e2898	160	loop	m2c	near	88.58	lift:near:81.02;ghidra:near:74.55
001e2998	func_001e2998	72	branchy	lift	exact	100.00	ghidra:exact:100.0;m2c:near:91.47
001e29e0	func_001e29e0	112	straight	lift	exact	100.00	m2c:near:89.21;ghidra:near:88.8;e3:near:53.46
001e2ad8	func_001e2ad8	116	straight	ghidra	near	86.10	lift:near:40.69;m2c:compile:0.0
001e2c00	func_001e2c00	92	branchy	lift	near	77.39	ghidra:near:70.87;e3:near:17.83;m2c:compile:0.0
001e2c90	func_001e2c90	944	switch	ghidra	near	53.79	lift:near:14.6;m2c:compile:0.0
001e3040	func_001e3040	752	loop	ghidra	near	54.66	lift:near:0.0;m2c:compile:0.0
001e3330	func_001e3330	308	float	lift	near	76.77	m2c:near:41.75;ghidra:near:20.72;e3:near:0.0
001e3468	func_001e3468	116	loop	m2c	near	74.71	lift:near:65.38;ghidra:near:53.34
001e34e0	_Z16wtarget_001e34e0jjjj	88	switch	lift	exact	100.00	m2c:near:97.18;ghidra:near:17.23
001e3538	_Z16wtarget_001e3538jjjj	88	switch	lift	exact	100.00	m2c:near:97.18;ghidra:near:17.23
001e3590	func_001e3590	96	switch	lift	exact	100.00	ghidra:near:16.33;corpus:near:13.24;e3:near:0.0
001e35f0	func_001e35f0	96	switch	lift	exact	100.00	ghidra:near:16.33;corpus:near:13.24;e3:near:0.0
001e3690	func_001e3690	520	loop	lift	near	66.70	ghidra:near:12.47;m2c:compile:0.0
001e3898	func_001e3898	96	loop	m2c	near	99.71	lift:near:90.79;ghidra:near:71.62
001e38f8	func_001e38f8	400	loop	ghidra	near	80.10	lift:near:60.54;m2c:compile:0.0
001e3a88	func_001e3a88	400	loop	ghidra	near	80.10	lift:near:60.54;m2c:compile:0.0
001e3c18	func_001e3c18	128	straight	lift	near	65.66	m2c:near:65.41;ghidra:near:62.12
001e3c98	func_001e3c98	428	loop	ghidra	near	63.82	lift:near:43.37;m2c:compile:0.0
001e3e48	func_001e3e48	476	loop	ghidra	near	66.33	lift:near:48.32;m2c:compile:0.0
001e4028	func_001e4028	436	loop	ghidra	near	65.71	lift:near:44.1;m2c:compile:0.0
001e41e0	func_001e41e0	104	straight	lift	near	66.00	ghidra:near:60.19;m2c:near:60.19
001e4248	func_001e4248	216	float	lift	near	43.52	ghidra:near:37.94;m2c:compile:0.0
001e4320	func_001e4320	2808	float	lift	near	34.50	ghidra:near:29.94;m2c:compile:0.0
001e4e18	func_001e4e18	228	float	lift	near	53.59	ghidra:near:38.77;m2c:near:21.26
001e4f00	func_001e4f00	60	straight	lift	exact	100.00	ghidra:exact:100.0;m2c:exact:100.0
001e4f40	_Z13func_001e4f40Pv	356	loop	lift	near	88.09	ghidra:near:42.67;m2c:compile:0.0
001e50a8	func_001e50a8	328	loop	lift	near	76.07	ghidra:near:43.66;m2c:compile:0.0
001e5220	func_001e5220	148	branchy	lift	near	69.86	m2c:near:46.27;ghidra:near:33.0
001e52b8	func_001e52b8	412	branchy	lift	near	67.32	ghidra:near:32.29;m2c:compile:0.0
001e5458	func_001e5458	440	loop	lift	near	60.92	ghidra:near:58.92;m2c:compile:0.0
001e5610	func_001e5610	260	loop	lift	near	77.09	ghidra:near:36.23;m2c:compile:0.0
001e5718	func_001e5718	384	loop	lift	near	59.10	ghidra:near:57.47;m2c:compile:0.0
001e5898	func_001e5898	212	loop	lift	near	80.52	ghidra:near:30.47;m2c:compile:0.0
001e5a00	func_001e5a00	1344	loop	ghidra	near	14.06	m2c:compile:0.0
001e5fd8	func_001e5fd8	36	straight	m2c	near	77.78	lift:near:33.22;ghidra:near:33.22
001e6038	func_001e6038	116	straight	lift	near	90.62	ghidra:near:90.62;m2c:near:90.62
001e60b0	func_001e60b0	80	loop	lift	exact	100.00	m2c:near:83.3;ghidra:near:56.65
001e6100	func_001e6100	136	straight	lift	near	39.44	m2c:near:25.06;ghidra:near:15.24
001e6188	func_001e6188	164	float	m2c	near	54.22	lift:near:44.31;ghidra:near:22.13
001e6250	func_001e6250	48	straight	lift	near	82.83	ghidra:near:82.83;m2c:near:81.29
001e6280	func_001e6280	840	float	ghidra	near	42.28	lift:near:17.2;m2c:compile:0.0
001e65d0	func_001e65d0	96	straight	lift	exact	100.00	ghidra:near:86.67;m2c:near:76.08
001e6648	func_001e6648	60	straight	lift	exact	100.00	ghidra:near:96.0;m2c:near:88.0;e3:near:0.0
001e6688	func_001e6688	92	straight	lift	near	48.30	ghidra:near:48.22;m2c:near:45.14
001e66e8	func_001e66e8	1036	float	lift	near	72.86	ghidra:near:31.58;m2c:compile:0.0
001e6b00	func_001e6b00	144	float	corpus	exact	100.00	lift:near:76.67;e3:near:21.07;ghidra:near:7.32;m2c:near:0.0
001e6c00	_Z12pppDeleteMngPv	60	straight	m2c	near	51.53	lift:near:51.2;ghidra:near:51.2
001e6c40	func_001e6c40	140	float	lift	near	64.39	e3:near:44.0;ghidra:near:9.31;m2c:compile:0.0
001e6d38	func_001e6d38	412	mmi	ghidra	near	35.45	m2c:near:35.45
001e6ed8	func_001e6ed8	304	float	lift	near	42.30	m2c:near:31.26;ghidra:near:22.2
001e7230	_Z16wtarget_001e7230jjjj	104	loop	ghidra	near	98.46	lift:near:81.73;m2c:near:64.35
001e72a8	func_001e72a8	320	loop	m2c	near	55.39	ghidra:near:5.67;lift:compile:0.0
001e7470	func_001e7470	104	loop	m2c	near	85.00	ghidra:near:19.96;lift:compile:0.0
001e7538	func_001e7538	108	loop	m2c	near	27.57	ghidra:near:1.44;lift:compile:0.0
001e75a8	func_001e75a8	160	loop	m2c	near	44.43	ghidra:near:0.0;lift:compile:0.0
001e7698	_Z13func_001e7698Pv	256	loop	m2c	near	70.41	ghidra:near:28.16
001e7798	func_001e7798	116	branchy	lift	near	96.14	e3:near:93.72;ghidra:near:53.2;m2c:compile:0.0
001e7810	func_001e7810	104	loop	lift	near	89.15	ghidra:near:82.17;m2c:compile:0.0
001e7878	func_001e7878	104	loop	lift	near	89.15	ghidra:near:82.17;m2c:compile:0.0
001e78e0	func_001e78e0	104	loop	lift	near	89.15	ghidra:near:82.17;m2c:compile:0.0
001e7948	func_001e7948	164	loop	m2c	near	85.53	lift:near:65.82;ghidra:near:53.04
001e79f0	func_001e79f0	164	loop	m2c	near	85.53	lift:near:65.82;ghidra:near:53.04
001e7a98	func_001e7a98	328	loop	ghidra	near	64.60	m2c:compile:0.0
001e7be0	func_001e7be0	224	loop	lift	near	79.38	ghidra:near:53.62;m2c:compile:0.0
001e7cc0	func_001e7cc0	96	loop	lift	exact	100.00	m2c:near:95.92;ghidra:near:71.88
001e7d20	func_001e7d20	136	float	ghidra	near	53.97	m2c:compile:0.0
001e7da8	func_001e7da8	672	vu0	lift	near	75.26	m2c:near:7.49;ghidra:near:0.0
001e8048	func_001e8048	312	loop	m2c	near	66.92	lift:near:58.56;ghidra:near:43.42
001e8180	func_001e8180	264	loop	lift	near	41.90	ghidra:near:0.0;m2c:compile:0.0
001e8288	func_001e8288	168	loop	m2c	near	71.83	ghidra:near:48.33;lift:near:47.21
001e8330	func_001e8330	548	loop	ghidra	near	71.53	m2c:near:62.01;lift:near:61.67
001e8558	func_001e8558	1388	loop	lift	near	54.45	ghidra:near:30.06;m2c:compile:0.0
001e8ac8	func_001e8ac8	240	loop	lift	near	82.97	ghidra:near:54.65;m2c:compile:0.0
001e8bb8	func_001e8bb8	108	branchy	lift	near	81.70	ghidra:near:70.0;m2c:compile:0.0
001e8c28	func_001e8c28	268	branchy	lift	near	83.69	ghidra:near:27.37;m2c:compile:0.0
001e8e28	func_001e8e28	364	loop	ghidra	near	67.20	lift:near:66.83;m2c:compile:0.0
001e9078	func_001e9078	92	branchy	lift	near	90.83	ghidra:near:90.83;m2c:compile:0.0
001e9c28	func_001e9c28	260	float	lift	near	63.88	ghidra:near:52.95;m2c:compile:0.0
001e9d48	func_001e9d48	252	float	lift	near	73.19	ghidra:near:62.16;m2c:near:48.58
001e9e48	func_001e9e48	652	vu0	ghidra	near	23.04	m2c:compile:0.0
001ea100	func_001ea100	176	float	lift	near	76.04	m2c:near:69.32;ghidra:near:61.16
001ea1b0	func_001ea1b0	652	vu0	ghidra	near	23.04	m2c:compile:0.0
001ea458	func_001ea458	128	branchy	ghidra	exact	100.00	m2c:near:90.72;lift:near:88.94
001ea4d8	func_001ea4d8	484	vu0	lift	near	44.35	m2c:near:25.81;ghidra:near:24.62
001ea758	func_001ea758	384	float	ghidra	near	40.47	lift:near:29.19;m2c:near:17.92
001ea928	func_001ea928	72	branchy	lift	exact	100.00	corpus:exact:100.0;m2c:near:94.63;ghidra:near:88.5;e3:near:0.0
001ea970	func_001ea970	232	vu0	lift	near	51.31	ghidra:near:4.88;m2c:near:0.0
001eaa58	func_001eaa58	232	vu0	lift	near	51.31	ghidra:near:4.88;m2c:near:0.0
001eab40	func_001eab40	232	vu0	lift	near	51.31	ghidra:near:4.88;m2c:near:0.0
001eac28	func_001eac28	232	vu0	lift	near	51.31	ghidra:near:4.88;m2c:near:0.0
001ead10	func_001ead10	232	vu0	lift	near	51.31	ghidra:near:4.88;m2c:near:0.0
001eadf8	func_001eadf8	232	vu0	lift	near	51.31	ghidra:near:4.88;m2c:near:0.0
001eaee0	func_001eaee0	108	float	m2c	near	64.96	lift:near:50.69;ghidra:near:48.56
001eaf50	func_001eaf50	172	float	m2c	near	55.81	lift:near:33.84;ghidra:near:27.56
001eb030	func_001eb030	148	float	corpus	exact	100.00	lift:near:59.17;ghidra:near:32.22;m2c:near:27.03
001eb0c8	func_001eb0c8	116	float	corpus	exact	100.00	lift:near:62.06;ghidra:near:59.17;m2c:near:0.0
001eb140	func_001eb140	112	float	corpus	exact	100.00	lift:near:58.69;m2c:near:22.86;ghidra:near:0.0
001eb1b0	func_001eb1b0	120	float	corpus	exact	100.00	lift:near:64.88;m2c:near:8.03;ghidra:near:1.6
001eb228	func_001eb228	120	float	corpus	exact	100.00	lift:near:63.06;ghidra:near:53.87;m2c:near:0.0
001eb368	func_001eb368	236	float	lift	near	57.61	m2c:near:43.0;ghidra:near:37.89
001eb460	func_001eb460	164	float	lift	near	69.76	ghidra:near:52.39;m2c:near:45.42
001eb528	func_001eb528	320	branchy	lift	near	37.48	ghidra:near:0.0;m2c:near:0.0
001eb668	func_001eb668	312	branchy	lift	near	38.12	m2c:near:31.05;ghidra:near:0.0
001eb8a8	func_001eb8a8	376	float	lift	near	31.71	ghidra:near:0.0;m2c:near:0.0
001ebb30	func_001ebb30	252	branchy	lift	near	25.53	ghidra:near:0.0;m2c:near:0.0
001ebcf0	func_001ebcf0	308	float	m2c	near	63.70	ghidra:near:56.16;lift:near:49.56
001ebe40	func_001ebe40	600	vu0	lift	near	59.05	ghidra:near:13.54;m2c:near:6.95
001ed140	func_001ed140	404	vu0	lift	near	59.64	ghidra:near:29.67;m2c:near:3.21
001ed2e0	func_001ed2e0	420	vu0	lift	near	60.87	ghidra:near:28.41;m2c:near:0.15
001ed490	func_001ed490	420	vu0	lift	near	56.20	ghidra:near:29.63;m2c:near:0.0
001ed658	func_001ed658	380	vu0	lift	near	71.85	ghidra:near:27.37;m2c:near:10.86
001ed7f0	func_001ed7f0	392	vu0	lift	near	62.19	ghidra:near:23.85;m2c:near:15.7
001ed990	func_001ed990	392	vu0	lift	near	57.60	ghidra:near:27.55;m2c:near:10.81
001edb48	func_001edb48	404	vu0	lift	near	72.96	ghidra:near:25.67;m2c:near:14.49
001edd08	func_001edd08	416	vu0	lift	near	72.14	ghidra:near:26.86;m2c:near:18.44
001eded0	func_001eded0	416	vu0	lift	near	61.88	ghidra:near:27.83;m2c:near:13.88
001ee0a0	func_001ee0a0	404	vu0	lift	near	69.89	ghidra:near:21.65;m2c:near:14.06
001ee260	func_001ee260	416	vu0	lift	near	71.35	ghidra:near:15.48;m2c:near:12.94
001ee428	func_001ee428	416	vu0	lift	near	61.08	ghidra:near:24.0;m2c:near:17.36
001ee5d8	func_001ee5d8	152	vu0	lift	near	86.97	ghidra:near:0.0;m2c:near:0.0
001ee670	func_001ee670	304	float	lift	near	53.00	m2c:near:38.14;ghidra:near:0.0
001ee7a8	func_001ee7a8	164	vu0	lift	near	80.24	ghidra:near:0.0;m2c:near:0.0
001ee850	func_001ee850	304	float	lift	near	53.00	m2c:near:38.14;ghidra:near:0.0
001ee988	func_001ee988	168	vu0	lift	near	75.47	ghidra:near:0.0;m2c:near:0.0
001eea30	func_001eea30	304	float	lift	near	53.00	m2c:near:38.14;ghidra:near:0.0
001eeb90	func_001eeb90	152	vu0	lift	near	86.97	ghidra:near:0.0;m2c:near:0.0
001eec28	func_001eec28	312	float	lift	near	76.67	ghidra:near:69.46;m2c:near:65.13
001eed88	func_001eed88	164	vu0	lift	near	80.24	ghidra:near:0.0;m2c:near:0.0
001eee30	func_001eee30	312	float	lift	near	76.67	ghidra:near:69.46;m2c:near:65.13
001eef90	func_001eef90	168	vu0	lift	near	75.47	ghidra:near:0.0;m2c:near:0.0
001ef038	func_001ef038	312	float	lift	near	76.67	ghidra:near:69.46;m2c:near:65.13
001ef1a0	func_001ef1a0	152	vu0	lift	near	86.97	ghidra:near:0.0;m2c:near:0.0
001ef238	func_001ef238	312	float	lift	near	73.95	ghidra:near:61.49;m2c:near:60.94
001ef398	func_001ef398	164	vu0	lift	near	80.24	ghidra:near:0.0;m2c:near:0.0
001ef440	func_001ef440	312	float	lift	near	71.06	m2c:near:61.96;ghidra:near:61.37
001ef5a0	func_001ef5a0	168	vu0	lift	near	75.47	ghidra:near:0.0;m2c:near:0.0
001ef648	func_001ef648	312	float	lift	near	71.06	m2c:near:61.96;ghidra:near:61.37
001ef8e0	func_001ef8e0	516	vu0	lift	near	56.04	m2c:near:47.99;ghidra:near:16.78
001efb18	_Z16wtarget_001efb18jjjj	36	float	corpus	exact	100.00	lift:near:55.0;m2c:near:39.44;ghidra:near:33.33
001efc28	func_001efc28	32	straight	corpus	exact	100.00	lift:near:73.5;m2c:near:73.5;ghidra:near:73.38
001efd38	_Z16wtarget_001efd38jjjj	36	float	corpus	exact	100.00	lift:near:55.0;m2c:near:39.44;ghidra:near:33.33
001efe48	func_001efe48	232	vu0	lift	near	51.31	ghidra:near:4.88;m2c:near:0.0
001effa8	func_001effa8	212	float	corpus	near	99.98	m2c:near:61.36;ghidra:near:59.3;lift:near:48.97
001f01b8	func_001f01b8	244	branchy	m2c	near	61.92	lift:near:49.8;ghidra:near:48.08
001f0328	func_001f0328	212	float	corpus	near	99.98	m2c:near:61.36;ghidra:near:59.3;lift:near:48.97
001f0430	func_001f0430	44	float	lift	near	70.36	m2c:near:41.5;ghidra:near:0.0
001f04a8	func_001f04a8	344	float	lift	near	90.34	m2c:near:69.97;ghidra:near:49.18
001f0600	func_001f0600	616	float	lift	near	33.48	ghidra:near:6.15;m2c:near:0.0
001f08e0	func_001f08e0	344	float	lift	near	90.34	m2c:near:69.97;ghidra:near:49.18
001f0a38	func_001f0a38	672	float	lift	near	45.57	ghidra:near:0.0;m2c:near:0.0
001f0dc0	func_001f0dc0	232	vu0	lift	near	51.31	ghidra:near:4.88;m2c:near:0.0
001f0ea8	func_001f0ea8	232	vu0	lift	near	51.31	ghidra:near:4.88;m2c:near:0.0
001f0f90	func_001f0f90	232	vu0	lift	near	51.31	ghidra:near:4.88;m2c:near:0.0
001f1078	func_001f1078	232	vu0	lift	near	51.31	ghidra:near:4.88;m2c:near:0.0
001f1160	func_001f1160	232	vu0	lift	near	51.31	ghidra:near:4.88;m2c:near:0.0
001f1248	func_001f1248	448	vu0	ghidra	near	0.00	m2c:near:0.0
001f1488	func_001f1488	672	vu0	lift	near	34.79	ghidra:near:0.0;m2c:near:0.0
001f46f8	func_001f46f8	1684	mmi	m2c	near	38.61	ghidra:near:29.18
001f4e18	func_001f4e18	96	straight	m2c	near	82.58	lift:near:74.33;ghidra:near:47.83
001f4eb8	func_001f4eb8	220	float	lift	near	63.33	m2c:near:60.58;ghidra:near:32.8
001f59b0	func_001f59b0	768	float	lift	near	57.81	ghidra:near:43.12;m2c:compile:0.0
001f5cc8	func_001f5cc8	300	float	lift	near	83.73	m2c:near:58.09;ghidra:near:52.12
001f5df8	func_001f5df8	256	branchy	lift	near	94.69	m2c:near:69.5;ghidra:near:63.58
001f5f10	func_001f5f10	284	float	lift	near	84.92	m2c:near:48.48;ghidra:near:47.14
001f6030	func_001f6030	256	branchy	lift	near	94.69	m2c:near:69.5;ghidra:near:63.58
001f6148	func_001f6148	332	float	lift	near	83.62	m2c:near:61.01;ghidra:near:52.61
001f6298	func_001f6298	920	float	lift	near	23.64	ghidra:near:12.89;m2c:compile:0.0
001f6648	func_001f6648	300	float	lift	near	83.73	m2c:near:58.09;ghidra:near:52.12
001f6778	func_001f6778	212	branchy	lift	near	85.00	ghidra:near:62.21;m2c:near:48.38
001f6868	func_001f6868	344	float	m2c	near	86.03	lift:near:75.29;ghidra:near:28.12
001f6b68	func_001f6b68	212	branchy	lift	near	85.00	ghidra:near:62.21;m2c:near:48.38
001f6c58	func_001f6c58	480	float	lift	near	88.22	m2c:near:77.96;ghidra:near:59.33
001f6eb8	func_001f6eb8	344	float	m2c	near	86.03	lift:near:75.29;ghidra:near:28.12
001f7180	func_001f7180	500	float	lift	near	74.39	m2c:near:63.65;ghidra:near:53.34
001f7398	func_001f7398	644	float	lift	near	66.57	m2c:near:62.45;ghidra:near:38.99
001f7660	func_001f7660	500	float	lift	near	74.39	m2c:near:63.52;ghidra:near:49.46
001f7878	func_001f7878	644	float	lift	near	67.36	m2c:near:63.79;ghidra:near:39.94
001f7b40	func_001f7b40	800	float	lift	near	42.95	ghidra:near:0.0;m2c:compile:0.0
001f7e90	func_001f7e90	1796	vu0	ghidra	near	0.00	m2c:near:0.0;lift:compile:0.0
001f85b8	func_001f85b8	568	float	lift	near	61.78	ghidra:near:43.77;m2c:compile:0.0
001f8dd0	func_001f8dd0	572	float	lift	near	59.18	ghidra:near:41.99;m2c:compile:0.0
001f95d8	func_001f95d8	1044	float	m2c	near	35.82	ghidra:near:14.4
001fa2b0	func_001fa2b0	840	float	lift	near	28.40	ghidra:near:0.0;m2c:near:0.0
001fa668	func_001fa668	228	mmi	ghidra	near	19.04	m2c:near:17.39
001fa928	func_001fa928	36	straight	corpus	exact	100.00	m2c:exact:100.0;lift:near:76.56;ghidra:near:76.56
001fab08	func_001fab08	60	straight	corpus	exact	100.00	m2c:exact:100.0;lift:near:86.67;ghidra:near:69.27
001fab48	_Z13func_001fab48Pv	128	branchy	ghidra	near	86.78	lift:near:82.03;m2c:near:71.45
001facd0	func_001facd0	36	straight	corpus	exact	100.00	m2c:exact:100.0;lift:near:76.56;ghidra:near:76.56
001fae80	func_001fae80	36	straight	corpus	exact	100.00	m2c:exact:100.0;lift:near:76.56;ghidra:near:76.56
001faea8	func_001faea8	1192	mmi	m2c	near	17.08	ghidra:near:0.0
001fb3c8	func_001fb3c8	176	float	lift	near	63.96	ghidra:near:34.73;m2c:near:33.96
001fb478	func_001fb478	100	straight	lift	near	92.00	m2c:near:85.38;ghidra:near:74.16;e3:near:0.0
001fb508	func_001fb508	76	float	lift	near	34.18	m2c:near:15.32;ghidra:near:0.0
001fb5b8	func_001fb5b8	224	float	lift	exact	100.00	ghidra:near:93.23;m2c:near:25.82
001fb698	func_001fb698	36	straight	corpus	exact	100.00	m2c:exact:100.0;lift:near:76.56;ghidra:near:76.56
001fb6c8	func_001fb6c8	84	float	lift	near	40.48	m2c:near:4.57;ghidra:near:0.0
001fb720	func_001fb720	108	float	lift	near	85.19	m2c:near:77.37;ghidra:near:75.52
001fb790	func_001fb790	224	float	lift	exact	100.00	ghidra:near:93.23;m2c:near:25.82
001fb870	func_001fb870	60	straight	corpus	exact	100.00	m2c:exact:100.0;lift:near:86.67;ghidra:near:69.27
001fb8b8	func_001fb8b8	108	float	lift	near	15.08	ghidra:near:0.0;m2c:near:0.0
001fb928	func_001fb928	124	float	lift	near	60.71	ghidra:near:58.45;m2c:near:53.9
001fb9a8	func_001fb9a8	224	float	lift	exact	100.00	ghidra:near:93.23;m2c:near:25.82
001fba88	func_001fba88	36	straight	corpus	exact	100.00	m2c:exact:100.0;lift:near:76.56;ghidra:near:76.56
001fbab8	func_001fbab8	100	float	lift	near	17.49	ghidra:near:0.0;m2c:near:0.0
001fbb20	func_001fbb20	116	float	lift	near	71.72	ghidra:near:67.86;m2c:near:64.45
001fbb98	func_001fbb98	224	float	lift	exact	100.00	ghidra:near:93.23;m2c:near:25.82
001fbc78	func_001fbc78	36	straight	corpus	exact	100.00	m2c:exact:100.0;lift:near:76.56;ghidra:near:76.56
001fbd78	func_001fbd78	496	float	lift	near	75.24	ghidra:near:62.07;m2c:near:25.22
001fbfd8	func_001fbfd8	372	float	lift	near	78.91	m2c:near:65.53;ghidra:near:44.9
001fc1a0	func_001fc1a0	360	branchy	m2c	near	74.41	ghidra:near:70.01;lift:near:62.86
001fc320	func_001fc320	528	float	m2c	near	67.46	lift:near:57.95;ghidra:near:55.29
001fc5b8	func_001fc5b8	160	straight	lift	near	65.22	ghidra:near:30.45;m2c:near:27.55
001fc720	func_001fc720	984	float	lift	near	60.61	m2c:near:43.13;ghidra:near:37.37
001fcb18	func_001fcb18	120	straight	corpus	exact	100.00	lift:near:83.13;ghidra:near:65.44;m2c:near:62.29
001fcb90	func_001fcb90	196	float	corpus	exact	100.00	m2c:near:71.13;lift:near:67.51;ghidra:near:66.38
001fcd70	func_001fcd70	188	float	corpus	exact	100.00	lift:near:83.55;m2c:near:74.82;ghidra:near:54.83
001fd368	func_001fd368	452	float	lift	near	26.38	ghidra:near:0.0;m2c:near:0.0
001fded0	func_001fded0	648	float	lift	near	59.26	ghidra:near:0.0;m2c:near:0.0
001fe398	func_001fe398	684	float	lift	near	72.20	m2c:near:53.33;ghidra:near:42.13
001fe798	func_001fe798	316	branchy	lift	near	46.49	ghidra:near:0.0;m2c:near:0.0
001ff110	func_001ff110	572	float	lift	near	59.18	ghidra:near:41.99;m2c:compile:0.0
001ff958	func_001ff958	1044	float	m2c	near	35.82	ghidra:near:14.4
00200638	func_00200638	116	straight	lift	near	77.24	ghidra:near:67.14;m2c:near:65.21
002006b0	func_002006b0	76	straight	lift	near	64.00	ghidra:near:59.79;m2c:near:56.05
00200700	func_00200700	224	float	lift	near	75.53	m2c:near:70.53;ghidra:near:46.62
002007e0	func_002007e0	76	straight	lift	near	64.00	ghidra:near:59.79;m2c:near:56.05
00200830	func_00200830	288	float	lift	near	69.72	m2c:near:51.23;ghidra:near:43.0
00200950	func_00200950	296	float	lift	near	77.58	m2c:near:42.09;ghidra:near:28.72
00200a78	func_00200a78	256	float	lift	near	67.81	m2c:near:67.17;ghidra:near:54.8
00200b78	func_00200b78	216	float	lift	near	47.90	ghidra:near:0.0;m2c:near:0.0
00200c50	func_00200c50	344	vu0	lift	near	64.66	m2c:near:21.85;ghidra:near:13.55
00200da8	func_00200da8	216	float	lift	near	47.90	ghidra:near:0.0;m2c:near:0.0
00200e80	func_00200e80	344	vu0	lift	near	64.66	m2c:near:21.85;ghidra:near:13.55
00200fd8	func_00200fd8	216	float	lift	near	47.90	ghidra:near:0.0;m2c:near:0.0
002010b0	func_002010b0	344	vu0	lift	near	64.66	m2c:near:21.85;ghidra:near:13.55
00201208	func_00201208	216	float	lift	near	47.90	ghidra:near:0.0;m2c:near:0.0
002012e0	func_002012e0	344	vu0	lift	near	64.66	m2c:near:21.85;ghidra:near:13.55
00201438	func_00201438	216	float	lift	near	47.90	ghidra:near:0.0;m2c:near:0.0
00201510	func_00201510	344	vu0	lift	near	64.66	m2c:near:21.85;ghidra:near:13.55
00201668	func_00201668	216	float	lift	near	47.90	ghidra:near:0.0;m2c:near:0.0
00201740	func_00201740	344	vu0	lift	near	64.66	m2c:near:21.85;ghidra:near:13.55
00201898	func_00201898	224	vu0	lift	near	49.58	ghidra:near:0.0;m2c:near:0.0
00201978	func_00201978	440	vu0	ghidra	near	0.00	m2c:near:0.0
00201b30	func_00201b30	124	vu0	lift	near	77.06	ghidra:near:0.0;m2c:near:0.0
00201bb0	func_00201bb0	240	float	lift	near	63.00	m2c:near:51.96;ghidra:near:18.3
00201ca0	func_00201ca0	188	branchy	m2c	near	95.82	lift:near:64.53;ghidra:near:13.74
00201d60	func_00201d60	1732	float	lift	near	55.88	ghidra:near:41.25;m2c:compile:0.0
002029e8	func_002029e8	440	vu0	ghidra	near	0.00	m2c:near:0.0
00202ba0	func_00202ba0	124	vu0	lift	near	77.06	ghidra:near:0.0;m2c:near:0.0
00202c20	func_00202c20	188	branchy	m2c	near	95.82	lift:near:64.53;ghidra:near:13.74
00202ce0	func_00202ce0	1820	float	lift	near	57.28	ghidra:near:43.09;m2c:compile:0.0
00203408	func_00203408	820	switch	m2c	near	76.12	lift:near:60.74;ghidra:near:42.76
00203a40	func_00203a40	68	vu0	lift	near	96.18	ghidra:near:0.0;m2c:near:0.0
00203ae8	func_00203ae8	92	branchy	ghidra	near	71.96	m2c:near:62.35;lift:near:39.78
00203b48	func_00203b48	3332	float	ghidra	near	8.81	m2c:compile:0.0
00204850	func_00204850	896	vu0	lift	near	85.28	m2c:near:45.88;ghidra:near:31.45
00204bd0	func_00204bd0	516	loop	lift	near	63.91	ghidra:near:13.68;m2c:compile:0.0
00205040	func_00205040	312	float	ghidra	near	82.44	lift:near:72.67;m2c:compile:0.0
00205178	func_00205178	1344	float	lift	near	72.16	ghidra:near:65.91;m2c:compile:0.0
00205718	func_00205718	128	branchy	lift	exact	100.00	twins:exact:100.0;corpus:near:99.81;ghidra:near:93.41;m2c:near:91.26
00205798	func_00205798	1412	vu0	ghidra	near	1.29	m2c:near:0.0
00205d60	func_00205d60	1144	vu0	lift	near	32.38	ghidra:near:27.85;m2c:compile:0.0
002061f8	func_002061f8	196	float	m2c	near	53.21	lift:near:38.55;ghidra:near:35.08
002062c0	func_002062c0	196	float	m2c	near	53.21	lift:near:38.55;ghidra:near:35.08
00206388	func_00206388	232	float	m2c	near	53.95	lift:near:41.53;ghidra:near:36.08
002065b0	func_002065b0	800	float	lift	near	64.73	m2c:near:29.41;ghidra:near:26.7
00207050	func_00207050	128	branchy	lift	exact	100.00	twins:exact:100.0;corpus:near:99.78;ghidra:near:93.41;m2c:near:91.26
00207260	func_00207260	68	vu0	lift	near	96.18	ghidra:near:0.0;m2c:near:0.0
002072a8	func_002072a8	96	float	lift	near	91.35	m2c:near:35.5;ghidra:near:21.87
00207308	func_00207308	72	branchy	lift	near	66.25	ghidra:near:64.17;m2c:near:48.56
00207350	func_00207350	3912	float	ghidra	near	22.24	m2c:compile:0.0
00208298	func_00208298	1096	vu0	lift	near	67.85	m2c:near:38.63;ghidra:near:34.87
002086e0	func_002086e0	328	loop	lift	near	79.44	ghidra:near:55.88;m2c:near:42.72
00208978	func_00208978	184	switch	m2c	near	87.17	lift:near:85.22;ghidra:near:83.85
00209178	func_00209178	360	float	lift	near	48.72	m2c:near:28.11;ghidra:near:16.52
002092e0	func_002092e0	68	branchy	lift	near	64.00	ghidra:near:35.74;m2c:near:28.12
00209328	func_00209328	2624	mmi	ghidra	near	23.83	m2c:compile:0.0
00209df0	func_00209df0	144	straight	lift	near	81.67	m2c:near:72.64;ghidra:near:70.19
00209e80	func_00209e80	76	straight	lift	near	64.00	ghidra:near:59.79;m2c:near:56.05
00209ed0	func_00209ed0	232	float	lift	near	76.25	m2c:near:70.21;ghidra:near:61.62
00209fb8	func_00209fb8	68	vu0	lift	near	96.18	ghidra:near:0.0;m2c:near:0.0
0020a090	func_0020a090	1148	float	lift	near	88.22	ghidra:near:3.44;m2c:compile:0.0
0020a658	func_0020a658	1260	vu0	lift	near	86.28	m2c:near:45.21;ghidra:near:37.64
0020aec8	func_0020aec8	300	float	lift	near	95.01	m2c:near:82.39;ghidra:near:43.33
0020aff8	func_0020aff8	772	float	lift	near	53.44	ghidra:near:19.44;m2c:near:0.0
0020b410	func_0020b410	68	vu0	lift	near	96.18	ghidra:near:0.0;m2c:near:0.0
0020b4e8	func_0020b4e8	2248	float	m2c	near	74.65	lift:near:64.64;ghidra:near:31.0
0020bef8	func_0020bef8	1668	vu0	lift	near	83.68	m2c:near:41.03;ghidra:near:35.84
0020c860	func_0020c860	364	float	m2c	near	84.58	lift:near:68.82;ghidra:near:59.91
0020c9d0	func_0020c9d0	896	float	lift	near	60.32	ghidra:near:7.86;m2c:near:0.0
0020cf60	func_0020cf60	88	float	lift	near	88.18	ghidra:near:81.32;m2c:near:59.43
0020d1d0	func_0020d1d0	856	float	lift	near	51.92	m2c:near:14.25;ghidra:near:0.0
0020d528	func_0020d528	2236	vu0	ghidra	near	0.00	m2c:near:0.0
0020de30	_Z16u_call0_0020de30v	316	straight	lift	near	44.02	m2c:near:29.11;ghidra:near:0.37
0020df70	_Z16u_call0_0020df70v	128	mmi	m2c	near	77.69	ghidra:near:29.58
0020dff0	_Z13func_0020dff0Pv	172	mmi	m2c	near	55.47	ghidra:near:0.0
0020e0a0	func_0020e0a0	148	mmi	m2c	near	35.38	ghidra:near:0.0
0020e138	func_0020e138	40	vu0	lift	near	79.50	ghidra:near:39.6;m2c:near:0.0
0020e198	func_0020e198	336	branchy	ghidra	near	54.89	lift:near:51.58;m2c:near:32.3
0020e2e8	func_0020e2e8	424	loop	ghidra	near	52.32	m2c:near:31.31;lift:compile:0.0
0020e490	func_0020e490	184	branchy	lift	near	41.85	m2c:near:34.61;ghidra:near:27.83
0020e548	func_0020e548	68	branchy	ghidra	near	57.06	lift:near:49.12;m2c:near:49.12
0020e7a8	func_0020e7a8	84	straight	m2c	near	32.38	ghidra:near:24.41;lift:compile:0.0
0020e800	func_0020e800	84	straight	m2c	near	32.38	ghidra:near:14.82;lift:compile:0.0
0020e858	func_0020e858	84	straight	m2c	near	32.38	ghidra:near:14.82;lift:compile:0.0
0020e8b0	func_0020e8b0	172	mmi	m2c	near	43.96	ghidra:near:25.83
0020e960	_Z16u_call0_0020e960v	152	float	lift	near	32.47	m2c:near:15.7;ghidra:near:0.0
0020e9f8	_Z16wtarget_0020e9f8jjjj	76	float	lift	near	85.42	m2c:near:22.53;ghidra:near:8.52
0020ea48	func_0020ea48	36	straight	lift	near	68.30	ghidra:near:51.5;m2c:near:36.54
0020ea70	_Z16wtarget_0020ea70jjjj	44	float	lift	near	69.83	m2c:near:48.67;ghidra:near:32.63
0020eac0	func_0020eac0	48	straight	lift	exact	100.00	ghidra:near:62.42;m2c:near:47.31
0020eaf8	func_0020eaf8	116	branchy	lift	near	78.09	ghidra:near:74.6;m2c:compile:0.0
0020ebd8	func_0020ebd8	64	branchy	lift	exact	100.00	ghidra:near:66.9;m2c:compile:0.0
0020edd0	_Z16wtarget_0020edd0jjjj	532	loop	ghidra	near	59.29	lift:near:56.67;m2c:compile:0.0
0020f118	func_0020f118	52	straight	ghidra	near	59.92	m2c:near:33.77;lift:near:33.0
0020f150	func_0020f150	52	straight	ghidra	near	59.92	m2c:near:33.77;lift:near:33.0
0020f188	func_0020f188	88	straight	lift	near	32.73	ghidra:near:28.55;m2c:near:28.05
0020f1e0	func_0020f1e0	344	branchy	lift	near	97.13	m2c:near:83.75;ghidra:near:0.0
0020f338	func_0020f338	12288	vu0	ghidra	near	0.00	m2c:near:0.0
00212338	func_00212338	7020	vu0	ghidra	near	0.00	m2c:near:0.0
00213ea8	func_00213ea8	8320	vu0	ghidra	near	0.00	m2c:compile:0.0
00215f28	func_00215f28	7768	vu0	ghidra	near	0.00	m2c:compile:0.0
00217d80	func_00217d80	12644	vu0	ghidra	near	0.00	m2c:near:0.0
0021aee8	func_0021aee8	6440	vu0	ghidra	near	0.00	m2c:near:0.0
0021c810	func_0021c810	180	mmi	m2c	near	32.54	ghidra:near:6.4
0021c8c8	func_0021c8c8	228	mmi	m2c	near	32.90	ghidra:near:0.0
0021c9b0	func_0021c9b0	1004	float	lift	near	42.03	ghidra:near:21.05;m2c:near:17.6
0021cda0	func_0021cda0	44	branchy	ghidra	near	92.73	m2c:near:74.82;lift:near:34.55
0021cdd0	func_0021cdd0	632	float	lift	near	41.34	ghidra:near:40.36;m2c:compile:0.0
0021d048	func_0021d048	6460	vu0	ghidra	near	0.00	m2c:compile:0.0
0021e9d0	func_0021e9d0	128	float	corpus	exact	100.00	lift:near:41.67;ghidra:near:15.63;m2c:near:8.56
0021ea50	func_0021ea50	128	float	corpus	exact	100.00	ghidra:near:22.64;lift:near:19.09;m2c:near:18.92
0021ead0	func_0021ead0	128	float	corpus	exact	100.00	lift:near:33.24;ghidra:near:15.63;m2c:near:8.44
0021ee48	func_0021ee48	352	loop	ghidra	near	47.29	lift:near:45.1;m2c:compile:0.0
0021efc0	func_0021efc0	156	branchy	m2c	near	75.97	lift:near:57.25;ghidra:near:45.59
0021f060	func_0021f060	120	straight	ghidra	near	67.10	lift:near:44.5;m2c:near:32.27
0021f0d8	func_0021f0d8	1276	vu0	ghidra	near	9.50	m2c:compile:0.0
0021f5d8	func_0021f5d8	72	float	corpus	near	99.94	m2c:near:88.72;ghidra:near:82.22;lift:near:61.21
0021f620	func_0021f620	740	float	lift	near	19.99	ghidra:near:18.19;m2c:near:0.0
0021f908	func_0021f908	260	float	lift	near	75.84	m2c:near:66.22;ghidra:near:46.86
0021fa28	func_0021fa28	404	float	lift	near	83.16	m2c:near:19.87;ghidra:near:10.23
0021fbd8	func_0021fbd8	556	float	lift	near	87.23	m2c:near:27.45;ghidra:near:20.11
0021fe40	func_0021fe40	560	float	lift	near	67.75	ghidra:near:22.73;m2c:near:0.0
002200c0	func_002200c0	1028	float	m2c	near	70.50	ghidra:near:64.75;lift:near:50.96
002204c8	func_002204c8	1320	float	m2c	near	85.91	ghidra:near:75.44;lift:near:70.84
002209f0	func_002209f0	660	float	m2c	near	81.55	ghidra:near:67.4;lift:near:53.8
00220c88	func_00220c88	104	straight	lift	near	81.62	m2c:near:72.5;ghidra:near:24.88
00220cf0	func_00220cf0	176	float	m2c	near	74.27	lift:near:66.0;ghidra:near:52.61
00220da0	func_00220da0	1448	float	ghidra	near	0.00	m2c:near:0.0
00221348	func_00221348	2780	float	ghidra	near	0.00	m2c:compile:0.0
00221e28	func_00221e28	164	float	m2c	near	53.43	ghidra:near:40.46;lift:near:36.85
00221ed0	func_00221ed0	200	loop	lift	near	82.78	m2c:near:79.3;ghidra:near:69.0
00222080	func_00222080	236	branchy	ghidra	near	81.15	m2c:near:71.24;lift:near:39.15
00222170	func_00222170	324	loop	lift	near	79.22	m2c:near:76.68;ghidra:near:48.77
002223f0	func_002223f0	344	float	m2c	near	86.03	lift:near:75.29;ghidra:near:28.12
00222568	func_00222568	60	vu0	lift	near	80.88	ghidra:near:0.0;m2c:near:0.0
002225a8	func_002225a8	204	float	lift	near	75.69	ghidra:near:40.44;m2c:near:0.0
00222678	func_00222678	36	vu0	lift	exact	100.00	ghidra:near:0.0;m2c:near:0.0
002226a0	func_002226a0	24	vu0	lift	near	66.67	ghidra:near:36.67;m2c:near:0.0
002226b8	func_002226b8	24	vu0	lift	near	66.67	ghidra:near:36.67;m2c:near:0.0
00222710	func_00222710	28	vu0	lift	near	71.43	ghidra:near:17.14;m2c:near:0.0
00222730	func_00222730	28	vu0	lift	near	71.43	ghidra:near:17.14;m2c:near:0.0
00222750	func_00222750	28	vu0	lift	near	71.43	ghidra:near:17.14;m2c:near:0.0
00222770	func_00222770	28	vu0	lift	near	71.43	ghidra:near:17.14;m2c:near:0.0
00222790	func_00222790	112	vu0	lift	near	60.36	ghidra:near:0.0;m2c:near:0.0
00222800	func_00222800	104	vu0	lift	near	57.31	ghidra:near:0.0;m2c:near:0.0
00222868	func_00222868	48	vu0	lift	near	83.33	ghidra:near:0.0;m2c:near:0.0
00222898	func_00222898	128	vu0	lift	near	74.53	ghidra:near:0.0;m2c:near:0.0
00222978	func_00222978	36	vu0	m2c	near	60.00	lift:near:49.44;ghidra:compile:0.0
002229a0	func_002229a0	52	vu0	lift	exact	100.00	m2c:near:10.77;ghidra:near:0.0
002229d8	func_002229d8	36	vu0	lift	near	48.82	m2c:near:46.67;ghidra:near:0.0
00222aa8	func_00222aa8	660	float	lift	near	71.34	ghidra:near:37.4;m2c:compile:0.0
00222d40	func_00222d40	584	branchy	lift	near	47.17	ghidra:near:0.0;m2c:near:0.0
00222f88	func_00222f88	560	vu0	lift	near	40.50	ghidra:near:0.0;m2c:near:0.0
002231b8	func_002231b8	568	vu0	lift	near	71.49	ghidra:near:0.0;m2c:near:0.0
002233f0	func_002233f0	88	straight	ghidra	near	84.00	lift:near:50.05;m2c:compile:0.0
00223448	func_00223448	116	straight	ghidra	near	86.21	lift:near:40.69;m2c:compile:0.0
002234c0	func_002234c0	324	float	lift	near	70.01	m2c:near:25.84;ghidra:near:20.84
00223608	func_00223608	140	float	lift	exact	100.00	ghidra:near:77.94;m2c:near:53.06
002236d0	func_002236d0	1064	vu0	lift	near	37.87	ghidra:near:24.82;m2c:compile:0.0
00223af8	func_00223af8	924	vu0	lift	near	47.32	ghidra:near:9.63;m2c:compile:0.0
00223e98	func_00223e98	1212	vu0	lift	near	43.94	ghidra:near:0.0;m2c:compile:0.0
00224358	func_00224358	680	vu0	lift	near	37.76	ghidra:near:0.0;m2c:near:0.0
00224600	func_00224600	380	vu0	ghidra	near	0.00	m2c:near:0.0
00224780	_Z16u_call4_00224780jjjj	88	straight	permute	exact	100.00	lift:near:94.45;m2c:near:51.73;ghidra:near:50.82
002247e8	func_002247e8	60	branchy	lift	exact	100.00	ghidra:near:94.53;m2c:near:78.72
00224950	func_00224950	24	straight	lift	exact	100.00	ghidra:near:90.0;m2c:near:46.5
002249f8	func_002249f8	180	switch	ghidra	near	68.11	
00224c20	func_00224c20	208	branchy	lift	near	91.13	ghidra:near:87.3;m2c:near:73.57
00224cf0	func_00224cf0	76	switch	ghidra	near	31.84	
00224d48	func_00224d48	160	switch	ghidra	near	49.98	
00224f38	func_00224f38	104	straight	lift	exact	100.00	m2c:near:92.31;ghidra:near:89.96
00224fa0	func_00224fa0	548	switch	lift	near	56.03	m2c:near:34.66;ghidra:near:32.86
00225298	func_00225298	24	straight	lift	near	29.83	ghidra:near:29.83;m2c:near:29.67
002252b0	func_002252b0	116	branchy	lift	near	63.48	ghidra:near:63.48;m2c:near:63.48
00225328	func_00225328	116	branchy	ghidra	near	93.97	lift:near:54.07;m2c:near:26.97
002253a0	func_002253a0	400	loop	lift	near	73.06	ghidra:near:72.75;m2c:near:47.28
00225550	func_00225550	156	branchy	lift	exact	100.00	m2c:near:75.69;ghidra:near:60.36;e3:near:59.37
00225640	func_00225640	80	straight	ghidra	near	90.45	m2c:near:75.62;lift:near:38.4;e3:near:34.16
00225690	func_00225690	52	straight	lift	exact	100.00	m2c:near:91.21;corpus:near:74.29;ghidra:near:59.67
002256c8	func_002256c8	112	branchy	lift	near	91.54	ghidra:near:82.1;m2c:near:82.03
00225788	func_00225788	272	loop	lift	near	92.35	ghidra:near:70.92;m2c:near:12.61
00225898	func_00225898	340	branchy	lift	near	81.15	ghidra:near:75.01;m2c:near:18.31
00225aa8	func_00225aa8	84	branchy	m2c	near	70.29	ghidra:near:58.1;lift:near:40.24
00225b00	_ZN2sa5EVENT10isJumpModeEi	76	branchy	ghidra	near	90.53	e3:near:88.5;m2c:near:82.09;lift:near:55.0
00225b88	func_00225b88	336	branchy	e3	compile	0.00	m2c:near:80.74;lift:near:63.89;ghidra:near:46.64
00225d30	func_00225d30	248	float	lift	near	95.81	m2c:near:62.43;ghidra:near:24.69
00225eb8	func_00225eb8	232	loop	lift	near	54.67	ghidra:near:42.1;m2c:near:41.24
00225fa0	func_00225fa0	144	loop	m2c	near	83.39	lift:near:52.33;ghidra:near:31.16
00226050	func_00226050	64	loop	lift	near	60.42	m2c:near:50.83;ghidra:near:40.76;e3:near:20.97
00226090	_ZN2sa5EVENT9read_ctrlEv	472	switch	lift	near	90.70	m2c:near:88.87;ghidra:near:68.45;e3:near:40.19
00226268	_ZN2sa5EVENT15readNextMapFileEv	388	branchy	m2c	near	77.49	lift:near:73.4;ghidra:near:2.19
00226478	_ZN2sa5EVENT8fixAllocEv	808	loop	lift	near	94.20	m2c:near:78.57;ghidra:near:63.29;e3:near:44.39
002267a0	_ZN2sa5EVENT7fixFreeEv	456	loop	lift	near	85.86	ghidra:near:77.34;m2c:near:77.03
00226978	func_00226978	244	float	lift	near	75.17	ghidra:near:70.46;m2c:near:49.94
00226a78	func_00226a78	52	straight	lift	exact	100.00	corpus:near:95.38;ghidra:near:95.38;m2c:near:35.84
00226ac0	func_00226ac0	268	float	lift	near	88.33	ghidra:near:74.16;m2c:near:46.54
00226bd0	_Z16wtarget_00226bd0jjjj	276	float	lift	near	99.13	m2c:near:91.49;ghidra:near:80.15;e3:near:75.16
00226d88	func_00226d88	32	straight	lift	exact	100.00	ghidra:exact:100.0;m2c:exact:100.0;corpus:near:99.38
00226dc8	func_00226dc8	148	branchy	lift	exact	100.00	ghidra:near:90.24;m2c:compile:0.0
00226e60	func_00226e60	64	branchy	lift	near	96.25	ghidra:near:90.59;m2c:near:74.82
00226ee8	func_00226ee8	144	float	lift	near	46.75	ghidra:near:32.11;m2c:near:23.33
00226f90	func_00226f90	24	straight	corpus	near	99.33	lift:near:76.14;ghidra:near:76.14;m2c:near:76.0
00226fc8	func_00226fc8	176	vu0	permute	exact	100.00	lift:near:99.73;ghidra:near:86.41;m2c:near:48.13
00227078	func_00227078	128	loop	lift	near	95.94	m2c:near:81.19;ghidra:near:77.91
00227130	func_00227130	204	loop	m2c	near	73.19	ghidra:near:36.33;lift:near:28.28
002272b8	func_002272b8	1372	float	ghidra	near	88.84	m2c:near:82.83
002278e0	func_002278e0	80	branchy	lift	exact	100.00	m2c:near:95.14;ghidra:near:64.27
00227950	func_00227950	184	loop	ghidra	near	84.38	m2c:near:84.06;lift:near:57.7
00227a28	func_00227a28	56	loop	lift	exact	100.00	m2c:near:57.62;ghidra:near:48.6;e3:near:42.07
00227a60	func_00227a60	160	loop	lift	exact	100.00	ghidra:near:86.98;m2c:near:60.36
00227b00	func_00227b00	212	loop	lift	exact	100.00	ghidra:near:80.44;m2c:near:63.91
00227cd8	func_00227cd8	56	loop	m2c	near	93.00	corpus:near:80.14;lift:near:67.14;ghidra:near:51.12;e3:near:17.0
00227da8	func_00227da8	132	loop	ghidra	near	24.09	m2c:near:7.24;e3:near:7.0
00227e30	func_00227e30	552	switch	ghidra	near	96.21	m2c:near:80.97
00228150	func_00228150	240	branchy	lift	near	95.25	ghidra:near:84.28;m2c:near:80.4
00228240	func_00228240	152	branchy	lift	exact	100.00	ghidra:near:98.16;m2c:near:79.8
002282d8	_ZN2sa5EVENT16getEventPriorityEv	24	straight	ghidra	near	95.50	lift:near:89.67;e3:near:87.5;m2c:near:46.86
002282f0	_ZN2sa5EVENT10checkStartEiP4TASK	136	loop	e3	exact	100.00	ghidra:near:98.24;lift:near:74.12;m2c:near:59.56
00228420	_Z16wtarget_00228420jjjj	44	branchy	lift	near	86.08	ghidra:near:86.08;m2c:near:86.0
00228618	func_00228618	364	loop	lift	near	81.47	ghidra:near:78.68;m2c:compile:0.0
00228788	func_00228788	396	branchy	lift	exact	100.00	ghidra:near:92.35;m2c:near:80.35
00228918	func_00228918	164	float	m2c	near	56.27	lift:near:35.93;ghidra:near:17.84
002289c0	func_002289c0	48	straight	lift	exact	100.00	m2c:near:99.17;ghidra:near:83.93
002289f0	func_002289f0	188	loop	lift	exact	100.00	ghidra:near:81.18;m2c:compile:0.0
00228ab0	func_00228ab0	292	float	lift	near	95.62	ghidra:near:89.97;m2c:near:75.97
00228bd8	func_00228bd8	592	vu0	lift	near	64.39	ghidra:near:38.26;m2c:near:29.66
00228e28	_ZN2sa14MUSICAL_GAUGE36updateEv	48	straight	lift	exact	100.00	m2c:near:99.17;e3:near:91.92;ghidra:near:83.93
00228e58	_ZN2sa14MUSICAL_GAUGE34initEv	188	loop	lift	exact	100.00	ghidra:near:81.18;m2c:compile:0.0
00228f18	func_00228f18	520	loop	lift	near	77.26	ghidra:near:76.12;m2c:compile:0.0
00229120	func_00229120	176	branchy	lift	near	93.86	ghidra:near:87.37;m2c:near:75.55
002291d0	_ZN2sa14MUSICAL_SCORE16updateEv	416	loop	ghidra	near	77.15	lift:near:72.12;m2c:near:71.35
002294c8	func_002294c8	428	loop	lift	near	93.26	ghidra:near:91.06;m2c:near:84.58
00229728	_ZN2sa13MUSICAL_SCORE6updateEv	260	loop	lift	near	95.37	ghidra:near:84.04;m2c:near:83.87
002298a8	func_002298a8	640	loop	ghidra	near	84.39	lift:near:81.55;m2c:near:60.63
00229b28	func_00229b28	488	float	ghidra	near	0.00	
00229d40	func_00229d40	40	float	lift	exact	100.00	m2c:near:79.4;ghidra:near:41.81
00229d68	_ZN2sa13MUSICAL_COMBO6updateEv	40	straight	lift	exact	100.00	e3:exact:100.0;twins:exact:100.0;corpus:exact:100.0;ghidra:exact:100.0;m2c:exact:100.0
00229e58	func_00229e58	668	float	lift	near	79.05	m2c:near:48.49;ghidra:near:28.77
0022a0f8	func_0022a0f8	260	float	ghidra	near	66.61	lift:near:20.12;m2c:near:5.03
0022a3d0	func_0022a3d0	500	float	lift	near	64.57	ghidra:near:61.02;m2c:near:25.54
0022a5c8	func_0022a5c8	488	float	ghidra	near	0.00	
0022a7e0	func_0022a7e0	928	float	ghidra	near	80.81	lift:near:52.41;m2c:near:51.64
0022acd0	_ZN2sa13MUSICAL_INPUT6updateEv	40	straight	lift	exact	100.00	e3:exact:100.0;twins:exact:100.0;corpus:exact:100.0;ghidra:exact:100.0;m2c:exact:100.0
0022ad88	_ZN2sa13MUSICAL_INPUT10scorePrintEiPN2dk6SpriteE	268	loop	ghidra	near	74.51	m2c:compile:0.0
0022ae98	func_0022ae98	84	straight	m2c	near	80.78	ghidra:near:77.29;lift:near:60.86
0022aef0	func_0022aef0	84	straight	m2c	near	80.78	ghidra:near:77.29;lift:near:60.86
0022af48	func_0022af48	84	straight	m2c	near	80.78	ghidra:near:77.29;lift:near:60.86
0022afa0	func_0022afa0	68	float	lift	exact	100.00	ghidra:near:44.81;m2c:near:1.41
0022b028	func_0022b028	116	branchy	lift	near	68.97	m2c:near:25.28;e3:near:24.45;ghidra:near:0.0
0022b558	func_0022b558	104	float	ghidra	near	82.70	lift:near:64.97;m2c:near:50.27
0022b7f0	func_0022b7f0	72	straight	lift	exact	100.00	m2c:near:70.11;ghidra:near:41.33
0022b898	func_0022b898	152	straight	lift	exact	100.00	ghidra:near:95.33;m2c:near:81.59
0022bb60	func_0022bb60	100	branchy	lift	exact	100.00	e3:exact:100.0;m2c:exact:100.0;ghidra:near:96.15
0022bc08	_ZN2sa5EVENT17set_bin_seq_movieERNS_13BIN_SEQ_MOVIEEP4TASK	376	loop	typed	exact	100.00	lift:exact:100.0;ghidra:near:90.27;m2c:near:53.08
0022be28	func_0022be28	44	straight	lift	exact	100.00	ghidra:exact:100.0;m2c:exact:100.0;corpus:near:80.91
0022bef8	_ZN2sa5EVENT17set_bin_countdownERNS_13BIN_COUNTDOWNEP4TASK	528	switch	lift	near	88.37	ghidra:near:82.06;m2c:compile:0.0
0022c108	_ZN2sa5EVENT14last_countdownEv	240	branchy	lift	near	89.74	ghidra:near:88.29;m2c:compile:0.0
0022c1f8	func_0022c1f8	536	loop	lift	near	83.69	ghidra:near:81.46;m2c:near:76.3
0022c4b8	func_0022c4b8	76	straight	lift	exact	100.00	m2c:near:80.75;ghidra:near:31.05
0022c508	func_0022c508	40	straight	lift	exact	100.00	ghidra:exact:100.0;m2c:exact:100.0
0022c590	func_0022c590	452	float	lift	near	89.29	m2c:near:88.32;ghidra:near:36.45
0022c758	func_0022c758	100	loop	lift	near	91.00	ghidra:near:60.4;m2c:near:44.04
0022c840	func_0022c840	180	float	lift	near	74.53	ghidra:near:25.33;m2c:near:0.0
0022c8f8	func_0022c8f8	156	float	m2c	near	72.54	lift:near:60.75;ghidra:near:51.77;e3:near:51.31
0022ca00	_ZN2sa5EVENT10light_ctrlEv	232	loop	lift	near	91.21	m2c:near:78.69;ghidra:near:60.92
0022cae8	func_0022cae8	180	branchy	typed	exact	100.00	lift:exact:100.0;m2c:exact:100.0;e3:near:85.35;ghidra:near:74.71
0022cc38	func_0022cc38	272	switch	typed	exact	100.00	lift:exact:100.0;ghidra:near:89.4;e3:near:0.0;m2c:compile:0.0
0022cd48	_ZN2sa5EVENT16set_bin_seq_blurERNS_12BIN_SEQ_BLUREP4TASK	180	float	lift	near	94.22	m2c:near:84.52;ghidra:near:82.6
0022cea0	func_0022cea0	120	branchy	lift	near	72.57	ghidra:near:37.07;m2c:near:34.4
0022cf18	func_0022cf18	68	branchy	lift	exact	100.00	e3:exact:100.0;m2c:exact:100.0;ghidra:near:91.06;corpus:near:72.94
0022cf60	func_0022cf60	160	float	permute	exact	100.00	lift:near:99.17;e3:near:64.77;m2c:near:51.5;ghidra:near:45.97
0022d098	func_0022d098	320	float	m2c	near	71.40	ghidra:near:50.35;lift:near:42.35
0022d440	func_0022d440	164	loop	lift	exact	100.00	ghidra:near:99.51;m2c:near:91.29;e3:near:50.69
0022d4e8	_ZN2sa5EVENT11reloadActorERNS_15BIN_CACHE_CLEARE	176	loop	ghidra	near	93.23	lift:near:92.11;m2c:near:89.91;e3:near:47.83
0022d7e8	func_0022d7e8	52	loop	lift	exact	100.00	ghidra:near:99.08;m2c:near:89.31
0022d820	func_0022d820	92	loop	lift	exact	100.00	ghidra:near:99.57;m2c:near:99.52
0022d880	func_0022d880	304	loop	lift	near	96.58	m2c:near:88.45;ghidra:near:81.78
0022d9b0	func_0022d9b0	636	loop	m2c	near	70.33	lift:near:25.97;ghidra:near:0.0
0022dd40	func_0022dd40	64	branchy	typed	exact	100.00	lift:exact:100.0;m2c:exact:100.0;ghidra:near:86.35;e3:near:24.97
0022dd80	func_0022dd80	808	float	m2c	near	86.43	lift:near:51.48;ghidra:near:29.64
0022e0a8	func_0022e0a8	100	loop	lift	near	90.20	m2c:near:86.0;ghidra:near:60.4
0022e160	func_0022e160	40	straight	lift	exact	100.00	ghidra:exact:100.0;m2c:near:99.5;corpus:near:72.27
0022e188	func_0022e188	108	straight	lift	exact	100.00	m2c:near:84.79;ghidra:near:49.93
0022e1f8	func_0022e1f8	144	straight	lift	exact	100.00	m2c:exact:100.0;ghidra:near:70.88
0022e330	func_0022e330	56	loop	lift	exact	100.00	corpus:near:80.14;m2c:near:57.62;ghidra:near:48.6
0022e368	func_0022e368	128	loop	lift	near	56.72	ghidra:near:0.0;m2c:compile:0.0
0022e4f0	func_0022e4f0	260	float	lift	near	84.43	ghidra:near:61.87;m2c:near:52.77
0022e6b0	func_0022e6b0	116	float	lift	exact	100.00	m2c:near:67.57;ghidra:near:37.62
0022e818	func_0022e818	384	float	m2c	near	76.46	ghidra:near:56.19;lift:near:37.96
0022ea28	func_0022ea28	344	float	m2c	near	66.33	lift:near:60.94;ghidra:near:38.94
0022eb80	func_0022eb80	492	vu0	lift	near	76.34	ghidra:near:29.54;m2c:near:25.9
0022ee30	func_0022ee30	288	float	lift	near	62.68	m2c:near:59.9;ghidra:near:54.81
0022efb8	_ZN2sa5EVENT13set_alpha_seqERNS_13BIN_ALPHA_SEQEP4TASK	96	branchy	m2c	near	87.50	lift:near:82.88;e3:near:82.88;ghidra:near:80.33
0022f018	func_0022f018	484	loop	m2c	near	47.35	ghidra:near:42.67
0022f308	func_0022f308	160	branchy	lift	near	90.00	m2c:near:89.5;ghidra:near:87.26;e3:near:62.56
0022f3a8	func_0022f3a8	324	float	lift	near	91.36	ghidra:near:65.52;m2c:near:52.89;e3:near:21.05
0022f4f0	func_0022f4f0	56	loop	lift	exact	100.00	ghidra:near:61.39;m2c:near:57.56;e3:near:19.82
0022f528	func_0022f528	120	straight	m2c	near	29.60	ghidra:near:14.5
0022f5a0	func_0022f5a0	72	straight	lift	exact	100.00	e3:exact:100.0;ghidra:exact:100.0;m2c:near:76.61
0022f5e8	func_0022f5e8	204	loop	lift	near	91.82	ghidra:near:87.12;m2c:compile:0.0
0022f6b8	func_0022f6b8	260	float	lift	near	53.05	m2c:near:45.14;ghidra:near:9.36
0022f7c0	func_0022f7c0	296	float	lift	near	66.96	ghidra:near:57.85;m2c:near:52.2
0022f928	func_0022f928	620	vu0	ghidra	near	2.92	m2c:near:0.0;lift:compile:0.0
0022fb98	func_0022fb98	620	vu0	ghidra	near	23.26	m2c:near:0.0;lift:compile:0.0
0022fe08	func_0022fe08	1108	vu0	ghidra	near	0.00	m2c:near:0.0
00230260	func_00230260	96	float	m2c	near	45.08	lift:near:35.64;ghidra:near:31.92
002302c0	func_002302c0	1000	vu0	lift	near	35.14	ghidra:near:22.01;m2c:compile:0.0
002306a8	func_002306a8	396	float	lift	near	66.57	ghidra:near:38.67;m2c:near:28.39
00230838	func_00230838	60	loop	lift	exact	100.00	ghidra:exact:100.0;m2c:near:70.88;e3:near:15.77
00230878	func_00230878	76	loop	lift	near	82.37	m2c:near:64.45;ghidra:near:27.37;e3:near:9.86
002308c8	func_002308c8	252	loop	ghidra	near	77.62	lift:near:75.15;e3:near:31.26;m2c:compile:0.0
002309c8	_ZN2sa5EVENT11objMoveTaskEP4TASK	288	float	lift	near	91.77	ghidra:near:54.65;m2c:near:43.52
00230b50	func_00230b50	536	float	lift	near	85.87	m2c:near:61.97;ghidra:near:46.62
00230d78	func_00230d78	100	loop	ghidra	near	72.60	lift:near:57.2;m2c:near:53.72;e3:near:0.0
00230de0	func_00230de0	300	float	lift	near	35.22	ghidra:near:17.07;m2c:near:0.0
00230f10	func_00230f10	688	float	m2c	near	60.40	ghidra:near:17.32;lift:near:4.38
002311c0	func_002311c0	460	float	typed	exact	100.00	lift:exact:100.0;m2c:near:75.88;ghidra:near:37.92
00231390	func_00231390	304	float	lift	near	87.40	m2c:near:66.37;ghidra:near:32.59
002314c0	func_002314c0	60	float	lift	near	65.00	ghidra:near:37.63;m2c:near:28.24
00231500	_ZN2sa5EVENT11camera_ctrlEv	1060	vu0	ghidra	near	22.77	lift:compile:0.0;m2c:compile:0.0
002319c0	_ZN2sa5EVENT22set_objcamera_event_inEi	1708	vu0	m2c	near	20.42	ghidra:near:7.38
00232070	_ZN2sa5EVENT21set_bin_seq_objcameraERNS_17BIN_SEQ_OBJCAMERAEP4TASK	144	branchy	typed	exact	100.00	lift:exact:100.0;m2c:near:72.97;e3:near:12.27;ghidra:near:12.17
00232110	func_00232110	60	branchy	lift	near	69.33	m2c:near:53.11;ghidra:near:7.67;e3:near:5.56
00232150	func_00232150	360	vu0	lift	near	58.04	ghidra:near:46.18;m2c:near:10.98
002322b8	func_002322b8	112	branchy	typed	exact	100.00	lift:exact:100.0;e3:near:95.71;m2c:near:89.03;ghidra:near:81.0
00232348	func_00232348	80	branchy	lift	near	73.25	ghidra:near:70.75;m2c:near:28.62
00232398	func_00232398	256	loop	m2c	near	86.44	lift:near:78.12;ghidra:near:71.2;e3:near:0.0
00232498	func_00232498	116	straight	lift	exact	100.00	m2c:near:87.4;ghidra:near:55.81
00232510	func_00232510	128	straight	lift	near	99.38	m2c:near:86.76;ghidra:near:79.89
00232590	_ZN2sa5EVENT14set_audio_dataERNS_9BIN_AUDIOE	92	branchy	lift	exact	100.00	m2c:near:95.71;ghidra:near:84.8
002325f0	func_002325f0	220	branchy	ghidra	near	86.41	m2c:near:84.03;lift:near:73.49
00232738	_ZN2sa5EVENT10audio_ctrlEv	392	loop	lift	near	80.51	ghidra:near:0.0;m2c:near:0.0
002328c0	func_002328c0	200	loop	m2c	near	87.89	ghidra:near:82.85;lift:near:82.08;e3:near:69.73
00232988	func_00232988	192	loop	lift	near	98.54	m2c:near:90.25;ghidra:near:89.8
00232a48	_ZN2sa5EVENT12read_se_dataERNS_11BIN_SE_DATAEP4TASK	576	loop	m2c	near	76.02	lift:near:71.93;ghidra:near:59.64
00232c88	_ZN2sa5EVENT10set_se_seqERNS_10BIN_SE_SEQEP4TASK	212	branchy	permute	exact	100.00	lift:near:99.06;m2c:near:82.2;ghidra:near:78.9
00232db0	_ZN2sa5EVENT17clearMotionCtrlWkEi	100	loop	lift	near	77.04	m2c:near:76.0;ghidra:near:42.5;e3:near:20.96
00232e60	func_00232e60	60	loop	lift	exact	100.00	m2c:near:76.56;ghidra:near:53.83;e3:near:20.68
00232ea0	func_00232ea0	104	float	m2c	near	44.48	ghidra:near:31.8;lift:near:17.04
00232f08	func_00232f08	420	float	lift	near	62.69	m2c:near:29.1;ghidra:near:0.0
002330c8	func_002330c8	216	loop	permute	exact	100.00	lift:near:97.78;m2c:near:80.25;ghidra:near:62.58
002331a0	func_002331a0	220	straight	lift	near	92.69	ghidra:near:71.25;m2c:near:68.41
002332a8	func_002332a8	356	vu0	lift	near	89.94	m2c:near:70.44;ghidra:near:55.39
00233410	func_00233410	124	vu0	lift	exact	100.00	m2c:near:65.67;ghidra:near:60.84
00233490	func_00233490	236	float	typed	exact	100.00	lift:exact:100.0;m2c:near:69.16;ghidra:near:67.19
00233708	func_00233708	204	branchy	lift	near	72.25	ghidra:near:7.41;m2c:compile:0.0
002338a8	func_002338a8	116	float	lift	near	67.41	ghidra:near:33.85;m2c:near:0.0
00233ac0	func_00233ac0	92	float	lift	near	62.61	m2c:near:53.89;ghidra:near:53.8
00233c98	_Z16u_call0_00233c98v	68	loop	lift	exact	100.00	m2c:near:99.94;ghidra:near:86.32
00233ce0	func_00233ce0	376	loop	ghidra	near	61.38	m2c:near:54.85;lift:near:52.85
00233e70	func_00233e70	164	loop	m2c	near	50.00	lift:near:44.93;ghidra:near:0.0
00234098	_Z16wtarget_00234098jjjj	84	straight	lift	exact	100.00	m2c:near:60.96;ghidra:near:31.84
002340f0	func_002340f0	148	branchy	m2c	near	36.90	ghidra:near:31.8;lift:near:28.49
00234188	func_00234188	96	straight	lift	exact	100.00	m2c:near:61.2;ghidra:near:29.02
002341e8	_Z16wtarget_002341e8jjjj	84	straight	lift	exact	100.00	m2c:near:60.96;ghidra:near:31.77
00234298	_Z16wtarget_00234298jjjj	88	straight	lift	exact	100.00	m2c:near:70.88;ghidra:near:31.09
002342f0	_Z16wtarget_002342f0jjjj	88	straight	lift	exact	100.00	m2c:near:70.88;ghidra:near:31.09
00234348	func_00234348	96	straight	lift	exact	100.00	m2c:near:61.2;ghidra:near:29.02
002343a8	_Z16wtarget_002343a8jjjj	88	straight	lift	exact	100.00	m2c:near:70.88;ghidra:near:31.09
00234400	func_00234400	96	straight	lift	exact	100.00	m2c:near:61.2;ghidra:near:29.02
00234460	func_00234460	96	straight	lift	exact	100.00	m2c:near:61.2;ghidra:near:29.02
002344c0	func_002344c0	92	straight	lift	exact	100.00	m2c:near:59.86;ghidra:near:35.13
00234590	func_00234590	48	straight	lift	exact	100.00	ghidra:exact:100.0;m2c:near:30.83
002345c0	func_002345c0	48	straight	lift	exact	100.00	ghidra:exact:100.0;m2c:near:30.83
00234670	func_00234670	48	straight	lift	exact	100.00	ghidra:exact:100.0;m2c:near:30.83
002346c0	func_002346c0	48	straight	lift	exact	100.00	ghidra:exact:100.0;m2c:near:30.83
002346f0	func_002346f0	48	straight	lift	exact	100.00	ghidra:exact:100.0;m2c:near:30.83
00234720	func_00234720	40	straight	lift	exact	100.00	ghidra:exact:100.0;corpus:near:96.5;m2c:near:57.0
002349e8	func_002349e8	68	branchy	lift	near	75.41	m2c:near:50.5;ghidra:near:0.0
00234f60	func_00234f60	660	loop	ghidra	near	38.42	lift:near:28.72;m2c:near:8.74;e3:near:0.0
00236148	func_00236148	56	straight	lift	exact	100.00	ghidra:near:99.29;e3:near:64.33;m2c:compile:0.0
00236200	_Z16u_call0_00236200v	176	straight	lift	near	39.38	ghidra:near:22.94;m2c:near:7.27
002362b0	func_002362b0	348	straight	e3	compile	0.00	lift:near:23.64;ghidra:near:0.0;m2c:near:0.0
00236560	_Z16u_tail0_00236560v	552	branchy	lift	near	38.79	m2c:near:32.78;ghidra:near:24.01
002367a0	func_002367a0	40	straight	lift	exact	100.00	m2c:exact:100.0;ghidra:near:93.9;e3:near:0.0
002367c8	func_002367c8	100	branchy	lift	near	89.00	m2c:near:77.69;ghidra:near:41.92
002368b0	func_002368b0	56	straight	lift	exact	100.00	ghidra:exact:100.0;m2c:exact:100.0
002368e8	_ZN2YI5IMAGE8ClutGrayEf	144	float	m2c	near	99.97	lift:near:96.81;ghidra:near:88.31;e3:near:85.75
00236a18	func_00236a18	52	straight	lift	exact	100.00	m2c:exact:100.0;ghidra:near:55.33
00236a58	_ZN2Tz9MenuBasic9SetGraResEz	348	loop	ghidra	near	83.68	lift:near:82.05;m2c:compile:0.0
00236bb8	func_00236bb8	124	float	m2c	exact	100.00	lift:near:92.52;ghidra:near:81.74
00236d10	_Z13func_00236d10Pv	76	loop	lift	exact	100.00	ghidra:near:96.84;m2c:near:88.9
00236d60	_ZN2YI11IMAGE_CACHE5ClearEv	52	loop	lift	near	92.86	m2c:near:90.62;ghidra:near:55.0
00236d98	func_00236d98	720	loop	m2c	near	63.62	ghidra:near:24.01
00237068	func_00237068	232	straight	lift	near	54.43	m2c:near:54.24;ghidra:near:40.4
00237280	func_00237280	276	float	lift	near	80.83	ghidra:near:58.26;m2c:near:57.88
00237458	func_00237458	64	straight	ghidra	exact	100.00	e3:near:85.94;lift:near:62.5;m2c:compile:0.0
002374c8	func_002374c8	64	straight	ghidra	exact	100.00	e3:near:85.94;lift:near:62.5;m2c:compile:0.0
00237508	func_00237508	52	straight	typed	exact	100.00	lift:exact:100.0;ghidra:exact:100.0;e3:near:82.69;m2c:compile:0.0
00237540	func_00237540	52	straight	typed	exact	100.00	lift:exact:100.0;ghidra:exact:100.0;e3:near:98.46;m2c:compile:0.0
00237578	func_00237578	52	straight	typed	exact	100.00	lift:exact:100.0;ghidra:exact:100.0;e3:near:82.69;m2c:compile:0.0
002375b0	func_002375b0	52	straight	typed	exact	100.00	lift:exact:100.0;ghidra:exact:100.0;e3:near:98.46;m2c:compile:0.0
00237640	func_00237640	64	straight	typed	exact	100.00	lift:exact:100.0;ghidra:exact:100.0;e3:near:85.94;m2c:compile:0.0
00237680	func_00237680	88	branchy	m2c	near	40.00	lift:near:13.77;ghidra:near:13.77
002376d8	func_002376d8	68	branchy	m2c	near	92.94	lift:near:58.71;ghidra:near:58.71
00237740	func_00237740	196	float	m2c	near	53.20	ghidra:near:29.64;lift:compile:0.0
00237808	func_00237808	188	float	lift	near	60.36	m2c:near:46.62;ghidra:near:31.85
002378c8	func_002378c8	192	float	lift	near	61.09	m2c:near:52.54;ghidra:near:47.73
00237988	func_00237988	192	float	lift	near	61.09	m2c:near:52.54;ghidra:near:47.73
00237ae8	func_00237ae8	592	float	lift	near	75.28	ghidra:near:68.73;m2c:near:0.0
002384f8	func_002384f8	120	float	lift	near	61.27	m2c:near:55.81;e3:near:45.49;ghidra:near:0.0
00238570	func_00238570	1824	float	lift	near	46.64	m2c:near:24.49;ghidra:near:0.0
00238c90	func_00238c90	1436	float	ghidra	near	50.32	lift:near:48.27;m2c:compile:0.0
00239250	func_00239250	772	float	lift	near	63.99	ghidra:near:55.6;m2c:near:26.16
00239558	_ZN2YI6SPRITE11SetDirextUVEPtS1_	72	loop	lift	near	86.39	ghidra:near:86.39;e3:near:46.46;m2c:compile:0.0
002395b8	func_002395b8	324	straight	lift	near	0.00	ghidra:near:0.0;m2c:near:0.0
00239700	func_00239700	324	straight	lift	near	0.00	ghidra:near:0.0;m2c:near:0.0
00239898	_ZN2YI8SEQUENCED0Ev	52	straight	lift	exact	100.00	e3:exact:100.0;m2c:exact:100.0;ghidra:near:55.33
002398d0	_Z16u_call0_002398d0v	184	straight	lift	near	9.22	ghidra:near:0.0;m2c:near:0.0
00239988	func_00239988	364	float	lift	near	63.81	m2c:near:36.53;ghidra:near:33.87
00239b50	func_00239b50	100	loop	lift	near	86.80	m2c:near:86.12;ghidra:near:84.4
00239c68	_Z16ctarget_00239c68jjjj	136	float	lift	near	60.62	ghidra:near:59.53;m2c:near:44.18;e3:near:19.22
00239e60	func_00239e60	88	float	lift	near	81.09	ghidra:near:32.02;m2c:near:29.44
00239eb8	func_00239eb8	92	float	m2c	near	57.65	lift:near:42.52;ghidra:near:21.32
00239f18	_ZN2YI8SEQUENCE9SetScaleXEf	92	float	lift	near	79.38	m2c:near:49.58;ghidra:near:22.37
00239f78	func_00239f78	88	float	lift	near	66.61	m2c:near:47.56;ghidra:near:21.89
00239fd0	_Z16wtarget_00239fd0jjjj	264	float	ghidra	near	0.00	m2c:near:0.0;lift:compile:0.0
0023a0d8	func_0023a0d8	1996	float	ghidra	near	18.58	m2c:compile:0.0
0023aab8	func_0023aab8	544	float	ghidra	near	62.86	lift:near:36.29;m2c:near:0.0
0023acd8	func_0023acd8	264	float	lift	near	84.63	ghidra:near:48.11;m2c:near:45.38
0023ade0	_ZN2YI8SEQUENCE4DrawEv	2484	float	lift	near	41.67	ghidra:near:23.76;m2c:compile:0.0
0023bc58	func_0023bc58	836	straight	lift	near	81.37	ghidra:near:77.5;m2c:near:76.21;e3:near:75.34
0023c008	_ZN2YI6LAYOUTC1Ev	104	straight	typed	exact	100.00	lift:exact:100.0;m2c:near:96.88;ghidra:near:94.62
0023c0c0	func_0023c0c0	52	straight	lift	exact	100.00	e3:exact:100.0;m2c:exact:100.0;ghidra:near:55.33
0023c100	_ZN2Tz9MenuBasic9SetMesResEz	512	float	ghidra	near	78.94	lift:near:76.28;m2c:compile:0.0
0023c3e0	_ZN2YI6LAYOUT14SearchSequenceEii	212	loop	ghidra	near	85.28	e3:near:81.17;lift:near:59.65;m2c:compile:0.0
0023c5f0	func_0023c5f0	196	loop	permute	exact	100.00	ghidra:near:99.39;m2c:near:99.39;lift:near:53.43
0023c6f8	func_0023c6f8	48	straight	typed	exact	100.00	lift:exact:100.0;m2c:exact:100.0;e3:near:72.83;ghidra:near:66.79
0023c728	func_0023c728	472	float	ghidra	near	68.99	lift:near:62.62;e3:near:32.8;m2c:compile:0.0
0023ca80	_Z16wtarget_0023ca80jjjj	408	float	lift	near	49.14	ghidra:near:19.53;m2c:compile:0.0
0023cc18	_ZN2YI6LAYOUT4DrawEv	316	float	lift	near	80.37	e3:near:76.89;ghidra:near:67.98;m2c:compile:0.0
0023cdb8	func_0023cdb8	32	straight	lift	exact	100.00	ghidra:exact:100.0;corpus:near:66.88;m2c:near:63.64
0023cde8	_ZN2YI9VIBRATION6CreateEPc	372	loop	ghidra	near	69.71	m2c:near:67.97;lift:near:65.23
0023cfb8	func_0023cfb8	500	float	m2c	near	35.63	ghidra:near:21.05
0023d260	func_0023d260	80	straight	lift	exact	100.00	ghidra:near:94.0;m2c:near:64.33
0023d2e0	func_0023d2e0	32	straight	ghidra	exact	100.00	m2c:near:56.62;lift:near:50.0
0023d300	func_0023d300	32	straight	ghidra	exact	100.00	m2c:near:56.62;lift:near:50.0
0023d320	func_0023d320	72	branchy	ghidra	near	70.50	lift:near:70.28;m2c:near:68.09;e3:near:61.44
0023d3d0	func_0023d3d0	60	straight	lift	exact	100.00	ghidra:exact:100.0;m2c:exact:100.0;e3:near:78.42
0023d5b8	func_0023d5b8	524	loop	ghidra	near	91.44	lift:near:89.82;m2c:near:80.17
0023d820	func_0023d820	480	loop	lift	near	84.44	m2c:near:82.82;ghidra:near:75.05;e3:near:64.98
0023da00	_ZN2Tz7MenuObj9CreateObjEiiiiii	804	vu0	lift	near	87.45	ghidra:near:56.86;m2c:near:34.24
0023dd28	func_0023dd28	216	float	lift	near	96.87	ghidra:near:11.67;m2c:near:0.0
0023de00	_ZN2Tz7MenuObj6updateEv	900	vu0	m2c	near	52.18	ghidra:near:48.17;lift:near:17.17
0023e700	func_0023e700	56	float	m2c	near	71.36	ghidra:near:37.39;lift:near:11.11
0023e738	func_0023e738	40	straight	lift	near	58.30	e3:near:58.3;m2c:near:58.3;ghidra:near:24.3
0023e788	func_0023e788	40	straight	lift	near	50.40	m2c:near:48.9;ghidra:near:42.94
0023e918	func_0023e918	64	float	lift	near	98.69	ghidra:near:48.44;m2c:near:46.12
0023e9f0	func_0023e9f0	208	loop	m2c	near	88.80	lift:near:84.26;ghidra:near:65.79;e3:near:48.38
0023ec48	func_0023ec48	180	vu0	lift	exact	100.00	ghidra:near:0.0;m2c:near:0.0
0023edb0	func_0023edb0	52	branchy	lift	exact	100.00	m2c:near:22.06;ghidra:near:18.21;e3:near:4.96
0023eea0	_ZN2Tz6Layout6createEiPvS1_ii	172	straight	lift	near	99.14	ghidra:near:88.77;m2c:near:74.73
0023ef50	_ZN2Tz6Layout13SetImageCacheEv	100	loop	m2c	near	90.64	lift:near:90.52;ghidra:near:80.0
0023efb8	func_0023efb8	156	branchy	typed	exact	100.00	lift:exact:100.0;m2c:near:57.85;ghidra:near:24.39;e3:near:9.14
0023f070	_ZN2Tz6Layout6setNumEii	76	straight	lift	near	98.16	m2c:near:98.05;ghidra:near:75.57;e3:near:57.53
0023f0c8	func_0023f0c8	52	straight	lift	near	98.46	ghidra:near:98.46;m2c:near:98.46;e3:near:71.94
0023f1e0	_ZN2Tz6LayMsg6createEiPNS_6LayoutEPKsS4_iii	348	loop	lift	near	94.75	ghidra:near:84.29;m2c:near:77.47;e3:near:55.45
0023f5b8	_Z13func_0023f5b8i	92	branchy	lift	near	81.65	ghidra:near:81.65;m2c:near:81.65
0023f628	func_0023f628	52	straight	lift	near	98.46	ghidra:near:98.46;m2c:near:98.46
0023f688	func_0023f688	52	straight	lift	near	98.46	ghidra:near:98.46;m2c:near:98.46;e3:near:71.94
0023f6c0	func_0023f6c0	52	straight	lift	near	98.46	ghidra:near:98.46;m2c:near:98.46;e3:near:71.94
0023f740	func_0023f740	52	straight	lift	near	98.46	ghidra:near:98.46;m2c:near:98.46
0023f870	func_0023f870	52	straight	lift	exact	100.00	m2c:exact:100.0;ghidra:near:55.33
0023f8c8	_Z16u_call4_0023f8c8jjjj	52	branchy	lift	exact	100.00	ghidra:near:95.38;m2c:near:95.38
0023fa90	_ZN2Tz7LayFile5allocEPKc	64	straight	typed	exact	100.00	lift:exact:100.0;m2c:near:96.25;ghidra:near:85.56
0023fb00	func_0023fb00	40	straight	permute	exact	100.00	ghidra:exact:100.0;lift:near:99.0;m2c:near:78.08
0023fb28	func_0023fb28	44	straight	lift	exact	100.00	ghidra:exact:100.0;m2c:near:84.31;corpus:near:62.64
0023fb90	func_0023fb90	52	branchy	lift	exact	100.00	twins:exact:100.0;ghidra:near:99.23;m2c:near:92.0
0023fcd0	func_0023fcd0	96	straight	ghidra	near	71.58	lift:near:66.21;m2c:near:64.85
0023fe28	func_0023fe28	52	branchy	lift	exact	100.00	twins:exact:100.0;ghidra:near:99.23;m2c:near:92.0
0023fe60	func_0023fe60	416	branchy	m2c	near	68.08	lift:near:59.58;ghidra:near:50.33
00240000	_Z16u_call0_00240000v	244	branchy	lift	exact	100.00	ghidra:near:99.02;m2c:near:86.6
00240118	func_00240118	296	branchy	m2c	near	46.78	lift:near:42.97;ghidra:near:0.77
00240240	func_00240240	156	loop	lift	near	78.62	ghidra:near:76.15;m2c:near:65.72
002402e0	func_002402e0	124	branchy	lift	near	38.84	ghidra:near:34.65;m2c:near:20.45
00240360	_ZN2Tz5MCard9MakeFnameEi	204	branchy	lift	near	72.12	e3:near:43.58;ghidra:near:0.0;m2c:near:0.0
00240450	func_00240450	340	loop	m2c	near	77.74	ghidra:near:49.68
002405a8	func_002405a8	804	branchy	lift	near	66.52	m2c:near:56.65;ghidra:near:54.21
002408d0	func_002408d0	232	branchy	m2c	near	88.85	ghidra:near:80.03;lift:near:54.17;e3:near:0.0
002409b8	func_002409b8	76	branchy	ghidra	exact	100.00	lift:near:96.84;m2c:near:94.9
00240a08	func_00240a08	100	branchy	lift	near	92.22	ghidra:near:80.04;m2c:near:77.55
00240a70	func_00240a70	216	loop	m2c	near	49.89	ghidra:near:44.11
00240b48	func_00240b48	68	branchy	ghidra	exact	100.00	lift:near:96.47;m2c:near:94.33;e3:near:66.42
00240c08	func_00240c08	496	branchy	m2c	near	77.70	lift:near:75.12;ghidra:near:0.0
00240e10	_ZN2Tz5MCard10GetDirInfoEi	64	straight	lift	exact	100.00	ghidra:near:96.25;m2c:near:65.28;e3:near:33.43
00240e50	_ZN2Tz5MCard13UpdateDirInfoEv	388	loop	m2c	near	72.62	ghidra:near:58.29;e3:near:49.38
00240fd8	func_00240fd8	44	branchy	lift	exact	100.00	ghidra:near:84.23;m2c:near:63.0
00241008	_ZN2Tz5MCard15UpdateLocalInfoEv	344	loop	lift	near	96.81	m2c:near:84.76;ghidra:near:73.76;e3:near:56.73
00241160	func_00241160	444	loop	lift	near	76.47	m2c:near:59.08;ghidra:near:52.28
00241320	func_00241320	56	straight	lift	exact	100.00	ghidra:exact:100.0;m2c:near:79.87
00241358	func_00241358	148	loop	ghidra	near	73.80	e3:near:46.8;lift:near:44.76;m2c:near:31.4
002413f0	func_002413f0	96	loop	lift	near	96.00	ghidra:near:64.85;e3:near:37.84;m2c:near:25.97
00241528	func_00241528	60	straight	lift	exact	100.00	ghidra:near:96.0;m2c:near:75.0;e3:near:57.5
00241568	func_00241568	52	straight	lift	exact	100.00	ghidra:near:95.38;m2c:near:31.0
002415a0	func_002415a0	100	branchy	ghidra	near	68.79	m2c:near:59.74;lift:near:0.0
00241608	func_00241608	100	branchy	ghidra	near	68.79	m2c:near:59.74;lift:near:0.0
00241670	func_00241670	84	straight	lift	exact	100.00	m2c:near:95.36;ghidra:near:90.87;e3:near:60.2
00241740	func_00241740	44	branchy	e3	exact	100.00	ghidra:near:84.62;m2c:near:78.43;lift:near:9.09
00241770	func_00241770	44	branchy	lift	exact	100.00	ghidra:near:80.77;m2c:near:54.88
002417a0	func_002417a0	172	loop	e3	near	70.60	ghidra:near:65.58;m2c:near:43.79;lift:near:39.31
00241850	func_00241850	104	branchy	ghidra	near	53.04	m2c:near:17.46;e3:near:6.02
002418b8	func_002418b8	276	loop	ghidra	near	84.01	m2c:near:15.93
00241a00	func_00241a00	68	loop	ghidra	near	65.59	lift:near:65.24;m2c:near:65.12;e3:near:56.0
00241a88	func_00241a88	404	loop	lift	near	95.51	ghidra:near:73.67;m2c:near:71.5
00241c40	_ZN2Tz5MCard11ChkFileSizeEi	468	loop	m2c	near	62.92	ghidra:near:61.44
00241fd0	func_00241fd0	52	straight	typed	exact	100.00	lift:exact:100.0;m2c:near:84.62;ghidra:near:75.18;e3:near:35.06
00242088	func_00242088	68	loop	lift	exact	100.00	ghidra:exact:100.0;m2c:near:99.94
002421c0	func_002421c0	40	straight	lift	exact	100.00	ghidra:exact:100.0;m2c:exact:100.0
002421e8	func_002421e8	80	branchy	e3	exact	100.00	ghidra:near:50.25;m2c:near:35.65;lift:near:23.25
00242368	func_00242368	52	branchy	lift	exact	100.00	twins:exact:100.0;ghidra:near:99.23;m2c:near:92.0
00242418	func_00242418	92	loop	lift	exact	100.00	ghidra:exact:100.0;m2c:compile:0.0
002424c0	func_002424c0	60	straight	lift	exact	100.00	ghidra:exact:100.0;m2c:exact:100.0
00242740	_ZN2Tz9MenuSound8SetPauseEi	76	branchy	ghidra	near	86.32	m2c:near:83.05;lift:near:57.0
00242880	func_00242880	132	straight	m2c	near	20.58	lift:near:0.0;ghidra:near:0.0
00242908	func_00242908	120	branchy	m2c	near	97.33	ghidra:near:75.78;e3:near:37.83;lift:near:31.67
00242980	func_00242980	64	straight	m2c	near	92.50	ghidra:near:74.62;lift:near:73.69
002429c0	func_002429c0	60	straight	lift	near	86.27	m2c:near:80.69;ghidra:near:76.73
00242a28	func_00242a28	64	straight	lift	near	76.94	ghidra:near:58.69;m2c:near:46.76
00242a90	func_00242a90	88	branchy	m2c	near	97.18	ghidra:near:90.82;lift:near:37.78
00242b10	func_00242b10	68	straight	lift	near	73.89	m2c:near:72.65;ghidra:near:62.24
00242b88	func_00242b88	68	straight	lift	near	73.89	m2c:near:72.65;ghidra:near:62.24
00242c00	func_00242c00	108	branchy	lift	near	82.78	m2c:near:82.78;ghidra:near:48.9
00242ca0	func_00242ca0	68	straight	lift	near	73.89	m2c:near:72.65;ghidra:near:62.24
00242d10	func_00242d10	68	straight	lift	near	73.89	m2c:near:72.65;ghidra:near:62.24
00242d80	func_00242d80	68	straight	lift	near	73.89	m2c:near:72.65;ghidra:near:62.24
00242df0	func_00242df0	88	branchy	m2c	near	97.18	ghidra:near:90.82;lift:near:37.78
00242f00	func_00242f00	160	branchy	lift	exact	100.00	m2c:near:64.22;ghidra:near:32.75
00243020	func_00243020	140	branchy	lift	exact	100.00	m2c:near:94.54;ghidra:near:46.45
002430b0	_ZN2Tz7SubMenu5StartEi	36	straight	lift	exact	100.00	ghidra:near:98.89;m2c:near:68.8
00243150	func_00243150	64	loop	ghidra	near	65.79	lift:near:56.18;m2c:near:54.88
00243190	func_00243190	48	loop	lift	near	91.54	ghidra:near:71.93;m2c:near:70.31;e3:near:44.83
002431d0	_ZN2Tz7SubMenu8isSetNewEii	92	straight	lift	exact	100.00	ghidra:near:97.61;m2c:near:41.22;e3:near:28.0
00243230	func_00243230	104	branchy	m2c	near	61.73	ghidra:near:57.08;lift:near:35.03;e3:near:30.28
00243298	_ZN2Tz4HEFT4InitEv	612	loop	ghidra	near	64.01	e3:near:47.41;m2c:compile:0.0
00243740	_ZN2Tz4HEFT5SetupEv	1432	float	lift	near	82.04	ghidra:near:61.48;m2c:near:58.38
00243cd8	_ZN2Tz4HEFT8SetupSelEv	340	loop	twins	exact	100.00	lift:near:91.58;ghidra:near:72.89;m2c:near:55.22
00243e30	_ZN2Tz4HEFT7LoopAllEv	280	branchy	lift	exact	100.00	ghidra:near:91.87;m2c:near:73.38
00243f48	func_00243f48	272	branchy	lift	exact	100.00	ghidra:near:86.17;m2c:near:58.39
00244068	func_00244068	224	branchy	lift	near	97.81	e3:near:93.02;m2c:near:82.7;ghidra:near:7.41
00244148	func_00244148	364	switch	permute	exact	100.00	lift:near:97.69;ghidra:near:67.58;m2c:compile:0.0
002442b8	func_002442b8	512	switch	lift	near	95.96	m2c:near:86.99;ghidra:near:60.43
002444b8	_ZN2Tz4HEFT4DrawEv	592	branchy	lift	near	93.26	m2c:near:64.9;ghidra:near:51.11
00244708	_ZN2Tz4HEFT12DrawSelectorEPNS_6SelectEii	384	branchy	lift	exact	100.00	ghidra:near:83.29;m2c:near:73.78
00244888	func_00244888	172	branchy	lift	exact	100.00	ghidra:near:95.44;m2c:near:95.33
00244938	func_00244938	80	branchy	m2c	near	86.50	ghidra:near:64.7;lift:near:55.9
00244a10	func_00244a10	80	branchy	ghidra	near	52.45	m2c:near:52.45;lift:near:19.95
00244a60	func_00244a60	212	branchy	lift	near	88.17	ghidra:near:83.89;m2c:near:67.94;e3:near:0.0
00244b38	func_00244b38	244	branchy	m2c	near	75.03	e3:near:64.56;lift:near:61.1;ghidra:near:50.49
00244c30	_ZN2Tz4HEFT13CreateNewMarkEv	392	loop	ghidra	near	90.42	lift:near:89.85;m2c:near:76.66;e3:near:67.7
00244db8	func_00244db8	108	loop	lift	exact	100.00	twins:exact:100.0;ghidra:near:95.36;m2c:near:78.39
00244e28	_ZN2Tz4HEFT13UpdateNewMarkEv	192	branchy	lift	exact	100.00	m2c:near:81.22;ghidra:near:80.0;e3:near:76.85
00244f10	func_00244f10	440	loop	ghidra	near	70.14	m2c:compile:0.0
002450c8	func_002450c8	820	loop	lift	near	74.87	m2c:near:74.14;ghidra:near:56.42
00245488	_ZN2Tz4HECO5SetupEv	1244	loop	m2c	near	68.00	lift:near:67.93;ghidra:near:64.32
00245968	func_00245968	296	float	lift	near	92.80	ghidra:near:60.36;e3:near:55.48;m2c:near:49.61
00245a90	_ZN2Tz4HECO8SetupSelEv	340	loop	twins	exact	100.00	lift:near:91.58;ghidra:near:73.94;m2c:near:55.22
00245be8	_ZN2Tz4HECO7LoopAllEv	256	branchy	lift	exact	100.00	ghidra:near:91.29;m2c:near:82.75
00245ce8	func_00245ce8	216	branchy	lift	exact	100.00	ghidra:near:86.56;m2c:near:58.95
00245dd0	_ZN2Tz4HECO7ControlEv	232	branchy	lift	near	95.09	m2c:near:83.23;e3:near:60.76;ghidra:near:10.38
00245eb8	func_00245eb8	440	switch	m2c	near	90.13	lift:near:70.86;ghidra:near:62.36
00246070	func_00246070	692	switch	ghidra	near	43.75	m2c:near:25.4
00246328	_ZN2Tz4HECO4DrawEv	360	branchy	lift	near	91.17	m2c:near:76.49;ghidra:near:73.54
00246490	func_00246490	628	loop	m2c	near	39.89	ghidra:near:27.07
00246708	func_00246708	172	branchy	lift	exact	100.00	ghidra:near:95.44;m2c:near:95.33;e3:near:16.79
00246968	_ZN2Tz4HECO10Cur2SelPosEi	56	straight	m2c	near	67.14	ghidra:near:62.86;lift:near:62.67
00246ab8	_ZN2Tz4HECO13CleateSelInfoEv	1220	loop	lift	near	80.62	ghidra:near:72.74;m2c:near:52.34
00246f80	func_00246f80	532	loop	lift	near	97.47	m2c:near:86.49;ghidra:near:84.98
00247198	func_00247198	836	float	lift	near	68.36	ghidra:near:56.13;m2c:near:0.0
00247580	func_00247580	752	float	lift	near	69.57	m2c:near:63.21;ghidra:near:38.54
00247870	_ZN2Tz4HECO9MoveMakerEb	432	branchy	lift	near	70.36	m2c:near:64.52;ghidra:near:61.17;e3:near:58.16
00247a20	_ZN2Tz4HECO13CreateNewMarkEv	400	loop	lift	near	97.30	ghidra:near:94.06;m2c:near:75.85
00247bb0	func_00247bb0	108	loop	lift	exact	100.00	twins:exact:100.0;ghidra:near:95.36;m2c:near:78.39;e3:near:2.75
00247c20	func_00247c20	208	branchy	lift	near	96.30	m2c:near:82.89;ghidra:near:80.64
00247cf0	func_00247cf0	400	loop	ghidra	near	65.50	e3:near:61.96;m2c:compile:0.0
00247e80	func_00247e80	364	loop	lift	near	96.47	m2c:near:80.91;ghidra:near:67.98
00248060	_ZN2Tz4MUMI5SetupEv	1380	float	ghidra	near	55.94	m2c:compile:0.0
002485c8	_ZN2Tz4MUMI8SetupSelEv	340	loop	twins	exact	100.00	lift:near:91.58;ghidra:near:72.89;m2c:near:55.22
00248720	_ZN2Tz4MUMI7LoopAllEv	260	branchy	lift	exact	100.00	ghidra:near:91.3;m2c:near:79.61
00248828	func_00248828	200	branchy	lift	exact	100.00	ghidra:near:85.53;m2c:near:56.12
00248900	func_00248900	216	branchy	lift	near	97.73	e3:near:92.86;m2c:near:80.74;ghidra:near:9.9
002489d8	func_002489d8	348	switch	lift	near	72.23	ghidra:near:48.57;m2c:compile:0.0
00248b38	func_00248b38	496	switch	lift	near	97.69	m2c:near:88.18;ghidra:near:58.63
00248d28	_ZN2Tz4MUMI4DrawEv	552	branchy	lift	near	92.77	m2c:near:63.42;ghidra:near:53.34
00248f50	_ZN2Tz4MUMI12DrawSelectorEPNS_6SelectEii	328	branchy	lift	near	88.20	m2c:near:82.51;ghidra:near:48.22
00249098	func_00249098	172	branchy	lift	exact	100.00	ghidra:near:95.44;m2c:near:95.33;e3:near:16.79
002491d0	func_002491d0	392	loop	lift	near	97.55	ghidra:near:96.15;m2c:near:78.81
00249358	func_00249358	108	loop	lift	exact	100.00	twins:exact:100.0;ghidra:near:95.36;m2c:near:78.39;e3:near:2.75
002493c8	func_002493c8	180	branchy	lift	exact	100.00	m2c:near:80.34;ghidra:near:73.19
00249480	func_00249480	132	loop	m2c	near	83.74	lift:near:61.18;ghidra:near:48.67;e3:near:37.56
002499b8	_ZN2Tz4TRTE5SetupEv	1332	loop	m2c	near	59.92	ghidra:near:51.96
00249ef0	_ZN2Tz4TRTE8SetupSelEv	340	loop	twins	exact	100.00	lift:near:91.58;ghidra:near:72.89;m2c:near:55.22
0024a048	_ZN2Tz4TRTE7LoopAllEv	260	branchy	lift	exact	100.00	e3:near:99.54;ghidra:near:91.41;m2c:near:74.99
0024a270	func_0024a270	216	branchy	lift	near	97.73	e3:near:92.86;m2c:near:80.74;ghidra:near:9.9
0024a348	func_0024a348	392	switch	lift	exact	100.00	ghidra:near:65.1;m2c:compile:0.0
0024a4d0	func_0024a4d0	576	switch	m2c	near	83.93	lift:near:64.67;ghidra:near:1.21
0024a710	_ZN2Tz4TRTE4DrawEv	568	branchy	lift	near	92.97	m2c:near:63.53;ghidra:near:49.73
0024a948	func_0024a948	440	branchy	m2c	near	79.93	lift:near:72.45;ghidra:near:67.43
0024ab00	func_0024ab00	172	branchy	lift	exact	100.00	ghidra:near:95.44;m2c:near:95.33
0024ac88	func_0024ac88	196	loop	m2c	near	75.20	lift:near:29.3;ghidra:near:14.54
0024ad50	func_0024ad50	80	branchy	ghidra	near	52.45	m2c:near:52.45;lift:near:19.95
0024ada0	_ZN2Tz4TRTE11CreateScoreEv	336	branchy	m2c	near	73.54	e3:near:70.88;lift:near:61.57;ghidra:near:60.17
0024aef0	_ZN2Tz4TRTE13CreateNewMarkEv	392	loop	lift	near	97.55	ghidra:near:96.15;m2c:near:78.81
0024b078	func_0024b078	108	loop	lift	exact	100.00	twins:exact:100.0;ghidra:near:95.36;m2c:near:78.39
0024b0e8	func_0024b0e8	180	branchy	lift	exact	100.00	m2c:near:80.34;ghidra:near:73.19
0024b1a0	func_0024b1a0	84	branchy	m2c	near	99.95	lift:near:59.05;ghidra:near:38.75
0024b210	_ZN2Tz4HBTE4InitEv	400	loop	ghidra	near	65.49	e3:near:61.97;m2c:compile:0.0
0024b3a0	func_0024b3a0	364	loop	lift	near	96.47	m2c:near:80.91;ghidra:near:67.98
0024b588	_ZN2Tz4HBTE5SetupEv	1232	loop	ghidra	near	53.91	m2c:compile:0.0
0024bbb0	_ZN2Tz4HBTE7LoopAllEv	260	branchy	lift	exact	100.00	ghidra:near:91.3;m2c:near:79.61
0024bcb8	func_0024bcb8	200	branchy	lift	exact	100.00	ghidra:near:85.53;m2c:near:56.12
0024bd90	func_0024bd90	216	branchy	lift	near	97.73	e3:near:92.86;m2c:near:80.74;ghidra:near:9.9
0024be68	func_0024be68	332	switch	permute	exact	100.00	lift:near:97.47;ghidra:near:51.95;m2c:compile:0.0
0024bfb8	func_0024bfb8	496	switch	lift	near	97.69	m2c:near:88.18;ghidra:near:58.63
0024c1a8	_ZN2Tz4HBTE4DrawEv	632	branchy	lift	near	94.95	m2c:near:69.11;ghidra:near:51.44
0024c420	_ZN2Tz4HBTE12DrawSelectorEPNS_6SelectEii	328	branchy	lift	near	88.20	m2c:near:82.51;ghidra:near:48.22
0024c568	func_0024c568	172	branchy	lift	exact	100.00	ghidra:near:95.44;m2c:near:95.33;e3:near:16.79
0024c6a0	func_0024c6a0	392	loop	lift	near	97.55	ghidra:near:96.15;m2c:near:78.81
0024c898	func_0024c898	180	branchy	lift	exact	100.00	m2c:near:80.34;ghidra:near:73.19
0024c950	func_0024c950	644	loop	ghidra	near	68.28	m2c:compile:0.0
0024ce18	_ZN2Tz4TTPT5SetupEv	1328	loop	ghidra	near	69.33	m2c:near:61.22
0024d348	_ZN2Tz4TTPT8SetupSelEv	340	loop	twins	exact	100.00	lift:near:91.58;ghidra:near:72.89;m2c:near:55.22
0024d4a0	_ZN2Tz4TTPT7LoopAllEv	260	branchy	lift	exact	100.00	ghidra:near:91.41;m2c:near:74.99
0024d6c8	func_0024d6c8	216	branchy	lift	near	97.73	e3:near:92.86;m2c:near:80.74;ghidra:near:9.9
0024d7a0	func_0024d7a0	364	switch	permute	exact	100.00	lift:near:97.69;ghidra:near:67.57;m2c:compile:0.0
0024d910	func_0024d910	532	switch	lift	near	94.16	m2c:near:86.09;ghidra:near:54.41
0024db28	_ZN2Tz4TTPT4DrawEv	576	branchy	lift	near	93.07	m2c:near:64.0;ghidra:near:50.35
0024dd68	_ZN2Tz4TTPT12DrawSelectorEPNS_6SelectEii	320	branchy	lift	exact	100.00	ghidra:near:68.51;m2c:near:66.7
0024dea8	func_0024dea8	172	branchy	lift	exact	100.00	ghidra:near:95.44;m2c:near:95.33
0024e008	func_0024e008	80	branchy	lift	near	96.90	m2c:near:89.23;ghidra:near:59.0;e3:near:22.93
0024e080	func_0024e080	216	loop	lift	near	62.46	ghidra:near:62.2;m2c:near:61.78
0024e158	func_0024e158	208	branchy	lift	near	95.73	ghidra:near:91.37;m2c:near:72.73;e3:near:0.0
0024e228	_ZN2Tz4TTPT11UpdateScoreEv	380	branchy	lift	near	73.34	ghidra:near:69.34;m2c:near:37.25
0024e3a8	func_0024e3a8	392	loop	lift	near	97.55	ghidra:near:96.15;m2c:near:78.81
0024e530	func_0024e530	124	loop	lift	exact	100.00	ghidra:near:55.45;m2c:near:17.69
0024e5b0	func_0024e5b0	196	branchy	lift	exact	100.00	ghidra:near:90.6;m2c:near:75.62
0024e678	func_0024e678	220	loop	lift	exact	100.00	ghidra:near:76.23;m2c:near:75.84
0024e850	_ZN2Tz4TTMY5SetupEv	368	loop	lift	near	97.72	ghidra:compile:0.0;m2c:compile:0.0
0024e9c0	func_0024e9c0	256	loop	ghidra	near	87.55	m2c:near:85.15;lift:near:61.73
0024eac0	func_0024eac0	144	loop	lift	exact	100.00	ghidra:near:60.89;m2c:near:55.87
0024eb50	func_0024eb50	108	loop	lift	exact	100.00	ghidra:near:54.67;m2c:near:54.63;e3:near:30.06
0024ebc0	func_0024ebc0	144	branchy	lift	near	96.89	m2c:near:74.18;ghidra:near:4.26
0024ec50	func_0024ec50	392	switch	ghidra	near	46.06	lift:near:45.53;m2c:near:44.72
0024edd8	_ZN2Tz4TTMY4DrawEv	488	branchy	lift	exact	100.00	m2c:near:81.58;ghidra:near:0.0
0024eff8	func_0024eff8	116	branchy	permute	exact	100.00	lift:near:91.76;ghidra:near:88.53;m2c:near:87.43;e3:near:0.0
0024f070	func_0024f070	304	branchy	ghidra	near	64.20	lift:near:53.65;m2c:near:49.6
0024f1a0	func_0024f1a0	160	branchy	lift	exact	100.00	m2c:near:88.29;ghidra:near:0.0
0024f240	func_0024f240	116	branchy	ghidra	near	96.57	m2c:near:84.61;lift:near:56.74
0024f398	_ZN2Tz4LMMU4InitEv	400	loop	ghidra	near	65.49	e3:near:61.87;m2c:compile:0.0
0024f528	func_0024f528	364	loop	lift	near	96.47	m2c:near:80.91;ghidra:near:67.98
0024f710	_ZN2Tz4LMMU5SetupEv	1216	loop	ghidra	near	54.80	m2c:compile:0.0
0024fbd0	_ZN2Tz4LMMU8SetupSelEv	340	loop	twins	exact	100.00	lift:near:91.58;ghidra:near:72.89;m2c:near:55.22
0024fd28	_ZN2Tz4LMMU7LoopAllEv	260	branchy	lift	exact	100.00	ghidra:near:91.3;m2c:near:79.61
0024fe30	func_0024fe30	200	branchy	lift	exact	100.00	ghidra:near:85.53;m2c:near:56.12
0024ff08	_ZN2Tz4LMMU7ControlEv	216	branchy	lift	near	97.73	e3:near:92.86;m2c:near:80.74;ghidra:near:9.9
0024ffe0	func_0024ffe0	332	switch	permute	exact	100.00	lift:near:97.47;ghidra:near:51.95;m2c:compile:0.0
00250130	func_00250130	504	switch	lift	near	97.72	m2c:near:88.36;ghidra:near:58.86
00250328	_ZN2Tz4LMMU4DrawEv	552	branchy	lift	near	92.77	m2c:near:63.42;ghidra:near:53.34
00250550	_ZN2Tz4LMMU12DrawSelectorEPNS_6SelectEii	328	branchy	lift	near	88.20	m2c:near:82.51;ghidra:near:48.22
00250698	func_00250698	172	branchy	lift	exact	100.00	ghidra:near:95.44;m2c:near:95.33;e3:near:16.79
002507a0	func_002507a0	392	loop	lift	near	97.55	ghidra:near:96.15;m2c:near:78.81
00250928	func_00250928	108	loop	lift	exact	100.00	twins:exact:100.0;ghidra:near:95.36;m2c:near:78.39;e3:near:2.75
00250998	func_00250998	180	branchy	lift	exact	100.00	m2c:near:80.34;ghidra:near:73.19
00250a50	func_00250a50	852	loop	lift	near	74.95	ghidra:near:72.55;e3:near:41.01;m2c:compile:0.0
00250fb8	func_00250fb8	276	loop	lift	near	80.27	e3:near:75.59;ghidra:near:73.67;m2c:near:66.82
00251148	_ZN2Tz4CANA5SetupEv	464	loop	lift	near	29.38	ghidra:compile:0.0;m2c:compile:0.0
00251318	_ZN2Tz4CANA7ControlEv	152	branchy	lift	near	93.16	m2c:near:87.18;ghidra:near:44.88
002513b0	func_002513b0	496	switch	lift	exact	100.00	m2c:near:38.48;ghidra:near:33.32
002515a0	func_002515a0	476	loop	lift	near	86.32	ghidra:near:77.98;m2c:near:52.28
00251780	func_00251780	556	branchy	m2c	near	90.35	ghidra:near:67.93;lift:near:60.95
002519d0	func_002519d0	52	branchy	lift	exact	100.00	twins:exact:100.0;ghidra:near:74.29;m2c:near:63.81;e3:near:29.52
00251a70	_ZN2Tz4CANA4DrawEv	1052	branchy	m2c	near	48.16	lift:near:47.71;ghidra:near:47.41
00251e90	func_00251e90	52	straight	lift	exact	100.00	ghidra:near:95.0;m2c:near:55.29;e3:near:17.38
00251ec8	func_00251ec8	116	branchy	permute	exact	100.00	lift:near:91.76;ghidra:near:88.53;m2c:near:87.43;e3:near:0.0
00252020	func_00252020	116	branchy	lift	exact	100.00	ghidra:near:93.1;m2c:near:92.97
00252208	func_00252208	276	loop	lift	near	83.99	ghidra:near:63.19;e3:near:0.0;m2c:compile:0.0
00252320	func_00252320	264	loop	lift	near	93.91	ghidra:near:73.15;m2c:near:33.02;e3:near:13.3
00252428	func_00252428	276	loop	ghidra	near	51.99	lift:near:37.54;e3:near:0.0;m2c:compile:0.0
00252540	_ZN2Tz4CANA9UpdateGraEv	216	branchy	lift	near	94.05	ghidra:near:79.9;m2c:near:59.94
00252618	func_00252618	72	straight	lift	exact	100.00	ghidra:near:96.56;m2c:near:57.64;e3:near:18.29
00252660	_ZN2Tz4CANA10SetNewFlagEi	172	branchy	ghidra	near	85.07	m2c:near:57.87;lift:near:54.54;e3:near:37.61
00252710	func_00252710	76	branchy	lift	near	78.40	m2c:near:64.47;ghidra:near:61.32
00252760	func_00252760	176	straight	ghidra	near	82.93	lift:near:81.57;e3:near:57.79;m2c:compile:0.0
00252900	_ZN2Tz4ALCA11PauseThreadEP4TASK	164	straight	lift	near	93.46	ghidra:near:68.61;m2c:near:67.22;e3:near:40.59
002529a8	func_002529a8	300	loop	lift	near	67.76	ghidra:near:51.22;e3:near:47.68;m2c:compile:0.0
00252ad8	func_00252ad8	204	branchy	lift	near	72.46	m2c:near:61.73;ghidra:near:16.56
00252c20	func_00252c20	188	branchy	lift	near	95.88	m2c:near:95.49;ghidra:near:94.14;e3:near:29.18
00252ce0	func_00252ce0	164	loop	ghidra	near	73.89	m2c:near:72.77;lift:near:54.12;e3:near:44.25
00252d88	_ZN2Tz4ALCA7ChgModeEv	196	loop	m2c	near	86.37	ghidra:near:66.63;e3:near:57.52
00252e50	_ZN2Tz4ALCA7SetMessEv	328	loop	lift	near	84.48	ghidra:near:61.15;m2c:near:53.6
00252fe8	func_00252fe8	224	branchy	lift	near	79.68	ghidra:near:77.98;m2c:near:73.48
002530f0	_ZN2Tz8CampMenu4ExitEi	144	branchy	lift	near	94.11	m2c:near:75.0;ghidra:near:51.67
00253180	_ZN2Tz8CampMenu5StartEii	432	branchy	m2c	near	83.85	lift:near:62.94;ghidra:near:45.52
00253330	func_00253330	76	loop	lift	near	36.00	ghidra:near:0.0;m2c:compile:0.0
00253380	func_00253380	88	loop	lift	near	25.23	ghidra:near:0.0;m2c:compile:0.0
002533e0	_ZN2Tz8CampMenu10StartPartyEiPKv	48	straight	lift	exact	100.00	e3:exact:100.0;ghidra:exact:100.0;m2c:exact:100.0;corpus:near:77.5
00253410	func_00253410	112	branchy	typed	exact	100.00	lift:exact:100.0;ghidra:near:93.17;m2c:near:90.71
00253480	_ZN2Tz8CampMenu15RestartSelectorEPKN2YS8SELECTOREPKNS2_4ARGSE	32	straight	lift	exact	100.00	e3:exact:100.0;corpus:exact:100.0;ghidra:exact:100.0;m2c:exact:100.0
002534e0	func_002534e0	88	branchy	lift	near	88.18	ghidra:near:88.18;m2c:near:88.18;e3:near:65.58
00253538	_ZN2Tz8CampMenu10StartBasicEi	44	straight	lift	exact	100.00	m2c:exact:100.0;ghidra:near:94.55
002535d0	func_002535d0	104	loop	ghidra	near	68.55	m2c:near:55.96;lift:near:55.65;e3:near:0.0
00253638	func_00253638	300	loop	lift	near	99.60	ghidra:near:85.68;m2c:near:68.85
00253888	func_00253888	108	loop	lift	near	95.78	ghidra:near:70.78;m2c:compile:0.0
00253948	func_00253948	44	branchy	ghidra	exact	100.00	lift:near:41.07;m2c:near:41.07
002539e8	_ZN2Tz6CMData8BackReadEiPc	280	branchy	lift	near	85.44	m2c:near:76.92;ghidra:near:62.0
00254020	_ZN2Tz5CmTop13ExitPartyImplEz	1252	loop	lift	near	91.75	m2c:near:80.56;ghidra:near:63.34
00254648	func_00254648	292	loop	lift	exact	100.00	ghidra:near:92.76;m2c:near:86.74
00254770	_ZN2Tz5CmTop5SetupEv	836	branchy	stub	near	0.00	m2c:compile:0.0
00254ab8	_ZN2Tz5CmTop13SetupPartyObjEv	932	float	lift	near	46.90	m2c:near:46.31;ghidra:near:22.03
00254e60	func_00254e60	164	branchy	lift	exact	100.00	m2c:near:95.23;ghidra:near:84.09
00254f80	func_00254f80	356	branchy	lift	exact	100.00	ghidra:near:91.09;m2c:near:78.06
002551b8	func_002551b8	976	loop	lift	near	78.33	ghidra:near:77.06;m2c:near:60.95
00255588	func_00255588	888	switch	ghidra	near	27.06	m2c:near:20.14
00255900	func_00255900	1260	switch	m2c	near	81.56	lift:near:70.59;ghidra:near:51.72
00255df0	func_00255df0	2304	loop	lift	near	50.38	ghidra:near:35.09;m2c:compile:0.0
002566f0	func_002566f0	868	branchy	ghidra	near	68.87	m2c:near:66.77;e3:near:36.75;lift:near:14.92
00256a58	_ZN2Tz5CmTop14UpdateHelpMessEv	68	straight	lift	near	86.35	ghidra:near:86.24;m2c:near:81.33
00256b40	func_00256b40	40	straight	lift	exact	100.00	m2c:exact:100.0;ghidra:near:93.9;e3:near:23.76
00256b80	func_00256b80	44	straight	lift	near	34.55	ghidra:near:34.55;m2c:near:33.09
00256cc0	_ZN2Tz5CmTop13CreatePadHelpEiii	364	branchy	ghidra	near	78.94	m2c:near:70.67;lift:near:66.23
00256ef0	func_00256ef0	36	straight	corpus	near	89.40	lift:near:48.89;ghidra:near:32.11;m2c:near:32.11
00256f18	func_00256f18	232	branchy	lift	exact	100.00	m2c:near:93.03;ghidra:near:92.67;e3:near:0.0
00257158	func_00257158	132	branchy	e3	near	75.59	m2c:near:62.56;ghidra:near:59.14;lift:near:57.26
002571e0	func_002571e0	420	loop	lift	near	99.86	ghidra:near:81.2;m2c:near:0.0
00257388	func_00257388	208	branchy	lift	near	94.46	ghidra:near:68.65;m2c:near:40.69
00257458	func_00257458	216	branchy	lift	near	94.67	ghidra:near:63.11;m2c:near:45.24
002576d0	_ZN2Tz5CmTop16IsWarningEnabledEz	52	branchy	lift	exact	100.00	twins:exact:100.0;e3:near:99.23;ghidra:near:74.29;m2c:near:63.81
002577b0	func_002577b0	352	loop	lift	near	89.67	m2c:near:86.9;ghidra:near:53.11
00257970	func_00257970	108	loop	ghidra	near	88.39	m2c:near:50.85;lift:near:38.93
00257a00	_Z17ctarget0_00257a00v	480	loop	lift	exact	100.00	m2c:near:90.19;ghidra:near:88.53
00257be0	_Z13func_00257be0Pv	152	branchy	lift	exact	100.00	m2c:near:96.97;ghidra:near:92.68
00257c78	func_00257c78	392	loop	lift	near	68.86	ghidra:near:60.51;m2c:near:57.64
00257e00	func_00257e00	420	loop	ghidra	near	73.23	e3:near:64.22;m2c:compile:0.0
00257fa8	func_00257fa8	80	loop	lift	near	61.00	ghidra:near:55.0;m2c:near:44.9;e3:near:4.38
00257ff8	func_00257ff8	80	loop	lift	near	69.00	ghidra:near:48.0;m2c:near:45.4
00258080	func_00258080	132	loop	m2c	near	74.09	ghidra:near:62.16;lift:near:58.67;e3:near:2.06
00258158	func_00258158	56	straight	lift	near	80.57	m2c:near:80.57;ghidra:near:60.78
002584c8	_ZN2Tz5Pause11PauseThreadEP4TASK	212	straight	lift	exact	100.00	ghidra:exact:100.0;m2c:near:73.45;e3:near:51.36
00258a30	func_00258a30	88	branchy	ghidra	exact	100.00	m2c:near:91.5;lift:near:86.74
00258a88	func_00258a88	40	straight	lift	exact	100.00	ghidra:exact:100.0;corpus:near:80.0;m2c:near:55.92
00258ce8	func_00258ce8	88	loop	lift	near	79.64	m2c:near:75.52;ghidra:near:61.59
00258d58	func_00258d58	28	straight	lift	exact	100.00	m2c:near:35.38;ghidra:near:24.0
00258d78	func_00258d78	76	straight	lift	exact	100.00	ghidra:exact:100.0;m2c:near:97.53
00258dc8	func_00258dc8	40	straight	lift	exact	100.00	e3:near:99.7;ghidra:near:70.0;m2c:near:49.93
00258df0	_ZN2Tz6CmComm14SetDrawMunniesEPNS_8MultiSeqE	196	loop	ghidra	near	67.29	m2c:near:52.94;lift:near:44.62
00258eb8	_ZN2Tz6CmComm11SetDrawTimeEPNS_8MultiSeqE	356	loop	m2c	near	62.46	ghidra:near:50.36
00259108	_ZN2Tz6CmComm21CreateConfirmSelectorEPNS_6SelectEiiiPNS_6LayoutEiPKs	584	loop	lift	near	85.30	ghidra:near:78.39;m2c:near:56.5
00259350	_ZN2Tz6CmComm8DataLoadEi	104	branchy	ghidra	near	65.33	lift:near:59.11;m2c:near:44.44;e3:near:29.96
002593b8	_ZN2Tz6CmComm12DataLoadWaitEiP4TASK	168	loop	m2c	near	77.21	e3:near:32.74;ghidra:near:29.04
00259460	func_00259460	84	loop	lift	near	64.86	ghidra:near:43.45;e3:near:0.0;m2c:near:0.0
002594b8	func_002594b8	88	loop	ghidra	near	45.70	lift:near:31.78;m2c:compile:0.0
00259510	func_00259510	96	loop	lift	near	41.83	ghidra:near:14.94;m2c:compile:0.0
00259570	func_00259570	68	straight	ghidra	exact	100.00	lift:near:91.11;m2c:near:89.72
00259998	_ZN2Tz6CmSave5SetupEv	708	branchy	stub	near	0.00	m2c:compile:0.0
00259c60	func_00259c60	560	switch	lift	near	88.83	m2c:near:41.53;ghidra:near:39.68
00259e90	_ZN2Tz8CmSLBase9SetupSlotEv	292	loop	lift	near	91.25	ghidra:near:79.62;m2c:near:23.07
00259fb8	func_00259fb8	532	switch	lift	exact	100.00	m2c:near:93.92;ghidra:near:63.94
0025a1d0	func_0025a1d0	48	straight	lift	exact	100.00	ghidra:near:95.0;m2c:near:61.46;e3:near:0.0
0025a200	func_0025a200	616	switch	lift	exact	100.00	m2c:near:94.32;ghidra:near:49.7
0025a468	func_0025a468	268	switch	ghidra	near	0.00	
0025a660	func_0025a660	940	branchy	m2c	near	90.60	lift:near:73.31;ghidra:near:61.68
0025aa10	func_0025aa10	988	branchy	m2c	near	81.00	ghidra:near:49.11;lift:near:37.58
0025adf0	func_0025adf0	384	branchy	ghidra	near	52.67	e3:near:42.75;m2c:near:34.72;lift:near:31.87
0025af70	func_0025af70	220	branchy	m2c	exact	100.00	lift:near:46.38;ghidra:near:36.86;e3:near:17.63
0025b050	func_0025b050	456	branchy	m2c	near	96.23	lift:near:62.02;e3:near:39.31;ghidra:near:10.46
0025b218	func_0025b218	964	switch	lift	near	80.84	ghidra:near:66.59;m2c:near:66.11
0025b5e0	func_0025b5e0	468	branchy	lift	near	79.24	m2c:near:76.67;e3:near:69.56;ghidra:near:65.29
0025b7b8	func_0025b7b8	1060	branchy	m2c	near	92.90	lift:near:56.19;ghidra:near:39.8
0025bbe0	func_0025bbe0	440	branchy	m2c	near	98.20	lift:near:65.08;ghidra:near:62.36
0025bd98	func_0025bd98	1572	switch	m2c	near	91.99	ghidra:near:83.5;lift:near:82.15
0025c3c0	func_0025c3c0	1716	switch	m2c	near	91.28	ghidra:near:83.83;lift:near:83.26
0025caf0	func_0025caf0	460	branchy	lift	near	98.00	m2c:near:92.09;ghidra:near:76.48
0025ccc0	func_0025ccc0	48	straight	lift	exact	100.00	ghidra:exact:100.0;m2c:exact:100.0
0025cd40	func_0025cd40	56	straight	lift	exact	100.00	ghidra:near:85.0;m2c:near:85.0
0025cde0	func_0025cde0	1800	switch	lift	near	55.42	m2c:near:49.95;ghidra:near:46.22
0025d560	func_0025d560	192	branchy	lift	near	84.06	ghidra:near:79.96;m2c:near:70.91
0025d620	func_0025d620	128	branchy	m2c	near	88.06	lift:near:32.72;ghidra:near:25.38
0025d918	_ZN2Tz6CmLoad5SetupEv	260	straight	lift	near	95.86	ghidra:near:86.94;m2c:near:65.82
0025da20	_ZN2Tz6CmLoad7ControlEv	388	switch	lift	near	83.93	m2c:near:23.51;ghidra:near:20.93
0025dba8	func_0025dba8	48	straight	lift	exact	100.00	ghidra:exact:100.0;m2c:exact:100.0
0025dbd8	func_0025dbd8	528	switch	m2c	near	94.84	ghidra:near:37.8;lift:link:0.0
0025dde8	_ZN2Tz6CmLoad13CtrlSlotCheckEv	256	switch	ghidra	near	4.64	
0025dfb0	func_0025dfb0	960	branchy	ghidra	near	85.31	m2c:near:75.82;lift:near:73.69
0025e370	func_0025e370	220	branchy	m2c	exact	100.00	lift:near:45.48;ghidra:near:36.86
0025e450	func_0025e450	1100	switch	m2c	near	75.51	ghidra:near:74.09;lift:near:63.09
0025e8a0	func_0025e8a0	784	branchy	m2c	near	95.06	ghidra:near:34.79;lift:link:0.0
0025ebb0	func_0025ebb0	728	branchy	m2c	near	73.34	ghidra:near:55.34;lift:near:51.95
0025eee8	func_0025eee8	1348	switch	lift	near	72.31	ghidra:near:51.09
0025f7f0	func_0025f7f0	852	loop	lift	near	79.10	ghidra:near:77.09;m2c:near:70.78;e3:near:0.0
0025fb48	func_0025fb48	1160	branchy	ghidra	near	48.78	m2c:near:47.15;lift:near:13.85
0025ffd0	func_0025ffd0	1096	loop	lift	near	78.01	ghidra:near:65.59;m2c:compile:0.0
00260418	func_00260418	1004	switch	ghidra	near	73.59	m2c:near:71.75;lift:near:61.3
00260808	func_00260808	1236	loop	lift	near	77.13	ghidra:near:69.02;m2c:compile:0.0
00260ce0	func_00260ce0	800	branchy	lift	near	83.23	m2c:near:70.86;ghidra:near:50.63
00261000	func_00261000	708	loop	lift	near	87.46	ghidra:near:71.74;m2c:compile:0.0
002612c8	func_002612c8	740	branchy	lift	near	69.05	ghidra:near:50.32;m2c:compile:0.0
002615b0	func_002615b0	180	straight	lift	near	94.22	ghidra:near:90.87;m2c:near:89.78
00261668	func_00261668	436	switch	lift	exact	100.00	ghidra:near:71.09;m2c:compile:0.0
00261820	func_00261820	180	straight	lift	near	94.22	ghidra:near:90.87;m2c:near:89.78
002618d8	_ZN2Tz6CmItem19CtrlItemDumpConfirmEv	596	switch	lift	near	87.84	ghidra:near:0.0;m2c:compile:0.0
00261b30	func_00261b30	440	loop	lift	near	92.42	ghidra:near:88.43;m2c:near:59.5
00261ce8	func_00261ce8	92	straight	lift	near	88.70	e3:near:88.48;ghidra:near:88.48;m2c:near:71.22
00261d48	func_00261d48	624	loop	lift	near	78.29	m2c:near:75.52;ghidra:near:58.12
00261fb8	_ZN2Tz6CmItem15UpdateStockListEv	228	loop	lift	near	94.51	m2c:near:93.11;ghidra:near:91.93
002620a0	_ZN2Tz6CmItem10FadeOutTopEv	120	branchy	lift	exact	100.00	ghidra:near:93.75;m2c:near:93.62;e3:near:10.94
002621a0	_ZN2Tz6CmItem15FadeOutCategoryEv	104	branchy	lift	exact	100.00	ghidra:near:92.86;m2c:near:90.61;e3:near:0.0
00262208	_ZN2Tz6CmItem13LeaveCategoryEv	136	branchy	lift	exact	100.00	m2c:near:93.97;ghidra:near:86.67;e3:near:0.0
00262290	func_00262290	108	branchy	lift	exact	100.00	ghidra:exact:100.0;m2c:near:88.61;e3:near:0.0
002623c8	func_002623c8	368	loop	lift	near	82.81	ghidra:near:75.38;m2c:near:62.85
00262588	_ZN2Tz6CmItem10LeaveStockEv	196	loop	lift	exact	100.00	m2c:near:94.24;ghidra:near:85.25
00262650	func_00262650	156	loop	lift	near	37.97	ghidra:near:15.1;m2c:near:10.51
00262730	func_00262730	56	straight	lift	near	81.43	ghidra:near:81.43;m2c:near:81.43
00262820	func_00262820	528	loop	lift	near	84.57	ghidra:near:84.05;m2c:near:71.85;e3:near:55.59
00262a30	func_00262a30	196	branchy	lift	near	94.69	m2c:near:83.92;ghidra:near:61.46
00262af8	func_00262af8	324	branchy	lift	near	85.63	ghidra:near:79.58;m2c:near:79.46;e3:near:43.31
00262c40	_ZN2Tz6CmItem11FadeOutWarnEv	116	branchy	lift	exact	100.00	m2c:exact:100.0;ghidra:near:69.65;e3:near:9.62
00262cb8	_ZN2Tz6CmItem9LeaveWarnEv	372	loop	lift	exact	100.00	m2c:near:88.86;e3:near:88.62;ghidra:near:83.12
00262e30	func_00262e30	228	loop	permute	exact	100.00	lift:near:90.79;m2c:near:83.8;ghidra:near:72.34
00262f58	func_00262f58	68	straight	lift	near	84.71	m2c:near:84.71;ghidra:near:46.39
00262fa0	_ZN2Tz6CmItem12FadeOutStockEv	84	branchy	lift	exact	100.00	ghidra:exact:100.0;m2c:near:98.95;e3:near:25.19
00262ff8	_ZN2Tz6CmItem9LeaveHelpEv	220	branchy	lift	exact	100.00	m2c:near:94.25;ghidra:near:89.84
002630d8	func_002630d8	136	branchy	lift	near	92.78	ghidra:near:82.0;m2c:near:79.19
00263188	func_00263188	36	straight	lift	exact	100.00	ghidra:exact:100.0;m2c:exact:100.0;corpus:near:77.78
002631b0	func_002631b0	40	straight	lift	exact	100.00	ghidra:exact:100.0;m2c:exact:100.0
002633a8	func_002633a8	288	branchy	lift	near	80.48	m2c:near:66.32;ghidra:near:9.12
002634d8	func_002634d8	128	switch	e3	near	57.95	ghidra:near:43.25
002635d8	func_002635d8	132	loop	ghidra	near	26.11	m2c:near:25.18;lift:near:10.58
00263688	func_00263688	36	straight	corpus	near	90.00	lift:near:71.11;ghidra:near:71.11;m2c:near:71.11
002636b0	func_002636b0	112	loop	ghidra	near	27.79	lift:near:0.61;e3:near:0.0;m2c:compile:0.0
00263778	func_00263778	108	straight	ghidra	near	95.89	lift:near:84.07;m2c:near:82.07;e3:near:53.04
002637e8	func_002637e8	112	branchy	lift	exact	100.00	ghidra:near:99.82;m2c:near:98.93;e3:near:45.53
002638e0	_ZN2Tz6CmItem8SelCheckEi	124	branchy	m2c	near	69.65	e3:near:40.29;ghidra:near:16.16;lift:near:12.13
00263960	_ZN2Tz9CMenuHelp4InitEiiPNS_6LayoutEPKsS4_	148	straight	lift	exact	100.00	ghidra:exact:100.0;m2c:compile:0.0
00263a58	_ZN2Tz9CMenuHelp6CreateEib	56	branchy	ghidra	near	92.33	lift:near:91.43;m2c:near:91.43
00263a90	_ZN2Tz9CMenuHelp6CreateEPKN2YS7MESSAGEEb	284	branchy	ghidra	near	81.49	lift:near:78.66;m2c:near:59.9
00263c60	_ZN2Tz9CMenuHelp7FadeOutEv	92	branchy	lift	exact	100.00	ghidra:near:93.33;m2c:near:90.4
00263cc0	func_00263cc0	100	branchy	ghidra	near	89.29	m2c:near:88.96;lift:near:88.27
00263d70	func_00263d70	52	straight	lift	exact	100.00	m2c:near:84.62;ghidra:near:83.31
00263e18	func_00263e18	128	branchy	lift	exact	100.00	m2c:near:94.7;e3:near:60.11;ghidra:near:50.41
00263ee0	func_00263ee0	740	loop	ghidra	near	6.69	m2c:near:0.0
002641c8	func_002641c8	220	loop	lift	near	78.62	m2c:near:60.26;ghidra:near:55.19
002642a8	func_002642a8	108	switch	ghidra	exact	100.00	m2c:near:99.93;lift:near:89.11;corpus:near:80.07
00264328	func_00264328	96	loop	m2c	near	83.71	lift:near:45.38;ghidra:near:35.12
002644a0	_ZN2Tz6CmStat8SetupTopEb	1044	switch	m2c	near	57.81	ghidra:near:35.43;lift:near:1.47
002648b8	_ZN2Tz6CmStat7CtrlTopEv	804	branchy	m2c	near	89.07	ghidra:near:70.93;lift:near:70.31
00264be0	_ZN2Tz6CmStat9SetupHelpEv	1080	loop	lift	near	81.44	ghidra:near:67.55;m2c:near:54.18
00265018	_ZN2Tz6CmStat8CtrlHelpEv	904	switch	m2c	near	83.82	lift:near:73.75;ghidra:near:7.93
002653a0	_ZN2Tz6CmStat13CreateTopListEv	476	loop	lift	near	92.99	ghidra:near:80.88;m2c:near:62.19
002655e8	func_002655e8	216	loop	lift	near	94.78	m2c:near:94.35;ghidra:near:83.32;e3:near:73.52
002656c0	func_002656c0	124	loop	lift	near	86.09	m2c:near:79.37;ghidra:near:63.97;e3:near:0.0
00265740	func_00265740	60	straight	lift	near	82.67	m2c:near:82.67;ghidra:near:51.81
00265780	func_00265780	36	straight	lift	exact	100.00	ghidra:exact:100.0;m2c:exact:100.0;corpus:near:77.78
002657a8	func_002657a8	544	switch	ghidra	near	64.85	
00265ab8	func_00265ab8	208	loop	lift	near	94.58	m2c:near:92.47;ghidra:near:83.0;e3:near:15.88
00265b88	func_00265b88	136	loop	lift	near	80.38	m2c:near:75.28;ghidra:near:64.83
00265c10	func_00265c10	60	straight	lift	near	82.67	m2c:near:82.67;ghidra:near:51.81;e3:near:26.5
00265c50	func_00265c50	36	straight	lift	exact	100.00	ghidra:exact:100.0;m2c:exact:100.0;corpus:near:77.78
00265c78	func_00265c78	1488	branchy	ghidra	near	0.00	
00266248	func_00266248	968	switch	ghidra	near	66.09	
00266678	func_00266678	48	branchy	lift	near	78.33	e3:near:78.33;ghidra:near:78.33;m2c:near:77.92
002666a8	func_002666a8	732	switch	m2c	near	74.01	lift:near:46.59;e3:near:39.5;ghidra:near:0.0
00266988	_ZN2Tz6CmStat9UpdateNewEv	464	switch	lift	near	52.30	e3:near:36.52;ghidra:near:19.06;m2c:compile:0.0
00266b58	_ZN2Tz6CmStat12UpdateTopNewEv	136	switch	e3	near	53.13	ghidra:near:15.26
00266c90	func_00266c90	356	switch	lift	near	69.25	ghidra:near:64.85;m2c:near:64.46;e3:near:33.07
00266df8	func_00266df8	344	switch	e3	near	27.64	ghidra:near:0.0
002670a0	func_002670a0	88	loop	lift	near	61.82	ghidra:near:50.91;m2c:near:46.5;e3:near:27.6
002670f8	func_002670f8	88	loop	lift	near	63.86	ghidra:near:44.55;m2c:near:40.14;e3:near:27.6
00267150	func_00267150	152	loop	lift	near	96.74	m2c:near:92.53;ghidra:near:75.84;e3:near:0.0
002671e8	func_002671e8	96	loop	ghidra	near	65.62	lift:near:65.15;m2c:near:54.32;e3:near:20.51
00267280	func_00267280	160	branchy	ghidra	near	51.75	m2c:near:31.45;lift:near:11.32
00267320	func_00267320	120	loop	lift	exact	100.00	ghidra:exact:100.0;m2c:near:76.52;e3:near:42.33
00267408	_ZN2Tz6CmStat9GetSelMsgEi	176	switch	m2c	near	97.73	ghidra:near:87.27;lift:near:85.57;e3:near:23.61
002675e8	_ZN2Tz7CmEquip4InitEv	28	straight	lift	exact	100.00	ghidra:exact:100.0;m2c:near:87.25;corpus:near:86.12
002678a8	func_002678a8	1364	loop	m2c	near	71.24	ghidra:near:68.78;lift:compile:0.0
00267e00	func_00267e00	3376	switch	ghidra	near	14.80	m2c:near:0.0
00268b30	func_00268b30	312	branchy	lift	near	92.45	m2c:near:85.46;ghidra:near:85.07
00268c68	func_00268c68	332	loop	m2c	near	78.94	ghidra:near:74.24;lift:near:22.14
00268db8	_ZN2Tz7CmEquip9CtrlEquipEv	1040	branchy	lift	near	49.70	ghidra:near:32.83;m2c:compile:0.0
002691c8	func_002691c8	44	straight	lift	exact	100.00	ghidra:exact:100.0;m2c:exact:100.0;corpus:near:45.0
002691f8	func_002691f8	380	switch	lift	exact	100.00	m2c:near:93.89;ghidra:near:34.88
00269378	func_00269378	44	straight	lift	exact	100.00	ghidra:exact:100.0;m2c:exact:100.0
002693a8	func_002693a8	352	branchy	lift	exact	100.00	m2c:near:87.22;ghidra:near:0.0
002695a0	_ZN2Tz7CmEquip15CurPos2FormTypeEi	180	loop	ghidra	near	83.77	m2c:near:61.76;lift:near:55.93
00269658	_ZN2Tz7CmEquip13UpdateTopListEv	1032	loop	ghidra	near	69.63	m2c:compile:0.0
00269a60	func_00269a60	956	branchy	lift	near	44.81	ghidra:near:0.0;m2c:compile:0.0
00269e20	_ZN2Tz7CmEquip11FadeOutListEv	212	branchy	m2c	near	89.75	lift:near:74.6;ghidra:near:64.45
00269ef8	func_00269ef8	96	branchy	lift	exact	100.00	ghidra:near:92.31;m2c:near:92.04
00269f58	func_00269f58	100	branchy	lift	exact	100.00	ghidra:exact:100.0;m2c:near:87.73
00269fc0	func_00269fc0	156	branchy	m2c	near	99.92	lift:near:62.26;ghidra:near:37.83
0026a060	func_0026a060	276	branchy	lift	near	96.17	m2c:near:91.73;ghidra:near:79.72
0026a178	_ZN2Tz7CmEquip10GetItemTblEii	188	branchy	e3	compile	0.00	lift:near:57.79;ghidra:near:51.81;m2c:compile:0.0
0026a238	_ZN2Tz7CmEquip10DrawUpdateEPNS_6SelectEii	380	branchy	m2c	near	94.14	lift:near:70.99;ghidra:near:55.63
0026a3b8	func_0026a3b8	488	branchy	m2c	near	80.10	lift:near:68.15;ghidra:near:0.0
0026a5a0	func_0026a5a0	864	loop	m2c	near	66.48	ghidra:near:55.35;lift:near:52.69
0026a900	func_0026a900	244	branchy	lift	near	68.99	m2c:near:68.71;ghidra:near:65.88
0026a9f8	func_0026a9f8	256	branchy	m2c	near	69.70	lift:near:65.13;ghidra:near:62.46
0026ab18	func_0026ab18	264	switch	ghidra	near	54.77	
0026af30	func_0026af30	212	branchy	ghidra	near	90.80	lift:near:63.73;m2c:near:46.93
0026b008	_ZN2Tz7CmEquip22CheckAutoReplenishmentEv	236	loop	ghidra	near	70.11	m2c:near:57.72
0026b0f8	func_0026b0f8	260	loop	lift	near	73.43	ghidra:near:63.42;m2c:near:61.54
0026b200	func_0026b200	192	loop	ghidra	near	79.39	m2c:near:78.29;lift:near:76.92
0026b2c0	func_0026b2c0	388	loop	m2c	near	87.35	lift:near:83.38;e3:near:75.57;ghidra:near:53.63
0026b448	func_0026b448	40	straight	lift	exact	100.00	ghidra:exact:100.0;m2c:exact:100.0
0026b470	func_0026b470	148	loop	lift	near	83.16	ghidra:near:72.97;m2c:near:69.14
0026b508	func_0026b508	148	loop	lift	near	83.16	ghidra:near:72.97;m2c:near:69.14
0026b5a0	func_0026b5a0	688	loop	m2c	near	68.08	ghidra:near:31.37
0026bab8	func_0026bab8	292	loop	lift	near	82.77	m2c:near:71.61;ghidra:near:57.68
0026bc10	func_0026bc10	1080	loop	ghidra	near	58.48	m2c:near:54.43
0026c048	func_0026c048	248	loop	lift	exact	100.00	m2c:near:79.38;ghidra:near:70.03;e3:near:0.0
0026c140	func_0026c140	780	float	lift	near	85.00	ghidra:near:74.52;m2c:near:68.68
0026c450	func_0026c450	32	straight	lift	exact	100.00	twins:exact:100.0;corpus:exact:100.0;ghidra:exact:100.0;m2c:exact:100.0
0026c470	func_0026c470	752	branchy	m2c	near	92.00	lift:near:51.15;ghidra:near:30.13
0026c760	func_0026c760	184	branchy	lift	near	81.78	m2c:near:75.88;ghidra:near:67.72
0026c818	_ZN2Tz7CmParty10Ctrl2ndSelEv	428	branchy	m2c	near	90.70	lift:near:41.09;ghidra:near:35.01
0026c9c8	_ZN2Tz7CmParty10CreateInfoEv	36	straight	lift	exact	100.00	ghidra:exact:100.0;m2c:exact:100.0
0026c9f0	_ZN2Tz7CmParty8CtrlInfoEv	324	branchy	lift	exact	100.00	ghidra:near:85.6;m2c:near:51.62
0026cc30	_ZN2Tz7CmParty9LeaveListEv	364	loop	lift	near	95.38	ghidra:near:85.05;m2c:near:84.17
0026cda0	_ZN2Tz7CmParty11isExistListEv	272	loop	ghidra	near	91.96	m2c:near:76.11;lift:near:67.11
0026ceb0	func_0026ceb0	696	loop	lift	near	74.30	m2c:near:55.93;ghidra:near:37.69
0026d180	func_0026d180	136	loop	lift	near	42.32	m2c:near:28.59;ghidra:near:21.86
0026d208	func_0026d208	856	loop	m2c	near	82.31	ghidra:near:20.44
0026d620	func_0026d620	292	branchy	lift	near	97.66	m2c:near:70.22;ghidra:near:4.28
0026d748	func_0026d748	188	straight	m2c	near	88.94	ghidra:near:74.88
0026d8c0	func_0026d8c0	156	loop	lift	near	32.13	ghidra:near:29.26;m2c:near:22.33
0026d968	_ZN2Tz8Selector4InitEv	504	loop	lift	near	81.63	ghidra:near:67.92;e3:near:55.64;m2c:compile:0.0
0026db60	_ZN2Tz8Selector11SelExitImplEz	340	loop	lift	near	96.22	m2c:near:80.55;ghidra:near:75.74;e3:near:68.67
0026dcb8	func_0026dcb8	72	straight	lift	exact	100.00	m2c:near:88.89;ghidra:near:87.89
0026dd18	func_0026dd18	36	branchy	lift	exact	100.00	e3:exact:100.0;ghidra:near:70.0;m2c:near:48.93
0026dda0	_ZN2Tz14PauseTaskBeginEv	396	loop	lift	near	78.62	m2c:near:77.39;ghidra:near:74.79;e3:near:71.17
0026df30	_ZN2Tz8Selector13SetupSelectorEv	524	loop	lift	near	90.88	ghidra:near:55.32;m2c:compile:0.0
0026e140	func_0026e140	160	branchy	lift	exact	100.00	ghidra:near:84.58;m2c:near:49.52;e3:near:29.96
0026e1e0	func_0026e1e0	352	float	lift	near	88.30	m2c:near:59.06;ghidra:near:55.49
0026e3b0	_ZN2Tz8Selector12AdjustSeqPosEv	516	loop	lift	near	82.48	m2c:near:79.94;ghidra:near:76.42
0026e5b8	_ZN2Tz15PauseTaskIsDoneEz	128	branchy	lift	near	85.62	m2c:near:85.62;ghidra:near:63.44
0026e638	func_0026e638	516	switch	lift	near	87.45	ghidra:near:11.76;m2c:compile:0.0
0026e940	_ZN2Tz15PauseTaskUpdateEv	420	branchy	lift	near	87.46	m2c:near:69.25;ghidra:near:3.37
0026eae8	func_0026eae8	212	branchy	lift	exact	100.00	m2c:near:84.74;ghidra:near:82.25
0026ebc0	func_0026ebc0	172	loop	lift	near	95.81	ghidra:near:77.4;m2c:near:71.94
0026ec70	_ZN2Tz14PauseTaskSetupEz	40	straight	lift	exact	100.00	m2c:exact:100.0;ghidra:near:93.9;corpus:near:79.0;e3:near:23.64
0026ee78	_ZN2Tz8CmCustom8SetupTopEv	552	loop	lift	near	70.07	ghidra:near:66.7;m2c:near:63.59
0026f0a0	_ZN2Tz8CmCustom7CtrlTopEv	740	branchy	m2c	near	87.97	ghidra:near:43.22;lift:link:0.0
0026f388	func_0026f388	1432	loop	m2c	near	62.26	ghidra:near:60.1;lift:near:0.0
0026f920	func_0026f920	1548	switch	m2c	near	79.10	ghidra:near:43.8;lift:link:0.0
0026ff30	func_0026ff30	68	straight	lift	exact	100.00	ghidra:near:92.94;m2c:near:83.0;e3:near:0.0
0026ff78	_ZN2Tz8CmCustom15CtrlAutoConfirmEv	372	switch	lift	near	78.65	ghidra:compile:0.0;m2c:compile:0.0
002700f0	_ZN2Tz8CmCustom11SetupCustomEv	1368	loop	ghidra	near	74.93	lift:near:63.63;m2c:near:54.88
00270648	_ZN2Tz8CmCustom23SetIndiCustomDefaultPosEv	288	switch	e3	near	25.36	ghidra:near:0.0
002708c0	_ZN2Tz8CmCustom10CtrlCustomEv	944	branchy	m2c	near	82.47	ghidra:near:43.25;lift:link:0.0
00270c70	_Z17ctarget0_00270c70v	1636	switch	ghidra	near	37.28	m2c:compile:0.0
002713a0	func_002713a0	40	branchy	lift	near	93.00	ghidra:near:93.0;m2c:near:93.0;e3:near:16.08
002713c8	_Z17ttarget0_002713c8v	836	loop	lift	near	67.83	ghidra:near:49.69;m2c:compile:0.0
00271710	_ZN2Tz8CmCustom12MakeItemMessEiPcbbi	280	branchy	m2c	near	84.93	lift:near:74.15;ghidra:near:68.16
00271828	func_00271828	72	straight	ghidra	near	99.72	m2c:near:99.72;lift:near:98.89
00271900	_ZN2Tz8CmCustom13CreateTopListEv	596	loop	ghidra	near	84.88	lift:near:72.11;m2c:near:48.13
00271b78	func_00271b78	652	loop	ghidra	near	78.28	lift:near:72.02;m2c:compile:0.0
00271e08	func_00271e08	120	branchy	lift	exact	100.00	ghidra:near:93.75;m2c:near:93.62;e3:near:10.91
00271ee8	func_00271ee8	1108	loop	lift	near	46.30	ghidra:near:21.8;m2c:compile:0.0
00272340	func_00272340	160	branchy	m2c	near	97.41	ghidra:near:87.15;lift:near:62.5;e3:near:0.0
00272468	func_00272468	208	branchy	m2c	near	97.96	ghidra:near:89.78;lift:near:84.23
00272538	func_00272538	160	branchy	m2c	near	99.92	lift:near:47.75;ghidra:near:39.44
002725d8	func_002725d8	864	switch	lift	near	15.20	ghidra:near:12.54;m2c:compile:0.0
00272938	func_00272938	200	loop	lift	near	99.20	m2c:near:99.16;ghidra:near:96.57
00272a00	func_00272a00	108	loop	lift	exact	100.00	ghidra:near:99.26;m2c:near:99.26
00272a70	func_00272a70	108	loop	lift	exact	100.00	ghidra:near:99.26;m2c:near:99.26
00272ae0	func_00272ae0	128	branchy	m2c	near	91.81	lift:near:85.62;ghidra:near:84.12
00272b60	_ZN2Tz8CmCustom17CurPos2CustomTypeEi	188	loop	ghidra	near	71.34	lift:near:66.57;e3:near:46.92;m2c:compile:0.0
00272c20	func_00272c20	108	switch	lift	near	90.37	m2c:near:89.73;e3:near:13.57;ghidra:near:10.48
00272c90	func_00272c90	692	branchy	m2c	near	67.85	lift:near:57.72;ghidra:near:54.3
00273078	func_00273078	200	branchy	typed	exact	100.00	lift:exact:100.0;m2c:near:79.49;ghidra:near:70.93
00273180	func_00273180	164	loop	ghidra	near	44.32	lift:near:41.85;m2c:compile:0.0
00273228	_ZN2Tz8CmCustom10DrawUpdateEPNS_6SelectEii	316	branchy	m2c	near	93.29	ghidra:near:88.54;lift:near:64.1
00273368	func_00273368	452	branchy	lift	near	84.51	m2c:near:79.69;ghidra:near:0.0
00273530	func_00273530	328	switch	ghidra	near	93.80	lift:near:87.36;m2c:near:81.2
00273678	func_00273678	128	branchy	lift	near	79.44	m2c:near:76.76;ghidra:near:75.97
002736f8	func_002736f8	284	loop	m2c	near	43.79	e3:near:40.32;ghidra:near:32.38;lift:near:28.87
00273818	func_00273818	788	loop	ghidra	near	28.42	lift:near:24.26;m2c:near:14.64
00273b30	func_00273b30	272	loop	lift	near	80.29	ghidra:near:77.06;m2c:near:76.91
00273cb8	func_00273cb8	296	loop	lift	near	60.40	ghidra:near:59.18;e3:near:42.79;m2c:compile:0.0
00273de0	_ZN2Tz6Jiminy4InitEv	168	branchy	lift	near	70.77	m2c:near:69.65;ghidra:near:0.0
002748a0	func_002748a0	336	branchy	ghidra	near	89.78	m2c:near:85.61;lift:near:65.54
002749f0	_ZN2Tz6Jiminy8LeaveAllEv	216	branchy	lift	exact	100.00	ghidra:near:93.51;m2c:near:87.24
00274b40	func_00274b40	432	loop	ghidra	near	90.39	lift:near:80.13;m2c:near:76.56
00274cf0	_ZN2Tz6Jiminy8LoadDataEi	200	branchy	ghidra	near	27.42	lift:near:25.1;e3:near:0.0;m2c:compile:0.0
00274fa8	_ZN2Tz6Jiminy5SetupEv	468	branchy	lift	near	79.66	ghidra:near:55.35;m2c:compile:0.0
00275180	func_00275180	692	switch	ghidra	near	81.37	lift:near:78.68;m2c:near:36.12
00275438	func_00275438	700	switch	lift	near	80.83	ghidra:near:68.07
00275b60	func_00275b60	276	branchy	e3	near	99.58	m2c:near:88.17;lift:near:81.62;ghidra:near:81.15
00275c78	func_00275c78	64	straight	lift	exact	100.00	ghidra:exact:100.0;m2c:near:93.94
00275d10	func_00275d10	192	branchy	lift	exact	100.00	ghidra:near:82.88;m2c:near:21.9
00275e08	func_00275e08	96	branchy	lift	exact	100.00	m2c:near:95.76;ghidra:near:92.31
00275e68	func_00275e68	92	branchy	lift	near	91.26	m2c:near:81.87;ghidra:near:70.17;e3:near:55.33
00275ec8	func_00275ec8	64	straight	lift	exact	100.00	ghidra:exact:100.0;m2c:near:82.18
00275f08	func_00275f08	92	branchy	lift	near	91.26	m2c:near:81.87;ghidra:near:70.17
00275f68	_ZN2Tz6Jiminy18SetMainFrameLRMessEii	284	branchy	ghidra	near	89.60	lift:near:71.65;e3:near:50.48;m2c:near:36.55
00276088	func_00276088	196	branchy	m2c	near	55.76	lift:near:40.18;ghidra:near:10.41
00276150	func_00276150	208	loop	lift	near	68.73	m2c:near:58.8;ghidra:near:43.46
00276410	func_00276410	40	straight	lift	exact	100.00	m2c:exact:100.0;ghidra:near:93.9;e3:near:23.76
00276438	func_00276438	116	branchy	lift	exact	100.00	ghidra:near:93.1;m2c:near:92.97;e3:near:19.27
002764b0	_ZN2Tz6Jiminy17AreaWorld2JmWorldEi	160	switch	ghidra	near	38.95	e3:near:32.32
002766e0	func_002766e0	424	loop	lift	exact	100.00	m2c:near:96.44;ghidra:near:89.7
00276888	func_00276888	400	loop	ghidra	near	94.34	m2c:near:60.42;lift:near:21.57
00276a90	func_00276a90	124	loop	ghidra	near	56.71	lift:near:31.26;m2c:near:26.03
00276b10	func_00276b10	128	loop	lift	exact	100.00	ghidra:near:95.76;m2c:near:75.7
00276b90	func_00276b90	136	loop	ghidra	near	60.59	m2c:near:47.56;lift:near:25.44
00276c50	_ZN2Tz8JmReport11DrawMessageEjj	56	branchy	ghidra	near	92.33	lift:near:91.43;m2c:near:91.43
00276c88	func_00276c88	308	branchy	lift	near	96.36	ghidra:near:81.1;m2c:near:78.95
00276df8	func_00276df8	48	branchy	lift	exact	100.00	ghidra:near:92.31;corpus:near:83.08;m2c:near:56.77
00276e78	_ZN2Tz6Jiminy11CreateCoverEv	192	branchy	ghidra	near	61.37	lift:near:34.63;m2c:near:8.62
00276f38	func_00276f38	36	straight	m2c	near	35.44	lift:near:20.0;ghidra:near:3.22
00277178	func_00277178	332	branchy	lift	near	94.19	m2c:near:86.7;e3:near:73.62;ghidra:near:41.87
002772c8	_ZN2Tz9CmAbility8SetupTopEi	1084	loop	ghidra	near	84.24	lift:near:71.32;m2c:near:69.49
00277708	func_00277708	560	loop	lift	near	95.12	ghidra:near:74.94;m2c:near:72.22
00277938	func_00277938	996	branchy	m2c	near	82.02	lift:near:47.02;ghidra:near:36.2
00277d20	_ZN2Tz9CmAbility8SetupSelEv	1524	loop	lift	near	74.87	ghidra:near:66.56;m2c:near:61.66
00278318	func_00278318	1444	switch	ghidra	near	73.51	lift:near:57.25;m2c:near:48.7
002788c0	func_002788c0	1296	loop	lift	near	79.15	ghidra:near:63.15;m2c:near:54.39
00278dd0	func_00278dd0	624	branchy	m2c	near	94.54	lift:near:66.5;ghidra:near:52.36
00279040	func_00279040	876	loop	ghidra	near	66.43	m2c:near:63.14;e3:near:43.28
002793b0	func_002793b0	624	loop	ghidra	near	51.18	m2c:near:48.26;e3:near:39.67
00279620	func_00279620	572	loop	lift	near	65.79	m2c:near:62.83;ghidra:near:60.98
00279860	_ZN2Tz9CmAbility18GetFriendAbilityAIEv	336	loop	ghidra	near	83.99	m2c:near:73.65;lift:near:69.32
002799b0	func_002799b0	96	loop	lift	near	72.50	m2c:near:68.25;e3:near:45.47;ghidra:near:42.0
00279a10	_ZN2Tz9CmAbility15SortAbilityInfoEv	708	loop	m2c	near	18.53	ghidra:near:4.69
00279cd8	_ZN2Tz9CmAbility13CreateTopListEv	496	loop	lift	near	88.75	ghidra:near:78.36;m2c:near:51.84
00279ec8	func_00279ec8	572	loop	m2c	near	77.52	ghidra:near:72.09;lift:near:68.86
0027a108	_ZN2Tz9CmAbility14FadeOutSelListEb	120	branchy	lift	exact	100.00	ghidra:near:93.75;m2c:near:93.62
0027a208	func_0027a208	1228	loop	m2c	near	60.45	ghidra:near:59.62;lift:compile:0.0
0027a6d8	_ZN2Tz9CmAbility9UpdateNewEv	260	branchy	ghidra	near	60.77	m2c:near:44.26;lift:near:38.75;e3:near:36.57
0027a7e0	func_0027a7e0	180	branchy	lift	near	94.11	ghidra:near:90.61;m2c:near:89.83;e3:near:0.0
0027a908	func_0027a908	132	branchy	ghidra	near	95.29	lift:near:91.18;m2c:near:82.6
0027aa10	func_0027aa10	104	branchy	ghidra	near	87.08	m2c:near:84.72;lift:near:67.56
0027aaa0	func_0027aaa0	404	loop	m2c	near	76.53	ghidra:near:65.24;lift:near:53.09
0027ac38	_ZN2Tz9CmAbility18FadeOutAbilityListEv	192	branchy	lift	near	90.42	m2c:near:90.19;ghidra:near:83.48
0027acf8	func_0027acf8	136	branchy	lift	near	92.35	m2c:near:89.51;ghidra:near:86.94;e3:near:18.12
0027ad80	func_0027ad80	156	branchy	m2c	near	75.33	ghidra:near:67.21;lift:near:63.85;e3:near:23.15
0027ae20	func_0027ae20	88	loop	ghidra	near	77.88	lift:near:72.0;e3:near:40.15;m2c:compile:0.0
0027ae78	func_0027ae78	92	loop	lift	exact	100.00	ghidra:near:77.29;e3:near:50.97;m2c:near:44.91
0027af58	_ZN2Tz9CmAbility14Cur2AbiltyTypeEv	132	loop	ghidra	near	79.85	lift:near:78.64;m2c:near:60.16
0027afe0	_ZN2Tz9CmAbility24SetIndiAbilityDefaultPosEv	280	loop	lift	near	83.20	ghidra:near:72.82;m2c:near:61.35;e3:near:2.37
0027b0f8	func_0027b0f8	332	branchy	lift	near	79.13	ghidra:near:65.81;m2c:near:55.63
0027b248	func_0027b248	672	float	m2c	near	47.22	lift:near:42.82;ghidra:near:30.94
0027b4e8	func_0027b4e8	40	straight	lift	exact	100.00	ghidra:exact:100.0;m2c:exact:100.0
0027b5d0	func_0027b5d0	232	loop	m2c	near	77.30	ghidra:near:66.34;e3:near:55.91;lift:near:40.43
0027b6b8	func_0027b6b8	680	loop	m2c	near	73.49	ghidra:near:69.67;lift:near:53.99
0027bbe0	func_0027bbe0	352	branchy	lift	near	92.49	m2c:near:76.11;e3:near:71.96;ghidra:near:58.11
0027bd40	func_0027bd40	480	branchy	m2c	near	82.52	lift:near:71.28;ghidra:near:64.11
0027bf20	func_0027bf20	68	branchy	ghidra	near	81.90	m2c:near:55.61;lift:near:46.41;e3:near:13.15
0027bf68	func_0027bf68	428	loop	m2c	near	74.97	lift:near:70.17;ghidra:near:40.56;e3:near:19.59
0027c118	func_0027c118	164	straight	ghidra	near	70.33	lift:near:70.24;m2c:near:69.23
0027c1c0	func_0027c1c0	312	branchy	lift	near	70.44	m2c:near:65.64;ghidra:near:62.24;e3:near:47.13
0027c2f8	func_0027c2f8	192	branchy	ghidra	exact	100.00	lift:near:74.54;m2c:near:64.27
0027c3e0	_ZN2Tz9CmAbility8SelCheckEi	244	branchy	lift	near	65.90	m2c:near:64.82;ghidra:near:55.28
0027c5a0	_ZN2Tz8CmConfig5SetupEv	348	straight	permute	exact	100.00	lift:near:95.91;ghidra:near:86.28;m2c:near:84.07;e3:near:59.7
0027c700	_ZN2Tz8CmConfig4CtrlEv	676	switch	m2c	near	88.18	lift:near:66.48;ghidra:near:50.24
0027c9a8	func_0027c9a8	416	switch	lift	near	94.81	e3:near:29.86;ghidra:near:11.35;m2c:compile:0.0
0027cb48	func_0027cb48	428	switch	lift	near	74.86	e3:near:48.52;ghidra:compile:0.0;m2c:compile:0.0
0027ccf8	func_0027ccf8	784	loop	lift	near	73.26	ghidra:near:71.62;m2c:compile:0.0
0027d008	func_0027d008	732	loop	ghidra	near	65.30	m2c:near:64.46;lift:near:56.19
0027d450	func_0027d450	56	straight	lift	near	81.43	m2c:near:81.43;ghidra:near:81.07
0027d598	func_0027d598	64	straight	lift	exact	100.00	ghidra:exact:100.0;m2c:exact:100.0;corpus:near:61.81
0027d5d8	func_0027d5d8	564	branchy	permute	exact	100.00	lift:near:99.68;ghidra:near:85.08;m2c:near:55.89
0027d868	func_0027d868	380	branchy	lift	near	63.89	ghidra:near:44.95;m2c:compile:0.0
0027db58	func_0027db58	124	branchy	lift	near	84.71	m2c:near:81.12;ghidra:near:51.94;e3:near:26.26
0027dc40	_ZN2Tz10SimpleStat4InitEv	216	loop	lift	exact	100.00	ghidra:near:96.65;e3:near:27.37;m2c:compile:0.0
0027dd18	func_0027dd18	460	loop	lift	near	58.45	m2c:near:58.33;ghidra:near:51.03;e3:near:2.15
0027dee8	func_0027dee8	2036	loop	ghidra	near	52.13	m2c:near:44.82;lift:near:40.6
0027e770	func_0027e770	428	loop	lift	near	93.83	m2c:near:81.68;ghidra:near:60.24
0027e920	func_0027e920	344	loop	ghidra	near	73.20	m2c:near:70.53;lift:near:34.02
0027ead0	func_0027ead0	60	straight	lift	exact	100.00	m2c:near:79.06;ghidra:near:64.19
0027eb10	_ZN2Tz10SimpleStat9UpdateNumEv	568	float	m2c	near	74.43	ghidra:near:57.28;lift:compile:0.0
0027ed48	func_0027ed48	252	loop	ghidra	near	0.00	m2c:near:0.0
0027f2b0	func_0027f2b0	72	branchy	lift	exact	100.00	ghidra:near:77.0;m2c:near:55.71;e3:near:37.27
0027f3d8	_ZN2Tz9GumiPause7ControlEv	204	branchy	lift	near	91.76	m2c:near:81.73;ghidra:near:23.12
0027f4a8	func_0027f4a8	836	loop	lift	near	85.70	ghidra:near:81.15;e3:near:0.0;m2c:compile:0.0
0027f7f0	func_0027f7f0	444	switch	m2c	near	90.67	lift:near:74.09;ghidra:near:59.3
0027f9b0	func_0027f9b0	40	straight	lift	exact	100.00	ghidra:exact:100.0;m2c:exact:100.0
0027f9d8	func_0027f9d8	452	branchy	m2c	near	82.06	lift:near:68.05;ghidra:near:50.09
0027fba0	func_0027fba0	288	loop	lift	near	60.99	e3:near:56.26;m2c:near:54.11;ghidra:near:20.33
0027fd38	func_0027fd38	456	loop	m2c	near	60.75	lift:near:46.48;ghidra:near:35.19
0027ff00	func_0027ff00	460	loop	m2c	near	82.46	ghidra:near:0.0
00280148	func_00280148	244	straight	lift	near	93.70	ghidra:near:84.16;m2c:near:50.54
00280240	func_00280240	76	straight	lift	exact	100.00	ghidra:exact:100.0;m2c:near:94.8;e3:near:42.05
002803e0	func_002803e0	60	straight	lift	exact	100.00	ghidra:exact:100.0;m2c:near:93.56
00280528	_ZN2Tz9GumiPause15UpdateAdviceGraEv	164	branchy	lift	exact	100.00	m2c:near:95.16;ghidra:near:88.59;e3:near:55.43
002805d0	_ZN2Tz9GumiPause15CreateAdviceGraEv	168	straight	lift	exact	100.00	m2c:near:73.21;ghidra:near:71.33
002806a0	func_002806a0	36	straight	m2c	near	35.44	lift:near:20.0;ghidra:near:3.22
002806c8	_ZN2Tz6CMData6GetPtrEi	40	straight	lift	exact	100.00	m2c:exact:100.0;ghidra:near:93.9
00280720	_ZN2Tz12GumiGameOver4InitEv	452	loop	lift	near	96.28	ghidra:near:89.15;e3:near:60.22;m2c:compile:0.0
00280a50	func_00280a50	488	loop	lift	near	84.17	ghidra:near:64.29;m2c:compile:0.0
00280c38	_ZN2Tz12GumiGameOver7ControlEv	260	branchy	lift	near	94.31	m2c:near:70.77;ghidra:near:9.4
00280d40	_ZN2Tz12GumiGameOver4DrawEv	344	loop	lift	exact	100.00	ghidra:near:77.74;m2c:near:59.9
00280ef8	_Z16wtarget_00280ef8jjjj	268	loop	m2c	near	89.86	lift:near:85.84;ghidra:near:0.0
00281008	_Z13func_00281008Pv	80	loop	lift	exact	100.00	m2c:near:99.95;ghidra:near:70.1
002810c8	func_002810c8	56	straight	lift	exact	100.00	ghidra:exact:100.0;m2c:exact:100.0;corpus:near:93.33;e3:near:41.11
00281108	func_00281108	32	straight	lift	exact	100.00	twins:exact:100.0;corpus:exact:100.0;ghidra:exact:100.0;m2c:exact:100.0
002811f8	func_002811f8	60	loop	lift	exact	100.00	ghidra:near:45.56;m2c:compile:0.0
002812e0	func_002812e0	92	loop	m2c	near	85.61	lift:near:1.54;ghidra:near:0.0
002815d8	func_002815d8	276	straight	lift	near	88.52	ghidra:near:74.68;e3:near:38.52;m2c:compile:0.0
002816f0	func_002816f0	200	branchy	ghidra	near	85.39	lift:near:75.4;m2c:near:67.11
002817d8	func_002817d8	220	loop	lift	near	86.49	ghidra:near:52.79;m2c:near:38.18
002818b8	_ZN2Tz11ItemPicDraw6CreateEi	628	float	lift	near	71.89	m2c:near:64.37;ghidra:near:58.13
00281b30	_ZN2Tz6CmItem11FadeOutHelpEv	176	branchy	lift	exact	100.00	ghidra:near:86.2;m2c:near:76.65;e3:near:0.0
00281c50	_ZN2Tz6CmItem10LeavePopupEv	156	branchy	lift	exact	100.00	ghidra:near:72.81;m2c:near:62.55
00281cf0	func_00281cf0	72	float	m2c	near	60.71	ghidra:near:45.28;lift:near:32.75
00281d48	func_00281d48	216	float	lift	near	84.59	m2c:near:70.59;ghidra:near:26.78;e3:near:0.0
00281e70	func_00281e70	20	straight	lift	exact	100.00	e3:exact:100.0;ghidra:near:88.0;m2c:near:70.86
00281e88	func_00281e88	60	straight	lift	exact	100.00	ghidra:exact:100.0;corpus:near:86.67;m2c:near:86.0
00281ec8	func_00281ec8	60	straight	lift	exact	100.00	ghidra:exact:100.0;corpus:near:86.67;m2c:near:86.0
00281f90	func_00281f90	80	loop	lift	exact	100.00	ghidra:near:99.9;m2c:near:99.85
00281fe0	func_00281fe0	584	loop	ghidra	near	72.25	m2c:compile:0.0
00282240	func_00282240	364	loop	lift	near	39.05	m2c:near:34.46;ghidra:near:34.33;e3:near:2.51
002823b0	func_002823b0	624	loop	m2c	near	59.53	ghidra:near:52.62;e3:near:33.66
00282620	func_00282620	212	loop	ghidra	near	63.59	e3:near:38.0;m2c:compile:0.0
002826f8	func_002826f8	228	switch	m2c	near	91.49	ghidra:near:71.84;lift:near:29.84
002827f0	_ZN2Tz8ItemInfo10MakeMsgTblEii	104	branchy	lift	near	94.11	m2c:near:94.11;ghidra:near:77.32
00282858	func_00282858	228	loop	lift	near	95.51	m2c:near:75.67;ghidra:near:75.32
00282940	func_00282940	444	loop	m2c	near	98.02	ghidra:near:69.75;lift:near:69.73
00282b00	func_00282b00	360	loop	lift	near	83.25	m2c:near:70.64;ghidra:near:64.86
00282c68	func_00282c68	80	loop	ghidra	near	44.00	lift:near:38.71;m2c:compile:0.0
00282cb8	func_00282cb8	156	branchy	m2c	near	82.38	lift:near:79.05;ghidra:near:51.1
00282d70	_ZN2Tz8ItemInfo12SortItemInfoEv	332	loop	m2c	near	55.89	ghidra:near:4.69
002830b8	func_002830b8	200	branchy	lift	exact	100.00	m2c:near:88.6;ghidra:near:87.19
002831e0	func_002831e0	80	straight	lift	exact	100.00	m2c:near:95.14;ghidra:near:88.18
00283230	func_00283230	456	branchy	lift	near	98.28	m2c:near:91.99;ghidra:near:36.01
002833f8	func_002833f8	432	branchy	lift	near	95.56	ghidra:near:80.07;m2c:near:55.49
002835d8	func_002835d8	64	branchy	lift	exact	100.00	ghidra:near:94.12;m2c:near:85.39
00283618	func_00283618	80	branchy	lift	exact	100.00	m2c:near:81.61;ghidra:near:78.33
00283668	func_00283668	200	branchy	ghidra	near	92.59	lift:near:88.39;m2c:near:83.67
00283790	func_00283790	368	branchy	lift	near	73.83	ghidra:near:64.15;m2c:near:63.47
00283ab8	func_00283ab8	192	loop	lift	near	69.13	ghidra:near:40.65;m2c:near:0.06
00283c50	func_00283c50	176	loop	lift	near	69.69	ghidra:near:68.0;m2c:near:49.47
00283d00	func_00283d00	328	loop	lift	near	79.45	ghidra:near:35.78;m2c:compile:0.0
00283e48	func_00283e48	112	branchy	lift	exact	100.00	m2c:near:65.34;ghidra:near:63.54
00283eb8	func_00283eb8	152	branchy	lift	near	99.16	ghidra:near:48.6;m2c:near:37.39
00284220	func_00284220	412	loop	lift	near	88.53	m2c:near:86.0;ghidra:near:73.16
002843e8	func_002843e8	336	loop	lift	exact	100.00	ghidra:near:69.17;m2c:near:68.01
00284538	func_00284538	276	loop	lift	near	95.12	m2c:near:91.72;ghidra:near:71.01
00284650	func_00284650	228	loop	lift	near	95.32	ghidra:near:94.02;m2c:near:79.23
002847e0	_ZN2Tz6Ending5SetupEv	1632	float	lift	near	76.85	m2c:near:61.93;ghidra:near:35.24
00284e40	_ZN2Tz6Ending10SoundSetupEv	100	straight	lift	near	99.20	ghidra:near:91.12;e3:near:59.18;m2c:compile:0.0
00284ea8	_ZN2Tz6Ending15SoundBufferFreeEv	68	straight	lift	near	98.82	ghidra:near:98.82;m2c:near:95.12;e3:near:94.11
00284ef0	_ZN2Tz6Ending7ControlEv	228	branchy	m2c	near	90.82	lift:near:84.22;ghidra:near:14.58
00284fd8	func_00284fd8	152	branchy	m2c	near	94.95	lift:near:86.98;ghidra:near:47.84
00285070	func_00285070	364	branchy	m2c	near	88.85	ghidra:near:80.32;lift:near:70.02
002851e0	_ZN2Tz6Ending4DrawEv	472	branchy	lift	near	96.06	ghidra:near:84.18;m2c:near:0.0
002853b8	func_002853b8	92	branchy	lift	exact	100.00	ghidra:near:95.83;m2c:near:72.71
002854d8	func_002854d8	496	loop	lift	near	64.02	m2c:near:59.05;ghidra:near:58.55
00285760	func_00285760	200	branchy	lift	near	86.86	m2c:near:82.12;ghidra:near:78.1
00285910	func_00285910	144	loop	lift	near	85.41	ghidra:near:83.11;m2c:near:74.51
002859f0	_Z16u_call0_002859f0v	804	loop	ghidra	near	72.90	lift:near:67.35;m2c:compile:0.0
00285d18	func_00285d18	60	loop	ghidra	near	44.47	lift:near:43.93;m2c:near:41.87
00285d58	func_00285d58	216	loop	lift	near	53.89	ghidra:near:14.26;m2c:compile:0.0
00285e30	func_00285e30	284	loop	lift	near	65.28	ghidra:near:19.38;m2c:compile:0.0
00285f50	_Z13func_00285f50Pv	80	branchy	lift	exact	100.00	twins:exact:100.0;ghidra:exact:100.0;m2c:near:62.41
00285fa0	_Z16u_call0_00285fa0v	180	loop	lift	near	82.02	ghidra:near:76.35;e3:near:48.03;m2c:compile:0.0
00286068	func_00286068	248	loop	lift	near	66.94	ghidra:near:8.6;m2c:compile:0.0
00286160	func_00286160	284	loop	lift	near	65.28	ghidra:near:19.38;e3:near:13.04;m2c:compile:0.0
00286298	_Z16u_call0_00286298v	384	loop	lift	near	61.99	ghidra:near:39.7;e3:near:36.68;m2c:compile:0.0
00286418	func_00286418	220	loop	lift	near	79.29	m2c:near:52.91;ghidra:near:52.72;e3:near:39.5
002864f8	func_002864f8	216	loop	lift	near	50.29	ghidra:near:11.22;e3:near:10.07;m2c:compile:0.0
00286628	_Z16u_tail0_00286628v	1792	loop	ghidra	near	59.58	m2c:compile:0.0
00286d28	func_00286d28	416	loop	ghidra	near	75.74	e3:near:56.67;lift:near:16.14;m2c:compile:0.0
00286ec8	func_00286ec8	348	loop	ghidra	near	87.84	e3:near:32.72;lift:near:29.2;m2c:compile:0.0
00287028	func_00287028	496	loop	ghidra	near	82.40	e3:near:42.24;lift:near:20.0;m2c:compile:0.0
00287218	func_00287218	320	loop	ghidra	near	84.24	lift:near:44.44;e3:near:14.62;m2c:compile:0.0
00287358	func_00287358	212	branchy	m2c	near	82.61	lift:near:81.62;ghidra:near:73.85;e3:near:33.46
00287430	func_00287430	124	branchy	ghidra	near	68.77	m2c:near:29.31;lift:near:21.91
002874b0	func_002874b0	312	loop	lift	near	98.97	ghidra:near:78.42;e3:near:50.21;m2c:compile:0.0
002875e8	func_002875e8	312	loop	lift	near	98.97	ghidra:near:78.42;e3:near:50.21;m2c:compile:0.0
00287720	func_00287720	64	straight	lift	near	83.00	ghidra:near:81.75;m2c:near:81.69
00287760	func_00287760	64	straight	lift	near	83.00	ghidra:near:81.75;m2c:near:81.69
002877a0	func_002877a0	224	branchy	typed	exact	100.00	lift:exact:100.0;ghidra:near:95.96;m2c:near:36.55
00287910	func_00287910	276	branchy	lift	exact	100.00	ghidra:near:81.1;m2c:compile:0.0
00287a28	_ZN2Tz8MenuBase4ExitEv	164	branchy	lift	exact	100.00	ghidra:near:99.76;m2c:near:82.39
00287b30	func_00287b30	60	straight	lift	exact	100.00	m2c:near:31.26;ghidra:near:5.93
00287b98	func_00287b98	40	straight	lift	exact	100.00	ghidra:exact:100.0;corpus:near:94.0;m2c:near:67.0
00287bd0	_ZN2Tz8MenuBase14NextModeToModeEz	48	straight	ghidra	exact	100.00	lift:near:99.17;m2c:near:92.15;corpus:near:85.36
00287d68	_ZN2Tz8MenuBase8SaveModeEv	52	straight	lift	exact	100.00	ghidra:exact:100.0;e3:near:99.54;m2c:near:44.74
00287df0	func_00287df0	200	branchy	lift	near	69.02	ghidra:near:37.74;m2c:compile:0.0
00287ed8	_ZN2Tz8MenuBase11SavePadInitEP9ALLOCATOR	84	branchy	lift	exact	100.00	m2c:near:95.32;ghidra:near:81.74;e3:near:35.67
00287f30	func_00287f30	92	loop	lift	near	94.62	m2c:near:87.15;ghidra:near:86.74;e3:near:0.0
00287f90	func_00287f90	120	branchy	lift	near	74.37	m2c:near:43.97;e3:near:23.13;ghidra:near:8.81
00288018	func_00288018	40	straight	e3	near	39.65	lift:near:37.6;m2c:near:36.9;ghidra:near:15.0
00288088	_ZN2Tz8MenuBase13isPressAnyKeyEv	44	straight	ghidra	exact	100.00	e3:near:99.55;lift:near:81.82;m2c:near:39.0
002880b8	func_002880b8	264	straight	lift	near	89.67	ghidra:near:65.09;e3:near:53.61;m2c:compile:0.0
002881c0	func_002881c0	328	branchy	permute	exact	100.00	lift:near:92.55;m2c:near:78.1;ghidra:near:73.6;e3:near:0.0
00288478	func_00288478	340	loop	lift	near	95.29	ghidra:near:75.44;m2c:near:69.8;e3:near:0.0
00288610	func_00288610	40	straight	lift	exact	100.00	ghidra:exact:100.0;corpus:near:80.0;m2c:near:55.92
00288670	func_00288670	224	branchy	lift	near	79.70	ghidra:near:73.91;m2c:near:50.21
002888f8	func_002888f8	244	loop	lift	near	69.41	ghidra:near:51.94;m2c:compile:0.0
002889f0	func_002889f0	244	loop	lift	near	69.41	ghidra:near:51.94;e3:near:44.59;m2c:compile:0.0
00288b78	_ZN2Tz6Select3EndEv	112	branchy	lift	exact	100.00	m2c:near:63.06;e3:near:51.43;ghidra:near:33.91
00288be8	func_00288be8	52	straight	ghidra	near	84.62	m2c:compile:0.0
00288c20	func_00288c20	52	branchy	lift	exact	100.00	twins:exact:100.0;ghidra:near:99.23;m2c:near:92.0;e3:near:38.46
00288c58	func_00288c58	80	straight	lift	exact	100.00	ghidra:exact:100.0;m2c:exact:100.0
00288ce0	func_00288ce0	156	loop	lift	near	45.26	e3:near:17.02;ghidra:near:0.0;m2c:compile:0.0
00288d80	_ZN2Tz6Select7SetItemEiiiPNS_6LayoutEiPKsS4_	136	straight	lift	near	69.71	e3:near:68.38;ghidra:near:59.49;m2c:near:48.21
00288e08	_ZN2Tz6Select11SetExOffsetEiii	124	straight	e3	near	82.45	ghidra:near:75.49;m2c:compile:0.0
00288e88	func_00288e88	188	loop	ghidra	near	66.91	lift:near:65.84;e3:near:14.51;m2c:compile:0.0
00288f60	func_00288f60	120	loop	lift	near	69.88	ghidra:near:50.23;e3:near:18.74;m2c:compile:0.0
00288fd8	func_00288fd8	92	loop	lift	near	55.35	ghidra:near:31.21;e3:near:15.86;m2c:compile:0.0
00289038	func_00289038	168	branchy	lift	near	86.26	ghidra:near:66.84;e3:near:42.21;m2c:compile:0.0
002891f0	_ZN2Tz6Select10SetCurrentEibii	264	branchy	lift	near	96.03	ghidra:near:71.18;e3:near:59.79;m2c:compile:0.0
00289380	func_00289380	1628	loop	m2c	near	69.89	ghidra:near:37.98
002899e0	func_002899e0	332	branchy	lift	near	48.40	m2c:near:45.4;ghidra:near:43.22
00289b30	func_00289b30	504	loop	lift	near	62.80	m2c:near:39.48;ghidra:near:1.09
00289d28	func_00289d28	464	loop	m2c	near	60.58	lift:near:54.94;ghidra:near:1.92
00289ef8	func_00289ef8	1708	branchy	m2c	near	65.06	lift:near:9.27;ghidra:near:0.0
0028a5a8	func_0028a5a8	744	branchy	m2c	near	59.25	lift:near:34.06;ghidra:near:21.3
0028a908	func_0028a908	120	loop	lift	near	83.77	ghidra:near:60.5;m2c:compile:0.0
0028a980	func_0028a980	188	loop	lift	near	92.85	ghidra:near:68.92;m2c:compile:0.0
0028aa40	_ZN2Tz6Select5StartEz	224	loop	lift	near	88.62	ghidra:near:66.42;e3:near:38.88;m2c:compile:0.0
0028ab20	_ZN2Tz6Select5LeaveEz	192	loop	lift	near	85.10	ghidra:near:36.94;m2c:compile:0.0
0028abe0	_ZN2Tz6Select7DestroyEz	184	loop	lift	near	97.66	e3:near:59.83;ghidra:near:58.26;m2c:compile:0.0
0028ac98	func_0028ac98	32	branchy	lift	near	33.12	m2c:near:25.62;ghidra:near:13.33
0028acc8	_ZN2Tz6Select9isCreatedEz	136	loop	lift	near	85.68	ghidra:near:65.15;e3:near:62.15;m2c:compile:0.0
0028ad50	func_0028ad50	216	loop	lift	near	82.62	ghidra:near:71.28;m2c:compile:0.0
0028ae28	_ZN2Tz6Select9IsSeqDoneEz	112	straight	lift	near	69.86	ghidra:near:69.47;e3:near:50.52;m2c:compile:0.0
0028ae98	func_0028ae98	124	branchy	ghidra	near	79.84	lift:near:65.77;m2c:compile:0.0
0028afd0	func_0028afd0	104	branchy	lift	near	69.04	m2c:near:64.96;ghidra:near:50.97;e3:near:32.53
0028b040	_ZN2Tz8JmReport7GetDataEj	56	branchy	typed	exact	100.00	lift:exact:100.0;ghidra:near:49.33;e3:near:37.94;m2c:near:18.33
0028b0e0	_ZN2Tz6Select11Reset2DModeEv	64	straight	typed	exact	100.00	lift:exact:100.0;ghidra:near:67.44;m2c:near:63.75;e3:near:23.06
0028b120	func_0028b120	64	branchy	m2c	near	92.50	lift:near:61.88;ghidra:near:40.95
0028b160	_ZN2Tz6Select10GetPtr2IdxEPv	76	loop	typed	exact	100.00	lift:exact:100.0;ghidra:near:31.2;m2c:near:29.89;e3:near:28.42
0028b1c0	func_0028b1c0	36	branchy	ghidra	near	90.00	lift:near:71.11;m2c:near:50.56
0028b218	_ZN2Tz6Select11SetPageModeEb	44	branchy	typed	exact	100.00	lift:exact:100.0;e3:near:96.82;m2c:near:78.75;ghidra:near:54.17
0028b258	func_0028b258	164	loop	lift	near	72.02	m2c:near:40.88;ghidra:near:13.78
0028b300	func_0028b300	192	loop	lift	near	88.85	ghidra:near:55.48;m2c:near:52.38;e3:near:52.05
0028b3c0	func_0028b3c0	252	loop	m2c	near	95.32	ghidra:near:87.88;lift:near:77.7
0028b520	func_0028b520	208	loop	lift	near	85.62	m2c:near:61.54;ghidra:near:0.0
0028b750	func_0028b750	52	straight	lift	exact	100.00	m2c:exact:100.0;ghidra:near:69.0
0028b788	_ZN2Tz12LeadDataInitEPv	52	straight	lift	exact	100.00	m2c:exact:100.0;ghidra:near:69.0
0028b7f8	func_0028b7f8	56	straight	lift	near	66.29	m2c:near:66.29;ghidra:near:34.87
0028b830	func_0028b830	60	straight	lift	exact	100.00	m2c:exact:100.0;corpus:near:85.93;ghidra:near:51.76
0028b940	func_0028b940	112	straight	lift	exact	100.00	ghidra:near:82.37;m2c:compile:0.0
0028b9b0	func_0028b9b0	112	straight	typed	exact	100.00	lift:exact:100.0;ghidra:near:82.37;e3:near:55.59;m2c:compile:0.0
0028bae0	func_0028bae0	640	float	lift	near	76.36	ghidra:near:73.51;m2c:near:47.12
0028bdb8	_ZN2Tz13LeadDataLeaveEj	92	branchy	typed	exact	100.00	lift:exact:100.0;m2c:near:97.39;ghidra:near:88.08;e3:near:0.0
0028be78	_ZN2Tz9ScrollBar6SetPosEi	324	float	e3	near	50.32	ghidra:near:21.0;lift:near:15.15;m2c:near:0.0
0028bfc0	func_0028bfc0	224	float	lift	near	95.36	ghidra:near:56.13;m2c:near:2.21
0028c0a0	func_0028c0a0	124	branchy	lift	near	86.71	ghidra:near:75.09;m2c:near:65.35
0028c170	func_0028c170	40	straight	lift	exact	100.00	twins:exact:100.0;corpus:exact:100.0;ghidra:exact:100.0;m2c:exact:100.0
0028c198	_ZN2Tz8MenuItem5startEiiiPNS_6LayoutEiii	300	branchy	lift	near	88.32	m2c:near:63.16;e3:near:35.85;ghidra:near:29.93
0028c2c8	func_0028c2c8	184	branchy	lift	near	80.79	m2c:near:79.8;ghidra:near:78.63;e3:near:37.06
0028c3f0	_ZN2Tz8MenuItem4initEP9ALLOCATOR	260	loop	lift	near	93.42	ghidra:near:84.09;m2c:near:70.68
0028c878	_ZN2Tz10MenuCursor4InitEP9ALLOCATORi	508	loop	lift	near	72.46	ghidra:near:70.27;m2c:compile:0.0
0028ca78	_ZN2Tz10MenuCursor4ExitEv	380	loop	lift	near	87.65	m2c:near:73.15;ghidra:near:70.0;e3:near:69.33
0028cc08	func_0028cc08	52	straight	ghidra	near	84.62	m2c:compile:0.0
0028cc40	func_0028cc40	52	branchy	lift	exact	100.00	twins:exact:100.0;ghidra:near:99.23;m2c:near:92.0
0028cc78	_ZN2Tz10MenuCursor6CreateEiiiPNS_6LayoutEiii	320	branchy	lift	near	84.76	ghidra:near:67.38;m2c:compile:0.0
0028cdb8	func_0028cdb8	124	branchy	lift	exact	100.00	m2c:near:78.94;ghidra:near:73.94
0028ce98	_ZN2Tz10MenuCursor7SetTypeEii	120	branchy	ghidra	near	96.00	lift:near:51.67;m2c:compile:0.0
0028d008	func_0028d008	92	branchy	lift	near	93.33	m2c:near:86.0;ghidra:near:76.46
0028d068	_Z16wtarget_0028d068jjjj	96	loop	lift	near	96.04	ghidra:near:44.38;e3:near:27.93;m2c:compile:0.0
0028d0f8	func_0028d0f8	72	straight	typed	exact	100.00	lift:exact:100.0;m2c:exact:100.0;ghidra:near:66.45
0028d140	_ZN2Tz8ItemStatC1Ev	72	straight	typed	exact	100.00	lift:exact:100.0;m2c:exact:100.0;ghidra:near:66.45
0028d188	func_0028d188	52	float	lift	near	77.71	m2c:near:35.0;ghidra:near:33.38
0028d1c0	_ZN2Tz8LightCur6CreateEiiiPNS_6LayoutEPKsii	224	loop	lift	near	96.07	ghidra:near:80.6;m2c:near:80.59
0028d2a0	func_0028d2a0	128	float	typed	exact	100.00	lift:exact:100.0;m2c:near:61.72;ghidra:near:35.19
0028d320	func_0028d320	688	float	m2c	near	62.38	ghidra:near:53.04;lift:near:21.91
0028d660	func_0028d660	132	branchy	typed	exact	100.00	lift:exact:100.0;m2c:near:98.18;ghidra:near:83.16;e3:near:40.41
0028d708	func_0028d708	40	straight	lift	exact	100.00	twins:exact:100.0;corpus:exact:100.0;ghidra:exact:100.0;m2c:exact:100.0
0028d7f0	_ZN2Tz8MenuUtil9CreateLayEPNS_6LayoutEiiiiiPhS3_i	208	branchy	e3	exact	100.00	lift:near:88.73;ghidra:near:86.38;m2c:near:53.48
0028d8c0	_ZN2Tz5Pause16CreateFadeObjectEz	192	straight	typed	exact	100.00	lift:exact:100.0;ghidra:near:86.13;e3:near:85.87;m2c:near:29.04
0028d980	_ZN2Tz10MenuCursor6CreateEz	240	branchy	lift	near	95.30	e3:near:83.72;ghidra:near:83.29;m2c:near:45.85
0028da70	_ZN2Tz6Select11SetSequenceEz	84	branchy	typed	exact	100.00	lift:exact:100.0;m2c:exact:100.0;e3:near:99.76;ghidra:near:77.2
0028dbf8	func_0028dbf8	200	loop	ghidra	near	63.66	lift:near:8.54;m2c:compile:0.0
0028dcc0	_ZN2Tz10MenuCursor12AttachSpriteEz	104	branchy	m2c	near	95.93	lift:near:89.54;ghidra:near:76.53;e3:near:61.04
0028dd90	func_0028dd90	68	branchy	lift	near	59.30	e3:near:43.0;m2c:near:34.12;ghidra:near:30.29
0028de08	_ZN2Tz8MenuUtil15MakeQuestionStrEiPci	232	loop	ghidra	near	86.16	m2c:near:72.45;lift:near:62.03
0028def0	func_0028def0	220	loop	ghidra	near	82.29	m2c:near:70.29;lift:near:61.18
0028dfe8	func_0028dfe8	24	straight	lift	exact	100.00	ghidra:exact:100.0;m2c:exact:100.0
0028e0d8	func_0028e0d8	184	loop	lift	near	84.02	ghidra:near:81.63;e3:near:64.72;m2c:near:49.91
0028e190	func_0028e190	276	float	lift	near	77.22	m2c:near:74.25;ghidra:near:61.97
0028e2a8	func_0028e2a8	164	loop	lift	near	93.39	m2c:near:85.54;ghidra:near:82.38
0028e350	_Z16ctarget_0028e350jjjj	100	loop	lift	near	85.00	ghidra:near:80.0;m2c:near:64.23
0028e438	func_0028e438	140	branchy	typed	exact	100.00	lift:exact:100.0;m2c:exact:100.0;ghidra:near:93.54;e3:near:55.36
0028e560	func_0028e560	128	loop	ghidra	near	95.88	m2c:near:91.72;lift:near:84.56;e3:near:62.83
0028e5e0	func_0028e5e0	112	loop	m2c	near	99.96	ghidra:near:94.68;lift:near:81.57;e3:near:35.13
0028e6c0	func_0028e6c0	76	straight	lift	exact	100.00	ghidra:exact:100.0;m2c:exact:100.0
0028e710	func_0028e710	52	straight	lift	near	98.46	ghidra:near:98.46;m2c:near:98.46;e3:near:71.94
0028eab8	_ZN2Tz8MultiSeq18setParamXYToOffsetEPN2dk6SpriteE	68	straight	typed	exact	100.00	lift:exact:100.0;e3:exact:100.0;ghidra:exact:100.0;m2c:exact:100.0
0028eb88	func_0028eb88	104	float	lift	near	67.62	m2c:near:49.62;ghidra:near:47.85;e3:near:36.96
0028ebf8	func_0028ebf8	500	float	m2c	near	82.23	ghidra:near:55.71;lift:near:33.54
0028f1e0	func_0028f1e0	156	float	lift	exact	100.00	ghidra:near:20.56;m2c:compile:0.0
0028f280	_ZN2Tz7SelHist4InitEiiPNS_6LayoutEPKsS4_	356	loop	lift	near	89.70	ghidra:near:70.57;m2c:compile:0.0
0028f3e8	_ZN2Tz7SelHist4ExitEv	180	loop	ghidra	near	75.31	lift:near:74.45;m2c:near:50.79
0028f4a0	func_0028f4a0	52	loop	lift	exact	100.00	m2c:near:52.36;ghidra:near:41.54
0028f4d8	func_0028f4d8	436	branchy	lift	near	88.71	ghidra:near:55.66;e3:near:54.92;m2c:near:14.61
0028f690	func_0028f690	92	loop	lift	near	80.65	m2c:near:72.38;ghidra:near:66.04
0028f6f0	_ZN2Tz7SelHist7FadeOutEi	176	branchy	lift	near	93.40	m2c:near:86.59;ghidra:near:85.2
0028f7e8	_ZN2Tz7JmStory12LeaveAllPostEz	140	branchy	lift	exact	100.00	m2c:near:95.03;ghidra:near:88.73;e3:near:75.79
0028f878	_ZN2Tz7SelHist8LeaveAllEv	180	loop	lift	near	82.16	ghidra:near:78.58;m2c:near:76.4
0028f930	func_0028f930	168	loop	ghidra	near	73.48	lift:near:69.57;m2c:near:0.0
0028fb28	_ZN2Tz7SelHist8SetMsgIdEii	60	branchy	lift	exact	100.00	m2c:exact:100.0;ghidra:near:92.81
0028fb88	func_0028fb88	240	loop	typed	exact	100.00	lift:exact:100.0;ghidra:near:83.52;m2c:compile:0.0
0028fc78	func_0028fc78	240	loop	typed	exact	100.00	lift:exact:100.0;ghidra:near:83.52;m2c:compile:0.0
0028fe38	func_0028fe38	196	loop	lift	near	87.55	ghidra:near:78.47;m2c:near:53.37
0028ff18	func_0028ff18	80	branchy	lift	exact	100.00	m2c:exact:100.0;ghidra:near:80.43
0028ff68	func_0028ff68	128	branchy	lift	exact	100.00	m2c:near:99.38;ghidra:near:89.71
00290098	func_00290098	256	loop	typed	exact	100.00	lift:exact:100.0;ghidra:near:84.4;m2c:compile:0.0
00290198	func_00290198	256	loop	typed	exact	100.00	lift:exact:100.0;ghidra:near:84.4;m2c:compile:0.0
00290438	func_00290438	80	branchy	lift	exact	100.00	m2c:exact:100.0;ghidra:near:80.43
00290488	func_00290488	128	branchy	lift	exact	100.00	m2c:near:99.38;ghidra:near:89.71
00290668	_ZN2Tz8Selector13CreateHelpGraEz	156	straight	lift	near	85.74	ghidra:near:77.17;m2c:near:69.49
00290870	func_00290870	52	straight	lift	exact	100.00	m2c:exact:100.0;ghidra:near:55.33
002908a8	func_002908a8	68	loop	ghidra	near	88.24	lift:near:76.05;m2c:compile:0.0
002908f0	_Z16u_call4_002908f0jjjj	76	branchy	lift	exact	100.00	ghidra:near:96.84;m2c:near:96.84
00290960	func_00290960	144	loop	m2c	near	98.00	lift:near:80.94;ghidra:near:53.4;e3:near:42.48
00290a10	_ZN2Tz8MenuFile5allocEPKci	80	straight	typed	exact	100.00	lift:exact:100.0;e3:exact:100.0;m2c:near:97.0;ghidra:near:79.59
00290a60	_ZN2Tz6JmInfo6UnloadEz	48	straight	typed	exact	100.00	lift:exact:100.0;twins:exact:100.0;m2c:near:94.92;ghidra:near:83.33;corpus:near:83.25;e3:near:62.63
00290d68	_ZN2Tz8ItemStat9CreateSeqEPN2dk6SpriteE	524	loop	ghidra	near	85.66	lift:near:84.39;m2c:near:67.66
00291110	func_00291110	228	straight	ghidra	near	91.95	e3:near:83.35;lift:near:82.38;m2c:near:61.4
00291288	func_00291288	204	loop	m2c	near	99.41	lift:near:87.06;ghidra:near:82.83
00291380	func_00291380	292	branchy	ghidra	near	81.84	m2c:near:79.68;lift:near:0.79
002914a8	func_002914a8	104	loop	lift	near	52.38	m2c:near:43.54;ghidra:near:26.81;e3:near:0.0
00291510	_ZN2Tz8ItemStat6UpdateEiii	1032	switch	m2c	near	76.20	ghidra:near:64.69;lift:near:57.4
00291918	_ZN2Tz8ItemStat13UpdateNewItemEiiii	656	switch	m2c	near	82.32	ghidra:near:76.56;lift:near:73.96
00291ba8	func_00291ba8	568	switch	m2c	near	80.27	ghidra:near:77.72;lift:compile:0.0
00291de0	func_00291de0	736	switch	lift	near	77.20	ghidra:near:71.3;m2c:near:51.91
002920c0	func_002920c0	136	straight	lift	near	88.24	ghidra:near:88.24;m2c:near:73.18
00292148	func_00292148	136	straight	lift	near	88.24	ghidra:near:88.24;m2c:near:73.18
002921d0	func_002921d0	136	straight	lift	near	88.24	ghidra:near:88.24;m2c:near:73.18
00292258	func_00292258	136	straight	lift	near	88.24	ghidra:near:88.24;m2c:near:73.18
002922e0	func_002922e0	496	loop	m2c	near	88.47	lift:near:69.56;ghidra:near:60.74
002924d0	func_002924d0	76	branchy	lift	exact	100.00	ghidra:near:57.89;m2c:near:57.75
002925c0	_ZN2Tz13LoadDataFlushEv	72	straight	lift	exact	100.00	e3:near:99.94;m2c:near:77.78;ghidra:compile:0.0
00292630	_ZN2Tz18LoadDataIsFlushingEv	92	branchy	lift	exact	100.00	ghidra:near:85.87;m2c:near:74.12
002926c0	func_002926c0	244	straight	lift	near	96.72	ghidra:near:75.75;m2c:near:43.23
00292870	func_00292870	124	branchy	lift	near	82.10	m2c:near:48.64;ghidra:near:41.72
00292998	func_00292998	192	branchy	ghidra	near	88.10	lift:near:71.35;m2c:compile:0.0
00292a58	func_00292a58	56	straight	lift	exact	100.00	ghidra:near:95.71;m2c:near:54.18
00292a90	func_00292a90	92	loop	lift	near	76.09	m2c:near:60.19;ghidra:near:56.04;e3:near:35.62
00292af0	func_00292af0	80	loop	lift	near	56.00	ghidra:near:49.64;m2c:near:46.75
00292b40	func_00292b40	800	loop	ghidra	near	55.13	m2c:compile:0.0
00292eb0	func_00292eb0	100	branchy	ghidra	near	93.85	m2c:near:83.74;lift:near:72.6
00292f18	func_00292f18	204	straight	lift	exact	100.00	ghidra:near:38.05;m2c:compile:0.0
00292fe8	func_00292fe8	236	straight	lift	near	50.62	ghidra:near:41.75;m2c:compile:0.0
002930d8	func_002930d8	108	loop	ghidra	near	58.15	lift:near:54.81;m2c:near:45.68
00293148	func_00293148	92	loop	ghidra	near	70.78	lift:near:66.52;e3:near:52.18;m2c:near:44.85
00293240	func_00293240	180	loop	ghidra	near	35.78	lift:near:28.71;m2c:compile:0.0
00293350	func_00293350	104	straight	lift	exact	100.00	ghidra:near:95.54;m2c:near:83.92
002933d8	func_002933d8	292	loop	ghidra	near	80.08	e3:near:32.82;lift:near:28.86;m2c:compile:0.0
00293520	_ZN2Tz9ChgWeapon6UpdateEv	324	loop	ghidra	near	35.42	lift:near:11.64;m2c:compile:0.0
00293668	func_00293668	112	loop	m2c	near	80.79	lift:near:66.54;ghidra:near:38.25
002937c0	func_002937c0	136	branchy	lift	exact	100.00	ghidra:near:80.83;m2c:near:62.35
00293948	func_00293948	448	loop	m2c	near	65.18	ghidra:near:64.32;lift:link:0.0
00293b70	_ZN2Tz9ChgMember18isExecChangeMemberEv	44	straight	e3	exact	100.00	ghidra:near:58.18;m2c:near:44.45;lift:link:0.0
00293cb8	func_00293cb8	200	branchy	ghidra	near	62.40	lift:near:60.2;e3:near:42.48;m2c:compile:0.0
00293e00	_ZN2Tz6JmInfo4InitEP9ALLOCATOR	176	loop	lift	near	98.64	m2c:near:85.87;ghidra:near:76.96
00293f78	func_00293f78	52	branchy	lift	exact	100.00	twins:exact:100.0;ghidra:near:99.23;m2c:near:92.0
00293fc0	_ZN2Tz6JmInfo11SetLeadDataEv	64	straight	lift	exact	100.00	ghidra:exact:100.0;m2c:near:93.94;e3:near:59.26
00294020	func_00294020	392	loop	m2c	near	88.32	lift:near:79.53;ghidra:near:74.11
00294208	func_00294208	96	loop	m2c	near	88.12	ghidra:near:79.61;lift:near:64.8
00294288	func_00294288	188	loop	ghidra	near	87.85	m2c:near:87.45;lift:near:85.26
00294408	func_00294408	116	branchy	m2c	exact	100.00	lift:near:83.79;ghidra:near:80.2;e3:near:77.43
002944f8	func_002944f8	84	straight	lift	near	87.62	m2c:near:74.09;ghidra:near:60.43
00294550	func_00294550	80	branchy	lift	exact	100.00	ghidra:near:93.5;m2c:near:83.43
002945e8	_ZN2Tz10JmWorldSel5SetupEv	944	loop	ghidra	near	81.28	m2c:near:66.03;lift:near:56.75
00294998	func_00294998	488	loop	m2c	near	79.70	ghidra:near:70.57;lift:near:66.22
00294b80	func_00294b80	708	switch	m2c	near	87.14	ghidra:near:62.16;lift:near:49.86
00294e48	_ZN2Tz10JmWorldSel9FileAllocEv	92	branchy	lift	exact	100.00	ghidra:near:93.33;m2c:near:89.44;e3:near:31.74
00294f00	func_00294f00	116	branchy	lift	near	58.76	m2c:near:47.58;ghidra:near:40.86
00294f78	func_00294f78	476	loop	ghidra	near	64.36	m2c:near:52.17;lift:near:49.94
00295158	_ZN2Tz10JmWorldSel10GetCur2IdxEi	204	loop	m2c	near	46.18	ghidra:near:40.76;e3:near:38.79;lift:near:34.27
00295228	func_00295228	72	straight	lift	exact	100.00	ghidra:near:91.17;m2c:compile:0.0
00295270	func_00295270	132	branchy	lift	near	83.15	m2c:near:78.24;ghidra:near:72.51
002952f8	func_002952f8	208	loop	m2c	near	92.12	lift:near:61.12;e3:near:44.06;ghidra:near:39.5
002953c8	_ZN2Tz10JmWorldSel10GetId2InfoEi	100	loop	lift	near	69.33	m2c:near:66.0;ghidra:near:58.11;e3:near:43.85
00295430	_ZN2Tz10JmWorldSel15GetId2WorldNameEib	172	loop	lift	near	72.67	m2c:near:66.51;ghidra:near:47.24;e3:near:35.54
002954e0	_ZN2Tz10JmWorldSel11isWorldOpenEi	36	straight	e3	exact	100.00	corpus:near:90.0;lift:near:48.89;ghidra:near:48.89;m2c:near:48.89
00295508	func_00295508	156	branchy	lift	near	92.82	ghidra:near:85.98;m2c:near:72.58
002955a8	func_002955a8	192	loop	ghidra	exact	100.00	lift:near:83.7;m2c:near:78.88
002956c0	_ZN2Tz10JmWorldSel8SelCheckEi	76	straight	ghidra	near	69.47	m2c:near:64.63;lift:near:51.4
00295710	func_00295710	168	branchy	lift	near	44.67	m2c:near:34.93;ghidra:near:31.24
00295810	func_00295810	80	branchy	lift	exact	100.00	ghidra:near:93.5;m2c:near:83.43
002958b0	_ZN2Tz8JmReport5SetupEv	1144	loop	lift	near	71.45	ghidra:near:49.61;m2c:compile:0.0
00295d28	func_00295d28	936	switch	m2c	near	94.53	ghidra:near:79.29;lift:near:73.71
002960d0	func_002960d0	148	straight	m2c	near	41.35	lift:near:32.49;ghidra:near:26.54
00296168	func_00296168	1056	switch	ghidra	near	74.60	m2c:near:64.3;lift:near:43.29
00296588	func_00296588	844	loop	lift	near	74.98	ghidra:near:70.55;m2c:near:55.34
002968d8	func_002968d8	260	branchy	lift	exact	100.00	m2c:near:91.06;ghidra:near:86.67
002969e0	func_002969e0	204	branchy	m2c	near	87.78	lift:near:79.55;e3:near:22.8;ghidra:near:0.0
00296b08	func_00296b08	116	branchy	lift	near	58.76	m2c:near:47.58;ghidra:near:40.86
00296b80	_ZN2Tz8JmReport9CreateGraEb	548	loop	ghidra	near	65.80	m2c:near:62.05;lift:near:58.79
00296da8	_ZN2Tz8JmReport8GetIndexEj	256	loop	ghidra	near	82.28	lift:near:76.75;m2c:compile:0.0
00297050	func_00297050	1064	loop	ghidra	near	71.35	lift:link:0.0;m2c:compile:0.0
00297478	func_00297478	440	loop	m2c	near	71.09	lift:near:68.7;e3:near:60.12;ghidra:near:52.21
00297630	func_00297630	580	branchy	m2c	near	90.32	lift:near:64.14;ghidra:near:38.86
00297b30	_ZN2Tz7JmStory13UpdateNewMarkEv	456	loop	ghidra	near	54.94	lift:near:26.08;m2c:compile:0.0
00297e68	func_00297e68	1156	loop	lift	near	72.59	ghidra:near:70.5;m2c:compile:0.0
002982f0	func_002982f0	228	loop	lift	near	83.00	ghidra:near:78.95;e3:near:18.11;m2c:compile:0.0
00298410	_ZN2Tz7JmAlbum7ControlEv	720	branchy	m2c	near	97.12	ghidra:near:66.86;lift:near:51.16
002986e0	func_002986e0	676	loop	lift	near	73.64	ghidra:near:68.66;m2c:compile:0.0
00298988	_ZN2Tz7JmAlbum12PhotoControlEv	728	switch	m2c	near	79.83	ghidra:near:71.43;lift:near:67.55
00298c60	func_00298c60	444	loop	ghidra	near	49.67	e3:near:36.51;lift:near:33.8;m2c:compile:0.0
00298e48	_ZN2Tz7JmAlbum10UpdateMessEv	148	branchy	lift	exact	100.00	m2c:near:83.28;ghidra:near:78.89
00298ee0	_ZN2Tz7JmAlbum9FileAllocEv	172	branchy	lift	exact	100.00	ghidra:near:92.27;m2c:near:66.28;e3:near:48.75
00298f90	_ZN2Tz12LayFileResetEv	84	branchy	lift	exact	100.00	ghidra:near:90.0;m2c:near:84.75;e3:near:58.5
00299090	func_00299090	424	branchy	m2c	near	78.45	lift:near:0.0;ghidra:near:0.0
00299238	func_00299238	36	straight	lift	exact	100.00	ghidra:exact:100.0;m2c:exact:100.0;corpus:near:77.78
00299260	func_00299260	48	straight	ghidra	near	99.17	lift:near:94.83;m2c:near:94.83
00299290	func_00299290	372	branchy	lift	near	88.77	m2c:near:74.68;ghidra:near:69.75
00299550	func_00299550	80	branchy	lift	exact	100.00	ghidra:near:93.5;m2c:near:83.43
002995e8	func_002995e8	820	loop	ghidra	near	82.48	m2c:near:62.37;lift:near:51.38
00299920	_ZN2Tz12JmCollection12SetupSelMessEv	1356	switch	m2c	near	83.78	ghidra:near:74.33
00299e70	func_00299e70	1068	switch	m2c	near	79.18	lift:near:70.59;ghidra:near:66.82
0029a368	func_0029a368	116	branchy	lift	near	58.76	m2c:near:47.58;ghidra:near:40.86
0029a3e0	_ZN2Tz12JmCollection9CreateGraEb	524	loop	ghidra	near	73.46	lift:near:58.11;m2c:near:51.37
0029a5f0	_ZN2Tz12JmCollection10Cur2SelNumEi	292	loop	lift	near	63.60	ghidra:near:0.0;m2c:compile:0.0
0029a780	_ZN2Tz12JmCollection8SelCheckEi	160	branchy	ghidra	near	54.05	m2c:near:47.37;lift:near:42.65
0029a8e0	func_0029a8e0	336	loop	lift	near	94.42	m2c:near:74.28;ghidra:near:73.35
0029aa30	func_0029aa30	140	branchy	lift	exact	100.00	m2c:near:89.69;ghidra:near:87.27
0029aac0	func_0029aac0	316	branchy	ghidra	near	90.64	m2c:near:89.57;lift:near:37.71
0029ac00	func_0029ac00	316	loop	lift	exact	100.00	m2c:near:95.36;ghidra:near:90.53
0029ad40	func_0029ad40	236	loop	lift	near	87.02	m2c:near:81.16;ghidra:near:78.7
0029ae40	_ZN2Tz5JmDic5SetupEv	224	switch	ghidra	near	90.50	m2c:near:87.96;lift:near:78.83;e3:near:44.8
0029af20	func_0029af20	1108	loop	lift	near	76.14	ghidra:near:18.53;m2c:compile:0.0
0029b378	func_0029b378	796	branchy	m2c	near	88.41	lift:near:54.92;ghidra:near:53.21
0029b698	func_0029b698	1008	loop	ghidra	near	77.65	lift:near:65.44;m2c:compile:0.0
0029ba88	_ZN2Tz5JmDic12CtrlCharaSelEv	892	branchy	m2c	near	84.91	ghidra:near:67.64;lift:near:40.61
0029be08	func_0029be08	656	loop	ghidra	near	76.37	lift:near:67.67;m2c:near:62.99
0029c098	func_0029c098	1328	switch	m2c	near	73.64	ghidra:near:50.73;lift:near:29.06
0029c5c8	func_0029c5c8	696	switch	m2c	near	88.67	lift:near:56.7;ghidra:near:51.64
0029c880	_ZN2Tz5JmDic21SetupDiagramCharaInfoEPKNS_9JmDiagram4InfoEi	212	loop	ghidra	near	80.33	m2c:near:79.28;lift:near:76.94
0029c958	func_0029c958	124	loop	lift	near	87.48	ghidra:near:86.63;m2c:near:69.36;e3:near:14.42
0029c9d8	_ZN2Tz5JmDic12GetCur2WorldEi	120	loop	m2c	near	73.00	ghidra:near:66.87;lift:near:65.8;e3:near:55.56
0029ca50	_ZN2Tz5JmDic11GetCharaIdxEv	212	loop	ghidra	near	88.61	m2c:near:76.08;e3:near:64.11;lift:near:63.68
0029cb28	func_0029cb28	580	loop	m2c	near	78.25	ghidra:near:65.18;lift:near:44.21;e3:near:28.31
0029cdf8	func_0029cdf8	528	loop	lift	near	74.32	ghidra:near:70.14;m2c:compile:0.0
0029d008	func_0029d008	784	loop	m2c	near	86.94	lift:near:81.96;ghidra:near:64.62
0029d318	func_0029d318	1872	loop	ghidra	near	62.99	m2c:near:59.43;lift:near:45.02
0029daa0	func_0029daa0	256	branchy	lift	exact	100.00	m2c:near:82.16;ghidra:near:79.19
0029dba0	func_0029dba0	352	straight	ghidra	near	73.75	e3:near:72.08;m2c:near:62.59;lift:near:50.54
0029dd00	func_0029dd00	96	branchy	lift	exact	100.00	ghidra:near:93.6;m2c:near:57.7
0029dda8	func_0029dda8	108	branchy	lift	exact	100.00	m2c:near:96.36;ghidra:near:87.41;e3:near:60.43
0029de18	func_0029de18	384	branchy	ghidra	near	78.42	m2c:near:78.04;lift:near:70.14
0029df98	func_0029df98	36	straight	lift	exact	100.00	ghidra:exact:100.0;m2c:exact:100.0;corpus:near:77.78
0029e050	func_0029e050	36	straight	lift	exact	100.00	ghidra:exact:100.0;m2c:exact:100.0;corpus:near:77.78;e3:near:19.14
0029e0d0	func_0029e0d0	36	straight	corpus	near	89.40	lift:near:48.89;ghidra:near:32.11;m2c:near:32.11
0029e148	func_0029e148	36	straight	lift	exact	100.00	ghidra:exact:100.0;m2c:exact:100.0;corpus:near:77.78
0029e170	func_0029e170	228	branchy	lift	near	87.16	ghidra:near:69.72;m2c:near:61.82
0029e258	func_0029e258	60	straight	lift	near	86.33	ghidra:near:85.87;m2c:near:85.87;e3:near:31.9
0029e2f8	func_0029e2f8	60	straight	lift	near	41.20	ghidra:near:41.2;m2c:near:41.2
0029e3a0	func_0029e3a0	60	straight	lift	near	86.33	ghidra:near:85.87;m2c:near:85.87
0029e3e0	func_0029e3e0	80	straight	lift	near	97.00	ghidra:near:43.5;m2c:near:27.81
0029e430	func_0029e430	148	branchy	lift	near	92.97	ghidra:near:84.08;m2c:near:84.08
0029e4c8	func_0029e4c8	740	float	lift	near	82.56	m2c:near:66.75;ghidra:near:52.4
0029e7b0	func_0029e7b0	88	loop	ghidra	near	40.26	lift:near:30.86;m2c:compile:0.0
0029e808	func_0029e808	328	float	m2c	near	60.27	lift:near:49.96;ghidra:near:34.51
0029ea30	_ZN2Tz5JmDic14UpdateHelpMessEv	116	switch	ghidra	exact	100.00	m2c:near:99.93;e3:near:36.85;lift:near:0.0
0029eaa8	_ZN2Tz5JmDic13UpdateNewMarkEv	408	switch	ghidra	near	87.84	lift:near:50.06;m2c:compile:0.0
0029ec40	func_0029ec40	88	loop	lift	near	25.23	ghidra:near:13.36;m2c:compile:0.0
0029ec98	func_0029ec98	88	loop	lift	near	25.23	ghidra:near:13.36;m2c:compile:0.0
0029ecf0	func_0029ecf0	196	switch	m2c	near	97.16	ghidra:near:90.73;lift:near:61.12;e3:near:12.54
0029ee68	_ZN2Tz7JmAnsem8SetupTopEv	952	loop	ghidra	near	73.31	lift:near:66.1;m2c:compile:0.0
0029f220	_ZN2Tz7JmAnsem7CtrlTopEv	764	branchy	m2c	near	87.44	ghidra:near:71.67;lift:near:51.34
0029f520	func_0029f520	1044	loop	lift	near	74.79	ghidra:near:66.37;m2c:compile:0.0
0029f938	_ZN2Tz7JmAnsem8CtrlInfoEv	692	switch	m2c	near	91.21	ghidra:near:55.45;lift:near:52.49
0029fbf0	_ZN2Tz7JmAnsem13GetHaveReportEv	192	loop	lift	near	90.10	ghidra:near:74.87;e3:near:53.09;m2c:compile:0.0
0029fcb0	func_0029fcb0	564	loop	lift	near	72.39	m2c:near:71.4;ghidra:near:58.43
0029fee8	func_0029fee8	516	loop	ghidra	near	50.45	e3:near:44.23;lift:near:42.24;m2c:compile:0.0
002a00f0	func_002a00f0	120	loop	m2c	near	72.73	lift:near:66.35;ghidra:near:48.88;e3:near:43.51
002a0168	func_002a0168	92	branchy	lift	near	80.00	e3:near:21.62;m2c:near:14.62;ghidra:near:0.0
002a01c8	func_002a01c8	52	straight	lift	exact	100.00	ghidra:near:68.77;m2c:near:68.77
002a0200	func_002a0200	352	straight	ghidra	near	74.40	e3:near:71.88;m2c:near:62.59;lift:near:50.53
002a0360	func_002a0360	60	straight	lift	exact	100.00	m2c:near:93.62;ghidra:near:60.52;e3:near:49.17
002a03a0	func_002a03a0	48	straight	ghidra	near	99.17	lift:near:94.83;m2c:near:94.83
002a03d0	_ZN2Tz7JmAnsem13UpdateNewMarkEv	328	branchy	ghidra	near	87.55	lift:near:83.24;m2c:near:74.75
002a0860	func_002a0860	168	branchy	lift	exact	100.00	m2c:near:97.44;ghidra:near:91.3
002a0908	func_002a0908	944	loop	lift	near	63.00	ghidra:near:60.76;m2c:near:32.48
002a0cb8	func_002a0cb8	1060	branchy	m2c	near	75.62	lift:near:38.37;ghidra:near:35.61
002a10e0	func_002a10e0	316	branchy	lift	near	79.96	ghidra:near:68.96;m2c:near:51.7
002a1220	_ZN2Tz9JmDiagram12CreateActiveEv	376	branchy	m2c	near	65.02	ghidra:near:63.45;lift:near:48.66
002a13e0	func_002a13e0	724	float	lift	near	76.83	m2c:near:59.2;ghidra:near:25.73
002a16b8	_ZN2Tz9JmDiagram10CalcSelIdxEv	300	loop	lift	near	80.67	m2c:near:66.7;ghidra:near:65.01
002a17e8	func_002a17e8	228	branchy	lift	exact	100.00	m2c:near:92.49;ghidra:near:67.54
002a18d0	_ZN2Tz9JmDiagram11GetCharaIdxEii	580	loop	ghidra	near	17.25	e3:near:11.24;m2c:near:5.98
002a1b18	_ZN2Tz9JmDiagram10GetNewInfoEii	164	loop	m2c	near	83.33	lift:near:73.05;e3:near:72.52;ghidra:near:54.86
002a1c68	func_002a1c68	108	branchy	lift	exact	100.00	ghidra:near:86.9;m2c:near:75.73;e3:near:50.02
002a1d38	_ZN2Tz9JmDiagram9UpdateGraEv	400	loop	lift	near	72.63	m2c:near:72.38;ghidra:near:52.53
002a1ec8	func_002a1ec8	120	loop	ghidra	near	81.13	m2c:near:68.97;lift:near:51.3
002a1f40	func_002a1f40	60	branchy	m2c	near	72.24	ghidra:near:55.0;e3:near:26.08;lift:near:0.0
002a1f88	func_002a1f88	132	loop	lift	near	92.12	m2c:near:89.29;ghidra:near:64.13
002a2010	func_002a2010	308	loop	m2c	near	84.24	lift:near:79.69;ghidra:near:72.89
002a21b0	_ZN2Tz10JmTreasure5SetupEv	492	loop	lift	near	97.89	ghidra:near:75.72;m2c:near:69.93
002a23a0	func_002a23a0	608	branchy	m2c	near	81.80	lift:near:56.36;ghidra:near:34.67
002a2600	_ZN2Tz10JmTreasure14SetupPieceInfoEv	532	loop	lift	near	98.05	ghidra:near:76.93;m2c:near:71.74
002a2818	func_002a2818	616	branchy	m2c	near	82.03	lift:near:54.88;ghidra:near:34.95
002a2a80	func_002a2a80	448	loop	m2c	near	73.39	ghidra:near:0.0
002a2c40	func_002a2c40	424	loop	m2c	near	73.04	e3:near:60.63;ghidra:near:0.0
002a2de8	func_002a2de8	528	loop	e3	compile	0.00	ghidra:near:9.32;m2c:compile:0.0
002a2ff8	_ZN2Tz10JmTreasure8SortListEv	800	loop	ghidra	near	50.15	m2c:near:33.2;e3:near:29.78
002a3318	func_002a3318	812	loop	ghidra	near	65.73	m2c:near:19.27;lift:near:0.0
002a3648	func_002a3648	704	loop	m2c	near	67.39	ghidra:near:61.75;lift:near:59.57
002a3950	func_002a3950	340	branchy	m2c	near	71.43	ghidra:near:70.66;lift:near:48.46
002a3aa8	_ZN2Tz10JmTreasure13UpdateNewMarkEv	256	branchy	lift	exact	100.00	m2c:near:81.73;ghidra:near:71.33;e3:near:45.13
002a3ba8	func_002a3ba8	1308	loop	ghidra	near	65.08	m2c:near:53.82
002a40c8	func_002a40c8	296	loop	lift	near	66.85	m2c:near:59.72;ghidra:near:58.8
002a41f0	func_002a41f0	396	loop	lift	near	97.02	ghidra:near:89.43;m2c:near:84.89
002a43f0	func_002a43f0	60	branchy	m2c	exact	100.00	ghidra:near:93.75;lift:near:55.67
002a4470	func_002a4470	304	branchy	ghidra	near	80.80	m2c:near:45.19
002a4620	func_002a4620	876	branchy	m2c	near	61.14	ghidra:near:37.67
002a4990	func_002a4990	108	loop	lift	near	76.74	m2c:near:72.27;ghidra:near:64.31;e3:near:34.32
002a4a00	func_002a4a00	212	loop	ghidra	near	92.55	m2c:near:70.72;lift:near:69.08;e3:near:59.35
002a4b78	_ZN2Tz10JmTreasure12AdjustCurPosEv	236	loop	ghidra	near	77.36	m2c:near:76.21;lift:near:59.92;e3:near:49.33
002a4d48	func_002a4d48	164	loop	lift	near	82.07	m2c:near:70.23;ghidra:near:70.13
002a4e38	func_002a4e38	1144	loop	lift	near	78.14	ghidra:near:67.29;m2c:compile:0.0
002a52b0	_ZN2Tz8JmBattle7CtrlTopEv	732	branchy	m2c	near	85.79	lift:near:84.26;ghidra:near:72.03
002a5590	func_002a5590	1276	loop	lift	near	66.33	ghidra:near:65.3;m2c:compile:0.0
002a5a90	func_002a5a90	668	switch	m2c	near	91.26	lift:near:72.43;ghidra:near:54.92
002a5d30	_ZN2Tz8JmBattle14GetEnableLimitEv	192	loop	lift	near	90.10	ghidra:near:74.87;e3:near:53.09;m2c:compile:0.0
002a5df0	func_002a5df0	660	loop	lift	near	80.29	ghidra:near:64.65;m2c:compile:0.0
002a6088	func_002a6088	516	loop	ghidra	near	49.24	e3:near:44.23;lift:near:42.24;m2c:compile:0.0
002a6290	func_002a6290	120	loop	m2c	near	72.73	lift:near:66.35;ghidra:near:48.88;e3:near:43.51
002a6308	func_002a6308	92	branchy	lift	near	80.00	e3:near:21.62;m2c:near:14.62;ghidra:near:0.0
002a6368	func_002a6368	52	straight	lift	exact	100.00	ghidra:near:68.77;m2c:near:68.77
002a63a0	_ZN2Tz8JmBattle8DrawMessEiijjPN2dk13SpriteMessageE	352	straight	ghidra	near	74.40	e3:near:71.88;m2c:near:62.59;lift:near:50.53
002a6500	func_002a6500	156	loop	e3	near	82.21	ghidra:near:80.15;lift:near:46.97;m2c:near:24.1
002a65a0	func_002a65a0	48	straight	ghidra	near	99.17	lift:near:94.83;m2c:near:94.83
002a65d0	func_002a65d0	328	branchy	ghidra	near	87.55	lift:near:83.24;m2c:near:74.75
002a6718	func_002a6718	144	loop	lift	near	91.49	ghidra:near:70.38;m2c:near:69.81;e3:near:12.49
002a67a8	_ZN2Tz8JmBattle13LeaveAllInnerEv	208	loop	lift	exact	100.00	ghidra:near:89.21;m2c:near:84.71
002a6878	func_002a6878	112	branchy	m2c	near	67.53	lift:near:41.25;e3:near:30.52;ghidra:near:16.03
002a6970	func_002a6970	156	loop	ghidra	near	84.93	lift:near:82.89;m2c:compile:0.0
002a6a50	_ZN2Tz8JmSynthe5SetupEv	396	loop	lift	near	97.37	ghidra:near:83.77;m2c:near:64.76
002a6be0	func_002a6be0	620	branchy	m2c	near	90.18	lift:near:66.53;ghidra:near:43.84
002a6e50	func_002a6e50	1204	loop	lift	near	9.49	ghidra:near:0.0;m2c:near:0.0
002a73d0	func_002a73d0	156	loop	lift	near	87.69	ghidra:near:84.75;m2c:near:68.55
002a7588	_ZN2Tz8JmSynthe11ReadMixDataEv	56	straight	ghidra	exact	100.00	e3:near:99.36;lift:near:98.57;m2c:near:53.88
002a75c0	_ZN2Tz8JmSynthe10GetMixDataEv	184	loop	lift	near	88.43	ghidra:near:75.25;e3:near:69.33;m2c:near:67.37
002a7678	func_002a7678	92	straight	lift	near	88.70	m2c:near:84.83;ghidra:near:51.69
002a76d8	func_002a76d8	128	loop	lift	near	77.47	ghidra:near:72.97;m2c:compile:0.0
002a77a0	_ZN2Tz10JmMiniGame5SetupEv	700	loop	lift	near	76.41	ghidra:near:62.8;m2c:near:49.77
002a7a60	func_002a7a60	688	branchy	m2c	near	90.76	lift:near:53.97;ghidra:near:36.35
002a7d10	_ZN2Tz10JmMiniGame9AdjustPosEv	184	loop	ghidra	near	76.08	m2c:near:48.17
002a7dc8	_ZN2Tz10JmMiniGame12ChkMGameInfoEv	344	loop	ghidra	near	51.03	lift:near:35.56;m2c:compile:0.0
002a7f20	func_002a7f20	52	straight	lift	exact	100.00	ghidra:near:68.77;m2c:near:68.77
002a7f58	_ZN2Tz10JmMiniGame10CreateListEv	592	loop	ghidra	near	77.68	lift:near:71.66;m2c:near:57.46
002a81a8	func_002a81a8	176	loop	lift	near	89.09	ghidra:near:84.57;m2c:near:72.04
002a8258	func_002a8258	156	loop	lift	near	87.69	ghidra:near:84.75;m2c:near:68.55
002a8330	_ZN2Tz10JmMiniGame10UpdateListEv	1044	loop	ghidra	near	68.98	lift:near:34.67;m2c:compile:0.0
002a8768	_ZN2Tz10JmMiniGame13UpdateNewMarkEv	264	loop	ghidra	near	87.40	lift:near:72.77;e3:near:57.55;m2c:compile:0.0
002a8870	_ZN2Tz10JmMiniGame8isEnableEi	176	loop	lift	near	69.91	ghidra:near:63.68;e3:near:62.63;m2c:near:42.06
002a8920	_ZN2Tz10JmMiniGame6isPlayEi	40	straight	lift	exact	100.00	ghidra:exact:100.0;m2c:exact:100.0;corpus:near:73.9;e3:near:53.88
002a8948	func_002a8948	184	loop	lift	exact	100.00	ghidra:exact:100.0;m2c:near:90.96;e3:near:82.7
002a8ac8	_ZN2Tz7JmQuest5SetupEv	716	loop	lift	near	83.07	ghidra:near:74.65;m2c:near:61.86
002a8d98	func_002a8d98	688	branchy	m2c	near	90.76	lift:near:53.97;ghidra:near:36.35
002a9048	_ZN2Tz7JmQuest9AdjustPosEv	184	loop	ghidra	near	76.08	m2c:near:48.17
002a9100	_ZN2Tz7JmQuest12ChkQuestInfoEv	412	loop	lift	near	66.47	e3:near:41.87;ghidra:near:38.43;m2c:compile:0.0
002a92a0	func_002a92a0	52	straight	lift	exact	100.00	ghidra:near:68.77;m2c:near:68.77
002a92d8	_ZN2Tz7JmQuest10CreateListEv	408	loop	ghidra	near	79.64	lift:near:72.37;m2c:near:59.26
002a9470	func_002a9470	136	loop	lift	exact	100.00	ghidra:near:93.61;m2c:near:72.97
002a94f8	func_002a94f8	116	loop	lift	exact	100.00	ghidra:near:95.67;m2c:near:79.83
002a95a8	func_002a95a8	736	loop	m2c	near	81.55	lift:near:56.84;ghidra:near:21.22
002a98a8	_ZN2Tz7JmQuest13UpdateNewMarkEv	284	loop	ghidra	near	82.07	lift:near:75.99;e3:near:52.89;m2c:compile:0.0
002a99c8	_ZN2Tz7JmQuest12GetQuestStatEPKNS_15JmQuestDataInfoE	448	branchy	m2c	near	40.68	ghidra:near:31.82
002a9b88	_ZN2Tz7JmQuest8isEnableEi	184	loop	e3	near	82.88	lift:near:79.13;m2c:near:73.14;ghidra:near:64.22
002a9c40	func_002a9c40	168	loop	ghidra	near	62.64	lift:near:58.1;m2c:near:38.1
002a9ce8	_ZN2Tz9JmNewInfo4InitEv	68	straight	lift	near	84.71	m2c:near:84.59;ghidra:near:43.42;e3:near:3.28
002a9df0	func_002a9df0	168	loop	ghidra	near	92.38	lift:near:90.0;m2c:near:59.26
002a9e98	_ZN2Tz9JmNewInfo10isCharaNewEi	184	loop	lift	near	73.11	ghidra:near:67.96;e3:near:50.11;m2c:compile:0.0
002a9f50	func_002a9f50	244	loop	ghidra	near	70.79	lift:near:68.03;e3:near:37.86;m2c:compile:0.0
002aa098	func_002aa098	172	loop	ghidra	near	80.22	lift:near:66.05;e3:near:47.89;m2c:compile:0.0
002aa148	func_002aa148	212	loop	ghidra	near	83.27	lift:near:58.86;m2c:compile:0.0
002aa220	func_002aa220	216	loop	lift	near	76.44	ghidra:near:73.94;e3:near:40.67;m2c:compile:0.0
002aa2f8	func_002aa2f8	128	loop	lift	near	79.41	ghidra:near:47.69;m2c:near:44.84;e3:near:41.42
002aa378	func_002aa378	216	loop	ghidra	near	68.60	lift:near:43.52;e3:near:32.06;m2c:compile:0.0
002aa4a8	func_002aa4a8	272	loop	ghidra	near	80.32	lift:near:79.25;m2c:near:66.99;e3:near:43.55
002aa5b8	func_002aa5b8	176	loop	m2c	near	58.20	lift:near:40.46;ghidra:near:31.76;e3:near:26.66
002aa668	func_002aa668	284	loop	lift	near	90.78	ghidra:near:71.92;m2c:near:52.34;e3:near:0.98
002aa788	func_002aa788	340	loop	lift	near	88.67	m2c:near:80.09;ghidra:near:68.3;e3:near:20.79
002aa960	func_002aa960	216	loop	lift	near	76.44	ghidra:near:73.94;e3:near:40.67;m2c:compile:0.0
002aaa38	func_002aaa38	128	loop	lift	near	79.41	ghidra:near:47.69;m2c:near:44.84;e3:near:41.42
002aaab8	func_002aaab8	216	loop	ghidra	near	68.60	lift:near:43.52;e3:near:32.06;m2c:compile:0.0
002aabe8	func_002aabe8	236	loop	lift	near	75.53	ghidra:near:73.42;m2c:compile:0.0
002aacd8	func_002aacd8	128	loop	lift	near	79.41	ghidra:near:47.69;m2c:near:44.84;e3:near:41.42
002aad58	func_002aad58	216	loop	ghidra	near	68.60	lift:near:43.52;e3:near:32.06;m2c:compile:0.0
002aae88	func_002aae88	180	loop	e3	compile	0.00	lift:near:49.33;ghidra:near:23.02;m2c:compile:0.0
002aaf40	func_002aaf40	220	loop	lift	near	62.16	ghidra:near:45.45;e3:near:41.17;m2c:compile:0.0
002ab020	func_002ab020	224	loop	m2c	near	73.57	ghidra:near:73.34;lift:near:69.39
002ab100	func_002ab100	128	loop	lift	near	79.41	ghidra:near:47.69;m2c:near:44.84;e3:near:41.42
002ab180	func_002ab180	216	loop	ghidra	near	68.60	lift:near:43.52;m2c:compile:0.0
002ab2b0	func_002ab2b0	180	loop	e3	compile	0.00	lift:near:49.33;ghidra:near:23.02;m2c:compile:0.0
002ab368	func_002ab368	220	loop	lift	near	62.16	ghidra:near:45.45;e3:near:41.11;m2c:compile:0.0
002ab448	func_002ab448	248	loop	ghidra	near	69.85	e3:near:52.91;m2c:compile:0.0
002ab540	_ZN2Tz9JmNewInfo13isTreasureNewEi	220	loop	lift	near	67.46	ghidra:near:62.74;e3:near:50.6;m2c:near:42.31
002ab620	func_002ab620	264	loop	ghidra	near	71.22	lift:near:55.44;e3:near:54.03;m2c:compile:0.0
002ab728	func_002ab728	236	loop	ghidra	near	77.29	lift:near:75.53;m2c:near:57.44
002ab818	func_002ab818	208	loop	ghidra	near	84.95	lift:near:78.37;m2c:near:59.66;e3:near:55.03
002ab8e8	_ZN2Tz9JmNewInfo9isNaviNewEi	220	loop	ghidra	near	85.23	e3:near:69.09;m2c:near:62.33;lift:near:42.89
002ab9c8	func_002ab9c8	252	loop	ghidra	near	76.44	e3:near:61.14;lift:near:46.29;m2c:compile:0.0
002abac8	func_002abac8	224	loop	lift	near	78.82	ghidra:near:78.63;m2c:near:62.64
002abba8	func_002abba8	180	loop	ghidra	near	73.36	e3:near:45.0;m2c:compile:0.0
002abc60	func_002abc60	132	loop	lift	near	60.57	ghidra:near:58.26;m2c:near:44.39;e3:near:37.75
002abce8	func_002abce8	220	loop	ghidra	near	69.15	lift:near:45.25;e3:near:30.63;m2c:compile:0.0
002abe28	func_002abe28	280	loop	lift	near	81.96	ghidra:near:77.29;m2c:near:70.44
002abf40	func_002abf40	176	loop	m2c	near	58.20	lift:near:40.46;ghidra:near:31.76;e3:near:26.66
002abff0	_ZN2Tz9JmNewInfo10isStoryNewEii	284	loop	lift	near	90.78	ghidra:near:71.92;m2c:near:52.34;e3:near:0.98
002ac110	func_002ac110	340	loop	lift	near	88.67	m2c:near:80.09;ghidra:near:68.3;e3:near:20.79
002ac2e8	func_002ac2e8	308	loop	lift	near	75.45	ghidra:near:70.61;m2c:near:40.3
002ac420	func_002ac420	280	loop	ghidra	near	55.16	lift:near:47.06;m2c:compile:0.0
002ac538	func_002ac538	320	loop	lift	near	44.34	ghidra:near:26.91;m2c:compile:0.0
002ac678	func_002ac678	208	loop	lift	near	76.56	ghidra:near:63.36;m2c:near:58.08
002ac748	_ZN2Tz9JmNewInfo15isPuzzleInfoNewEi	184	loop	lift	near	68.61	ghidra:near:62.98;m2c:near:60.07;e3:near:58.73
002ac800	func_002ac800	224	loop	m2c	near	71.91	ghidra:near:66.95;lift:near:59.19;e3:near:45.43
002ac8e0	func_002ac8e0	208	loop	ghidra	near	60.09	e3:near:40.33;m2c:near:29.42;lift:near:0.0
002ac9b0	func_002ac9b0	364	branchy	e3	near	94.95	lift:near:81.58;ghidra:near:72.03;m2c:near:68.36
002acb20	func_002acb20	376	branchy	e3	near	92.98	lift:near:82.23;ghidra:near:8.07;m2c:near:3.28
002acc98	func_002acc98	272	loop	lift	near	95.26	m2c:near:78.74;ghidra:near:58.67
002acda8	func_002acda8	260	loop	lift	exact	100.00	m2c:near:70.95;ghidra:near:39.72
002acf48	_ZN2Tz10JmComplete8CheckAllEv	204	loop	e3	compile	0.00	lift:near:93.51;m2c:near:82.4;ghidra:near:76.96
002ad018	_Z16wtarget_002ad018jjjj	248	float	lift	near	91.53	ghidra:near:56.42;m2c:near:2.82
002ad110	func_002ad110	156	loop	ghidra	near	85.75	lift:near:72.38;e3:near:32.52;m2c:compile:0.0
002ad1b0	func_002ad1b0	168	loop	ghidra	near	42.93	e3:near:37.71;lift:near:37.52;m2c:compile:0.0
002ad258	_ZN2Tz10JmComplete10CheckAnsemEv	220	loop	ghidra	near	92.38	lift:near:88.51;m2c:near:85.43;e3:near:62.88
002ad338	func_002ad338	88	loop	lift	near	49.05	e3:near:28.71;ghidra:near:17.27;m2c:compile:0.0
002ad390	_ZN2Tz10JmComplete10CheckAlbumEv	276	loop	ghidra	near	90.13	lift:near:85.99;m2c:near:72.1;e3:near:56.61
002ad4a8	_ZN2Tz10JmComplete11isAlbumCompEi	216	loop	m2c	near	55.06	e3:near:42.7;lift:near:35.72;ghidra:near:30.57
002ad580	_ZN2Tz10JmComplete11CheckBattleEv	220	loop	ghidra	near	92.38	lift:near:88.51;m2c:near:85.43;e3:near:62.88
002ad660	func_002ad660	132	loop	ghidra	near	67.18	lift:near:55.64;e3:near:33.18;m2c:compile:0.0
002ad6e8	_ZN2Tz10JmComplete10CheckQuestEv	232	loop	lift	near	89.10	ghidra:near:88.12;m2c:near:82.68;e3:near:65.76
002ad7d0	func_002ad7d0	168	loop	lift	near	47.60	ghidra:near:46.19;e3:near:32.73;m2c:compile:0.0
002ad878	func_002ad878	216	loop	ghidra	near	92.06	lift:near:91.11;m2c:near:88.82;e3:near:62.48
002ad950	func_002ad950	168	loop	ghidra	near	51.52	lift:near:47.6;e3:near:32.73;m2c:compile:0.0
002ad9f8	_ZN2Tz10JmComplete13CheckTreasureEv	248	loop	lift	near	84.22	ghidra:near:69.89;m2c:near:38.52
002adaf0	_ZN2Tz10JmComplete14isTreasureCompEi	224	loop	lift	near	73.62	ghidra:near:73.41;e3:near:63.91;m2c:near:59.04
002adbd0	func_002adbd0	220	loop	lift	near	81.98	ghidra:near:80.93;e3:near:62.94;m2c:near:30.69
002adcb0	_ZN2Tz10JmComplete10isNaviCompEi	220	loop	ghidra	near	85.23	e3:near:69.4;m2c:near:63.96;lift:near:42.96
002add90	_ZN2Tz10JmComplete14CheckSynthesisEv	464	loop	ghidra	near	45.90	e3:near:39.6;m2c:near:32.84;lift:near:21.47
002adf60	func_002adf60	108	loop	ghidra	near	57.93	lift:near:56.43;e3:near:30.88;m2c:compile:0.0
002adfd0	_ZN2Tz10JmComplete10CheckStoryEv	240	loop	ghidra	near	87.48	lift:near:86.0;m2c:near:67.63;e3:near:48.74
002ae0c0	func_002ae0c0	236	loop	ghidra	near	32.00	lift:near:29.03;e3:near:26.91;m2c:near:25.54
002ae1b0	func_002ae1b0	208	loop	e3	near	51.38	m2c:near:47.05;ghidra:near:38.04;lift:near:0.63
002ae280	func_002ae280	160	loop	m2c	near	83.95	ghidra:near:78.46;lift:near:75.33
002ae320	_ZN2Tz10JmComplete11CheckPuzzleEv	832	loop	lift	near	70.75	ghidra:near:0.71;m2c:compile:0.0
002ae660	_ZN2Tz10JmComplete17isPuzzlePieceCompEi	260	loop	ghidra	near	61.40	m2c:compile:0.0
002ae768	_ZN2Tz10JmComplete16isPuzzleGameCompEi	292	loop	ghidra	near	52.58	lift:near:49.47;e3:near:28.29;m2c:compile:0.0
002ae908	_ZN2Tz10JmComplete11isWorldCompEi	396	branchy	lift	near	86.35	m2c:near:86.21;ghidra:near:79.74;e3:near:71.81
002aeba0	func_002aeba0	328	loop	m2c	near	88.27	lift:near:77.83;ghidra:near:72.05
002aed60	func_002aed60	688	loop	lift	near	88.02	ghidra:near:68.39;m2c:near:61.12
002af010	func_002af010	140	switch	lift	exact	100.00	ghidra:near:99.94;m2c:near:99.94;e3:near:50.61
002af0a0	_ZN2Tz8JmPuzzle7CtrlTopEv	884	branchy	m2c	near	95.31	ghidra:near:43.16;lift:near:42.52
002af418	func_002af418	812	loop	ghidra	near	75.06	m2c:near:55.62;lift:near:40.15
002af748	func_002af748	932	branchy	m2c	near	96.24	lift:near:69.03;ghidra:near:46.41
002afaf0	func_002afaf0	804	loop	lift	near	65.90	ghidra:near:60.58;m2c:near:46.05
002afe18	func_002afe18	956	branchy	m2c	near	77.08	lift:near:72.33;ghidra:near:56.03
002b01d8	func_002b01d8	1052	loop	lift	near	74.41	ghidra:near:51.75;m2c:compile:0.0
002b05f8	func_002b05f8	852	branchy	m2c	near	93.05	ghidra:near:68.67;lift:near:46.86
002b0950	func_002b0950	1168	loop	m2c	near	67.54	ghidra:near:43.28;lift:near:43.04;e3:near:0.0
002b0de0	func_002b0de0	148	branchy	m2c	near	91.84	ghidra:near:91.39;lift:near:20.03
002b0e78	_ZN2Tz8JmPuzzle8PieceRotEj	332	branchy	ghidra	near	58.05	m2c:near:51.37;lift:near:36.21
002b0fc8	func_002b0fc8	576	branchy	ghidra	near	38.99	m2c:near:34.08
002b1208	_ZN2Tz8JmPuzzle11ChangeImageEj	152	loop	ghidra	near	70.47	m2c:near:61.92;lift:near:54.3;e3:near:41.18
002b12a0	func_002b12a0	588	straight	lift	near	81.43	ghidra:near:76.32;m2c:near:52.99
002b14f0	func_002b14f0	368	branchy	lift	near	96.76	ghidra:near:93.41;m2c:near:92.12
002b1660	func_002b1660	120	branchy	lift	exact	100.00	m2c:near:83.52;ghidra:near:77.37
002b16d8	func_002b16d8	44	branchy	lift	near	73.18	m2c:near:66.83;ghidra:near:60.36
002b1708	_ZN2Tz8JmPuzzle13UpdateTopListEv	328	loop	m2c	near	86.85	ghidra:near:81.55;lift:near:79.82
002b1850	func_002b1850	428	loop	m2c	near	71.57	ghidra:near:60.2
002b1a00	_ZN2Tz8JmPuzzle14UpdateHelpMessEv	156	loop	ghidra	near	66.90	lift:near:31.9;m2c:compile:0.0
002b1af0	func_002b1af0	224	straight	ghidra	near	88.53	lift:near:76.79;m2c:near:64.77
002b1bd0	_ZN2Tz8JmPuzzle11UpdatePieceEb	488	loop	ghidra	near	70.67	m2c:near:64.12;lift:near:37.8
002b1db8	func_002b1db8	764	loop	ghidra	near	0.00	m2c:compile:0.0
002b20b8	func_002b20b8	360	loop	lift	exact	100.00	m2c:near:91.16;ghidra:near:89.7
002b2220	func_002b2220	280	loop	permute	exact	100.00	lift:near:93.78;m2c:near:77.04;ghidra:near:75.41
002b23e0	_ZN2Tz8JmPuzzle12GetImageInfoEi	72	branchy	lift	exact	100.00	ghidra:near:73.61;m2c:near:49.43;e3:near:23.26
002b2428	_ZN2Tz8JmPuzzle14RequestGraLoadEi	160	branchy	lift	exact	100.00	ghidra:near:47.57;m2c:near:38.85
002b24c8	func_002b24c8	768	loop	lift	near	75.74	ghidra:near:71.19;m2c:near:57.51
002b27c8	func_002b27c8	120	branchy	lift	exact	100.00	ghidra:near:96.77;m2c:near:73.2;e3:near:59.98
002b2840	func_002b2840	108	branchy	lift	exact	100.00	ghidra:near:96.07;m2c:near:84.66
002b28b0	func_002b28b0	360	branchy	m2c	near	37.68	ghidra:near:33.71
002b2a18	func_002b2a18	616	loop	lift	near	62.45	ghidra:near:52.59;m2c:near:42.25
002b2c80	func_002b2c80	196	loop	lift	exact	100.00	ghidra:near:93.04;m2c:near:90.1
002b2d48	func_002b2d48	92	branchy	m2c	near	78.17	ghidra:near:60.91;lift:near:41.78
002b2da8	func_002b2da8	380	branchy	m2c	near	85.46	lift:near:82.45;ghidra:near:56.05
002b2f28	func_002b2f28	292	branchy	lift	near	85.34	m2c:near:47.42;ghidra:near:41.92
002b3050	func_002b3050	368	branchy	ghidra	near	80.85	m2c:near:68.09;lift:near:54.8
002b31c0	_ZN2Tz8JmPuzzle8DrawMessEiijjPN2dk13SpriteMessageE	340	straight	ghidra	near	75.22	e3:near:69.44;m2c:near:65.46;lift:near:38.61
002b3318	func_002b3318	264	loop	m2c	near	76.39	ghidra:near:55.26;lift:near:52.11
002b3420	func_002b3420	32	straight	lift	exact	100.00	ghidra:exact:100.0;m2c:exact:100.0;corpus:near:75.0
002b3440	func_002b3440	1220	loop	ghidra	near	23.64	m2c:compile:0.0
002b3ae8	_ZN2Tz8JmPuzzle8isEnableEv	120	loop	m2c	near	54.60	e3:near:53.1;ghidra:near:47.93;lift:near:27.4
002b3b78	func_002b3b78	192	switch	m2c	near	89.22	lift:near:68.88;ghidra:near:38.19;e3:near:0.74
002b3c38	func_002b3c38	200	branchy	m2c	near	57.23	lift:near:55.5;ghidra:near:52.4
002b3d00	func_002b3d00	248	loop	ghidra	near	95.94	lift:near:80.89;m2c:compile:0.0
002b3df8	func_002b3df8	248	loop	ghidra	near	95.94	lift:near:80.89;e3:near:44.45;m2c:compile:0.0
002b3ef0	func_002b3ef0	192	loop	lift	near	95.51	m2c:near:91.48;ghidra:near:81.22
002b3fb0	func_002b3fb0	192	loop	lift	near	95.51	m2c:near:91.48;ghidra:near:81.22
002b4070	func_002b4070	768	branchy	ghidra	near	81.77	e3:near:76.69;m2c:near:63.81
002b4440	_ZN2Tz8CmSLBase4InitEv	864	loop	ghidra	near	78.73	m2c:compile:0.0
002b47a0	_Z17ttarget0_002b47a0v	804	loop	lift	near	96.78	m2c:near:84.61;ghidra:near:64.52
002b4b00	func_002b4b00	268	loop	lift	near	86.91	ghidra:near:82.25;m2c:near:39.24
002b4c10	_ZN2Tz8CmSLBase14SetupSlotCheckEv	116	straight	lift	near	91.03	m2c:near:88.93;ghidra:near:65.12
002b4c88	_ZN2Tz8CmSLBase19SetupWarningConfirmEi	324	loop	lift	exact	100.00	ghidra:near:82.73;m2c:near:36.98
002b4dd0	_ZN2Tz8CmSLBase15SetupWarningWinEi	272	branchy	lift	near	96.00	ghidra:near:86.28;m2c:near:50.97;e3:near:38.91
002b4f50	func_002b4f50	100	branchy	lift	exact	100.00	e3:near:93.08;ghidra:near:90.0;m2c:near:55.34
002b4fb8	func_002b4fb8	64	branchy	lift	exact	100.00	e3:near:87.78;ghidra:near:55.28;m2c:near:52.26
002b5078	func_002b5078	108	branchy	lift	exact	100.00	m2c:near:87.77;ghidra:near:79.57
002b5108	func_002b5108	124	branchy	lift	near	86.45	ghidra:near:70.44;m2c:near:68.17
002b5188	func_002b5188	776	loop	lift	near	77.88	ghidra:near:75.33;m2c:near:68.26
002b5658	func_002b5658	144	branchy	lift	exact	100.00	ghidra:near:83.17;m2c:near:79.49
002b56e8	func_002b56e8	124	loop	m2c	near	64.19	lift:near:60.32;ghidra:near:46.32
002b5768	_ZN2Tz8CmSLBase17LeaveListItemImplEv	120	loop	lift	exact	100.00	ghidra:near:95.81;m2c:near:84.13
002b57e0	func_002b57e0	408	loop	lift	near	78.49	ghidra:near:71.95;m2c:near:60.83
002b5a50	_ZN2Tz8CmSLBase18GetCurrentListItemEv	156	loop	lift	exact	100.00	m2c:near:99.72;ghidra:near:85.5
002b5b38	func_002b5b38	248	branchy	lift	exact	100.00	ghidra:near:83.78;m2c:near:76.71
002b5c30	_ZN2Tz8CmSLBase14UpdateListMessEi	1204	loop	m2c	near	60.17	ghidra:near:52.91;lift:near:0.82
002b6138	func_002b6138	256	loop	m2c	near	67.01	ghidra:near:63.32;lift:near:55.69
002b6298	func_002b6298	160	loop	m2c	near	78.50	e3:near:29.75;ghidra:near:26.44
002b6338	func_002b6338	108	straight	lift	near	79.56	m2c:near:79.56;ghidra:near:71.18
002b6418	func_002b6418	172	branchy	lift	exact	100.00	ghidra:near:95.44;m2c:near:95.33
002b6550	func_002b6550	296	loop	ghidra	near	0.00	m2c:near:0.0
002b6678	func_002b6678	144	loop	lift	near	0.00	ghidra:near:0.0;m2c:near:0.0
002b6708	func_002b6708	532	loop	ghidra	near	5.44	e3:near:0.0;m2c:near:0.0
002b691c	_Z16u_call4_002b691cjjjj	412	loop	stub	compile	0.00	m2c:compile:0.0
002b6ab8	func_002b6ab8	36	straight	lift	near	0.00	e3:near:0.0;ghidra:near:0.0;m2c:near:0.0
002b6adc	func_002b6adc	72	straight	stub	compile	0.00	ghidra:compile:0.0;m2c:compile:0.0
002b6b24	func_002b6b24	96	straight	stub	compile	0.00	ghidra:compile:0.0;m2c:compile:0.0
002b6b84	_Z13func_002b6b84Pv	64	straight	stub	compile	0.00	ghidra:compile:0.0;m2c:compile:0.0
002b6bc4	func_002b6bc4	64	straight	stub	compile	0.00	ghidra:compile:0.0;m2c:compile:0.0
002b6c04	func_002b6c04	64	straight	stub	compile	0.00	ghidra:compile:0.0;m2c:compile:0.0
002b6c44	_Z16wtarget_002b6c44jjjj	240	branchy	stub	compile	0.00	m2c:compile:0.0
002b6d34	_Z13func_002b6d34Pv	240	branchy	stub	compile	0.00	m2c:compile:0.0
002b6e24	func_002b6e24	260	branchy	stub	compile	0.00	m2c:compile:0.0
002b6f28	func_002b6f28	80	straight	lift	near	16.65	ghidra:near:0.0;m2c:near:0.0
002b6f78	func_002b6f78	152	loop	m2c	near	3.24	lift:near:0.0;e3:near:0.0;ghidra:near:0.0
002b7010	func_002b7010	104	straight	e3	near	17.06	lift:near:3.04;ghidra:near:0.0;m2c:near:0.0
002b7078	_Z16wtarget_002b7078jjjj	64	straight	lift	near	16.12	ghidra:near:4.19;e3:near:0.0;m2c:near:0.0
002b70b8	_Z16wtarget_002b70b8jjjj	80	straight	e3	near	22.81	lift:near:16.65;ghidra:near:0.0;m2c:near:0.0
002b7108	_Z13func_002b7108Pv	64	straight	lift	near	16.12	ghidra:near:4.19;m2c:near:0.0
002b7148	func_002b7148	292	loop	lift	near	0.00	e3:near:0.0;ghidra:near:0.0;m2c:near:0.0
002b726c	func_002b726c	120	branchy	stub	compile	0.00	ghidra:compile:0.0;m2c:compile:0.0
002b72e4	_Z16wtarget_002b72e4jjjj	80	straight	stub	compile	0.00	ghidra:compile:0.0;m2c:compile:0.0
002b7334	func_002b7334	120	branchy	stub	compile	0.00	ghidra:compile:0.0;m2c:compile:0.0
002b73ac	func_002b73ac	96	straight	stub	compile	0.00	ghidra:compile:0.0;m2c:compile:0.0
002b740c	func_002b740c	52	straight	stub	compile	0.00	ghidra:compile:0.0;m2c:compile:0.0
002b7440	func_002b7440	1100	loop	lift	near	0.00	ghidra:near:0.0;m2c:near:0.0
002b788c	_Z13func_002b788cPv	96	straight	stub	compile	0.00	ghidra:compile:0.0;m2c:compile:0.0
002b78ec	_Z16wtarget_002b78ecjjjj	64	straight	stub	compile	0.00	ghidra:compile:0.0;m2c:compile:0.0
002b792c	func_002b792c	80	straight	stub	compile	0.00	ghidra:compile:0.0;m2c:compile:0.0
002b797c	func_002b797c	80	straight	stub	compile	0.00	ghidra:compile:0.0;m2c:compile:0.0
002b79cc	_Z16ctarget_002b79ccjjjj	616	loop	stub	compile	0.00	ghidra:compile:0.0;m2c:compile:0.0
002b7c34	func_002b7c34	112	branchy	stub	compile	0.00	ghidra:compile:0.0;m2c:compile:0.0
002b7ca4	func_002b7ca4	72	straight	stub	compile	0.00	ghidra:compile:0.0;m2c:compile:0.0
002b7cec	func_002b7cec	112	branchy	stub	compile	0.00	ghidra:compile:0.0;m2c:compile:0.0
002b7d5c	func_002b7d5c	88	straight	stub	compile	0.00	ghidra:compile:0.0;m2c:compile:0.0
002b7db4	func_002b7db4	128	straight	stub	compile	0.00	ghidra:compile:0.0;m2c:compile:0.0
002b7e34	func_002b7e34	64	straight	stub	compile	0.00	ghidra:compile:0.0;m2c:compile:0.0
002b7e74	func_002b7e74	72	straight	stub	compile	0.00	ghidra:compile:0.0;m2c:compile:0.0
002b7ebc	func_002b7ebc	64	straight	stub	compile	0.00	ghidra:compile:0.0;m2c:compile:0.0
002b7efc	func_002b7efc	64	straight	stub	compile	0.00	ghidra:compile:0.0;m2c:compile:0.0
002b7f3c	func_002b7f3c	72	straight	stub	compile	0.00	ghidra:compile:0.0;m2c:compile:0.0
002b7f84	func_002b7f84	56	straight	stub	compile	0.00	ghidra:compile:0.0;m2c:compile:0.0
002b7fbc	func_002b7fbc	64	straight	stub	compile	0.00	ghidra:compile:0.0;m2c:compile:0.0
002b7ffc	func_002b7ffc	64	straight	stub	compile	0.00	ghidra:compile:0.0;m2c:compile:0.0
002b803c	func_002b803c	64	straight	stub	compile	0.00	ghidra:compile:0.0;m2c:compile:0.0
002b807c	func_002b807c	316	loop	stub	compile	0.00	ghidra:compile:0.0;m2c:compile:0.0
002b81b8	func_002b81b8	52	straight	lift	near	0.00	ghidra:near:0.0;m2c:near:0.0
002b81ec	func_002b81ec	40	straight	stub	compile	0.00	ghidra:compile:0.0;m2c:compile:0.0
002b8214	func_002b8214	40	straight	stub	compile	0.00	ghidra:compile:0.0;m2c:compile:0.0
002b823c	func_002b823c	56	straight	stub	compile	0.00	m2c:compile:0.0
002b8274	_Z13func_002b8274i	132	loop	stub	compile	0.00	ghidra:compile:0.0;m2c:compile:0.0
002b82f8	_Z13func_002b82f8Pv	124	loop	lift	near	34.77	m2c:near:14.39;ghidra:near:0.0
002b8374	func_002b8374	64	straight	stub	compile	0.00	ghidra:compile:0.0;m2c:compile:0.0
002b83b4	_Z13func_002b83b4Pv	56	straight	stub	compile	0.00	ghidra:compile:0.0;m2c:compile:0.0
002b83ec	func_002b83ec	72	straight	stub	compile	0.00	ghidra:compile:0.0;m2c:compile:0.0
002b8434	func_002b8434	132	loop	stub	compile	0.00	ghidra:compile:0.0;m2c:compile:0.0
002b84b8	func_002b84b8	124	loop	lift	near	34.77	m2c:near:14.39;ghidra:near:0.0
002b8534	func_002b8534	176	loop	stub	compile	0.00	ghidra:compile:0.0;m2c:compile:0.0
002b85e4	func_002b85e4	176	loop	stub	compile	0.00	ghidra:compile:0.0;m2c:compile:0.0
002b8694	func_002b8694	136	straight	stub	compile	0.00	ghidra:compile:0.0;m2c:compile:0.0
002b871c	func_002b871c	264	straight	stub	compile	0.00	ghidra:compile:0.0;m2c:compile:0.0
002b8824	func_002b8824	352	straight	stub	compile	0.00	ghidra:compile:0.0;m2c:compile:0.0
002b8984	func_002b8984	96	straight	stub	compile	0.00	ghidra:compile:0.0;m2c:compile:0.0
002b89e4	_Z16wtarget_002b89e4jjjj	140	straight	stub	compile	0.00	ghidra:compile:0.0;m2c:compile:0.0
002b8a70	func_002b8a70	80	straight	lift	near	34.75	ghidra:near:34.75;m2c:near:34.75
002b8ac0	func_002b8ac0	440	branchy	lift	near	2.16	ghidra:near:0.0;m2c:near:0.0
002b8c78	func_002b8c78	1932	loop	lift	near	0.00	ghidra:near:0.0;m2c:near:0.0
002b9404	func_002b9404	484	branchy	stub	compile	0.00	m2c:compile:0.0
002b95e8	func_002b95e8	188	branchy	lift	near	15.77	ghidra:near:7.15;m2c:near:0.0
002b96a4	func_002b96a4	132	branchy	stub	compile	0.00	ghidra:compile:0.0;m2c:compile:0.0
002b9728	func_002b9728	176	branchy	lift	near	26.86	ghidra:near:0.0;m2c:near:0.0
002b97d8	func_002b97d8	148	branchy	lift	near	25.16	ghidra:near:14.62;m2c:near:0.0
002b986c	func_002b986c	252	loop	stub	compile	0.00	ghidra:compile:0.0;m2c:compile:0.0
002b9968	_Z13func_002b9968Pv	56	straight	lift	near	0.00	ghidra:near:0.0;m2c:near:0.0
002b99a0	_Z16ctarget_002b99a0jjjj	40	straight	m2c	near	9.30	lift:near:0.0;ghidra:near:0.0
002b99c8	_Z13func_002b99c8Pv	56	straight	lift	near	0.00	ghidra:near:0.0;m2c:near:0.0
002b9a00	func_002b9a00	56	straight	lift	near	0.00	ghidra:near:0.0;m2c:near:0.0
002b9a38	func_002b9a38	64	straight	lift	near	16.12	ghidra:near:4.19;m2c:near:0.0
002b9a78	func_002b9a78	64	straight	lift	near	16.12	ghidra:near:4.19;m2c:near:0.0
002b9ad0	_Z16u_tail0_002b9ad0v	164	loop	lift	exact	100.00	m2c:near:91.6;ghidra:near:77.15
002b9b78	func_002b9b78	88	straight	lift	exact	100.00	m2c:exact:100.0;ghidra:near:42.41;e3:near:27.55
002b9bd0	_Z16wtarget_002b9bd0jjjj	96	straight	lift	exact	100.00	ghidra:near:88.46;m2c:near:85.28
002b9c80	_ZN5SOUND12initCommonSeEv	512	loop	lift	near	98.03	ghidra:near:69.36;m2c:near:58.54
002b9e80	func_002b9e80	76	straight	lift	exact	100.00	m2c:exact:100.0;ghidra:near:50.95;e3:near:5.26
002b9ed0	func_002b9ed0	84	straight	lift	exact	100.00	m2c:exact:100.0;ghidra:near:43.29
002b9f28	_ZN5SOUND8areaInitEb	136	branchy	e3	exact	100.00	lift:near:68.03;m2c:near:64.56;ghidra:near:59.82
002b9fb0	func_002b9fb0	140	straight	lift	exact	100.00	m2c:exact:100.0;ghidra:near:73.37
002ba040	func_002ba040	108	loop	lift	near	77.76	m2c:near:77.07;ghidra:near:49.7
002ba0b0	func_002ba0b0	68	straight	lift	exact	100.00	twins:exact:100.0;m2c:exact:100.0;ghidra:near:49.65
002ba0f8	func_002ba0f8	68	straight	lift	exact	100.00	twins:exact:100.0;m2c:exact:100.0;ghidra:near:49.65
002ba140	func_002ba140	72	straight	e3	exact	100.00	lift:near:98.22;ghidra:near:98.22;m2c:near:98.22
002ba1b8	_ZN5SOUND11sebTransferEiii	72	straight	e3	exact	100.00	lift:near:98.22;ghidra:near:98.22;m2c:near:98.22
002ba220	func_002ba220	120	straight	lift	exact	100.00	ghidra:exact:100.0;m2c:near:45.87
002ba2e8	_ZN5SOUND12systemSePlayEii	40	straight	lift	exact	100.00	ghidra:exact:100.0;corpus:near:97.9;m2c:near:80.0
002ba330	func_002ba330	36	straight	ghidra	exact	100.00	corpus:near:97.67;m2c:near:75.33;lift:near:53.78
002ba3b8	func_002ba3b8	44	straight	lift	near	40.00	m2c:near:2.82;ghidra:near:0.0
002ba3e8	func_002ba3e8	488	branchy	ghidra	near	55.45	lift:near:18.11;m2c:near:0.0
002ba5d0	func_002ba5d0	44	straight	lift	exact	100.00	ghidra:exact:100.0;m2c:near:63.64
002ba630	func_002ba630	192	branchy	lift	exact	100.00	ghidra:near:77.17;m2c:near:46.29
002ba6f0	func_002ba6f0	212	branchy	permute	exact	100.00	lift:near:96.13;ghidra:near:75.24;m2c:near:40.62
002ba7c8	func_002ba7c8	72	loop	lift	near	96.67	ghidra:near:88.89;m2c:near:41.11;e3:near:40.83
002ba8a8	func_002ba8a8	60	straight	lift	exact	100.00	ghidra:exact:100.0;m2c:exact:100.0;e3:near:0.0
002ba948	func_002ba948	48	straight	lift	exact	100.00	ghidra:exact:100.0;m2c:exact:100.0
002ba9c0	_ZN2Tz9MenuSound15ResetVoiceStateEv	72	branchy	m2c	near	78.50	lift:near:59.11;ghidra:near:53.45
002baa78	func_002baa78	300	loop	permute	exact	100.00	lift:near:91.23;m2c:near:91.23;ghidra:near:78.65
002bacc0	func_002bacc0	84	straight	e3	near	60.81	lift:near:47.67;m2c:near:44.43;ghidra:near:37.57
002bad20	_ZN8TRANSFER8sendTaskEP4TASK	532	loop	ghidra	near	16.40	e3:near:7.65;m2c:compile:0.0
002baf48	func_002baf48	100	straight	lift	near	69.12	ghidra:near:60.9;m2c:near:36.32
002bafb0	_Z16wtarget_002bafb0jjjj	156	loop	lift	near	56.87	ghidra:near:51.18;m2c:near:51.1
002bb070	func_002bb070	48	straight	lift	exact	100.00	ghidra:exact:100.0;m2c:near:26.67
002bb100	func_002bb100	128	branchy	lift	near	87.09	ghidra:near:75.97;m2c:near:69.8
002bb3f0	func_002bb3f0	116	straight	permute	exact	100.00	lift:near:99.59;ghidra:near:66.39;m2c:near:55.52
002bb468	_Z16ctarget_002bb468jjjj	168	loop	lift	near	84.17	m2c:near:67.76;ghidra:near:46.14
002bb510	func_002bb510	148	branchy	typed	exact	100.00	lift:exact:100.0;m2c:near:84.62;e3:near:60.52;ghidra:near:50.21
002bb5f8	func_002bb5f8	696	vu0	lift	near	53.23	ghidra:near:0.0;m2c:near:0.0
002bb8b0	func_002bb8b0	156	float	lift	near	52.37	ghidra:near:42.9;m2c:near:41.36
002bb9b8	func_002bb9b8	524	branchy	lift	near	57.89	m2c:near:56.95;ghidra:near:26.02
002bbbc8	func_002bbbc8	200	branchy	lift	near	65.65	ghidra:near:36.76;m2c:near:0.0
002bbc90	func_002bbc90	200	branchy	lift	near	65.65	ghidra:near:36.76;m2c:near:0.0
002bbd58	func_002bbd58	72	branchy	lift	near	61.94	m2c:near:41.11;ghidra:near:26.67
002bbda0	func_002bbda0	60	loop	lift	near	49.20	ghidra:near:39.87;e3:near:29.33;m2c:near:23.53
002bbde0	func_002bbde0	80	straight	lift	near	75.90	ghidra:near:75.9;m2c:near:56.27
002bbe38	func_002bbe38	68	loop	lift	near	68.71	ghidra:near:61.65;m2c:near:2.84
002bbe80	func_002bbe80	76	loop	lift	near	61.47	ghidra:near:55.16;m2c:near:20.68;e3:near:13.76
002bbed0	func_002bbed0	68	loop	lift	near	68.71	ghidra:near:61.65;e3:near:35.95;m2c:near:2.84
002bbf18	_ZN5SOUND13silentBgSeOffEv	76	loop	lift	near	61.47	ghidra:near:55.16;m2c:near:20.68;e3:near:13.76
002bbf98	func_002bbf98	340	loop	ghidra	near	26.23	m2c:compile:0.0
002bc0f0	func_002bc0f0	100	branchy	m2c	near	66.97	lift:near:54.28;ghidra:near:49.93
002bc158	_ZN5SOUND7allocSeEi	48	branchy	lift	exact	100.00	m2c:exact:100.0;e3:near:39.58;ghidra:near:34.58
002bc188	func_002bc188	92	branchy	m2c	exact	100.00	corpus:near:92.92;lift:near:85.83;ghidra:near:79.57
002bc2e8	func_002bc2e8	108	branchy	e3	exact	100.00	m2c:near:99.26;lift:near:87.32;ghidra:near:82.15
002bc358	_ZN2Tz9MenuSound14StopBgSeHandleEz	64	branchy	corpus	exact	100.00	m2c:near:99.69;ghidra:near:93.24;lift:near:44.69
002bc398	func_002bc398	84	branchy	m2c	near	99.76	lift:near:68.71;ghidra:near:67.76
002bc470	func_002bc470	164	loop	ghidra	near	51.27	e3:near:23.78;m2c:near:20.07
002bc518	func_002bc518	108	loop	lift	near	97.33	ghidra:near:38.59;m2c:near:17.44
002bc608	func_002bc608	128	loop	lift	near	78.00	ghidra:near:48.19;m2c:near:37.09;e3:near:34.23
002bc708	func_002bc708	128	loop	lift	near	78.00	ghidra:near:48.19;m2c:near:37.09
002bc7a8	func_002bc7a8	68	loop	lift	near	82.94	m2c:near:50.53;ghidra:near:43.53;e3:near:12.29
002bc9d8	func_002bc9d8	52	loop	lift	near	99.92	ghidra:near:50.6;m2c:near:6.38
002bca10	func_002bca10	56	loop	m2c	exact	100.00	ghidra:near:54.58;lift:near:8.5
002bca78	func_002bca78	232	loop	m2c	near	93.42	lift:near:88.69;ghidra:near:79.43
002bcbf0	func_002bcbf0	112	straight	lift	near	93.69	m2c:near:91.66;ghidra:near:82.06
002bce50	func_002bce50	132	loop	lift	exact	100.00	ghidra:exact:100.0;m2c:near:84.7
002bd188	func_002bd188	52	straight	ghidra	exact	100.00	m2c:near:73.57;lift:near:33.38
002bd1c0	func_002bd1c0	88	loop	permute	exact	100.00	lift:near:99.86;ghidra:near:90.86;m2c:near:90.82
002bd230	func_002bd230	32	straight	m2c	near	59.20	lift:near:58.0;ghidra:near:58.0
002bd260	func_002bd260	68	straight	lift	exact	100.00	twins:exact:100.0;m2c:exact:100.0;ghidra:near:49.65
002bd310	func_002bd310	552	loop	lift	near	88.12	ghidra:near:88.03;m2c:near:65.54
002bd538	func_002bd538	52	straight	lift	near	99.23	ghidra:near:95.38;m2c:near:63.25;e3:near:0.0
002bd6d0	_ZN2Tz9MenuSound14ResetPauseImplEv	76	branchy	lift	exact	100.00	ghidra:near:93.68;m2c:near:90.33;e3:near:0.0
002bd730	func_002bd730	48	straight	lift	exact	100.00	ghidra:exact:100.0;m2c:near:24.85
002bd788	func_002bd788	80	straight	permute	exact	100.00	lift:near:99.5;ghidra:near:86.4;m2c:near:58.17;e3:near:0.0
002bd7d8	func_002bd7d8	92	straight	lift	exact	100.00	ghidra:near:97.39;m2c:near:45.04;e3:near:9.26
002bd870	func_002bd870	132	branchy	lift	exact	100.00	ghidra:near:76.51;m2c:near:69.26
002bd8f8	func_002bd8f8	156	float	lift	near	83.03	ghidra:near:71.1;m2c:near:69.58;e3:near:61.82
002bd998	func_002bd998	156	float	lift	near	83.03	ghidra:near:71.1;m2c:near:69.58;e3:near:61.82
002bda38	func_002bda38	144	loop	lift	exact	100.00	m2c:near:88.86;ghidra:near:86.64;e3:near:71.61
002bdac8	func_002bdac8	144	loop	lift	exact	100.00	m2c:near:88.86;ghidra:near:86.64;e3:near:71.61
002bdb70	_ZN8worldmap8Libretto5parseEPKN2YS4CODEE	1200	float	lift	near	60.14	m2c:near:58.91;ghidra:near:4.08
002be0b0	_ZN8worldmap8Libretto8leaveObjEi	152	branchy	lift	exact	100.00	m2c:near:98.5;ghidra:near:81.56;e3:near:56.33
002be190	func_002be190	196	float	lift	near	84.14	m2c:near:81.37;ghidra:near:64.18
002be2d8	func_002be2d8	60	float	lift	near	58.25	ghidra:near:30.93;m2c:near:17.8
002be340	func_002be340	104	straight	lift	exact	100.00	m2c:near:99.23;ghidra:near:81.08
002be428	func_002be428	116	branchy	lift	near	64.42	m2c:near:16.76;ghidra:near:14.93
002be4b0	_ZN8worldmap8Libretto5flushEv	108	branchy	m2c	near	94.04	lift:near:47.67;ghidra:near:42.64
002be568	func_002be568	80	straight	lift	exact	100.00	ghidra:exact:100.0;m2c:exact:100.0;e3:near:0.0
002be630	func_002be630	180	float	lift	near	72.67	ghidra:near:40.96;m2c:near:23.4
002be770	func_002be770	72	straight	lift	exact	100.00	ghidra:near:77.0;m2c:near:74.44
002be7b8	func_002be7b8	72	straight	lift	exact	100.00	ghidra:near:77.0;m2c:near:74.44
002be800	func_002be800	264	float	m2c	exact	100.00	lift:near:62.5;ghidra:near:31.68
002be908	func_002be908	84	loop	lift	near	90.00	ghidra:near:37.62;m2c:near:0.0
002be960	func_002be960	80	loop	lift	near	89.25	ghidra:near:87.27;e3:near:53.71;m2c:near:45.75
002be9b0	func_002be9b0	76	loop	lift	near	99.21	ghidra:near:86.67;m2c:near:50.75
002bea88	func_002bea88	160	float	lift	exact	100.00	m2c:near:69.45;ghidra:near:48.0
002beb90	_ZN8worldmap7Manager10get2ldFileEv	64	straight	lift	exact	100.00	m2c:near:66.59;ghidra:near:37.75
002bebd0	func_002bebd0	104	float	lift	near	64.43	m2c:near:50.5;ghidra:near:29.91
002bec38	func_002bec38	56	float	m2c	near	80.64	ghidra:near:58.76;lift:near:42.86
002bec88	func_002bec88	192	branchy	lift	near	64.06	m2c:near:63.98;ghidra:near:19.82
002bed48	_ZN8worldmap13MessageWidgetC1Eii	192	branchy	lift	near	64.06	m2c:near:63.98;ghidra:near:19.82
002bee58	func_002bee58	76	straight	lift	exact	100.00	ghidra:near:98.68;m2c:near:84.74
002beea8	func_002beea8	80	straight	lift	exact	100.00	m2c:near:85.5;ghidra:near:76.54
002bef78	func_002bef78	48	straight	lift	near	76.00	ghidra:near:64.67;m2c:near:64.67
002befc0	func_002befc0	212	straight	typed	exact	100.00	lift:exact:100.0;m2c:near:97.94;ghidra:near:87.63;e3:near:56.77
002bf098	func_002bf098	212	straight	typed	exact	100.00	lift:exact:100.0;m2c:near:97.94;ghidra:near:87.63;e3:near:56.77
002bf308	func_002bf308	140	branchy	lift	near	79.31	ghidra:near:55.8;m2c:near:26.4
002bf468	func_002bf468	204	float	lift	near	79.59	m2c:near:77.16;ghidra:near:55.08
002bf5a0	func_002bf5a0	116	branchy	lift	exact	100.00	m2c:near:91.03;ghidra:near:82.03
002bf618	func_002bf618	52	straight	lift	exact	100.00	m2c:exact:100.0;ghidra:near:85.67
002bf650	func_002bf650	600	float	m2c	near	59.37	ghidra:near:25.63
002bf8f0	func_002bf8f0	132	loop	lift	near	55.39	m2c:near:54.21;ghidra:near:34.79
002bf978	func_002bf978	96	loop	lift	near	99.38	ghidra:near:89.62;m2c:near:7.46
002bf9d8	func_002bf9d8	280	branchy	lift	near	12.24	m2c:near:11.4;e3:near:0.0;ghidra:near:0.0
002bfaf0	func_002bfaf0	80	straight	lift	exact	100.00	ghidra:exact:100.0;m2c:near:69.91;e3:near:63.32
002bfb40	func_002bfb40	80	straight	lift	exact	100.00	ghidra:exact:100.0;m2c:near:69.91;e3:near:63.32
002bfb90	func_002bfb90	360	loop	lift	near	74.43	ghidra:near:42.26;m2c:compile:0.0
002bfd48	func_002bfd48	72	loop	lift	exact	100.00	ghidra:near:90.0;m2c:near:52.22;e3:near:52.17
002bfe08	func_002bfe08	400	vu0	lift	near	46.93	ghidra:near:0.0;m2c:near:0.0
002bff98	func_002bff98	408	vu0	lift	near	49.69	ghidra:near:9.78;m2c:near:0.0
002c0370	func_002c0370	168	float	ghidra	near	84.02	m2c:near:65.98;e3:near:42.09;lift:near:26.92
002c0470	func_002c0470	84	branchy	lift	near	80.00	ghidra:near:65.74;m2c:near:60.64
002c04c8	func_002c04c8	448	vu0	ghidra	near	0.00	m2c:near:0.0;lift:compile:0.0
002c0700	func_002c0700	36	straight	lift	exact	100.00	ghidra:exact:100.0;m2c:exact:100.0;corpus:near:77.78
002c0738	_Z16wtarget_002c0738jjjj	228	float	lift	near	35.68	ghidra:near:8.75;m2c:near:8.68
002c0ca0	func_002c0ca0	1088	loop	lift	near	77.95	ghidra:near:76.16;m2c:near:72.2
002c10e0	func_002c10e0	288	loop	m2c	near	95.07	lift:near:87.64;ghidra:near:87.19
002c1200	func_002c1200	288	loop	m2c	near	95.07	lift:near:87.64;ghidra:near:87.19
002c1320	func_002c1320	316	loop	m2c	near	89.93	lift:near:88.72;ghidra:near:84.65
002c14a8	_ZN2dk13WM_TOTAL_INFO7fadeoutEv	64	branchy	lift	exact	100.00	m2c:exact:100.0;ghidra:near:92.38
002c14e8	func_002c14e8	508	loop	lift	near	95.97	m2c:near:86.32;ghidra:near:42.26
002c17d8	func_002c17d8	108	vu0	lift	near	92.41	ghidra:near:23.48;m2c:near:4.04
002c1860	func_002c1860	108	float	m2c	near	96.07	lift:near:90.37;ghidra:near:42.48
002c18e0	func_002c18e0	112	vu0	lift	near	51.75	ghidra:near:16.06;m2c:near:0.0
002c1950	func_002c1950	64	float	lift	exact	100.00	ghidra:near:54.06;m2c:near:45.25
002c1a18	func_002c1a18	60	float	lift	exact	100.00	ghidra:near:55.0;m2c:near:29.27
002c1a58	func_002c1a58	68	straight	m2c	near	96.41	lift:near:52.94;ghidra:near:52.94
002c1aa0	func_002c1aa0	68	straight	m2c	near	96.41	lift:near:52.94;ghidra:near:52.94
002c1ae8	func_002c1ae8	96	straight	lift	near	74.96	ghidra:near:71.92;m2c:near:70.96;e3:near:55.65
002c1b60	func_002c1b60	128	branchy	lift	near	62.34	m2c:near:49.0;ghidra:near:44.47
002c1c50	func_002c1c50	52	straight	lift	exact	100.00	m2c:exact:100.0;corpus:near:92.86;ghidra:near:92.5
002c1cb0	func_002c1cb0	148	branchy	lift	near	81.30	m2c:near:81.3;ghidra:near:36.11
002c1f08	func_002c1f08	132	float	lift	near	50.52	m2c:near:25.15;ghidra:near:16.09
002c1f90	func_002c1f90	360	vu0	ghidra	near	0.00	m2c:near:0.0
002c20f8	func_002c20f8	108	branchy	lift	near	54.63	m2c:near:13.2;ghidra:near:6.3
002c2168	func_002c2168	108	branchy	lift	near	54.63	m2c:near:13.2;ghidra:near:10.12
002c22b8	func_002c22b8	52	straight	ghidra	near	32.15	m2c:near:27.92;lift:near:0.0
002c22f0	func_002c22f0	104	loop	lift	near	87.69	m2c:near:84.15;ghidra:near:75.38
002c2598	func_002c2598	116	loop	lift	near	52.83	m2c:near:45.93;ghidra:near:35.7;e3:near:27.78
002c2610	func_002c2610	116	loop	lift	near	52.83	m2c:near:45.93;ghidra:near:35.7;e3:near:27.78
002c2688	func_002c2688	108	loop	e3	near	54.82	ghidra:near:48.96;lift:near:40.46;m2c:near:1.48
002c29d8	func_002c29d8	732	loop	m2c	near	84.72	ghidra:near:83.19;lift:near:80.45
002c3280	func_002c3280	228	branchy	typed	exact	100.00	lift:exact:100.0;m2c:near:96.14;e3:near:95.89;ghidra:near:89.16
002c3368	func_002c3368	356	float	m2c	near	96.19	lift:near:84.58;e3:near:77.14;ghidra:near:74.32
002c34d0	func_002c34d0	356	float	m2c	near	96.19	lift:near:84.58;e3:near:77.17;ghidra:near:74.32
002c3638	func_002c3638	1620	float	m2c	near	68.33	ghidra:near:28.9
002c3c90	func_002c3c90	268	branchy	m2c	near	58.91	ghidra:near:48.01
002c3e58	func_002c3e58	636	loop	m2c	near	92.26	lift:near:82.8;ghidra:near:75.34;e3:near:44.45
002c40d8	_ZN2dk10WM_LANDING8drawListEv	356	branchy	typed	exact	100.00	lift:exact:100.0;e3:near:93.63;ghidra:near:85.94;m2c:near:81.72
002c4390	func_002c4390	296	branchy	lift	near	84.28	ghidra:near:73.97;m2c:near:52.07
002c44b8	func_002c44b8	2028	loop	ghidra	near	62.88	m2c:near:26.66
002c4ca8	func_002c4ca8	496	loop	ghidra	near	78.06	lift:near:77.28;m2c:near:68.48
002c4e98	_ZN2dk10WM_LANDING6createEPKcRKN2YS6TARGETE	644	float	lift	near	97.65	ghidra:near:84.3;m2c:near:83.87
002c5238	func_002c5238	92	loop	lift	exact	100.00	ghidra:exact:100.0;m2c:near:39.74;e3:near:22.35
002c5298	_Z16wtarget_002c5298jjjj	224	float	lift	near	32.48	ghidra:near:29.25;m2c:near:11.44
002c5418	func_002c5418	68	straight	lift	exact	100.00	e3:near:99.71;ghidra:near:92.29;m2c:near:87.33
002c5460	func_002c5460	36	straight	e3	exact	100.00	ghidra:exact:100.0;m2c:near:76.11;lift:near:11.11
002c5658	func_002c5658	116	float	lift	exact	100.00	ghidra:near:78.34;m2c:near:75.41
002c5850	func_002c5850	120	straight	lift	exact	100.00	ghidra:near:67.97;m2c:near:50.4;e3:near:36.08
002c58c8	_ZN8worldmap9ObjCamera5startEPNS_6PlayerEPN2YS3PADE	56	straight	lift	exact	100.00	m2c:exact:100.0;corpus:near:70.64;ghidra:near:62.19;e3:near:39.39
002c5900	func_002c5900	124	branchy	e3	exact	100.00	m2c:near:63.32;ghidra:near:59.55;lift:near:39.1
002c5b20	func_002c5b20	300	vu0	m2c	near	73.87	lift:near:73.51;ghidra:near:36.57
002c5c50	func_002c5c50	232	vu0	lift	near	95.52	m2c:near:20.71;ghidra:near:3.52
002c5dc0	func_002c5dc0	280	vu0	lift	near	85.64	ghidra:near:25.87;m2c:near:12.8
002c5fb8	func_002c5fb8	64	float	corpus	near	83.44	m2c:near:59.39;lift:near:48.63;ghidra:near:29.26
002c5ff8	func_002c5ff8	84	vu0	lift	near	90.48	ghidra:near:17.4;m2c:near:0.0
002c6050	func_002c6050	168	loop	ghidra	near	44.36	lift:near:4.52;m2c:near:4.52
002c6158	func_002c6158	52	straight	lift	exact	100.00	ghidra:near:0.0;m2c:near:0.0
002c6228	func_002c6228	84	straight	lift	exact	100.00	m2c:near:85.45;ghidra:near:64.09
002c6280	func_002c6280	68	branchy	ghidra	near	98.82	lift:near:93.89;m2c:near:93.33;e3:near:40.39
002c62c8	func_002c62c8	184	loop	lift	exact	100.00	m2c:exact:100.0;ghidra:near:64.92
002c6420	func_002c6420	108	float	e3	compile	0.00	lift:near:97.78;ghidra:near:74.46;m2c:near:72.0
002c6490	func_002c6490	360	vu0	lift	near	66.20	ghidra:near:16.52;m2c:near:2.5
002c6610	func_002c6610	168	vu0	lift	near	67.61	ghidra:near:0.0;m2c:near:0.0
002c66b8	func_002c66b8	196	float	lift	near	49.79	ghidra:near:38.51;m2c:near:21.22
002c6780	func_002c6780	204	float	lift	near	55.31	ghidra:near:42.79;m2c:near:29.75
002c68f0	func_002c68f0	880	vu0	lift	near	65.10	ghidra:near:20.84;m2c:near:15.34
002c6cd8	_Z16wtarget_002c6cd8jjjj	412	float	lift	near	61.64	m2c:near:19.28;ghidra:near:13.4
002c6eb8	_ZN8worldmap4Warp5startEPNS_6PlayerERKN2YS6TARGETE	420	vu0	lift	near	64.76	m2c:near:15.17;ghidra:near:13.58
002c7060	func_002c7060	164	vu0	m2c	near	44.17	ghidra:near:43.28;lift:compile:0.0
002c77b8	func_002c77b8	1708	loop	lift	near	86.68	ghidra:near:78.41;m2c:compile:0.0
002c7e68	func_002c7e68	444	loop	m2c	near	87.47	lift:near:85.31;ghidra:near:76.56
002c8028	func_002c8028	444	loop	m2c	near	87.47	lift:near:85.31;ghidra:near:76.56
002c81e8	func_002c81e8	448	loop	m2c	near	87.58	lift:near:85.44;ghidra:near:75.53
002c85c8	func_002c85c8	124	branchy	lift	exact	100.00	ghidra:near:96.41;m2c:near:93.25;e3:near:86.48
002c8680	func_002c8680	376	loop	ghidra	near	96.57	lift:near:85.63;m2c:near:76.98
002c90c8	func_002c90c8	2256	float	ghidra	near	82.77	lift:near:78.91;m2c:near:65.62
002c9998	func_002c9998	412	loop	m2c	near	82.21	lift:near:71.54;ghidra:near:69.57
002c9b38	func_002c9b38	412	loop	m2c	near	82.21	lift:near:71.54;ghidra:near:69.57
002c9cd8	func_002c9cd8	440	loop	m2c	near	81.89	lift:near:73.23;ghidra:near:64.63
002ca010	_ZN2dk16WM_GLANDING_INFO5startEi	148	branchy	ghidra	near	95.53	lift:near:82.22;e3:near:70.31;m2c:compile:0.0
002ca0e0	func_002ca0e0	144	straight	permute	exact	100.00	lift:near:99.83;ghidra:near:99.83;m2c:near:85.7
002ca170	func_002ca170	144	straight	permute	exact	100.00	lift:near:99.83;ghidra:near:99.83;m2c:near:85.7
002ca320	func_002ca320	172	straight	m2c	near	83.84	lift:near:70.93;ghidra:near:59.65
002ca4c0	_ZN2dk11WM_GLANDING6selectEv	244	branchy	lift	near	62.41	m2c:near:59.05;ghidra:near:51.71
002ca828	func_002ca828	548	loop	lift	near	77.76	ghidra:near:74.99;m2c:near:72.41
002caa50	_ZN2dk11WM_GLANDING6createEPKci	244	straight	lift	near	89.18	ghidra:near:85.11;m2c:near:80.79
002cae60	func_002cae60	528	vu0	lift	near	56.98	ghidra:near:9.03;m2c:near:2.31
002cb160	_ZN8worldmap13CloseUpCamera3endEv	36	straight	lift	exact	100.00	e3:exact:100.0;ghidra:exact:100.0;m2c:exact:100.0;corpus:near:77.78
002cb188	_Z16wtarget_002cb188jjjj	84	float	lift	near	51.67	m2c:near:19.0;ghidra:near:14.43
002cb200	func_002cb200	376	loop	m2c	near	80.19	ghidra:near:66.89
002cb5d8	func_002cb5d8	160	float	m2c	near	53.70	lift:near:42.5;ghidra:near:32.91
002cb678	func_002cb678	140	loop	lift	near	78.00	m2c:near:26.31;ghidra:near:0.0
002cb708	_ZN2Ti4PathD1Ev	56	straight	lift	near	38.14	ghidra:near:35.2;e3:near:32.74;m2c:near:27.36
002cb7c8	func_002cb7c8	56	straight	lift	near	84.57	m2c:near:84.57;ghidra:near:55.13
002cb828	func_002cb828	100	branchy	lift	near	52.81	m2c:near:49.92;ghidra:near:30.06
002cb938	func_002cb938	276	vu0	lift	near	33.76	ghidra:near:0.0;m2c:near:0.0
002cba50	func_002cba50	56	float	lift	exact	100.00	ghidra:near:67.14;m2c:near:48.57
002cba88	func_002cba88	532	vu0	ghidra	near	0.00	m2c:near:0.0;lift:compile:0.0
002cbca0	func_002cbca0	76	float	ghidra	near	64.40	lift:near:56.0;m2c:near:51.45
002cbd20	_Z16wtarget_002cbd20jjjj	412	vu0	m2c	near	54.21	ghidra:near:3.24;lift:compile:0.0
002cbf08	func_002cbf08	100	vu0	lift	near	67.36	ghidra:near:0.0;m2c:near:0.0
002cbf70	func_002cbf70	1712	vu0	m2c	near	16.53	ghidra:near:11.85
002cc620	func_002cc620	428	vu0	ghidra	near	0.00	m2c:near:0.0;lift:compile:0.0
002cc7d0	func_002cc7d0	1968	vu0	ghidra	near	0.00	m2c:near:0.0
002cd018	func_002cd018	444	float	m2c	near	52.48	ghidra:near:21.41;lift:compile:0.0
002cd1d8	func_002cd1d8	136	float	lift	exact	100.00	ghidra:near:86.68;m2c:near:70.21
002cd260	func_002cd260	48	float	typed	exact	100.00	lift:exact:100.0;ghidra:near:56.0;m2c:near:51.62;corpus:near:50.0;e3:near:37.52
002cd290	_ZN2Ti4Path17reset_active_pathEPN2YS3OBJES3_	332	vu0	m2c	near	15.07	ghidra:near:4.7;lift:compile:0.0
002cd3e0	func_002cd3e0	68	straight	m2c	near	62.41	ghidra:near:47.71;lift:near:39.06
002cd428	func_002cd428	240	vu0	m2c	near	36.77	ghidra:near:27.16;lift:compile:0.0
002cd518	func_002cd518	600	vu0	ghidra	near	0.00	m2c:compile:0.0
002cd770	func_002cd770	260	vu0	lift	near	34.88	ghidra:near:0.0;m2c:near:0.0
002cd910	_Z13func_002cd910f	60	float	ghidra	near	87.35	m2c:near:68.61;lift:near:59.08
002cd950	func_002cd950	280	vu0	lift	near	0.00	ghidra:near:0.0;m2c:near:0.0
002cdb60	func_002cdb60	372	float	m2c	near	44.45	ghidra:near:39.36;lift:compile:0.0
002cdcd8	func_002cdcd8	724	vu0	m2c	near	22.71	ghidra:near:21.51;lift:compile:0.0
002cdfb0	func_002cdfb0	748	float	m2c	near	45.55	ghidra:near:33.7;lift:compile:0.0
002ce2a0	func_002ce2a0	756	float	ghidra	near	35.93	m2c:near:26.15;lift:compile:0.0
002ce598	_Z16wtarget_002ce598jjjj	288	vu0	lift	near	59.67	ghidra:near:16.51;m2c:near:8.6
002ce6b8	func_002ce6b8	436	vu0	lift	near	72.06	m2c:near:59.14;ghidra:near:40.1
002ce958	func_002ce958	100	straight	lift	near	75.00	ghidra:near:74.81;m2c:near:63.44
002ceaa8	func_002ceaa8	64	straight	lift	exact	100.00	ghidra:near:72.7;m2c:near:70.24
002ceb48	func_002ceb48	104	branchy	lift	exact	100.00	ghidra:near:95.77;m2c:near:89.85
002cebc8	func_002cebc8	64	branchy	lift	exact	100.00	m2c:near:94.06;ghidra:near:74.69;e3:near:70.0
002cec88	func_002cec88	304	vu0	lift	near	70.21	ghidra:near:0.0;m2c:near:0.0
002cedd0	func_002cedd0	132	loop	m2c	near	91.15	ghidra:near:90.26;lift:near:79.71
002cee58	func_002cee58	160	vu0	lift	near	63.08	ghidra:near:53.4;m2c:near:28.27
002ceef8	func_002ceef8	92	straight	lift	near	48.61	m2c:near:12.52;ghidra:near:0.0
002cef80	func_002cef80	216	float	lift	near	64.04	ghidra:near:16.39;m2c:near:15.17
002cf058	_Z16wtarget_002cf058jjjj	280	vu0	lift	near	80.21	ghidra:near:25.73;m2c:near:2.27
002cf1f8	func_002cf1f8	76	branchy	lift	exact	100.00	ghidra:exact:100.0;m2c:near:93.95
002cf320	func_002cf320	216	loop	ghidra	near	75.56	lift:near:70.09;m2c:near:60.26;e3:near:20.27
002cf3f8	_Z16ctarget_002cf3f8jjjj	64	branchy	lift	exact	100.00	ghidra:exact:100.0;m2c:near:77.61;corpus:near:74.69
002cf4a8	func_002cf4a8	396	float	lift	near	43.68	ghidra:near:30.94;m2c:near:0.0
002cf638	_ZN2Ti5MGObj23find_free_member_bufferEi	276	loop	m2c	near	76.42	ghidra:near:65.8
002cf750	func_002cf750	364	branchy	lift	near	92.40	ghidra:near:75.64;m2c:near:70.1
002cf8c0	func_002cf8c0	116	branchy	m2c	near	78.14	lift:near:66.9;ghidra:near:66.86
002cf938	_ZN2Ti5MGObj17reset_all_membersEb	96	loop	ghidra	near	87.80	e3:near:82.59;lift:near:76.7;m2c:compile:0.0
002cf998	func_002cf998	404	float	lift	near	67.86	m2c:near:60.39;ghidra:near:44.85
002cfb30	func_002cfb30	896	float	m2c	near	65.68	lift:near:41.58;ghidra:near:0.0
002cff50	func_002cff50	68	straight	typed	exact	100.00	lift:exact:100.0;ghidra:near:99.59;m2c:near:99.59;corpus:near:76.12;e3:near:37.34
002cff98	func_002cff98	68	straight	lift	near	84.00	m2c:near:83.88;ghidra:near:66.95
002cffe0	func_002cffe0	68	straight	lift	near	84.00	m2c:near:83.88;ghidra:near:66.95
002d0028	func_002d0028	72	straight	lift	exact	100.00	m2c:near:99.89;ghidra:near:67.7
002d00e0	_ZN2Ti5MGObj15check_all_leaveEv	288	loop	m2c	near	51.73	e3:near:37.42;ghidra:near:13.92
002d0200	_ZN2Ti5MGObj12IsInitAppearEPKN2YS8OBJENTRYE	140	branchy	lift	near	76.62	ghidra:near:55.29;m2c:near:52.66;e3:near:44.81
002d0290	func_002d0290	1156	float	lift	near	77.27	ghidra:near:42.99;m2c:compile:0.0
002d0718	func_002d0718	412	float	lift	near	59.86	m2c:near:27.07;ghidra:near:5.87
002d08b8	func_002d08b8	444	vu0	ghidra	near	18.13	m2c:compile:0.0
002d0a78	func_002d0a78	272	loop	ghidra	near	96.47	e3:near:62.0;m2c:near:24.69
002d0c28	func_002d0c28	200	branchy	typed	exact	100.00	lift:exact:100.0;e3:exact:100.0;m2c:near:94.6;ghidra:near:87.46
002d0cf0	_ZN2Ti5MGObj9hibernateEv	84	branchy	typed	exact	100.00	lift:exact:100.0;ghidra:near:98.1;m2c:near:98.1
002d0d88	func_002d0d88	132	float	lift	near	73.88	ghidra:near:67.54;m2c:near:66.42
002d0e10	func_002d0e10	152	float	lift	near	80.00	m2c:near:78.05;ghidra:near:0.0
002d0f38	_Z16u_call4_002d0f38jjjj	116	straight	lift	near	90.62	m2c:near:90.48;ghidra:near:79.03
002d0fb0	func_002d0fb0	116	straight	lift	near	90.62	m2c:near:90.48;ghidra:near:79.03
002d1028	func_002d1028	120	straight	lift	exact	100.00	m2c:near:96.65;ghidra:near:78.77
002d10a0	func_002d10a0	392	vu0	m2c	near	0.00	ghidra:compile:0.0
002d1270	func_002d1270	64	straight	lift	exact	100.00	ghidra:exact:100.0;m2c:exact:100.0
002d12b0	func_002d12b0	672	float	lift	near	61.58	m2c:near:56.33;ghidra:near:24.2
002d1550	func_002d1550	672	float	lift	near	61.58	m2c:near:56.33;ghidra:near:24.2
002d1840	func_002d1840	52	straight	lift	exact	100.00	m2c:exact:100.0;ghidra:near:55.33
002d1908	_Z16wtarget_002d1908jjjj	648	vu0	lift	near	71.82	m2c:near:53.71;ghidra:near:16.38
002d1b90	func_002d1b90	104	float	lift	near	51.06	m2c:near:20.12;ghidra:near:0.0
002d1bf8	func_002d1bf8	308	vu0	permute	exact	100.00	lift:near:92.21;m2c:near:48.7;ghidra:near:36.37
002d1d30	func_002d1d30	212	vu0	lift	near	49.88	ghidra:near:18.26;m2c:near:3.25
002d1e08	func_002d1e08	244	vu0	lift	near	69.98	m2c:near:33.23;ghidra:near:22.47
002d1f88	func_002d1f88	204	vu0	ghidra	near	0.00	m2c:near:0.0
002d2070	func_002d2070	84	straight	ghidra	near	33.76	m2c:near:0.0
002d24e8	func_002d24e8	260	vu0	lift	near	76.13	ghidra:near:0.0;m2c:near:0.0
002d25f0	func_002d25f0	112	loop	lift	near	99.46	ghidra:near:91.0;m2c:near:39.82
002d2660	_ZN2Ti9MGOarashi24get_attach_ready_tornadoEi	220	vu0	lift	near	54.82	m2c:near:33.75;ghidra:near:9.56
002d2740	func_002d2740	300	vu0	lift	near	65.19	ghidra:near:0.0;m2c:near:0.0
002d2870	func_002d2870	132	float	ghidra	near	69.56	lift:near:61.18;m2c:near:58.64
002d28f8	func_002d28f8	80	straight	ghidra	near	81.24	lift:near:76.23;m2c:near:0.0
002d2a58	func_002d2a58	52	straight	lift	exact	100.00	m2c:exact:100.0;ghidra:near:55.33
002d2a90	_ZN2Ti15MGOarashiGimObj20start_tornado_attackEv	188	branchy	lift	near	93.09	ghidra:near:71.75;m2c:near:10.46
002d2b50	func_002d2b50	1492	vu0	lift	near	65.24	m2c:near:47.33;ghidra:near:44.79
002d3128	_ZN2Ti15MGOarashiGimObj18reserve_fall_prizeEi	132	float	m2c	near	78.32	e3:near:53.0;lift:near:46.09;ghidra:near:40.47
002d31b0	func_002d31b0	808	vu0	m2c	near	22.81	ghidra:near:15.64;lift:compile:0.0
002d3568	func_002d3568	388	float	lift	near	50.69	m2c:near:49.61;ghidra:near:11.05
002d36f0	func_002d36f0	504	float	m2c	near	54.84	lift:near:51.82;ghidra:near:34.15
002d38e8	func_002d38e8	224	vu0	lift	near	59.76	ghidra:near:5.82;m2c:compile:0.0
002d39c8	_ZN2Ti15MGOarashiGimObj16exec_damage_selfEPN2YS6DAMAGEE	428	vu0	lift	near	74.38	ghidra:near:28.26;m2c:near:25.79
002d3b78	func_002d3b78	924	vu0	lift	near	27.20	m2c:near:22.85;ghidra:near:0.0
002d3f18	_ZN2Ti15MGOarashiGimObj13force_destroyEv	140	branchy	lift	exact	100.00	e3:exact:100.0;m2c:near:94.14;ghidra:near:83.15
002d3fa8	func_002d3fa8	536	vu0	lift	near	30.85	ghidra:near:0.0;m2c:near:0.0
002d4200	func_002d4200	60	straight	lift	exact	100.00	corpus:near:88.0;ghidra:near:76.47;m2c:near:69.27
002d4548	func_002d4548	596	vu0	m2c	near	47.19	ghidra:near:25.32;lift:near:18.25
002d47a8	func_002d47a8	60	straight	lift	near	81.87	m2c:near:81.8;ghidra:near:76.44
002d47e8	func_002d47e8	60	straight	lift	near	81.87	m2c:near:81.8;ghidra:near:76.44
002d4828	func_002d4828	64	straight	lift	exact	100.00	m2c:near:99.94;ghidra:near:88.61;corpus:near:70.56
002d4868	func_002d4868	76	float	lift	exact	100.00	m2c:near:78.89;ghidra:near:69.5
002d48b8	func_002d48b8	152	float	lift	near	80.00	m2c:near:78.05;ghidra:near:0.0
002d49c0	func_002d49c0	112	float	m2c	near	58.18	lift:near:48.22;ghidra:near:28.21
002d4a30	func_002d4a30	112	float	lift	near	73.07	m2c:near:51.97;ghidra:near:51.42
002d4aa0	func_002d4aa0	156	vu0	m2c	near	47.95	lift:near:42.81;ghidra:near:25.28
002d4b40	func_002d4b40	752	vu0	m2c	near	30.27	ghidra:near:20.2
002d4f60	func_002d4f60	292	vu0	lift	near	60.62	m2c:near:4.15;ghidra:near:1.86
002d5088	func_002d5088	360	vu0	lift	near	64.92	ghidra:near:13.34;m2c:near:0.17
002d5200	func_002d5200	680	vu0	lift	near	47.44	m2c:near:35.83;ghidra:near:0.0
002d54a8	func_002d54a8	208	float	lift	near	70.97	m2c:near:69.25;ghidra:near:46.7
002d5588	func_002d5588	44	branchy	m2c	exact	100.00	lift:near:57.27;ghidra:near:0.0
002d55b8	_ZN2Ti15MGOarashiPlayer16is_combine_readyEv	232	vu0	lift	near	53.10	ghidra:near:26.52;m2c:near:22.97
002d56a0	func_002d56a0	164	vu0	lift	near	37.66	ghidra:near:23.22;m2c:near:18.34
002d5748	func_002d5748	328	branchy	lift	near	93.41	e3:near:71.62;m2c:near:56.37;ghidra:near:0.0
002d5958	func_002d5958	408	vu0	ghidra	near	47.53	m2c:near:11.25
002d5bd8	func_002d5bd8	68	branchy	lift	near	67.06	m2c:near:55.53;ghidra:near:36.12
002d5c20	func_002d5c20	28	float	ghidra	near	50.00	m2c:near:37.14;lift:near:26.33
002d5d10	func_002d5d10	60	straight	lift	exact	100.00	corpus:near:88.0;ghidra:near:76.47;m2c:near:69.27
002d5d50	func_002d5d50	60	straight	lift	exact	100.00	corpus:near:88.0;ghidra:near:76.47;m2c:near:69.27
002d5dd0	func_002d5dd0	60	straight	lift	near	81.87	m2c:near:81.8;ghidra:near:76.44
002d5e10	func_002d5e10	64	straight	lift	exact	100.00	m2c:near:99.94;ghidra:near:88.61;corpus:near:70.56
002d5e50	func_002d5e50	244	vu0	lift	near	88.82	m2c:near:56.1;ghidra:near:43.34
002d5f48	func_002d5f48	412	vu0	ghidra	near	0.00	m2c:near:0.0
002d60e8	func_002d60e8	212	float	lift	near	81.15	ghidra:near:76.28;m2c:near:59.21
002d62d0	func_002d62d0	580	vu0	m2c	near	44.15	ghidra:near:24.37;lift:near:8.53
002d6518	func_002d6518	228	float	lift	near	99.65	ghidra:near:65.95;m2c:near:61.72
002d6600	func_002d6600	336	vu0	lift	near	97.13	m2c:near:37.93;ghidra:near:34.25
002d6750	func_002d6750	504	vu0	lift	near	61.59	ghidra:near:35.24;m2c:near:30.53
002d6a00	func_002d6a00	156	float	m2c	near	58.95	lift:near:58.87;ghidra:near:38.82
002d6af0	func_002d6af0	52	straight	lift	exact	100.00	m2c:exact:100.0;ghidra:near:55.33
002d6b30	func_002d6b30	416	vu0	lift	near	73.17	m2c:near:46.1;ghidra:near:10.8
002d6d10	func_002d6d10	116	float	ghidra	near	95.00	lift:near:70.34;m2c:near:48.43
002d6e08	func_002d6e08	84	vu0	lift	near	53.90	m2c:near:13.81;ghidra:near:7.62
002d6ec8	func_002d6ec8	96	float	lift	near	77.92	ghidra:near:40.28;m2c:near:0.0
002d7128	_Z16u_tail4_002d7128jjjj	436	float	lift	near	89.92	ghidra:near:85.67;m2c:near:81.17
002d72e0	func_002d72e0	88	branchy	lift	near	88.18	m2c:near:88.18;ghidra:near:66.26
002d7338	func_002d7338	88	branchy	lift	near	88.18	m2c:near:88.18;ghidra:near:66.26
002d74c8	func_002d74c8	356	float	lift	near	96.37	ghidra:near:72.27;m2c:near:64.84
002d7698	func_002d7698	528	float	ghidra	near	60.10	lift:near:53.47;e3:near:0.0;m2c:compile:0.0
002d78a8	_Z16wtarget_002d78a8jjjj	472	vu0	m2c	near	3.37	ghidra:near:0.0
002d7af0	_ZN2Ti12MGHachimitsu25calc_player_center_matrixEv	1564	vu0	ghidra	near	0.00	m2c:near:0.0
002d8150	_Z16ctarget_002d8150jjjj	780	vu0	ghidra	near	4.49	m2c:near:0.0;lift:compile:0.0
002d84a8	_Z13func_002d84a8i	452	float	lift	near	66.99	ghidra:near:15.77;m2c:near:4.71
002d8670	_Z13func_002d8670i	332	float	lift	near	67.11	m2c:near:66.89;ghidra:near:23.19
002d88a8	func_002d88a8	84	straight	ghidra	near	33.76	m2c:near:0.0
002d8910	func_002d8910	160	vu0	lift	near	14.15	ghidra:near:0.0;m2c:near:0.0
002d89b0	func_002d89b0	196	vu0	lift	near	53.82	ghidra:near:14.39;m2c:near:2.12
002d8a78	func_002d8a78	224	vu0	lift	near	61.48	m2c:near:27.71;ghidra:near:0.0
002d8d40	func_002d8d40	40	float	lift	near	96.50	m2c:near:74.33;e3:near:19.35;ghidra:near:17.9
002d8d68	func_002d8d68	1184	vu0	ghidra	near	7.28	m2c:compile:0.0
002d9220	func_002d9220	660	float	lift	near	58.62	m2c:near:37.25;ghidra:near:20.31
002d94b8	func_002d94b8	208	float	lift	near	78.54	m2c:near:69.25;ghidra:near:57.66;e3:near:33.1
002d96d8	func_002d96d8	84	straight	lift	exact	100.00	ghidra:near:99.62;m2c:near:86.81
002d9730	func_002d9730	84	straight	lift	exact	100.00	ghidra:near:99.62;m2c:near:86.81
002d9788	func_002d9788	132	float	lift	near	84.52	ghidra:near:73.48;m2c:near:63.61
002d9810	func_002d9810	712	vu0	m2c	near	41.95	ghidra:near:32.36
002da040	func_002da040	204	float	lift	near	68.51	e3:near:62.06;m2c:near:57.82;ghidra:near:39.21
002da120	func_002da120	276	float	typed	exact	100.00	lift:exact:100.0;m2c:near:73.64;ghidra:near:67.71
002da238	func_002da238	208	vu0	lift	near	48.88	m2c:near:46.17;ghidra:near:36.77
002da308	func_002da308	204	vu0	lift	near	55.22	ghidra:near:33.84;m2c:near:24.63
002da3d8	func_002da3d8	324	vu0	lift	near	40.96	m2c:near:33.44;ghidra:near:5.7
002da520	func_002da520	332	vu0	lift	near	43.25	ghidra:near:0.0;m2c:near:0.0
002da670	func_002da670	636	float	lift	near	63.83	ghidra:near:0.0;m2c:compile:0.0
002da958	_ZN2Ti18MGHachimitsuPlayer20start_special_motionEv	168	float	typed	exact	100.00	lift:exact:100.0;e3:near:87.76;m2c:near:49.67;ghidra:near:47.55
002daa00	func_002daa00	80	branchy	lift	near	99.00	m2c:near:99.0;ghidra:near:62.38;e3:near:62.33
002daa50	func_002daa50	68	straight	lift	exact	100.00	ghidra:near:78.37;m2c:near:72.88
002daa98	func_002daa98	68	straight	lift	exact	100.00	ghidra:near:78.37;m2c:near:72.88
002dab30	func_002dab30	52	straight	lift	exact	100.00	m2c:exact:100.0;ghidra:near:55.33
002dac50	func_002dac50	80	straight	lift	exact	100.00	m2c:near:74.0;ghidra:near:44.95
002daca0	func_002daca0	80	straight	lift	exact	100.00	m2c:near:74.0;ghidra:near:44.95
002dad40	func_002dad40	52	straight	lift	exact	100.00	m2c:exact:100.0;ghidra:near:55.33
002dae38	func_002dae38	176	float	lift	near	65.06	m2c:near:50.56;e3:near:39.16;ghidra:near:29.77
002daee8	func_002daee8	228	vu0	m2c	near	64.00	lift:near:47.98;ghidra:near:21.52
002dafd0	func_002dafd0	440	vu0	lift	near	60.59	ghidra:near:16.87;m2c:near:4.2
002db210	func_002db210	668	vu0	ghidra	near	20.76	m2c:near:20.04
002db580	func_002db580	52	straight	lift	exact	100.00	m2c:exact:100.0;ghidra:near:55.33
002db730	func_002db730	52	straight	lift	exact	100.00	m2c:exact:100.0;ghidra:near:55.33
002db7d0	func_002db7d0	56	straight	lift	exact	100.00	m2c:exact:100.0;ghidra:near:61.81
002db808	func_002db808	76	straight	lift	near	75.79	m2c:near:51.58;ghidra:near:32.79
002db858	func_002db858	76	straight	lift	near	75.79	m2c:near:51.58;ghidra:near:32.79
002db8a8	func_002db8a8	60	straight	lift	near	81.87	m2c:near:81.8;ghidra:near:76.44
002db8e8	func_002db8e8	60	straight	lift	near	81.87	m2c:near:81.8;ghidra:near:76.44
002db928	func_002db928	64	straight	lift	exact	100.00	m2c:near:99.94;ghidra:near:88.61;corpus:near:70.56
002db968	func_002db968	188	float	ghidra	near	38.36	lift:near:29.02;m2c:near:24.23
002dba40	func_002dba40	148	float	lift	near	63.70	ghidra:near:36.78;m2c:near:0.0
002dbad8	func_002dbad8	176	vu0	m2c	near	61.68	lift:near:46.55;ghidra:near:31.36
002dbb88	func_002dbb88	280	float	lift	near	76.54	m2c:near:68.41;ghidra:near:25.41
002dbca0	_ZN2Ti14MGHachimitsuPo7combineEb	140	float	lift	exact	100.00	ghidra:near:59.66;m2c:near:46.54;e3:near:46.07
002dbd30	func_002dbd30	516	vu0	lift	near	74.70	m2c:near:41.16;ghidra:near:20.11
002dbf50	func_002dbf50	428	vu0	ghidra	near	0.00	m2c:near:0.0
002dc140	func_002dc140	108	branchy	m2c	near	47.59	lift:near:43.11;ghidra:near:5.13
002dc1b8	_ZN2Ti14MGHachimitsuPo14set_run_effectEi	144	branchy	typed	exact	100.00	lift:exact:100.0;m2c:near:92.64;ghidra:near:70.51
002dc248	func_002dc248	48	float	m2c	near	78.33	ghidra:near:37.38;lift:near:36.47
002dc278	func_002dc278	64	straight	lift	exact	100.00	ghidra:exact:100.0;m2c:exact:100.0;corpus:near:83.44
002dc2b8	func_002dc2b8	548	float	lift	near	92.81	ghidra:near:81.96;m2c:near:79.75
002dc4e0	func_002dc4e0	548	float	lift	near	92.81	ghidra:near:81.96;m2c:near:79.75
002dc708	func_002dc708	60	straight	lift	near	81.87	m2c:near:81.8;ghidra:near:76.44
002dc748	func_002dc748	60	straight	lift	near	81.87	m2c:near:81.8;ghidra:near:76.44
002dc788	func_002dc788	64	straight	lift	exact	100.00	m2c:near:99.94;ghidra:near:88.61;corpus:near:70.56
002dc808	func_002dc808	68	float	lift	exact	100.00	m2c:near:98.24;ghidra:near:87.94
002dc850	func_002dc850	312	float	lift	near	57.91	m2c:near:5.35;ghidra:near:0.0
002dc988	_Z13func_002dc988i	688	vu0	lift	near	64.71	ghidra:near:0.0;m2c:near:0.0
002dcc90	_Z13func_002dcc90i	496	float	lift	near	89.54	m2c:near:74.8;ghidra:near:42.64
002dce80	_Z16wtarget_002dce80jjjj	40	float	lift	exact	100.00	m2c:near:77.7;ghidra:near:32.9
002dceb0	func_002dceb0	100	float	m2c	near	91.96	lift:near:68.85;ghidra:near:27.13;e3:near:9.29
002dcf18	func_002dcf18	116	float	lift	exact	100.00	ghidra:near:31.57;m2c:near:0.0
002dcf90	_Z13func_002dcf90i	428	float	lift	near	52.42	m2c:near:33.57;ghidra:near:30.4
002dd140	func_002dd140	84	straight	ghidra	near	33.76	m2c:near:0.0
002dd218	func_002dd218	48	float	m2c	near	83.25	ghidra:near:26.09;lift:near:24.08
002dd2d8	func_002dd2d8	112	float	m2c	near	70.96	lift:near:68.82;ghidra:near:40.61
002dd3a0	func_002dd3a0	168	branchy	lift	near	76.74	ghidra:near:36.12;m2c:near:27.17
002dd448	func_002dd448	92	branchy	ghidra	near	84.00	lift:near:75.72;m2c:near:15.17
002dd530	_ZN2Ti6MGJump18start_special_modeEi	192	float	ghidra	near	70.19	lift:near:69.27;m2c:near:25.96
002dd650	func_002dd650	124	loop	lift	near	89.03	m2c:near:73.25;ghidra:near:65.09
002dd730	func_002dd730	96	float	lift	near	66.25	ghidra:near:61.24;m2c:near:34.92
002dd790	func_002dd790	60	branchy	ghidra	near	66.35	lift:near:55.22;m2c:near:50.6
002dd7d0	func_002dd7d0	404	float	lift	near	81.88	m2c:near:75.75;ghidra:near:49.75
002dd9e0	func_002dd9e0	164	float	ghidra	near	68.73	lift:near:62.62;m2c:near:39.57
002dda88	func_002dda88	164	float	ghidra	near	68.73	lift:near:62.62;m2c:near:39.57
002ddb80	func_002ddb80	52	straight	lift	exact	100.00	m2c:exact:100.0;ghidra:near:55.33
002ddbb8	func_002ddbb8	32	branchy	m2c	near	92.50	lift:near:88.78;ghidra:near:88.78;e3:near:0.0
002de3e0	func_002de3e0	288	vu0	lift	near	71.53	ghidra:near:20.65;m2c:compile:0.0
002de500	_ZN2Ti12MGJumpGimObj12appear_prizeERKN2kn7FVectorE	404	float	m2c	near	66.85	lift:near:50.66;ghidra:near:32.61
002de698	func_002de698	80	float	ghidra	near	83.40	m2c:near:75.1;lift:near:37.2
002de810	func_002de810	52	straight	lift	exact	100.00	m2c:exact:100.0;ghidra:near:55.33
002de8e8	func_002de8e8	128	float	m2c	near	52.66	lift:near:40.23;ghidra:near:31.97
002de968	func_002de968	152	float	lift	near	80.00	m2c:near:78.05;ghidra:near:0.0
002dea00	func_002dea00	64	float	ghidra	near	37.12	m2c:near:26.55;lift:near:0.0
002deac0	func_002deac0	84	float	lift	exact	100.00	ghidra:near:54.5;m2c:near:52.07
002deb18	func_002deb18	132	float	m2c	near	45.85	lift:near:45.29;ghidra:near:15.39
002deba0	func_002deba0	448	float	lift	near	78.14	ghidra:near:65.64;m2c:near:63.53
002deda8	func_002deda8	456	vu0	m2c	near	27.02	ghidra:near:16.67;lift:compile:0.0
002df040	func_002df040	144	float	ghidra	near	32.11	m2c:near:28.67;lift:near:28.07
002df0d8	func_002df0d8	104	float	m2c	near	91.12	ghidra:near:52.46;lift:near:47.19
002df160	func_002df160	40	float	lift	near	35.64	m2c:near:12.7;ghidra:near:0.0
002df470	func_002df470	144	float	lift	exact	100.00	ghidra:near:91.44;m2c:near:90.24
002df500	func_002df500	468	vu0	lift	near	81.77	ghidra:near:13.53;m2c:compile:0.0
002df6d8	func_002df6d8	128	float	lift	exact	100.00	m2c:near:90.39;ghidra:near:80.57
002df7d8	func_002df7d8	144	float	ghidra	near	91.44	m2c:near:90.24;lift:near:77.0
002df868	func_002df868	468	vu0	lift	near	81.77	ghidra:near:13.53;m2c:compile:0.0
002dfa40	func_002dfa40	128	float	lift	exact	100.00	m2c:near:90.39;ghidra:near:80.57
002dfac0	func_002dfac0	76	float	lift	exact	100.00	ghidra:near:72.63;m2c:near:65.26
002dfb10	func_002dfb10	76	float	lift	exact	100.00	ghidra:near:72.63;m2c:near:65.26
002dfba8	func_002dfba8	264	float	lift	near	78.56	m2c:near:63.21;ghidra:near:51.71
002dfcb0	func_002dfcb0	388	vu0	lift	near	76.89	m2c:near:69.82;ghidra:near:48.84
002dfe38	func_002dfe38	296	float	lift	near	91.89	m2c:near:54.03;e3:near:51.18;ghidra:near:37.13
002dff60	func_002dff60	720	float	m2c	near	68.80	lift:near:58.58;ghidra:near:36.7
002e0230	func_002e0230	888	vu0	ghidra	near	18.06	m2c:compile:0.0
002e0698	func_002e0698	136	float	m2c	near	85.37	lift:near:81.22;ghidra:near:66.29
002e0720	func_002e0720	68	float	lift	exact	100.00	ghidra:near:67.59;m2c:near:52.29
002e0898	func_002e0898	788	float	m2c	near	62.67	ghidra:near:1.86;lift:compile:0.0
002e0bb0	func_002e0bb0	48	straight	lift	exact	100.00	corpus:exact:100.0;ghidra:exact:100.0;m2c:exact:100.0
002e0be0	func_002e0be0	324	straight	lift	exact	100.00	m2c:near:87.28;ghidra:near:76.54
002e0d28	func_002e0d28	324	straight	lift	exact	100.00	m2c:near:87.28;ghidra:near:76.54
002e0e70	func_002e0e70	88	branchy	lift	near	88.18	m2c:near:88.18;ghidra:near:66.26
002e0ec8	func_002e0ec8	88	branchy	lift	near	88.18	m2c:near:88.18;ghidra:near:66.26
002e0fa0	func_002e0fa0	68	float	ghidra	near	62.22	m2c:near:61.79;lift:near:60.52
002e1020	func_002e1020	160	float	lift	near	69.92	m2c:near:31.52;ghidra:near:16.35
002e1178	_Z16wtarget_002e1178jjjj	268	vu0	ghidra	near	10.26	m2c:near:6.0
002e1288	_Z16wtarget_002e1288jjjj	336	float	lift	near	89.93	m2c:near:55.57;ghidra:near:15.66
002e1440	func_002e1440	548	vu0	ghidra	near	8.56	m2c:near:7.99
002e1668	func_002e1668	236	vu0	lift	near	81.11	ghidra:near:30.68;m2c:near:13.39
002e17a0	func_002e17a0	216	vu0	lift	near	40.46	ghidra:near:0.0;m2c:near:0.0
002e1878	_Z16wtarget_002e1878jjjj	64	float	ghidra	near	34.56	lift:near:33.94;m2c:near:19.3
002e1908	func_002e1908	140	vu0	lift	near	81.71	m2c:near:18.74;ghidra:near:8.3
002e1998	func_002e1998	888	vu0	ghidra	near	0.00	m2c:near:0.0
002e1d28	func_002e1d28	532	vu0	lift	near	81.77	ghidra:near:0.0;m2c:near:0.0
002e1f40	func_002e1f40	48	straight	lift	exact	100.00	corpus:exact:100.0;ghidra:exact:100.0;m2c:exact:100.0
002e1f70	func_002e1f70	356	straight	lift	near	92.73	m2c:near:81.03;ghidra:near:78.31
002e20d8	func_002e20d8	356	straight	lift	near	92.73	m2c:near:81.03;ghidra:near:78.31
002e2240	func_002e2240	88	branchy	lift	near	88.18	m2c:near:88.18;ghidra:near:66.26
002e2298	func_002e2298	88	branchy	lift	near	88.18	m2c:near:88.18;ghidra:near:66.26
002e2350	func_002e2350	212	float	lift	near	81.47	m2c:near:29.23;ghidra:near:13.28
002e2440	_Z16wtarget_002e2440jjjj	160	vu0	lift	near	86.35	ghidra:near:46.27;m2c:near:33.1
002e24e0	func_002e24e0	140	vu0	lift	near	72.46	m2c:near:66.14;ghidra:near:17.63
002e2570	_Z16wtarget_002e2570jjjj	236	float	lift	near	67.80	m2c:near:55.2;ghidra:near:14.62
002e2728	func_002e2728	160	float	m2c	near	78.02	lift:near:55.73;ghidra:near:54.52
002e27c8	_Z16wtarget_002e27c8jjjj	344	vu0	ghidra	near	25.69	m2c:near:0.0
002e2940	func_002e2940	236	vu0	lift	near	81.11	ghidra:near:30.68;m2c:near:13.39
002e2a30	func_002e2a30	544	vu0	m2c	near	12.63	ghidra:near:6.81
002e2d18	_ZN2Ti12MG_EHSidecar17MoveToBeforePointEv	56	branchy	lift	near	99.64	ghidra:near:99.64;corpus:near:98.21;m2c:near:92.93
002e2d50	func_002e2d50	56	branchy	lift	near	99.64	ghidra:near:99.64;corpus:near:98.21;m2c:near:92.93;e3:near:55.23
002e2d88	_Z16u_tail4_002e2d88jjjj	80	branchy	lift	near	97.00	ghidra:near:83.75;m2c:near:74.3;e3:near:65.81
002e2dd8	func_002e2dd8	60	branchy	lift	exact	100.00	m2c:near:93.69;ghidra:near:64.89;e3:near:62.73
002e2e18	_ZN2Ti12MG_EHSidecar15GetCurrentPointEv	56	branchy	lift	exact	100.00	m2c:near:93.27;ghidra:near:74.24;e3:near:60.95
002e2e50	_Z16wtarget_002e2e50jjjj	64	float	ghidra	near	34.56	lift:near:33.94;m2c:near:19.3
002e2f08	func_002e2f08	132	vu0	lift	near	86.85	m2c:near:22.94;ghidra:near:10.18
002e2f90	func_002e2f90	608	vu0	ghidra	near	0.00	m2c:near:0.0
002e31f0	func_002e31f0	96	float	lift	exact	100.00	ghidra:near:72.25;m2c:near:62.92
002e3260	func_002e3260	92	loop	ghidra	near	91.30	e3:near:87.17;lift:near:84.48;m2c:near:59.35
002e3318	func_002e3318	188	loop	lift	near	57.46	m2c:near:55.95;e3:near:48.15;ghidra:near:38.83
002e3418	_Z16wtarget_002e3418jjjj	148	loop	lift	near	68.05	m2c:near:45.97;ghidra:near:40.11
002e34d8	func_002e34d8	52	loop	lift	near	99.23	e3:near:39.16;ghidra:near:1.38;m2c:near:1.38
002e3540	func_002e3540	168	float	lift	near	92.95	m2c:near:65.26;ghidra:near:56.86
002e35e8	func_002e35e8	160	float	lift	near	92.60	ghidra:near:69.5;m2c:near:68.8
002e37c0	func_002e37c0	76	branchy	twins	exact	100.00	lift:near:84.42;m2c:near:60.04;ghidra:near:46.47
002e3840	func_002e3840	76	branchy	twins	exact	100.00	lift:near:84.42;m2c:near:60.04;ghidra:near:46.47
002e3a18	func_002e3a18	92	branchy	lift	near	87.13	m2c:near:65.56;ghidra:near:52.59
002e3a78	func_002e3a78	92	branchy	lift	near	87.13	m2c:near:65.56;ghidra:near:52.59
002e3b88	func_002e3b88	96	branchy	lift	near	87.67	m2c:near:66.79;ghidra:near:53.94
002e3c28	func_002e3c28	68	branchy	m2c	exact	100.00	ghidra:near:49.88;lift:near:34.84
002e3ce8	func_002e3ce8	92	branchy	lift	near	98.00	m2c:near:98.0;ghidra:near:50.36;e3:near:32.02
002e3d48	func_002e3d48	92	branchy	lift	near	98.00	m2c:near:98.0;ghidra:near:50.36;e3:near:32.02
002e3f58	func_002e3f58	32	float	lift	exact	100.00	corpus:near:66.67;m2c:near:37.56;ghidra:near:34.88
002e3f78	func_002e3f78	36	float	m2c	near	43.78	lift:near:41.56;ghidra:near:22.22
002e4100	func_002e4100	468	float	ghidra	near	0.73	m2c:compile:0.0
002e42d8	func_002e42d8	468	float	ghidra	near	0.73	m2c:compile:0.0
002e4588	func_002e4588	324	float	lift	near	75.33	ghidra:near:66.46;m2c:near:0.0
002e46d0	func_002e46d0	216	float	ghidra	near	87.32	lift:near:42.89;m2c:compile:0.0
002e47a8	func_002e47a8	512	float	lift	near	52.40	ghidra:near:47.63;m2c:near:27.82
002e4a08	func_002e4a08	36	float	lift	exact	100.00	ghidra:near:28.89;m2c:near:20.73
002e4a90	func_002e4a90	96	loop	lift	near	86.41	m2c:near:83.44;ghidra:near:73.6
002e4af8	func_002e4af8	568	vu0	m2c	near	20.53	ghidra:near:16.33
002e4d30	func_002e4d30	732	vu0	ghidra	near	0.00	m2c:compile:0.0
002e5010	func_002e5010	232	float	m2c	near	20.62	ghidra:near:18.01
002e50f8	func_002e50f8	184	float	lift	near	77.81	ghidra:near:40.08;m2c:near:30.37
002e51b0	func_002e51b0	204	float	ghidra	near	26.38	m2c:near:14.14
002e5350	func_002e5350	456	vu0	lift	near	43.84	ghidra:near:0.0;m2c:compile:0.0
002e5518	_ZN2Ti4Cord4drawERN2kn7FMatrixERNS1_16Vif1PacketBufferEy	2576	vu0	ghidra	near	0.00	m2c:compile:0.0
002e5f70	func_002e5f70	68	straight	lift	exact	100.00	m2c:near:96.24;ghidra:near:88.0
002e5fb8	func_002e5fb8	260	loop	m2c	near	74.69	ghidra:near:56.74;lift:near:56.56
002e60c0	func_002e60c0	336	straight	ghidra	near	29.11	m2c:compile:0.0
002e6210	func_002e6210	672	switch	lift	near	55.51	ghidra:near:42.52;m2c:near:35.21
002e64e8	func_002e64e8	84	loop	lift	near	80.00	m2c:near:71.43;ghidra:near:52.83
002e66f0	func_002e66f0	248	float	m2c	near	82.03	ghidra:near:81.67;lift:near:54.51
002e6930	func_002e6930	380	vu0	lift	near	26.60	ghidra:near:7.32;m2c:near:0.0
002e6ab0	func_002e6ab0	1144	vu0	lift	near	57.67	ghidra:near:7.66;m2c:near:0.0
002e6fc0	func_002e6fc0	152	loop	lift	near	74.40	m2c:near:57.08;ghidra:near:52.44
002e7058	func_002e7058	84	loop	lift	near	95.45	m2c:near:95.45;ghidra:near:86.9
002e70b0	func_002e70b0	84	loop	lift	near	95.45	m2c:near:95.45;ghidra:near:86.9
002e7108	func_002e7108	136	float	m2c	exact	100.00	lift:near:81.49;ghidra:near:54.11
002e71a0	_Z16ctarget_002e71a0jjjj	348	vu0	lift	near	74.37	m2c:near:17.25;ghidra:near:4.32
002e7340	func_002e7340	152	float	lift	near	21.71	e3:near:14.29;ghidra:near:0.0;m2c:near:0.0
002e7458	_Z13func_002e7458Pv	168	loop	lift	near	34.00	e3:near:27.51;ghidra:near:0.0;m2c:near:0.0
002e7500	func_002e7500	20	straight	corpus	near	93.00	lift:near:87.8;ghidra:near:87.8;m2c:near:87.4
002e7518	_Z16wtarget_002e7518jjjj	80	loop	lift	near	96.40	ghidra:near:32.3;m2c:near:15.85
002e7568	func_002e7568	168	float	m2c	near	87.74	e3:near:36.84;ghidra:near:34.47;lift:compile:0.0
002e76c8	_Z13func_002e76c8Pv	108	loop	lift	exact	100.00	ghidra:near:82.67;m2c:near:82.22
002e7738	func_002e7738	48	straight	lift	exact	100.00	m2c:exact:100.0;corpus:near:91.85;ghidra:near:85.36
002e7768	func_002e7768	48	straight	lift	exact	100.00	m2c:exact:100.0;corpus:near:91.85;ghidra:near:85.36
002e7870	_Z16wtarget_002e7870jjjj	560	float	lift	near	53.98	m2c:near:43.23;ghidra:near:33.11
002e7b10	func_002e7b10	32	straight	corpus	near	87.56	lift:near:66.75;e3:near:66.75;ghidra:near:66.75;m2c:near:66.75
002e7b88	func_002e7b88	36	float	lift	near	98.67	ghidra:near:66.0;m2c:near:63.78
002e7be0	func_002e7be0	32	straight	corpus	near	87.56	lift:near:66.75;ghidra:near:66.75;m2c:near:66.75
002e7c18	func_002e7c18	92	straight	lift	near	77.22	ghidra:near:38.91;m2c:near:14.87
002e7c78	func_002e7c78	40	float	lift	near	78.00	m2c:near:78.0;ghidra:near:72.9;e3:near:3.47
002e7d20	func_002e7d20	260	vu0	lift	near	44.13	ghidra:near:24.07;m2c:near:7.49
002e7e58	func_002e7e58	156	vu0	lift	near	85.62	ghidra:near:0.0;m2c:near:0.0
002e7f80	func_002e7f80	120	straight	lift	near	67.33	ghidra:near:60.8;m2c:near:49.03
002e7ff8	func_002e7ff8	60	float	m2c	near	71.76	ghidra:near:64.27;lift:near:52.8
002e8038	func_002e8038	52	straight	lift	near	62.43	m2c:near:44.93;ghidra:near:37.62;e3:near:29.5
002e8070	func_002e8070	36	straight	corpus	near	98.56	lift:near:75.22;e3:near:75.22;ghidra:near:75.22;m2c:near:75.22
002e8220	func_002e8220	40	float	lift	near	78.00	m2c:near:78.0;ghidra:near:72.9;e3:near:9.06
002e8290	func_002e8290	40	float	ghidra	near	73.00	lift:near:72.5;m2c:near:60.42;e3:near:11.19
002e8390	func_002e8390	84	float	ghidra	near	71.05	lift:near:69.38;m2c:near:38.95
002e8400	func_002e8400	168	float	ghidra	near	56.86	e3:near:1.36;m2c:compile:0.0
002e8578	func_002e8578	72	branchy	twins	exact	100.00	lift:near:83.56;m2c:near:58.23;ghidra:near:44.62
002e8770	func_002e8770	108	branchy	lift	exact	100.00	ghidra:near:81.56;m2c:near:81.56
002e87e0	func_002e87e0	580	vu0	lift	near	69.63	ghidra:near:0.0;m2c:near:0.0
002e8a28	func_002e8a28	136	loop	ghidra	near	99.41	lift:near:87.34;m2c:near:62.35;e3:near:27.44
002e8c28	func_002e8c28	44	straight	lift	near	56.73	ghidra:near:56.73;m2c:near:36.92
002e8c58	func_002e8c58	36	float	lift	exact	100.00	ghidra:near:86.56;m2c:near:32.67
002e8ca8	func_002e8ca8	52	branchy	m2c	near	69.00	ghidra:near:30.28;lift:near:20.69
002e8d08	func_002e8d08	224	float	m2c	near	55.87	lift:near:36.41;ghidra:near:0.0
002e9248	func_002e9248	156	loop	ghidra	near	97.12	lift:near:91.46;m2c:near:48.9
002e9338	func_002e9338	88	loop	lift	near	95.48	m2c:near:83.65;ghidra:near:83.04
002e93b0	func_002e93b0	492	vu0	lift	near	80.90	m2c:near:17.12;ghidra:near:0.0
002e95a0	func_002e95a0	112	float	m2c	near	46.03	ghidra:near:32.0;lift:near:0.0
002e9610	func_002e9610	128	branchy	lift	near	89.34	m2c:near:73.72;ghidra:near:25.84
002e9690	_ZN2Ts5FLARE4InitEv	296	loop	lift	near	76.76	ghidra:near:72.43;m2c:compile:0.0
002e97b8	func_002e97b8	128	loop	m2c	near	74.72	ghidra:near:46.49;lift:near:38.43
002e9850	func_002e9850	96	straight	lift	near	98.33	ghidra:near:98.33;m2c:near:67.0
002e98b0	func_002e98b0	60	straight	lift	near	83.53	ghidra:near:81.33;m2c:compile:0.0
002e98f0	_Z16wtarget_002e98f0jjjj	148	loop	lift	near	90.78	m2c:near:88.0;ghidra:near:74.24
002e9a78	func_002e9a78	148	branchy	lift	near	72.60	e3:near:68.7;ghidra:near:63.85;m2c:near:25.78
002e9b10	func_002e9b10	72	loop	lift	near	97.50	m2c:near:90.28;ghidra:near:88.16
002e9b58	_Z16wtarget_002e9b58jjjj	252	loop	m2c	near	96.14	ghidra:near:83.36;lift:near:78.62
002e9c58	func_002e9c58	60	branchy	typed	exact	100.00	lift:exact:100.0;m2c:near:86.67;ghidra:near:79.72
002e9c98	func_002e9c98	32	straight	lift	near	66.75	ghidra:near:66.75;m2c:near:66.12
002e9d08	func_002e9d08	672	vu0	ghidra	near	45.26	m2c:near:43.4
002e9fb8	func_002e9fb8	40	straight	ghidra	near	35.45	lift:near:33.5;m2c:near:33.5
002e9fe0	func_002e9fe0	272	vu0	ghidra	near	31.17	m2c:compile:0.0
002ea2d8	func_002ea2d8	32	straight	permute	exact	100.00	lift:near:99.5;ghidra:near:0.0;m2c:near:0.0
002ea360	func_002ea360	236	float	m2c	near	48.76	lift:near:39.87;ghidra:near:22.06;e3:near:0.0
002eaab0	_Z16wtarget_002eaab0jjjj	60	straight	lift	near	85.20	ghidra:near:81.87;m2c:near:62.82
002eaaf0	func_002eaaf0	44	straight	lift	exact	100.00	ghidra:exact:100.0;m2c:exact:100.0
002eaba8	func_002eaba8	64	vu0	lift	near	43.62	ghidra:near:0.0;m2c:near:0.0
002eabe8	func_002eabe8	132	float	lift	near	35.60	m2c:near:26.27;ghidra:near:24.0
002eac70	func_002eac70	36	float	lift	exact	100.00	ghidra:near:73.33;m2c:near:32.24
002ead20	func_002ead20	36	straight	ghidra	near	98.89	lift:near:93.33;m2c:near:75.44
002ead48	_Z16wtarget_002ead48jjjj	44	float	lift	exact	100.00	m2c:near:88.0;ghidra:near:57.73
002eae08	func_002eae08	156	float	lift	near	74.81	m2c:near:37.74;ghidra:near:35.23
002eaee8	_Z16wtarget_002eaee8jjjj	44	float	lift	exact	100.00	m2c:near:88.0;ghidra:near:57.73
002eaf48	func_002eaf48	288	vu0	lift	near	85.50	m2c:near:64.88;ghidra:near:40.8
002eb068	func_002eb068	44	branchy	m2c	exact	100.00	lift:near:57.27;ghidra:near:51.36
002eb098	func_002eb098	260	vu0	lift	near	58.37	ghidra:near:42.59;m2c:near:41.95
002eb1e8	_ZN2Ts9CheckEdgeEPN2YS3OBJE	464	vu0	lift	near	81.67	ghidra:near:48.26;m2c:near:6.04
002eb3b8	_ZN2Ts11CheckCancelEPN2YS3OBJE	164	float	ghidra	near	66.58	m2c:near:58.12;lift:near:42.49
002eb460	_Z16wtarget_002eb460jjjj	76	straight	lift	near	88.32	m2c:near:77.05;ghidra:near:54.81
002eb4b0	func_002eb4b0	60	straight	lift	exact	100.00	m2c:exact:100.0;ghidra:near:68.41
002eb4f0	func_002eb4f0	520	vu0	lift	near	86.22	ghidra:near:17.15;m2c:near:0.0
002eb6f8	func_002eb6f8	128	float	lift	exact	100.00	m2c:near:87.75;ghidra:near:59.39
002eb778	func_002eb778	120	branchy	ghidra	near	48.13	m2c:near:48.1;lift:near:0.0
002eb7f0	func_002eb7f0	116	float	lift	exact	100.00	m2c:near:49.62;ghidra:near:31.06
002eb9d8	func_002eb9d8	84	branchy	lift	near	87.33	m2c:near:86.62;ghidra:near:74.48
002eba30	func_002eba30	72	vu0	lift	near	74.44	ghidra:near:61.14;m2c:near:0.0
002eba78	func_002eba78	68	float	lift	near	88.24	ghidra:near:38.32;m2c:near:30.67;e3:near:9.7
002ebac0	func_002ebac0	68	float	lift	near	88.24	ghidra:near:38.32;m2c:near:30.67;e3:near:9.7
002ebc80	func_002ebc80	652	vu0	lift	near	40.75	m2c:near:33.85;ghidra:near:20.97
002ebf50	func_002ebf50	312	vu0	lift	near	52.96	m2c:near:24.47;ghidra:near:15.91
002ec088	func_002ec088	108	float	typed	exact	100.00	lift:exact:100.0;ghidra:near:71.79;m2c:near:56.71
002ec170	func_002ec170	92	float	typed	exact	100.00	lift:exact:100.0;ghidra:near:80.43;m2c:near:79.3
002ec4a8	func_002ec4a8	168	float	lift	near	64.78	ghidra:near:55.1;e3:near:43.96;m2c:near:39.57
002ec5f8	func_002ec5f8	540	vu0	lift	near	80.90	ghidra:near:27.02;m2c:near:18.0
002ec850	func_002ec850	272	vu0	lift	near	59.15	m2c:near:22.32;ghidra:near:15.44
002ec960	_Z16wtarget_002ec960jjjj	112	branchy	lift	near	86.50	ghidra:near:59.46;m2c:near:51.28
002ec9d0	func_002ec9d0	100	float	lift	near	90.88	ghidra:near:71.55;m2c:near:65.85
002eca38	func_002eca38	100	float	lift	near	90.52	m2c:near:48.16;ghidra:near:21.45
002ecb10	func_002ecb10	124	float	lift	near	88.22	ghidra:near:77.03;m2c:near:76.81
002ecb90	func_002ecb90	312	vu0	lift	near	70.24	ghidra:near:20.13;m2c:near:0.0
002eccd0	_Z16wtarget_002eccd0jjjj	132	float	lift	near	56.97	m2c:near:27.94;ghidra:near:19.18
002ecdb0	func_002ecdb0	36	straight	lift	exact	100.00	ghidra:near:97.78;m2c:near:97.78
002ecdf8	func_002ecdf8	76	straight	lift	near	98.95	m2c:near:98.95;ghidra:near:78.61
002ece48	func_002ece48	76	straight	lift	near	98.95	m2c:near:98.95;ghidra:near:78.61
002ece98	func_002ece98	64	vu0	ghidra	near	72.12	m2c:near:60.81;lift:near:54.59
002ecef8	func_002ecef8	292	vu0	lift	near	81.74	ghidra:near:23.63;m2c:near:5.64
002ed068	func_002ed068	368	vu0	lift	near	77.98	m2c:near:32.62;ghidra:near:22.71
002ed1d8	func_002ed1d8	144	vu0	lift	near	65.86	ghidra:near:0.0;m2c:near:0.0
002ed268	_Z16wtarget_002ed268jjjj	68	loop	e3	near	40.19	ghidra:near:28.24;m2c:compile:0.0
002ed2b0	func_002ed2b0	76	straight	lift	exact	100.00	ghidra:near:87.62;m2c:near:49.68
002ed300	func_002ed300	76	straight	lift	exact	100.00	ghidra:near:87.62;m2c:near:49.68;e3:near:0.0
002ed350	func_002ed350	228	branchy	m2c	near	75.80	ghidra:near:67.79
002ed438	_ZN2Ts16TRINITY_SHOT_OBJ4InitEv	60	straight	lift	exact	100.00	ghidra:exact:100.0;m2c:exact:100.0
002ed4b8	func_002ed4b8	80	straight	m2c	near	52.10	lift:near:47.7;e3:near:43.2;ghidra:near:33.0
002ed508	func_002ed508	76	straight	lift	exact	100.00	ghidra:near:80.95;m2c:near:71.65
002ed558	func_002ed558	76	straight	lift	exact	100.00	ghidra:near:80.95;m2c:near:71.65
002ed5a8	func_002ed5a8	136	vu0	lift	near	88.09	m2c:near:5.59;ghidra:near:2.79
002ed630	func_002ed630	240	vu0	lift	near	61.98	ghidra:near:15.58;m2c:near:2.72
002ed738	_Z16u_call4_002ed738jjjj	248	float	lift	near	79.76	ghidra:near:39.56;m2c:near:0.0
002ed830	_Z16u_call4_002ed830jjjj	112	float	lift	near	88.18	m2c:near:56.93;ghidra:near:29.54
002ed8e0	_ZN2Ts12SUMMON_ENEMY3GetEPN2YS3OBJE	288	float	lift	near	69.17	ghidra:near:47.08;m2c:compile:0.0
002eda40	_Z16wtarget_002eda40jjjj	80	float	lift	exact	100.00	m2c:near:95.14;ghidra:near:34.86
002eda90	func_002eda90	100	float	m2c	near	81.60	lift:near:69.81;ghidra:near:48.43;e3:near:32.59
002edbf8	_ZN2Ts6XEMNAS3GetEi	168	loop	ghidra	near	38.33	e3:near:23.36;m2c:near:19.12
002edca0	func_002edca0	124	loop	ghidra	near	91.67	lift:near:86.1;m2c:near:52.9;e3:near:52.87
002edd20	func_002edd20	292	float	m2c	near	56.53	ghidra:near:53.51;lift:near:45.71
002ede48	func_002ede48	224	float	lift	near	76.46	ghidra:near:44.81;m2c:near:0.0
002edf28	func_002edf28	64	straight	lift	near	83.12	m2c:near:70.38;ghidra:near:44.38;e3:near:41.62
002ee040	func_002ee040	108	loop	m2c	near	91.67	ghidra:near:69.55;lift:near:60.97
002ee0b0	func_002ee0b0	368	loop	m2c	near	6.91	ghidra:near:0.0
002ee220	func_002ee220	176	branchy	permute	exact	100.00	lift:near:92.45;e3:near:86.34;ghidra:near:71.82;m2c:compile:0.0
002ee380	func_002ee380	128	loop	lift	near	71.24	ghidra:near:39.94;m2c:near:19.0
002ee448	func_002ee448	76	straight	lift	exact	100.00	m2c:exact:100.0;ghidra:near:61.48
002ee5d8	_ZN4menu14TutorialWidgetC1Ei	76	straight	typed	exact	100.00	lift:exact:100.0;m2c:exact:100.0;e3:near:100.0;ghidra:near:68.0
002ee730	func_002ee730	68	straight	lift	near	74.41	ghidra:near:63.71;m2c:near:63.0
002ee778	_ZN4menu4Mode5startEv	68	straight	typed	exact	100.00	lift:exact:100.0;m2c:exact:100.0;ghidra:near:75.79
002ee850	_Z16wtarget_002ee850jjjj	56	branchy	lift	exact	100.00	twins:exact:100.0;m2c:exact:100.0;ghidra:near:95.64;corpus:near:81.43
002ee8a8	func_002ee8a8	468	float	lift	near	51.60	m2c:near:38.0;ghidra:near:32.93
002eea80	func_002eea80	468	float	lift	near	51.60	m2c:near:38.0;ghidra:near:32.93
002eec58	_Z16u_call4_002eec58jjjj	116	straight	lift	exact	100.00	ghidra:near:99.31;m2c:near:99.31;e3:near:96.5
002eecd0	func_002eecd0	116	straight	lift	exact	100.00	ghidra:near:99.31;m2c:near:99.31
002eed48	func_002eed48	120	straight	lift	exact	100.00	m2c:near:99.33;ghidra:near:75.24
002eedf0	func_002eedf0	120	float	lift	near	78.84	m2c:near:64.26;ghidra:near:55.57
002eee68	func_002eee68	68	straight	lift	near	75.26	m2c:near:44.82;ghidra:near:25.12
002eef08	func_002eef08	160	float	ghidra	near	61.26	m2c:near:60.85;lift:compile:0.0
002ef028	func_002ef028	288	float	lift	near	41.20	ghidra:near:31.19;m2c:compile:0.0
002ef180	func_002ef180	56	branchy	lift	exact	100.00	m2c:exact:100.0;ghidra:near:79.62;corpus:near:70.93
002ef1b8	func_002ef1b8	60	branchy	typed	exact	100.00	lift:exact:100.0;e3:near:81.18;ghidra:near:81.18;m2c:near:74.12
002ef258	func_002ef258	208	float	ghidra	near	50.56	lift:near:20.61;m2c:near:7.59
002ef340	func_002ef340	44	straight	e3	exact	100.00	lift:near:55.29;ghidra:near:15.64;m2c:near:15.64
002ef5a8	func_002ef5a8	56	branchy	lift	near	54.29	ghidra:near:14.29;m2c:near:14.29
002ef660	func_002ef660	80	straight	lift	exact	100.00	m2c:near:66.09;ghidra:near:61.09
002ef6b0	_ZN5MOVIE4initEv	84	straight	lift	exact	100.00	ghidra:near:89.77;m2c:near:70.71;e3:near:58.1
002ef708	_ZN5MOVIE6ensureEv	72	straight	lift	exact	100.00	e3:exact:100.0;ghidra:near:93.33;m2c:near:72.57
002ef7c8	func_002ef7c8	40	branchy	lift	exact	100.00	twins:exact:100.0;m2c:exact:100.0;ghidra:near:90.91
002ef7f0	func_002ef7f0	160	branchy	lift	near	90.12	m2c:near:77.2;ghidra:near:10.75
002ef8d0	func_002ef8d0	84	branchy	lift	exact	100.00	m2c:exact:100.0;ghidra:compile:0.0
002ef988	func_002ef988	88	branchy	ghidra	near	83.87	lift:near:65.96;m2c:near:62.59
002efb60	func_002efb60	40	straight	lift	exact	100.00	twins:exact:100.0;corpus:exact:100.0;ghidra:exact:100.0;m2c:exact:100.0
002efbb8	func_002efbb8	88	branchy	ghidra	near	83.87	lift:near:65.96;m2c:near:62.59
002efcc0	func_002efcc0	164	loop	m2c	near	92.39	ghidra:near:71.68;lift:near:68.12
002efe18	func_002efe18	320	float	m2c	near	87.36	ghidra:near:22.95;lift:compile:0.0
002eff58	func_002eff58	56	float	m2c	near	52.69	ghidra:near:45.65;lift:near:0.0
002eff90	func_002eff90	1060	vu0	lift	near	36.41	ghidra:near:22.49;m2c:near:1.58
002f04e0	func_002f04e0	164	vu0	lift	near	68.17	ghidra:near:0.0;m2c:near:0.0
002f0598	_Z16wtarget_002f0598jjjj	60	straight	lift	near	85.20	ghidra:near:81.87;m2c:near:62.82
002f05d8	func_002f05d8	44	straight	lift	exact	100.00	ghidra:exact:100.0;m2c:exact:100.0
002f0640	func_002f0640	112	float	m2c	near	49.59	ghidra:near:46.14;lift:near:34.75
002f0708	_ZN2kn15trap_empty_funcEP8BD_VALUE	52	straight	lift	exact	100.00	ghidra:exact:100.0;m2c:exact:100.0;e3:near:40.0
002f0798	func_002f0798	48	straight	lift	near	86.15	ghidra:near:86.15;m2c:near:86.15
002f07c8	func_002f07c8	48	straight	lift	near	86.15	ghidra:near:86.15;m2c:near:86.15
002f07f8	func_002f07f8	84	branchy	lift	near	85.90	m2c:near:63.24;ghidra:near:54.31
002f08d8	_ZN2kn22trap_genie_change_formEP8BD_VALUE	52	straight	lift	exact	100.00	ghidra:exact:100.0;m2c:exact:100.0;e3:near:46.15
002f0948	func_002f0948	40	float	lift	near	78.00	m2c:near:78.0;ghidra:near:72.9;e3:near:3.47
002f09d8	_ZN2kn23trap_stitch_shot_effectEP8BD_VALUE	52	straight	lift	exact	100.00	ghidra:exact:100.0;m2c:exact:100.0;e3:near:46.15
002f0a38	func_002f0a38	48	float	lift	exact	100.00	m2c:near:61.17;ghidra:near:55.42
002f0a68	_ZN2kn23trap_stitch_effect_killEP8BD_VALUE	52	straight	lift	exact	100.00	ghidra:exact:100.0;m2c:exact:100.0;e3:near:46.15
002f0af0	func_002f0af0	108	branchy	lift	near	79.19	m2c:near:65.56;ghidra:near:45.84;e3:near:25.33
002f0b60	func_002f0b60	108	branchy	lift	near	79.19	m2c:near:65.56;ghidra:near:45.84;e3:near:25.33
002f0c58	_ZN2kn42trap_peterpan_receive_notify_player_targetEP8BD_VALUE	56	straight	lift	exact	100.00	ghidra:exact:100.0;m2c:exact:100.0;e3:near:50.41
002f0da8	_ZN2kn31trap_friend_get_player_attackerEP8BD_VALUE	52	straight	lift	exact	100.00	ghidra:exact:100.0;m2c:exact:100.0;e3:near:52.59
002f0e60	_ZN2kn28trap_friend_get_action_paramEP8BD_VALUE	60	straight	lift	exact	100.00	ghidra:exact:100.0;m2c:exact:100.0;e3:near:52.0
002f10c0	func_002f10c0	60	float	ghidra	near	91.33	lift:near:73.33;m2c:near:60.0
002f1130	_ZN2kn29trap_btlobj_is_reflect_motionEP8BD_VALUE	52	straight	lift	exact	100.00	ghidra:exact:100.0;m2c:exact:100.0;e3:near:34.03
002f1230	_ZN2kn35trap_chickenlittle_set_shoot_targetEP8BD_VALUE	52	straight	lift	exact	100.00	ghidra:exact:100.0;m2c:exact:100.0;e3:near:46.15
002f12b0	_ZN2dk4Turn5startEPN2YS3OBJEiff	252	float	m2c	near	62.23	lift:near:45.48;ghidra:near:28.85
002f13b0	func_002f13b0	172	float	lift	near	69.89	m2c:near:48.3;ghidra:near:39.37
002f1480	func_002f1480	496	vu0	ghidra	near	22.30	m2c:near:0.0;lift:compile:0.0
002f1670	func_002f1670	228	float	m2c	near	44.08	ghidra:near:24.76;lift:near:0.0
002f1808	func_002f1808	72	straight	ghidra	exact	100.00	lift:near:98.89;m2c:near:51.26
002f1898	func_002f1898	44	straight	lift	exact	100.00	ghidra:exact:100.0;m2c:near:81.58;e3:near:46.05
002f1a80	func_002f1a80	56	straight	lift	exact	100.00	m2c:near:54.56;ghidra:near:23.5
002f1ae0	func_002f1ae0	48	straight	lift	exact	100.00	twins:exact:100.0;ghidra:near:99.58;m2c:near:67.92
002f1b48	func_002f1b48	280	loop	ghidra	near	49.81	m2c:near:0.0
002f1c60	func_002f1c60	96	straight	m2c	near	35.50	ghidra:near:26.67
002f1cc0	func_002f1cc0	112	straight	ghidra	near	18.75	m2c:near:8.21
002f1d30	func_002f1d30	112	straight	ghidra	near	18.75	m2c:near:8.21
002f1da0	func_002f1da0	92	branchy	m2c	near	8.50	ghidra:near:0.0
002f1e00	func_002f1e00	24	straight	ghidra	near	84.86	m2c:near:73.62
002f1e18	func_002f1e18	400	branchy	lift	near	16.12	ghidra:near:0.0;m2c:near:0.0
002f1fb8	func_002f1fb8	104	straight	m2c	near	12.62	ghidra:near:1.31
002f2020	func_002f2020	160	loop	ghidra	near	29.76	m2c:compile:0.0
002f20d0	func_002f20d0	884	branchy	m2c	near	11.77	ghidra:near:0.0
002f2448	func_002f2448	188	branchy	lift	near	2.34	ghidra:near:0.0;m2c:near:0.0
002f2508	_Z13func_002f2508i	148	branchy	lift	near	25.41	ghidra:near:12.27;m2c:near:3.59
002f25a0	func_002f25a0	788	loop	ghidra	near	0.00	m2c:near:0.0;lift:compile:0.0
002f28b8	func_002f28b8	484	mmi	ghidra	near	8.60	m2c:near:0.0
002f2aa0	func_002f2aa0	320	mmi	ghidra	near	0.00	m2c:near:0.0
002f2be0	func_002f2be0	380	loop	m2c	near	30.41	lift:near:19.6;ghidra:near:0.43;e3:near:0.0
002f2d60	func_002f2d60	1676	switch	ghidra	near	4.77	m2c:compile:0.0
002f33f0	func_002f33f0	160	branchy	lift	near	18.87	ghidra:near:15.55;m2c:near:0.0
002f3490	func_002f3490	112	loop	lift	near	79.18	m2c:near:79.14;ghidra:near:72.83
002f3500	func_002f3500	132	loop	lift	near	62.41	ghidra:near:48.06;m2c:near:46.67
002f3588	func_002f3588	40	branchy	lift	near	61.82	ghidra:near:61.82;m2c:near:61.82
002f35b0	func_002f35b0	52	loop	lift	near	83.46	m2c:near:73.08;ghidra:near:67.5
002f35e8	_Z16ctarget_002f35e8jjjj	40	branchy	lift	near	75.50	ghidra:near:75.5;m2c:near:75.5
002f3610	func_002f3610	220	loop	m2c	near	66.47	lift:near:49.42;ghidra:near:43.33
002f36f0	func_002f36f0	472	branchy	ghidra	near	0.00	m2c:near:0.0
002f3918	func_002f3918	104	branchy	lift	near	79.62	m2c:near:79.62;ghidra:near:74.26
002f3980	func_002f3980	116	branchy	lift	near	80.62	m2c:near:80.62;ghidra:near:76.1
002f39f8	func_002f39f8	116	branchy	lift	near	80.62	m2c:near:80.62;ghidra:near:76.1
002f3a70	func_002f3a70	72	straight	lift	near	87.83	m2c:near:85.06;ghidra:near:64.11
002f3ab8	func_002f3ab8	124	branchy	lift	near	62.55	m2c:near:62.55;ghidra:near:60.77
002f3b38	func_002f3b38	128	branchy	lift	near	71.39	m2c:near:69.19;ghidra:near:60.19
002f3bb8	func_002f3bb8	56	branchy	lift	near	40.71	ghidra:near:40.71;m2c:near:40.71
002f3bf0	func_002f3bf0	52	branchy	lift	near	23.85	ghidra:near:15.33;m2c:near:15.0
002f3c28	func_002f3c28	152	branchy	m2c	near	47.26	ghidra:near:46.21;lift:near:28.77
002f3cd8	_Z16wtarget_002f3cd8jjjj	44	vu0	lift	exact	100.00	ghidra:near:0.0;m2c:near:0.0
002f3d08	_Z16wtarget_002f3d08jjjj	68	vu0	lift	near	85.59	ghidra:near:0.0;m2c:near:0.0
002f3d50	func_002f3d50	28	vu0	lift	exact	100.00	ghidra:near:8.57;m2c:near:0.0
002f3d70	func_002f3d70	36	vu0	lift	near	48.82	ghidra:near:0.0;m2c:near:0.0
002f3d98	func_002f3d98	60	vu0	lift	exact	100.00	ghidra:near:0.0;m2c:near:0.0
002f3dd8	func_002f3dd8	68	mmi	ghidra	near	21.14	m2c:near:0.0
002f3e20	func_002f3e20	108	vu0	ghidra	near	0.00	m2c:near:0.0
002f3e90	func_002f3e90	32	vu0	lift	near	73.75	ghidra:near:0.0;m2c:near:0.0
002f3ed0	func_002f3ed0	40	vu0	lift	near	59.00	ghidra:near:0.0;m2c:near:0.0
002f3ef8	func_002f3ef8	20	vu0	lift	exact	100.00	ghidra:near:52.0;m2c:near:0.0
002f3f10	func_002f3f10	20	vu0	lift	exact	100.00	ghidra:near:52.0;m2c:near:0.0
002f3f28	func_002f3f28	20	vu0	lift	exact	100.00	ghidra:near:52.0;m2c:near:0.0
002f3f40	func_002f3f40	24	vu0	lift	near	65.00	ghidra:near:26.67;m2c:near:0.0
002f3f58	func_002f3f58	44	vu0	lift	near	44.09	m2c:near:14.45;ghidra:near:10.45
002f3f88	func_002f3f88	12	straight	lift	near	96.67	m2c:near:96.67;ghidra:near:20.0
002f3f98	_Z16u_call4_002f3f98jjjj	36	straight	m2c	near	42.00	lift:near:30.56;ghidra:near:9.77
002f3fc0	func_002f3fc0	16	vu0	lift	exact	100.00	ghidra:near:44.0;m2c:near:0.0
002f3fd0	func_002f3fd0	16	vu0	lift	exact	100.00	ghidra:near:44.0;m2c:near:0.0
002f4000	func_002f4000	40	vu0	lift	exact	100.00	ghidra:near:18.0;m2c:near:0.0
002f4028	func_002f4028	116	vu0	lift	near	90.34	ghidra:near:0.0;m2c:near:0.0
002f40a0	func_002f40a0	164	vu0	ghidra	near	0.00	m2c:near:0.0
002f4148	func_002f4148	168	vu0	ghidra	near	0.00	m2c:near:0.0
002f41f0	func_002f41f0	168	vu0	ghidra	near	0.00	m2c:near:0.0
002f4298	func_002f4298	80	float	lift	near	58.00	m2c:near:56.26;ghidra:near:47.6
002f42e8	func_002f42e8	36	vu0	lift	near	97.78	ghidra:near:0.0;m2c:near:0.0
002f4310	func_002f4310	176	straight	lift	near	86.66	ghidra:near:78.89;m2c:near:66.95
002f43c0	func_002f43c0	192	float	lift	near	42.47	m2c:near:37.0;ghidra:near:32.5
002f4480	func_002f4480	104	straight	lift	near	63.67	ghidra:near:63.67;m2c:near:56.9
002f44e8	func_002f44e8	260	float	ghidra	near	0.00	m2c:compile:0.0
002f47d8	func_002f47d8	68	vu0	lift	exact	100.00	ghidra:near:0.0;m2c:near:0.0
002f4870	func_002f4870	24	vu0	lift	near	65.00	ghidra:near:26.67;m2c:near:0.0
002f4888	func_002f4888	72	vu0	lift	near	55.00	ghidra:near:0.0;m2c:near:0.0
002f49c0	func_002f49c0	92	straight	m2c	near	16.35	ghidra:near:0.0
002f4a20	func_002f4a20	84	straight	lift	near	86.33	ghidra:near:48.05;m2c:near:30.57
002f4a78	func_002f4a78	672	loop	m2c	near	30.11	ghidra:near:21.07
002f4d18	func_002f4d18	72	branchy	m2c	near	62.47	lift:near:59.72;ghidra:near:0.0
002f4d60	func_002f4d60	96	branchy	lift	near	45.75	ghidra:near:43.5;m2c:near:20.08
002f4dc0	func_002f4dc0	108	branchy	lift	near	75.15	m2c:near:51.59;ghidra:near:48.52
002f4e30	func_002f4e30	304	loop	lift	near	56.08	m2c:near:38.79;ghidra:near:37.04
002f4f60	func_002f4f60	188	branchy	lift	near	47.04	ghidra:near:37.67;m2c:near:37.4
002f5020	func_002f5020	364	branchy	ghidra	near	28.19	m2c:near:0.0
002f5190	func_002f5190	244	straight	ghidra	near	0.00	m2c:near:0.0
002f5288	func_002f5288	172	branchy	ghidra	near	40.00	lift:near:36.3;m2c:near:33.81
002f5338	func_002f5338	172	branchy	ghidra	near	40.00	lift:near:36.3;m2c:near:33.81
002f53e8	func_002f53e8	172	branchy	ghidra	near	40.00	lift:near:36.3;m2c:near:33.81
002f5498	func_002f5498	192	branchy	lift	near	32.60	ghidra:near:30.71;m2c:near:30.6
002f5558	func_002f5558	396	loop	lift	near	26.25	ghidra:near:24.46;m2c:compile:0.0
002f56e8	func_002f56e8	304	loop	lift	near	47.04	ghidra:near:36.91;m2c:near:34.2
002f5818	func_002f5818	432	loop	m2c	near	37.96	lift:near:25.87;ghidra:near:15.11
002f59c8	func_002f59c8	344	loop	lift	near	47.01	m2c:near:41.37;ghidra:near:33.08
002f5b20	func_002f5b20	292	loop	m2c	near	48.56	lift:near:41.64;ghidra:near:19.08
002f5c70	func_002f5c70	64	loop	ghidra	near	70.41	m2c:near:66.22;lift:near:62.44
002f5cb0	func_002f5cb0	104	loop	lift	near	81.93	m2c:near:77.68;ghidra:near:0.0
002f5d18	_Z16ctarget_002f5d18jjjj	264	branchy	ghidra	near	20.38	m2c:near:0.0
002f5e20	func_002f5e20	84	branchy	lift	near	73.81	m2c:near:72.24;ghidra:near:30.5
002f5e78	func_002f5e78	212	branchy	m2c	near	59.98	ghidra:near:58.32;lift:near:34.15
002f5f50	func_002f5f50	204	branchy	ghidra	near	65.68	m2c:near:55.39;lift:near:47.99
002f6020	func_002f6020	320	branchy	lift	near	12.22	ghidra:near:0.0;m2c:near:0.0
002f6240	func_002f6240	120	loop	m2c	near	70.30	lift:near:64.3;ghidra:near:57.53
002f62b8	func_002f62b8	84	branchy	lift	near	61.81	m2c:near:61.71;ghidra:near:51.88
002f6310	func_002f6310	100	straight	ghidra	near	65.96	lift:near:64.36;m2c:compile:0.0
002f6378	func_002f6378	100	straight	ghidra	near	65.96	lift:near:64.36;m2c:compile:0.0
002f63e0	func_002f63e0	92	branchy	lift	near	59.75	m2c:near:56.48;ghidra:near:56.26
002f6440	func_002f6440	176	loop	lift	near	40.77	m2c:near:38.38;ghidra:near:0.0
002f65a8	func_002f65a8	236	straight	m2c	near	20.34	ghidra:near:0.0;lift:compile:0.0
002f6698	func_002f6698	104	branchy	ghidra	near	71.30	m2c:near:69.41
002f6700	func_002f6700	160	branchy	ghidra	near	9.78	lift:near:0.0;m2c:near:0.0
002f67a0	func_002f67a0	208	loop	ghidra	near	45.67	m2c:compile:0.0
002f6870	func_002f6870	156	branchy	lift	near	38.50	m2c:near:19.84;ghidra:near:12.44
002f69c8	func_002f69c8	228	branchy	m2c	near	44.76	lift:near:38.21;ghidra:near:10.4
002f6ab0	func_002f6ab0	160	branchy	m2c	near	61.51	lift:near:58.3;ghidra:near:58.3
002f6b50	func_002f6b50	128	branchy	m2c	near	61.07	ghidra:near:41.03
002f6bd0	func_002f6bd0	84	branchy	m2c	near	42.62	ghidra:near:0.0
002f6c28	func_002f6c28	120	branchy	ghidra	near	82.77	lift:near:78.07;m2c:near:63.12
002f6ca0	_Z16u_call4_002f6ca0jjjj	764	loop	ghidra	near	0.00	m2c:compile:0.0
002f6fc0	func_002f6fc0	344	loop	ghidra	near	2.10	m2c:near:0.0
002f7118	func_002f7118	152	branchy	lift	near	35.98	ghidra:near:7.58;m2c:compile:0.0
002f71b0	func_002f71b0	160	loop	ghidra	near	23.57	m2c:near:15.22
002f7250	func_002f7250	108	loop	m2c	near	46.00	ghidra:near:37.44
002f72c0	func_002f72c0	344	loop	ghidra	near	2.10	m2c:near:0.0
002f74c8	func_002f74c8	744	loop	ghidra	near	14.46	m2c:compile:0.0
002f77b0	func_002f77b0	536	loop	ghidra	near	0.00	m2c:compile:0.0
002f79c8	_Z16ctarget_002f79c8jjjj	544	loop	ghidra	near	0.00	m2c:compile:0.0
002f7be8	func_002f7be8	480	branchy	m2c	near	43.73	lift:near:24.55;ghidra:near:0.0
002f7dc8	func_002f7dc8	152	branchy	lift	near	35.98	ghidra:near:17.16;m2c:compile:0.0
002f7e60	func_002f7e60	184	branchy	lift	near	21.98	ghidra:near:3.11;m2c:compile:0.0
002f7f18	func_002f7f18	208	branchy	lift	near	34.60	ghidra:near:1.08;m2c:compile:0.0
002f8010	func_002f8010	992	branchy	ghidra	near	71.25	m2c:near:51.78;lift:near:45.9
002f83f0	func_002f83f0	44	straight	m2c	near	75.83	lift:near:0.0;ghidra:near:0.0
002f8420	func_002f8420	720	float	m2c	near	55.03	lift:near:27.96;e3:near:0.0;ghidra:compile:0.0
002f86f0	_Z13func_002f86f0f	208	float	lift	near	69.05	m2c:near:56.73;ghidra:near:0.0
002f87c0	func_002f87c0	176	float	lift	near	44.71	m2c:near:41.87;e3:near:12.3;ghidra:near:0.0
002f8870	func_002f8870	24	float	corpus	exact	100.00	lift:near:98.33;m2c:near:56.25;ghidra:near:55.0
002f8888	func_002f8888	212	float	lift	near	58.00	m2c:near:49.47;ghidra:near:0.0
002f8960	func_002f8960	184	float	lift	near	46.97	ghidra:near:37.81;m2c:near:22.17;e3:near:16.95
002f8e58	_Z16wtarget_002f8e58jjjj	1040	float	lift	near	41.18	m2c:near:30.76;ghidra:near:0.0
002f9268	_Z13func_002f9268Pv	920	float	m2c	near	44.07	lift:near:32.84;ghidra:near:25.7
002f9600	_Z16wtarget_002f9600jjjj	456	vu0	ghidra	near	0.00	lift:compile:0.0;m2c:compile:0.0
002f97c8	_Z16wtarget_002f97c8jjjj	624	float	lift	near	25.10	ghidra:near:0.0;m2c:compile:0.0
002f9a38	_Z16wtarget_002f9a38jjjj	388	float	m2c	near	66.75	lift:near:35.81;ghidra:near:0.0
002f9bc0	_Z16wtarget_002f9bc0jjjj	696	float	lift	near	30.61	m2c:near:13.17;ghidra:near:0.0
002f9e78	_Z13func_002f9e78Pv	2044	float	lift	near	20.07	ghidra:near:0.0;m2c:compile:0.0
002fa678	func_002fa678	920	float	lift	near	30.14	ghidra:near:0.0;m2c:compile:0.0
002faa10	func_002faa10	220	float	lift	near	51.25	m2c:near:24.02;ghidra:near:0.36
002faaf0	func_002faaf0	332	float	lift	near	31.70	ghidra:near:0.0;m2c:compile:0.0
002fac40	func_002fac40	2080	float	ghidra	near	45.36	m2c:compile:0.0
002fb460	func_002fb460	244	float	lift	near	37.80	m2c:near:19.1;ghidra:near:17.26
002fb558	func_002fb558	760	float	lift	near	31.97	ghidra:near:0.0;m2c:near:0.0
002fb850	func_002fb850	172	float	lift	near	70.40	m2c:near:60.55;ghidra:near:0.0
002fb900	func_002fb900	40	float	corpus	exact	100.00	lift:near:96.0;ghidra:near:42.4;m2c:near:33.76
002fb928	func_002fb928	552	loop	ghidra	near	0.00	m2c:near:0.0
002fbb50	func_002fbb50	88	branchy	m2c	near	68.04	lift:near:67.95;ghidra:near:0.0
002fbc78	func_002fbc78	192	branchy	lift	near	42.19	m2c:near:15.88;ghidra:near:0.0
002fbd38	func_002fbd38	296	branchy	lift	near	46.77	ghidra:near:0.0;m2c:near:0.0
002fbe60	func_002fbe60	52	branchy	ghidra	near	68.85	m2c:near:68.77;lift:near:47.31
002fbe98	func_002fbe98	188	branchy	lift	near	40.66	m2c:near:20.49;ghidra:near:0.0
002fbf58	func_002fbf58	224	branchy	lift	near	37.46	m2c:near:27.3;ghidra:near:0.0
002fc0e8	func_002fc0e8	276	branchy	lift	near	59.29	m2c:near:37.12;ghidra:near:0.0
002fc200	func_002fc200	376	loop	lift	near	17.52	ghidra:near:11.79;m2c:compile:0.0
002fc378	func_002fc378	196	branchy	ghidra	near	57.55	m2c:near:55.7;lift:near:39.52
002fc498	func_002fc498	380	branchy	lift	near	41.66	m2c:near:25.62;ghidra:near:0.0
002fc618	func_002fc618	112	branchy	lift	near	46.29	ghidra:near:33.0;m2c:near:28.39
002fc688	func_002fc688	332	branchy	lift	near	55.48	m2c:near:33.16;ghidra:near:0.36
002fc7d8	func_002fc7d8	140	branchy	lift	near	61.19	ghidra:near:40.83;m2c:compile:0.0
002fc868	func_002fc868	320	branchy	lift	near	57.67	ghidra:near:0.0;m2c:near:0.0
002fc9a8	func_002fc9a8	204	branchy	lift	near	39.84	m2c:near:25.76;ghidra:near:0.0
002fca78	func_002fca78	284	branchy	lift	near	45.14	ghidra:near:0.0;m2c:near:0.0
002fcb98	func_002fcb98	188	branchy	lift	near	40.66	m2c:near:20.49;ghidra:near:0.0
002fcc58	func_002fcc58	460	branchy	m2c	near	2.54	ghidra:near:0.0
002fce28	func_002fce28	344	branchy	lift	near	55.05	ghidra:near:0.0;m2c:compile:0.0
002fcf80	func_002fcf80	204	branchy	lift	near	39.84	m2c:near:25.76;ghidra:near:0.0
002fd050	func_002fd050	268	branchy	lift	near	56.35	ghidra:near:0.0;m2c:near:0.0
002fd188	func_002fd188	152	branchy	m2c	near	79.03	ghidra:near:74.61;lift:near:57.02;e3:near:0.0
002fd220	func_002fd220	40	straight	corpus	exact	100.00	m2c:near:73.0;ghidra:near:34.0;lift:near:0.0
002fd248	func_002fd248	200	loop	ghidra	near	69.74	lift:near:67.12;m2c:near:0.0
002fd348	func_002fd348	136	loop	ghidra	near	81.44	lift:near:74.76;m2c:compile:0.0
002fd428	func_002fd428	596	branchy	ghidra	near	50.00	lift:near:21.61;m2c:compile:0.0
002fd680	_Z16wtarget_002fd680jjjj	1768	loop	ghidra	near	0.00	m2c:compile:0.0
002fdd68	func_002fdd68	176	loop	lift	near	57.20	ghidra:near:47.85;m2c:compile:0.0
002fde18	_Z16wtarget_002fde18jjjj	192	mmi	ghidra	near	38.88	m2c:compile:0.0
002fded8	func_002fded8	88	branchy	lift	exact	100.00	ghidra:exact:100.0;m2c:near:90.46
002fdf30	func_002fdf30	84	branchy	lift	exact	100.00	ghidra:exact:100.0;m2c:near:88.52
002fe018	_Z16wtarget_002fe018jjjj	132	straight	m2c	near	39.03	ghidra:near:22.12
002fe0c0	func_002fe0c0	2364	loop	ghidra	near	0.00	m2c:compile:0.0
002feb28	_Z16wtarget_002feb28jjjj	132	branchy	lift	near	66.64	m2c:near:41.43;ghidra:near:34.29
002febb0	_Z16wtarget_002febb0jjjj	200	branchy	ghidra	near	69.69	m2c:near:63.55;lift:near:45.72
002fedf0	func_002fedf0	136	branchy	m2c	near	52.35	ghidra:near:0.0
002fee78	_Z16wtarget_002fee78jjjj	112	straight	corpus	exact	100.00	ghidra:near:0.0;m2c:near:0.0
002feee8	_ZN2Tz17LayFileSetImdDataEjj	300	mmi	ghidra	near	0.00	m2c:compile:0.0
002ff014	_Z13func_002ff014Pv	400	mmi	stub	compile	0.00	m2c:compile:0.0
002ff1a4	func_002ff1a4	324	mmi	stub	compile	0.00	m2c:compile:0.0
002ff2e8	_ZN2Tz16LayFileBuildDataEPvj	276	mmi	ghidra	near	0.00	m2c:compile:0.0
002ff3fc	func_002ff3fc	312	mmi	stub	compile	0.00	m2c:compile:0.0
002ff538	func_002ff538	440	mmi	ghidra	near	8.16	m2c:compile:0.0
002ff6f0	func_002ff6f0	444	mmi	ghidra	near	0.00	m2c:compile:0.0
002ff8b0	func_002ff8b0	100	loop	m2c	near	61.52	ghidra:near:0.0
002ff918	func_002ff918	84	loop	m2c	near	83.64	ghidra:near:79.32;lift:near:53.76
002ff970	_Z16wtarget_002ff970jjjj	576	loop	lift	near	47.13	m2c:near:35.95;ghidra:near:22.77
002ffbe0	func_002ffbe0	36	straight	lift	exact	100.00	corpus:exact:100.0;ghidra:exact:100.0;m2c:near:79.3
002ffc08	func_002ffc08	68	branchy	permute	exact	100.00	lift:near:99.88;m2c:near:99.0;ghidra:near:94.33
002ffc50	func_002ffc50	176	branchy	lift	near	62.43	ghidra:near:33.07;m2c:near:32.18
002ffd00	func_002ffd00	116	branchy	lift	exact	100.00	m2c:near:96.63;ghidra:near:32.12
002ffd78	func_002ffd78	5468	switch	ghidra	near	43.93	m2c:compile:0.0
003012d8	func_003012d8	424	loop	ghidra	near	73.76	lift:near:28.1;m2c:compile:0.0
00301480	func_00301480	208	loop	m2c	near	76.35	lift:near:72.15;ghidra:near:36.1
00301550	func_00301550	84	straight	corpus	exact	100.00	lift:near:89.62;ghidra:near:0.0;m2c:near:0.0
003015a8	func_003015a8	76	straight	lift	exact	100.00	ghidra:near:1.84;m2c:near:0.0
003015f8	func_003015f8	272	branchy	lift	near	57.12	ghidra:near:13.31;m2c:compile:0.0
00301708	func_00301708	560	loop	ghidra	near	69.81	m2c:near:63.6
00301938	func_00301938	4576	switch	m2c	near	59.60	ghidra:near:6.67
00302b18	func_00302b18	268	loop	lift	near	71.09	ghidra:near:50.7;m2c:compile:0.0
00302c28	func_00302c28	92	straight	lift	exact	100.00	ghidra:near:74.16;m2c:near:50.37
00302cf8	func_00302cf8	216	loop	m2c	near	85.09	lift:near:39.66;ghidra:near:6.48
00302e90	_Z16wtarget_00302e90jjjj	732	loop	ghidra	near	67.43	m2c:near:58.22
00303170	func_00303170	348	branchy	lift	near	40.15	ghidra:near:21.09;m2c:compile:0.0
003032d0	func_003032d0	964	loop	m2c	near	70.69	ghidra:near:47.45
00303698	func_00303698	144	loop	lift	near	94.72	ghidra:near:91.03;m2c:compile:0.0
00303728	_Z16wtarget_00303728jjjj	136	branchy	m2c	near	83.24	lift:near:73.98;ghidra:near:50.36
00303808	func_00303808	332	branchy	m2c	near	67.80	lift:near:61.39;ghidra:compile:0.0
00303988	func_00303988	224	mmi	ghidra	near	0.00	m2c:compile:0.0
00303a68	func_00303a68	260	loop	ghidra	near	40.28	lift:near:35.18;m2c:compile:0.0
00303b70	_Z16ctarget_00303b70jjjj	168	branchy	corpus	near	94.52	lift:near:52.63;ghidra:near:38.24;m2c:compile:0.0
00303c48	func_00303c48	260	loop	m2c	near	85.73	ghidra:near:77.32
00303ff8	func_00303ff8	516	loop	ghidra	near	72.43	m2c:compile:0.0
00304200	func_00304200	260	branchy	m2c	near	85.23	ghidra:near:78.33
00304308	func_00304308	348	loop	m2c	near	91.05	lift:near:75.02;ghidra:near:32.13
00304468	func_00304468	100	loop	m2c	near	84.00	ghidra:near:72.15;lift:near:27.2
003044d0	func_003044d0	380	loop	lift	near	71.73	ghidra:near:64.26;m2c:near:62.21
003048b8	func_003048b8	380	branchy	m2c	near	74.83	lift:near:50.57;ghidra:near:0.0
00304ba8	func_00304ba8	288	loop	lift	near	59.81	ghidra:near:43.96;m2c:compile:0.0
00304d68	func_00304d68	72	straight	m2c	near	46.09	lift:near:38.89;ghidra:near:33.06
00304db0	func_00304db0	56	straight	m2c	near	38.95	ghidra:near:36.79;lift:near:27.14
00304de8	func_00304de8	96	branchy	lift	near	63.31	ghidra:near:49.96;m2c:near:28.8
00304ec8	func_00304ec8	100	branchy	m2c	near	93.85	ghidra:near:82.96;lift:near:75.76
00304f50	func_00304f50	92	branchy	ghidra	exact	100.00	corpus:near:85.87;lift:near:66.65;m2c:near:58.7
00304fb0	func_00304fb0	180	branchy	m2c	near	93.71	ghidra:near:55.57;lift:near:36.43
00305168	func_00305168	92	branchy	ghidra	exact	100.00	corpus:near:85.87;lift:near:66.65;m2c:near:58.7
00305aa0	func_00305aa0	12	straight	ghidra	near	96.67	lift:near:72.5;m2c:near:72.25
00305ab0	func_00305ab0	144	loop	m2c	near	52.06	ghidra:near:32.11
00305b40	func_00305b40	164	loop	m2c	near	45.15	ghidra:near:35.0
00305be8	func_00305be8	124	branchy	m2c	near	69.51	lift:near:51.24;ghidra:near:35.75
00305c68	func_00305c68	116	branchy	m2c	near	67.67	lift:near:48.1;ghidra:near:31.47
00305ce0	func_00305ce0	40	straight	lift	near	66.36	ghidra:near:66.36;m2c:near:66.36
00305d20	func_00305d20	172	loop	m2c	near	39.07	ghidra:near:33.58
00305dd8	func_00305dd8	20	straight	lift	near	98.00	corpus:near:98.0;ghidra:near:98.0;m2c:near:85.0
00305df8	func_00305df8	40	branchy	lift	near	56.67	ghidra:near:56.67;m2c:near:56.67
00305e20	func_00305e20	40	straight	lift	near	66.36	ghidra:near:66.36;m2c:near:66.36
00305e48	func_00305e48	40	straight	lift	near	66.36	ghidra:near:66.36;m2c:near:66.36
00305e70	func_00305e70	164	loop	ghidra	near	0.00	m2c:near:0.0
00305f18	func_00305f18	124	branchy	m2c	near	40.52	ghidra:near:38.86
00305fb0	func_00305fb0	164	loop	ghidra	near	0.00	m2c:near:0.0
00306058	func_00306058	124	branchy	m2c	near	40.52	ghidra:near:38.86
003060f0	func_003060f0	16	straight	ghidra	near	68.00	m2c:near:68.0
00306100	func_00306100	104	branchy	ghidra	near	39.44	m2c:near:39.44
00306168	func_00306168	104	branchy	ghidra	near	39.44	m2c:near:39.44
003061d0	func_003061d0	104	branchy	ghidra	near	39.44	m2c:near:39.44
00306238	func_00306238	104	branchy	ghidra	near	39.44	m2c:near:39.44
003062a0	func_003062a0	32	straight	corpus	near	75.00	ghidra:near:75.0;m2c:near:17.5
003062c0	func_003062c0	32	straight	corpus	near	75.00	ghidra:near:75.0;m2c:near:17.5
003062e0	func_003062e0	32	straight	corpus	near	75.00	ghidra:near:75.0;m2c:near:17.5
00306300	func_00306300	32	straight	corpus	near	75.00	ghidra:near:75.0;m2c:near:17.5
00306320	func_00306320	216	loop	ghidra	near	37.85	m2c:compile:0.0
003063f8	func_003063f8	236	branchy	lift	near	14.31	m2c:near:0.0;ghidra:compile:0.0
003064e8	func_003064e8	148	branchy	m2c	near	26.16	ghidra:near:20.38
00306580	func_00306580	124	branchy	ghidra	near	42.74	lift:near:41.09;m2c:near:21.41
00306600	func_00306600	152	branchy	m2c	near	31.82	ghidra:near:11.11
00306698	_Z13func_00306698i	200	branchy	m2c	near	18.63	ghidra:near:15.8
00306760	func_00306760	376	branchy	ghidra	near	21.76	lift:compile:0.0;m2c:compile:0.0
003068d8	func_003068d8	40	straight	ghidra	near	54.00	m2c:near:54.0
00306900	func_00306900	36	straight	ghidra	near	60.50	lift:near:58.36;m2c:near:42.56
00306928	func_00306928	60	branchy	lift	near	65.40	ghidra:near:52.73;m2c:near:52.73
00306968	func_00306968	60	branchy	lift	near	65.27	ghidra:near:52.6;m2c:near:52.6
003069a8	func_003069a8	404	loop	ghidra	near	3.89	m2c:near:0.0
00306b40	func_00306b40	372	loop	ghidra	near	33.11	lift:near:27.47;m2c:near:15.71
00306cb8	func_00306cb8	208	loop	lift	near	56.96	m2c:near:43.19;ghidra:near:29.93
00306d88	func_00306d88	188	branchy	lift	near	39.04	m2c:near:26.11;ghidra:near:0.0
00306e48	func_00306e48	56	loop	m2c	near	66.76	ghidra:near:66.06;lift:near:53.64
00306e80	func_00306e80	176	branchy	lift	near	51.15	m2c:near:24.62;ghidra:near:2.87
00306f30	func_00306f30	52	branchy	ghidra	near	65.33	lift:near:37.23;m2c:near:17.07
00306f68	func_00306f68	144	branchy	m2c	near	34.03	lift:near:16.11;ghidra:near:16.11
00306ff8	func_00306ff8	472	loop	ghidra	near	30.36	m2c:compile:0.0
003071d0	func_003071d0	3348	float	ghidra	near	0.00	m2c:compile:0.0
00307f40	func_00307f40	40	branchy	lift	near	60.00	corpus:near:60.0;ghidra:near:60.0;m2c:near:60.0
00307f68	func_00307f68	40	branchy	lift	near	60.00	corpus:near:60.0;ghidra:near:60.0;m2c:near:60.0
00307f90	func_00307f90	76	straight	ghidra	near	52.26	m2c:near:31.63
00307fe0	func_00307fe0	56	straight	ghidra	near	70.71	lift:near:66.43;m2c:near:0.0
00308018	func_00308018	72	straight	ghidra	near	37.22	m2c:near:0.0
00308060	func_00308060	112	branchy	lift	near	73.93	ghidra:near:60.71;m2c:near:44.46
003080d0	_Z16ctarget_003080d0jjjj	128	branchy	ghidra	near	34.97	m2c:near:27.78
00308150	func_00308150	128	branchy	ghidra	near	34.97	m2c:near:27.78
00308200	func_00308200	24	straight	lift	near	96.67	corpus:near:96.33;ghidra:near:95.83;m2c:near:95.83
00308248	func_00308248	200	branchy	lift	near	20.48	ghidra:near:17.48;m2c:compile:0.0
00308310	func_00308310	136	branchy	m2c	near	60.14	ghidra:near:46.21;lift:near:33.17
00308398	func_00308398	56	branchy	lift	near	28.86	ghidra:near:0.0;m2c:near:0.0
003083d0	func_003083d0	640	loop	lift	near	52.19	ghidra:near:37.23;m2c:compile:0.0
00308650	func_00308650	52	straight	lift	near	98.46	ghidra:near:98.46;m2c:near:85.2
003086b8	func_003086b8	120	branchy	m2c	near	9.13	ghidra:compile:0.0
00308730	func_00308730	76	branchy	lift	near	75.79	ghidra:near:75.79;m2c:compile:0.0
00308780	func_00308780	308	branchy	lift	near	17.42	ghidra:near:3.23;m2c:compile:0.0
003088b8	func_003088b8	60	straight	lift	near	26.00	ghidra:near:26.0;m2c:near:0.67
003088f8	func_003088f8	60	straight	lift	near	22.67	ghidra:near:22.67;m2c:near:1.0
00308938	func_00308938	328	loop	ghidra	near	0.74	m2c:near:0.0
00308a80	func_00308a80	172	loop	m2c	near	5.44	ghidra:near:5.33
00308b30	func_00308b30	412	loop	lift	near	69.28	ghidra:near:56.86;m2c:near:53.78
00308cd0	func_00308cd0	36	straight	ghidra	near	98.89	corpus:near:98.33;lift:near:89.0;m2c:near:88.9
00308cf8	func_00308cf8	168	loop	ghidra	near	53.88	lift:near:51.9;m2c:near:27.74
00308da0	func_00308da0	28	straight	lift	near	59.29	ghidra:near:59.29;m2c:near:59.29
00308dc0	func_00308dc0	48	branchy	lift	near	59.50	ghidra:near:40.67;m2c:near:40.67
00308df0	func_00308df0	64	branchy	ghidra	near	56.25	m2c:near:35.0;lift:near:31.56
00308e30	func_00308e30	204	branchy	m2c	near	22.08	ghidra:near:8.57
00308f00	func_00308f00	64	straight	lift	near	82.81	ghidra:near:49.88;m2c:near:44.94
00308f40	func_00308f40	208	branchy	ghidra	near	55.48	lift:near:42.21;m2c:near:33.46
00309010	func_00309010	356	branchy	lift	near	12.49	ghidra:near:0.0;m2c:near:0.0
00309178	func_00309178	76	loop	lift	near	60.00	ghidra:near:53.95;m2c:near:33.32
003091c8	func_003091c8	64	straight	lift	near	70.62	ghidra:near:70.62;m2c:near:32.5
00309208	func_00309208	204	branchy	ghidra	near	58.93	m2c:near:49.1;lift:near:43.67
003092d8	func_003092d8	332	branchy	lift	near	12.74	ghidra:near:0.0;m2c:near:0.0
003094b8	func_003094b8	512	branchy	m2c	near	7.30	ghidra:near:1.43
003096b8	func_003096b8	60	branchy	lift	near	80.33	m2c:near:37.81;ghidra:near:37.67
003096f8	func_003096f8	148	loop	m2c	near	9.73	lift:near:0.0;ghidra:near:0.0
00309860	func_00309860	148	loop	lift	near	40.02	ghidra:near:11.68;m2c:near:11.68
003098f8	func_003098f8	144	loop	lift	near	43.21	m2c:near:9.61;ghidra:near:0.0
00309988	func_00309988	88	branchy	m2c	near	68.55	ghidra:near:62.14;lift:near:60.33
003099e0	func_003099e0	452	loop	lift	near	47.26	ghidra:near:29.06;m2c:compile:0.0
00309ba8	func_00309ba8	64	loop	m2c	near	45.19	ghidra:near:34.88
00309be8	func_00309be8	112	branchy	lift	near	87.21	m2c:near:58.73;ghidra:near:20.25
00309c58	func_00309c58	124	loop	lift	near	54.24	m2c:near:54.03;ghidra:near:31.61
00309cd8	func_00309cd8	136	loop	lift	near	26.71	ghidra:near:2.29;m2c:near:0.0
00309d60	func_00309d60	236	loop	ghidra	near	58.05	m2c:near:50.47
00309e50	func_00309e50	108	branchy	ghidra	near	25.14	m2c:near:22.89;lift:near:6.33
00309ec0	func_00309ec0	948	switch	ghidra	near	0.00	m2c:compile:0.0
0030a278	func_0030a278	84	branchy	lift	near	84.62	m2c:near:52.81;ghidra:near:18.9
0030a2d0	func_0030a2d0	44	straight	lift	near	99.09	corpus:near:99.09;ghidra:near:99.09;m2c:near:90.75
0030a300	func_0030a300	12	straight	m2c	near	36.00	lift:near:32.86;ghidra:near:32.86
0030a3b0	func_0030a3b0	68	branchy	ghidra	near	12.47	m2c:near:0.71
0030a3f8	func_0030a3f8	520	loop	m2c	near	22.49	ghidra:near:15.7
0030a600	func_0030a600	140	branchy	m2c	near	55.97	ghidra:near:39.11;lift:near:37.63
0030a690	func_0030a690	52	straight	lift	near	83.85	ghidra:near:79.23;m2c:near:63.43
0030a6c8	func_0030a6c8	320	branchy	lift	near	60.62	ghidra:near:32.65;m2c:compile:0.0
0030a808	func_0030a808	240	branchy	lift	near	62.92	ghidra:near:25.23;m2c:compile:0.0
0030a8f8	func_0030a8f8	656	loop	ghidra	near	33.64	m2c:compile:0.0
0030ab88	func_0030ab88	376	branchy	lift	near	50.98	ghidra:near:0.0;m2c:compile:0.0
0030ad00	func_0030ad00	572	loop	lift	near	9.59	ghidra:near:2.62;m2c:compile:0.0
0030af40	func_0030af40	620	loop	lift	near	26.56	ghidra:near:6.81;m2c:compile:0.0
0030b1b0	func_0030b1b0	704	loop	lift	near	22.54	ghidra:near:10.38;m2c:compile:0.0
0030b470	func_0030b470	904	loop	ghidra	near	8.34	m2c:compile:0.0
0030b7f8	func_0030b7f8	488	branchy	lift	near	33.84	ghidra:near:0.0;m2c:compile:0.0
0030b9e0	_Z16u_call4_0030b9e0jjjj	432	loop	lift	near	14.33	ghidra:near:4.66;m2c:compile:0.0
0030bbb0	func_0030bbb0	440	loop	lift	near	12.68	ghidra:near:11.04;m2c:compile:0.0
0030bd88	func_0030bd88	640	loop	lift	near	6.23	ghidra:near:3.74;m2c:compile:0.0
0030c008	func_0030c008	300	branchy	lift	near	25.93	ghidra:near:13.64;m2c:compile:0.0
0030c158	func_0030c158	200	branchy	lift	near	42.50	ghidra:near:36.18;m2c:compile:0.0
0030c220	func_0030c220	356	branchy	lift	near	55.02	ghidra:near:0.0;m2c:compile:0.0
0030c388	func_0030c388	340	branchy	lift	near	62.93	ghidra:near:42.99;m2c:compile:0.0
0030c4e0	func_0030c4e0	436	loop	ghidra	near	16.70	lift:near:11.72;m2c:compile:0.0
0030c698	func_0030c698	588	loop	ghidra	near	0.00	m2c:compile:0.0
0030c8e8	func_0030c8e8	520	loop	lift	near	14.22	ghidra:near:12.81;m2c:compile:0.0
0030cb10	func_0030cb10	428	loop	lift	near	18.66	ghidra:near:13.88;m2c:compile:0.0
0030ccc0	func_0030ccc0	640	loop	ghidra	near	19.46	lift:near:17.68;m2c:compile:0.0
0030cf60	func_0030cf60	572	loop	lift	near	6.20	ghidra:near:0.0;m2c:compile:0.0
0030d1a0	func_0030d1a0	680	loop	ghidra	near	34.59	lift:near:10.91;m2c:compile:0.0
0030d448	func_0030d448	504	loop	lift	near	11.41	ghidra:near:7.48;m2c:compile:0.0
0030d640	func_0030d640	480	loop	lift	near	11.72	ghidra:near:2.03;m2c:compile:0.0
0030d820	func_0030d820	136	loop	ghidra	near	14.44	m2c:near:0.0
0030d8a8	func_0030d8a8	112	branchy	lift	near	57.73	m2c:near:51.79;ghidra:near:0.0
0030d918	func_0030d918	128	branchy	lift	near	31.83	m2c:near:7.15;ghidra:near:0.0
0030d998	_Z16u_call4_0030d998jjjj	120	branchy	lift	near	62.03	m2c:near:36.03;ghidra:near:21.93
0030da30	func_0030da30	240	loop	lift	near	18.72	m2c:near:18.62;ghidra:near:3.0
0030db20	func_0030db20	112	branchy	lift	near	53.68	m2c:near:11.57;ghidra:near:8.86
0030db90	func_0030db90	112	branchy	lift	near	53.68	m2c:near:11.57;ghidra:near:8.86
0030dc00	func_0030dc00	112	branchy	lift	near	53.68	m2c:near:11.57;ghidra:near:8.86
0030dc70	func_0030dc70	124	branchy	lift	near	59.55	m2c:near:19.19;ghidra:near:4.55
0030dcf0	func_0030dcf0	124	branchy	lift	near	59.55	m2c:near:19.19;ghidra:near:4.55
0030dd70	func_0030dd70	256	loop	m2c	near	27.55	ghidra:near:0.0
0030de70	func_0030de70	140	branchy	m2c	near	55.97	ghidra:near:39.11;lift:near:37.63
0030df00	func_0030df00	56	straight	m2c	near	73.47	lift:near:69.93;ghidra:near:69.93
0030df38	_Z16u_call4_0030df38jjjj	520	loop	ghidra	near	0.00	m2c:near:0.0
0030e140	func_0030e140	520	loop	ghidra	near	0.00	m2c:near:0.0
0030e348	func_0030e348	144	branchy	lift	near	45.44	ghidra:near:44.77;m2c:near:42.33
0030e3d8	func_0030e3d8	160	branchy	lift	near	65.13	ghidra:near:52.31;m2c:near:0.0
0030e478	func_0030e478	144	branchy	lift	near	45.44	ghidra:near:44.77;m2c:near:42.33
0030e548	func_0030e548	548	loop	ghidra	near	0.00	m2c:near:0.0
0030e7b0	_Z16u_call4_0030e7b0jjjj	260	branchy	ghidra	near	51.38	m2c:near:46.91;lift:near:0.0
0030e900	func_0030e900	236	branchy	lift	near	42.85	ghidra:near:32.1;m2c:near:29.8
0030e9f0	func_0030e9f0	220	branchy	lift	near	41.55	ghidra:near:0.0;m2c:near:0.0
0030ead0	func_0030ead0	340	loop	lift	near	52.14	m2c:near:48.46;ghidra:near:0.0
0030ec28	func_0030ec28	40	straight	lift	near	68.00	ghidra:near:68.0;m2c:near:68.0
0030ec50	func_0030ec50	80	branchy	lift	near	94.29	ghidra:near:81.59;m2c:near:78.22
0030eca0	func_0030eca0	272	loop	ghidra	near	19.57	lift:near:0.0;m2c:compile:0.0
0030edb0	func_0030edb0	80	loop	ghidra	near	16.00	m2c:near:0.0
0030ee00	func_0030ee00	24	straight	ghidra	near	55.00	m2c:near:55.0
0030ee18	func_0030ee18	96	straight	lift	near	5.54	ghidra:near:0.0;m2c:near:0.0
0030ef20	func_0030ef20	52	straight	lift	near	98.46	ghidra:near:98.46;m2c:near:39.0
0030ef58	func_0030ef58	252	loop	lift	near	49.46	m2c:near:38.2;ghidra:near:36.19
0030f128	func_0030f128	104	straight	lift	near	87.08	m2c:near:80.43;ghidra:near:67.54
0030f190	func_0030f190	172	loop	ghidra	near	70.18	lift:near:68.48;m2c:near:54.16
0030f290	func_0030f290	280	loop	ghidra	near	55.26	m2c:near:49.71;lift:near:41.64
0030f3a8	func_0030f3a8	8	straight	lift	near	28.00	m2c:near:28.0;ghidra:near:12.73
0030f420	func_0030f420	72	straight	ghidra	near	86.83	m2c:near:71.16;lift:near:8.89
0030f468	func_0030f468	40	straight	lift	near	99.60	corpus:near:99.6;m2c:near:99.6;ghidra:near:99.1
0030f490	func_0030f490	76	straight	lift	near	77.95	ghidra:near:74.47;m2c:near:74.0
0030f548	func_0030f548	212	loop	m2c	near	69.05	ghidra:near:60.21;lift:near:59.58
0030f620	func_0030f620	104	loop	ghidra	near	37.11	m2c:near:4.77
0030f690	func_0030f690	16	straight	m2c	near	48.57	lift:near:25.0;ghidra:near:25.0
0030f6a0	func_0030f6a0	16	straight	m2c	near	48.57	lift:near:25.0;ghidra:near:25.0
0030f6b0	func_0030f6b0	16	straight	m2c	near	48.57	lift:near:25.0;ghidra:near:25.0
0030f6c0	func_0030f6c0	340	loop	ghidra	near	53.33	lift:near:47.33;m2c:near:0.0
0030f818	func_0030f818	184	branchy	m2c	near	54.09	lift:near:47.13;ghidra:near:33.91
0030f900	func_0030f900	144	branchy	ghidra	near	33.47	lift:near:13.29;m2c:near:4.31
0030f990	func_0030f990	124	branchy	ghidra	near	31.48	m2c:near:25.0;lift:near:19.83
0030fa10	func_0030fa10	400	loop	lift	near	11.03	ghidra:near:9.28;m2c:compile:0.0
0030fba0	func_0030fba0	132	loop	m2c	near	16.91	ghidra:near:0.0
0030fc28	func_0030fc28	56	branchy	lift	near	10.53	ghidra:near:0.0;m2c:near:0.0
0030fc60	func_0030fc60	676	loop	ghidra	near	21.04	m2c:compile:0.0
0030ff08	func_0030ff08	76	branchy	m2c	near	48.00	lift:near:14.27;ghidra:near:13.48
0030ff58	func_0030ff58	124	branchy	lift	near	35.85	m2c:near:27.0;ghidra:near:7.14
0030ffd8	func_0030ffd8	112	branchy	lift	near	35.79	m2c:near:15.64;ghidra:near:0.54
00310048	func_00310048	72	branchy	lift	near	98.44	corpus:near:98.44;ghidra:near:98.44;m2c:near:98.44
00310090	func_00310090	160	branchy	lift	near	43.78	m2c:near:34.83;ghidra:near:32.05
00310130	func_00310130	76	branchy	lift	near	98.84	corpus:near:98.84;m2c:near:98.84;ghidra:near:96.95
00310180	func_00310180	80	branchy	lift	near	34.85	m2c:near:34.85;ghidra:near:22.45
003101d0	func_003101d0	92	branchy	lift	near	89.17	m2c:near:89.17;ghidra:near:87.43
00310230	func_00310230	172	branchy	m2c	near	52.91	ghidra:near:39.81;lift:near:34.51
003102e0	func_003102e0	76	branchy	lift	near	98.84	corpus:near:98.84;m2c:near:98.84;ghidra:near:96.95
00310330	func_00310330	196	branchy	m2c	near	47.51	ghidra:near:29.69;lift:near:27.71
003103f8	func_003103f8	76	branchy	lift	near	98.84	corpus:near:98.84;m2c:near:98.84;ghidra:near:96.95
00310448	func_00310448	204	branchy	m2c	near	37.48	lift:near:20.41;ghidra:near:5.39
00310518	func_00310518	72	branchy	ghidra	near	45.65	lift:near:41.91;m2c:near:38.15
00310560	func_00310560	76	branchy	lift	near	98.84	corpus:near:98.84;m2c:near:98.84;ghidra:near:96.95
003105b0	func_003105b0	108	branchy	m2c	near	47.41	lift:near:40.64;ghidra:near:25.57
00310620	func_00310620	76	branchy	lift	near	98.84	corpus:near:98.84;m2c:near:98.84;ghidra:near:96.95
00310670	func_00310670	244	branchy	m2c	near	15.32	ghidra:compile:0.0
00310768	func_00310768	124	branchy	lift	near	90.87	m2c:near:90.87;ghidra:near:88.74
003107e8	func_003107e8	168	branchy	m2c	near	62.22	ghidra:near:57.4
00310890	func_00310890	112	straight	ghidra	near	16.75	m2c:near:0.0
00310900	func_00310900	84	float	lift	near	26.24	m2c:near:18.08;ghidra:near:14.19
00310990	func_00310990	76	loop	lift	near	70.16	ghidra:near:70.05;m2c:near:67.0
003109e0	func_003109e0	92	branchy	m2c	near	62.83	ghidra:near:54.12;lift:near:52.87
00310a40	func_00310a40	300	branchy	lift	near	40.47	m2c:near:33.87;ghidra:near:27.8
00310b70	func_00310b70	240	branchy	lift	near	37.62	m2c:near:31.02;ghidra:near:22.35
00310c60	func_00310c60	168	branchy	lift	near	30.30	ghidra:near:15.19;m2c:near:0.0
00310d08	func_00310d08	120	branchy	ghidra	near	52.53	m2c:near:45.87;lift:near:44.5
00310d80	func_00310d80	36	straight	lift	near	51.77	m2c:near:49.43;ghidra:near:20.92
00310e28	func_00310e28	184	branchy	ghidra	near	51.23	m2c:near:45.58
00310f38	func_00310f38	168	loop	m2c	near	40.86	ghidra:compile:0.0
00310fe0	func_00310fe0	68	straight	lift	near	44.29	ghidra:near:9.29;m2c:near:0.0
00311050	func_00311050	48	straight	lift	near	83.33	ghidra:near:40.0;m2c:near:0.0
003110a8	func_003110a8	48	straight	lift	near	77.33	ghidra:near:51.0;m2c:near:28.83
00311100	func_00311100	52	straight	lift	near	59.15	ghidra:near:17.69;m2c:near:0.85
00311138	func_00311138	52	straight	lift	near	59.15	ghidra:near:17.69;m2c:near:0.85
00311218	func_00311218	96	straight	lift	near	69.50	m2c:near:62.72;ghidra:near:33.6
00311368	func_00311368	196	loop	ghidra	near	63.06	lift:near:62.82;m2c:near:54.11
00311460	func_00311460	48	branchy	lift	near	61.25	ghidra:near:61.25;m2c:near:10.42
003114f0	func_003114f0	64	branchy	lift	near	49.06	ghidra:near:29.06;m2c:near:29.06
00311530	func_00311530	500	loop	ghidra	near	52.77	m2c:near:35.64
00311aa0	_Z13func_00311aa0xx	76	mmi	ghidra	near	41.90	m2c:near:18.16
00311af0	func_00311af0	200	branchy	ghidra	near	42.37	lift:near:31.02;m2c:near:26.9
00311bb8	func_00311bb8	264	branchy	corpus	exact	100.00	ghidra:near:55.35;lift:near:0.0
00311dd0	func_00311dd0	296	branchy	m2c	near	28.92	lift:near:0.0;corpus:near:0.0;ghidra:near:0.0
00311ef8	func_00311ef8	1736	branchy	m2c	near	53.94	ghidra:near:43.43
003125c0	func_003125c0	304	branchy	m2c	near	28.42	lift:near:0.0;corpus:near:0.0;ghidra:near:0.0
003126f0	func_003126f0	1736	branchy	m2c	near	53.94	ghidra:near:43.43
00312db8	func_00312db8	1760	branchy	ghidra	near	11.19	m2c:compile:0.0
003134b8	func_003134b8	1736	branchy	m2c	near	53.94	ghidra:near:43.43
00313bc0	func_00313bc0	148	float	lift	near	77.38	corpus:near:60.24;m2c:near:45.68;ghidra:near:4.76
00313c58	func_00313c58	548	loop	m2c	near	41.21	ghidra:near:30.04;lift:near:19.29
00313e80	func_00313e80	88	straight	corpus	exact	100.00	ghidra:exact:100.0;lift:near:84.23;m2c:near:70.61
00313ed8	func_00313ed8	100	straight	corpus	exact	100.00	lift:near:85.76;m2c:near:58.6;ghidra:near:26.44
00313f40	func_00313f40	88	straight	corpus	exact	100.00	ghidra:exact:100.0;lift:near:84.23;m2c:near:70.61
00313f98	func_00313f98	500	mmi	m2c	near	35.75	ghidra:near:0.09
00314190	func_00314190	84	straight	ghidra	exact	100.00	corpus:near:95.0;lift:near:83.6;m2c:near:69.55
003141e8	func_003141e8	248	loop	m2c	near	44.40	lift:near:43.79;ghidra:near:31.36
00314330	func_00314330	176	loop	corpus	exact	100.00	lift:near:41.39;m2c:near:9.7;ghidra:near:0.0
003143e0	func_003143e0	156	branchy	corpus	near	94.87	lift:near:46.28;m2c:near:27.37;ghidra:near:16.0
00314480	func_00314480	44	straight	corpus	exact	100.00	lift:near:78.21;ghidra:near:39.64;m2c:near:31.86
003144b0	func_003144b0	84	straight	corpus	exact	100.00	lift:near:51.04;ghidra:near:43.29;m2c:near:28.22
00314508	func_00314508	156	branchy	lift	near	53.25	m2c:near:33.81;ghidra:near:6.36
003145a8	func_003145a8	152	branchy	corpus	exact	100.00	ghidra:near:45.47;lift:near:25.13;m2c:near:21.66
00314640	func_00314640	84	branchy	lift	near	46.26	ghidra:near:0.0;m2c:near:0.0
003146c8	func_003146c8	212	branchy	m2c	near	10.83	lift:near:0.0;ghidra:near:0.0
003147a0	func_003147a0	144	branchy	m2c	near	42.37	ghidra:near:6.5;lift:near:0.0
00314830	func_00314830	252	branchy	ghidra	near	37.00	lift:near:39.03;m2c:near:13.7
00314930	func_00314930	180	float	lift	near	39.04	m2c:near:19.47;ghidra:near:0.0
00314a50	func_00314a50	172	branchy	lift	near	58.02	ghidra:near:0.0;m2c:compile:0.0
00314b00	func_00314b00	56	loop	lift	near	86.56	m2c:near:83.57;ghidra:near:46.29
00314b38	func_00314b38	84	loop	corpus	near	93.81	lift:near:72.14;ghidra:near:64.04;m2c:near:61.04
00314b90	func_00314b90	344	switch	ghidra	near	38.78	m2c:compile:0.0
00314ce8	func_00314ce8	240	branchy	lift	near	70.45	m2c:near:66.68;ghidra:near:35.97
00314dd8	func_00314dd8	108	straight	lift	near	65.56	ghidra:near:65.56;m2c:near:59.87
00314e48	func_00314e48	156	loop	ghidra	near	89.33	m2c:near:57.76;lift:near:23.23
00314ee8	func_00314ee8	1112	loop	m2c	near	60.30	ghidra:near:20.42
00315418	func_00315418	40	branchy	lift	near	54.00	ghidra:near:54.0;m2c:compile:0.0
00315458	func_00315458	64	straight	ghidra	near	54.94	lift:compile:0.0;m2c:compile:0.0
003154a8	func_003154a8	88	branchy	ghidra	near	70.73	lift:near:58.55;m2c:near:19.29
00315500	func_00315500	192	branchy	lift	near	49.19	m2c:near:46.84;ghidra:near:46.22
003155c0	func_003155c0	40	straight	lift	near	80.00	m2c:near:73.25;e3:near:48.9;ghidra:near:44.33
00315678	func_00315678	56	straight	lift	near	66.29	m2c:near:66.29;ghidra:near:34.87
00315700	func_00315700	56	straight	lift	near	66.29	m2c:near:66.29;ghidra:near:34.87
003157b8	func_003157b8	52	straight	lift	exact	100.00	m2c:exact:100.0;ghidra:near:55.33
00315840	func_00315840	52	straight	lift	exact	100.00	m2c:exact:100.0;ghidra:near:55.33;e3:near:22.31
003158c8	func_003158c8	52	straight	lift	exact	100.00	m2c:exact:100.0;ghidra:near:55.33;e3:near:22.31
00315948	func_00315948	104	branchy	lift	near	85.30	e3:near:0.0;ghidra:near:0.0;m2c:near:0.0
003159c8	func_003159c8	64	branchy	lift	near	98.75	ghidra:near:90.88;m2c:near:66.09
00315a08	func_00315a08	312	loop	lift	near	0.00	ghidra:near:0.0;m2c:compile:0.0
003160e0	func_003160e0	48	branchy	permute	exact	100.00	lift:near:99.67;ghidra:near:99.67;m2c:near:99.67
00316110	func_00316110	120	branchy	ghidra	near	95.97	m2c:near:91.33;lift:near:78.0;e3:near:0.0
00316188	func_00316188	656	loop	ghidra	near	7.74	lift:near:0.23;e3:near:0.0;m2c:compile:0.0
00316658	func_00316658	148	branchy	lift	near	69.09	ghidra:near:48.47;m2c:compile:0.0
00316890	func_00316890	56	straight	lift	near	66.29	m2c:near:66.29;ghidra:near:34.87
003168d8	func_003168d8	192	branchy	ghidra	near	99.48	lift:near:64.58;m2c:compile:0.0
003169d0	func_003169d0	124	branchy	lift	near	77.00	ghidra:near:21.68;m2c:link:0.0
00316a50	func_00316a50	164	branchy	lift	near	69.04	ghidra:near:49.98;m2c:compile:0.0
00316af8	func_00316af8	368	branchy	lift	near	53.55	ghidra:near:40.04;m2c:compile:0.0
00316c68	func_00316c68	160	loop	lift	exact	100.00	m2c:near:95.95;ghidra:near:25.5
00316d18	func_00316d18	76	straight	lift	exact	100.00	m2c:near:60.63;ghidra:near:42.95
00316d68	func_00316d68	148	mmi	ghidra	near	25.05	m2c:compile:0.0
00316e88	func_00316e88	176	branchy	lift	near	58.98	ghidra:near:0.0;m2c:compile:0.0
00316f70	func_00316f70	84	loop	corpus	near	93.81	lift:near:72.14;ghidra:near:64.04;m2c:near:61.04
00316fc8	func_00316fc8	340	switch	ghidra	near	37.55	m2c:compile:0.0
00317140	func_00317140	428	loop	ghidra	near	40.31	m2c:near:35.23
003172f0	func_003172f0	1400	switch	ghidra	near	38.51	m2c:compile:0.0
00317868	func_00317868	1304	switch	ghidra	near	65.51	m2c:compile:0.0
00317d80	func_00317d80	360	branchy	m2c	near	81.32	ghidra:near:72.83;lift:near:55.84
00317ee8	func_00317ee8	220	loop	ghidra	near	48.71	m2c:near:33.4
00317fc8	func_00317fc8	468	loop	lift	near	40.85	ghidra:near:32.61;m2c:compile:0.0
003181f8	func_003181f8	152	branchy	m2c	near	58.67	ghidra:near:58.62
00318290	func_00318290	1656	loop	lift	near	96.36	ghidra:near:72.01;m2c:link:0.0
00318908	func_00318908	216	loop	ghidra	near	61.35	m2c:near:37.36;lift:near:31.67
003189e0	func_003189e0	704	float	m2c	near	17.97	ghidra:near:0.0
00318ca0	func_00318ca0	316	loop	ghidra	near	69.68	m2c:near:25.9;lift:near:19.9
00318fc0	func_00318fc0	464	float	m2c	near	9.23	ghidra:near:0.0
003191f8	func_003191f8	1424	straight	lift	exact	100.00	ghidra:near:70.34;m2c:near:36.03
00319788	func_00319788	36	straight	lift	near	35.33	ghidra:near:35.33;m2c:near:35.33
003197f8	func_003197f8	40	straight	typed	exact	100.00	lift:exact:100.0;ghidra:near:98.0;m2c:near:98.0;corpus:near:82.92;e3:near:0.0
00319870	func_00319870	188	loop	lift	exact	100.00	m2c:near:93.55;ghidra:near:91.13
00319a60	func_00319a60	368	loop	lift	exact	100.00	ghidra:near:99.98;m2c:near:98.53
00319bd0	func_00319bd0	332	loop	lift	exact	100.00	m2c:near:95.3;ghidra:near:94.76
00319d68	func_00319d68	144	loop	lift	near	97.14	m2c:near:92.31;ghidra:near:74.64
00319df8	func_00319df8	148	loop	m2c	near	97.24	lift:near:92.92;ghidra:near:79.56
00319e90	func_00319e90	180	float	ghidra	near	29.27	lift:near:12.09;m2c:near:6.33
0031a068	func_0031a068	312	loop	m2c	near	44.99	ghidra:near:10.67
0031a1a0	func_0031a1a0	188	float	ghidra	near	74.55	m2c:near:34.74;lift:near:33.11
0031a350	func_0031a350	132	straight	lift	exact	100.00	ghidra:exact:100.0;m2c:exact:100.0
0031a3d8	func_0031a3d8	136	straight	lift	near	92.00	m2c:near:92.0;ghidra:near:55.76
0031a460	func_0031a460	164	straight	lift	near	99.51	m2c:near:97.12;ghidra:near:67.4;e3:near:64.21
0031a508	func_0031a508	60	straight	lift	near	81.87	m2c:near:81.8;ghidra:near:76.44
0031a548	func_0031a548	88	straight	lift	near	99.09	m2c:near:94.7;ghidra:near:90.62
0031a5a0	func_0031a5a0	136	straight	lift	near	92.00	m2c:near:92.0;ghidra:near:55.76
0031a628	func_0031a628	164	straight	lift	near	99.51	m2c:near:97.12;ghidra:near:67.4;e3:near:64.21
0031a6d0	func_0031a6d0	188	loop	lift	near	91.78	ghidra:near:73.44;m2c:compile:0.0
0031a790	func_0031a790	160	loop	lift	near	90.40	ghidra:near:74.68;m2c:compile:0.0
0031a850	func_0031a850	388	float	ghidra	near	54.62	lift:near:49.38;m2c:near:34.01
0031a9d8	func_0031a9d8	352	float	ghidra	near	52.42	m2c:near:36.56;lift:near:33.48
0031ab78	func_0031ab78	92	straight	lift	near	99.57	ghidra:near:83.81;m2c:near:78.21;e3:near:58.71
0031ae18	func_0031ae18	64	straight	lift	exact	100.00	ghidra:near:75.17;m2c:near:33.18
0031ae58	func_0031ae58	176	loop	m2c	exact	100.00	lift:near:93.82;ghidra:near:71.8
0031b130	func_0031b130	648	loop	m2c	near	98.44	ghidra:near:93.88;lift:near:82.67;e3:near:0.0
0031b3b8	func_0031b3b8	312	loop	m2c	near	99.91	lift:near:94.75;ghidra:near:82.49
0031b4f0	func_0031b4f0	216	loop	permute	exact	100.00	lift:near:92.39;ghidra:near:91.94;m2c:near:87.3
0031b5c8	func_0031b5c8	128	straight	lift	near	99.62	m2c:near:83.55;e3:near:71.41;ghidra:near:71.39
0031b648	func_0031b648	100	straight	permute	exact	100.00	lift:near:99.92;e3:near:99.92;ghidra:near:99.76;m2c:near:99.76
0031b7e8	func_0031b7e8	108	straight	lift	exact	100.00	ghidra:exact:100.0;m2c:exact:100.0
0031b858	func_0031b858	136	straight	lift	near	99.41	m2c:near:94.4;ghidra:near:74.08
0031b940	func_0031b940	148	switch	ghidra	near	0.00	
0031b9e0	func_0031b9e0	152	vu0	lift	near	49.37	m2c:near:13.87;ghidra:near:9.21
0031bae0	func_0031bae0	40	straight	m2c	near	46.00	lift:near:17.9;ghidra:near:10.7
0031bc58	func_0031bc58	156	loop	lift	exact	100.00	ghidra:exact:100.0;m2c:exact:100.0
0031bcf8	func_0031bcf8	156	loop	lift	exact	100.00	ghidra:exact:100.0;m2c:exact:100.0
0031bd98	func_0031bd98	212	loop	permute	exact	100.00	ghidra:exact:100.0;m2c:exact:100.0;lift:near:94.89
0031be70	func_0031be70	104	straight	lift	exact	100.00	ghidra:exact:100.0;m2c:exact:100.0
0031bed8	func_0031bed8	120	loop	typed	exact	100.00	lift:exact:100.0;ghidra:exact:100.0;m2c:exact:100.0
0031bf50	func_0031bf50	120	loop	typed	exact	100.00	lift:exact:100.0;ghidra:exact:100.0;m2c:exact:100.0
0031c068	_ZN2dk17ScisSpriteMessage4drawEv	60	straight	lift	exact	100.00	m2c:exact:100.0;e3:near:99.87;corpus:near:73.0;ghidra:near:62.79
0031c0b8	func_0031c0b8	64	straight	lift	exact	100.00	ghidra:near:75.17;m2c:near:33.18
0031c0f8	func_0031c0f8	180	loop	lift	near	88.02	m2c:near:83.43;ghidra:near:76.25;e3:near:50.56
0031c1b0	func_0031c1b0	152	loop	m2c	near	93.79	lift:near:85.8;ghidra:near:81.47
0031c248	func_0031c248	128	straight	lift	near	76.81	ghidra:near:76.81;m2c:near:76.81;e3:near:70.91
0031c2c8	func_0031c2c8	156	straight	lift	near	80.77	m2c:near:78.82;ghidra:near:68.05
0031c368	func_0031c368	228	loop	lift	near	81.73	m2c:near:78.44;ghidra:near:65.32;e3:near:42.89
0031c450	func_0031c450	200	loop	m2c	near	88.51	lift:near:79.37;ghidra:near:76.65
0031c518	func_0031c518	180	loop	lift	near	88.02	m2c:near:83.43;ghidra:near:76.25;e3:near:44.71
0031c5d0	func_0031c5d0	152	loop	m2c	near	93.79	lift:near:85.8;ghidra:near:81.47
0031c6f8	func_0031c6f8	172	loop	lift	near	93.32	ghidra:near:75.57;e3:near:33.76;m2c:compile:0.0
0031c838	func_0031c838	172	loop	lift	near	93.32	ghidra:near:75.57;e3:near:53.65;m2c:compile:0.0
0031c8e8	func_0031c8e8	60	straight	lift	near	81.87	m2c:near:81.8;ghidra:near:76.44
0031c928	func_0031c928	88	straight	lift	near	99.09	m2c:near:94.7;ghidra:near:90.62
0031c9a8	func_0031c9a8	76	straight	lift	near	98.95	m2c:near:93.95;ghidra:near:80.95
0031ca20	func_0031ca20	76	straight	lift	near	98.95	m2c:near:93.95;ghidra:near:80.95
0031ca70	func_0031ca70	232	loop	lift	near	90.49	ghidra:near:72.15;m2c:compile:0.0
0031cb58	func_0031cb58	204	loop	lift	near	82.40	ghidra:near:72.86;m2c:compile:0.0
0031cc30	func_0031cc30	284	branchy	ghidra	near	81.44	m2c:near:23.19;lift:near:13.03
0031cd90	_ZN2dk6LayoutD1Ev	72	straight	lift	exact	100.00	ghidra:exact:100.0;m2c:near:99.89
0031cdd8	_ZN2dk6LayoutD0Ev	76	straight	lift	exact	100.00	e3:exact:100.0;m2c:near:99.89;ghidra:near:81.61
0031ce70	_ZN2dk15CacheBuffLayoutD0Ev	76	straight	lift	exact	100.00	e3:exact:100.0;m2c:near:99.89;ghidra:near:81.61
0031cec0	func_0031cec0	84	straight	lift	exact	100.00	e3:exact:100.0;ghidra:exact:100.0;m2c:near:99.9
0031cf18	func_0031cf18	112	straight	lift	near	99.64	ghidra:near:86.34;m2c:near:81.93;e3:near:63.88
0031cf88	func_0031cf88	168	loop	m2c	near	82.57	lift:near:78.55;ghidra:near:71.52;e3:near:0.0
0031d030	func_0031d030	196	loop	lift	near	81.23	m2c:near:75.62;ghidra:near:67.78;e3:near:0.0
0031d1b8	func_0031d1b8	216	loop	m2c	near	82.33	lift:near:81.67;ghidra:near:78.55;e3:near:0.0
0031d290	func_0031d290	512	loop	m2c	near	83.64	ghidra:near:64.47;lift:near:55.82
0031d490	func_0031d490	540	loop	m2c	near	83.12	ghidra:near:69.63;lift:near:58.11;e3:near:0.0
0031d770	func_0031d770	64	straight	lift	exact	100.00	ghidra:near:75.17;m2c:near:33.18
0031d7c0	func_0031d7c0	64	straight	lift	exact	100.00	ghidra:near:75.17;e3:near:43.52;m2c:near:33.18
0031d8a0	func_0031d8a0	84	straight	lift	exact	100.00	e3:exact:100.0;ghidra:exact:100.0;m2c:near:99.9
0031d978	func_0031d978	64	straight	lift	exact	100.00	ghidra:near:75.17;e3:near:43.52;m2c:near:33.18
0031da48	func_0031da48	168	loop	lift	near	93.33	ghidra:near:75.1;e3:near:52.3;m2c:compile:0.0
0031db80	func_0031db80	244	loop	lift	near	81.10	ghidra:near:64.49;e3:near:0.0;m2c:compile:0.0
0031dc78	func_0031dc78	216	loop	ghidra	near	79.15	lift:near:78.73;m2c:compile:0.0
0031dee8	func_0031dee8	268	loop	ghidra	near	58.92	lift:near:48.39;m2c:compile:0.0
0031e008	func_0031e008	60	straight	lift	exact	100.00	ghidra:near:59.41;m2c:near:29.0
0031e068	func_0031e068	48	straight	permute	exact	100.00	lift:near:98.92;ghidra:near:97.25;m2c:near:97.25;e3:near:32.83
0031e0b8	func_0031e0b8	44	straight	permute	exact	100.00	lift:near:99.64;ghidra:near:96.36;m2c:near:96.36;e3:near:43.55
0031e110	func_0031e110	72	straight	lift	near	99.44	m2c:near:94.11;ghidra:near:83.5
0031e158	func_0031e158	176	float	ghidra	near	74.84	lift:near:66.43;m2c:near:53.8
0031e208	func_0031e208	96	branchy	lift	near	75.96	m2c:near:48.33;ghidra:near:35.25
0031e268	func_0031e268	76	float	lift	exact	100.00	ghidra:near:74.58;m2c:near:58.5
0031e398	func_0031e398	196	loop	lift	near	67.73	ghidra:near:58.78;m2c:compile:0.0
0031e520	func_0031e520	108	branchy	lift	exact	100.00	m2c:near:87.85;ghidra:near:30.21;e3:near:0.0
0031e590	func_0031e590	160	loop	lift	near	82.55	ghidra:near:66.31;m2c:compile:0.0
0031e630	func_0031e630	52	straight	lift	exact	100.00	m2c:exact:100.0;ghidra:near:55.33
0031eb68	func_0031eb68	68	straight	lift	near	84.00	m2c:near:83.88;ghidra:near:66.95
0031ebb0	func_0031ebb0	72	straight	lift	exact	100.00	m2c:near:99.89;ghidra:near:67.7
0031f008	func_0031f008	52	straight	lift	exact	100.00	m2c:exact:100.0;ghidra:near:55.33
0031f168	func_0031f168	164	loop	ghidra	near	46.39	lift:near:42.81;m2c:near:37.86
0031f238	func_0031f238	52	straight	lift	exact	100.00	e3:exact:100.0;m2c:exact:100.0;ghidra:near:55.33
0031f340	func_0031f340	72	straight	lift	exact	100.00	m2c:near:99.89;ghidra:near:67.7
0031f4b8	_ZN2YS13WINDOW_CREDITD0Ev	52	straight	lift	exact	100.00	e3:exact:100.0;m2c:exact:100.0;ghidra:near:55.33
0031f590	func_0031f590	164	loop	lift	near	86.86	ghidra:near:76.6;e3:near:67.44;m2c:compile:0.0
0031f6d8	func_0031f6d8	164	loop	lift	near	86.86	ghidra:near:76.6;e3:near:67.44;m2c:compile:0.0
0031f820	func_0031f820	164	loop	lift	near	86.86	ghidra:near:76.6;e3:near:67.44;m2c:compile:0.0
0031f940	_ZN2YS12WINDOW_OBJ2D4drawEv	40	straight	typed	exact	100.00	lift:exact:100.0;ghidra:near:98.0;m2c:near:98.0;e3:near:87.45;corpus:near:82.83
0031fa18	func_0031fa18	164	loop	lift	near	86.86	ghidra:near:76.6;e3:near:67.44;m2c:compile:0.0
0031fb90	func_0031fb90	232	loop	lift	near	87.97	ghidra:near:74.62;e3:near:55.62;m2c:compile:0.0
0031fc78	func_0031fc78	228	loop	lift	near	84.79	ghidra:near:69.45;e3:near:45.68;m2c:compile:0.0
0031fd78	func_0031fd78	52	straight	lift	near	98.46	m2c:near:98.46;ghidra:near:85.0;e3:near:58.0
0031fe88	func_0031fe88	52	straight	lift	exact	100.00	m2c:exact:100.0;ghidra:near:55.33
0031ff88	func_0031ff88	52	straight	lift	exact	100.00	m2c:exact:100.0;ghidra:near:55.33
00320050	func_00320050	52	straight	lift	exact	100.00	m2c:exact:100.0;ghidra:near:55.33
00320118	func_00320118	52	straight	lift	exact	100.00	m2c:exact:100.0;ghidra:near:55.33
00320198	func_00320198	72	straight	lift	exact	100.00	m2c:near:99.89;ghidra:near:67.7
00320290	func_00320290	72	straight	lift	exact	100.00	m2c:near:99.89;ghidra:near:67.7
00320528	func_00320528	408	loop	m2c	near	93.14	lift:near:85.17;ghidra:near:81.56
003206f0	_ZN2YS14PLAYER_COMMANDD0Ev	56	straight	lift	exact	100.00	e3:exact:100.0;m2c:near:99.93;ghidra:near:87.19
00320768	func_00320768	56	straight	lift	exact	100.00	e3:exact:100.0;m2c:near:99.93;ghidra:near:87.19
003207c8	func_003207c8	52	straight	lift	exact	100.00	m2c:exact:100.0;ghidra:near:55.33
00320bc0	func_00320bc0	72	straight	lift	exact	100.00	m2c:near:99.89;ghidra:near:67.7
00320c18	func_00320c18	60	loop	m2c	near	99.80	lift:near:80.94;ghidra:near:44.88
00320c80	func_00320c80	52	straight	lift	exact	100.00	m2c:exact:100.0;ghidra:near:55.33
00321068	func_00321068	300	loop	m2c	near	99.07	lift:near:96.45;ghidra:near:93.69
00321648	func_00321648	52	straight	lift	exact	100.00	m2c:exact:100.0;ghidra:near:55.33
00321728	func_00321728	104	loop	ghidra	near	99.23	m2c:near:76.0;lift:near:32.69
003218c8	func_003218c8	68	straight	lift	near	84.00	m2c:near:83.88;ghidra:near:66.95
00321910	func_00321910	72	straight	lift	exact	100.00	m2c:near:99.89;ghidra:near:67.7
00321cb0	_Z16u_call4_00321cb0jjjj	52	loop	lift	exact	100.00	ghidra:near:32.69;m2c:compile:0.0
00322228	func_00322228	216	loop	m2c	near	85.49	ghidra:near:51.13;lift:near:18.98;e3:near:0.0
00322300	func_00322300	244	loop	m2c	near	90.34	ghidra:near:70.72;lift:near:32.57;e3:near:23.84
00322418	func_00322418	276	loop	permute	exact	100.00	m2c:near:99.06;lift:near:92.7;ghidra:near:84.16;e3:near:0.0
00322608	func_00322608	244	loop	m2c	near	90.34	lift:near:84.62;ghidra:near:70.72;e3:near:49.95
00322790	func_00322790	312	loop	m2c	near	99.13	ghidra:near:91.69;lift:near:89.82;e3:near:0.0
00322968	_ZN2sa14MUSICAL_TARGET5closeEv	36	straight	lift	exact	100.00	ghidra:near:97.78;m2c:near:97.78;e3:near:88.0
00322ba8	func_00322ba8	52	straight	lift	near	79.08	ghidra:near:79.08;m2c:near:79.08
00322be0	_ZN2Tz7MenuObjD1Ev	184	loop	m2c	near	88.74	lift:near:82.42;ghidra:near:76.9
00322c98	_ZN2Tz7MenuObjD0Ev	212	loop	lift	near	84.78	m2c:near:81.29;ghidra:near:76.44;e3:near:47.25
00322d70	_ZN2Tz6LayoutD1Ev	72	straight	lift	exact	100.00	e3:exact:100.0;ghidra:exact:100.0;m2c:near:99.89
00322db8	_ZN2Tz6LayoutD0Ev	76	straight	lift	exact	100.00	m2c:near:99.89;ghidra:near:81.61
00322e18	func_00322e18	64	straight	lift	exact	100.00	ghidra:near:75.17;m2c:near:33.18;e3:near:19.31
00322e58	func_00322e58	692	loop	ghidra	near	93.10	m2c:near:92.13;lift:near:68.63
00323110	func_00323110	760	loop	m2c	near	84.69	ghidra:near:76.78;lift:near:74.94
00323408	func_00323408	308	loop	m2c	exact	100.00	ghidra:near:94.35;lift:near:75.57
00323540	func_00323540	668	loop	m2c	near	91.29	lift:near:83.04;ghidra:near:66.51
003237e0	func_003237e0	404	loop	m2c	exact	100.00	ghidra:near:88.59;lift:near:81.26
00323978	func_00323978	340	loop	m2c	near	84.52	ghidra:near:81.84;lift:near:79.3
00323af8	func_00323af8	88	float	ghidra	near	62.74	lift:near:50.55;m2c:near:44.32;e3:near:0.0
00323e98	func_00323e98	320	loop	ghidra	exact	100.00	m2c:exact:100.0;lift:near:71.01
00323fd8	func_00323fd8	456	loop	lift	near	86.04	m2c:near:84.17;ghidra:near:83.42
003241a0	func_003241a0	480	loop	m2c	near	80.22	lift:near:79.44;ghidra:near:75.5
00324510	func_00324510	508	loop	m2c	near	70.98	ghidra:near:69.22;lift:near:68.86
00324718	func_00324718	52	loop	lift	exact	100.00	ghidra:near:32.69;m2c:compile:0.0
00324750	_Z16wtarget_00324750jjjj	184	loop	lift	near	84.15	m2c:near:72.24;ghidra:near:6.8
00324938	func_00324938	68	straight	lift	near	84.00	m2c:near:83.88;ghidra:near:66.95
00324980	func_00324980	72	straight	lift	exact	100.00	m2c:near:99.89;ghidra:near:67.7
00324a30	func_00324a30	140	loop	m2c	near	89.89	lift:near:70.24;ghidra:near:64.7
00324b08	func_00324b08	72	straight	lift	exact	100.00	m2c:near:99.89;ghidra:near:67.7
00324b78	_ZN8worldmap9ObjWidgetD0Ev	52	straight	lift	exact	100.00	e3:exact:100.0;m2c:exact:100.0;ghidra:near:55.33
00324bc0	func_00324bc0	396	float	ghidra	near	67.70	lift:near:45.07;m2c:near:40.01
00324d50	func_00324d50	360	float	ghidra	near	62.72	m2c:near:38.39;lift:near:38.34
00325158	func_00325158	144	loop	lift	near	92.74	ghidra:near:70.27;m2c:compile:0.0
00325408	func_00325408	52	straight	lift	exact	100.00	m2c:exact:100.0;ghidra:near:55.33
00325498	func_00325498	100	loop	m2c	near	96.08	lift:near:89.78;ghidra:near:64.74
00325550	func_00325550	52	straight	lift	exact	100.00	m2c:exact:100.0;ghidra:near:55.33
003255b8	func_003255b8	52	straight	lift	exact	100.00	m2c:exact:100.0;ghidra:near:55.33
00325618	func_00325618	52	straight	lift	exact	100.00	m2c:exact:100.0;ghidra:near:55.33
00325678	func_00325678	52	straight	lift	exact	100.00	m2c:exact:100.0;ghidra:near:55.33
003259a0	func_003259a0	256	loop	lift	near	87.17	ghidra:near:67.36;m2c:compile:0.0
00325aa0	func_00325aa0	72	straight	lift	exact	100.00	ghidra:exact:100.0;m2c:near:99.89
00325ae8	func_00325ae8	76	straight	lift	exact	100.00	m2c:near:99.89;ghidra:near:81.61
00325b80	func_00325b80	76	straight	lift	exact	100.00	m2c:near:99.89;ghidra:near:81.61
00366390	func_00366390	192	loop	lift	near	0.00	ghidra:near:0.0;m2c:compile:0.0
00366570	func_00366570	208	loop	m2c	near	75.48	lift:near:57.93;ghidra:near:0.0
00366640	func_00366640	484	loop	lift	near	53.05	ghidra:near:0.0;m2c:compile:0.0
003669c8	func_003669c8	260	loop	ghidra	near	21.25	m2c:near:19.68
00366ad0	func_00366ad0	316	loop	ghidra	near	29.48	m2c:compile:0.0
00366c10	func_00366c10	416	loop	m2c	near	34.24	ghidra:near:0.0
00366db0	func_00366db0	32	straight	ghidra	near	75.00	m2c:near:35.0
00366df8	func_00366df8	480	loop	ghidra	near	0.00	m2c:near:0.0
003672e8	func_003672e8	304	branchy	ghidra	near	0.00	m2c:near:0.0
