ee_addr	size	class	cov_status	cov_source	cov_fuzzy	ppc_addr	mangled	demangled	decl_file	conf
00121cc8	5232	float	near	ghidra	19.66	00121568	_ZN2kn8ModelSKL10drawNormalEPNS_16ProjectionCameraEPPN3Axa11DMA_SET_TAGEPNS_9DrawParamEPcPNS_13AnimationWorkEbPNS_7FMatrixE	kn::ModelSKL::drawNormal(kn::ProjectionCamera*, Axa::DMA_SET_TAG**, kn::DrawParam*, char*, kn::AnimationWork*, bool, kn::FMatrix*)		sim-high
0017aad0	5160	float	near	lift	65.62	004c65c0	__sti___10_action_cpp_23cfd07e	__sti___10_action_cpp_23cfd07e		sim-high
0011f7a8	3448	float	near	ghidra	34.46	0011ef40	_ZN2kn7ModelBG10drawCommonEPNS_16ProjectionCameraEPNS_9DrawParamEPcPNS_13AnimationWorkEbPNS_7FMatrixE	kn::ModelBG::drawCommon(kn::ProjectionCamera*, kn::DrawParam*, char*, kn::AnimationWork*, bool, kn::FMatrix*)		sim-high
00267e00	3376	switch	near	ghidra	14.80	0039f7f0	_ZN2Tz7CmEquip10SetupEquipEv	Tz::CmEquip::SetupEquip()		sim-high
001e4320	2808	float	near	lift	34.50	002ac1d0	_Z27dpd_set_monochrome_rsd_dataPi	dpd_set_monochrome_rsd_data(int*)		sim-med
0023ade0	2484	float	near	lift	41.67	000c3c58	_ZN2YI8SEQUENCE4DrawEv	YI::SEQUENCE::Draw()		high
00255df0	2304	loop	near	lift	50.38	0030f740	_ZN2Tz5CmTop4DrawEv	Tz::CmTop::Draw()		med
00194a30	2276	branchy	near	lift	55.93	004d9f58	_ZN2YS6BATTLE7SysInitEv	YS::BATTLE::SysInit()		high
002c90c8	2256	float	near	ghidra	82.77	003e171c	_ZN2dk16WM_GLANDING_INFOC1Ei	dk::WM_GLANDING_INFO::WM_GLANDING_INFO(int)		sim-high
0020b4e8	2248	float	near	m2c	74.65	005ccdd0	_Z5birthP18VRyjMegaBirthModelP18PRyjMegaBirthModelP6VColorP14_PARTICLE_DATAP14_PARTICLE_WMATP15_PARTICLE_COLOR	birth(VRyjMegaBirthModel*, PRyjMegaBirthModel*, VColor*, _PARTICLE_DATA*, _PARTICLE_WMAT*, _PARTICLE_COLOR*)		sim-high
0027dee8	2036	loop	near	ghidra	52.13	00384098	_ZN2Tz10SimpleStat6CreateEiii	Tz::SimpleStat::Create(int, int, int)		med
002c44b8	2028	loop	near	ghidra	62.88	003e3644	_ZN2dk10WM_LANDING12createSelectEv	dk::WM_LANDING::createSelect()		med
0023a0d8	1996	float	near	ghidra	18.58	000c2d20	_ZN2YI8SEQUENCE12UpdateActiveEv	YI::SEQUENCE::UpdateActive()		sim-high
00149448	1928	loop	near	lift	84.66	00062be0	_ZN2dk7MapFile4initEv	dk::MapFile::init()		med
0029d318	1872	loop	near	ghidra	62.99	0033b468	_ZN2Tz5JmDic15CreateCharaInfoEv	Tz::JmDic::CreateCharaInfo()		med
00238570	1824	float	near	lift	46.64	000c7c60	_ZN2YI6SPRITE5_DrawEiiii	YI::SPRITE::_Draw(int, int, int, int)		sim-high
0025cde0	1800	switch	near	lift	55.42	00302808	_ZN2Tz6CmSave4DrawEv	Tz::CmSave::Draw()		sim-high
0010c078	1792	branchy	near	lift	91.44	000e24f4	_ZN2kn6FriendC1EPKN2YS8OBJENTRYERKNS_7FVectorEf	kn::Friend::Friend(YS::OBJENTRY const*, kn::FVector const&, float)		sim-high
00286628	1792	loop	near	ghidra	59.58	003acebc	_ZN2Tz8CmNewFlg12CheckAbilityEv	Tz::CmNewFlg::CheckAbility()		med
0025c3c0	1716	switch	near	m2c	91.28	003035b0	_ZN2Tz6CmSave11CtrlSysSaveEv	Tz::CmSave::CtrlSysSave()		med
00270c70	1636	switch	near	ghidra	37.28	003994a4	_ZN2Tz8CmCustom11GetListInfoEi	Tz::CmCustom::GetListInfo(int)		med
002847e0	1632	float	near	lift	76.85	002ef838	_ZN2Tz6Ending5SetupEv	Tz::Ending::Setup()		high
002c3638	1620	float	near	m2c	68.33	003e44e4	_ZN2dk10WM_LANDING10selectListEv	dk::WM_LANDING::selectList()		med
0025bd98	1572	switch	near	m2c	91.99	003042cc	_ZN2Tz6CmSave12CtrlDataSaveEv	Tz::CmSave::CtrlDataSave()		med
0026f920	1548	switch	near	m2c	79.10	0039c6f4	_ZN2Tz8CmCustom14CtrlCustomListEv	Tz::CmCustom::CtrlCustomList()		med
0010ff08	1524	float	near	ghidra	41.86	000dfd98	_ZN2kn6Friend12battleActionEv	kn::Friend::battleAction()		sim-low
00277d20	1524	loop	near	lift	74.87	0038ca40	_ZN2Tz9CmAbility8SetupSelEv	Tz::CmAbility::SetupSel()		high
00265c78	1488	branchy	near	ghidra	0.00	003b2468	_ZN2Tz6CmStat16UpdateTopListNumEv	Tz::CmStat::UpdateTopListNum()		med
00278318	1444	switch	near	ghidra	73.51	00391cc8	_ZN2Tz9CmAbility7CtrlTopEv	Tz::CmAbility::CtrlTop()		med
00238c90	1436	float	near	ghidra	50.32	000c8d80	_ZN2YI6SPRITE6_Draw2Eiiii	YI::SPRITE::_Draw2(int, int, int, int)		sim-high
00243740	1432	float	near	lift	82.04	003c0b68	_ZN2Tz4HEFT5SetupEv	Tz::HEFT::Setup()		high
0026f388	1432	loop	near	m2c	62.26	00397aec	_ZN2Tz8CmCustom15SetupCustomListEv	Tz::CmCustom::SetupCustomList()		med
00248060	1380	float	near	ghidra	55.94	003cad28	_ZN2Tz4MUMI5SetupEv	Tz::MUMI::Setup()		high
002272b8	1372	float	near	ghidra	88.84	002bae00	_ZN2sa5EVENT10event_ctrlEP4TASK	sa::EVENT::event_ctrl(TASK*)		med
002700f0	1368	loop	near	ghidra	74.93	00398ca4	_ZN2Tz8CmCustom11SetupCustomEv	Tz::CmCustom::SetupCustom()		high
002678a8	1364	loop	near	m2c	71.24	003a2cb0	_ZN2Tz7CmEquip8SetupTopEv	Tz::CmEquip::SetupTop()		med
00299920	1356	switch	near	m2c	83.78	0032fb60	_ZN2Tz12JmCollection12SetupSelMessEv	Tz::JmCollection::SetupSelMess()		high
0025eee8	1348	switch	near	lift	72.31	002f95dc	_ZN2Tz6CmLoad4DrawEv	Tz::CmLoad::Draw()		sim-high
002499b8	1332	loop	near	m2c	59.92	003cd898	_ZN2Tz4TRTE5SetupEv	Tz::TRTE::Setup()		high
0024ce18	1328	loop	near	ghidra	69.33	003d2164	_ZN2Tz4TTPT5SetupEv	Tz::TTPT::Setup()		high
0029c098	1328	switch	near	m2c	73.64	0033eb88	_ZN2Tz5JmDic13CtrlCharaInfoEv	Tz::JmDic::CtrlCharaInfo()		med
002a3ba8	1308	loop	near	ghidra	65.08	0035effc	_ZN2Tz10JmTreasure10CreateListEv	Tz::JmTreasure::CreateList()		med
002788c0	1296	loop	near	lift	79.15	0038da8c	_ZN2Tz9CmAbility12SetupAbilityEv	Tz::CmAbility::SetupAbility()		med
002a5590	1276	loop	near	lift	66.33	0032cad4	_ZN2Tz8JmBattle9SetupInfoEv	Tz::JmBattle::SetupInfo()		med
00255900	1260	switch	near	m2c	81.56	00310b14	_ZN2Tz5CmTop7CtrlTopEv	Tz::CmTop::CtrlTop()		med
00254020	1252	loop	near	lift	91.75	00314a6c	_ZN2Tz5CmTop4ExitEv	Tz::CmTop::Exit()		sim-high
00181da0	1248	float	near	m2c	68.63	00404748	_ZNK2YS8AREADATA8SETINDEX10parse_codeEPKNS0_4CODEE	YS::AREADATA::SETINDEX::parse_code(YS::AREADATA::CODE const*) const		high
00245488	1244	loop	near	m2c	68.00	003c50d8	_ZN2Tz4HECO5SetupEv	Tz::HECO::Setup()		high
00260808	1236	loop	near	lift	77.13	003a7260	_ZN2Tz6CmItem12SetupItemUseEv	Tz::CmItem::SetupItemUse()		med
0024b588	1232	loop	near	ghidra	53.91	003be21c	_ZN2Tz4HBTE5SetupEv	Tz::HBTE::Setup()		high
0027a208	1228	loop	near	m2c	60.45	0038b8c8	_ZN2Tz9CmAbility13UpdateSelListEv	Tz::CmAbility::UpdateSelList()		med
00246ab8	1220	loop	near	lift	80.62	003c4a90	_ZN2Tz4HECO13CleateSelInfoEv	Tz::HECO::CleateSelInfo()		high
002b3440	1220	loop	near	ghidra	23.64	00353ffc	_ZN2Tz8JmPuzzle8SetPieceEv	Tz::JmPuzzle::SetPiece()		sim-high
0024f710	1216	loop	near	ghidra	54.80	003c8a24	_ZN2Tz4LMMU5SetupEv	Tz::LMMU::Setup()		high
002a6e50	1204	loop	near	lift	9.49	0035ba4c	_ZN2Tz8JmSynthe10CreateListEv	Tz::JmSynthe::CreateList()		med
002b5c30	1204	loop	near	m2c	60.17	0030c73c	_ZN2Tz8CmSLBase14UpdateListMessEi	Tz::CmSLBase::UpdateListMess(int)		high
002bdb70	1200	float	near	lift	60.14	003d84f0	_ZN8worldmap8Libretto5parseEPKN2YS4CODEE	worldmap::Libretto::parse(YS::CODE const*)		high
002b0950	1168	loop	near	m2c	67.54	0035229c	_ZN2Tz8JmPuzzle7CtrlPadEv	Tz::JmPuzzle::CtrlPad()		med
0025fb48	1160	branchy	near	ghidra	48.78	003a9dd8	_ZN2Tz6CmItem7CtrlTopEv	Tz::CmItem::CtrlTop()		med
001a9c20	1156	float	near	lift	65.96	0044e520	_ZN2YS11MESSAGEDRAW9draw_lineEPNS0_3ENVEPKNS_7MESSAGEE	YS::MESSAGEDRAW::draw_line(YS::MESSAGEDRAW::ENV*, YS::MESSAGE const*)		high
00297e68	1156	loop	near	lift	72.59	00328280	_ZN2Tz7JmAlbum5SetupEv	Tz::JmAlbum::Setup()		med
002d0290	1156	float	near	lift	77.27	0064e4c8	_ZN2Ti5MGObj6createEPKN2YS8OBJENTRYERKN2kn7FVectorEf	Ti::MGObj::create(YS::OBJENTRY const*, kn::FVector const&, float)		sim-high
0020a090	1148	float	near	lift	88.22	005c93d8	_Z5birthP11_pppPObjectP13VRyjMegaBirthP13PRyjMegaBirthP6VColorP14_PARTICLE_DATAP14_PARTICLE_WMATP15_PARTICLE_COLOR	birth(_pppPObject*, VRyjMegaBirth*, PRyjMegaBirth*, VColor*, _PARTICLE_DATA*, _PARTICLE_WMAT*, _PARTICLE_COLOR*)		sim-high
002958b0	1144	loop	near	lift	71.45	003586f0	_ZN2Tz8JmReport5SetupEv	Tz::JmReport::Setup()		high
002a4e38	1144	loop	near	lift	78.14	0032e5bc	_ZN2Tz8JmBattle8SetupTopEv	Tz::JmBattle::SetupTop()		med
001b65e0	1136	float	near	m2c	63.14	004df2a0	_ZN2YS10CHANGEFORM4execEP4TASK	YS::CHANGEFORM::exec(TASK*)		high
001892d8	1124	float	near	lift	84.68	004d7500	_ZN2YS6ANMATR18CheckRangeCallbackEPKNS0_5RANGEEPv	YS::ANMATR::CheckRangeCallback(YS::ANMATR::RANGE const*, void*)		sim-high
0014fe00	1116	loop	near	lift	80.14	000b8890	_ZN2dk7COUNTER6createEPvS1_NS_9INFO_BASE5ALIGNEiiPiS4_i	dk::COUNTER::create(void*, void*, dk::INFO_BASE::ALIGN, int, int, int*, int*, int)		sim-high
00271ee8	1108	loop	near	lift	46.30	00396a34	_ZN2Tz8CmCustom16UpdateCustomListEv	Tz::CmCustom::UpdateCustomList()		med
0029af20	1108	loop	near	lift	76.14	0033a034	_ZN2Tz5JmDic13SetupWorldSelEv	Tz::JmDic::SetupWorldSel()		med
001c3150	1100	float	near	lift	90.59	004c5310	_ZN2YS7ABILITY8set_itemEi	YS::ABILITY::set_item(int)		sim-high
0025e450	1100	switch	near	m2c	75.51	002fa678	_ZN2Tz6CmLoad12CtrlLoadListEv	Tz::CmLoad::CtrlLoadList()		med
0025ffd0	1096	loop	near	lift	78.01	003a6900	_ZN2Tz6CmItem10SetupStockEv	Tz::CmItem::SetupStock()		med
001097e8	1092	switch	near	ghidra	53.25	00118e48	_ZN2kn7VU1Draw19makeSendImagePacketEPNS_15SendImagePacketEjjjjjjjPv	kn::VU1Draw::makeSendImagePacket(kn::SendImagePacket*, unsigned int, unsigned int, unsigned int, unsigned int, unsigned int, unsigned int, unsigned int, void*)		sim-low
002c0ca0	1088	loop	near	lift	77.95	003d5f30	_ZN2dk13WM_TOTAL_INFOC1Ev	dk::WM_TOTAL_INFO::WM_TOTAL_INFO()		sim-high
00166da8	1084	branchy	near	m2c	16.47	003f4028	__sti___9_model_cpp_9c2e5057	__sti___9_model_cpp_9c2e5057		sim-med
002772c8	1084	loop	near	ghidra	84.24	0039152c	_ZN2Tz9CmAbility8SetupTopEi	Tz::CmAbility::SetupTop(int)		high
00264be0	1080	loop	near	lift	81.44	003b36c0	_ZN2Tz6CmStat9SetupHelpEv	Tz::CmStat::SetupHelp()		high
0026bc10	1080	loop	near	ghidra	58.48	002fe82c	_ZN2Tz7CmParty5SetupEv	Tz::CmParty::Setup()		med
0016f000	1072	float	near	lift	95.03	0046b340	_ZN2YS8OBJENTRY6AppearEjRKN2kn7FVectorEf	YS::OBJENTRY::Appear(unsigned int, kn::FVector const&, float)		med
0013bc50	1068	float	near	lift	72.47	0004c0e0	_ZN2dk12COMMAND_DRAW15drawCurrentIconEPN2YS12COMMAND_MENUEiibjPKNS1_12COMMAND_ELEMEPNS_11COMMAND_ONEE	dk::COMMAND_DRAW::drawCurrentIcon(YS::COMMAND_MENU*, int, int, bool, unsigned int, YS::COMMAND_ELEM const*, dk::COMMAND_ONE*)		med
00299e70	1068	switch	near	m2c	79.18	00330f10	_ZN2Tz12JmCollection7ControlEv	Tz::JmCollection::Control()		med
0011ac10	1064	loop	near	m2c	38.79	00132808	_ZN2kn13ChickenLittle13update_lockonEv	kn::ChickenLittle::update_lockon()		med
001473e8	1064	float	near	lift	73.32	000ae130	_ZN2dk11OctDrawFile13drawObjectAllEv	dk::OctDrawFile::drawObjectAll()		sim-high
00297050	1064	loop	near	ghidra	71.35	0035a940	_ZN2Tz7JmStory5SetupEv	Tz::JmStory::Setup()		med
00123228	1060	float	near	ghidra	44.34	00123288	_ZN2kn8ModelSKL14drawSilhouetteEPNS_16ProjectionCameraEPPN3Axa11DMA_SET_TAGEPNS_9DrawParamEPcPNS_13AnimationWorkEbPNS_7FMatrixE	kn::ModelSKL::drawSilhouette(kn::ProjectionCamera*, Axa::DMA_SET_TAG**, kn::DrawParam*, char*, kn::AnimationWork*, bool, kn::FMatrix*)		sim-high
0025b7b8	1060	branchy	near	m2c	92.90	00304ca8	_ZN2Tz6CmSave8CtrlListEv	Tz::CmSave::CtrlList()		sim-high
002a0cb8	1060	branchy	near	m2c	75.62	00338a28	_ZN2Tz9JmDiagram7CtrlSelEv	Tz::JmDiagram::CtrlSel()		med
00296168	1056	switch	near	ghidra	74.60	00358d54	_ZN2Tz8JmReport7ControlEv	Tz::JmReport::Control()		med
00251a70	1052	branchy	near	m2c	48.16	003ba280	_ZN2Tz4CANA4DrawEv	Tz::CANA::Draw()		high
002b01d8	1052	loop	near	lift	74.41	0034d7a4	_ZN2Tz8JmPuzzle13SetupTutorialEv	Tz::JmPuzzle::SetupTutorial()		med
001ff958	1044	float	near	m2c	35.82	005b23a0	pppKeShpTail3X	pppKeShpTail3X		sim-high
002644a0	1044	switch	near	m2c	57.81	003b5288	_ZN2Tz6CmStat8SetupTopEb	Tz::CmStat::SetupTop(bool)		high
0029f520	1044	loop	near	lift	74.79	00329ef0	_ZN2Tz7JmAnsem9SetupInfoEv	Tz::JmAnsem::SetupInfo()		med
002a8330	1044	loop	near	ghidra	68.98	00342498	_ZN2Tz10JmMiniGame10UpdateListEv	Tz::JmMiniGame::UpdateList()		high
00268db8	1040	branchy	near	lift	49.70	003a43c8	_ZN2Tz7CmEquip9CtrlEquipEv	Tz::CmEquip::CtrlEquip()		high
001e66e8	1036	float	near	lift	72.86	002aebf0	_Z11pppPartDrawP9_pppMngSt	pppPartDraw(_pppMngSt*)		sim-high
00269658	1032	loop	near	ghidra	69.63	003a0478	_ZN2Tz7CmEquip13UpdateTopListEv	Tz::CmEquip::UpdateTopList()		high
00291510	1032	switch	near	m2c	76.20	00324460	_ZN2Tz8ItemStat6UpdateEiii	Tz::ItemStat::Update(int, int, int)		high
002200c0	1028	float	near	m2c	70.50	005cc918	_Z4calcP18VRyjMegaBirthModelP18PRyjMegaBirthModelP14_PARTICLE_DATAP6VColorP15_PARTICLE_COLOR	calc(VRyjMegaBirthModel*, PRyjMegaBirthModel*, _PARTICLE_DATA*, VColor*, _PARTICLE_COLOR*)		sim-low
0029b698	1008	loop	near	ghidra	77.65	0033ae1c	_ZN2Tz5JmDic13SetupCharaSelEv	Tz::JmDic::SetupCharaSel()		med
00260418	1004	switch	near	ghidra	73.59	003aa708	_ZN2Tz6CmItem9CtrlStockEv	Tz::CmItem::CtrlStock()		med
00128750	996	float	near	m2c	57.04	000fa118	_ZN2kn16MotionPrototype015calcFcurveValueEPNS_25MotionPrototype0RAWFcurveEiif	kn::MotionPrototype0::calcFcurveValue(kn::MotionPrototype0RAWFcurve*, int, int, float)		sim-med
0015bc80	996	float	near	lift	79.74	00073fd8	_ZN2dk5Radar4drawEv	dk::Radar::draw()		sim-high
00277938	996	branchy	near	m2c	82.02	003925f4	_ZN2Tz9CmAbility7CtrlSelEv	Tz::CmAbility::CtrlSel()		med
0025aa10	988	branchy	near	m2c	81.00	00306364	_ZN2Tz6CmSave9CtrlYesNoEv	Tz::CmSave::CtrlYesNo()		med
001fc720	984	float	near	lift	60.61	005adbe8	pppKeMdlDttDraw	pppKeMdlDttDraw		sim-low
00154f30	976	loop	near	lift	93.35	0009f558	_ZN2dk12GAUGE_FRIEND6createEPN2YS3OBJEi	dk::GAUGE_FRIEND::create(YS::OBJ*, int)		high
002551b8	976	loop	near	lift	78.33	003126c0	_ZN2Tz5CmTop8SetupTopEv	Tz::CmTop::SetupTop()		med
00266248	968	switch	near	ghidra	66.09	003b2cd0	_ZN2Tz6CmStat14UpdateHelpListEv	Tz::CmStat::UpdateHelpList()		med
0013ce08	964	float	near	lift	58.36	0004bb20	_ZN2dk12COMMAND_DRAW5recomEi	dk::COMMAND_DRAW::recom(int)		med
0025b218	964	switch	near	lift	80.84	00305aec	_ZN2Tz6CmSave12CtrlLoadListEv	Tz::CmSave::CtrlLoadList()		med
0025dfb0	960	branchy	near	ghidra	85.31	002fb498	_ZN2Tz6CmLoad16CtrlErrorConfirmEv	Tz::CmLoad::CtrlErrorConfirm()		med
00269a60	956	branchy	near	lift	44.81	003a11e0	_ZN2Tz7CmEquip14UpdateHelpMessEv	Tz::CmEquip::UpdateHelpMess()		med
002afe18	956	branchy	near	m2c	77.08	003525f8	_ZN2Tz8JmPuzzle8CtrlGameEv	Tz::JmPuzzle::CtrlGame()		med
0029ee68	952	loop	near	ghidra	73.31	0032b508	_ZN2Tz7JmAnsem8SetupTopEv	Tz::JmAnsem::SetupTop()		high
002708c0	944	branchy	near	m2c	82.47	0039d6b0	_ZN2Tz8CmCustom10CtrlCustomEv	Tz::CmCustom::CtrlCustom()		high
002945e8	944	loop	near	ghidra	81.28	00362c94	_ZN2Tz10JmWorldSel5SetupEv	Tz::JmWorldSel::Setup()		high
002a0908	944	loop	near	lift	63.00	003383d0	_ZN2Tz9JmDiagram5SetupEi	Tz::JmDiagram::Setup(int)		med
0025a660	940	branchy	near	m2c	90.60	00306904	_ZN2Tz6CmSave16CtrlErrorConfirmEv	Tz::CmSave::CtrlErrorConfirm()		med
00295d28	936	switch	near	m2c	94.53	003578f0	_ZN2Tz8JmReport12SetupSelMessEv	Tz::JmReport::SetupSelMess()		med
00254ab8	932	float	near	lift	46.90	003105e8	_ZN2Tz5CmTop13SetupPartyObjEv	Tz::CmTop::SetupPartyObj()		high
002af748	932	branchy	near	m2c	96.24	00350b28	_ZN2Tz8JmPuzzle7CtrlSelEv	Tz::JmPuzzle::CtrlSel()		sim-high
0022a7e0	928	float	near	ghidra	80.81	002e0300	_ZN2sa13MUSICAL_INPUT6createEi	sa::MUSICAL_INPUT::create(int)		med
001f6298	920	float	near	lift	23.64	005a9ec0	pppKeBornRnd4	pppKeBornRnd4		sim-high
0010fb10	912	loop	near	ghidra	53.29	000df554	_ZN2kn6Friend15emergencyActionEv	kn::Friend::emergencyAction()		sim-med
001b1560	904	float	near	ghidra	0.00	0043e2c8	_ZN2YS5LIGHT4ExecEP4TASK	YS::LIGHT::Exec(TASK*)		sim-high
00265018	904	switch	near	m2c	83.82	003b6010	_ZN2Tz6CmStat8CtrlHelpEv	Tz::CmStat::CtrlHelp()		high
001c4520	900	float	near	ghidra	37.12	004e3930	_ZN2YS13CROWD_M_EX6606CreateEPKNS_8OBJENTRYERKN2kn7FVectorEf	YS::CROWD_M_EX660::Create(YS::OBJENTRY const*, kn::FVector const&, float)		sim-med
0020c9d0	896	float	near	lift	60.32	005d0528	pppRyjDrawMegaBirthModelFilter	pppRyjDrawMegaBirthModelFilter		sim-high
002cfb30	896	float	near	m2c	65.68	0064cfa8	_ZN2Ti5MGObj11exec_appearEv	Ti::MGObj::exec_appear()		med
0029ba88	892	branchy	near	m2c	84.91	0033e7a8	_ZN2Tz5JmDic12CtrlCharaSelEv	Tz::JmDic::CtrlCharaSel()		high
00151138	888	branchy	near	lift	67.24	000b6d1c	_ZN2dk5TIMER6updateEv	dk::TIMER::update()		high
00166148	888	switch	near	lift	52.11	0007e6d8	_ZN2dk4Tim29loadImageEPvii	dk::Tim2::loadImage(void*, int, int)		sim-low
00255588	888	switch	near	ghidra	27.06	00311e90	_ZN2Tz5CmTop7ControlEv	Tz::CmTop::Control()		med
002af0a0	884	branchy	near	m2c	95.31	0034ea64	_ZN2Tz8JmPuzzle7CtrlTopEv	Tz::JmPuzzle::CtrlTop()		high
00279040	876	loop	near	ghidra	66.43	0038f16c	_ZN2Tz9CmAbility14GetAbilityInfoEv	Tz::CmAbility::GetAbilityInfo()		med
002a4620	876	branchy	near	m2c	61.14	0035fde0	_ZN2Tz10JmTreasure10MoveCurcorEPN2YS3PADE	Tz::JmTreasure::MoveCurcor(YS::PAD*)		med
00152bd8	868	loop	near	lift	52.97	0005cee4	_ZN2dk12LEVELUP_INFO6updateEv	dk::LEVELUP_INFO::update()		sim-med
002566f0	868	branchy	near	ghidra	68.87	0030f1c8	_ZN2Tz5CmTop12DrawSelectorEPNS_6SelectEii	Tz::CmTop::DrawSelector(Tz::Select*, int, int)		med
0026a5a0	864	loop	near	m2c	66.48	0039ee48	_ZN2Tz7CmEquip15UpdateEquipListEv	Tz::CmEquip::UpdateEquipList()		med
002725d8	864	switch	near	lift	15.20	00398608	_ZN2Tz8CmCustom20UpdateIndiCustomListEv	Tz::CmCustom::UpdateIndiCustomList()		sim-high
002b4440	864	loop	near	ghidra	78.73	0030df24	_ZN2Tz8CmSLBase4InitEv	Tz::CmSLBase::Init()		high
0026d208	856	loop	near	m2c	82.31	002fdc3c	_ZN2Tz7CmParty19MakeInOutMemberNameEv	Tz::CmParty::MakeInOutMemberName()		med
00250a50	852	loop	near	lift	74.95	003bbdfc	_ZN2Tz4CANA4InitEv	Tz::CANA::Init()		sim-high
002b05f8	852	branchy	near	m2c	93.05	00352dc8	_ZN2Tz8JmPuzzle12CtrlTutorialEv	Tz::JmPuzzle::CtrlTutorial()		sim-high
00296588	844	loop	near	lift	74.98	00359354	_ZN2Tz8JmReport10SetupRoxasEv	Tz::JmReport::SetupRoxas()		med
001569d8	840	loop	near	lift	86.53	000a41ec	_ZN2dk12GAUGE_PLAYER6createEPN2YS3OBJE	dk::GAUGE_PLAYER::create(YS::OBJ*)		med
001e6280	840	float	near	ghidra	42.28	002ada78	_Z11pppPartCalcPvi	pppPartCalc(void*, int)		sim-low
0023bc58	836	straight	near	lift	81.37	000c48bc	_ZN2YI7WIN_SEQ7SetSizeEii	YI::WIN_SEQ::SetSize(int, int)		med
00247198	836	float	near	lift	68.36	003c45b0	_ZN2Tz4HECO11UpdateScoreEv	Tz::HECO::UpdateScore()		sim-high
00254770	836	branchy	near	stub	0.00	00312be0	_ZN2Tz5CmTop5SetupEv	Tz::CmTop::Setup()		high
002713c8	836	loop	near	lift	67.83	00397630	_ZN2Tz8CmCustom21MakeListInfo2ItemMessEv	Tz::CmCustom::MakeListInfo2ItemMess()		med
00181178	832	switch	near	lift	70.70	0048f874	_ZN2YS8PROGRESS7SetFlagEi	YS::PROGRESS::SetFlag(int)		seed
0019ce48	832	float	near	m2c	63.06	00443b68	_ZN2YS6LOCKON12check_lockonEv	YS::LOCKON::check_lockon()		med
002ae320	832	loop	near	lift	70.75	003326d8	_ZN2Tz10JmComplete11CheckPuzzleEv	Tz::JmComplete::CheckPuzzle()		high
002450c8	820	loop	near	lift	74.87	003c612c	_ZN2Tz4HECO4ExitEv	Tz::HECO::Exit()		sim-high
002995e8	820	loop	near	ghidra	82.48	00330ab4	_ZN2Tz12JmCollection5SetupEv	Tz::JmCollection::Setup()		med
002a3318	812	loop	near	ghidra	65.73	0035ea90	_ZN2Tz10JmTreasure10UpdateListEv	Tz::JmTreasure::UpdateList()		med
002af418	812	loop	near	ghidra	75.06	0034e2a0	_ZN2Tz8JmPuzzle8SetupSelEv	Tz::JmPuzzle::SetupSel()		med
00226478	808	loop	near	lift	94.20	002bc8c8	_ZN2sa5EVENT8fixAllocEv	sa::EVENT::fixAlloc()		high
0022dd80	808	float	near	m2c	86.43	002c83dc	_ZN2sa5EVENT14set_effect_seqERNS_14BIN_EFFECT_SEQEP4TASK	sa::EVENT::set_effect_seq(sa::BIN_EFFECT_SEQ&, TASK*)		sim-high
002405a8	804	branchy	near	lift	66.52	0036953c	_ZN2Tz5MCard9MakeTitleEPci	Tz::MCard::MakeTitle(char*, int)		sim-high
002648b8	804	branchy	near	m2c	89.07	003b5894	_ZN2Tz6CmStat7CtrlTopEv	Tz::CmStat::CtrlTop()		high
002859f0	804	loop	near	ghidra	72.90	003ae3ec	_ZN2Tz8CmNewFlg9CheckItemEv	Tz::CmNewFlg::CheckItem()		med
002afaf0	804	loop	near	lift	65.90	00350154	_ZN2Tz8JmPuzzle9SetupGameEv	Tz::JmPuzzle::SetupGame()		med
002b47a0	804	loop	near	lift	96.78	0030e59c	_ZN2Tz8CmSLBase4ExitEv	Tz::CmSLBase::Exit()		med
00260ce0	800	branchy	near	lift	83.23	003ab098	_ZN2Tz6CmItem11CtrlItemUseEv	Tz::CmItem::CtrlItemUse()		med
002a2ff8	800	loop	near	ghidra	50.15	0035d3f8	_ZN2Tz10JmTreasure8SortListEv	Tz::JmTreasure::SortList()		high
001169e8	796	float	near	lift	82.29	001084b0	_ZN2kn6Stitch16calc_move_targetEi	kn::Stitch::calc_move_target(int)		sim-high
0029b378	796	branchy	near	m2c	88.41	0033e400	_ZN2Tz5JmDic12CtrlWorldSelEv	Tz::JmDic::CtrlWorldSel()		med
00273818	788	loop	near	ghidra	28.42	0039b0b4	_ZN2Tz8CmCustom23ChangeAutoReplenishmentEv	Tz::CmCustom::ChangeAutoReplenishment()		med
0025e8a0	784	branchy	near	m2c	95.06	002fa080	_ZN2Tz6CmLoad8CtrlListEv	Tz::CmLoad::CtrlList()		sim-high
0027ccf8	784	loop	near	lift	73.26	00394c44	_ZN2Tz8CmConfig10CreateListEv	Tz::CmConfig::CreateList()		med
0029d008	784	loop	near	m2c	86.94	0033a8d4	_ZN2Tz5JmDic14UpdateCharaSelEv	Tz::JmDic::UpdateCharaSel()		med
001219b8	780	branchy	near	ghidra	78.81	00120f40	_ZN2kn8ModelSKL10setTexfadeEPNS_16Vif1PacketBufferEiPNS_9DrawParamEPNS_13AnimationWorkEbPNS_7TextureES8_	kn::ModelSKL::setTexfade(kn::Vif1PacketBuffer*, int, kn::DrawParam*, kn::AnimationWork*, bool, kn::Texture*, kn::Texture*)		sim-med
0026c140	780	float	near	lift	85.00	002fd348	_ZN2Tz7CmParty13SetupPartyObjEv	Tz::CmParty::SetupPartyObj()		med
00107d20	776	loop	near	lift	83.44	00124178	_ZN2kn8ModelObj11drawShadow_ERKNS_16ProjectionCameraEPNS_9DrawParamEPsS3_S3_PPN2dk11ObjDrawListENS_11SHADOW_SIZEE	kn::ModelObj::drawShadow_(kn::ProjectionCamera const&, kn::DrawParam*, short*, kn::ProjectionCamera const&, kn::ProjectionCamera const&, dk::ObjDrawList**, kn::SHADOW_SIZE)		sim-med
001516b0	776	float	near	lift	89.23	000a9490	_ZN2dk13MISSION_GAUGE6createEPvS1_NS_9INFO_BASE5ALIGNEfPfi	dk::MISSION_GAUGE::create(void*, void*, dk::INFO_BASE::ALIGN, float, float*, int)		sim-high
002b5188	776	loop	near	lift	77.88	0030d024	_ZN2Tz8CmSLBase9SetupListEPKsi	Tz::CmSLBase::SetupList(short const*, int)		med
001620a8	772	straight	near	e3	99.88	0004826c	_ZN2dk6Camera21createMultiCameraTaskEv	dk::Camera::createMultiCameraTask()		med
0020aff8	772	float	near	lift	53.44	005ca878	pppRyjDrawMegaBirth	pppRyjDrawMegaBirth		sim-high
001f59b0	768	float	near	lift	57.81	005a9398	pppKeBornRnd	pppKeBornRnd		sim-high
002b24c8	768	loop	near	lift	75.74	0034fde8	_ZN2Tz8JmPuzzle9UpdateGraEv	Tz::JmPuzzle::UpdateGra()		med
002b4070	768	branchy	near	ghidra	81.77	003c7164	_ZN2Tz9SmHelpMsg6CreateEiPNS_6LayoutEPKsS4_S4_S4_S4_S4_iPKNS_7SeqInfoEii	Tz::SmHelpMsg::Create(int, Tz::Layout*, short const*, short const*, short const*, short const*, short const*, short const*, int, Tz::SeqInfo const*, int, int)		med
0029f220	764	branchy	near	m2c	87.44	0032b9e4	_ZN2Tz7JmAnsem7CtrlTopEv	Tz::JmAnsem::CtrlTop()		high
002b1db8	764	loop	near	ghidra	0.00	0034dee0	_ZN2Tz8JmPuzzle12ChkImageInfoEv	Tz::JmPuzzle::ChkImageInfo()		med
00323110	760	loop	near	m2c	84.69	002e39f8	_ZN2sa14MUSICAL_SCORE24initEv	sa::MUSICAL_SCORE2::init()		sim-high
00193038	756	float	near	m2c	21.05	00468fc8	_ZN2YS3OBJ4drawEv	YS::OBJ::draw()		med
002ce2a0	756	float	near	ghidra	35.93	00651ad0	_ZN2Ti4Path17search_near_pointERiRfRKN2kn7FVectorE	Ti::Path::search_near_point(int&, float&, kn::FVector const&)		sim-med
001e1e40	752	float	near	ghidra	44.30	006190f0	_ZN3ryj17LAST_XEMNUS_LASER11exec_attackEv	ryj::LAST_XEMNUS_LASER::exec_attack()		sim-low
00247580	752	float	near	lift	69.57	003c24fc	_ZN2Tz4HECO11UpdateMakerEb	Tz::HECO::UpdateMaker(bool)		sim-high
0026c470	752	branchy	near	m2c	92.00	002fee8c	_ZN2Tz7CmParty4CtrlEv	Tz::CmParty::Ctrl()		med
001a1e20	744	float	near	m2c	72.86	00499454	_ZNK2YS5SHEET11calc_damageEPNS_6ATTACKEPKNS_11ATTACKPARAMEi	YS::SHEET::calc_damage(YS::ATTACK*, YS::ATTACKPARAM const*, int) const		med
002612c8	740	branchy	near	lift	69.05	003ab558	_ZN2Tz6CmItem16CtrlItemUsePartyEv	Tz::CmItem::CtrlItemUseParty()		med
00263ee0	740	loop	near	ghidra	6.69	00321140	_ZN2Tz9IShopInfo10GetShopTblEiPNS0_7ShopTblE	Tz::IShopInfo::GetShopTbl(int, Tz::IShopInfo::ShopTbl*)		sim-high
0026f0a0	740	branchy	near	m2c	87.97	0039c078	_ZN2Tz8CmCustom7CtrlTopEv	Tz::CmCustom::CtrlTop()		high
0029e4c8	740	float	near	lift	82.56	0033c6e0	_ZN2Tz5JmDic14CreateCharaObjEi	Tz::JmDic::CreateCharaObj(int)		med
00291de0	736	switch	near	lift	77.20	003258f4	_ZN2Tz8ItemStat14UpdateNextStatEiiiiii	Tz::ItemStat::UpdateNextStat(int, int, int, int, int, int)		sim-high
002a95a8	736	loop	near	m2c	81.55	00355f50	_ZN2Tz7JmQuest10UpdateListEv	Tz::JmQuest::UpdateList()		med
00119830	732	float	near	m2c	59.29	0010c5f0	_ZN2kn6Stitch10shotEffectEi	kn::Stitch::shotEffect(int)		high
00165ad8	732	float	near	ghidra	11.77	0006b144	_ZN2dk6ObjOcc13collisionDownEPNS_14CollisionParamERf	dk::ObjOcc::collisionDown(dk::CollisionParam*, float&)		sim-high
00175c88	732	branchy	near	m2c	87.19	00477884	_ZN2YS5PARTY12exec_commandERNS_7COMMANDE	YS::PARTY::exec_command(YS::COMMAND&)		high
002666a8	732	switch	near	m2c	74.01	003b1e78	_ZN2Tz6CmStat14UpdateHelpMessEv	Tz::CmStat::UpdateHelpMess()		med
0027d008	732	loop	near	ghidra	65.30	003952f8	_ZN2Tz8CmConfig10UpdateListEv	Tz::CmConfig::UpdateList()		med
002a52b0	732	branchy	near	m2c	85.79	0032eba0	_ZN2Tz8JmBattle7CtrlTopEv	Tz::JmBattle::CtrlTop()		high
002c29d8	732	loop	near	m2c	84.72	003e5fbc	_ZN2dk10WM_LANDINGC1Ev	dk::WM_LANDING::WM_LANDING()		sim-high
001a55a8	728	float	near	m2c	70.10	00483478	_ZN2YS5PRIZE6AppearERKN2kn7FVectorEi	YS::PRIZE::Appear(kn::FVector const&, int)		high
0025ebb0	728	branchy	near	m2c	73.34	002f9c98	_ZN2Tz6CmLoad12CtrlDataLoadEv	Tz::CmLoad::CtrlDataLoad()		med
00298988	728	switch	near	m2c	79.83	00329240	_ZN2Tz7JmAlbum12PhotoControlEv	Tz::JmAlbum::PhotoControl()		high
002a13e0	724	float	near	lift	76.83	003377a0	_ZN2Tz9JmDiagram10MoveCursorEPN2YS3PADE	Tz::JmDiagram::MoveCursor(YS::PAD*)		med
00236d98	720	loop	near	m2c	63.62	000ba704	_ZN2YI11IMAGE_CACHE4LoadEPNS_5IMAGEE	YI::IMAGE_CACHE::Load(YI::IMAGE*)		sim-low
00298410	720	branchy	near	m2c	97.12	00328df0	_ZN2Tz7JmAlbum7ControlEv	Tz::JmAlbum::Control()		high
002dff60	720	float	near	m2c	68.80	00630068	_ZN2Ti21ACTION_PO_JUMP_PLAYER17exec_land_balloonEPN2YS3OBJE	Ti::ACTION_PO_JUMP_PLAYER::exec_land_balloon(YS::OBJ*)		med
0013c3b8	716	float	near	lift	50.21	0004cb60	_ZN2dk12COMMAND_DRAW15drawCommandPageEPN2YS12COMMAND_MENUEiib	dk::COMMAND_DRAW::drawCommandPage(YS::COMMAND_MENU*, int, int, bool)		sim-high
002a8ac8	716	loop	near	lift	83.07	00356910	_ZN2Tz7JmQuest5SetupEv	Tz::JmQuest::Setup()		high
001a6178	712	float	near	ghidra	10.48	00447070	_ZN2YS5MAGIC4CastEPNS_6PLAYEREib	YS::MAGIC::Cast(YS::PLAYER*, int, bool)		med
00138de0	708	float	near	ghidra	62.98	0007b5c8	_ZN2dk13SpriteMessage11drawMessageEv	dk::SpriteMessage::drawMessage()		high
001408a0	708	float	near	m2c	34.03	00068258	_ZN2dk9ObjCamera9setCameraEb	dk::ObjCamera::setCamera(bool)		med
0015efa0	708	float	near	ghidra	45.62	0005fef0	_ZN2dk3Map8setColorEhhh	dk::Map::setColor(unsigned char, unsigned char, unsigned char)		med
00259998	708	branchy	near	stub	0.00	00308088	_ZN2Tz6CmSave5SetupEv	Tz::CmSave::Setup()		high
00261000	708	loop	near	lift	87.46	003a7c34	_ZN2Tz6CmItem17SetupItemUsePartyEv	Tz::CmItem::SetupItemUseParty()		med
00279a10	708	loop	near	m2c	18.53	0038e128	_ZN2Tz9CmAbility15SortAbilityInfoEv	Tz::CmAbility::SortAbilityInfo()		high
00294b80	708	switch	near	m2c	87.14	003632c8	_ZN2Tz10JmWorldSel7ControlEv	Tz::JmWorldSel::Control()		med
001bc2a8	704	branchy	near	ghidra	39.19	0041d8ec	_ZN2YS12COMMAND_SLOT9GetStatusEPKNS_12COMMAND_ELEMEPNS_3OBJEPKNS_6TARGETE	YS::COMMAND_SLOT::GetStatus(YS::COMMAND_ELEM const*, YS::OBJ*, YS::TARGET const*)		high
002a3648	704	loop	near	m2c	67.39	0035e784	_ZN2Tz10JmTreasure13UpdateGraListEv	Tz::JmTreasure::UpdateGraList()		med
00142c90	700	branchy	near	lift	95.26	0006be64	_ZN2dk6Octree6createEPNS_7MapFileEP9ALLOCATORby	dk::Octree::create(dk::MapFile*, ALLOCATOR*, bool, unsigned long long)		sim-high
0015b7f8	700	loop	near	m2c	77.37	00073460	_ZN2dk9RadarRect10createRectEv	dk::RadarRect::createRect()		med
001823d0	700	float	near	lift	77.13	00405388	_ZN2YS8AREADATA7InitSetEPKN4AREA3SETE	YS::AREADATA::InitSet(AREA::SET const*)		sim-low
00275438	700	switch	near	lift	80.83	002f405c	_ZN2Tz6Jiminy4DrawEv	Tz::Jiminy::Draw()		med
002a77a0	700	loop	near	lift	76.41	00342ff8	_ZN2Tz10JmMiniGame5SetupEv	Tz::JmMiniGame::Setup()		high
0029c5c8	696	switch	near	m2c	88.67	0033f394	_ZN2Tz5JmDic8CtrlZoomEv	Tz::JmDic::CtrlZoom()		med
00246070	692	switch	near	ghidra	43.75	003c3044	_ZN2Tz4HECO7CtrlSelEv	Tz::HECO::CtrlSel()		med
00272c90	692	branchy	near	m2c	67.85	0039a9e0	_ZN2Tz8CmCustom14UpdateHelpMessEb	Tz::CmCustom::UpdateHelpMess(bool)		med
00275180	692	switch	near	ghidra	81.37	002f4a78	_ZN2Tz6Jiminy7ControlEv	Tz::Jiminy::Control()		med
0029f938	692	switch	near	m2c	91.21	0032bde4	_ZN2Tz7JmAnsem8CtrlInfoEv	Tz::JmAnsem::CtrlInfo()		high
00322e58	692	loop	near	ghidra	93.10	0033d8e4	_ZN2Tz5JmDic4InitEv	Tz::JmDic::Init()		sim-high
00230f10	688	float	near	m2c	60.40	002c3cf0	_ZN2sa5EVENT9calcValueEfPNS_22BIN_CAMERA_DATA_ENC_WKEiS2_	sa::EVENT::calcValue(float, sa::BIN_CAMERA_DATA_ENC_WK*, int, sa::BIN_CAMERA_DATA_ENC_WK*)		sim-med
0026b5a0	688	loop	near	m2c	68.08	003a2370	_ZN2Tz7CmEquip8SortItemEi	Tz::CmEquip::SortItem(int)		med
0028d320	688	float	near	m2c	62.38	00367788	_ZN2Tz8LightCur4drawEv	Tz::LightCur::draw()		med
002a7a60	688	branchy	near	m2c	90.76	00343378	_ZN2Tz10JmMiniGame7ControlEv	Tz::JmMiniGame::Control()		sim-high
002a8d98	688	branchy	near	m2c	90.76	00356c94	_ZN2Tz7JmQuest7ControlEv	Tz::JmQuest::Control()		sim-high
002aed60	688	loop	near	lift	88.02	003507b8	_ZN2Tz8JmPuzzle8SetupTopEv	Tz::JmPuzzle::SetupTop()		med
001fe398	684	float	near	lift	72.20	005b42a8	pppKeTh	pppKeTh		sim-med
0027b6b8	680	loop	near	m2c	73.49	00390248	_ZN2Tz9CmAbility14UpdateHelpMessEv	Tz::CmAbility::UpdateHelpMess()		med
0027c700	676	switch	near	m2c	88.18	003959f4	_ZN2Tz8CmConfig4CtrlEv	Tz::CmConfig::Ctrl()		high
002986e0	676	loop	near	lift	73.64	003289e8	_ZN2Tz7JmAlbum10PhotoSetupEv	Tz::JmAlbum::PhotoSetup()		med
0027b248	672	float	near	m2c	47.22	0038c1c0	_ZN2Tz9CmAbility11UpdateGaugeEb	Tz::CmAbility::UpdateGauge(bool)		med
002d1550	672	float	near	lift	61.58	00643798	_ZN2Ti9MGOarashiC1Eii	Ti::MGOarashi::MGOarashi(int, int)		sim-high
002e6210	672	switch	near	lift	55.51	00657f74	_ZN2Ti4Tim211make_packetERN2kn16Vif1PacketBufferEi	Ti::Tim2::make_packet(kn::Vif1PacketBuffer&, int)		sim-low
00229e58	668	float	near	lift	79.05	002dd148	_ZN2sa13MUSICAL_COMBO9printTaskEP4TASK	sa::MUSICAL_COMBO::printTask(TASK*)		sim-high
002a5a90	668	switch	near	m2c	91.26	0032efc8	_ZN2Tz8JmBattle8CtrlInfoEv	Tz::JmBattle::CtrlInfo()		med
00323540	668	loop	near	m2c	91.29	000a63b0	_ZN2dk11INFORMATION4initEv	dk::INFORMATION::init()		sim-high
002209f0	660	float	near	m2c	81.55	005cee18	_Z10init_paramP24PRyjMegaBirthModelFilterP14_PARTICLE_DATAP15_PARTICLE_COLOR	init_param(PRyjMegaBirthModelFilter*, _PARTICLE_DATA*, _PARTICLE_COLOR*)		sim-med
002a5df0	660	loop	near	lift	80.29	0032d18c	_ZN2Tz8JmBattle13UpdateTopListEv	Tz::JmBattle::UpdateTopList()		med
002d9220	660	float	near	lift	58.62	006366a0	_ZN2Ti12MGHachimitsu9play_demoEi	Ti::MGHachimitsu::play_demo(int)		med
00107a90	656	float	near	lift	97.82	0019b550	_ZN2gb13PLAYER_CAMERA4execEv	gb::PLAYER_CAMERA::exec()		sim-high
00291918	656	switch	near	m2c	82.32	003249b4	_ZN2Tz8ItemStat13UpdateNewItemEiiii	Tz::ItemStat::UpdateNewItem(int, int, int, int)		high
00271b78	652	loop	near	ghidra	78.28	0039a16c	_ZN2Tz8CmCustom13UpdateTopListEv	Tz::CmCustom::UpdateTopList()		sim-high
00154558	648	loop	near	ghidra	92.60	0009dd1c	_ZN2dk11GAUGE_ENEMY6createEv	dk::GAUGE_ENEMY::create()		med
0031b130	648	loop	near	m2c	98.44	000a7184	_ZN2dk11INFORMATION11openHiTimerEPvS1_NS_9INFO_BASE5ALIGNEij	dk::INFORMATION::openHiTimer(void*, void*, dk::INFO_BASE::ALIGN, int, unsigned int)		sim-high
00138988	644	float	near	m2c	57.86	0007af78	_ZN2dk6Sprite4drawEv	dk::Sprite::draw()		high
002c4e98	644	float	near	lift	97.65	003e5b50	_ZN2dk10WM_LANDING6createEPKcRKN2YS6TARGETE	dk::WM_LANDING::create(char const*, YS::TARGET const&)		high
001a11e0	640	float	near	m2c	78.67	00499140	_ZN2YS5SHEET4loadEPNS_7PARTRAME	YS::SHEET::load(YS::PARTRAM*)		high
002298a8	640	loop	near	ghidra	84.39	002dca38	_ZN2sa13MUSICAL_COMBO6createEi	sa::MUSICAL_COMBO::create(int)		med
0028bae0	640	float	near	lift	76.36	0037d678	_ZN2Tz9ScrollBar6CreateEiPvPN2YI5IMAGEEPKsiiPN2dk6SpriteEi	Tz::ScrollBar::Create(int, void*, YI::IMAGE*, short const*, int, int, dk::Sprite*, int)		med
00157c88	636	branchy	near	lift	55.18	000a1964	_ZN2dk12GAUGE_PLAYER11updateDriveEv	dk::GAUGE_PLAYER::updateDrive()		med
0022d9b0	636	loop	near	m2c	70.33	002cbb60	_ZN2sa5EVENT24set_bin_seq_wait_messageERNS_20BIN_SEQ_WAIT_MESSAGEEP4TASK	sa::EVENT::set_bin_seq_wait_message(sa::BIN_SEQ_WAIT_MESSAGE&, TASK*)		med
002c3e58	636	loop	near	m2c	92.26	003e53f0	_ZN2dk10WM_LANDING6updateEv	dk::WM_LANDING::update()		sim-high
002da670	636	float	near	lift	63.83	0063bf30	_ZN2Ti18MGHachimitsuPlayer20decide_pos_with_poohEv	Ti::MGHachimitsuPlayer::decide_pos_with_pooh()		med
001baa58	632	float	near	m2c	82.55	0045238c	_ZN2YS7MISSIONC1EiPKc	YS::MISSION::MISSION(int, char const*)		sim-high
0021cdd0	632	float	near	lift	41.34	005c6e68	_Z7shipolyP10pppModelStP19PRyjDrawShipolyBoneP19VRyjDrawShipolyBone	shipoly(pppModelSt*, PRyjDrawShipolyBone*, VRyjDrawShipolyBone*)		sim-low
0024c1a8	632	branchy	near	lift	94.95	003bd35c	_ZN2Tz4HBTE4DrawEv	Tz::HBTE::Draw()		high
00104a48	628	loop	near	ghidra	59.58	00041d00	_ZN4AREA10InitThreadEP4TASK	AREA::InitThread(TASK*)		med
001112a8	628	float	near	lift	64.29	000e1f18	_ZN2kn6Friend11normal_execEv	kn::Friend::normal_exec()		med
0013eb00	628	float	near	lift	28.71	0009cee8	_ZN2dk7Ft4Base7calcXYZEv	dk::Ft4Base::calcXYZ()		sim-high
0018e420	628	float	near	lift	60.90	00406b50	_ZN2YS11ATTACK_WORK7hitmarkEPNS_6BTLOBJEPNS_6DAMAGEERKNS_9COLLISIONEy	YS::ATTACK_WORK::hitmark(YS::BTLOBJ*, YS::DAMAGE*, YS::COLLISION const&, unsigned long long)		med
00246490	628	loop	near	m2c	39.89	003c299c	_ZN2Tz4HECO12DrawSelectorEPNS_6SelectEii	Tz::HECO::DrawSelector(Tz::Select*, int, int)		med
002818b8	628	float	near	lift	71.89	003200e0	_ZN2Tz11ItemPicDraw6CreateEi	Tz::ItemPicDraw::Create(int)		high
00261d48	624	loop	near	lift	78.29	003a8a5c	_ZN2Tz6CmItem15UpdateEquipListEv	Tz::CmItem::UpdateEquipList()		med
00278dd0	624	branchy	near	m2c	94.54	003930d0	_ZN2Tz9CmAbility11CtrlAbilityEv	Tz::CmAbility::CtrlAbility()		med
002793b0	624	loop	near	ghidra	51.18	0038e9a0	_ZN2Tz9CmAbility18GetFormAbilityInfoEv	Tz::CmAbility::GetFormAbilityInfo()		med
002823b0	624	loop	near	m2c	59.53	00322180	_ZN2Tz8ItemInfo8SetEquipEij	Tz::ItemInfo::SetEquip(int, unsigned int)		sim-high
001dfa38	620	float	near	lift	91.73	002b7948	_ZN3ryj3PAX7MANAGER4execEv	ryj::PAX::MANAGER::exec()		med
002a6be0	620	branchy	near	m2c	90.18	0035c6b0	_ZN2Tz8JmSynthe7ControlEv	Tz::JmSynthe::Control()		sim-high
001aa0a8	616	float	near	lift	72.71	0044e128	_ZN2YS11MESSAGEDRAW11draw_letterEPNS0_3ENVEiii	YS::MESSAGEDRAW::draw_letter(YS::MESSAGEDRAW::ENV*, int, int, int)		med
002a2818	616	branchy	near	m2c	82.03	003613f8	_ZN2Tz10JmTreasure13CtrlPieceInfoEv	Tz::JmTreasure::CtrlPieceInfo()		sim-high
002b2a18	616	loop	near	lift	62.45	0034f5ec	_ZN2Tz8JmPuzzle12CreateCursorEv	Tz::JmPuzzle::CreateCursor()		med
00136d40	612	branchy	near	lift	88.52	000443a4	_ZN2dk3BGM8areaReadEP4TASK	dk::BGM::areaRead(TASK*)		med
0017f938	612	float	near	lift	81.10	00459c20	_ZN2YS6MOTION4execEv	YS::MOTION::exec()		med
00243298	612	loop	near	ghidra	64.01	003c155c	_ZN2Tz4HEFT4InitEv	Tz::HEFT::Init()		high
00118da0	608	float	near	m2c	40.69	00108968	_ZN2kn6Stitch10set_targetEv	kn::Stitch::set_target()		high
00148ef0	608	float	near	lift	68.90	000b45e0	_ZN2dk11OctDrawFile15drawShadowModelEPPNS_11ObjDrawListEi	dk::OctDrawFile::drawShadowModel(dk::ObjDrawList**, int)		sim-low
002a23a0	608	branchy	near	m2c	81.80	00360bd8	_ZN2Tz10JmTreasure7ControlEv	Tz::JmTreasure::Control()		sim-high
002bf650	600	float	near	m2c	59.37	003de160	_ZN8worldmap6Symbol8setStateEPKN2YS10WORLDSTATEE	worldmap::Symbol::setState(YS::WORLDSTATE const*)		sim-high
002618d8	596	switch	near	lift	87.84	003abc58	_ZN2Tz6CmItem19CtrlItemDumpConfirmEv	Tz::CmItem::CtrlItemDumpConfirm()		high
00271900	596	loop	near	ghidra	84.88	00399d98	_ZN2Tz8CmCustom13CreateTopListEv	Tz::CmCustom::CreateTopList()		high
00180f28	592	loop	near	m2c	63.00	0048ffa4	_ZN2YS8PROGRESS4ReadEv	YS::PROGRESS::Read()		high
001b9420	592	float	near	lift	97.21	0046cdf8	_ZN2YS3OBJ8sys_execEv	YS::OBJ::sys_exec()		med
00237ae8	592	float	near	lift	75.28	000c6ea0	_ZN2YI6SPRITE7ControlEv	YI::SPRITE::Control()		med
002444b8	592	branchy	near	lift	93.26	003bf90c	_ZN2Tz4HEFT4DrawEv	Tz::HEFT::Draw()		high
002a7f58	592	loop	near	ghidra	77.68	0034213c	_ZN2Tz10JmMiniGame10CreateListEv	Tz::JmMiniGame::CreateList()		high
00150328	588	loop	near	lift	84.80	000b85f8	_ZN2dk7COUNTER6updateEv	dk::COUNTER::update()		high
002b12a0	588	straight	near	lift	81.43	00351004	_ZN2Tz8JmPuzzle12SetupItemGetEv	Tz::JmPuzzle::SetupItemGet()		med
0019d790	584	branchy	near	m2c	72.95	00492864	_ZN2YS5RECOM4execEv	YS::RECOM::exec()		sim-high
001b4a00	584	float	near	lift	92.65	0043f884	_ZN2YS5LIMIT5setupEf	YS::LIMIT::setup(float)		high
00259108	584	loop	near	lift	85.30	002ec7d4	_ZN2Tz6CmComm21CreateConfirmSelectorEPNS_6SelectEiiiPNS_6LayoutEiPKs	Tz::CmComm::CreateConfirmSelector(Tz::Select*, int, int, int, Tz::Layout*, int, short const*)		high
00281fe0	584	loop	near	ghidra	72.25	00321b48	_ZN2Tz8ItemInfo15GetItemTypeMaskEii	Tz::ItemInfo::GetItemTypeMask(int, int)		sim-high
00297630	580	branchy	near	m2c	90.32	0035ae90	_ZN2Tz7JmStory7ControlEv	Tz::JmStory::Control()		med
0029cb28	580	loop	near	m2c	78.25	0033cd24	_ZN2Tz5JmDic8MovePageEi	Tz::JmDic::MovePage(int)		med
002a18d0	580	loop	near	ghidra	17.25	00336b34	_ZN2Tz9JmDiagram11GetCharaIdxEii	Tz::JmDiagram::GetCharaIdx(int, int)		high
00141c38	576	loop	near	ghidra	71.88	0009096c	_ZN2dk11OctCollFile13selectPolygonEiRNS_7SAabboxERti	dk::OctCollFile::selectPolygon(int, dk::SAabbox&, unsigned short&, int)		sim-high
001bc9e8	576	branchy	near	lift	50.81	0041cbe0	_ZN2YS12COMMAND_MENU4execEv	YS::COMMAND_MENU::exec()		med
00232a48	576	loop	near	m2c	76.02	002d62a8	_ZN2sa5EVENT12read_se_dataERNS_11BIN_SE_DATAEP4TASK	sa::EVENT::read_se_data(sa::BIN_SE_DATA&, TASK*)		high
0024db28	576	branchy	near	lift	93.07	003d1068	_ZN2Tz4TTPT4DrawEv	Tz::TTPT::Draw()		high
002b0fc8	576	branchy	near	ghidra	38.99	00351874	_ZN2Tz8JmPuzzle8PieceSelEj	Tz::JmPuzzle::PieceSel(unsigned int)		med
00279620	572	loop	near	lift	65.79	0038ed88	_ZN2Tz9CmAbility20GetWeaponAbilityInfoEv	Tz::CmAbility::GetWeaponAbilityInfo()		med
00279ec8	572	loop	near	m2c	77.52	0038f9dc	_ZN2Tz9CmAbility13UpdateTopListEv	Tz::CmAbility::UpdateTopList()		med
0010e130	568	float	near	m2c	75.68	000e1c50	_ZN2kn6Friend12updateTargetEb	kn::Friend::updateTarget(bool)		high
0019f070	568	branchy	near	ghidra	57.63	0043ac18	_ZN2YS6JUMPER4execEj	YS::JUMPER::exec(unsigned int)		med
0024a710	568	branchy	near	lift	92.97	003cc5ac	_ZN2Tz4TRTE4DrawEv	Tz::TRTE::Draw()		high
0027eb10	568	float	near	m2c	74.43	00383be0	_ZN2Tz10SimpleStat9UpdateNumEv	Tz::SimpleStat::UpdateNum()		high
0013b5d0	564	float	near	m2c	54.67	0004b890	_ZN2dk12COMMAND_DRAW4openEiiPN2YS12COMMAND_SLOTEbiiPKNS1_7MESSAGEEiif	dk::COMMAND_DRAW::open(int, int, YS::COMMAND_SLOT*, bool, int, int, YS::MESSAGE const*, int, int, float)		med
0029fcb0	564	loop	near	lift	72.39	0032a4dc	_ZN2Tz7JmAnsem13UpdateTopListEv	Tz::JmAnsem::UpdateTopList()		med
00259c60	560	switch	near	lift	88.83	00307c40	_ZN2Tz6CmSave7ControlEv	Tz::CmSave::Control()		med
00277708	560	loop	near	lift	95.12	0038b38c	_ZN2Tz9CmAbility17SetupFormSelectorEi	Tz::CmAbility::SetupFormSelector(int)		med
00251780	556	branchy	near	m2c	90.35	003ba79c	_ZN2Tz4CANA10ControlSelEv	Tz::CANA::ControlSel()		med
001a2b50	552	branchy	near	e3	45.35	004361c8	_ZN2YS4ITEM6UseSubEPKNS_10ITEM_TABLEEiii	YS::ITEM::UseSub(YS::ITEM_TABLE const*, int, int, int)		med
00227e30	552	switch	near	ghidra	96.21	002bb804	_ZN2sa5EVENT10event_fileEP4TASK	sa::EVENT::event_file(TASK*)		med
00248d28	552	branchy	near	lift	92.77	003c9e14	_ZN2Tz4MUMI4DrawEv	Tz::MUMI::Draw()		high
00250328	552	branchy	near	lift	92.77	003c7b94	_ZN2Tz4LMMU4DrawEv	Tz::LMMU::Draw()		high
0026ee78	552	loop	near	lift	70.07	0039bd9c	_ZN2Tz8CmCustom8SetupTopEv	Tz::CmCustom::SetupTop()		high
002bd310	552	loop	near	lift	88.12	001363e4	_ZN5SOUND13readBgmThreadEP4TASK	SOUND::readBgmThread(TASK*)		sim-high
0013c190	548	float	near	lift	83.39	0004c6b0	_ZN2dk12COMMAND_DRAW11drawCurrentEPN2YS12COMMAND_MENUEiibiiiPNS1_12COMMAND_SLOTE	dk::COMMAND_DRAW::drawCurrent(YS::COMMAND_MENU*, int, int, bool, int, int, int, YS::COMMAND_SLOT*)		med
001b47d8	548	float	near	m2c	93.62	004402b0	_ZN2YS5LIMITC1EPKNS_11LIMIT_TABLEEPNS_6PLAYEREf	YS::LIMIT::LIMIT(YS::LIMIT_TABLE const*, YS::PLAYER*, float)		sim-high
001e8330	548	loop	near	ghidra	71.53	005a732c	_Z14pppRunPartDrawP9_pppMngSti	pppRunPartDraw(_pppMngSt*, int)		sim-med
00224fa0	548	switch	near	lift	56.03	002d9680	_ZN2sa5EVENT22set_bin_musical_targetERNS_18BIN_MUSICAL_TARGETEP4TASK	sa::EVENT::set_bin_musical_target(sa::BIN_MUSICAL_TARGET&, TASK*)		med
00296b80	548	loop	near	ghidra	65.80	0035808c	_ZN2Tz8JmReport9CreateGraEb	Tz::JmReport::CreateGra(bool)		high
002ca828	548	loop	near	lift	77.76	003dfc74	_ZN2dk11WM_GLANDING21createSelectDepartureEv	dk::WM_GLANDING::createSelectDeparture()		med
002dc4e0	548	float	near	lift	92.81	0063e9c0	_ZN2Ti6MGJumpC1Eii	Ti::MGJump::MGJump(int, int)		sim-high
0023aab8	544	float	near	ghidra	62.86	000c387c	_ZN2YI8SEQUENCE4CalcEv	YI::SEQUENCE::Calc()		med
002657a8	544	switch	near	ghidra	64.85	003b4134	_ZN2Tz6CmStat13UpdateTopListEv	Tz::CmStat::UpdateTopList()		med
00156e48	540	branchy	near	m2c	84.87	000a3244	_ZN2dk12GAUGE_PLAYER6reloadEv	dk::GAUGE_PLAYER::reload()		med
0016fda8	540	loop	near	lift	61.64	00415f74	_ZN2YS10CACHE_BUFF6HEADER8transferEv	YS::CACHE_BUFF::HEADER::transfer()		med
0010df18	536	branchy	near	lift	72.82	000e1870	_ZN2kn6Friend11searchEnemyEv	kn::Friend::searchEnemy()		med
001217a0	536	loop	near	lift	79.56	00120c54	_ZN2kn8ModelSKL10setTextureEPNS_16Vif1PacketBufferEiPNS_13AnimationWorkEPNS_7TextureE	kn::ModelSKL::setTexture(kn::Vif1PacketBuffer*, int, kn::AnimationWork*, kn::Texture*)		sim-high
0018c650	536	float	near	m2c	43.01	004eef38	_ZN2YS3NPC10RTN_ACTION3lotERN2kn7FVectorEiPKNS_19UNIT_DATA_RTN_PARAMEPKNS_4ZONEEff	YS::NPC::RTN_ACTION::lot(kn::FVector&, int, YS::UNIT_DATA_RTN_PARAM const*, YS::ZONE const*, float, float)		sim-high
001af420	536	float	near	ghidra	75.02	00433168	_ZN2YS8GAMEOVER4execEv	YS::GAMEOVER::exec()		med
0022c1f8	536	loop	near	lift	83.69	002c51a8	_ZN2sa12ROUND_NUMBER6createEiPNS_9COUNTDOWNE	sa::ROUND_NUMBER::create(int, sa::COUNTDOWN*)		med
00230b50	536	float	near	lift	85.87	002cf9d8	_ZN2sa5EVENT20set_bin_seq_pos_moveERNS_16BIN_SEQ_POS_MOVEEP4TASK	sa::EVENT::set_bin_seq_pos_move(sa::BIN_SEQ_POS_MOVE&, TASK*)		med
002a2600	532	loop	near	lift	98.05	00361010	_ZN2Tz10JmTreasure14SetupPieceInfoEv	Tz::JmTreasure::SetupPieceInfo()		high
002bad20	532	loop	near	ghidra	16.40	0013ccbc	_ZN8TRANSFER8sendTaskEP4TASK	TRANSFER::sendTask(TASK*)		high
001fc320	528	float	near	m2c	67.46	005ab4c0	pppKeHitChkPxB	pppKeHitChkPxB		sim-med
0022bef8	528	switch	near	lift	88.37	002c56b4	_ZN2sa5EVENT17set_bin_countdownERNS_13BIN_COUNTDOWNEP4TASK	sa::EVENT::set_bin_countdown(sa::BIN_COUNTDOWN&, TASK*)		high
0025dbd8	528	switch	near	m2c	94.84	002fbbf0	_ZN2Tz6CmLoad8CtrlSlotEv	Tz::CmLoad::CtrlSlot()		med
00262820	528	loop	near	lift	84.57	003a65d0	_ZN2Tz6CmItem14UpdateListMessEv	Tz::CmItem::UpdateListMess()		med
0029cdf8	528	loop	near	lift	74.32	00339dc4	_ZN2Tz5JmDic14UpdateWorldSelEv	Tz::JmDic::UpdateWorldSel()		med
002a2de8	528	loop	near	e3	51.48	0035df58	_ZN2Tz10JmTreasure12GetPieceListEv	Tz::JmTreasure::GetPieceList()		med
002d7698	528	float	near	ghidra	60.10	00637ef8	_ZN2Ti12MGHachimitsu11run_commandEv	Ti::MGHachimitsu::run_command()		med
00132850	524	float	near	ghidra	21.24	0010e300	_ZN2kn10TEXAnmWork4playEf	kn::TEXAnmWork::play(float)		sim-med
0013cbb8	524	float	near	ghidra	48.07	0004d538	_ZN2dk12COMMAND_DRAW8shortCutEPN2YS12COMMAND_MENUEb	dk::COMMAND_DRAW::shortCut(YS::COMMAND_MENU*, bool)		sim-high
0023d5b8	524	loop	near	ghidra	91.44	00374178	_ZN2Tz7MenuObj4InitEv	Tz::MenuObj::Init()		sim-high
0026df30	524	loop	near	lift	90.88	0030a87c	_ZN2Tz8Selector13SetupSelectorEv	Tz::Selector::SetupSelector()		high
00290d68	524	loop	near	ghidra	85.66	00323df8	_ZN2Tz8ItemStat9CreateSeqEPN2dk6SpriteE	Tz::ItemStat::CreateSeq(dk::Sprite*)		high
0029a3e0	524	loop	near	ghidra	73.46	00330410	_ZN2Tz12JmCollection9CreateGraEb	Tz::JmCollection::CreateGra(bool)		high
002bb9b8	524	branchy	near	lift	57.89	00138660	_ZN4SE3D6calcSeEv	SE3D::calcSe()		sim-high
00128b38	520	float	near	lift	80.39	000fa8ec	_ZN2kn16MotionPrototype014setFcurveValueEPNS_8ModelObjEf	kn::MotionPrototype0::setFcurveValue(kn::ModelObj*, float)		sim-high
0016eb48	520	loop	near	m2c	88.22	0046ac3c	_ZN2YS8OBJENTRY14ReadRequestSubEjiii	YS::OBJENTRY::ReadRequestSub(unsigned int, int, int, int)		high
001e3690	520	loop	near	lift	66.70	002abfec	_Z11pppGetPdataP9_pppMngSt	pppGetPdata(_pppMngSt*)		sim-med
00107888	516	float	near	lift	49.01	000da42c	_ZN2kn11camera_taskEP4TASK	kn::camera_task(TASK*)		high
0026e3b0	516	loop	near	lift	82.48	0030a468	_ZN2Tz8Selector12AdjustSeqPosEv	Tz::Selector::AdjustSeqPos()		high
0026e638	516	switch	near	lift	87.45	00309ee8	_ZN2Tz8Selector12CtrlSelectorEP4TASK	Tz::Selector::CtrlSelector(TASK*)		med
0029fee8	516	loop	near	ghidra	50.45	0032ab1c	_ZN2Tz7JmAnsem8MovePageEi	Tz::JmAnsem::MovePage(int)		med
002a6088	516	loop	near	ghidra	49.24	0032d7f8	_ZN2Tz8JmBattle8MovePageEi	Tz::JmBattle::MovePage(int)		med
001037f8	512	branchy	near	ghidra	86.48	0003bca8	_ZN4MENU13pauseExecTaskEP4TASK	MENU::pauseExecTask(TASK*)		high
00108730	512	float	near	ghidra	1.24	00116770	_ZN2kn9DrawParam9setPacketEPNS_16Vif1PacketBufferE	kn::DrawParam::setPacket(kn::Vif1PacketBuffer*)		sim-med
00148690	512	float	near	m2c	69.87	000acce0	_ZN2dk11OctDrawFile12calcPartsLODEPNS_11ObjDrawListEf	dk::OctDrawFile::calcPartsLOD(dk::ObjDrawList*, float)		sim-high
00175f68	512	branchy	near	m2c	76.12	00478e14	_ZN2YS5PARTY12ChangeWeaponEP4TASKiii	YS::PARTY::ChangeWeapon(TASK*, int, int, int)		med
0023c100	512	float	near	ghidra	78.94	000c100c	_ZN2YI6LAYOUT4InitEPvPNS_12IMAGE_FREEZEEP9ALLOCATOR	YI::LAYOUT::Init(void*, YI::IMAGE_FREEZE*, ALLOCATOR*)		high
002b9c80	512	loop	near	lift	98.03	0013ad48	_ZN5SOUND12initCommonSeEv	SOUND::initCommonSe()		high
001c0690	508	loop	near	ghidra	77.64	004dd010	_ZNK2YS10BONUSLEVEL2upEPNS_5SHEETE	YS::BONUSLEVEL::up(YS::SHEET*) const		med
0028c878	508	loop	near	lift	72.46	003706cc	_ZN2Tz10MenuCursor4InitEP9ALLOCATORi	Tz::MenuCursor::Init(ALLOCATOR*, int)		high
002c14e8	508	loop	near	lift	95.97	003d5a6c	_ZN2dk13WM_TOTAL_INFO6updateEv	dk::WM_TOTAL_INFO::update()		med
00324510	508	loop	near	m2c	70.98	002e42e0	_ZN2sa14MUSICAL_SCORE54initEv	sa::MUSICAL_SCORE5::init()		sim-high
0016e920	504	branchy	near	m2c	76.63	0046a4dc	_ZN2YS8OBJENTRY3GetEj	YS::OBJENTRY::Get(unsigned int)		high
0026d968	504	loop	near	lift	81.63	003091a8	_ZN2Tz8Selector4InitEv	Tz::Selector::Init()		high
002d36f0	504	float	near	m2c	54.84	00646e30	_ZN2Ti15MGOarashiGimObj17appear_fall_prizeEv	Ti::MGOarashiGimObj::appear_fall_prize()		sim-high
0019dd10	500	branchy	near	lift	97.87	00492454	_ZN2YS11RC_SEARCHER4execEv	YS::RC_SEARCHER::exec()		sim-high
001a9560	500	loop	near	lift	60.22	00467790	_ZN2YS7OBJDATA18start_model_effectEPvRN3ryj3PAXEPPNS2_6EFFECTE	YS::OBJDATA::start_model_effect(void*, ryj::PAX&, ryj::EFFECT**)		high
001b5cf8	500	float	near	lift	81.03	00418510	_ZN2YS8CHANGEIN4execEP4TASK	YS::CHANGEIN::exec(TASK*)		med
0022a3d0	500	float	near	lift	64.57	002df820	_ZN2sa13MUSICAL_INPUT16createCircleSizeEifRiS1_S1_S1_S1_S1_S1_S1_Rf	sa::MUSICAL_INPUT::createCircleSize(int, float, int&, int&, int&, int&, int&, int&, int&, int&, float&)		sim-high
0023cfb8	500	float	near	m2c	35.63	000cadc8	_ZN2YI9VIBRATION10ManagementEv	YI::VIBRATION::Management()		sim-low
0028ebf8	500	float	near	m2c	82.23	00377d60	_ZN2Tz8MultiSeq6updateEv	Tz::MultiSeq::update()		med
00148c50	496	loop	near	lift	60.36	000b40c4	_ZN2dk11OctDrawFile17selectShadowGroupEiRNS_6AabboxERiiPPNS_11ObjDrawListE	dk::OctDrawFile::selectShadowGroup(int, dk::Aabbox&, int&, int, dk::ObjDrawList**)		sim-low
001fbd78	496	float	near	lift	75.24	005aae48	pppKeHmgEff	pppKeHmgEff		sim-low
00240c08	496	branchy	near	m2c	77.70	0036a318	_ZN2Tz5MCard11SetFileInfoEiPvi	Tz::MCard::SetFileInfo(int, void*, int)		med
0024bfb8	496	switch	near	lift	97.69	003bd79c	_ZN2Tz4HBTE7CtrlSelEv	Tz::HBTE::CtrlSel()		sim-high
00279cd8	496	loop	near	lift	88.75	0038f6c8	_ZN2Tz9CmAbility13CreateTopListEv	Tz::CmAbility::CreateTopList()		high
002854d8	496	loop	near	lift	64.02	002ef270	_ZN2Tz6Ending9CreateWinEib	Tz::Ending::CreateWin(int, bool)		med
00287028	496	loop	near	ghidra	82.40	003b08e4	_ZN2Tz8CmNewFlg19isAbilityHistMemberEii	Tz::CmNewFlg::isAbilityHistMember(int, int)		sim-high
002922e0	496	loop	near	m2c	88.47	00325238	_ZN2Tz8ItemStat8CalcElemERiiiiPKN2YS5SHEETE	Tz::ItemStat::CalcElem(int&, int, int, int, YS::SHEET const*)		sim-low
002c4ca8	496	loop	near	ghidra	78.06	003e2ff0	_ZN2dk10WM_LANDING21createSelectDepartureEv	dk::WM_LANDING::createSelectDeparture()		med
002dcc90	496	float	near	lift	89.54	0063f400	_ZN2Ti6MGJump8pre_execEv	Ti::MGJump::pre_exec()		med
002a21b0	492	loop	near	lift	97.89	0036081c	_ZN2Tz10JmTreasure5SetupEv	Tz::JmTreasure::Setup()		high
00127a88	488	float	near	ghidra	41.67	000f892c	_ZN2kn6Motion22duplicateMotionContextEPNS_8ModelObjEP9ALLOCATOR	kn::Motion::duplicateMotionContext(kn::ModelObj*, ALLOCATOR*)		sim-low
001bfda0	488	float	near	e3	38.30	00474d20	_ZN2YS11PARTS_COLOR15make_draw_colorERKNS_5COLORE	YS::PARTS_COLOR::make_draw_color(YS::COLOR const&)		sim-med
00229b28	488	float	near	ghidra	0.00	002dc1f8	_ZN2sa13MUSICAL_COMBO12createCircleEfiii	sa::MUSICAL_COMBO::createCircle(float, int, int, int)		sim-high
0022a5c8	488	float	near	ghidra	0.00	002dfa40	_ZN2sa13MUSICAL_INPUT12createCircleEfiii	sa::MUSICAL_INPUT::createCircle(float, int, int, int)		sim-high
0026a3b8	488	branchy	near	m2c	80.10	003a5270	_ZN2Tz7CmEquip18UpdateTopSelActiveEib	Tz::CmEquip::UpdateTopSelActive(int, bool)		sim-high
00280a50	488	loop	near	lift	84.17	0031e5d4	_ZN2Tz12GumiGameOver5SetupEv	Tz::GumiGameOver::Setup()		med
00294998	488	loop	near	m2c	79.70	00361f08	_ZN2Tz10JmWorldSel17AdjustSelectorPosEv	Tz::JmWorldSel::AdjustSelectorPos()		med
002b1bd0	488	loop	near	ghidra	70.67	0034f95c	_ZN2Tz8JmPuzzle11UpdatePieceEb	Tz::JmPuzzle::UpdatePiece(bool)		high
00146498	484	loop	near	m2c	77.12	000b1bf0	_ZN2dk11OctDrawFile8drawTreeEiRi	dk::OctDrawFile::drawTree(int, int&)		sim-med
00179fd0	484	float	near	m2c	92.33	0047f588	_ZN2YS6PLAYER6AppearEPKNS_8OBJENTRYEiRKN2kn7FVectorEf	YS::PLAYER::Appear(YS::OBJENTRY const*, int, kn::FVector const&, float)		high
0018d238	484	branchy	near	lift	74.69	00407fcc	_ZN2YS6ATTACKC1EPNS_6BTLOBJEPNS_6STDOBJEiiii	YS::ATTACK::ATTACK(YS::BTLOBJ*, YS::STDOBJ*, int, int, int, int)		sim-high
001bae38	484	branchy	near	lift	81.66	004516f0	_ZN2YS7MISSION8activateEv	YS::MISSION::activate()		med
0022f018	484	loop	near	m2c	47.35	002d23f4	_ZN2sa5EVENT14set_attach_seqERNS_14BIN_ATTACH_SEQEP4TASK	sa::EVENT::set_attach_seq(sa::BIN_ATTACH_SEQ&, TASK*)		med
0011e600	480	loop	near	m2c	97.24	000efe54	_ZN2kn8ModelObj20synchronizeAnimationEPvS1_	kn::ModelObj::synchronizeAnimation(void*, void*)		sim-high
001c20e8	480	loop	near	m2c	56.31	0047a65c	_ZN2YS7PATTERN7ConvertEjPNS_6DAMAGEEPNS_6BTLOBJE	YS::PATTERN::Convert(unsigned int, YS::DAMAGE*, YS::BTLOBJ*)		sim-high
001f6c58	480	float	near	lift	88.22	005a90e0	KeBornPtCmlp	KeBornPtCmlp		sim-high
0023d820	480	loop	near	lift	84.44	0037324c	_ZN2Tz7MenuObj10DestroyObjEv	Tz::MenuObj::DestroyObj()		med
0027bd40	480	branchy	near	m2c	82.52	00393bf8	_ZN2Tz9CmAbility18UpdateTopSelActiveEib	Tz::CmAbility::UpdateTopSelActive(int, bool)		sim-high
0014a500	476	float	near	m2c	66.75	0008b548	_ZN2dk4Blur6updateEv	dk::Blur::update()		high
001678f0	476	branchy	near	ghidra	57.08	00473f88	_ZN2YS7HARDPAD4readERKN3Axa7PADDATAE	YS::HARDPAD::read(Axa::PADDATA const&)		sim-med
001e3e48	476	loop	near	ghidra	66.33	002ad698	_Z19dpd_set_object_dataP9_pppMngSt	dpd_set_object_data(_pppMngSt*)		sim-low
002515a0	476	loop	near	lift	86.32	003babc4	_ZN2Tz4CANA8SetupSelEv	Tz::CANA::SetupSel()		sim-high
002653a0	476	loop	near	lift	92.99	003b3cf8	_ZN2Tz6CmStat13CreateTopListEv	Tz::CmStat::CreateTopList()		high
00294f78	476	loop	near	ghidra	64.36	003622e0	_ZN2Tz10JmWorldSel9CreateGraEb	Tz::JmWorldSel::CreateGra(bool)		med
0014b290	472	branchy	near	lift	22.29	000763c8	_ZN2dk8RectBase12createPacketEv	dk::RectBase::createPacket()		sim-high
0016ed50	472	branchy	near	lift	74.39	0046b084	_ZN2YS8OBJENTRY11ReadRequestEjii	YS::OBJENTRY::ReadRequest(unsigned int, int, int)		high
0019f2a8	472	branchy	near	m2c	58.81	0043a97c	_ZNK2YS6JUMPER13get_jump_areaER4AREA	YS::JUMPER::get_jump_area(AREA&) const		med
00226090	472	switch	near	lift	90.70	002d58b0	_ZN2sa5EVENT9read_ctrlEv	sa::EVENT::read_ctrl()		high
0023c728	472	float	near	ghidra	68.99	000c0b70	_ZN2YI6LAYOUT12ChangeNumberEi	YI::LAYOUT::ChangeNumber(int)		med
002851e0	472	branchy	near	lift	96.06	002eed14	_ZN2Tz6Ending4DrawEv	Tz::Ending::Draw()		high
00150be8	468	loop	near	m2c	98.12	000b7224	_ZN2dk5TIMER4initEv	dk::TIMER::init()		sim-high
0017efa0	468	float	near	lift	76.62	0045a1f8	_ZN2YS6MOTION12start_motionEPNS_6BINARCEff	YS::MOTION::start_motion(YS::BINARC*, float, float)		high
00241c40	468	loop	near	m2c	62.92	0036c7c4	_ZN2Tz5MCard11ChkFileSizeEi	Tz::MCard::ChkFileSize(int)		high
0025b5e0	468	branchy	near	lift	79.24	00305558	_ZN2Tz6CmSave15CtrlChkFreeSizeEv	Tz::CmSave::CtrlChkFreeSize()		med
00274fa8	468	branchy	near	lift	79.66	002f5098	_ZN2Tz6Jiminy5SetupEv	Tz::Jiminy::Setup()		high
002eea80	468	float	near	lift	51.60	0060b3f8	_ZN4menu9ObjWidgetC1EP9ALLOCATORj	menu::ObjWidget::ObjWidget(ALLOCATOR*, unsigned int)		sim-high
0013c938	464	loop	near	lift	91.35	0004dda8	_ZN2dk12COMMAND_DRAW6updateEv	dk::COMMAND_DRAW::update()		sim-high
0015c500	464	float	near	ghidra	37.11	00071b68	_ZN2dk10PointLight8getColorEPhRN2kn7FVectorE	dk::PointLight::getColor(unsigned char*, kn::FVector&)		sim-low
00251148	464	loop	near	lift	29.38	003bb7cc	_ZN2Tz4CANA5SetupEv	Tz::CANA::Setup()		high
00266988	464	switch	near	lift	52.30	003b44f0	_ZN2Tz6CmStat9UpdateNewEv	Tz::CmStat::UpdateNew()		high
002add90	464	loop	near	ghidra	45.90	00332dc4	_ZN2Tz10JmComplete14CheckSynthesisEv	Tz::JmComplete::CheckSynthesis()		high
0018ddc0	460	branchy	near	lift	82.76	00407a58	_ZN2YS6ATTACK6hit_bgEtRKN2kn7FVectorERPN2dk6ObjOccE	YS::ATTACK::hit_bg(unsigned short, kn::FVector const&, dk::ObjOcc*&)		med
00199dc0	460	switch	near	m2c	76.19	004affc0	_ZN2YS10UNIT_GROUP11init_appearEv	YS::UNIT_GROUP::init_appear()		med
001aa388	460	float	near	lift	88.40	0044de7c	_ZN2YS11MESSAGEDRAW8set_pageEPKNS_7MESSAGEE	YS::MESSAGEDRAW::set_page(YS::MESSAGE const*)		sim-high
001aaa08	460	branchy	near	m2c	54.76	0042ebb4	_ZN2YS4FONT4InitEv	YS::FONT::Init()		med
001afc00	460	loop	near	lift	86.16	004b9c78	_ZN2YS5VOICE11ReadEntryIdEjPv	YS::VOICE::ReadEntryId(unsigned int, void*)		high
0025caf0	460	branchy	near	lift	98.00	0030328c	_ZN2Tz6CmSave15CtrlWMapConfirmEv	Tz::CmSave::CtrlWMapConfirm()		sim-high
0027dd18	460	loop	near	lift	58.45	00383984	_ZN2Tz10SimpleStat4ExitEv	Tz::SimpleStat::Exit()		sim-low
0027ff00	460	loop	near	m2c	82.46	0031d688	_ZN2Tz9GumiPause13GetAdviceInfoEv	Tz::GumiPause::GetAdviceInfo()		sim-med
001031d0	456	branchy	near	lift	95.92	0003cdd0	_ZN4MENU6EnsureEP4TASK	MENU::Ensure(TASK*)		med
002267a0	456	loop	near	lift	85.86	002bc3d8	_ZN2sa5EVENT7fixFreeEv	sa::EVENT::fixFree()		high
0025b050	456	branchy	near	m2c	96.23	00305790	_ZN2Tz6CmSave12CtrlCheckSysEv	Tz::CmSave::CtrlCheckSys()		med
0027fd38	456	loop	near	m2c	60.75	0031cca0	_ZN2Tz9GumiPause17UpdateSubSelectorEv	Tz::GumiPause::UpdateSubSelector()		med
00283230	456	branchy	near	lift	98.28	00317d40	_ZN2Tz10CmTutorial4CtrlEv	Tz::CmTutorial::Ctrl()		sim-high
00297b30	456	loop	near	ghidra	54.94	0035a680	_ZN2Tz7JmStory13UpdateNewMarkEv	Tz::JmStory::UpdateNewMark()		high
00176458	452	float	near	m2c	44.23	004763b0	_ZN2YS5PARTY17_OVR_exec_reflectEPNS_11ATTACK_WORKES2_	YS::PARTY::_OVR_exec_reflect(YS::ATTACK_WORK*, YS::ATTACK_WORK*)		sim-high
0019e848	452	loop	near	m2c	66.81	004914e8	_ZN2YS11RC_SEARCHER10check_autoEPNS_6PLAYEREPKti	YS::RC_SEARCHER::check_auto(YS::PLAYER*, unsigned short const*, int)		sim-high
001a2e50	452	branchy	near	lift	30.34	00436420	_ZN2YS4ITEM9CanUseSubEPKNS_10ITEM_TABLEEi	YS::ITEM::CanUseSub(YS::ITEM_TABLE const*, int)		high
001bc780	452	branchy	near	lift	85.29	0041c7c8	_ZN2YS12COMMAND_MENU3addEiPKNS_6TARGETEi	YS::COMMAND_MENU::add(int, YS::TARGET const*, int)		high
0022c590	452	float	near	lift	89.29	002cc6c0	_ZN2sa5EVENT26set_bin_seq_mission_effectERNS_22BIN_SEQ_MISSION_EFFECTEP4TASK	sa::EVENT::set_bin_seq_mission_effect(sa::BIN_SEQ_MISSION_EFFECT&, TASK*)		sim-high
00273368	452	branchy	near	lift	84.51	0039e3dc	_ZN2Tz8CmCustom18UpdateTopSelActiveEib	Tz::CmCustom::UpdateTopSelActive(int, bool)		sim-high
0027f9d8	452	branchy	near	m2c	82.06	0031c638	_ZN2Tz9GumiPause10CtrlAdviceEv	Tz::GumiPause::CtrlAdvice()		med
00280720	452	loop	near	lift	96.28	0031e86c	_ZN2Tz12GumiGameOver4InitEv	Tz::GumiGameOver::Init()		high
002d84a8	452	float	near	lift	66.99	006381d0	_ZN2Ti12MGHachimitsu4execEv	Ti::MGHachimitsu::exec()		med
00152f40	448	loop	near	ghidra	87.60	0005d630	_ZN2dk12LEVELUP_INFO4initEv	dk::LEVELUP_INFO::init()		high
00198290	448	branchy	near	lift	88.76	004a1e8c	_ZN2YS6STDOBJC1EPKNS_8OBJENTRYEjRKN2kn7FVectorEf	YS::STDOBJ::STDOBJ(YS::OBJENTRY const*, unsigned int, kn::FVector const&, float)		high
00293948	448	loop	near	m2c	65.18	00389a84	_ZN2Tz9ChgMember15ChkChangeMemberEv	Tz::ChgMember::ChkChangeMember()		med
002a2a80	448	loop	near	m2c	73.39	0035d984	_ZN2Tz10JmTreasure15GetTreasureListEv	Tz::JmTreasure::GetTreasureList()		med
002a99c8	448	branchy	near	m2c	40.68	0035579c	_ZN2Tz7JmQuest12GetQuestStatEPKNS_15JmQuestDataInfoE	Tz::JmQuest::GetQuestStat(Tz::JmQuestDataInfo const*)		high
002deba0	448	float	near	lift	78.14	0062e408	_ZN2Ti14ACTION_PO_JUMP10decide_wayEPN2YS3OBJEff	Ti::ACTION_PO_JUMP::decide_way(YS::OBJ*, float, float)		sim-high
00241160	444	loop	near	lift	76.47	0036af44	_ZN2Tz5MCard12ChkLocalInfoEv	Tz::MCard::ChkLocalInfo()		sim-low
0027f7f0	444	switch	near	m2c	90.67	0031ced4	_ZN2Tz9GumiPause7CtrlTopEv	Tz::GumiPause::CtrlTop()		med
00282940	444	loop	near	m2c	98.02	00322fa4	_ZN2Tz8ItemInfo14MakeCommandMsgEii	Tz::ItemInfo::MakeCommandMsg(int, int)		med
00298c60	444	loop	near	ghidra	49.67	0032726c	_ZN2Tz7JmAlbum8MovePageEi	Tz::JmAlbum::MovePage(int)		sim-high
002c8028	444	loop	near	m2c	87.47	003e87a8	_ZN2dk15WM_LANDING_INFOD1Ev	dk::WM_LANDING_INFO::~WM_LANDING_INFO()		sim-high
002cd018	444	float	near	m2c	52.48	00656948	_ZN2Ti4Path6CreateEPN2YS3OBJEPKNS1_14UNIT_DATA_PATHERKN2kn7FVectorEf	Ti::Path::Create(YS::OBJ*, YS::UNIT_DATA_PATH const*, kn::FVector const&, float)		med
00132ab0	440	loop	near	lift	75.98	0010e69c	_ZNK2kn10TEXAnmWork12isSameTargetEPNS_13AnimationWorkE	kn::TEXAnmWork::isSameTarget(kn::AnimationWork*) const		sim-med
0015af48	440	branchy	near	ghidra	73.40	000464f0	_ZN2dk9BILLBOARD4initEPNS_7MapFileE	dk::BILLBOARD::init(dk::MapFile*)		high
001e5458	440	loop	near	lift	60.92	005ca3c8	pppRyjMegaBirth	pppRyjMegaBirth		sim-low
00244f10	440	loop	near	ghidra	70.14	003c5b78	_ZN2Tz4HECO4InitEv	Tz::HECO::Init()		sim-high
00245eb8	440	switch	near	m2c	90.13	003c3c1c	_ZN2Tz4HECO7CtrlTopEv	Tz::HECO::CtrlTop()		med
0024a948	440	branchy	near	m2c	79.93	003cc244	_ZN2Tz4TRTE12DrawSelectorEPNS_6SelectEii	Tz::TRTE::DrawSelector(Tz::Select*, int, int)		med
0025bbe0	440	branchy	near	m2c	98.20	003049c0	_ZN2Tz6CmSave15CtrlChkDataSizeEv	Tz::CmSave::CtrlChkDataSize()		med
00261b30	440	loop	near	lift	92.42	003a84d4	_ZN2Tz6CmItem15CreateEquipListEv	Tz::CmItem::CreateEquipList()		med
00297478	440	loop	near	m2c	71.09	0035a0ec	_ZN2Tz7JmStory12GetStoryInfoEv	Tz::JmStory::GetStoryInfo()		med
001572e8	436	branchy	near	lift	98.91	000a1ea0	_ZN2dk12GAUGE_PLAYER13setSummonFaceEii	dk::GAUGE_PLAYER::setSummonFace(int, int)		med
001acbc0	436	switch	near	lift	76.50	004bceec	_ZN2YS11WINDOW_BASE6updateEv	YS::WINDOW_BASE::update()		high
001b6298	436	branchy	near	m2c	54.72	004def08	_ZN2YS10CHANGEFORMC1EPNS_4SORAEij	YS::CHANGEFORM::CHANGEFORM(YS::SORA*, int, unsigned int)		med
001d03a0	436	float	near	lift	91.33	0044f768	_ZN2YS6MICKEY13_OVR_pre_execEv	YS::MICKEY::_OVR_pre_exec()		med
001e4028	436	loop	near	ghidra	65.71	002ae554	_Z17dpd_set_shape_texPiPhss	dpd_set_shape_tex(int*, unsigned char*, short, short)		sim-low
0028f4d8	436	branchy	near	lift	88.71	0037e8f8	_ZN2Tz7SelHist6CreateEiib	Tz::SelHist::Create(int, int, bool)		med
002d7128	436	float	near	lift	89.92	00636fa0	_ZN2Ti12MGHachimitsuC1Eiii	Ti::MGHachimitsu::MGHachimitsu(int, int, int)		sim-high
0015c6d0	432	float	near	ghidra	22.78	000751c0	_ZNK2dk3Ray16intersectPolygonERNS_7PolygonERKNS_5PlaneERN2kn7FVectorE	dk::Ray::intersectPolygon(dk::Polygon&, dk::Plane const&, kn::FVector&) const		sim-med
0017dcc0	432	float	near	m2c	66.42	00430840	_ZN2YS6FRIEND9exec_stunEv	YS::FRIEND::exec_stun()		high
001ddef0	432	float	near	m2c	90.01	002b5470	_ZN3ryj3PAX6createEPNS0_4ELEMEiiiPv	ryj::PAX::create(ryj::PAX::ELEM*, int, int, int, void*)		med
001e1350	432	float	near	lift	37.06	0061826c	_ZN3ryj5LASER13check_obj_hitEPN2YS6BTLOBJE	ryj::LASER::check_obj_hit(YS::BTLOBJ*)		sim-high
00247870	432	branchy	near	lift	70.36	003c35dc	_ZN2Tz4HECO9MoveMakerEb	Tz::HECO::MoveMaker(bool)		high
00253180	432	branchy	near	m2c	83.85	002ead84	_ZN2Tz8CampMenu5StartEii	Tz::CampMenu::Start(int, int)		high
00274b40	432	loop	near	ghidra	90.39	002f56dc	_ZN2Tz6Jiminy11PauseThreadEP4TASK	Tz::Jiminy::PauseThread(TASK*)		med
002833f8	432	branchy	near	lift	95.56	00316860	_ZN2Tz10CmTutorial10CreateListEv	Tz::CmTutorial::CreateList()		sim-high
0011e450	428	loop	near	ghidra	90.61	000f00dc	_ZN2kn8ModelObj12addAnimationEPv	kn::ModelObj::addAnimation(void*)		med
00145830	428	float	near	lift	93.87	000b0d18	_ZN2dk11OctDrawFileC1EPvby	dk::OctDrawFile::OctDrawFile(void*, bool, unsigned long long)		sim-high
0015c2a0	428	float	near	ghidra	18.92	00069798	_ZN2dk8ObjEntry6createEiy	dk::ObjEntry::create(int, unsigned long long)		sim-med
001b5250	428	float	near	m2c	52.33	0043fff0	_ZN2YS5LIMIT4execEb	YS::LIMIT::exec(bool)		med
001e3c98	428	loop	near	ghidra	63.82	002add24	_Z11pppInitVramv	pppInitVram()		sim-low
002294c8	428	loop	near	lift	93.26	002e2444	_ZN2sa13MUSICAL_SCORE6createEiPiS1_i	sa::MUSICAL_SCORE::create(int, int*, int*, int)		med
0026c818	428	branchy	near	m2c	90.70	002ff420	_ZN2Tz7CmParty10Ctrl2ndSelEv	Tz::CmParty::Ctrl2ndSel()		high
0027bf68	428	loop	near	m2c	74.97	00390de8	_ZN2Tz9CmAbility8ChgEquipEv	Tz::CmAbility::ChgEquip()		sim-high
0027cb48	428	switch	near	lift	74.86	00394824	_ZN2Tz8CmConfig9SetConfigEv	Tz::CmConfig::SetConfig()		sim-high
0027e770	428	loop	near	lift	93.83	00384bb0	_ZN2Tz10SimpleStat5LeaveEv	Tz::SimpleStat::Leave()		sim-med
002b1850	428	loop	near	m2c	71.57	0034dcd8	_ZN2Tz8JmPuzzle13UpdateSelListEv	Tz::JmPuzzle::UpdateSelList()		med
002dcf90	428	float	near	lift	52.42	0063f920	_ZN2Ti6MGJump13update_cameraEv	Ti::MGJump::update_camera()		med
0011b0a8	424	float	near	lift	89.85	00133108	_ZN2kn13ChickenLittle11start_limitEv	kn::ChickenLittle::start_limit()		high
001379e0	424	float	near	lift	91.07	0007f9c8	_ZN2dk19TREASURE_EVENT_INFO6updateEv	dk::TREASURE_EVENT_INFO::update()		high
0013ff08	424	float	near	m2c	70.26	000669d8	_ZN2dk9ObjCamera17objective_controlEPN2YS3PADEf	dk::ObjCamera::objective_control(YS::PAD*, float)		med
001aedf8	424	branchy	near	m2c	76.68	00432b4c	_ZN2YS8GAMEOVERC1EPNS_3OBJEi	YS::GAMEOVER::GAMEOVER(YS::OBJ*, int)		sim-high
00299090	424	branchy	near	m2c	78.45	00327ba0	_ZN2Tz7JmAlbum9UpdateGraEv	Tz::JmAlbum::UpdateGra()		med
002a2c40	424	loop	near	m2c	73.04	0035dd30	_ZN2Tz10JmTreasure11GetNaviListEv	Tz::JmTreasure::GetNaviList()		med
00157ae0	420	float	near	lift	99.76	000a23a0	_ZN2dk12GAUGE_PLAYER8updateMPEv	dk::GAUGE_PLAYER::updateMP()		med
001bcf80	420	float	near	lift	91.39	00480234	_ZN2YS14PLAYER_COMMANDC1Ev	YS::PLAYER_COMMAND::PLAYER_COMMAND()		sim-high
00232f08	420	float	near	lift	62.69	002ce108	_ZN2sa5EVENT11motion_ctrlEv	sa::EVENT::motion_ctrl()		med
002571e0	420	loop	near	lift	99.86	00315560	_ZN2Tz5CmTop19SetupWarningConfirmEi	Tz::CmTop::SetupWarningConfirm(int)		med
00257e00	420	loop	near	ghidra	73.23	00312518	_ZN2Tz5CmTop18GetEnbableSelectorEv	Tz::CmTop::GetEnbableSelector()		med
0026e940	420	branchy	near	lift	87.46	00309ab4	_ZN2Tz8Selector4DrawEv	Tz::Selector::Draw()		high
001cd7a8	416	loop	near	m2c	49.06	004f1270	_ZN2YS14PRIORITYTARGET3setEiPNS_3OBJE	YS::PRIORITYTARGET::set(int, YS::OBJ*)		sim-med
002291d0	416	loop	near	ghidra	77.15	002e2eb8	_ZN2sa14MUSICAL_SCORE16updateEv	sa::MUSICAL_SCORE1::update()		high
0023fe60	416	branchy	near	m2c	68.08	00368af4	_ZN2Tz5MCard12CreateBufferEv	Tz::MCard::CreateBuffer()		med
0027c9a8	416	switch	near	lift	94.81	00394568	_ZN2Tz8CmConfig9GetConfigEv	Tz::CmConfig::GetConfig()		med
00286d28	416	loop	near	ghidra	75.74	003b0348	_ZN2Tz8CmNewFlg18isAbilityNewMemberEii	Tz::CmNewFlg::isAbilityNewMember(int, int)		sim-high
00164578	412	float	near	lift	32.50	00094af4	_ZN2dk11OctCollFile15collisionSphereEPNS_14CollisionParamERNS_6SphereEftRiRKN2kn7FVectorE	dk::OctCollFile::collisionSphere(dk::CollisionParam*, dk::Sphere&, float, unsigned short, int&, kn::FVector const&)		sim-sandwich
001d3148	412	float	near	lift	67.12	00429bbc	_ZN2YS12EVENT_CAMERA11make_matrixEv	YS::EVENT_CAMERA::make_matrix()		sim-high
001d4940	412	switch	near	lift	79.58	0049fd7c	_ZN2YS15SPECIAL_COMMAND6_checkEPNS_3OBJEPNS_12COMMAND_MENUE	YS::SPECIAL_COMMAND::_check(YS::OBJ*, YS::COMMAND_MENU*)		high
002a9100	412	loop	near	lift	66.47	00355a44	_ZN2Tz7JmQuest12ChkQuestInfoEv	Tz::JmQuest::ChkQuestInfo()		high
002c9998	412	loop	near	m2c	82.21	003e2390	_ZN2dk16WM_GLANDING_INFOD1Ev	dk::WM_GLANDING_INFO::~WM_GLANDING_INFO()		sim-high
002d0718	412	float	near	lift	59.86	0064ed18	_ZN2Ti5MGObj25get_bbox_for_appear_checkEPKN2YS13UNIT_DATA_OBJE	Ti::MGObj::get_bbox_for_appear_check(YS::UNIT_DATA_OBJ const*)		med
0018dc28	408	float	near	lift	67.78	00407d88	_ZN2YS6ATTACK12check_bg_hitERKN2kn7FVectorES4_	YS::ATTACK::check_bg_hit(kn::FVector const&, kn::FVector const&)		med
0023ca80	408	float	near	lift	49.14	000c1950	_ZN2YI6LAYOUT7ControlEv	YI::LAYOUT::Control()		sim-high
0029eaa8	408	switch	near	ghidra	87.84	0033a63c	_ZN2Tz5JmDic13UpdateNewMarkEv	Tz::JmDic::UpdateNewMark()		high
002a92d8	408	loop	near	ghidra	79.64	00355d34	_ZN2Tz7JmQuest10CreateListEv	Tz::JmQuest::CreateList()		high
002b57e0	408	loop	near	lift	78.49	0030ce2c	_ZN2Tz8CmSLBase12SetupListGraEv	Tz::CmSLBase::SetupListGra()		med
0016fc10	404	loop	near	lift	34.22	00416348	_ZN2YS10CACHE_BUFF6HEADER5flushEv	YS::CACHE_BUFF::HEADER::flush()		sim-high
001975a0	404	branchy	near	m2c	89.45	00427e30	_ZN2YS5EVENT9phase_endEv	YS::EVENT::phase_end()		med
00241a88	404	loop	near	lift	95.51	0036c4d0	_ZN2Tz5MCard11CheckSystemEb	Tz::MCard::CheckSystem(bool)		med
0027aaa0	404	loop	near	m2c	76.53	0038d568	_ZN2Tz9CmAbility21UpdateIndiAbilityListEv	Tz::CmAbility::UpdateIndiAbilityList()		med
002cf998	404	float	near	lift	67.86	0064c9f0	_ZN2Ti5MGObj12exec_prepareEv	Ti::MGObj::exec_prepare()		med
002dd7d0	404	float	near	lift	81.88	00642d48	_ZN2Ti12MGJumpPlayer9_OVR_execEv	Ti::MGJumpPlayer::_OVR_exec()		sim-high
002de500	404	float	near	m2c	66.85	00642070	_ZN2Ti12MGJumpGimObj12appear_prizeERKN2kn7FVectorE	Ti::MGJumpGimObj::appear_prize(kn::FVector const&)		high
00144630	400	float	near	lift	54.17	00087c18	_ZN2dk6Aabbox3setERNS_7PolygonE	dk::Aabbox::set(dk::Polygon&)		sim-med
0019c218	400	float	near	m2c	77.25	004654c0	_ZN2YS3OBJ10can_decideEPKNS_12COMMAND_ELEME	YS::OBJ::can_decide(YS::COMMAND_ELEM const*)		high
002253a0	400	loop	near	lift	73.06	002c166c	_ZN2sa5EVENT11set_bgm_seqERNS_11BIN_SEQ_BGMEP4TASK	sa::EVENT::set_bgm_seq(sa::BIN_SEQ_BGM&, TASK*)		med
00247a20	400	loop	near	lift	97.30	003c3834	_ZN2Tz4HECO13CreateNewMarkEv	Tz::HECO::CreateNewMark()		high
00247cf0	400	loop	near	ghidra	65.50	003cb5bc	_ZN2Tz4MUMI4InitEv	Tz::MUMI::Init()		sim-high
0024b210	400	loop	near	ghidra	65.49	003be914	_ZN2Tz4HBTE4InitEv	Tz::HBTE::Init()		high
0024f398	400	loop	near	ghidra	65.49	003c9060	_ZN2Tz4LMMU4InitEv	Tz::LMMU::Init()		high
00276888	400	loop	near	ghidra	94.34	002f6c60	_ZN2Tz6Jiminy13isExistSeqTblEv	Tz::Jiminy::isExistSeqTbl()		sim-low
002a1d38	400	loop	near	lift	72.63	00337c8c	_ZN2Tz9JmDiagram9UpdateGraEv	Tz::JmDiagram::UpdateGra()		high
001094e0	396	switch	near	m2c	42.12	001188a8	_ZN2kn7VU1Draw9checkVRAMEPNS_15SendImagePacketEPv	kn::VU1Draw::checkVRAM(kn::SendImagePacket*, void*)		sim-low
0011b250	396	float	near	ghidra	74.18	00133328	_ZN2kn13ChickenLittle9end_limitEv	kn::ChickenLittle::end_limit()		high
001798d8	396	float	near	lift	60.00	0047d3d8	_ZN2YS6PLAYER20_OVR_attack_callbackEPNS_6BTLOBJEPNS_6ATTACKEPKNS_11ATTACKPARAME	YS::PLAYER::_OVR_attack_callback(YS::BTLOBJ*, YS::ATTACK*, YS::ATTACKPARAM const*)		med
001a32c8	396	loop	near	lift	65.84	00436f88	_ZN2YS4ITEM11GetBackyardEii	YS::ITEM::GetBackyard(int, int)		high
001bb090	396	float	near	lift	72.83	00451c60	_ZN2YS7MISSION4execEv	YS::MISSION::exec()		med
002306a8	396	float	near	lift	66.57	002d068c	_ZN2sa5EVENT11spline_ctrlEv	sa::EVENT::spline_ctrl()		med
0026dda0	396	loop	near	lift	78.62	0030ae00	_ZN2Tz8Selector5SetupEv	Tz::Selector::Setup()		high
002a41f0	396	loop	near	lift	97.02	0035f888	_ZN2Tz10JmTreasure9LeaveListEv	Tz::JmTreasure::LeaveList()		sim-high
002a6a50	396	loop	near	lift	97.37	0035c4c0	_ZN2Tz8JmSynthe5SetupEv	Tz::JmSynthe::Setup()		high
002ae908	396	branchy	near	lift	86.35	00335a00	_ZN2Tz10JmComplete11isWorldCompEi	Tz::JmComplete::isWorldComp(int)		high
002cf4a8	396	float	near	lift	43.68	0064ccdc	_ZN2Ti5MGObj6appearERNS_11MGObjMemberE	Ti::MGObj::appear(Ti::MGObjMember&)		med
00103ca0	392	branchy	near	m2c	38.73	0003c960	_ZN4MENU7MapJumpEv	MENU::MapJump()		med
001376b8	392	float	near	lift	92.45	0007f698	_ZN2dk17TREASURE_BOX_INFO6updateEv	dk::TREASURE_BOX_INFO::update()		high
001be5f0	392	branchy	near	lift	55.58	0042aae8	_ZN2YS13FIELD_COMMAND10make_top_aEv	YS::FIELD_COMMAND::make_top_a()		med
00232738	392	loop	near	lift	80.51	002bfcb4	_ZN2sa5EVENT10audio_ctrlEv	sa::EVENT::audio_ctrl()		high
00244c30	392	loop	near	ghidra	90.42	003c01d0	_ZN2Tz4HEFT13CreateNewMarkEv	Tz::HEFT::CreateNewMark()		high
002491d0	392	loop	near	lift	97.55	003ca5f4	_ZN2Tz4MUMI13CreateNewMarkEv	Tz::MUMI::CreateNewMark()		sim-high
0024aef0	392	loop	near	lift	97.55	003cce8c	_ZN2Tz4TRTE13CreateNewMarkEv	Tz::TRTE::CreateNewMark()		high
0024c6a0	392	loop	near	lift	97.55	003bdbb0	_ZN2Tz4HBTE13CreateNewMarkEv	Tz::HBTE::CreateNewMark()		sim-high
0024e3a8	392	loop	near	lift	97.55	003d194c	_ZN2Tz4TTPT13CreateNewMarkEv	Tz::TTPT::CreateNewMark()		sim-high
0024ec50	392	switch	near	ghidra	46.06	003cfb2c	_ZN2Tz4TTMY8CtrlMenuEv	Tz::TTMY::CtrlMenu()		med
002507a0	392	loop	near	lift	97.55	003c83b0	_ZN2Tz4LMMU13CreateNewMarkEv	Tz::LMMU::CreateNewMark()		med
00257c78	392	loop	near	lift	68.86	003139b8	_ZN2Tz5CmTop9ChkCurPosEv	Tz::CmTop::ChkCurPos()		med
00294020	392	loop	near	m2c	88.32	00347214	_ZN2Tz9JmNewInfo10isAlbumNewEii	Tz::JmNewInfo::isAlbumNew(int, int)		sim-low
00177f50	388	branchy	near	lift	85.02	0047eb7c	_ZN2YS6PLAYERC1EPKNS_8OBJENTRYEiPNS_3PADERKN2kn7FVectorEf	YS::PLAYER::PLAYER(YS::OBJENTRY const*, int, YS::PAD*, kn::FVector const&, float)		sim-high
0018e298	388	branchy	near	lift	88.80	00407148	_ZN2YS11ATTACK_WORK3hitEPNS_6BTLOBJERNS_9COLLISIONE	YS::ATTACK_WORK::hit(YS::BTLOBJ*, YS::COLLISION&)		med
001b3d00	388	branchy	near	lift	90.49	0047b310	_ZN2YS7PIERROT16_OVR_exec_damageEPNS_6DAMAGEE	YS::PIERROT::_OVR_exec_damage(YS::DAMAGE*)		med
00226268	388	branchy	near	m2c	77.49	002d54f8	_ZN2sa5EVENT15readNextMapFileEv	sa::EVENT::readNextMapFile()		high
00240e50	388	loop	near	m2c	72.62	0036a904	_ZN2Tz5MCard13UpdateDirInfoEv	Tz::MCard::UpdateDirInfo()		high
0025da20	388	switch	near	lift	83.93	002fc084	_ZN2Tz6CmLoad7ControlEv	Tz::CmLoad::Control()		high
0026b2c0	388	loop	near	m2c	87.35	003a2198	_ZN2Tz7CmEquip8isApFullEv	Tz::CmEquip::isApFull()		med
002d3568	388	float	near	lift	50.69	00647d28	_ZN2Ti15MGOarashiGimObj16appear_rot_prizeERKNS_9MGOarashi13RotPrizeParamEi	Ti::MGOarashiGimObj::appear_rot_prize(Ti::MGOarashi::RotPrizeParam const&, int)		sim-high
0031a850	388	float	near	ghidra	54.62	006a7628	_ZN2dk18TREASURE_INFO_BASEaSERKS0_	dk::TREASURE_INFO_BASE::operator=(dk::TREASURE_INFO_BASE const&)		sim-high
00158dc0	384	float	near	lift	78.07	00095fe0	_ZN2dk12DangleCamera6updateEPNS_9ObjCameraE	dk::DangleCamera::update(dk::ObjCamera*)		high
00179718	384	float	near	lift	95.11	0047c5a8	_ZN2YS6PLAYER19exec_barrier_effectEv	YS::PLAYER::exec_barrier_effect()		high
00187ca0	384	float	near	m2c	60.55	00400f98	_ZN2YS3ACT4execEv	YS::ACT::exec()		high
0018eb98	384	loop	near	m2c	96.88	004090cc	_ZN2YS19ATTACK_WORK_MANAGER13check_reflectERNS_11ATTACK_WORKE	YS::ATTACK_WORK_MANAGER::check_reflect(YS::ATTACK_WORK&)		med
001b4430	384	float	near	m2c	68.21	004408e0	_ZN2YS5LIMIT5StartEiPNS_6PLAYERE	YS::LIMIT::Start(int, YS::PLAYER*)		med
0022e818	384	float	near	m2c	76.46	002d3300	_ZN2sa5EVENT13set_scale_seqERNS_9BIN_SCALEEP4TASK	sa::EVENT::set_scale_seq(sa::BIN_SCALE&, TASK*)		sim-high
0025adf0	384	branchy	near	ghidra	52.67	00306dc4	_ZN2Tz6CmSave13CtrlSlotCheckEv	Tz::CmSave::CtrlSlotCheck()		sim-high
00286298	384	loop	near	lift	61.99	003addb8	_ZN2Tz8CmNewFlg9CheckStatEv	Tz::CmNewFlg::CheckStat()		sim-med
0029de18	384	branchy	near	ghidra	78.42	0033d2e4	_ZN2Tz5JmDic9UpdateGraEv	Tz::JmDic::UpdateGra()		med
0011dd08	380	float	near	lift	64.81	000eefc0	_ZN2kn16mergeBoundingBoxEPNS_7FVectorEPPN2dk11ObjDrawListE	kn::mergeBoundingBox(kn::FVector*, dk::ObjDrawList**)		sim-low
0013e688	380	loop	near	lift	93.04	0005ef34	_ZN2dk6LockOn4initEv	dk::LockOn::init()		high
0017fba0	380	float	near	lift	84.82	0045c068	_ZN2YS6MOTION4calcEPN2kn7FMatrixE	YS::MOTION::calc(kn::FMatrix*)		high
001b0580	380	float	near	lift	44.18	00445040	_ZN2YS6LOOKAT12make_to_faceEv	YS::LOOKAT::make_to_face()		med
0024e228	380	branchy	near	lift	73.34	003d0bc0	_ZN2Tz4TTPT11UpdateScoreEv	Tz::TTPT::UpdateScore()		high
0026a238	380	branchy	near	m2c	94.14	003a4e20	_ZN2Tz7CmEquip10DrawUpdateEPNS_6SelectEii	Tz::CmEquip::DrawUpdate(Tz::Select*, int, int)		high
0027d868	380	branchy	near	lift	63.89	00395630	_ZN2Tz8CmConfig9ChgConfigEb	Tz::CmConfig::ChgConfig(bool)		med
0028ca78	380	loop	near	lift	87.65	00370b44	_ZN2Tz10MenuCursor4ExitEv	Tz::MenuCursor::Exit()		seed
002b2da8	380	branchy	near	m2c	85.46	0034f344	_ZN2Tz8JmPuzzle10ShowCursorEi	Tz::JmPuzzle::ShowCursor(int)		med
00128480	376	float	near	lift	91.49	000fa658	_ZN2kn16MotionPrototype016setConstantValueEPNS_8ModelObjE	kn::MotionPrototype0::setConstantValue(kn::ModelObj*)		sim-med
00161aa8	376	branchy	near	lift	98.47	00082f04	_ZN2dk6Camera11draw2CameraEv	dk::Camera::draw2Camera()		seed
001acdc0	376	loop	near	lift	93.35	004bca60	_ZN2YS11WINDOW_BASE5_drawEiiiii	YS::WINDOW_BASE::_draw(int, int, int, int, int)		med
001ccac0	376	float	near	lift	40.14	00484608	_ZN2YS11PRIZEEFFECT9vacuum_caEPNS_6BTLOBJE	YS::PRIZEEFFECT::vacuum_ca(YS::BTLOBJ*)		med
00233ce0	376	loop	near	ghidra	61.38	000cb594	_ZN2YI5MCARD4InitEv	YI::MCARD::Init()		med
002a1220	376	branchy	near	m2c	65.02	00336fbc	_ZN2Tz9JmDiagram12CreateActiveEv	Tz::JmDiagram::CreateActive()		high
002acb20	376	branchy	near	e3	92.98	0034c964	_ZN2Tz9JmNewInfo11isWorldHistEi	Tz::JmNewInfo::isWorldHist(int)		med
002c8680	376	loop	near	ghidra	96.57	003e855c	_ZN2dk15WM_LANDING_INFO8setupKeyEPKN8worldmap3KeyE	dk::WM_LANDING_INFO::setupKey(worldmap::Key const*)		sim-high
002cb200	376	loop	near	m2c	80.19	003e8e68	_ZN2dk15WM_LANDING_LIST17createLandingListEiRi	dk::WM_LANDING_LIST::createLandingList(int, int&)		med
00186d48	372	branchy	near	ghidra	67.59	00411e8c	_ZN2YS6BTLOBJ10add_damageEPNS_6DAMAGEE	YS::BTLOBJ::add_damage(YS::DAMAGE*)		med
0019a308	372	loop	near	m2c	72.04	004b1f48	_ZN2YS10UNIT_GROUP13init_minigameEv	YS::UNIT_GROUP::init_minigame()		med
001a5f50	372	loop	near	m2c	80.96	00446df0	_ZN2YS5MAGIC4InitEv	YS::MAGIC::Init()		med
001fbfd8	372	float	near	lift	78.91	005ab110	pppKeGrvEff	pppKeGrvEff		sim-med
0023cde8	372	loop	near	ghidra	69.71	000caa2c	_ZN2YI9VIBRATION6CreateEPc	YI::VIBRATION::Create(char*)		high
0026ff78	372	switch	near	lift	78.65	0039d480	_ZN2Tz8CmCustom15CtrlAutoConfirmEv	Tz::CmCustom::CtrlAutoConfirm()		high
00299290	372	branchy	near	lift	88.77	00326fc4	_ZN2Tz7JmAlbum13UpdateNewMarkEv	Tz::JmAlbum::UpdateNewMark()		med
001b50e0	368	float	near	lift	89.03	00440610	_ZN2YS5LIMIT12camera_startEPKcfb	YS::LIMIT::camera_start(char const*, float, bool)		med
001bb2c8	368	float	near	m2c	86.59	00452050	_ZN2YS7MISSION10CodeParserEPKNS_4CODEEPv	YS::MISSION::CodeParser(YS::CODE const*, void*)		med
0024e850	368	loop	near	lift	97.72	003cff84	_ZN2Tz4TTMY5SetupEv	Tz::TTMY::Setup()		high
002623c8	368	loop	near	lift	82.81	003a5ddc	_ZN2Tz6CmItem14CreateCategoryEv	Tz::CmItem::CreateCategory()		med
00283790	368	branchy	near	lift	73.83	00316d94	_ZN2Tz10CmTutorial9CreateGraEv	Tz::CmTutorial::CreateGra()		sim-high
002b14f0	368	branchy	near	lift	96.76	0035325c	_ZN2Tz8JmPuzzle11CtrlItemGetEv	Tz::JmPuzzle::CtrlItemGet()		med
002b3050	368	branchy	near	ghidra	80.85	0034f13c	_ZN2Tz8JmPuzzle12UpdateCursorEb	Tz::JmPuzzle::UpdateCursor(bool)		med
001b4dd0	364	float	near	lift	97.14	0043fbe8	_ZN2YS5LIMITD1Ev	YS::LIMIT::~LIMIT()		sim-high
001b7c80	364	float	near	lift	92.64	004667a4	_ZN2YS7OBJCLSN17calc_bounding_boxERN2dk6AabboxE	YS::OBJCLSN::calc_bounding_box(dk::Aabbox&)		high
0020c860	364	float	near	m2c	84.58	005d0348	_Z10set_matrixPA4_fS0_P24PRyjMegaBirthModelFilterP24VRyjMegaBirthModelFilterP14_PARTICLE_DATA	set_matrix(float (*) [4], float (*) [4], PRyjMegaBirthModelFilter*, VRyjMegaBirthModelFilter*, _PARTICLE_DATA*)		sim-med
00239988	364	float	near	lift	63.81	000c23d8	_ZN2YI8SEQUENCE4InitEPvPNS_5IMAGEE	YI::SEQUENCE::Init(void*, YI::IMAGE*)		sim-high
00256cc0	364	branchy	near	ghidra	78.94	00313424	_ZN2Tz5CmTop13CreatePadHelpEiii	Tz::CmTop::CreatePadHelp(int, int, int)		high
0026cc30	364	loop	near	lift	95.38	002fd8fc	_ZN2Tz7CmParty9LeaveListEv	Tz::CmParty::LeaveList()		seed
00285070	364	branchy	near	m2c	88.85	002ef058	_ZN2Tz6Ending8CtrlInfoEv	Tz::Ending::CtrlInfo()		med
002ac9b0	364	branchy	near	e3	94.95	0034c7dc	_ZN2Tz9JmNewInfo10isWorldNewEi	Tz::JmNewInfo::isWorldNew(int)		sim-high
002cf750	364	branchy	near	lift	92.40	0064d6d8	_ZN2Ti5MGObj13append_memberEjPN2YS10UNIT_GROUPEPKNS1_13UNIT_DATA_OBJEPNS_11MGObjMemberES8_	Ti::MGObj::append_member(unsigned int, YS::UNIT_GROUP*, YS::UNIT_DATA_OBJ const*, Ti::MGObjMember*, Ti::MGObjMember*)		med
001a5140	360	float	near	lift	69.38	00482f68	_ZN2YS5PRIZE14_OVR_check_getEPNS_11PRIZEEFFECTE	YS::PRIZE::_OVR_check_get(YS::PRIZEEFFECT*)		sim-high
001b4198	360	float	near	m2c	90.01	0047aebc	_ZN2YS7PIERROT6AddExpEPKNS_10ENEMYPARAMEPNS_3OBJERKN2kn7FVectorE	YS::PIERROT::AddExp(YS::ENEMYPARAM const*, YS::OBJ*, kn::FVector const&)		med
001d0678	360	float	near	lift	70.34	0044fae8	_ZN2YS6MICKEY24_OVR_exec_command_playerEPKNS_12COMMAND_ELEME	YS::MICKEY::_OVR_exec_command_player(YS::COMMAND_ELEM const*)		sim-high
001d0f08	360	float	near	lift	95.11	0049e3d8	_ZN2YS4SORA9_OVR_execEv	YS::SORA::_OVR_exec()		med
001d3c78	360	loop	near	ghidra	83.02	00441cc4	_ZNK2YS11LIMIT_TABLE9is_enableEv	YS::LIMIT_TABLE::is_enable() const		med
001d7218	360	branchy	near	lift	86.14	00457190	_ZN2YS7MISSION11OptionStartEi	YS::MISSION::OptionStart(int)		sim-med
001fc1a0	360	branchy	near	m2c	74.41	005ab30c	pppKeHitBorn	pppKeHitBorn		sim-med
00209178	360	float	near	lift	48.72	005c3de0	_Z6get_stP14PRyjDrawKekotoP14VRyjDrawKekoto	get_st(PRyjDrawKekoto*, VRyjDrawKekoto*)		sim-high
00246328	360	branchy	near	lift	91.17	003c2d28	_ZN2Tz4HECO4DrawEv	Tz::HECO::Draw()		high
00282b00	360	loop	near	lift	83.25	00322734	_ZN2Tz8ItemInfo12MakeEquipMsgEv	Tz::ItemInfo::MakeEquipMsg()		med
002b28b0	360	branchy	near	m2c	37.68	0034ef9c	_ZN2Tz8JmPuzzle6CalcUVEiiiPNS0_6SprtUVE	Tz::JmPuzzle::CalcUV(int, int, int, Tz::JmPuzzle::SprtUV*)		sim-med
002bfb90	360	loop	near	lift	74.43	003d77f0	_ZN8worldmap5Event4execEv	worldmap::Event::exec()		sim-high
00121218	356	loop	near	e3	52.02	000f484c	_ZN2kn8ModelSKL14setDisplayFlagEPcPs	kn::ModelSKL::setDisplayFlag(char*, short*)		sim-med
00170670	356	loop	near	lift	81.93	00415890	_ZN2YS10CACHE_BUFF15FlushCompactionEv	YS::CACHE_BUFF::FlushCompaction()		sim-med
001beb00	356	loop	near	m2c	95.19	0042b538	_ZN2YS13FIELD_COMMAND9make_formEv	YS::FIELD_COMMAND::make_form()		med
00258eb8	356	loop	near	m2c	62.46	002ec27c	_ZN2Tz6CmComm11SetDrawTimeEPNS_8MultiSeqE	Tz::CmComm::SetDrawTime(Tz::MultiSeq*)		high
00266c90	356	switch	near	lift	69.25	003b47b8	_ZN2Tz6CmStat14GetTopSelectorEv	Tz::CmStat::GetTopSelector()		med
0028f280	356	loop	near	lift	89.70	0037e2b8	_ZN2Tz7SelHist4InitEiiPNS_6LayoutEPKsS4_	Tz::SelHist::Init(int, int, Tz::Layout*, short const*, short const*)		high
002d74c8	356	float	near	lift	96.37	00636c48	_ZN2Ti12MGHachimitsu12reset_courseEib	Ti::MGHachimitsu::reset_course(int, bool)		med
002e20d8	356	straight	near	lift	92.73	00634744	_ZN2Ti12MG_EHSidecarC1Ei	Ti::MG_EHSidecar::MG_EHSidecar(int)		sim-high
00104f58	352	branchy	near	m2c	55.52	00041444	_ZN4AREA7MapJumpERS_jibi	AREA::MapJump(AREA&, unsigned int, int, bool, int)		high
001382e0	352	straight	near	lift	87.98	00081154	_ZN2dk13TREASURE_INFO15createEventInfoEv	dk::TREASURE_INFO::createEventInfo()		high
00140210	352	float	near	m2c	77.24	00066768	_ZN2dk9ObjCamera11auto_cameraEPN2YS3PADEf	dk::ObjCamera::auto_camera(YS::PAD*, float)		sim-med
0026e1e0	352	float	near	lift	88.30	0030abe8	_ZN2Tz8Selector9CreateObjEv	Tz::Selector::CreateObj()		med
0027bbe0	352	branchy	near	lift	92.49	00393a30	_ZN2Tz9CmAbility10DrawUpdateEPNS_6SelectEii	Tz::CmAbility::DrawUpdate(Tz::Select*, int, int)		med
0029dba0	352	straight	near	ghidra	73.75	0033d004	_ZN2Tz5JmDic8DrawMessEiijjPN2dk13SpriteMessageE	Tz::JmDic::DrawMess(int, int, unsigned int, unsigned int, dk::SpriteMessage*)		sim-high
002a0200	352	straight	near	ghidra	74.40	0032b018	_ZN2Tz7JmAnsem8DrawMessEiijjPN2dk13SpriteMessageE	Tz::JmAnsem::DrawMess(int, int, unsigned int, unsigned int, dk::SpriteMessage*)		sim-high
002a63a0	352	straight	near	ghidra	74.40	0032dcf4	_ZN2Tz8JmBattle8DrawMessEiijjPN2dk13SpriteMessageE	Tz::JmBattle::DrawMess(int, int, unsigned int, unsigned int, dk::SpriteMessage*)		high
00140b68	348	switch	near	m2c	99.99	000687a8	_ZN2dk9ObjCamera6updateEb	dk::ObjCamera::update(bool)		high
001762f8	348	branchy	near	lift	71.77	004761d8	_ZN2YS5PARTY16_OVR_exec_damageEPNS_6DAMAGEE	YS::PARTY::_OVR_exec_damage(YS::DAMAGE*)		high
001b8520	348	float	near	lift	76.76	0043d2e8	_ZN2YS8LIBRETTO10CodeParserEPKNS_4CODEEPv	YS::LIBRETTO::CodeParser(YS::CODE const*, void*)		sim-high
001be9a0	348	loop	near	m2c	80.38	0042b358	_ZN2YS13FIELD_COMMAND9make_itemEv	YS::FIELD_COMMAND::make_item()		sim-high
002362b0	348	straight	near	e3	33.67	000ba3c8	_ZN2YI5IMAGE4InitEPv	YI::IMAGE::Init(void*)		sim-high
00236a58	348	loop	near	ghidra	83.68	000bb004	_ZN2YI12IMAGE_FREEZE4InitEPvP9ALLOCATOR	YI::IMAGE_FREEZE::Init(void*, ALLOCATOR*)		high
0023f1e0	348	loop	near	lift	94.75	003654c8	_ZN2Tz6LayMsg6createEiPNS_6LayoutEPKsS4_iii	Tz::LayMsg::create(int, Tz::Layout*, short const*, short const*, int, int, int)		high
002489d8	348	switch	near	lift	72.23	003ca98c	_ZN2Tz4MUMI7CtrlTopEv	Tz::MUMI::CtrlTop()		med
00286ec8	348	loop	near	ghidra	87.84	003b06cc	_ZN2Tz8CmNewFlg16isAbilityNewFormEii	Tz::CmNewFlg::isAbilityNewForm(int, int)		sim-high
001612b8	344	branchy	near	lift	96.98	0008a6fc	_ZN2dk5BgObj4initEP9ALLOCATORPNS_7MapFileE	dk::BgObj::init(ALLOCATOR*, dk::MapFile*)		sim-high
0017c930	344	float	near	lift	68.67	004031b0	_ZN2YS11ACTION_JUMP15calc_movement_yEPNS_3OBJE	YS::ACTION_JUMP::calc_movement_y(YS::OBJ*)		sim-high
001d7098	344	branchy	near	lift	76.51	00456fe0	_ZN2YS7MISSION10OptionInitEi	YS::MISSION::OptionInit(int)		sim-high
001dd920	344	loop	near	lift	96.93	002b3908	_ZN3ryj6EFFECT8DrawTaskEP4TASK	ryj::EFFECT::DrawTask(TASK*)		med
001f6eb8	344	float	near	m2c	86.03	005ac258	_Z17pppKeLnsLpTOtFuncP9VKeLnsLpTii	pppKeLnsLpTOtFunc(VKeLnsLpT*, int, int)		sim-low
002223f0	344	float	near	m2c	86.03	005cf8d0	_Z4calcP24VRyjMegaBirthModelFilterP24PRyjMegaBirthModelFilterP14_PARTICLE_DATAP6VColorP15_PARTICLE_COLOR	calc(VRyjMegaBirthModelFilter*, PRyjMegaBirthModelFilter*, _PARTICLE_DATA*, VColor*, _PARTICLE_COLOR*)		sim-med
0022ea28	344	float	near	m2c	66.33	002d3600	_ZN2sa5EVENT12set_turn_seqERNS_8BIN_TURNEP4TASK	sa::EVENT::set_turn_seq(sa::BIN_TURN&, TASK*)		med
00241008	344	loop	near	lift	96.81	0036acf4	_ZN2Tz5MCard15UpdateLocalInfoEv	Tz::MCard::UpdateLocalInfo()		high
002a7dc8	344	loop	near	ghidra	51.03	00341e6c	_ZN2Tz10JmMiniGame12ChkMGameInfoEv	Tz::JmMiniGame::ChkMGameInfo()		high
0015b368	340	loop	near	lift	85.91	00098ed4	_ZN2dk3Exp6createEiPN2YI5IMAGEEi	dk::Exp::create(int, YI::IMAGE*, int)		high
00178d28	340	float	near	m2c	77.91	0047d670	_ZN2YS6PLAYER11_OVR_attackEv	YS::PLAYER::_OVR_attack()		med
00180058	340	float	near	lift	91.76	0045afb0	_ZN2YS6MOTION8_captureEPNS_6BINARCEPKcfPN3ryj3PAXEPNS_3OBJEPi	YS::MOTION::_capture(YS::BINARC*, char const*, float, ryj::PAX*, YS::OBJ*, int*)		sim-high
0019a048	340	float	near	lift	94.19	004b1af8	_ZN2YS10UNIT_GROUP4execERN2kn7FVectorE	YS::UNIT_GROUP::exec(kn::FVector&)		med
001b99d0	340	loop	near	ghidra	70.93	0046cb14	_ZN2YS3OBJ10CalcMotionEv	YS::OBJ::CalcMotion()		med
00225898	340	branchy	near	lift	81.15	002c1f5c	_ZN2sa5EVENT12set_bgm_sendERNS_12BIN_SEND_BGMEP4TASK	sa::EVENT::set_bgm_send(sa::BIN_SEND_BGM&, TASK*)		med
00240450	340	loop	near	m2c	77.74	0036995c	_ZN2Tz5MCard11MakeIconsysEPci	Tz::MCard::MakeIconsys(char*, int)		sim-med
0026db60	340	loop	near	lift	96.22	00309680	_ZN2Tz8Selector4ExitEv	Tz::Selector::Exit()		high
002a3950	340	branchy	near	m2c	71.43	0035e438	_ZN2Tz10JmTreasure14UpdateItemMessEv	Tz::JmTreasure::UpdateItemMess()		med
002b31c0	340	straight	near	ghidra	75.22	00353620	_ZN2Tz8JmPuzzle8DrawMessEiijjPN2dk13SpriteMessageE	Tz::JmPuzzle::DrawMess(int, int, unsigned int, unsigned int, dk::SpriteMessage*)		high
002bbf98	340	loop	near	ghidra	26.23	00139084	_ZN5SOUND8calcSe3DEv	SOUND::calcSe3D()		sim-low
001808c0	336	float	near	m2c	62.00	0045992c	_ZN2YS6MOTION14make_ik_adjustEPN2kn8IKAdjustE	YS::MOTION::make_ik_adjust(kn::IKAdjust*)		high
001d5518	336	branchy	near	lift	80.64	00458140	_ZN2YS14MISSION_CAMERA5startEPN3ryj3PAXEb	YS::MISSION_CAMERA::start(ryj::PAX*, bool)		med
001dfe88	336	float	near	lift	41.19	002b6c20	_ZN3ryj3PAX7MANAGER12set_bg_colorEb	ryj::PAX::MANAGER::set_bg_color(bool)		med
00225b88	336	branchy	near	e3	85.62	002c96fc	_ZN2sa5EVENT8checkEndEv	sa::EVENT::checkEnd()		med
0024ada0	336	branchy	near	m2c	73.54	003cd60c	_ZN2Tz4TRTE11CreateScoreEv	Tz::TRTE::CreateScore()		high
002748a0	336	branchy	near	ghidra	89.78	002f3ea4	_ZN2Tz6Jiminy10FadeOutAllEv	Tz::Jiminy::FadeOutAll()		med
00279860	336	loop	near	ghidra	83.99	0038e798	_ZN2Tz9CmAbility18GetFriendAbilityAIEv	Tz::CmAbility::GetFriendAbilityAI()		high
0029a8e0	336	loop	near	lift	94.42	0033dc48	_ZN2Tz5JmDic4ExitEv	Tz::JmDic::Exit()		sim-med
002e1288	336	float	near	lift	89.93	006332e8	_ZN2Ti11MG_ALEscape9post_execEv	Ti::MG_ALEscape::post_exec()		sim-med
00150a18	332	float	near	ghidra	50.09	000a8710	_ZN2dk18INFORMATION_WINDOW6updateEv	dk::INFORMATION_WINDOW::update()		high
00182280	332	switch	near	m2c	91.78	0040446c	_ZNK2YS8AREADATA8SETINDEX11signal_hookEPKNS0_4CODEE	YS::AREADATA::SETINDEX::signal_hook(YS::AREADATA::CODE const*) const		sim-med
0019dbc0	332	branchy	near	e3	80.75	00491ae4	_ZN2YS11RC_SEARCHER9check_setEiRKNS_6TARGETEii	YS::RC_SEARCHER::check_set(int, YS::TARGET const&, int, int)		sim-high
001a3018	332	loop	near	m2c	67.49	00436cfc	_ZN2YS4ITEM8WhereGetEiii	YS::ITEM::WhereGet(int, int, int)		high
001aabd8	332	straight	near	ghidra	99.94	0042dd3c	_ZN2YS4FONT11InitTextureEv	YS::FONT::InitTexture()		med
001d4180	332	loop	near	lift	77.55	00441f6c	_ZN2YS11LIMIT_TABLE9CheckReadEv	YS::LIMIT_TABLE::CheckRead()		med
001d42d0	332	loop	near	m2c	86.46	004422b4	_ZN2YS11LIMIT_TABLE8MakeMenuEPNS_12COMMAND_MENUE	YS::LIMIT_TABLE::MakeMenu(YS::COMMAND_MENU*)		med
001d63a8	332	float	near	lift	76.78	004d9590	_ZN2YS9ANTI_FORM7IsFinalEPNS_4SORAE	YS::ANTI_FORM::IsFinal(YS::SORA*)		sim-high
001f6148	332	float	near	lift	83.62	005a9d04	pppKeBornRnd4_Born	pppKeBornRnd4_Born		sim-high
00268c68	332	loop	near	m2c	78.94	0039f3ec	_ZN2Tz7CmEquip18SetEquipDefaultPosEv	Tz::CmEquip::SetEquipDefaultPos()		med
00277178	332	branchy	near	lift	94.19	00391af0	_ZN2Tz9CmAbility14SetupFromEquipEii	Tz::CmAbility::SetupFromEquip(int, int)		med
0027b0f8	332	branchy	near	lift	79.13	0038c604	_ZN2Tz9CmAbility11CreateGaugeEv	Tz::CmAbility::CreateGauge()		med
00282d70	332	loop	near	m2c	55.89	00323574	_ZN2Tz8ItemInfo12SortItemInfoEv	Tz::ItemInfo::SortItemInfo()		high
002b0e78	332	branchy	near	ghidra	58.05	00351d98	_ZN2Tz8JmPuzzle8PieceRotEj	Tz::JmPuzzle::PieceRot(unsigned int)		high
002d8670	332	float	near	lift	67.11	00638620	_ZN2Ti12MGHachimitsu9post_execEv	Ti::MGHachimitsu::post_exec()		med
00140618	328	float	near	m2c	52.24	00067370	_ZN2dk9ObjCamera18subjective_controlEPN2YS3PADE	dk::ObjCamera::subjective_control(YS::PAD*)		med
0016cd48	328	loop	near	lift	88.88	004b5770	_ZN2YS2VM4execEPS0_	YS::VM::exec(YS::VM*)		sim-high
00179308	328	float	near	m2c	70.54	0047dc90	_ZN2YS6PLAYER13ability_glideEv	YS::PLAYER::ability_glide()		med
001e7a98	328	loop	near	ghidra	64.60	005a63c8	_Z16pppCreatePObjectP9_pppMngStP12_pppPDataVal	pppCreatePObject(_pppMngSt*, _pppPDataVal*)		sim-med
00248f50	328	branchy	near	lift	88.20	003c9c04	_ZN2Tz4MUMI12DrawSelectorEPNS_6SelectEii	Tz::MUMI::DrawSelector(Tz::Select*, int, int)		high
0024c420	328	branchy	near	lift	88.20	003bd150	_ZN2Tz4HBTE12DrawSelectorEPNS_6SelectEii	Tz::HBTE::DrawSelector(Tz::Select*, int, int)		high
00250550	328	branchy	near	lift	88.20	003c7988	_ZN2Tz4LMMU12DrawSelectorEPNS_6SelectEii	Tz::LMMU::DrawSelector(Tz::Select*, int, int)		high
00252e50	328	loop	near	lift	84.48	003b8880	_ZN2Tz4ALCA7SetMessEv	Tz::ALCA::SetMess()		high
0029e808	328	float	near	m2c	60.27	0033d570	_ZN2Tz5JmDic8ZoomYrotEi	Tz::JmDic::ZoomYrot(int)		med
002a03d0	328	branchy	near	ghidra	87.55	0032a8a8	_ZN2Tz7JmAnsem13UpdateNewMarkEv	Tz::JmAnsem::UpdateNewMark()		high
002a65d0	328	branchy	near	ghidra	87.55	0032d584	_ZN2Tz8JmBattle13UpdateNewMarkEv	Tz::JmBattle::UpdateNewMark()		med
002aeba0	328	loop	near	m2c	88.27	00353c7c	_ZN2Tz8JmPuzzle4ExitEv	Tz::JmPuzzle::Exit()		sim-high
002b1708	328	loop	near	m2c	86.85	00350640	_ZN2Tz8JmPuzzle13UpdateTopListEv	Tz::JmPuzzle::UpdateTopList()		high
002d5748	328	branchy	near	lift	93.41	0064a478	_ZN2Ti15MGOarashiPlayer24_OVR_exec_command_playerEPKN2YS12COMMAND_ELEME	Ti::MGOarashiPlayer::_OVR_exec_command_player(YS::COMMAND_ELEM const*)		med
00106de8	324	float	near	m2c	63.21	000d9600	_ZN2kn10Projection6setFOVEfNS0_4WorHE	kn::Projection::setFOV(float, kn::Projection::WorH)		high
001125d8	324	branchy	near	lift	86.45	000e5288	_ZN2kn6Friend9setTargetENS0_15SET_TARGET_MODEEPN2YS6TARGETE	kn::Friend::setTarget(kn::Friend::SET_TARGET_MODE, YS::TARGET*)		med
00113848	324	float	near	lift	77.21	000e6d88	_ZN2kn17FriendPersonality4idleEPNS_12FriendActionEPN2YS6TARGETEPPvb	kn::FriendPersonality::idle(kn::FriendAction*, YS::TARGET*, void**, bool)		med
00138840	324	float	near	ghidra	41.59	0007accc	_ZN2dk6Sprite6updateEv	dk::Sprite::update()		high
0016c168	324	switch	near	lift	92.82	00462218	_ZN2YS3OBJ8footstepEi	YS::OBJ::footstep(int)		sim-low
00196028	324	loop	near	m2c	67.83	00495548	_ZN2YS9SAVEPOINT7recoverEv	YS::SAVEPOINT::recover()		sim-high
00198ee8	324	loop	near	lift	80.22	0049c428	_ZN2YS11SIGNAL_HOOK4execEv	YS::SIGNAL_HOOK::exec()		sim-high
001ada38	324	switch	near	ghidra	77.69	004936fc	_ZN2YS5RECOV4ExecEi	YS::RECOV::Exec(int)		high
0022f3a8	324	float	near	lift	91.36	002d471c	_ZN2sa5EVENT10entry_ctrlEv	sa::EVENT::entry_ctrl()		med
00239700	324	straight	near	lift	0.00	000c2040	_ZN2YI8SEQUENCEC1Ev	YI::SEQUENCE::SEQUENCE()		med
00262af8	324	branchy	near	lift	85.63	003a6130	_ZN2Tz6CmItem14UpdateHelpMessEv	Tz::CmItem::UpdateHelpMess()		med
0028be78	324	float	near	e3	48.14	0037dc10	_ZN2Tz9ScrollBar6SetPosEi	Tz::ScrollBar::SetPos(int)		high
00293520	324	loop	near	ghidra	35.42	0038a9c4	_ZN2Tz9ChgWeapon6UpdateEv	Tz::ChgWeapon::Update()		high
00146250	320	loop	near	lift	88.71	000b0810	_ZN2dk11OctDrawFile10drawObjectERKNS_8DrawNodeE	dk::OctDrawFile::drawObject(dk::DrawNode const&)		sim-med
001a3188	320	branchy	near	ghidra	50.76	004371d4	_ZN2YS4ITEM3GetEiib	YS::ITEM::Get(int, int, bool)		high
001b5b20	320	float	near	m2c	81.75	00440ff0	_ZN2YS5LIMIT16GetCommandStatusEPNS_6PLAYEREPKNS_12COMMAND_ELEMEi	YS::LIMIT::GetCommandStatus(YS::PLAYER*, YS::COMMAND_ELEM const*, int)		high
001d5d80	320	branchy	near	ghidra	92.41	0042f5ec	_ZN2YS10FORM_LEVEL7LevelUpEPNS_6PLAYEREi	YS::FORM_LEVEL::LevelUp(YS::PLAYER*, int)		med
0022d098	320	float	near	m2c	71.40	002c6c90	_ZN2sa5EVENT17set_bin_black_fogERNS_13BIN_BLACK_FOGEP4TASK	sa::EVENT::set_bin_black_fog(sa::BIN_BLACK_FOG&, TASK*)		sim-high
00287218	320	loop	near	ghidra	84.24	003b0df8	_ZN2Tz8CmNewFlg17isAbilityHistFormEii	Tz::CmNewFlg::isAbilityHistForm(int, int)		sim-med
0028cc78	320	branchy	near	lift	84.76	00370dd0	_ZN2Tz10MenuCursor6CreateEiiiPNS_6LayoutEiii	Tz::MenuCursor::Create(int, int, int, Tz::Layout*, int, int, int)		high
00103590	316	branchy	near	m2c	77.51	0003bfd8	_ZN4MENU15CreateAllocatorEiPN2kn15MemoryAllocatorE	MENU::CreateAllocator(int, kn::MemoryAllocator*)		high
0018b338	316	float	near	m2c	84.34	004f0670	_ZN2YS3NPC10after_talkEf	YS::NPC::after_talk(float)		high
001bb4f0	316	branchy	near	m2c	91.75	00451ee4	_ZN2YS7MISSION8completeEii	YS::MISSION::complete(int, int)		high
001fe798	316	branchy	near	lift	46.49	005b4c48	pppKeThTp	pppKeThTp		sim-low
0023cc18	316	float	near	lift	80.37	000c1b3c	_ZN2YI6LAYOUT4DrawEv	YI::LAYOUT::Draw()		high
00273228	316	branchy	near	m2c	93.29	0039e228	_ZN2Tz8CmCustom10DrawUpdateEPNS_6SelectEii	Tz::CmCustom::DrawUpdate(Tz::Select*, int, int)		high
0029aac0	316	branchy	near	ghidra	90.64	0033e05c	_ZN2Tz5JmDic8LeaveAllEi	Tz::JmDic::LeaveAll(int)		med
002a10e0	316	branchy	near	lift	79.96	003372d8	_ZN2Tz9JmDiagram12CreateCursorEv	Tz::JmDiagram::CreateCursor()		med
001028b0	312	loop	near	m2c	92.37	00040ad4	_ZN12TASK_MANAGER11masked_execEii	TASK_MANAGER::masked_exec(int, int)		sim-low
00139e00	312	branchy	near	lift	94.85	00065840	_ZN2dk5Obj2D8menuInitEP9ALLOCATORb	dk::Obj2D::menuInit(ALLOCATOR*, bool)		med
00165db8	312	loop	near	ghidra	55.01	0006b540	_ZN2dk6ObjOcc13intersectLineERNS_4LineERN2kn7FVectorERtjjbRPS0_ii	dk::ObjOcc::intersectLine(dk::Line&, kn::FVector&, unsigned short&, unsigned int, unsigned int, bool, dk::ObjOcc*&, int, int)		high
00185468	312	float	near	lift	89.92	004bb468	_ZN2YS6WEAPONC1EPKNS_8OBJENTRYEPNS_5PARTYEiii	YS::WEAPON::WEAPON(YS::OBJENTRY const*, YS::PARTY*, int, int, int)		sim-high
00194468	312	switch	near	m2c	71.40	004697f4	_ZN2YS3OBJ11show_shadowEv	YS::OBJ::show_shadow()		sim-low
00197148	312	float	near	m2c	62.85	00428548	_ZN2YS5EVENT13phase_fadeoutEv	YS::EVENT::phase_fadeout()		med
00197430	312	float	near	m2c	69.13	004280d0	_ZN2YS5EVENT12phase_fadeinEv	YS::EVENT::phase_fadein()		med
001a0ee0	312	float	near	lift	72.47	00497be4	_ZN2YS5SHEET3setEPKNS_10ENEMYPARAME	YS::SHEET::set(YS::ENEMYPARAM const*)		sim-med
001a9ae8	312	float	near	lift	64.02	0044ef90	_ZN2YS11MESSAGEDRAW4drawEiij	YS::MESSAGEDRAW::draw(int, int, unsigned int)		high
001b9db0	312	loop	near	e3	58.26	0046dcbc	_ZN2YS3OBJ8LeaveAllEi	YS::OBJ::LeaveAll(int)		high
001d94f8	312	loop	near	ghidra	83.38	004ad960	_ZN2YS7UNDRESS4ExecENS_6MEMBEREPKS1_	YS::UNDRESS::Exec(YS::MEMBER, YS::MEMBER const*)		sim-low
001dd568	312	float	near	ghidra	82.44	002b0ed4	_ZN3ryj12qsort_effectEPPNS_6EFFECTEPfii	ryj::qsort_effect(ryj::EFFECT**, float*, int, int)		sim-low
001e8048	312	loop	near	m2c	66.92	005a6b34	_Z12pppStartPartP9_pppMngStPxi	pppStartPart(_pppMngSt*, long long*, int)		sim-med
00268b30	312	branchy	near	lift	92.45	0039f658	_ZN2Tz7CmEquip17SetupTitleAbilityEi	Tz::CmEquip::SetupTitleAbility(int)		med
0027c1c0	312	branchy	near	lift	70.44	00391044	_ZN2Tz9CmAbility15ChgEquipAbilityEv	Tz::CmAbility::ChgEquipAbility()		sim-high
002875e8	312	loop	near	lift	98.97	0065f020	_ZN2Tz8Mg2DTronC1Ev	Tz::Mg2DTron::Mg2DTron()		sim-high
002dc850	312	float	near	lift	57.91	0063e70c	_ZN2Ti6MGJump5resetEv	Ti::MGJump::reset()		med
00322790	312	loop	near	m2c	99.13	002e0ea8	_ZN2sa13MUSICAL_INPUT5startEi	sa::MUSICAL_INPUT::start(int)		sim-med
0013a4c8	308	branchy	near	lift	72.45	0005120c	_ZN2dk8Field2DD11readCommandEv	dk::Field2DD::readCommand()		high
001cc220	308	float	near	m2c	36.44	004846c8	_ZN2YS8PRIZE_CA14_OVR_check_getEPNS_11PRIZEEFFECTE	YS::PRIZE_CA::_OVR_check_get(YS::PRIZEEFFECT*)		sim-high
001cd388	308	loop	near	ghidra	30.71	0041ebac	_ZN2YS8CONTINUE4LoadEv	YS::CONTINUE::Load()		sim-med
001e3330	308	float	near	lift	76.77	002abc98	_Z8pppSetUpPv	pppSetUp(void*)		sim-med
001ebcf0	308	float	near	m2c	63.70	005be9a8	pppPointAp	pppPointAp		sim-med
00276c88	308	branchy	near	lift	96.36	002f6f1c	_ZN2Tz6Jiminy10CreateHelpEPKN2YS7MESSAGEEb	Tz::Jiminy::CreateHelp(YS::MESSAGE const*, bool)		sim-high
002a2010	308	loop	near	m2c	84.24	003605b8	_ZN2Tz10JmTreasure4ExitEv	Tz::JmTreasure::Exit()		sim-sandwich
002ac2e8	308	loop	near	lift	75.45	00344444	_ZN2Tz9JmNewInfo11CheckPuzzleEv	Tz::JmNewInfo::CheckPuzzle()		sim-med
00144be0	304	float	near	lift	99.79	0008840c	_ZNK2dk6Aabbox19generateDrawVertex8EPN2kn7FVectorE	dk::Aabbox::generateDrawVertex8(kn::FVector*) const		med
00178758	304	float	near	lift	85.13	0047c788	_ZN2YS6PLAYER13_OVR_pre_execEv	YS::PLAYER::_OVR_pre_exec()		high
0017c160	304	float	near	m2c	87.80	004cfa60	_ZN2YS11ACTION_IDLE7controlEPNS_3OBJE	YS::ACTION_IDLE::control(YS::OBJ*)		sim-high
00187520	304	branchy	near	lift	75.13	00413924	_ZN2YS6BTLOBJ11_OVR_add_hpEiib	YS::BTLOBJ::_OVR_add_hp(int, int, bool)		high
001bed48	304	loop	near	lift	83.09	0042b6b0	_ZN2YS13FIELD_COMMAND13make_shortcutEv	YS::FIELD_COMMAND::make_shortcut()		sim-high
001bee78	304	loop	near	e3	98.07	0042b810	_ZN2YS13FIELD_COMMAND13make_changeinEv	YS::FIELD_COMMAND::make_changein()		med
001c2d88	304	loop	near	lift	88.14	00481dd0	_ZNK2YS11PLAYERPARAM5applyEv	YS::PLAYERPARAM::apply() const		sim-high
001e6ed8	304	float	near	lift	42.30	002af69c	_Z16pppSetPartMatrixPA4_fS0_PfS1_	pppSetPartMatrix(float (*) [4], float (*) [4], float*, float*)		med
0022d880	304	loop	near	lift	96.58	002cb930	_ZN2sa5EVENT15set_bin_seq_mesERNS_11BIN_SEQ_MESEP4TASK	sa::EVENT::set_bin_seq_mes(sa::BIN_SEQ_MES&, TASK*)		med
00231390	304	float	near	lift	87.40	002c3fb0	_ZN2sa5EVENT20calcValue_objDefaultERNS_18BIN_CAMERA_DATA_WKERNS_23OBJ_DEFAULT_CAMERA_DATAEf	sa::EVENT::calcValue_objDefault(sa::BIN_CAMERA_DATA_WK&, sa::OBJ_DEFAULT_CAMERA_DATA&, float)		sim-med
0024f070	304	branchy	near	ghidra	64.20	003cf7c0	_ZN2Tz4TTMY13CreateHelpWinEi	Tz::TTMY::CreateHelpWin(int)		med
002a4470	304	branchy	near	ghidra	80.80	0035fb00	_ZN2Tz10JmTreasure12CreateCursorEv	Tz::JmTreasure::CreateCursor()		med
00137fb8	300	loop	near	lift	96.48	000808a0	_ZN2dk13TREASURE_INFO4initEv	dk::TREASURE_INFO::init()		sim-low
001558b8	300	float	near	lift	84.71	000a286c	_ZN2dk12GAUGE_PLAYER12createCircleEii	dk::GAUGE_PLAYER::createCircle(int, int)		med
0018e7c0	300	branchy	near	lift	96.97	00408a84	_ZN2YS11ATTACK_WORK7reflectEPS0_	YS::ATTACK_WORK::reflect(YS::ATTACK_WORK*)		med
001c0890	300	loop	near	lift	75.49	004dd4f8	_ZN2YS10BONUSLEVEL2UpEi	YS::BONUSLEVEL::Up(int)		seed
001f5cc8	300	float	near	lift	83.73	005a97c0	pppKeBornRnd2_Born	pppKeBornRnd2_Born		sim-high
001f6648	300	float	near	lift	83.73	005aa338	pppKeBornRnd5_Born	pppKeBornRnd5_Born		sim-high
0020aec8	300	float	near	lift	95.01	005cc2b8	_Z10set_matrixPA4_fS0_P19PRyjMegaBirthFilterP19VRyjMegaBirthFilterP14_PARTICLE_DATA	set_matrix(float (*) [4], float (*) [4], PRyjMegaBirthFilter*, VRyjMegaBirthFilter*, _PARTICLE_DATA*)		sim-med
00230de0	300	float	near	lift	35.22	002c3b68	_ZN2sa5EVENT9calcValueEifPNS_22BIN_CAMERA_DATA_ENC_WKES2_	sa::EVENT::calcValue(int, float, sa::BIN_CAMERA_DATA_ENC_WK*, sa::BIN_CAMERA_DATA_ENC_WK*)		sim-med
002529a8	300	loop	near	lift	67.76	003b8fd0	_ZN2Tz4ALCA10SetLayListEv	Tz::ALCA::SetLayList()		med
00253638	300	loop	near	lift	99.60	002eda60	_ZN2Tz6CMData4InitEv	Tz::CMData::Init()		med
0028c198	300	branchy	near	lift	88.32	003721d8	_ZN2Tz8MenuItem5startEiiiPNS_6LayoutEiii	Tz::MenuItem::start(int, int, int, Tz::Layout*, int, int, int)		high
002a16b8	300	loop	near	lift	80.67	003371a8	_ZN2Tz9JmDiagram10CalcSelIdxEv	Tz::JmDiagram::CalcSelIdx()		high
0010d918	296	loop	near	e3	42.47	000e4644	_ZN2kn6Friend26searchEnemy_playerAttackerEPN2YS6TARGETES3_	kn::Friend::searchEnemy_playerAttacker(YS::TARGET*, YS::TARGET*)		med
001208f8	296	loop	near	m2c	94.86	00123108	_ZN2kn8ModelSKL19getDMATagBufferSizeEv	kn::ModelSKL::getDMATagBufferSize()		sim-vt-high
0015e3b8	296	straight	near	lift	89.07	000b5218	_ZN2dk9SpotBlendC1Ev	dk::SpotBlend::SpotBlend()		sim-high
0015e4e0	296	straight	near	lift	89.07	00202ea0	_ZN2gm12SPRITEFROM3D11draw_commonERKN2kn16ProjectionCameraERKNS1_7FVectorE	gm::SPRITEFROM3D::draw_common(kn::ProjectionCamera const&, kn::FVector const&)		sim-high
0017da90	296	float	near	m2c	68.78	00431010	_ZN2YS6FRIENDC1EPKNS_8OBJENTRYERKN2kn7FVectorEf	YS::FRIEND::FRIEND(YS::OBJENTRY const*, kn::FVector const&, float)		sim-high
001801b0	296	float	near	lift	94.82	0045b2ec	_ZN2YS6MOTION8_CaptureEPNS_3OBJEPNS_6BINARCEPN3ryj3PAXES2_fPi	YS::MOTION::_Capture(YS::OBJ*, YS::BINARC*, ryj::PAX*, YS::OBJ*, float, int*)		high
00192cc0	296	switch	near	ghidra	84.30	0044cc5c	_ZN2YS7MESSAGE7SprintfEPcPKcz	YS::MESSAGE::Sprintf(char*, char const*, ...)		med
00196f00	296	float	near	lift	91.69	00427c48	_ZN2YS5EVENT5startEv	YS::EVENT::start()		sim-high
0019d5f8	296	branchy	near	m2c	93.35	00490f30	_ZN2YS5RECOM5startERNS_12COMMAND_SLOTE	YS::RECOM::start(YS::COMMAND_SLOT&)		sim-high
001a6658	296	loop	near	ghidra	73.58	00446a98	_ZN2YS5MAGIC8GetTableEi	YS::MAGIC::GetTable(int)		med
001a82f0	296	branchy	near	ghidra	70.41	004ab18c	_ZNK2YS8TREASURE5TABLE4_getEv	YS::TREASURE::TABLE::_get() const		high
001aca98	296	loop	near	lift	94.59	004bccc8	_ZN2YS11WINDOW_BASEC1ENS_4FONT4TYPEEiiiiii	YS::WINDOW_BASE::WINDOW_BASE(YS::FONT::TYPE, int, int, int, int, int, int)		sim-high
001b5460	296	loop	near	lift	92.33	0043fe68	_ZN2YS5LIMIT7destroyEv	YS::LIMIT::destroy()		med
001b72c0	296	branchy	near	m2c	84.19	0043bf48	_ZNK2YS7LEVELUP4execEiii	YS::LEVELUP::exec(int, int, int) const		med
001bd988	296	loop	near	lift	57.34	004810cc	_ZN2YS14PLAYER_COMMAND6decideEv	YS::PLAYER_COMMAND::decide()		high
0022f7c0	296	float	near	lift	66.96	002d1f40	_ZN2sa5EVENT16set_bin_seq_posiERNS_12BIN_SEQ_POSIEP4TASK	sa::EVENT::set_bin_seq_posi(sa::BIN_SEQ_POSI&, TASK*)		med
00240118	296	branchy	near	m2c	46.78	00368fb4	_ZN2Tz5MCard8GetFnameEPcii	Tz::MCard::GetFname(char*, int, int)		med
00245968	296	float	near	lift	92.80	003c43e0	_ZN2Tz4HECO9CreateObjEv	Tz::HECO::CreateObj()		med
00273cb8	296	loop	near	lift	60.40	0039ae5c	_ZN2Tz8CmCustom12ChageAbilityEi	Tz::CmCustom::ChageAbility(int)		med
002a40c8	296	loop	near	lift	66.85	0035f6a4	_ZN2Tz10JmTreasure11isExistListEv	Tz::JmTreasure::isExistList()		sim-sandwich
002c4390	296	branchy	near	lift	84.28	003e6fe8	_ZN2dk10mitem_drawEiijjPNS_13SpriteMessageE	dk::mitem_draw(int, int, unsigned int, unsigned int, dk::SpriteMessage*)		med
002dfe38	296	float	near	lift	91.89	006303e8	_ZN2Ti21ACTION_PO_JUMP_PLAYER12land_balloonEPN2YS3OBJES3_fi	Ti::ACTION_PO_JUMP_PLAYER::land_balloon(YS::OBJ*, YS::OBJ*, float, int)		med
002e9690	296	loop	near	lift	76.76	0062ae90	_ZN2Ts5FLARE4InitEv	Ts::FLARE::Init()		seed
001136b8	292	loop	near	m2c	75.53	000e6b68	_ZN2kn17FriendPersonality15linkActionParamEv	kn::FriendPersonality::linkActionParam()		med
0011c8f8	292	loop	near	ghidra	79.89	000edd30	_ZN2kn8ModelObj5draw_EPNS_9DrawParamEbPNS_5ModelEPPN3Axa11DMA_SET_TAGEPc	kn::ModelObj::draw_(kn::DrawParam*, bool, kn::Model*, Axa::DMA_SET_TAG**, char*)		sim-med
00137058	292	loop	near	lift	84.19	00043dd8	_ZN2dk3BGM8typeHoldEPi	dk::BGM::typeHold(int*)		sim-low
00146f28	292	loop	near	lift	70.94	000adeac	_ZN2dk11OctDrawFile16insertDrawObjectEPNS_11ObjDrawListEb	dk::OctDrawFile::insertDrawObject(dk::ObjDrawList*, bool)		sim-med
00228ab0	292	float	near	lift	95.62	002ddec0	_ZN2sa14MUSICAL_GAUGE36createEv	sa::MUSICAL_GAUGE3::create()		med
00259e90	292	loop	near	lift	91.25	0030b8d4	_ZN2Tz8CmSLBase9SetupSlotEv	Tz::CmSLBase::SetupSlot()		high
0026bab8	292	loop	near	lift	82.77	002fe658	_ZN2Tz7CmParty4ExitEv	Tz::CmParty::Exit()		sim-med
0026d620	292	branchy	near	lift	97.66	002ffa1c	_ZN2Tz7CmParty18UpdateTopSelActiveEib	Tz::CmParty::UpdateTopSelActive(int, bool)		med
00291380	292	branchy	near	ghidra	81.84	00324260	_ZN2Tz8ItemStat10CheckParamEi	Tz::ItemStat::CheckParam(int)		med
002933d8	292	loop	near	ghidra	80.08	0038a740	_ZN2Tz9ChgWeapon3SetEiiiPNS0_4InfoE	Tz::ChgWeapon::Set(int, int, int, Tz::ChgWeapon::Info*)		sim-low
0029a5f0	292	loop	near	lift	63.60	00330664	_ZN2Tz12JmCollection10Cur2SelNumEi	Tz::JmCollection::Cur2SelNum(int)		high
002ae768	292	loop	near	ghidra	52.58	003355dc	_ZN2Tz10JmComplete16isPuzzleGameCompEi	Tz::JmComplete::isPuzzleGameComp(int)		high
002b2f28	292	branchy	near	lift	85.34	00351348	_ZN2Tz8JmPuzzle10HideCursorEi	Tz::JmPuzzle::HideCursor(int)		med
002b7148	292	loop	near	lift	0.00	0038701c	_ZN2Tz8TimeDrawD1Ev	Tz::TimeDraw::~TimeDraw()		sim-low
002edd20	292	float	near	m2c	56.53	0061c1d0	_ZN2Ts10ACTION_LIB15HeightFromFloorEPN2YS3OBJE	Ts::ACTION_LIB::HeightFromFloor(YS::OBJ*)		sim-high
00113fb0	288	branchy	near	lift	67.53	000e7680	_ZN2kn17FriendPersonality16execScriptActionEPNS_12FriendActionEPN2YS6TARGETEPPvb	kn::FriendPersonality::execScriptAction(kn::FriendAction*, YS::TARGET*, void**, bool)		med
00175790	288	branchy	near	lift	83.86	00476ab0	_ZN2YS5PARTYC1EPKNS_8OBJENTRYEjRKN2kn7FVectorEf	YS::PARTY::PARTY(YS::OBJENTRY const*, unsigned int, kn::FVector const&, float)		sim-high
00182c60	288	loop	near	lift	74.12	004ae318	_ZN2YS4UNIT8ExecTaskEP4TASK	YS::UNIT::ExecTask(TASK*)		med
0018da18	288	branchy	near	ghidra	80.36	00406de8	_ZN2YS6ATTACK12force_strikeEPNS_6BTLOBJEPKNS_11ATTACKPARAMEi	YS::ATTACK::force_strike(YS::BTLOBJ*, YS::ATTACKPARAM const*, int)		med
001a0800	288	float	near	ghidra	89.44	004798b0	_ZNK2YS11PARTYATTACK5is_inEPNS_5PARTYEfffRKNS_9COLLISIONE	YS::PARTYATTACK::is_in(YS::PARTY*, float, float, float, YS::COLLISION const&) const		sim-med
001b8838	288	branchy	near	m2c	55.38	004beae0	_ZN2YS9WORLDFLAG3SetEi	YS::WORLDFLAG::Set(int)		sim-low
001cfcf8	288	float	near	lift	54.93	0044fcfc	_ZN2YS6MICKEYC1EPKNS_8OBJENTRYEPNS_3PADERKN2kn7FVectorEf	YS::MICKEY::MICKEY(YS::OBJENTRY const*, YS::PAD*, kn::FVector const&, float)		sim-high
001dec78	288	float	near	m2c	40.67	002b595c	_ZN3ryj3PAX7MANAGERC1EPNS_6EFFECTEPNS0_4ELEMEPNS0_14USER_BIND_ARGSEf	ryj::PAX::MANAGER::MANAGER(ryj::EFFECT*, ryj::PAX::ELEM*, ryj::PAX::USER_BIND_ARGS*, float)		sim-high
0022ee30	288	float	near	lift	62.68	002d3c40	_ZN2sa5EVENT20set_shadow_alpha_seqERNS_16BIN_SHADOW_ALPHAEP4TASK	sa::EVENT::set_shadow_alpha_seq(sa::BIN_SHADOW_ALPHA&, TASK*)		sim-high
002309c8	288	float	near	lift	91.77	002cfe94	_ZN2sa5EVENT11objMoveTaskEP4TASK	sa::EVENT::objMoveTask(TASK*)		high
002633a8	288	branchy	near	lift	80.48	003ac654	_ZN2Tz6CmItem18UpdateTopSelActiveEib	Tz::CmItem::UpdateTopSelActive(int, bool)		med
00270648	288	switch	near	e3	9.17	00398940	_ZN2Tz8CmCustom23SetIndiCustomDefaultPosEv	Tz::CmCustom::SetIndiCustomDefaultPos()		high
0027fba0	288	loop	near	lift	60.99	0031bda4	_ZN2Tz9GumiPause4DrawEv	Tz::GumiPause::Draw()		sim-low
002d00e0	288	loop	near	m2c	51.73	0064e354	_ZN2Ti5MGObj15check_all_leaveEv	Ti::MGObj::check_all_leave()		high
002ed8e0	288	float	near	lift	69.17	0062bda0	_ZN2Ts12SUMMON_ENEMY3GetEPN2YS3OBJE	Ts::SUMMON_ENEMY::Get(YS::OBJ*)		high
002ef028	288	float	near	lift	41.20	0060cccc	_ZN4menu6Motion6updateEf	menu::Motion::update(float)		sim-low
00188550	284	float	near	ghidra	25.54	00400880	_ZN2YS3ACT8ExecTaskEP4TASK	YS::ACT::ExecTask(TASK*)		med
00197028	284	float	near	m2c	80.81	004286f8	_ZN2YS5EVENT4execEv	YS::EVENT::exec()		med
001aefa0	284	float	near	m2c	65.70	004329f0	_ZN2YS8GAMEOVER12check_mickeyEv	YS::GAMEOVER::check_mickey()		med
001bc568	284	branchy	near	lift	70.00	0041d748	_ZN2YS12COMMAND_SLOT8CanDriveEPKNS_12COMMAND_ELEMEPNS_6PLAYERE	YS::COMMAND_SLOT::CanDrive(YS::COMMAND_ELEM const*, YS::PLAYER*)		med
001e17b8	284	loop	near	m2c	94.71	006189f4	_ZN3ryj17LAST_XEMNUS_LASER4initEv	ryj::LAST_XEMNUS_LASER::init()		sim-high
001f5f10	284	float	near	lift	84.92	005a9a70	pppKeBornRnd3_Born	pppKeBornRnd3_Born		sim-sandwich
00263a90	284	branchy	near	ghidra	81.49	002f2240	_ZN2Tz9CMenuHelp6CreateEPKN2YS7MESSAGEEb	Tz::CMenuHelp::Create(YS::MESSAGE const*, bool)		high
002736f8	284	loop	near	m2c	43.79	0039b4a8	_ZN2Tz8CmCustom12ChageMpDriveEv	Tz::CmCustom::ChageMpDrive()		med
00275f68	284	branchy	near	ghidra	89.60	002f6234	_ZN2Tz6Jiminy18SetMainFrameLRMessEii	Tz::Jiminy::SetMainFrameLRMess(int, int)		high
002a98a8	284	loop	near	ghidra	82.07	003563d4	_ZN2Tz7JmQuest13UpdateNewMarkEv	Tz::JmQuest::UpdateNewMark()		high
002abff0	284	loop	near	lift	90.78	0034adb8	_ZN2Tz9JmNewInfo10isStoryNewEii	Tz::JmNewInfo::isStoryNew(int, int)		high
00106af0	280	float	near	ghidra	54.92	000d8f18	_ZN2kn10Projection14calcClipMatrixERNS_7FMatrixEff	kn::Projection::calcClipMatrix(kn::FMatrix&, float, float)		sim-low
0015e8c8	280	straight	near	lift	89.31	002459d8	_ZN2gm11FRAMEBUFFER4InitEv	gm::FRAMEBUFFER::Init()		sim-high
0015e9e0	280	straight	near	lift	89.31	000b5c4c	_ZN2dk11ModelSpriteC1Ev	dk::ModelSprite::ModelSprite()		sim-high
00169030	280	loop	near	ghidra	83.64	00435658	_ZN2YS8AreaInitEP4TASK	YS::AreaInit(TASK*)		med
00186ec0	280	branchy	near	ghidra	82.11	00411d54	_ZN2YS6BTLOBJ17_OVR_is_withstandEPNS_6DAMAGEE	YS::BTLOBJ::_OVR_is_withstand(YS::DAMAGE*)		sim-med
0018d620	280	loop	near	m2c	90.63	00407550	_ZN2YS6ATTACK8ExecTaskEP4TASK	YS::ATTACK::ExecTask(TASK*)		med
001c4188	280	float	near	m2c	50.47	004e3418	_ZN2YS11DEADREQUEST3AddEPNS_11CROWDEFFECTEf	YS::DEADREQUEST::Add(YS::CROWDEFFECT*, float)		sim-low
001cd690	280	loop	near	m2c	84.86	004f1480	_ZN2YS14PRIORITYTARGET6searchEv	YS::PRIORITYTARGET::search()		sim-high
001ce930	280	branchy	near	lift	64.72	004ec9f4	_ZN2YS10LIGHTCYCLE4execEv	YS::LIGHTCYCLE::exec()		sim-low
001dcdb8	280	straight	near	lift	69.94	002b282c	_ZN3ryj6EFFECT4InitEP9ALLOCATORii	ryj::EFFECT::Init(ALLOCATOR*, int, int)		sim-low
002539e8	280	branchy	near	lift	85.44	002ee43c	_ZN2Tz6CMData8BackReadEiPc	Tz::CMData::BackRead(int, char*)		high
00271710	280	branchy	near	m2c	84.93	00397478	_ZN2Tz8CmCustom12MakeItemMessEiPcbbi	Tz::CmCustom::MakeItemMess(int, char*, bool, bool, int)		high
0027afe0	280	loop	near	lift	83.20	0038d810	_ZN2Tz9CmAbility24SetIndiAbilityDefaultPosEv	Tz::CmAbility::SetIndiAbilityDefaultPos()		high
002ac420	280	loop	near	ghidra	55.16	0034b9d4	_ZN2Tz9JmNewInfo16isPuzzlePieceNewEi	Tz::JmNewInfo::isPuzzlePieceNew(int)		sim-high
002bf9d8	280	branchy	near	lift	12.24	003d75dc	_ZN8worldmap5EventC1EP4TASKi	worldmap::Event::Event(TASK*, int)		sim-high
002dbb88	280	float	near	lift	76.54	0063d580	_ZN2Ti14MGHachimitsuPo14_OVR_post_execEv	Ti::MGHachimitsuPo::_OVR_post_exec()		med
001531f8	276	branchy	near	ghidra	77.78	0005db34	_ZN2dk12LEVELUP_INFO9openCharaEPKN2YS7MESSAGEES4_S4_iNS0_9WIN_COLORE	dk::LEVELUP_INFO::openChara(YS::MESSAGE const*, YS::MESSAGE const*, YS::MESSAGE const*, int, dk::LEVELUP_INFO::WIN_COLOR)		high
00170400	276	branchy	near	m2c	78.03	00414e4c	_ZN2YS10CACHE_BUFF14ReadRequestSubEPKcij	YS::CACHE_BUFF::ReadRequestSub(char const*, int, unsigned int)		high
00179530	276	float	near	ghidra	65.23	0047da60	_ZN2YS6PLAYER17ability_dodgerollEv	YS::PLAYER::ability_dodgeroll()		med
00179cb8	276	branchy	near	lift	83.67	0047c338	_ZN2YS6PLAYER18exec_lkdash_effectEv	YS::PLAYER::exec_lkdash_effect()		sim-high
0018ad18	276	loop	near	lift	75.26	004eed0c	_ZN2YS3NPC15_OVR_initializeEv	YS::NPC::_OVR_initialize()		sim-high
001af7c0	276	branchy	near	lift	49.80	00432eb4	_ZN2YS8GAMEOVER10get_motionEj	YS::GAMEOVER::get_motion(unsigned int)		med
001b70d0	276	loop	near	m2c	34.57	0043c740	_ZN2YS7LEVELUP6AddExpEi	YS::LEVELUP::AddExp(int)		high
001be778	276	branchy	near	m2c	76.33	0042aff0	_ZN2YS13FIELD_COMMAND10make_top_bEv	YS::FIELD_COMMAND::make_top_b()		med
00226bd0	276	float	near	lift	99.13	002bbd78	_ZN2sa5EVENT13event_end_subEP4TASK	sa::EVENT::event_end_sub(TASK*)		med
00250fb8	276	loop	near	lift	80.27	003b9c38	_ZN2Tz4CANA10isExistAllEv	Tz::CANA::isExistAll()		sim-low
00252208	276	loop	near	lift	83.99	003bb3f0	_ZN2Tz4CANA13CreateNewMarkEv	Tz::CANA::CreateNewMark()		sim-med
0026a060	276	branchy	near	lift	96.17	003a0f54	_ZN2Tz7CmEquip11SetLoopListEv	Tz::CmEquip::SetLoopList()		sim-high
00275b60	276	branchy	near	e3	99.58	002f5e00	_ZN2Tz6Jiminy16SetLoopMainFrameEv	Tz::Jiminy::SetLoopMainFrame()		med
002815d8	276	straight	near	lift	88.52	0031fa7c	_ZN2Tz11ItemPicDraw4InitEv	Tz::ItemPicDraw::Init()		sim-high
002ad390	276	loop	near	ghidra	90.13	00333a08	_ZN2Tz10JmComplete10CheckAlbumEv	Tz::JmComplete::CheckAlbum()		high
002cf638	276	loop	near	m2c	76.42	0064d4b8	_ZN2Ti5MGObj23find_free_member_bufferEi	Ti::MGObj::find_free_member_buffer(int)		high
0013e940	272	straight	near	ghidra	70.96	0009d200	_ZN2dk7Ft4Base12createPacketEv	dk::Ft4Base::createPacket()		sim-high
0015d2e8	272	float	near	lift	91.14	000982b8	_ZN2dk11EventCamera6lookAtERKN2kn7FVectorES4_ffNS1_10Projection4WorHEbbb	dk::EventCamera::lookAt(kn::FVector const&, kn::FVector const&, float, float, kn::Projection::WorH, bool, bool, bool)		med
0017ec98	272	loop	near	ghidra	66.53	004593e8	_ZN2YS6MOTION9id_to_numEi	YS::MOTION::id_to_num(int)		sim-high
00185770	272	float	near	lift	54.04	004baf10	_ZN2YS6WEAPON6appearEv	YS::WEAPON::appear()		sim-low
00190570	272	loop	near	ghidra	47.43	004aa38c	_ZN2YS6TARGET7ReplaceEPNS_3OBJES2_	YS::TARGET::Replace(YS::OBJ*, YS::OBJ*)		med
00198860	272	straight	near	lift	72.32	004a25d4	_ZN2YS6STDOBJ19set_special_commandEi	YS::STDOBJ::set_special_command(int)		seed
0026cda0	272	loop	near	ghidra	91.96	002fdb0c	_ZN2Tz7CmParty11isExistListEv	Tz::CmParty::isExistList()		high
00273b30	272	loop	near	lift	80.29	0039b9bc	_ZN2Tz8CmCustom9isTakeOffEv	Tz::CmCustom::isTakeOff()		med
002aa4a8	272	loop	near	ghidra	80.32	00345874	_ZN2Tz9JmNewInfo10CheckAlbumEv	Tz::JmNewInfo::CheckAlbum()		sim-med
002acc98	272	loop	near	lift	95.26	0034caec	_ZN2Tz9JmNewInfo8isAnyNewEv	Tz::JmNewInfo::isAnyNew()		sim-high
002b4dd0	272	branchy	near	lift	96.00	0030bbcc	_ZN2Tz8CmSLBase15SetupWarningWinEi	Tz::CmSLBase::SetupWarningWin(int)		high
002d0a78	272	loop	near	ghidra	96.47	0064ebf4	_ZN2Ti5MGObj16leave_gimobj_allEv	Ti::MGObj::leave_gimobj_all()		med
00158b78	268	float	near	lift	64.77	00095ea0	_ZN2dk12DangleCamera7controlEPN2YS3PADEPNS_9ObjCameraE	dk::DangleCamera::control(YS::PAD*, dk::ObjCamera*)		high
00161f48	268	float	near	m2c	84.65	00048668	_ZN2dk6Camera14crossFadeStartEfb	dk::Camera::crossFadeStart(float, bool)		med
0019afd8	268	float	near	lift	84.59	004b0cf8	_ZN2YS10UNIT_GROUP15RandomPosPlayerEj	YS::UNIT_GROUP::RandomPosPlayer(unsigned int)		high
001abbf0	268	branchy	near	m2c	60.96	004bbe68	_ZN2YS6CURSOR4execEPNS_6WINDOWEPNS_3PADE	YS::CURSOR::exec(YS::WINDOW*, YS::PAD*)		sim-high
001adf00	268	loop	near	ghidra	62.65	0049750c	_ZN2YS8SELECTOR3GetEi	YS::SELECTOR::Get(int)		sim-low
001c9c78	268	float	near	m2c	63.03	00494170	_ZN2YS9SACRIFICE6ReturnEi	YS::SACRIFICE::Return(int)		med
001dfca8	268	float	near	lift	73.39	002b6e20	_ZN3ryj3PAX7MANAGER13set_obj_colorEb	ryj::PAX::MANAGER::set_obj_color(bool)		med
00226ac0	268	float	near	lift	88.33	002bdc78	_ZN2sa5EVENT9event_runEPcPN2kn7FMatrixEPN2YS3OBJEPN3ryj3PAXEPFviEii	sa::EVENT::event_run(char*, kn::FMatrix*, YS::OBJ*, ryj::PAX*, void (*)(int), int, int)		med
0022ad88	268	loop	near	ghidra	74.51	002e0b2c	_ZN2sa13MUSICAL_INPUT10scorePrintEiPN2dk6SpriteE	sa::MUSICAL_INPUT::scorePrint(int, dk::Sprite*)		high
002b4b00	268	loop	near	lift	86.91	002818a4	_ZN7OvlShop8ItemShop12SetupConfirmEv	OvlShop::ItemShop::SetupConfirm()		sim-high
002c3c90	268	branchy	near	m2c	58.91	003e4380	_ZN2dk10WM_LANDING6selectEv	dk::WM_LANDING::select()		med
001043e8	264	loop	near	lift	94.63	0003acd0	_ZN8GUMIMENU5StartEP4TASK	GUMIMENU::Start(TASK*)		med
0015a158	264	float	near	lift	84.60	0007cfb8	_ZN2dk12TargetCamera7controlEPN2YS3PADEPNS_9ObjCameraE	dk::TargetCamera::control(YS::PAD*, dk::ObjCamera*)		med
0016c060	264	branchy	near	lift	75.41	00462148	_ZN2YS3OBJ8get_faceEPPvS2_	YS::OBJ::get_face(void**, void**)		med
00176868	264	float	near	ghidra	85.67	0047764c	_ZN2YS5PARTY16check_blow_recovERNS_7COMMANDE	YS::PARTY::check_blow_recov(YS::COMMAND&)		sim-med
00178ae8	264	branchy	near	lift	76.71	0047ede8	_ZN2YS6PLAYER24_OVR_exec_command_playerEPKNS_12COMMAND_ELEME	YS::PLAYER::_OVR_exec_command_player(YS::COMMAND_ELEM const*)		sim-high
001bacd0	264	branchy	near	lift	89.29	00451418	_ZN2YS7MISSION7prepareEv	YS::MISSION::prepare()		high
001bf270	264	float	near	lift	98.53	0048baf0	_ZN2YS8PRIZEBOXC1EPKNS_8OBJENTRYERKN2kn7FVectorEif	YS::PRIZEBOX::PRIZEBOX(YS::OBJENTRY const*, kn::FVector const&, int, float)		med
001c99b0	264	float	near	lift	89.32	00494918	_ZN2YS9SACRIFICE13GetFormStatusEi	YS::SACRIFICE::GetFormStatus(int)		med
001e8180	264	loop	near	lift	41.90	005a6cf4	_Z10pppInitPdtPxP7pppProg	pppInitPdt(long long*, pppProg*)		sim-med
0023acd8	264	float	near	lift	84.63	000c3ac8	_ZN2YI8SEQUENCE7ControlEv	YI::SEQUENCE::Control()		med
00252320	264	loop	near	lift	93.91	003bb6a0	_ZN2Tz4CANA18CreateMapBlackPerlEv	Tz::CANA::CreateMapBlackPerl()		sim-med
002880b8	264	straight	near	lift	89.67	0036ecd0	_ZN2Tz9MenuBasic4InitEv	Tz::MenuBasic::Init()		sim-high
002891f0	264	branchy	near	lift	96.03	00381e1c	_ZN2Tz6Select10SetCurrentEibii	Tz::Select::SetCurrent(int, bool, int, int)		high
002a8768	264	loop	near	ghidra	87.40	00342aa8	_ZN2Tz10JmMiniGame13UpdateNewMarkEv	Tz::JmMiniGame::UpdateNewMark()		high
002b3318	264	loop	near	m2c	76.39	00351654	_ZN2Tz8JmPuzzle13CheckCompleteEv	Tz::JmPuzzle::CheckComplete()		med
002dfba8	264	float	near	lift	78.56	00631538	_ZN2Ti21ACTION_PO_JUMP_PLAYER5startEPN2YS3OBJE	Ti::ACTION_PO_JUMP_PLAYER::start(YS::OBJ*)		sim-high
00146390	260	loop	near	lift	83.98	000b04ec	_ZN2dk11OctDrawFile15setNotScisGroupEiRi	dk::OctDrawFile::setNotScisGroup(int, int&)		sim-low
00189e18	260	branchy	near	ghidra	51.37	004d73c4	_ZN2YS6ANMATR15ReactionCommandEPNS_3OBJEii	YS::ANMATR::ReactionCommand(YS::OBJ*, int, int)		sim-high
0018ee60	260	branchy	near	lift	78.14	004088cc	_ZN2YS6ATTACK6StrikeEPNS_6BTLOBJEiS2_RKN2kn7FVectorEb	YS::ATTACK::Strike(YS::BTLOBJ*, int, YS::BTLOBJ*, kn::FVector const&, bool)		med
0019cd40	260	float	near	lift	76.49	00443598	_ZN2YS6LOCKON13check_releaseEv	YS::LOCKON::check_release()		med
001bdd50	260	float	near	lift	91.88	00480cc0	_ZN2YS14PLAYER_COMMAND11check_alphaEv	YS::PLAYER_COMMAND::check_alpha()		med
001be060	260	branchy	near	lift	73.41	0042bfd4	_ZN2YS13FIELD_COMMAND5_execEv	YS::FIELD_COMMAND::_exec()		med
001d0980	260	branchy	near	lift	90.15	0049eadc	_ZN2YS4SORAC1EPKNS_8OBJENTRYEiPNS_3PADERKN2kn7FVectorEf	YS::SORA::SORA(YS::OBJENTRY const*, int, YS::PAD*, kn::FVector const&, float)		med
001e9c28	260	float	near	lift	63.88	005c38d8	pppVertexAttend	pppVertexAttend		sim-med
00229728	260	loop	near	lift	95.37	002e22fc	_ZN2sa13MUSICAL_SCORE6updateEv	sa::MUSICAL_SCORE::update()		high
0022a0f8	260	float	near	ghidra	66.61	002df5c8	_ZN2sa17CIRCLE_MASK_INPUT6createEiii	sa::CIRCLE_MASK_INPUT::create(int, int, int)		med
0022e4f0	260	float	near	lift	84.43	002d3ecc	_ZN2sa5EVENT14set_mirror_seqERNS_10BIN_MIRROREP4TASK	sa::EVENT::set_mirror_seq(sa::BIN_MIRROR&, TASK*)		sim-high
0022f6b8	260	float	near	lift	53.05	002d1d98	_ZN2sa5EVENT7set_rotEPN2YS3OBJERN2kn7FVectorE	sa::EVENT::set_rot(YS::OBJ*, kn::FVector&)		med
0025d918	260	straight	near	lift	95.86	002fc3a0	_ZN2Tz6CmLoad5SetupEv	Tz::CmLoad::Setup()		high
0026b0f8	260	loop	near	lift	73.43	003a4940	_ZN2Tz7CmEquip15CtrlAutoConfirmEv	Tz::CmEquip::CtrlAutoConfirm()		sim-high
0027a6d8	260	branchy	near	ghidra	60.77	0038c05c	_ZN2Tz9CmAbility9UpdateNewEv	Tz::CmAbility::UpdateNew()		high
00280c38	260	branchy	near	lift	94.31	0031e484	_ZN2Tz12GumiGameOver7ControlEv	Tz::GumiGameOver::Control()		high
0028c3f0	260	loop	near	lift	93.42	00372690	_ZN2Tz8MenuItem4initEP9ALLOCATOR	Tz::MenuItem::init(ALLOCATOR*)		high
002ae660	260	loop	near	ghidra	61.40	003353ec	_ZN2Tz10JmComplete17isPuzzlePieceCompEi	Tz::JmComplete::isPuzzlePieceComp(int)		high
002e5fb8	260	loop	near	m2c	74.69	00657bc4	_ZN2Ti4Tim24initEPv	Ti::Tim2::init(void*)		sim-med
001213c0	256	loop	near	lift	96.06	000f4a0c	_ZN2kn8ModelSKL8showPartEPci	kn::ModelSKL::showPart(char*, int)		sim-vt-high
00130c18	256	float	near	m2c	66.30	00101cd4	_ZN2kn16MotionPrototype023setConstraintActivationEf	kn::MotionPrototype0::setConstraintActivation(float)		sim-med
001ad838	256	loop	near	lift	89.06	006ccf28	_ZN2YS15WINDOW_TUTORIALD0Ev	YS::WINDOW_TUTORIAL::~WINDOW_TUTORIAL()		sim-high
001f5df8	256	branchy	near	lift	94.69	005a9954	pppKeBornRnd2	pppKeBornRnd2		sim-med
001f6030	256	branchy	near	lift	94.69	005a9be8	pppKeBornRnd3	pppKeBornRnd3		sim-sandwich
0024e9c0	256	loop	near	ghidra	87.55	003cf94c	_ZN2Tz4TTMY10SetupCMarkEv	Tz::TTMY::SetupCMark()		med
0025dde8	256	switch	near	ghidra	4.64	002fb920	_ZN2Tz6CmLoad13CtrlSlotCheckEv	Tz::CmLoad::CtrlSlotCheck()		high
0026a9f8	256	branchy	near	m2c	69.70	003a17b0	_ZN2Tz7CmEquip12DrawStockNumEiijjPN2dk13SpriteMessageE	Tz::CmEquip::DrawStockNum(int, int, unsigned int, unsigned int, dk::SpriteMessage*)		med
00296da8	256	loop	near	ghidra	82.28	003582ec	_ZN2Tz8JmReport13PadSel2SelNumEi	Tz::JmReport::PadSel2SelNum(int)		high
002b6138	256	loop	near	m2c	67.01	0030db48	_ZN2Tz8CmSLBase12DrawListMessEiijjPN2dk13SpriteMessageE	Tz::CmSLBase::DrawListMess(int, int, unsigned int, unsigned int, dk::SpriteMessage*)		med
003259a0	256	loop	near	lift	87.17	006cc79c	_ZN2YS15WINDOW_TUTORIALD1Ev	YS::WINDOW_TUTORIAL::~WINDOW_TUTORIAL()		sim-high
00111e50	252	loop	near	lift	81.83	000e0f50	_ZN2kn6Friend20setPartyCharaAddressEv	kn::Friend::setPartyCharaAddress()		med
00135ad0	252	loop	near	ghidra	87.36	001042a0	_ZN2kn11ObjObserver11removeEntryEPN2YS3OBJE	kn::ObjObserver::removeEntry(YS::OBJ*)		sim-high
00179a68	252	float	near	lift	72.04	0047c494	_ZN2YS6PLAYER9add_driveEf	YS::PLAYER::add_drive(float)		high
00180a10	252	loop	near	m2c	47.35	0045b1b8	_ZN2YS6MOTION8check_ikEPN2kn8IKAdjustE	YS::MOTION::check_ik(kn::IKAdjust*)		med
001a2a50	252	loop	near	m2c	96.19	00436b7c	_ZN2YS4ITEM3UseEiiii	YS::ITEM::Use(int, int, int, int)		high
001ad638	252	loop	near	lift	79.12	004bdb58	_ZN2YS22WINDOW_SYSTEM_TUTORIALD1Ev	YS::WINDOW_SYSTEM_TUTORIAL::~WINDOW_SYSTEM_TUTORIAL()		sim-high
001ad738	252	loop	near	lift	79.12	006cc49c	_ZN2YS11WINDOW_BASED1Ev	YS::WINDOW_BASE::~WINDOW_BASE()		sim-vt-med
001b3e88	252	branchy	near	m2c	85.24	0047b1bc	_ZN2YS7PIERROT9damage_seEPNS_6DAMAGEE	YS::PIERROT::damage_se(YS::DAMAGE*)		high
001d7538	252	float	near	m2c	70.41	004859b8	_ZN2YS15PRIZE_COLOSSEUM11AppearTableERKN2kn7FVectorEPKNS_10PRIZETABLEE	YS::PRIZE_COLOSSEUM::AppearTable(kn::FVector const&, YS::PRIZETABLE const*)		sim-high
001dbe78	252	float	near	lift	77.05	00420790	_ZN2YS11CROWDEFFECT10appear_objERKN2kn7FVectorE	YS::CROWDEFFECT::appear_obj(kn::FVector const&)		sim-low
001e9d48	252	float	near	lift	73.19	005c2f14	_Z4apeaP11_pppPObjectP9PVertexApP10pppSVECTOR	apea(_pppPObject*, PVertexAp*, pppSVECTOR*)		sim-high
002308c8	252	loop	near	ghidra	77.62	002cf6fc	_ZN2sa5EVENT18set_bin_spline_seqERNS_14BIN_SPLINE_SEQE	sa::EVENT::set_bin_spline_seq(sa::BIN_SPLINE_SEQ&)		sim-low
0028b3c0	252	loop	near	m2c	95.32	00366bd8	_ZN2Tz6LaySeq6updateEv	Tz::LaySeq::update()		sim-high
002e9b58	252	loop	near	m2c	96.14	006224f4	_ZN2Ts15TARGET_SEARCHER3addEPN2YS3OBJEi	Ts::TARGET_SEARCHER::add(YS::OBJ*, int)		sim-high
002f12b0	252	float	near	m2c	62.23	005ea600	_ZN2dk4Turn5startEPN2YS3OBJEiff	dk::Turn::start(YS::OBJ*, int, float, float)		high
001214c0	248	loop	near	lift	95.94	000f4af8	_ZN2kn8ModelSKL8hidePartEPci	kn::ModelSKL::hidePart(char*, int)		sim-vt-high
001216a8	248	loop	near	lift	95.94	000f4cc0	_ZN2kn8ModelSKL12resetStealthEPci	kn::ModelSKL::resetStealth(char*, int)		sim-vt-high
0013a368	248	loop	near	lift	92.15	0005106c	_ZN2dk8Field2DD14restartCommandEv	dk::Field2DD::restartCommand()		med
001618f0	248	straight	near	ghidra	89.92	000480e0	_ZN2dk6Camera22createSingleCameraTaskEv	dk::Camera::createSingleCameraTask()		med
0018a008	248	float	near	ghidra	60.32	004d8ab8	_ZNK2YS6ANMATR12each_triggerEffPFvPKNS0_7TRIGGEREPvES4_	YS::ANMATR::each_trigger(float, float, void (*)(YS::ANMATR::TRIGGER const*, void*), void*) const		sim-med
00194120	248	float	near	lift	85.22	00468358	_ZN2YS3OBJ9exec_fadeEv	YS::OBJ::exec_fade()		med
001a2340	248	branchy	near	m2c	58.97	004980f4	_ZNK2YS5SHEET19adjust_combo_damageEiPKS0_PKNS_11ATTACKPARAME	YS::SHEET::adjust_combo_damage(int, YS::SHEET const*, YS::ATTACKPARAM const*) const		sim-med
001d61b8	248	branchy	near	lift	87.16	004d9740	_ZN2YS9ANTI_FORM9CheckFormEPNS_4SORAEi	YS::ANTI_FORM::CheckForm(YS::SORA*, int)		sim-high
002ab448	248	loop	near	ghidra	69.85	00344ef8	_ZN2Tz9JmNewInfo13CheckTreasureEv	Tz::JmNewInfo::CheckTreasure()		sim-high
002ad9f8	248	loop	near	lift	84.22	003333d4	_ZN2Tz10JmComplete13CheckTreasureEv	Tz::JmComplete::CheckTreasure()		high
002ed738	248	float	near	lift	79.76	00629798	_ZN2Ts19TRINITY_SHOT_EFFECT4mainEv	Ts::TRINITY_SHOT_EFFECT::main()		sim-high
00161df0	244	float	near	m2c	62.57	00048df0	_ZN2dk6Camera18crossFadeStartTaskEP4TASK	dk::Camera::crossFadeStartTask(TASK*)		med
0016a1b8	244	float	near	m2c	69.25	0045dd5c	_ZN2YS3OBJ8set_clsnEPv	YS::OBJ::set_clsn(void*)		med
0018ed18	244	loop	near	m2c	60.79	00407414	_ZN2YS19ATTACK_WORK_MANAGER5checkEv	YS::ATTACK_WORK_MANAGER::check()		high
0019d260	244	branchy	near	ghidra	77.85	004436dc	_ZN2YS6LOCKON11update_markEv	YS::LOCKON::update_mark()		high
001a0a48	244	float	near	lift	66.54	004ca968	_ZN2YS15ACTION_DUSKJUMP13calc_movementEPNS_3OBJE	YS::ACTION_DUSKJUMP::calc_movement(YS::OBJ*)		sim-med
001a2108	244	branchy	near	m2c	60.26	00497e30	_ZNK2YS5SHEET17adjust_game_levelEiPNS_6BTLOBJE	YS::SHEET::adjust_game_level(int, YS::BTLOBJ*) const		med
001cea48	244	branchy	near	m2c	81.15	004ec8d0	_ZN2YS10LIGHTCYCLE10check_turnEPNS_8TRPLAYEREPKNS_3PADE	YS::LIGHTCYCLE::check_turn(YS::TRPLAYER*, YS::PAD const*)		sim-high
001d3e40	244	loop	near	m2c	88.56	004419f8	_ZNK2YS11LIMIT_TABLE8can_execEv	YS::LIMIT_TABLE::can_exec() const		med
001d62b0	244	loop	near	ghidra	72.31	004d9438	_ZN2YS9ANTI_FORM6IsAntiEPNS_4SORAEPNS_7FORMRAME	YS::ANTI_FORM::IsAnti(YS::SORA*, YS::FORMRAM*)		sim-high
00244b38	244	branchy	near	m2c	75.03	003bf4b0	_ZN2Tz4HEFT11UpdateScoreEv	Tz::HEFT::UpdateScore()		med
0027c3e0	244	branchy	near	lift	65.90	00391200	_ZN2Tz9CmAbility8SelCheckEi	Tz::CmAbility::SelCheck(int)		high
00280148	244	straight	near	lift	93.70	0031caf0	_ZN2Tz9GumiPause12CreateAdviceEv	Tz::GumiPause::CreateAdvice()		sim-high
002926c0	244	straight	near	lift	96.72	00388078	_ZN2Tz8UnitLoad4InitEi	Tz::UnitLoad::Init(int)		sim-high
002ca4c0	244	branchy	near	lift	62.41	003e0320	_ZN2dk11WM_GLANDING6selectEv	dk::WM_GLANDING::select()		high
002caa50	244	straight	near	lift	89.18	003e094c	_ZN2dk11WM_GLANDING6createEPKci	dk::WM_GLANDING::create(char const*, int)		high
00322300	244	loop	near	m2c	90.34	006b6de8	_ZN2sa13MUSICAL_COMBOD0Ev	sa::MUSICAL_COMBO::~MUSICAL_COMBO()		sim-vt-high
00119d70	240	float	near	m2c	79.82	000e8fc0	_ZN2kn5Genie6potionEPNS_12FriendActionEPN2YS6TARGETEPPvb	kn::Genie::potion(kn::FriendAction*, YS::TARGET*, void**, bool)		med
0011e260	240	loop	near	lift	85.64	000f033c	_ZN2kn8ModelObj11bindTextureEPv	kn::ModelObj::bindTexture(void*)		sim-low
001215b8	240	loop	near	lift	95.81	000f4bdc	_ZN2kn8ModelSKL10setStealthEPci	kn::ModelSKL::setStealth(char*, int)		sim-vt-high
001384d0	240	loop	near	ghidra	76.72	00070c8c	_ZN2dk5Pause12pause_threadEP4TASK	dk::Pause::pause_thread(TASK*)		med
0016f520	240	branchy	near	lift	89.73	0046a84c	_ZNK2YS8OBJENTRY8get_msetEjPc	YS::OBJENTRY::get_mset(unsigned int, char*) const		sim-med
00176168	240	float	near	ghidra	73.01	00477e58	_ZN2YS5PARTY10set_weaponEji	YS::PARTY::set_weapon(unsigned int, int)		med
0017cd20	240	float	near	lift	82.22	00403658	_ZN2YS11ACTION_JUMP10party_jumpEPNS_3OBJEb	YS::ACTION_JUMP::party_jump(YS::OBJ*, bool)		sim-high
001c3060	240	loop	near	m2c	85.78	004c5818	_ZN2YS7ABILITY5checkEv	YS::ABILITY::check()		sim-high
001cd078	240	switch	near	lift	90.46	0048a680	_ZN2YS8PRIZE_TT10ExecDamageEPNS_6DAMAGEE	YS::PRIZE_TT::ExecDamage(YS::DAMAGE*)		sim-high
001d5f30	240	loop	near	m2c	96.08	0042f9f4	_ZN2YS10FORM_LEVEL6AddExpEPNS_6PLAYEREi	YS::FORM_LEVEL::AddExp(YS::PLAYER*, int)		med
001e1070	240	float	near	ghidra	71.35	00618124	_ZN3ryj5LASER6strikeEPN2YS6BTLOBJE	ryj::LASER::strike(YS::BTLOBJ*)		sim-high
001e8ac8	240	loop	near	lift	82.97	005a6f44	_Z14pppRunPartExecP9_pppMngSt	pppRunPartExec(_pppMngSt*)		sim-med
00228150	240	branchy	near	lift	95.25	002bd060	_ZN2sa5EVENT17event_task_createEi	sa::EVENT::event_task_create(int)		med
0022c108	240	branchy	near	lift	89.74	002c5a9c	_ZN2sa5EVENT14last_countdownEv	sa::EVENT::last_countdown()		high
0028d980	240	branchy	near	lift	95.30	0037687c	_ZN2Tz8MenuUtil10CreateMessEPN2dk13SpriteMessageEiiiPNS_6LayoutEiiiii	Tz::MenuUtil::CreateMess(dk::SpriteMessage*, int, int, int, Tz::Layout*, int, int, int, int, int)		high
002adfd0	240	loop	near	ghidra	87.48	00332500	_ZN2Tz10JmComplete10CheckStoryEv	Tz::JmComplete::CheckStory()		high
00147050	236	loop	near	ghidra	82.09	000ad2d4	_ZN2dk11OctDrawFile14findDrawObjectEiPNS_11ObjDrawListEiRi	dk::OctDrawFile::findDrawObject(int, dk::ObjDrawList*, int, int&)		sim-med
00152820	236	straight	near	ghidra	92.34	0005c250	_ZN2dk8LEVEL_UP7calcPosERiS1_S1_S1_Rj	dk::LEVEL_UP::calcPos(int&, int&, int&, int&, unsigned int&)		sim-high
0015b680	236	loop	near	m2c	92.62	000992c8	_ZN2dk3Exp5printERKN2kn7FVectorEii	dk::Exp::print(kn::FVector const&, int, int)		high
00177760	236	branchy	near	lift	84.95	004766c8	_ZN2YS5PARTY20_OVR_attack_callbackEPNS_6BTLOBJEPNS_6ATTACKEPKNS_11ATTACKPARAME	YS::PARTY::_OVR_attack_callback(YS::BTLOBJ*, YS::ATTACK*, YS::ATTACKPARAM const*)		med
0018c150	236	float	near	lift	55.02	004f0020	_ZN2YS3NPC14end_rtn_actionEv	YS::NPC::end_rtn_action()		sim-med
0019e758	236	loop	near	m2c	66.31	004916d4	_ZN2YS11RC_SEARCHER17check_auto_summonEPNS_6PLAYERE	YS::RC_SEARCHER::check_auto_summon(YS::PLAYER*)		sim-high
001b3118	236	loop	near	lift	59.20	004728e0	_ZN2YS6OBJOCC10set_matrixEPNS_3OBJE	YS::OBJOCC::set_matrix(YS::OBJ*)		med
001b5708	236	straight	near	lift	80.28	0043f4e4	_ZN2YS5LIMIT19set_special_commandEi	YS::LIMIT::set_special_command(int)		high
001c0320	236	float	near	lift	89.27	0040a1c8	_ZN2YS12ATTACK_CHECK3hitEPNS_6ATTACKERb	YS::ATTACK_CHECK::hit(YS::ATTACK*, bool&)		sim-high
001d89e8	236	loop	near	e3	95.08	00455c60	_ZN2YS7MISSION17SetCountFigureNumEiii	YS::MISSION::SetCountFigureNum(int, int, int)		sim-high
0026b008	236	loop	near	ghidra	70.11	003a1f04	_ZN2Tz7CmEquip22CheckAutoReplenishmentEv	Tz::CmEquip::CheckAutoReplenishment()		high
00292fe8	236	straight	near	lift	50.62	0038787c	_ZN2Tz8UnitLoad12BackReadFaceEv	Tz::UnitLoad::BackReadFace()		sim-med
002a4b78	236	loop	near	ghidra	77.36	003601ac	_ZN2Tz10JmTreasure12AdjustCurPosEv	Tz::JmTreasure::AdjustCurPos()		high
002ae0c0	236	loop	near	ghidra	32.00	00332298	_ZN2Tz10JmComplete11isStoryCompEi	Tz::JmComplete::isStoryComp(int)		med
002e2570	236	float	near	lift	67.80	00634fa0	_ZN2Ti12MG_EHSidecar9post_execEv	Ti::MG_EHSidecar::post_exec()		sim-med
002ea360	236	float	near	m2c	48.76	00169b00	_ZN2gb6PLAYER12calc_postureEv	gb::PLAYER::calc_posture()		sim-low
0015c958	232	float	near	lift	63.67	00061450	_ZN2dk8MapColor6setFogEiiiiii	dk::MapColor::setFog(int, int, int, int, int, int)		sim-low
0015f8d8	232	branchy	near	lift	56.83	00078200	_ZN2dk3SkyC1EjRKN2kn7FVectorES4_S4_ii	dk::Sky::Sky(unsigned int, kn::FVector const&, kn::FVector const&, kn::FVector const&, int, int)		sim-low
0017c578	232	float	near	lift	67.93	00402ac8	_ZN2YS11ACTION_JUMP5startEPNS_3OBJE	YS::ACTION_JUMP::start(YS::OBJ*)		sim-high
0017e720	232	float	near	m2c	84.75	00431bc0	_ZN2YS6FRIEND8AutoHealEv	YS::FRIEND::AutoHeal()		med
00189f20	232	float	near	ghidra	81.29	004d8898	_ZNK2YS6ANMATR10each_rangeEfPFvPKNS0_5RANGEEPvES4_	YS::ANMATR::each_range(float, void (*)(YS::ANMATR::RANGE const*, void*), void*) const		sim-med
0018b7f8	232	float	near	lift	63.36	004ef1e0	_ZN2YS3NPC13check_in_zoneEv	YS::NPC::check_in_zone()		sim-high
001920f0	232	loop	near	lift	59.50	0044d304	_ZN2YS7MESSAGE7GetDataEi	YS::MESSAGE::GetData(int)		sim-low
001a35f8	232	loop	near	m2c	41.74	00437534	_ZN2YS4ITEM6GetNumEii	YS::ITEM::GetNum(int, int)		med
001c2490	232	float	near	lift	98.90	00448f60	_ZN2YS7MASSOBJC1EPKNS_8OBJENTRYEiiijj	YS::MASSOBJ::MASSOBJ(YS::OBJENTRY const*, int, int, int, unsigned int, unsigned int)		sim-high
001cfaf0	232	float	near	lift	76.28	004d5218	_ZN2YS12ACTION_NMGUN7controlEPNS_3OBJE	YS::ACTION_NMGUN::control(YS::OBJ*)		sim-high
00209ed0	232	float	near	lift	76.25	005c5478	pppRyjDrawDrawMatrixWorldDttFr	pppRyjDrawDrawMatrixWorldDttFr		sim-high
0022ca00	232	loop	near	lift	91.21	002caf44	_ZN2sa5EVENT10light_ctrlEv	sa::EVENT::light_ctrl()		high
00237068	232	straight	near	lift	54.43	000c6a28	_ZN2YI6SPRITE4InitEPvPNS_5IMAGEE	YI::SPRITE::Init(void*, YI::IMAGE*)		sim-med
00245dd0	232	branchy	near	lift	95.09	003c4220	_ZN2Tz4HECO7ControlEv	Tz::HECO::Control()		high
0027b5d0	232	loop	near	m2c	77.30	0039003c	_ZN2Tz9CmAbility16GetTopSelMessageEv	Tz::CmAbility::GetTopSelMessage()		med
0028de08	232	loop	near	ghidra	86.16	00376fdc	_ZN2Tz8MenuUtil15MakeQuestionStrEiPci	Tz::MenuUtil::MakeQuestionStr(int, char*, int)		high
002ad6e8	232	loop	near	lift	89.10	00333708	_ZN2Tz10JmComplete10CheckQuestEv	Tz::JmComplete::CheckQuest()		high
001c7ca8	228	float	near	lift	72.29	00486c98	_ZN2YS8PRIZE_MU11AppearTableERKN2kn7FVectorEPKNS_10PRIZETABLEE	YS::PRIZE_MU::AppearTable(kn::FVector const&, YS::PRIZETABLE const*)		high
001e4e18	228	float	near	lift	53.59	002ad068	_Z10pppInitDpdPc	pppInitDpd(char*)		sim-med
00261fb8	228	loop	near	lift	94.51	003a8860	_ZN2Tz6CmItem15UpdateStockListEv	Tz::CmItem::UpdateStockList()		high
002826f8	228	switch	near	m2c	91.49	0032200c	_ZN2Tz8ItemInfo12CalcEquipMaxEii	Tz::ItemInfo::CalcEquipMax(int, int)		sim-high
00282858	228	loop	near	lift	95.51	00322570	_ZN2Tz8ItemInfo12MakeStockMsgEii	Tz::ItemInfo::MakeStockMsg(int, int)		med
00284650	228	loop	near	lift	95.32	002ee9dc	_ZN2Tz6Ending7LoopAllEv	Tz::Ending::LoopAll()		med
00284ef0	228	branchy	near	m2c	90.82	002ef52c	_ZN2Tz6Ending7ControlEv	Tz::Ending::Control()		high
00291110	228	straight	near	ghidra	91.95	00326468	_ZN2Tz8ItemStat11CreateEquipEiiiPN2dk6SpriteEii	Tz::ItemStat::CreateEquip(int, int, int, dk::Sprite*, int, int)		med
0029e170	228	branchy	near	lift	87.16	0033c3f4	_ZN2Tz5JmDic15CreateCharaBaseEi	Tz::JmDic::CreateCharaBase(int)		med
002d6518	228	float	near	lift	99.65	0064bed8	_ZN2Ti11MGOarashiPo7combineEv	Ti::MGOarashiPo::combine()		med
002ed350	228	branchy	near	m2c	75.80	0062929c	_ZN2Ts16TRINITY_SHOT_OBJ5startEPN2YS3OBJEPNS1_6TARGETERKN2kn7FVectorES9_	Ts::TRINITY_SHOT_OBJ::start(YS::OBJ*, YS::TARGET*, kn::FVector const&, kn::FVector const&)		med
002f1670	228	float	near	m2c	44.08	005ea4c8	_ZN2dk5Shake4execEv	dk::Shake::exec()		med
0031c368	228	loop	near	lift	81.73	006aa014	_ZN2dk5TIMERD0Ev	dk::TIMER::~TIMER()		sim-vt-high
00133078	224	loop	near	ghidra	91.59	0010f178	_ZN2kn10TEXAnmWork19getActiveTEXAnmWorkEPNS_13AnimationWorkEPPvjjS3_	kn::TEXAnmWork::getActiveTEXAnmWork(kn::AnimationWork*, void**, unsigned int, unsigned int, void*)		sim-med
00136878	224	branchy	near	ghidra	53.70	00045d58	_ZN2dk4BGSE16playBackGroundSeEv	dk::BGSE::playBackGroundSe()		sim-low
00143b88	224	branchy	near	lift	78.12	0006d7bc	_ZN2dk6Octree13intersectLineERNS_4LineERN2kn7FVectorERtRPNS_6ObjOccEi	dk::Octree::intersectLine(dk::Line&, kn::FVector&, unsigned short&, dk::ObjOcc*&, int)		high
001515b0	224	loop	near	lift	95.71	000b6bfc	_ZN2dk5TIMER10forceLeaveEv	dk::TIMER::forceLeave()		sim-low
00177c50	224	float	near	e3	67.17	004767e0	_ZN2YS5PARTY11_OVR_add_hpEiib	YS::PARTY::_OVR_add_hp(int, int, bool)		med
00184ad0	224	float	near	m2c	77.00	00471840	_ZN2YS3OBJ11turn_to_dirERKN2kn7FVectorEf	YS::OBJ::turn_to_dir(kn::FVector const&, float)		high
0019b180	224	loop	near	ghidra	27.89	004b19b4	_ZN2YS10UNIT_GROUP11exec_battleEv	YS::UNIT_GROUP::exec_battle()		med
001b1ee8	224	loop	near	lift	89.86	004391a8	_ZN2YS7ITEMPIC15ReadImageThreadEP4TASK	YS::ITEMPIC::ReadImageThread(TASK*)		high
001b2f38	224	loop	near	ghidra	87.36	004726f8	_ZN2YS6OBJOCC4initEPvb	YS::OBJOCC::init(void*, bool)		med
001cf9e0	224	branchy	near	lift	81.27	004ee104	_ZN2YS8NMPLAYER8set_lampEi	YS::NMPLAYER::set_lamp(int)		sim-high
001e7be0	224	loop	near	lift	79.38	005a65ec	_Z17pppAllFreePObjectP9_pppMngSt	pppAllFreePObject(_pppMngSt*)		sim-med
00244068	224	branchy	near	lift	97.81	003c0a4c	_ZN2Tz4HEFT7ControlEv	Tz::HEFT::Control()		med
00252fe8	224	branchy	near	lift	79.68	002ea9bc	_ZN2Tz8CampMenu4InitEi	Tz::CampMenu::Init(int)		med
00288670	224	branchy	near	lift	79.70	0036f198	_ZN2Tz9MenuBasic9StartFadeEPFvvE	Tz::MenuBasic::StartFade(void (*)())		med
0028aa40	224	loop	near	lift	88.62	00382610	_ZN2Tz6Select7FadeOutEv	Tz::Select::FadeOut()		high
0028bfc0	224	float	near	lift	95.36	0037de20	_ZN2Tz9ScrollBar6SetMaxEi	Tz::ScrollBar::SetMax(int)		med
0028d1c0	224	loop	near	lift	96.07	00367b94	_ZN2Tz8LightCur6CreateEiiiPNS_6LayoutEPKsii	Tz::LightCur::Create(int, int, int, Tz::Layout*, short const*, int, int)		high
0029ae40	224	switch	near	ghidra	90.50	0033e314	_ZN2Tz5JmDic5SetupEv	Tz::JmDic::Setup()		high
002ab020	224	loop	near	m2c	73.57	00345184	_ZN2Tz9JmNewInfo13CheckMiniGameEv	Tz::JmNewInfo::CheckMiniGame()		sim-med
002adaf0	224	loop	near	lift	73.62	00334e54	_ZN2Tz10JmComplete14isTreasureCompEi	Tz::JmComplete::isTreasureComp(int)		high
002e8d08	224	float	near	m2c	55.87	00623650	_ZN2Ts39trap_limit_aladdin_exclamation_mark_posEP8BD_VALUE	Ts::trap_limit_aladdin_exclamation_mark_pos(BD_VALUE*)		med
00132f98	220	loop	near	lift	88.38	0010efc8	_ZN2kn10TEXAnmWork19getActiveTEXAnmWorkEPNS_13AnimationWorkEjPPS0_jPv	kn::TEXAnmWork::getActiveTEXAnmWork(kn::AnimationWork*, unsigned int, kn::TEXAnmWork**, unsigned int, void*)		sim-med
00149de0	220	branchy	near	lift	96.49	000434bc	_ZN2dk4Area16cacheBuffDestroyEPK4AREA	dk::Area::cacheBuffDestroy(AREA const*)		med
0014ccb8	220	branchy	near	lift	38.31	0004979c	_ZN2dk5Clock15iupdatePlayTimeEv	dk::Clock::iupdatePlayTime()		sim-med
00179450	220	float	near	m2c	84.48	0047de20	_ZN2YS6PLAYER14ability_lkdashEv	YS::PLAYER::ability_lkdash()		med
0017e418	220	float	near	lift	87.29	00431640	_ZN2YS6FRIEND6AppearEPKNS_8OBJENTRYERKN2kn7FVectorEf	YS::FRIEND::Appear(YS::OBJENTRY const*, kn::FVector const&, float)		high
00189d38	220	branchy	near	lift	83.89	004d72c8	_ZN2YS6ANMATR13TriggerEffectEPNS_6MOTIONEPKNS0_7TRIGGERE	YS::ANMATR::TriggerEffect(YS::MOTION*, YS::ANMATR::TRIGGER const*)		sim-high
0018aba0	220	float	near	lift	66.53	004efc48	_ZN2YS3NPCC1EPKNS_8OBJENTRYEiRKN2kn7FVectorEf	YS::NPC::NPC(YS::OBJENTRY const*, int, kn::FVector const&, float)		sim-low
001b90f0	220	branchy	near	m2c	70.19	0041b9dc	_ZNK2YS12COMMAND_ELEM7can_useEPNS_6PLAYERE	YS::COMMAND_ELEM::can_use(YS::PLAYER*) const		high
001bcc28	220	loop	near	lift	80.43	0041c6a4	_ZN2YS12COMMAND_MENU13exec_shortcutEv	YS::COMMAND_MENU::exec_shortcut()		med
001d50b8	220	loop	near	ghidra	49.35	00414380	_ZN2YS7CA_SHIP10IsSkipAreaERK4AREARNS_6JUMPERE	YS::CA_SHIP::IsSkipArea(AREA const&, YS::JUMPER&)		sim-med
001d98a0	220	branchy	near	m2c	61.35	0040cdc4	_ZN2YS13BATTLE_REPORT15IsFMSecretMovieEv	YS::BATTLE_REPORT::IsFMSecretMovie()		sim-high
002325f0	220	branchy	near	ghidra	86.41	002bf978	_ZN2sa5EVENT18isTTPacheVoicePlayEPNS_7READ_WKE	sa::EVENT::isTTPacheVoicePlay(sa::READ_WK*)		sim-low
002331a0	220	straight	near	lift	92.69	002cdfdc	_ZN2sa5EVENT15motion_read_setEPcNS_11EVENT_ALLOC10ALLOC_TYPEEiii	sa::EVENT::motion_read_set(char*, sa::EVENT_ALLOC::ALLOC_TYPE, int, int, int)		med
002641c8	220	loop	near	lift	78.62	00320e18	_ZN2Tz9IShopInfo11AddItemDataEPNS0_7ShopTblEPtit	Tz::IShopInfo::AddItemData(Tz::IShopInfo::ShopTbl*, unsigned short*, int, unsigned short)		sim-low
00286418	220	loop	near	lift	79.29	003afcbc	_ZN2Tz8CmNewFlg9isStatNewEi	Tz::CmNewFlg::isStatNew(int)		sim-high
0028def0	220	loop	near	ghidra	82.29	0037712c	_ZN2Tz8MenuUtil15MakeQuestionStrEPci	Tz::MenuUtil::MakeQuestionStr(char*, int)		sim-high
002ab540	220	loop	near	lift	67.46	00349914	_ZN2Tz9JmNewInfo13isTreasureNewEi	Tz::JmNewInfo::isTreasureNew(int)		high
002ab8e8	220	loop	near	ghidra	85.23	00349f94	_ZN2Tz9JmNewInfo9isNaviNewEi	Tz::JmNewInfo::isNaviNew(int)		high
002ad258	220	loop	near	ghidra	92.38	00333bf8	_ZN2Tz10JmComplete10CheckAnsemEv	Tz::JmComplete::CheckAnsem()		high
002ad580	220	loop	near	ghidra	92.38	00333888	_ZN2Tz10JmComplete11CheckBattleEv	Tz::JmComplete::CheckBattle()		high
002adbd0	220	loop	near	lift	81.98	00333258	_ZN2Tz10JmComplete9CheckNaviEv	Tz::JmComplete::CheckNavi()		med
002adcb0	220	loop	near	ghidra	85.23	00334fec	_ZN2Tz10JmComplete10isNaviCompEi	Tz::JmComplete::isNaviComp(int)		high
001285f8	216	float	near	lift	89.41	000fa028	_ZN2kn16MotionPrototype012getTimeIndexEfRiS1_	kn::MotionPrototype0::getTimeIndex(float, int&, int&)		sim-med
0013a6f8	216	loop	near	lift	90.98	000517d0	_ZN2dk8Field2DD8initAreaEv	dk::Field2DD::initArea()		sim-med
00145ab8	216	loop	near	ghidra	71.38	000b1388	_ZN2dk11OctDrawFileD1Ev	dk::OctDrawFile::~OctDrawFile()		sim-low
0014ca80	216	float	near	ghidra	73.06	000496b8	_ZN2dk5Clock13vCountToHMSMSEjRjS1_S1_S1_	dk::Clock::vCountToHMSMS(unsigned int, unsigned int&, unsigned int&, unsigned int&, unsigned int&)		high
001506e0	216	loop	near	lift	93.72	000b84e4	_ZN2dk7COUNTER10forceLeaveEv	dk::COUNTER::forceLeave()		med
00150940	216	branchy	near	m2c	81.83	000a8b4c	_ZN2dk18INFORMATION_WINDOW10setMessageEPKN2YS7MESSAGEE	dk::INFORMATION_WINDOW::setMessage(YS::MESSAGE const*)		med
00151c70	216	loop	near	lift	93.72	000a92cc	_ZN2dk13MISSION_GAUGE10forceLeaveEv	dk::MISSION_GAUGE::forceLeave()		high
0015ca40	216	float	near	lift	68.07	000611f8	_ZN2dk8MapColor5setupEPS0_	dk::MapColor::setup(dk::MapColor*)		sim-med
00184eb8	216	float	near	lift	93.18	00471958	_ZN2YS3OBJ8set_pathEiPNS_10UNIT_GROUPE	YS::OBJ::set_path(int, YS::UNIT_GROUP*)		med
00187650	216	float	near	lift	61.67	00413b54	_ZN2YS6BTLOBJ6add_mpEib	YS::BTLOBJ::add_mp(int, bool)		high
00187fd8	216	branchy	near	lift	79.51	003fff64	_ZN2YS3ACT5startEPKNS0_5TABLE4ELEME	YS::ACT::start(YS::ACT::TABLE::ELEM const*)		med
001991a8	216	switch	near	m2c	98.16	0049b708	_ZN2YS6SIGNAL4CallEii	YS::SIGNAL::Call(int, int)		sim-low
001a24a0	216	loop	near	lift	99.59	00497d48	_ZN2YS5SHEET10apply_itemEi	YS::SHEET::apply_item(int)		med
001a2d78	216	loop	near	m2c	76.56	00437a48	_ZN2YS4ITEM6CanUseEii	YS::ITEM::CanUse(int, int)		high
001bcd08	216	loop	near	e3	11.93	0041c5b0	_ZN2YS12COMMAND_MENU11check_closeEv	YS::COMMAND_MENU::check_close()		high
001c1a30	216	float	near	lift	64.63	0044885c	_ZN2YS10MASSEFFECT14make_referenceERNS0_9REFERENCEE	YS::MASSEFFECT::make_reference(YS::MASSEFFECT::REFERENCE&)		sim-med
001c2eb8	216	loop	near	m2c	82.98	00481fd8	_ZN2YS11PLAYERPARAM5ApplyEi	YS::PLAYERPARAM::Apply(int)		sim-med
001cd548	216	branchy	near	lift	74.57	004c03fc	_ZN2YS10WORLDSTART7GetAreaEi	YS::WORLDSTART::GetArea(int)		sim-low
001d4ae0	216	branchy	near	lift	25.37	0049fbac	_ZN2YS15SPECIAL_COMMAND20make_skateboard_menuEPNS_4SORAEPNS_12COMMAND_MENUE	YS::SPECIAL_COMMAND::make_skateboard_menu(YS::SORA*, YS::COMMAND_MENU*)		sim-med
0023dd28	216	float	near	lift	96.87	00374840	_ZN2Tz7MenuObj16SetProjectionPosEiii	Tz::MenuObj::SetProjectionPos(int, int, int)		med
00240a70	216	loop	near	m2c	49.89	00369e34	_ZN2Tz5MCard20CopySaveRam2DataBuffEPv	Tz::MCard::CopySaveRam2DataBuff(void*)		sim-med
00248900	216	branchy	near	lift	97.73	003cab68	_ZN2Tz4MUMI7ControlEv	Tz::MUMI::Control()		med
0024a270	216	branchy	near	lift	97.73	003cd504	_ZN2Tz4TRTE7ControlEv	Tz::TRTE::Control()		med
0024bd90	216	branchy	near	lift	97.73	003be114	_ZN2Tz4HBTE7ControlEv	Tz::HBTE::Control()		med
0024d6c8	216	branchy	near	lift	97.73	003d205c	_ZN2Tz4TTPT7ControlEv	Tz::TTPT::Control()		med
0024ff08	216	branchy	near	lift	97.73	003c891c	_ZN2Tz4LMMU7ControlEv	Tz::LMMU::Control()		high
00252540	216	branchy	near	lift	94.05	003b9d7c	_ZN2Tz4CANA9UpdateGraEv	Tz::CANA::UpdateGra()		high
00257458	216	branchy	near	lift	94.67	0031586c	_ZN2Tz5CmTop15SetupWarningWinEPKN2YS7MESSAGEEi	Tz::CmTop::SetupWarningWin(YS::MESSAGE const*, int)		sim-sandwich
002655e8	216	loop	near	lift	94.78	003b404c	_ZN2Tz6CmStat12LeaveTopListEv	Tz::CmStat::LeaveTopList()		sim-med
00281d48	216	float	near	lift	84.59	00320768	_ZN2Tz11ItemPicDraw12ChkLoadEntryEv	Tz::ItemPicDraw::ChkLoadEntry()		sim-med
002aa220	216	loop	near	lift	76.44	00345b28	_ZN2Tz9JmNewInfo10CheckAnsemEv	Tz::JmNewInfo::CheckAnsem()		sim-med
002aa960	216	loop	near	lift	76.44	0034562c	_ZN2Tz9JmNewInfo11CheckBattleEv	Tz::JmNewInfo::CheckBattle()		sim-med
002ad4a8	216	loop	near	m2c	55.06	003347c0	_ZN2Tz10JmComplete11isAlbumCompEi	Tz::JmComplete::isAlbumComp(int)		high
002ad878	216	loop	near	ghidra	92.06	00333584	_ZN2Tz10JmComplete13CheckMiniGameEv	Tz::JmComplete::CheckMiniGame()		med
002cef80	216	float	near	lift	64.04	006507b4	_ZN2Ti8MiniGame16prize_is_visibleEPN2YS14PRIZEEFFECT_POE	Ti::MiniGame::prize_is_visible(YS::PRIZEEFFECT_PO*)		sim-med
002cf320	216	loop	near	ghidra	75.56	0064c80c	_ZN2Ti5MGObj10alloc_workEi	Ti::MGObj::alloc_work(int)		med
00322228	216	loop	near	m2c	85.49	006b6d2c	_ZN2sa13MUSICAL_COMBOD1Ev	sa::MUSICAL_COMBO::~MUSICAL_COMBO()		sim-vt-high
00153468	212	branchy	near	ghidra	77.87	0005e368	_ZN2dk12LEVELUP_INFO10openSummonEPKN2YS7MESSAGEES4_i	dk::LEVELUP_INFO::openSummon(YS::MESSAGE const*, YS::MESSAGE const*, int)		high
0016b668	212	branchy	near	m2c	99.81	0046047c	_ZN2YS3OBJ10_OVR_leaveEv	YS::OBJ::_OVR_leave()		high
00178fe8	212	branchy	near	m2c	84.64	0047db90	_ZN2YS6PLAYER14ability_attackEi	YS::PLAYER::ability_attack(int)		sim-high
0017cc30	212	float	near	lift	85.56	00403460	_ZN2YS11ACTION_JUMP5_landEPNS_3OBJENS_6ACTION2IDE	YS::ACTION_JUMP::_land(YS::OBJ*, YS::ACTION::ID)		sim-high
0017e138	212	float	near	lift	65.66	00431218	_ZN2YS6FRIEND10stun_recovEi	YS::FRIEND::stun_recov(int)		med
0018d940	212	branchy	near	e3	88.02	00406f6c	_ZN2YS6ATTACK9is_strikeEPNS_6BTLOBJE	YS::ATTACK::is_strike(YS::BTLOBJ*)		med
0019aec0	212	loop	near	lift	91.32	004b0b18	_ZN2YS10UNIT_GROUP13check_levelupEv	YS::UNIT_GROUP::check_levelup()		sim-med
0019b500	212	float	near	lift	72.78	004b0688	_ZN2YS10UNIT_GROUP10appear_npcEv	YS::UNIT_GROUP::appear_npc()		sim-med
001a52a8	212	float	near	lift	99.62	00482cd8	_ZN2YS5PRIZE10get_commonEPNS_6BTLOBJEPNS_11PRIZEEFFECTE	YS::PRIZE::get_common(YS::BTLOBJ*, YS::PRIZEEFFECT*)		med
001b71e8	212	loop	near	m2c	76.49	0043c5bc	_ZN2YS7LEVELUP5CheckEiPNS_7PARTRAMEPNS_5PARTYE	YS::LEVELUP::Check(int, YS::PARTRAM*, YS::PARTY*)		high
001ccfa0	212	float	near	ghidra	50.55	0048a4b0	_ZN2YS8PRIZE_TT14_OVR_check_getEPNS_11PRIZEEFFECTE	YS::PRIZE_TT::_OVR_check_get(YS::PRIZEEFFECT*)		sim-high
001d02c8	212	float	near	lift	83.81	0044ff50	_ZN2YS6MICKEY12recov_elixirEv	YS::MICKEY::recov_elixir()		med
001dea80	212	float	near	m2c	88.13	002b5268	_ZN3ryj3PAX7MANAGERC1EPNS_6EFFECTEPNS0_4ELEMEPvf	ryj::PAX::MANAGER::MANAGER(ryj::EFFECT*, ryj::PAX::ELEM*, void*, float)		sim-med
001f6778	212	branchy	near	lift	85.00	005aa4cc	pppKeBornRnd5	pppKeBornRnd5		sim-med
001f6b68	212	branchy	near	lift	85.00	005aa8d0	pppKeBornRnd6	pppKeBornRnd6		sim-med
0023c3e0	212	loop	near	ghidra	85.28	000c14f4	_ZN2YI6LAYOUT14SearchSequenceEii	YI::LAYOUT::SearchSequence(int, int)		high
00269e20	212	branchy	near	m2c	89.75	003a0acc	_ZN2Tz7CmEquip11FadeOutListEv	Tz::CmEquip::FadeOutList()		high
00282620	212	loop	near	ghidra	63.59	00322be4	_ZN2Tz8ItemInfo15AddKnowItemInfoEv	Tz::ItemInfo::AddKnowItemInfo()		med
00287358	212	branchy	near	m2c	82.61	003b1094	_ZN2Tz8CmNewFlg19SetAbilityFlgMemberEii	Tz::CmNewFlg::SetAbilityFlgMember(int, int)		sim-high
0029c880	212	loop	near	ghidra	80.33	0033f9a0	_ZN2Tz5JmDic21SetupDiagramCharaInfoEPKNS_9JmDiagram4InfoEi	Tz::JmDic::SetupDiagramCharaInfo(Tz::JmDiagram::Info const*, int)		high
0029ca50	212	loop	near	ghidra	88.61	0033ac98	_ZN2Tz5JmDic11GetCharaIdxEv	Tz::JmDic::GetCharaIdx()		high
002a4a00	212	loop	near	ghidra	92.55	0035fce4	_ZN2Tz10JmTreasure10GetCurXMaxEi	Tz::JmTreasure::GetCurXMax(int)		med
002d60e8	212	float	near	lift	81.15	0064b4c8	_ZN2Ti11MGOarashiPo18get_separate_speedEv	Ti::MGOarashiPo::get_separate_speed()		sim-high
00322c98	212	loop	near	lift	84.78	006bbd08	_ZN2Tz7MenuObjD0Ev	Tz::MenuObj::~MenuObj()		high
0010c9f8	208	float	near	lift	65.59	00665c28	_ZN2YS11TEST_ACTION9ActionHopEi	YS::TEST_ACTION::ActionHop(int)		sim-med
0010f7b0	208	loop	near	lift	93.56	000e47a8	_ZN2kn6Friend14equipedAbilityEii	kn::Friend::equipedAbility(int, int)		high
00137180	208	loop	near	lift	78.42	0004400c	_ZN2dk3BGM10typeChangeEPi	dk::BGM::typeChange(int*)		sim-med
0013d550	208	float	near	lift	90.54	0004eba8	_ZN2dk12COMMAND_DRAW22setSpecialCommandImageEPvS1_	dk::COMMAND_DRAW::setSpecialCommandImage(void*, void*)		med
0015f548	208	loop	near	e3	57.59	000604a8	_ZN2dk3Map7drawAllEv	dk::Map::drawAll()		med
0015f618	208	loop	near	e3	57.59	000605a4	_ZN2dk3Map9noDrawAllEv	dk::Map::noDrawAll()		high
00165898	208	loop	near	lift	88.40	0006ac58	_ZN2dk6ObjOcc4initEP9ALLOCATOR	dk::ObjOcc::init(ALLOCATOR*)		med
00175bb8	208	float	near	m2c	47.75	00476cb8	_ZN2YS5PARTY16_OVR_is_wish_dirEv	YS::PARTY::_OVR_is_wish_dir()		sim-low
00186478	208	float	near	ghidra	61.69	00411790	_ZN2YS6BTLOBJ22exec_damage_small_spotEPNS_6DAMAGEE	YS::BTLOBJ::exec_damage_small_spot(YS::DAMAGE*)		sim-high
0019bc38	208	switch	near	m2c	75.00	00464c0c	_ZN2YS3OBJ10can_lockonEv	YS::OBJ::can_lockon()		high
001a1840	208	float	near	lift	80.27	004984e0	_ZN2YS5SHEET4saveEv	YS::SHEET::save()		med
001af0c0	208	branchy	near	lift	91.51	00432900	_ZN2YS8GAMEOVER5setupEv	YS::GAMEOVER::setup()		med
001b0250	208	branchy	near	lift	95.17	004b9a48	_ZN2YS5VOICE4execEv	YS::VOICE::exec()		high
001bd418	208	branchy	near	ghidra	89.30	004808ec	_ZN2YS14PLAYER_COMMAND14force_overrideEiiRKNS_6TARGETEii	YS::PLAYER_COMMAND::force_override(int, int, YS::TARGET const&, int, int)		med
001c2f90	208	float	near	lift	82.66	004c5238	_ZN2YS7ABILITY4initEPNS_5SHEETE	YS::ABILITY::init(YS::SHEET*)		sim-med
001c39d0	208	float	near	m2c	64.08	004cd858	_ZN2YS17ACTION_GLIDEHOVER8_controlEPNS_3OBJE	YS::ACTION_GLIDEHOVER::_control(YS::OBJ*)		sim-high
001db440	208	branchy	near	m2c	98.71	004c2844	_ZN2YS4ZONE6CreateEPKNS_14UNIT_DATA_ZONEE	YS::ZONE::Create(YS::UNIT_DATA_ZONE const*)		sim-high
00224c20	208	branchy	near	lift	91.13	002d9c00	_ZN2sa5EVENT18checkMusicalMemoryEv	sa::EVENT::checkMusicalMemory()		med
0023e9f0	208	loop	near	m2c	88.80	003739bc	_ZN2Tz7MenuObj9SyncAlphaEv	Tz::MenuObj::SyncAlpha()		med
00257388	208	branchy	near	lift	94.46	0031575c	_ZN2Tz5CmTop15SetupWarningWinEii	Tz::CmTop::SetupWarningWin(int, int)		sim-sandwich
00272468	208	branchy	near	m2c	97.96	0039a5b8	_ZN2Tz8CmCustom11SetLoopListEv	Tz::CmCustom::SetLoopList()		sim-high
0028b520	208	loop	near	lift	85.62	0036718c	_ZN2Tz10LaySeqMess6createEiiiPNS_6LayoutEPKsS4_iii	Tz::LaySeqMess::create(int, int, int, Tz::Layout*, short const*, short const*, int, int, int)		sim-high
002952f8	208	loop	near	m2c	92.12	00362790	_ZN2Tz10JmWorldSel12GetId2CurPosEi	Tz::JmWorldSel::GetId2CurPos(int)		med
002ab818	208	loop	near	ghidra	84.95	00344cb4	_ZN2Tz9JmNewInfo9CheckNaviEv	Tz::JmNewInfo::CheckNavi()		sim-med
002ac678	208	loop	near	lift	76.56	0034be84	_ZN2Tz9JmNewInfo17SetPuzzlePieceFlgEi	Tz::JmNewInfo::SetPuzzlePieceFlg(int)		sim-med
002ae1b0	208	loop	near	e3	51.38	003352f4	_ZN2Tz10JmComplete13isDiagramCompEii	Tz::JmComplete::isDiagramComp(int, int)		med
002d54a8	208	float	near	lift	70.97	0064a0d8	_ZN2Ti15MGOarashiPlayer11_OVR_attackEv	Ti::MGOarashiPlayer::_OVR_attack()		med
002d94b8	208	float	near	lift	78.54	00638438	_ZN2Ti12MGHachimitsu11demo_is_endEv	Ti::MGHachimitsu::demo_is_end()		med
00102528	204	loop	near	lift	77.61	000405e8	_ZN12TASK_MANAGER4linkEP4TASK	TASK_MANAGER::link(TASK*)		med
00131f48	204	loop	near	m2c	99.20	00111444	_ZN2kn12textureSetupEPv	kn::textureSetup(void*)		sim-med
0013e0f8	204	float	near	ghidra	61.74	00064230	_ZN2dk11CIRCLE_MASK6createEiiii	dk::CIRCLE_MASK::create(int, int, int, int)		med
0016cc18	204	branchy	near	lift	89.14	004b5aa8	_ZN2YS2VM11syscallbackEiP8BD_VALUEiPS0_	YS::VM::syscallback(int, BD_VALUE*, int, YS::VM*)		sim-low
00170018	204	loop	near	lift	74.76	00416b3c	_ZN2YS10CACHE_BUFF6HEADER5clearEv	YS::CACHE_BUFF::HEADER::clear()		med
0017a9e8	204	float	near	lift	28.61	004c61a4	_ZN2YS6ACTION4blowEPNS_3OBJE	YS::ACTION::blow(YS::OBJ*)		sim-med
00181ad0	204	branchy	near	ghidra	81.56	00404218	_ZN2YS8AREADATA4InitEPK4AREA	YS::AREADATA::Init(AREA const*)		med
001863a8	204	float	near	lift	92.77	00412bf8	_ZN2YS6BTLOBJ17exec_damage_smallEPNS_6DAMAGEEf	YS::BTLOBJ::exec_damage_small(YS::DAMAGE*, float)		sim-low
00187920	204	branchy	near	m2c	80.90	00412500	_ZN2YS6BTLOBJ12_OVR_is_starEv	YS::BTLOBJ::_OVR_is_star()		med
00188958	204	loop	near	lift	85.94	00495e64	_ZN2YS7PARTRAM12set_item_maxEi	YS::PARTRAM::set_item_max(int)		high
00194318	204	branchy	near	e3	84.04	0046843c	_ZN2YS3OBJ11exec_pirateEv	YS::OBJ::exec_pirate()		med
00196ca8	204	branchy	near	lift	56.84	00427958	_ZN2YS5EVENTC1EiPv	YS::EVENT::EVENT(int, void*)		sim-high
001a0920	204	branchy	near	m2c	73.67	004799c8	_ZNK2YS11PARTYATTACK9is_activeEPNS_5PARTYE	YS::PARTYATTACK::is_active(YS::PARTY*) const		sim-med
001a9458	204	loop	near	e3	69.92	00467654	_ZN2YS7OBJDATA7get_knaEii	YS::OBJDATA::get_kna(int, int)		high
001c0490	204	float	near	lift	88.94	00409a80	_ZN2YS12ATTACK_CHECK4execEv	YS::ATTACK_CHECK::exec()		sim-med
001dfdb8	204	float	near	ghidra	67.22	002b6a10	_ZN3ryj3PAX7MANAGER12set_obj_fadeEv	ryj::PAX::MANAGER::set_obj_fade()		med
002225a8	204	float	near	lift	75.69	005d5e18	_Z17KeVu0ItrsBallLineP19_KeaVu0ItrsBallLine	KeVu0ItrsBallLine(_KeaVu0ItrsBallLine*)		sim-low
0022f5e8	204	loop	near	lift	91.82	002d4b90	_ZN2sa5EVENT11leaveAllObjEv	sa::EVENT::leaveAllObj()		med
00240360	204	branchy	near	lift	72.12	00369378	_ZN2Tz5MCard9MakeFnameEi	Tz::MCard::MakeFname(int)		high
0027f3d8	204	branchy	near	lift	91.76	0031d0f8	_ZN2Tz9GumiPause7ControlEv	Tz::GumiPause::Control()		high
00295158	204	loop	near	m2c	46.18	00362640	_ZN2Tz10JmWorldSel10GetCur2IdxEi	Tz::JmWorldSel::GetCur2Idx(int)		high
002969e0	204	branchy	near	m2c	87.78	00357e64	_ZN2Tz8JmReport9FileAllocEv	Tz::JmReport::FileAlloc()		med
002acf48	204	loop	near	e3	99.88	00333ed8	_ZN2Tz10JmComplete8CheckAllEv	Tz::JmComplete::CheckAll()		high
002da040	204	float	near	lift	68.51	0063c820	_ZN2Ti18MGHachimitsuPlayer5resetEv	Ti::MGHachimitsuPlayer::reset()		med
0011c148	200	float	near	ghidra	18.62	000ed82c	_ZN2kn8IKAdjust3setEPNS_5ModelEjbbf	kn::IKAdjust::set(kn::Model*, unsigned int, bool, bool, float)		sim-low
0011f2f0	200	branchy	near	m2c	83.86	000f1334	_ZN2kn10modelSetupEPv	kn::modelSetup(void*)		sim-low
00131810	200	float	near	lift	64.42	001032e8	_ZN2kn9MotionRAW4calcEPNS_8ModelObjEPKNS_7FMatrixEfPKNS_6ToFaceEPNS_8IKAdjustE	kn::MotionRAW::calc(kn::ModelObj*, kn::FMatrix const*, float, kn::ToFace const*, kn::IKAdjust*)		sim-vt-med
0013aed8	200	loop	near	ghidra	73.11	0004b0b0	_ZN2dk11COMMAND_ONE4exitEv	dk::COMMAND_ONE::exit()		sim-low
00143860	200	branchy	near	lift	86.08	0006ec48	_ZN2dk6Octree12getColorInfoERNS_4LineE	dk::Octree::getColorInfo(dk::Line&)		med
001705a8	200	loop	near	lift	80.58	0041518c	_ZN2YS10CACHE_BUFF9clearLinkEv	YS::CACHE_BUFF::clearLink()		med
00180448	200	float	near	m2c	79.14	0045ad34	_ZN2YS6MOTION11walk_to_runEiff	YS::MOTION::walk_to_run(int, float, float)		sim-low
00180e28	200	loop	near	m2c	98.56	0045964c	_ZN2YS6MOTION11exec_effectEv	YS::MOTION::exec_effect()		sim-low
00195d00	200	float	near	lift	94.12	004ce390	_ZN2YS11ACTION_HANG7controlEPNS_3OBJE	YS::ACTION_HANG::control(YS::OBJ*)		sim-high
00196540	200	branchy	near	lift	90.28	004bfba0	_ZN2YS10WORLDPOINT16ProgressCallbackEi	YS::WORLDPOINT::ProgressCallback(int)		sim-med
001a1b68	200	float	near	m2c	84.85	00498c38	_ZN2YS5SHEET14add_drive_timeEf	YS::SHEET::add_drive_time(float)		sim-high
001ba340	200	branchy	near	lift	75.42	004383d0	_ZN2YS11ITEM_EFFECT4execEv	YS::ITEM_EFFECT::exec()		sim-high
001bec68	200	loop	near	lift	91.58	0042bdf8	_ZN2YS13FIELD_COMMAND4makeEv	YS::FIELD_COMMAND::make()		sim-med
001cf8d0	200	float	near	lift	63.98	004ee370	_ZN2YS8NMPLAYER24_OVR_exec_command_playerEPKNS_12COMMAND_ELEME	YS::NMPLAYER::_OVR_exec_command_player(YS::COMMAND_ELEM const*)		sim-high
002328c0	200	loop	near	m2c	87.89	002bfb38	_ZN2sa5EVENT25set_bin_voice_all_fadeoutERNS_21BIN_VOICE_ALL_FADEOUTEP4TASK	sa::EVENT::set_bin_voice_all_fadeout(sa::BIN_VOICE_ALL_FADEOUT&, TASK*)		med
00272938	200	loop	near	lift	99.20	003982a4	_ZN2Tz8CmCustom14UpdateItemListEv	Tz::CmCustom::UpdateItemList()		sim-high
00274cf0	200	branchy	near	ghidra	27.42	002f55c0	_ZN2Tz6Jiminy8LoadDataEi	Tz::Jiminy::LoadData(int)		high
00285760	200	branchy	near	lift	86.86	002eef50	_ZN2Tz6Ending7SelCtrlEv	Tz::Ending::SelCtrl()		sim-high
00287df0	200	branchy	near	lift	69.02	0036dc2c	_ZN2Tz8MenuBase5PadSEEibbPFbiEb	Tz::MenuBase::PadSE(int, bool, bool, bool (*)(int), bool)		sim-med
0028dbf8	200	loop	near	ghidra	63.66	00376bcc	_ZN2Tz8MenuUtil9GetLaySeqEPNS_6LayoutEPKsS4_	Tz::MenuUtil::GetLaySeq(Tz::Layout*, short const*, short const*)		sim-high
002b3c38	200	branchy	near	m2c	57.23	00351fa0	_ZN2Tz8JmPuzzle12GameSelCheckEj	Tz::JmPuzzle::GameSelCheck(unsigned int)		sim-high
0031c450	200	loop	near	m2c	88.51	006a9f00	_ZN2dk5TIMERD1Ev	dk::TIMER::~TIMER()		sim-vt-high
001393f8	196	loop	near	lift	82.79	00064f2c	_ZN2dk5Obj2D11DestroyLoopEPNS0_7MANAGERE	dk::Obj2D::DestroyLoop(dk::Obj2D::MANAGER*)		sim-med
0014b518	196	branchy	near	lift	31.84	00076760	_ZN2dk8RectBase9setMirrorEj	dk::RectBase::setMirror(unsigned int)		med
00165768	196	loop	near	m2c	92.49	0006a98c	_ZN2dk6ObjOcc7destroyEv	dk::ObjOcc::destroy()		sim-med
001784a8	196	float	near	lift	86.57	0047e548	_ZN2YS6PLAYER18_OVR_make_movementEv	YS::PLAYER::_OVR_make_movement()		sim-high
001829b0	196	loop	near	m2c	95.60	004ae694	_ZN2YS4UNIT5EntryEjb	YS::UNIT::Entry(unsigned int, bool)		sim-med
00197828	196	float	near	lift	76.71	00428d2c	_ZN2YS5EVENT14StartMainEventEf	YS::EVENT::StartMainEvent(float)		med
001a6a20	196	loop	near	ghidra	85.13	004aae08	_ZN2YS8TEAMWORK5AllocEii	YS::TEAMWORK::Alloc(int, int)		sim-med
001a76c8	196	float	near	lift	66.53	0040d920	_ZN2YS2BG15GetFootPrintPosERKN2kn7FVectorERS2_i	YS::BG::GetFootPrintPos(kn::FVector const&, kn::FVector&, int)		med
001b4c48	196	straight	near	ghidra	98.94	0043f690	_ZN2YS5LIMIT9set_imageERNS_10IMAGE_DATAEPKc	YS::LIMIT::set_image(YS::IMAGE_DATA&, char const*)		sim-med
001b8f10	196	branchy	near	lift	77.45	0041b728	_ZNK2YS12COMMAND_ELEM10can_decideEPNS_3OBJEPKNS_6TARGETE	YS::COMMAND_ELEM::can_decide(YS::OBJ*, YS::TARGET const*) const		med
001c89a8	196	loop	near	m2c	90.31	004a4a90	_ZN2YS6SUMMON9EndThreadEP4TASK	YS::SUMMON::EndThread(TASK*)		med
00237740	196	float	near	m2c	53.20	000c67e0	_ZN2YI6SPRITE9SetRotateEfff	YI::SPRITE::SetRotate(float, float, float)		sim-med
0023c5f0	196	loop	near	ghidra	99.39	000c0a08	_ZN2YI6LAYOUT11GetAllFrameEi	YI::LAYOUT::GetAllFrame(int)		sim-high
0024ac88	196	loop	near	m2c	75.20	003cd7b4	_ZN2Tz4TRTE10GetSeqInfoEi	Tz::TRTE::GetSeqInfo(int)		sim-high
00252d88	196	loop	near	m2c	86.37	003b8aa8	_ZN2Tz4ALCA7ChgModeEv	Tz::ALCA::ChgMode()		high
00258df0	196	loop	near	ghidra	67.29	002ec11c	_ZN2Tz6CmComm14SetDrawMunniesEPNS_8MultiSeqE	Tz::CmComm::SetDrawMunnies(Tz::MultiSeq*)		high
00262a30	196	branchy	near	lift	94.69	003ac474	_ZN2Tz6CmItem10DrawUpdateEPNS_6SelectEii	Tz::CmItem::DrawUpdate(Tz::Select*, int, int)		sim-high
0028fe38	196	loop	near	lift	87.55	0037a798	_ZN2Tz9MunnyDraw6CreateEiPvPN2YI5IMAGEEi	Tz::MunnyDraw::Create(int, void*, YI::IMAGE*, int)		sim-med
0029ecf0	196	switch	near	m2c	97.16	0033d7c8	_ZN2Tz5JmDic8SelCheckEi	Tz::JmDic::SelCheck(int)		med
002be190	196	float	near	lift	84.14	003d8cf0	_ZN8worldmap8Libretto11startMotionEiPii	worldmap::Libretto::startMotion(int, int*, int)		sim-sandwich
002c66b8	196	float	near	lift	49.79	003db790	_ZN8worldmap9ObjCameraC1EPNS_6PlayerEPN2YS3PADE	worldmap::ObjCamera::ObjCamera(worldmap::Player*, YS::PAD*)		sim-low
0031e398	196	loop	near	lift	67.73	006d459c	_ZN2YS14TUTORIAL_PAUSED0Ev	YS::TUTORIAL_PAUSE::~TUTORIAL_PAUSE()		sim-med
00117dd8	192	loop	near	lift	97.76	00109038	_ZN2kn6StitchD1Ev	kn::Stitch::~Stitch()		sim-high
00154c10	192	loop	near	lift	90.92	0009e208	_ZN2dk11GAUGE_ENEMY6damageEi	dk::GAUGE_ENEMY::damage(int)		med
0015aba8	192	branchy	near	ghidra	77.79	00046bac	_ZN2dk9BILLBOARD9DrawPlaceEv	dk::BILLBOARD::DrawPlace()		med
0015d5d0	192	branchy	near	m2c	87.82	00059d20	_ZN2dk17KeyHoleJumpEffect17jumpEffectIn_taskEP4TASK	dk::KeyHoleJumpEffect::jumpEffectIn_task(TASK*)		sim-high
001a5c88	192	float	near	lift	78.51	00446c28	_ZN2YS5MAGIC8set_costEf	YS::MAGIC::set_cost(float)		sim-med
001a86b8	192	float	near	lift	62.50	004abe60	_ZN2YS12TREASURE_BOX15_OVR_initializeEv	YS::TREASURE_BOX::_OVR_initialize()		med
001b0798	192	float	near	lift	67.31	00445290	_ZN2YS6LOOKAT5startEPNS_3OBJEfj	YS::LOOKAT::start(YS::OBJ*, float, unsigned int)		sim-med
001c81d0	192	loop	near	lift	94.24	0047a344	_ZN2YS4PATHD1Ev	YS::PATH::~PATH()		sim-low
001cc160	192	loop	near	lift	75.00	004848ac	_ZN2YS8PRIZE_CA6AppearEPNS_6BTLOBJEi	YS::PRIZE_CA::Appear(YS::BTLOBJ*, int)		seed
001d2750	192	float	near	m2c	79.69	004ea9f0	_ZN2YS13INTERVAL_INFO4execEv	YS::INTERVAL_INFO::exec()		sim-high
001d6790	192	float	near	m2c	68.54	0041fe64	_ZN2YS13CROWD_N_MU0607MakeBowERKN2dk6AabboxE	YS::CROWD_N_MU060::MakeBow(dk::Aabbox const&)		sim-high
00232988	192	loop	near	lift	98.54	002bff9c	_ZN2sa5EVENT10audio_freeEv	sa::EVENT::audio_free()		med
00276e78	192	branchy	near	ghidra	61.37	002f724c	_ZN2Tz6Jiminy11CreateCoverEv	Tz::Jiminy::CreateCover()		high
0027ac38	192	branchy	near	lift	90.42	0038fee4	_ZN2Tz9CmAbility18FadeOutAbilityListEv	Tz::CmAbility::FadeOutAbilityList()		high
00283ab8	192	loop	near	lift	69.13	00318154	_ZN2Tz10CmTutorial10isDrawTypeEi	Tz::CmTutorial::isDrawType(int)		sim-low
0028ab20	192	loop	near	lift	85.10	0038275c	_ZN2Tz6Select4LoopEv	Tz::Select::Loop()		sim-high
0028b300	192	loop	near	lift	88.85	00366e0c	_ZN2Tz6LaySeq6createEiiiPNS_6LayoutEPKsS4_ii	Tz::LaySeq::create(int, int, int, Tz::Layout*, short const*, short const*, int, int)		sim-high
0029fbf0	192	loop	near	lift	90.10	0032b3cc	_ZN2Tz7JmAnsem13GetHaveReportEv	Tz::JmAnsem::GetHaveReport()		high
002a5d30	192	loop	near	lift	90.10	0032e480	_ZN2Tz8JmBattle14GetEnableLimitEv	Tz::JmBattle::GetEnableLimit()		high
002b3b78	192	switch	near	m2c	89.22	003537c4	_ZN2Tz8JmPuzzle8SelCheckEi	Tz::JmPuzzle::SelCheck(int)		med
002bed48	192	branchy	near	lift	64.06	003da150	_ZN8worldmap13MessageWidgetC1Eii	worldmap::MessageWidget::MessageWidget(int, int)		high
002dd530	192	float	near	ghidra	70.19	006406ec	_ZN2Ti6MGJump18start_special_modeEi	Ti::MGJump::start_special_mode(int)		high
00113338	188	straight	near	ghidra	87.45	000e608c	_ZN2kn6Friend6strikeERKNS_7FVectorEPN2YS6TARGETEiii	kn::Friend::strike(kn::FVector const&, YS::TARGET*, int, int, int)		high
0011f6e8	188	loop	near	ghidra	48.68	000f1f20	_ZN2kn7ModelBG14setDisplayFlagEPcPs	kn::ModelBG::setDisplayFlag(char*, short*)		high
001241b8	188	loop	near	lift	87.73	000f34a8	_ZN2kn10ModelMulti14setDisplayFlagEPcPs	kn::ModelMulti::setDisplayFlag(char*, short*)		high
00124278	188	loop	near	lift	87.73	000f362c	_ZN2kn10ModelMulti8showPartEPci	kn::ModelMulti::showPart(char*, int)		high
00124338	188	loop	near	lift	87.73	000f37b0	_ZN2kn10ModelMulti8hidePartEPci	kn::ModelMulti::hidePart(char*, int)		high
001243f8	188	loop	near	lift	87.73	000f3934	_ZN2kn10ModelMulti10setStealthEPci	kn::ModelMulti::setStealth(char*, int)		high
001244b8	188	loop	near	lift	87.73	000f3ab8	_ZN2kn10ModelMulti12resetStealthEPci	kn::ModelMulti::resetStealth(char*, int)		high
00131e80	188	loop	near	m2c	87.32	00111384	_ZN2kn8rgb2grayEPNS_7TextureE	kn::rgb2gray(kn::Texture*)		sim-low
001366b8	188	branchy	near	lift	76.98	00045c08	_ZN2dk4BGSE8areaReadEP4TASK	dk::BGSE::areaRead(TASK*)		med
00143d10	188	branchy	near	lift	73.36	0006d9a4	_ZN2dk6Octree19intersectLineCameraERNS_4LineERN2kn7FVectorERtRPNS_6ObjOccE	dk::Octree::intersectLineCamera(dk::Line&, kn::FVector&, unsigned short&, dk::ObjOcc*&)		high
00149fe0	188	branchy	near	lift	92.19	00050658	_ZN2dk5Field13WorldMapStartEij	dk::Field::WorldMapStart(int, unsigned int)		med
00155bf0	188	float	near	lift	66.69	000a1508	_ZN2dk12GAUGE_PLAYER17createDriveCircleEi	dk::GAUGE_PLAYER::createDriveCircle(int)		high
00159070	188	float	near	lift	61.86	00075a88	_ZN2dk14ReactionCamera6updateEPNS_9ObjCameraE	dk::ReactionCamera::update(dk::ObjCamera*)		med
0017ca88	188	float	near	m2c	62.70	00402ce0	_ZN2YS11ACTION_JUMP7CanHoldEPNS_3OBJE	YS::ACTION_JUMP::CanHold(YS::OBJ*)		sim-med
00197a00	188	branchy	near	m2c	92.02	00429054	_ZN2YS5EVENT8ExecTaskEP4TASK	YS::EVENT::ExecTask(TASK*)		med
0019bd08	188	branchy	near	ghidra	85.09	00464d3c	_ZN2YS3OBJ19is_enable_collisionEi	YS::OBJ::is_enable_collision(int)		high
0019ea10	188	branchy	near	lift	67.98	00491380	_ZN2YS11RC_SEARCHER16CheckAutoCommandEPNS_6PLAYEREPKNS_10ITEM_TABLEEPKNS_12COMMAND_ELEME	YS::RC_SEARCHER::CheckAutoCommand(YS::PLAYER*, YS::ITEM_TABLE const*, YS::COMMAND_ELEM const*)		sim-high
001a8930	188	branchy	near	m2c	92.34	0044ada4	_ZN2YS6MEMBER5TABLE8InitAreaEv	YS::MEMBER::TABLE::InitArea()		med
00252c20	188	branchy	near	lift	95.88	003b8dcc	_ZN2Tz4ALCA7ControlEv	Tz::ALCA::Control()		med
0026a178	188	branchy	near	e3	66.63	0039ed08	_ZN2Tz7CmEquip10GetItemTblEii	Tz::CmEquip::GetItemTbl(int, int)		high
00272b60	188	loop	near	ghidra	71.34	00397198	_ZN2Tz8CmCustom17CurPos2CustomTypeEi	Tz::CmCustom::CurPos2CustomType(int)		high
00294288	188	loop	near	ghidra	87.85	003447b4	_ZN2Tz9JmNewInfo10CheckStoryEv	Tz::JmNewInfo::CheckStory()		med
002d2a90	188	branchy	near	lift	93.09	00648704	_ZN2Ti15MGOarashiGimObj20start_tornado_attackEv	Ti::MGOarashiGimObj::start_tornado_attack()		high
002db968	188	float	near	ghidra	38.36	0065d460	_ZN2Ti3Afp17calc_local_matrixEhh	Ti::Afp::calc_local_matrix(unsigned char, unsigned char)		sim-high
0013aba8	184	branchy	near	lift	81.56	0004a6d8	_ZN2dk11COMMAND_ONE4drawEv	dk::COMMAND_ONE::draw()		high
00142848	184	float	near	lift	95.31	000916e8	_ZN2dk11OctCollFile20selectDownAllPolygonEPNS_14CollisionParamE	dk::OctCollFile::selectDownAllPolygon(dk::CollisionParam*)		high
00148470	184	loop	near	lift	79.46	000ac0e0	_ZN2dk11OctDrawFile9drawModelEPNS_11ObjDrawListE	dk::OctDrawFile::drawModel(dk::ObjDrawList*)		sim-high
0014a9a0	184	float	near	lift	65.96	0004f638	_ZN2dk4Fade9fadeSetupEj	dk::Fade::fadeSetup(unsigned int)		high
00154048	184	float	near	lift	99.13	00099ef8	_ZN2dk4FACE12createSummonEiPvS1_iii	dk::FACE::createSummon(int, void*, void*, int, int, int)		high
00155e30	184	switch	near	lift	71.10	000a1204	_ZN2dk12GAUGE_PLAYER15getDriveCounterEv	dk::GAUGE_PLAYER::getDriveCounter()		sim-high
0015b1b0	184	float	near	ghidra	47.75	00046a34	_ZN2dk9BILLBOARD9DrawGuideEiib	dk::BILLBOARD::DrawGuide(int, int, bool)		med
0016bf38	184	loop	near	lift	98.70	00461d7c	_ZN2YS3OBJ18_OVR_set_unit_dataEPNS_10UNIT_GROUPEPKNS_13UNIT_DATA_OBJE	YS::OBJ::_OVR_set_unit_data(YS::UNIT_GROUP*, YS::UNIT_DATA_OBJ const*)		sim-med
0017eee8	184	float	near	ghidra	54.83	00459540	_ZN2YS6MOTION11start_blendEff	YS::MOTION::start_blend(float, float)		med
0018c598	184	float	near	m2c	70.57	004f04a0	_ZN2YS3NPC10RTN_ACTION6is_endEPS0_	YS::NPC::RTN_ACTION::is_end(YS::NPC*)		med
00196908	184	loop	near	ghidra	66.89	004b30dc	_ZN2YS10UNITSCRIPT5StartEPv	YS::UNITSCRIPT::Start(void*)		high
001a9970	184	float	near	lift	75.12	0044ebf8	_ZN2YS11MESSAGEDRAW13set_font_sizeEi	YS::MESSAGEDRAW::set_font_size(int)		sim-med
001d22e0	184	float	near	lift	89.48	004d3398	_ZN2YS9ACTION_LM7controlEPNS_3OBJE	YS::ACTION_LM::control(YS::OBJ*)		sim-high
001d35e0	184	float	near	ghidra	34.85	0040ed30	_ZN2YS5BGHIT10check_lineERKN2kn7FVectorES4_i	YS::BGHIT::check_line(kn::FVector const&, kn::FVector const&, int)		high
0028abe0	184	loop	near	lift	97.66	00382904	_ZN2Tz6Select5LeaveEv	Tz::Select::Leave()		sim-low
002a75c0	184	loop	near	lift	88.43	0035cc00	_ZN2Tz8JmSynthe10GetMixDataEv	Tz::JmSynthe::GetMixData()		high
002a7d10	184	loop	near	ghidra	76.08	00341d08	_ZN2Tz10JmMiniGame9AdjustPosEv	Tz::JmMiniGame::AdjustPos()		high
002a9048	184	loop	near	ghidra	76.08	003555c8	_ZN2Tz7JmQuest9AdjustPosEv	Tz::JmQuest::AdjustPos()		high
002a9b88	184	loop	near	e3	82.88	00357130	_ZN2Tz7JmQuest8isEnableEi	Tz::JmQuest::isEnable(int)		high
002a9e98	184	loop	near	lift	73.11	00346044	_ZN2Tz9JmNewInfo10isCharaNewEi	Tz::JmNewInfo::isCharaNew(int)		high
002ac748	184	loop	near	lift	68.61	0034c160	_ZN2Tz9JmNewInfo15isPuzzleInfoNewEi	Tz::JmNewInfo::isPuzzleInfoNew(int)		high
002e50f8	184	float	near	lift	77.81	002e77a0	_ZN2Ti4Cord4initEv	Ti::Cord::init()		sim-high
00322be0	184	loop	near	m2c	88.74	006bbbe4	_ZN2Tz7MenuObjD1Ev	Tz::MenuObj::~MenuObj()		high
00106fe8	180	float	near	m2c	85.71	000d9248	_ZN2kn10Projection10setScreenZEf	kn::Projection::setScreenZ(float)		sim-med
0010c940	180	float	near	m2c	67.73	000dd848	_ZN2kn6Friend4jumpEfi	kn::Friend::jump(float, int)		sim-high
0013eeb8	180	loop	near	lift	78.73	000854c0	_ZN2dk3Ft410drawPacketEv	dk::Ft4::drawPacket()		sim-low
00170188	180	loop	near	ghidra	20.33	00414ac0	_ZN2YS10CACHE_BUFF4LinkEPNS0_6HEADERE	YS::CACHE_BUFF::Link(YS::CACHE_BUFF::HEADER*)		med
001849d8	180	float	near	lift	85.11	00470e38	_ZN2YS3OBJ17get_shadow_heightEv	YS::OBJ::get_shadow_height()		med
00187be8	180	branchy	near	m2c	80.43	004004d0	_ZN2YS3ACT11check_startEv	YS::ACT::check_start()		med
001989d8	180	straight	near	lift	81.49	004a279c	_ZN2YS6STDOBJ18hook_command_imageEv	YS::STDOBJ::hook_command_image()		seed
001a6fe8	180	loop	near	ghidra	64.18	006697a8	_ZN2YS13TEST_LIBRETTO8CallbackEPKNS_4CODEEPNS_8LIBRETTOE	YS::TEST_LIBRETTO::Callback(YS::CODE const*, YS::LIBRETTO*)		sim-high
001a7610	180	float	near	m2c	30.07	0040d7e8	_ZN2YS2BG12GetGroundPosERKN2kn7FVectorERS2_ffi	YS::BG::GetGroundPos(kn::FVector const&, kn::FVector&, float, float, int)		med
001bf010	180	loop	near	lift	75.62	0042ae98	_ZN2YS13FIELD_COMMAND15make_genie_formEv	YS::FIELD_COMMAND::make_genie_form()		med
001c1428	180	loop	near	lift	84.27	00448ab8	_ZN2YS10MASSEFFECT7MANAGER4execEv	YS::MASSEFFECT::MANAGER::exec()		med
001c38c0	180	float	near	lift	96.39	004c71a0	_ZN2YS15ACTION_AIRSLIDE7controlEPNS_3OBJE	YS::ACTION_AIRSLIDE::control(YS::OBJ*)		sim-high
001ceef8	180	float	near	m2c	53.96	004ac8f0	_ZN2YS8TRPLAYER9_OVR_execEv	YS::TRPLAYER::_OVR_exec()		med
001d4420	180	branchy	near	m2c	65.50	004421a4	_ZN2YS11LIMIT_TABLE7CanExecEv	YS::LIMIT_TABLE::CanExec()		med
001d8190	180	branchy	near	lift	88.57	00454cf0	_ZN2YS7MISSION14init_mission2dEPKNS_9MISSION2D5TABLEEPS1_	YS::MISSION::init_mission2d(YS::MISSION2D::TABLE const*, YS::MISSION2D*)		high
001dc140	180	loop	near	lift	74.51	002b0734	_ZN3ryj11EFFECT_DATA5SetupEPv	ryj::EFFECT_DATA::Setup(void*)		sim-low
002249f8	180	switch	near	ghidra	68.11	002da2bc	_ZN2sa7MUSICAL6resultEv	sa::MUSICAL::result()		sim-med
0022c840	180	float	near	lift	74.53	002d7d60	_ZN2sa9mu060TaskEP4TASK	sa::mu060Task(TASK*)		sim-high
0022cd48	180	float	near	lift	94.22	002c6908	_ZN2sa5EVENT16set_bin_seq_blurERNS_12BIN_SEQ_BLUREP4TASK	sa::EVENT::set_bin_seq_blur(sa::BIN_SEQ_BLUR&, TASK*)		high
002695a0	180	loop	near	ghidra	83.77	003a027c	_ZN2Tz7CmEquip15CurPos2FormTypeEi	Tz::CmEquip::CurPos2FormType(int)		high
0027a7e0	180	branchy	near	lift	94.11	0027efcc	_ZN7OvlShop8ItemShop10FadeOutAllEv	OvlShop::ItemShop::FadeOutAll()		sim-med
00285fa0	180	loop	near	lift	82.02	003ae1bc	_ZN2Tz8CmNewFlg10CheckMagicEv	Tz::CmNewFlg::CheckMagic()		sim-low
0028f3e8	180	loop	near	ghidra	75.31	0037e4dc	_ZN2Tz7SelHist4ExitEv	Tz::SelHist::Exit()		high
0028f878	180	loop	near	lift	82.16	0037eed0	_ZN2Tz7SelHist8LeaveAllEv	Tz::SelHist::LeaveAll()		high
00293240	180	loop	near	ghidra	35.78	0038a5f8	_ZN2Tz9ChgWeapon4InitEv	Tz::ChgWeapon::Init()		sim-high
002aae88	180	loop	near	e3	55.06	00348ac8	_ZN2Tz9JmNewInfo15isWorldQuestNewEi	Tz::JmNewInfo::isWorldQuestNew(int)		med
002ab2b0	180	loop	near	e3	55.06	00349514	_ZN2Tz9JmNewInfo18isWorldMiniGameNewEi	Tz::JmNewInfo::isWorldMiniGameNew(int)		med
002abba8	180	loop	near	ghidra	73.36	00344a70	_ZN2Tz9JmNewInfo14CheckSynthesisEv	Tz::JmNewInfo::CheckSynthesis()		sim-low
002be630	180	float	near	lift	72.67	003d9800	_ZN8worldmap8Libretto6gotoHbEv	worldmap::Libretto::gotoHb()		med
0031c0f8	180	loop	near	lift	88.02	006aa2a0	_ZN2dk7COUNTERD0Ev	dk::COUNTER::~COUNTER()		sim-vt-high
0031c518	180	loop	near	lift	88.02	006a9a48	_ZN2dk13MISSION_GAUGED0Ev	dk::MISSION_GAUGE::~MISSION_GAUGE()		sim-vt-high
00117808	176	float	near	lift	81.77	00107dd4	_ZN2kn6Stitch19set_screen_positionERKNS_7FVectorE	kn::Stitch::set_screen_position(kn::FVector const&)		med
001325c8	176	branchy	near	lift	51.91	0010df50	_ZNK2kn10TEXAnmWork13getSequenceNoEjj	kn::TEXAnmWork::getSequenceNo(unsigned int, unsigned int) const		sim-low
0013ea50	176	float	near	lift	41.65	0009cdc8	_ZN2dk7Ft4Base7calcRotERKN2kn7FMatrixERKNS1_7FVectorERiS8_	dk::Ft4Base::calcRot(kn::FMatrix const&, kn::FVector const&, int&, int&)		sim-med
00148e40	176	loop	near	lift	95.29	000b3fa0	_ZN2dk11OctDrawFile16drawShadowObjectEPNS_11ObjDrawListEPS2_Ri	dk::OctDrawFile::drawShadowObject(dk::ObjDrawList*, dk::ObjDrawList**, int&)		sim-low
00190a80	176	branchy	near	m2c	90.11	004a8200	_ZN2YS6TARGET14search_revengeEPNS_3OBJE	YS::TARGET::search_revenge(YS::OBJ*)		sim-low
00192a80	176	loop	near	lift	84.36	0044d9c0	_ZNK2YS7MESSAGE15get_line_lengthEv	YS::MESSAGE::get_line_length() const		med
00198580	176	branchy	near	m2c	95.00	004a2110	_ZN2YS6STDOBJ7call_seEiRKN2kn7FVectorE	YS::STDOBJ::call_se(int, kn::FVector const&)		med
001a2200	176	branchy	near	lift	85.75	00497f64	_ZNK2YS5SHEET17adjust_lose_countEi	YS::SHEET::adjust_lose_count(int) const		med
001b2c48	176	float	near	lift	86.00	004c97f0	_ZN2YS17ACTION_CARPETBLOW13calc_movementEPNS_3OBJE	YS::ACTION_CARPETBLOW::calc_movement(YS::OBJ*)		sim-low
001b8ff8	176	branchy	near	ghidra	67.43	0041b938	_ZNK2YS12COMMAND_ELEM10is_invalidEPNS_3OBJE	YS::COMMAND_ELEM::is_invalid(YS::OBJ*) const		sim-med
001c8788	176	branchy	near	ghidra	70.13	004a44b4	_ZN2YS6SUMMON11IsPlayEventEiPNS_6PLAYERE	YS::SUMMON::IsPlayEvent(int, YS::PLAYER*)		med
001c97b0	176	float	near	ghidra	66.71	004943c8	_ZN2YS9SACRIFICE9StartPartEif	YS::SACRIFICE::StartPart(int, float)		high
001d1da0	176	float	near	lift	76.48	00454730	_ZN2YS13MISSION_GAUGE3setEf	YS::MISSION_GAUGE::set(float)		high
001ea100	176	float	near	lift	76.04	005c3544	pppVertexApLc	pppVertexApLc		sim-high
00229120	176	branchy	near	lift	93.86	002e30ac	_ZN2sa14MUSICAL_SCORE14initEv	sa::MUSICAL_SCORE1::init()		med
0022d4e8	176	loop	near	ghidra	93.23	002d6e98	_ZN2sa5EVENT11reloadActorERNS_15BIN_CACHE_CLEARE	sa::EVENT::reloadActor(sa::BIN_CACHE_CLEAR&)		high
00252760	176	straight	near	ghidra	82.93	003b9348	_ZN2Tz4ALCA4InitEv	Tz::ALCA::Init()		sim-high
00267408	176	switch	near	m2c	97.73	003b4c08	_ZN2Tz6CmStat9GetSelMsgEi	Tz::CmStat::GetSelMsg(int)		high
0028f6f0	176	branchy	near	lift	93.40	0037ebec	_ZN2Tz7SelHist7FadeOutEi	Tz::SelHist::FadeOut(int)		high
00293e00	176	loop	near	lift	98.64	00340258	_ZN2Tz6JmInfo4InitEP9ALLOCATOR	Tz::JmInfo::Init(ALLOCATOR*)		high
002a8870	176	loop	near	lift	69.91	0034386c	_ZN2Tz10JmMiniGame8isEnableEi	Tz::JmMiniGame::isEnable(int)		high
002aa5b8	176	loop	near	m2c	58.20	00347148	_ZN2Tz9JmNewInfo16GetAlbumWorldIdxEii	Tz::JmNewInfo::GetAlbumWorldIdx(int, int)		med
002abf40	176	loop	near	m2c	58.20	0034acec	_ZN2Tz9JmNewInfo16GetStoryWorldIdxEii	Tz::JmNewInfo::GetStoryWorldIdx(int, int)		med
002dae38	176	float	near	lift	65.06	0065e768	_ZN2Ti18MGHachimitsuGopher7combineEv	Ti::MGHachimitsuGopher::combine()		med
0031e158	176	float	near	ghidra	74.84	006345e8	_ZN2Ti12MG_EHSidecar5resetEv	Ti::MG_EHSidecar::reset()		sim-med
001332e8	172	float	near	lift	79.60	00112f04	_ZN2kn12UVScrollWork4playEf	kn::UVScrollWork::play(float)		sim-low
001519f8	172	float	near	lift	46.16	000a9098	_ZN2dk13MISSION_GAUGE11updateGaugeEv	dk::MISSION_GAUGE::updateGauge()		med
00168410	172	straight	near	ghidra	81.55	0042d66c	_ZN2YS4FILE8ReadBackEPKcPvjtPFvS3_jS3_ES3_	YS::FILE::ReadBack(char const*, void*, unsigned int, unsigned short, void (*)(void*, unsigned int, void*), void*)		sim-med
001707d8	172	loop	near	m2c	93.13	004166d4	_ZN2YS10CACHE_BUFF9FlushReadEv	YS::CACHE_BUFF::FlushRead()		sim-low
00176f00	172	float	near	lift	90.98	00475910	_ZN2YS5PARTY12exec_mpdriveEv	YS::PARTY::exec_mpdrive()		high
00190730	172	loop	near	ghidra	65.78	004a9c68	_ZN2YS6TARGET4eachEPKNS_14COLLISION_ELEME	YS::TARGET::each(YS::COLLISION_ELEM const*)		high
00191f78	172	branchy	near	lift	95.12	0044cedc	_ZN2YS7MESSAGE3SetEiPv	YS::MESSAGE::Set(int, void*)		sim-med
00195ed8	172	branchy	near	lift	76.98	004952f0	_ZN2YS9SAVEPOINTC1EPKNS_8OBJENTRYERKN2kn7FVectorEf	YS::SAVEPOINT::SAVEPOINT(YS::OBJENTRY const*, kn::FVector const&, float)		sim-high
0019f7d0	172	branchy	near	lift	75.14	0047bff8	_ZN2YS5PLACE7GetElemEii	YS::PLACE::GetElem(int, int)		med
001a1490	172	loop	near	m2c	70.70	00498594	_ZN2YS5SHEET10AllocPartyEi	YS::SHEET::AllocParty(int)		high
001af938	172	float	near	lift	93.95	00433078	_ZN2YS8GAMEOVER7ReraiseEv	YS::GAMEOVER::Reraise()		high
001b9c90	172	branchy	near	ghidra	85.20	0046e16c	_ZN2YS3OBJ15_OVR_is_controlEv	YS::OBJ::_OVR_is_control()		sim-high
001dde40	172	loop	near	lift	83.34	002b4aa8	_ZN3ryj3PAX6ensureEv	ryj::PAX::ensure()		high
0023eea0	172	straight	near	lift	99.14	003662e0	_ZN2Tz6Layout6createEiPvS1_ii	Tz::Layout::create(int, void*, void*, int, int)		high
002417a0	172	loop	near	e3	70.60	0036be80	_ZN2Tz5MCard15SetSizeFullInfoEv	Tz::MCard::SetSizeFullInfo()		med
00252660	172	branchy	near	ghidra	85.07	003b9eb4	_ZN2Tz4CANA10SetNewFlagEi	Tz::CANA::SetNewFlag(int)		high
0026ebc0	172	loop	near	lift	95.81	00309928	_ZN2Tz8Selector8LeaveAllEv	Tz::Selector::LeaveAll()		sim-low
00295430	172	loop	near	lift	72.67	00363864	_ZN2Tz10JmWorldSel15GetId2WorldNameEib	Tz::JmWorldSel::GetId2WorldName(int, bool)		high
002aa098	172	loop	near	ghidra	80.22	003466b8	_ZN2Tz9JmNewInfo15isWorldCharaNewEi	Tz::JmNewInfo::isWorldCharaNew(int)		med
002f13b0	172	float	near	lift	69.89	005ea6f8	_ZN2dk4Turn4execEv	dk::Turn::exec()		med
0031c6f8	172	loop	near	lift	93.32	006aa4b0	_ZN2dk9GET_MUNNYD0Ev	dk::GET_MUNNY::~GET_MUNNY()		sim-vt-high
0031c838	172	loop	near	lift	93.32	006a9c58	_ZN2dk8NEXT_EXPD0Ev	dk::NEXT_EXP::~NEXT_EXP()		sim-vt-high
00102688	168	loop	near	m2c	86.93	00040e2c	_ZN12TASK_MANAGER13masked_unlinkEii	TASK_MANAGER::masked_unlink(int, int)		sim-low
00106d40	168	float	near	ghidra	9.84	000d9370	_ZN2kn10Projection3setEfffffffffff	kn::Projection::set(float, float, float, float, float, float, float, float, float, float, float)		high
00106f40	168	float	near	lift	62.33	000d9748	_ZNK2kn10Projection7W2H_FOVEf	kn::Projection::W2H_FOV(float) const		med
00119e60	168	loop	near	m2c	77.81	000e8d90	_ZN2kn5Genie10changeFormEi	kn::Genie::changeForm(int)		high
00144b38	168	float	near	lift	65.70	0008822c	_ZNK2dk6Aabbox15generateVertex8EPN2kn7FVectorE	dk::Aabbox::generateVertex8(kn::FVector*) const		med
00153fa0	168	branchy	near	lift	97.44	00099a6c	_ZN2dk4FACE6createEiiPN2YS3OBJEiii	dk::FACE::create(int, int, YS::OBJ*, int, int, int)		med
00178100	168	branchy	near	lift	69.12	0047e758	_ZN2YS6PLAYER19start_player_cameraEv	YS::PLAYER::start_player_camera()		sim-low
00199890	168	float	near	m2c	94.48	004af810	_ZNK2YS13UNIT_DATA_OBJ6appearEPNS_10UNIT_GROUPERKN2kn7FVectorE	YS::UNIT_DATA_OBJ::appear(YS::UNIT_GROUP*, kn::FVector const&) const		med
0019b3d0	168	loop	near	lift	79.29	004b2388	_ZN2YS10UNIT_GROUP22get_in_rtn_appeal_zoneERN2kn7FVectorE	YS::UNIT_GROUP::get_in_rtn_appeal_zone(kn::FVector&)		sim-low
0019c170	168	float	near	m2c	80.45	00465190	_ZN2YS3OBJ11is_straddleEv	YS::OBJ::is_straddle()		med
001a3b48	168	branchy	near	lift	88.33	00424dc4	_ZN2YS6EFFECT13CategoryStartEPN3ryj3PAXEyRKN2kn7FVectorEiii	YS::EFFECT::CategoryStart(ryj::PAX*, unsigned long long, kn::FVector const&, int, int, int)		high
001afee8	168	branchy	near	e3	98.57	004ba238	_ZN2YS5VOICE11GetPartyNumEii	YS::VOICE::GetPartyNum(int, int)		med
001c8ec0	168	loop	near	lift	65.24	00422eb0	_ZN2YS8DARKNESS3SetEi	YS::DARKNESS::Set(int)		sim-med
001d5470	168	branchy	near	lift	95.10	00458018	_ZN2YS14MISSION_CAMERA3setEPKNS_6BINARCEPKNS_4CODEE	YS::MISSION_CAMERA::set(YS::BINARC const*, YS::CODE const*)		sim-low
001d6ba0	168	branchy	near	m2c	87.50	004e9f44	_ZN2YS10INDICATION4execEv	YS::INDICATION::exec()		high
001d9f30	168	branchy	near	ghidra	75.05	004eb058	_ZN2YS11JIGSAWPIECE15_OVR_initializeEv	YS::JIGSAWPIECE::_OVR_initialize()		sim-med
001e8288	168	loop	near	m2c	71.83	005a6e80	_Z10pppMovePdtPxi	pppMovePdt(long long*, int)		sim-med
002593b8	168	loop	near	m2c	77.21	002ecb1c	_ZN2Tz6CmComm12DataLoadWaitEiP4TASK	Tz::CmComm::DataLoadWait(int, TASK*)		high
00273de0	168	branchy	near	lift	70.77	002f75a0	_ZN2Tz6Jiminy4InitEv	Tz::Jiminy::Init()		seed
00289038	168	branchy	near	lift	86.26	00381b5c	_ZN2Tz6Select9SetSeqNumEibbibi	Tz::Select::SetSeqNum(int, bool, bool, int, bool, int)		sim-med
0028f930	168	loop	near	ghidra	73.48	0037efe0	_ZN2Tz7SelHist7isExistEi	Tz::SelHist::isExist(int)		sim-med
002a9c40	168	loop	near	ghidra	62.64	003453dc	_ZN2Tz9JmNewInfo10CheckQuestEv	Tz::JmNewInfo::CheckQuest()		med
002ad1b0	168	loop	near	ghidra	42.93	003344d4	_ZN2Tz10JmComplete11isCharaCompEi	Tz::JmComplete::isCharaComp(int)		med
002ad7d0	168	loop	near	lift	47.60	00334b1c	_ZN2Tz10JmComplete11isQuestCompEi	Tz::JmComplete::isQuestComp(int)		med
002ad950	168	loop	near	ghidra	51.52	00334cb8	_ZN2Tz10JmComplete14isMiniGameCompEi	Tz::JmComplete::isMiniGameComp(int)		med
002c0370	168	float	near	ghidra	84.02	00661494	_ZN8worldmap12LockOnCameraC1EPN2YS6PLAYERERNS1_6TARGETE	worldmap::LockOnCamera::LockOnCamera(YS::PLAYER*, YS::TARGET&)		sim-med
002c6050	168	loop	near	ghidra	44.36	003dd68c	_ZN8worldmap6Player9checkDarkEi	worldmap::Player::checkDark(int)		sim-high
002dd3a0	168	branchy	near	lift	76.74	0063ff3c	_ZN2Ti6MGJump12obj_leave_okEPNS_5MGObjE	Ti::MGJump::obj_leave_ok(Ti::MGObj*)		med
002e3540	168	float	near	lift	92.95	00658aa8	_ZN2Ti17trap_get_path_dirEP8BD_VALUE	Ti::trap_get_path_dir(BD_VALUE*)		sim-sandwich
002e8400	168	float	near	ghidra	56.86	006272a0	_ZN2Ts20trap_obj_rc_stop_allEP8BD_VALUE	Ts::trap_obj_rc_stop_all(BD_VALUE*)		med
002ec4a8	168	float	near	lift	64.78	0061f2e0	_ZN2Ts21ACTION_SKATEBOARDEDGE5startEPN2YS3OBJE	Ts::ACTION_SKATEBOARDEDGE::start(YS::OBJ*)		med
002edbf8	168	loop	near	ghidra	38.33	0062a0c0	_ZN2Ts6XEMNAS3GetEi	Ts::XEMNAS::Get(int)		high
0031da48	168	loop	near	lift	93.33	006a87b4	_ZN2dk3ExpD0Ev	dk::Exp::~Exp()		sim-vt-high
00138210	164	branchy	near	ghidra	92.02	00080e9c	_ZN2dk13TREASURE_INFO13openPrizeInfoEPKN2YS7MESSAGEE	dk::TREASURE_INFO::openPrizeInfo(YS::MESSAGE const*)		sim-high
001435a0	164	branchy	near	lift	83.29	0006ba74	_ZN2dk6Octree14getSkeltonTypeEPNS_14CollisionParamE	dk::Octree::getSkeltonType(dk::CollisionParam*)		high
00143c68	164	straight	near	lift	89.66	0006daa0	_ZN2dk6Octree15intersectLineIkERNS_4LineERN2kn7FVectorE	dk::Octree::intersectLineIk(dk::Line&, kn::FVector&)		med
00151d48	164	loop	near	lift	85.48	000b951c	_ZN2dk9GET_MUNNY10initNumberEv	dk::GET_MUNNY::initNumber()		sim-high
00152120	164	loop	near	lift	85.48	000aaa0c	_ZN2dk8NEXT_EXP10initNumberEv	dk::NEXT_EXP::initNumber()		sim-high
00155cb0	164	float	near	lift	89.63	000a16d8	_ZN2dk12GAUGE_PLAYER21createDriveTimeCircleEii	dk::GAUGE_PLAYER::createDriveTimeCircle(int, int)		high
0015d440	164	branchy	near	m2c	82.45	00059b9c	_ZN2dk17KeyHoleJumpEffect18jumpEffectOut_taskEP4TASK	dk::KeyHoleJumpEffect::jumpEffectOut_task(TASK*)		sim-high
0015f4a0	164	loop	near	lift	81.54	00060400	_ZN2dk3Map7hideAllEv	dk::Map::hideAll()		med
00182b18	164	loop	near	lift	93.37	004aeae8	_ZN2YS4UNIT11ActivateAllEv	YS::UNIT::ActivateAll()		high
0018cd28	164	float	near	lift	71.78	004222b8	_ZN2YS6DAMAGE8get_blowERfS1_	YS::DAMAGE::get_blow(float&, float&)		med
00197930	164	loop	near	ghidra	69.59	00428bdc	_ZN2YS5EVENT5StartEjiRNS_6JUMPERE	YS::EVENT::Start(unsigned int, int, YS::JUMPER&)		med
001c96c8	164	float	near	lift	67.44	004d2328	_ZN2YS13ACTION_LKDASH10party_jumpEPNS_3OBJEb	YS::ACTION_LKDASH::party_jump(YS::OBJ*, bool)		sim-high
001dc098	164	loop	near	lift	73.41	002b0828	_ZN3ryj11EFFECT_DATA5ShiftEPvS1_	ryj::EFFECT_DATA::Shift(void*, void*)		sim-med
001e6188	164	float	near	m2c	54.22	002ad590	_Z19pppPrintPerformancev	pppPrintPerformance()		med
00228918	164	float	near	m2c	56.27	002de8e8	_ZN2sa14MUSICAL_GAUGE46updateEv	sa::MUSICAL_GAUGE4::update()		sim-med
00233e70	164	loop	near	m2c	50.00	000cbaac	_ZN2YI5MCARD4SyncEj	YI::MCARD::Sync(unsigned int)		med
00252900	164	straight	near	lift	93.46	003b91bc	_ZN2Tz4ALCA11PauseThreadEP4TASK	Tz::ALCA::PauseThread(TASK*)		high
00252ce0	164	loop	near	ghidra	73.89	003b8c84	_ZN2Tz4ALCA10SetNextLayEv	Tz::ALCA::SetNextLay()		med
0027c118	164	straight	near	ghidra	70.33	00390bd0	_ZN2Tz9CmAbility8SetEquipEib	Tz::CmAbility::SetEquip(int, bool)		sim-high
0028e2a8	164	loop	near	lift	93.39	00378ad4	_ZN2Tz8MultiSeq6createEiPvPN2YI5IMAGEEPsii	Tz::MultiSeq::create(int, void*, YI::IMAGE*, short*, int, int)		sim-high
002a1b18	164	loop	near	m2c	83.33	003392c0	_ZN2Tz9JmDiagram10GetNewInfoEii	Tz::JmDiagram::GetNewInfo(int, int)		high
002a4d48	164	loop	near	lift	82.07	0032e2b8	_ZN2Tz8JmBattle4ExitEv	Tz::JmBattle::Exit()		sim-low
002bc470	164	loop	near	ghidra	51.27	001393ec	_ZN5SOUND13destroySeBankEi	SOUND::destroySeBank(int)		med
002dda88	164	float	near	ghidra	68.73	00641da8	_ZN2Ti12MGJumpGimObjC1EPKN2YS8OBJENTRYERKN2kn7FVectorEf	Ti::MGJumpGimObj::MGJumpGimObj(YS::OBJENTRY const*, kn::FVector const&, float)		sim-med
002eb3b8	164	float	near	ghidra	66.58	0061e048	_ZN2Ts11CheckCancelEPN2YS3OBJE	Ts::CheckCancel(YS::OBJ*)		high
0031a460	164	straight	near	lift	99.51	006a7d48	_ZN2dk17TREASURE_BOX_INFOD0Ev	dk::TREASURE_BOX_INFO::~TREASURE_BOX_INFO()		sim-vt-high
0031a628	164	straight	near	lift	99.51	006a8028	_ZN2dk19TREASURE_EVENT_INFOD0Ev	dk::TREASURE_EVENT_INFO::~TREASURE_EVENT_INFO()		sim-vt-high
0031f590	164	loop	near	lift	86.86	006ccbd8	_ZN2YS14WINDOW_BALLOOND0Ev	YS::WINDOW_BALLOON::~WINDOW_BALLOON()		sim-vt-high
0031f6d8	164	loop	near	lift	86.86	006ccca4	_ZN2YS11WINDOW_TALKD0Ev	YS::WINDOW_TALK::~WINDOW_TALK()		sim-vt-high
0031f820	164	loop	near	lift	86.86	006ccd70	_ZN2YS12WINDOW_CHECKD0Ev	YS::WINDOW_CHECK::~WINDOW_CHECK()		sim-vt-high
00105c68	160	loop	near	lift	94.33	0003e5ec	_ZN4SHOP5StartEP4TASK	SHOP::Start(TASK*)		med
00137890	160	straight	near	lift	99.25	0007fcdc	_ZN2dk13TREASURE_INFO6updateEv	dk::TREASURE_INFO::update()		sim-low
0013d6b0	160	float	near	lift	85.95	0004ed1c	_ZN2dk12COMMAND_DRAW15setCommandImageEPvS1_	dk::COMMAND_DRAW::setCommandImage(void*, void*)		high
001508a0	160	float	near	ghidra	62.62	000a8924	_ZN2dk18INFORMATION_WINDOW4initEPKN2YS7MESSAGEE	dk::INFORMATION_WINDOW::init(YS::MESSAGE const*)		med
00153158	160	straight	near	m2c	72.00	0005d9c0	_ZN2dk12LEVELUP_INFO3offEv	dk::LEVELUP_INFO::off()		high
00159b40	160	float	near	lift	74.77	0007c560	_ZN2dk10TalkCamera6createEPN2YS6TARGETEb	dk::TalkCamera::create(YS::TARGET*, bool)		sim-high
0015d690	160	straight	near	lift	99.25	00059ec4	_ZN2dk17KeyHoleJumpEffect2inEv	dk::KeyHoleJumpEffect::in()		sim-high
00176dd8	160	float	near	lift	94.50	00476f08	_ZN2YS5PARTY9exec_itemEPKNS_12COMMAND_ELEMERNS_6TARGETEi	YS::PARTY::exec_item(YS::COMMAND_ELEM const*, YS::TARGET&, int)		high
00182bc0	160	loop	near	m2c	88.49	004aeb90	_ZN2YS4UNIT8ActivateEPKc	YS::UNIT::Activate(char const*)		med
00187a18	160	loop	near	lift	94.00	00401710	_ZN2YS3ACT5TABLE3addEPKciiPi	YS::ACT::TABLE::add(char const*, int, int, int*)		sim-med
0019bb98	160	float	near	m2c	83.03	004649e8	_ZN2YS3OBJ8is_heavyEv	YS::OBJ::is_heavy()		sim-high
0019e170	160	loop	near	ghidra	83.52	004923b4	_ZN2YS11RC_SEARCHER13check_all_objEv	YS::RC_SEARCHER::check_all_obj()		sim-high
0019e5f8	160	branchy	near	m2c	51.13	00491c34	_ZN2YS11RC_SEARCHER16get_command_elemEi	YS::RC_SEARCHER::get_command_elem(int)		sim-high
001abf38	160	branchy	near	lift	71.44	004bc13c	_ZN2YS8TURNPAGE4drawEii	YS::TURNPAGE::draw(int, int)		sim-high
001b3388	160	loop	near	ghidra	76.10	00472cc8	_ZN2YS6OBJOCC4RIDE5checkEPN2dk6ObjOccE	YS::OBJOCC::RIDE::check(dk::ObjOcc*)		med
001b9380	160	loop	near	lift	85.53	0046d928	_ZN2YS3OBJ4linkEv	YS::OBJ::link()		sim-low
001be410	160	branchy	near	m2c	99.12	0042bc04	_ZN2YS13FIELD_COMMAND14check_shortcutEv	YS::FIELD_COMMAND::check_shortcut()		med
001cddb8	160	loop	near	ghidra	93.70	004e0698	_ZN2YS13CHOOSE_ATTACK11check_enemyEv	YS::CHOOSE_ATTACK::check_enemy()		sim-high
001d5a58	160	loop	near	m2c	42.00	0042a47c	_ZN2YS10EVENT_SKIP6IsSkipERK4AREARNS_6JUMPERE	YS::EVENT_SKIP::IsSkip(AREA const&, YS::JUMPER&)		sim-med
001d8718	160	branchy	near	lift	99.75	004557f0	_ZN2YS7MISSION13AddCountForceEii	YS::MISSION::AddCountForce(int, int)		sim-high
001de808	160	branchy	near	lift	93.50	002b66a0	_ZN3ryj3PAX9TaskStartEv	ryj::PAX::TaskStart()		high
001fc5b8	160	straight	near	lift	65.22	005adac0	pppKeMatSN	pppKeMatSN		sim-med
00224d48	160	switch	near	ghidra	49.98	002d9d60	_ZN2sa5EVENT15musical_2d_initEv	sa::EVENT::musical_2d_init()		med
0022f308	160	branchy	near	lift	90.00	002d42ac	_ZN2sa5EVENT15set_bin_seq_memERNS_11BIN_SEQ_MEMEP4TASK	sa::EVENT::set_bin_seq_mem(sa::BIN_SEQ_MEM&, TASK*)		med
00272340	160	branchy	near	m2c	97.41	0039dee4	_ZN2Tz8CmCustom10FadeOutAllEv	Tz::CmCustom::FadeOutAll()		sim-med
002764b0	160	switch	near	ghidra	38.95	002f747c	_ZN2Tz6Jiminy17AreaWorld2JmWorldEi	Tz::Jiminy::AreaWorld2JmWorld(int)		high
0029a780	160	branchy	near	ghidra	54.05	0033084c	_ZN2Tz12JmCollection8SelCheckEi	Tz::JmCollection::SelCheck(int)		high
002cb5d8	160	float	near	m2c	53.70	00654740	_ZN2Ti4PathC1Ef	Ti::Path::Path(float)		med
002e2728	160	float	near	m2c	78.02	00634be0	_ZN2Ti12MG_EHSidecar9play_pathEib	Ti::MG_EHSidecar::play_path(int, bool)		sim-med
002e35e8	160	float	near	lift	92.60	00658c48	_ZN2Ti19trap_get_path_dir_rEP8BD_VALUE	Ti::trap_get_path_dir_r(BD_VALUE*)		sim-sandwich
0013b088	156	float	near	lift	79.35	0004dce0	_ZN2dk12COMMAND_DRAWC1Ev	dk::COMMAND_DRAW::COMMAND_DRAW()		sim-high
00151f40	156	loop	near	lift	94.46	000b968c	_ZN2dk9GET_MUNNY6updateEv	dk::GET_MUNNY::update()		sim-high
00152318	156	loop	near	lift	94.46	000aab7c	_ZN2dk8NEXT_EXP6updateEv	dk::NEXT_EXP::update()		sim-high
00173878	156	branchy	near	m2c	66.90	005044d0	_ZN2YS15trap_obj_is_airEP8BD_VALUE	YS::trap_obj_is_air(BD_VALUE*)		sim-high
00179148	156	branchy	near	ghidra	60.05	0047d9d0	_ZN2YS6PLAYER16ability_airslideEv	YS::PLAYER::ability_airslide()		med
00179648	156	branchy	near	lift	67.03	0047e828	_ZN2YS6PLAYER8savemenuEPNS_3OBJE	YS::PLAYER::savemenu(YS::OBJ*)		med
001815d0	156	switch	near	m2c	99.97	0048f7a8	_ZN2YS8PROGRESS9CheckPoohEi	YS::PROGRESS::CheckPooh(int)		med
00188a28	156	loop	near	lift	28.62	0049638c	_ZN2YS7PARTRAM8add_itemEi	YS::PARTRAM::add_item(int)		sim-low
00188ac8	156	loop	near	e3	85.82	00496058	_ZN2YS7PARTRAM8rechargeEv	YS::PARTRAM::recharge()		med
0018db38	156	branchy	near	lift	89.10	00407098	_ZN2YS6ATTACK6strikeEPNS_6BTLOBJEii	YS::ATTACK::strike(YS::BTLOBJ*, int, int)		high
0018eaf8	156	float	near	ghidra	63.86	004092a0	_ZN2YS19ATTACK_WORK_MANAGER3addERNS_11ATTACK_WORKE	YS::ATTACK_WORK_MANAGER::add(YS::ATTACK_WORK&)		med
00191e40	156	branchy	near	lift	57.15	004a1400	_ZN2YS6STATUS17IsDisableCampMenuEv	YS::STATUS::IsDisableCampMenu()		high
0019d188	156	branchy	near	ghidra	73.49	00444540	_ZN2YS6LOCKON4execEv	YS::LOCKON::exec()		med
001a38b8	156	branchy	near	m2c	75.10	00436848	_ZN2YS4ITEM7GetFormEPKNS_10ITEM_TABLEE	YS::ITEM::GetForm(YS::ITEM_TABLE const*)		med
001b1ab8	156	loop	near	lift	66.74	0043e064	_ZN2YS5LIGHT7destroyEv	YS::LIGHT::destroy()		sim-low
001b2170	156	float	near	lift	82.41	004020d0	_ZN2YS10ACTION_HOP13calc_movementEPNS_3OBJE	YS::ACTION_HOP::calc_movement(YS::OBJ*)		sim-vt-high
001c1308	156	branchy	near	lift	84.00	00448924	_ZN2YS10MASSEFFECT7MANAGERC1EPN3ryj6EFFECTEijj	YS::MASSEFFECT::MANAGER::MANAGER(ryj::EFFECT*, int, unsigned int, unsigned int)		sim-high
001c7048	156	float	near	lift	58.27	0048ce38	_ZN2YS11PRIZEEFFECT10phase_landEb	YS::PRIZEEFFECT::phase_land(bool)		sim-med
001c88a8	156	float	near	m2c	89.80	004a4f74	_ZN2YS6SUMMON6AppearERKN2kn7FVectorEf	YS::SUMMON::Appear(kn::FVector const&, float)		high
001cbc50	156	branchy	near	ghidra	76.05	00488d94	_ZN2YS8PRIZE_PO6appearEPKNS_11PRIZEEFFECT5PARAMERKN2kn7FVectorEPKNS_14UNIT_DATA_ZONEE	YS::PRIZE_PO::appear(YS::PRIZEEFFECT::PARAM const*, kn::FVector const&, YS::UNIT_DATA_ZONE const*)		sim-med
001d0228	156	float	near	lift	99.49	0044fe58	_ZN2YS6MICKEY15recov_holylightEv	YS::MICKEY::recov_holylight()		seed
0021efc0	156	branchy	near	m2c	75.97	005c6ac4	pppRyjDrawDrawShipoly	pppRyjDrawDrawShipoly		sim-low
0022c8f8	156	float	near	m2c	72.54	002d7b40	_ZN2sa5EVENT7callTagEi	sa::EVENT::callTag(int)		med
00240240	156	loop	near	lift	78.62	003691d0	_ZN2Tz5MCard16GetFullPathFnameEPcii	Tz::MCard::GetFullPathFname(char*, int, int)		med
00269fc0	156	branchy	near	m2c	99.92	003a0d50	_ZN2Tz7CmEquip10isBaseLoopEv	Tz::CmEquip::isBaseLoop()		sim-high
0027ad80	156	branchy	near	m2c	75.33	002a28b0	_ZN5Title6EvView11isExistPageEv	Title::EvView::isExistPage()		sim-med
00282cb8	156	branchy	near	m2c	82.38	003232dc	_ZN2Tz8ItemInfo12MakeEmptyMsgEi	Tz::ItemInfo::MakeEmptyMsg(int)		med
00288ce0	156	loop	near	lift	45.26	00381488	_ZN2Tz6Select3SetEPNS_8MenuItemEiPKsS4_	Tz::Select::Set(Tz::MenuItem*, int, short const*, short const*)		sim-med
00290668	156	straight	near	lift	85.74	0031f528	_ZN2Tz7HelpGra6createEPvS1_i	Tz::HelpGra::create(void*, void*, int)		sim-med
002a6500	156	loop	near	e3	82.21	0032f368	_ZN2Tz8JmBattle20isEnableBattleReportEv	Tz::JmBattle::isEnableBattleReport()		med
002ad110	156	loop	near	ghidra	85.75	00333d78	_ZN2Tz10JmComplete10CheckCharaEv	Tz::JmComplete::CheckChara()		med
002b1a00	156	loop	near	ghidra	66.90	0034d5c4	_ZN2Tz8JmPuzzle14UpdateHelpMessEv	Tz::JmPuzzle::UpdateHelpMess()		high
002bb8b0	156	float	near	lift	52.37	001383e0	_ZN4SE3D11checkVolumeEv	SE3D::checkVolume()		sim-med
002bd998	156	float	near	lift	83.03	003d8300	_ZN8worldmap8LibrettoC1Ei	worldmap::Libretto::Libretto(int)		sim-med
002d6a00	156	float	near	m2c	58.95	006f2148	_ZN2YS3OBJ6VTABLEIN2Ti16MGOarashiBalloonEE10initializeEPS0_	YS::OBJ::VTABLE<Ti::MGOarashiBalloon>::initialize(YS::OBJ*)		sim-high
002e9248	156	loop	near	ghidra	97.12	0062b3b4	_ZN2Ts12ExecAllFlareEP4TASK	Ts::ExecAllFlare(TASK*)		sim-high
0031c2c8	156	straight	near	lift	80.77	006a982c	_ZN2dk18INFORMATION_WINDOWD0Ev	dk::INFORMATION_WINDOW::~INFORMATION_WINDOW()		sim-vt-high
00102818	152	straight	near	ghidra	84.87	00040830	_ZN12TASK_MANAGER13create_threadEiiPFvP4TASKEi	TASK_MANAGER::create_thread(int, int, void (*)(TASK*), int)		high
0010cbc8	152	branchy	near	lift	88.63	000e51e0	_ZN2kn6Friend14setCommandItemEiPN2YS3OBJEi	kn::Friend::setCommandItem(int, YS::OBJ*, int)		med
0011f4b8	152	loop	near	lift	90.77	000f1c1c	_ZN2kn7ModelBGC1EPv	kn::ModelBG::ModelBG(void*)		sim-med
00132e28	152	branchy	near	lift	76.05	0010ed80	_ZN2kn10TEXAnmWork3setEj	kn::TEXAnmWork::set(unsigned int)		sim-high
0013c738	152	branchy	near	ghidra	76.00	0004d270	_ZN2dk12COMMAND_DRAW15is_Command_SkipEv	dk::COMMAND_DRAW::is_Command_Skip()		med
00147140	152	branchy	near	lift	67.95	000ad574	_ZN2dk11OctDrawFile19cacheFindDrawObjectEPNS_11ObjDrawListE	dk::OctDrawFile::cacheFindDrawObject(dk::ObjDrawList*)		sim-med
0016be00	152	float	near	lift	41.58	00461c08	_ZN2YS3OBJ13scatter_prizeEi	YS::OBJ::scatter_prize(int)		seed
00176cd0	152	branchy	near	lift	95.64	00475efc	_ZN2YS5PARTY10_OVR_voiceEii	YS::PARTY::_OVR_voice(int, int)		sim-high
00187e58	152	branchy	near	ghidra	38.69	004006c4	_ZN2YS3ACT16is_damage_motionEv	YS::ACT::is_damage_motion()		high
0018e040	152	loop	near	lift	76.79	0040770c	_ZN2YS6ATTACK7refreshEv	YS::ATTACK::refresh()		sim-med
0019b0e8	152	float	near	lift	88.95	004b0c28	_ZN2YS10UNIT_GROUP9RandomPosEjRKN2kn7FVectorEff	YS::UNIT_GROUP::RandomPos(unsigned int, kn::FVector const&, float, float)		med
0019ecb0	152	float	near	m2c	74.08	004dcae8	_ZN2YS4BLUR5startEf	YS::BLUR::start(float)		seed
001a3f08	152	branchy	near	lift	67.58	0040af80	_ZN2YS10ATTACK_OBJC1EPNS_6BTLOBJEPNS_6STDOBJEiPPS0_ii	YS::ATTACK_OBJ::ATTACK_OBJ(YS::BTLOBJ*, YS::STDOBJ*, int, YS::ATTACK_OBJ**, int, int)		sim-med
001a4388	152	loop	near	ghidra	67.47	0040b4bc	_ZN2YS10ATTACK_OBJ4ExecEv	YS::ATTACK_OBJ::Exec()		high
001b55e8	152	branchy	near	ghidra	74.81	0043f3f4	_ZN2YS5LIMIT7can_endEv	YS::LIMIT::can_end()		high
001bfcc8	152	float	near	lift	90.42	0048be20	_ZN2YS8PRIZEBOX13DropNmPresentEPNS_6BTLOBJEi	YS::PRIZEBOX::DropNmPresent(YS::BTLOBJ*, int)		high
001d7d68	152	branchy	near	ghidra	76.56	00426334	_ZN2YS9ENEMYBASEC1EPKNS_8OBJENTRYERKN2kn7FVectorEf	YS::ENEMYBASE::ENEMYBASE(YS::OBJENTRY const*, kn::FVector const&, float)		sim-med
001e06b8	152	branchy	near	lift	93.16	002b957c	_ZN3ryj5SHAKE4InitEv	ryj::SHAKE::Init()		high
00251318	152	branchy	near	lift	93.16	003bb264	_ZN2Tz4CANA7ControlEv	Tz::CANA::Control()		high
002b1208	152	loop	near	ghidra	70.47	00351c5c	_ZN2Tz8JmPuzzle11ChangeImageEj	Tz::JmPuzzle::ChangeImage(unsigned int)		high
002e6fc0	152	loop	near	lift	74.40	0065cc2c	_ZN2Ti3AfpC1EPv	Ti::Afp::Afp(void*)		sim-high
0031c1b0	152	loop	near	m2c	93.79	006aa1c8	_ZN2dk7COUNTERD1Ev	dk::COUNTER::~COUNTER()		sim-vt-high
0031c5d0	152	loop	near	m2c	93.79	006a9970	_ZN2dk13MISSION_GAUGED1Ev	dk::MISSION_GAUGE::~MISSION_GAUGE()		sim-vt-high
001206e0	148	loop	near	m2c	94.49	000f3f00	_ZN2kn8ModelSKLC1EPv	kn::ModelSKL::ModelSKL(void*)		sim-med
0014fc40	148	float	near	ghidra	79.34	000a5ae8	_ZN2dk9INFO_BASE6createEiiiiNS0_5ALIGNE	dk::INFO_BASE::create(int, int, int, int, dk::INFO_BASE::ALIGN)		med
00151aa8	148	float	near	e3	98.73	000a93e0	_ZN2dk13MISSION_GAUGE6updateEv	dk::MISSION_GAUGE::update()		high
001656d0	148	branchy	near	lift	94.24	0006a6e4	_ZN2dk6ObjOcc5setupEPvi	dk::ObjOcc::setup(void*, int)		sim-med
00167cd0	148	branchy	near	ghidra	65.88	00473b68	_ZN2YS7SOFTPAD8read_subEv	YS::SOFTPAD::read_sub()		sim-low
00167d68	148	branchy	near	m2c	95.53	00473cc8	_ZN2YS7SOFTPAD4readEv	YS::SOFTPAD::read()		sim-med
00170f98	148	float	near	lift	56.37	004f71c8	_ZN2YS18trap_sysobj_appearEP8BD_VALUE	YS::trap_sysobj_appear(BD_VALUE*)		sim-low
001789b8	148	float	near	lift	90.62	0047cf60	_ZN2YS6PLAYER14_OVR_post_execEv	YS::PLAYER::_OVR_post_exec()		med
00178a50	148	branchy	near	m2c	66.97	0047f074	_ZN2YS6PLAYER19exec_command_cameraEPKNS_12COMMAND_ELEME	YS::PLAYER::exec_command_camera(YS::COMMAND_ELEM const*)		med
0017c430	148	float	near	m2c	63.27	00403860	_ZN2YS3OBJ19prepare_jump_heightEf	YS::OBJ::prepare_jump_height(float)		high
00185f70	148	float	near	m2c	70.86	00411c84	_ZN2YS6BTLOBJC1EPKNS_8OBJENTRYEjRKN2kn7FVectorEf	YS::BTLOBJ::BTLOBJ(YS::OBJENTRY const*, unsigned int, kn::FVector const&, float)		sim-high
0019c4f8	148	branchy	near	lift	60.41	0046582c	_ZN2YS3OBJ13is_disable_rcEv	YS::OBJ::is_disable_rc()		sim-high
001c2c00	148	float	near	ghidra	92.84	004354d0	_ZN2YS7HITMARK3AddEPN3ryj6EFFECTE	YS::HITMARK::Add(ryj::EFFECT*)		high
001d3fe0	148	loop	near	lift	66.19	00441eb0	_ZN2YS11LIMIT_TABLE3GetEi	YS::LIMIT_TABLE::Get(int)		med
001d7380	148	branchy	near	lift	85.26	00457340	_ZN2YS7MISSION9OptionEndEi	YS::MISSION::OptionEnd(int)		sim-high
001d8d08	148	float	near	lift	99.46	00455fa8	_ZN2YS7MISSION8AddGaugeEfi	YS::MISSION::AddGauge(float, int)		med
00241358	148	loop	near	ghidra	73.80	0036b260	_ZN2Tz5MCard13GetErrorFnameEv	Tz::MCard::GetErrorFname()		sim-sandwich
0026b508	148	loop	near	lift	83.16	003a2658	_ZN2Tz7CmEquip9SortEquipEv	Tz::CmEquip::SortEquip()		sim-high
0029e430	148	branchy	near	lift	92.97	0033c5b0	_ZN2Tz5JmDic13CrearCharaObjEv	Tz::JmDic::CrearCharaObj()		med
002c1cb0	148	branchy	near	lift	81.30	003ec134	_ZNK8worldmap4Gumi5Table8setStateEi	worldmap::Gumi::Table::setState(int) const		sim-low
002ca010	148	branchy	near	ghidra	95.53	003e15b8	_ZN2dk16WM_GLANDING_INFO5startEi	dk::WM_GLANDING_INFO::start(int)		high
002dba40	148	float	near	lift	63.70	0063d37c	_ZN2Ti14MGHachimitsuPo15_OVR_initializeEv	Ti::MGHachimitsuPo::_OVR_initialize()		sim-high
002e9a78	148	branchy	near	lift	72.60	006223d4	_ZN2Ts15TARGET_SEARCHER7is_typeEPN2YS3OBJEi	Ts::TARGET_SEARCHER::is_type(YS::OBJ*, int)		med
0013d620	144	float	near	lift	74.22	0004da40	_ZN2dk12COMMAND_DRAW24resetSpecialCommandImageEv	dk::COMMAND_DRAW::resetSpecialCommandImage()		med
00152688	144	straight	near	lift	92.08	0005cc24	_ZN2dk15LEVEL_UP_SUMMON4drawEv	dk::LEVEL_UP_SUMMON::draw()		sim-high
0015a638	144	float	near	lift	99.44	0007ddf4	_ZN2dk12TargetCamera6createEPN2YS6TARGETE	dk::TargetCamera::create(YS::TARGET*)		high
0015d540	144	straight	near	lift	99.17	00059e08	_ZN2dk17KeyHoleJumpEffect3outEv	dk::KeyHoleJumpEffect::out()		sim-high
001a34e0	144	branchy	near	lift	74.56	00436610	_ZN2YS4ITEM14ReduceBackyardEii	YS::ITEM::ReduceBackyard(int, int)		sim-low
001d8ad8	144	branchy	near	lift	85.61	00455d60	_ZN2YS7MISSION12WarningCountEib	YS::MISSION::WarningCount(int, bool)		sim-high
00209df0	144	straight	near	lift	81.67	005c5358	pppRyjDrawDrawMatrixWorldDtt	pppRyjDrawDrawMatrixWorldDtt		sim-med
002368e8	144	float	near	m2c	99.97	000bacb4	_ZN2YI5IMAGE8ClutGrayEf	YI::IMAGE::ClutGray(float)		high
0024ebc0	144	branchy	near	lift	96.89	003cfe28	_ZN2Tz4TTMY7ControlEv	Tz::TTMY::Control()		med
002530f0	144	branchy	near	lift	94.11	002eb3a0	_ZN2Tz8CampMenu4ExitEi	Tz::CampMenu::Exit(int)		high
002df040	144	float	near	ghidra	32.11	0062f064	_ZN2Ti14ACTION_PO_JUMP7controlEPN2YS3OBJE	Ti::ACTION_PO_JUMP::control(YS::OBJ*)		sim-high
002df7d8	144	float	near	ghidra	91.44	0062fe40	_ZN2Ti18ACTION_PO_JUMP_ROO7on_landEPN2YS3OBJE	Ti::ACTION_PO_JUMP_ROO::on_land(YS::OBJ*)		sim-high
00102788	140	straight	near	ghidra	90.14	000406f8	_ZN12TASK_MANAGER11create_taskEiiPFvP4TASKE	TASK_MANAGER::create_task(int, int, void (*)(TASK*))		seed
00118d10	140	float	near	m2c	78.94	0010c520	_ZN2kn6Stitch12move_requestEi	kn::Stitch::move_request(int)		med
0011efe8	140	loop	near	ghidra	73.11	000f0fc0	_ZN2kn5Model16clearDisplayFlagEPc	kn::Model::clearDisplayFlag(char*)		med
00141778	140	loop	near	lift	73.26	00091c48	_ZN2dk11OctCollFile14isExistPolygonEt	dk::OctCollFile::isExistPolygon(unsigned short)		sim-med
00142bf8	140	loop	near	lift	94.00	0009012c	_ZN2dk11OctCollFile15createPolygonSeEv	dk::OctCollFile::createPolygonSe()		sim-med
00173f68	140	float	near	lift	94.46	00507060	_ZN2YS21trap_obj_float_heightEP8BD_VALUE	YS::trap_obj_float_height(BD_VALUE*)		sim-high
00176a90	140	float	near	m2c	68.40	00476140	_ZN2YS5PARTY12_OVR_is_starEv	YS::PARTY::_OVR_is_star()		sim-high
0017e280	140	loop	near	lift	49.14	00430c5c	_ZN2YS6FRIEND19can_sacrifice_leaveEv	YS::FRIEND::can_sacrifice_leave()		high
00180378	140	float	near	lift	87.71	0045ca5c	_ZN2YS6MOTION7captureEPNS_3OBJEif	YS::MOTION::capture(YS::OBJ*, int, float)		high
00182e08	140	loop	near	lift	93.77	004aed20	_ZN2YS4UNIT7GetPathEi	YS::UNIT::GetPath(int)		high
00182e98	140	loop	near	lift	93.77	004aee18	_ZN2YS4UNIT11GetPathByIDEi	YS::UNIT::GetPathByID(int)		high
00186c58	140	float	near	lift	53.66	00412d40	_ZN2YS6BTLOBJ19exec_damage_hitbackEPNS_6DAMAGEEf	YS::BTLOBJ::exec_damage_hitback(YS::DAMAGE*, float)		sim-low
00199688	140	loop	near	m2c	97.17	0049f590	_ZN2YS9SOUNDINFO4InitEv	YS::SOUNDINFO::Init()		sim-med
001a1aa0	140	loop	near	lift	83.59	00498abc	_ZN2YS5SHEET9add_driveEi	YS::SHEET::add_drive(int)		high
001a22b0	140	branchy	near	lift	62.29	00498038	_ZNK2YS5SHEET22adjust_element_abilityEiPKS0_PKNS_11ATTACKPARAME	YS::SHEET::adjust_element_ability(int, YS::SHEET const*, YS::ATTACKPARAM const*) const		sim-med
001a3ce0	140	float	near	ghidra	72.59	00424f10	_ZN2YS6EFFECT13AddDeadEffectEPN3ryj6EFFECTE	YS::EFFECT::AddDeadEffect(ryj::EFFECT*)		seed
001ae010	140	loop	near	lift	90.40	0049b468	_ZN2YS6SIGNAL12ClearReserveEi	YS::SIGNAL::ClearReserve(int)		sim-low
001c0150	140	loop	near	lift	92.66	00409d5c	_ZN2YS12ATTACK_CHECKC1EPNS_6BTLOBJE	YS::ATTACK_CHECK::ATTACK_CHECK(YS::BTLOBJ*)		sim-low
001d7f80	140	loop	near	m2c	99.69	00454c40	_ZN2YS7MISSION11activate_2dEv	YS::MISSION::activate_2d()		med
001e6c40	140	float	near	lift	64.39	002af39c	_Z15pppStartPartMngPvS_jif	pppStartPartMng(void*, void*, unsigned int, int, float)		sim-med
002bf308	140	branchy	near	lift	79.31	003d4f18	_ZN8worldmap10RootWindow8execTaskEP4TASK	worldmap::RootWindow::execTask(TASK*)		sim-high
002d0200	140	branchy	near	lift	76.62	0064d628	_ZN2Ti5MGObj12IsInitAppearEPKN2YS8OBJENTRYE	Ti::MGObj::IsInitAppear(YS::OBJENTRY const*)		high
0011ed90	136	loop	near	ghidra	85.29	000f0a44	_ZN2kn8ModelHRC12setHierarchyEPS0_i	kn::ModelHRC::setHierarchy(kn::ModelHRC*, int)		sim-med
00132d90	136	branchy	near	m2c	82.54	0010ebb8	_ZNK2kn10TEXAnmWork12getPixelDataEi	kn::TEXAnmWork::getPixelData(int) const		sim-med
00152b50	136	straight	near	m2c	60.57	0005d570	_ZN2dk12LEVELUP_INFO6createEv	dk::LEVELUP_INFO::create()		med
00168388	136	straight	near	ghidra	81.74	0042d5a8	_ZN2YS4FILE8ReadBackEPKcPvPFvS3_jS3_ES3_	YS::FILE::ReadBack(char const*, void*, void (*)(void*, unsigned int, void*), void*)		high
001684c0	136	straight	near	ghidra	81.74	0042d7b0	_ZN2YS4FILE11ReadBarBackEPKcPvPFvPNS_6BINARCEjS3_ES3_	YS::FILE::ReadBarBack(char const*, void*, void (*)(YS::BINARC*, unsigned int, void*), void*)		high
001685f0	136	loop	near	m2c	60.50	0042ced0	_ZN2YS4FILE10ReadThreadEPv	YS::FILE::ReadThread(void*)		med
0016af58	136	float	near	lift	68.71	00460ed8	_ZN2YS3OBJ7get_dirEv	YS::OBJ::get_dir()		high
0016c460	136	float	near	m2c	90.29	004613f8	_ZN2YS3OBJ15get_jump_heightERi	YS::OBJ::get_jump_height(int&)		med
00170320	136	loop	near	ghidra	38.59	00416c44	_ZN2YS10CACHE_BUFF5ClearEi	YS::CACHE_BUFF::Clear(int)		seed
00180b10	136	loop	near	lift	86.53	0045ceec	_ZN2YS6MOTION7play_seEi	YS::MOTION::play_se(int)		sim-low
001846f8	136	float	near	m2c	40.82	004714b0	_ZN2YS3OBJ11fly_to_jumpEv	YS::OBJ::fly_to_jump()		seed
0018bae8	136	loop	near	ghidra	91.24	004ef30c	_ZN2YS3NPC16check_friendshipEPPKNS_19UNIT_DATA_RTN_PARAME	YS::NPC::check_friendship(YS::UNIT_DATA_RTN_PARAM const**)		med
001921d8	136	branchy	near	m2c	95.77	0044ce00	_ZN2YS7MESSAGE11GetFilenameEi	YS::MESSAGE::GetFilename(int)		high
00196e00	136	branchy	near	lift	94.09	00427b3c	_ZN2YS5EVENTD1Ev	YS::EVENT::~EVENT()		sim-high
001b1a30	136	float	near	lift	72.39	0043e980	_ZN2YS5LIGHT6CreateENS0_4TYPEE	YS::LIGHT::Create(YS::LIGHT::TYPE)		sim-med
001b92f8	136	loop	near	lift	97.88	0046d880	_ZN2YS3OBJ20ExecAllTaskFinalizerEP4TASK	YS::OBJ::ExecAllTaskFinalizer(TASK*)		med
001bbba8	136	branchy	near	lift	72.41	00452ef8	_ZN2YS7MISSION4QuitEi	YS::MISSION::Quit(int)		sim-med
001bce90	136	loop	near	ghidra	97.97	0041cfc0	_ZN2YS12COMMAND_MENU13make_by_tableEPKNS0_5TABLEEjPKNS_6TARGETE	YS::COMMAND_MENU::make_by_table(YS::COMMAND_MENU::TABLE const*, unsigned int, YS::TARGET const*)		sim-low
001c1808	136	loop	near	m2c	86.47	00448420	_ZN2YS10MASSEFFECTD1Ev	YS::MASSEFFECT::~MASSEFFECT()		sim-low
00239c68	136	float	near	lift	60.62	000c27a8	_ZN2YI8SEQUENCE12ChangeNumberEi	YI::SEQUENCE::ChangeNumber(int)		sim-med
002630d8	136	branchy	near	lift	92.78	003a9148	_ZN2Tz6CmItem14isExistUseListEv	Tz::CmItem::isExistUseList()		sim-med
00266b58	136	switch	near	e3	53.13	003b470c	_ZN2Tz6CmStat12UpdateTopNewEv	Tz::CmStat::UpdateTopNew()		high
0027acf8	136	branchy	near	lift	92.35	002a29f8	_ZN5Title6EvView9LeavePageEv	Title::EvView::LeavePage()		sim-low
00288d80	136	straight	near	lift	69.71	003815fc	_ZN2Tz6Select7SetItemEiiiPNS_6LayoutEiPKsS4_	Tz::Select::SetItem(int, int, int, Tz::Layout*, int, short const*, short const*)		high
0028acc8	136	loop	near	lift	85.68	0038256c	_ZN2Tz6Select7isExistEv	Tz::Select::isExist()		sim-low
002e0698	136	float	near	m2c	85.37	00630b50	_ZN2Ti21ACTION_PO_JUMP_PLAYER7on_landEPN2YS3OBJE	Ti::ACTION_PO_JUMP_PLAYER::on_land(YS::OBJ*)		med
002e8a28	136	loop	near	ghidra	99.41	006286b0	_ZN2Ts17trap_larxene_deadEP8BD_VALUE	Ts::trap_larxene_dead(BD_VALUE*)		med
0031a3d8	136	straight	near	lift	92.00	006a7c54	_ZN2dk17TREASURE_BOX_INFOD1Ev	dk::TREASURE_BOX_INFO::~TREASURE_BOX_INFO()		sim-vt-high
0031a5a0	136	straight	near	lift	92.00	006a7f84	_ZN2dk19TREASURE_EVENT_INFOD1Ev	dk::TREASURE_EVENT_INFO::~TREASURE_EVENT_INFO()		sim-vt-high
0031b858	136	straight	near	lift	99.41	006a6b60	_ZN2dk6LockOnD0Ev	dk::LockOn::~LockOn()		sim-vt-high
00104108	132	branchy	near	lift	85.91	0003a27c	_ZN10GUMIBATTLE23ChangeGameModeFromPauseEv	GUMIBATTLE::ChangeGameModeFromPause()		med
00111060	132	float	near	ghidra	70.89	000dd6f0	_ZN2kn6Friend9warpCntrlEv	kn::Friend::warpCntrl()		med
00136fd0	132	loop	near	lift	83.50	00044980	_ZN2dk3BGM8areaInitEv	dk::BGM::areaInit()		med
0015bbc8	132	float	near	ghidra	79.47	00074850	_ZN2dk5Radar4initEPNS_7MapFileE	dk::Radar::init(dk::MapFile*)		med
0016d110	132	loop	near	lift	94.52	004b5ff8	_ZN2YS2VM11ExecDestroyEv	YS::VM::ExecDestroy()		med
00172260	132	float	near	lift	76.00	004fe420	_ZN2YS12trap_obj_hopEP8BD_VALUE	YS::trap_obj_hop(BD_VALUE*)		sim-high
00199098	132	loop	near	ghidra	56.45	0049d068	_ZN2YS11SIGNAL_HOOK9GetJumperEi	YS::SIGNAL_HOOK::GetJumper(int)		sim-med
00199d38	132	loop	near	lift	96.76	004afcec	_ZN2YS10UNIT_GROUP12read_requestEv	YS::UNIT_GROUP::read_request()		sim-med
001a3458	132	loop	near	lift	92.12	00437400	_ZN2YS4ITEM6ReduceEii	YS::ITEM::Reduce(int, int)		seed
001b14d8	132	loop	near	lift	97.82	0043e788	_ZN2YS5LIGHT4InitEv	YS::LIGHT::Init()		sim-med
001b6fb0	132	branchy	near	ghidra	77.70	0043c3e0	_ZN2YS7LEVELUP3GetEii	YS::LEVELUP::Get(int, int)		high
001b78d0	132	loop	near	ghidra	99.70	00466450	_ZN2YS7OBJCLSN3setEv	YS::OBJCLSN::set()		med
001c0298	132	float	near	m2c	45.80	0040a078	_ZN2YS12ATTACK_CHECK6is_hitEPNS_6ATTACKE	YS::ATTACK_CHECK::is_hit(YS::ATTACK*)		sim-med
001d29c8	132	loop	near	ghidra	93.14	00489d40	_ZN2YS8PRIZE_TR6GetAllEPNS_6BTLOBJE	YS::PRIZE_TR::GetAll(YS::BTLOBJ*)		seed
001d5218	132	loop	near	ghidra	98.64	0041450c	_ZN2YS7CA_SHIP16ProgressCallbackEi	YS::CA_SHIP::ProgressCallback(int)		sim-med
001d6088	132	branchy	near	lift	56.00	0042fd10	_ZN2YS10FORM_LEVEL19CheckWisdomAndFinalEiPNS_6PLAYERE	YS::FORM_LEVEL::CheckWisdomAndFinal(int, YS::PLAYER*)		med
00242880	132	straight	near	m2c	20.58	00318ab8	_ZN2Tz6Config4InitEv	Tz::Config::Init()		med
00249480	132	loop	near	m2c	83.74	003cac74	_ZN2Tz4MUMI8SelCheckEi	Tz::MUMI::SelCheck(int)		med
00257158	132	branchy	near	e3	75.59	003154b0	_ZN2Tz5CmTop16GetItemFontColorEiib	Tz::CmTop::GetItemFontColor(int, int, bool)		med
0027af58	132	loop	near	ghidra	79.85	0038d3ec	_ZN2Tz9CmAbility14Cur2AbiltyTypeEv	Tz::CmAbility::Cur2AbiltyType()		high
00295270	132	branchy	near	lift	83.15	00362908	_ZN2Tz10JmWorldSel15UpdateWorldNameEv	Tz::JmWorldSel::UpdateWorldName()		sim-med
002a1f88	132	loop	near	lift	92.12	0036031c	_ZN2Tz10JmTreasure4InitEv	Tz::JmTreasure::Init()		sim-high
002ad660	132	loop	near	ghidra	67.18	003349c4	_ZN2Tz10JmComplete12isBattleCompEv	Tz::JmComplete::isBattleComp()		med
002bf8f0	132	loop	near	lift	55.39	003de4d4	_ZN8worldmap6Symbol13appearEpisodeEv	worldmap::Symbol::appearEpisode()		sim-high
002cedd0	132	loop	near	m2c	91.15	0064ff98	_ZN2Ti8MiniGame11create_taskEiPNS0_9TaskParamE	Ti::MiniGame::create_task(int, Ti::MiniGame::TaskParam*)		sim-high
002d0d88	132	float	near	lift	73.88	0064cc00	_ZN2Ti5MGObj22awake_from_hibernationEv	Ti::MGObj::awake_from_hibernation()		med
002d2870	132	float	near	ghidra	69.56	00645bcc	_ZN2Ti9MGOarashi19get_vacuum_movementEPN2YS3OBJE	Ti::MGOarashi::get_vacuum_movement(YS::OBJ*)		med
002d3128	132	float	near	m2c	78.32	00647ef8	_ZN2Ti15MGOarashiGimObj18reserve_fall_prizeEi	Ti::MGOarashiGimObj::reserve_fall_prize(int)		high
002d9788	132	float	near	lift	84.52	0063af8c	_ZN2Ti18MGHachimitsuPlayer15_OVR_initializeEv	Ti::MGHachimitsuPlayer::_OVR_initialize()		sim-high
002deb18	132	float	near	m2c	45.85	0062ef38	_ZN2Ti14ACTION_PO_JUMP5startEPN2YS3OBJE	Ti::ACTION_PO_JUMP::start(YS::OBJ*)		sim-low
002eabe8	132	float	near	lift	35.60	0061b8a0	_ZN2Ts11ACTION_DICE10party_jumpEPN2YS3OBJEb	Ts::ACTION_DICE::party_jump(YS::OBJ*, bool)		sim-high
00135bd0	128	branchy	near	lift	84.52	00104430	_ZN2kn11ObjObserver8addEntryEPN2YS3OBJE	kn::ObjObserver::addEntry(YS::OBJ*)		sim-low
00140480	128	branchy	near	ghidra	49.31	00067138	_ZN2dk9ObjCamera12calcAtTargetEv	dk::ObjCamera::calcAtTarget()		med
00143ae0	128	straight	near	lift	72.19	0006d548	_ZN2dk6Octree16intersectLineMapERNS_4LineERN2kn7FVectorERti	dk::Octree::intersectLineMap(dk::Line&, kn::FVector&, unsigned short&, int)		high
00143dd0	128	straight	near	e3	74.32	0006d6b0	_ZN2dk6Octree20intersectLineMapKindERNS_4LineERN2kn7FVectorERtii	dk::Octree::intersectLineMapKind(dk::Line&, kn::FVector&, unsigned short&, int, int)		high
0014ed28	128	branchy	near	ghidra	94.85	000727f8	_ZN2dk9POLYGONSE8createSeEii	dk::POLYGONSE::createSe(int, int)		sim-low
0014eda8	128	loop	near	lift	92.12	00072770	_ZN2dk9POLYGONSE7destroyEv	dk::POLYGONSE::destroy()		sim-med
0015a528	128	branchy	near	lift	64.66	0007d3c0	_ZN2dk12TargetCamera17checkEyeCollisionEPNS_9ObjCameraE	dk::TargetCamera::checkEyeCollision(dk::ObjCamera*)		med
001611a8	128	loop	near	lift	67.97	0008ab44	_ZN2dk5BgObj11setColorAllEhhh	dk::BgObj::setColorAll(unsigned char, unsigned char, unsigned char)		sim-med
0017ce80	128	float	near	ghidra	53.80	004c0f78	_ZN2YS4MATH10TurnRadianEfff	YS::MATH::TurnRadian(float, float, float)		med
001884d0	128	branchy	near	m2c	84.65	0040078c	_ZN2YS3ACT6listenEPKNS0_5SHOUTE	YS::ACT::listen(YS::ACT::SHOUT const*)		med
00188758	128	branchy	near	m2c	81.91	00401554	_ZN2YS3ACT11can_controlEv	YS::ACT::can_control()		med
001888c8	128	loop	near	lift	99.31	00495d80	_ZN2YS7PARTRAMC1Ev	YS::PARTRAM::PARTRAM()		sim-high
00199810	128	branchy	near	m2c	66.94	004afdf4	_ZN2YS10UNIT_GROUP15init_appear_subEPKNS_13UNIT_DATA_OBJE	YS::UNIT_GROUP::init_appear_sub(YS::UNIT_DATA_OBJ const*)		sim-med
0019bf50	128	branchy	near	lift	43.16	004650f4	_ZN2YS3OBJ7is_fallERKN2kn7FVectorE	YS::OBJ::is_fall(kn::FVector const&)		sim-high
001abe80	128	branchy	near	lift	78.43	004bc074	_ZN2YS8TURNPAGE4execEPNS_6WINDOWEPNS_3PADE	YS::TURNPAGE::exec(YS::WINDOW*, YS::PAD*)		sim-high
001b7998	128	loop	near	ghidra	96.97	004664f4	_ZN2YS7OBJCLSN15check_collisionERKNS_9COLLISIONE	YS::OBJCLSN::check_collision(YS::COLLISION const&)		med
0022e368	128	loop	near	lift	56.72	002c8234	_ZN2sa5EVENT13set_effect_wkERNS_14BIN_EFFECT_SEQE	sa::EVENT::set_effect_wk(sa::BIN_EFFECT_SEQ&)		sim-low
00232510	128	straight	near	lift	99.38	002bf858	_ZN2sa5EVENT14audio_read_setEPcNS_11EVENT_ALLOC10ALLOC_TYPEE	sa::EVENT::audio_read_set(char*, sa::EVENT_ALLOC::ALLOC_TYPE)		sim-high
0025d620	128	branchy	near	m2c	88.06	00308784	_ZN2Tz6CmSave8SelCheckEi	Tz::CmSave::SelCheck(int)		sim-med
002634d8	128	switch	near	e3	57.95	003a684c	_ZN2Tz6CmItem11GetItemInfoEi	Tz::CmItem::GetItemInfo(int)		med
00273678	128	branchy	near	lift	79.44	0039b658	_ZN2Tz8CmCustom16ChangeCustomInfoEv	Tz::CmCustom::ChangeCustomInfo()		med
0028e560	128	loop	near	ghidra	95.88	00378ea0	_ZN2Tz8MultiSeq11setMultiNumEPsii	Tz::MultiSeq::setMultiNum(short*, int, int)		sim-low
002aa2f8	128	loop	near	lift	79.41	00346afc	_ZN2Tz9JmNewInfo10isAnsemNewEi	Tz::JmNewInfo::isAnsemNew(int)		sim-low
002aaa38	128	loop	near	lift	79.41	00347e30	_ZN2Tz9JmNewInfo11isBattleNewEi	Tz::JmNewInfo::isBattleNew(int)		sim-low
002aacd8	128	loop	near	lift	79.41	0034847c	_ZN2Tz9JmNewInfo10isQuestNewEi	Tz::JmNewInfo::isQuestNew(int)		sim-low
002ab100	128	loop	near	lift	79.41	00348ec8	_ZN2Tz9JmNewInfo13isMiniGameNewEi	Tz::JmNewInfo::isMiniGameNew(int)		sim-low
002bc608	128	loop	near	lift	78.00	001394e4	_ZN5SOUND19destroyIopVoiceBankEi	SOUND::destroyIopVoiceBank(int)		med
002c1b60	128	branchy	near	lift	62.34	003ec018	_ZN8worldmap4Gumi8setStateEPKN2YS6COURSEE	worldmap::Gumi::setState(YS::COURSE const*)		sim-med
002de8e8	128	float	near	m2c	52.66	006ef97c	_ZN2YS3OBJ6VTABLEIN2Ti10MGJumpPoohEE9post_execEPS0_	YS::OBJ::VTABLE<Ti::MGJumpPooh>::post_exec(YS::OBJ*)		med
002e9610	128	branchy	near	lift	89.34	0062a838	_ZN2Ts5FLARE7set_posERKN2kn7FVectorE	Ts::FLARE::set_pos(kn::FVector const&)		sim-high
0031b5c8	128	straight	near	lift	99.62	006a5c30	_ZN2dk11GAUGE_PARTYD0Ev	dk::GAUGE_PARTY::~GAUGE_PARTY()		sim-vt-high
0031c248	128	straight	near	lift	76.81	006a9788	_ZN2dk18INFORMATION_WINDOWD1Ev	dk::INFORMATION_WINDOW::~INFORMATION_WINDOW()		sim-vt-high
00105fc8	124	straight	near	lift	63.59	0003f898	_ZN8WORLDMAP14gumiToWorldMapEv	WORLDMAP::gumiToWorldMap()		sim-high
001129d8	124	branchy	near	lift	80.10	000e5400	_ZN2kn6Friend14callFromScriptEi	kn::Friend::callFromScript(int)		sim-low
00138190	124	branchy	near	ghidra	60.06	00080d0c	_ZN2dk13TREASURE_INFO11openBoxInfoEPKN2YS7MESSAGEEi	dk::TREASURE_INFO::openBoxInfo(YS::MESSAGE const*, int)		sim-low
001397d8	124	loop	near	lift	97.58	00065988	_ZN2dk5Obj2D10leaveGroupEi	dk::Obj2D::leaveGroup(int)		med
00155f40	124	switch	near	lift	78.87	000a1cc0	_ZN2dk12GAUGE_PLAYER17getDriveLoopSqNumEv	dk::GAUGE_PLAYER::getDriveLoopSqNum()		high
001608c0	124	float	near	lift	93.03	00089a74	_ZN2dk5BgObj4drawEv	dk::BgObj::draw()		sim-high
001615e8	124	float	near	lift	93.55	000aa12c	_ZN2dk6Motion5startEif	dk::Motion::start(int, float)		sim-med
00170c50	124	loop	near	lift	58.65	00416e40	_ZN2YS10CACHE_BUFF14IsFlushingListEv	YS::CACHE_BUFF::IsFlushingList()		med
00172158	124	float	near	lift	80.62	004fde28	_ZN2YS15method_obj_jumpEP8BD_VALUE	YS::method_obj_jump(BD_VALUE*)		sim-high
001722e8	124	float	near	lift	80.62	004fe598	_ZN2YS16trap_obj_flyjumpEP8BD_VALUE	YS::trap_obj_flyjump(BD_VALUE*)		sim-high
00173008	124	straight	near	m2c	46.10	00502fa4	_ZN2YS17trap_area_setjumpEP8BD_VALUE	YS::trap_area_setjump(BD_VALUE*)		sim-high
00187420	124	float	near	lift	93.33	0041380c	_ZN2YS6BTLOBJ14turn_to_lockonEf	YS::BTLOBJ::turn_to_lockon(float)		sim-high
001874a0	124	float	near	lift	93.33	00413898	_ZN2YS6BTLOBJ20turn_to_lockon_rangeEf	YS::BTLOBJ::turn_to_lockon_range(float)		sim-high
001904f0	124	float	near	lift	96.56	004a8c90	_ZNK2YS6TARGET26make_talk_camera_collisionEPNS_9COLLISIONE	YS::TARGET::make_talk_camera_collision(YS::COLLISION*) const		high
001943e8	124	float	near	m2c	82.69	00468e88	_ZN2YS3OBJ9is_mirrorEv	YS::OBJ::is_mirror()		med
001bffd8	124	loop	near	ghidra	98.06	0040a4e4	_ZN2YS12ATTACK_CHECK11NewAttackIdEv	YS::ATTACK_CHECK::NewAttackId()		sim-sandwich
001c9ab8	124	loop	near	m2c	99.35	004942e4	_ZN2YS9SACRIFICE9CanSummonEv	YS::SACRIFICE::CanSummon()		med
001d8fa8	124	branchy	near	m2c	93.55	004563d4	_ZN2YS7MISSION12WarningGaugeEbi	YS::MISSION::WarningGauge(bool, int)		sim-high
001dc278	124	float	near	ghidra	63.75	002b1328	_ZN3ryj6EFFECTC1Ejj	ryj::EFFECT::EFFECT(unsigned int, unsigned int)		sim-low
001dffd8	124	branchy	near	ghidra	86.29	002b6968	_ZN3ryj3PAX7MANAGER15bind_effect_offEv	ryj::PAX::MANAGER::bind_effect_off()		sim-med
001e0fe8	124	branchy	near	lift	76.74	0061802c	_ZN3ryj5LASER9explosionEv	ryj::LASER::explosion()		sim-low
002638e0	124	branchy	near	m2c	69.65	003a98e4	_ZN2Tz6CmItem8SelCheckEi	Tz::CmItem::SelCheck(int)		high
00288e08	124	straight	near	e3	82.45	0038169c	_ZN2Tz6Select11SetExOffsetEiii	Tz::Select::SetExOffset(int, int, int)		high
0028c0a0	124	branchy	near	lift	86.71	00372460	_ZN2Tz8MenuItem5startEPvPN2YI5IMAGEEiii	Tz::MenuItem::start(void*, YI::IMAGE*, int, int, int)		sim-med
002dd650	124	loop	near	lift	89.03	006409c0	_ZN2Ti6MGJump14get_prize_dataEv	Ti::MGJump::get_prize_data()		sim-low
002edca0	124	loop	near	ghidra	91.67	00621a08	_ZN2Ts9OBJATTACH7ReplaceEPN2YS3OBJES3_	Ts::OBJATTACH::Replace(YS::OBJ*, YS::OBJ*)		med
001036d0	120	branchy	near	lift	82.45	0003c15c	_ZN4MENU15CreateAllocatorEPcj	MENU::CreateAllocator(char*, unsigned int)		sim-high
0010ce78	120	branchy	near	m2c	71.47	000e35c0	_ZN2kn6Friend24checkLostTarget_togetherEv	kn::Friend::checkLostTarget_together()		sim-med
00123c98	120	loop	near	m2c	99.97	000f2ae4	_ZN2kn10ModelMultiD0Ev	kn::ModelMulti::~ModelMulti()		high
00143520	120	float	near	lift	61.80	0006e294	_ZN2dk6Octree16getOnPolygonInfoERKN2kn7FVectorEPNS_13OnPolygonInfoE	dk::Octree::getOnPolygonInfo(kn::FVector const&, dk::OnPolygonInfo*)		med
00146d68	120	loop	near	lift	69.30	000adb6c	_ZN2dk11OctDrawFile16clearObjDrawListEv	dk::OctDrawFile::clearObjDrawList()		sim-low
00147240	120	float	near	ghidra	88.12	000ac648	_ZN2dk11OctDrawFile13drawOneObjectEPNS_11ObjDrawListEf	dk::OctDrawFile::drawOneObject(dk::ObjDrawList*, float)		sim-low
0014f5d0	120	branchy	near	m2c	96.61	000a6cc8	_ZN2dk11INFORMATION22closeInformationWindowEPKN2YS7MESSAGEE	dk::INFORMATION::closeInformationWindow(YS::MESSAGE const*)		sim-high
00154b98	120	loop	near	lift	90.33	0009dc64	_ZN2dk11GAUGE_ENEMY4cureEi	dk::GAUGE_ENEMY::cure(int)		med
00168958	120	branchy	near	m2c	77.67	0042d4a4	_ZN2YS4FILE5QUEUEC1ENS1_4TYPEEPKc	YS::FILE::QUEUE::QUEUE(YS::FILE::QUEUE::TYPE, char const*)		sim-med
0016f6f8	120	branchy	near	e3	68.47	0046a6cc	_ZN2YS8OBJENTRY7IsActorEj	YS::OBJENTRY::IsActor(unsigned int)		med
0017edf0	120	branchy	near	ghidra	71.67	0045aab0	_ZN2YS6MOTION8start_idEiff	YS::MOTION::start_id(int, float, float)		sim-med
00196288	120	branchy	near	ghidra	65.40	0015f40c	_ZN2gb3OBJ7vm_execEv	gb::OBJ::vm_exec()		sim-low
001a17c8	120	branchy	near	lift	76.84	00499c64	_ZN2YS5SHEET4FreeEPS0_	YS::SHEET::Free(YS::SHEET*)		high
001a4498	120	float	near	ghidra	75.93	0050c3ac	_ZN2YS12ATTACK_MAGICC1EPNS_6BTLOBJEiiii	YS::ATTACK_MAGIC::ATTACK_MAGIC(YS::BTLOBJ*, int, int, int, int)		sim-low
001a92d8	120	branchy	near	lift	98.33	00467394	_ZN2YS7OBJDATA3setEjPKNS_8OBJENTRYE	YS::OBJDATA::set(unsigned int, YS::OBJENTRY const*)		sim-med
001acf38	120	branchy	near	lift	77.67	004bd17c	_ZN2YS11WINDOW_BASE4drawEv	YS::WINDOW_BASE::draw()		high
001ad020	120	straight	near	ghidra	83.00	004bd2dc	_ZN2YS11WINDOW_BASE10draw_animeEiii	YS::WINDOW_BASE::draw_anime(int, int, int)		high
001ad430	120	straight	near	lift	86.59	004bd570	_ZN2YS11WINDOW_TALKC1Ei	YS::WINDOW_TALK::WINDOW_TALK(int)		sim-med
001b8e00	120	branchy	near	m2c	99.77	004bef78	_ZN2YS9WORLDFLAG14ClearGumiStageEi	YS::WORLDFLAG::ClearGumiStage(int)		sim-low
001bfc28	120	loop	near	ghidra	91.25	0048bdac	_ZN2YS8PRIZEBOX12AladdinDrainEv	YS::PRIZEBOX::AladdinDrain()		med
001c1130	120	loop	near	ghidra	55.17	004976d0	_ZN2YS8SELECTOR12SetPauseModeEi	YS::SELECTOR::SetPauseMode(int)		sim-low
001d86a0	120	branchy	near	lift	99.33	004558ac	_ZN2YS7MISSION8AddCountEii	YS::MISSION::AddCount(int, int)		seed
001ded98	120	loop	near	lift	96.26	002b47c8	_ZN3ryj3PAX7MANAGERD1Ev	ryj::PAX::MANAGER::~MANAGER()		sim-low
0022cea0	120	branchy	near	lift	72.57	002c6b94	_ZN2sa5EVENT17set_bin_seq_focusERNS_13BIN_SEQ_FOCUSEP4TASK	sa::EVENT::set_bin_seq_focus(sa::BIN_SEQ_FOCUS&, TASK*)		sim-high
0022f528	120	straight	near	m2c	29.60	002d22c0	_ZN2sa5EVENT9set_charaERNS_9BIN_CHARAEP4TASK	sa::EVENT::set_chara(sa::BIN_CHARA&, TASK*)		med
002384f8	120	float	near	lift	61.27	000c7ba8	_ZN2YI6SPRITE14_GetScrollModeEi	YI::SPRITE::_GetScrollMode(int)		med
0028ce98	120	branchy	near	ghidra	96.00	003710ec	_ZN2Tz10MenuCursor7SetTypeEii	Tz::MenuCursor::SetType(int, int)		high
0029c9d8	120	loop	near	m2c	73.00	0033cc28	_ZN2Tz5JmDic12GetCur2WorldEi	Tz::JmDic::GetCur2World(int)		high
002a00f0	120	loop	near	m2c	72.73	00329d80	_ZN2Tz7JmAnsem12GetEnableCntEv	Tz::JmAnsem::GetEnableCnt()		sim-low
002a6290	120	loop	near	m2c	72.73	0032c964	_ZN2Tz8JmBattle12GetEnableCntEv	Tz::JmBattle::GetEnableCnt()		sim-low
002b3ae8	120	loop	near	m2c	54.60	00354b30	_ZN2Tz8JmPuzzle8isEnableEv	Tz::JmPuzzle::isEnable()		high
002e7f80	120	straight	near	lift	67.33	00625c3c	_ZN2Ts35trap_target_searcher_get_target_numEP8BD_VALUE	Ts::trap_target_searcher_get_target_num(BD_VALUE*)		sim-high
002eb778	120	branchy	near	ghidra	48.13	0061e130	_ZN2Ts24skateboard_motion_changeEPN2YS3OBJEifb	Ts::skateboard_motion_change(YS::OBJ*, int, float, bool)		med
002eedf0	120	float	near	lift	78.84	0060b8ec	_ZN4menu9ObjWidget6updateEv	menu::ObjWidget::update()		sim-low
001025f8	116	branchy	near	lift	85.83	00040964	_ZN12TASK_MANAGER7_unlinkEP4TASK	TASK_MANAGER::_unlink(TASK*)		sim-low
00123ba8	116	loop	near	m2c	91.00	00410d0c	_ZN2YS6BINARC10beforeMoveEv	YS::BINARC::beforeMove()		sim-med
00123c20	116	loop	near	m2c	91.00	000f2a54	_ZN2kn10ModelMultiD1Ev	kn::ModelMulti::~ModelMulti()		high
00135d00	116	loop	near	m2c	96.17	00104684	_ZN2kn11ObjObserverixEi	kn::ObjObserver::operator[](int)		med
00139858	116	loop	near	lift	97.41	00065a88	_ZN2dk5Obj2D9showGroupEi	dk::Obj2D::showGroup(int)		seed
00139a38	116	loop	near	lift	97.41	00065bbc	_ZN2dk5Obj2D13setPauseGroupEi	dk::Obj2D::setPauseGroup(int)		med
00139ab0	116	loop	near	lift	97.41	00065c20	_ZN2dk5Obj2D15resetPauseGroupEi	dk::Obj2D::resetPauseGroup(int)		med
00139c18	116	branchy	near	lift	89.76	0006606c	_ZN2dk5Obj2D17checkDoubleCreateEPS0_	dk::Obj2D::checkDoubleCreate(dk::Obj2D*)		high
0013a958	116	branchy	near	m2c	75.03	0006480c	_ZN2dk10Monochrome4exitER4AREA	dk::Monochrome::exit(AREA&)		med
0015ac68	116	branchy	near	m2c	89.76	000463a8	_ZN2dk15BILLBOARD_PLACE6updateEv	dk::BILLBOARD_PLACE::update()		high
0016f970	116	loop	near	lift	93.13	00416978	_ZN2YS10CACHE_BUFF4InitEv	YS::CACHE_BUFF::Init()		sim-med
001852b8	116	float	near	lift	54.14	00471ef0	_ZN2YS3OBJ14set_ground_posEv	YS::OBJ::set_ground_pos()		med
0018d790	116	loop	near	lift	96.41	004087c0	_ZN2YS6ATTACK6EnsureEv	YS::ATTACK::Ensure()		med
00197318	116	float	near	ghidra	48.00	00428328	_ZN2YS5EVENT17phase_clear_cacheEv	YS::EVENT::phase_clear_cache()		med
001ac5b8	116	loop	near	lift	72.68	004bc3b4	_ZN2YS6WINDOWD1Ev	YS::WINDOW::~WINDOW()		sim-sandwich
001c35a0	116	loop	near	ghidra	71.52	004c50b0	_ZN2YS7ABILITY9set_levelEv	YS::ABILITY::set_level()		sim-low
001dbc58	116	straight	near	lift	64.55	004206c8	_ZN2YS11CROWDEFFECTC1EPNS_10MASSEFFECT7MANAGERERKN2kn7FVectorEPKNS0_5PARAME	YS::CROWDEFFECT::CROWDEFFECT(YS::MASSEFFECT::MANAGER*, kn::FVector const&, YS::CROWDEFFECT::PARAM const*)		sim-med
00225328	116	branchy	near	ghidra	93.97	002c1b3c	_ZN2sa5EVENT23set_bgm_volume_continueERNS_11BIN_SEQ_BGMEP4TASK	sa::EVENT::set_bgm_volume_continue(sa::BIN_SEQ_BGM&, TASK*)		sim-low
0022b028	116	branchy	near	lift	68.97	002e0e1c	_ZN2sa13MUSICAL_INPUT8BadScoreEi	sa::MUSICAL_INPUT::BadScore(int)		sim-high
002b4c10	116	straight	near	lift	91.03	0030bd2c	_ZN2Tz8CmSLBase14SetupSlotCheckEv	Tz::CmSLBase::SetupSlotCheck()		high
002be428	116	branchy	near	lift	64.42	003d9a20	_ZN8worldmap8Libretto10widgetTaskEP4TASK	worldmap::Libretto::widgetTask(TASK*)		med
002cf8c0	116	branchy	near	m2c	78.14	0064d9c0	_ZN2Ti5MGObj23append_member_from_zoneEijPN2YS10UNIT_GROUPEPKNS1_14UNIT_DATA_ZONEE	Ti::MGObj::append_member_from_zone(int, unsigned int, YS::UNIT_GROUP*, YS::UNIT_DATA_ZONE const*)		med
002d0fb0	116	straight	near	lift	90.62	002ea0cc	_ZN2Ti8MGPlayerD2Ev	Ti::MGPlayer::~MGPlayer()		sim-high
002d6d10	116	float	near	ghidra	95.00	0063235c	_ZN2Ti27ACTION_PO_OARASHI_TORNADO_S13calc_movementEPN2YS3OBJE	Ti::ACTION_PO_OARASHI_TORNADO_S::calc_movement(YS::OBJ*)		sim-high
00141988	112	branchy	near	m2c	73.89	0008ec84	_ZN2dk11OctCollFile13createPolygonERKNS_11CollPolygonERNS_7PolygonE	dk::OctCollFile::createPolygon(dk::CollPolygon const&, dk::Polygon&)		sim-med
00159130	112	float	near	lift	73.13	00075bb8	_ZN2dk14ReactionCamera6createEPKN2YS6TARGETE	dk::ReactionCamera::create(YS::TARGET const*)		high
0017c030	112	float	near	m2c	67.78	004cfdfc	_ZN2YS11ACTION_IDLE4JumpEPNS_3OBJERib	YS::ACTION_IDLE::Jump(YS::OBJ*, int&, bool)		sim-low
00184478	112	float	near	m2c	97.68	00470c50	_ZN2YS3OBJ11is_moved_xzEv	YS::OBJ::is_moved_xz()		sim-low
001a3958	112	loop	near	ghidra	51.19	00280130	_ZN7OvlShop8ItemShop12GetStockItemEv	OvlShop::ItemShop::GetStockItem()		sim-med
001a6ae8	112	loop	near	lift	91.07	004aad78	_ZN2YS8TEAMWORK6EnsureEv	YS::TEAMWORK::Ensure()		sim-med
001acfb0	112	branchy	near	ghidra	62.96	004bd254	_ZN2YS11WINDOW_BASE8set_typeEi	YS::WINDOW_BASE::set_type(int)		high
001b27f0	112	float	near	m2c	52.23	004c8778	_ZN2YS13ACTION_CARPET10party_jumpEPNS_3OBJEb	YS::ACTION_CARPET::party_jump(YS::OBJ*, bool)		sim-high
001b9d40	112	branchy	near	m2c	89.29	0046e29c	_ZN2YS3OBJ11can_controlEv	YS::OBJ::can_control()		high
001d7b10	112	loop	near	lift	92.93	004a320c	_ZN2YS4STOP5startEif	YS::STOP::start(int, float)		sim-med
002256c8	112	branchy	near	lift	91.54	002c14b0	_ZN2sa5EVENT13read_bgm_dataERNS_12BIN_BGM_DATAEP4TASK	sa::EVENT::read_bgm_data(sa::BIN_BGM_DATA&, TASK*)		med
0028ae28	112	straight	near	lift	69.86	00382a44	_ZN2Tz6Select6isLoopEi	Tz::Select::isLoop(int)		sim-low
00293668	112	loop	near	m2c	80.79	0038abe4	_ZN2Tz9ChgWeapon7isExistEv	Tz::ChgWeapon::isExist()		med
002a6878	112	branchy	near	m2c	67.53	0032dfd0	_ZN2Tz8JmBattle8SelCheckEi	Tz::JmBattle::SelCheck(int)		med
002bcbf0	112	straight	near	lift	93.69	0013e234	_ZN7SE_BANK17getBackGroundBankEiRiS0_	SE_BANK::getBackGroundBank(int, int&, int&)		sim-med
002d25f0	112	loop	near	lift	99.46	006447f0	_ZN2Ti9MGOarashi13task_pre_execEP4TASK	Ti::MGOarashi::task_pre_exec(TASK*)		sim-med
002d49c0	112	float	near	m2c	58.18	0064a664	_ZN2Ti15MGOarashiPlayerC1EPKN2YS8OBJENTRYEPNS1_3PADERKN2kn7FVectorEf	Ti::MGOarashiPlayer::MGOarashiPlayer(YS::OBJENTRY const*, YS::PAD*, kn::FVector const&, float)		sim-med
002e95a0	112	float	near	m2c	46.03	0062ae28	_ZN2Ts5FLARE10set_radiusEff	Ts::FLARE::set_radius(float, float)		sim-med
002ed830	112	float	near	lift	88.18	00629940	_ZN2Ts19TRINITY_SHOT_EFFECT11PhaseEnsureEPN2YS10MASSEFFECTE	Ts::TRINITY_SHOT_EFFECT::PhaseEnsure(YS::MASSEFFECT*)		sim-med
002f0640	112	float	near	m2c	49.59	0060de88	_ZN2kn24ACTION_CHICKENLITTLE_FPS10party_jumpEPN2YS3OBJEb	kn::ACTION_CHICKENLITTLE_FPS::party_jump(YS::OBJ*, bool)		sim-high
0031cf18	112	straight	near	lift	99.64	006a88e8	_ZN2dk4FACED0Ev	dk::FACE::~FACE()		sim-vt-high
0011b038	108	float	near	m2c	68.04	00132cf8	_ZN2kn13ChickenLittle8exec_fpsEv	kn::ChickenLittle::exec_fps()		med
0013b9e0	108	branchy	near	ghidra	82.22	0004ca80	_ZN2dk12COMMAND_DRAW11getTitleSeqEiiRbiRiS2_	dk::COMMAND_DRAW::getTitleSeq(int, int, bool&, int, int&, int&)		sim-low
0014ba90	108	straight	near	ghidra	95.63	000769fc	_ZN2dk8RectScisC1Ev	dk::RectScis::RectScis()		sim-med
00157990	108	branchy	near	m2c	82.33	000a2ab8	_ZN2dk12GAUGE_PLAYER10checkHPoldEv	dk::GAUGE_PLAYER::checkHPold()		med
00160f10	108	loop	near	lift	66.96	0008a964	_ZN2dk5BgObj19initMotionTimeGroupEj	dk::BgObj::initMotionTimeGroup(unsigned int)		sim-low
0016d5d0	108	float	near	lift	89.04	004b7318	_ZN2YS16trap_vector_rotyEP8BD_VALUE	YS::trap_vector_roty(BD_VALUE*)		sim-med
00173348	108	branchy	near	lift	89.04	005033b8	_ZN2YS18trap_bg_get_normalEP8BD_VALUE	YS::trap_bg_get_normal(BD_VALUE*)		med
001918c8	108	branchy	near	ghidra	84.45	004a0ea8	_ZN2YS6STATUS15CheckBattleModeEv	YS::STATUS::CheckBattleMode()		med
001945a0	108	float	near	lift	39.70	00469bc8	_ZN2YS3OBJ15set_parts_colorEjjf	YS::OBJ::set_parts_color(unsigned int, unsigned int, float)		sim-med
001947c0	108	branchy	near	m2c	65.50	00405d70	_ZN2YS8AREAINFO3GetEii	YS::AREAINFO::Get(int, int)		med
00198690	108	loop	near	ghidra	82.76	004a1cc8	_ZN2YS6STDOBJ14_OVR_post_execEv	YS::STDOBJ::_OVR_post_exec()		med
00198738	108	branchy	near	lift	92.43	004a21f8	_ZN2YS6STDOBJ15get_camera_dataEPKc	YS::STDOBJ::get_camera_data(char const*)		sim-med
00199548	108	loop	near	lift	84.41	0049b9cc	_ZN2YS6SIGNAL4InitEv	YS::SIGNAL::Init()		sim-med
001a4060	108	loop	near	m2c	96.43	0040b0b8	_ZN2YS10ATTACK_OBJD0Ev	YS::ATTACK_OBJ::~ATTACK_OBJ()		sim-med
001a67e0	108	loop	near	lift	82.59	00447a0c	_ZN2YS5MAGIC6DeleteEPS0_	YS::MAGIC::Delete(YS::MAGIC*)		sim-high
001a6bc8	108	straight	near	lift	96.96	004e7ce0	_ZN2YS8FIELDOBJC1EPKNS_8OBJENTRYERKN2kn7FVectorEf	YS::FIELDOBJ::FIELDOBJ(YS::OBJENTRY const*, kn::FVector const&, float)		sim-high
001b0728	108	float	near	m2c	55.07	004451f8	_ZN2YS6LOOKAT5startERKN2kn7FVectorEfj	YS::LOOKAT::start(kn::FVector const&, float, unsigned int)		sim-med
001b0858	108	float	near	m2c	74.78	00445390	_ZN2YS6LOOKAT9start_dirERKN2kn7FVectorEfj	YS::LOOKAT::start_dir(kn::FVector const&, float, unsigned int)		med
001b1360	108	loop	near	ghidra	76.27	00445d28	_ZN2YS6LOOKAT7ReplaceEPNS_3OBJES2_	YS::LOOKAT::Replace(YS::OBJ*, YS::OBJ*)		med
001b6070	108	branchy	near	m2c	95.56	00418bc4	_ZN2YS8CHANGEIN7CanExecEv	YS::CHANGEIN::CanExec()		high
001d59b0	108	loop	near	lift	88.07	004ed860	_ZN2YS9LINK_FLAG5CheckEv	YS::LINK_FLAG::Check()		sim-high
001d8f38	108	branchy	near	lift	93.18	00456334	_ZN2YS7MISSION14IsGaugeWarningEi	YS::MISSION::IsGaugeWarning(int)		seed
001dba18	108	loop	near	lift	85.89	004212bc	_ZN2YS8CROWDOBJ6SearchEPKNS_8OBJENTRYE	YS::CROWDOBJ::Search(YS::OBJENTRY const*)		sim-med
001dddd0	108	branchy	near	lift	75.07	002b4cf0	_ZN3ryj3PAX4initEPv	ryj::PAX::init(void*)		high
001e0230	108	loop	near	lift	73.74	002b7fe4	_ZN3ryj3PAX6RebindEPvS1_	ryj::PAX::Rebind(void*, void*)		med
00242c00	108	branchy	near	lift	82.78	00318e14	_ZN2Tz6Config19SetRightStickCameraEb	Tz::Config::SetRightStickCamera(bool)		sim-med
00263778	108	straight	near	ghidra	95.89	003a9798	_ZN2Tz6CmItem7UseItemEi	Tz::CmItem::UseItem(int)		med
002a4990	108	loop	near	lift	76.74	0035e338	_ZN2Tz10JmTreasure11Cur2WorldIdEi	Tz::JmTreasure::Cur2WorldId(int)		sim-med
002be4b0	108	branchy	near	m2c	94.04	003d9514	_ZN8worldmap8Libretto5flushEv	worldmap::Libretto::flush()		high
002c1860	108	float	near	m2c	96.07	00660b40	_ZN8worldmap10ActionWarp7controlEPN2YS3OBJE	worldmap::ActionWarp::control(YS::OBJ*)		sim-med
002c6420	108	float	near	lift	97.78	003eaa1c	_ZN8worldmap6Camera10initializeEv	worldmap::Camera::initialize()		sim-high
002dc140	108	branchy	near	m2c	47.59	0063da40	_ZN2Ti14MGHachimitsuPo10set_matrixERKN2kn7FMatrixE	Ti::MGHachimitsuPo::set_matrix(kn::FMatrix const&)		sim-med
002f0af0	108	branchy	near	lift	79.19	00612260	_ZN2kn25trap_friend_follow_playerEP8BD_VALUE	kn::trap_friend_follow_player(BD_VALUE*)		med
002f0b60	108	branchy	near	lift	79.19	006123b8	_ZN2kn24trap_friend_follow_enemyEP8BD_VALUE	kn::trap_friend_follow_enemy(BD_VALUE*)		med
0010f748	104	branchy	near	m2c	95.38	000e48a8	_ZN2kn6Friend13canItemActionEi	kn::Friend::canItemAction(int)		sim-high
00112d28	104	branchy	near	m2c	76.48	000ddd9c	_ZN2kn6Friend15is_active_enemyEPKN2YS3OBJE	kn::Friend::is_active_enemy(YS::OBJ const*)		med
001144e8	104	loop	near	lift	68.11	000e7c60	_ZN2kn17FriendPersonality11proc2ActionEMS0_FbPNS_12FriendActionEPN2YS6TARGETEPPvbE	kn::FriendPersonality::proc2Action(bool (kn::FriendPersonality::*)(kn::FriendAction*, YS::TARGET*, void**, bool))		med
0014cf18	104	straight	near	m2c	68.81	00081eec	_ZN2dk5Vsync13vSyncCallbackEi	dk::Vsync::vSyncCallback(int)		sim-low
0016c6e8	104	loop	near	ghidra	99.23	004625a8	_ZN2YS3OBJ10CountEntryEj	YS::OBJ::CountEntry(unsigned int)		seed
00173918	104	branchy	near	lift	97.23	005046f8	_ZN2YS18trap_obj_get_movedEP8BD_VALUE	YS::trap_obj_get_moved(BD_VALUE*)		sim-sandwich
0017c0a0	104	float	near	ghidra	68.96	004cfea8	_ZN2YS11ACTION_IDLE10party_jumpEPNS_3OBJEb	YS::ACTION_IDLE::party_jump(YS::OBJ*, bool)		sim-med
00182f38	104	loop	near	lift	90.38	004aef1c	_ZN2YS4UNIT12InitMinigameEv	YS::UNIT::InitMinigame()		high
0018f940	104	branchy	near	lift	88.62	004f47a4	_ZN2YS30trap_attack_get_reflect_vectorEP8BD_VALUE	YS::trap_attack_get_reflect_vector(BD_VALUE*)		med
0018fe80	104	branchy	near	lift	99.62	004f54e0	_ZN2YS27trap_limit_effect_start_posEP8BD_VALUE	YS::trap_limit_effect_start_pos(BD_VALUE*)		sim-med
00191a50	104	branchy	near	m2c	76.42	004a1194	_ZN2YS6STATUS13IsDisableZoneEv	YS::STATUS::IsDisableZone()		med
00196e98	104	branchy	near	e3	89.43	00427a50	_ZN2YS5EVENT17set_camera_targetEPNS_3OBJE	YS::EVENT::set_camera_target(YS::OBJ*)		high
0019c090	104	branchy	near	m2c	82.69	004653d0	_ZN2YS3OBJ7is_jumpEv	YS::OBJ::is_jump()		sim-low
001a81f0	104	loop	near	lift	87.50	004ab448	_ZN2YS8TREASURE5TABLE3GetEiii	YS::TREASURE::TABLE::Get(int, int, int)		med
001bf6a8	104	loop	near	lift	99.23	0048bcc4	_ZN2YS8PRIZEBOX8ClearAllEv	YS::PRIZEBOX::ClearAll()		med
001c18d0	104	branchy	near	lift	93.70	00448630	_ZN2YS10MASSEFFECT4execEv	YS::MASSEFFECT::exec()		sim-med
001dbad0	104	branchy	near	lift	99.00	004211d0	_ZN2YS8CROWDOBJ9_OVR_execEv	YS::CROWDOBJ::_OVR_exec()		sim-high
001dbcd0	104	float	near	lift	96.69	00420a20	_ZN2YS11CROWDEFFECT7PreExecEv	YS::CROWDEFFECT::PreExec()		sim-med
001dcb98	104	float	near	lift	91.73	002b2588	_ZN3ryj6EFFECT9set_colorERKN2YS5COLORE	ryj::EFFECT::set_color(YS::COLOR const&)		med
001dcc60	104	branchy	near	m2c	57.15	002b2674	_ZN3ryj6EFFECT7is_drawEv	ryj::EFFECT::is_draw()		med
001e7230	104	loop	near	ghidra	98.46	002af8ec	_Z11pppMemClearPvi	pppMemClear(void*, int)		sim-med
00220c88	104	straight	near	lift	81.62	005ced60	pppRyjMegaBirthModelDes	pppRyjMegaBirthModelDes		sim-low
0022b558	104	float	near	ghidra	82.70	002e4ab0	_ZN2sa14MUSICAL_TARGET5startEi	sa::MUSICAL_TARGET::start(int)		sim-high
00241850	104	branchy	near	ghidra	53.04	0036bf34	_ZN2Tz5MCard11SetSaveTimeEii	Tz::MCard::SetSaveTime(int, int)		sim-low
00243230	104	branchy	near	m2c	61.73	003861a4	_ZN2Tz7SubMenu6SetNewEii	Tz::SubMenu::SetNew(int, int)		med
00259350	104	branchy	near	ghidra	65.33	002eca84	_ZN2Tz6CmComm8DataLoadEi	Tz::CmComm::DataLoad(int)		high
002827f0	104	branchy	near	lift	94.11	00322e4c	_ZN2Tz8ItemInfo10MakeMsgTblEii	Tz::ItemInfo::MakeMsgTbl(int, int)		high
0028afd0	104	branchy	near	lift	69.04	00382c14	_ZN2Tz6Select12SetSelectTopEi	Tz::Select::SetSelectTop(int)		sim-med
0028dcc0	104	branchy	near	m2c	95.93	00376d60	_ZN2Tz8MenuUtil13SetSprtParentEPN2dk6SpriteES3_	Tz::MenuUtil::SetSprtParent(dk::Sprite*, dk::Sprite*)		high
002b7010	104	straight	near	e3	17.90	00386f74	_ZN2Tz8TimeDraw5LeaveEv	Tz::TimeDraw::Leave()		sim-low
002bebd0	104	float	near	lift	64.43	006602e8	_ZN8worldmap10ActionShip7controlEPN2YS3OBJE	worldmap::ActionShip::control(YS::OBJ*)		sim-high
002c22f0	104	loop	near	lift	87.69	003ec89c	_ZNK8worldmap3Key10getOpenNumEv	worldmap::Key::getOpenNum() const		sim-med
00170e80	100	loop	near	lift	79.20	00417ce4	_ZN2YS10CACHE_BUFF11GetFreeSizeEv	YS::CACHE_BUFF::GetFreeSize()		med
0017a418	100	branchy	near	lift	74.00	0047c250	_ZN2YS6PLAYER17set_command_phaseEi	YS::PLAYER::set_command_phase(int)		med
00182ab0	100	loop	near	ghidra	95.20	004aea68	_ZN2YS4UNIT11ReadRequestEv	YS::UNIT::ReadRequest()		med
0018bbf8	100	branchy	near	lift	99.60	004eff48	_ZN2YS3NPC20get_start_rtn_actionEv	YS::NPC::get_start_rtn_action()		med
0018f3a8	100	loop	near	ghidra	99.60	004f3a90	_ZN2YS24trap_enemy_count_damagerEP8BD_VALUE	YS::trap_enemy_count_damager(BD_VALUE*)		med
00197c28	100	branchy	near	m2c	66.20	00428230	_ZN2YS5EVENT15phase_wait_fadeEv	YS::EVENT::phase_wait_fade()		sim-med
001b3208	100	loop	near	lift	83.85	004729e0	_ZN2YS6OBJOCC7disableEi	YS::OBJOCC::disable(int)		seed
001d53e8	100	straight	near	m2c	60.57	00459308	_ZN2YS13MISSION_TABLE4InitEv	YS::MISSION_TABLE::Init()		high
001d87b8	100	branchy	near	e3	98.80	00455a28	_ZN2YS7MISSION8GetCountEi	YS::MISSION::GetCount(int)		seed
001d9320	100	branchy	near	e3	95.12	00456b30	_ZN2YS7MISSION19WarningComboCounterEi	YS::MISSION::WarningComboCounter(int)		seed
00230d78	100	loop	near	ghidra	72.60	002c2998	_ZN2sa5EVENT14set_camera_seqERNS_14BIN_CAMERA_SEQE	sa::EVENT::set_camera_seq(sa::BIN_CAMERA_SEQ&)		sim-low
00232db0	100	loop	near	lift	77.04	002cd190	_ZN2sa5EVENT17clearMotionCtrlWkEi	sa::EVENT::clearMotionCtrlWk(int)		high
002367c8	100	branchy	near	lift	89.00	000bac54	_ZN2YI5IMAGE13InitLoadImageEv	YI::IMAGE::InitLoadImage()		med
00239b50	100	loop	near	lift	86.80	000c2674	_ZN2YI8SEQUENCE11GetAllFrameEi	YI::SEQUENCE::GetAllFrame(int)		sim-med
0023ef50	100	loop	near	m2c	90.64	00366668	_ZN2Tz6Layout13SetImageCacheEv	Tz::Layout::SetImageCache()		high
00284e40	100	straight	near	lift	99.20	002ef738	_ZN2Tz6Ending10SoundSetupEv	Tz::Ending::SoundSetup()		high
0028e350	100	loop	near	lift	85.00	003788a8	_ZN2Tz8MultiSeqD1Ev	Tz::MultiSeq::~MultiSeq()		sim-high
00292eb0	100	branchy	near	ghidra	93.85	00387ea8	_ZN2Tz8UnitLoad12ReadCallbackEPvjS1_	Tz::UnitLoad::ReadCallback(void*, unsigned int, void*)		sim-low
002953c8	100	loop	near	lift	69.33	00363770	_ZN2Tz10JmWorldSel10GetId2InfoEi	Tz::JmWorldSel::GetId2Info(int)		high
002bc0f0	100	branchy	near	m2c	66.97	001395b4	_ZN5SOUND7allocSeEv	SOUND::allocSe()		med
002ec9d0	100	float	near	lift	90.88	0061fb78	_ZN2Ts21ACTION_SKATEBOARDEDGE4JumpEPN2YS3OBJERKN2kn7FVectorEi	Ts::ACTION_SKATEBOARDEDGE::Jump(YS::OBJ*, kn::FVector const&, int)		sim-high
002eca38	100	float	near	lift	90.52	0061fbf0	_ZN2Ts25ACTION_SKATEBOARDRIDEEDGE5startEPN2YS3OBJE	Ts::ACTION_SKATEBOARDRIDEEDGE::start(YS::OBJ*)		sim-high
002eda90	100	float	near	m2c	81.60	00622158	_ZN2Ts15SKATEBOARDSCORE9add_countEif	Ts::SKATEBOARDSCORE::add_count(int, float)		med
0013e3b0	96	branchy	near	lift	46.25	0005eb28	_ZN2dk6LockOn6setPosERKN2kn7FVectorE	dk::LockOn::setPos(kn::FVector const&)		high
00141010	96	float	near	ghidra	55.88	000672f0	_ZN2dk9ObjCamera16cancelSubjectiveEf	dk::ObjCamera::cancelSubjective(float)		high
00167c30	96	loop	near	ghidra	45.71	00474588	_ZN2YS7SOFTPAD7DisableEv	YS::SOFTPAD::Disable()		sim-low
0016a158	96	straight	near	lift	91.67	0045fa00	_ZN2YS3OBJ15_OVR_initializeEv	YS::OBJ::_OVR_initialize()		med
0016b740	96	loop	near	m2c	88.52	00460684	_ZN2YS3OBJ13SearchByEntryEj	YS::OBJ::SearchByEntry(unsigned int)		med
00171fa8	96	branchy	near	ghidra	21.83	004fd224	_ZN2YS13trap_obj_hookEP8BD_VALUE	YS::trap_obj_hook(BD_VALUE*)		med
00173f08	96	float	near	lift	85.00	00506e50	_ZN2YS17trap_obj_step_posEP8BD_VALUE	YS::trap_obj_step_pos(BD_VALUE*)		sim-high
00179b68	96	branchy	near	ghidra	65.25	0047d288	_ZN2YS6PLAYER12_OVR_is_starEv	YS::PLAYER::_OVR_is_star()		sim-med
00188670	96	loop	near	lift	88.00	004015d8	_ZN2YS3ACT4InitEv	YS::ACT::Init()		med
0018a100	96	loop	near	e3	96.67	0041a2bc	_ZN2YS14COLLISION_DATA9next_elemEiPKNS_14COLLISION_ELEME	YS::COLLISION_DATA::next_elem(int, YS::COLLISION_ELEM const*)		med
0018a1b8	96	loop	near	e3	80.80	0041a32c	_ZN2YS14COLLISION_DATA6selectEjPKNS_14COLLISION_ELEME	YS::COLLISION_DATA::select(unsigned int, YS::COLLISION_ELEM const*)		med
00196328	96	straight	near	ghidra	76.92	004bf7f4	_ZN2YS10WORLDPOINT7GetAreaEi	YS::WORLDPOINT::GetArea(int)		sim-low
001c70e8	96	float	near	lift	43.75	0048d93c	_ZN2YS11PRIZEEFFECT4InitEv	YS::PRIZEEFFECT::Init()		med
001cd4c0	96	branchy	near	m2c	89.29	0041e374	_ZN2YS8CONTINUE4SaveEv	YS::CONTINUE::Save()		sim-low
001ce668	96	float	near	ghidra	26.62	004db8c0	_Z8BdCallVMP11_BD_PROCESSiP8BD_VALUEi	BdCallVM(_BD_PROCESS*, int, BD_VALUE*, int)		sim-low
001d5d20	96	loop	near	ghidra	74.29	0042ff98	_ZN2YS10FORM_LEVEL12GetSummonExpEv	YS::FORM_LEVEL::GetSummonExp()		sim-med
001d6ec8	96	loop	near	lift	77.88	004a5c28	_ZN2YS12SUMMON_LEVEL6GetMaxEv	YS::SUMMON_LEVEL::GetMax()		sim-med
001e3898	96	loop	near	m2c	99.71	002ad35c	_Z10pppMoveDpdPci	pppMoveDpd(char*, int)		sim-low
001f4e18	96	straight	near	m2c	82.58	005b4b40	pppKeThCon	pppKeThCon		sim-med
0022efb8	96	branchy	near	m2c	87.50	002d2f10	_ZN2sa5EVENT13set_alpha_seqERNS_13BIN_ALPHA_SEQEP4TASK	sa::EVENT::set_alpha_seq(sa::BIN_ALPHA_SEQ&, TASK*)		high
002413f0	96	loop	near	lift	96.00	0036b388	_ZN2Tz5MCard10GetLoadPosEv	Tz::MCard::GetLoadPos()		med
00259510	96	loop	near	lift	41.83	002ecd68	_ZN2Tz6CmComm10GetPadIconEi	Tz::CmComm::GetPadIcon(int)		med
002671e8	96	loop	near	ghidra	65.62	003b1b84	_ZN2Tz6CmStat14Cur2HelpSelPosEi	Tz::CmStat::Cur2HelpSelPos(int)		sim-low
002799b0	96	loop	near	lift	72.50	0038e66c	_ZN2Tz9CmAbility11CalcEquipApEv	Tz::CmAbility::CalcEquipAp()		med
0028d068	96	loop	near	lift	96.04	00371800	_ZN2Tz10MenuCursor6SetPriEii	Tz::MenuCursor::SetPri(int, int)		sim-sandwich
00294208	96	loop	near	m2c	88.12	00340b30	_ZN2Tz6JmInfo11GetStoryLogEiRiS1_	Tz::JmInfo::GetStoryLog(int, int&, int&)		sim-med
002b73ac	96	straight	compile	stub	0.00	00388408	_ZN2Tz8UnitLoad14DeleteEntryAllEv	Tz::UnitLoad::DeleteEntryAll()		sim-low
002bf978	96	loop	near	lift	99.38	003de060	_ZN8worldmap6Symbol16appearEpisodeAllEv	worldmap::Symbol::appearEpisodeAll()		sim-low
002c1ae8	96	straight	near	lift	74.96	003ebf20	_ZN8worldmap4Gumi15_OVR_initializeEv	worldmap::Gumi::_OVR_initialize()		sim-high
002cf938	96	loop	near	ghidra	87.80	0064c96c	_ZN2Ti5MGObj17reset_all_membersEb	Ti::MGObj::reset_all_members(bool)		high
002dd730	96	float	near	lift	66.25	00642c58	_ZN2Ti12MGJumpPlayer15_OVR_initializeEv	Ti::MGJumpPlayer::_OVR_initialize()		sim-high
002e3b88	96	branchy	near	lift	87.67	0065a730	_ZN2Ti23trap_get_path_point_posEP8BD_VALUE	Ti::trap_get_path_point_pos(BD_VALUE*)		sim-low
00143470	92	straight	near	lift	50.87	0006e730	_ZN2dk6Octree14getDanglePointERN2kn7FVectorERNS_6AabboxES3_S3_S3_S3_Pt	dk::Octree::getDanglePoint(kn::FVector&, dk::Aabbox&, kn::FVector&, kn::FVector&, kn::FVector&, kn::FVector&, unsigned short*)		sim-low
00171c60	92	branchy	near	lift	85.38	004fbdd0	_ZN2YS15trap_obj_attachEP8BD_VALUE	YS::trap_obj_attach(BD_VALUE*)		sim-med
00172928	92	float	near	ghidra	94.13	00500eec	_ZN2YS23trap_obj_set_random_posEP8BD_VALUE	YS::trap_obj_set_random_pos(BD_VALUE*)		med
001735b0	92	float	near	lift	87.13	005037ac	_ZN2YS26trap_bg_get_random_pos_airEP8BD_VALUE	YS::trap_bg_get_random_pos_air(BD_VALUE*)		med
001907e0	92	straight	near	lift	84.08	004a9dd8	_ZN2YS6TARGET3dupEv	YS::TARGET::dup()		seed
0019ae60	92	branchy	near	lift	92.00	004b0984	_ZN2YS10UNIT_GROUP7levelupEv	YS::UNIT_GROUP::levelup()		sim-med
0019c0f8	92	branchy	near	m2c	87.25	00465670	_ZN2YS3OBJ8can_landEv	YS::OBJ::can_land()		sim-low
001aa7f0	92	straight	near	m2c	91.30	0044ef04	_ZN2YS11MESSAGEDRAW3ENVC1EPKNS_4FONTE	YS::MESSAGEDRAW::ENV::ENV(YS::FONT const*)		sim-med
001ad098	92	float	near	ghidra	80.00	004bd3e8	_ZN2YS14WINDOW_BALLOONC1Eii	YS::WINDOW_BALLOON::WINDOW_BALLOON(int, int)		sim-med
001b9bc8	92	loop	near	e3	96.87	0046dac0	_ZN2YS3OBJ4EachEPS0_	YS::OBJ::Each(YS::OBJ*)		high
001be4e0	92	straight	near	ghidra	64.07	0042bcd8	_ZN2YS13FIELD_COMMAND8set_sideEi	YS::FIELD_COMMAND::set_side(int)		med
001c8b48	92	branchy	near	ghidra	87.00	004a50b8	_ZN2YS6SUMMON11IsTinkExistEv	YS::SUMMON::IsTinkExist()		seed
001d9148	92	branchy	near	e3	98.26	004568f0	_ZN2YS7MISSION18GetMaxComboCounterEi	YS::MISSION::GetMaxComboCounter(int)		high
001d9228	92	branchy	near	e3	98.26	00456974	_ZN2YS7MISSION15GetComboCounterEi	YS::MISSION::GetComboCounter(int)		high
001d9dd0	92	loop	near	lift	86.52	0043a058	_ZN2YS6JIGSAW8GetTableEiii	YS::JIGSAW::GetTable(int, int, int)		sim-med
001dbb38	92	loop	near	ghidra	56.26	004213f0	_ZN2YS8CROWDOBJ13LeaveSomebodyEv	YS::CROWDOBJ::LeaveSomebody()		sim-med
001e6688	92	straight	near	lift	48.30	002ae018	_Z16pppPartDrawReadyv	pppPartDrawReady()		med
00239eb8	92	float	near	m2c	57.65	000c2c00	_ZN2YI8SEQUENCE8SetScaleEf	YI::SEQUENCE::SetScale(float)		med
00239f18	92	float	near	lift	79.38	000c2c50	_ZN2YI8SEQUENCE9SetScaleXEf	YI::SEQUENCE::SetScaleX(float)		high
0023f5b8	92	branchy	near	lift	81.65	00365360	_ZN2Tz6LayMsg6setMsgEii	Tz::LayMsg::setMsg(int, int)		sim-low
00261ce8	92	straight	near	lift	88.70	003a87f0	_ZN2Tz6CmItem12GetEquipListEi	Tz::CmItem::GetEquipList(int)		med
002812e0	92	loop	near	m2c	85.61	0037b9ac	_ZN2Tz9PartyInfo14isIllegalWorldEv	Tz::PartyInfo::isIllegalWorld()		sim-med
00287f30	92	loop	near	lift	94.62	0036d568	_ZN2Tz8MenuBase11SavePadExitEv	Tz::MenuBase::SavePadExit()		med
0028d008	92	branchy	near	lift	93.33	00371708	_ZN2Tz10MenuCursor7isExistEi	Tz::MenuCursor::isExist(int)		sim-sandwich
00293148	92	loop	near	ghidra	70.78	003890f0	_ZN2Tz8UnitLoad7GetAddrEi	Tz::UnitLoad::GetAddr(int)		med
002a0168	92	branchy	near	lift	80.00	0032c21c	_ZN2Tz7JmAnsem10DrawUpdateEPNS_6SelectEii	Tz::JmAnsem::DrawUpdate(Tz::Select*, int, int)		med
002a6308	92	branchy	near	lift	80.00	0032f418	_ZN2Tz8JmBattle10DrawUpdateEPNS_6SelectEii	Tz::JmBattle::DrawUpdate(Tz::Select*, int, int)		med
002ceef8	92	straight	near	lift	48.61	006504f0	_ZN2Ti8MiniGame14obj_is_visibleEPN2YS3OBJE	Ti::MiniGame::obj_is_visible(YS::OBJ*)		sim-med
002dd448	92	branchy	near	ghidra	84.00	006402b0	_ZN2Ti6MGJump12on_get_prizeEii	Ti::MGJump::on_get_prize(int, int)		sim-med
002e3a18	92	branchy	near	lift	87.13	0065a02c	_ZN2Ti25trap_get_path_current_posEP8BD_VALUE	Ti::trap_get_path_current_pos(BD_VALUE*)		med
002e3a78	92	branchy	near	lift	87.13	0065a17c	_ZN2Ti25trap_get_path_current_dirEP8BD_VALUE	Ti::trap_get_path_current_dir(BD_VALUE*)		med
002e3ce8	92	branchy	near	lift	98.00	0065b190	_ZN2Ti29trap_get_path_first_point_posEP8BD_VALUE	Ti::trap_get_path_first_point_pos(BD_VALUE*)		med
002e3d48	92	branchy	near	lift	98.00	0065b340	_ZN2Ti28trap_get_path_last_point_posEP8BD_VALUE	Ti::trap_get_path_last_point_pos(BD_VALUE*)		med
002e7c18	92	straight	near	lift	77.22	00624f38	_ZN2Ts27trap_target_seracher_searchEP8BD_VALUE	Ts::trap_target_seracher_search(BD_VALUE*)		sim-high
0031ab78	92	straight	near	lift	99.57	006a7158	_ZN2dk11SpriteImageD0Ev	dk::SpriteImage::~SpriteImage()		sim-med
00114438	88	loop	near	e3	55.83	000e7b90	_ZN2kn17FriendPersonality14getActionParamEi	kn::FriendPersonality::getActionParam(int)		med
00114490	88	loop	near	m2c	46.77	000e7bf8	_ZN2kn17FriendPersonality15getSpecialParamEi	kn::FriendPersonality::getSpecialParam(int)		sim-med
001317a8	88	float	near	lift	54.47	00103568	_ZN2kn9MotionRAW11getPositionERNS_7FMatrixEf	kn::MotionRAW::getPosition(kn::FMatrix&, float)		sim-low
00155ee8	88	switch	near	lift	99.86	000a2340	_ZN2dk12GAUGE_PLAYER15getDriveInSqNumEv	dk::GAUGE_PLAYER::getDriveInSqNum()		high
001659b8	88	straight	near	lift	98.18	0006ae58	_ZN2dk6ObjOcc6createEPvi	dk::ObjOcc::create(void*, int)		sim-low
0016ace0	88	float	near	lift	83.05	0045ea04	_ZN2YS3OBJ7set_posERKN2kn7FVectorE	YS::OBJ::set_pos(kn::FVector const&)		seed
0016c640	88	loop	near	lift	98.86	00462544	_ZN2YS3OBJ10StopEndAllEi	YS::OBJ::StopEndAll(int)		med
001708f8	88	branchy	near	lift	88.18	00417020	_ZN2YS10CACHE_BUFF5AllocEPKci	YS::CACHE_BUFF::Alloc(char const*, int)		seed
00171ea8	88	float	near	lift	86.55	004fcc84	_ZN2YS32trap_obj_get_lightcycle_movementEP8BD_VALUE	YS::trap_obj_get_lightcycle_movement(BD_VALUE*)		sim-sandwich
001733f8	88	float	near	lift	56.61	00503524	_ZN2YS30trap_bg_set_belt_conveyor_taskEP4TASK	YS::trap_bg_set_belt_conveyor_task(TASK*)		med
0017c108	88	float	near	lift	87.73	004cf9e8	_ZN2YS11ACTION_IDLE13change_motionEPNS_3OBJEi	YS::ACTION_IDLE::change_motion(YS::OBJ*, int)		sim-high
0017f380	88	loop	near	lift	95.00	0045ac98	_ZN2YS6MOTION11clear_queueEv	YS::MOTION::clear_queue()		high
00185e20	88	float	near	lift	98.86	00425a48	_ZN2YS5ENEMY12StopStartAllEi	YS::ENEMY::StopStartAll(int)		high
001abdf0	88	branchy	near	lift	75.17	004bbff4	_ZN2YS8TURNPAGE3setENS0_4TYPEE	YS::TURNPAGE::set(YS::TURNPAGE::TYPE)		sim-med
001ac078	88	branchy	near	lift	96.27	006ccaa0	_ZN2YS11WINDOW_BASE8set_tailEiii	YS::WINDOW_BASE::set_tail(int, int, int)		sim-low
001b3330	88	loop	near	ghidra	90.91	00472c40	_ZN2YS6OBJOCC10enable_allEv	YS::OBJOCC::enable_all()		seed
001bba30	88	branchy	near	lift	49.32	00453024	_ZN2YS7MISSION8ShowHelpEv	YS::MISSION::ShowHelp()		med
001bc130	88	branchy	near	ghidra	70.86	00456780	_ZN2YS7MISSION12IsActivate2dEv	YS::MISSION::IsActivate2d()		sim-high
001c1060	88	loop	near	ghidra	95.22	00463590	_ZN2YS3OBJ9DetachAllEv	YS::OBJ::DetachAll()		high
001c9958	88	branchy	near	m2c	56.36	00494540	_ZN2YS9SACRIFICE9CheckFormEii	YS::SACRIFICE::CheckForm(int, int)		med
001c9b38	88	branchy	near	m2c	56.82	00494a94	_ZN2YS9SACRIFICE16GetCommandStatusEPKNS_12COMMAND_ELEME	YS::SACRIFICE::GetCommandStatus(YS::COMMAND_ELEM const*)		high
001cebb0	88	straight	near	lift	99.00	004ecd2c	_ZN2YS10LIGHTCYCLE4InitEv	YS::LIGHTCYCLE::Init()		sim-med
001dccc8	88	branchy	near	ghidra	76.82	002b23b0	_ZN3ryj6EFFECT9is_deleteEv	ryj::EFFECT::is_delete()		sim-low
001de168	88	loop	near	m2c	71.36	002b57e4	_ZN3ryj3PAX5startEiiiiPv	ryj::PAX::start(int, int, int, int, void*)		high
001de4b0	88	loop	near	lift	78.00	002b622c	_ZN3ryj3PAX10each_groupEiPNS_6EFFECTE	ryj::PAX::each_group(int, ryj::EFFECT*)		med
0020cf60	88	float	near	lift	88.18	005d1080	pppRyjDrawMegaBirthUserCtrl3	pppRyjDrawMegaBirthUserCtrl3		sim-med
00239e60	88	float	near	lift	81.09	000c2240	_ZN2YI8SEQUENCE8SetScaleEfff	YI::SEQUENCE::SetScale(float, float, float)		sim-low
00239f78	88	float	near	lift	66.61	000c2ca0	_ZN2YI8SEQUENCE9SetScaleYEf	YI::SEQUENCE::SetScaleY(float)		med
00242df0	88	branchy	near	m2c	97.18	003190a4	_ZN2Tz6Config15SetSummonEffectEi	Tz::Config::SetSummonEffect(int)		sim-high
002534e0	88	branchy	near	lift	88.18	002eb2e8	_ZN2Tz8CampMenu12StartHelpGraEPvS1_	Tz::CampMenu::StartHelpGra(void*, void*)		med
00258ce8	88	loop	near	lift	79.64	002ebdf0	_ZN2Tz6CmComm15InitConfirmMessEPKt	Tz::CmComm::InitConfirmMess(unsigned short const*)		med
002594b8	88	loop	near	ghidra	45.70	002ecc74	_ZN2Tz6CmComm16GetItemIconMsgIdEi	Tz::CmComm::GetItemIconMsgId(int)		sim-sandwich
002ad338	88	loop	near	lift	49.05	00334690	_ZN2Tz10JmComplete11isAnsemCompEv	Tz::JmComplete::isAnsemComp()		sim-low
002d7338	88	branchy	near	lift	88.18	006375b4	_ZN2Ti12MGHachimitsuD1Ev	Ti::MGHachimitsu::~MGHachimitsu()		sim-high
002e0e70	88	branchy	near	lift	88.18	006330a4	_ZN2Ti11MG_ALEscapeD1Ev	Ti::MG_ALEscape::~MG_ALEscape()		sim-high
002e2240	88	branchy	near	lift	88.18	00634af4	_ZN2Ti12MG_EHSidecarD1Ev	Ti::MG_EHSidecar::~MG_EHSidecar()		sim-high
002e9338	88	loop	near	lift	95.48	0062b63c	_ZN2Ts21ExecAllFlareFinalizerEP4TASK	Ts::ExecAllFlareFinalizer(TASK*)		med
0031a548	88	straight	near	lift	99.09	006a7e8c	_ZN2dk19TREASURE_PRIZE_INFOD0Ev	dk::TREASURE_PRIZE_INFO::~TREASURE_PRIZE_INFO()		sim-vt-high
00108930	84	loop	near	lift	76.33	00116a08	_ZN2kn9DrawParam13getPartsColorEi	kn::DrawParam::getPartsColor(int)		sim-med
00148638	84	float	near	m2c	46.36	000acf7c	_ZN2dk11OctDrawFile12calcLODLevelEPNS_11ObjDrawListEf	dk::OctDrawFile::calcLODLevel(dk::ObjDrawList*, float)		sim-med
00160430	84	float	near	ghidra	93.81	00089a00	_ZN2dk5BgObj10calcMotionEv	dk::BgObj::calcMotion()		sim-med
00172fb0	84	straight	near	lift	62.82	00502f3c	_ZN2YS14trap_area_jumpEP8BD_VALUE	YS::trap_area_jump(BD_VALUE*)		sim-high
00173558	84	float	near	lift	85.90	00503738	_ZN2YS22trap_bg_get_random_posEP8BD_VALUE	YS::trap_bg_get_random_pos(BD_VALUE*)		med
0017a538	84	branchy	near	e3	84.71	0047efe4	_ZN2YS6PLAYER11is_changingEv	YS::PLAYER::is_changing()		high
00187b90	84	branchy	near	lift	90.10	003ffed8	_ZN2YS3ACT4stopEv	YS::ACT::stop()		high
0018d738	84	straight	near	e3	99.76	0040875c	_ZN2YS6ATTACK4InitEv	YS::ATTACK::Init()		high
0019b328	84	loop	near	e3	90.00	004b22a0	_ZN2YS10UNIT_GROUP8get_pathEi	YS::UNIT_GROUP::get_path(int)		med
001a1658	84	branchy	near	lift	80.71	0049a0e4	_ZN2YS5SHEET9AllocPartEii	YS::SHEET::AllocPart(int, int)		med
001a8258	84	loop	near	e3	82.86	004ab52c	_ZN2YS8TREASURE5TABLE8GetEventEi	YS::TREASURE::TABLE::GetEvent(int)		med
001a8f10	84	branchy	near	ghidra	58.52	0044a55c	_ZN2YS6MEMBER16PartToMemberPartEi	YS::MEMBER::PartToMemberPart(int)		med
001bc6a8	84	straight	near	lift	90.48	0041dc0c	_ZN2YS12COMMAND_SLOT3setEPKNS_12COMMAND_ELEMEPNS_3OBJEPKNS_6TARGETEi	YS::COMMAND_SLOT::set(YS::COMMAND_ELEM const*, YS::OBJ*, YS::TARGET const*, int)		high
001c9df8	84	loop	near	m2c	99.29	00494b50	_ZN2YS9SACRIFICE6IsExecEv	YS::SACRIFICE::IsExec()		med
001db950	84	straight	near	m2c	68.10	0042146c	_ZN2YS8CROWDOBJC2EPKNS_8OBJENTRYEii	YS::CROWDOBJ::CROWDOBJ(YS::OBJENTRY const*, int, int)		sim-med
001dc018	84	loop	near	ghidra	75.00	002b05b8	_ZN3ryj11EFFECT_DATA9no_searchEjRPvRj	ryj::EFFECT_DATA::no_search(unsigned int, void*&, unsigned int&)		sim-med
0022ae98	84	straight	near	m2c	80.78	002e0dc0	_ZN2sa13MUSICAL_INPUT14ExcellentPrintERN2kn7FVectorE	sa::MUSICAL_INPUT::ExcellentPrint(kn::FVector&)		sim-high
0022aef0	84	straight	near	m2c	80.78	002e1168	_ZN2sa13MUSICAL_INPUT9GoodPrintERN2kn7FVectorE	sa::MUSICAL_INPUT::GoodPrint(kn::FVector&)		sim-high
0022af48	84	straight	near	m2c	80.78	002e0d64	_ZN2sa13MUSICAL_INPUT8BadPrintERN2kn7FVectorE	sa::MUSICAL_INPUT::BadPrint(kn::FVector&)		sim-high
00259460	84	loop	near	lift	64.86	002ecbe4	_ZN2Tz6CmComm11GetItemIconEib	Tz::CmComm::GetItemIcon(int, bool)		sim-sandwich
002bacc0	84	straight	near	e3	60.81	0013cc54	_ZN8TRANSFER4initEv	TRANSFER::init()		med
002bc398	84	branchy	near	m2c	99.76	00139fe8	_ZN5SOUND8setPosSeEjRKN2kn7FVectorE	SOUND::setPosSe(unsigned int, kn::FVector const&)		med
002c0470	84	branchy	near	lift	80.00	00661340	_ZN8worldmap12LockOnCamera6updateEv	worldmap::LockOnCamera::update()		sim-med
002e70b0	84	loop	near	lift	95.45	0065ccf4	_ZN2Ti3AfpD1Ev	Ti::Afp::~Afp()		sim-high
002e8390	84	float	near	ghidra	71.05	00627080	_ZN2Ts19trap_obj_hop_directEP8BD_VALUE	Ts::trap_obj_hop_direct(BD_VALUE*)		sim-high
002eb9d8	84	branchy	near	lift	87.33	0061d8f4	_ZN2Ts17ACTION_SKATEBOARD13change_motionEPN2YS3OBJEif	Ts::ACTION_SKATEBOARD::change_motion(YS::OBJ*, int, float)		sim-high
002f07f8	84	branchy	near	lift	85.90	00611178	_ZN2kn35trap_chickenlittle_get_shoot_targetEP8BD_VALUE	kn::trap_chickenlittle_get_shoot_target(BD_VALUE*)		sim-high
00106a60	80	branchy	near	e3	99.70	000da3a0	_ZN2kn9getCameraEb	kn::getCamera(bool)		med
0013c7d0	80	branchy	near	ghidra	92.38	0004d350	_ZN2dk12COMMAND_DRAW13isCommandSkipEv	dk::COMMAND_DRAW::isCommandSkip()		med
00161598	80	float	near	m2c	69.09	000aa0c4	_ZN2dk6Motion4calcEv	dk::Motion::calc()		sim-med
00165968	80	loop	near	lift	95.05	0006ae18	_ZN2dk6ObjOcc4exitEv	dk::ObjOcc::exit()		med
0016e240	80	branchy	near	lift	89.25	004b8684	_ZN2YS19trap_effect_set_dirEP8BD_VALUE	YS::trap_effect_set_dir(BD_VALUE*)		sim-high
00175b68	80	branchy	near	lift	66.20	00475b24	_ZN2YS5PARTY14_OVR_post_execEv	YS::PARTY::_OVR_post_exec()		high
0018dbd8	80	branchy	near	m2c	83.25	004084bc	_ZN2YS6ATTACK6is_hitEv	YS::ATTACK::is_hit()		seed
0018ef98	80	loop	near	m2c	47.00	00408a30	_ZN2YS6ATTACK7ReplaceEPNS_6BTLOBJES2_	YS::ATTACK::Replace(YS::BTLOBJ*, YS::BTLOBJ*)		med
00192818	80	straight	near	m2c	21.30	0044c810	_ZNK2YS7MESSAGE14_get_page_sizeEPKNS_4FONTERNS0_5STYLEERNS0_4SIZEE	YS::MESSAGE::_get_page_size(YS::FONT const*, YS::MESSAGE::STYLE&, YS::MESSAGE::SIZE&) const		sim-low
00194930	80	straight	near	lift	88.80	00405f40	_ZN2YS8AREAINFO6SetBgmEv	YS::AREAINFO::SetBgm()		med
00194980	80	branchy	near	lift	59.70	00405ff0	_ZN2YS8AREAINFO12CheckNavimapEv	YS::AREAINFO::CheckNavimap()		med
00197b98	80	float	near	lift	66.75	00428fe8	_ZN2YS5EVENT11GetRestTimeEv	YS::EVENT::GetRestTime()		seed
0019b380	80	loop	near	e3	89.50	004b2308	_ZN2YS10UNIT_GROUP14get_path_by_idEi	YS::UNIT_GROUP::get_path_by_id(int)		med
0019bf00	80	branchy	near	ghidra	84.00	00465088	_ZN2YS3OBJ14is_battle_modeEv	YS::OBJ::is_battle_mode()		med
0019d4f8	80	branchy	near	lift	26.20	00490ed8	_ZN2YS5RECOM4initEv	YS::RECOM::init()		sim-high
001a2578	80	branchy	near	lift	76.90	00498f8c	_ZN2YS5SHEET10add_attackEi	YS::SHEET::add_attack(int)		sim-med
001a25c8	80	branchy	near	lift	76.90	00498fd0	_ZN2YS5SHEET10add_wisdomEi	YS::SHEET::add_wisdom(int)		sim-med
001a2618	80	branchy	near	lift	76.90	00499014	_ZN2YS5SHEET11add_defenceEi	YS::SHEET::add_defence(int)		sim-med
001a2668	80	branchy	near	lift	76.90	00499058	_ZN2YS5SHEET6add_apEi	YS::SHEET::add_ap(int)		sim-med
001a7588	80	branchy	near	lift	74.25	0040d720	_ZN2YS2BG11GetCrossPosERKN2kn7FVectorES4_RS2_i	YS::BG::GetCrossPos(kn::FVector const&, kn::FVector const&, kn::FVector&, int)		med
001aff90	80	loop	near	lift	88.00	004ba5a4	_ZN2YS5VOICE11GetTableNumEiiiPi	YS::VOICE::GetTableNum(int, int, int, int*)		sim-low
001b0448	80	branchy	near	m2c	97.00	00444f10	_ZN2YS6LOOKAT8set_boneEPNS_3OBJE	YS::LOOKAT::set_bone(YS::OBJ*)		sim-med
001bd8c8	80	straight	near	lift	54.80	00481438	_ZN2YS14PLAYER_COMMAND7_decideEv	YS::PLAYER_COMMAND::_decide()		high
001bff88	80	loop	near	lift	75.30	0040a414	_ZN2YS12ATTACK_CHECK4InitEv	YS::ATTACK_CHECK::Init()		med
001c0560	80	loop	near	lift	96.40	0040a840	_ZN2YS12ATTACK_CHECK4ExecEv	YS::ATTACK_CHECK::Exec()		sim-med
001c9e50	80	loop	near	ghidra	90.91	00494bc4	_ZN2YS9SACRIFICE10WaitStableEP4TASK	YS::SACRIFICE::WaitStable(TASK*)		high
001d44d8	80	loop	near	lift	79.05	00442a34	_ZN2YS11LIMIT_TABLE6SearchEi	YS::LIMIT_TABLE::Search(int)		high
001e03b0	80	branchy	near	lift	0.00	002b9754	_ZN3ryj5SHAKE9FinalizerEP4TASK	ryj::SHAKE::Finalizer(TASK*)		sim-low
00225640	80	straight	near	ghidra	90.45	002c1194	_ZN2sa5EVENT16readBgmBuffAllocEPcPNS_7READ_WKENS_11EVENT_ALLOC10ALLOC_TYPEE	sa::EVENT::readBgmBuffAlloc(char*, sa::READ_WK*, sa::EVENT_ALLOC::ALLOC_TYPE)		med
00244938	80	branchy	near	m2c	86.50	003cc158	_ZN2Tz4TRTE9GetLayPicEi	Tz::TRTE::GetLayPic(int)		sim-med
002d28f8	80	straight	near	ghidra	81.24	00645c68	_ZN2Ti9MGOarashi12on_get_prizeEii	Ti::MGOarashi::on_get_prize(int, int)		sim-low
002daa00	80	branchy	near	lift	99.00	0063caa4	_ZN2Ti18MGHachimitsuPlayer13player_pod_seEi	Ti::MGHachimitsuPlayer::player_pod_se(int)		med
002de698	80	float	near	ghidra	83.40	00641f94	_ZN2Ti12MGJumpGimObj6freezeEv	Ti::MGJumpGimObj::freeze()		med
002e2d88	80	branchy	near	lift	97.00	00635ad8	_ZN2Ti12MG_EHSidecar8PlayPathEib	Ti::MG_EHSidecar::PlayPath(int, bool)		high
002ed4b8	80	straight	near	m2c	52.10	006294dc	_ZN2Ts16TRINITY_SHOT_OBJ5StartEPN2YS3OBJEPNS1_6TARGETERKN2kn7FVectorES9_	Ts::TRINITY_SHOT_OBJ::Start(YS::OBJ*, YS::TARGET*, kn::FVector const&, kn::FVector const&)		med
00102180	76	loop	near	lift	61.47	00039b18	_ZN9GAME_MODE11getExecModeEPPS_	GAME_MODE::getExecMode(GAME_MODE**)		med
0010f6f8	76	float	near	ghidra	68.16	000e33f4	_ZN2kn6Friend12checkMpRatioEPN2YS5PARTYEf	kn::Friend::checkMpRatio(YS::PARTY*, float)		sim-med
00123d40	76	straight	near	ghidra	97.37	000f2c64	_ZN2kn10ModelMulti14getBoundingBoxERNS_7FVectorES2_	kn::ModelMulti::getBoundingBox(kn::FVector&, kn::FVector&)		high
00138140	76	straight	near	ghidra	95.79	00080c14	_ZN2dk13TREASURE_INFO3offEv	dk::TREASURE_INFO::off()		high
00143348	76	straight	near	ghidra	70.91	0006c824	_ZN2dk6Octree14findDrawObjectEPNS_11ObjDrawListE	dk::Octree::findDrawObject(dk::ObjDrawList*)		sim-low
0015c450	76	branchy	near	lift	86.36	00069934	_ZN2dk8ObjEntry4showEj	dk::ObjEntry::show(unsigned int)		sim-med
00160488	76	straight	near	ghidra	38.05	00089510	_ZN2dk5BgObj8setColorEhhh	dk::BgObj::setColor(unsigned char, unsigned char, unsigned char)		sim-low
0016bd10	76	straight	near	lift	97.89	004c6298	_ZN2YS6ACTION3GetENS0_2IDE	YS::ACTION::Get(YS::ACTION::ID)		seed
001997c0	76	branchy	near	ghidra	74.85	004b09d8	_ZN2YS10UNIT_GROUP14get_level_costEv	YS::UNIT_GROUP::get_level_cost()		sim-med
0019b260	76	loop	near	lift	94.50	004b245c	_ZN2YS10UNIT_GROUP6SearchEi	YS::UNIT_GROUP::Search(int)		med
001aaf98	76	branchy	near	m2c	68.75	0042dce4	_ZNK2YS4FONT7is_clipEiiii	YS::FONT::is_clip(int, int, int, int) const		sim-low
001c7950	76	float	near	lift	66.05	0048d754	_ZN2YS11PRIZEEFFECT7can_getEPNS_6BTLOBJEff	YS::PRIZEEFFECT::can_get(YS::BTLOBJ*, float, float)		high
001ca448	76	branchy	near	m2c	74.70	004d0a74	_ZN2YS17ACTION_LIGHTCYCLE5IsRunEPNS_3OBJE	YS::ACTION_LIGHTCYCLE::IsRun(YS::OBJ*)		sim-med
001d1760	76	branchy	near	lift	51.58	00453dbc	_ZN2YS9MISSION2D9set_paramEiii	YS::MISSION2D::set_param(int, int, int)		sim-low
001d5cd0	76	branchy	near	m2c	73.68	0042fbb4	_ZN2YS10FORM_LEVEL14GetSummonTableEv	YS::FORM_LEVEL::GetSummonTable()		sim-low
00209e80	76	straight	near	lift	64.00	005c5418	pppRyjDrawMatrixWorldDttFrCon	pppRyjDrawMatrixWorldDttFrCon		sim-med
00225b00	76	branchy	near	ghidra	90.53	002c94e4	_ZN2sa5EVENT10isJumpModeEi	sa::EVENT::isJumpMode(int)		high
00230878	76	loop	near	lift	82.37	002cf610	_ZN2sa5EVENT25set_spline_point_data_setERNS_16BIN_SPLINE_POINTE	sa::EVENT::set_spline_point_data_set(sa::BIN_SPLINE_POINT&)		sim-low
0023f070	76	straight	near	lift	98.16	00365d88	_ZN2Tz6Layout6setNumEii	Tz::Layout::setNum(int, int)		seed
00242740	76	branchy	near	ghidra	86.32	00376320	_ZN2Tz9MenuSound8SetPauseEi	Tz::MenuSound::SetPause(int)		high
002956c0	76	straight	near	ghidra	69.47	00362a28	_ZN2Tz10JmWorldSel8SelCheckEi	Tz::JmWorldSel::SelCheck(int)		seed
002bbe80	76	loop	near	lift	61.47	001398a8	_ZN5SOUND11muteBgSeOffEv	SOUND::muteBgSeOff()		med
002bbf18	76	loop	near	lift	61.47	001399c4	_ZN5SOUND13silentBgSeOffEv	SOUND::silentBgSeOff()		high
002cbca0	76	float	near	ghidra	64.40	00655c08	_ZN2Ti4Path17get_next_movementERKN2kn7FVectorES4_	Ti::Path::get_next_movement(kn::FVector const&, kn::FVector const&)		sim-high
002db858	76	straight	near	lift	75.79	0063d6cc	_ZN2Ti14MGHachimitsuPoC1EPKN2YS8OBJENTRYERKN2kn7FVectorEf	Ti::MGHachimitsuPo::MGHachimitsuPo(YS::OBJENTRY const*, kn::FVector const&, float)		sim-med
00106a18	72	branchy	near	e3	68.70	000da2fc	_ZN2kn13getProjectionEb	kn::getProjection(bool)		high
00154ee8	72	branchy	near	m2c	70.56	0009ef24	_ZN2dk12GAUGE_FRIEND12getBaseSqNumEv	dk::GAUGE_FRIEND::getBaseSqNum()		sim-med
0016ac38	72	branchy	near	lift	79.94	004614fc	_ZN2YS3OBJ17start_effect_bindEiiiPS0_	YS::OBJ::start_effect_bind(int, int, int, YS::OBJ*)		med
0016d920	72	float	near	ghidra	52.72	004b7810	_ZN2YS17trap_vector_angleEP8BD_VALUE	YS::trap_vector_angle(BD_VALUE*)		sim-med
00170cd0	72	branchy	near	lift	60.00	00416ea8	_ZN2YS10CACHE_BUFF10IsFlushingEv	YS::CACHE_BUFF::IsFlushing()		high
00170dd0	72	loop	near	lift	96.67	00416f54	_ZN2YS10CACHE_BUFF9WaitFlushEP4TASK	YS::CACHE_BUFF::WaitFlush(TASK*)		med
00171268	72	float	near	m2c	69.17	004f7728	_ZN2YS19trap_sysobj_fadeoutEP8BD_VALUE	YS::trap_sysobj_fadeout(BD_VALUE*)		sim-sandwich
001712b0	72	float	near	lift	71.84	004f7788	_ZN2YS18trap_sysobj_fadeinEP8BD_VALUE	YS::trap_sysobj_fadein(BD_VALUE*)		sim-sandwich
00171418	72	branchy	near	lift	97.44	004f8178	_ZN2YS12trap_obj_posEP8BD_VALUE	YS::trap_obj_pos(BD_VALUE*)		sim-med
00188b68	72	loop	near	lift	77.28	00496118	_ZN2YS7PARTRAM11add_abilityEib	YS::PARTRAM::add_ability(int, bool)		seed
00190388	72	straight	near	lift	38.00	004a8b30	_ZNK2YS6TARGET7get_posEv	YS::TARGET::get_pos() const		med
0019da20	72	straight	near	ghidra	99.89	0049116c	_ZN2YS5RECOM7releaseEv	YS::RECOM::release()		sim-med
001a3820	72	branchy	near	ghidra	56.33	00436984	_ZN2YS4ITEM10GetCommandEi	YS::ITEM::GetCommand(int)		med
001a5928	72	straight	near	lift	85.56	00483328	_ZN2YS5PRIZE4InitEv	YS::PRIZE::Init()		high
001bcf38	72	branchy	near	lift	56.83	0041c534	_ZN2YS12COMMAND_MENU16is_shortcut_menuEv	YS::COMMAND_MENU::is_shortcut_menu()		high
00239558	72	loop	near	lift	86.39	000c7a54	_ZN2YI6SPRITE11SetDirextUVEPtS1_	YI::SPRITE::SetDirextUV(unsigned short*, unsigned short*)		high
0023d320	72	branchy	near	ghidra	70.50	0036fe90	_ZN2Tz10MenuCommon11SetOneInterEv	Tz::MenuCommon::SetOneInter()		med
002e9b10	72	loop	near	lift	97.50	006224bc	_ZN2Ts15TARGET_SEARCHERC1Ei	Ts::TARGET_SEARCHER::TARGET_SEARCHER(int)		sim-sandwich
001585a0	68	straight	near	lift	49.88	0008cd10	_ZN2dk12CameraConfig8isManualEPN2YS3PADE	dk::CameraConfig::isManual(YS::PAD*)		seed
00167e28	68	straight	near	ghidra	75.68	004745f0	_ZN2YS7SOFTPAD6EnableEv	YS::SOFTPAD::Enable()		sim-med
001a6600	68	float	near	m2c	61.05	004479a8	_ZN2YS5MAGIC10CanAddCostEf	YS::MAGIC::CanAddCost(float)		seed
001c0410	68	float	near	lift	75.88	00409c38	_ZN2YS12ATTACK_CHECK19hit_interval_attackEPNS_6ATTACKEPKNS_11ATTACKPARAME	YS::ATTACK_CHECK::hit_interval_attack(YS::ATTACK*, YS::ATTACKPARAM const*)		sim-med
001d7a08	68	loop	near	lift	70.88	004a336c	_ZN2YS4STOP3endEi	YS::STOP::end(int)		med
001d9e30	68	branchy	near	ghidra	74.47	0043a0c4	_ZN2YS6JIGSAW4EachEPKS0_	YS::JIGSAW::Each(YS::JIGSAW const*)		med
001db250	68	float	near	lift	62.96	004c2758	_ZNK2YS4ZONE7is_jumpEi	YS::ZONE::is_jump(int) const		sim-med
002092e0	68	branchy	near	lift	64.00	005c3f10	pppRyjDrawKekoto	pppRyjDrawKekoto		sim-sandwich
00241a00	68	loop	near	ghidra	65.59	0036c448	_ZN2Tz5MCard12isEnableDataEv	Tz::MCard::isEnableData()		med
00242b10	68	straight	near	lift	73.89	00318cfc	_ZN2Tz6Config11SetNaviModeEb	Tz::Config::SetNaviMode(bool)		sim-sandwich
00242b88	68	straight	near	lift	73.89	00318d8c	_ZN2Tz6Config13SetCameraAutoEb	Tz::Config::SetCameraAuto(bool)		sim-sandwich
00242ca0	68	straight	near	lift	73.89	00318efc	_ZN2Tz6Config13SetCommandKH2Eb	Tz::Config::SetCommandKH2(bool)		sim-sandwich
00242d10	68	straight	near	lift	73.89	00318f88	_ZN2Tz6Config13SetCameraHRevEb	Tz::Config::SetCameraHRev(bool)		sim-sandwich
00242d80	68	straight	near	lift	73.89	0031901c	_ZN2Tz6Config13SetCameraVRevEb	Tz::Config::SetCameraVRev(bool)		sim-sandwich
00256a58	68	straight	near	lift	86.35	0030f0b0	_ZN2Tz5CmTop14UpdateHelpMessEv	Tz::CmTop::UpdateHelpMess()		high
00284ea8	68	straight	near	lift	98.82	002f0650	_ZN2Tz6Ending15SoundBufferFreeEv	Tz::Ending::SoundBufferFree()		high
0028dd90	68	branchy	near	lift	59.30	00376e94	_ZN2Tz8MenuUtil12GetAlignTypeEi	Tz::MenuUtil::GetAlignType(int)		sim-sandwich
002a9ce8	68	straight	near	lift	84.71	00344074	_ZN2Tz9JmNewInfo4InitEv	Tz::JmNewInfo::Init()		high
002bbe38	68	loop	near	lift	68.71	0013981c	_ZN5SOUND10muteBgSeOnEv	SOUND::muteBgSeOn()		sim-med
002bbed0	68	loop	near	lift	68.71	00139938	_ZN5SOUND12silentBgSeOnEv	SOUND::silentBgSeOn()		med
002bc7a8	68	loop	near	lift	82.94	00139024	_ZN5SOUND10getLinkNumEi	SOUND::getLinkNum(int)		med
002c1aa0	68	straight	near	m2c	96.41	003ebce4	_ZN8worldmap4GumiC1EPKN2YS8OBJENTRYERKN2kn7FVectorEf	worldmap::Gumi::Gumi(YS::OBJENTRY const*, kn::FVector const&, float)		sim-low
002c6280	68	branchy	near	ghidra	98.82	003d6d70	_ZN8worldmap13CameraManager6removeEi	worldmap::CameraManager::remove(int)		sim-low
002cffe0	68	straight	near	lift	84.00	0064dda4	_ZN2Ti5MGObjD2Ev	Ti::MGObj::~MGObj()		sim-med
002d5bd8	68	branchy	near	lift	67.06	006f19b8	_ZN2YS6BTLOBJ6VTABLEIN2Ti15MGOarashiPlayerEE7is_starEPS0_	YS::BTLOBJ::VTABLE<Ti::MGOarashiPlayer>::is_star(YS::BTLOBJ*)		sim-low
002eee68	68	straight	near	lift	75.26	0060b974	_ZN4menu9ObjWidget4drawENS_8PositionEN2YS5COLORE	menu::ObjWidget::draw(menu::Position, YS::COLOR)		sim-med
0015a6c8	64	straight	near	lift	48.32	0007ddb4	_ZN2dk12TargetCamera6changeEPN2YS6TARGETE	dk::TargetCamera::change(YS::TARGET*)		seed
0016ae18	64	float	near	m2c	63.78	00461120	_ZN2YS3OBJ15reset_first_posEv	YS::OBJ::reset_first_pos()		high
00173518	64	float	near	ghidra	88.06	00503668	_ZN2YS26trap_bg_set_uvscroll_speedEP8BD_VALUE	YS::trap_bg_set_uvscroll_speed(BD_VALUE*)		sim-med
0017a8f8	64	straight	near	ghidra	83.75	004c60b8	_ZN2YS6ACTION4jumpEPNS_3OBJERKN2kn7FVectorE	YS::ACTION::jump(YS::OBJ*, kn::FVector const&)		sim-vt-med
00181a90	64	straight	near	m2c	72.29	003fbdcc	_ZN2YS13TEST_PROGRESS8set_flagEi	YS::TEST_PROGRESS::set_flag(int)		seed
0018f070	64	loop	near	lift	95.50	00408600	_ZN2YS6ATTACK8is_existEv	YS::ATTACK::is_exist()		high
00190140	64	branchy	near	m2c	56.25	004a86b8	_ZNK2YS6TARGET8is_existEv	YS::TARGET::is_exist() const		seed
001906f0	64	straight	near	lift	61.50	004aa1e8	_ZN2YS6TARGET8get_distERKN2kn7FVectorE	YS::TARGET::get_dist(kn::FVector const&)		high
00192388	64	branchy	near	ghidra	32.81	0044c250	_ZNK2YS7MESSAGE4eachEv	YS::MESSAGE::each() const		med
001a1910	64	branchy	near	e3	86.44	004987b0	_ZN2YS5SHEET7_add_hpEii	YS::SHEET::_add_hp(int, int)		med
001a82b0	64	branchy	near	lift	70.62	004ab5f8	_ZN2YS8TREASURE5TABLE4EachEPKS1_	YS::TREASURE::TABLE::Each(YS::TREASURE::TABLE const*)		med
001aa940	64	straight	near	lift	46.25	0044d788	_ZNK2YS7MESSAGE12get_max_sizeEPKNS_4FONTENS0_5STYLEERNS0_4SIZEE	YS::MESSAGE::get_max_size(YS::FONT const*, YS::MESSAGE::STYLE, YS::MESSAGE::SIZE&) const		sim-med
001b0498	64	branchy	near	m2c	96.25	00444fec	_ZN2YS6LOOKAT7is_execEv	YS::LOOKAT::is_exec()		med
001b2780	64	straight	near	ghidra	83.75	004c86e8	_ZN2YS13ACTION_CARPET4jumpEPNS_3OBJERKN2kn7FVectorE	YS::ACTION_CARPET::jump(YS::OBJ*, kn::FVector const&)		sim-sandwich
001b8d60	64	loop	near	ghidra	82.31	004be800	_ZN2YS9WORLDFLAG13GetUpdateFlagEPh	YS::WORLDFLAG::GetUpdateFlag(unsigned char*)		sim-low
001c9080	64	straight	near	ghidra	83.75	004c98f8	_ZN2YS17ACTION_CARPETBLOW4jumpEPNS_3OBJERKN2kn7FVectorE	YS::ACTION_CARPETBLOW::jump(YS::OBJ*, kn::FVector const&)		sim-vt-high
001d9d48	64	straight	near	lift	62.19	00439e68	_ZNK2YS6JIGSAW6is_getEv	YS::JIGSAW::is_get() const		sim-low
0023e918	64	float	near	lift	98.69	00375430	_ZN2Tz7MenuObj8SetScaleEifff	Tz::MenuObj::SetScale(int, float, float, float)		med
00287760	64	straight	near	lift	83.00	0065f408	_ZN2Tz8Mg2DTronD1Ev	Tz::Mg2DTron::~Mg2DTron()		sim-low
002c5fb8	64	float	near	corpus	83.44	003dcb20	_ZN8worldmap6Player19_OVR_get_lockon_posEv	worldmap::Player::_OVR_get_lockon_pos()		sim-med
002e1878	64	float	near	ghidra	34.56	006331a0	_ZN2Ti11MG_ALEscape4execEv	Ti::MG_ALEscape::exec()		sim-low
002edf28	64	straight	near	lift	83.12	000d5304	_ZN4menu6WidgetC2Ev	menu::Widget::Widget()		med
00102bd8	60	straight	near	m2c	79.00	00038f5c	_ZN5FIELD4InitEv	FIELD::Init()		med
0011f3e0	60	loop	near	lift	93.75	000f14e0	_ZN2kn10modelShiftEPvS0_	kn::modelShift(void*, void*)		sim-low
00124100	60	straight	near	ghidra	97.33	000f3334	_ZN2kn10ModelMulti4calcEPNS_8ModelObjE	kn::ModelMulti::calc(kn::ModelObj*)		high
00135c88	60	loop	near	lift	80.94	00104638	_ZN2kn11ObjObserver8getIndexEPN2YS3OBJE	kn::ObjObserver::getIndex(YS::OBJ*)		med
00157aa0	60	branchy	near	m2c	68.26	000a2bac	_ZN2dk12GAUGE_PLAYER4skipEv	dk::GAUGE_PLAYER::skip()		med
0016b518	60	branchy	near	lift	5.00	0045e9ac	_ZN2YS3OBJ22get_bone_matrix_weaponEiRN2kn7FMatrixE	YS::OBJ::get_bone_matrix_weapon(int, kn::FMatrix&)		sim-low
00188398	60	branchy	near	lift	94.67	00400b90	_ZN2YS3ACT5wedgeEPKc	YS::ACT::wedge(char const*)		sim-low
00188430	60	straight	near	ghidra	80.18	00401238	_ZN2YS3ACT7reflectEPNS_6ATTACKES2_	YS::ACT::reflect(YS::ATTACK*, YS::ATTACK*)		med
001a1950	60	branchy	near	m2c	90.00	0049880c	_ZN2YS5SHEET6add_hpEiib	YS::SHEET::add_hp(int, int, bool)		high
001b0210	60	branchy	near	ghidra	99.20	004b9a14	_ZN2YS5VOICE7requestEiiPNS_3OBJE	YS::VOICE::request(int, int, YS::OBJ*)		sim-low
001c13e8	60	straight	near	lift	81.87	00448a68	_ZN2YS10MASSEFFECT7MANAGERD1Ev	YS::MASSEFFECT::MANAGER::~MANAGER()		sim-high
001c73e0	60	float	near	lift	55.20	0048d988	_ZN2YS11PRIZEEFFECT9PhaseMoveEPNS_10MASSEFFECTE	YS::PRIZEEFFECT::PhaseMove(YS::MASSEFFECT*)		sim-low
001d0068	60	straight	near	lift	82.67	004500a4	_ZN2YS6MICKEY11ReadRequestEv	YS::MICKEY::ReadRequest()		high
001d4dc0	60	straight	near	e3	90.69	00458aac	_ZN2YS13MISSION_SCORE4openEiii	YS::MISSION_SCORE::open(int, int, int)		med
001e6c00	60	straight	near	m2c	51.53	002af36c	_Z12pppDeleteMngPv	pppDeleteMng(void*)		high
00232110	60	branchy	near	lift	69.33	002c37b4	_ZN2sa5EVENT27set_bin_seq_cameraCollisionERNS_24BIN_SEQ_CAMERA_COLLISIONEP4TASK	sa::EVENT::set_bin_seq_cameraCollision(sa::BIN_SEQ_CAMERA_COLLISION&, TASK*)		sim-low
002d5dd0	60	straight	near	lift	81.87	0064be60	_ZN2Ti11MGOarashiPoC1EPKN2YS8OBJENTRYERKN2kn7FVectorEf	Ti::MGOarashiPo::MGOarashiPo(YS::OBJENTRY const*, kn::FVector const&, float)		sim-med
002dc708	60	straight	near	lift	81.87	0063ef1c	_ZN2Ti6MGJumpD1Ev	Ti::MGJump::~MGJump()		sim-med
002dd790	60	branchy	near	ghidra	66.35	006f01ac	_ZN2YS3OBJ6VTABLEIN2Ti12MGJumpPlayerEE8pre_execEPS0_	YS::OBJ::VTABLE<Ti::MGJumpPlayer>::pre_exec(YS::OBJ*)		sim-low
002e7ff8	60	float	near	m2c	71.76	00625cc0	_ZN2Ts16trap_target_distEP8BD_VALUE	Ts::trap_target_dist(BD_VALUE*)		sim-high
002f10c0	60	float	near	ghidra	91.33	006142f4	_ZN2kn37trap_chickenlittle_get_nearest_targetEP8BD_VALUE	kn::trap_chickenlittle_get_nearest_target(BD_VALUE*)		med
0031a508	60	straight	near	lift	81.87	006a7cf8	_ZN2dk19TREASURE_PRIZE_INFOD1Ev	dk::TREASURE_PRIZE_INFO::~TREASURE_PRIZE_INFO()		sim-vt-high
00102750	56	straight	near	lift	98.57	00040f68	_ZN12TASK_MANAGER7destroyEv	TASK_MANAGER::destroy()		med
0010c7f0	56	straight	near	lift	98.57	000dcb9c	_ZN2kn6Friend15_OVR_initializeEv	kn::Friend::_OVR_initialize()		sim-low
0014f030	56	float	near	lift	44.22	000616c8	_ZN2dk8MapColor10setCalcFogEffiiiff	dk::MapColor::setCalcFog(float, float, int, int, int, float, float)		sim-low
00158050	56	straight	near	e3	90.20	000a0544	_ZN2dk9GAUGE_ONE6createEiPvPN2YI5IMAGEEiiii	dk::GAUGE_ONE::create(int, void*, YI::IMAGE*, int, int, int, int)		high
00167b60	56	straight	near	lift	80.57	00474124	_ZN2YS3PAD8ReadTaskEP4TASK	YS::PAD::ReadTask(TASK*)		sim-med
001732c8	56	straight	near	lift	98.43	00503310	_ZN2YS17trap_bg_cross_posEP8BD_VALUE	YS::trap_bg_cross_pos(BD_VALUE*)		seed
001883f8	56	straight	near	ghidra	73.20	004011fc	_ZN2YS3ACT6damageEPNS_6DAMAGEE	YS::ACT::damage(YS::DAMAGE*)		med
0018ca48	56	switch	near	corpus	71.00	00422060	_ZN2YS6DAMAGE15GetReactionTypeEi	YS::DAMAGE::GetReactionType(int)		seed
0018e108	56	branchy	near	lift	95.93	00406aec	_ZN2YS6ATTACK13SetHitmarkPosERKN2kn7FVectorES4_	YS::ATTACK::SetHitmarkPos(kn::FVector const&, kn::FVector const&)		med
001a1b30	56	branchy	near	m2c	59.29	00498b50	_ZN2YS5SHEET15sub_drive_countEi	YS::SHEET::sub_drive_count(int)		sim-med
001a93b0	56	straight	near	lift	98.21	0046753c	_ZN2YS7OBJDATA5resetEi	YS::OBJDATA::reset(int)		sim-low
001b6dd0	56	straight	near	lift	99.29	004cc700	_ZN2YS3OBJ15prepare_flyjumpERKN2kn7FVectorE	YS::OBJ::prepare_flyjump(kn::FVector const&)		sim-med
001ba028	56	loop	near	lift	90.57	0046e330	_ZN2YS3OBJ8is_validEv	YS::OBJ::is_valid()		high
00246968	56	straight	near	m2c	67.14	003c23e4	_ZN2Tz4HECO10Cur2SelPosEi	Tz::HECO::Cur2SelPos(int)		seed
00263a58	56	branchy	near	ghidra	92.33	002f2408	_ZN2Tz9CMenuHelp6CreateEib	Tz::CMenuHelp::Create(int, bool)		seed
002cb708	56	straight	near	lift	38.14	0065482c	_ZN2Ti4PathD1Ev	Ti::Path::~Path()		high
002e2d18	56	branchy	near	lift	99.64	00635c90	_ZN2Ti12MG_EHSidecar17MoveToBeforePointEv	Ti::MG_EHSidecar::MoveToBeforePoint()		seed
002eff58	56	float	near	m2c	52.69	0060e7ac	_ZN2kn24calc_motion_start_offsetEPN2YS3OBJEif	kn::calc_motion_start_offset(YS::OBJ*, int, float)		med
0010f9f0	52	branchy	near	lift	98.77	000e50e4	_ZN2kn6Friend11setMovementERKNS_7FVectorEb	kn::Friend::setMovement(kn::FVector const&, bool)		med
00165ef0	52	loop	near	lift	98.08	0006a880	_ZN2dk6ObjOcc4eachEPS0_	dk::ObjOcc::each(dk::ObjOcc*)		med
001682b8	52	straight	near	lift	80.00	0042ce10	_ZN2YS4FILE4ReadEPKcPv	YS::FILE::Read(char const*, void*)		med
00172368	52	float	near	m2c	38.69	004fe700	_ZN2YS14trap_obj_hoverEP8BD_VALUE	YS::trap_obj_hover(BD_VALUE*)		sim-low
00173808	52	float	near	m2c	38.69	00504270	_ZN2YS12trap_obj_flyEP8BD_VALUE	YS::trap_obj_fly(BD_VALUE*)		sim-med
00177460	52	straight	near	lift	98.46	00478424	_ZN2YS5PARTY4hookEPNS_2VME	YS::PARTY::hook(YS::VM*)		seed
0018d808	52	straight	near	lift	83.38	004082fc	_ZN2YS6ATTACK7get_posEv	YS::ATTACK::get_pos()		sim-med
0018f248	52	float	near	lift	84.23	004f30d8	_ZN2YS27trap_enemy_exec_damage_blowEP8BD_VALUE	YS::trap_enemy_exec_damage_blow(BD_VALUE*)		med
001940b8	52	float	near	ghidra	43.38	004697ac	_ZN2YS3OBJ7set_fogEiiiff	YS::OBJ::set_fog(int, int, int, float, float)		sim-med
00197ac0	52	branchy	near	m2c	84.15	00429114	_ZN2YS5EVENT14ExecCameraTaskEP4TASK	YS::EVENT::ExecCameraTask(TASK*)		med
001a8510	52	straight	near	ghidra	91.08	004ab15c	_ZN2YS8TREASURE10GetInfoNumEv	YS::TREASURE::GetInfoNum()		med
00236d60	52	loop	near	lift	92.86	000bb94c	_ZN2YI11IMAGE_CACHE5ClearEv	YI::IMAGE_CACHE::Clear()		high
0028e710	52	straight	near	lift	98.46	003784c8	_ZN2Tz8MultiSeq9setParentEPN2dk6SpriteE	Tz::MultiSeq::setParent(dk::Sprite*)		sim-low
002b740c	52	straight	compile	stub	0.00	00388570	_ZN2Tz8UnitLoad11ResetBufferEv	Tz::UnitLoad::ResetBuffer()		sim-low
002c22b8	52	straight	near	ghidra	32.15	003eca8c	_ZN8worldmap3Key3getEi	worldmap::Key::get(int)		sim-low
002e8038	52	straight	near	lift	62.43	00625cfc	_ZN2Ts31trap_target_searcher_search_objEP8BD_VALUE	Ts::trap_target_searcher_search_obj(BD_VALUE*)		med
001072d0	48	branchy	near	lift	75.25	000d9904	_ZN2kn6Camera6lookAtERKNS_7FVectorES3_	kn::Camera::lookAt(kn::FVector const&, kn::FVector const&)		high
00107300	48	float	near	lift	74.83	000d9964	_ZN2kn6Camera6lookAtERKNS_7FVectorES3_f	kn::Camera::lookAt(kn::FVector const&, kn::FVector const&, float)		med
0011b6a8	48	straight	near	e3	38.57	000dc24c	_ZN2kn7FMatrix9translateERKNS_7FVectorE	kn::FMatrix::translate(kn::FVector const&)		med
0016b010	48	float	near	ghidra	73.85	00461250	_ZN2YS3OBJ12set_wish_dirERKN2kn7FVectorE	YS::OBJ::set_wish_dir(kn::FVector const&)		high
00171930	48	straight	near	lift	64.50	004fa5b8	_ZN2YS17trap_obj_wish_dirEP8BD_VALUE	YS::trap_obj_wish_dir(BD_VALUE*)		sim-med
00174af8	48	float	near	ghidra	93.00	00509ba8	_ZN2YS20trap_light_set_colorEP8BD_VALUE	YS::trap_light_set_color(BD_VALUE*)		sim-med
0018e0d8	48	branchy	near	ghidra	60.67	00407fa0	_ZN2YS6ATTACK8set_teamEi	YS::ATTACK::set_team(int)		sim-med
001a1a20	48	branchy	near	lift	87.69	004979e0	_ZN2YS5SHEET6add_mpEib	YS::SHEET::add_mp(int, bool)		sim-high
001b5878	48	branchy	near	lift	87.69	0043fb18	_ZN2YS5LIMIT11close_gaugeEv	YS::LIMIT::close_gauge()		seed
001b5af0	48	branchy	near	ghidra	56.92	00440fb4	_ZN2YS5LIMIT14GetExecCommandEv	YS::LIMIT::GetExecCommand()		sim-low
00243190	48	loop	near	lift	91.54	0038723c	_ZN2Tz8TimeDraw7isExistEv	Tz::TimeDraw::isExist()		sim-low
00266678	48	branchy	near	lift	78.33	003b6968	_ZN2Tz6CmStat10DrawUpdateEPNS_6SelectEii	Tz::CmStat::DrawUpdate(Tz::Select*, int, int)		med
00123d10	44	straight	near	ghidra	85.00	000f2bd4	_ZN2kn10ModelMulti23getDistanceFromSkeletonEv	kn::ModelMulti::getDistanceFromSkeleton()		high
0016b040	44	float	near	corpus	81.82	0046128c	_ZN2YS3OBJ12get_wish_dirEv	YS::OBJ::get_wish_dir()		sim-med
0016b070	44	float	near	lift	98.55	00461160	_ZN2YS3OBJ10set_xyzrotERKN2kn7FVectorE	YS::OBJ::set_xyzrot(kn::FVector const&)		med
00171690	44	float	near	ghidra	74.55	004f9208	_ZN2YS22trap_obj_move_to_spaceEP8BD_VALUE	YS::trap_obj_move_to_space(BD_VALUE*)		med
00172078	44	float	near	lift	79.55	004fd85c	_ZN2YS24trap_obj_set_parts_colorEP8BD_VALUE	YS::trap_obj_set_parts_color(BD_VALUE*)		sim-med
00174728	44	float	near	m2c	69.91	00509488	_ZN2YS23trap_obj_tex_fade_startEP8BD_VALUE	YS::trap_obj_tex_fade_start(BD_VALUE*)		sim-sandwich
001805e8	44	straight	near	lift	62.45	0045acf0	_ZN2YS6MOTION17reset_anmatr_flagEv	YS::MOTION::reset_anmatr_flag()		seed
00180770	44	straight	near	lift	85.00	0045cea8	_ZN2YS6MOTION12get_loop_topEi	YS::MOTION::get_loop_top(int)		sim-med
00186ce8	44	branchy	near	lift	62.91	004125d8	_ZN2YS6BTLOBJ16is_damage_motionEv	YS::BTLOBJ::is_damage_motion()		high
00186d18	44	branchy	near	lift	62.91	00412608	_ZN2YS6BTLOBJ17is_reflect_motionEv	YS::BTLOBJ::is_reflect_motion()		med
00189228	44	branchy	near	lift	81.64	00496d3c	_ZN2YS14SAVERAM_BATTLE11inc_rccountEi	YS::SAVERAM_BATTLE::inc_rccount(int)		med
0018f9b8	44	float	near	lift	80.36	004f4854	_ZN2YS18trap_attack_set_rcEP8BD_VALUE	YS::trap_attack_set_rc(BD_VALUE*)		sim-med
0018fd40	44	float	near	corpus	62.55	004f51d4	_ZN2YS23trap_enemy_exec_reflectEP8BD_VALUE	YS::trap_enemy_exec_reflect(BD_VALUE*)		med
0018fde0	44	float	near	corpus	63.64	004f5408	_ZN2YS23trap_limit_camera_startEP8BD_VALUE	YS::trap_limit_camera_start(BD_VALUE*)		med
001bdd20	44	branchy	near	ghidra	94.55	004812d4	_ZN2YS14PLAYER_COMMAND15is_disable_itemEv	YS::PLAYER_COMMAND::is_disable_item()		med
001de910	44	straight	near	e3	99.55	002b7e44	_ZN3ryj3PAX6EnsureEv	ryj::PAX::Ensure()		med
00293b70	44	straight	near	ghidra	58.18	00389e70	_ZN2Tz9ChgMember18isExecChangeMemberEv	Tz::ChgMember::isExecChangeMember()		seed
002ba3b8	44	straight	near	lift	40.00	0013c2a0	_ZN5SOUND5setSeENS_11SE_SET_BANKEiiiiPFvPvES1_	SOUND::setSe(SOUND::SE_SET_BANK, int, int, int, int, void (*)(void*), void*)		med
002e8c28	44	straight	near	lift	56.73	0062341c	_ZN2Ts18trap_flare_set_posEP8BD_VALUE	Ts::trap_flare_set_pos(BD_VALUE*)		sim-med
00143b60	40	straight	near	m2c	92.30	0006d970	_ZN2dk6Octree13intersectLineERNS_4LineERN2kn7FVectorEi	dk::Octree::intersectLine(dk::Line&, kn::FVector&, int)		med
0014aa80	40	straight	near	e3	99.70	0004f948	_ZN2dk4Fade6fadeInEjb	dk::Fade::fadeIn(unsigned int, bool)		high
0016e718	40	straight	near	corpus	80.00	004b8fb0	_ZN2YS24trap_partram_add_abilityEP8BD_VALUE	YS::trap_partram_add_ability(BD_VALUE*)		seed
001713f0	40	float	near	ghidra	73.00	004f7ff0	_ZN2YS16trap_obj_hitbackEP8BD_VALUE	YS::trap_obj_hitback(BD_VALUE*)		med
00173e10	40	float	near	ghidra	73.00	005065e0	_ZN2YS21trap_obj_move_requestEP8BD_VALUE	YS::trap_obj_move_request(BD_VALUE*)		sim-sandwich
00174168	40	float	near	ghidra	73.00	00507b50	_ZN2YS21trap_obj_set_movementEP8BD_VALUE	YS::trap_obj_set_movement(BD_VALUE*)		sim-sandwich
00174e10	40	straight	near	ghidra	81.50	0050a234	_ZN2YS32trap_camera_set_scope_target_posEP8BD_VALUE	YS::trap_camera_set_scope_target_pos(BD_VALUE*)		sim-sandwich
0018f2a8	40	float	near	ghidra	73.00	004f33fc	_ZN2YS28trap_enemy_exec_damage_smallEP8BD_VALUE	YS::trap_enemy_exec_damage_small(BD_VALUE*)		sim-med
00195c58	40	branchy	near	m2c	99.50	004ce354	_ZN2YS11ACTION_HANG3endEPNS_3OBJE	YS::ACTION_HANG::end(YS::OBJ*)		sim-high
001979d8	40	straight	near	e3	41.41	00428a54	_ZN2YS5EVENT11GetJumpAreaER4AREA	YS::EVENT::GetJumpArea(AREA&)		med
001b92d0	40	straight	near	corpus	90.91	0046d84c	_ZN2YS3OBJ11ExecAllTaskEP4TASK	YS::OBJ::ExecAllTask(TASK*)		med
001d97c8	40	branchy	near	lift	77.30	0040cc38	_ZN2YS13BATTLE_REPORT20IncrementFriendRecovEv	YS::BATTLE_REPORT::IncrementFriendRecov()		sim-med
0023e738	40	straight	near	lift	58.30	00373228	_ZN2Tz7MenuObj12SetAdjustPosEiss	Tz::MenuObj::SetAdjustPos(int, short, short)		med
0023e788	40	straight	near	lift	50.40	00375330	_ZN2Tz7MenuObj6GetRotEi	Tz::MenuObj::GetRot(int)		med
002d8d40	40	float	near	lift	96.50	00639d28	_ZN2Ti12MGHachimitsu20get_horizontal_rangeERfS1_	Ti::MGHachimitsu::get_horizontal_range(float&, float&)		med
002e7c78	40	float	near	lift	78.00	00624fac	_ZN2Ts13trap_obj_stopEP8BD_VALUE	Ts::trap_obj_stop(BD_VALUE*)		med
002e8220	40	float	near	lift	78.00	0062643c	_ZN2Ts21trap_skateboard_trickEP8BD_VALUE	Ts::trap_skateboard_trick(BD_VALUE*)		med
002e8290	40	float	near	ghidra	73.00	006268b4	_ZN2Ts30trap_skateboardscore_add_countEP8BD_VALUE	Ts::trap_skateboardscore_add_count(BD_VALUE*)		med
002e9fb8	40	straight	near	ghidra	35.45	00622a64	_ZN2Ts15TARGET_SEARCHER26set_check_hide_from_friendEb	Ts::TARGET_SEARCHER::set_check_hide_from_friend(bool)		med
002f0948	40	float	near	lift	78.00	0061193c	_ZN2kn23trap_obj_set_stop_timerEP8BD_VALUE	kn::trap_obj_set_stop_timer(BD_VALUE*)		med
00143448	36	straight	near	lift	64.44	0006e680	_ZN2dk6Octree14isExistPolygonEt	dk::Octree::isExistPolygon(unsigned short)		sim-low
0014aa58	36	straight	near	e3	99.78	0004f91c	_ZN2dk4Fade7fadeOutEjb	dk::Fade::fadeOut(unsigned int, bool)		seed
00175108	36	straight	near	corpus	98.67	0050a9f8	_ZN2YS27trap_sheet_set_element_rateEP8BD_VALUE	YS::trap_sheet_set_element_rate(BD_VALUE*)		sim-sandwich
00175328	36	straight	near	corpus	98.67	0050b6d8	_ZN2YS21trap_prize_appear_numEP8BD_VALUE	YS::trap_prize_appear_num(BD_VALUE*)		sim-sandwich
0017dec0	36	straight	near	lift	70.44	00431460	_ZN2YS6FRIEND4InitEv	YS::FRIEND::Init()		seed
0018fb70	36	straight	near	corpus	98.67	004f4e90	_ZN2YS20trap_attack_set_lineEP8BD_VALUE	YS::trap_attack_set_line(BD_VALUE*)		sim-med
001e5fd8	36	straight	near	m2c	77.78	002ad65c	_Z20pppGetWorkMemoryInfoPiS_	pppGetWorkMemoryInfo(int*, int*)		sim-low
002e7b88	36	float	near	lift	98.67	00624e5c	_ZN2Ts18trap_dice_set_specEP8BD_VALUE	Ts::trap_dice_set_spec(BD_VALUE*)		sim-sandwich
002e8070	36	straight	near	corpus	98.56	00625e28	_ZN2Ts28trap_target_searcher_get_oldEP8BD_VALUE	Ts::trap_target_searcher_get_old(BD_VALUE*)		med
0016e688	32	straight	near	corpus	87.56	004b8e0c	_ZN2YS11trap_assertEP8BD_VALUE	YS::trap_assert(BD_VALUE*)		seed
001751f8	32	straight	near	corpus	87.56	0050adc8	_ZN2YS20trap_prize_appear_trEP8BD_VALUE	YS::trap_prize_appear_tr(BD_VALUE*)		seed
0018f770	32	straight	near	corpus	87.56	004f4550	_ZN2YS19trap_attack_set_posEP8BD_VALUE	YS::trap_attack_set_pos(BD_VALUE*)		seed
0018f8a0	32	straight	near	corpus	87.56	004f46c0	_ZN2YS20trap_attack_get_typeEP8BD_VALUE	YS::trap_attack_get_type(BD_VALUE*)		seed
0018fc20	32	straight	near	corpus	87.56	004f5060	_ZN2YS27trap_attack_set_hitmark_posEP8BD_VALUE	YS::trap_attack_set_hitmark_pos(BD_VALUE*)		seed
0018fcc0	32	float	near	lift	67.50	004f5128	_ZN2YS19trap_magic_set_costEP8BD_VALUE	YS::trap_magic_set_cost(BD_VALUE*)		sim-med
001c3cd8	32	float	near	lift	98.75	004cce44	_ZN2YS12ACTION_GLIDE3endEPNS_3OBJE	YS::ACTION_GLIDE::end(YS::OBJ*)		sim-sandwich
002ddbb8	32	branchy	near	m2c	92.50	00641f6c	_ZN2Ti12MGJumpGimObj10is_triggerEv	Ti::MGJumpGimObj::is_trigger()		med
002e7b10	32	straight	near	corpus	87.56	00624db8	_ZN2Ts17trap_prize_appearEP8BD_VALUE	Ts::trap_prize_appear(BD_VALUE*)		med
002e7be0	32	straight	near	corpus	87.56	00624ed0	_ZN2Ts25trap_target_searcher_initEP8BD_VALUE	Ts::trap_target_searcher_init(BD_VALUE*)		sim-med
002e9c98	32	straight	near	lift	66.75	00622650	_ZN2Ts15TARGET_SEARCHER3addEPN2YS6TARGETE	Ts::TARGET_SEARCHER::add(YS::TARGET*)		sim-med
00107368	28	branchy	near	lift	97.00	000d9c38	_ZNK2kn6Camera11getPositionERNS_7FVectorE	kn::Camera::getPosition(kn::FVector&) const		high
00107478	28	branchy	near	lift	97.00	000d9e54	_ZNK2kn6Camera12getReferenceERNS_7FVectorE	kn::Camera::getReference(kn::FVector&) const		med
0011a918	28	branchy	near	lift	97.00	00133530	_ZN2kn13ChickenLittle16set_shoot_targetERKNS_7FVectorE	kn::ChickenLittle::set_shoot_target(kn::FVector const&)		med
001391a8	28	branchy	near	lift	97.00	0007bbbc	_ZN2dk8Sprite3D6setPosERKN2kn7FVectorE	dk::Sprite3D::setPos(kn::FVector const&)		med
0014c9f0	28	straight	near	lift	71.43	0007f2e8	_ZN2dk5Timer8pauseOffEj	dk::Timer::pauseOff(unsigned int)		seed
0016c750	28	straight	near	lift	69.14	004b5fd0	_ZN2YS2VM4InitEP9ALLOCATOR	YS::VM::Init(ALLOCATOR*)		med
001c8a90	28	straight	near	lift	41.29	004a4c50	_ZN2YS6SUMMON4InitEv	YS::SUMMON::Init()		med
0014c9d8	24	straight	near	lift	66.67	0007f2d4	_ZN2dk5Timer7pauseOnEj	dk::Timer::pauseOn(unsigned int)		seed
002282d8	24	straight	near	ghidra	95.50	002bc81c	_ZN2sa5EVENT16getEventPriorityEv	sa::EVENT::getEventPriority()		high
0011a900	20	straight	near	ghidra	21.67	00133504	_ZN2kn13ChickenLittle16get_shoot_targetEv	kn::ChickenLittle::get_shoot_target()		sim-low
0011c138	16	straight	near	m2c	35.00	000ed7e0	_ZN2kn8IKAdjustC1Ev	kn::IKAdjust::IKAdjust()		med
