ee_addr	ppc_addr	size	class	cov_fuzzy	status	fuzzy	err	notes	constraints
00102180	00039b18	76	loop	61.47	near	41.05		gvote:ExecMode->0038aa40	
00102528	000405e8	204	loop	77.61	near	35.24			
001025f8	00040964	116	branchy	85.83	near	47.11		unmapped-call:disposeFiber;dropped:disposeFiberx1	
00102688	00040e2c	168	loop	86.93	near	50.95		positional:_unlink->001025f8;arity-pad:func_001025f8;globals:1ppc/0ps2;unmapped-global:value;static-unmapped;variant:no_dims	
00102750	00040f68	56	straight	98.57	near	81.71		arity-pad:func_00102688	TASK_MANAGER|TaskList|8|c|4
00102788	000406f8	140	straight	90.14	near	50.98		dropped:ErrorPrintfx1;dropped:ErrorRaisex1;arity-pad:func_00102528;globals:3ppc/0ps2;gdims:__LNst__ZN12TASK_MANAGER11create_taskEiiPFvP4TASKE_0;unmapped-global:__LNst__ZN12TASK_MANAGER11create_taskEiiPFvP4TASKE_0;gdims:__LNst__ZN4TASK5sleepEi_3;unmapped-global:__LNst__ZN4TASK5sleepEi_3;gdims:LS_45_LV_6;unmapped-global:LS_45_LV_6	
00102818	00040830	152	straight	84.87	near	60.59		dropped:ErrorPrintfx1;dropped:ErrorRaisex1;arity-pad:func_00102788;globals:3ppc/0ps2;gdims:__LNst__ZN12TASK_MANAGER11create_taskEiiPFvP4TASKE_0;unmapped-global:__LNst__ZN12TASK_MANAGER11create_taskEiiPFvP4TASKE_0;gdims:__LNst__ZN4TASK5sleepEi_3;unmapped-global:__LNst__ZN4TASK5sleepEi_3;gdims:LS_47_LV_8;unmapped-global:LS_47_LV_8	
001028b0	00040ad4	312	loop	92.37	near	43.94		synth-fields:7;simmap:exec->00102350;positional:_unlink->001025f8;dropped:ErrorPrintfx1;dropped:ErrorRaisex1;this-pad:func_00102350;arity-pad:func_001025f8;globals:6ppc/1ps2;unmapped-global:CurrentTask;unmapped-global:Config;unmapped-global:__LNst__ZN12TASK_MANAGER11masked_execEii_0;unmapped-global:__LNst__ZN4TASK5sleepEi_3;unmapped-global:LS_61_LV_9;static-unmapped;variant:no_dims	
00102bd8	00038f5c	60	straight	79.00	near	27.8		globals:5ppc/4ps2;unmapped-global:0x792110;static-unmapped;variant:no_gvote	
001031d0	0003cdd0	456	branchy	95.92	near	30.69		dropped:ErrorPrintfx10;dropped:ErrorRaisex4;dropped:_printfx2;gvote:s_type->003a6a50;gvote:m_SetAllocator->0032ba30;gvote:m_MenuRunning->0032ba28;gvote:s_ReserveType->0032ba20;gvote:s_isPauseDisable->0032ba1c;globals:13ppc/7ps2;gdims:s_MenuTypeLst;unmapped-global:m_GMode;unmapped-global:Allocator;unmapped-global:ObjAllocator;unmapped-global:m_MapJump;gdims:__LNst__ZN4MENU7setTypeEi_3;unmapped-global:__LNst__ZN4MENU7setTypeEi_3;gdims:__LNst__ZN4MENU6EnsureEP4TASK_0;unmapped-global:__LNst__ZN4MENU6EnsureEP4TASK_0;fix-arity:func_00253180;static-unmapped	
00103590	0003bfd8	316	branchy	77.51	near	0.39		dropped:ErrorPrintfx1;dropped:ErrorRaisex1;dropped:_printfx2;gvote:Allocator->0032ba14;gvote:m_GMode->0032ba24;gvote:ObjAllocator->0032ba18;gvote:0x84cbe0->01f18014;gvote:m_SetAllocator->0032ba30;globals:10ppc/7ps2;gdims:__LNst__ZN4MENU7setTypeEi_3;gdims:__LNst__ZN4MENU15CreateAllocatorEiPN2kn15MemoryAllocatorE_1;unmapped-global:__LNst__ZN4MENU15CreateAllocatorEiPN2kn15MemoryAllocatorE_1;gdims:__LNst__ZN4MENU15CreateAllocatorEiPN2kn15MemoryAllocatorE_2;unmapped-global:__LNst__ZN4MENU15CreateAllocatorEiPN2kn15MemoryAllocatorE_2;gdims:LS_41_LV_4;unmapped-global:LS_41_LV_4	
001036d0	0003c15c	120	branchy	82.45	near	63.18		gvote:0x84cbe0->01f18014;gvote:Allocator->0032ba14;gvote:ObjAllocator->0032ba18;gvote:m_SetAllocator->0032ba30	
001037f8	0003bca8	512	branchy	86.48	near	38.71		synth-fields:1;simmap:GetAllocator->00102e90;positional:ErrorPrintf->00103ea0;positional:ErrorRaise->0023ed90;positional:PushEnable->0023fb00;positional:getGumiMenuAllocator->00103c70;positional:Init->00103e78;positional:start->00102080;this-pad:func_00102080;this-pad:func_001024a8;gvote:m_GMode->0032ba24;gvote:Mode->0032b968;gvote:s_type->003a6a50;variant:no_dims	
00103ca0	0003c960	392	branchy	38.73	near	21.93		stack-locals:1;synth-fields:6;positional:GetArea->00103c70;dropped:ErrorPrintfx3;dropped:ErrorRaisex1;arity-pad:func_00103c70;this-pad:func_0014aa58;gvote:m_MapJump->0032ba2c;gvote:m_GMode->0032ba24;fix-arity:func_00103c70	
00104108	0003a27c	132	branchy	85.91	near	32.45		simmap:gumiToWorldMap->00105fc8;dropped:ErrorPrintfx1;dropped:ErrorRaisex1;this-pad:func_0014aa58;globals:4ppc/0ps2;unmapped-global:m_PauseParam;gdims:__LNst__ZN10GUMIBATTLE13SetPauseParamEcccPFvvE_1;unmapped-global:__LNst__ZN10GUMIBATTLE13SetPauseParamEcccPFvvE_1;gdims:__LNst__Z22getGumiBattleMissionLvv_0;unmapped-global:__LNst__Z22getGumiBattleMissionLvv_0;gdims:LS_23_LV_1;unmapped-global:LS_23_LV_1;static-unmapped	
001043e8	0003acd0	264	loop	94.63	near	51.64		positional:entry->00168548;dropped:_printfx2;globals:9ppc/7ps2;gdims:SELECT_SHIP_FLAG;gdims:__LNst__Z21GetGumiShipPlanBufferi_0;unmapped-global:__LNst__Z21GetGumiShipPlanBufferi_0;gdims:__LNst__ZN8GUMIMENU5StartEP4TASK_1;unmapped-global:__LNst__ZN8GUMIMENU5StartEP4TASK_1	
00104a48	00041d00	628	loop	59.58	near	22.42		stack-locals:1;unmapped-call:getPlayTime;unmapped-call:IsSkipArea;dropped:IsSkipAreax1;dropped:getPlayTimex1;dropped:_printfx2;this-pad:func_0019ef70;this-pad:func_001051b8;arity-pad:func_00102448;this-pad:func_0019f070;this-pad:func_00102688;this-pad:func_001052a8;globals:15ppc/7ps2;unmapped-global:Allocator;unmapped-global:SkipArea;unmapped-global:IsSkipping;unmapped-global:Mode;unmapped-global:0x9060f8;unmapped-global:SaveRam;gdims:__LNst__ZN4AREA7MapJumpERS_jibi_3;unmapped-global:__LNst__ZN4AREA7MapJumpERS_jibi_3;gdims:__LNst__ZN4AREA10InitThreadEP4TASK_0;unmapped-global:__LNst__ZN4AREA10InitThreadEP4TASK_0;fix-arity:func_002b9f28;static-unmapped;variant:no_gvote	
00104f58	00041444	352	branchy	55.52	near	0.0		dropped:ErrorPrintfx2;dropped:_printfx2;dropped:ErrorRaisex2;arity-pad:func_001051b8;this-pad:func_00102788;this-pad:func_001c8d80;gvote:TaskMapJump->0032bb20;gvote:SkipArea->003a7b08;globals:12ppc/9ps2;gdims:__LNst__ZN4AREA7MapJumpERS_jibi_1;gdims:__LNst__ZN4AREA7MapJumpERS_jibi_3;unmapped-global:__LNst__ZN4AREA7MapJumpERS_jibi_3;gdims:__LNst__ZN4AREA7MapJumpERS_jibi_4;unmapped-global:__LNst__ZN4AREA7MapJumpERS_jibi_4;gdims:__LNst__ZN4AREA7MapJumpERS_jibi_6;unmapped-global:__LNst__ZN4AREA7MapJumpERS_jibi_6	
00105c68	0003e5ec	160	loop	94.33	near	53.65		positional:entry->001688b8;dropped:ErrorPrintfx1;dropped:ErrorRaisex1;dropped:_printfx2;this-pad:func_00102448;gvote:Mode->0032b968;globals:6ppc/3ps2;gdims:__LNst__ZN4SHOP5StartEP4TASK_1;gdims:__LNst__ZN4SHOP5StartEP4TASK_2;unmapped-global:__LNst__ZN4SHOP5StartEP4TASK_2;gdims:_ZZN9GAME_MODE5sleepEvEs_0;unmapped-global:_ZZN9GAME_MODE5sleepEvEs_0;gdims:_ZZN9GAME_MODE5sleepEvEs_2;unmapped-global:_ZZN9GAME_MODE5sleepEvEs_2	
00105fc8	0003f898	124	straight	63.59	near	25.32		positional:getGumiStageEntrance->00105f98	
00106a18	000da2fc	72	branchy	68.70	near	69.0		gvote:cameraNumber->0033cc40;gvote:0xa1bd70->003a7b70;gvote:cameraMulti->0033cc44;gvote:0xa1c090->003a7d70	
00106a60	000da3a0	80	branchy	99.70	near	99.8		gvote:cameraNumber->0033cc40;gvote:0xa1c3b0->003a8090;gvote:cameraMulti->0033cc44;gvote:0xa1c4d0->003a7f70	
00106af0	000d8f18	280	float	54.92	near	45.18		positional:unit->0011b6a8;this-pad:func_0011b6a8;globals:0ppc/2ps2	kn::Projection|clipFar_|70|70|6c
00106d40	000d9370	168	float	9.84	near	4.04		arity-pad:func_00106c08;globals:3ppc/1ps2;gdims:camera;unmapped-global:g_NearHosei;unmapped-global:g_FarHosei;static-unmapped	
00106de8	000d9600	324	float	63.21	near	12.57		globals:0ppc/3ps2	Axa::FMATRIX44|v1|10|1c|14
00106f40	000d9748	168	float	62.33	near	14.76		globals:0ppc/3ps2	Axa::FMATRIX44|v1|10|18|8
00106fe8	000d9248	180	float	85.71	compile	0.0	00106fe8.cpp:103: aggregate	globals:0ppc/3ps2;fix-arg:func_00106fe8:1;fix-arg:func_00106fe8:1;fix-arity:func_00106fe8;fix-arity:func_00106fe8	
001072d0	000d9904	48	branchy	75.25	near	31.26		unmapped-call:operator_;dropped:operator_x0	
00107300	000d9964	48	float	74.83	near	29.7		unmapped-call:operator_;dropped:operator_x0	
00107368	000d9c38	28	branchy	97.00	near	37.78		unmapped-call:operator_;dropped:operator_x0	
00107478	000d9e54	28	branchy	97.00	near	37.78		unmapped-call:operator_;dropped:operator_x0	
00107888	000da42c	516	float	49.01	near	27.31		unmapped-call:operator_;unmapped-call:SetListenerPosition;dropped:operator_x0;dropped:SetListenerPositionx1;this-pad:func_00106c08;globals:14ppc/5ps2;gdims:camera;unmapped-global:0xa1be80;unmapped-global:0xa1bec0;unmapped-global:0xa1c4d0;unmapped-global:0xa1c3c0;unmapped-global:0xa1c400;unmapped-global:0xa1c410;unmapped-global:0xa1c420;unmapped-global:0xa1c3b0;gdims:projection;unmapped-global:projection;static-unmapped;variant:no_gvote	
00107a90	0019b550	656	float	97.82	compile	0.0	00107a90.cpp:3619: `Axa'	stack-locals:1;positional:GetPlayer->00106998;positional:GetScroll->001069b8;positional:unit->001069f8;positional:is_dead->00106d40;positional:is_rebirth->00106d40;unmapped-call:GetPlane;unmapped-call:get_mode;unmapped-call:is_auto_rotation;unmapped-call:is_rotation_clockwise;unmapped-call:operator__;unmapped-call:operator_;unmapped-call:applyMatrixXYZw1;unmapped-call:calc_from_distance;unmapped-call:normalize;dropped:GetPlanex5;dropped:normalizex1;dropped:get_modex2;dropped:calc_from_distancex1;dropped:operator__x3;dropped:operator_x0;dropped:applyMatrixXYZw1x1;dropped:is_rotation_clockwisex1;dropped:is_auto_rotationx2;this-pad:func_001069f8;this-pad:func_00106d40;this-pad:func_0011b720;this-pad:func_00106de8;this-pad:func_00107330;this-pad:func_00107340;this-pad:func_00107350;this-pad:func_00107360;gvote:projection->003a7b70;globals:4ppc/17ps2;gdims:projection;gdims:camera	
00107d20	00124178	776	loop	83.44	compile	0.0	00107d20.cpp: In function `void;    e3_00107d20(kn_ModelObj*, kn_ProjectionCamera*, kn_DrawParam*, short int*,;    kn_ProjectionCamera*, kn_ProjectionCamera*, dk_ObjDrawList**, int)':; 00107d20.cpp:70	stack-locals:2;synth-fields:25;positional:getContext->00106ab8;positional:unit->00106ab8;positional:Projection->00106ab8;positional:shadowEnv->00106ab8;positional:DrawParam->001070c8;positional:operator__->001070c8;positional:getModel->001070c8;positional:openGsRegisterPacket->001070c8;positional:setGsRegisterPacket->00106ab8;positional:closeGsRegisterPacket->00106ab8;positional:shadowTextureSoft->001070c8;positional:setVU1DrawDefaultEnv->001070c8;unmapped-call:pushDisplayFlag;unmapped-call:popDisplayFlag;dropped:pushDisplayFlagx1;dropped:popDisplayFlagx1;arity-pad:func_00106ab8;arity-pad:func_001070c8;globals:10ppc/6ps2;unmapped-global:GS_DEF_XYOFFSET;unmapped-global:GS_DEF_SCISSOR;unmapped-global:SHADOW_L_TEX0_SOFT;unmapped-global:SHADOW_L_TEX0;fix-arity:func_00106ab8;fix-arity:func_00106ab8;fix-arity:func_00106ab8;fix-arity:func_00106ab8;fix-arity:func_00106ab8;fix-arity:func_00106ab8;fix-arity:func_001070c8	
00108730	00116770	512	float	1.24	near	0.0		positional:addContPacket->00133bb8;positional:getNear->001070a8;this-pad:func_00133bb8;this-pad:func_001070a8;globals:11ppc/6ps2;gdims:buffer;gdims:tag;unmapped-global:phase_;unmapped-global:fogGradients_;unmapped-global:fogIntercepts_;gdims:fogLimiter_;unmapped-global:fogLimiter_;unmapped-global:g_g_g_dummy_counter;static-unmapped	kn::DrawParam|rgba|4|4|0
00108930	00116a08	84	loop	76.33	near	55.24			
001094e0	001188a8	396	switch	42.12	near	12.38		dropped:ErrorPrintfx1;dropped:ErrorRaisex1;globals:5ppc/1ps2;gdims:_ASR;unmapped-global:vram_page;unmapped-global:__LNst__ZN2kn7VU1Draw9checkVRAMEPNS_15SendImagePacketEPv_0;gdims:__LNst__ZN2kn7VU1Draw13flush_RegularEPNS_9DrawQueueE_3;unmapped-global:__LNst__ZN2kn7VU1Draw13flush_RegularEPNS_9DrawQueueE_3;gdims:LS_205_LV_64;unmapped-global:LS_205_LV_64;static-unmapped	
001097e8	00118e48	1092	switch	53.25	near	40.75		stack-locals:1;synth-fields:4;simmap:SendImageStruct->00108398;simmap:SendImageStruct->00108398;positional:addGsDirectPacket->001337f0;positional:addRetPacket->001337a0;positional:addContPacket->00133848;dropped:ErrorPrintfx1;dropped:ErrorRaisex1;arity-pad:func_001337f0;this-pad:func_00108398;gvote:LS_214_LV_70->0036a290;globals:3ppc/2ps2;gdims:__LNst__ZN2kn7VU1Draw13flush_RegularEPNS_9DrawQueueE_3;unmapped-global:__LNst__ZN2kn7VU1Draw13flush_RegularEPNS_9DrawQueueE_3;gdims:LS_214_LV_70;fix-arity:func_001337f0;fix-anonidx:Axa_GIF_SET_TAG128_anon_uni_GSRegister_h_180.field2;fix-anonidx:Axa_GIF_SET_TAG128_anon_uni_GSRegister_h_180.field2;fix-arity:func_001337f0;fix-anonidx:Axa_GIF_SET_TAG128_anon_uni_GSRegister_h_180.field2;fix-anonidx:Axa_GIF_SET_TAG128_anon_uni_GSRegister_h_180.field2	
0010c078	000e24f4	1792	branchy	91.44	near	40.23		synth-fields:1;simmap:Auron->00114af8;simmap:Mulan->00114ea0;simmap:Jack->00115350;simmap:Riku->00115738;simmap:Pin->00114c30;simmap:Peterpan->0011a2a8;simmap:Tink->0011a490;simmap:FriendPersonality->00113648;positional:__ZN2YS6FRIENDC2EPKNS_8OBJENTRYERKN2kn7FVectorEf->0017d968;positional:ErrorPrintf->0010eee8;positional:ErrorRaise->00112720;positional:Aladdin->001148d0;positional:Goofy->001147b8;positional:Tron->001151f8;positional:Stitch->00114ff8;this-pad:func_00190128;this-pad:func_0016a070;this-pad:func_00114af8;this-pad:func_00114ea0;this-pad:func_001148d0;this-pad:func_00114fb0;this-pad:func_00114770;this-pad:func_00115350;this-pad:func_00114be8;this-pad:func_001147b8;this-pad:func_00114e58;this-pad:func_001151f8;this-pad:func_00115738;this-pad:func_00114c30;this-pad:func_00114ff8;this-pad:func_00119bd8;this-pad:func_0011a2a8;this-pad:func_0011a490;this-pad:func_0011a6b0;this-pad:func_00113648;this-pad:func_001136b8;gvote:LV_3->0036a440;gvote:LV_4->0036a448;gvote:LV_5->0036a450;globals:11ppc/5ps2;unmapped-global:__LNst__ZN2kn6FriendC1EPKN2YS8OBJENTRYERKNS_7FVectorEf_0;unmapped-global:__LNst__ZN2kn6Friend19_OVR_getBattleStyleEv_3;unmapped-global:friend_param_data;unmapped-global:0x7ef280;unmapped-global:DAT_007ef20c;unmapped-global:DAT_007ef214;static-unmapped;variant:no_dims	
0010c7f0	000dcb9c	56	straight	98.57	near	91.93		simmap:_OVR_initialize->0017dbb8;this-pad:func_0017dbb8	
0010c940	000dd848	180	float	67.73	near	62.51		stack-locals:1;arity-pad:func_0017c4c8;arity-pad:func_0017f488;fix-arg:func_0017c4c8:2;variant:no_thispad	
0010c9f8	00665c28	208	float	65.59	near	22.34		positional:GetMenuObj->002f8960;positional:prepare_hop->002f87c0;arity-pad:func_002f87c0;arity-pad:func_0017f488;globals:3ppc/1ps2;unmapped-global:ActionHop;unmapped-global:v0;fix-arg:func_002f87c0:2;static-unmapped;variant:no_thispad	
0010cbc8	000e51e0	152	branchy	88.63	near	99.97		synth-fields:2;this-pad:func_00190878;this-pad:func_00176dd8	kn::Friend|command_|c40|c4c|b78
0010ce78	000e35c0	120	branchy	71.47	near	9.63		synth-fields:1;this-pad:func_00190140;gvote:playerTarget->003417b0	
0010d918	000e4644	296	loop	42.47	near	42.47		this-pad:func_00190128;this-pad:func_00190878;this-pad:func_00190730;this-pad:func_001901c0;gvote:playerAttackerNum->003417a8	
0010df18	000e1870	536	branchy	72.82	near	7.38		stack-locals:1;synth-fields:2;this-pad:func_00190128;this-pad:func_00190140;this-pad:func_00190680;gvote:func_tbl->00345b28;globals:4ppc/2ps2;unmapped-global:DAT_007f55ac;unmapped-global:friend_param_data;static-unmapped;variant:no_dims	
0010e130	000e1c50	568	float	75.68	compile	0.0	0010e130.cpp:2426: ISO C++	stack-locals:1;synth-fields:2;this-pad:func_0016c028;this-pad:func_00190128;this-pad:func_00190878;this-pad:func_0010b620;this-pad:func_00114370;arity-pad:func_0010d188;arity-pad:func_0010df18;this-pad:func_00190140;this-pad:func_001906f0;gvote:partyChara->00341708;globals:1ppc/3ps2;gdims:partyChara	
0010f6f8	000e33f4	76	float	68.16	near	68.16			
0010f748	000e48a8	104	branchy	95.38	near	76.1		this-pad:func_0016a070	
0010f7b0	000e47a8	208	loop	93.56	near	88.55		this-pad:func_0016a070;this-pad:func_00188fe0	
0010f9f0	000e50e4	52	branchy	98.77	near	49.06		unmapped-call:operator_;dropped:operator_x0	kn::Friend|command_|c40|c50|b7c
0010fb10	000df554	912	loop	53.29	near	17.34		synth-fields:1;simmap:getActionTblSize->001137e0;simmap:getActionTbl->001137e8;this-pad:func_001137e0;this-pad:func_001137e8;this-pad:func_00190128;this-pad:func_001a1de0;globals:5ppc/4ps2;gdims:action_entry;unmapped-global:0xa1ceb0;static-unmapped	
0010ff08	000dfd98	1524	float	41.86	compile	0.0	0010ff08.cpp:3116: ISO C++	stack-locals:1;synth-fields:2;simmap:getActionTblSize->001137e0;simmap:getActionTbl->001137e8;simmap:getHopRatio->001142b0;simmap:getHopParamNum->001137f0;simmap:getHopParam->00113808;positional:canHop->0010f8d0;positional:prepare_hop->0010f600;arity-pad:func_0010fb10;this-pad:func_001137e0;this-pad:func_001137e8;this-pad:func_00190128;arity-pad:func_0010f8d0;this-pad:func_001142b0;this-pad:func_001137f0;this-pad:func_00113808;this-pad:func_0010f600;this-pad:func_0017f488;arity-pad:func_00110630;this-pad:func_0016a070;this-pad:func_00188fe0;this-pad:func_001a1de0;this-pad:func_0016b010;globals:4ppc/3ps2;gdims:action_entry;unmapped-global:0xa1d224;fix-arg:func_0010f600:2	
00111060	000dd6f0	132	float	70.89	near	31.7		unmapped-call:searchWarpPoint;dropped:searchWarpPointx1;arity-pad:func_0016adc8;arity-pad:func_00176a60;fix-arg:func_00176a60:1;variant:no_thispad	kn::Friend|command_|c40|c50|b7c;kn::Friend|inertia_|c30|c34|b60;kn::Friend|command_|c40|c50|b7c
001112a8	000e1f18	628	float	64.29	near	37.55		simmap:adjustSpeed->001106a0;positional:getMagicRatio->00111278;positional:checkEmergencyTarget->0010f8d0;positional:operator_->002f8870;this-pad:func_0016bd60;arity-pad:func_0010e130;this-pad:func_00111278;arity-pad:func_0010f8d0;arity-pad:func_0010fb10;arity-pad:func_0010ff08;arity-pad:func_00110500;arity-pad:func_001106a0;gvote:partyChara->00341708;globals:1ppc/3ps2;gdims:partyChara	kn::Friend|command_|c40|c40|b6c
00111e50	000e0f50	252	loop	81.83	near	54.6		stack-locals:2;this-pad:func_001136b0;gvote:partyChara->00341708;gvote:Player->0034e948;gdims:partyChara	
001125d8	000e5288	324	branchy	86.45	near	12.78		synth-fields:2;this-pad:func_00190128;arity-pad:func_0010d918;this-pad:func_00190140;gvote:playerTarget->003417b0	
001129d8	000e5400	124	branchy	80.10	near	14.76		positional:ErrorPrintf->001128d0;positional:ErrorRaise->001128d0;globals:3ppc/2ps2;unmapped-global:LS_475_LV_128;fix-arity:func_001128d0;static-unmapped;variant:no_dims	
00112d28	000ddd9c	104	branchy	76.48	near	49.94		dropped:ErrorPrintfx1;dropped:ErrorRaisex1;arity-pad:func_0019ba60;globals:3ppc/0ps2;gdims:_ZZN2YS8TOBTLOBJEPvEs_0;unmapped-global:_ZZN2YS8TOBTLOBJEPvEs_0;gdims:_ZZN2YS8TOBTLOBJEPvEs_2;unmapped-global:_ZZN2YS8TOBTLOBJEPvEs_2;unmapped-global:LV_2	
00113338	000e608c	188	straight	87.45	near	76.9		this-pad:func_0018d050;this-pad:func_0018f028;globals:1ppc/0ps2;unmapped-global:result	
001136b8	000e6b68	292	loop	75.53	near	41.11			
00113848	000e6d88	324	float	77.21	compile	0.0	00113848.cpp:2431: `struct	stack-locals:1;this-pad:func_0010f8c0;this-pad:func_0010f880;this-pad:func_0010cc80;this-pad:func_0010cc70;this-pad:func_0016b010;this-pad:func_0016af58;this-pad:func_0010f9f0;this-pad:func_0010f8e0;this-pad:func_0010f8a8;this-pad:func_0010f9e0;this-pad:func_0010ef48;globals:1ppc/0ps2;unmapped-global:movement	
00113fb0	000e7680	288	branchy	67.53	near	63.85		this-pad:func_001883d8;this-pad:func_00188758;this-pad:func_0010f448;this-pad:func_00188170	
00114438	000e7b90	88	loop	55.83	near	55.83			
00114490	000e7bf8	88	loop	46.77	near	55.83			
001144e8	000e7c60	104	loop	68.11	near	0.0			
001169e8	001084b0	796	float	82.29	near	16.62		globals:2ppc/16ps2;gdims:LS_100_pos_tbl;gdims:LS_101_pos_tbl	kn::Stitch|work_|20|28|10;kn::Stitch|work_|20|30|18
00117808	00107dd4	176	float	81.77	compile	0.0	00117808.cpp:2544: pointer	stack-locals:1;unmapped-call:operator_;dropped:operator_x0;arity-pad:func_00117588;this-pad:func_00194648;this-pad:func_0017ff68;globals:0ppc/2ps2	
00117dd8	00109038	192	loop	97.76	near	31.51		dropped:ErrorPrintfx1;dropped:ErrorRaisex1;this-pad:func_001dc920;this-pad:func_0018f028;globals:5ppc/1ps2;unmapped-global:stitchInstance;gdims:__LNst__ZN2kn6Stitch16free_effect_workEi_0;unmapped-global:__LNst__ZN2kn6Stitch16free_effect_workEi_0;gdims:__LNst__ZN2kn6Friend11stitch_execEv_3;unmapped-global:__LNst__ZN2kn6Friend11stitch_execEv_3;gdims:LS_110_LV_20;unmapped-global:LS_110_LV_20;static-unmapped	kn::Stitch|work_|20|28|18;kn::Stitch|work_|20|28|0
00118d10	0010c520	140	float	78.94	near	71.51		arity-pad:func_001111c8;this-pad:func_0017f540;this-pad:func_001144e8;this-pad:func_0010eed8;this-pad:func_00112740;this-pad:func_00112730;globals:1ppc/3ps2	
00118da0	00108968	608	float	40.69	compile	0.0	00118da0.cpp:3175: ISO C++	this-pad:func_0010c778;this-pad:func_00190128;this-pad:func_00190140;this-pad:func_001901c0;this-pad:func_00135c88;this-pad:func_00135bd0;this-pad:func_00190730;this-pad:func_00135c80;this-pad:func_0019c410	
00119830	0010c5f0	732	float	59.29	compile	0.0	00119830.cpp: In function `void;    e3_00119830(kn_Stitch*, int)':; 00119830.cpp:3340: warning: invalid;    conversion from `void*' to `YS_PARTY*'; 00119830.cpp:3349: warning: invalid;    conversion f	stack-locals:1;positional:operator_->00117b20;dropped:ErrorPrintfx4;dropped:ErrorRaisex4;arity-pad:func_00117970;arity-pad:func_00190140;this-pad:func_001901c0;arity-pad:func_00118da0;this-pad:func_00107368;this-pad:func_00113338;globals:3ppc/2ps2;gdims:__LNst__ZN2kn6Stitch16free_effect_workEi_0;gdims:__LNst__ZN2kn6Friend11stitch_execEv_3;gdims:LS_142_LV_42;unmapped-global:LS_142_LV_42	
00119d70	000e8fc0	240	float	79.82	near	60.25		this-pad:func_00190128;this-pad:func_00190140;this-pad:func_00190878;this-pad:func_0010cbc8;globals:0ppc/1ps2	kn::FriendPersonality|actionTbl_|10|10|18
00119e60	000e8d90	168	loop	77.81	near	43.04		unmapped-call:ChangeGenieForm;dropped:ChangeGenieFormx1;this-pad:func_00194108;this-pad:func_001940f0;gdims:command	
0011a900	00133504	20	straight	21.67	near	21.67			
0011a918	00133530	28	branchy	97.00	near	37.78		unmapped-call:operator_;dropped:operator_x0	
0011ac10	00132808	1064	loop	38.79	near	0.0		synth-fields:1;simmap:calc_center->0011a858;positional:operator_->00167f18;this-pad:func_0010c778;this-pad:func_00190128;this-pad:func_0019ca90;this-pad:func_00190730;this-pad:func_001901c0;this-pad:func_0019c410;this-pad:func_00135c88;this-pad:func_00135bd0;arity-pad:func_00190140;this-pad:func_00135c80;this-pad:func_00190878;this-pad:func_00190388;this-pad:func_0011a858;this-pad:func_0013e4b8;fix-arity:func_0019ca90;fix-voidret:func_0019ca90	kn::ChickenLittle|work_|20|40|c
0011b038	00132cf8	108	float	68.04	near	45.26		stack-locals:1;arity-pad:func_0011ac10;this-pad:func_0016aef0	
0011b0a8	00133108	424	float	89.85	compile	0.0	0011b0a8.cpp:3893: default	stack-locals:1;synth-fields:1;this-pad:func_001143d8;this-pad:func_0010c778;this-pad:func_00135aa0;this-pad:func_001c0d38;this-pad:func_0016ace0;this-pad:func_00198860;this-pad:func_0013fd10;this-pad:func_0016bd60;this-pad:func_0014eb48;globals:0ppc/2ps2;fix-arg:func_0013fd10:3;fix-arity:func_0013fd10;fix-voidret:func_0013fd10;fix-arg:func_0013fd10:3;fix-arg:func_0013fd10:3;fix-arg:func_0013fd10:3;fix-arg:func_0013fd10:3;fix-arg:func_0013fd10:3	
0011b250	00133328	396	float	74.18	near	88.56		synth-fields:1;this-pad:func_0010c778;this-pad:func_00135aa0;this-pad:func_001c0e60;this-pad:func_00198970;this-pad:func_0013e4b8;this-pad:func_0013fd10;this-pad:func_0019cc20;this-pad:func_0016bd60;gvote:Flag->0034f240;globals:1ppc/2ps2	
0011b6a8	000dc24c	48	straight	38.57	near	38.57		globals:0ppc/1ps2	
0011c138	000ed7e0	16	straight	35.00	near	20.0			
0011c148	000ed82c	200	float	18.62	near	32.39		dropped:ErrorPrintfx1;dropped:ErrorRaisex1;globals:3ppc/0ps2;gdims:__LNst__ZN2kn5Model9getParentEi_1;unmapped-global:__LNst__ZN2kn5Model9getParentEi_1;gdims:__LNst__ZN2kn5Model9getParentEi_3;unmapped-global:__LNst__ZN2kn5Model9getParentEi_3;gdims:LS_73_LV_4;unmapped-global:LS_73_LV_4	
0011c8f8	000edd30	292	loop	79.89	near	85.15		simmap:swap->00132cb8;positional:getType->00132338;this-pad:func_00132338;this-pad:func_00132cb8;this-pad:func_00132350	
0011dd08	000eefc0	380	float	64.81	near	11.88		globals:0ppc/1ps2	
0011e260	000f033c	240	loop	85.64	near	57.38		simmap:getTextureDataEnd->00132018;simmap:getTextureDataEnd->00132018;simmap:getTextureDataEnd->00132018;simmap:getTextureDataEnd->00132018;simmap:synchronizeAnimation->0011e600;positional:getTextureData->00132068;this-pad:func_00132350;arity-pad:func_0011e450;arity-pad:func_0011e600;globals:1ppc/0ps2;unmapped-global:texture;static-unmapped	
0011e450	000f00dc	428	loop	90.61	near	81.12		simmap:TEXAnmWork->001324b8;positional:searchChunkData->00132180;positional:getNext->00132130;positional:UVScrollWork->00132180;this-pad:func_00132350;arity-pad:func_001324b8;this-pad:func_00132358	kn::ModelObj|gmat_|2c|30|28
0011e600	000efe54	480	loop	97.24	near	94.34		positional:getOuter->00132330;positional:getSync->00132330;positional:setSync->00132360;this-pad:func_00132330;this-pad:func_00132360;this-pad:func_00132350	
0011ed90	000f0a44	136	loop	85.29	near	30.79		dropped:ErrorPrintfx1;dropped:ErrorRaisex1;globals:3ppc/0ps2;gdims:__LNst__ZN2kn8ModelHRC12setHierarchyEPS0_i_0;unmapped-global:__LNst__ZN2kn8ModelHRC12setHierarchyEPS0_i_0;gdims:__LNst__ZN2kn5Model9getParentEi_3;unmapped-global:__LNst__ZN2kn5Model9getParentEi_3;gdims:LS_151_LV_22;unmapped-global:LS_151_LV_22	
0011efe8	000f0fc0	140	loop	73.11	near	68.54		globals:0ppc/1ps2	
0011f2f0	000f1334	200	branchy	83.86	near	47.24		simmap:ModelSKL->001206e0;simmap:setHierarchy->0011ed90;positional:ErrorPrintf->00123ac0;positional:ErrorRaise->0011f4b8;arity-pad:func_001239d8;this-pad:func_0011f420;this-pad:func_001206e0;globals:3ppc/0ps2;unmapped-global:__LNst__ZN2kn10modelSetupEPv_0;gdims:__LNst__ZN2kn5Model9getParentEi_3;unmapped-global:__LNst__ZN2kn5Model9getParentEi_3;gdims:LS_205_LV_28;unmapped-global:LS_205_LV_28;static-unmapped	
0011f3e0	000f14e0	60	loop	93.75	near	44.38		positional:modelSetup->0011ef70	
0011f4b8	000f1c1c	152	loop	90.77	compile	0.0	0011f4b8.cpp:119: redefinition		
0011f6e8	000f1f20	188	loop	48.68	compile	0.0	0011f6e8.cpp:119: redefinition	this-pad:func_0011efe8	
0011f7a8	0011ef40	3448	float	34.46	compile	0.0	0011f7a8.cpp:899: redefinition	stack-locals:1;simmap:getContext->0010ae90;simmap:setPacket->00108730;simmap:entryImage->00109788;simmap:getTextureDataEnd->00132018;simmap:getActiveTEXAnmWork->00133078;simmap:getPixelData->00132d90;simmap:getSendImagePacket->00132c98;simmap:getX->00132cd0;simmap:getW->00132d30;simmap:getPixelData->00132d90;simmap:getSendImagePacket->00132c98;simmap:getX->00132cd0;simmap:getW->00132d30;simmap:setModePacket->001093c8;simmap:entryImage->00109788;simmap:getSendImagePacket->00132c98;simmap:getSendImagePacket->00132c98;simmap:setALPHA->00108eb8;simmap:setALPHA->00108eb8;simmap:setALPHA->00108eb8;positional:entryMicrocode->00109360;positional:addContPacket->00133bb8;positional:operator_->00133bb8;positional:clutPurge->00109708;positional:_copyEntry->00132d00;positional:getY->00132d60;positional:getH->001097e8;positional:makeSendImagePacket->0010aba8;positional:getAnmTexture->00109f58;positional:getCurrentPartsIndex->00133bb8;positional:getPhase->00132390;positional:getGsALPHA->0010aed8;positional:find->001333f8;positional:exp_2->0010aed8;positional:getUValueF->001334a8;positional:getVValueF->0010aed8;positional:addCallPacket->0010aed8;positional:checkVRAM->00133bb8;positional:texturePurge->00133c60;positional:flush->001094e0;dropped:ErrorPrintfx1;dropped:ErrorRaisex1;this-pad:func_00108730;this-pad:func_00133bb8;this-pad:func_00132d00;this-pad:func_00132d90;this-pad:func_00132c98;this-pad:func_00132cd0;this-pad:func_00132d60;this-pad:func_00132d30;this-pad:func_001097e8;arity-pad:func_0010aed8;this-pad:func_001334a8;this-pad:func_00108eb8;this-pad:func_001094e0;globals:8ppc/4ps2;unmapped-global:DAT_00000001;gdims:__LNst__ZN2kn7ModelBG10drawCommonEPNS_16ProjectionCameraEPNS_9DrawParamEPcPNS_13AnimationWorkEbPNS_7FMatrixE_1;unmapped-global:__LNst__ZN2kn7ModelBG10drawCommonEPNS_16ProjectionCameraEPNS_9DrawParamEPcPNS_13AnimationWorkEbPNS_7FMatrixE_1;gdims:__LNst__ZN2kn7ModelBG10drawCommonEPNS_16ProjectionCameraEPNS_9DrawParamEPcPNS_13AnimationWorkEbPNS_7FMatrixE_3;unmapped-global:__LNst__ZN2kn7ModelBG10drawCommonEPNS_16ProjectionCameraEPNS_9DrawParamEPcPNS_13AnimationWorkEbPNS_7FMatrixE_3;gdims:LS_43_LV_0;unmapped-global:LS_43_LV_0	
001206e0	000f3f00	148	loop	94.49	near	88.1			
001208f8	00123108	296	loop	94.86	near	67.31		simmap:getShadowData->00120800;arity-pad:func_00120800	
00121218	000f484c	356	loop	52.02	near	52.02		this-pad:func_0011efe8	
001213c0	000f4a0c	256	loop	96.06	near	56.83			
001214c0	000f4af8	248	loop	95.94	near	54.47			
001215b8	000f4bdc	240	loop	95.81	near	53.2			
001216a8	000f4cc0	248	loop	95.94	near	54.47			
001217a0	00120c54	536	loop	79.56	compile	0.0	001217a0.cpp:829: `VIF1_SKL_TEX	simmap:entryImage->00109788;simmap:entryImage->00109788;simmap:getTextureDataEnd->00132018;simmap:getActiveTEXAnmWork->00132f98;simmap:getPixelData->00132d90;simmap:getSendImagePacket->00132c98;simmap:getX->00132cd0;simmap:getW->00132d30;simmap:getPixelData->00132d90;positional:clutPurge->00109708;positional:getY->00132d00;positional:getH->00132d60;positional:makeSendImagePacket->001097e8;positional:addCallPacket->00133c60;positional:checkVRAM->001094e0;this-pad:func_00132d90;this-pad:func_00132c98;this-pad:func_00132cd0;this-pad:func_00132d00;this-pad:func_00132d30;this-pad:func_00132d60;this-pad:func_00133c60;globals:2ppc/1ps2;unmapped-global:knTemporaryBuffer	
001219b8	00120f40	780	branchy	78.81	compile	0.0	001219b8.cpp:645: non-lvalue in	synth-fields:2;simmap:setTexture->001217a0;simmap:setTexture->001217a0;simmap:getContext->0010ae90;simmap:setPacketForce->00108ae0;simmap:getContext->0010ae90;simmap:setPacketForce->00108ae0;positional:openGsRegisterPacket->00134408;positional:setGsRegisterPacket->00134428;positional:closeGsRegisterPacket->00134428;positional:getGsTEST->00134428;positional:getGsALPHA->00134428;positional:accumPurge->00134428;arity-pad:func_001217a0;arity-pad:func_00134428;this-pad:func_00108ae0;globals:2ppc/8ps2;fix-arity:func_00134428;fix-arity:func_00134428;fix-arity:func_00134428;fix-arity:func_00134428;fix-arity:func_00134428;fix-arity:func_00134428	
00121cc8	00121568	5232	float	19.66	compile	0.0	00121cc8.cpp:1147: `	stack-locals:1;simmap:getContext->0010ae90;simmap:getPartsColor->00108930;simmap:setPacket->00108730;simmap:entryImage->00109788;simmap:getTextureDataEnd->00132018;simmap:getActiveTEXAnmWork->00133078;simmap:getPixelData->00132d90;simmap:getSendImagePacket->00132c98;simmap:getX->00132cd0;simmap:getW->00132d30;simmap:getPixelData->00132d90;simmap:getSendImagePacket->00132c98;simmap:getX->00132cd0;simmap:getW->00132d30;simmap:setPacket->001085a8;simmap:setPacket->00108c00;simmap:setPacket->00108c00;simmap:setModePacket->001093c8;simmap:entryImage->00109788;simmap:getSendImagePacket->00132c98;simmap:getSendImagePacket->00132c98;simmap:setTexfade->001219b8;simmap:setALPHA->00108eb8;simmap:setALPHA->00108eb8;simmap:setALPHA->00108eb8;positional:entryMicrocode->00109360;positional:getPhase->0010aba8;positional:UNPACK->00109708;positional:addContPacket->00132d00;positional:operator_->00132d60;positional:setPacket->001097e8;positional:__ZN2kn16ProjectionCameraaSERKS0_->0010aba8;positional:clutPurge->00109f58;positional:_copyEntry->00133bb8;positional:getY->0010aba8;positional:getH->00109f58;positional:makeSendImagePacket->00132390;positional:getAnmTexture->0010aed8;positional:getCurrentPartsIndex->001333f8;positional:getGsALPHA->0010aed8;positional:getGsTEST->001334a8;positional:GS_SET_TEST->0010aed8;positional:find->0010aed8;positional:exp_2->00133bb8;positional:getUValueF->00109008;positional:getVValueF->00133c60;positional:addCallPacket->00133c60;positional:checkVRAM->001094e0;positional:texturePurge->00133c60;positional:flush->00109690;dropped:ErrorPrintfx2;dropped:ErrorRaisex2;arity-pad:func_00108930;arity-pad:func_00108730;arity-pad:func_0010aba8;arity-pad:func_00132d00;this-pad:func_00133bb8;this-pad:func_00132d90;this-pad:func_00132c98;this-pad:func_00132cd0;this-pad:func_00132d30;arity-pad:func_0010aed8;this-pad:func_001333f8;this-pad:func_00109008;arity-pad:func_00133c60;arity-pad:func_001219b8;arity-pad:func_00108eb8;this-pad:func_00109690;globals:12ppc/5ps2;gdims:buffer;unmapped-global:DAT_00000004;unmapped-global:first;unmapped-global:DAT_00000001;gdims:__LNst__ZN2kn8ModelSKL10drawNormalEPNS_16ProjectionCameraEPPN3Axa11DMA_SET_TAGEPNS_9DrawParamEPcPNS_13AnimationWorkEbPNS_7FMatrixE_0;unmapped-global:__LNst__ZN2kn8ModelSKL10drawNormalEPNS_16ProjectionCameraEPPN3Axa11DMA_SET_TAGEPNS_9DrawParamEPcPNS_13AnimationWorkEbPNS_7FMatrixE_0;gdims:__LNst__ZN2kn8ModelSKL15setDMATagBufferEPNS_8ModelObjEPPN3Axa11DMA_SET_TAGEPvi_3;unmapped-global:__LNst__ZN2kn8ModelSKL15setDMATagBufferEPNS_8ModelObjEPPN3Axa11DMA_SET_TAGEPvi_3;gdims:LS_66_LV_12;unmapped-global:LS_66_LV_12;gdims:__LNst__ZN2kn8ModelSKL10drawNormalEPNS_16ProjectionCameraEPPN3Axa11DMA_SET_TAGEPNS_9DrawParamEPcPNS_13AnimationWorkEbPNS_7FMatrixE_1;unmapped-global:__LNst__ZN2kn8ModelSKL10drawNormalEPNS_16ProjectionCameraEPPN3Axa11DMA_SET_TAGEPNS_9DrawParamEPcPNS_13AnimationWorkEbPNS_7FMatrixE_1;fix-arity:func_00108730;fix-arity:func_0010aba8	
00123228	00123288	1060	float	44.34	near	33.95		stack-locals:1;simmap:getContext->0010ae90;simmap:getShadowData->00120800;simmap:getPartsColor->00108930;simmap:setPacket->00108730;simmap:setRGBAQ->00108f98;simmap:setPacket->00108730;simmap:setRGBAQ->00108f98;positional:entryMicrocode->00109360;positional:addContPacket->00133bb8;positional:flush->00109008;positional:addCallPacket->00133c60;arity-pad:func_00120800;arity-pad:func_00108930;arity-pad:func_00108730;arity-pad:func_00133bb8;arity-pad:func_00108f98;arity-pad:func_00109008;arity-pad:func_00133c60;globals:2ppc/6ps2;gdims:buffer;gdims:tag;variant:no_thispad	
00123ba8	00410d0c	116	loop	91.00	near	20.16		synth-fields:1;positional:motionDestroy->0011ee58;unmapped-call:destroyVsbVoice;dropped:ErrorPrintfx2;dropped:destroyVsbVoicex1;dropped:ErrorRaisex2;globals:4ppc/1ps2;gdims:__LNst__ZN2YS6BINARC5setupEv_1;gdims:__LNst__ZN2YS6BINARC5setupEv_3;unmapped-global:__LNst__ZN2YS6BINARC5setupEv_3;unmapped-global:LS_46_LV_4;gdims:__LNst__ZN2YS6BINARC5setupEv_4;unmapped-global:__LNst__ZN2YS6BINARC5setupEv_4	
00123c20	000f2a54	116	loop	91.00	near	80.24			
00123c98	000f2ae4	120	loop	99.97	near	89.57			
00123d10	000f2bd4	44	straight	85.00	near	36.65			
00123d40	000f2c64	76	straight	97.37	near	45.04			
00124100	000f3334	60	straight	97.33	near	44.29			
001241b8	000f34a8	188	loop	87.73	near	58.18			
00124278	000f362c	188	loop	87.73	near	58.18			
00124338	000f37b0	188	loop	87.73	near	58.18			
001243f8	000f3934	188	loop	87.73	near	58.18			
001244b8	000f3ab8	188	loop	87.73	near	58.18			
00127a88	000f892c	488	float	41.67	near	32.83		positional:operator_->00124828;dropped:ErrorPrintfx2;dropped:ErrorRaisex2;globals:4ppc/0ps2;unmapped-global:header;gdims:__LNst__ZN2kn6Motion4calcEPNS_8ModelObjEPKNS_7FMatrixEPNS_13MotionContextES7_fPKNS_6ToFaceEPNS_8IKAdjustE_3;unmapped-global:__LNst__ZN2kn6Motion4calcEPNS_8ModelObjEPKNS_7FMatrixEPNS_13MotionContextES7_fPKNS_6ToFaceEPNS_8IKAdjustE_3;gdims:LS_108_LV_59;unmapped-global:LS_108_LV_59;gdims:__LNst__ZN2kn6Motion22duplicateMotionContextEPNS_8ModelObjEP9ALLOCATOR_1;unmapped-global:__LNst__ZN2kn6Motion22duplicateMotionContextEPNS_8ModelObjEP9ALLOCATOR_1	
00128480	000fa658	376	float	91.49	near	21.26		unmapped-call:operator_;dropped:ErrorPrintfx1;dropped:operator_x0;dropped:ErrorRaisex1;gvote:LS_113_LV_12->0036a9f0;globals:3ppc/1ps2;gdims:__LNst__ZN2kn16MotionPrototype016setConstantValueEPNS_8ModelObjE_0;unmapped-global:__LNst__ZN2kn16MotionPrototype016setConstantValueEPNS_8ModelObjE_0;gdims:__LNst__ZN2kn16MotionPrototype0C1EPv_3;unmapped-global:__LNst__ZN2kn16MotionPrototype0C1EPv_3;gdims:LS_113_LV_12	
001285f8	000fa028	216	float	89.41	near	35.95			
00128750	000fa118	996	float	57.04	near	6.67		stack-locals:1;simmap:getTimeIndex->001285f8;simmap:getTimeIndex->001285f8;dropped:ErrorPrintfx3;dropped:ErrorRaisex3;arity-pad:func_001285f8;globals:3ppc/0ps2;unmapped-global:__LNst__ZN2kn16MotionPrototype015calcFcurveValueEPNS_25MotionPrototype0RAWFcurveEiif_0;gdims:__LNst__ZN2kn16MotionPrototype0C1EPv_3;unmapped-global:__LNst__ZN2kn16MotionPrototype0C1EPv_3;gdims:LS_106_LV_10;unmapped-global:LS_106_LV_10;fix-arg:func_001285f8:1;fix-arg:func_001285f8:1;fix-arg:func_001285f8:2;fix-arg:func_001285f8:2	
00128b38	000fa8ec	520	float	80.39	near	34.3		stack-locals:1;simmap:getTimeIndex->001285f8;simmap:calcFcurveValue->00128750;simmap:calcFcurveValue->00128750;dropped:ErrorPrintfx4;dropped:_printfx2;dropped:ErrorRaisex4;arity-pad:func_001285f8;arity-pad:func_00128750;globals:6ppc/2ps2;gdims:value;gdims:__LNst__ZN2kn16MotionPrototype014setFcurveValueEPNS_8ModelObjEf_0;gdims:__LNst__ZN2kn16MotionPrototype0C1EPv_3;unmapped-global:__LNst__ZN2kn16MotionPrototype0C1EPv_3;gdims:LS_115_LV_13;unmapped-global:LS_115_LV_13;unmapped-global:__LNst__ZN2kn16MotionPrototype015calcFcurveValueEPNS_25MotionPrototype0RAWFcurveEiif_0;gdims:__LNst__ZN2kn16MotionPrototype014setFcurveValueEPNS_8ModelObjEf_2;unmapped-global:__LNst__ZN2kn16MotionPrototype014setFcurveValueEPNS_8ModelObjEf_2;fix-arg:func_001285f8:1;fix-arg:func_001285f8:2	
00130c18	00101cd4	256	float	66.30	near	3.59			
001317a8	00103568	88	float	54.47	compile	0.0	001317a8.cpp:99: redefinition	unmapped-call:unit;dropped:unitx1;globals:0ppc/2ps2	
00131810	001032e8	200	float	64.42	compile	0.0	00131810.cpp:121: redefinition	simmap:clearIKAdjustResult->00127cf8;dropped:ErrorPrintfx1;dropped:ErrorRaisex1;dropped:_printfx1;globals:4ppc/0ps2;gdims:__LNst__ZN2kn9MotionRAW4calcEPNS_8ModelObjEPKNS_7FMatrixEfPKNS_6ToFaceEPNS_8IKAdjustE_0;unmapped-global:__LNst__ZN2kn9MotionRAW4calcEPNS_8ModelObjEPKNS_7FMatrixEfPKNS_6ToFaceEPNS_8IKAdjustE_0;gdims:__LNst__ZN2kn9MotionRAW4calcEPNS_8ModelObjEPKNS_7FMatrixEfPKNS_6ToFaceEPNS_8IKAdjustE_2;unmapped-global:__LNst__ZN2kn9MotionRAW4calcEPNS_8ModelObjEPKNS_7FMatrixEfPKNS_6ToFaceEPNS_8IKAdjustE_2;gdims:__LNst__ZN2kn9MotionRAW4calcEPNS_8ModelObjEPKNS_7FMatrixEfPKNS_6ToFaceEPNS_8IKAdjustE_4;unmapped-global:__LNst__ZN2kn9MotionRAW4calcEPNS_8ModelObjEPKNS_7FMatrixEfPKNS_6ToFaceEPNS_8IKAdjustE_4;unmapped-global:LS_23_LV_2	
00131e80	00111384	188	loop	87.32	near	0.0			
00131f48	00111444	204	loop	99.20	near	0.0		unmapped-call:convertTexture;dropped:convertTexturex1	
001325c8	0010df50	176	branchy	51.91	near	35.7		positional:getBody->00132c68;this-pad:func_00132c68	
00132850	0010e300	524	float	21.24	near	23.45		positional:getBody->00132c68;positional:vrand->00132720;dropped:ErrorPrintfx1;dropped:ErrorRaisex1;this-pad:func_00132c68;globals:3ppc/0ps2;gdims:__LNst__ZN2kn10TEXAnmWork4playEf_1;unmapped-global:__LNst__ZN2kn10TEXAnmWork4playEf_1;gdims:__LNst__ZNK2kn10TEXAnmData4getWEv_0;unmapped-global:__LNst__ZNK2kn10TEXAnmData4getWEv_0;unmapped-global:LS_62_LV_0	kn::TEXAnmWork|sendImagePacket_|30|30|18
00132ab0	0010e69c	440	loop	75.98	near	33.34		positional:getType->00132338;positional:getBody->00132c68;this-pad:func_00132338;this-pad:func_00132c68	
00132d90	0010ebb8	136	branchy	82.54	near	27.66		positional:getBody->00132c68;dropped:ErrorPrintfx1;dropped:ErrorRaisex1;this-pad:func_00132c68;globals:3ppc/0ps2;gdims:__LNst__ZNK2kn10TEXAnmWork12getPixelDataEi_0;unmapped-global:__LNst__ZNK2kn10TEXAnmWork12getPixelDataEi_0;gdims:__LNst__ZNK2kn10TEXAnmData4getWEv_0;unmapped-global:__LNst__ZNK2kn10TEXAnmData4getWEv_0;gdims:LS_76_LV_1;unmapped-global:LS_76_LV_1	kn::TEXAnmWork|sendImagePacket_|30|30|10
00132e28	0010ed80	152	branchy	76.05	near	50.3		positional:getBody->00132c68;positional:getSequenceNo->001325c8;unmapped-call:vrand;dropped:vrandx1;this-pad:func_00132c68;arity-pad:func_001325c8	
00132f98	0010efc8	220	loop	88.38	near	71.39		positional:getType->00132338;positional:getBody->00132c68;dropped:ErrorPrintfx1;dropped:ErrorRaisex1;arity-pad:func_00132338;this-pad:func_00132c68;arity-pad:func_00132350;globals:3ppc/0ps2;gdims:__LNst__ZN2kn10TEXAnmWork19getActiveTEXAnmWorkEPNS_13AnimationWorkEjPPS0_jPv_0;unmapped-global:__LNst__ZN2kn10TEXAnmWork19getActiveTEXAnmWorkEPNS_13AnimationWorkEjPPS0_jPv_0;gdims:__LNst__ZNK2kn10TEXAnmData4getWEv_0;unmapped-global:__LNst__ZNK2kn10TEXAnmData4getWEv_0;gdims:LS_87_LV_2;unmapped-global:LS_87_LV_2	
00133078	0010f178	224	loop	91.59	near	43.05		stack-locals:1;simmap:getActiveTEXAnmWork->00132f98;dropped:ErrorPrintfx3;dropped:ErrorRaisex3;globals:5ppc/0ps2;gdims:__LNst__ZN2kn10TEXAnmWork19getActiveTEXAnmWorkEPNS_13AnimationWorkEPPvjjS3__0;unmapped-global:__LNst__ZN2kn10TEXAnmWork19getActiveTEXAnmWorkEPNS_13AnimationWorkEPPvjjS3__0;gdims:__LNst__ZNK2kn10TEXAnmData4getWEv_0;unmapped-global:__LNst__ZNK2kn10TEXAnmData4getWEv_0;gdims:LS_90_LV_3;unmapped-global:LS_90_LV_3;gdims:__LNst__ZN2kn10TEXAnmWork19getActiveTEXAnmWorkEPNS_13AnimationWorkEPPvjjS3__1;unmapped-global:__LNst__ZN2kn10TEXAnmWork19getActiveTEXAnmWorkEPNS_13AnimationWorkEPPvjjS3__1;gdims:__LNst__ZN2kn10TEXAnmWork19getActiveTEXAnmWorkEPNS_13AnimationWorkEPPvjjS3__2;unmapped-global:__LNst__ZN2kn10TEXAnmWork19getActiveTEXAnmWorkEPNS_13AnimationWorkEPPvjjS3__2	
001332e8	00112f04	172	float	79.60	near	31.91		positional:getBody->001333c8;this-pad:func_001333c8;globals:1ppc/0ps2;unmapped-global:speed	kn::UVScrollWork|uv_|24|28|24;kn::UVScrollWork|uv_|24|24|28;kn::UVScrollWork|uv_|24|28|24
00135ad0	001042a0	252	loop	87.36	near	50.27		stack-locals:1;this-pad:func_0019ba60	
00135bd0	00104430	128	branchy	84.52	near	20.11		stack-locals:1;simmap:removeEntry->00135ad0;simmap:removeEntry->00135ad0;positional:ErrorPrintf->00135c50;positional:ErrorRaise->00135c50;arity-pad:func_00135ad0;this-pad:func_0019ba60;globals:3ppc/0ps2;gdims:__LNst__ZN2kn11ObjObserver8addEntryEPN2YS3OBJE_0;unmapped-global:__LNst__ZN2kn11ObjObserver8addEntryEPN2YS3OBJE_0;gdims:__LNst__ZN2kn11ObjObserverD1Ev_3;unmapped-global:__LNst__ZN2kn11ObjObserverD1Ev_3;gdims:LS_44_LV_2;unmapped-global:LS_44_LV_2;fix-arity:func_00135c50;static-unmapped	
00135c88	00104638	60	loop	80.94	near	40.17			
00135d00	00104684	116	loop	96.17	no_def	0.0	bad head: OBJ * __thiscall kn::ObjObserver::operator[](ObjObserver *this,int index)	bad head: OBJ * __thiscall kn::ObjObserver::operator[](ObjObserver *this,int index)	
001366b8	00045c08	188	branchy	76.98	near	45.97		simmap:worldInit->002b9ed0;positional:setRate3D->002b9ab8;positional:bgSeClear->001369d0;positional:readBackGround->001369f0;positional:readFootStep->00136a60;dropped:_printfx3;gvote:Current->0032bae0;globals:7ppc/2ps2;unmapped-global:s_oldInfo;unmapped-global:s_bgSeClear;gdims:__LNst__ZN2dk4BGSE8areaReadEP4TASK_0;unmapped-global:__LNst__ZN2dk4BGSE8areaReadEP4TASK_0;gdims:__LNst__ZN2dk4BGSE5allocEPcRj_0;unmapped-global:__LNst__ZN2dk4BGSE5allocEPcRj_0;gdims:__LNst__ZN2dk4BGSE14checkBgSeClearEv_1;unmapped-global:__LNst__ZN2dk4BGSE14checkBgSeClearEv_1;static-unmapped	
00136878	00045d58	224	branchy	53.70	near	51.06		simmap:createBgLoopSe->002bc288;dropped:_printfx5;gvote:s_oldInfo->003b8b20;gvote:s_bgBank->003b8b38;globals:6ppc/3ps2;gdims:__LNst__ZN2dk4BGSE7fadeOutEv_0;unmapped-global:__LNst__ZN2dk4BGSE7fadeOutEv_0;gdims:__LNst__ZN2dk4BGSE7fadeOutEv_1;unmapped-global:__LNst__ZN2dk4BGSE7fadeOutEv_1;gdims:__LNst__ZN2dk4BGSE16playBackGroundSeEv_0;unmapped-global:__LNst__ZN2dk4BGSE16playBackGroundSeEv_0	
00136d40	000443a4	612	branchy	88.52	near	19.68		positional:bgmFadeOut->002bd260;dropped:ErrorPrintfx2;dropped:_printfx17;dropped:ErrorRaisex2;globals:13ppc/3ps2;gdims:status;gdims:__LNst__ZN2dk3BGM8areaReadEP4TASK_0;gdims:__LNst__ZN2dk3BGM9setVolumeEii_4;unmapped-global:__LNst__ZN2dk3BGM9setVolumeEii_4;gdims:LS_71_LV_6;unmapped-global:LS_71_LV_6;gdims:__LNst__ZN2dk3BGM8areaReadEP4TASK_5;unmapped-global:__LNst__ZN2dk3BGM8areaReadEP4TASK_5;gdims:__LNst__ZN2dk3BGM8areaReadEP4TASK_6;unmapped-global:__LNst__ZN2dk3BGM8areaReadEP4TASK_6;gdims:__LNst__ZN2dk3BGM8areaReadEP4TASK_7;unmapped-global:__LNst__ZN2dk3BGM8areaReadEP4TASK_7;gdims:__LNst__ZN2dk3BGM9setVolumeEii_0;unmapped-global:__LNst__ZN2dk3BGM9setVolumeEii_0;gdims:__LNst__ZN2dk3BGM8areaReadEP4TASK_2;unmapped-global:__LNst__ZN2dk3BGM8areaReadEP4TASK_2;gdims:__LNst__ZN2dk3BGM8areaReadEP4TASK_3;unmapped-global:__LNst__ZN2dk3BGM8areaReadEP4TASK_3;gdims:__LNst__ZN2dk3BGM8areaReadEP4TASK_4;unmapped-global:__LNst__ZN2dk3BGM8areaReadEP4TASK_4;gdims:__LNst__ZN2dk3BGM8areaReadEP4TASK_1;unmapped-global:__LNst__ZN2dk3BGM8areaReadEP4TASK_1	
00136fd0	00044980	132	loop	83.50	near	48.45		stack-locals:1;dropped:_printfx10;globals:7ppc/1ps2;gdims:status;gdims:__LNst__ZN2dk3BGM9setVolumeEii_4;unmapped-global:__LNst__ZN2dk3BGM9setVolumeEii_4;gdims:__LNst__ZN2dk3BGM8areaInitEv_0;unmapped-global:__LNst__ZN2dk3BGM8areaInitEv_0;gdims:__LNst__ZN2dk3BGM8areaInitEv_1;unmapped-global:__LNst__ZN2dk3BGM8areaInitEv_1;gdims:__LNst__ZN2dk3BGM8areaInitEv_2;unmapped-global:__LNst__ZN2dk3BGM8areaInitEv_2;gdims:__LNst__ZN2dk3BGM8areaInitEv_3;unmapped-global:__LNst__ZN2dk3BGM8areaInitEv_3;gdims:__LNst__ZN2dk3BGM8areaInitEv_4;unmapped-global:__LNst__ZN2dk3BGM8areaInitEv_4;fix-assign-cast	
00137058	00043dd8	292	loop	84.19	near	42.53		positional:bgmFadeOut->002b7148;positional:_printf->002ba2b0;positional:getBgmNumber->002ba2b0;globals:4ppc/3ps2;gdims:status;gdims:__LNst__ZN2dk3BGM9setVolumeEii_0;unmapped-global:0x9068dc;fix-arity:func_002ba2b0;static-unmapped	
00137180	0004400c	208	loop	78.42	near	19.17		positional:bgmFadeOut->002ba2b0;dropped:ErrorPrintfx1;dropped:ErrorRaisex1;dropped:_printfx3;globals:7ppc/2ps2;gdims:status;unmapped-global:0x9068dc;gdims:__LNst__ZN2dk3BGM9setVolumeEii_4;unmapped-global:__LNst__ZN2dk3BGM9setVolumeEii_4;gdims:__LNst__ZN2dk3BGM9setVolumeEii_0;unmapped-global:__LNst__ZN2dk3BGM9setVolumeEii_0;gdims:__LNst__ZN2dk3BGM9setVolumeEii_2;unmapped-global:__LNst__ZN2dk3BGM9setVolumeEii_2;gdims:LS_43_LV_3;unmapped-global:LS_43_LV_3;static-unmapped	
001376b8	0007f698	392	float	92.45	near	0.0		this-pad:func_00139598;arity-pad:func_00138650;this-pad:func_00236410;this-pad:func_00236428;this-pad:func_002367c8;this-pad:func_001396b0;this-pad:func_001395a8;this-pad:func_00138840;globals:1ppc/2ps2;raw-view:2;fix-arity:func_00138650	
00137890	0007fcdc	160	straight	99.25	near	4.95		synth-fields:3;unmapped-call:__ZN2dk18TREASURE_INFO_BASEaSERKS0_;dropped:__ZN2dk18TREASURE_INFO_BASEaSERKS0_x2;dropped:ErrorPrintfx2;dropped:ErrorRaisex2;arity-pad:func_00138d60;this-pad:func_0023aa98;globals:6ppc/1ps2;gdims:_ZZN2YS5QUEUEIN2dk18TREASURE_BOX_QUEUEINS1_17TREASURE_BOX_INFOELi8EE19TREASURE_QUEUE_DATAELi8EE9get_firstEvEs_0;gdims:_ZZN2YS5QUEUEIN2dk18TREASURE_BOX_QUEUEINS1_17TREASURE_BOX_INFOELi8EE19TREASURE_QUEUE_DATAELi8EE9get_firstEvEs_2;unmapped-global:_ZZN2YS5QUEUEIN2dk18TREASURE_BOX_QUEUEINS1_17TREASURE_BOX_INFOELi8EE19TREASURE_QUEUE_DATAELi8EE9get_firstEvEs_2;unmapped-global:LV_6;gdims:_ZZN2YS5QUEUEIN2dk20TREASURE_PRIZE_QUEUEINS1_19TREASURE_PRIZE_INFOELi16EE19TREASURE_QUEUE_DATAELi16EE9get_firstEvEs_0;unmapped-global:_ZZN2YS5QUEUEIN2dk20TREASURE_PRIZE_QUEUEINS1_19TREASURE_PRIZE_INFOELi16EE19TREASURE_QUEUE_DATAELi16EE9get_firstEvEs_0;gdims:_ZZN2YS5QUEUEIN2dk20TREASURE_PRIZE_QUEUEINS1_19TREASURE_PRIZE_INFOELi16EE19TREASURE_QUEUE_DATAELi16EE9get_firstEvEs_2;unmapped-global:_ZZN2YS5QUEUEIN2dk20TREASURE_PRIZE_QUEUEINS1_19TREASURE_PRIZE_INFOELi16EE19TREASURE_QUEUE_DATAELi16EE9get_firstEvEs_2;gdims:LV_9;unmapped-global:LV_9;fix-hdmember:dk_SpriteMessage.m_Xoffset16x9	dk::TREASURE_INFO|m_box|20|50|0
001379e0	0007f9c8	424	float	91.07	near	71.89		this-pad:func_00139598;arity-pad:func_00138650;this-pad:func_00236410;this-pad:func_00236428;this-pad:func_002367c8;this-pad:func_001396b0;this-pad:func_001395a8;this-pad:func_00138c10;this-pad:func_00138840;raw-view:3;fix-arity:func_00138650;shift:dk::TREASURE_EVENT_INFO.m_pic@0x2d0+180	dk::TREASURE_EVENT_INFO|m_pic|2d0|464|518;dk::TREASURE_EVENT_INFO|m_pic|2d0|464|518;dk::TREASURE_EVENT_INFO|m_pic|2d0|464|518
00137fb8	000808a0	300	loop	96.48	near	42.93		synth-fields:4;byname:ErrorRaise->0031a838;positional:create->0031a830;dropped:ErrorPrintfx2;dropped:_printfx1;this-pad:func_00239700;this-pad:func_002361a0;arity-pad:func_0031a830;gvote:sm_manager_ptr->00347f80;gvote:s_info->00347d64;globals:13ppc/7ps2;gdims:_ZZN2dk5Obj2DnwEjEs_0;unmapped-global:_ZZN2dk5Obj2DnwEjEs_0;gdims:_ZZN2dk5Obj2DnwEjEs_2;unmapped-global:_ZZN2dk5Obj2DnwEjEs_2;unmapped-global:LV_0;gdims:__LNst__ZN2dk13TREASURE_INFO4initEv_0;unmapped-global:__LNst__ZN2dk13TREASURE_INFO4initEv_0;gdims:__LNst__ZN2dk19TREASURE_EVENT_INFO7destroyEv_3;unmapped-global:__LNst__ZN2dk19TREASURE_EVENT_INFO7destroyEv_3;unmapped-global:LS_150_LV_14	
00138140	00080c14	76	straight	95.79	near	51.97		dropped:ErrorPrintfx1;dropped:ErrorRaisex1;dropped:_printfx1;gvote:s_info->00347d64;globals:4ppc/1ps2;gdims:__LNst__ZN2dk13TREASURE_INFO4initEv_0;unmapped-global:__LNst__ZN2dk13TREASURE_INFO4initEv_0;gdims:__LNst__ZN2dk19TREASURE_EVENT_INFO7destroyEv_3;unmapped-global:__LNst__ZN2dk19TREASURE_EVENT_INFO7destroyEv_3;unmapped-global:LS_154_LV_15	
00138190	00080d0c	124	branchy	60.06	near	17.07		dropped:ErrorPrintfx2;dropped:ErrorRaisex2;dropped:_printfx1;gvote:s_info->00347d64;globals:8ppc/1ps2;gdims:__LNst__ZN2dk13TREASURE_INFO11openBoxInfoEPKN2YS7MESSAGEEi_0;unmapped-global:__LNst__ZN2dk13TREASURE_INFO11openBoxInfoEPKN2YS7MESSAGEEi_0;gdims:__LNst__ZN2dk13TREASURE_INFO4initEv_0;unmapped-global:__LNst__ZN2dk13TREASURE_INFO4initEv_0;gdims:__LNst__ZN2dk19TREASURE_EVENT_INFO7destroyEv_3;unmapped-global:__LNst__ZN2dk19TREASURE_EVENT_INFO7destroyEv_3;gdims:LS_156_LV_16;unmapped-global:LS_156_LV_16;gdims:_ZZN2YS5QUEUEIN2dk18TREASURE_BOX_QUEUEINS1_17TREASURE_BOX_INFOELi8EE19TREASURE_QUEUE_DATAELi8EE8get_lastEvEs_0;unmapped-global:_ZZN2YS5QUEUEIN2dk18TREASURE_BOX_QUEUEINS1_17TREASURE_BOX_INFOELi8EE19TREASURE_QUEUE_DATAELi8EE8get_lastEvEs_0;gdims:_ZZN2YS5QUEUEIN2dk18TREASURE_BOX_QUEUEINS1_17TREASURE_BOX_INFOELi8EE19TREASURE_QUEUE_DATAELi8EE8get_lastEvEs_2;unmapped-global:_ZZN2YS5QUEUEIN2dk18TREASURE_BOX_QUEUEINS1_17TREASURE_BOX_INFOELi8EE19TREASURE_QUEUE_DATAELi8EE8get_lastEvEs_2;unmapped-global:LV_7	
00138210	00080e9c	164	branchy	92.02	compile	0.0	00138210.cpp:258: `	synth-fields:1;dropped:ErrorPrintfx3;dropped:ErrorRaisex3;dropped:_printfx1;this-pad:func_00192c90;this-pad:func_00192b30;gvote:s_info->00347d64;globals:11ppc/1ps2;gdims:__LNst__ZN2dk13TREASURE_INFO13openPrizeInfoEPKN2YS7MESSAGEE_0;unmapped-global:__LNst__ZN2dk13TREASURE_INFO13openPrizeInfoEPKN2YS7MESSAGEE_0;gdims:__LNst__ZN2dk13TREASURE_INFO4initEv_0;unmapped-global:__LNst__ZN2dk13TREASURE_INFO4initEv_0;gdims:__LNst__ZN2dk19TREASURE_EVENT_INFO7destroyEv_3;unmapped-global:__LNst__ZN2dk19TREASURE_EVENT_INFO7destroyEv_3;gdims:LS_158_LV_17;unmapped-global:LS_158_LV_17;gdims:_ZZN2YS5QUEUEIN2dk20TREASURE_PRIZE_QUEUEINS1_19TREASURE_PRIZE_INFOELi16EE19TREASURE_QUEUE_DATAELi16EE8get_lastEvEs_0;unmapped-global:_ZZN2YS5QUEUEIN2dk20TREASURE_PRIZE_QUEUEINS1_19TREASURE_PRIZE_INFOELi16EE19TREASURE_QUEUE_DATAELi16EE8get_lastEvEs_0;gdims:_ZZN2YS5QUEUEIN2dk20TREASURE_PRIZE_QUEUEINS1_19TREASURE_PRIZE_INFOELi16EE19TREASURE_QUEUE_DATAELi16EE8get_lastEvEs_2;unmapped-global:_ZZN2YS5QUEUEIN2dk20TREASURE_PRIZE_QUEUEINS1_19TREASURE_PRIZE_INFOELi16EE19TREASURE_QUEUE_DATAELi16EE8get_lastEvEs_2;gdims:LV_10;unmapped-global:LV_10;gdims:_ZZN2dk20TREASURE_PRIZE_QUEUEINS_19TREASURE_PRIZE_INFOELi16EE3setEPKN2YS7MESSAGEEEs_0;unmapped-global:_ZZN2dk20TREASURE_PRIZE_QUEUEINS_19TREASURE_PRIZE_INFOELi16EE3setEPKN2YS7MESSAGEEEs_0;gdims:_ZZN2dk20TREASURE_PRIZE_QUEUEINS_19TREASURE_PRIZE_INFOELi16EE3setEPKN2YS7MESSAGEEEs_2;unmapped-global:_ZZN2dk20TREASURE_PRIZE_QUEUEINS_19TREASURE_PRIZE_INFOELi16EE3setEPKN2YS7MESSAGEEEs_2;gdims:LV_11;unmapped-global:LV_11;fix-undecl:pTVar6	
001382e0	00081154	352	straight	87.98	near	38.75		byname:ErrorRaise->0031a838;byname:ErrorRaise->0031a838;dropped:ErrorPrintfx2;dropped:_printfx1;this-pad:func_002361a0;arity-pad:func_00138650;this-pad:func_00239700;gvote:sm_manager_ptr->00347f80;gvote:s_image->00347d5c;gvote:s_event->00347d60;globals:10ppc/7ps2;gdims:__LNst__ZN2dk13TREASURE_INFO15createEventInfoEv_0;gdims:_ZZN2dk5Obj2DnwEjEs_0;unmapped-global:_ZZN2dk5Obj2DnwEjEs_0;gdims:_ZZN2dk5Obj2DnwEjEs_2;unmapped-global:_ZZN2dk5Obj2DnwEjEs_2;unmapped-global:LV_0;raw-view:2;fix-arity:func_00138650;fix-hdmember:dk_Sprite.m_Xoffset16x9	
001384d0	00070c8c	240	loop	76.72	near	87.19		this-pad:func_00102448;gvote:IsIn->0032bad8;globals:2ppc/1ps2;unmapped-global:s_pauseDisable;static-unmapped	
00138840	0007accc	324	float	41.59	near	40.33		positional:ErrorPrintf->00139d78;positional:ErrorRaise->00138c10;this-pad:func_00239d10;this-pad:func_00139570;this-pad:func_00239eb8;this-pad:func_0023acd8;this-pad:func_00239d30;this-pad:func_00239c38;globals:2ppc/0ps2;gdims:__LNst__ZN2dk6Sprite6setNumEi_1;unmapped-global:__LNst__ZN2dk6Sprite6setNumEi_1;gdims:__LNst__ZN2dk6Sprite6setNumEi_3;unmapped-global:__LNst__ZN2dk6Sprite6setNumEi_3;static-unmapped	
00138988	0007af78	644	float	57.86	near	54.64		stack-locals:1;this-pad:func_00239d20;this-pad:func_0023a9c0;this-pad:func_0023a918;this-pad:func_00239fd0;this-pad:func_0023ade0;globals:0ppc/1ps2;fix-hdmember:dk_Sprite.m_Xoffset16x9	dk::Sprite|m_sequence|18|90|10;dk::Sprite|m_sequence|18|90|10;dk::Sprite|m_sequence|18|90|10;dk::Sprite|m_sequence|18|a8|18
00138de0	0007b5c8	708	float	62.98	near	0.0		stack-locals:1;this-pad:func_00239d10;this-pad:func_0023a9c0;this-pad:func_0023aa18;this-pad:func_0023aa38;this-pad:func_0023a918;this-pad:func_001a98e8;this-pad:func_0023aa78;this-pad:func_001aa6d0;this-pad:func_001a9ae8;globals:1ppc/0ps2;unmapped-global:0xffffff;fix-hdmember:dk_SpriteMessage.m_Xoffset16x9;static-unmapped	dk::Sprite|m_parent|190|190|80;dk::Sprite|m_scale|180|180|70;dk::Sprite|m_nextNum|188|188|78;dk::Sprite|m_chgNext|198|198|88
001391a8	0007bbbc	28	branchy	97.00	compile	0.0	001391a8.cpp:536: no match for	unmapped-call:operator_;dropped:operator_x0	
001393f8	00064f2c	196	loop	82.79	near	60.35		dropped:ErrorPrintfx1;dropped:ErrorRaisex1;this-pad:func_00102670;globals:2ppc/0ps2;gdims:_ZZN2YS5SLISTIN2dk5Obj2DELi0EE6unlinkEPS2_Es_0;unmapped-global:_ZZN2YS5SLISTIN2dk5Obj2DELi0EE6unlinkEPS2_Es_0;gdims:_ZZN2YS5SLISTIN2dk5Obj2DELi0EE6unlinkEPS2_Es_2;unmapped-global:_ZZN2YS5SLISTIN2dk5Obj2DELi0EE6unlinkEPS2_Es_2	
001397d8	00065988	124	loop	97.58	near	45.9		gvote:sm_manager_ptr->00347f80	
00139858	00065a88	116	loop	97.41	near	0.0		gvote:sm_manager_ptr->00347f80	
00139a38	00065bbc	116	loop	97.41	near	0.0		gvote:sm_manager_ptr->00347f80	
00139ab0	00065c20	116	loop	97.41	near	0.0		gvote:sm_manager_ptr->00347f80	
00139c18	0006606c	116	branchy	89.76	near	26.26		globals:1ppc/0ps2;unmapped-global:sm_manager_ptr;static-unmapped	
00139e00	00065840	312	branchy	94.85	near	19.04		simmap:CreateTask->00103b48;simmap:CreateTask->00103b48;this-pad:func_00102788;gvote:sm_manager_ptr->00347f80;globals:8ppc/6ps2;gdims:sm_manager;unmapped-global:0x7927e0;unmapped-global:0x7927b8;static-unmapped	
0013a368	0005106c	248	loop	92.15	near	50.97		positional:_printf->0013b3f8;this-pad:func_00168aa0;this-pad:func_00168b38;globals:5ppc/2ps2;gdims:s_commandBuff;unmapped-global:s_commandBuff;gdims:_ZZN2dk6SpFileILi1EE9buildDataEPvEs_3;unmapped-global:_ZZN2dk6SpFileILi1EE9buildDataEPvEs_3;unmapped-global:s_readConfigCommand;static-unmapped	
0013a4c8	0005120c	308	branchy	72.45	near	8.28		positional:GetCommand->002fee78;positional:_sprintf->002ff3fc;dropped:ErrorPrintfx4;dropped:_printfx2;dropped:ErrorRaisex4;this-pad:func_0013a6b8;gvote:Lang->0033caf4;globals:17ppc/8ps2;gdims:command_file_name;gdims:__LNst__ZN2dk8Field2DD11readCommandEv_6;gdims:__LNst__ZN2dk8Field2DD11readCommandEv_0;gdims:s_commandBuff;unmapped-global:s_commandBuff;unmapped-global:0x987ac0;gdims:__LNst__ZN2dk8Field2DD11readCommandEv_2;unmapped-global:__LNst__ZN2dk8Field2DD11readCommandEv_2;gdims:__LNst__ZN2dk8Field2DD11readCommandEv_4;unmapped-global:__LNst__ZN2dk8Field2DD11readCommandEv_4;gdims:LS_30_LV_6;unmapped-global:LS_30_LV_6;gdims:__LNst__ZN2dk8Field2DD11readCommandEv_5;unmapped-global:__LNst__ZN2dk8Field2DD11readCommandEv_5;gdims:__LNst__ZN2dk8Field2DD11readCommandEv_7;unmapped-global:__LNst__ZN2dk8Field2DD11readCommandEv_7;gdims:__LNst__ZN2dk8Field2DD11readCommandEv_8;unmapped-global:__LNst__ZN2dk8Field2DD11readCommandEv_8;gdims:__LNst__ZN2dk8Field2DD11readCommandEv_10;unmapped-global:__LNst__ZN2dk8Field2DD11readCommandEv_10;static-unmapped	
0013a6f8	000517d0	216	loop	90.98	near	37.92		dropped:_printfx2;this-pad:func_00168aa0;this-pad:func_00168b38;globals:8ppc/4ps2;gdims:s_buff;unmapped-global:0x987ac0;gdims:s_commandBuff;unmapped-global:s_commandBuff;gdims:_ZZN2dk6SpFileILi4EE9buildDataEPvEs_3;unmapped-global:_ZZN2dk6SpFileILi4EE9buildDataEPvEs_3;gdims:_ZZN2dk6SpFileILi1EE9buildDataEPvEs_3;unmapped-global:_ZZN2dk6SpFileILi1EE9buildDataEPvEs_3;static-unmapped	
0013a958	0006480c	116	branchy	75.03	near	14.67		positional:isResetExec->0013a9e8;dropped:_printfx4;gvote:s_currentType->00347ff8;globals:6ppc/2ps2;unmapped-global:s_initFlag;gdims:__LNst__ZN2dk10Monochrome4exitER4AREA_1;unmapped-global:__LNst__ZN2dk10Monochrome4exitER4AREA_1;gdims:__LNst__ZN2dk10Monochrome4exitER4AREA_2;unmapped-global:__LNst__ZN2dk10Monochrome4exitER4AREA_2;gdims:__LNst__ZN2dk10Monochrome4exitER4AREA_3;unmapped-global:__LNst__ZN2dk10Monochrome4exitER4AREA_3;static-unmapped	
0013aba8	0004a6d8	184	branchy	81.56	near	68.43		stack-locals:1;this-pad:func_00138988;this-pad:func_00138de0;this-pad:func_0023a9c0;this-pad:func_0023aa18;this-pad:func_0023aa38;this-pad:func_0023ade0;gvote:s_stock_draw_limit->0034805c;fix-hdmember:dk_COMMAND_ONE.m_Xoffset16x9	dk::Sprite|m_sequence|18|b0|20;dk::Sprite|m_sequence|18|b0|20
0013aed8	0004b0b0	200	loop	73.11	near	57.12		synth-fields:2;dropped:_printfx4;this-pad:func_00239870;gvote:s_image->00348050;gvote:s_sp->00348058;gvote:s_recsp->00348054;globals:10ppc/3ps2;unmapped-global:0x7431e0;unmapped-global:0x744210;unmapped-global:0x743ef8;gdims:__LNst__ZN2dk11COMMAND_ONE4exitEv_0;unmapped-global:__LNst__ZN2dk11COMMAND_ONE4exitEv_0;gdims:__LNst__ZN2dk11COMMAND_ONE4exitEv_1;unmapped-global:__LNst__ZN2dk11COMMAND_ONE4exitEv_1;gdims:__LNst__ZN2dk11COMMAND_ONE4exitEv_2;unmapped-global:__LNst__ZN2dk11COMMAND_ONE4exitEv_2;gdims:__LNst__ZN2dk11COMMAND_ONE4exitEv_3;unmapped-global:__LNst__ZN2dk11COMMAND_ONE4exitEv_3;fix-assign-cast;fix-assign-cast;fix-assign-cast;fix-assign-cast;static-unmapped	
0013b088	0004dce0	156	float	79.35	compile	0.0	0013b088.cpp:2915: redeclaration	this-pad:func_00239700;globals:2ppc/3ps2;raw-view:4;fix-hdmember:dk_Sprite.m_Xoffset16x9;fix-hdmember:dk_COMMAND_DRAW.m_Xoffset16x9	
0013b5d0	0004b890	564	float	54.67	near	38.6		arity-pad:func_00138c10;arity-pad:func_0013ac60;arity-pad:func_00138c40;arity-pad:func_001395e8;arity-pad:func_001395d0;arity-pad:func_00138d48;gdims:count;fix-hdmember:dk_COMMAND_DRAW.m_Xoffset16x9;fix-arg:func_00138d48:1;variant:no_thispad	
0013b9e0	0004ca80	108	branchy	82.22	near	27.43		globals:4ppc/0ps2;unmapped-global:0x7e96c0;unmapped-global:SQD_TITLE_REVERSE_INSERT_TABLE;unmapped-global:SQD_TITLE_INSERT_TABLE;unmapped-global:SQD_TITLE_LOOP_TABLE;static-unmapped	
0013bc50	0004c0e0	1068	float	72.47	near	0.0		arity-pad:func_0013b5d0;this-pad:func_00139570;arity-pad:func_001396b0;this-pad:func_001bdcd0;arity-pad:func_00139580;globals:1ppc/3ps2	dk::COMMAND_DRAW|m_command|18|50|60
0013c190	0004c6b0	548	float	83.39	near	41.34		stack-locals:1;dropped:ErrorPrintfx3;dropped:ErrorRaisex3;arity-pad:func_0013b988;arity-pad:func_0013b5d0;arity-pad:func_0013bc50;globals:9ppc/3ps2;gdims:FONT_COLOR_CURRENT_TABLE;gdims:__LNst__ZN2dk12COMMAND_DRAW12getFontColorEPN2YS12COMMAND_MENUEhibb_0;unmapped-global:__LNst__ZN2dk12COMMAND_DRAW12getFontColorEPN2YS12COMMAND_MENUEhibb_0;gdims:__LNst__ZN2dk11COMMAND_ONE8setStockEii_3;unmapped-global:__LNst__ZN2dk11COMMAND_ONE8setStockEii_3;gdims:LS_161_LV_20;unmapped-global:LS_161_LV_20;gdims:__LNst__ZN2dk12COMMAND_DRAW11drawCurrentEPN2YS12COMMAND_MENUEiibiiiPNS1_12COMMAND_SLOTE_0;unmapped-global:__LNst__ZN2dk12COMMAND_DRAW11drawCurrentEPN2YS12COMMAND_MENUEiibiiiPNS1_12COMMAND_SLOTE_0;gdims:LS_163_LV_21;unmapped-global:LS_163_LV_21;gdims:__LNst__ZN2dk12COMMAND_DRAW11drawCurrentEPN2YS12COMMAND_MENUEiibiiiPNS1_12COMMAND_SLOTE_1;unmapped-global:__LNst__ZN2dk12COMMAND_DRAW11drawCurrentEPN2YS12COMMAND_MENUEiibiiiPNS1_12COMMAND_SLOTE_1	dk::COMMAND_DRAW|m_spBG|104|168|58;dk::COMMAND_DRAW|m_spBG|104|178|68;dk::COMMAND_DRAW|m_spBG|104|170|60;dk::COMMAND_DRAW|m_currentOld|cc|cc|dc;dk::COMMAND_DRAW|m_spBG|104|158|48;dk::COMMAND_DRAW|m_spBG|104|160|50;dk::COMMAND_DRAW|m_spBG|104|168|58;dk::COMMAND_DRAW|m_spBG|104|170|60;dk::COMMAND_DRAW|m_spBG|104|178|68;dk::COMMAND_DRAW|m_spBG|104|180|70;dk::COMMAND_DRAW|m_spBG|104|188|78
0013c3b8	0004cb60	716	float	50.21	near	10.8		stack-locals:1;positional:getTitleSeq->0013bb58;positional:ErrorPrintf->0013bc40;positional:ErrorRaise->0013c080;arity-pad:func_0013bb58;arity-pad:func_0013b5d0;arity-pad:func_0013b988;arity-pad:func_0013c190;arity-pad:func_0013ce08;globals:4ppc/2ps2;gdims:__LNst__ZN2dk12COMMAND_DRAW12getFontColorEPN2YS12COMMAND_MENUEhibb_0;gdims:__LNst__ZN2dk11COMMAND_ONE8setStockEii_3;gdims:LS_161_LV_20;unmapped-global:LS_161_LV_20;gdims:FONT_COLOR_NORMAL_TABLE;unmapped-global:FONT_COLOR_NORMAL_TABLE;static-unmapped	dk::COMMAND_DRAW|m_spBG|104|1d0|50;dk::COMMAND_DRAW|m_spBG|104|200|80;dk::Obj2D|SList|4|8|2c;dk::COMMAND_DRAW|m_spBG|104|1f8|78;dk::COMMAND_DRAW|m_spBG|104|200|80;dk::COMMAND_DRAW|m_spBG|104|208|88;dk::COMMAND_DRAW|m_spBG|104|210|90;dk::COMMAND_DRAW|m_spBG|104|218|98
0013c738	0004d270	152	branchy	76.00	near	68.47		arity-pad:func_0013c8b0;drop:dk::COMMAND_DRAW.m_hockSqd@0x2a8	dk::COMMAND_DRAW|m_noWait|2ad|2ad|2a9
0013c7d0	0004d350	80	branchy	92.38	near	88.5		this-pad:func_0013c738;gvote:s_commanddraw->003484a0;gvote:s_commandSkip->003484a4	
0013c938	0004dda8	464	loop	91.35	compile	0.0	0013c938.cpp:2934: `COMMAND_ONE	positional:ErrorPrintf->0013d3f8;positional:ErrorRaise->0013b838;arity-pad:func_0013d390;this-pad:func_001bcf38;arity-pad:func_0013bb58;arity-pad:func_0013c3b8;arity-pad:func_0013ce08;globals:3ppc/1ps2;gdims:s_count;gdims:__LNst__ZN2dk12COMMAND_DRAW9isSpecialEv_0;unmapped-global:__LNst__ZN2dk12COMMAND_DRAW9isSpecialEv_0;gdims:__LNst__ZN2dk11COMMAND_ONE8setStockEii_3;unmapped-global:__LNst__ZN2dk11COMMAND_ONE8setStockEii_3	
0013cbb8	0004d538	524	float	48.07	near	41.79		dropped:ErrorPrintfx2;dropped:ErrorRaisex2;arity-pad:func_0013b5d0;this-pad:func_00139570;arity-pad:func_0013ce08;globals:7ppc/2ps2;gdims:shortcutTable;gdims:FONT_COLOR_SHORTCUT_TABLE;gdims:__LNst__ZN2dk12COMMAND_DRAW12getFontColorEPN2YS12COMMAND_MENUEhibb_0;unmapped-global:__LNst__ZN2dk12COMMAND_DRAW12getFontColorEPN2YS12COMMAND_MENUEhibb_0;gdims:__LNst__ZN2dk11COMMAND_ONE8setStockEii_3;unmapped-global:__LNst__ZN2dk11COMMAND_ONE8setStockEii_3;gdims:LS_161_LV_20;unmapped-global:LS_161_LV_20;gdims:__LNst__ZN2dk12COMMAND_DRAW8shortCutEPN2YS12COMMAND_MENUEb_0;unmapped-global:__LNst__ZN2dk12COMMAND_DRAW8shortCutEPN2YS12COMMAND_MENUEb_0;gdims:LS_191_LV_24;unmapped-global:LS_191_LV_24	
0013ce08	0004bb20	964	float	58.36	compile	0.0	0013ce08.cpp: In function `void;    e3_0013ce08(dk_COMMAND_DRAW*, int)':; 0013ce08.cpp:3049: warning: cast;    to pointer from integer of different size; 0013ce08.cpp:3052: warning: cast;    to pointe	dropped:ErrorPrintfx4;dropped:ErrorRaisex4;arity-pad:func_0013b5d0;this-pad:func_00139740;this-pad:func_00139580;this-pad:func_001396c0;this-pad:func_00139570;this-pad:func_0023aa98;arity-pad:func_001386e0;arity-pad:func_00138c40;arity-pad:func_00138d48;gvote:reactionTable->00348548;gvote:RC_COLOR_RATE_TABLE->0036ad70;gvote:s_recsp->00348054;globals:12ppc/5ps2;gdims:reactionTable;gdims:FONT_COLOR_CURRENT_TABLE;gdims:RC_COLOR_RATE_TABLE;unmapped-global:s_commanddraw;gdims:__LNst__ZN2dk11COMMAND_ONE4initEv_1;unmapped-global:__LNst__ZN2dk11COMMAND_ONE4initEv_1;gdims:__LNst__ZN2dk11COMMAND_ONE8setStockEii_3;unmapped-global:__LNst__ZN2dk11COMMAND_ONE8setStockEii_3;gdims:_ZZN2YS11CLASS_BLOCKIN2dk20ReactionDecideSpriteELi32EE5allocEvEs_0;unmapped-global:_ZZN2YS11CLASS_BLOCKIN2dk20ReactionDecideSpriteELi32EE5allocEvEs_0;gdims:_ZZN2YS11CLASS_BLOCKIN2dk20ReactionDecideSpriteELi32EE5allocEvEs_2;unmapped-global:_ZZN2YS11CLASS_BLOCKIN2dk20ReactionDecideSpriteELi32EE5allocEvEs_2;gdims:__LNst__ZN2dk12COMMAND_DRAW6getSqdEv_0;unmapped-global:__LNst__ZN2dk12COMMAND_DRAW6getSqdEv_0;gdims:LS_144_LV_18;unmapped-global:LS_144_LV_18	
0013d550	0004eba8	208	float	90.54	near	51.39		positional:ErrorPrintf->0013d4c8;positional:ErrorRaise->0013cb80;arity-pad:func_002362b0;arity-pad:func_002368e8;arity-pad:func_002367c8;this-pad:func_001387f8;gvote:s_commanddraw->003484a0;gvote:s_image->00348050;globals:6ppc/4ps2;gdims:bgTable;gdims:__LNst__ZN2dk12COMMAND_DRAW6getSqdEv_0;gdims:__LNst__ZN2dk11COMMAND_ONE8setStockEii_3;unmapped-global:__LNst__ZN2dk11COMMAND_ONE8setStockEii_3;gdims:LS_188_LV_23;unmapped-global:LS_188_LV_23;fix-arg:func_002368e8:1;static-unmapped	
0013d620	0004da40	144	float	74.22	near	54.52		dropped:ErrorPrintfx2;dropped:ErrorRaisex2;arity-pad:func_00138698;this-pad:func_001387f8;globals:7ppc/4ps2;gdims:bgTable;gdims:__LNst__ZN2dk12COMMAND_DRAW6getSqdEv_0;gdims:__LNst__ZN2dk11COMMAND_ONE8setStockEii_3;unmapped-global:__LNst__ZN2dk11COMMAND_ONE8setStockEii_3;gdims:LS_211_LV_27;unmapped-global:LS_211_LV_27;gdims:LS_188_LV_23;unmapped-global:LS_188_LV_23;variant:no_gvote	
0013d6b0	0004ed1c	160	float	85.95	near	51.06		positional:ErrorPrintf->0013d4c8;positional:ErrorRaise->0013cb80;this-pad:func_00138698;this-pad:func_001387f8;gvote:s_commanddraw->003484a0;gvote:s_image->00348050;globals:6ppc/4ps2;gdims:bgTable;gdims:__LNst__ZN2dk12COMMAND_DRAW6getSqdEv_0;gdims:__LNst__ZN2dk11COMMAND_ONE8setStockEii_3;unmapped-global:__LNst__ZN2dk11COMMAND_ONE8setStockEii_3;gdims:LS_188_LV_23;unmapped-global:LS_188_LV_23;static-unmapped	
0013e0f8	00064230	204	float	61.74	near	86.16		this-pad:func_001391c8;this-pad:func_0013ee38;this-pad:func_0013edd0;this-pad:func_0013ee18;this-pad:func_0014b208;this-pad:func_0013ede0;fix-hdmember:dk_CIRCLE_MASK.m_Xoffset16x9	
0013e3b0	0005eb28	96	branchy	46.25	near	43.88		this-pad:func_001391a8;raw-view:2	dk::Obj2D|SList|4|8|18;dk::Obj2D|SList|4|8|18;dk::Obj2D|m_group|10|10|20
0013e688	0005ef34	380	loop	93.04	near	45.71		byname:ErrorRaise->0031a838;dropped:ErrorPrintfx3;this-pad:func_00239700;this-pad:func_002361a0;arity-pad:func_00138650;gvote:s_lockon->003486a4;gvote:sm_manager_ptr->00347f80;gvote:s_image->003486a0;globals:14ppc/10ps2;gdims:__LNst__ZN2dk6LockOn4initEv_0;gdims:__LNst__ZN2dk6LockOn5startEi_3;gdims:_ZZN2dk5Obj2DnwEjEs_0;unmapped-global:_ZZN2dk5Obj2DnwEjEs_0;gdims:_ZZN2dk5Obj2DnwEjEs_2;unmapped-global:_ZZN2dk5Obj2DnwEjEs_2;unmapped-global:LV_0;gdims:__LNst__ZN2dk6LockOn4initEv_1;unmapped-global:__LNst__ZN2dk6LockOn4initEv_1;raw-view:1;fix-assign-cast	
0013e940	0009d200	272	straight	70.96	compile	0.0	0013e940.cpp:448: `	synth-fields:4;unmapped-call:calcXYZ;dropped:calcXYZx1;globals:4ppc/1ps2;unmapped-global:GS_DEF_ZBUF;unmapped-global:GS_DEF_TEX1;unmapped-global:GS_DEF_CLAMP	
0013ea50	0009cdc8	176	float	41.65	near	32.62		stack-locals:1;positional:operator_->002f3cd8;globals:0ppc/1ps2	
0013eb00	0009cee8	628	float	28.71	compile	0.0	0013eb00.cpp:526: cannot	simmap:calcRot->0013ea50;simmap:calcRot->0013ea50;simmap:calcRot->0013ea50;simmap:calcRot->0013ea50;positional:unit->0011b6a8;this-pad:func_0011b6a8;this-pad:func_0011b768;arity-pad:func_0013ea50	
0013eeb8	000854c0	180	loop	78.73	near	5.39		synth-fields:38;simmap:calcXYZ->0013eb00;positional:setShader->001b7e68;positional:setFRAME->001b80d8;positional:setZBUF->001b7f30;unmapped-call:setTEX0;unmapped-call:setFrameTex;unmapped-call:setPrevFrameTex;unmapped-call:setALPHA;unmapped-call:setCLAMP;unmapped-call:setPRIM;unmapped-call:setTEST;unmapped-call:__ZN3Axa2GX8GXDevice8drawSPRTIjNS_9GS_SET_UVENS_10GS_SET_XYZEEEvT_T0_T1_S6_S7_;unmapped-call:_mapVertexResource;unmapped-call:getRHW;unmapped-call:draw;dropped:setPrevFrameTexx1;dropped:getRHWx4;dropped:setPRIMx1;dropped:_mapVertexResourcex1;dropped:setALPHAx1;dropped:setTESTx1;dropped:__ZN3Axa2GX8GXDevice8drawSPRTIjNS_9GS_SET_UVENS_10GS_SET_XYZEEEvT_T0_T1_S6_S7_x1;dropped:setFrameTexx1;dropped:setTEX0x1;dropped:setCLAMPx1;dropped:drawx1;this-pad:func_0013eb00;fix-anonidx:Axa_GS_SET_XYZ_anon_uni_GSRegister_h_2444.field1;fix-anonidx:Axa_GS_SET_XYZ_anon_uni_GSRegister_h_2444.field1;fix-anonidx:Axa_GS_SET_XYZ_anon_uni_GSRegister_h_2444.field1;fix-anonidx:Axa_GS_SET_XYZ_anon_uni_GSRegister_h_2444.field1;fix-anonidx:Axa_GS_SET_XYZ_anon_uni_GSRegister_h_2444.field1;fix-anonidx:Axa_GS_SET_XYZ_anon_uni_GSRegister_h_2444.field1;fix-anonidx:Axa_GS_SET_XYZ_anon_uni_GSRegister_h_2444.field1;fix-anonidx:Axa_GS_SET_XYZ_anon_uni_GSRegister_h_2444.field1;fix-anonidx:Axa_GS_SET_XYZ_anon_uni_GSRegister_h_2444.field1;fix-anonidx:Axa_GS_SET_XYZ_anon_uni_GSRegister_h_2444.field1;fix-anonidx:Axa_GS_SET_XYZ_anon_uni_GSRegister_h_2444.field1;fix-anonidx:Axa_GS_SET_XYZ_anon_uni_GSRegister_h_2444.field1;fix-anonidx:Axa_GS_SET_XYZ_anon_uni_GSRegister_h_2444.field1;fix-anonidx:Axa_GS_SET_XYZ_anon_uni_GSRegister_h_2444.field1;fix-anonidx:Axa_GS_SET_XYZ_anon_uni_GSRegister_h_2444.field1;fix-anonidx:Axa_GS_SET_XYZ_anon_uni_GSRegister_h_2444.field1;fix-anonidx:Axa_GS_SET_UV_anon_uni_GSRegister_h_2336.field1;fix-anonidx:Axa_GS_SET_UV_anon_uni_GSRegister_h_2336.field1;fix-anonidx:Axa_GS_SET_XYZ_anon_uni_GSRegister_h_2444.field1;fix-anonidx:Axa_GS_SET_XYZ_anon_uni_GSRegister_h_2444.field1;fix-anonidx:Axa_GS_SET_UV_anon_uni_GSRegister_h_2336.field1;fix-anonidx:Axa_GS_SET_UV_anon_uni_GSRegister_h_2336.field1;fix-anonidx:Axa_GS_SET_XYZ_anon_uni_GSRegister_h_2444.field1;fix-anonidx:Axa_GS_SET_XYZ_anon_uni_GSRegister_h_2444.field1;fix-anonidx:Axa_GS_SET_UV_anon_uni_GSRegister_h_2336.field1;fix-anonidx:Axa_GS_SET_UV_anon_uni_GSRegister_h_2336.field1;fix-anonidx:Axa_GS_SET_XYZ_anon_uni_GSRegister_h_2444.field1;fix-anonidx:Axa_GS_SET_XYZ_anon_uni_GSRegister_h_2444.field1;fix-anonidx:Axa_GS_SET_UV_anon_uni_GSRegister_h_2336.field1;fix-anonidx:Axa_GS_SET_UV_anon_uni_GSRegister_h_2336.field1	
0013ff08	000669d8	424	float	70.26	near	45.99		stack-locals:2;positional:isLeft->0013fd88;positional:operator_->001ad990;this-pad:func_0019c498;this-pad:func_0013fd10;this-pad:func_0016af58;this-pad:func_0019c4d0;arity-pad:func_0013fdf0;globals:1ppc/4ps2;fix-arg:func_0013fdf0:2;fix-arg:func_0013fdf0:2	dk::ObjCamera|m_atTarget|80|80|20;dk::ObjCamera|m_eyeTarget|60|60|0;dk::ObjCamera|m_eyeTarget|60|68|8;dk::ObjCamera|m_eyeTargetPrev|70|70|10;dk::ObjCamera|m_eyeTargetPrev|70|78|18
00140210	00066768	352	float	77.24	near	24.32		stack-locals:2;positional:is_moved_xz->00184478;positional:operator_->0013fd10;positional:auto_updown->002f8870;this-pad:func_00184478;this-pad:func_0016af58;arity-pad:func_002f8870;globals:3ppc/5ps2;fix-arg:func_002f8870:1	dk::ObjCamera|m_atTarget|80|80|20;dk::ObjCamera|m_eyeTargetPrev|70|7c|1c;dk::ObjCamera|m_eyeTargetPrev|70|70|10
00140480	00067138	128	branchy	49.31	near	20.4		stack-locals:1;unmapped-call:operator_;dropped:operator_x0;dropped:_printfx4;this-pad:func_0016c028;globals:5ppc/0ps2;unmapped-global:Config;gdims:__LNst__ZN2dk9ObjCamera12calcAtTargetEv_1;unmapped-global:__LNst__ZN2dk9ObjCamera12calcAtTargetEv_1;gdims:__LNst__ZN2dk9ObjCamera12calcAtTargetEv_2;unmapped-global:__LNst__ZN2dk9ObjCamera12calcAtTargetEv_2;gdims:__LNst__ZN2dk9ObjCamera12calcAtTargetEv_3;unmapped-global:__LNst__ZN2dk9ObjCamera12calcAtTargetEv_3;gdims:__LNst__ZN2dk9ObjCamera12calcAtTargetEv_4;unmapped-global:__LNst__ZN2dk9ObjCamera12calcAtTargetEv_4;static-unmapped	
00140618	00067370	328	float	52.24	near	19.13		stack-locals:2;positional:operator_->00141010;this-pad:func_0019c498;this-pad:func_0016c508;this-pad:func_0016af58;this-pad:func_0019c4d0;arity-pad:func_00140500;this-pad:func_0013fd10;arity-pad:func_00140480;arity-pad:func_0013f888;globals:3ppc/4ps2	dk::ObjCamera|m_fovVTarget|a0|a8|30;dk::ObjCamera|m_atTarget|80|80|10
001408a0	00068258	708	float	34.03	compile	0.0	001408a0.cpp:2229: conversion	stack-locals:1;synth-fields:13;positional:operator_->00140480;dropped:ErrorPrintfx3;dropped:ErrorRaisex1;this-pad:func_0013f6e8;this-pad:func_00106de8;this-pad:func_00107300;globals:2ppc/9ps2;gdims:camera;fix-arg:func_0013f6e8:2	
00140b68	000687a8	348	switch	99.99	near	24.81		stack-locals:1;positional:operator_->00140850;positional:update->001403b0;positional:fixed->001407d0;positional:isEventInterpolation->00140760;positional:getEventAt->00159368;positional:getEventEye->00158658;positional:getEventFov->001589d0;unmapped-call:getEventRoll;dropped:getEventRollx1;dropped:ErrorPrintfx3;dropped:StatusPrintfx1;dropped:ErrorRaisex1;arity-pad:func_00140618;arity-pad:func_0013f608;arity-pad:func_001407d0;arity-pad:func_00159368;arity-pad:func_00158658;arity-pad:func_001408a0;globals:0ppc/1ps2	
00141010	000672f0	96	float	55.88	near	40.78		arity-pad:func_0013fd10;gvote:s_playerCamera->00348710;globals:1ppc/2ps2;fix-arg:func_0013fd10:1;variant:no_thispad	
00141778	00091c48	140	loop	73.26	near	68.11			
00141988	0008ec84	112	branchy	73.89	near	22.39		dropped:ErrorPrintfx4;dropped:ErrorRaisex4;globals:3ppc/0ps2;gdims:__LNst__ZN2dk11OctCollFile13createPolygonERKNS_11CollPolygonERNS_7PolygonE_1;unmapped-global:__LNst__ZN2dk11OctCollFile13createPolygonERKNS_11CollPolygonERNS_7PolygonE_1;gdims:__LNst__ZN2dk11OctCollFile13createPolygonERKNS_11CollPolygonERNS_7PolygonE_3;unmapped-global:__LNst__ZN2dk11OctCollFile13createPolygonERKNS_11CollPolygonERNS_7PolygonE_3;gdims:LS_72_LV_10;unmapped-global:LS_72_LV_10	
00141c38	0009096c	576	loop	71.88	near	25.48		synth-fields:1;positional:intersectInBox->00145580;dropped:ErrorPrintfx8;dropped:_printfx8;dropped:ErrorRaisex8;this-pad:func_00145580;globals:15ppc/0ps2;gdims:__LNst__ZN2dk11OctCollFile19getLineCrossPolygonERNS_3RayEiRN2kn7FVectorE_1;unmapped-global:__LNst__ZN2dk11OctCollFile19getLineCrossPolygonERNS_3RayEiRN2kn7FVectorE_1;gdims:__LNst__ZN2dk11OctCollFile13createPolygonERKNS_11CollPolygonERNS_7PolygonE_3;unmapped-global:__LNst__ZN2dk11OctCollFile13createPolygonERKNS_11CollPolygonERNS_7PolygonE_3;gdims:LS_138_LV_15;unmapped-global:LS_138_LV_15;gdims:__LNst__ZN2dk11OctCollFile13selectPolygonEiRNS_7SAabboxERti_0;unmapped-global:__LNst__ZN2dk11OctCollFile13selectPolygonEiRNS_7SAabboxERti_0;gdims:__LNst__ZN2dk11OctCollFile13selectPolygonEiRNS_7SAabboxERti_1;unmapped-global:__LNst__ZN2dk11OctCollFile13selectPolygonEiRNS_7SAabboxERti_1;gdims:__LNst__ZN2dk11OctCollFile13selectPolygonEiRNS_7SAabboxERti_2;unmapped-global:__LNst__ZN2dk11OctCollFile13selectPolygonEiRNS_7SAabboxERti_2;gdims:__LNst__ZN2dk11OctCollFile13selectPolygonEiRNS_7SAabboxERti_3;unmapped-global:__LNst__ZN2dk11OctCollFile13selectPolygonEiRNS_7SAabboxERti_3;gdims:__LNst__ZN2dk11OctCollFile15createPolygonSeEv_0;unmapped-global:__LNst__ZN2dk11OctCollFile15createPolygonSeEv_0;gdims:__LNst__ZN2dk11OctCollFile13selectPolygonEiRNS_7SAabboxERti_4;unmapped-global:__LNst__ZN2dk11OctCollFile13selectPolygonEiRNS_7SAabboxERti_4;gdims:__LNst__ZN2dk11OctCollFile13selectPolygonEiRNS_7SAabboxERti_5;unmapped-global:__LNst__ZN2dk11OctCollFile13selectPolygonEiRNS_7SAabboxERti_5;gdims:__LNst__ZN2dk11OctCollFile13selectPolygonEiRNS_7SAabboxERti_6;unmapped-global:__LNst__ZN2dk11OctCollFile13selectPolygonEiRNS_7SAabboxERti_6;gdims:__LNst__ZN2dk11OctCollFileC1EPvy_20;unmapped-global:__LNst__ZN2dk11OctCollFileC1EPvy_20;gdims:__LNst__ZN2dk11OctCollFile13selectPolygonEiRNS_7SAabboxERti_7;unmapped-global:__LNst__ZN2dk11OctCollFile13selectPolygonEiRNS_7SAabboxERti_7;gdims:__LNst__ZN2dk11OctCollFileC1EPvy_22;unmapped-global:__LNst__ZN2dk11OctCollFileC1EPvy_22;gdims:__LNst__ZN2dk11OctCollFile13selectPolygonEiRNS_7SAabboxERti_8;unmapped-global:__LNst__ZN2dk11OctCollFile13selectPolygonEiRNS_7SAabboxERti_8	dk::OctCollFile|m_collPolygonNum|28|28|18;dk::OctCollFile|m_matrix|50|50|40;dk::OctCollFile|m_matrix|50|60|50;dk::OctCollFile|m_matrix|50|68|58;dk::OctCollFile|m_nodeNum|20|20|10
00142848	000916e8	184	float	95.31	near	38.07		stack-locals:1;positional:set->00144e50;arity-pad:func_00144490;arity-pad:func_00144e30;arity-pad:func_00144e50;arity-pad:func_00141970;fix-arg:func_00144490:1;variant:no_thispad	
00142bf8	0009012c	140	loop	94.00	near	33.7		positional:createSe->0014ed28;dropped:ErrorPrintfx1;dropped:ErrorRaisex1;globals:3ppc/0ps2;gdims:__LNst__ZN2dk11OctCollFile15createPolygonSeEv_0;unmapped-global:__LNst__ZN2dk11OctCollFile15createPolygonSeEv_0;gdims:__LNst__ZN2dk11OctCollFile13createPolygonERKNS_11CollPolygonERNS_7PolygonE_3;unmapped-global:__LNst__ZN2dk11OctCollFile13createPolygonERKNS_11CollPolygonERNS_7PolygonE_3;gdims:LS_123_LV_13;unmapped-global:LS_123_LV_13	dk::OctCollFile|m_collPolygonNum|28|28|18
00142c90	0006be64	700	branchy	95.26	compile	0.0	00142c90.cpp: In function `void;    e3_00142c90(dk_MapFile*, ALLOCATOR*, unsigned char, long long unsigned;    int)':; 00142c90.cpp:1290: warning: invalid;    conversion from `dk_MapFile*' to `unsigne	simmap:getOcdAddress->00149298;simmap:OctDrawFile->00145830;simmap:getMapModelAddress->00149288;simmap:getMapTexAddress->00149290;simmap:DrawParam->00108698;simmap:init->0014ecb8;simmap:getOccAddress->001492a0;simmap:getOccAddress->001492a0;simmap:createPolygonSe->00142bf8;simmap:getOchAddress->001492a8;simmap:getOchAddress->001492a8;simmap:getOclAddress->001492b0;simmap:getOclAddress->001492b0;simmap:getOwaAddress->001492b8;simmap:getOwaAddress->001492b8;simmap:getMonAddress->001492c0;simmap:getMonAddress->001492c0;simmap:getPlxAddress->001492d8;positional:unit->00143298;positional:startAnimation->00143278;positional:OctCollFile->0011b6a8;positional:countGround->0011e880;positional:init->001415e8;positional:getMclAddress->001415e8;positional:setup->001415e8;positional:addMenuMapInfo->001415e8;positional:AddSubMenu->001415e8;positional:addMenu->0015c500;dropped:_printfx13;arity-pad:func_00149298;this-pad:func_00145830;arity-pad:func_00149288;arity-pad:func_00149290;this-pad:func_00143298;this-pad:func_00108698;this-pad:func_0011e260;this-pad:func_0011eb08;this-pad:func_00143278;arity-pad:func_0014ecb8;arity-pad:func_001492a0;arity-pad:func_0011b6a8;arity-pad:func_00142bf8;arity-pad:func_001492a8;arity-pad:func_001492b0;arity-pad:func_0011e880;arity-pad:func_001492b8;arity-pad:func_001492c0;arity-pad:func_001415e8;arity-pad:func_001492d8;gvote:s_spotBlend->0034881c;gvote:s_drawTree->00348800;gvote:s_drawMapModel->00348818;gvote:s_collTree->00348804;gvote:s_cameraTree->00348808;gvote:s_colorTree->0034880c;gvote:s_wallTree->00348810;gvote:s_moonTree->00348814;globals:24ppc/10ps2;unmapped-global:s_wallClip;unmapped-global:0x7ea1f4;unmapped-global:0x7ea1dc;unmapped-global:0x7ea1c4;unmapped-global:0x7ea1ac;unmapped-global:0x7ea194;gdims:__LNst__ZN2dk6Octree21buildOcclusionFrustumEv_3;unmapped-global:__LNst__ZN2dk6Octree21buildOcclusionFrustumEv_3;gdims:__LNst__ZN2dk6Octree6createEPNS_7MapFileEP9ALLOCATORby_1;unmapped-global:__LNst__ZN2dk6Octree6createEPNS_7MapFileEP9ALLOCATORby_1;gdims:__LNst__ZN2dk6Octree6createEPNS_7MapFileEP9ALLOCATORby_2;unmapped-global:__LNst__ZN2dk6Octree6createEPNS_7MapFileEP9ALLOCATORby_2;gdims:__LNst__ZN2dk6Octree6createEPNS_7MapFileEP9ALLOCATORby_3;unmapped-global:__LNst__ZN2dk6Octree6createEPNS_7MapFileEP9ALLOCATORby_3;gdims:__LNst__ZN2dk6Octree6createEPNS_7MapFileEP9ALLOCATORby_4;unmapped-global:__LNst__ZN2dk6Octree6createEPNS_7MapFileEP9ALLOCATORby_4;gdims:__LNst__ZN2dk6Octree6createEPNS_7MapFileEP9ALLOCATORby_5;unmapped-global:__LNst__ZN2dk6Octree6createEPNS_7MapFileEP9ALLOCATORby_5;gdims:__LNst__ZN2dk6Octree6createEPNS_7MapFileEP9ALLOCATORby_6;unmapped-global:__LNst__ZN2dk6Octree6createEPNS_7MapFileEP9ALLOCATORby_6;gdims:__LNst__ZN2dk6Octree6createEPNS_7MapFileEP9ALLOCATORby_7;unmapped-global:__LNst__ZN2dk6Octree6createEPNS_7MapFileEP9ALLOCATORby_7;fix-arity:func_0014ecb8	
00143348	0006c824	76	straight	70.91	near	47.84		stack-locals:1;simmap:findDrawObject->00147050;dropped:ErrorPrintfx1;dropped:ErrorRaisex1;this-pad:func_00147050;gvote:s_drawTree->00348800;globals:4ppc/1ps2;gdims:__LNst__ZN2dk6Octree12setSkyObjectEPNS_11ObjDrawListEi_0;unmapped-global:__LNst__ZN2dk6Octree12setSkyObjectEPNS_11ObjDrawListEi_0;gdims:__LNst__ZN2dk6Octree21buildOcclusionFrustumEv_3;unmapped-global:__LNst__ZN2dk6Octree21buildOcclusionFrustumEv_3;gdims:LS_79_LV_19;unmapped-global:LS_79_LV_19	
00143448	0006e680	36	straight	64.44	near	40.8		simmap:isExistPolygon->00141778;dropped:ErrorPrintfx1;dropped:ErrorRaisex1;this-pad:func_00141778;gvote:s_collTree->00348804;globals:4ppc/1ps2;gdims:__LNst__ZN2dk6Octree18intersectFootPrintERNS_4LineERN2kn7FVectorEi_0;unmapped-global:__LNst__ZN2dk6Octree18intersectFootPrintERNS_4LineERN2kn7FVectorEi_0;gdims:__LNst__ZN2dk6Octree21buildOcclusionFrustumEv_3;unmapped-global:__LNst__ZN2dk6Octree21buildOcclusionFrustumEv_3;gdims:LS_153_LV_44;unmapped-global:LS_153_LV_44	
00143470	0006e730	92	straight	50.87	near	47.5		dropped:ErrorPrintfx1;dropped:ErrorRaisex1;this-pad:func_001652c8;gvote:s_collTree->00348804;globals:4ppc/1ps2;gdims:__LNst__ZN2dk6Octree18intersectFootPrintERNS_4LineERN2kn7FVectorEi_0;unmapped-global:__LNst__ZN2dk6Octree18intersectFootPrintERNS_4LineERN2kn7FVectorEi_0;gdims:__LNst__ZN2dk6Octree21buildOcclusionFrustumEv_3;unmapped-global:__LNst__ZN2dk6Octree21buildOcclusionFrustumEv_3;gdims:LS_155_LV_45;unmapped-global:LS_155_LV_45	
00143520	0006e294	120	float	61.80	near	61.57		stack-locals:1;positional:operator_->0031b9e0;dropped:ErrorPrintfx1;dropped:ErrorRaisex1;gvote:LS_144_LV_40->0036af3c;globals:4ppc/1ps2;unmapped-global:param;unmapped-global:__LNst__ZN2dk6Octree16getOnPolygonInfoEPNS_14CollisionParamEPNS_13OnPolygonInfoE_1;gdims:__LNst__ZN2dk6Octree21buildOcclusionFrustumEv_3;unmapped-global:__LNst__ZN2dk6Octree21buildOcclusionFrustumEv_3;gdims:LS_144_LV_40	
001435a0	0006ba74	164	branchy	83.29	near	39.28		stack-locals:1;dropped:ErrorPrintfx1;dropped:ErrorRaisex1;this-pad:func_00141980;this-pad:func_00142848;this-pad:func_00142688;gvote:s_moonTree->00348814;globals:5ppc/1ps2;unmapped-global:param;gdims:__LNst__ZN2dk6Octree14getSkeltonTypeEPNS_14CollisionParamE_0;unmapped-global:__LNst__ZN2dk6Octree14getSkeltonTypeEPNS_14CollisionParamE_0;gdims:__LNst__ZN2dk6Octree21buildOcclusionFrustumEv_3;unmapped-global:__LNst__ZN2dk6Octree21buildOcclusionFrustumEv_3;gdims:LS_52_LV_5;unmapped-global:LS_52_LV_5;static-unmapped	
00143860	0006ec48	200	branchy	86.08	near	51.96		stack-locals:1;this-pad:func_00141c18;this-pad:func_00141ff0;gvote:s_colorTree->0034880c	
00143ae0	0006d548	128	straight	72.19	near	59.8		dropped:ErrorPrintfx1;dropped:ErrorRaisex1;this-pad:func_00141c18;this-pad:func_00141ff0;gvote:s_collTree->00348804;globals:5ppc/1ps2;unmapped-global:Config;gdims:__LNst__ZN2dk6Octree18intersectFootPrintERNS_4LineERN2kn7FVectorEi_0;unmapped-global:__LNst__ZN2dk6Octree18intersectFootPrintERNS_4LineERN2kn7FVectorEi_0;gdims:__LNst__ZN2dk6Octree21buildOcclusionFrustumEv_3;unmapped-global:__LNst__ZN2dk6Octree21buildOcclusionFrustumEv_3;gdims:LS_107_LV_30;unmapped-global:LS_107_LV_30;static-unmapped	
00143b60	0006d970	40	straight	92.30	near	73.5		stack-locals:1	
00143b88	0006d7bc	224	branchy	78.12	near	44.31		stack-locals:1;dropped:ErrorPrintfx1;dropped:ErrorRaisex1;this-pad:func_00141c18;gvote:s_collTree->00348804;globals:5ppc/1ps2;unmapped-global:Config;gdims:__LNst__ZN2dk6Octree18intersectFootPrintERNS_4LineERN2kn7FVectorEi_0;unmapped-global:__LNst__ZN2dk6Octree18intersectFootPrintERNS_4LineERN2kn7FVectorEi_0;gdims:__LNst__ZN2dk6Octree21buildOcclusionFrustumEv_3;unmapped-global:__LNst__ZN2dk6Octree21buildOcclusionFrustumEv_3;gdims:LS_113_LV_32;unmapped-global:LS_113_LV_32;fix-arity:func_00165db8;static-unmapped	
00143c68	0006daa0	164	straight	89.66	near	52.76		stack-locals:1;dropped:ErrorPrintfx1;dropped:ErrorRaisex1;this-pad:func_00141c18;gvote:s_collTree->00348804;globals:4ppc/1ps2;gdims:__LNst__ZN2dk6Octree18intersectFootPrintERNS_4LineERN2kn7FVectorEi_0;unmapped-global:__LNst__ZN2dk6Octree18intersectFootPrintERNS_4LineERN2kn7FVectorEi_0;gdims:__LNst__ZN2dk6Octree21buildOcclusionFrustumEv_3;unmapped-global:__LNst__ZN2dk6Octree21buildOcclusionFrustumEv_3;gdims:LS_121_LV_34;unmapped-global:LS_121_LV_34;fix-arity:func_00165db8	
00143d10	0006d9a4	188	branchy	73.36	near	2.17		stack-locals:1;this-pad:func_00141c18;this-pad:func_00141ff0;gvote:s_cameraTree->00348808;globals:2ppc/1ps2;unmapped-global:Config;static-unmapped	
00143dd0	0006d6b0	128	straight	74.32	near	74.32		dropped:ErrorPrintfx1;dropped:ErrorRaisex1;this-pad:func_00141c18;this-pad:func_00141ff0;gvote:s_collTree->00348804;globals:4ppc/1ps2;gdims:__LNst__ZN2dk6Octree18intersectFootPrintERNS_4LineERN2kn7FVectorEi_0;unmapped-global:__LNst__ZN2dk6Octree18intersectFootPrintERNS_4LineERN2kn7FVectorEi_0;gdims:__LNst__ZN2dk6Octree21buildOcclusionFrustumEv_3;unmapped-global:__LNst__ZN2dk6Octree21buildOcclusionFrustumEv_3;gdims:LS_111_LV_31;unmapped-global:LS_111_LV_31	
00144630	00087c18	400	float	54.17	near	0.0		dropped:ErrorPrintfx3;dropped:ErrorRaisex3;globals:5ppc/0ps2;gdims:__LNst__ZN2dk6Aabbox3setERKS0_S2__1;unmapped-global:__LNst__ZN2dk6Aabbox3setERKS0_S2__1;gdims:__LNst__ZN2dk6Aabbox3setERKS0_S2__3;unmapped-global:__LNst__ZN2dk6Aabbox3setERKS0_S2__3;unmapped-global:LS_56_LV_4;gdims:__LNst__ZN2dk6Aabbox3setERKS0_S2__4;unmapped-global:__LNst__ZN2dk6Aabbox3setERKS0_S2__4;gdims:__LNst__ZN2dk6Aabbox3setERKS0_S2__5;unmapped-global:__LNst__ZN2dk6Aabbox3setERKS0_S2__5	
00144b38	0008822c	168	float	65.70	near	44.1		globals:0ppc/1ps2	dk::Aabbox|m_min|0|0|8;dk::Aabbox|m_max|c|14|10
00144be0	0008840c	304	float	99.79	near	17.78		globals:0ppc/1ps2	
00145830	000b0d18	428	float	93.87	near	0.0		positional:Projection->00106ab8;positional:Camera->001070c8;positional:unit->0015e4e0;positional:clearNodeObjDrawList->0015e9e0;dropped:ErrorPrintfx8;dropped:ErrorRaisex8;this-pad:func_00106ab8;this-pad:func_001070c8;this-pad:func_0015e4e0;this-pad:func_0015e3b8;this-pad:func_0015e8c8;this-pad:func_001447c0;arity-pad:func_0015e9e0;globals:10ppc/2ps2;gdims:__LNst__ZN2dk11OctDrawFileC1EPvby_0;gdims:__LNst__ZN2dk11OctDrawFile15setNotScisGroupEiRi_3;gdims:LS_100_LV_2;unmapped-global:LS_100_LV_2;gdims:__LNst__ZN2dk11OctDrawFileC1EPvby_1;unmapped-global:__LNst__ZN2dk11OctDrawFileC1EPvby_1;gdims:__LNst__ZN2dk11OctDrawFileC1EPvby_2;unmapped-global:__LNst__ZN2dk11OctDrawFileC1EPvby_2;gdims:__LNst__ZN2dk11OctDrawFileC1EPvby_3;unmapped-global:__LNst__ZN2dk11OctDrawFileC1EPvby_3;gdims:__LNst__ZN2dk11OctDrawFileC1EPvby_4;unmapped-global:__LNst__ZN2dk11OctDrawFileC1EPvby_4;gdims:__LNst__ZN2dk11OctDrawFileC1EPvby_5;unmapped-global:__LNst__ZN2dk11OctDrawFileC1EPvby_5;gdims:__LNst__ZN2dk11OctDrawFileC1EPvby_6;unmapped-global:__LNst__ZN2dk11OctDrawFileC1EPvby_6;gdims:__LNst__ZN2dk11OctDrawFileC1EPvby_7;unmapped-global:__LNst__ZN2dk11OctDrawFileC1EPvby_7	
00145ab8	000b1388	216	loop	71.38	near	0.0		this-pad:func_00106ac8;this-pad:func_001070e8;globals:4ppc/3ps2;unmapped-global:0x744e38;static-unmapped	
00146250	000b0810	320	loop	88.71	near	16.99		positional:drawOneObjectNotSics->001471d8;positional:culling->00147210;positional:drawOneObjectSics->001466b0;dropped:ErrorPrintfx3;dropped:ErrorRaisex1;arity-pad:func_001471d8;this-pad:func_00144b38;this-pad:func_00147210;arity-pad:func_001466b0	
00146390	000b04ec	260	loop	83.98	near	16.69		positional:culling->00146088;positional:DrawParam->00146100;positional:draw->001461f0;unmapped-call:drawOneObjectNotSics;dropped:ErrorPrintfx2;dropped:drawOneObjectNotSicsx2;dropped:ErrorRaisex2;this-pad:func_00146088;this-pad:func_00146100;this-pad:func_00144be0;this-pad:func_001461f0;globals:9ppc/0ps2;unmapped-global:g_occCullTestNum;unmapped-global:g_occCullNum;unmapped-global:g_drawNodeBox;unmapped-global:param;unmapped-global:g_notScisNum;gdims:__LNst__ZN2dk11OctDrawFile15setNotScisGroupEiRi_1;unmapped-global:__LNst__ZN2dk11OctDrawFile15setNotScisGroupEiRi_1;gdims:__LNst__ZN2dk11OctDrawFile15setNotScisGroupEiRi_3;unmapped-global:__LNst__ZN2dk11OctDrawFile15setNotScisGroupEiRi_3;gdims:LS_78_LV_1;unmapped-global:LS_78_LV_1;gdims:__LNst__ZN2dk11OctDrawFile15setNotScisGroupEiRi_4;unmapped-global:__LNst__ZN2dk11OctDrawFile15setNotScisGroupEiRi_4;static-unmapped	dk::OctDrawFile|m_projection|20|40|0
00146498	000b1bf0	484	loop	77.12	near	2.78		positional:setNotScisGroup->00146730;positional:culling->00146088;positional:drawOneMapGroupSics->00146730;dropped:ErrorPrintfx5;dropped:ErrorRaisex3;this-pad:func_002cec08;arity-pad:func_00146730;arity-pad:func_00146250;globals:7ppc/0ps2;unmapped-global:g_occCullTestNum;unmapped-global:g_occCullNum;unmapped-global:g_notScisNum;gdims:__LNst__ZN2dk11OctDrawFile15setNotScisGroupEiRi_1;unmapped-global:__LNst__ZN2dk11OctDrawFile15setNotScisGroupEiRi_1;gdims:__LNst__ZN2dk11OctDrawFile15setNotScisGroupEiRi_3;unmapped-global:__LNst__ZN2dk11OctDrawFile15setNotScisGroupEiRi_3;gdims:LS_122_LV_9;unmapped-global:LS_122_LV_9;gdims:__LNst__ZN2dk11OctDrawFile15setNotScisGroupEiRi_4;unmapped-global:__LNst__ZN2dk11OctDrawFile15setNotScisGroupEiRi_4;static-unmapped	dk::OctDrawFile|m_projection|20|40|48
00146d68	000adb6c	120	loop	69.30	near	16.28		globals:1ppc/0ps2;unmapped-global:g_boxCnt;static-unmapped	dk::OctDrawFile|m_insertObjNum|65f0|65f0|5360
00146f28	000adeac	292	loop	70.94	near	54.49		simmap:cacheFindDrawObject->00147140;positional:isAlphaSprite->00146ed8;positional:setDrawObjectOne->00146e28;dropped:ErrorPrintfx2;dropped:ErrorRaisex2;arity-pad:func_00146ed8;arity-pad:func_00147140;arity-pad:func_00146e28;globals:4ppc/0ps2;unmapped-global:__LNst__ZN2dk11OctDrawFile14findDrawObjectEiPNS_11ObjDrawListEiRi_0;gdims:__LNst__ZN2dk11OctDrawFile14setPriorityObjEPNS_11ObjDrawListE_3;unmapped-global:__LNst__ZN2dk11OctDrawFile14setPriorityObjEPNS_11ObjDrawListE_3;gdims:LS_150_LV_35;unmapped-global:LS_150_LV_35;gdims:__LNst__ZN2dk11OctDrawFile16setDrawObjectOneEPNS_11ObjDrawListE_0;unmapped-global:__LNst__ZN2dk11OctDrawFile16setDrawObjectOneEPNS_11ObjDrawListE_0	dk::OctDrawFile|m_objInsertList|45f0|45f4|4364;dk::OctDrawFile|m_objInsertList|45f0|45f4|4364;dk::OctDrawFile|m_objInsertList|45f0|45f4|4364;dk::OctDrawFile|m_objInsertList|45f0|45f4|4364;dk::OctDrawFile|m_objInsertList|45f0|45f4|4364;dk::OctDrawFile|m_objInsertList|45f0|45f4|4364
00147050	000ad2d4	236	loop	82.09	near	25.28		simmap:fitsInBox->00144d90;dropped:ErrorPrintfx3;dropped:ErrorRaisex3;this-pad:func_00144d90;globals:5ppc/0ps2;unmapped-global:__LNst__ZN2dk11OctDrawFile14findDrawObjectEiPNS_11ObjDrawListEiRi_0;gdims:__LNst__ZN2dk11OctDrawFile14setPriorityObjEPNS_11ObjDrawListE_3;unmapped-global:__LNst__ZN2dk11OctDrawFile14setPriorityObjEPNS_11ObjDrawListE_3;gdims:LS_115_LV_29;unmapped-global:LS_115_LV_29;gdims:__LNst__ZN2dk11OctDrawFile14findDrawObjectEiPNS_11ObjDrawListEiRi_1;unmapped-global:__LNst__ZN2dk11OctDrawFile14findDrawObjectEiPNS_11ObjDrawListEiRi_1;gdims:__LNst__ZN2dk11OctDrawFile14findDrawObjectEiPNS_11ObjDrawListEiRi_2;unmapped-global:__LNst__ZN2dk11OctDrawFile14findDrawObjectEiPNS_11ObjDrawListEiRi_2	dk::OctDrawFile|m_projection|20|48|40
00147140	000ad574	152	branchy	67.95	near	39.92		stack-locals:1;simmap:fitsInBox->00144d90;simmap:findDrawObject->00147050;simmap:findDrawObject->00147050;dropped:ErrorPrintfx2;dropped:ErrorRaisex2;this-pad:func_00144d90;arity-pad:func_00147050;globals:4ppc/0ps2;unmapped-global:__LNst__ZN2dk11OctDrawFile14findDrawObjectEiPNS_11ObjDrawListEiRi_0;gdims:__LNst__ZN2dk11OctDrawFile14setPriorityObjEPNS_11ObjDrawListE_3;unmapped-global:__LNst__ZN2dk11OctDrawFile14setPriorityObjEPNS_11ObjDrawListE_3;gdims:LS_121_LV_30;unmapped-global:LS_121_LV_30;gdims:__LNst__ZN2dk11OctDrawFile14findDrawObjectEiPNS_11ObjDrawListEiRi_1;unmapped-global:__LNst__ZN2dk11OctDrawFile14findDrawObjectEiPNS_11ObjDrawListEiRi_1	dk::OctDrawFile|m_projection|20|b8|20
00147240	000ac648	120	float	88.12	near	28.29		unmapped-call:calc;unmapped-call:drawSpot;unmapped-call:drawSprite;unmapped-call:drawModel;dropped:drawModelx1;dropped:drawSpritex2;dropped:drawSpotx2;dropped:calcx1	dk::OctDrawFile|m_projection|20|20|18;dk::OctDrawFile|m_locateInfoNum|18|18|10;dk::OctDrawFile|m_projection|20|20|18
001473e8	000ae130	1064	float	73.32	near	31.39		stack-locals:1;simmap:getCameraNumber->00106a08;simmap:drawSkyObject->00148598;simmap:drawSkyObject->00148598;simmap:calcCameraRelative->00147810;simmap:calcObjZ->00148890;simmap:quickSort->001472b8;positional:drawShadowObject->00148a30;positional:drawOneObject->00148e40;positional:drawModelBase->00148ef0;dropped:ErrorPrintfx3;dropped:StatusPrintfx4;dropped:ErrorRaisex3;arity-pad:func_00148598;this-pad:func_00107368;arity-pad:func_00147810;arity-pad:func_00148890;arity-pad:func_00148a30;arity-pad:func_00148e40;arity-pad:func_00148ef0;globals:10ppc/6ps2;gdims:buffer;unmapped-global:buffer;gdims:__LNst__ZN2dk11OctDrawFile15clearObjVisibleEv_0;unmapped-global:__LNst__ZN2dk11OctDrawFile15clearObjVisibleEv_0;gdims:__LNst__ZN2dk11OctDrawFile14setPriorityObjEPNS_11ObjDrawListE_3;unmapped-global:__LNst__ZN2dk11OctDrawFile14setPriorityObjEPNS_11ObjDrawListE_3;gdims:LS_153_LV_36;unmapped-global:LS_153_LV_36;fix-arg:func_00148e40:2;fix-arg:func_00148e40:2;static-unmapped	dk::OctDrawFile|m_modelSprite|ef0|11f0|8a0;dk::OctDrawFile|m_modelSprite|ef0|11f8|8a8;dk::OctDrawFile|m_modelSprite|ef0|1200|8b0;dk::OctDrawFile|m_modelSprite|ef0|1208|8b8;dk::OctDrawFile|m_modelSprite|ef0|1238|8e8;dk::OctDrawFile|m_modelSprite|ef0|1244|8f4;dk::OctDrawFile|m_modelSprite|ef0|1240|8f0;dk::OctDrawFile|m_spotObjNum|a1c|a1c|c50;dk::OctDrawFile|m_modelSpriteObjNum|ee0|ee0|77c
00148470	000ac0e0	184	loop	79.46	near	11.49		simmap:drawModelBase->00147f08;dropped:ErrorPrintfx1;dropped:ErrorRaisex1;arity-pad:func_00147f08;globals:4ppc/0ps2;unmapped-global:knTemporaryBuffer;gdims:__LNst__ZN2dk11OctDrawFile14setPriorityObjEPNS_11ObjDrawListE_1;unmapped-global:__LNst__ZN2dk11OctDrawFile14setPriorityObjEPNS_11ObjDrawListE_1;gdims:__LNst__ZN2dk11OctDrawFile14setPriorityObjEPNS_11ObjDrawListE_3;unmapped-global:__LNst__ZN2dk11OctDrawFile14setPriorityObjEPNS_11ObjDrawListE_3;gdims:LS_89_LV_23;unmapped-global:LS_89_LV_23;static-unmapped	dk::OctDrawFile|m_objInsertList|45f0|45f4|4364
00148638	000acf7c	84	float	46.36	near	27.4		dropped:ErrorPrintfx1;dropped:ErrorRaisex1;globals:4ppc/0ps2;unmapped-global:g_LODlevel;gdims:__LNst__ZN2dk11OctDrawFile12calcPartsLODEPNS_11ObjDrawListEf_0;unmapped-global:__LNst__ZN2dk11OctDrawFile12calcPartsLODEPNS_11ObjDrawListEf_0;gdims:__LNst__ZN2dk11OctDrawFile14setPriorityObjEPNS_11ObjDrawListE_3;unmapped-global:__LNst__ZN2dk11OctDrawFile14setPriorityObjEPNS_11ObjDrawListE_3;gdims:LS_110_LV_28;unmapped-global:LS_110_LV_28;static-unmapped	
00148690	000acce0	512	float	69.87	near	5.16		dropped:ErrorPrintfx1;dropped:ErrorRaisex1;this-pad:func_0011c7c8;this-pad:func_0011c7f8;gvote:LS_108_LV_27->0036afb0;globals:3ppc/1ps2;gdims:__LNst__ZN2dk11OctDrawFile12calcPartsLODEPNS_11ObjDrawListEf_0;unmapped-global:__LNst__ZN2dk11OctDrawFile12calcPartsLODEPNS_11ObjDrawListEf_0;gdims:__LNst__ZN2dk11OctDrawFile14setPriorityObjEPNS_11ObjDrawListE_3;unmapped-global:__LNst__ZN2dk11OctDrawFile14setPriorityObjEPNS_11ObjDrawListE_3;gdims:LS_108_LV_27	
00148c50	000b40c4	496	loop	60.36	near	28.5		stack-locals:1;positional:DrawParam->00146730;unmapped-call:draw;dropped:ErrorPrintfx5;dropped:drawx1;dropped:ErrorRaisex5;this-pad:func_00144d10;this-pad:func_00146730;this-pad:func_00144be0;this-pad:func_002cec08;globals:11ppc/0ps2;unmapped-global:g_drawShadowBox;unmapped-global:param;unmapped-global:g_shadowGroupNum;gdims:__LNst__ZN2dk11OctDrawFile17selectShadowGroupEiRNS_6AabboxERiiPPNS_11ObjDrawListE_0;unmapped-global:__LNst__ZN2dk11OctDrawFile17selectShadowGroupEiRNS_6AabboxERiiPPNS_11ObjDrawListE_0;gdims:__LNst__ZN2dk11OctDrawFile16drawShadowObjectEPNS_11ObjDrawListEPS2_Ri_3;unmapped-global:__LNst__ZN2dk11OctDrawFile16drawShadowObjectEPNS_11ObjDrawListEPS2_Ri_3;gdims:LS_42_LV_3;unmapped-global:LS_42_LV_3;gdims:__LNst__ZN2dk11OctDrawFile17selectShadowGroupEiRNS_6AabboxERiiPPNS_11ObjDrawListE_1;unmapped-global:__LNst__ZN2dk11OctDrawFile17selectShadowGroupEiRNS_6AabboxERiiPPNS_11ObjDrawListE_1;gdims:__LNst__ZN2dk11OctDrawFile17selectShadowGroupEiRNS_6AabboxERiiPPNS_11ObjDrawListE_2;unmapped-global:__LNst__ZN2dk11OctDrawFile17selectShadowGroupEiRNS_6AabboxERiiPPNS_11ObjDrawListE_2;gdims:__LNst__ZN2dk11OctDrawFile17selectShadowGroupEiRNS_6AabboxERiiPPNS_11ObjDrawListE_3;unmapped-global:__LNst__ZN2dk11OctDrawFile17selectShadowGroupEiRNS_6AabboxERiiPPNS_11ObjDrawListE_3;gdims:mapbbox;unmapped-global:mapbbox;gdims:__LNst__ZN2dk11OctDrawFile17selectShadowGroupEiRNS_6AabboxERiiPPNS_11ObjDrawListE_4;unmapped-global:__LNst__ZN2dk11OctDrawFile17selectShadowGroupEiRNS_6AabboxERiiPPNS_11ObjDrawListE_4;static-unmapped	dk::OctDrawFile|m_camera|1b0|1e0|30;dk::OctDrawFile|m_camera|1b0|208|58;dk::OctDrawFile|m_projection|20|1a0|0;dk::OctDrawFile|m_nodeNum|10|10|4;dk::OctDrawFile|m_projection|20|1a0|0;dk::OctDrawFile|m_camera|1b0|1b8|4;dk::OctDrawFile|m_camera|1b0|1c0|10;dk::OctDrawFile|m_camera|1b0|1c8|18;dk::OctDrawFile|m_camera|1b0|1d0|20;dk::OctDrawFile|m_camera|1b0|1d8|28;dk::OctDrawFile|m_camera|1b0|1e0|30;dk::OctDrawFile|m_camera|1b0|1e8|38;dk::OctDrawFile|m_camera|1b0|1f0|40;dk::OctDrawFile|m_camera|1b0|1f8|48;dk::OctDrawFile|m_camera|1b0|200|50;dk::OctDrawFile|m_camera|1b0|208|58
00148e40	000b3fa0	176	loop	95.29	near	33.89		dropped:ErrorPrintfx1;dropped:ErrorRaisex1;globals:4ppc/0ps2;gdims:count;unmapped-global:count;gdims:__LNst__ZN2dk11OctDrawFile16drawShadowObjectEPNS_11ObjDrawListEPS2_Ri_1;unmapped-global:__LNst__ZN2dk11OctDrawFile16drawShadowObjectEPNS_11ObjDrawListEPS2_Ri_1;gdims:__LNst__ZN2dk11OctDrawFile16drawShadowObjectEPNS_11ObjDrawListEPS2_Ri_3;unmapped-global:__LNst__ZN2dk11OctDrawFile16drawShadowObjectEPNS_11ObjDrawListEPS2_Ri_3;unmapped-global:LS_40_LV_2;fix-arg:func_00148e40:4;static-unmapped	
00148ef0	000b45e0	608	float	68.90	near	33.11		stack-locals:1;synth-fields:7;simmap:DrawParam->00108698;simmap:DrawParam->00108698;simmap:occlusionCulling->00146088;simmap:sethitTableAddress->00146080;positional:set->00144860;positional:draw->00146730;positional:drawShadow->00148c50;positional:getShadowPolygonNum->0011de88;dropped:ErrorPrintfx4;dropped:ErrorRaisex4;this-pad:func_00108698;this-pad:func_00144860;this-pad:func_00144be0;this-pad:func_00146730;this-pad:func_002cec08;arity-pad:func_00146088;arity-pad:func_00146080;arity-pad:func_00148bc8;this-pad:func_00148c50;this-pad:func_0011de88;globals:16ppc/3ps2;unmapped-global:g_drawShadowBox;gdims:shadowbbox;unmapped-global:shadowbbox;unmapped-global:s_param;unmapped-global:s_shadowdrawlist;unmapped-global:g_drawShadowNum;unmapped-global:g_drawShadowPolyNum;gdims:_ZZN2dk6AabboxC1ERKS0_Es_0;unmapped-global:_ZZN2dk6AabboxC1ERKS0_Es_0;gdims:_ZZN2dk6AabboxC1ERKS0_Es_2;unmapped-global:_ZZN2dk6AabboxC1ERKS0_Es_2;gdims:_ZZN2dk6AabboxC1ERKS0_Es_3;unmapped-global:_ZZN2dk6AabboxC1ERKS0_Es_3;gdims:_ZZN2dk6AabboxC1ERKS0_Es_4;unmapped-global:_ZZN2dk6AabboxC1ERKS0_Es_4;gdims:__LNst__ZN2dk11OctDrawFile15drawShadowModelEPPNS_11ObjDrawListEi_0;unmapped-global:__LNst__ZN2dk11OctDrawFile15drawShadowModelEPPNS_11ObjDrawListEi_0;gdims:__LNst__ZN2dk11OctDrawFile16drawShadowObjectEPNS_11ObjDrawListEPS2_Ri_3;unmapped-global:__LNst__ZN2dk11OctDrawFile16drawShadowObjectEPNS_11ObjDrawListEPS2_Ri_3;gdims:LS_54_LV_4;unmapped-global:LS_54_LV_4;static-unmapped	dk::OctDrawFile|m_occFrustum|510|957|7;dk::OctDrawFile|m_occFrustum|510|9f0|60
00149448	00062be0	1928	loop	84.66	compile	0.0	00149448.cpp: In function `void;    e3_00149448(dk_MapFile*)':; 00149448.cpp:417: warning: invalid;    conversion from `const char*' to `const s8*'; 00149448.cpp:420: warning: invalid;    conversion f	dropped:ErrorPrintfx5;dropped:_printfx15;dropped:ErrorRaisex5;this-pad:func_001491d8;this-pad:func_00168b38;this-pad:func_00168ad8;this-pad:func_00168be8;globals:12ppc/4ps2;gdims:count;gdims:__LNst__ZN2dk7MapFile4initEv_4;gdims:__LNst__ZNK2dk7MapFile15getRadarAddressEi_3;gdims:__LNst__ZN2dk7MapFile4initEv_5;unmapped-global:__LNst__ZN2dk7MapFile4initEv_5;gdims:__LNst__ZN2dk7MapFile4initEv_6;unmapped-global:__LNst__ZN2dk7MapFile4initEv_6;gdims:__LNst__ZN2dk7MapFile4initEv_7;unmapped-global:__LNst__ZN2dk7MapFile4initEv_7;gdims:__LNst__ZN2dk7MapFile4initEv_8;unmapped-global:__LNst__ZN2dk7MapFile4initEv_8;gdims:__LNst__ZN2dk7MapFile4initEv_11;unmapped-global:__LNst__ZN2dk7MapFile4initEv_11;gdims:__LNst__ZN2dk7MapFile4initEv_12;unmapped-global:__LNst__ZN2dk7MapFile4initEv_12;gdims:__LNst__ZN2dk7MapFile4initEv_13;unmapped-global:__LNst__ZN2dk7MapFile4initEv_13;gdims:__LNst__ZN2dk7MapFile4initEv_23;unmapped-global:__LNst__ZN2dk7MapFile4initEv_23	
00149de0	000434bc	220	branchy	96.49	near	88.82		this-pad:func_001051a0;gvote:Current->0032bae0	
00149fe0	00050658	188	branchy	92.19	near	35.96		stack-locals:1;dropped:ErrorPrintfx3;dropped:ErrorRaisex1;dropped:_printfx2;globals:3ppc/0ps2;gdims:LS_31_entranceTable;unmapped-global:LS_31_entranceTable;gdims:__LNst__ZN2dk5Field19getWorldMapEntranceEi_3;unmapped-global:__LNst__ZN2dk5Field19getWorldMapEntranceEi_3;gdims:__LNst__ZN2dk5Field13WorldMapStartEij_1;unmapped-global:__LNst__ZN2dk5Field13WorldMapStartEij_1;static-unmapped	
0014a500	0008b548	476	float	66.75	compile	0.0	0014a500.cpp:507: non-lvalue in	synth-fields:1;positional:disableMagicScale->0013eeb8;unmapped-call:drawPacket;unmapped-call:enableMagicScale;dropped:enableMagicScalex1;dropped:drawPacketx1;this-pad:func_0013ee40;this-pad:func_0013ee28;this-pad:func_0013ee30;this-pad:func_0014b1e0;this-pad:func_0013edd8;this-pad:func_0013edd0;gvote:s_blurFlag->0034939c;gvote:LS_37_first->0034939e;gvote:s_blurType->0034939d;gvote:s_ft4->00349270;gvote:s_blurFrameCounter->00349398;globals:12ppc/10ps2;unmapped-global:s_blurFrame;unmapped-global:s_frameTime	
0014a9a0	0004f638	184	float	65.96	near	64.55		this-pad:func_0014b220;this-pad:func_0014b620;globals:0ppc/1ps2	
0014aa58	0004f91c	36	straight	99.78	near	99.78		arity-pad:func_0014a9a0	dk::Fade|m_frameCount|100|100|f4
0014aa80	0004f948	40	straight	99.70	near	99.7		arity-pad:func_0014a9a0	dk::Fade|m_frameAdd|104|104|f8;dk::Fade|m_frameCount|100|100|f4
0014b290	000763c8	472	branchy	22.29	compile	0.0	0014b290.cpp:435: `	synth-fields:4;globals:4ppc/1ps2;unmapped-global:GS_DEF_ZBUF;unmapped-global:GS_DEF_TEX1;unmapped-global:GS_DEF_CLAMP	
0014b518	00076760	196	branchy	31.84	compile	0.0	0014b518.cpp:442: `	synth-fields:5;fix-undecl:paVar1;fix-undecl:paVar2;fix-undecl:aVar4	
0014ba90	000769fc	108	straight	95.63	compile	0.0	0014ba90.cpp:496: non-lvalue in	synth-fields:2;simmap:createPacket->0014b290;this-pad:func_0014b290;globals:3ppc/2ps2;unmapped-global:GS_DEF_SCISSOR	
0014c9d8	0007f2d4	24	straight	66.67	near	66.67		gvote:s_updateDisable->00349dec	
0014c9f0	0007f2e8	28	straight	71.43	near	71.43		gvote:s_updateDisable->00349dec	
0014ca80	000496b8	216	float	73.06	near	19.19		globals:0ppc/1ps2	
0014ccb8	0004979c	220	branchy	38.31	near	0.0		dropped:ErrorPrintfx2;dropped:ErrorRaisex2;gvote:Current->0032bae0;globals:8ppc/2ps2;gdims:_ZZN2dk5Clock7SaveRam16getWorldPlayTimeEiEs_0;unmapped-global:_ZZN2dk5Clock7SaveRam16getWorldPlayTimeEiEs_0;gdims:_ZZN2dk5Clock7SaveRam16getWorldPlayTimeEiEs_2;unmapped-global:_ZZN2dk5Clock7SaveRam16getWorldPlayTimeEiEs_2;unmapped-global:LV_0;gdims:_ZZN2dk5Clock7SaveRam16setWorldPlayTimeEijEs_0;unmapped-global:_ZZN2dk5Clock7SaveRam16setWorldPlayTimeEijEs_0;gdims:_ZZN2dk5Clock7SaveRam16setWorldPlayTimeEijEs_2;unmapped-global:_ZZN2dk5Clock7SaveRam16setWorldPlayTimeEijEs_2;unmapped-global:LV_1	
0014cf18	00081eec	104	straight	68.81	near	35.73		simmap:iupdatePlayTime->0014ccb8;positional:iupdateTime->0014ca48;positional:isleep->0014d4e8;gvote:s_vCount->00349e04;gvote:s_localVCount->00349e08	
0014ed28	000727f8	128	branchy	94.85	near	41.41		positional:getBackGroundSeBank->0014ecf8;dropped:ErrorPrintfx2;dropped:_printfx1;dropped:ErrorRaisex2;gvote:s_count->0034a400;globals:7ppc/2ps2;gdims:__LNst__ZN2dk9POLYGONSE8createSeEii_1;unmapped-global:__LNst__ZN2dk9POLYGONSE8createSeEii_1;gdims:__LNst__ZN2dk9POLYGONSE8createSeEii_3;unmapped-global:__LNst__ZN2dk9POLYGONSE8createSeEii_3;gdims:LS_34_LV_0;unmapped-global:LS_34_LV_0;gdims:__LNst__ZN2dk9POLYGONSE8createSeEii_4;unmapped-global:__LNst__ZN2dk9POLYGONSE8createSeEii_4;gdims:__LNst__ZN2dk9POLYGONSE8createSeEii_5;unmapped-global:__LNst__ZN2dk9POLYGONSE8createSeEii_5	
0014eda8	00072770	128	loop	92.12	near	77.54		gvote:s_count->0034a400	
0014f030	000616c8	56	float	44.22	near	1.26		unmapped-call:setFogLimiter;unmapped-call:setFogRange;unmapped-call:setFogColor;unmapped-call:SetFogClamp;unmapped-call:SetFogRange;unmapped-call:SetFogColor;dropped:setFogColorx1;dropped:setFogRangex1;dropped:SetFogColorx1;dropped:SetFogRangex1;dropped:SetFogClampx1;dropped:setFogLimiterx1;globals:2ppc/1ps2;unmapped-global:fogEnable_;static-unmapped	
0014f5d0	000a6cc8	120	branchy	96.61	near	83.19		dropped:ErrorPrintfx1;dropped:ErrorRaisex1;this-pad:func_00150bc0;this-pad:func_00150be0;this-pad:func_00150b68;gvote:s_informationWindow->0034a42c;globals:4ppc/1ps2;gdims:__LNst__ZN2dk11INFORMATION21openInformationWindowEPKN2YS7MESSAGEE_1;unmapped-global:__LNst__ZN2dk11INFORMATION21openInformationWindowEPKN2YS7MESSAGEE_1;gdims:__LNst__ZN2dk11INFORMATION21openInformationWindowEPKN2YS7MESSAGEE_3;unmapped-global:__LNst__ZN2dk11INFORMATION21openInformationWindowEPKN2YS7MESSAGEE_3;gdims:LS_63_LV_7;unmapped-global:LS_63_LV_7	
0014fc40	000a5ae8	148	float	79.34	near	41.88		dropped:ErrorPrintfx1;dropped:_printfx2;dropped:ErrorRaisex1;this-pad:func_001391c8;globals:5ppc/1ps2;gdims:sm_height;gdims:__LNst__ZN2dk9INFO_BASE6createEiiiiNS0_5ALIGNE_1;unmapped-global:__LNst__ZN2dk9INFO_BASE6createEiiiiNS0_5ALIGNE_1;gdims:__LNst__ZN2dk9INFO_BASE6createEiiiiNS0_5ALIGNE_3;unmapped-global:__LNst__ZN2dk9INFO_BASE6createEiiiiNS0_5ALIGNE_3;gdims:__LNst__ZN2dk9INFO_BASE6createEiiiiNS0_5ALIGNE_4;unmapped-global:__LNst__ZN2dk9INFO_BASE6createEiiiiNS0_5ALIGNE_4;gdims:__LNst__ZN2dk9INFO_BASE6createEiiiiNS0_5ALIGNE_5;unmapped-global:__LNst__ZN2dk9INFO_BASE6createEiiiiNS0_5ALIGNE_5	
0014fe00	000b8890	1116	loop	80.14	near	47.02		dropped:ErrorPrintfx6;dropped:ErrorRaisex4;arity-pad:func_00138650;arity-pad:func_0015b4f8;arity-pad:func_00239c38;arity-pad:func_0023acd8;arity-pad:func_0023a950;arity-pad:func_0023aa78;this-pad:func_001396b0;this-pad:func_00139660;this-pad:func_00139688;arity-pad:func_0023a988;arity-pad:func_00138c68;this-pad:func_0023aa98;this-pad:func_00138c40;globals:4ppc/0ps2;gdims:__LNst__ZN2dk7COUNTER6createEPvS1_NS_9INFO_BASE5ALIGNEiiPiS4_i_0;unmapped-global:__LNst__ZN2dk7COUNTER6createEPvS1_NS_9INFO_BASE5ALIGNEiiPiS4_i_0;gdims:__LNst__ZN2dk7COUNTER12getSeqNumberEPiiiS1__4;unmapped-global:__LNst__ZN2dk7COUNTER12getSeqNumberEPiiiS1__4;gdims:__LNst__ZN2dk7COUNTER6createEPvS1_NS_9INFO_BASE5ALIGNEiiPiS4_i_1;unmapped-global:__LNst__ZN2dk7COUNTER6createEPvS1_NS_9INFO_BASE5ALIGNEiiPiS4_i_1;gdims:__LNst__ZN2dk7COUNTER6createEPvS1_NS_9INFO_BASE5ALIGNEiiPiS4_i_2;unmapped-global:__LNst__ZN2dk7COUNTER6createEPvS1_NS_9INFO_BASE5ALIGNEiiPiS4_i_2;raw-view:11;fix-arity:func_00138650	
00150328	000b85f8	588	loop	84.80	near	60.67		stack-locals:1;this-pad:func_0014fcd8;arity-pad:func_001506e0;this-pad:func_00138c40;arity-pad:func_00138c10;this-pad:func_001395a8;this-pad:func_00139598;gvote:0x7ebca8->0034a4f0;gvote:0x7ebcd0->0034a518;raw-view:1	dk::COUNTER|m_image|30|d0|40;dk::COUNTER|m_image|30|b0|20;dk::COUNTER|m_image|30|b8|28;dk::COUNTER|m_image|30|c0|30;dk::COUNTER|m_image|30|c8|38;dk::COUNTER|m_image|30|d8|48;dk::COUNTER|m_image|30|e0|50;dk::COUNTER|m_image|30|e8|58;dk::COUNTER|m_mode|1794|1794|1820;dk::COUNTER|m_image|30|b0|20;dk::COUNTER|m_image|30|b0|20;dk::COUNTER|m_image|30|b8|28;dk::COUNTER|m_image|30|c0|30;dk::COUNTER|m_image|30|c8|38;dk::COUNTER|m_image|30|d0|40;dk::COUNTER|m_image|30|d8|48;dk::COUNTER|m_image|30|e0|50;dk::COUNTER|m_image|30|e8|58;dk::COUNTER|m_counterPtr|1774|1774|1800;dk::COUNTER|m_denominatorPtr|1780|1780|180c;dk::COUNTER|m_oldCounter|177c|177c|1808;dk::COUNTER|m_counter|1778|1778|1804;dk::COUNTER|m_denominator|1784|1784|1810;dk::COUNTER|m_denominator|1784|1784|1810;dk::COUNTER|m_counter|1778|1778|1804;dk::COUNTER|m_oldDenominator|1788|1788|1814;dk::COUNTER|m_oldCounter|177c|177c|1808
001506e0	000b84e4	216	loop	93.72	near	35.48		this-pad:func_00139510;this-pad:func_001396b0;raw-view:2	
001508a0	000a8924	160	float	62.62	near	49.27		dropped:_printfx2;this-pad:func_001395a8;this-pad:func_001a98e8;this-pad:func_0023aa18;globals:2ppc/1ps2;gdims:__LNst__ZN2dk18INFORMATION_WINDOW4initEPKN2YS7MESSAGEE_1;gdims:__LNst__ZN2dk18INFORMATION_WINDOW4initEPKN2YS7MESSAGEE_2;unmapped-global:__LNst__ZN2dk18INFORMATION_WINDOW4initEPKN2YS7MESSAGEE_2;raw-view:4	dk::INFORMATION_WINDOW|m_spWindow|30|70|78;dk::INFORMATION_WINDOW|m_flagIW|3d0|3d8|3cc;dk::INFORMATION_WINDOW|m_flagIW|3d0|3d8|3cc;dk::INFORMATION_WINDOW|m_wait|3d4|3dc|3d0
00150940	000a8b4c	216	branchy	81.83	near	49.52		this-pad:func_00138c10;arity-pad:func_001508a0;raw-view:5	dk::INFORMATION_WINDOW|m_flagIW|3d0|3d8|3cc;dk::INFORMATION_WINDOW|m_flagIW|3d0|3d8|3cc
00150a18	000a8710	332	float	50.09	near	64.53		this-pad:func_0014fcd8;this-pad:func_00139538;this-pad:func_00139510;this-pad:func_0014b950;this-pad:func_0023aa98;this-pad:func_00138c10;this-pad:func_00139598;this-pad:func_00138c40;globals:1ppc/2ps2;raw-view:10	dk::INFORMATION_WINDOW|m_flagIW|3d0|3d8|3cc;dk::INFORMATION_WINDOW|m_flagIW|3d0|3d8|3cc;dk::INFORMATION_WINDOW|m_flagIW|3d0|3d8|3cc;dk::INFORMATION_WINDOW|m_wait|3d4|3dc|3d0
00150be8	000b7224	468	loop	98.12	near	0.0		this-pad:func_001396b0;this-pad:func_00139660;this-pad:func_00139688;arity-pad:func_00138c40;this-pad:func_00138c68;this-pad:func_0023aa98;raw-view:21	dk::TIMER|m_mode|1920|1920|19a8;dk::INFO_BASE|m_posyNow|28|28|20;dk::TIMER|m_sp|130|190|18c;dk::TIMER|m_sp|130|194|190;dk::TIMER|m_sp|130|194|190
00151138	000b6d1c	888	branchy	67.24	near	26.38		stack-locals:1;positional:_printf->00139d78;this-pad:func_0014fcd8;arity-pad:func_001515b0;this-pad:func_00138c40;this-pad:func_0023aa98;this-pad:func_00138c10;this-pad:func_001386e0;gvote:0x7ebc80->0034a580;globals:3ppc/1ps2;unmapped-global:__LNst__ZN2dk5TIMER6updateEv_3;unmapped-global:__LNst__ZN2dk5TIMER6updateEv_2;raw-view:14;static-unmapped;variant:no_dims	dk::TIMER|m_image|30|d0|20;dk::TIMER|m_image|30|d0|20;dk::TIMER|m_image|30|118|48
001515b0	000b6bfc	224	loop	95.71	near	66.98		this-pad:func_00139510;raw-view:6	dk::INFO_BASE|m_posyNow|28|28|20
001516b0	000a9490	776	float	89.23	near	0.0		dropped:ErrorPrintfx5;dropped:ErrorRaisex3;arity-pad:func_00138650;this-pad:func_002368e8;this-pad:func_002367c8;arity-pad:func_0015b4f8;arity-pad:func_00239c38;arity-pad:func_0023acd8;arity-pad:func_0023a950;arity-pad:func_0023aa78;arity-pad:func_001519f8;this-pad:func_001396b0;this-pad:func_00139660;this-pad:func_00139688;arity-pad:func_0023a988;this-pad:func_00138c68;arity-pad:func_0023aa18;arity-pad:func_0023aa38;this-pad:func_00138c40;globals:3ppc/2ps2;gdims:__LNst__ZN2dk13MISSION_GAUGE6createEPvS1_NS_9INFO_BASE5ALIGNEfPfi_0;gdims:__LNst__ZN2dk13MISSION_GAUGE9calcScaleEv_3;gdims:__LNst__ZN2dk13MISSION_GAUGE6createEPvS1_NS_9INFO_BASE5ALIGNEfPfi_1;unmapped-global:__LNst__ZN2dk13MISSION_GAUGE6createEPvS1_NS_9INFO_BASE5ALIGNEfPfi_1;raw-view:10;fix-arity:func_00138650	
001519f8	000a9098	172	float	46.16	near	7.13		dropped:ErrorPrintfx3;dropped:ErrorRaisex3;arity-pad:func_0023aa98;arity-pad:func_00239f18;arity-pad:func_00138c68;gvote:LS_38_LV_1->0036b240;globals:3ppc/1ps2;gdims:__LNst__ZN2dk13MISSION_GAUGE9calcScaleEv_1;unmapped-global:__LNst__ZN2dk13MISSION_GAUGE9calcScaleEv_1;gdims:__LNst__ZN2dk13MISSION_GAUGE9calcScaleEv_3;unmapped-global:__LNst__ZN2dk13MISSION_GAUGE9calcScaleEv_3;gdims:LS_38_LV_1;raw-view:4;fix-arg:func_00239f18:1;fix-arg:func_00239f18:1;variant:no_thispad	dk::INFO_BASE|m_posyNow|28|28|20;dk::MISSION_GAUGE|m_image|30|30|28
00151aa8	000a93e0	148	float	98.73	near	98.73		this-pad:func_0014fcd8;arity-pad:func_00151c70;this-pad:func_00138c40;arity-pad:func_001519f8;raw-view:1;shift:dk::MISSION_GAUGE.m_mode@0xaa4+172;shift:dk::MISSION_GAUGE.m_gaugePtr@0xa98+172	dk::MISSION_GAUGE|m_mode|aa4|aa4|b50;dk::MISSION_GAUGE|m_gaugePtr|a98|a98|b44
00151c70	000a92cc	216	loop	93.72	near	35.48		this-pad:func_00139510;this-pad:func_001396b0;raw-view:2	
00151d48	000b951c	164	loop	85.48	near	52.86		stack-locals:1;simmap:getSeqNumber->0015b4f8;dropped:ErrorPrintfx1;dropped:ErrorRaisex1;dropped:_printfx1;this-pad:func_00239c38;this-pad:func_0023aa98;globals:5ppc/1ps2;gdims:__LNst__ZN2dk9GET_MUNNY10initNumberEv_0;unmapped-global:__LNst__ZN2dk9GET_MUNNY10initNumberEv_0;gdims:__LNst__ZN2dk9GET_MUNNY10initNumberEv_2;unmapped-global:__LNst__ZN2dk9GET_MUNNY10initNumberEv_2;gdims:__LNst__ZN2dk9GET_MUNNY10initNumberEv_4;unmapped-global:__LNst__ZN2dk9GET_MUNNY10initNumberEv_4;gdims:LS_33_LV_1;unmapped-global:LS_33_LV_1;raw-view:1	dk::GET_MUNNY|m_munny|b50|b50|b4c;dk::GET_MUNNY|m_base|30|108|48
00151f40	000b968c	156	loop	94.46	near	91.79		this-pad:func_0014fcd8;this-pad:func_00139538;this-pad:func_00138c40;this-pad:func_0023acd8;raw-view:2	
00152120	000aaa0c	164	loop	85.48	near	52.86		stack-locals:1;simmap:getSeqNumber->0015b4f8;dropped:ErrorPrintfx1;dropped:ErrorRaisex1;dropped:_printfx1;this-pad:func_00239c38;this-pad:func_0023aa98;globals:5ppc/1ps2;gdims:__LNst__ZN2dk8NEXT_EXP10initNumberEv_0;unmapped-global:__LNst__ZN2dk8NEXT_EXP10initNumberEv_0;gdims:__LNst__ZN2dk8NEXT_EXP10initNumberEv_2;unmapped-global:__LNst__ZN2dk8NEXT_EXP10initNumberEv_2;gdims:__LNst__ZN2dk8NEXT_EXP10initNumberEv_4;unmapped-global:__LNst__ZN2dk8NEXT_EXP10initNumberEv_4;gdims:LS_33_LV_1;unmapped-global:LS_33_LV_1;raw-view:1	dk::NEXT_EXP|m_nextExp|b50|b50|b4c;dk::NEXT_EXP|m_base|30|108|48
00152318	000aab7c	156	loop	94.46	near	91.79		this-pad:func_0014fcd8;this-pad:func_00139538;this-pad:func_00138c40;this-pad:func_0023acd8;raw-view:2	
00152688	0005cc24	144	straight	92.08	near	50.22		stack-locals:1;unmapped-call:calcPos;dropped:calcPosx1;arity-pad:func_001390c0;this-pad:func_001a98e8;this-pad:func_0023a9c0;globals:0ppc/1ps2;fix-arity:func_001390c0	
00152820	0005c250	236	straight	92.34	near	62.78		stack-locals:1;this-pad:func_0023a9c0;this-pad:func_0023a918;this-pad:func_0023aa98;globals:1ppc/0ps2;unmapped-global:0xffffff;static-unmapped	dk::Sprite|m_sequence|18|c0|20;dk::Sprite|m_sequence|18|c8|28;dk::Sprite|m_sequence|18|d0|30;dk::Sprite|m_sequence|18|d8|38;dk::Sprite|m_sequence|18|e0|40;dk::Sprite|m_sequence|18|e8|48;dk::Sprite|m_sequence|18|b0|10;dk::Sprite|m_sequence|18|b8|18;dk::Sprite|m_sequence|18|c0|20;dk::Sprite|m_sequence|18|c8|28;dk::Sprite|m_sequence|18|d0|30;dk::Sprite|m_sequence|18|d8|38;dk::Sprite|m_sequence|18|e0|40;dk::Sprite|m_sequence|18|e8|48
00152b50	0005d570	136	straight	60.57	near	0.0		this-pad:func_001391c8;fix-assign-cast;fix-assign-cast	dk::LEVELUP_INFO|m_summon|2fc0|2fd0|18
00152bd8	0005cee4	868	loop	52.97	near	59.16		synth-fields:2;positional:create->001525b8;dropped:ErrorPrintfx6;dropped:ErrorRaisex6;this-pad:func_001525b8;globals:18ppc/0ps2;gdims:_ZZN2YS5QUEUEIN2dk13LEVELUP_QUEUEINS1_8LEVEL_UPELi16EE18LEVELUP_QUEUE_DATAELi16EE10look_firstEvEs_0;unmapped-global:_ZZN2YS5QUEUEIN2dk13LEVELUP_QUEUEINS1_8LEVEL_UPELi16EE18LEVELUP_QUEUE_DATAELi16EE10look_firstEvEs_0;gdims:_ZZN2YS5QUEUEIN2dk13LEVELUP_QUEUEINS1_8LEVEL_UPELi16EE18LEVELUP_QUEUE_DATAELi16EE10look_firstEvEs_2;unmapped-global:_ZZN2YS5QUEUEIN2dk13LEVELUP_QUEUEINS1_8LEVEL_UPELi16EE18LEVELUP_QUEUE_DATAELi16EE10look_firstEvEs_2;gdims:LV_3;unmapped-global:LV_3;gdims:_ZZN2YS5QUEUEIN2dk13LEVELUP_QUEUEINS1_8LEVEL_UPELi16EE18LEVELUP_QUEUE_DATAELi16EE9get_firstEvEs_0;unmapped-global:_ZZN2YS5QUEUEIN2dk13LEVELUP_QUEUEINS1_8LEVEL_UPELi16EE18LEVELUP_QUEUE_DATAELi16EE9get_firstEvEs_0;gdims:_ZZN2YS5QUEUEIN2dk13LEVELUP_QUEUEINS1_8LEVEL_UPELi16EE18LEVELUP_QUEUE_DATAELi16EE9get_firstEvEs_2;unmapped-global:_ZZN2YS5QUEUEIN2dk13LEVELUP_QUEUEINS1_8LEVEL_UPELi16EE18LEVELUP_QUEUE_DATAELi16EE9get_firstEvEs_2;unmapped-global:LV_4;gdims:_ZZN2YS5QUEUEIN2dk13LEVELUP_QUEUEINS1_13LEVEL_UP_FORMELi4EE18LEVELUP_QUEUE_DATAELi4EE10look_firstEvEs_0;unmapped-global:_ZZN2YS5QUEUEIN2dk13LEVELUP_QUEUEINS1_13LEVEL_UP_FORMELi4EE18LEVELUP_QUEUE_DATAELi4EE10look_firstEvEs_0;gdims:_ZZN2YS5QUEUEIN2dk13LEVELUP_QUEUEINS1_13LEVEL_UP_FORMELi4EE18LEVELUP_QUEUE_DATAELi4EE10look_firstEvEs_2;unmapped-global:_ZZN2YS5QUEUEIN2dk13LEVELUP_QUEUEINS1_13LEVEL_UP_FORMELi4EE18LEVELUP_QUEUE_DATAELi4EE10look_firstEvEs_2;gdims:LV_9;unmapped-global:LV_9;gdims:_ZZN2YS5QUEUEIN2dk13LEVELUP_QUEUEINS1_13LEVEL_UP_FORMELi4EE18LEVELUP_QUEUE_DATAELi4EE9get_firstEvEs_0;unmapped-global:_ZZN2YS5QUEUEIN2dk13LEVELUP_QUEUEINS1_13LEVEL_UP_FORMELi4EE18LEVELUP_QUEUE_DATAELi4EE9get_firstEvEs_0;gdims:_ZZN2YS5QUEUEIN2dk13LEVELUP_QUEUEINS1_13LEVEL_UP_FORMELi4EE18LEVELUP_QUEUE_DATAELi4EE9get_firstEvEs_2;unmapped-global:_ZZN2YS5QUEUEIN2dk13LEVELUP_QUEUEINS1_13LEVEL_UP_FORMELi4EE18LEVELUP_QUEUE_DATAELi4EE9get_firstEvEs_2;gdims:LV_10;unmapped-global:LV_10;gdims:_ZZN2YS5QUEUEIN2dk13LEVELUP_QUEUEINS1_15LEVEL_UP_SUMMONELi4EE18LEVELUP_QUEUE_DATAELi4EE10look_firstEvEs_0;unmapped-global:_ZZN2YS5QUEUEIN2dk13LEVELUP_QUEUEINS1_15LEVEL_UP_SUMMONELi4EE18LEVELUP_QUEUE_DATAELi4EE10look_firstEvEs_0;gdims:_ZZN2YS5QUEUEIN2dk13LEVELUP_QUEUEINS1_15LEVEL_UP_SUMMONELi4EE18LEVELUP_QUEUE_DATAELi4EE10look_firstEvEs_2;unmapped-global:_ZZN2YS5QUEUEIN2dk13LEVELUP_QUEUEINS1_15LEVEL_UP_SUMMONELi4EE18LEVELUP_QUEUE_DATAELi4EE10look_firstEvEs_2;gdims:LV_13;unmapped-global:LV_13;gdims:_ZZN2YS5QUEUEIN2dk13LEVELUP_QUEUEINS1_15LEVEL_UP_SUMMONELi4EE18LEVELUP_QUEUE_DATAELi4EE9get_firstEvEs_0;unmapped-global:_ZZN2YS5QUEUEIN2dk13LEVELUP_QUEUEINS1_15LEVEL_UP_SUMMONELi4EE18LEVELUP_QUEUE_DATAELi4EE9get_firstEvEs_0;gdims:_ZZN2YS5QUEUEIN2dk13LEVELUP_QUEUEINS1_15LEVEL_UP_SUMMONELi4EE18LEVELUP_QUEUE_DATAELi4EE9get_firstEvEs_2;unmapped-global:_ZZN2YS5QUEUEIN2dk13LEVELUP_QUEUEINS1_15LEVEL_UP_SUMMONELi4EE18LEVELUP_QUEUE_DATAELi4EE9get_firstEvEs_2;gdims:LV_14;unmapped-global:LV_14;fix-assign-cast;fix-assign-cast;fix-assign-cast;fix-assign-cast;fix-assign-cast;fix-assign-cast	dk::LEVELUP_INFO|m_chara|18|20|28
00152f40	0005d630	448	loop	87.60	near	36.65		synth-fields:6;byname:ErrorRaise->0031a838;byname:ErrorRaise->0031a838;positional:ErrorPrintf->0031cc28;positional:_printf->0031cc28;this-pad:func_00239700;arity-pad:func_00152b50;globals:13ppc/9ps2;unmapped-global:s_info;unmapped-global:__LNst__ZN2dk12LEVELUP_INFO4initEv_0;unmapped-global:__LNst__ZN2dk8LEVEL_UP6createEiPKN2YS7MESSAGEES4_S4_iii_3;unmapped-global:LS_156_LV_20;static-unmapped;variant:no_dims,no_gvote	
00153158	0005d9c0	160	straight	72.00	near	33.7		dropped:ErrorPrintfx1;dropped:ErrorRaisex1;dropped:_printfx1;gvote:s_info->0034a6f0;globals:4ppc/1ps2;gdims:__LNst__ZN2dk12LEVELUP_INFO4initEv_0;unmapped-global:__LNst__ZN2dk12LEVELUP_INFO4initEv_0;gdims:__LNst__ZN2dk8LEVEL_UP6createEiPKN2YS7MESSAGEES4_S4_iii_3;unmapped-global:__LNst__ZN2dk8LEVEL_UP6createEiPKN2YS7MESSAGEES4_S4_iii_3;unmapped-global:LS_160_LV_21	
001531f8	0005db34	276	branchy	77.78	near	46.52		dropped:ErrorPrintfx4;dropped:ErrorRaisex4;this-pad:func_00192c90;this-pad:func_00192b30;gvote:s_info->0034a6f0;globals:11ppc/1ps2;gdims:__LNst__ZN2dk12LEVELUP_INFO4initEv_0;unmapped-global:__LNst__ZN2dk12LEVELUP_INFO4initEv_0;gdims:__LNst__ZN2dk8LEVEL_UP6createEiPKN2YS7MESSAGEES4_S4_iii_3;unmapped-global:__LNst__ZN2dk8LEVEL_UP6createEiPKN2YS7MESSAGEES4_S4_iii_3;gdims:LS_162_LV_22;unmapped-global:LS_162_LV_22;gdims:_ZZN2YS5QUEUEIN2dk13LEVELUP_QUEUEINS1_8LEVEL_UPELi16EE18LEVELUP_QUEUE_DATAELi16EE8get_lastEvEs_0;unmapped-global:_ZZN2YS5QUEUEIN2dk13LEVELUP_QUEUEINS1_8LEVEL_UPELi16EE18LEVELUP_QUEUE_DATAELi16EE8get_lastEvEs_0;gdims:_ZZN2YS5QUEUEIN2dk13LEVELUP_QUEUEINS1_8LEVEL_UPELi16EE18LEVELUP_QUEUE_DATAELi16EE8get_lastEvEs_2;unmapped-global:_ZZN2YS5QUEUEIN2dk13LEVELUP_QUEUEINS1_8LEVEL_UPELi16EE18LEVELUP_QUEUE_DATAELi16EE8get_lastEvEs_2;unmapped-global:LV_7;gdims:_ZZN2dk13LEVELUP_QUEUEINS_8LEVEL_UPELi16EE3setEiPKN2YS7MESSAGEES6_S6_iiEs_0;unmapped-global:_ZZN2dk13LEVELUP_QUEUEINS_8LEVEL_UPELi16EE3setEiPKN2YS7MESSAGEES6_S6_iiEs_0;gdims:_ZZN2dk13LEVELUP_QUEUEINS_8LEVEL_UPELi16EE3setEiPKN2YS7MESSAGEES6_S6_iiEs_2;unmapped-global:_ZZN2dk13LEVELUP_QUEUEINS_8LEVEL_UPELi16EE3setEiPKN2YS7MESSAGEES6_S6_iiEs_2;unmapped-global:LV_8;gdims:_ZZN2dk13LEVELUP_QUEUEINS_8LEVEL_UPELi16EE3setEiPKN2YS7MESSAGEES6_S6_iiEs_3;unmapped-global:_ZZN2dk13LEVELUP_QUEUEINS_8LEVEL_UPELi16EE3setEiPKN2YS7MESSAGEES6_S6_iiEs_3	
00153468	0005e368	212	branchy	77.87	near	41.33		dropped:ErrorPrintfx3;dropped:ErrorRaisex3;this-pad:func_00192c90;this-pad:func_00192b30;gvote:s_info->0034a6f0;globals:10ppc/1ps2;gdims:__LNst__ZN2dk12LEVELUP_INFO4initEv_0;unmapped-global:__LNst__ZN2dk12LEVELUP_INFO4initEv_0;gdims:__LNst__ZN2dk8LEVEL_UP6createEiPKN2YS7MESSAGEES4_S4_iii_3;unmapped-global:__LNst__ZN2dk8LEVEL_UP6createEiPKN2YS7MESSAGEES4_S4_iii_3;gdims:LS_168_LV_25;unmapped-global:LS_168_LV_25;gdims:_ZZN2YS5QUEUEIN2dk13LEVELUP_QUEUEINS1_15LEVEL_UP_SUMMONELi4EE18LEVELUP_QUEUE_DATAELi4EE8get_lastEvEs_0;unmapped-global:_ZZN2YS5QUEUEIN2dk13LEVELUP_QUEUEINS1_15LEVEL_UP_SUMMONELi4EE18LEVELUP_QUEUE_DATAELi4EE8get_lastEvEs_0;gdims:_ZZN2YS5QUEUEIN2dk13LEVELUP_QUEUEINS1_15LEVEL_UP_SUMMONELi4EE18LEVELUP_QUEUE_DATAELi4EE8get_lastEvEs_2;unmapped-global:_ZZN2YS5QUEUEIN2dk13LEVELUP_QUEUEINS1_15LEVEL_UP_SUMMONELi4EE18LEVELUP_QUEUE_DATAELi4EE8get_lastEvEs_2;gdims:LV_15;unmapped-global:LV_15;gdims:_ZZN2dk13LEVELUP_QUEUEINS_15LEVEL_UP_SUMMONELi4EE3setEiPKN2YS7MESSAGEES6_S6_iiEs_0;unmapped-global:_ZZN2dk13LEVELUP_QUEUEINS_15LEVEL_UP_SUMMONELi4EE3setEiPKN2YS7MESSAGEES6_S6_iiEs_0;gdims:_ZZN2dk13LEVELUP_QUEUEINS_15LEVEL_UP_SUMMONELi4EE3setEiPKN2YS7MESSAGEES6_S6_iiEs_2;unmapped-global:_ZZN2dk13LEVELUP_QUEUEINS_15LEVEL_UP_SUMMONELi4EE3setEiPKN2YS7MESSAGEES6_S6_iiEs_2;unmapped-global:LV_16	
00153fa0	00099a6c	168	branchy	97.44	near	45.91		stack-locals:1;dropped:ErrorPrintfx4;dropped:ErrorRaisex2;arity-pad:func_001541d8;arity-pad:func_001391c8;this-pad:func_00138748;globals:2ppc/0ps2;gdims:__LNst__ZN2dk4FACE6createEiiPN2YS3OBJEiii_1;unmapped-global:__LNst__ZN2dk4FACE6createEiiPN2YS3OBJEiii_1;gdims:__LNst__ZN2dk4FACE8getSqNumEi_3;unmapped-global:__LNst__ZN2dk4FACE8getSqNumEi_3;fix-arity:func_001391c8	dk::FACE|m_faceImage|1a0|27c|340;dk::Sprite|m_sequence|18|c8|28;dk::Sprite|m_sequence|18|b0|10;dk::Sprite|m_sequence|18|b8|18;dk::Sprite|m_sequence|18|c0|20;dk::Sprite|m_sequence|18|d8|30;dk::Sprite|m_sequence|18|b0|10
00154048	00099ef8	184	float	99.13	near	90.8		this-pad:func_002362b0;this-pad:func_002368e8;this-pad:func_002367c8;this-pad:func_001386e0;globals:0ppc/1ps2;raw-view:2;shift:dk::FACE.m_faceImage@0x1a0+196	dk::FACE|m_faceImage|1a0|27c|340;dk::FACE|m_type|280|280|344
00154558	0009dd1c	648	loop	92.60	compile	0.0	00154558.cpp: In function `void;    e3_00154558(dk_GAUGE_ENEMY*)':; 00154558.cpp:575: warning: invalid;    conversion from `dk_INFO_BASE*' to `int'; 00154558.cpp:578: warning: invalid;    conversion f	arity-pad:func_0014fc40;this-pad:func_001396b0;this-pad:func_00138c68;this-pad:func_0023aa98;raw-view:11;fix-arity:func_0014fc40	
00154b98	0009dc64	120	loop	90.33	compile	0.0	00154b98.cpp:561: no match for	dropped:_printfx1;this-pad:func_00138c10;globals:1ppc/0ps2;gdims:__LNst__ZN2dk11GAUGE_ENEMY4cureEi_0;unmapped-global:__LNst__ZN2dk11GAUGE_ENEMY4cureEi_0;raw-view:2;fix-assign-cast	
00154c10	0009e208	192	loop	90.92	compile	0.0	00154c10.cpp:571: no match for	positional:_printf->00154910;this-pad:func_00138c10;globals:1ppc/0ps2;gdims:__LNst__ZN2dk11GAUGE_ENEMY6damageEi_0;unmapped-global:__LNst__ZN2dk11GAUGE_ENEMY6damageEi_0;raw-view:3;fix-assign-cast	
00154ee8	0009ef24	72	branchy	70.56	near	0.0		dropped:ErrorPrintfx3;dropped:ErrorRaisex1	
00154f30	0009f558	976	loop	93.35	near	53.4		synth-fields:6;positional:is4x3->00139d78;dropped:ErrorPrintfx8;dropped:ErrorRaisex8;arity-pad:func_00158138;this-pad:func_00158290;this-pad:func_001581f8;this-pad:func_0014b208;this-pad:func_0014b200;this-pad:func_001396b0;this-pad:func_001395e8;this-pad:func_00139610;arity-pad:func_00154ee8;this-pad:func_0023aa98;this-pad:func_00138c40;this-pad:func_001582a8;globals:9ppc/0ps2;gdims:_ZZN2dk11CIRCLE_MASK14setWidthHeightEiiEs_0;unmapped-global:_ZZN2dk11CIRCLE_MASK14setWidthHeightEiiEs_0;gdims:_ZZN2dk11CIRCLE_MASK14setWidthHeightEiiEs_2;unmapped-global:_ZZN2dk11CIRCLE_MASK14setWidthHeightEiiEs_2;unmapped-global:LV_5;gdims:_ZZN2dk11CIRCLE_MASK4setZEiEs_0;unmapped-global:_ZZN2dk11CIRCLE_MASK4setZEiEs_0;gdims:_ZZN2dk11CIRCLE_MASK4setZEiEs_2;unmapped-global:_ZZN2dk11CIRCLE_MASK4setZEiEs_2;gdims:LV_3;unmapped-global:LV_3;gdims:_ZZN2dk11CIRCLE_MASK9setParentEPNS_6SpriteEEs_0;unmapped-global:_ZZN2dk11CIRCLE_MASK9setParentEPNS_6SpriteEEs_0;gdims:_ZZN2dk11CIRCLE_MASK9setParentEPNS_6SpriteEEs_2;unmapped-global:_ZZN2dk11CIRCLE_MASK9setParentEPNS_6SpriteEEs_2;unmapped-global:LV_1;raw-view:26;fix-arity:func_00158138;fix-arity:func_00158138;fix-arity:func_00158138;fix-arity:func_00158138;fix-arity:func_00158138;fix-assign-cast	dk::GAUGE_PARTY|m_face|40|58|68;dk::Obj2D|m_group|10|10|20;dk::GAUGE_PARTY|m_status|18|18|28;dk::GAUGE_PARTY|m_skip|20|20|30;dk::GAUGE_PARTY|m_oldHp2|28|28|38;dk::GAUGE_PARTY|m_number|30|30|40;dk::GAUGE_PARTY|m_face|40|50|60;dk::GAUGE_PARTY|m_face|40|18c|190;dk::GAUGE_PARTY|m_face|40|18c|190;dk::Obj2D|m_group|10|10|20;dk::GAUGE_PARTY|m_status|18|18|28;dk::GAUGE_PARTY|m_skip|20|20|30;dk::GAUGE_PARTY|m_oldHp2|28|28|38;dk::GAUGE_PARTY|m_number|30|30|40;dk::GAUGE_PARTY|m_face|40|40|50;dk::GAUGE_PARTY|m_face|40|48|58;dk::GAUGE_PARTY|m_face|40|50|60;dk::GAUGE_PARTY|m_face|40|58|68
001558b8	000a286c	300	float	84.71	near	43.8		dropped:ErrorPrintfx2;dropped:ErrorRaisex2;this-pad:func_00139598;this-pad:func_0013edd0;this-pad:func_0014b1e0;this-pad:func_0014b208;this-pad:func_001395a8;globals:6ppc/0ps2;unmapped-global:CIRCLE_RAD;gdims:_ZZN2dk11CIRCLE_MASK6setRotEfEs_0;unmapped-global:_ZZN2dk11CIRCLE_MASK6setRotEfEs_0;gdims:_ZZN2dk11CIRCLE_MASK6setRotEfEs_2;unmapped-global:_ZZN2dk11CIRCLE_MASK6setRotEfEs_2;gdims:_ZZN2dk11CIRCLE_MASK20setBoxPosWidthHeightEiiiiEs_0;unmapped-global:_ZZN2dk11CIRCLE_MASK20setBoxPosWidthHeightEiiiiEs_0;gdims:_ZZN2dk11CIRCLE_MASK20setBoxPosWidthHeightEiiiiEs_2;unmapped-global:_ZZN2dk11CIRCLE_MASK20setBoxPosWidthHeightEiiiiEs_2;unmapped-global:LV_8;raw-view:3;static-unmapped	dk::Obj2D|SList|4|8|28;dk::GAUGE_PARTY|m_face|40|40|68;dk::GAUGE_PARTY|m_face|40|40|68
00155bf0	000a1508	188	float	66.69	near	44.17		dropped:ErrorPrintfx2;dropped:ErrorRaisex2;this-pad:func_0013edd0;this-pad:func_0014b1e0;globals:6ppc/4ps2;gdims:_ZZN2dk11SECTOR_MASK6setRotEfEs_0;gdims:_ZZN2dk11SECTOR_MASK6setRotEfEs_2;gdims:_ZZN2dk11SECTOR_MASK6setPosEiiEs_0;unmapped-global:_ZZN2dk11SECTOR_MASK6setPosEiiEs_0;gdims:_ZZN2dk11SECTOR_MASK6setPosEiiEs_2;unmapped-global:_ZZN2dk11SECTOR_MASK6setPosEiiEs_2;raw-view:1	
00155cb0	000a16d8	164	float	89.63	near	48.53		dropped:ErrorPrintfx2;dropped:ErrorRaisex2;arity-pad:func_0013edd0;arity-pad:func_0014b1e0;globals:4ppc/2ps2;gdims:_ZZN2dk11SECTOR_MASK6setRotEfEs_0;gdims:_ZZN2dk11SECTOR_MASK6setRotEfEs_2;gdims:_ZZN2dk11SECTOR_MASK6setPosEiiEs_0;unmapped-global:_ZZN2dk11SECTOR_MASK6setPosEiiEs_0;gdims:_ZZN2dk11SECTOR_MASK6setPosEiiEs_2;unmapped-global:_ZZN2dk11SECTOR_MASK6setPosEiiEs_2;raw-view:1;fix-arg:func_0013edd0:1;variant:no_thispad	dk::GAUGE_PARTY|m_oldHp2|28|28|18;dk::GAUGE_PARTY|m_oldHp2|28|28|18
00155e30	000a1204	184	switch	71.10	near	11.52		stack-locals:1;arity-pad:func_00155d80;globals:0ppc/4ps2	dk::GAUGE_PARTY|m_face|40|80|0;dk::GAUGE_PARTY|m_face|40|88|8;dk::GAUGE_PARTY|m_face|40|80|0;dk::GAUGE_PARTY|m_face|40|88|8
00155ee8	000a2340	88	switch	99.86	near	0.0		globals:0ppc/1ps2	
00155f40	000a1cc0	124	switch	78.87	near	42.65		this-pad:func_001a1de0;globals:0ppc/1ps2	
001569d8	000a41ec	840	loop	86.53	near	46.01		positional:ErrorPrintf->00139d78;positional:ErrorRaise->0031a260;arity-pad:func_00158138;this-pad:func_00158290;this-pad:func_0014b200;this-pad:func_001581f8;arity-pad:func_001565c0;arity-pad:func_00156880;arity-pad:func_001396b0;arity-pad:func_001395e8;arity-pad:func_00139610;arity-pad:func_00156130;this-pad:func_00139598;this-pad:func_001582a8;globals:7ppc/0ps2;gdims:_ZZN2dk11CIRCLE_MASK4setZEiEs_0;unmapped-global:_ZZN2dk11CIRCLE_MASK4setZEiEs_0;gdims:_ZZN2dk11CIRCLE_MASK4setZEiEs_2;unmapped-global:_ZZN2dk11CIRCLE_MASK4setZEiEs_2;unmapped-global:LV_7;gdims:_ZZN2dk11CIRCLE_MASK9setParentEPNS_6SpriteEEs_0;unmapped-global:_ZZN2dk11CIRCLE_MASK9setParentEPNS_6SpriteEEs_0;gdims:_ZZN2dk11CIRCLE_MASK9setParentEPNS_6SpriteEEs_2;unmapped-global:_ZZN2dk11CIRCLE_MASK9setParentEPNS_6SpriteEEs_2;unmapped-global:LV_5;gdims:StatusSqTable;unmapped-global:StatusSqTable;raw-view:17;fix-arity:func_00158138;fix-arity:func_00158138;fix-arity:func_00158138;static-unmapped	dk::Obj2D|m_group|10|10|0;dk::GAUGE_PARTY|m_status|18|18|8;dk::GAUGE_PARTY|m_skip|20|20|10;dk::GAUGE_PARTY|m_oldHp2|28|28|18;dk::GAUGE_PARTY|m_number|30|30|20;dk::GAUGE_PARTY|m_face|40|40|30;dk::GAUGE_PARTY|m_face|40|48|38;dk::GAUGE_PARTY|m_face|40|50|40;dk::GAUGE_PARTY|m_face|40|58|48
00156e48	000a3244	540	branchy	84.87	near	15.95		positional:_printf->0031a260;this-pad:func_00158290;arity-pad:func_00155f40;arity-pad:func_00155ee8;this-pad:func_001386e0;this-pad:func_001396b0;this-pad:func_001396c0;this-pad:func_00139570;arity-pad:func_00156d20;this-pad:func_00138c10;arity-pad:func_00156030;arity-pad:func_00156408;this-pad:func_001581f8;this-pad:func_001542c8;arity-pad:func_001575c0;raw-view:6	dk::GAUGE_PARTY|m_face|40|40|48;dk::GAUGE_PARTY|m_face|40|40|48
001572e8	000a1ea0	436	branchy	98.91	near	56.94		stack-locals:1;dropped:ErrorPrintfx3;dropped:ErrorRaisex3;this-pad:func_00158290;this-pad:func_001386e0;this-pad:func_001396b0;this-pad:func_0016c060;this-pad:func_00154048;this-pad:func_00139660;this-pad:func_00139688;globals:5ppc/0ps2;gdims:__LNst__ZN2dk12GAUGE_PLAYER13setSummonFaceEii_0;unmapped-global:__LNst__ZN2dk12GAUGE_PLAYER13setSummonFaceEii_0;gdims:__LNst__ZN2dk12GAUGE_PLAYER18getDriveTimeStatusERiS1__3;unmapped-global:__LNst__ZN2dk12GAUGE_PLAYER18getDriveTimeStatusERiS1__3;gdims:LS_128_LV_15;unmapped-global:LS_128_LV_15;gdims:__LNst__ZN2dk12GAUGE_PLAYER13setSummonFaceEii_1;unmapped-global:__LNst__ZN2dk12GAUGE_PLAYER13setSummonFaceEii_1;gdims:__LNst__ZN2dk12GAUGE_PLAYER13setSummonFaceEii_2;unmapped-global:__LNst__ZN2dk12GAUGE_PLAYER13setSummonFaceEii_2;raw-view:3	dk::GAUGE_PARTY|m_face|40|c0|20;dk::GAUGE_PARTY|m_face|40|c8|28;dk::GAUGE_PARTY|m_face|40|d0|30;dk::GAUGE_PARTY|m_face|40|e0|48;dk::GAUGE_PARTY|m_face|40|b0|10;dk::GAUGE_PARTY|m_face|40|b8|18;dk::GAUGE_PARTY|m_face|40|d8|38;dk::GAUGE_PARTY|m_face|40|b0|10;dk::GAUGE_PARTY|m_face|40|b8|18;dk::GAUGE_PARTY|m_face|40|c0|20;dk::GAUGE_PARTY|m_face|40|c8|28;dk::GAUGE_PARTY|m_face|40|d0|30;dk::GAUGE_PARTY|m_face|40|d8|38
00157990	000a2ab8	108	branchy	82.33	near	74.34		dropped:ErrorPrintfx1;dropped:ErrorRaisex1;this-pad:func_00138c10;globals:3ppc/0ps2;gdims:__LNst__ZN2dk12GAUGE_PLAYER10checkHPoldEv_0;unmapped-global:__LNst__ZN2dk12GAUGE_PLAYER10checkHPoldEv_0;gdims:__LNst__ZN2dk12GAUGE_PLAYER18getDriveTimeStatusERiS1__3;unmapped-global:__LNst__ZN2dk12GAUGE_PLAYER18getDriveTimeStatusERiS1__3;gdims:LS_151_LV_17;unmapped-global:LS_151_LV_17;raw-view:2	
00157aa0	000a2bac	60	branchy	68.26	near	24.74		this-pad:func_00138c10;arity-pad:func_00155f40;arity-pad:func_00156030;this-pad:func_001a1de0;globals:1ppc/0ps2;gdims:StatusSqTable;unmapped-global:StatusSqTable;raw-view:6;static-unmapped	dk::Obj2D|m_group|10|10|8
00157ae0	000a23a0	420	float	99.76	near	28.05		positional:mpdrive_ratio->001565a8;positional:ErrorPrintf->00155ab0;positional:ErrorRaise->00156540;arity-pad:func_001a1de0;arity-pad:func_00158250;arity-pad:func_00155f40;arity-pad:func_00138c10;arity-pad:func_00139598;arity-pad:func_00155ee8;arity-pad:func_001395a8;arity-pad:func_001565a8;arity-pad:func_00239f18;arity-pad:func_00138c68;gvote:LS_143_LV_16->0036b300;globals:3ppc/1ps2;gdims:__LNst__ZN2dk12GAUGE_PLAYER8updateMPEv_0;unmapped-global:__LNst__ZN2dk12GAUGE_PLAYER8updateMPEv_0;gdims:__LNst__ZN2dk12GAUGE_PLAYER18getDriveTimeStatusERiS1__3;unmapped-global:__LNst__ZN2dk12GAUGE_PLAYER18getDriveTimeStatusERiS1__3;gdims:LS_143_LV_16;raw-view:19;fix-arg:func_00239f18:1;static-unmapped;variant:no_thispad	
00157c88	000a1964	636	branchy	55.18	near	33.42		stack-locals:1;synth-fields:5;positional:getDriveCounterSqNum->00156010;arity-pad:func_00156408;this-pad:func_00139598;arity-pad:func_00155e30;arity-pad:func_00155d80;arity-pad:func_00155cb0;arity-pad:func_00156010;this-pad:func_00138c10;arity-pad:func_00155bf0;this-pad:func_001395a8;this-pad:func_00158290;this-pad:func_001386e0;this-pad:func_001396b0;raw-view:5	dk::GAUGE_PARTY|m_face|40|b0|10;dk::GAUGE_PARTY|m_face|40|b8|18;dk::GAUGE_PARTY|m_face|40|c0|20;dk::GAUGE_PARTY|m_face|40|c8|28;dk::GAUGE_PARTY|m_face|40|d0|30;dk::GAUGE_PARTY|m_face|40|d8|38;dk::GAUGE_PARTY|m_face|40|190|18c
00158050	000a0544	56	straight	90.20	near	90.2		this-pad:func_001386e0	
001585a0	0008cd10	68	straight	49.88	near	0.0			
00158b78	00095ea0	268	float	64.77	near	13.68		positional:isLeft->0013fd10;positional:operator_->00158548;arity-pad:func_0016afe0;arity-pad:func_0013fd78;this-pad:func_0019c4d0;arity-pad:func_0013fdf0;fix-arg:func_0013fdf0:2	
00158dc0	00095fe0	384	float	78.07	near	40.31		stack-locals:4;positional:operator_->00167f18;this-pad:func_0016c2b0;this-pad:func_0016c028;arity-pad:func_0016afe0;globals:8ppc/2ps2;unmapped-global:s_radius;unmapped-global:s_backYRot;unmapped-global:s_startTrigger;unmapped-global:s_headPos;unmapped-global:0xa0c350;unmapped-global:0xa0c360;static-unmapped;variant:no_gvote	
00159070	00075a88	188	float	61.86	near	32.77		positional:_printf->001591a0;this-pad:func_001b9d40;this-pad:func_00190140;this-pad:func_001904a8;this-pad:func_00140dd0;gvote:s_activeTarget->0034a9f0;gdims:__LNst__ZN2dk14ReactionCamera7destroyEv_0;fix-arg:func_0015a260:2	
00159130	00075bb8	112	float	73.13	compile	0.0	00159130.cpp:2162: ISO C++	dropped:_printfx1;gvote:s_activeTarget->0034a9f0;gdims:__LNst__ZN2dk14ReactionCamera6createEPKN2YS6TARGETE_0	
00159b40	0007c560	160	float	74.77	compile	0.0	00159b40.cpp:2164: ISO C++	gvote:s_activeTarget->0034aa18;globals:3ppc/5ps2	
0015a158	0007cfb8	264	float	84.60	near	19.11		stack-locals:1;positional:isLeft->00159fd0;positional:isZoomIn->0015a098;positional:zoomInCheck->00158548;unmapped-call:zoomOutCheck;unmapped-call:operator_;unmapped-call:operator__;dropped:operator_x0;dropped:zoomOutCheckx2;dropped:operator__x1;this-pad:func_0019c4d0;arity-pad:func_00158548;arity-pad:func_0013fd90;globals:6ppc/3ps2;unmapped-global:s_type;unmapped-global:0xa0aa30;unmapped-global:s_line;static-unmapped	
0015a528	0007d3c0	128	branchy	64.66	near	35.73		stack-locals:1;positional:operator_->00159ce0;this-pad:func_0016c028;this-pad:func_0013f888;this-pad:func_0013fca8	
0015a638	0007ddf4	144	float	99.44	compile	0.0	0015a638.cpp:2173: ISO C++	globals:3ppc/2ps2;unmapped-global:s_type	
0015a6c8	0007ddb4	64	straight	48.32	near	23.62		gvote:s_activeTarget->0034aa70	
0015aba8	00046bac	192	branchy	77.79	near	0.0		unmapped-call:getTelopImdAddress;dropped:getTelopImdAddressx1;this-pad:func_001492f8;arity-pad:func_002362b0;arity-pad:func_002367c8;arity-pad:func_00105c30;this-pad:func_001386e0;gvote:Current->0032bae0;globals:4ppc/1ps2;unmapped-global:s_mapfile;unmapped-global:s_place;unmapped-global:s_placeM;fix-assign-cast;fix-arity:func_00105c30;fix-arity:func_00105c30;fix-arity:func_001386e0;static-unmapped	
0015ac68	000463a8	116	branchy	89.76	near	64.77		this-pad:func_00138840;gvote:Flag->0034f240;globals:1ppc/2ps2	
0015af48	000464f0	440	branchy	73.40	near	16.97		byname:ErrorRaise->0031a838;byname:ErrorRaise->0031a838;byname:ErrorRaise->0031a838;positional:getTelopImdAddress->00149300;dropped:ErrorPrintfx4;this-pad:func_00239700;this-pad:func_00149300;this-pad:func_001492f8;this-pad:func_002361a0;gvote:s_counter->0034aa98;gvote:sm_manager_ptr->00347f80;gvote:s_mapfile->0034aaac;gvote:s_guide->0034aaa0;gvote:s_disableReason->0034aa9c;gvote:s_placeM->0034aaa8;gvote:s_place->0034aaa4;globals:15ppc/14ps2;gdims:_ZZN2dk5Obj2DnwEjEs_0;gdims:_ZZN2dk5Obj2DnwEjEs_2;unmapped-global:LV_0	
0015b1b0	00046a34	184	float	47.75	near	42.34		positional:ErrorPrintf->00192048;positional:ErrorRaise->00192048;this-pad:func_00192c40;arity-pad:func_001391c8;gvote:s_guide->0034aaa0;globals:6ppc/2ps2;gdims:__LNst__ZN2dk9BILLBOARD9DrawGuideEiib_0;unmapped-global:__LNst__ZN2dk9BILLBOARD9DrawGuideEiib_0;gdims:__LNst__ZN2dk24BILLBOARD_DISABLE_REASON7destroyEv_3;unmapped-global:__LNst__ZN2dk24BILLBOARD_DISABLE_REASON7destroyEv_3;gdims:LS_92_LV_8;unmapped-global:LS_92_LV_8;gdims:buff;unmapped-global:buff;fix-arity:func_00192048;static-unmapped	
0015b368	00098ed4	340	loop	85.91	near	57.57		stack-locals:1;synth-fields:7;positional:_sprintf->00239988;dropped:ErrorPrintfx1;dropped:ErrorRaisex1;this-pad:func_001386e0;this-pad:func_0015b4f8;this-pad:func_00239bf8;this-pad:func_0023aa98;globals:3ppc/1ps2;gdims:EXP_TABLE;gdims:__LNst__ZN2dk3Exp6createEiPN2YI5IMAGEEi_1;unmapped-global:__LNst__ZN2dk3Exp6createEiPN2YI5IMAGEEi_1;gdims:__LNst__ZN2dk3Exp6createEiPN2YI5IMAGEEi_3;unmapped-global:__LNst__ZN2dk3Exp6createEiPN2YI5IMAGEEi_3	dk::Sprite|m_sequence|18|110|20;dk::Sprite|m_sequence|18|118|28;dk::Sprite|m_sequence|18|158|58;dk::Sprite|m_sequence|18|120|30;dk::Sprite|m_sequence|18|158|58
0015b680	000992c8	236	loop	92.62	near	60.54		synth-fields:1;dropped:ErrorPrintfx1;dropped:ErrorRaisex1;dropped:_printfx1;this-pad:func_00239700;arity-pad:func_0015b368;this-pad:func_001391a8;globals:5ppc/2ps2;gdims:__LNst__ZN2dk3Exp5printERKN2kn7FVectorEii_0;unmapped-global:__LNst__ZN2dk3Exp5printERKN2kn7FVectorEii_0;gdims:__LNst__ZN2dk3Exp5printERKN2kn7FVectorEii_1;unmapped-global:__LNst__ZN2dk3Exp5printERKN2kn7FVectorEii_1;gdims:__LNst__ZN2dk3Exp6createEiPN2YI5IMAGEEi_3;unmapped-global:__LNst__ZN2dk3Exp6createEiPN2YI5IMAGEEi_3;fix-hdmember:dk_Sprite.m_Xoffset16x9	
0015b7f8	00073460	700	loop	77.37	near	68.17		stack-locals:1;arity-pad:func_0014b5e0;this-pad:func_0014b208;arity-pad:func_0014b608;arity-pad:func_0014b5e8;this-pad:func_0014b518;this-pad:func_0014b630;this-pad:func_0014b620;this-pad:func_0014b468;globals:6ppc/1ps2;unmapped-global:0x780078;unmapped-global:0x880008;unmapped-global:0xf80078;unmapped-global:0xf80088;unmapped-global:0xf80178;fix-arity:func_0014b5e8;fix-arity:func_0014b5e8;fix-arity:func_0014b5e8;fix-arity:func_0014b5e8;static-unmapped	dk::RadarRect|m_player|150|150|58
0015bbc8	00074850	132	float	79.47	near	31.13		positional:Rect->0014fc40;positional:getRadarAddress->0015c068;dropped:ErrorPrintfx1;dropped:_printfx2;dropped:ErrorRaisex1;this-pad:func_0014b290;this-pad:func_0013e8c0;this-pad:func_0014fc40;this-pad:func_0015c068;this-pad:func_0015b7c0;globals:9ppc/1ps2;unmapped-global:0x7441b0;unmapped-global:s_radar;unmapped-global:NaviMap;gdims:_ZZN2dk5Obj2DnwEjEs_0;unmapped-global:_ZZN2dk5Obj2DnwEjEs_0;gdims:_ZZN2dk5Obj2DnwEjEs_2;unmapped-global:_ZZN2dk5Obj2DnwEjEs_2;unmapped-global:LV_0;gdims:__LNst__ZN2dk5Radar9calcScaleEPv_1;unmapped-global:__LNst__ZN2dk5Radar9calcScaleEPv_1;gdims:__LNst__ZN2dk5Radar4initEPNS_7MapFileE_0;unmapped-global:__LNst__ZN2dk5Radar4initEPNS_7MapFileE_0;static-unmapped	
0015bc80	00073fd8	996	float	79.74	compile	0.0	0015bc80.cpp:2648: redeclaration	stack-locals:2;simmap:IsShowNavimap->001949d0;positional:IsHideNaviMap->00191c88;positional:loadImage->00166148;positional:putEntryTex->0014b698;positional:drawPacket->00166148;positional:operator_->002f8ad0;dropped:ErrorPrintfx2;dropped:ErrorRaisex2;this-pad:func_0015bab8;this-pad:func_0014b220;this-pad:func_0014b628;this-pad:func_0016c028;this-pad:func_0016af58;this-pad:func_0013edd0;this-pad:func_0014b1e0;this-pad:func_0014b208;globals:6ppc/1ps2;unmapped-global:radar_tm2;gdims:__LNst__ZN2dk5Radar4drawEv_1;unmapped-global:__LNst__ZN2dk5Radar4drawEv_1;gdims:__LNst__ZN2dk5Radar9calcScaleEPv_1;unmapped-global:__LNst__ZN2dk5Radar9calcScaleEPv_1;unmapped-global:LS_88_LV_19;gdims:__LNst__ZN2dk5Radar4drawEv_3;unmapped-global:__LNst__ZN2dk5Radar4drawEv_3;raw-view:1;fix-arity:func_00166148;fix-arity:func_00166148;fix-arity:func_00166148;fix-hdmember:dk_Radar.m_Xoffset16x9;fix-hdmember:dk_Radar.m_Xoffset16x9	
0015c2a0	00069798	428	float	18.92	compile	0.0	0015c2a0.cpp:482: parse error	stack-locals:1;arity-pad:func_0015f9c8;gvote:m_offset->0034af28;gvote:m_createFlag->0034af30;gvote:sm_allocator->0034c738;globals:5ppc/7ps2;fix-arg:func_0015f9c8:4;fix-arg:func_0015f9c8:5;fix-arg:func_0015f9c8:6	
0015c450	00069934	76	branchy	86.36	near	16.32		unmapped-call:create;dropped:createx1;gvote:m_createFlag->0034af30;gvote:m_offset->0034af28	
0015c500	00071b68	464	float	37.11	near	15.98		stack-locals:1;positional:operator__->0015cbb8;positional:testPoint->0015c4b8;positional:operator_->0015cc18;positional:clamp->0015cc80;arity-pad:func_0015c4b8;arity-pad:func_0015cc80;globals:5ppc/6ps2;fix-arg:func_0015cc80:1;fix-arg:func_0015cc80:1;fix-arg:func_0015cc80:1;variant:no_thispad	
0015c6d0	000751c0	432	float	22.78	near	6.36		stack-locals:1;positional:operator__->0015c4b8;positional:operator_->0015cc80;positional:testInPoint->0010a8a8;this-pad:func_0010a8a8;globals:0ppc/5ps2	
0015c958	00061450	232	float	63.67	near	27.66		simmap:setFogLimiter->0010a8a8;simmap:setFogRange->0010a828;simmap:setFogColor->0010a7d8;simmap:SetFogClamp->001dd1e8;simmap:SetFogRange->001dd1b0;unmapped-call:SetFogColor;dropped:SetFogColorx1;globals:2ppc/3ps2	
0015ca40	000611f8	216	float	68.07	near	13.1		simmap:setFogLimiter->0010a8a8;simmap:setFogRange->0010a828;simmap:setFogColor->0010a7d8;simmap:SetFogClamp->001dd1e8;simmap:SetFogRange->001dd1b0;positional:setBgColor->0015cc80;unmapped-call:SetFogColor;dropped:SetFogColorx1;globals:4ppc/2ps2;unmapped-global:s_mapColorDefault;unmapped-global:fogEnable_;static-unmapped	
0015d2e8	000982b8	272	float	91.14	near	25.76		stack-locals:1;positional:operator_->0015cff0;arity-pad:func_0013f6e8;this-pad:func_00107300;this-pad:func_00106de8;globals:20ppc/0ps2;gdims:camera;unmapped-global:camera;gdims:projection;unmapped-global:projection;unmapped-global:s_atTargetPrev;unmapped-global:s_atTarget;unmapped-global:s_at;unmapped-global:0xa0c800;unmapped-global:s_eyeTargetPrev;unmapped-global:s_eyeTarget;unmapped-global:s_eye;unmapped-global:0xa0c7e0;unmapped-global:s_fovVTargetPrev;unmapped-global:s_fovVTarget;unmapped-global:s_fovV;unmapped-global:0xa0c830;unmapped-global:0xa0c7c0;unmapped-global:0xa0c810;unmapped-global:0xa0c7d0;unmapped-global:0xa0c7f0;unmapped-global:0xa0c820;unmapped-global:0xa0c840;fix-arg:func_0013f6e8:2;fix-arg:func_0013f6e8:2;fix-arg:func_0013f6e8:2;fix-arg:func_0013f6e8:4;fix-arg:func_0013f6e8:4;fix-arg:func_0013f6e8:4;static-unmapped	
0015d440	00059b9c	164	branchy	82.45	near	26.19		this-pad:func_00236788;this-pad:func_00239d30;this-pad:func_00239d10;this-pad:func_0014aa58;this-pad:func_0023acd8;this-pad:func_0023ade0;this-pad:func_00102448;gvote:s_sequence->0034b0e0	
0015d540	00059e08	144	straight	99.17	near	62.89		this-pad:func_00102818;arity-pad:func_002362b0;this-pad:func_00239bf8;gvote:s_sequence->0034b0e0;gvote:0xa082c0->0034af40;globals:4ppc/3ps2;unmapped-global:s_image;fix-arity:func_002362b0;static-unmapped	
0015d5d0	00059d20	192	branchy	87.82	near	95.62		this-pad:func_001024a8;this-pad:func_00236788;this-pad:func_00239d30;this-pad:func_00239d10;this-pad:func_0023acd8;this-pad:func_0023ade0;gvote:s_sequence->0034b0e0	
0015d690	00059ec4	160	straight	99.25	near	70.65		positional:inInit->0013f030;this-pad:func_00102788;this-pad:func_0014aa80;arity-pad:func_002362b0;this-pad:func_00239bf8;gvote:s_sequence->0034b0e0;gvote:0xa082c0->0034af40;globals:4ppc/3ps2;unmapped-global:s_image;fix-arity:func_002362b0;static-unmapped	
0015e3b8	000b5218	296	straight	89.07	near	79.14		positional:RectMem->0014b7f0;this-pad:func_0014b7f0;this-pad:func_0014c050;this-pad:func_0014b610;this-pad:func_0014b608;this-pad:func_0014b5e0;this-pad:func_0014b630;this-pad:func_0014b618;this-pad:func_0014b5e8;this-pad:func_0014b208;this-pad:func_0014b468;this-pad:func_0014b628	dk::SpotBlend|m_objdrawlist|8|28|18
0015e4e0	00202ea0	296	straight	89.07	near	30.76		stack-locals:1;synth-fields:2;positional:Rect->0014b7f0;positional:SetBuffer->0014c050;positional:ClearFrameBuffer->0014b608;positional:operator__->0014b5e8;unmapped-call:getMagicScale;unmapped-call:getBufferSize;unmapped-call:drawPacket;dropped:drawPacketx1;dropped:getBufferSizex1;dropped:getMagicScalex1;this-pad:func_0014b7f0;this-pad:func_0014b610;this-pad:func_0014b5e0;this-pad:func_0014b630;this-pad:func_0014b618;this-pad:func_0014b220;this-pad:func_0014b1e0;this-pad:func_0014b208;this-pad:func_0014b468;this-pad:func_0014b628;globals:2ppc/3ps2	
0015e8c8	002459d8	280	straight	89.31	near	0.0		this-pad:func_0014b610;this-pad:func_0014b608;this-pad:func_0014b5e0;this-pad:func_0014b220;this-pad:func_0014b208;this-pad:func_0014b618;globals:1ppc/3ps2	
0015e9e0	000b5c4c	280	straight	89.31	near	73.22		this-pad:func_0014c050;this-pad:func_0014b610;this-pad:func_0014b608;this-pad:func_0014b5e0;this-pad:func_0014b220;this-pad:func_0014b208;this-pad:func_0014b630;this-pad:func_0014b618;this-pad:func_0014b468;this-pad:func_0014b628;globals:4ppc/3ps2;unmapped-global:DRAW_HEIGHT_3D;static-unmapped	dk::ModelSprite|m_objdrawlist|8|20|18;dk::ModelSprite|m_objdrawlist|8|20|18
0015efa0	0005fef0	708	float	45.62	near	30.98		stack-locals:1;simmap:setFogLimiter->0010a8a8;simmap:setFogRange->0010a828;simmap:setFogColor->0010a7d8;simmap:SetFogClamp->001dd1e8;simmap:SetFogRange->001dd1b0;simmap:SetFogColor->001dd1c8;simmap:setColorAll->001611a8;positional:getBgColorCalc->0015f268;positional:setBgColor->0015cb18;positional:bgColorUpdate->0015cbb8;positional:getFogCalc->0015c4b8;positional:getFog->0015cc60;positional:checkDisable->0015cc50;positional:setColor->0015cc80;arity-pad:func_0015cc50;this-pad:func_001de4b0;this-pad:func_001dc9e0;this-pad:func_001dc670;gvote:paxInit->0034c70c;gvote:pax->0034c6f0	
0015f4a0	00060400	164	loop	81.54	near	80.5		dropped:_printfx1;this-pad:func_001de3d8;gvote:s_groupOnBit->0034c710;gvote:paxInit->0034c70c;gvote:pax->0034c6f0;globals:4ppc/3ps2;gdims:__LNst__ZN2dk3Map7hideAllEv_0;unmapped-global:__LNst__ZN2dk3Map7hideAllEv_0	
0015f548	000604a8	208	loop	57.59	near	57.59		dropped:_printfx1;this-pad:func_001de4b0;arity-pad:func_001dc9e0;arity-pad:func_001dcc48;gvote:s_groupOnBit->0034c710;gvote:paxInit->0034c70c;gvote:pax->0034c6f0;globals:4ppc/3ps2;gdims:__LNst__ZN2dk3Map7drawAllEv_0;unmapped-global:__LNst__ZN2dk3Map7drawAllEv_0	
0015f618	000605a4	208	loop	57.59	near	57.59		dropped:_printfx1;this-pad:func_001de4b0;arity-pad:func_001dc9e0;arity-pad:func_001dcc30;gvote:s_groupOnBit->0034c710;gvote:paxInit->0034c70c;gvote:pax->0034c6f0;globals:4ppc/3ps2;gdims:__LNst__ZN2dk3Map9noDrawAllEv_0;unmapped-global:__LNst__ZN2dk3Map9noDrawAllEv_0	
0015f8d8	00078200	232	branchy	56.83	near	43.16		positional:__ZN2dk5BgObjC2EPNS_8BgObjPosEjRKN2kn7FVectorES6_S6_iiijj->0015f9c8;positional:setSkyObject->001433c0;globals:2ppc/1ps2;unmapped-global:g_SkyViewScale;static-unmapped	dk::BgObj|m_matrix|10|20|50;dk::BgObj|m_matrix|10|28|58;dk::BgObj|m_matrix|10|30|60;dk::BgObj|m_matrix|10|10|8;dk::BgObj|m_drawList|1c0|1d1|1d2;dk::BgObj|m_matrix|10|20|50
00160430	00089a00	84	float	93.81	near	83.6		simmap:calc->00161598;positional:addTime->00161668;arity-pad:func_00161598;arity-pad:func_00161668;arity-pad:func_0011ea40;fix-arg:func_00161668:1;fix-arg:func_0011ea40:1;variant:no_thispad	
00160488	00089510	76	straight	38.05	near	39.32			
001608c0	00089a74	124	float	93.03	near	29.88		positional:getCenter->00144908;unmapped-call:operator_;unmapped-call:setDrawObject;dropped:setDrawObjectx1;dropped:operator_x0;this-pad:func_00144908;this-pad:func_0016c028;arity-pad:func_001606e0;globals:1ppc/0ps2;unmapped-global:g_drawBGObj;static-unmapped	
00160f10	0008a964	108	loop	66.96	near	28.6		positional:initMotionTime->001604d8;this-pad:func_001604d8;gvote:ObjList->004f3b38	
001611a8	0008ab44	128	loop	67.97	near	9.62		positional:setColor->00160488;this-pad:func_00160488;gvote:ObjList->004f3b38	
001612b8	0008a6fc	344	branchy	96.98	near	80.01		stack-locals:1;this-pad:func_00102788;gvote:sm_allocator->0034c738;gvote:sm_mapfile->0034c73c;gvote:TaskManager->004f3b30;globals:9ppc/8ps2;unmapped-global:0x792bc0;static-unmapped	
00161598	000aa0c4	80	float	69.09	near	28.65		arity-pad:func_0011c4b0;fix-arity:func_0011c4b0	
001615e8	000aa12c	124	float	93.55	near	65.55		positional:setBoundingBox->00161548;positional:unit->00161770;this-pad:func_00168b38;arity-pad:func_00161548;this-pad:func_00161770;fix-assign-cast	dk::Motion|m_matrix|0|0|8
001618f0	000480e0	248	straight	89.92	near	84.41		globals:11ppc/10ps2;unmapped-global:0x792598;static-unmapped	
00161aa8	00082f04	376	branchy	98.47	near	42.74		positional:disableMagicScale->002fd188;positional:drawPacket->002fd188;positional:enableMagicScale->0014c350;dropped:_printfx1;this-pad:func_0014c050;arity-pad:func_002fd188;this-pad:func_0014b5e0;this-pad:func_0014b630;this-pad:func_0014b208;this-pad:func_0014b5e8;this-pad:func_0014b628;this-pad:func_0014b220;gdims:__LNst__ZN2dk6Camera11draw2CameraEv_0;fix-arity:func_002fd188	
00161df0	00048df0	244	float	62.57	near	50.79		synth-fields:4;this-pad:func_00102670;this-pad:func_00102688;arity-pad:func_001024a8;gvote:s_calctask->0034c774;globals:4ppc/5ps2	
00161f48	00048668	268	float	84.65	near	59.37		this-pad:func_00102670;gvote:singleCrossFade->0034c770;gvote:s_drawtask->0034c778;gvote:multiCrossFade->0034c771;globals:7ppc/8ps2	Axa::FMATRIX44|v1|10|28|18;Axa::FMATRIX44|v0|0|10|4;Axa::FMATRIX44|v2|20|3c|30;Axa::FMATRIX44|v1|10|20|10;Axa::FMATRIX44|v1|10|28|18;Axa::FMATRIX44|v0|0|1c|10
001620a8	0004826c	772	straight	99.88	near	99.88			
00164578	00094af4	412	float	32.50	compile	0.0	00164578.cpp:345: no match for	simmap:collideWithWorld->00163898;unmapped-call:operator_;dropped:operator_x0;dropped:_printfx4;this-pad:func_00144490;arity-pad:func_00163898;globals:4ppc/0ps2;gdims:__LNst__ZN2dk11OctCollFile16collideWithWorldEiRNS_6SphereERNS_6AabboxERN2kn7FVectorEPNS_14CollisionParamE_3;unmapped-global:__LNst__ZN2dk11OctCollFile16collideWithWorldEiRNS_6SphereERNS_6AabboxERN2kn7FVectorEPNS_14CollisionParamE_3;gdims:__LNst__ZN2dk11OctCollFile15collisionSphereEPNS_14CollisionParamERNS_6SphereEftRiRKN2kn7FVectorE_0;unmapped-global:__LNst__ZN2dk11OctCollFile15collisionSphereEPNS_14CollisionParamERNS_6SphereEftRiRKN2kn7FVectorE_0;gdims:__LNst__ZN2dk11OctCollFile15collisionSphereEPNS_14CollisionParamERNS_6SphereEftRiRKN2kn7FVectorE_1;unmapped-global:__LNst__ZN2dk11OctCollFile15collisionSphereEPNS_14CollisionParamERNS_6SphereEftRiRKN2kn7FVectorE_1;gdims:__LNst__ZN2dk11OctCollFile15collisionSphereEPNS_14CollisionParamERNS_6SphereEftRiRKN2kn7FVectorE_2;unmapped-global:__LNst__ZN2dk11OctCollFile15collisionSphereEPNS_14CollisionParamERNS_6SphereEftRiRKN2kn7FVectorE_2	
001656d0	0006a6e4	148	branchy	94.24	near	47.5		positional:OctCollFile->001656c0;dropped:ErrorPrintfx2;dropped:ErrorRaisex2;this-pad:func_001656c0;globals:5ppc/2ps2;gdims:__LNst__ZN2dk6ObjOcc5setupEPvi_1;unmapped-global:__LNst__ZN2dk6ObjOcc5setupEPvi_1;gdims:__LNst__ZN2dk6ObjOcc5setupEPvi_3;unmapped-global:__LNst__ZN2dk6ObjOcc5setupEPvi_3;gdims:__LNst__ZN2dk6ObjOcc5setupEPvi_4;unmapped-global:__LNst__ZN2dk6ObjOcc5setupEPvi_4	
00165768	0006a98c	196	loop	92.49	near	39.65		dropped:ErrorPrintfx4;dropped:ErrorRaisex4;globals:10ppc/2ps2;gdims:_ZZN2YS5SLISTIN2dk6ObjOccELi0EE6unlinkEPS2_Es_0;unmapped-global:_ZZN2YS5SLISTIN2dk6ObjOccELi0EE6unlinkEPS2_Es_0;gdims:_ZZN2YS5SLISTIN2dk6ObjOccELi0EE6unlinkEPS2_Es_2;unmapped-global:_ZZN2YS5SLISTIN2dk6ObjOccELi0EE6unlinkEPS2_Es_2;gdims:__LNst__ZN2dk6ObjOcc7destroyEv_0;unmapped-global:__LNst__ZN2dk6ObjOcc7destroyEv_0;gdims:__LNst__ZN2dk6ObjOcc5setupEPvi_3;unmapped-global:__LNst__ZN2dk6ObjOcc5setupEPvi_3;gdims:_ZZN2YS11CLASS_BLOCKIN2dk6ObjOccELi64EE4freeEPS2_Es_0;unmapped-global:_ZZN2YS11CLASS_BLOCKIN2dk6ObjOccELi64EE4freeEPS2_Es_0;gdims:_ZZN2YS11CLASS_BLOCKIN2dk6ObjOccELi64EE4freeEPS2_Es_2;unmapped-global:_ZZN2YS11CLASS_BLOCKIN2dk6ObjOccELi64EE4freeEPS2_Es_2;unmapped-global:LV_5;gdims:_ZZN2YS11CLASS_BLOCKIN2dk6ObjOccELi64EE4freeEPS2_Es_3;unmapped-global:_ZZN2YS11CLASS_BLOCKIN2dk6ObjOccELi64EE4freeEPS2_Es_3;fix-assign-cast	
00165898	0006ac58	208	loop	88.40	near	28.67		positional:ErrorPrintf->0031a830;positional:ErrorRaise->0031a830;globals:6ppc/3ps2;gdims:__LNst__ZN2dk6ObjOcc4initEP9ALLOCATOR_0;gdims:__LNst__ZN2dk6ObjOcc5setupEPvi_3;unmapped-global:__LNst__ZN2dk6ObjOcc5setupEPvi_3;unmapped-global:LS_55_LV_11;unmapped-global:s_allocator;fix-arity:func_0031a830;fix-assign-cast;static-unmapped	
00165968	0006ae18	80	loop	95.05	near	2.75		;fix-assign-cast	
001659b8	0006ae58	88	straight	98.18	near	42.8		simmap:setup->001656d0;dropped:ErrorPrintfx3;dropped:ErrorRaisex3;this-pad:func_001656d0;globals:6ppc/2ps2;gdims:__LNst__ZN2dk6ObjOcc7destroyEv_0;gdims:__LNst__ZN2dk6ObjOcc5setupEPvi_3;unmapped-global:__LNst__ZN2dk6ObjOcc5setupEPvi_3;gdims:_ZZN2YS11CLASS_BLOCKIN2dk6ObjOccELi64EE5allocEvEs_0;unmapped-global:_ZZN2YS11CLASS_BLOCKIN2dk6ObjOccELi64EE5allocEvEs_0;gdims:_ZZN2YS11CLASS_BLOCKIN2dk6ObjOccELi64EE5allocEvEs_2;unmapped-global:_ZZN2YS11CLASS_BLOCKIN2dk6ObjOccELi64EE5allocEvEs_2;gdims:__LNst__ZN2dk6ObjOcc6createEPvi_0;unmapped-global:__LNst__ZN2dk6ObjOcc6createEPvi_0	
00165ad8	0006b144	732	float	11.77	compile	0.0	00165ad8.cpp:377: pointer value	positional:collisionDown->0031b9e0;positional:operator_->001424c0;this-pad:func_00142b70;this-pad:func_0031b9e0;globals:0ppc/1ps2	
00165db8	0006b540	312	loop	55.01	near	33.46		stack-locals:1;unmapped-call:operator_;dropped:operator_x0;this-pad:func_00142b70;this-pad:func_00141c18;this-pad:func_00141ff0	
00165ef0	0006a880	52	loop	98.08	near	0.0			
00166148	0007e6d8	888	switch	52.11	near	20.8		positional:LoadImage->002f28b8;dropped:ErrorPrintfx17;dropped:_printfx12;dropped:ErrorRaisex7;globals:11ppc/3ps2;gdims:__LNst__ZN2dk4Tim29loadImageEPvii_3;unmapped-global:__LNst__ZN2dk4Tim29loadImageEPvii_3;gdims:LS_25_LV_1;unmapped-global:LS_25_LV_1;gdims:__LNst__ZN2dk4Tim29loadImageEPvii_5;unmapped-global:__LNst__ZN2dk4Tim29loadImageEPvii_5;gdims:__LNst__ZN2dk4Tim29loadImageEPvii_9;unmapped-global:__LNst__ZN2dk4Tim29loadImageEPvii_9;gdims:__LNst__ZN2dk4Tim29loadImageEPvii_10;unmapped-global:__LNst__ZN2dk4Tim29loadImageEPvii_10;gdims:__LNst__ZN2dk4Tim29loadImageEPvii_11;unmapped-global:__LNst__ZN2dk4Tim29loadImageEPvii_11;gdims:__LNst__ZN2dk4Tim29loadImageEPvii_13;unmapped-global:__LNst__ZN2dk4Tim29loadImageEPvii_13;gdims:__LNst__ZN2dk4Tim29loadImageEPvii_15;unmapped-global:__LNst__ZN2dk4Tim29loadImageEPvii_15	
00166da8	003f4028	1084	branchy	16.47	compile	0.0	00166da8.cpp:805: assignment of	positional:GS_SET_FBA->0014d8d0;unmapped-call:GS_SET_MIPTBP2;unmapped-call:GS_SET_ALPHA;unmapped-call:GS_SET_TEX1;unmapped-call:GS_SET_TEX2;unmapped-call:GS_SET_MIPTBP1;unmapped-call:GS_SET_CLAMP;unmapped-call:GS_SET_PRMODECONT;unmapped-call:GS_SET_COLCLAMP;unmapped-call:GS_SET_DTHE;unmapped-call:GS_SET_PABE;unmapped-call:GS_SET_DIMX;unmapped-call:GS_SET_TEXA;unmapped-call:GS_SET_SCANMSK;unmapped-call:GS_SET_FRAME;unmapped-call:GS_SET_ZBUF;unmapped-call:GS_SET_XYOFFSET;unmapped-call:GS_SET_SCISSOR;unmapped-call:GS_SET_TEST;unmapped-call:FVector;unmapped-call:MODEL;dropped:GS_SET_ZBUFx1;dropped:GS_SET_SCISSORx1;dropped:GS_SET_TEX1x1;dropped:GS_SET_TEXAx1;dropped:GS_SET_FRAMEx1;dropped:GS_SET_COLCLAMPx1;dropped:GS_SET_DTHEx1;dropped:GS_SET_PABEx1;dropped:GS_SET_DIMXx1;dropped:GS_SET_MIPTBP2x1;dropped:GS_SET_MIPTBP1x1;dropped:GS_SET_CLAMPx1;dropped:GS_SET_TESTx1;dropped:FVectorx149;dropped:GS_SET_ALPHAx1;dropped:GS_SET_TEX2x1;dropped:GS_SET_PRMODECONTx1;dropped:MODELx3;dropped:GS_SET_SCANMSKx1;dropped:GS_SET_XYOFFSETx1;this-pad:func_0014d8d0;globals:24ppc/15ps2;gdims:Vertex;unmapped-global:GS_DEF_SCANMSK;unmapped-global:GS_DEF_FRAME;unmapped-global:GS_DEF_ZBUF;unmapped-global:GS_DEF_XYOFFSET;unmapped-global:GS_DEF_SCISSOR;unmapped-global:GS_DEF_TEST;unmapped-global:Cube;unmapped-global:Sphere;unmapped-global:Column	
001678f0	00473f88	476	branchy	57.08	near	17.56		synth-fields:7;simmap:get_stick_value->00167778;positional:vibratePad->002f6020;positional:make_trigger->002f5f50;arity-pad:func_00167778;this-pad:func_002f6020;this-pad:func_002f5f50;this-pad:func_00167658;globals:2ppc/0ps2;unmapped-global:phase;unmapped-global:s_pInstance;static-unmapped	YS::PAD|Button|0|0|100;YS::PAD|Trigger|8|8|108;YS::PAD|Release|10|10|110;YS::PAD|Repeat|18|18|118;YS::PAD|Release|10|10|110;YS::PAD|Repeat|18|18|118;YS::PAD|Stick|20|20|120
00167b60	00474124	56	straight	80.57	near	45.15		unmapped-call:updatePadData;unmapped-call:updateMouseData;unmapped-call:read;dropped:updateMouseDatax1;dropped:updatePadDatax1;dropped:readx2;globals:2ppc/1ps2;gdims:Pad;unmapped-global:Pad;fix-assign-cast	
00167c30	00474588	96	loop	45.71	near	17.79		synth-fields:1;this-pad:func_00167658;globals:1ppc/4ps2;gdims:Pad;fix-assign-cast	
00167cd0	00473b68	148	branchy	65.88	near	28.45		synth-fields:2;positional:operator_->00167c90;gdims:SoftPadTableSystem	
00167d68	00473cc8	148	branchy	95.53	near	43.65		synth-fields:6;positional:read_sub->00167cd0;positional:make_trigger->001676b0;arity-pad:func_00167cd0;this-pad:func_001676b0;this-pad:func_00167658	
00167e28	004745f0	68	straight	75.68	near	56.63		synth-fields:1;positional:read_sub->00167cd0;this-pad:func_00167658;arity-pad:func_00167cd0;globals:1ppc/0ps2;gdims:Pad;unmapped-global:Pad;fix-assign-cast;static-unmapped	
001682b8	0042ce10	52	straight	80.00	near	66.06		positional:getPlayTime->003058a0;dropped:_printfx4;globals:5ppc/0ps2;gdims:count;unmapped-global:count;gdims:__LNst__ZN2YS4FILE4ReadEPKcPv_1;unmapped-global:__LNst__ZN2YS4FILE4ReadEPKcPv_1;gdims:__LNst__ZN2YS4FILE4ReadEPKcPv_2;unmapped-global:__LNst__ZN2YS4FILE4ReadEPKcPv_2;gdims:__LNst__ZN2YS4FILE4ReadEPKcPv_3;unmapped-global:__LNst__ZN2YS4FILE4ReadEPKcPv_3;gdims:__LNst__ZN2YS4FILE4ReadEPKcPv_4;unmapped-global:__LNst__ZN2YS4FILE4ReadEPKcPv_4	
00168388	0042d5a8	136	straight	81.74	compile	0.0	00168388.cpp:257: `struct	synth-fields:2;arity-pad:func_00168958;gvote:SystemTask->0032b91c;globals:1ppc/2ps2	
00168410	0042d66c	172	straight	81.55	compile	0.0	00168410.cpp:271: `struct	synth-fields:2;dropped:ErrorPrintfx1;dropped:ErrorRaisex1;arity-pad:func_00168958;gvote:SystemTask->0032b91c;globals:4ppc/2ps2;gdims:__LNst__ZN2YS4FILE8ReadBackEPKcPvjtPFvS3_jS3_ES3__0;gdims:__LNst__ZN2YS4FILE4ReadEPKcPv_1;unmapped-global:__LNst__ZN2YS4FILE4ReadEPKcPv_1;gdims:LS_35_LV_4;unmapped-global:LS_35_LV_4	
001684c0	0042d7b0	136	straight	81.74	compile	0.0	001684c0.cpp:257: `struct	synth-fields:2;arity-pad:func_00168958;gvote:SystemTask->0032b91c;globals:1ppc/2ps2	
001685f0	0042ced0	136	loop	60.50	near	30.81		positional:wait->003058a0;positional:getPlayTime->00168218;positional:Read->0014d430;positional:preSetup->001682f0;dropped:_printfx8;arity-pad:func_001adf00;this-pad:func_001682f0;globals:7ppc/0ps2;unmapped-global:Queue;unmapped-global:__LNst__ZN2YS4FILE10ReadThreadEPv_0;unmapped-global:__LNst__ZN2YS4FILE10ReadThreadEPv_1;unmapped-global:__LNst__ZN2YS4FILE4ReadEPKcPv_1;unmapped-global:__LNst__ZN2YS4FILE4ReadEPKcPv_2;unmapped-global:__LNst__ZN2YS4FILE4ReadEPKcPv_3;unmapped-global:__LNst__ZN2YS4FILE4ReadEPKcPv_4;fix-arity:func_001adf00;static-unmapped;variant:no_dims	
00168958	0042d4a4	120	branchy	77.67	near	41.5		dropped:ErrorPrintfx1;dropped:ErrorRaisex1;gvote:Queue->0034d840;globals:4ppc/1ps2;gdims:filename;unmapped-global:filename;gdims:__LNst__ZN2YS4FILE5QUEUEC1ENS1_4TYPEEPKc_1;unmapped-global:__LNst__ZN2YS4FILE5QUEUEC1ENS1_4TYPEEPKc_1;gdims:__LNst__ZN2YS4FILE4ReadEPKcPv_1;unmapped-global:__LNst__ZN2YS4FILE4ReadEPKcPv_1;static-unmapped	YS::FILE::QUEUE|SectorOffset|44|44|4
00169030	00435658	280	loop	83.64	near	45.78		simmap:Init->00196b88;simmap:Init->001a8498;simmap:Init->001c8de0;positional:Clear->001823d0;positional:InitSet->001a89f0;this-pad:func_00102448;arity-pad:func_001823d0;gvote:Current->0032bae0;gvote:CurrentWorld->004f6280;globals:5ppc/2ps2;unmapped-global:0x906108;unmapped-global:Config;unmapped-global:0x90610c;fix-arity:func_00168808;fix-arity:func_001823d0;fix-arity:func_001823d0;fix-arity:func_00168808;fix-arity:func_00168808;fix-arity:func_00168808;fix-arity:func_00168808;fix-arity:func_00168808;static-unmapped	
0016a158	0045fa00	96	straight	91.67	near	43.61		stack-locals:1;unmapped-call:operator_;dropped:operator_x0;this-pad:func_00168b38;this-pad:func_0016cce8;this-pad:func_0016cbc8;globals:1ppc/0ps2;unmapped-global:LS_213_info;fix-ptrglobal:e3g_LS_213_info;fix-assign-cast;static-unmapped	YS::OBJ|Matrix|40|80|10;YS::OBJ|Matrix|40|88|18;YS::OBJ|RecomFlagScript|414|528|484
0016a1b8	0045dd5c	244	float	69.25	near	60.09		dropped:ErrorPrintfx1;dropped:ErrorRaisex1;this-pad:func_0018a1b8;globals:3ppc/0ps2;gdims:__LNst__ZN2YS3OBJ8set_clsnEPv_1;unmapped-global:__LNst__ZN2YS3OBJ8set_clsnEPv_1;gdims:__LNst__ZN2YS3OBJ8_set_rotEf_3;unmapped-global:__LNst__ZN2YS3OBJ8_set_rotEf_3;gdims:LS_141_LV_16;unmapped-global:LS_141_LV_16	YS::OBJ|BgPress|8a0|9b8|8d8;YS::OBJ|Attach|570|694|5b8;YS::OBJ|BgInfo|620|744|664;YS::OBJ|BgInfo|620|748|668;YS::OBJ|BgPress|8a0|9b8|8d8;YS::OBJ|BgPress|8a0|9b8|8d8;YS::OBJ|ModelEffect|7b8|908|828;YS::OBJ|LookAt|4a0|5ec|510
0016ac38	004614fc	72	branchy	79.94	near	30.22		this-pad:func_001de168	
0016ace0	0045ea04	88	float	83.05	near	54.46		unmapped-call:operator_;dropped:ErrorPrintfx1;dropped:operator_x0;dropped:ErrorRaisex1;arity-pad:func_001ba028;arity-pad:func_00193608;gdims:__LNst__ZN2YS3OBJ7set_posERKN2kn7FVectorE_0;gdims:__LNst__ZN2YS3OBJ8_set_rotEf_3	
0016ae18	00461120	64	float	63.78	near	44.25		arity-pad:func_0016adc8;arity-pad:func_0016aeb8;fix-arg:func_0016aeb8:1	YS::OBJ|Moved|860|97c|89c
0016af58	00460ed8	136	float	68.71	compile	0.0	0016af58.cpp:2151: invalid use	arity-pad:func_001c0cd8	
0016b010	00461250	48	float	73.85	near	34.38			
0016b040	0046128c	44	float	81.82	near	0.0			
0016b070	00461160	44	float	98.55	near	21.57		unmapped-call:operator_;dropped:operator_x0	YS::OBJ|Stop|518|638|55c
0016b518	0045e9ac	60	branchy	5.00	near	42.67		positional:get_top_matrix->00176db0;positional:get_weapon_matrix->0016b558;arity-pad:func_00176db0;this-pad:func_0016b558	YS::OBJ|Dir|550|668|588
0016b668	0046047c	212	branchy	99.81	near	54.25		dropped:ErrorPrintfx1;dropped:ErrorRaisex1;this-pad:func_00187b90;this-pad:func_0016cab8;this-pad:func_001de450;this-pad:func_001dde40;arity-pad:func_001c0cd8;arity-pad:func_001c0e60;globals:3ppc/0ps2;gdims:__LNst__ZN2YS3OBJ10_OVR_leaveEv_0;unmapped-global:__LNst__ZN2YS3OBJ10_OVR_leaveEv_0;gdims:__LNst__ZN2YS3OBJ8_set_rotEf_3;unmapped-global:__LNst__ZN2YS3OBJ8_set_rotEf_3;gdims:LS_240_LV_39;unmapped-global:LS_240_LV_39	
0016b740	00460684	96	loop	88.52	near	0.0		gvote:Player->0034e948	
0016bd10	004c6298	76	straight	97.89	near	33.21		dropped:ErrorPrintfx1;dropped:ErrorRaisex1;globals:4ppc/0ps2;unmapped-global:ActionTable;gdims:__LNst__ZN2YS6ACTION3GetENS0_2IDE_1;unmapped-global:__LNst__ZN2YS6ACTION3GetENS0_2IDE_1;gdims:__LNst__ZN2YS6ACTION3GetENS0_2IDE_3;unmapped-global:__LNst__ZN2YS6ACTION3GetENS0_2IDE_3;unmapped-global:LS_159_LV_5;static-unmapped	
0016be00	00461c08	152	float	41.58	near	58.28		stack-locals:1;synth-fields:1;positional:operator_->0016bda8;this-pad:func_00190128;this-pad:func_00190878;this-pad:func_00190388;this-pad:func_001d35e0	YS::OBJ|FallMotion|100|140|58
0016bf38	00461d7c	184	loop	98.70	near	21.43		synth-fields:1;dropped:ErrorPrintfx3;dropped:ErrorRaisex3;arity-pad:func_001c0cd8;gvote:Current->0032bae0;globals:8ppc/1ps2;gdims:__LNst__ZN2YS3OBJ18_OVR_set_unit_dataEPNS_10UNIT_GROUPEPKNS_13UNIT_DATA_OBJE_0;unmapped-global:__LNst__ZN2YS3OBJ18_OVR_set_unit_dataEPNS_10UNIT_GROUPEPKNS_13UNIT_DATA_OBJE_0;gdims:__LNst__ZN2YS3OBJ8_set_rotEf_3;unmapped-global:__LNst__ZN2YS3OBJ8_set_rotEf_3;gdims:LS_304_LV_50;unmapped-global:LS_304_LV_50;gdims:_ZZN2YS8TOBTLOBJEPvEs_0;unmapped-global:_ZZN2YS8TOBTLOBJEPvEs_0;gdims:_ZZN2YS8TOBTLOBJEPvEs_2;unmapped-global:_ZZN2YS8TOBTLOBJEPvEs_2;unmapped-global:LV_0;gdims:__LNst__ZN2YS3OBJ7get_posEv_0;unmapped-global:__LNst__ZN2YS3OBJ7get_posEv_0	
0016c060	00462148	264	branchy	75.41	near	17.61		this-pad:func_001491d8;globals:0ppc/1ps2	
0016c168	00462218	324	switch	92.82	near	35.03		positional:ErrorPrintf->0016a070;positional:ErrorRaise->0016c028;arity-pad:func_001849b8;arity-pad:func_001c0cd8;globals:2ppc/1ps2;gdims:__LNst__ZN2YS3OBJ7get_posEv_0;gdims:__LNst__ZN2YS3OBJ8_set_rotEf_3;unmapped-global:__LNst__ZN2YS3OBJ8_set_rotEf_3;static-unmapped	
0016c460	004613f8	136	float	90.29	near	90.24		this-pad:func_00177860;this-pad:func_001c3618	YS::OBJ|Dir|550|668|588;YS::OBJ|Action|c|4c|c
0016c640	00462544	88	loop	98.86	near	32.91		this-pad:func_001d7a08	
0016c6e8	004625a8	104	loop	99.23	near	51.23			
0016c750	004b5fd0	28	straight	69.14	near	72.56		globals:3ppc/2ps2;unmapped-global:Counter;static-unmapped;variant:no_gvote	
0016cc18	004b5aa8	204	branchy	89.14	compile	0.0	0016cc18.cpp:2160: `YS'	stack-locals:1;dropped:ErrorPrintfx2;dropped:ErrorRaisex2;this-pad:func_0016c8f8;this-pad:func_0016c9e8;gvote:Executing->0034d8a4;gvote:Current->0034d8a0;globals:6ppc/2ps2;gdims:__LNst__ZN2YS2VM11syscallbackEiP8BD_VALUEiPS0__0;unmapped-global:__LNst__ZN2YS2VM11syscallbackEiP8BD_VALUEiPS0__0;gdims:__LNst__ZN2YS2VMC1EPvPNS0_4WORKEPNS_3OBJE_3;unmapped-global:__LNst__ZN2YS2VMC1EPvPNS0_4WORKEPNS_3OBJE_3;gdims:LS_91_LV_13;unmapped-global:LS_91_LV_13;gdims:__LNst__ZN2YS2VM11syscallbackEiP8BD_VALUEiPS0__1;unmapped-global:__LNst__ZN2YS2VM11syscallbackEiP8BD_VALUEiPS0__1	
0016cd48	004b5770	328	loop	88.88	near	63.78		positional:BdExecVM->001da558;dropped:ErrorPrintfx3;dropped:ErrorRaisex3;arity-pad:func_0016ce90;this-pad:func_0016cab8;gvote:Current->0034d8a0;gvote:Executing->0034d8a4;globals:12ppc/3ps2;unmapped-global:0x79b478;unmapped-global:Allocator;gdims:__LNst__ZN2YS2VM4execEPS0__0;unmapped-global:__LNst__ZN2YS2VM4execEPS0__0;gdims:__LNst__ZN2YS2VMC1EPvPNS0_4WORKEPNS_3OBJE_3;unmapped-global:__LNst__ZN2YS2VMC1EPvPNS0_4WORKEPNS_3OBJE_3;unmapped-global:LS_89_LV_12;gdims:_ZZN2YS5SLISTINS_2VMELi0EE6unlinkEPS1_Es_0;unmapped-global:_ZZN2YS5SLISTINS_2VMELi0EE6unlinkEPS1_Es_0;gdims:_ZZN2YS5SLISTINS_2VMELi0EE6unlinkEPS1_Es_2;unmapped-global:_ZZN2YS5SLISTINS_2VMELi0EE6unlinkEPS1_Es_2;gdims:__LNst__ZN2YS2VMdlEPv_0;unmapped-global:__LNst__ZN2YS2VMdlEPv_0;gdims:LS_75_LV_6;unmapped-global:LS_75_LV_6;static-unmapped	YS::VM|ChildList|2c|30|20;YS::VM|ChildList|2c|30|20
0016d110	004b5ff8	132	loop	94.52	near	58.55		dropped:ErrorPrintfx1;dropped:ErrorRaisex1;arity-pad:func_0016cab8;gvote:DestroyList->004f6290;globals:5ppc/1ps2;unmapped-global:Allocator;gdims:__LNst__ZN2YS2VMdlEPv_0;unmapped-global:__LNst__ZN2YS2VMdlEPv_0;gdims:__LNst__ZN2YS2VMC1EPvPNS0_4WORKEPNS_3OBJE_3;unmapped-global:__LNst__ZN2YS2VMC1EPvPNS0_4WORKEPNS_3OBJE_3;gdims:LS_75_LV_6;unmapped-global:LS_75_LV_6;static-unmapped	
0016d5d0	004b7318	108	float	89.04	near	23.93		positional:operator_->002fd188;globals:2ppc/3ps2	
0016d920	004b7810	72	float	52.72	compile	0.0	0016d920.cpp:73: cannot convert		
0016e240	004b8684	80	branchy	89.25	near	53.71		unmapped-call:operator_;dropped:operator_x0;this-pad:func_001dc648;arity-pad:func_0017d050	
0016e688	004b8e0c	32	straight	87.56	near	56.67		dropped:ErrorPrintfx1;dropped:ErrorRaisex1;globals:3ppc/0ps2;gdims:__LNst__ZN2YS11trap_assertEP8BD_VALUE_0;unmapped-global:__LNst__ZN2YS11trap_assertEP8BD_VALUE_0;gdims:__LNst__ZN2YS17trap_thread_startEP8BD_VALUE_3;unmapped-global:__LNst__ZN2YS17trap_thread_startEP8BD_VALUE_3;gdims:LS_155_LV_39;unmapped-global:LS_155_LV_39	
0016e718	004b8fb0	40	straight	80.00	near	62.0		arity-pad:func_00188b68;variant:no_thispad	
0016e920	0046a4dc	504	branchy	76.63	near	9.89		positional:GetHiModelEntryId->0016eb18;arity-pad:func_001d01e0;this-pad:func_0016f6a0;gvote:LastDeadEntryId->00350cd0;fix-arity:func_001d01e0;fix-arity:func_001d01e0	
0016eb48	0046ac3c	520	loop	88.22	near	0.0		positional:_sprintf->0016f6f8;positional:_strstr->0016f770;arity-pad:func_0016f460;arity-pad:func_0016f6a0;globals:8ppc/1ps2;gdims:PriorityTable;gdims:_buff;unmapped-global:_buff;gdims:__LNst__ZNK2YS8OBJENTRY8get_mdlxEPc_0;unmapped-global:__LNst__ZNK2YS8OBJENTRY8get_mdlxEPc_0;gdims:__LNst__ZNK2YS8OBJENTRY8get_mdlxEPc_2;unmapped-global:__LNst__ZNK2YS8OBJENTRY8get_mdlxEPc_2;gdims:__LNst__ZNK2YS8OBJENTRY8get_apdxEPc_0;unmapped-global:__LNst__ZNK2YS8OBJENTRY8get_apdxEPc_0;gdims:__LNst__ZNK2YS8OBJENTRY8get_apdxEPc_1;unmapped-global:__LNst__ZNK2YS8OBJENTRY8get_apdxEPc_1;unmapped-global:Lang;gdims:__LNst__ZNK2YS8OBJENTRY8get_apdxEPc_2;unmapped-global:__LNst__ZNK2YS8OBJENTRY8get_apdxEPc_2;fix-arity:func_0016e920;fix-arity:func_0016e920;fix-arity:func_0016e920;fix-arity:func_0016e920;static-unmapped	
0016ed50	0046b084	472	branchy	74.39	near	11.93		dropped:_printfx4;globals:7ppc/4ps2;gdims:FriendEntryId;gdims:__LNst__ZN2YS8OBJENTRY11ReadRequestEjii_1;gdims:__LNst__ZN2YS8OBJENTRY11ReadRequestEjii_2;unmapped-global:__LNst__ZN2YS8OBJENTRY11ReadRequestEjii_2;gdims:__LNst__ZN2YS8OBJENTRY11ReadRequestEjii_3;unmapped-global:__LNst__ZN2YS8OBJENTRY11ReadRequestEjii_3;gdims:__LNst__ZN2YS8OBJENTRY11ReadRequestEjii_4;unmapped-global:__LNst__ZN2YS8OBJENTRY11ReadRequestEjii_4	
0016f000	0046b340	1072	float	95.03	compile	0.0	0016f000.cpp:3817: cannot	simmap:TREASURE_BOX->001a8618;simmap:create->002d0290;simmap:JIGSAWPIECE->001d9ef0;simmap:Create->001c25e8;simmap:SHOPPOINT->001c2338;positional:BOSS->0016f6f8;positional:isShowVersion->0016f770;positional:initialize->001b3a90;positional:NPC->0018aba0;dropped:ErrorPrintfx1;dropped:_printfx8;dropped:ErrorRaisex1;this-pad:func_00197fe0;this-pad:func_0016f6f8;this-pad:func_001aea00;this-pad:func_001a8618;this-pad:func_00195ed8;this-pad:func_001aeb40;this-pad:func_001bf270;this-pad:func_001b20a0;this-pad:func_0018aba0;this-pad:func_001d9ef0;this-pad:func_001a6bc8;this-pad:func_001b1d60;this-pad:func_001c2338;this-pad:func_001c7fb8;globals:8ppc/3ps2;gdims:__LNst__ZN2YS8OBJENTRY6AppearEjRKN2kn7FVectorEf_2;gdims:__LNst__ZN2YS8OBJENTRY11ReadRequestEjii_1;unmapped-global:__LNst__ZN2YS8OBJENTRY11ReadRequestEjii_1;gdims:__LNst__ZN2YS8OBJENTRY11ReadRequestEjii_2;unmapped-global:__LNst__ZN2YS8OBJENTRY11ReadRequestEjii_2;gdims:__LNst__ZN2YS8OBJENTRY6AppearEjRKN2kn7FVectorEf_4;unmapped-global:__LNst__ZN2YS8OBJENTRY6AppearEjRKN2kn7FVectorEf_4;gdims:__LNst__ZN2YS8OBJENTRY11ReadRequestEjii_4;unmapped-global:__LNst__ZN2YS8OBJENTRY11ReadRequestEjii_4;gdims:__LNst__ZN2YS8OBJENTRY6AppearEjRKN2kn7FVectorEf_0;unmapped-global:__LNst__ZN2YS8OBJENTRY6AppearEjRKN2kn7FVectorEf_0;fix-arg:func_00179fd0:3;fix-arg:func_00179fd0:3;fix-arity:func_00179fd0;fix-arg:func_00179fd0:3;fix-arg:func_00179fd0:3;fix-arg:func_00179fd0:3;fix-arg:func_00179fd0:3	
0016f520	0046a84c	240	branchy	89.73	near	39.04		positional:_sprintf->0016f460;positional:_strrchr->002fee78;globals:3ppc/4ps2;gdims:_buff;gdims:__LNst__ZNK2YS8OBJENTRY8get_msetEjPc_2;gdims:__LNst__ZNK2YS8OBJENTRY8get_msetEjPc_1	
0016f6f8	0046a6cc	120	branchy	68.47	near	68.47			
0016f970	00416978	116	loop	93.13	near	50.64		dropped:ErrorPrintfx1;dropped:ErrorRaisex1;globals:5ppc/3ps2;gdims:__LNst__ZN2YS10CACHE_BUFF6HEADERnwEj_0;gdims:__LNst__ZN2YS10CACHE_BUFF12SearchByNameEPKci_3;unmapped-global:__LNst__ZN2YS10CACHE_BUFF12SearchByNameEPKci_3;unmapped-global:LS_78_LV_13	
0016fc10	00416348	404	loop	34.22	near	21.24		positional:SerchItem->00168e30;positional:afterMove->001755a4;dropped:ErrorPrintfx3;dropped:_printfx1;dropped:ErrorRaisex1;arity-pad:func_0016fda8;this-pad:func_00123ba8;this-pad:func_001755a4;this-pad:func_0013a6b8;gvote:HeaderList->0034dca0;globals:5ppc/2ps2;unmapped-global:0x798ff8;gdims:__LNst__ZN2YS10CACHE_BUFF6HEADER5flushEv_1;unmapped-global:__LNst__ZN2YS10CACHE_BUFF6HEADER5flushEv_1;unmapped-global:MainCounter;static-unmapped	YS::CACHE_BUFF::HEADER|Flag|44|44|24;YS::CACHE_BUFF::HEADER|Name|4|30|18
0016fda8	00415f74	540	loop	61.64	near	19.7		synth-fields:4;positional:checkBrokenMemory->0016fac8;dropped:ErrorPrintfx2;dropped:ErrorRaisex2;this-pad:func_00168b38;this-pad:func_001700e8;this-pad:func_0016fba0;this-pad:func_00168be8;globals:9ppc/1ps2;unmapped-global:header;gdims:nameTable;unmapped-global:nameTable;unmapped-global:Allocator;gdims:__LNst__ZN2YS10CACHE_BUFF6HEADER8transferEv_0;unmapped-global:__LNst__ZN2YS10CACHE_BUFF6HEADER8transferEv_0;gdims:__LNst__ZN2YS10CACHE_BUFF12SearchByNameEPKci_3;unmapped-global:__LNst__ZN2YS10CACHE_BUFF12SearchByNameEPKci_3;unmapped-global:LS_65_LV_10;gdims:__LNst__ZN2YS10CACHE_BUFF6HEADERnwEj_0;unmapped-global:__LNst__ZN2YS10CACHE_BUFF6HEADERnwEj_0;gdims:LS_39_LV_5;unmapped-global:LS_39_LV_5;static-unmapped	YS::CACHE_BUFF::HEADER|Name|4|10|0;YS::CACHE_BUFF::HEADER|Name|4|18|8;YS::CACHE_BUFF::HEADER|Name|4|20|10;YS::CACHE_BUFF::HEADER|Name|4|40|30;YS::CACHE_BUFF::HEADER|Priority|48|48|38;YS::CACHE_BUFF::HEADER|Address|50|50|40;YS::CACHE_BUFF::HEADER||58|58|48;YS::CACHE_BUFF::HEADER|Name|4|10|0;YS::CACHE_BUFF::HEADER|Name|4|18|8;YS::CACHE_BUFF::HEADER|Name|4|20|10;YS::CACHE_BUFF::HEADER|Name|4|28|18;YS::CACHE_BUFF::HEADER|Name|4|30|20;YS::CACHE_BUFF::HEADER|Name|4|38|28;YS::CACHE_BUFF::HEADER|Name|4|40|30;YS::CACHE_BUFF::HEADER|Priority|48|48|38;YS::CACHE_BUFF::HEADER|Address|50|50|40;YS::CACHE_BUFF::HEADER||58|58|48
00170018	00416b3c	204	loop	74.76	compile	0.0	00170018.cpp:119: parse error	synth-fields:1;fix-undecl:aVar3;fix-undecl:aVar1	
00170188	00414ac0	180	loop	20.33	compile	0.0	00170188.cpp:162: `struct	gvote:HeaderList->0034dca0;globals:2ppc/1ps2;unmapped-global:header;fix-assign-cast;fix-assign-cast;fix-assign-cast;fix-assign-cast;fix-assign-cast;fix-assign-cast;fix-assign-cast;fix-assign-cast	
00170320	00416c44	136	loop	38.59	near	0.0		dropped:_printfx1;arity-pad:func_00170018;gvote:HeaderList->0034dca0;globals:3ppc/1ps2;unmapped-global:header;gdims:__LNst__ZN2YS10CACHE_BUFF5ClearEi_0;unmapped-global:__LNst__ZN2YS10CACHE_BUFF5ClearEi_0	
00170400	00414e4c	276	branchy	78.03	compile	0.0	00170400.cpp:197: parse error	synth-fields:1;dropped:ErrorPrintfx5;dropped:ErrorRaisex3;arity-pad:func_0016fba0;globals:8ppc/0ps2;unmapped-global:header;unmapped-global:HeaderList;unmapped-global:Allocator;gdims:_ZZN2YS5SLISTINS_10CACHE_BUFF6HEADERELi0EE6unlinkEPS2_Es_0;unmapped-global:_ZZN2YS5SLISTINS_10CACHE_BUFF6HEADERELi0EE6unlinkEPS2_Es_0;gdims:_ZZN2YS5SLISTINS_10CACHE_BUFF6HEADERELi0EE6unlinkEPS2_Es_2;unmapped-global:_ZZN2YS5SLISTINS_10CACHE_BUFF6HEADERELi0EE6unlinkEPS2_Es_2;gdims:__LNst__ZN2YS10CACHE_BUFF6HEADERnwEj_0;unmapped-global:__LNst__ZN2YS10CACHE_BUFF6HEADERnwEj_0;gdims:__LNst__ZN2YS10CACHE_BUFF12SearchByNameEPKci_3;unmapped-global:__LNst__ZN2YS10CACHE_BUFF12SearchByNameEPKci_3;gdims:LS_39_LV_5;unmapped-global:LS_39_LV_5;fix-undecl:aVar2	
001705a8	0041518c	200	loop	80.58	near	49.05		dropped:ErrorPrintfx1;dropped:ErrorRaisex1;gvote:ClearList->0034dcb8;gvote:HeaderList->0034dca0;globals:4ppc/2ps2;gdims:_ZZN2YS5SLISTINS_10CACHE_BUFF6HEADERELi0EE6unlinkEPS2_Es_0;unmapped-global:_ZZN2YS5SLISTINS_10CACHE_BUFF6HEADERELi0EE6unlinkEPS2_Es_0;gdims:_ZZN2YS5SLISTINS_10CACHE_BUFF6HEADERELi0EE6unlinkEPS2_Es_2;unmapped-global:_ZZN2YS5SLISTINS_10CACHE_BUFF6HEADERELi0EE6unlinkEPS2_Es_2	
00170670	00415890	356	loop	81.93	compile	0.0	00170670.cpp:159: request for	stack-locals:1;dropped:ErrorPrintfx4;dropped:_printfx4;dropped:ErrorRaisex4;arity-pad:func_001700e8;gvote:HeaderList->0034dca0;gvote:FlushBottom->0034dcb0;globals:13ppc/5ps2;unmapped-global:SizeTable;gdims:__LNst__ZN2YS10CACHE_BUFF15FlushCompactionEv_5;unmapped-global:__LNst__ZN2YS10CACHE_BUFF15FlushCompactionEv_5;gdims:__LNst__ZN2YS10CACHE_BUFF12SearchByNameEPKci_3;unmapped-global:__LNst__ZN2YS10CACHE_BUFF12SearchByNameEPKci_3;gdims:LS_56_LV_8;unmapped-global:LS_56_LV_8;gdims:__LNst__ZN2YS10CACHE_BUFF15FlushCompactionEv_0;unmapped-global:__LNst__ZN2YS10CACHE_BUFF15FlushCompactionEv_0;gdims:__LNst__ZN2YS10CACHE_BUFF15FlushCompactionEv_2;unmapped-global:__LNst__ZN2YS10CACHE_BUFF15FlushCompactionEv_2;gdims:__LNst__ZN2YS10CACHE_BUFF15FlushCompactionEv_3;unmapped-global:__LNst__ZN2YS10CACHE_BUFF15FlushCompactionEv_3;gdims:__LNst__ZN2YS10CACHE_BUFF15FlushCompactionEv_4;unmapped-global:__LNst__ZN2YS10CACHE_BUFF15FlushCompactionEv_4	
001707d8	004166d4	172	loop	93.13	compile	0.0	001707d8.cpp:120: request for	dropped:ErrorPrintfx3;dropped:ErrorRaisex3;arity-pad:func_0016fc10;arity-pad:func_001700e8;gvote:FlushBottom->0034dcb0;gvote:HeaderList->0034dca0;globals:9ppc/2ps2;unmapped-global:header;unmapped-global:0xc78f40;gdims:__LNst__ZN2YS10CACHE_BUFF9FlushReadEv_1;unmapped-global:__LNst__ZN2YS10CACHE_BUFF9FlushReadEv_1;gdims:__LNst__ZN2YS10CACHE_BUFF12SearchByNameEPKci_3;unmapped-global:__LNst__ZN2YS10CACHE_BUFF12SearchByNameEPKci_3;gdims:LS_74_LV_12;unmapped-global:LS_74_LV_12;gdims:__LNst__ZN2YS10CACHE_BUFF9FlushReadEv_2;unmapped-global:__LNst__ZN2YS10CACHE_BUFF9FlushReadEv_2;gdims:__LNst__ZN2YS10CACHE_BUFF9FlushReadEv_0;unmapped-global:__LNst__ZN2YS10CACHE_BUFF9FlushReadEv_0	
001708f8	00417020	88	branchy	88.18	near	74.54		unmapped-call:_strstr;unmapped-call:checkBrokenMemory;dropped:checkBrokenMemoryx1;dropped:ErrorRaisex1;dropped:ErrorPrintfx3;dropped:_strstrx1;dropped:_printfx2;globals:3ppc/0ps2;unmapped-global:header;gdims:__LNst__ZN2YS10CACHE_BUFF5AllocEPKci_1;unmapped-global:__LNst__ZN2YS10CACHE_BUFF5AllocEPKci_1;gdims:__LNst__ZN2YS10CACHE_BUFF5AllocEPKci_3;unmapped-global:__LNst__ZN2YS10CACHE_BUFF5AllocEPKci_3	
00170c50	00416e40	124	loop	58.65	near	8.29		gvote:HeaderList->0034dca0;globals:2ppc/1ps2;unmapped-global:header	
00170cd0	00416ea8	72	branchy	60.00	near	30.94		globals:1ppc/0ps2;unmapped-global:HeaderList;static-unmapped	
00170dd0	00416f54	72	loop	96.67	near	41.11		this-pad:func_00102448	
00170e80	00417ce4	100	loop	79.20	near	50.53		globals:4ppc/3ps2;unmapped-global:HeaderList;static-unmapped;variant:no_gvote	
00170f98	004f71c8	148	float	56.37	near	38.11		globals:2ppc/5ps2	
00171268	004f7728	72	float	69.17	near	54.93		this-pad:func_0013fd10;globals:0ppc/1ps2	
001712b0	004f7788	72	float	71.84	near	54.93		this-pad:func_0013fd10;globals:0ppc/1ps2	
001713f0	004f7ff0	40	float	73.00	near	19.11		dropped:ErrorPrintfx3;dropped:ErrorRaisex3;this-pad:func_00186a90;globals:6ppc/0ps2;gdims:_ZZN2YS5ToOBJEPvEs_0;unmapped-global:_ZZN2YS5ToOBJEPvEs_0;gdims:_ZZN2YS5ToOBJEPvEs_2;unmapped-global:_ZZN2YS5ToOBJEPvEs_2;gdims:_ZZN2YS5ToOBJEPvEs_3;unmapped-global:_ZZN2YS5ToOBJEPvEs_3;gdims:_ZZN2YS8TOBTLOBJEPvEs_0;unmapped-global:_ZZN2YS8TOBTLOBJEPvEs_0;gdims:_ZZN2YS8TOBTLOBJEPvEs_2;unmapped-global:_ZZN2YS8TOBTLOBJEPvEs_2;unmapped-global:LV_1	
00171418	004f8178	72	branchy	97.44	near	38.59		unmapped-call:operator_;dropped:ErrorPrintfx2;dropped:operator_x0;dropped:ErrorRaisex2;this-pad:func_0016c028;gvote:ResultVector->01c5f480;globals:4ppc/1ps2;gdims:_ZZN2YS5ToOBJEPvEs_0;unmapped-global:_ZZN2YS5ToOBJEPvEs_0;gdims:_ZZN2YS5ToOBJEPvEs_2;unmapped-global:_ZZN2YS5ToOBJEPvEs_2;gdims:_ZZN2YS5ToOBJEPvEs_3;unmapped-global:_ZZN2YS5ToOBJEPvEs_3	
00171690	004f9208	44	float	74.55	near	6.06		dropped:ErrorPrintfx2;dropped:ErrorRaisex2;this-pad:func_00185278;globals:3ppc/0ps2;gdims:_ZZN2YS5ToOBJEPvEs_0;unmapped-global:_ZZN2YS5ToOBJEPvEs_0;gdims:_ZZN2YS5ToOBJEPvEs_2;unmapped-global:_ZZN2YS5ToOBJEPvEs_2;gdims:_ZZN2YS5ToOBJEPvEs_3;unmapped-global:_ZZN2YS5ToOBJEPvEs_3	
00171930	004fa5b8	48	straight	64.50	near	26.75		dropped:ErrorPrintfx2;dropped:ErrorRaisex2;this-pad:func_0016b010;globals:3ppc/0ps2;gdims:_ZZN2YS5ToOBJEPvEs_0;unmapped-global:_ZZN2YS5ToOBJEPvEs_0;gdims:_ZZN2YS5ToOBJEPvEs_2;unmapped-global:_ZZN2YS5ToOBJEPvEs_2;gdims:_ZZN2YS5ToOBJEPvEs_3;unmapped-global:_ZZN2YS5ToOBJEPvEs_3	
00171c60	004fbdd0	92	branchy	85.38	near	35.46		dropped:ErrorPrintfx4;dropped:ErrorRaisex4;this-pad:func_001c0d38;gvote:Current->0034d8a0;globals:4ppc/1ps2;gdims:_ZZN2YS5ToOBJEPvEs_0;unmapped-global:_ZZN2YS5ToOBJEPvEs_0;gdims:_ZZN2YS5ToOBJEPvEs_2;unmapped-global:_ZZN2YS5ToOBJEPvEs_2;gdims:_ZZN2YS5ToOBJEPvEs_3;unmapped-global:_ZZN2YS5ToOBJEPvEs_3	
00171ea8	004fcc84	88	float	86.55	near	26.4		stack-locals:1;unmapped-call:operator_;dropped:ErrorPrintfx4;dropped:operator_x0;dropped:ErrorRaisex4;arity-pad:func_001ca148;gvote:ResultVector->01c5f480;globals:4ppc/1ps2;gdims:_ZZN2YS5ToOBJEPvEs_0;unmapped-global:_ZZN2YS5ToOBJEPvEs_0;gdims:_ZZN2YS5ToOBJEPvEs_2;unmapped-global:_ZZN2YS5ToOBJEPvEs_2;gdims:_ZZN2YS5ToOBJEPvEs_3;unmapped-global:_ZZN2YS5ToOBJEPvEs_3;fix-arg:func_001ca148:2;variant:no_thispad	
00171fa8	004fd224	96	branchy	21.83	near	31.47		stack-locals:2;dropped:ErrorPrintfx3;dropped:ErrorRaisex3;this-pad:func_0016cf00;this-pad:func_00177460;gvote:Current->0034d8a0;globals:6ppc/1ps2;gdims:_ZZN2YS5ToOBJEPvEs_0;unmapped-global:_ZZN2YS5ToOBJEPvEs_0;gdims:_ZZN2YS5ToOBJEPvEs_2;unmapped-global:_ZZN2YS5ToOBJEPvEs_2;gdims:_ZZN2YS5ToOBJEPvEs_3;unmapped-global:_ZZN2YS5ToOBJEPvEs_3;gdims:_ZZN2YS7TOPARTYEPvEs_0;unmapped-global:_ZZN2YS7TOPARTYEPvEs_0;gdims:_ZZN2YS7TOPARTYEPvEs_2;unmapped-global:_ZZN2YS7TOPARTYEPvEs_2	
00172078	004fd85c	44	float	79.55	near	35.68		unmapped-call:set_parts_color;dropped:ErrorPrintfx2;dropped:set_parts_colorx1;dropped:ErrorRaisex2;globals:3ppc/0ps2;gdims:_ZZN2YS5ToOBJEPvEs_0;unmapped-global:_ZZN2YS5ToOBJEPvEs_0;gdims:_ZZN2YS5ToOBJEPvEs_2;unmapped-global:_ZZN2YS5ToOBJEPvEs_2;gdims:_ZZN2YS5ToOBJEPvEs_3;unmapped-global:_ZZN2YS5ToOBJEPvEs_3	
00172158	004fde28	124	float	80.62	near	46.37		dropped:ErrorPrintfx2;dropped:ErrorRaisex2;arity-pad:func_0017c4c8;this-pad:func_0017f488;globals:3ppc/0ps2;gdims:_ZZN2YS5ToOBJEPvEs_0;unmapped-global:_ZZN2YS5ToOBJEPvEs_0;gdims:_ZZN2YS5ToOBJEPvEs_2;unmapped-global:_ZZN2YS5ToOBJEPvEs_2;gdims:_ZZN2YS5ToOBJEPvEs_3;unmapped-global:_ZZN2YS5ToOBJEPvEs_3;fix-arg:func_0017c4c8:2	
00172260	004fe420	132	float	76.00	near	33.42		positional:prepare_hop->001b2210;dropped:ErrorPrintfx2;dropped:ErrorRaisex2;arity-pad:func_001b2210;this-pad:func_0017f488;globals:3ppc/0ps2;gdims:_ZZN2YS5ToOBJEPvEs_0;unmapped-global:_ZZN2YS5ToOBJEPvEs_0;gdims:_ZZN2YS5ToOBJEPvEs_2;unmapped-global:_ZZN2YS5ToOBJEPvEs_2;gdims:_ZZN2YS5ToOBJEPvEs_3;unmapped-global:_ZZN2YS5ToOBJEPvEs_3;fix-arg:func_001b2210:2	
001722e8	004fe598	124	float	80.62	near	46.37		simmap:prepare_flyjump->001b6dd0;dropped:ErrorPrintfx2;dropped:ErrorRaisex2;arity-pad:func_001b6dd0;this-pad:func_0017f488;globals:3ppc/0ps2;gdims:_ZZN2YS5ToOBJEPvEs_0;unmapped-global:_ZZN2YS5ToOBJEPvEs_0;gdims:_ZZN2YS5ToOBJEPvEs_2;unmapped-global:_ZZN2YS5ToOBJEPvEs_2;gdims:_ZZN2YS5ToOBJEPvEs_3;unmapped-global:_ZZN2YS5ToOBJEPvEs_3;fix-arg:func_001b6dd0:2	
00172368	004fe700	52	float	38.69	near	19.13		positional:hover->001a0710;dropped:ErrorPrintfx2;dropped:ErrorRaisex2;arity-pad:func_001a0710;globals:3ppc/0ps2;gdims:_ZZN2YS5ToOBJEPvEs_0;unmapped-global:_ZZN2YS5ToOBJEPvEs_0;gdims:_ZZN2YS5ToOBJEPvEs_2;unmapped-global:_ZZN2YS5ToOBJEPvEs_2;gdims:_ZZN2YS5ToOBJEPvEs_3;unmapped-global:_ZZN2YS5ToOBJEPvEs_3;fix-arg:func_001a0710:2;variant:no_thispad	
00172928	00500eec	92	float	94.13	near	30.02		dropped:ErrorPrintfx2;dropped:ErrorRaisex2;this-pad:func_0016a020;this-pad:func_0016ace0;globals:3ppc/0ps2;gdims:_ZZN2YS5ToOBJEPvEs_0;unmapped-global:_ZZN2YS5ToOBJEPvEs_0;gdims:_ZZN2YS5ToOBJEPvEs_2;unmapped-global:_ZZN2YS5ToOBJEPvEs_2;gdims:_ZZN2YS5ToOBJEPvEs_3;unmapped-global:_ZZN2YS5ToOBJEPvEs_3	
00172fb0	00502f3c	84	straight	62.82	near	0.0			
00173008	00502fa4	124	straight	46.10	near	8.77		stack-locals:1;arity-pad:func_002be318	
001732c8	00503310	56	straight	98.43	near	98.43			
00173348	005033b8	108	branchy	89.04	near	33.59		positional:operator_->002fd188;dropped:ErrorPrintfx1;dropped:ErrorRaisex1;arity-pad:func_00143e50;globals:5ppc/3ps2;gdims:__LNst__ZN2YS18trap_bg_get_normalEP8BD_VALUE_0;gdims:__LNst__ZN2YS18trap_bg_get_normalEP8BD_VALUE_1;unmapped-global:__LNst__ZN2YS18trap_bg_get_normalEP8BD_VALUE_1;gdims:LS_447_LV_50;unmapped-global:LS_447_LV_50	
001733f8	00503524	88	float	56.61	near	67.82		synth-fields:4;arity-pad:func_001024a8;gvote:BeltConveyor->00350990	
00173518	00503668	64	float	88.06	near	30.15		dropped:ErrorPrintfx1;dropped:ErrorRaisex1;globals:4ppc/1ps2;gdims:__LNst__ZN2YS26trap_bg_set_uvscroll_speedEP8BD_VALUE_0;unmapped-global:__LNst__ZN2YS26trap_bg_set_uvscroll_speedEP8BD_VALUE_0;gdims:__LNst__ZN2YS18trap_bg_get_normalEP8BD_VALUE_1;unmapped-global:__LNst__ZN2YS18trap_bg_get_normalEP8BD_VALUE_1;gdims:LS_453_LV_52;unmapped-global:LS_453_LV_52	
00173558	00503738	84	float	85.90	near	30.04		unmapped-call:operator_;dropped:operator_x0;gvote:ResultVector->01c5f480	
001735b0	005037ac	92	float	87.13	near	20.49		unmapped-call:operator_;dropped:operator_x0;gvote:ResultVector->01c5f480	
00173808	00504270	52	float	38.69	near	19.13		positional:fly->0019fdc0;dropped:ErrorPrintfx2;dropped:ErrorRaisex2;arity-pad:func_0019fdc0;globals:3ppc/0ps2;gdims:_ZZN2YS5ToOBJEPvEs_0;unmapped-global:_ZZN2YS5ToOBJEPvEs_0;gdims:_ZZN2YS5ToOBJEPvEs_2;unmapped-global:_ZZN2YS5ToOBJEPvEs_2;gdims:_ZZN2YS5ToOBJEPvEs_3;unmapped-global:_ZZN2YS5ToOBJEPvEs_3;fix-arg:func_0019fdc0:2;variant:no_thispad	
00173878	005044d0	156	branchy	66.90	near	35.74		dropped:ErrorPrintfx4;dropped:ErrorRaisex4;this-pad:func_0019ba60;arity-pad:func_0019c090;globals:6ppc/0ps2;gdims:_ZZN2YS5ToOBJEPvEs_3;unmapped-global:_ZZN2YS5ToOBJEPvEs_3;gdims:_ZZN2YS5ToOBJEPvEs_2;unmapped-global:_ZZN2YS5ToOBJEPvEs_2;gdims:__LNst__ZN2YS15trap_obj_use_mpEP8BD_VALUE_0;unmapped-global:__LNst__ZN2YS15trap_obj_use_mpEP8BD_VALUE_0;gdims:__LNst__ZN2YS18trap_bg_get_normalEP8BD_VALUE_1;unmapped-global:__LNst__ZN2YS18trap_bg_get_normalEP8BD_VALUE_1;gdims:LS_473_LV_55;unmapped-global:LS_473_LV_55;gdims:_ZZN2YS5ToOBJEPvEs_0;unmapped-global:_ZZN2YS5ToOBJEPvEs_0	
00173918	005046f8	104	branchy	97.23	near	39.27		positional:operator_->002fd188;dropped:ErrorPrintfx2;dropped:ErrorRaisex2;globals:5ppc/3ps2;gdims:_ZZN2YS5ToOBJEPvEs_0;gdims:_ZZN2YS5ToOBJEPvEs_2;unmapped-global:_ZZN2YS5ToOBJEPvEs_2;gdims:_ZZN2YS5ToOBJEPvEs_3;unmapped-global:_ZZN2YS5ToOBJEPvEs_3	
00173e10	005065e0	40	float	73.00	near	33.86		unmapped-call:move_request;dropped:move_requestx1;dropped:ErrorPrintfx2;dropped:ErrorRaisex2;globals:3ppc/0ps2;gdims:_ZZN2YS5ToOBJEPvEs_0;unmapped-global:_ZZN2YS5ToOBJEPvEs_0;gdims:_ZZN2YS5ToOBJEPvEs_2;unmapped-global:_ZZN2YS5ToOBJEPvEs_2;gdims:_ZZN2YS5ToOBJEPvEs_3;unmapped-global:_ZZN2YS5ToOBJEPvEs_3	
00173f08	00506e50	96	float	85.00	near	34.96		unmapped-call:operator_;dropped:ErrorPrintfx4;dropped:operator_x0;dropped:ErrorRaisex4;this-pad:func_0016c028;this-pad:func_00184a90;gvote:ResultVector->01c5f480;globals:4ppc/1ps2;gdims:_ZZN2YS5ToOBJEPvEs_0;unmapped-global:_ZZN2YS5ToOBJEPvEs_0;gdims:_ZZN2YS5ToOBJEPvEs_2;unmapped-global:_ZZN2YS5ToOBJEPvEs_2;gdims:_ZZN2YS5ToOBJEPvEs_3;unmapped-global:_ZZN2YS5ToOBJEPvEs_3	
00173f68	00507060	140	float	94.46	near	37.73		dropped:ErrorPrintfx2;dropped:ErrorRaisex2;arity-pad:func_00184a90;arity-pad:func_0016c028;globals:3ppc/0ps2;gdims:_ZZN2YS5ToOBJEPvEs_0;unmapped-global:_ZZN2YS5ToOBJEPvEs_0;gdims:_ZZN2YS5ToOBJEPvEs_2;unmapped-global:_ZZN2YS5ToOBJEPvEs_2;gdims:_ZZN2YS5ToOBJEPvEs_3;unmapped-global:_ZZN2YS5ToOBJEPvEs_3	
00174168	00507b50	40	float	73.00	near	33.86		unmapped-call:set_movement;dropped:ErrorPrintfx2;dropped:set_movementx1;dropped:ErrorRaisex2;globals:3ppc/0ps2;gdims:_ZZN2YS5ToOBJEPvEs_0;unmapped-global:_ZZN2YS5ToOBJEPvEs_0;gdims:_ZZN2YS5ToOBJEPvEs_2;unmapped-global:_ZZN2YS5ToOBJEPvEs_2;gdims:_ZZN2YS5ToOBJEPvEs_3;unmapped-global:_ZZN2YS5ToOBJEPvEs_3	
00174728	00509488	44	float	69.91	near	14.26		dropped:ErrorPrintfx2;dropped:ErrorRaisex2;this-pad:func_0013fd10;globals:3ppc/0ps2;gdims:_ZZN2YS5ToOBJEPvEs_0;unmapped-global:_ZZN2YS5ToOBJEPvEs_0;gdims:_ZZN2YS5ToOBJEPvEs_2;unmapped-global:_ZZN2YS5ToOBJEPvEs_2;gdims:_ZZN2YS5ToOBJEPvEs_3;unmapped-global:_ZZN2YS5ToOBJEPvEs_3	
00174af8	00509ba8	48	float	93.00	near	40.73		this-pad:func_001b1bb8	
00174e10	0050a234	40	straight	81.50	near	13.1		simmap:setTargetPos->00158920	
00175108	0050a9f8	36	straight	98.67	near	40.0		unmapped-call:set_element_rate;dropped:set_element_ratex1	
001751f8	0050adc8	32	straight	87.56	near	66.75			
00175328	0050b6d8	36	straight	98.67	near	40.0		unmapped-call:AppearNum;dropped:AppearNumx1	
00175790	00476ab0	288	branchy	83.86	near	43.1		synth-fields:4;simmap:GetBank->001afe30;positional:Get->001d7ec8;this-pad:func_0016a070;globals:1ppc/2ps2;raw-view:8	
00175b68	00475b24	80	branchy	66.20	near	44.35		this-pad:func_0016b010;this-pad:func_00198690	
00175bb8	00476cb8	208	float	47.75	near	4.6			
00175c88	00477884	732	branchy	87.19	near	12.39		synth-fields:3;dropped:ErrorPrintfx3;dropped:ErrorRaisex3;arity-pad:func_00176868;this-pad:func_00178a50;arity-pad:func_00177ab8;arity-pad:func_00176dd8;this-pad:func_0017a590;globals:7ppc/1ps2;unmapped-global:_ZZN2YS8TOPLAYEREPvEs_0;unmapped-global:_ZZN2YS8TOPLAYEREPvEs_2;unmapped-global:LV_1;unmapped-global:__LNst__ZN2YS5PARTY11get_abilityEv_1;unmapped-global:__LNst__ZN2YS5PARTY11get_abilityEv_3;unmapped-global:LS_163_LV_16;variant:no_dims	YS::OBJ|Spec|110|164|160;YS::OBJ|Action|c|4c|c;YS::OBJ|Action|c|4c|c;YS::OBJ|RecomFlagScript|414|534|490
00175f68	00478e14	512	branchy	76.12	near	0.0		synth-fields:1;positional:PartToEntryId->00176b58;positional:Get->001a90f0;dropped:ErrorPrintfx2;dropped:ErrorRaisex2;arity-pad:func_0017df58;this-pad:func_0016a070;this-pad:func_0019c5d0;arity-pad:func_00185a28;this-pad:func_00176168;globals:5ppc/1ps2;gdims:__LNst__ZN2YS5PARTY10set_weaponEji_0;unmapped-global:__LNst__ZN2YS5PARTY10set_weaponEji_0;gdims:__LNst__ZN2YS5PARTY11get_abilityEv_3;unmapped-global:__LNst__ZN2YS5PARTY11get_abilityEv_3;gdims:LS_341_LV_34;unmapped-global:LS_341_LV_34;gdims:__LNst__ZN2YS5PARTY12ChangeWeaponEP4TASKiii_0;unmapped-global:__LNst__ZN2YS5PARTY12ChangeWeaponEP4TASKiii_0;fix-arity:func_0017df58;fix-arity:func_0017df58;fix-arity:func_0017df58;fix-arity:func_0017df58	
00176168	00477e58	240	float	73.01	near	49.92		dropped:ErrorPrintfx3;dropped:ErrorRaisex3;this-pad:func_0017a538;this-pad:func_00185330;this-pad:func_00180800;this-pad:func_0017f488;globals:5ppc/0ps2;gdims:__LNst__ZN2YS5PARTY10set_weaponEji_0;unmapped-global:__LNst__ZN2YS5PARTY10set_weaponEji_0;gdims:__LNst__ZN2YS5PARTY11get_abilityEv_3;unmapped-global:__LNst__ZN2YS5PARTY11get_abilityEv_3;gdims:LS_307_LV_30;unmapped-global:LS_307_LV_30;gdims:__LNst__ZN2YS5PARTY10set_weaponEji_1;unmapped-global:__LNst__ZN2YS5PARTY10set_weaponEji_1;gdims:__LNst__ZN2YS5PARTY10set_weaponEji_2;unmapped-global:__LNst__ZN2YS5PARTY10set_weaponEji_2	
001762f8	004761d8	348	branchy	71.77	near	40.74		positional:damageMiddle->0013dea8;positional:damageLarge->0013de58;this-pad:func_00186d48;this-pad:func_00186148	YS::OBJ|ModelEffect|7b8|8d8|7f8;YS::OBJ|ModelEffect|7b8|8d8|7f8
00176458	004763b0	452	float	44.23	compile	0.0	00176458.cpp:2259: conflicting	stack-locals:1;synth-fields:6;positional:get_reflect_dir->00176680;unmapped-call:operator_;unmapped-call:operator__;dropped:operator_x0;dropped:operator__x1;this-pad:func_0018e8f0;this-pad:func_0019c090;this-pad:func_00187018;this-pad:func_00176680;this-pad:func_0016aef0;this-pad:func_00186a90;this-pad:func_0017f488;this-pad:func_0017f5e0;globals:0ppc/2ps2	
00176868	0047764c	264	float	85.67	near	48.86		synth-fields:1;simmap:blow_recov->00176970;dropped:ErrorPrintfx2;dropped:ErrorRaisex2;arity-pad:func_00176970;this-pad:func_001d7f40;this-pad:func_001a0920;arity-pad:func_00177008;globals:7ppc/0ps2;unmapped-global:command;unmapped-global:__LNst__ZN2YS5PARTY11get_abilityEv_1;unmapped-global:__LNst__ZN2YS5PARTY11get_abilityEv_3;unmapped-global:LS_163_LV_16;unmapped-global:_ZZN2YS8TOPLAYEREPvEs_0;unmapped-global:_ZZN2YS8TOPLAYEREPvEs_2;unmapped-global:LV_1;static-unmapped;variant:no_dims	
00176a90	00476140	140	float	68.40	near	62.71		synth-fields:1;positional:IsScene->00197e40;this-pad:func_00187920;gvote:Flag->0034f240	
00176cd0	00475efc	152	branchy	95.64	near	78.93		stack-locals:1;synth-fields:3;simmap:_OVR_voice->00198630;positional:GetTableNum->001afe70;this-pad:func_0019ba60;this-pad:func_0016a070;this-pad:func_00198630	YS::OBJ|Matrix|40|90|10;YS::OBJ|Matrix|40|b0|28
00176dd8	00476f08	160	float	94.50	compile	0.0	00176dd8.cpp:2201: parse error	dropped:ErrorPrintfx1;dropped:ErrorRaisex1;this-pad:func_0016a070;this-pad:func_0017f488;this-pad:func_0017f5e0;gvote:LS_290_LV_24->0036c4c4;globals:3ppc/1ps2;gdims:__LNst__ZN2YS5PARTY9exec_itemEPKNS_12COMMAND_ELEMERNS_6TARGETEi_0;unmapped-global:__LNst__ZN2YS5PARTY9exec_itemEPKNS_12COMMAND_ELEMERNS_6TARGETEi_0;gdims:__LNst__ZN2YS5PARTY11get_abilityEv_3;unmapped-global:__LNst__ZN2YS5PARTY11get_abilityEv_3;gdims:LS_290_LV_24;fix-hdmember:YS_PARTY.UseItem;fix-hdmember:YS_PARTY.UseItem;fix-hdmember:YS_PARTY.UseItem	
00176f00	00475910	172	float	90.98	near	65.58		dropped:ErrorPrintfx1;dropped:ErrorRaisex1;arity-pad:func_001a1de0;arity-pad:func_001a1a20;globals:4ppc/1ps2;gdims:__LNst__ZN2YS5PARTY11get_abilityEv_1;unmapped-global:__LNst__ZN2YS5PARTY11get_abilityEv_1;gdims:__LNst__ZN2YS5PARTY11get_abilityEv_3;unmapped-global:__LNst__ZN2YS5PARTY11get_abilityEv_3;gdims:LS_163_LV_16;unmapped-global:LS_163_LV_16;fix-arg:func_001a1a20:1;variant:no_thispad	
00177460	00478424	52	straight	98.46	near	59.0		synth-fields:2;this-pad:func_0016cab8	
00177760	004766c8	236	branchy	84.95	near	73.46		stack-locals:1;this-pad:func_0019ba60;this-pad:func_0016cce8;globals:1ppc/0ps2;unmapped-global:param;static-unmapped;drop:YS::OBJ.LandMotion@0x104	YS::OBJ|Matrix|40|a0|10;YS::OBJ|RecomFlagScript|414|528|484;YS::OBJ|Pax|80|c0|38;YS::OBJ|Spec|110|164|160;YS::OBJ|RecomFlagScript|414|528|484;YS::OBJ|RecomFlagScript|414|528|484;YS::OBJ|RecomFlagScript|414|528|484
00177c50	004767e0	224	float	67.17	near	71.13		dropped:ErrorPrintfx1;dropped:ErrorRaisex1;this-pad:func_001a1de0;this-pad:func_00187650;this-pad:func_00187520;globals:3ppc/0ps2;gdims:__LNst__ZN2YS5PARTY11get_abilityEv_1;unmapped-global:__LNst__ZN2YS5PARTY11get_abilityEv_1;gdims:__LNst__ZN2YS5PARTY11get_abilityEv_3;unmapped-global:__LNst__ZN2YS5PARTY11get_abilityEv_3;gdims:LS_163_LV_16;unmapped-global:LS_163_LV_16;drop:YS::OBJ.LandMotion@0x104	YS::OBJ|RecomFlagScript|414|530|48c;YS::OBJ|Spec|110|164|160;YS::OBJ|Spec|110|164|160;YS::OBJ|RecomFlagScript|414|530|48c;YS::OBJ|Spec|110|164|160
00177f50	0047eb7c	388	branchy	85.02	near	50.74		synth-fields:3;positional:__ZN2YS5PARTYC2EPKNS_8OBJENTRYEjRKN2kn7FVectorEf->00175670;dropped:ErrorPrintfx1;dropped:ErrorRaisex1;this-pad:func_0016a070;this-pad:func_0016f6a0;this-pad:func_00176168;arity-pad:func_001cf5b0;this-pad:func_001d6938;gvote:Player->0034e948;gvote:PlayerIndication->01c5f530;gdims:__LNst__ZN2YS6PLAYERC1EPKNS_8OBJENTRYEiPNS_3PADERKN2kn7FVectorEf_0;gdims:__LNst__ZN2YS6PLAYER17set_command_phaseEi_3	
00178100	0047e758	168	branchy	69.12	near	0.0		simmap:IsIndoor->00194898;gvote:Camera->0034ece8;fix-arity:func_00140d38;fix-arity:func_00140d38	
001784a8	0047e548	196	float	86.57	near	11.34		stack-locals:2;synth-fields:1;positional:is_exist->002f87c0;unmapped-call:operator_;unmapped-call:make_movement_carpet;dropped:make_movement_carpetx1;dropped:operator_x0;this-pad:func_00178330;globals:2ppc/1ps2;unmapped-global:Config;static-unmapped	
00178758	0047c788	304	float	85.13	near	36.24		positional:Visit->001a1b68;dropped:StatusPrintfx6;this-pad:func_00175af8;arity-pad:func_00179718;this-pad:func_00177860;this-pad:func_001d6f28;arity-pad:func_00179a68;arity-pad:func_00179cb8;this-pad:func_001b9d40;arity-pad:func_0017a418;this-pad:func_0016c028;this-pad:func_00184a90;gvote:System->00352130;globals:7ppc/3ps2;unmapped-global:Current;unmapped-global:LastArea;unmapped-global:0x906108;unmapped-global:Player;fix-arg:func_00179a68:1;static-unmapped	
001789b8	0047cf60	148	float	90.62	near	49.45		synth-fields:1;this-pad:func_001b9d40;this-pad:func_001835a0;this-pad:func_00175b68;globals:1ppc/3ps2	
00178a50	0047f074	148	branchy	66.97	near	49.69		this-pad:func_00190140	
00178ae8	0047ede8	264	branchy	76.71	near	36.93		positional:talk->00178cf8;positional:check->00178cf8;dropped:ErrorPrintfx1;dropped:ErrorRaisex1;arity-pad:func_00179648;this-pad:func_001a8778;this-pad:func_00178cf8;arity-pad:func_00178bf0;globals:3ppc/0ps2;gdims:__LNst__ZN2YS6PLAYER24_OVR_exec_command_playerEPKNS_12COMMAND_ELEME_0;unmapped-global:__LNst__ZN2YS6PLAYER24_OVR_exec_command_playerEPKNS_12COMMAND_ELEME_0;gdims:__LNst__ZN2YS6PLAYER17set_command_phaseEi_3;unmapped-global:__LNst__ZN2YS6PLAYER17set_command_phaseEi_3;gdims:LS_350_LV_38;unmapped-global:LS_350_LV_38	
00178d28	0047d670	340	float	77.91	near	89.46		this-pad:func_00176fb0;this-pad:func_001a0920;this-pad:func_001cda88;this-pad:func_001cde58;this-pad:func_00177008;this-pad:func_0017f488;this-pad:func_0017f5e0;gvote:Carpet->00351068;globals:3ppc/2ps2;unmapped-global:0x799fa8;static-unmapped	
00178fe8	0047db90	212	branchy	84.64	near	5.92		this-pad:func_00176fb0;this-pad:func_001a0920;this-pad:func_001778c0;this-pad:func_00177ab8;this-pad:func_00177008	
00179148	0047d9d0	156	branchy	60.05	near	7.74		this-pad:func_0019c090;this-pad:func_001b9d40;arity-pad:func_001791e8	
00179308	0047dc90	328	float	70.54	compile	0.0	00179308.cpp:2924: `GLIDE'	synth-fields:1;this-pad:func_00177860;this-pad:func_001c3618;this-pad:func_0019c090;this-pad:func_001b9d40;this-pad:func_00184a90;this-pad:func_0016c028;this-pad:func_0016bd60	
00179450	0047de20	220	float	84.48	near	59.93		this-pad:func_0019c090;this-pad:func_001b9d40;this-pad:func_00177860;this-pad:func_0016bd60	
00179530	0047da60	276	float	65.23	near	61.45		arity-pad:func_00177860;arity-pad:func_001c3618;arity-pad:func_0019c090;arity-pad:func_001b9d40;arity-pad:func_0016aef0;arity-pad:func_0017f488;arity-pad:func_0017f5e0;arity-pad:func_00176a60;fix-arg:func_0017f5e0:4;fix-arg:func_00176a60:1;variant:no_thispad	
00179648	0047e828	156	branchy	67.03	near	57.67		this-pad:func_0016c008;this-pad:func_0016a070;this-pad:func_0016a020;gvote:SaveRam->0032bb30	
00179718	0047c5a8	384	float	95.11	near	39.28		unmapped-call:operator_;dropped:operator_x0;this-pad:func_001dc9d0;this-pad:func_001dc920;this-pad:func_001de2e0;this-pad:func_001de168;arity-pad:func_00143e50;this-pad:func_001dc5f8;this-pad:func_001dc648;arity-pad:func_0017d050;globals:1ppc/2ps2;fix-assign-cast;fix-assign-cast;fix-assign-cast;fix-assign-cast	
001798d8	0047d3d8	396	float	60.00	compile	0.0	001798d8.cpp:3052: conflicting	stack-locals:1;this-pad:func_0019ba60;this-pad:func_0016cce8;this-pad:func_001d6f28;arity-pad:func_00179a68;this-pad:func_00177760;gvote:System->00352130;globals:2ppc/3ps2;fix-arg:func_00179a68:1	
00179a68	0047c494	252	float	72.04	near	49.41		this-pad:func_001a1de0;this-pad:func_00177860;this-pad:func_001a1aa0;this-pad:func_001d6f28;gvote:System->00352130	
00179b68	0047d288	96	branchy	65.25	near	65.25		simmap:Alloc->001a6a20;simmap:_OVR_is_star->00176a90;this-pad:func_00176a90	
00179cb8	0047c338	276	branchy	83.67	near	69.27		stack-locals:1;positional:operator_->00179c80;this-pad:func_001de2e0;this-pad:func_001de168;this-pad:func_001dc5f8;this-pad:func_0016c028;this-pad:func_001dc648;this-pad:func_0016af58;arity-pad:func_0017d050;this-pad:func_001dc818;fix-assign-cast;fix-assign-cast	
00179fd0	0047f588	484	float	92.33	near	55.07		stack-locals:1;simmap:TRPLAYER->001ced68;simmap:MGOarashiPlayer->002d49c0;positional:MGJumpPlayer->00167f18;positional:MGHachimitsuPlayer->002d9730;arity-pad:func_001ced68;arity-pad:func_00178100;arity-pad:func_001d14e0;arity-pad:func_00167f18;arity-pad:func_002d9730;arity-pad:func_002d49c0;arity-pad:func_001d0980;globals:1ppc/0ps2;unmapped-global:Current;fix-arg:func_001ced68:4;fix-arg:func_00178100:4;fix-arg:func_001d14e0:4;fix-arg:func_00167f18:4;fix-arg:func_002d9730:4;fix-arg:func_002d49c0:4;fix-arg:func_001d0980:5;fix-arg:func_001d0980:5;static-unmapped;variant:no_thispad	
0017a418	0047c250	100	branchy	74.00	near	22.05		synth-fields:2;simmap:hide->001d6b40;dropped:ErrorPrintfx1;dropped:ErrorRaisex1;this-pad:func_001d6ae0;this-pad:func_001d6b40;globals:4ppc/0ps2;unmapped-global:phase;gdims:__LNst__ZN2YS6PLAYER17set_command_phaseEi_1;unmapped-global:__LNst__ZN2YS6PLAYER17set_command_phaseEi_1;gdims:__LNst__ZN2YS6PLAYER17set_command_phaseEi_3;unmapped-global:__LNst__ZN2YS6PLAYER17set_command_phaseEi_3;gdims:LS_187_LV_18;unmapped-global:LS_187_LV_18;static-unmapped	
0017a538	0047efe4	84	branchy	84.71	near	84.71		this-pad:func_0016a070	
0017a8f8	004c60b8	64	straight	83.75	near	35.56		this-pad:func_0017c4c8;this-pad:func_0016bd60	YS::ACTION|Flag|8|8|18
0017a9e8	004c61a4	204	float	28.61	near	28.94		synth-fields:1;this-pad:func_0016bd60;gvote:System->00352130	
0017aad0	004c65c0	5160	float	65.62	compile	0.0	0017aad0.cpp:3171: `	synth-fields:11;positional:GS_SET_FBA->0031e938;positional:GS_SET_MIPTBP2->0031e938;positional:GS_SET_ALPHA->0031e938;positional:GS_SET_TEX1->0031e938;positional:GS_SET_TEX2->0031e938;positional:GS_SET_MIPTBP1->0031e938;positional:GS_SET_CLAMP->0031e938;positional:GS_SET_PRMODECONT->0031e938;positional:GS_SET_COLCLAMP->0031e938;positional:GS_SET_DIMX->0031e938;positional:GS_SET_TEXA->0031e938;positional:GS_SET_FRAME->0031e938;positional:GS_SET_ZBUF->0031e938;positional:GS_SET_TEST->0031e938;positional:GS_SET_TEX0->0031e938;positional:ACTION_IDLE->0031e938;positional:ACTION_JUMP->0031e938;positional:ACTION_HANG->0031e938;positional:ACTION_DUMMY->0031e938;positional:ACTION_BLOW->0031e938;positional:ACTION_FLY->0031e938;positional:ACTION_HOVER->0031e938;positional:ACTION_DUSKJUMP->0031e938;positional:ACTION_FLYBLOW->0031e938;positional:ACTION_HOP->0031e938;positional:ACTION_CARPET->002dfb10;positional:ACTION_FLYJUMP->0031e938;positional:ACTION_PRIZEBOX->0031e938;positional:ACTION_PRIZEBOX_GET->002dea00;positional:ACTION_TORNADO->002dea00;positional:ACTION_FLYTORNADO->002ea2d8;positional:ACTION_AIRSLIDE->0031e938;positional:ACTION_GLIDEHOVER->0031e938;positional:ACTION_GLIDE->0031e938;positional:ACTION_CARPETOBJ->0031e938;positional:ACTION_CARPETJUMP->0031e938;positional:ACTION_CARPETBLOW->0031e938;positional:ACTION_LKDASH->0031e938;positional:ACTION_LIGHTCYCLE->0031e938;positional:ACTION_AL_ESCAPE->0031e938;positional:ACTION_AL_ESCAPE_CARPET->0031e938;positional:ACTION_LKDASH_JUMP->0031e938;positional:ACTION_FRIEND_FLY->0031e938;positional:ACTION_AL_PRIZEBOX_GET->0031e938;positional:ACTION_NMGUN->0031e938;positional:ACTION_LM->0031e938;positional:ACTION_PO_JUMP_PLAYER->0031e938;positional:ACTION_FRIEND_FLY_DASH->0031e938;positional:ACTION_FRIEND_FLY_BLOW->0031e938;positional:__ZN2Ti14ACTION_PO_JUMPC2Eff->002dea80;positional:ACTION_TT_BALL_BLOW->002dea80;positional:ACTION_PO_OARASHI->002dea80;unmapped-call:ACTION_PO_OARASHI_POOH;unmapped-call:ACTION_LM_SWIM;unmapped-call:ACTION_LM_DOLPHIN;unmapped-call:ACTION_DEADSORA;dropped:ACTION_LM_SWIMx1;dropped:ACTION_LM_DOLPHINx1;dropped:ACTION_PO_OARASHI_POOHx1;dropped:ACTION_DEADSORAx1;arity-pad:func_0031e938;this-pad:func_002dfb10;this-pad:func_002dea00;this-pad:func_002ea2d8;globals:122ppc/131ps2;fix-arity:func_0031e938;fix-arity:func_0031e938;fix-arity:func_0031e938;fix-arity:func_0031e938	
0017c030	004cfdfc	112	float	67.78	near	43.63		unmapped-call:operator_;dropped:operator_x0;this-pad:func_0016c460	
0017c0a0	004cfea8	104	float	68.96	near	42.73		stack-locals:1;positional:operator_->0017c030;this-pad:func_0016c460;this-pad:func_0017c4c8;this-pad:func_0017f488;fix-arg:func_0017c4c8:2	
0017c108	004cf9e8	88	float	87.73	near	88.09		this-pad:func_0017f540;globals:0ppc/1ps2	
0017c160	004cfa60	304	float	87.80	near	13.82		synth-fields:1;unmapped-call:change_motion;dropped:change_motionx1;this-pad:func_0016c168;this-pad:func_0016a070;this-pad:func_001b3748;globals:0ppc/1ps2	YS::ACTION|Flag|8|8|18
0017c430	00403860	148	float	63.27	near	0.0		synth-fields:1;dropped:ErrorPrintfx1;dropped:ErrorRaisex1;globals:3ppc/2ps2;gdims:__LNst__ZN2YS3OBJ19prepare_jump_heightEf_1;gdims:__LNst__ZN2YS3OBJ19prepare_jump_heightEf_3;gdims:LS_108_LV_11;unmapped-global:LS_108_LV_11	
0017c578	00402ac8	232	float	67.93	near	37.8		synth-fields:1;unmapped-call:operator_;dropped:operator_x0;this-pad:func_0016c028	
0017c930	004031b0	344	float	68.67	near	0.0		this-pad:func_0016c028;globals:1ppc/4ps2	
0017ca88	00402ce0	188	float	62.70	near	9.02		globals:0ppc/2ps2	
0017cc30	00403460	212	float	85.56	near	66.72		this-pad:func_001805a8;this-pad:func_0017f488;this-pad:func_0017f5e0;this-pad:func_00180c88;this-pad:func_0016bd60	
0017cd20	00403658	240	float	82.22	near	54.51		synth-fields:2;unmapped-call:operator_;dropped:ErrorPrintfx1;dropped:operator_x0;dropped:ErrorRaisex1;this-pad:func_00177860;this-pad:func_001c3618;this-pad:func_0017f488;globals:2ppc/0ps2;gdims:_ZZN2YS7TOPARTYEPvEs_0;unmapped-global:_ZZN2YS7TOPARTYEPvEs_0;gdims:_ZZN2YS7TOPARTYEPvEs_2;unmapped-global:_ZZN2YS7TOPARTYEPvEs_2	YS::ACTION|Id|4|4|8;YS::ACTION|Id|4|4|c
0017ce80	004c0f78	128	float	53.80	near	37.82		globals:1ppc/0ps2;unmapped-global:speed;static-unmapped	
0017da90	00431010	296	float	68.78	near	50.36		synth-fields:2;positional:__ZN2YS5PARTYC2EPKNS_8OBJENTRYEjRKN2kn7FVectorEf->00175670;dropped:ErrorPrintfx1;dropped:ErrorRaisex1;this-pad:func_0016a070;this-pad:func_0016f6a0;this-pad:func_00176168;globals:4ppc/3ps2;gdims:__LNst__ZN2YS6FRIENDC1EPKNS_8OBJENTRYERKN2kn7FVectorEf_0;gdims:__LNst__ZN2YS6FRIEND9exec_stunEv_3;unmapped-global:__LNst__ZN2YS6FRIEND9exec_stunEv_3;variant:no_gvote	
0017dcc0	00430840	432	float	66.42	near	51.35		stack-locals:1;positional:operator_->0017de70;dropped:ErrorPrintfx1;dropped:ErrorRaisex1;this-pad:func_001b9d40;this-pad:func_0019c090;this-pad:func_001de168;this-pad:func_0017f540;this-pad:func_001dc818;this-pad:func_0016bc20;this-pad:func_0018a818;this-pad:func_001dc5f8;gvote:System->00352130;globals:5ppc/2ps2;gdims:__LNst__ZN2YS6FRIEND9exec_stunEv_1;unmapped-global:__LNst__ZN2YS6FRIEND9exec_stunEv_1;gdims:__LNst__ZN2YS6FRIEND9exec_stunEv_3;unmapped-global:__LNst__ZN2YS6FRIEND9exec_stunEv_3;gdims:LS_144_LV_10;unmapped-global:LS_144_LV_10;fix-retype:COLLISION->YS::COLLISION	
0017dec0	00431460	36	straight	70.44	exact	100.0		gvote:Friend->01c60528;gdims:Friend	
0017e138	00431218	212	float	65.66	near	93.85		this-pad:func_0017f488;this-pad:func_0017f5e0;this-pad:func_00177860;gvote:System->00352130;globals:1ppc/3ps2	
0017e280	00430c5c	140	loop	49.14	near	28.97		this-pad:func_0019ba60;this-pad:func_0019c6f0	
0017e418	00431640	220	float	87.29	near	45.98		arity-pad:func_0010b978;gvote:SaveRam->0032bb30;globals:1ppc/2ps2;fix-arg:func_0010b978:3;variant:no_thispad	
0017e720	00431bc0	232	float	84.75	compile	0.0	0017e720.cpp:2495: request for	synth-fields:1;dropped:ErrorPrintfx1;dropped:ErrorRaisex1;this-pad:func_001a8c10;this-pad:func_0016a070;this-pad:func_001a1950;gvote:System->00352130;globals:7ppc/4ps2;gdims:__LNst__ZN2YS6FRIEND3GetEi_0;unmapped-global:__LNst__ZN2YS6FRIEND3GetEi_0;gdims:__LNst__ZN2YS6FRIEND9exec_stunEv_3;unmapped-global:__LNst__ZN2YS6FRIEND9exec_stunEv_3;unmapped-global:LS_219_LV_12	
0017ec98	004593e8	272	loop	66.53	near	66.68		simmap:have_weapon->00176258;this-pad:func_001a97b8;this-pad:func_0019bf00;this-pad:func_00176258;this-pad:func_0017ebc8;gdims:ModeTable	YS::MOTION|BlendStart|38|38|28
0017edf0	0045aab0	120	branchy	71.67	near	14.22		arity-pad:func_0017ec98;this-pad:func_001a97b8;this-pad:func_0017ebc8;this-pad:func_00168b38;arity-pad:func_0017f3d8;arity-pad:func_0017eda8;fix-arg:func_0017f3d8:4	
0017eee8	00459540	184	float	54.83	near	10.83		globals:0ppc/1ps2	YS::MOTION|AnmAtrFlag|28|28|30
0017efa0	0045a1f8	468	float	76.62	near	51.87		synth-fields:2;positional:get_entry_name->001d7a50;positional:unit->00180800;dropped:ErrorPrintfx3;dropped:ErrorRaisex1;dropped:_printfx8;this-pad:func_0019c6f0;this-pad:func_00187868;arity-pad:func_00180ce0;this-pad:func_001d7a50;this-pad:func_00168b38;this-pad:func_001807d0;this-pad:func_001807a0;arity-pad:func_0017eee8;arity-pad:func_0017f938;this-pad:func_00180800;this-pad:func_001c0cd8;globals:5ppc/2ps2;gdims:__LNst__ZN2YS6MOTION14make_ik_adjustEPN2kn8IKAdjustE_3;gdims:__LNst__ZN2YS6MOTION12start_motionEPNS_6BINARCEff_1;gdims:__LNst__ZN2YS6MOTION12start_motionEPNS_6BINARCEff_2;unmapped-global:__LNst__ZN2YS6MOTION12start_motionEPNS_6BINARCEff_2;gdims:__LNst__ZN2YS6MOTION12start_motionEPNS_6BINARCEff_3;unmapped-global:__LNst__ZN2YS6MOTION12start_motionEPNS_6BINARCEff_3;gdims:__LNst__ZN2YS6MOTION12start_motionEPNS_6BINARCEff_7;unmapped-global:__LNst__ZN2YS6MOTION12start_motionEPNS_6BINARCEff_7;fix-assign-cast;fix-arg:func_0017eee8:1	YS::MOTION|Queue|3c|6c|24;YS::MOTION|Queue|3c|68|20;YS::MOTION|Queue|3c|60|18;YS::MOTION|Queue|3c|6c|24;YS::MOTION|Queue|3c|68|20
0017f380	0045ac98	88	loop	95.00	near	37.82			YS::MOTION|Queue|3c|40|3c;YS::MOTION|Queue|3c|3c|40;YS::MOTION|Obj|8|8|10
0017f938	00459c20	612	float	81.10	compile	0.0	0017f938.cpp:2260: invalid use	stack-locals:1;synth-fields:5;positional:unit->0011b6a8;positional:operator__->0017fef0;positional:operator_->00180b98;positional:setVolume0->0017fff8;this-pad:func_0011b6a8;this-pad:func_001447e0;this-pad:func_0011c138;this-pad:func_0011b720;this-pad:func_00124b10;arity-pad:func_001808c0;this-pad:func_001b0580;this-pad:func_0011c4e8;this-pad:func_0011d440;this-pad:func_0017fdf8;this-pad:func_0016c028;this-pad:func_0019c6f0;arity-pad:func_00180e28;globals:1ppc/0ps2;unmapped-global:toface	
0017fba0	0045c068	380	float	84.82	near	11.16		dropped:StatusPrintfx3;arity-pad:func_0011c4b0;this-pad:func_0011c138;arity-pad:func_001808c0;this-pad:func_001b0580;arity-pad:func_00180a10;globals:2ppc/0ps2;unmapped-global:toface;unmapped-global:Flag;fix-arity:func_0011c4b0;fix-arity:func_0011c4b0	YS::MOTION|Obj|8|8|104;YS::MOTION|SysFlag|104|104|20
00180058	0045afb0	340	float	91.76	compile	0.0	00180058.cpp:2198: `ZEXT48'	synth-fields:1;positional:ErrorPrintf->00168b88;positional:ErrorRaise->00180800;this-pad:func_001491d8;arity-pad:func_0017efa0;globals:3ppc/0ps2;gdims:__LNst__ZN2YS6MOTION8_captureEPNS_6BINARCEPKcfPN3ryj3PAXEPNS_3OBJEPi_0;unmapped-global:__LNst__ZN2YS6MOTION8_captureEPNS_6BINARCEPKcfPN3ryj3PAXEPNS_3OBJEPi_0;gdims:__LNst__ZN2YS6MOTION14make_ik_adjustEPN2kn8IKAdjustE_3;unmapped-global:__LNst__ZN2YS6MOTION14make_ik_adjustEPN2kn8IKAdjustE_3;gdims:LS_171_LV_23;unmapped-global:LS_171_LV_23;fix-arg:func_0017efa0:2;fix-arg:func_0017efa0:2	
001801b0	0045b2ec	296	float	94.82	near	63.26		stack-locals:1;synth-fields:1;positional:_sprintf->002fee78;this-pad:func_0016a080;this-pad:func_0017f178;globals:1ppc/2ps2	YS::MOTION|PlaySE|108|110|50;YS::MOTION|BoundingBox|d8|e8|28;YS::MOTION|Pax|f0|f0|30;YS::MOTION|Cap|fc|100|40;YS::MOTION|PlaySE|108|108|48;YS::MOTION|PlaySE|108|110|50
00180378	0045ca5c	140	float	87.71	near	41.75		positional:get_entry_name->0017edf0;dropped:ErrorPrintfx3;dropped:ErrorRaisex1;this-pad:func_0017f380;arity-pad:func_0017ec98;this-pad:func_0017ebc8;this-pad:func_0017edf0;this-pad:func_001801b0	YS::MOTION|BlendStart|38|38|20;YS::MOTION|Time|30|30|18;YS::MOTION|BlendStart|38|38|20
00180448	0045ad34	200	float	79.14	near	32.03		arity-pad:func_0017ec98;this-pad:func_0017ebc8;this-pad:func_00168b38	YS::MOTION|AnmAtr|10|10|8;YS::MOTION|Data|0|0|8;YS::MOTION|AnmAtr|10|10|8;YS::MOTION|Num|18|18|10
001805e8	0045acf0	44	straight	62.45	near	42.45		synth-fields:1	YS::MOTION|Flag|20|20|24;YS::MOTION|Flag|20|24|20
00180770	0045cea8	44	straight	85.00	near	72.86		simmap:get_motion->00180698;arity-pad:func_00180698	
001808c0	0045992c	336	float	62.00	near	0.0		unmapped-call:set;dropped:setx2;dropped:ErrorPrintfx3;dropped:ErrorRaisex3;this-pad:func_0019bad8;this-pad:func_0016bba8;this-pad:func_0011c148;globals:4ppc/2ps2;gdims:__LNst__ZN2YS6MOTION14make_ik_adjustEPN2kn8IKAdjustE_1;gdims:__LNst__ZN2YS6MOTION14make_ik_adjustEPN2kn8IKAdjustE_3;gdims:LS_133_LV_21;unmapped-global:LS_133_LV_21;gdims:__LNst__ZN2YS6MOTION14make_ik_adjustEPN2kn8IKAdjustE_4;unmapped-global:__LNst__ZN2YS6MOTION14make_ik_adjustEPN2kn8IKAdjustE_4	YS::MOTION|BlendStart|38|38|28
00180a10	0045b1b8	252	loop	47.35	near	49.92		stack-locals:1;this-pad:func_0011c230;this-pad:func_0011c228;this-pad:func_0016c698	YS::MOTION|BoundingBox|d8|e8|40;YS::MOTION|IkAdjustBone|198|198|0;YS::MOTION|Queue|3c|70|0
00180b10	0045ceec	136	loop	86.53	near	24.76		dropped:ErrorPrintfx3;dropped:ErrorRaisex3;this-pad:func_0016c028;this-pad:func_00198580;globals:5ppc/0ps2;gdims:__LNst__ZN2YS6MOTION7play_seEi_0;unmapped-global:__LNst__ZN2YS6MOTION7play_seEi_0;gdims:__LNst__ZN2YS6MOTION14make_ik_adjustEPN2kn8IKAdjustE_3;unmapped-global:__LNst__ZN2YS6MOTION14make_ik_adjustEPN2kn8IKAdjustE_3;gdims:_ZZN2YS8TOSTDOBJEPvEs_0;unmapped-global:_ZZN2YS8TOSTDOBJEPvEs_0;gdims:_ZZN2YS8TOSTDOBJEPvEs_2;unmapped-global:_ZZN2YS8TOSTDOBJEPvEs_2;unmapped-global:LV_0	YS::MOTION|BlendStart|38|38|10
00180e28	0045964c	200	loop	98.56	near	67.76		dropped:ErrorPrintfx1;dropped:ErrorRaisex1;this-pad:func_001dc9d0;globals:2ppc/0ps2;gdims:_ZZN2YS5SLISTIN3ryj6EFFECTELi1EE6unlinkEPS2_Es_0;unmapped-global:_ZZN2YS5SLISTIN3ryj6EFFECTELi1EE6unlinkEPS2_Es_0;gdims:_ZZN2YS5SLISTIN3ryj6EFFECTELi1EE6unlinkEPS2_Es_2;unmapped-global:_ZZN2YS5SLISTIN3ryj6EFFECTELi1EE6unlinkEPS2_Es_2	YS::MOTION|AnmAtrFlag|28|28|20;YS::MOTION|AnmAtrFlag|28|28|20
00180f28	0048ffa4	592	loop	63.00	near	0.0		dropped:ErrorPrintfx7;dropped:ErrorRaisex7;arity-pad:func_00168b38;arity-pad:func_001491d8;globals:4ppc/8ps2;gdims:__LNst__ZN2YS8PROGRESS4ReadEv_1;gdims:__LNst__ZN2YS8PROGRESS9ResetFlagEi_3;gdims:LS_52_LV_6	
00181178	0048f874	832	switch	70.70	near	35.7		simmap:Check->001d59b0;simmap:ProgressCallback->001d5218;simmap:ProgressCallback->001b8ce0;positional:Visit->00104cf0;positional:ProgressCallback->001817f0;positional:Reset->00181778;positional:Change->001c0ba0;positional:Lost->0019ef30;positional:Enable->00196670;positional:Disable->00196698;positional:change->001966b0;positional:Get->00196710;positional:ResetFlag->001a9140;dropped:ErrorPrintfx7;dropped:_printfx4;dropped:ErrorRaisex5;arity-pad:func_00181778;this-pad:func_001966b0;globals:15ppc/4ps2;unmapped-global:__LNst__ZN2YS8PROGRESS9ResetFlagEi_1;unmapped-global:__LNst__ZN2YS8PROGRESS9ResetFlagEi_3;unmapped-global:_ZZNK2YS7BITFLAGILj256EjE5checkEjEs_0;unmapped-global:_ZZNK2YS7BITFLAGILj256EjE5checkEjEs_2;unmapped-global:__LNst__ZN2YS8PROGRESS7SetFlagEi_1;unmapped-global:__LNst__ZN2YS8PROGRESS7SetFlagEi_2;unmapped-global:__LNst__ZN2YS8PROGRESS7SetFlagEi_3;unmapped-global:_ZZN2YS7BITFLAGILj256EjE3setEjEs_0;unmapped-global:_ZZN2YS7BITFLAGILj256EjE3setEjEs_2;unmapped-global:LV_0;unmapped-global:__LNst__ZN2YS8PROGRESS7SetFlagEi_7;fix-arity:func_00181778;variant:no_dims	
001815d0	0048f7a8	156	switch	99.97	near	74.67		globals:1ppc/2ps2;gdims:table;fix-gtype:D_0036c690->anon_str_progress_cpp_273	
00181a90	003fbdcc	64	straight	72.29	near	10.56		globals:0ppc/1ps2	
00181ad0	00404218	204	branchy	81.56	near	41.26		stack-locals:1;positional:_sprintf->002fee78;this-pad:func_001051a0;this-pad:func_0013a6b8;arity-pad:func_00105140;gvote:Cache->01c60530;gvote:AreaData->0034ecf4;globals:6ppc/3ps2;unmapped-global:Lang;unmapped-global:__LNst__ZN2YS8AREADATA4InitEPK4AREA_1;unmapped-global:__LNst__ZN2YS8AREADATA4InitEPK4AREA_2;static-unmapped;variant:no_dims	
00181da0	00404748	1248	float	68.63	near	16.52		stack-locals:1;positional:_sprintf->00312db8;positional:_strstr->00312db8;positional:_strncpy_cs->00312db8;positional:Check->002ff3fc;dropped:ErrorPrintfx4;dropped:_printfx4;dropped:ErrorRaisex4;this-pad:func_001a8d40;arity-pad:func_00182280;this-pad:func_00168b38;arity-pad:func_00181d30;gvote:WorkSize->0034ecd0;gvote:Random->003638d0;gvote:BgFlag->0034ecc0;gvote:Flag->0034f240;gvote:NaviMap->0034ece0;gvote:BarrierFlag->0034ecc8;gvote:AreaData->0034ecf4;gvote:Lang->0033caf4;gvote:Camera->0034ece8;gvote:MsgWall->0034ece4;gvote:0x906108->0032bae0;globals:32ppc/25ps2;gdims:filename;gdims:__LNst__ZNK2YS8AREADATA8SETINDEX10parse_codeEPKNS0_4CODEE_1;gdims:__LNst__ZN2YS8AREADATA12GetEventDataEPKc_3;unmapped-global:__LNst__ZN2YS8AREADATA12GetEventDataEPKc_3;gdims:LS_63_LV_4;unmapped-global:LS_63_LV_4;unmapped-global:__LNst__ZNK2YS8AREADATA8SETINDEX11signal_hookEPKNS0_4CODEE_0;gdims:__LNst__ZNK2YS8AREADATA8SETINDEX10parse_codeEPKNS0_4CODEE_3;unmapped-global:__LNst__ZNK2YS8AREADATA8SETINDEX10parse_codeEPKNS0_4CODEE_3;gdims:__LNst__ZNK2YS8AREADATA8SETINDEX10parse_codeEPKNS0_4CODEE_4;unmapped-global:__LNst__ZNK2YS8AREADATA8SETINDEX10parse_codeEPKNS0_4CODEE_4;gdims:__LNst__ZNK2YS8AREADATA8SETINDEX10parse_codeEPKNS0_4CODEE_5;unmapped-global:__LNst__ZNK2YS8AREADATA8SETINDEX10parse_codeEPKNS0_4CODEE_5;gdims:__LNst__ZNK2YS8AREADATA8SETINDEX10parse_codeEPKNS0_4CODEE_6;unmapped-global:__LNst__ZNK2YS8AREADATA8SETINDEX10parse_codeEPKNS0_4CODEE_6	
00182280	0040446c	332	switch	91.78	near	39.48		positional:set_event->00198e50;positional:set->0019ef90;positional:set_progress_flag->00198e40;positional:set_menu_flag->00198e48;positional:set_treasure->00198e60;dropped:ErrorPrintfx1;dropped:ErrorRaisex1;this-pad:func_00198e50;this-pad:func_0019ef90;this-pad:func_00198e40;this-pad:func_00198e48;this-pad:func_00198e60;globals:3ppc/1ps2;gdims:__LNst__ZN2YS8AREADATA12GetEventDataEPKc_3;unmapped-global:__LNst__ZN2YS8AREADATA12GetEventDataEPKc_3;gdims:LS_61_LV_3;unmapped-global:LS_61_LV_3	
001823d0	00405388	700	float	77.13	near	23.12		positional:Init->00182df0;positional:next->00168b88;positional:AreaInit->00181cc0;dropped:_printfx8;this-pad:func_001491d8;arity-pad:func_00181da0;this-pad:func_00168b88;gvote:BgFlag->0034ecc0;gvote:WorkSize->0034ecd0;gvote:BarrierFlag->0034ecc8;gvote:NaviMap->0034ece0;gvote:MsgWall->0034ece4;gvote:Camera->0034ece8;gvote:AreaData->0034ecf4;globals:27ppc/26ps2;gdims:__LNst__ZN2YS8AREADATA12GetEventDataEPKc_3;gdims:__LNst__ZN2YS8AREADATA7InitSetEPKN4AREA3SETE_3;gdims:__LNst__ZN2YS8AREADATA7InitSetEPKN4AREA3SETE_4;gdims:__LNst__ZN2YS8AREADATA7InitSetEPKN4AREA3SETE_5;gdims:__LNst__ZN2YS8AREADATA7InitSetEPKN4AREA3SETE_6;gdims:__LNst__ZN2YS8AREADATA7InitSetEPKN4AREA3SETE_7;unmapped-global:__LNst__ZN2YS8AREADATA7InitSetEPKN4AREA3SETE_7	
001829b0	004ae694	196	loop	95.60	near	41.55		simmap:GetUnitData->00181ba8;positional:operator_new->00199970;positional:UNIT_GROUP->00199aa0;dropped:ErrorPrintfx2;dropped:ErrorRaisex2;dropped:_printfx4;this-pad:func_00199aa0;globals:7ppc/0ps2;unmapped-global:UnitPt;gdims:__LNst__ZN2YS4UNITnwEj_3;unmapped-global:__LNst__ZN2YS4UNITnwEj_3;gdims:__LNst__ZN2YS4UNIT5EntryEjb_1;unmapped-global:__LNst__ZN2YS4UNIT5EntryEjb_1;gdims:__LNst__ZN2YS4UNIT5EntryEjb_2;unmapped-global:__LNst__ZN2YS4UNIT5EntryEjb_2;gdims:__LNst__ZN2YS4UNIT5EntryEjb_3;unmapped-global:__LNst__ZN2YS4UNIT5EntryEjb_3;gdims:__LNst__ZN2YS4UNITnwEj_1;unmapped-global:__LNst__ZN2YS4UNITnwEj_1;unmapped-global:LS_46_LV_7;static-unmapped	
00182ab0	004aea68	100	loop	95.20	near	62.0		this-pad:func_00182910;gvote:UnitPt->0034ed00;gdims:Unit	
00182b18	004aeae8	164	loop	93.37	near	76.76		this-pad:func_00182940;gvote:UnitPt->0034ed00;gdims:Unit	
00182bc0	004aeb90	160	loop	88.49	near	41.58		dropped:ErrorPrintfx1;dropped:ErrorRaisex1;this-pad:func_00182940;gvote:UnitPt->0034ed00;globals:5ppc/2ps2;gdims:Unit;gdims:__LNst__ZN2YS4UNIT8ActivateEPKc_0;unmapped-global:__LNst__ZN2YS4UNIT8ActivateEPKc_0;gdims:__LNst__ZN2YS4UNITnwEj_3;unmapped-global:__LNst__ZN2YS4UNITnwEj_3;gdims:LS_88_LV_15;unmapped-global:LS_88_LV_15	
00182c60	004ae318	288	loop	74.12	near	36.0		stack-locals:1;positional:operator_->00182980;this-pad:func_0019ba60;this-pad:func_0016c028;this-pad:func_0019a048;gvote:Player->0034ed04;gvote:UnitPt->0034ed00;gdims:Unit	
00182e08	004aed20	140	loop	93.77	near	73.1		synth-fields:1;dropped:ErrorPrintfx3;dropped:ErrorRaisex1;this-pad:func_0019b328;gvote:UnitPt->0034ed00;gdims:Unit	
00182e98	004aee18	140	loop	93.77	near	73.1		synth-fields:1;dropped:ErrorPrintfx3;dropped:ErrorRaisex1;this-pad:func_0019b380;gvote:UnitPt->0034ed00;gdims:Unit	
00182f38	004aef1c	104	loop	90.38	near	82.03		synth-fields:1;this-pad:func_0019a308;gvote:UnitPt->0034ed00;gdims:Unit	
00184478	00470c50	112	float	97.68	near	83.06			YS::OBJ|ObjOcc|800|920|840;YS::OBJ|Path|508|61c|540;YS::OBJ|ObjClsnHit|510|624|548;YS::OBJ|Ride|810|928|848
001846f8	004714b0	136	float	40.82	near	17.79		unmapped-call:operator_;dropped:operator_x0;arity-pad:func_0016bd60;globals:0ppc/2ps2	YS::OBJ|Pax|80|d4|dc
001849d8	00470e38	180	float	85.11	near	60.02		stack-locals:1;dropped:_printfx4;arity-pad:func_0016c028;globals:4ppc/2ps2;gdims:__LNst__ZN2YS3OBJ10move_at_bgERKN2kn7FVectorES4_S4__3;gdims:__LNst__ZN2YS3OBJ10move_at_bgERKN2kn7FVectorES4_S4__6;gdims:__LNst__ZN2YS3OBJ17get_shadow_heightEv_0;unmapped-global:__LNst__ZN2YS3OBJ17get_shadow_heightEv_0;gdims:__LNst__ZN2YS3OBJ10move_at_bgERKN2kn7FVectorES4_S4__8;unmapped-global:__LNst__ZN2YS3OBJ10move_at_bgERKN2kn7FVectorES4_S4__8	YS::OBJ|Matrix|40|90|10;YS::OBJ|Matrix|40|98|18;YS::OBJ|BgCollision|590|6e0|600;YS::OBJ|BgCollision|590|6d8|5f8
00184ad0	00471840	224	float	77.00	near	32.31		arity-pad:func_0019c400;arity-pad:func_0016aeb8;fix-arg:func_0016aeb8:1	
00184eb8	00471958	216	float	93.18	near	85.47		this-pad:func_002cb708;this-pad:func_0019b328;arity-pad:func_0016c028;globals:0ppc/1ps2	YS::OBJ|LookAt|4a0|5e4|508;YS::OBJ|Dir|550|668|588;YS::OBJ|LookAt|4a0|5e4|508
001852b8	00471ef0	116	float	54.14	near	87.78		stack-locals:1;arity-pad:func_0016c028;arity-pad:func_0016ace0;globals:0ppc/2ps2	YS::OBJ|Matrix|40|90|10;YS::OBJ|BgCollision|590|6e0|600;YS::OBJ|Matrix|40|90|10
00185468	004bb468	312	float	89.92	near	54.23		synth-fields:3;positional:__ZN2YS6STDOBJC2EPKNS_8OBJENTRYEjRKN2kn7FVectorEf->001980d0;positional:_sprintf->00185920;dropped:ErrorPrintfx1;dropped:ErrorRaisex1;this-pad:func_001a93b0;this-pad:func_0017ebe8;this-pad:func_0017fd30;this-pad:func_001762c0;this-pad:func_001c0d38;globals:5ppc/2ps2;gdims:_buff;gdims:__LNst__ZN2YS11WEAPON_MSET11GetFilenameEiiPc_0;unmapped-global:__LNst__ZN2YS11WEAPON_MSET11GetFilenameEiiPc_0;gdims:__LNst__ZN2YS6WEAPONC1EPKNS_8OBJENTRYEPNS_5PARTYEiii_0;unmapped-global:__LNst__ZN2YS6WEAPONC1EPKNS_8OBJENTRYEPNS_5PARTYEiii_0;gdims:__LNst__ZN2YS6WEAPON10_OVR_leaveEv_3;unmapped-global:__LNst__ZN2YS6WEAPON10_OVR_leaveEv_3;static-unmapped	
00185770	004baf10	272	float	54.04	near	86.5		synth-fields:3;simmap:set_fog->001940b8;simmap:set_fog->001940b8;simmap:set_fog->001940b8;positional:hide_hilt->0019c650;this-pad:func_0016ac38;this-pad:func_001940b8;this-pad:func_0019c590;this-pad:func_0019c650;globals:0ppc/2ps2	YS::OBJ|Entry|8|48|8;YS::OBJ|Entry|8|48|8;YS::OBJ|Entry|8|48|8
00185e20	00425a48	88	float	98.86	near	44.23		arity-pad:func_0016c568	
00185f70	00411c84	148	float	70.86	near	0.0		synth-fields:1;simmap:OBJ_ATTACK->0019f950;positional:__ZN2YS6STDOBJC2EPKNS_8OBJENTRYEjRKN2kn7FVectorEf->001980d0;this-pad:func_00190128;this-pad:func_0019f950;gvote:0xc78d50->0034ee08;fix-assign-cast;fix-assign-cast	
001863a8	00412bf8	204	float	92.77	near	22.71		simmap:Break->001a2a18;unmapped-call:_exec_damage_small_air;unmapped-call:exec_damage_small_land;unmapped-call:exec_damage_small_tornado;dropped:_exec_damage_small_airx1;dropped:exec_damage_small_tornadox1;dropped:exec_damage_small_landx1;this-pad:func_0019c090;this-pad:func_0019c838;globals:1ppc/0ps2;unmapped-global:System	YS::OBJ|Action|c|4c|c
00186478	00411790	208	float	61.69	near	76.58		stack-locals:1;simmap:is_change->0017f4e0;positional:is_upper_damage->001860b0;this-pad:func_0016af58;arity-pad:func_001860b0;this-pad:func_0017f4e0;this-pad:func_0017f488;this-pad:func_0017f5e0;gdims:motion_table	YS::OBJ|Entry|8|48|8;YS::OBJ|Movement|10|58|18;YS::OBJ|Inertia|20|60|20;YS::OBJ|pVTable|0|40|0;YS::OBJ|Movement|10|50|10;YS::OBJ|Inertia|20|68|28;YS::OBJ|pVTable|0|40|0;YS::OBJ|Entry|8|48|8;YS::OBJ|Movement|10|50|10;YS::OBJ|Movement|10|58|18;YS::OBJ|Inertia|20|60|20;YS::OBJ|Inertia|20|68|28
00186c58	00412d40	140	float	53.66	near	35.14		stack-locals:1;unmapped-call:operator_;unmapped-call:operator__;unmapped-call:normalize;dropped:operator_x0;dropped:normalizex1;dropped:operator__x1;this-pad:func_0019c838;globals:0ppc/2ps2	YS::OBJ|ModelPax|9c|e0|28;YS::OBJ|Pax|80|c0|10;YS::OBJ|Pax|80|c8|18;YS::OBJ|ModelPax|9c|e0|28
00186ce8	004125d8	44	branchy	62.91	near	2.55			YS::OBJ|LandMotion|104|144|140
00186d18	00412608	44	branchy	62.91	near	2.55			YS::OBJ|LandMotion|104|144|140
00186d48	00411e8c	372	branchy	67.59	near	68.71		this-pad:func_0018caf8;this-pad:func_0018cef8	
00186ec0	00411d54	280	branchy	82.11	near	79.66		simmap:is_killboss->0018cae0;simmap:is_killboss->0018cae0;this-pad:func_0018cae0	
00187420	0041380c	124	float	93.33	near	86.87		this-pad:func_0019ba60;this-pad:func_0019d358;arity-pad:func_001871c8;gvote:Player->0034e948;fix-arg:func_001871c8:1;fix-arg:func_001871c8:2	
001874a0	00413898	124	float	93.33	near	86.87		this-pad:func_0019ba60;this-pad:func_0019d358;arity-pad:func_00187300;gvote:Player->0034e948;fix-arg:func_00187300:1;fix-arg:func_00187300:2	
00187520	00413924	304	branchy	75.13	near	1.61		positional:get_entry_name->00187818;dropped:_printfx2;this-pad:func_0017e138;this-pad:func_001a1910;this-pad:func_00187818;globals:2ppc/0ps2;gdims:__LNst__ZN2YS6BTLOBJ15is_upper_damageEPKNS_6DAMAGEE_3;unmapped-global:__LNst__ZN2YS6BTLOBJ15is_upper_damageEPKNS_6DAMAGEE_3;gdims:__LNst__ZN2YS6BTLOBJ11_OVR_add_hpEiib_1;unmapped-global:__LNst__ZN2YS6BTLOBJ11_OVR_add_hpEiib_1	YS::OBJ|RecomFlagScript|414|530|48c
00187650	00413b54	216	float	61.67	near	59.13		this-pad:func_00187728;this-pad:func_001a1990;globals:0ppc/1ps2	
00187920	00412500	204	branchy	80.90	near	54.55		this-pad:func_001d7ba8;this-pad:func_001c8db8	YS::OBJ|Spec|110|164|160
00187a18	00401710	160	loop	94.00	near	36.75		dropped:ErrorPrintfx1;dropped:ErrorRaisex1;globals:3ppc/0ps2;gdims:__LNst__ZN2YS3ACT5startEPKNS0_5TABLE4ELEME_5;unmapped-global:__LNst__ZN2YS3ACT5startEPKNS0_5TABLE4ELEME_5;gdims:__LNst__ZN2YS3ACT5_pushEPKNS0_5TABLE4ELEME_1;unmapped-global:__LNst__ZN2YS3ACT5_pushEPKNS0_5TABLE4ELEME_1;unmapped-global:LS_127_LV_15;fix-assign-cast	YS::ACT::TABLE|Elem|0|38|28
00187b90	003ffed8	84	branchy	90.10	near	46.0		stack-locals:1;this-pad:func_0016cc18;this-pad:func_0016ced0;fix-assign-cast;fix-assign-cast;fix-assign-cast	YS::ACT|Queue|0|80|10;YS::ACT|VmObj|88|88|18;YS::ACT|Queue|0|80|10;YS::ACT|VmObj|88|88|18
00187be8	004004d0	180	branchy	80.43	near	30.1		synth-fields:1;dropped:ErrorPrintfx1;dropped:_printfx4;dropped:ErrorRaisex1;this-pad:func_001880b0;globals:7ppc/0ps2;gdims:_ZZN2YS5QUEUEINS_3ACT10QUEUE_ELEMELi16EE9get_firstEvEs_0;unmapped-global:_ZZN2YS5QUEUEINS_3ACT10QUEUE_ELEMELi16EE9get_firstEvEs_0;gdims:_ZZN2YS5QUEUEINS_3ACT10QUEUE_ELEMELi16EE9get_firstEvEs_2;unmapped-global:_ZZN2YS5QUEUEINS_3ACT10QUEUE_ELEMELi16EE9get_firstEvEs_2;unmapped-global:LV_7;gdims:__LNst__ZN2YS3ACT5_pushEPKNS0_5TABLE4ELEME_1;unmapped-global:__LNst__ZN2YS3ACT5_pushEPKNS0_5TABLE4ELEME_1;gdims:__LNst__ZN2YS3ACT5startEPKNS0_5TABLE4ELEME_3;unmapped-global:__LNst__ZN2YS3ACT5startEPKNS0_5TABLE4ELEME_3;gdims:__LNst__ZN2YS3ACT11check_startEv_0;unmapped-global:__LNst__ZN2YS3ACT11check_startEv_0;gdims:__LNst__ZN2YS3ACT5_pushEPKNS0_5TABLE4ELEME_6;unmapped-global:__LNst__ZN2YS3ACT5_pushEPKNS0_5TABLE4ELEME_6	YS::ACT|Queue|0|18|10
00187ca0	00400f98	384	float	60.55	near	36.96		stack-locals:1;arity-pad:func_001884d0;arity-pad:func_00187be8;this-pad:func_001c0cd8;this-pad:func_0019c090;arity-pad:func_00187e58;this-pad:func_0016c9e8;this-pad:func_0016cc18;this-pad:func_0016ced0;gvote:CurrentAct->01c60bc0	YS::ACT|Shout|a0|a0|0
00187e58	004006c4	152	branchy	38.69	near	38.67		this-pad:func_00186ce8;this-pad:func_00186d18	
00187fd8	003fff64	216	branchy	79.51	near	0.0		stack-locals:1;positional:get_entry_name->00187b90;positional:_strstr->00188398;dropped:ErrorPrintfx2;dropped:_printfx7;dropped:ErrorRaisex2;this-pad:func_0016cc18;this-pad:func_0016ced0;this-pad:func_00187b90;this-pad:func_0016cf00;globals:7ppc/0ps2;gdims:__LNst__ZN2YS3ACT5startEPKNS0_5TABLE4ELEME_1;unmapped-global:__LNst__ZN2YS3ACT5startEPKNS0_5TABLE4ELEME_1;gdims:__LNst__ZN2YS3ACT5_pushEPKNS0_5TABLE4ELEME_1;unmapped-global:__LNst__ZN2YS3ACT5_pushEPKNS0_5TABLE4ELEME_1;gdims:__LNst__ZN2YS3ACT5startEPKNS0_5TABLE4ELEME_5;unmapped-global:__LNst__ZN2YS3ACT5startEPKNS0_5TABLE4ELEME_5;gdims:__LNst__ZN2YS3ACT5startEPKNS0_5TABLE4ELEME_6;unmapped-global:__LNst__ZN2YS3ACT5startEPKNS0_5TABLE4ELEME_6;gdims:__LNst__ZN2YS3ACT5startEPKNS0_5TABLE4ELEME_3;unmapped-global:__LNst__ZN2YS3ACT5startEPKNS0_5TABLE4ELEME_3;gdims:__LNst__ZN2YS3ACT5startEPKNS0_5TABLE4ELEME_4;unmapped-global:__LNst__ZN2YS3ACT5startEPKNS0_5TABLE4ELEME_4;gdims:__LNst__ZN2YS3ACT5_pushEPKNS0_5TABLE4ELEME_6;unmapped-global:__LNst__ZN2YS3ACT5_pushEPKNS0_5TABLE4ELEME_6	YS::ACT|Shout|a0|a0|10;YS::ACT|Shout|a0|a8|18
00188398	00400b90	60	branchy	94.67	near	15.69		stack-locals:1;synth-fields:1;unmapped-call:get_entry_name;dropped:ErrorPrintfx4;dropped:get_entry_namex1;dropped:ErrorRaisex2;this-pad:func_0016cc18;this-pad:func_0016ced0;globals:2ppc/0ps2;gdims:_ZZN2YS5QUEUEINS_3ACT10QUEUE_ELEMELi16EE5shiftEvEs_0;unmapped-global:_ZZN2YS5QUEUEINS_3ACT10QUEUE_ELEMELi16EE5shiftEvEs_0;gdims:_ZZN2YS5QUEUEINS_3ACT10QUEUE_ELEMELi16EE5shiftEvEs_2;unmapped-global:_ZZN2YS5QUEUEINS_3ACT10QUEUE_ELEMELi16EE5shiftEvEs_2;fix-assign-cast;fix-assign-cast;fix-assign-cast	
001883f8	004011fc	56	straight	73.20	compile	0.0	001883f8.cpp:2133: no matching	arity-pad:func_00188340;gvote:args->01c60bc8;globals:2ppc/1ps2;gdims:args;unmapped-global:0xc77eb0	
00188430	00401238	60	straight	80.18	compile	0.0	00188430.cpp:2122: conflicting	arity-pad:func_00188340;gvote:args->01c60bd0;globals:2ppc/1ps2;gdims:args;unmapped-global:0xc77eb8	
001884d0	0040078c	128	branchy	84.65	compile	0.0	001884d0.cpp:2142: no matching	this-pad:func_0016cc18;gvote:args->01c60be0;globals:2ppc/1ps2;gdims:args;unmapped-global:0xc77ea8	
00188550	00400880	284	float	25.54	near	15.53		this-pad:func_001884d0;gvote:ShoutBuff->01c608c0;gvote:Random->003638d0;globals:2ppc/3ps2;gdims:ShoutBuff	
00188670	004015d8	96	loop	88.00	near	53.56		this-pad:func_00102788;gvote:ShoutBuff->01c608c0;gvote:CurrentAct->01c60bc0;gvote:TaskManager->00351214;gdims:ShoutBuff	
00188758	00401554	128	branchy	81.91	near	52.75		arity-pad:func_00187e58	
001888c8	00495d80	128	loop	99.31	near	54.91		unmapped-call:FriendSaveRam;dropped:FriendSaveRamx1	YS::PARTRAM|Ability|54|54|0
00188958	00495e64	204	loop	85.94	near	61.9		dropped:ErrorPrintfx1;dropped:_printfx4;dropped:ErrorRaisex1;globals:6ppc/0ps2;gdims:__LNst__ZN2YS7PARTRAM12set_item_maxEi_1;unmapped-global:__LNst__ZN2YS7PARTRAM12set_item_maxEi_1;gdims:__LNst__ZN2YS7PARTRAM12set_item_maxEi_3;unmapped-global:__LNst__ZN2YS7PARTRAM12set_item_maxEi_3;gdims:LS_39_LV_0;unmapped-global:LS_39_LV_0;gdims:__LNst__ZN2YS7PARTRAM12set_item_maxEi_5;unmapped-global:__LNst__ZN2YS7PARTRAM12set_item_maxEi_5;gdims:__LNst__ZN2YS7PARTRAM12set_item_maxEi_6;unmapped-global:__LNst__ZN2YS7PARTRAM12set_item_maxEi_6;gdims:__LNst__ZN2YS7PARTRAM12set_item_maxEi_7;unmapped-global:__LNst__ZN2YS7PARTRAM12set_item_maxEi_7	
00188a28	0049638c	156	loop	28.62	near	0.0		dropped:ErrorPrintfx1;dropped:ErrorRaisex1;globals:3ppc/0ps2;unmapped-global:__LNst__ZN2YS7PARTRAM8add_itemEi_0;gdims:__LNst__ZN2YS7PARTRAM12set_item_maxEi_3;unmapped-global:__LNst__ZN2YS7PARTRAM12set_item_maxEi_3;gdims:LS_48_LV_1;unmapped-global:LS_48_LV_1	
00188ac8	00496058	156	loop	85.82	near	85.82			
00188b68	00496118	72	loop	77.28	near	10.71		dropped:ErrorPrintfx3;dropped:ErrorRaisex1	
00189228	00496d3c	44	branchy	81.64	near	61.18			
001892d8	004d7500	1124	float	84.68	near	24.14		synth-fields:1;simmap:turn_to_target_range->00187400;positional:disable->001874a0;unmapped-call:enable;unmapped-call:set;unmapped-call:is_stdobj;unmapped-call:TOSTDOBJ;unmapped-call:motion_attack_on;unmapped-call:texanm_set;unmapped-call:play_singleton_se;dropped:ErrorRaisex1;dropped:setx5;dropped:ErrorPrintfx1;dropped:texanm_setx1;dropped:_printfx4;dropped:TOSTDOBJx1;dropped:is_stdobjx1;dropped:motion_attack_onx2;dropped:play_singleton_sex1;dropped:enablex2;arity-pad:func_001874a0;this-pad:func_00187400;this-pad:func_00187420;globals:8ppc/3ps2;gdims:__LNst__ZN2YS6ANMATR18CheckRangeCallbackEPKNS0_5RANGEEPv_1;gdims:__LNst__ZN2YS6ANMATR18CheckRangeCallbackEPKNS0_5RANGEEPv_2;gdims:__LNst__ZN2YS6ANMATR18CheckRangeCallbackEPKNS0_5RANGEEPv_3;unmapped-global:__LNst__ZN2YS6ANMATR18CheckRangeCallbackEPKNS0_5RANGEEPv_3;gdims:__LNst__ZN2YS6ANMATR18CheckRangeCallbackEPKNS0_5RANGEEPv_4;unmapped-global:__LNst__ZN2YS6ANMATR18CheckRangeCallbackEPKNS0_5RANGEEPv_4;gdims:_ZZN2YS8TOSTDOBJEPvEs_0;unmapped-global:_ZZN2YS8TOSTDOBJEPvEs_0;gdims:_ZZN2YS8TOSTDOBJEPvEs_2;unmapped-global:_ZZN2YS8TOSTDOBJEPvEs_2;unmapped-global:LV_0;fix-arity:func_001874a0	
00189d38	004d72c8	220	branchy	83.89	near	60.4		stack-locals:1;simmap:is_disable_effect->00180dc0;simmap:AnmatrEffect->001b5918;arity-pad:func_00180dc0;this-pad:func_001de168;this-pad:func_0016cce8	
00189e18	004d73c4	260	branchy	51.37	near	61.68		stack-locals:1;synth-fields:2;arity-pad:func_0019ba60;this-pad:func_00190128;this-pad:func_00190878;this-pad:func_001bd418;this-pad:func_001bd3e0;gvote:Player->0034e948;fix-assign-cast	
00189f20	004d8898	232	float	81.29	near	77.76			
0018a008	004d8ab8	248	float	60.32	near	68.45			
0018a100	0041a2bc	96	loop	96.67	near	96.67			
0018a1b8	0041a32c	96	loop	80.80	near	80.8			
0018aba0	004efc48	220	float	66.53	near	29.12		positional:__ZN2YS6STDOBJC2EPKNS_8OBJENTRYEjRKN2kn7FVectorEf->001980d0;globals:0ppc/5ps2;fix-assign-cast;fix-assign-cast	YS::NPC|PreRTNAction|aa0|adc|b04
0018ad18	004eed0c	276	loop	75.26	near	0.0		synth-fields:1;dropped:ErrorPrintfx1;dropped:_printfx2;dropped:ErrorRaisex1;this-pad:func_00190920;this-pad:func_0019b308;globals:6ppc/0ps2;unmapped-global:param;gdims:_ZZN2YS7BITFLAGILj7EjE3setEjEs_0;unmapped-global:_ZZN2YS7BITFLAGILj7EjE3setEjEs_0;gdims:_ZZN2YS7BITFLAGILj7EjE3setEjEs_2;unmapped-global:_ZZN2YS7BITFLAGILj7EjE3setEjEs_2;unmapped-global:LV_1;gdims:__LNst__ZN2YS3NPC15_OVR_initializeEv_1;unmapped-global:__LNst__ZN2YS3NPC15_OVR_initializeEv_1;gdims:__LNst__ZN2YS3NPC15_OVR_initializeEv_2;unmapped-global:__LNst__ZN2YS3NPC15_OVR_initializeEv_2	
0018b338	004f0670	316	float	84.34	near	76.82		arity-pad:func_0017f488;arity-pad:func_0019ba60;arity-pad:func_001b0498;arity-pad:func_001b0700;globals:0ppc/2ps2;fix-arity:func_0019ba60;fix-arg:func_001b0700:1;fix-assign-cast;fix-arg:func_0017f488:2;fix-arity:func_0017f488;variant:no_thispad	YS::OBJ|Entry|8|48|8;YS::NPC|time_param_|b10|b10|a48;YS::NPC|time_param_|b10|b10|a48
0018b7f8	004ef1e0	232	float	63.36	near	49.48		stack-locals:1;positional:get_in_rtn_appeal_zone->0019b3d0;arity-pad:func_0016c028;arity-pad:func_0019b3d0;arity-pad:func_0019b308;arity-pad:func_0018ba28;globals:0ppc/1ps2;fix-assign-cast;fix-arg:func_0018ba28:5;variant:no_thispad	YS::OBJ|Matrix|40|b0|10;YS::OBJ|Matrix|40|b8|18;YS::OBJ|ModelPax|9c|e0|38
0018bae8	004ef30c	136	loop	91.24	near	21.75		this-pad:func_0016bc20;this-pad:func_0018a818;this-pad:func_0016bff0;this-pad:func_0018a550;this-pad:func_0019b308;fix-retype:COLLISION->YS::COLLISION	YS::OBJ|pVTable|0|40|0;YS::OBJ|Entry|8|48|8;YS::OBJ|Movement|10|50|10;YS::OBJ|Movement|10|58|18
0018bbf8	004eff48	100	branchy	99.60	near	35.16		this-pad:func_0016c028;this-pad:func_0018c480;fix-assign-cast	
0018c150	004f0020	236	float	55.02	near	11.29		positional:operator_->0018c480;fix-assign-cast	
0018c598	004f04a0	184	float	70.57	near	45.25		this-pad:func_0016bc20;this-pad:func_0018a818;this-pad:func_0018a550;this-pad:func_0019ba60;globals:1ppc/0ps2;unmapped-global:Player;fix-retype:COLLISION->YS::COLLISION;fix-assign-cast;static-unmapped	YS::NPC::RTN_ACTION|avoid_dir_|40|40|0;YS::NPC::RTN_ACTION|avoid_dir_|40|40|0;YS::NPC::RTN_ACTION|avoid_dir_|40|48|8
0018c650	004eef38	536	float	43.01	near	46.34		stack-locals:1;positional:operator_->0018c528;positional:vrandf->00106558;arity-pad:func_00106558;this-pad:func_0018c480;globals:0ppc/1ps2;fix-arity:func_00106558	
0018ca48	00422060	56	switch	71.00	near	12.14		dropped:ErrorPrintfx1;dropped:ErrorRaisex1;gvote:LS_59_LV_9->0036cc28;globals:3ppc/1ps2;unmapped-global:__LNst__ZN2YS6DAMAGE15GetReactionTypeEi_1;gdims:__LNst__ZN2YS6DAMAGE15GetReactionTypeEi_3;unmapped-global:__LNst__ZN2YS6DAMAGE15GetReactionTypeEi_3;gdims:LS_59_LV_9	
0018cd28	004222b8	164	float	71.78	near	36.44		dropped:ErrorPrintfx1;dropped:ErrorRaisex1;gvote:System->00352130;globals:5ppc/1ps2;unmapped-global:speed;unmapped-global:__LNst__ZN2YS6DAMAGE15GetReactionTypeEi_1;gdims:__LNst__ZN2YS6DAMAGE15GetReactionTypeEi_3;unmapped-global:__LNst__ZN2YS6DAMAGE15GetReactionTypeEi_3;unmapped-global:LS_66_LV_10;static-unmapped	
0018d238	00407fcc	484	branchy	74.69	near	53.97		simmap:NewAttackId->001bffd8;simmap:GetPax->001b5a10;positional:ATTACK_CHECK->001c0150;dropped:ErrorPrintfx1;dropped:ErrorRaisex1;this-pad:func_001c0150;gvote:Player->0034e948;gvote:AttackList->01c60cd8;globals:5ppc/3ps2;gdims:__LNst__ZN2YS6ATTACKC1EPNS_6BTLOBJEPNS_6STDOBJEiiii_0;unmapped-global:__LNst__ZN2YS6ATTACKC1EPNS_6BTLOBJEPNS_6STDOBJEiiii_0;gdims:__LNst__ZN2YS11ATTACK_WORK3hitEPNS_6BTLOBJERNS_9COLLISIONE_3;unmapped-global:__LNst__ZN2YS11ATTACK_WORK3hitEPNS_6BTLOBJERNS_9COLLISIONE_3;raw-view:1	YS::ATTACK|Pax|24|24|28;YS::ATTACK|ReflectCallback|98|98|84;YS::ATTACK|HitBgPos|b0|b8|8c;YS::ATTACK|HitBgPos|b0|b4|98
0018d620	00407550	280	loop	90.63	near	37.04		this-pad:func_0019e698;arity-pad:func_0018ed18;gvote:AttackList->01c60cd8;globals:2ppc/1ps2;unmapped-global:Config;static-unmapped	
0018d738	0040875c	84	straight	99.76	near	99.76		gvote:AttackList->01c60cd8;gvote:IsExec->01c60ce0	
0018d790	004087c0	116	loop	96.41	near	53.07		gvote:AttackList->01c60cd8;gvote:IsExec->01c60ce0	
0018d808	004082fc	52	straight	83.38	near	53.05		this-pad:func_0016c028	
0018d940	00406f6c	212	branchy	88.02	near	88.02		this-pad:func_001c0268;this-pad:func_0019bb58;this-pad:func_0019ba60;this-pad:func_0019c6f0	
0018da18	00406de8	288	branchy	80.36	near	74.62		arity-pad:func_0016c028;arity-pad:func_00198580;arity-pad:func_001de2e0;arity-pad:func_001877a0;variant:no_thispad	
0018db38	00407098	156	branchy	89.10	near	69.95		stack-locals:1;arity-pad:func_0018d940;this-pad:func_001c0320;arity-pad:func_0018da18	YS::ATTACK|ReflectCallback|98|a0|10;YS::ATTACK|HitBgPos|b0|b0|20;YS::ATTACK|HitBgPos|b0|b8|28
0018dbd8	004084bc	80	branchy	83.25	near	53.45			
0018dc28	00407d88	408	float	67.78	near	45.25		stack-locals:1;unmapped-call:operator_;unmapped-call:DrawLine;dropped:operator_x0;dropped:DrawLinex1;arity-pad:func_0018ddc0	
0018ddc0	00407a58	460	branchy	82.76	near	51.48		stack-locals:1;positional:operator_->001422a0;dropped:ErrorPrintfx2;dropped:ErrorRaisex2;arity-pad:func_00143e50;this-pad:func_00142398;this-pad:func_001dc648;this-pad:func_0017d050;this-pad:func_0016c028;this-pad:func_00198580;globals:6ppc/0ps2;gdims:_ZZN2dk6ObjOcc9getNormalEtEs_0;unmapped-global:_ZZN2dk6ObjOcc9getNormalEtEs_0;gdims:_ZZN2dk6ObjOcc9getNormalEtEs_2;unmapped-global:_ZZN2dk6ObjOcc9getNormalEtEs_2;unmapped-global:LV_0;gdims:_ZZN2dk6ObjOcc11getAttrKindEtEs_0;unmapped-global:_ZZN2dk6ObjOcc11getAttrKindEtEs_0;gdims:_ZZN2dk6ObjOcc11getAttrKindEtEs_2;unmapped-global:_ZZN2dk6ObjOcc11getAttrKindEtEs_2;unmapped-global:LV_1;fix-arity:func_00143e50	
0018e040	0040770c	152	loop	76.79	near	12.21		positional:unhit->001c0458;this-pad:func_001c0458;gvote:AttackList->01c60cd8	
0018e0d8	00407fa0	48	branchy	60.67	near	22.42			
0018e108	00406aec	56	branchy	95.93	near	13.29		unmapped-call:operator_;dropped:operator_x0;globals:2ppc/3ps2	
0018e298	00407148	388	branchy	88.80	near	58.44		stack-locals:1;dropped:ErrorPrintfx1;dropped:ErrorRaisex1;this-pad:func_001c0298;this-pad:func_0018db38;arity-pad:func_0018e420;this-pad:func_0016cc18;globals:3ppc/0ps2;gdims:__LNst__ZN2YS11ATTACK_WORK3hitEPNS_6BTLOBJERNS_9COLLISIONE_1;unmapped-global:__LNst__ZN2YS11ATTACK_WORK3hitEPNS_6BTLOBJERNS_9COLLISIONE_1;gdims:__LNst__ZN2YS11ATTACK_WORK3hitEPNS_6BTLOBJERNS_9COLLISIONE_3;unmapped-global:__LNst__ZN2YS11ATTACK_WORK3hitEPNS_6BTLOBJERNS_9COLLISIONE_3;unmapped-global:LS_99_LV_18	YS::ATTACK_WORK|Attack|0|0|78
0018e420	00406b50	628	float	60.90	near	0.0		stack-locals:1;positional:operator_->0018e108;this-pad:func_0018e160;this-pad:func_001de168;this-pad:func_001dc5f8;this-pad:func_001dc648;this-pad:func_0017d050;gvote:Random->003638d0;globals:5ppc/3ps2;unmapped-global:HitmarkDir;unmapped-global:0xc78350;static-unmapped	
0018e7c0	00408a84	300	branchy	96.97	near	50.83		stack-locals:1;this-pad:func_001c0320;this-pad:func_0016cc18	
0018eaf8	004092a0	156	float	63.86	near	62.45		unmapped-call:operator_;dropped:operator_x0;arity-pad:func_0018eb98	
0018eb98	004090cc	384	loop	96.88	near	89.51		this-pad:func_001c0298;this-pad:func_0018a550;this-pad:func_0018e698;this-pad:func_0018ea40;this-pad:func_0018e7c0;gvote:IsReflectTable->0036cce0;gdims:IsReflectTable;fix-assign-cast	
0018ed18	00407414	244	loop	60.79	near	31.16		this-pad:func_0019bb58;this-pad:func_0018d940;this-pad:func_001b7998;this-pad:func_0018e298	
0018ee60	004088cc	260	branchy	78.14	near	70.3		positional:operator_->0018d238;this-pad:func_0018d050;this-pad:func_0018da18;this-pad:func_0018db38;this-pad:func_0018f028	
0018ef98	00408a30	80	loop	47.00	near	0.0		globals:1ppc/0ps2;unmapped-global:AttackList;static-unmapped	
0018f070	00408600	64	loop	95.50	near	48.94		gvote:AttackList->01c60cd8	
0018f248	004f30d8	52	float	84.23	near	18.54		dropped:ErrorPrintfx3;dropped:ErrorRaisex3;this-pad:func_00186740;globals:6ppc/0ps2;gdims:_ZZN2YS5ToOBJEPvEs_0;unmapped-global:_ZZN2YS5ToOBJEPvEs_0;gdims:_ZZN2YS5ToOBJEPvEs_2;unmapped-global:_ZZN2YS5ToOBJEPvEs_2;gdims:_ZZN2YS5ToOBJEPvEs_3;unmapped-global:_ZZN2YS5ToOBJEPvEs_3;gdims:_ZZN2YS8TOBTLOBJEPvEs_0;unmapped-global:_ZZN2YS8TOBTLOBJEPvEs_0;gdims:_ZZN2YS8TOBTLOBJEPvEs_2;unmapped-global:_ZZN2YS8TOBTLOBJEPvEs_2;unmapped-global:LV_0	
0018f2a8	004f33fc	40	float	73.00	near	19.11		dropped:ErrorPrintfx3;dropped:ErrorRaisex3;this-pad:func_001863a8;globals:6ppc/0ps2;gdims:_ZZN2YS5ToOBJEPvEs_0;unmapped-global:_ZZN2YS5ToOBJEPvEs_0;gdims:_ZZN2YS5ToOBJEPvEs_2;unmapped-global:_ZZN2YS5ToOBJEPvEs_2;gdims:_ZZN2YS5ToOBJEPvEs_3;unmapped-global:_ZZN2YS5ToOBJEPvEs_3;gdims:_ZZN2YS8TOBTLOBJEPvEs_0;unmapped-global:_ZZN2YS8TOBTLOBJEPvEs_0;gdims:_ZZN2YS8TOBTLOBJEPvEs_2;unmapped-global:_ZZN2YS8TOBTLOBJEPvEs_2;unmapped-global:LV_0	
0018f3a8	004f3a90	100	loop	99.60	near	55.38		arity-pad:func_00186ce8	
0018f770	004f4550	32	straight	87.56	near	66.75		this-pad:func_001a48c0	
0018f8a0	004f46c0	32	straight	87.56	near	18.62			
0018f940	004f47a4	104	branchy	88.62	near	36.29		stack-locals:1;positional:operator_->002fd188;this-pad:func_001a4b78;globals:2ppc/3ps2	
0018f9b8	004f4854	44	float	80.36	near	40.0		unmapped-call:set_reaction_command;dropped:set_reaction_commandx1	
0018fb70	004f4e90	36	straight	98.67	near	40.0		unmapped-call:set_line;dropped:set_linex1	
0018fc20	004f5060	32	straight	87.56	near	66.75			
0018fcc0	004f5128	32	float	67.50	near	31.41		this-pad:func_001a5c88	
0018fd40	004f51d4	44	float	62.55	near	28.33		dropped:ErrorPrintfx1;dropped:ErrorRaisex1;this-pad:func_00187018;globals:2ppc/0ps2;gdims:_ZZN2YS7TOENEMYEPvEs_0;unmapped-global:_ZZN2YS7TOENEMYEPvEs_0;gdims:_ZZN2YS7TOENEMYEPvEs_2;unmapped-global:_ZZN2YS7TOENEMYEPvEs_2	
0018fde0	004f5408	44	float	63.64	near	39.0		arity-pad:func_001b50e0;fix-arg:func_001b50e0:2;variant:no_thispad	
0018fe80	004f54e0	104	branchy	99.62	near	78.6		simmap:start_effect->001b58f0;unmapped-call:operator_;dropped:operator_x0;this-pad:func_001b58f0;this-pad:func_001dc5f8	
00190140	004a86b8	64	branchy	56.25	near	48.19		this-pad:func_0019ba60;this-pad:func_0019bd08;this-pad:func_0016bc20;this-pad:func_0016bba8	
00190388	004a8b30	72	straight	38.00	near	19.39		arity-pad:func_001902a8;fix-assign-cast	
001904f0	004a8c90	124	float	96.56	near	79.38		dropped:ErrorPrintfx1;dropped:_printfx4;dropped:ErrorRaisex1;this-pad:func_0019ba60;this-pad:func_0016bc20;arity-pad:func_001902a8;this-pad:func_0018a818;globals:6ppc/1ps2;gdims:__LNst__ZNK2YS6TARGET26make_talk_camera_collisionEPNS_9COLLISIONE_0;gdims:__LNst__ZN2YS6TARGET7set_objEPNS_3OBJEi_3;unmapped-global:__LNst__ZN2YS6TARGET7set_objEPNS_3OBJEi_3;gdims:LS_72_LV_10;unmapped-global:LS_72_LV_10;gdims:__LNst__ZNK2YS6TARGET26make_talk_camera_collisionEPNS_9COLLISIONE_2;unmapped-global:__LNst__ZNK2YS6TARGET26make_talk_camera_collisionEPNS_9COLLISIONE_2;gdims:__LNst__ZNK2YS6TARGET26make_talk_camera_collisionEPNS_9COLLISIONE_3;unmapped-global:__LNst__ZNK2YS6TARGET26make_talk_camera_collisionEPNS_9COLLISIONE_3;gdims:__LNst__ZNK2YS6TARGET26make_talk_camera_collisionEPNS_9COLLISIONE_4;unmapped-global:__LNst__ZNK2YS6TARGET26make_talk_camera_collisionEPNS_9COLLISIONE_4	
00190570	004aa38c	272	loop	47.43	near	15.28		synth-fields:2;globals:1ppc/2ps2;fix-assign-cast	
001906f0	004aa1e8	64	straight	61.50	near	46.57		arity-pad:func_001902a8;this-pad:func_0018a970;fix-retype:COLLISION->YS::COLLISION	
00190730	004a9c68	172	loop	65.78	near	48.81		dropped:ErrorPrintfx1;dropped:ErrorRaisex1;dropped:_printfx2;this-pad:func_0019bc38;this-pad:func_0016bba8;globals:5ppc/0ps2;gdims:__LNst__ZN2YS6TARGET7set_objEPNS_3OBJEi_3;unmapped-global:__LNst__ZN2YS6TARGET7set_objEPNS_3OBJEi_3;gdims:__LNst__ZN2YS6TARGET4eachEPKNS_14COLLISION_ELEME_0;unmapped-global:__LNst__ZN2YS6TARGET4eachEPKNS_14COLLISION_ELEME_0;unmapped-global:__LNst__ZN2YS6TARGET4eachEPKNS_14COLLISION_ELEME_1;unmapped-global:__LNst__ZN2YS6TARGET6searchENS0_4TYPEEPNS_3OBJE_0;unmapped-global:LS_94_LV_14;fix-assign-cast;fix-assign-cast;fix-assign-cast	
001907e0	004a9dd8	92	straight	84.08	near	45.2		dropped:ErrorPrintfx1;dropped:ErrorRaisex1;globals:3ppc/1ps2;gdims:_ZZN2YS11CLASS_BLOCKINS_6TARGETELi128EE5allocEvEs_0;unmapped-global:_ZZN2YS11CLASS_BLOCKINS_6TARGETELi128EE5allocEvEs_0;gdims:_ZZN2YS11CLASS_BLOCKINS_6TARGETELi128EE5allocEvEs_2;unmapped-global:_ZZN2YS11CLASS_BLOCKINS_6TARGETELi128EE5allocEvEs_2	
00190a80	004a8200	176	branchy	90.11	near	61.1		synth-fields:1;positional:search->001cd7a8;positional:get_target_type->0016a090;dropped:ErrorPrintfx1;dropped:ErrorRaisex1;this-pad:func_001cd7a8;this-pad:func_0016a090;this-pad:func_0019ba60;gvote:BeforePlayer->01c60d10;gvote:Player->0034e948;globals:5ppc/2ps2;gdims:_ZZN2YS9TOPIERROTEPvEs_0;unmapped-global:_ZZN2YS9TOPIERROTEPvEs_0;gdims:_ZZN2YS9TOPIERROTEPvEs_2;unmapped-global:_ZZN2YS9TOPIERROTEPvEs_2;unmapped-global:LV_1	
001918c8	004a0ea8	108	branchy	84.45	near	8.39		unmapped-call:CheckEnemy;dropped:CheckEnemyx1;this-pad:func_0019ba60;globals:6ppc/3ps2;unmapped-global:ModeChangeDelay;unmapped-global:ModeChangeStart;unmapped-global:s_frameTime;static-unmapped;variant:no_gvote	
00191a50	004a1194	104	branchy	76.42	near	42.27		this-pad:func_001c8db8;gvote:Flag->0034f240	
00191e40	004a1400	156	branchy	57.15	near	7.2		synth-fields:2;arity-pad:func_0019ba60;arity-pad:func_00191ab8;this-pad:func_001c8db8;gvote:CampMenu->00351ec0;gvote:Player->0034e948	
00191f78	0044cedc	172	branchy	95.12	near	15.22		unmapped-call:SetImage;dropped:ErrorPrintfx3;dropped:SetImagex1;dropped:_printfx4;dropped:ErrorRaisex3;this-pad:func_00168b38;globals:11ppc/1ps2;gdims:MessageData;gdims:__LNst__ZN2YS7MESSAGE3SetEiPv_0;unmapped-global:__LNst__ZN2YS7MESSAGE3SetEiPv_0;gdims:__LNst__ZNK2YS7MESSAGE8get_fontEi_3;unmapped-global:__LNst__ZNK2YS7MESSAGE8get_fontEi_3;gdims:LS_59_LV_4;unmapped-global:LS_59_LV_4;gdims:__LNst__ZN2YS7MESSAGE3SetEiPv_1;unmapped-global:__LNst__ZN2YS7MESSAGE3SetEiPv_1;gdims:_ZZN2YS8ELEMDATAINS_14MESSAGE_HEADEREEC1EiEs_0;unmapped-global:_ZZN2YS8ELEMDATAINS_14MESSAGE_HEADEREEC1EiEs_0;gdims:_ZZN2YS8ELEMDATAINS_14MESSAGE_HEADEREEC1EiEs_2;unmapped-global:_ZZN2YS8ELEMDATAINS_14MESSAGE_HEADEREEC1EiEs_2;unmapped-global:LV_0;gdims:__LNst__ZN2YS7MESSAGE3SetEiPv_3;unmapped-global:__LNst__ZN2YS7MESSAGE3SetEiPv_3;gdims:__LNst__ZN2YS7MESSAGE3SetEiPv_4;unmapped-global:__LNst__ZN2YS7MESSAGE3SetEiPv_4;gdims:__LNst__ZN2YS7MESSAGE3SetEiPv_5;unmapped-global:__LNst__ZN2YS7MESSAGE3SetEiPv_5	
001920f0	0044d304	232	loop	59.50	compile	0.0	001920f0.cpp:136: `	positional:GetCount->001d96e8;positional:decode->00192e50;dropped:ErrorPrintfx1;dropped:ErrorRaisex1;dropped:_printfx2;globals:12ppc/3ps2;gdims:MessageData;gdims:LS_50_count;unmapped-global:DAT_02a9e3e0;unmapped-global:DAT_02a9e3e8;unmapped-global:DAT_02a9e3f0;unmapped-global:DAT_02a9e3f8;unmapped-global:DAT_02a9e400;gdims:__LNst__ZNK2YS7MESSAGE8get_fontEi_3;unmapped-global:__LNst__ZNK2YS7MESSAGE8get_fontEi_3;gdims:__LNst__ZN2YS7MESSAGE7GetDataEi_0;unmapped-global:__LNst__ZN2YS7MESSAGE7GetDataEi_0;unmapped-global:__LNst__ZN2YS7MESSAGE7GetDataEi_1;gdims:__LNst__ZN2YS7MESSAGE7GetDataEi_2;unmapped-global:__LNst__ZN2YS7MESSAGE7GetDataEi_2	
001921d8	0044ce00	136	branchy	95.77	near	31.2		positional:_sprintf->002fee78;gvote:Lang->0033caf4;globals:4ppc/6ps2;variant:no_dims	
00192388	0044c250	64	branchy	32.81	near	28.94		globals:0ppc/1ps2	
00192818	0044c810	80	straight	21.30	compile	0.0	00192818.cpp:118: `struct	stack-locals:1;positional:get_line_size_sub->00192800;arity-pad:func_00192800;globals:1ppc/0ps2;unmapped-global:result	
00192a80	0044d9c0	176	loop	84.36	near	0.0			
00192cc0	0044cc5c	296	switch	84.30	compile	0.0	00192cc0.cpp:76: `	stack-locals:1;globals:0ppc/1ps2	
00193038	00468fc8	756	float	21.05	near	23.96		synth-fields:1;positional:unit->0019c650;dropped:ErrorPrintfx1;dropped:StatusPrintfx2;dropped:ErrorRaisex1;this-pad:func_0019c650;arity-pad:func_00193330;arity-pad:func_00194690;arity-pad:func_0016a070;this-pad:func_001dc670;arity-pad:func_001c0cd8;arity-pad:func_0019bb98;arity-pad:func_0019bad8;arity-pad:func_00184a90;this-pad:func_001bfda0;arity-pad:func_001943e8;arity-pad:func_0019c5d0;arity-pad:func_0019c590;gdims:_ZZN2YS7TOPARTYEPvEs_0;gdims:_ZZN2YS7TOPARTYEPvEs_2	YS::OBJ|Matrix|40|88|a8
001940b8	004697ac	52	float	43.38	near	99.62		this-pad:func_0013fd10	YS::OBJ|BgInfo|620|760|680;YS::OBJ|BgInfo|620|761|681;YS::OBJ|BgInfo|620|762|682;YS::OBJ|MoveReq|880|9a0|8c0
00194120	00468358	248	float	85.22	near	0.0		unmapped-call:exec;dropped:execx5;this-pad:func_001dcb98;arity-pad:func_00194218;globals:0ppc/2ps2;fix-arg:func_00194218:1	
00194318	0046843c	204	branchy	84.04	near	84.04		this-pad:func_001bfd60	
001943e8	00468e88	124	float	82.69	near	48.8		arity-pad:func_001c0cd8	
00194468	004697f4	312	switch	71.40	near	20.93		synth-fields:3;dropped:ErrorPrintfx6;dropped:ErrorRaisex2;globals:0ppc/1ps2	
001945a0	00469bc8	108	float	39.70	near	81.44		this-pad:func_001bfd60;this-pad:func_0013fd10;globals:0ppc/1ps2	
001947c0	00405d70	108	branchy	65.50	near	53.12		gvote:Current->0032bae0;globals:2ppc/3ps2	
00194930	00405f40	80	straight	88.80	near	30.24		gvote:Current->0032bae0;gvote:SaveRam->0032bb30;globals:3ppc/2ps2;unmapped-global:AreaInfo;static-unmapped	
00194980	00405ff0	80	branchy	59.70	near	30.17		gvote:NavimapFlag->01c61af4;globals:3ppc/1ps2;unmapped-global:AreaInfo;unmapped-global:Current;static-unmapped	
00194a30	004d9f58	2276	branchy	55.93	near	12.58		dropped:ErrorPrintfx30;dropped:ErrorRaisex30;arity-pad:func_001491d8;arity-pad:func_00168b38;gvote:BattleBar->01c61afc;globals:5ppc/34ps2;gdims:__LNst__ZN2YS6BATTLE7SysInitEv_2;gdims:__LNst__ZN2YS6BATTLE7SysInitEv_4;gdims:__LNst__ZN2YS6BATTLE7SysInitEv_7	
00195c58	004ce354	40	branchy	99.50	near	100.0			
00195d00	004ce390	200	float	94.12	near	6.26		positional:isExistPolygon->00143448;dropped:ErrorPrintfx1;dropped:ErrorRaisex1;this-pad:func_0017f488;this-pad:func_0017f5e0;globals:3ppc/1ps2;gdims:_ZZN2YS7TOPARTYEPvEs_0;unmapped-global:_ZZN2YS7TOPARTYEPvEs_0;gdims:_ZZN2YS7TOPARTYEPvEs_2;unmapped-global:_ZZN2YS7TOPARTYEPvEs_2	
00195ed8	004952f0	172	branchy	76.98	near	51.6		synth-fields:4;simmap:AreaToNum->00196388;positional:__ZN2YS6STDOBJC2EPKNS_8OBJENTRYEjRKN2kn7FVectorEf->001980d0;unmapped-call:Visit;dropped:ErrorPrintfx1;dropped:Visitx1;dropped:ErrorRaisex1;this-pad:func_0016ac38;this-pad:func_0016a020;gvote:Current->0032bae0;globals:4ppc/2ps2;gdims:__LNst__ZN2YS9SAVEPOINTC1EPKNS_8OBJENTRYERKN2kn7FVectorEf_1;gdims:__LNst__ZN2YS9SAVEPOINTC1EPKNS_8OBJENTRYERKN2kn7FVectorEf_3;unmapped-global:__LNst__ZN2YS9SAVEPOINTC1EPKNS_8OBJENTRYERKN2kn7FVectorEf_3;gdims:LS_120_LV_4;unmapped-global:LS_120_LV_4	
00196028	00495548	324	loop	67.83	near	42.12		synth-fields:4;simmap:add_mp->001a1a20;this-pad:func_001a8c10;this-pad:func_001a1a50;this-pad:func_001a1910;this-pad:func_001a1de0;this-pad:func_001a1950;this-pad:func_001a1a20	
00196288	0015f40c	120	branchy	65.40	near	31.55		stack-locals:1;this-pad:func_0016cce8;this-pad:func_0016cbc8;this-pad:func_0016c9e8;this-pad:func_0016cab8;globals:0ppc/1ps2	gb::OBJ|Matrix|70|90|10;gb::OBJ|Matrix|70|98|18;gb::OBJ|Matrix|70|a0|20
00196328	004bf7f4	96	straight	76.92	near	5.32		gvote:WorldPoint->01c61b04	
00196540	004bfba0	200	branchy	90.28	near	2.0		unmapped-call:Visit;dropped:Visitx9	
00196908	004b30dc	184	loop	66.89	near	61.39		positional:get_func_addr->0016cb88;dropped:ErrorPrintfx1;dropped:_printfx2;dropped:ErrorRaisex1;arity-pad:func_0016cce8;arity-pad:func_0016cbc8;arity-pad:func_0016cb88;globals:4ppc/1ps2;gdims:Thread;gdims:__LNst__ZN2YS10UNITSCRIPT5StartEPv_1;unmapped-global:__LNst__ZN2YS10UNITSCRIPT5StartEPv_1;gdims:__LNst__ZN2YS10UNITSCRIPT5StartEPv_3;unmapped-global:__LNst__ZN2YS10UNITSCRIPT5StartEPv_3;gdims:__LNst__ZN2YS10UNITSCRIPT5StartEPv_5;unmapped-global:__LNst__ZN2YS10UNITSCRIPT5StartEPv_5	
00196ca8	00427958	204	branchy	56.84	near	63.33		positional:Get->0031cc28;positional:unit->001d30c0;this-pad:func_0019ef70;this-pad:func_001d30c0;drop:YS::EVENT.Wait@0x38	YS::EVENT|Camera|40|40|3c;YS::EVENT|Camera|40|44|40;YS::EVENT|Image|94|98|94;YS::EVENT|SequenceNumber|9c|9c|98;YS::EVENT|Round|a0|a0|9c
00196e00	00427b3c	136	branchy	94.09	near	48.77		positional:resetEventMode->002ba610;dropped:ErrorPrintfx1;dropped:ErrorRaisex1;gvote:Current->0035037c;globals:3ppc/1ps2;gdims:__LNst__ZN2YS5EVENTD1Ev_1;unmapped-global:__LNst__ZN2YS5EVENTD1Ev_1;gdims:__LNst__ZN2YS5EVENTD1Ev_3;unmapped-global:__LNst__ZN2YS5EVENTD1Ev_3	YS::EVENT|Jumper|c|10|8
00196e98	00427a50	104	branchy	89.43	near	89.43		this-pad:func_001d30f8;drop:YS::EVENT.Flag@0x0	YS::EVENT|Pax|8|8|4
00196f00	00427c48	296	float	91.69	near	19.18		simmap:start->002ef8d0;simmap:start->002ef8d0;this-pad:func_00196d78;this-pad:func_002ef8d0;gvote:Current->0035037c;gvote:Mode->0032b968	YS::EVENT|Pax|8|8|4;YS::EVENT|Camera|40|48|44;YS::EVENT|Jumper|c|c|8;YS::EVENT|Round|a0|a0|9c;YS::EVENT|Data|4|4|0
00197028	004286f8	284	float	80.81	near	0.0		arity-pad:func_001975a0;arity-pad:func_00197430;arity-pad:func_00197390;arity-pad:func_00197318;arity-pad:func_00197280;arity-pad:func_00197148	YS::EVENT|Wait|38|38|34
00197148	00428548	312	float	62.85	near	39.29		simmap:start->002ef8d0;dropped:_printfx2;this-pad:func_0014aa58;this-pad:func_002ef8d0;globals:5ppc/4ps2;gdims:__LNst__ZN2YS5EVENTD1Ev_3;gdims:__LNst__ZN2YS5EVENT13phase_fadeoutEv_1;gdims:__LNst__ZN2YS5EVENT13phase_fadeoutEv_2;unmapped-global:__LNst__ZN2YS5EVENT13phase_fadeoutEv_2	YS::EVENT|Jumper|c|10|8;YS::EVENT|Camera|40|40|3c;YS::EVENT|Camera|40|40|3c;YS::EVENT|Data|4|4|0;YS::EVENT|Data|4|4|0;YS::EVENT|Jumper|c|10|8;YS::EVENT|Camera|40|40|3c;YS::EVENT|Camera|40|40|3c
00197318	00428328	116	float	48.00	near	27.7		unmapped-call:isZoomOff;dropped:isZoomOffx1	
00197430	004280d0	312	float	69.13	near	43.57		this-pad:func_0014aa58;this-pad:func_0014aa80;globals:0ppc/1ps2	YS::EVENT|Camera|40|40|3c;YS::EVENT|Camera|40|40|3c;YS::EVENT|Camera|40|40|3c
001975a0	00427e30	404	branchy	89.45	near	61.48		positional:on->00197780;positional:_strstr->00197cc0;this-pad:func_0019f060;this-pad:func_0014aa80;this-pad:func_0019f070;gvote:CanSkip->00350379;globals:4ppc/3ps2;gdims:__LNst__ZN2YS5EVENT9phase_endEv_0;unmapped-global:m_viewerWorld;static-unmapped	YS::EVENT|Jumper|c|18|10;YS::EVENT|Jumper|c|18|10
00197828	00428d2c	196	float	76.71	near	52.06		positional:ErrorPrintf->001c1130;positional:ErrorRaise->00196e88;gvote:Current->0035037c;globals:4ppc/1ps2;gdims:__LNst__ZN2YS5EVENT11TagCallbackEi_0;unmapped-global:__LNst__ZN2YS5EVENT11TagCallbackEi_0;gdims:__LNst__ZN2YS5EVENTD1Ev_3;unmapped-global:__LNst__ZN2YS5EVENTD1Ev_3;gdims:LS_105_LV_8;unmapped-global:LS_105_LV_8;static-unmapped	
00197930	00428bdc	164	loop	69.59	near	22.55		this-pad:func_00196bf0;arity-pad:func_00196f00	
001979d8	00428a54	40	straight	41.41	near	41.41		dropped:ErrorPrintfx1;dropped:ErrorRaisex1;this-pad:func_0019f2a8;gvote:Current->0035037c;globals:4ppc/1ps2;gdims:__LNst__ZN2YS5EVENT11TagCallbackEi_0;unmapped-global:__LNst__ZN2YS5EVENT11TagCallbackEi_0;gdims:__LNst__ZN2YS5EVENTD1Ev_3;unmapped-global:__LNst__ZN2YS5EVENTD1Ev_3;gdims:LS_96_LV_5;unmapped-global:LS_96_LV_5	
00197a00	00429054	188	branchy	92.02	near	66.4		this-pad:func_00197028;this-pad:func_00196d78;this-pad:func_001024a8;gvote:Current->0035037c;gvote:Count->01c61b40;globals:2ppc/3ps2	
00197ac0	00429114	52	branchy	84.15	near	48.38		this-pad:func_001024a8;this-pad:func_001d3148;gvote:Current->0035037c	
00197b98	00428fe8	80	float	66.75	near	56.75		gvote:Current->0035037c;globals:1ppc/2ps2	
00197c28	00428230	100	branchy	66.20	near	22.26		unmapped-call:isZoomOff;dropped:isZoomOffx1	YS::EVENT|Camera|40|40|3c;YS::EVENT|Pax|8|8|0
00198290	004a1e8c	448	branchy	88.76	near	65.91		synth-fields:11;simmap:SINGLETON_SE->001d56f0;this-pad:func_00168b38;arity-pad:func_001dddd0;this-pad:func_0017ebe8;this-pad:func_00195858;globals:1ppc/2ps2;fix-hdmember:YS_STDOBJ.SingletonSe;fix-arity:func_001dddd0;fix-arity:func_001d56f0	YS::OBJ|DrawList|670|890|10;YS::OBJ|DrawList|670|894|14;YS::OBJ|DrawList|670|894|14
00198580	004a2110	176	branchy	95.00	near	42.69		synth-fields:2;this-pad:func_0016c028	
00198690	004a1cc8	108	loop	82.76	near	49.14		stack-locals:1;synth-fields:1;arity-pad:func_001b0250;this-pad:func_0016c028;this-pad:func_0016a9b8;fix-arity:func_001b0250;fix-hdmember:YS_STDOBJ.SingletonSe	YS::OBJ|Matrix|40|a0|10;YS::OBJ|Matrix|40|a8|18
00198738	004a21f8	108	branchy	92.43	near	89.67		this-pad:func_001491d8	YS::OBJ|DrawList|670|890|7b0
00198860	004a25d4	272	straight	72.32	near	21.24		synth-fields:1;dropped:ErrorPrintfx2;dropped:ErrorRaisex2;arity-pad:func_00198970;this-pad:func_001491d8;this-pad:func_001bdb70;this-pad:func_0019d720;gvote:Player->0034e948;globals:5ppc/2ps2;gdims:command;gdims:__LNst__ZN2YS6STDOBJ12show_pictureEi_1;unmapped-global:__LNst__ZN2YS6STDOBJ12show_pictureEi_1;gdims:__LNst__ZN2YS6STDOBJ12start_cameraEPKcPNS_3OBJE_3;unmapped-global:__LNst__ZN2YS6STDOBJ12start_cameraEPKcPNS_3OBJE_3;gdims:LS_163_LV_12;unmapped-global:LS_163_LV_12	
001989d8	004a279c	180	straight	81.49	near	17.46		dropped:ErrorPrintfx2;dropped:ErrorRaisex2;this-pad:func_001491d8;globals:3ppc/1ps2;gdims:__LNst__ZN2YS6STDOBJ12show_pictureEi_1;gdims:__LNst__ZN2YS6STDOBJ12start_cameraEPKcPNS_3OBJE_3;unmapped-global:__LNst__ZN2YS6STDOBJ12start_cameraEPKcPNS_3OBJE_3;gdims:LS_166_LV_13;unmapped-global:LS_166_LV_13	
00198ee8	0049c428	324	loop	80.22	near	60.14		dropped:_printfx4;this-pad:func_001a8438;globals:4ppc/0ps2;gdims:__LNst__ZN2YS11SIGNAL_HOOK4execEv_1;unmapped-global:__LNst__ZN2YS11SIGNAL_HOOK4execEv_1;gdims:__LNst__ZN2YS11SIGNAL_HOOK4execEv_2;unmapped-global:__LNst__ZN2YS11SIGNAL_HOOK4execEv_2;gdims:__LNst__ZN2YS11SIGNAL_HOOK4execEv_3;unmapped-global:__LNst__ZN2YS11SIGNAL_HOOK4execEv_3;gdims:__LNst__ZN2YS11SIGNAL_HOOK4execEv_4;unmapped-global:__LNst__ZN2YS11SIGNAL_HOOK4execEv_4	
00199098	0049d068	132	loop	56.45	near	36.6		dropped:ErrorPrintfx1;dropped:ErrorRaisex1;this-pad:func_00198ee8;globals:4ppc/0ps2;gdims:Hook;unmapped-global:Hook;gdims:__LNst__ZN2YS11SIGNAL_HOOK3AddEii_0;unmapped-global:__LNst__ZN2YS11SIGNAL_HOOK3AddEii_0;gdims:__LNst__ZN2YS11SIGNAL_HOOK4execEv_1;unmapped-global:__LNst__ZN2YS11SIGNAL_HOOK4execEv_1;gdims:LS_45_LV_9;unmapped-global:LS_45_LV_9;static-unmapped	
001991a8	0049b708	216	switch	98.16	near	26.44		simmap:StartMenu->00105de0;positional:IsExec->001993a0;positional:ClearReserve->002430b0;positional:StartBySignal->00196b28;positional:Signal->0016bb38;gvote:LastGimmick->00350438;globals:1ppc/2ps2	
00199548	0049b9cc	108	loop	84.41	near	2.78		gvote:ReserveList->01c62140;globals:3ppc/4ps2	
00199688	0049f590	140	loop	97.17	near	37.12		dropped:ErrorPrintfx1;dropped:ErrorRaisex1;this-pad:func_00168b38;globals:4ppc/2ps2;gdims:__LNst__ZN2YS9SOUNDINFO4InitEv_1;gdims:__LNst__ZN2YS9SOUNDINFO4InitEv_3;unmapped-global:__LNst__ZN2YS9SOUNDINFO4InitEv_3;gdims:LS_11_LV_0;unmapped-global:LS_11_LV_0	
001997c0	004b09d8	76	branchy	74.85	near	11.78		this-pad:func_00195700;globals:1ppc/0ps2;unmapped-global:Enemy;static-unmapped	YS::UNIT_GROUP|RtnParamData|30|30|0
00199810	004afdf4	128	branchy	66.94	near	35.22		stack-locals:1;dropped:ErrorPrintfx1;dropped:ErrorRaisex1;this-pad:func_00199890;this-pad:func_00195700;gvote:IsAreaStart->00350378;globals:6ppc/2ps2;unmapped-global:Enemy;gdims:__LNst__ZN2YS10UNIT_GROUP15init_appear_subEPKNS_13UNIT_DATA_OBJE_0;unmapped-global:__LNst__ZN2YS10UNIT_GROUP15init_appear_subEPKNS_13UNIT_DATA_OBJE_0;gdims:__LNst__ZN2YS10UNIT_GROUPnwEj_3;unmapped-global:__LNst__ZN2YS10UNIT_GROUPnwEj_3;gdims:LS_81_LV_9;unmapped-global:LS_81_LV_9;fix-arity:func_00199810;fix-voidret:func_00199810;static-unmapped	
00199890	004af810	168	float	94.48	near	38.25		this-pad:func_001956d0;globals:1ppc/2ps2	YS::UNIT_DATA_OBJ|Args|20|20|18
00199d38	004afcec	132	loop	96.76	near	37.11		globals:2ppc/0ps2;unmapped-global:IsAreaStart;unmapped-global:Current;static-unmapped	YS::UNIT_GROUP|UnitName|0|0|2c;YS::UNIT_GROUP|RtnParamData|30|30|18
00199dc0	004affc0	460	switch	76.19	near	26.43		synth-fields:2;simmap:Create->001db440;dropped:ErrorPrintfx4;dropped:ErrorRaisex2;arity-pad:func_00199f90;this-pad:func_00195700;globals:6ppc/1ps2;unmapped-global:IsAreaStart;unmapped-global:Current;gdims:__LNst__ZN2YS10UNIT_GROUP11init_appearEv_0;unmapped-global:__LNst__ZN2YS10UNIT_GROUP11init_appearEv_0;gdims:__LNst__ZN2YS10UNIT_GROUPnwEj_3;unmapped-global:__LNst__ZN2YS10UNIT_GROUPnwEj_3;gdims:LS_83_LV_10;unmapped-global:LS_83_LV_10;static-unmapped	YS::UNIT_GROUP|ZoneList|c|10|4
0019a048	004b1af8	340	float	94.19	near	48.19		positional:draw_zone->0019a1a0;arity-pad:func_0019b180;arity-pad:func_0019a1a0;arity-pad:func_0019b5d8;globals:2ppc/4ps2	
0019a308	004b1f48	372	loop	72.04	near	49.64		synth-fields:1;dropped:ErrorPrintfx3;dropped:ErrorRaisex3;globals:5ppc/0ps2;gdims:__LNst__ZN2YS10UNIT_GROUP13init_minigameEv_0;unmapped-global:__LNst__ZN2YS10UNIT_GROUP13init_minigameEv_0;gdims:__LNst__ZN2YS10UNIT_GROUPnwEj_3;unmapped-global:__LNst__ZN2YS10UNIT_GROUPnwEj_3;gdims:LS_162_LV_21;unmapped-global:LS_162_LV_21;gdims:__LNst__ZN2YS10UNIT_GROUP13init_minigameEv_1;unmapped-global:__LNst__ZN2YS10UNIT_GROUP13init_minigameEv_1;gdims:__LNst__ZN2YS10UNIT_GROUP13init_minigameEv_2;unmapped-global:__LNst__ZN2YS10UNIT_GROUP13init_minigameEv_2	
0019ae60	004b0984	92	branchy	92.00	near	75.0		arity-pad:func_0019ac30	
0019aec0	004b0b18	212	loop	91.32	near	0.0		positional:get_level_cost->001956e8;arity-pad:func_001956e8;arity-pad:func_0019ac30;globals:0ppc/1ps2	
0019afd8	004b0cf8	268	float	84.59	near	39.62		unmapped-call:operator_;dropped:operator_x0;this-pad:func_0016c028;gvote:Player->0034e948;globals:1ppc/6ps2	
0019b0e8	004b0c28	152	float	88.95	near	43.84			
0019b180	004b19b4	224	loop	27.89	near	22.76		synth-fields:2;unmapped-call:draw_zone;dropped:draw_zonex1;this-pad:func_0016c028;this-pad:func_0016bff0	
0019b260	004b245c	76	loop	94.50	near	38.71		gdims:Group	
0019b328	004b22a0	84	loop	90.00	near	90.0			
0019b380	004b2308	80	loop	89.50	near	89.5			
0019b3d0	004b2388	168	loop	79.29	near	42.52			YS::UNIT_GROUP|UnitName|0|0|8
0019b500	004b0688	212	float	72.78	near	44.04		stack-locals:1;positional:ErrorPrintf->00199938;positional:ErrorRaise->001ad990;this-pad:func_00199890;this-pad:func_0013fd10;globals:3ppc/2ps2;gdims:__LNst__ZN2YS10UNIT_GROUPnwEj_3;gdims:LS_105_LV_15;unmapped-global:LS_105_LV_15;static-unmapped	
0019bb98	004649e8	160	float	83.03	near	68.97		positional:get_weight->0016a0a0;arity-pad:func_0016a0a0;arity-pad:func_001c0cd8;arity-pad:func_0019c6f0;globals:0ppc/1ps2	YS::OBJ|Spec|110|164|160;YS::OBJ|Action|c|4c|c
0019bc38	00464c0c	208	switch	75.00	near	47.5		arity-pad:func_0016a040;arity-pad:func_001c0cd8;arity-pad:func_0016bba8;gvote:Flag->0034f240;globals:1ppc/2ps2	YS::OBJ|ModelEffect|7b8|8d8|7f8;YS::OBJ|Stop|518|64c|570;YS::OBJ|ModelEffect|7b8|8d8|7f8
0019bd08	00464d3c	188	branchy	85.09	near	27.13		arity-pad:func_0019f528;arity-pad:func_0019f550	YS::OBJ|BgPress|8a0|9b8|8d8
0019bf00	00465088	80	branchy	84.00	near	83.95		this-pad:func_0017a538	YS::OBJ|Dir|550|668|588
0019bf50	004650f4	128	branchy	43.16	near	53.51		unmapped-call:operator_;dropped:operator_x0;arity-pad:func_00185118	YS::OBJ|BgCollision|590|6e4|604
0019c090	004653d0	104	branchy	82.69	near	43.77		unmapped-call:get_entry_name;dropped:ErrorPrintfx3;dropped:get_entry_namex1;dropped:ErrorRaisex1;arity-pad:func_001ba028;globals:1ppc/0ps2;unmapped-global:0x800000;static-unmapped	
0019c0f8	00465670	92	branchy	87.25	near	99.96		arity-pad:func_0019c090;drop:YS::OBJ.LandMotion@0x104	YS::OBJ|Spec|110|164|160;YS::OBJ|Action|c|4c|c
0019c170	00465190	168	float	80.45	near	66.98		arity-pad:func_0016a040;globals:1ppc/0ps2;unmapped-global:0x800000;static-unmapped	YS::OBJ|ModelEffect|7b8|8f0|810
0019c218	004654c0	400	float	77.25	near	52.29		arity-pad:func_0019c090	
0019c4f8	0046582c	148	branchy	60.41	near	67.38		arity-pad:func_0019c6f0;globals:0ppc/1ps2	YS::OBJ|ModelEffect|7b8|8d8|7f8;YS::OBJ|Spec|110|164|160;YS::OBJ|Action|c|4c|c
0019cd40	00443598	260	float	76.49	near	46.03		this-pad:func_00190140;arity-pad:func_0019cc20;this-pad:func_001906f0;globals:0ppc/1ps2;fix-arg:func_001906f0:2	YS::LOCKON|Gauge|20|20|40;YS::LOCKON|Gauge|20|20|40;YS::LOCKON|Gauge|20|20|40;YS::LOCKON|Gauge|20|20|40;YS::LOCKON|Gauge|20|20|40
0019ce48	00443b68	832	float	63.06	compile	0.0	0019ce48.cpp: In function `void;    e3_0019ce48(YS_LOCKON*)':; 0019ce48.cpp:2978: warning: invalid;    conversion from `void*' to `YS_HARDPAD*'; 0019ce48.cpp:3000: warning: invalid;    conversion from	stack-locals:1;this-pad:func_00190128;this-pad:func_0019ba60;this-pad:func_00190990;arity-pad:func_00190680;arity-pad:func_00190208;arity-pad:func_001902a8;arity-pad:func_0019cc88;arity-pad:func_0019ca90;arity-pad:func_0019cb48;this-pad:func_0019bb58;arity-pad:func_0019cc20;this-pad:func_0019bc38;this-pad:func_001913d8;globals:2ppc/3ps2;fix-arity:func_0019cc88	
0019d188	00444540	156	branchy	73.49	near	85.5		synth-fields:1;unmapped-call:get_entry_name;dropped:ErrorPrintfx1;dropped:get_entry_namex1;dropped:StatusPrintfx3;dropped:ErrorRaisex1;arity-pad:func_0019cc20;arity-pad:func_0019cd40;arity-pad:func_0019ce48;arity-pad:func_0019d260;this-pad:func_00190140;gvote:Flag->0034f240;globals:3ppc/1ps2;gdims:_ZZN2YS7TOENEMYEPvEs_0;unmapped-global:_ZZN2YS7TOENEMYEPvEs_0;gdims:_ZZN2YS7TOENEMYEPvEs_2;unmapped-global:_ZZN2YS7TOENEMYEPvEs_2	
0019d260	004436dc	244	branchy	77.85	near	56.28		stack-locals:1;positional:ErrorPrintf->0013e610;positional:ErrorRaise->0019d228;this-pad:func_0013e4b8;this-pad:func_00190388;this-pad:func_0013e520;globals:3ppc/0ps2;gdims:_ZZN2YS8TOBTLOBJEPvEs_0;unmapped-global:_ZZN2YS8TOBTLOBJEPvEs_0;gdims:_ZZN2YS8TOBTLOBJEPvEs_2;unmapped-global:_ZZN2YS8TOBTLOBJEPvEs_2;unmapped-global:LV_0	
0019d4f8	00490ed8	80	branchy	26.20	near	26.15		this-pad:func_001bc688	YS::RECOM|MarkType|4|4|8
0019d5f8	00490f30	296	branchy	93.35	near	38.57		dropped:ErrorPrintfx1;dropped:ErrorRaisex1;this-pad:func_00190680;this-pad:func_0013e4b8;globals:3ppc/0ps2;unmapped-global:DAT_00727d4c;gdims:__LNst__ZN2YS5RECOM5startERNS_12COMMAND_SLOTE_1;unmapped-global:__LNst__ZN2YS5RECOM5startERNS_12COMMAND_SLOTE_1;gdims:__LNst__ZN2YS5RECOM5startERNS_12COMMAND_SLOTE_3;unmapped-global:__LNst__ZN2YS5RECOM5startERNS_12COMMAND_SLOTE_3;static-unmapped	
0019d790	00492864	584	branchy	72.95	compile	0.0	0019d790.cpp:2913: `NAN'	stack-locals:1;synth-fields:1;positional:CanRc->0019d748;positional:operator_->0019da20;dropped:ErrorPrintfx1;dropped:ErrorRaisex1;this-pad:func_001bc688;this-pad:func_0019dd10;this-pad:func_001bc700;arity-pad:func_0019d5f8;this-pad:func_0013e4b8;this-pad:func_00196028;this-pad:func_002cbed8;this-pad:func_00190388;this-pad:func_00190878;globals:3ppc/0ps2;gdims:_ZZN2YS11TOSAVEPOINTEPvEs_0;unmapped-global:_ZZN2YS11TOSAVEPOINTEPvEs_0;gdims:_ZZN2YS11TOSAVEPOINTEPvEs_2;unmapped-global:_ZZN2YS11TOSAVEPOINTEPvEs_2;unmapped-global:LV_2	
0019da20	0049116c	72	straight	99.89	near	28.5		this-pad:func_0013e4b8;this-pad:func_001bc688	YS::RECOM|Mark|8|8|3c
0019dbc0	00491ae4	332	branchy	80.75	near	80.75		simmap:GetCurrent->001c11e0;this-pad:func_001b90f0;this-pad:func_00190140;this-pad:func_0019c4f8;arity-pad:func_0019da68	
0019dd10	00492454	500	branchy	97.87	near	64.97		synth-fields:3;simmap:check_all_obj->0019e170;positional:is_top_menu->0019e6e8;dropped:ErrorPrintfx3;dropped:ErrorRaisex3;this-pad:func_00190128;this-pad:func_0019c4f8;arity-pad:func_0019dbc0;this-pad:func_001bd570;this-pad:func_00190878;this-pad:func_0016bc20;arity-pad:func_0018a818;arity-pad:func_0019e170;arity-pad:func_0019e400;this-pad:func_001bc700;this-pad:func_0019e6e8;arity-pad:func_0019e758;this-pad:func_001bcf18;arity-pad:func_0019e848;gvote:Flag->0034f240;globals:5ppc/1ps2;unmapped-global:0x727de4;gdims:_ZZN2YS8TOPLAYEREPvEs_0;unmapped-global:_ZZN2YS8TOPLAYEREPvEs_0;gdims:_ZZN2YS8TOPLAYEREPvEs_2;unmapped-global:_ZZN2YS8TOPLAYEREPvEs_2;unmapped-global:LV_1;fix-arity:func_0018a818;static-unmapped	YS::RC_SEARCHER|PlayerCollision|30|40|20;YS::RC_SEARCHER|PlayerCollision|30|40|20;YS::RC_SEARCHER|PlayerCollision|30|40|20;YS::RC_SEARCHER|PlayerCollision|30|40|20;YS::RC_SEARCHER|PlayerCollision|30|40|20
0019e170	004923b4	160	loop	83.52	near	37.0		arity-pad:func_0019e210	
0019e5f8	00491c34	160	branchy	51.13	near	53.74		globals:1ppc/0ps2;unmapped-global:command;static-unmapped;variant:no_dims	
0019e758	004916d4	236	loop	66.31	near	44.83		this-pad:func_00177860;this-pad:func_0019ba60;arity-pad:func_0019e848;gvote:0x727dee->0036d400	
0019e848	004914e8	452	loop	66.81	near	68.91		stack-locals:1;arity-pad:func_00190128;arity-pad:func_00190878;arity-pad:func_0019da68;gvote:Random->003638d0	
0019ea10	00491380	188	branchy	67.98	near	15.26		dropped:ErrorPrintfx1;dropped:ErrorRaisex1;this-pad:func_00177860;globals:2ppc/0ps2;gdims:_ZZNK2YS7BITFLAGILj256EjE5checkEjEs_0;unmapped-global:_ZZNK2YS7BITFLAGILj256EjE5checkEjEs_0;gdims:_ZZNK2YS7BITFLAGILj256EjE5checkEjEs_2;unmapped-global:_ZZNK2YS7BITFLAGILj256EjE5checkEjEs_2	
0019ecb0	004dcae8	152	float	74.08	near	88.81		this-pad:func_0014a7b8;this-pad:func_0013fd10;globals:0ppc/1ps2	YS::BLUR|YSize|10|10|8;YS::BLUR|RotFrame|18|18|10;YS::BLUR|RotFrame|18|18|10
0019f070	0043ac18	568	branchy	57.63	compile	0.0	0019f070.cpp:105: parse error	stack-locals:1;this-pad:func_001a8bb8;arity-pad:func_0019f2a8;this-pad:func_001a8d40;gvote:ExitWorld->01c62f98	
0019f2a8	0043a97c	472	branchy	58.81	near	0.0		synth-fields:4;this-pad:func_002be318	
0019f7d0	0047bff8	172	branchy	75.14	near	64.07		arity-pad:func_001491d8;gvote:Current->0032bae0;gvote:PlaceBar->01c62fb0	
001a0800	004798b0	288	float	89.44	near	62.85		this-pad:func_0016c4e8	
001a0920	004799c8	204	branchy	73.67	near	53.42		dropped:ErrorPrintfx1;dropped:ErrorRaisex1;this-pad:func_0019c090;this-pad:func_00177958;this-pad:func_001778c0;globals:2ppc/0ps2;gdims:_ZZNK2YS7BITFLAGILj256EjE5checkEjEs_0;unmapped-global:_ZZNK2YS7BITFLAGILj256EjE5checkEjEs_0;gdims:_ZZNK2YS7BITFLAGILj256EjE5checkEjEs_2;unmapped-global:_ZZNK2YS7BITFLAGILj256EjE5checkEjEs_2	YS::PARTYATTACK|Near|20|20|10
001a0a48	004ca968	244	float	66.54	near	24.66		stack-locals:1;simmap:calc_movement_y->0017c930;simmap:calc_movement_y->0017c930;unmapped-call:operator_;dropped:operator_x0;this-pad:func_00184540;this-pad:func_00180618;this-pad:func_0017c930;globals:1ppc/3ps2	
001a0ee0	00497be4	312	float	72.47	near	47.84		positional:Get->001c0c80;gvote:System->00352130;globals:2ppc/1ps2;unmapped-global:param;static-unmapped	
001a11e0	00499140	640	float	78.67	near	60.83		this-pad:func_001b73e8;this-pad:func_001a0d48;arity-pad:func_001a24a0;this-pad:func_001c3060;gvote:PlayerMinHp->01c6cabc;globals:1ppc/2ps2	YS::SHEET|Hp|0|14|0;YS::SHEET|Hp|0|24|0
001a1490	00498594	172	loop	70.70	near	27.26		synth-fields:7;dropped:ErrorPrintfx1;dropped:ErrorRaisex1;this-pad:func_001a0e78;this-pad:func_00188fe0;this-pad:func_001a1840;globals:4ppc/2ps2;gdims:_ZZN2YS11CLASS_BLOCKINS_5SHEETELi64EE5allocEvEs_0;unmapped-global:_ZZN2YS11CLASS_BLOCKINS_5SHEETELi64EE5allocEvEs_0;gdims:_ZZN2YS11CLASS_BLOCKINS_5SHEETELi64EE5allocEvEs_2;unmapped-global:_ZZN2YS11CLASS_BLOCKINS_5SHEETELi64EE5allocEvEs_2;fix-assign-cast	
001a1658	0049a0e4	84	branchy	80.71	near	10.65		this-pad:func_00189200;arity-pad:func_001a11e0;globals:2ppc/0ps2;unmapped-global:0x8f7240;unmapped-global:SaveRam;static-unmapped	
001a17c8	00499c64	120	branchy	76.84	near	30.04		dropped:ErrorPrintfx2;dropped:ErrorRaisex2;arity-pad:func_001a1840;globals:5ppc/1ps2;gdims:_ZZN2YS11CLASS_BLOCKINS_5SHEETELi64EE4freeEPS1_Es_0;unmapped-global:_ZZN2YS11CLASS_BLOCKINS_5SHEETELi64EE4freeEPS1_Es_0;gdims:_ZZN2YS11CLASS_BLOCKINS_5SHEETELi64EE4freeEPS1_Es_2;unmapped-global:_ZZN2YS11CLASS_BLOCKINS_5SHEETELi64EE4freeEPS1_Es_2;gdims:LV_10;unmapped-global:LV_10;gdims:_ZZN2YS11CLASS_BLOCKINS_5SHEETELi64EE4freeEPS1_Es_3;unmapped-global:_ZZN2YS11CLASS_BLOCKINS_5SHEETELi64EE4freeEPS1_Es_3	
001a1840	004984e0	208	float	80.27	near	37.46		gvote:PlayerMinHp->01c6cabc;globals:1ppc/2ps2	
001a1910	004987b0	64	branchy	86.44	near	86.44			
001a1950	0049880c	60	branchy	90.00	near	30.28			
001a1a20	004979e0	48	branchy	87.69	near	37.5		arity-pad:func_001a1990;arity-pad:func_00187650;variant:no_thispad	
001a1aa0	00498abc	140	loop	83.59	near	19.03			
001a1b30	00498b50	56	branchy	59.29	near	18.21		dropped:ErrorPrintfx1;dropped:ErrorRaisex1;globals:3ppc/0ps2;gdims:__LNst__ZN2YS5SHEET15sub_drive_countEi_1;unmapped-global:__LNst__ZN2YS5SHEET15sub_drive_countEi_1;gdims:__LNst__ZN2YS5SHEET15sub_drive_countEi_3;unmapped-global:__LNst__ZN2YS5SHEET15sub_drive_countEi_3;gdims:LS_107_LV_12;unmapped-global:LS_107_LV_12	
001a1b68	00498c38	200	float	84.85	near	30.87		dropped:ErrorPrintfx2;dropped:ErrorRaisex2;this-pad:func_0019ba60;globals:9ppc/0ps2;gdims:count;unmapped-global:count;unmapped-global:Config;unmapped-global:System;gdims:__LNst__ZN2YS5SHEET14add_drive_timeEf_0;unmapped-global:__LNst__ZN2YS5SHEET14add_drive_timeEf_0;gdims:__LNst__ZN2YS5SHEET15sub_drive_countEi_3;unmapped-global:__LNst__ZN2YS5SHEET15sub_drive_countEi_3;gdims:LS_114_LV_13;unmapped-global:LS_114_LV_13;gdims:_ZZN2YS8TOPLAYEREPvEs_0;unmapped-global:_ZZN2YS8TOPLAYEREPvEs_0;gdims:_ZZN2YS8TOPLAYEREPvEs_2;unmapped-global:_ZZN2YS8TOPLAYEREPvEs_2;unmapped-global:LV_1;static-unmapped	YS::SHEET|Hp|0|28|18;YS::SHEET|Hp|0|28|18
001a1e20	00499454	744	float	72.86	compile	0.0	001a1e20.cpp:2436: request for	simmap:adjust_combo_damage->001a2340;dropped:ErrorPrintfx2;dropped:ErrorRaisex2;this-pad:func_001a1de0;this-pad:func_00177860;arity-pad:func_001a2108;arity-pad:func_001a2200;this-pad:func_0019ba60;arity-pad:func_001a22b0;arity-pad:func_001a2340;gvote:System->00352130;globals:7ppc/1ps2;unmapped-global:Config;gdims:_ZZN2YS7TOPARTYEPvEs_0;unmapped-global:_ZZN2YS7TOPARTYEPvEs_0;gdims:_ZZN2YS7TOPARTYEPvEs_2;unmapped-global:_ZZN2YS7TOPARTYEPvEs_2;unmapped-global:__LNst__ZNK2YS5SHEET11calc_damageEPNS_6ATTACKEPKNS_11ATTACKPARAMEi_0;gdims:__LNst__ZN2YS5SHEET15sub_drive_countEi_3;unmapped-global:__LNst__ZN2YS5SHEET15sub_drive_countEi_3;gdims:LS_133_LV_14;unmapped-global:LS_133_LV_14	
001a2108	00497e30	244	branchy	60.26	near	25.84		this-pad:func_0019ba60	
001a2200	00497f64	176	branchy	85.75	near	87.83		this-pad:func_0019ba60;gvote:Flag->0034f240;globals:1ppc/2ps2	
001a22b0	00498038	140	branchy	62.29	near	38.78		globals:1ppc/0ps2;unmapped-global:param;static-unmapped	
001a2340	004980f4	248	branchy	58.97	near	34.88		positional:get_air_combo_count->00177ba0;positional:get_combo_count->00177bf8;dropped:ErrorPrintfx2;dropped:ErrorRaisex2;this-pad:func_00177ba0;this-pad:func_00177bf8;globals:3ppc/0ps2;unmapped-global:param;gdims:_ZZN2YS7TOPARTYEPvEs_0;unmapped-global:_ZZN2YS7TOPARTYEPvEs_0;gdims:_ZZN2YS7TOPARTYEPvEs_2;unmapped-global:_ZZN2YS7TOPARTYEPvEs_2;static-unmapped	YS::SHEET|Hp|0|18|10
001a24a0	00497d48	216	loop	99.59	near	70.81		this-pad:func_001a8190;this-pad:func_001c3150;globals:1ppc/0ps2;unmapped-global:param	
001a2578	00498f8c	80	branchy	76.90	near	80.75			
001a25c8	00498fd0	80	branchy	76.90	near	80.75			
001a2618	00499014	80	branchy	76.90	near	80.75			
001a2668	00499058	80	branchy	76.90	near	80.75			
001a2a50	00436b7c	252	loop	96.19	near	78.3		dropped:ErrorPrintfx1;dropped:ErrorRaisex1;this-pad:func_001a8c10;globals:3ppc/0ps2;gdims:__LNst__ZN2YS4ITEM3UseEiiii_0;unmapped-global:__LNst__ZN2YS4ITEM3UseEiiii_0;gdims:__LNst__ZN2YS4ITEM17PopBackyardWeaponEi_1;unmapped-global:__LNst__ZN2YS4ITEM17PopBackyardWeaponEi_1;gdims:LS_50_LV_5;unmapped-global:LS_50_LV_5	
001a2b50	004361c8	552	branchy	45.35	near	45.35		simmap:add_mp->001a1a20;simmap:add_attack->001a2578;simmap:add_wisdom->001a25c8;simmap:add_defence->001a2618;simmap:add_ap->001a2668;simmap:add_mp->001a1a20;simmap:add_mp->001a1a20;arity-pad:func_001a1950;arity-pad:func_001a1a20;arity-pad:func_001a1aa0;arity-pad:func_001a2578;arity-pad:func_001a25c8;arity-pad:func_001a2618;arity-pad:func_001a2668	
001a2d78	00437a48	216	loop	76.56	near	0.0		dropped:ErrorPrintfx1;dropped:ErrorRaisex1;this-pad:func_001a8c10;globals:2ppc/0ps2;gdims:__LNst__ZN2YS4ITEM3UseEiiii_0;unmapped-global:__LNst__ZN2YS4ITEM3UseEiiii_0;gdims:__LNst__ZN2YS4ITEM17PopBackyardWeaponEi_1;unmapped-global:__LNst__ZN2YS4ITEM17PopBackyardWeaponEi_1	
001a2e50	00436420	452	branchy	30.34	near	9.16		arity-pad:func_001a1de0;arity-pad:func_001a27b8;arity-pad:func_001a2778;arity-pad:func_001a2798;arity-pad:func_001a2758	
001a3018	00436cfc	332	loop	67.49	near	0.0		dropped:ErrorPrintfx2;dropped:ErrorRaisex2;this-pad:func_00188fe0;globals:5ppc/1ps2;gdims:__LNst__ZN2YS4ITEM17PopBackyardWeaponEi_1;unmapped-global:__LNst__ZN2YS4ITEM17PopBackyardWeaponEi_1;gdims:LS_52_LV_6;unmapped-global:LS_52_LV_6;gdims:_ZZNK2YS7BITFLAGILj256EjE5checkEjEs_0;unmapped-global:_ZZNK2YS7BITFLAGILj256EjE5checkEjEs_0;gdims:_ZZNK2YS7BITFLAGILj256EjE5checkEjEs_2;unmapped-global:_ZZNK2YS7BITFLAGILj256EjE5checkEjEs_2	
001a3188	004371d4	320	branchy	50.76	near	49.93		dropped:ErrorPrintfx2;dropped:ErrorRaisex2;this-pad:func_00188fe0;this-pad:func_00188a28;this-pad:func_00188b68;globals:7ppc/1ps2;unmapped-global:__LNst__ZN2YS4ITEM3GetEiib_0;gdims:__LNst__ZN2YS4ITEM17PopBackyardWeaponEi_1;unmapped-global:__LNst__ZN2YS4ITEM17PopBackyardWeaponEi_1;unmapped-global:LS_63_LV_8;gdims:_ZZN2YS7BITFLAGILj320EjE3setEjEs_0;unmapped-global:_ZZN2YS7BITFLAGILj320EjE3setEjEs_0;gdims:_ZZN2YS7BITFLAGILj320EjE3setEjEs_2;unmapped-global:_ZZN2YS7BITFLAGILj320EjE3setEjEs_2;gdims:LV_3;unmapped-global:LV_3	
001a32c8	00436f88	396	loop	65.84	near	0.0		dropped:ErrorPrintfx2;dropped:ErrorRaisex2;gvote:SaveRam->0032bb30;globals:7ppc/2ps2;gdims:__LNst__ZN2YS4ITEM11GetBackyardEii_0;gdims:__LNst__ZN2YS4ITEM17PopBackyardWeaponEi_1;unmapped-global:__LNst__ZN2YS4ITEM17PopBackyardWeaponEi_1;gdims:LS_61_LV_7;unmapped-global:LS_61_LV_7;gdims:_ZZN2YS7BITFLAGILj256EjE3setEjEs_0;unmapped-global:_ZZN2YS7BITFLAGILj256EjE3setEjEs_0;gdims:_ZZN2YS7BITFLAGILj256EjE3setEjEs_2;unmapped-global:_ZZN2YS7BITFLAGILj256EjE3setEjEs_2;unmapped-global:LV_0	
001a3458	00437400	132	loop	92.12	near	50.48		dropped:ErrorPrintfx1;dropped:ErrorRaisex1;this-pad:func_00188fe0;globals:3ppc/1ps2;gdims:__LNst__ZN2YS4ITEM6ReduceEii_0;unmapped-global:__LNst__ZN2YS4ITEM6ReduceEii_0;gdims:__LNst__ZN2YS4ITEM17PopBackyardWeaponEi_1;unmapped-global:__LNst__ZN2YS4ITEM17PopBackyardWeaponEi_1	
001a34e0	00436610	144	branchy	74.56	near	8.58		dropped:ErrorPrintfx1;dropped:ErrorRaisex1;globals:3ppc/1ps2;gdims:_ZZN2YS7BITFLAGILj256EjE5resetEjEs_0;unmapped-global:_ZZN2YS7BITFLAGILj256EjE5resetEjEs_0;gdims:_ZZN2YS7BITFLAGILj256EjE5resetEjEs_2;unmapped-global:_ZZN2YS7BITFLAGILj256EjE5resetEjEs_2	
001a35f8	00437534	232	loop	41.74	near	28.26		dropped:ErrorPrintfx1;dropped:ErrorRaisex1;this-pad:func_00188fe0;globals:3ppc/1ps2;gdims:__LNst__ZN2YS4ITEM6ReduceEii_0;unmapped-global:__LNst__ZN2YS4ITEM6ReduceEii_0;gdims:__LNst__ZN2YS4ITEM17PopBackyardWeaponEi_1;unmapped-global:__LNst__ZN2YS4ITEM17PopBackyardWeaponEi_1	
001a3820	00436984	72	branchy	56.33	near	27.17			
001a38b8	00436848	156	branchy	75.10	near	10.49		dropped:_printfx4;this-pad:func_00189200;globals:5ppc/1ps2;gdims:__LNst__ZN2YS4ITEM17PopBackyardWeaponEi_1;unmapped-global:__LNst__ZN2YS4ITEM17PopBackyardWeaponEi_1;gdims:__LNst__ZN2YS4ITEM17PopBackyardWeaponEi_2;unmapped-global:__LNst__ZN2YS4ITEM17PopBackyardWeaponEi_2;gdims:__LNst__ZN2YS4ITEM17PopBackyardWeaponEi_3;unmapped-global:__LNst__ZN2YS4ITEM17PopBackyardWeaponEi_3;gdims:__LNst__ZN2YS4ITEM17PopBackyardWeaponEi_4;unmapped-global:__LNst__ZN2YS4ITEM17PopBackyardWeaponEi_4	
001a3958	00280130	112	loop	51.19	near	28.11		positional:isCampMenuItem->001a34e0;globals:1ppc/0ps2;unmapped-global:m_ShopTbl;static-unmapped	
001a3b48	00424dc4	168	branchy	88.33	near	74.19		unmapped-call:operator_;dropped:operator_x0;this-pad:func_001de2e0;this-pad:func_001de168;this-pad:func_001dc5f8	
001a3ce0	00424f10	140	float	72.59	near	78.73		this-pad:func_001dc978;globals:1ppc/2ps2	
001a3f08	0040af80	152	branchy	67.58	near	58.75		synth-fields:4	
001a4060	0040b0b8	108	loop	96.43	near	2.78		positional:__ZN2YS6ATTACKD2Ev->0018d420	
001a4388	0040b4bc	152	loop	67.47	near	42.08		synth-fields:1;arity-pad:func_0016bba8	
001a4498	0050c3ac	120	float	75.93	near	2.59		synth-fields:24	
001a5140	00482f68	360	float	69.38	near	47.89		synth-fields:3;simmap:IsPeterpanPrizeDrain->001919f8;simmap:IsPrizeDrain->001919d0;this-pad:func_001c79a0;arity-pad:func_001a52a8;this-pad:func_0019ba60;this-pad:func_001c7950;gvote:Player->0034e948	
001a52a8	00482cd8	212	float	99.62	near	45.42		dropped:ErrorPrintfx3;dropped:ErrorRaisex3;this-pad:func_00176be0;this-pad:func_00187650;this-pad:func_00179a68;globals:6ppc/1ps2;gdims:GetParamTable;gdims:_ZZN2YS7TOPARTYEPvEs_0;unmapped-global:_ZZN2YS7TOPARTYEPvEs_0;gdims:_ZZN2YS7TOPARTYEPvEs_2;unmapped-global:_ZZN2YS7TOPARTYEPvEs_2;gdims:_ZZN2YS8TOPLAYEREPvEs_0;unmapped-global:_ZZN2YS8TOPLAYEREPvEs_0;gdims:_ZZN2YS8TOPLAYEREPvEs_2;unmapped-global:_ZZN2YS8TOPLAYEREPvEs_2;unmapped-global:LV_1	
001a55a8	00483478	728	float	70.10	near	43.4		positional:ErrorPrintf->001a5af0;positional:ErrorRaise->001a5af0;this-pad:func_0019ba60;arity-pad:func_00177860;arity-pad:func_00191b70;this-pad:func_001cc128;globals:8ppc/6ps2;unmapped-global:0x727044;unmapped-global:Random;fix-arity:func_001a5af0;fix-arity:func_001a5af0;static-unmapped;variant:no_dims,no_gvote	
001a5928	00483328	72	straight	85.56	near	43.03		globals:1ppc/0ps2;unmapped-global:Prize;fix-assign-cast;fix-assign-cast;static-unmapped	
001a5c88	00446c28	192	float	78.51	near	33.85		dropped:ErrorPrintfx1;dropped:ErrorRaisex1;dropped:_printfx2;globals:5ppc/1ps2;gdims:__LNst__ZN2YS5MAGIC8set_costEf_1;gdims:__LNst__ZN2YS5MAGIC8set_costEf_2;unmapped-global:__LNst__ZN2YS5MAGIC8set_costEf_2;unmapped-global:__LNst__ZN2YS5MAGIC8set_costEf_3;gdims:__LNst__ZN2YS5MAGIC8set_costEf_5;unmapped-global:__LNst__ZN2YS5MAGIC8set_costEf_5;gdims:LS_82_LV_14;unmapped-global:LS_82_LV_14	YS::MAGIC|SList|c|c|8
001a5f50	00446df0	372	loop	80.96	near	14.42		this-pad:func_00168b38;this-pad:func_001dddd0;gvote:MagicList->01c6cb20;gvote:MagicData->00350800;gdims:MagicData	
001a6178	00447070	712	float	10.48	near	63.18		stack-locals:1;synth-fields:1;dropped:ErrorPrintfx1;dropped:ErrorRaisex1;this-pad:func_00177860;this-pad:func_0017a600;this-pad:func_0019c090;arity-pad:func_0017f488;arity-pad:func_0017f5e0;this-pad:func_0016cbc8;gvote:MagicData->00350800;gvote:System->00352130;globals:6ppc/3ps2;gdims:MagicData;gdims:__LNst__ZN2YS5MAGIC4CastEPNS_6PLAYEREib_0;unmapped-global:__LNst__ZN2YS5MAGIC4CastEPNS_6PLAYEREib_0;gdims:__LNst__ZN2YS5MAGIC8set_costEf_1;unmapped-global:__LNst__ZN2YS5MAGIC8set_costEf_1;unmapped-global:LS_103_LV_18;fix-arg:func_0017f5e0:4;fix-arg:func_0017f5e0:4	
001a6600	004479a8	68	float	61.05	near	45.48		globals:0ppc/1ps2	
001a6658	00446a98	296	loop	73.58	near	67.87		gvote:MagicTable->01c6cb28;gvote:Current->0032bae0	
001a67e0	00447a0c	108	loop	82.59	near	25.47		dropped:ErrorPrintfx1;dropped:ErrorRaisex1;this-pad:func_001a5d48;gvote:MagicList->01c6cb20;globals:3ppc/1ps2;gdims:__LNst__ZN2YS5MAGIC6DeleteEPS0__0;unmapped-global:__LNst__ZN2YS5MAGIC6DeleteEPS0__0;gdims:__LNst__ZN2YS5MAGIC8set_costEf_1;unmapped-global:__LNst__ZN2YS5MAGIC8set_costEf_1	
001a6a20	004aae08	196	loop	85.13	near	62.06		dropped:ErrorPrintfx1;dropped:ErrorRaisex1;gvote:TeamWorkPt->01c6cb70;globals:4ppc/2ps2;gdims:TeamWork;gdims:__LNst__ZN2YS8TEAMWORK5AllocEii_1;unmapped-global:__LNst__ZN2YS8TEAMWORK5AllocEii_1;gdims:__LNst__ZN2YS8TEAMWORK5AllocEii_3;unmapped-global:__LNst__ZN2YS8TEAMWORK5AllocEii_3	
001a6ae8	004aad78	112	loop	91.07	near	83.75		gvote:TeamWorkPt->01c6cb70;gdims:TeamWork	
001a6bc8	004e7ce0	108	straight	96.96	near	47.16		globals:0ppc/1ps2	
001a6fe8	006697a8	180	loop	64.18	compile	0.0	001a6fe8.cpp:673: parse error	positional:ErrorPrintf->001ad228;positional:ErrorRaise->001a74f8;this-pad:func_001ad430;this-pad:func_001ac7c8;this-pad:func_00102448;globals:3ppc/0ps2;unmapped-global:__LNst__ZN2YS13TEST_LIBRETTO8CallbackEPKNS_4CODEEPNS_8LIBRETTOE_1;gdims:__LNst__ZN2YS13TEST_LIBRETTO8CallbackEPKNS_4CODEEPNS_8LIBRETTOE_3;unmapped-global:__LNst__ZN2YS13TEST_LIBRETTO8CallbackEPKNS_4CODEEPNS_8LIBRETTOE_3;gdims:LS_31_LV_2;unmapped-global:LS_31_LV_2	
001a7588	0040d720	80	branchy	74.25	near	40.26		stack-locals:1;unmapped-call:operator_;dropped:operator_x0;this-pad:func_001d35e0	
001a7610	0040d7e8	180	float	30.07	near	38.48		stack-locals:1;unmapped-call:operator_;dropped:operator_x0;this-pad:func_001d35e0	
001a76c8	0040d920	196	float	66.53	near	21.68		unmapped-call:operator_;dropped:operator_x0;globals:0ppc/2ps2	
001a81f0	004ab448	104	loop	87.50	near	86.15		dropped:_printfx4;gvote:TreasureTable->01c6cb98;globals:5ppc/1ps2;gdims:__LNst__ZN2YS8TREASURE5TABLE4InitEPv_3;unmapped-global:__LNst__ZN2YS8TREASURE5TABLE4InitEPv_3;gdims:__LNst__ZN2YS8TREASURE5TABLE3GetEiii_1;unmapped-global:__LNst__ZN2YS8TREASURE5TABLE3GetEiii_1;gdims:__LNst__ZN2YS8TREASURE5TABLE3GetEiii_2;unmapped-global:__LNst__ZN2YS8TREASURE5TABLE3GetEiii_2;gdims:__LNst__ZN2YS8TREASURE5TABLE3GetEiii_3;unmapped-global:__LNst__ZN2YS8TREASURE5TABLE3GetEiii_3	
001a8258	004ab52c	84	loop	82.86	near	82.86		dropped:_printfx4;gvote:TreasureTable->01c6cb98;globals:5ppc/1ps2;gdims:__LNst__ZN2YS8TREASURE5TABLE4InitEPv_3;unmapped-global:__LNst__ZN2YS8TREASURE5TABLE4InitEPv_3;gdims:__LNst__ZN2YS8TREASURE5TABLE3GetEiii_1;unmapped-global:__LNst__ZN2YS8TREASURE5TABLE3GetEiii_1;gdims:__LNst__ZN2YS8TREASURE5TABLE3GetEiii_2;unmapped-global:__LNst__ZN2YS8TREASURE5TABLE3GetEiii_2;gdims:__LNst__ZN2YS8TREASURE5TABLE3GetEiii_3;unmapped-global:__LNst__ZN2YS8TREASURE5TABLE3GetEiii_3	
001a82b0	004ab5f8	64	branchy	70.62	near	70.62		gvote:TreasureTable->01c6cb98;globals:1ppc/3ps2	
001a82f0	004ab18c	296	branchy	70.41	near	49.26		dropped:ErrorPrintfx2;dropped:ErrorRaisex2;arity-pad:func_001a3888;this-pad:func_0016a070;gvote:Player->0034e948;gvote:InfoQueue->01c6cba0;globals:9ppc/3ps2;gdims:_ZZN2YS5QUEUEINS_8TREASURE4INFOELi8EE8get_lastEvEs_0;unmapped-global:_ZZN2YS5QUEUEINS_8TREASURE4INFOELi8EE8get_lastEvEs_0;gdims:_ZZN2YS5QUEUEINS_8TREASURE4INFOELi8EE8get_lastEvEs_2;unmapped-global:_ZZN2YS5QUEUEINS_8TREASURE4INFOELi8EE8get_lastEvEs_2;unmapped-global:LV_2;gdims:_ZZN2YS7BITFLAGILj512EjE3setEjEs_0;unmapped-global:_ZZN2YS7BITFLAGILj512EjE3setEjEs_0;gdims:_ZZN2YS7BITFLAGILj512EjE3setEjEs_2;unmapped-global:_ZZN2YS7BITFLAGILj512EjE3setEjEs_2;unmapped-global:LV_0;fix-arity:func_001a3888	
001a8510	004ab15c	52	straight	91.08	near	45.33		gvote:InfoQueue->01c6cba0	
001a86b8	004abe60	192	float	62.50	near	63.53		synth-fields:1;this-pad:func_00190920;this-pad:func_0016c008;this-pad:func_0017f488;this-pad:func_001a8450;this-pad:func_001a8548;gvote:Current->0032bae0	
001a8930	0044ada4	188	branchy	92.34	compile	0.0	001a8930.cpp:151: `struct AREA'	unmapped-call:SetPlayerBlockSize;dropped:ErrorPrintfx1;dropped:SetPlayerBlockSizex1;dropped:ErrorRaisex1;globals:5ppc/0ps2;unmapped-global:Current;unmapped-global:MemberTable;gdims:__LNst__ZN2YS6MEMBER5TABLE8InitAreaEv_0;unmapped-global:__LNst__ZN2YS6MEMBER5TABLE8InitAreaEv_0;gdims:__LNst__ZNK2YS6MEMBER3getEi_3;unmapped-global:__LNst__ZNK2YS6MEMBER3getEi_3;gdims:LS_65_LV_8;unmapped-global:LS_65_LV_8	
001a8f10	0044a55c	84	branchy	58.52	near	28.43			
001a92d8	00467394	120	branchy	98.33	near	43.51		dropped:ErrorPrintfx4;dropped:ErrorRaisex2;arity-pad:func_001a9218;globals:3ppc/0ps2;gdims:__LNst__ZN2YS7OBJDATA3setEjPKNS_8OBJENTRYE_0;unmapped-global:__LNst__ZN2YS7OBJDATA3setEjPKNS_8OBJENTRYE_0;gdims:__LNst__ZN2YS7OBJDATA4_setEv_3;unmapped-global:__LNst__ZN2YS7OBJDATA4_setEv_3;unmapped-global:LS_10_LV_1	
001a93b0	0046753c	56	straight	98.21	near	42.91		arity-pad:func_001a9218	
001a9458	00467654	204	loop	69.92	near	69.92		this-pad:func_001a97b8;this-pad:func_0017ebc8;this-pad:func_00168b38	
001a9560	00467790	500	loop	60.22	near	40.22		this-pad:func_00168b38;this-pad:func_001dddd0;this-pad:func_001de168	
001a9970	0044ebf8	184	float	75.12	near	61.72		positional:get_max_size->00192990;this-pad:func_00192990;arity-pad:func_001923c8;globals:0ppc/1ps2;shift:YS::MESSAGEDRAW.Style@0x24+16	YS::MESSAGEDRAW|Style|24|28|38
001a9ae8	0044ef90	312	float	64.02	near	32.04		stack-locals:1;this-pad:func_00192f78;this-pad:func_001a9a28;this-pad:func_00192a80;this-pad:func_001aa850;arity-pad:func_001a9c20;this-pad:func_001aa980;this-pad:func_001b7f30;globals:3ppc/1ps2;unmapped-global:s_frameTime;unmapped-global:0x745038;fix-assign-cast;fix-assign-cast;fix-assign-cast;static-unmapped	
001a9c20	0044e520	1156	float	65.96	compile	0.0	001a9c20.cpp:389: parse error	stack-locals:1;positional:make_icon_packet->001aa6f0;positional:GetIconWidth->001aa940;this-pad:func_00192818;this-pad:func_00192440;this-pad:func_001aa6f0;this-pad:func_00192f98;this-pad:func_00192388;this-pad:func_00192fb8;this-pad:func_001aa310;this-pad:func_00192498;this-pad:func_00192450;arity-pad:func_001aa0a8;globals:1ppc/3ps2	
001aa0a8	0044e128	616	float	72.71	compile	0.0	001aa0a8.cpp:237: `const struct	positional:make_packet->001aa8a8;positional:make_packet_italic->00313bc0;positional:get_width->001aa8f0;this-pad:func_00192fb8;this-pad:func_001aa310;this-pad:func_001aa8a8;this-pad:func_00313bc0;this-pad:func_001aa8f0;globals:3ppc/4ps2;gdims:OFF	
001aa388	0044de7c	460	float	88.40	near	33.32		positional:get_page_size->00192940;this-pad:func_00192940;this-pad:func_00192440;this-pad:func_00192498;this-pad:func_00192388;globals:0ppc/1ps2	YS::MESSAGEDRAW|Flag|0|0|1c;YS::MESSAGEDRAW|Time|1c|1c|20
001aa7f0	0044ef04	92	straight	91.30	near	61.96		this-pad:func_00192f78;this-pad:func_001a9a28;globals:1ppc/0ps2;unmapped-global:0x74ce60;fix-assign-cast;fix-assign-cast;fix-assign-cast;static-unmapped	YS::MESSAGEDRAW::ENV|Packet|40|4c|40
001aa940	0044d788	64	straight	46.25	compile	0.0	001aa940.cpp:121: `struct	stack-locals:2;positional:_get_page_size->001ab598;arity-pad:func_001ab598;globals:1ppc/0ps2;unmapped-global:result	
001aaa08	0042ebb4	460	branchy	54.76	near	23.64		positional:_sprintf->002fee78;dropped:ErrorPrintfx4;dropped:ErrorRaisex4;arity-pad:func_001491d8;arity-pad:func_00168b38;gvote:Lang->0033caf4;gvote:Sequence->01c6cec0;globals:12ppc/9ps2;gdims:filename;gdims:__LNst__ZN2YS8FONTINFOE_0;gdims:Font;gdims:__LNst__ZN2YS4FONT11InitTextureEv_1;unmapped-global:__LNst__ZN2YS4FONT11InitTextureEv_1;gdims:__LNst__ZNK2YS4FONT8get_tex0Ei_3;unmapped-global:__LNst__ZNK2YS4FONT8get_tex0Ei_3;unmapped-global:LS_54_LV_5	
001aabd8	0042dd3c	332	straight	99.94	compile	0.0	001aabd8.cpp:261: parse error	stack-locals:1;positional:_sprintf->002fee78;unmapped-call:LoadImage;unmapped-call:_ImageEntry;unmapped-call:putEntryTex;dropped:ErrorRaisex5;dropped:ErrorPrintfx5;dropped:putEntryTexx10;dropped:_ImageEntryx7;dropped:LoadImagex10;arity-pad:func_00168b38;arity-pad:func_0013a6b8;gvote:Lang->0033caf4;globals:13ppc/2ps2;gdims:filename;unmapped-global:first;gdims:__LNst__ZN2YS9FONTIMAGEE_0;unmapped-global:__LNst__ZN2YS9FONTIMAGEE_0;unmapped-global:m_pInstance;gdims:s_pFirst;unmapped-global:s_pFirst;unmapped-global:g_isFontUpCon;gdims:s_pSecond;unmapped-global:s_pSecond;unmapped-global:s_pIcon;gdims:__LNst__ZN2YS4FONT11InitTextureEv_0;unmapped-global:__LNst__ZN2YS4FONT11InitTextureEv_0;gdims:__LNst__ZNK2YS4FONT8get_tex0Ei_3;unmapped-global:__LNst__ZNK2YS4FONT8get_tex0Ei_3;gdims:LS_38_LV_3;unmapped-global:LS_38_LV_3;gdims:__LNst__ZN2YS4FONT11InitTextureEv_1;unmapped-global:__LNst__ZN2YS4FONT11InitTextureEv_1	
001aaf98	0042dce4	76	branchy	68.75	near	62.27			
001abbf0	004bbe68	268	branchy	60.96	near	0.0		this-pad:func_00239bf8;this-pad:func_00239d10;this-pad:func_001ac728	
001abdf0	004bbff4	88	branchy	75.17	near	0.0		this-pad:func_00239bf8	
001abe80	004bc074	128	branchy	78.43	near	27.47		this-pad:func_001ac728;this-pad:func_001abbf0	
001abf38	004bc13c	160	branchy	71.44	near	0.43		arity-pad:func_0023acd8;arity-pad:func_0023ade0	YS::TURNPAGE|Sequence|4|20|18
001ac078	006ccaa0	88	branchy	96.27	near	53.27		this-pad:func_00239bf8	
001ac5b8	004bc3b4	116	loop	72.68	near	0.0		dropped:ErrorPrintfx1;dropped:ErrorRaisex1;gvote:WindowList->01c6ced0;globals:4ppc/2ps2;gdims:_ZZN2YS5SLISTINS_6WINDOWELi0EE6unlinkEPS1_Es_0;unmapped-global:_ZZN2YS5SLISTINS_6WINDOWELi0EE6unlinkEPS1_Es_0;gdims:_ZZN2YS5SLISTINS_6WINDOWELi0EE6unlinkEPS1_Es_2;unmapped-global:_ZZN2YS5SLISTINS_6WINDOWELi0EE6unlinkEPS1_Es_2	
001aca98	004bccc8	296	loop	94.59	near	60.38		simmap:GetSequence->001ab810;simmap:GetSequence->001ab810;simmap:GetSequence->001ab810;simmap:GetSequence->001ab810;simmap:GetSequence->001ab810;positional:__ZN2YI8SEQUENCEC2Ev->002395b8;positional:set_window->001abd90;this-pad:func_001ac378;arity-pad:func_00239700;this-pad:func_0015b4f8;this-pad:func_00239bf8;this-pad:func_001abd90;gdims:BaseTable;fix-gtype:D_00350a38->YS_anon_str_window_cpp_64	YS::WINDOW|MessageDraw|c|38|30;YS::WINDOW|MessageDraw|c|38|30
001acbc0	004bceec	436	switch	76.50	compile	0.0	001acbc0.cpp:547: `PHASE_CLOSE'	this-pad:func_00239d10;this-pad:func_00239bf8;this-pad:func_001abe80;this-pad:func_001ac728;this-pad:func_001aa558;this-pad:func_001abdf0;globals:1ppc/2ps2;gdims:BaseTable;fix-gtype:D_0036d780->YS_anon_str_window_cpp_64	
001acdc0	004bca60	376	loop	93.35	near	59.68		this-pad:func_00236788;this-pad:func_0023bc58;arity-pad:func_0023acd8;arity-pad:func_0023ade0;this-pad:func_001a9ae8;this-pad:func_00239bf8;globals:1ppc/0ps2;gdims:LS_58_align_table;unmapped-global:LS_58_align_table;fix-arity:func_001a9ae8;static-unmapped	YS::WINDOW|MessageDraw|c|40|38
001acf38	004bd17c	120	branchy	77.67	near	71.93		arity-pad:func_001acdc0	
001acfb0	004bd254	112	branchy	62.96	near	52.11		this-pad:func_00239bf8;gdims:BaseTable;fix-gtype:D_00350a38->YS_anon_str_window_cpp_64	
001ad020	004bd2dc	120	straight	83.00	near	42.02		dropped:ErrorPrintfx1;dropped:ErrorRaisex1;this-pad:func_00239bf8;globals:3ppc/0ps2;gdims:__LNst__ZN2YS11WINDOW_BASE10draw_animeEiii_0;unmapped-global:__LNst__ZN2YS11WINDOW_BASE10draw_animeEiii_0;gdims:__LNst__ZN2YS5ARROW3setEiii_3;unmapped-global:__LNst__ZN2YS5ARROW3setEiii_3;gdims:LS_137_LV_4;unmapped-global:LS_137_LV_4	YS::WINDOW|MessageDraw|c|20|18
001ad098	004bd3e8	92	float	80.00	near	73.91		this-pad:func_001ac970;globals:1ppc/2ps2	
001ad430	004bd570	120	straight	86.59	near	60.5		this-pad:func_001ac970;this-pad:func_00239bf8;this-pad:func_001923c8	YS::WINDOW|MessageDraw|c|18|c
001ad638	004bdb58	252	loop	79.12	near	37.61		dropped:ErrorPrintfx1;dropped:ErrorRaisex1;this-pad:func_00239870;this-pad:func_001ac5b8;gvote:IsSystemTutorialWindowOpen->00350a56;globals:8ppc/4ps2;unmapped-global:0x74f4d8;gdims:__LNst__ZN2YS22WINDOW_SYSTEM_TUTORIALD1Ev_0;unmapped-global:__LNst__ZN2YS22WINDOW_SYSTEM_TUTORIALD1Ev_0;gdims:__LNst__ZN2YS5ARROW3setEiii_3;unmapped-global:__LNst__ZN2YS5ARROW3setEiii_3;gdims:LS_171_LV_10;unmapped-global:LS_171_LV_10;static-unmapped	
001ad738	006cc49c	252	loop	79.12	near	0.0		this-pad:func_00239870;arity-pad:func_001ac5b8;globals:2ppc/4ps2	
001ad838	006ccf28	256	loop	89.06	near	29.48		this-pad:func_00239870;arity-pad:func_001ac5b8;globals:3ppc/4ps2	
001ada38	004936fc	324	switch	77.69	near	3.98		positional:max_drive->001adbc0;dropped:ErrorPrintfx1;dropped:ErrorRaisex1;dropped:_printfx6;this-pad:func_001adbc0;arity-pad:func_001a1a50;arity-pad:func_001a1910;gvote:SaveRam->0032bb30;gvote:Flag->0034f240;globals:9ppc/5ps2;gdims:__LNst__ZN2YS5RECOV4ExecEi_1;gdims:__LNst__ZN2YS5RECOV4ExecEi_2;gdims:__LNst__ZN2YS5RECOV4ExecEi_3;gdims:__LNst__ZN2YS5RECOV4ExecEi_4;unmapped-global:__LNst__ZN2YS5RECOV4ExecEi_4;gdims:__LNst__ZN2YS5RECOV4ExecEi_5;unmapped-global:__LNst__ZN2YS5RECOV4ExecEi_5;gdims:__LNst__ZN2YS5RECOV4ExecEi_7;unmapped-global:__LNst__ZN2YS5RECOV4ExecEi_7;unmapped-global:LS_35_LV_1	
001adf00	0049750c	268	loop	62.65	compile	0.0	001adf00.cpp:111: `	positional:isShowVersion->001ae460;positional:ErrorPrintf->002f79c8;positional:ErrorRaise->002f7be8;globals:5ppc/2ps2;gdims:__LNst__ZN2YS8SELECTOR3GetEi_1;unmapped-global:__LNst__ZN2YS8SELECTOR3GetEi_1;gdims:__LNst__ZN2YS8SELECTOR3GetEi_3;unmapped-global:__LNst__ZN2YS8SELECTOR3GetEi_3;unmapped-global:LS_18_LV_2	
001ae010	0049b468	140	loop	90.40	near	20.15		dropped:ErrorPrintfx3;dropped:ErrorRaisex3;globals:8ppc/1ps2;unmapped-global:Reserve;gdims:_ZZN2YS5SLISTINS_7RESERVEELi0EE6unlinkEPS1_Es_0;unmapped-global:_ZZN2YS5SLISTINS_7RESERVEELi0EE6unlinkEPS1_Es_0;gdims:_ZZN2YS5SLISTINS_7RESERVEELi0EE6unlinkEPS1_Es_2;unmapped-global:_ZZN2YS5SLISTINS_7RESERVEELi0EE6unlinkEPS1_Es_2;gdims:_ZZN2YS11CLASS_BLOCKINS_7RESERVEELi4EE4freeEPS1_Es_0;unmapped-global:_ZZN2YS11CLASS_BLOCKINS_7RESERVEELi4EE4freeEPS1_Es_0;gdims:_ZZN2YS11CLASS_BLOCKINS_7RESERVEELi4EE4freeEPS1_Es_2;unmapped-global:_ZZN2YS11CLASS_BLOCKINS_7RESERVEELi4EE4freeEPS1_Es_2;unmapped-global:LV_1;gdims:_ZZN2YS11CLASS_BLOCKINS_7RESERVEELi4EE4freeEPS1_Es_3;unmapped-global:_ZZN2YS11CLASS_BLOCKINS_7RESERVEELi4EE4freeEPS1_Es_3;static-unmapped	
001aedf8	00432b4c	424	branchy	76.68	near	50.86		positional:IsMickey->001bb9f0;dropped:ErrorPrintfx1;dropped:ErrorRaisex1;arity-pad:func_001aefa0;this-pad:func_001c8d80;arity-pad:func_001af0c0;this-pad:func_00196bf0;this-pad:func_00196e98;this-pad:func_00196f00;gvote:GameOver->00350df0;gvote:Flag->0034f240;globals:9ppc/5ps2;gdims:camera;unmapped-global:0x7996e0;gdims:__LNst__ZN2YS8GAMEOVERC1EPNS_3OBJEi_1;unmapped-global:__LNst__ZN2YS8GAMEOVERC1EPNS_3OBJEi_1;gdims:__LNst__ZN2YS8GAMEOVERC1EPNS_3OBJEi_3;unmapped-global:__LNst__ZN2YS8GAMEOVERC1EPNS_3OBJEi_3;unmapped-global:LS_55_LV_3;static-unmapped	YS::GAMEOVER|IsMickey|c|c|14;YS::GAMEOVER|SelectorMickeyArgs|14|1c|30;YS::GAMEOVER|SelectorMickeyArgs|14|28|20;YS::GAMEOVER|SelectorMickeyArgs|14|2c|24;YS::GAMEOVER|SelectorGameOverArgs|30|30|28;YS::GAMEOVER|SelectorGameOverArgs|30|40|3c;YS::GAMEOVER|SelectorGameOverArgs|30|44|40;YS::GAMEOVER|SelectorGameOverArgs|30|48|44;YS::GAMEOVER|SelectorGameOverArgs|30|3c|30
001aefa0	004329f0	284	float	65.70	near	48.82		this-pad:func_0019ba60;this-pad:func_0017e280;gvote:System->00352130;gvote:SaveRam->0032bb30;gvote:Random->003638d0	YS::GAMEOVER|SelectorGameOverArgs|30|30|18
001af0c0	00432900	208	branchy	91.51	near	86.27		this-pad:func_0017a538;this-pad:func_0016a020;gvote:Player->0034e948;drop:YS::GAMEOVER.Phase@0x8	YS::GAMEOVER|MotionData|4|4|0;YS::GAMEOVER|SelectorMickeyArgs|14|14|10;YS::GAMEOVER|SelectorGameOverArgs|30|34|30;YS::GAMEOVER|Task|4c|4c|48;YS::GAMEOVER|SelectorGameOverArgs|30|30|2c
001af420	00433168	536	float	75.02	near	45.34		positional:StatusPrintf->001c8948;positional:ErrorPrintf->001af8d8;positional:ErrorRaise->001af778;this-pad:func_001852b8;this-pad:func_001c8db8;this-pad:func_001c8d80;arity-pad:func_001af7c0;gvote:Player->0034e948;gvote:CampMenu->00351ec0;globals:7ppc/4ps2;gdims:__LNst__ZN2YS8GAMEOVER10set_motionEv_0;unmapped-global:__LNst__ZN2YS8GAMEOVER10set_motionEv_0;gdims:__LNst__ZN2YS8GAMEOVERC1EPNS_3OBJEi_3;unmapped-global:__LNst__ZN2YS8GAMEOVERC1EPNS_3OBJEi_3;gdims:LS_70_LV_7;unmapped-global:LS_70_LV_7;fix-arity:func_00170518;static-unmapped	YS::GAMEOVER|IsMickey|c|c|8;YS::GAMEOVER|IsMickey|c|c|8;YS::GAMEOVER|MotionData|4|4|0;YS::GAMEOVER|IsMickey|c|c|8
001af7c0	00432eb4	276	branchy	49.80	near	40.57		positional:_sprintf->002fee78;dropped:ErrorPrintfx1;dropped:ErrorRaisex1;this-pad:func_00168b38;this-pad:func_001491d8;globals:3ppc/1ps2;gdims:__LNst__ZN2YS8GAMEOVERC1EPNS_3OBJEi_3;unmapped-global:__LNst__ZN2YS8GAMEOVERC1EPNS_3OBJEi_3;unmapped-global:LS_68_LV_6	YS::GAMEOVER|SelectorGameOverArgs|30|30|20;YS::GAMEOVER|MotionData|4|4|0;YS::GAMEOVER|Phase|8|8|4;YS::GAMEOVER|SelectorGameOverArgs|30|30|20
001af938	00433078	172	float	93.95	near	51.23		positional:get_rot->0016afe0;arity-pad:func_0016c028;arity-pad:func_0016afe0;arity-pad:func_001c7fb8;arity-pad:func_001880b0;gvote:Player->0034e948;gvote:Flag->0034f240;globals:2ppc/3ps2;fix-arg:func_001c7fb8:3;variant:no_thispad	
001afc00	004b9c78	460	loop	86.16	compile	0.0	001afc00.cpp:284: cannot	stack-locals:1;synth-fields:3;positional:_sprintf->002fee78;dropped:ErrorPrintfx1;dropped:ErrorRaisex1;arity-pad:func_0016e920;arity-pad:func_00102448;gvote:Current->0032bae0;gvote:CurrentTask->00350df8;globals:11ppc/8ps2;gdims:filename;gdims:__LNst__ZN2YS5VOICE11ReadEntryIdEjPv_1;gdims:PartName;gdims:__LNst__ZN2YS5VOICE11ReadEntryIdEjPv_2;gdims:__LNst__ZN2YS5VOICE11ReadEntryIdEjPv_0;unmapped-global:__LNst__ZN2YS5VOICE11ReadEntryIdEjPv_0;gdims:__LNst__ZN2YS5VOICE12ReadCallbackEPvjS1__3;unmapped-global:__LNst__ZN2YS5VOICE12ReadCallbackEPvjS1__3;gdims:LS_59_LV_4;unmapped-global:LS_59_LV_4;fix-arity:func_0016e920;fix-assign-cast;fix-arity:func_0016e920;fix-arity:func_0016e920	
001afee8	004ba238	168	branchy	98.57	near	98.57			
001aff90	004ba5a4	80	loop	88.00	compile	0.0	001aff90.cpp:66: redefinition	unmapped-call:get_num;dropped:get_numx1;dropped:_printfx4;globals:5ppc/1ps2;gdims:__LNst__ZN2YS5VOICE12ReadCallbackEPvjS1__3;unmapped-global:__LNst__ZN2YS5VOICE12ReadCallbackEPvjS1__3;gdims:__LNst__ZN2YS5VOICE8GetTableEii_1;unmapped-global:__LNst__ZN2YS5VOICE8GetTableEii_1;gdims:__LNst__ZN2YS5VOICE8GetTableEii_2;unmapped-global:__LNst__ZN2YS5VOICE8GetTableEii_2;gdims:__LNst__ZN2YS5VOICE8GetTableEii_3;unmapped-global:__LNst__ZN2YS5VOICE8GetTableEii_3;fix-hdmember:YS_VOICE_TABLE.Part;fix-hdmember:YS_VOICE_TABLE.Id;fix-hdmember:YS_VOICE_TABLE.Priority	
001b0210	004b9a14	60	branchy	99.20	near	99.8			YS::VOICE|Num|10|18|10;YS::VOICE|Obj|18|20|18;YS::VOICE|Obj|18|20|18
001b0250	004b9a48	208	branchy	95.17	near	22.64		this-pad:func_0019ba60;this-pad:func_0016c028;fix-assign-cast;fix-assign-cast	
001b0448	00444f10	80	branchy	97.00	near	55.55		dropped:ErrorPrintfx1;dropped:ErrorRaisex1;this-pad:func_0016bc20;globals:3ppc/0ps2;gdims:__LNst__ZN2YS6LOOKAT8set_boneEPNS_3OBJE_1;unmapped-global:__LNst__ZN2YS6LOOKAT8set_boneEPNS_3OBJE_1;gdims:__LNst__ZN2YS6LOOKAT8set_boneEPNS_3OBJE_3;unmapped-global:__LNst__ZN2YS6LOOKAT8set_boneEPNS_3OBJE_3;gdims:LS_41_LV_4;unmapped-global:LS_41_LV_4	
001b0498	00444fec	64	branchy	96.25	near	67.44			
001b0580	00445040	380	float	44.18	compile	0.0	001b0580.cpp:2568: no match for	synth-fields:2;positional:operator_->002fd188;globals:2ppc/7ps2	
001b0728	004451f8	108	float	55.07	near	55.82		positional:operator_->001ad990;this-pad:func_0013fd10;globals:0ppc/1ps2	
001b0798	00445290	192	float	67.31	near	78.0		stack-locals:1;positional:operator_->001ad990;arity-pad:func_0016bc20;arity-pad:func_0016af58;arity-pad:func_0013fd10;globals:0ppc/1ps2;fix-arg:func_0013fd10:1;variant:no_thispad	YS::LOOKAT|DiffRot|50|50|20;YS::LOOKAT|Dir|40|40|10;YS::LOOKAT|Dir|40|48|18;YS::LOOKAT|DiffRot|50|50|20
001b0858	00445390	108	float	74.78	near	80.58		positional:operator_->001b08e8;positional:normalize->001ad990;this-pad:func_001ad990;this-pad:func_0013fd10;globals:0ppc/1ps2	YS::LOOKAT|Pos|20|20|18;YS::LOOKAT|Pos|20|20|18
001b1360	00445d28	108	loop	76.27	near	50.89			
001b14d8	0043e788	132	loop	97.82	near	34.23		dropped:ErrorPrintfx2;dropped:ErrorRaisex2;gvote:LightList->01d44100;gvote:IsHideBG->00350e8c;globals:10ppc/6ps2;gdims:__LNst__ZN2YS5LIGHT4InitEv_1;unmapped-global:__LNst__ZN2YS5LIGHT4InitEv_1;gdims:__LNst__ZN2YS5LIGHT4InitEv_3;unmapped-global:__LNst__ZN2YS5LIGHT4InitEv_3;gdims:LS_69_LV_6;unmapped-global:LS_69_LV_6;gdims:__LNst__ZN2YS5LIGHT4InitEv_4;unmapped-global:__LNst__ZN2YS5LIGHT4InitEv_4	
001b1560	0043e2c8	904	float	0.00	near	11.62		positional:exec->001b1b58;positional:destroy->0015ca40;positional:setCalcFog->001b1ab8;this-pad:func_001b1b58;arity-pad:func_0015ca40;gvote:LightList->01d44100;gvote:IsHideBG->00350e8c;globals:3ppc/9ps2	
001b1a30	0043e980	136	float	72.39	near	25.52		dropped:ErrorPrintfx1;dropped:ErrorRaisex1;globals:5ppc/1ps2;unmapped-global:LightBlock;unmapped-global:LightList;gdims:_ZZN2YS11CLASS_BLOCKINS_5LIGHTELi16EE5allocEvEs_0;unmapped-global:_ZZN2YS11CLASS_BLOCKINS_5LIGHTELi16EE5allocEvEs_0;gdims:_ZZN2YS11CLASS_BLOCKINS_5LIGHTELi16EE5allocEvEs_2;unmapped-global:_ZZN2YS11CLASS_BLOCKINS_5LIGHTELi16EE5allocEvEs_2;static-unmapped	
001b1ab8	0043e064	156	loop	66.74	near	32.99		dropped:ErrorPrintfx3;dropped:ErrorRaisex3;gvote:LightList->01d44100;globals:8ppc/2ps2;gdims:_ZZN2YS11CLASS_BLOCKINS_5LIGHTELi16EE4freeEPS1_Es_0;unmapped-global:_ZZN2YS11CLASS_BLOCKINS_5LIGHTELi16EE4freeEPS1_Es_0;gdims:_ZZN2YS11CLASS_BLOCKINS_5LIGHTELi16EE4freeEPS1_Es_2;unmapped-global:_ZZN2YS11CLASS_BLOCKINS_5LIGHTELi16EE4freeEPS1_Es_2;gdims:LV_3;unmapped-global:LV_3;gdims:_ZZN2YS11CLASS_BLOCKINS_5LIGHTELi16EE4freeEPS1_Es_3;unmapped-global:_ZZN2YS11CLASS_BLOCKINS_5LIGHTELi16EE4freeEPS1_Es_3;gdims:_ZZN2YS5SLISTINS_5LIGHTELi0EE6unlinkEPS1_Es_0;unmapped-global:_ZZN2YS5SLISTINS_5LIGHTELi0EE6unlinkEPS1_Es_0;gdims:_ZZN2YS5SLISTINS_5LIGHTELi0EE6unlinkEPS1_Es_2;unmapped-global:_ZZN2YS5SLISTINS_5LIGHTELi0EE6unlinkEPS1_Es_2	
001b1ee8	004391a8	224	loop	89.86	near	51.26		stack-locals:1;synth-fields:1;positional:ReleaseImage->002fee78;unmapped-call:_sprintf;unmapped-call:CreateImage;dropped:ErrorRaisex1;dropped:ErrorPrintfx1;dropped:_sprintfx1;dropped:CreateImagex1;dropped:_printfx2;arity-pad:func_00102448;gvote:Phase->00350f18;gvote:CachePic->00350f1c;gvote:Task->01d48c44;globals:9ppc/6ps2;gdims:__LNst__ZN2YS7ITEMPIC15ReadImageThreadEP4TASK_0;gdims:__LNst__ZN2YS7ITEMPIC15ReadImageThreadEP4TASK_2;gdims:__LNst__ZN2YS7ITEMPIC15ReadImageThreadEP4TASK_4;unmapped-global:__LNst__ZN2YS7ITEMPIC15ReadImageThreadEP4TASK_4;unmapped-global:LS_22_LV_0;gdims:__LNst__ZN2YS7ITEMPIC15ReadImageThreadEP4TASK_6;unmapped-global:__LNst__ZN2YS7ITEMPIC15ReadImageThreadEP4TASK_6	
001b2170	004020d0	156	float	82.41	near	36.7		stack-locals:1;unmapped-call:operator_;dropped:operator_x0;arity-pad:func_00184540;fix-arg:func_00184540:1;variant:no_thispad	
001b2780	004c86e8	64	straight	83.75	near	35.56		this-pad:func_0017c4c8;this-pad:func_0016bd60	YS::ACTION|Flag|8|8|18
001b27f0	004c8778	112	float	52.23	near	67.25		stack-locals:1;simmap:prepare_flyjump->001b6dd0;this-pad:func_0017c030;this-pad:func_001b6dd0;this-pad:func_0017f488;fix-arg:func_001b6dd0:2	
001b2c48	004c97f0	176	float	86.00	near	37.4		simmap:CheckLand->001b2d10;positional:calc_movement->0017c870;unmapped-call:operator_;dropped:operator_x0;dropped:StatusPrintfx1;arity-pad:func_0017c870;globals:0ppc/2ps2	
001b2f38	004726f8	224	loop	87.36	near	42.0		dropped:ErrorPrintfx2;dropped:ErrorRaisex2;this-pad:func_00165870;gvote:OccGroup->01d48c90;globals:5ppc/1ps2;gdims:__LNst__ZN2YS6OBJOCC4initEPvb_1;unmapped-global:__LNst__ZN2YS6OBJOCC4initEPvb_1;gdims:__LNst__ZN2YS6OBJOCC4initEPvb_3;unmapped-global:__LNst__ZN2YS6OBJOCC4initEPvb_3;gdims:LS_40_LV_3;unmapped-global:LS_40_LV_3;gdims:__LNst__ZN2YS6OBJOCC4initEPvb_4;unmapped-global:__LNst__ZN2YS6OBJOCC4initEPvb_4;fix-assign-cast;fix-assign-cast	YS::OBJOCC|Data|0|0|c
001b3118	004728e0	236	loop	59.20	near	57.85		synth-fields:3;this-pad:func_0016b0e0;this-pad:func_00165830;fix-arg:func_00165830:2	
001b3208	004729e0	100	loop	83.85	near	25.97		dropped:ErrorPrintfx1;dropped:ErrorRaisex1;globals:2ppc/0ps2;gdims:__LNst__ZN2YS6OBJOCC7disableEi_0;unmapped-global:__LNst__ZN2YS6OBJOCC7disableEi_0;gdims:__LNst__ZN2YS6OBJOCC4initEPvb_3;unmapped-global:__LNst__ZN2YS6OBJOCC4initEPvb_3;fix-assign-cast;fix-assign-cast	
001b3330	00472c40	88	loop	90.91	near	34.23			
001b3388	00472cc8	160	loop	76.10	near	68.95		;fix-assign-cast;fix-assign-cast;fix-assign-cast	
001b3d00	0047b310	388	branchy	90.49	near	79.45		stack-locals:1;synth-fields:3;this-pad:func_0018cdd0;arity-pad:func_001b3e88;this-pad:func_0019ba60;this-pad:func_00186d48;this-pad:func_001883f8;this-pad:func_0016cce8;this-pad:func_00186148	YS::OBJ|Matrix|40|a0|20;YS::OBJ|Matrix|40|a8|28;YS::OBJ|ModelEffect|7b8|8d8|7f8;YS::OBJ|ModelEffect|7b8|8d8|7f8;YS::OBJ|Matrix|40|90|10;YS::OBJ|Matrix|40|90|10;YS::OBJ|ModelEffect|7b8|8d8|7f8;YS::OBJ|Dir|550|668|588;YS::OBJ|RecomFlagScript|414|528|484;YS::OBJ|RecomFlagScript|414|528|484;YS::OBJ|Matrix|40|90|10;YS::OBJ|Matrix|40|98|18;YS::OBJ|Matrix|40|a0|20;YS::OBJ|Matrix|40|a8|28
001b3e88	0047b1bc	252	branchy	85.24	near	14.41		synth-fields:1;this-pad:func_0016c028;this-pad:func_00198580;this-pad:func_001dc5f8	YS::OBJ|ModelEffect|7b8|8dc|7fc;YS::OBJ|ModelEffect|7b8|8dc|7fc
001b4198	0047aebc	360	float	90.01	near	85.65		arity-pad:func_00177860;this-pad:func_0019ba60;gvote:Player->0034e948;gvote:System->00352130	
001b4430	004408e0	384	float	68.21	near	40.04		stack-locals:1;synth-fields:1;dropped:ErrorPrintfx2;dropped:ErrorRaisex2;this-pad:func_0016cce8;this-pad:func_001b45b0;this-pad:func_00320400;this-pad:func_00179a68;this-pad:func_00187650;this-pad:func_00176d68;arity-pad:func_0019ba60;this-pad:func_001b5250;gvote:Limit->01d48cb0;globals:4ppc/2ps2;gdims:__LNst__ZN2YS5LIMIT5StartEiPNS_6PLAYERE_1;gdims:__LNst__ZN2YS5LIMIT19set_special_commandEi_4;unmapped-global:__LNst__ZN2YS5LIMIT19set_special_commandEi_4;gdims:__LNst__ZN2YS5LIMIT5StartEiPNS_6PLAYERE_0;unmapped-global:__LNst__ZN2YS5LIMIT5StartEiPNS_6PLAYERE_0	
001b47d8	004402b0	548	float	93.62	near	60.17		stack-locals:1;simmap:init->001d1678;simmap:is_change_idle->001d3f38;simmap:is_change_idle->001d3f38;positional:get_func_addr->001d1fa8;this-pad:func_001ddd10;this-pad:func_001d1f38;this-pad:func_001d1678;this-pad:func_001b5cb8;this-pad:func_001d3f38;this-pad:func_0016bd60;this-pad:func_001d1fa8;this-pad:func_0016cf00;arity-pad:func_001b4a00;this-pad:func_00320400;this-pad:func_001c8d80;globals:4ppc/3ps2;unmapped-global:Limit;raw-view:6;fix-assign-cast;fix-assign-cast;fix-arg:func_001b4a00:1;static-unmapped	YS::LIMIT|Friend|10|10|c;YS::LIMIT|Gauge|a8|d0|20;YS::LIMIT|Gauge|a8|d8|28
001b4a00	0043f884	584	float	92.65	near	68.14		stack-locals:1;positional:set_param->001d1698;this-pad:func_001d3f98;this-pad:func_00168b38;this-pad:func_001dddd0;this-pad:func_0016cbc8;arity-pad:func_001b4c48;this-pad:func_001d1a18;this-pad:func_001d4550;this-pad:func_001d2248;this-pad:func_001d20a8;this-pad:func_001d1da0;arity-pad:func_001b5708;globals:1ppc/3ps2;raw-view:2;fix-assign-cast;drop:YS::LIMIT.Player@0xc	YS::LIMIT|Gauge|a8|b8|28;YS::LIMIT|Gauge|a8|a8|18;YS::LIMIT|Gauge|a8|b0|20;YS::LIMIT|ComboCounter|68|a0|10;YS::LIMIT|Data|4|4|0;YS::LIMIT|MotionSet|8|8|4;YS::LIMIT|MotionSet|8|8|4;YS::LIMIT|MotionSet|8|8|4;YS::LIMIT|MotionSet|8|8|4;YS::LIMIT|MotionSet|8|8|4;YS::LIMIT|MotionSet|8|8|4;YS::LIMIT|Light|38|38|34;YS::LIMIT|Data|4|4|0;YS::LIMIT|ComboCounter|68|a0|10;YS::LIMIT|ComboCounter|68|a0|10;YS::LIMIT|Gauge|a8|a8|18;YS::LIMIT|Gauge|a8|b0|20;YS::LIMIT|Gauge|a8|b8|28
001b4c48	0043f690	196	straight	98.94	near	55.02		dropped:ErrorPrintfx2;dropped:ErrorRaisex2;this-pad:func_001491d8;globals:4ppc/0ps2;gdims:__LNst__ZN2YS5LIMIT9set_imageERNS_10IMAGE_DATAEPKc_0;unmapped-global:__LNst__ZN2YS5LIMIT9set_imageERNS_10IMAGE_DATAEPKc_0;gdims:__LNst__ZN2YS5LIMIT19set_special_commandEi_4;unmapped-global:__LNst__ZN2YS5LIMIT19set_special_commandEi_4;gdims:LS_101_LV_11;unmapped-global:LS_101_LV_11;gdims:__LNst__ZN2YS5LIMIT9set_imageERNS_10IMAGE_DATAEPKc_1;unmapped-global:__LNst__ZN2YS5LIMIT9set_imageERNS_10IMAGE_DATAEPKc_1	YS::LIMIT|Table|0|3|1;YS::LIMIT|Table|0|1|2;YS::LIMIT|MotionSet|8|8|4;YS::LIMIT|Table|0|0|4;YS::LIMIT|Data|4|4|0
001b4dd0	0043fbe8	364	float	97.14	near	81.84		simmap:_COMBOCOUNTER->001d2048;positional:update_score->0016c7d8;this-pad:func_0019ba60;this-pad:func_0016cab8;this-pad:func_001dde40;this-pad:func_00158900;this-pad:func_0016c7d8;this-pad:func_00320400;this-pad:func_001b5cb8;this-pad:func_001c8d98;this-pad:func_001d1ed0;this-pad:func_001d2048;this-pad:func_001ddd88;gvote:Limit->01d48cb0;globals:4ppc/5ps2;raw-view:2;fix-assign-cast;drop:YS::LIMIT.MotionSet@0x8	YS::LIMIT|Friend|10|10|c;YS::LIMIT|Friend|10|14|10;YS::LIMIT|Light|38|38|34;YS::LIMIT|Pax|18|1c|18;YS::LIMIT|Pax|18|1c|18;YS::LIMIT|Reference|3c|3c|38;YS::LIMIT|Data|4|4|0;YS::LIMIT|MotionSet|8|8|4;YS::LIMIT|Gauge|a8|ac|a8;YS::LIMIT|VoiceData|48|4c|48
001b50e0	00440610	368	float	89.03	near	33.38		stack-locals:2;this-pad:func_00320400;this-pad:func_001b5858;this-pad:func_001491d8;this-pad:func_00185278;this-pad:func_0016af58;this-pad:func_0016b010;this-pad:func_0016c028;this-pad:func_00196bf0;this-pad:func_00196e98;this-pad:func_00196f00;gdims:camera	
001b5250	0043fff0	428	float	52.33	near	43.97		positional:IsPause->001b4f40;arity-pad:func_001b55e8;arity-pad:func_001b5460;arity-pad:func_001b4dd0;arity-pad:func_001b0250;arity-pad:func_001b5588;arity-pad:func_001b5680;arity-pad:func_00177860;arity-pad:func_001d1da0;gvote:Flag->0034f240;fix-arity:func_001b0250;fix-voidret:func_001b0250;fix-arg:func_001d1da0:1;variant:no_thispad	YS::LIMIT|Voice|44|44|40
001b5460	0043fe68	296	loop	92.33	near	51.81		this-pad:func_00320400;this-pad:func_001b5cb8;this-pad:func_0016cab8;this-pad:func_001de450;this-pad:func_001d1c70;arity-pad:func_001b57f8;this-pad:func_001b5588;gvote:Limit->01d48cb0;globals:1ppc/3ps2	YS::LIMIT|Light|38|38|34;YS::LIMIT|Light|38|38|34;YS::LIMIT|Light|38|38|34;YS::LIMIT|Pax|18|1c|18;YS::LIMIT|Light|38|38|34;YS::LIMIT|Pax|18|1c|18;YS::LIMIT|Voice|44|44|40
001b55e8	0043f3f4	152	branchy	74.81	near	61.95		dropped:StatusPrintfx2;this-pad:func_001d1ca8;drop:YS::LIMIT.Player@0xc	YS::LIMIT|Data|4|4|0;YS::LIMIT|Pax|18|28|24
001b5708	0043f4e4	236	straight	80.28	near	30.97		dropped:ErrorPrintfx2;dropped:ErrorRaisex2;this-pad:func_001491d8;this-pad:func_001bdb70;globals:3ppc/1ps2;gdims:__LNst__ZN2YS5LIMIT19set_special_commandEi_2;gdims:__LNst__ZN2YS5LIMIT19set_special_commandEi_4;unmapped-global:__LNst__ZN2YS5LIMIT19set_special_commandEi_4;gdims:LS_98_LV_10;unmapped-global:LS_98_LV_10	YS::LIMIT|Voice|44|44|40;YS::LIMIT|Flag|40|40|3c;YS::LIMIT|Voice|44|44|40;YS::LIMIT|Flag|40|40|3c
001b5878	0043fb18	48	branchy	87.69	near	87.69		this-pad:func_001d1b28;drop:YS::LIMIT.Voice@0x44	YS::LIMIT|Gauge|a8|b8|b4
001b5af0	00440fb4	48	branchy	56.92	exact	100.0		gvote:Limit->01d48cb0	
001b5b20	00440ff0	320	float	81.75	near	78.46		this-pad:func_001c8db8;this-pad:func_00320400;this-pad:func_001a1de0;this-pad:func_0019ba60;this-pad:func_0017e280;gvote:CampMenu->00351ec0;globals:3ppc/1ps2;unmapped-global:Limit;unmapped-global:Config;static-unmapped	
001b5cf8	00418510	500	float	81.03	near	6.14		stack-locals:1;positional:operator_->001ad990;dropped:ErrorPrintfx2;dropped:ErrorRaisex2;arity-pad:func_0016a070;arity-pad:func_0016c028;arity-pad:func_0013fd10;arity-pad:func_001ba028;arity-pad:func_00102448;globals:3ppc/5ps2;gdims:__LNst__ZN2YS8CHANGEIN4execEP4TASK_3;gdims:LS_44_LV_5;fix-arg:func_0013fd10:1;variant:no_thispad	YS::CHANGEIN|Mode|0|0|3c
001b6070	00418bc4	108	branchy	95.56	near	38.39		this-pad:func_001a8b28;this-pad:func_001c8db8;gvote:CampMenu->00351ec0	
001b6298	004def08	436	branchy	54.72	near	46.91		dropped:ErrorPrintfx1;dropped:ErrorRaisex1;this-pad:func_00102670;this-pad:func_0019c090;this-pad:func_001c8d80;this-pad:func_00102818;this-pad:func_00102788;gvote:Current->00351184;gvote:TaskManager->00351214;gvote:CampMenu->00351ec0;globals:9ppc/6ps2;gdims:__LNst__ZN2YS10CHANGEFORMC1EPNS_4SORAEij_1;unmapped-global:__LNst__ZN2YS10CHANGEFORMC1EPNS_4SORAEij_1;gdims:__LNst__ZN2YS10CHANGEFORMC1EPNS_4SORAEij_3;unmapped-global:__LNst__ZN2YS10CHANGEFORMC1EPNS_4SORAEij_3;gdims:LS_62_LV_7;unmapped-global:LS_62_LV_7	YS::CHANGEFORM|Form|4|4|0;YS::CHANGEFORM|Flag|c|c|8;YS::CHANGEFORM|Sheet|14|14|c;YS::CHANGEFORM|Task|18|18|14;YS::CHANGEFORM|Task|18|18|14;YS::CHANGEFORM|Flag|c|c|8;YS::CHANGEFORM|EntryId|8|8|4;YS::CHANGEFORM|Flag|c|c|8;YS::CHANGEFORM|Form|4|4|0;YS::CHANGEFORM|Form|4|4|0;YS::CHANGEFORM|Light|10|10|c;YS::CHANGEFORM|Light|10|10|c;YS::CHANGEFORM|Light|10|10|4;YS::CHANGEFORM|Task|18|18|14
001b65e0	004df2a0	1136	float	63.14	compile	0.0	001b65e0.cpp:3541: cannot	stack-locals:1;synth-fields:3;positional:operator_->001b1c10;dropped:_printfx2;this-pad:func_001c8db8;this-pad:func_001c8d80;this-pad:func_001b1bb8;this-pad:func_00102470;this-pad:func_0019ec88;arity-pad:func_0019ecb0;this-pad:func_0019ba60;this-pad:func_00180618;this-pad:func_00158900;this-pad:func_0019ca20;this-pad:func_0016c028;this-pad:func_001d0980;this-pad:func_00189200;this-pad:func_001a1cc0;this-pad:func_001ba028;gdims:__LNst__ZN2YS10CHANGEFORMC1EPNS_4SORAEij_3;gdims:__LNst__ZN2YS10CHANGEFORM4execEP4TASK_1;gdims:__LNst__ZN2YS10CHANGEFORM4execEP4TASK_2;fix-arg:func_0019ecb0:1;fix-arg:func_0019ecb0:1;fix-arity:func_0019ecb0	
001b6dd0	004cc700	56	straight	99.29	near	55.93		arity-pad:func_0017c4c8	YS::OBJ|LookAt|4a0|5f0|514
001b6fb0	0043c3e0	132	branchy	77.70	near	43.15		dropped:ErrorPrintfx1;dropped:_printfx8;dropped:ErrorRaisex1;globals:8ppc/1ps2;gdims:__LNst__ZN2YS7LEVELUP3GetEii_0;unmapped-global:__LNst__ZN2YS7LEVELUP3GetEii_0;gdims:__LNst__ZN2YS7LEVELUP4INFO8add_itemEi_3;unmapped-global:__LNst__ZN2YS7LEVELUP4INFO8add_itemEi_3;gdims:LS_48_LV_4;unmapped-global:LS_48_LV_4;gdims:__LNst__ZN2YS7LEVELUP3GetEii_2;unmapped-global:__LNst__ZN2YS7LEVELUP3GetEii_2;gdims:__LNst__ZN2YS7LEVELUP3GetEii_3;unmapped-global:__LNst__ZN2YS7LEVELUP3GetEii_3;gdims:__LNst__ZN2YS7LEVELUP3GetEii_4;unmapped-global:__LNst__ZN2YS7LEVELUP3GetEii_4;gdims:__LNst__ZN2YS7LEVELUP3GetEii_5;unmapped-global:__LNst__ZN2YS7LEVELUP3GetEii_5	
001b70d0	0043c740	276	loop	34.57	near	0.0		this-pad:func_00188fe0;this-pad:func_00188bb0;gvote:SaveRam->0032bb30;gvote:Current->0032bae0	
001b71e8	0043c5bc	212	loop	76.49	near	79.84		this-pad:func_001b72c0;this-pad:func_001de168;this-pad:func_001a1460;gvote:SaveRam->0032bb30	
001b72c0	0043bf48	296	branchy	84.19	near	23.33		stack-locals:2;positional:ErrorPrintf->001b74b8;positional:ErrorRaise->001b7508;this-pad:func_001b7538;this-pad:func_001a9080;this-pad:func_001b75e8;globals:4ppc/0ps2;gdims:__LNst__ZN2YS7LEVELUP4INFO8add_itemEi_1;unmapped-global:__LNst__ZN2YS7LEVELUP4INFO8add_itemEi_1;gdims:__LNst__ZN2YS7LEVELUP4INFO8add_itemEi_3;unmapped-global:__LNst__ZN2YS7LEVELUP4INFO8add_itemEi_3;unmapped-global:LS_41_LV_2;unmapped-global:SaveRam;fix-arity:func_001a3188;static-unmapped	
001b78d0	00466450	132	loop	99.70	near	51.39		this-pad:func_0016bba8;this-pad:func_0018a818	
001b7998	004664f4	128	loop	96.97	near	78.83		this-pad:func_0018a550	
001b7c80	004667a4	364	float	92.64	compile	0.0	001b7c80.cpp:2303: pointer	this-pad:func_00144450;this-pad:func_001447c0;fix-assign-cast	
001b8520	0043d2e8	348	float	76.76	compile	0.0	001b8520.cpp:605: parse error	this-pad:func_0014aa80;this-pad:func_0014aa58;this-pad:func_00102470;globals:0ppc/2ps2	
001b8838	004beae0	288	branchy	55.38	compile	0.0	001b8838.cpp:790: `	synth-fields:4;byname:IsSecond->00181550;positional:Visit->001b8800;dropped:ErrorPrintfx4;dropped:_printfx6;dropped:ErrorRaisex4;globals:17ppc/1ps2;unmapped-global:WorldFlag;unmapped-global:_ZN2YS8ELEMDATAINS_9WORLDFLAGEE7CompareEPKvS4_;gdims:_ZZNK2YS7BITFLAGILj256EjE5checkEjEs_0;unmapped-global:_ZZNK2YS7BITFLAGILj256EjE5checkEjEs_0;gdims:_ZZNK2YS7BITFLAGILj256EjE5checkEjEs_2;unmapped-global:_ZZNK2YS7BITFLAGILj256EjE5checkEjEs_2;gdims:__LNst__ZN2YS9WORLDFLAG10CodeParserEPKNS_4CODEEPv_3;unmapped-global:__LNst__ZN2YS9WORLDFLAG10CodeParserEPKNS_4CODEEPv_3;gdims:__LNst__ZN2YS9WORLDFLAG3SetEi_1;unmapped-global:__LNst__ZN2YS9WORLDFLAG3SetEi_1;gdims:_ZZN2YS7BITFLAGILj256EjE3setEjEs_0;unmapped-global:_ZZN2YS7BITFLAGILj256EjE3setEjEs_0;gdims:_ZZN2YS7BITFLAGILj256EjE3setEjEs_2;unmapped-global:_ZZN2YS7BITFLAGILj256EjE3setEjEs_2;unmapped-global:LV_0;gdims:__LNst__ZN2YS9WORLDFLAG3GetEi_0;unmapped-global:__LNst__ZN2YS9WORLDFLAG3GetEi_0;unmapped-global:LS_65_LV_7;gdims:__LNst__ZN2YS9WORLDFLAG3SetEi_2;unmapped-global:__LNst__ZN2YS9WORLDFLAG3SetEi_2;gdims:__LNst__ZN2YS9WORLDFLAG3SetEi_3;unmapped-global:__LNst__ZN2YS9WORLDFLAG3SetEi_3;gdims:__LNst__ZN2YS9WORLDFLAG3SetEi_4;unmapped-global:__LNst__ZN2YS9WORLDFLAG3SetEi_4;gdims:__LNst__ZN2YS9WORLDFLAG3SetEi_5;unmapped-global:__LNst__ZN2YS9WORLDFLAG3SetEi_5;gdims:LS_70_LV_8;unmapped-global:LS_70_LV_8	
001b8d60	004be800	64	loop	82.31	near	58.05			
001b8e00	004bef78	120	branchy	99.77	near	35.98		byname:IsSecond->00181550;positional:Set->001b8958;dropped:ErrorPrintfx2;dropped:ErrorRaisex2;globals:7ppc/1ps2;gdims:table;unmapped-global:SaveRam;gdims:__LNst__ZN2YS9WORLDFLAG14ClearGumiStageEi_0;unmapped-global:__LNst__ZN2YS9WORLDFLAG14ClearGumiStageEi_0;gdims:__LNst__ZN2YS9WORLDFLAG10CodeParserEPKNS_4CODEEPv_3;unmapped-global:__LNst__ZN2YS9WORLDFLAG10CodeParserEPKNS_4CODEEPv_3;gdims:LS_75_LV_9;unmapped-global:LS_75_LV_9;gdims:_ZZNK2YS7BITFLAGILj256EjE5checkEjEs_0;unmapped-global:_ZZNK2YS7BITFLAGILj256EjE5checkEjEs_0;gdims:_ZZNK2YS7BITFLAGILj256EjE5checkEjEs_2;unmapped-global:_ZZNK2YS7BITFLAGILj256EjE5checkEjEs_2;fix-gtype:D_0036dbb0->anon_str_worldflag_cpp_312;static-unmapped	
001b8f10	0041b728	196	branchy	77.45	near	34.62		dropped:ErrorPrintfx2;dropped:ErrorRaisex2;this-pad:func_0019c218;this-pad:func_0019ba60;globals:3ppc/0ps2;gdims:__LNst__ZNK2YS12COMMAND_ELEM10can_decideEPNS_3OBJEPKNS_6TARGETE_1;unmapped-global:__LNst__ZNK2YS12COMMAND_ELEM10can_decideEPNS_3OBJEPKNS_6TARGETE_1;gdims:__LNst__ZNK2YS12COMMAND_ELEM10can_decideEPNS_3OBJEPKNS_6TARGETE_3;unmapped-global:__LNst__ZNK2YS12COMMAND_ELEM10can_decideEPNS_3OBJEPKNS_6TARGETE_3;unmapped-global:LS_38_LV_4	
001b8ff8	0041b938	176	branchy	67.43	near	43.41		this-pad:func_0019c090;gvote:Flag->0034f240	
001b90f0	0041b9dc	220	branchy	70.19	near	29.25		synth-fields:2;this-pad:func_0016a080	
001b92d0	0046d84c	40	straight	90.91	near	54.0		this-pad:func_001029e8;gvote:TaskManager->00351214	
001b92f8	0046d880	136	loop	97.88	near	7.53		this-pad:func_00102750;gvote:ObjList->01d48da0;gvote:TaskManager->00351214	
001b9380	0046d928	160	loop	85.53	near	50.33		gvote:ObjList->01d48da0	YS::OBJ|Press|870|994|8b4;YS::OBJ|Press|870|994|8b4;YS::OBJ|Press|870|994|8b4
001b9420	0046cdf8	592	float	97.21	near	47.84		synth-fields:1;positional:IsPause->00194010;unmapped-call:draw_collision;dropped:ErrorPrintfx1;dropped:draw_collisionx1;dropped:ErrorRaisex1;arity-pad:func_0019baa8;this-pad:func_001d7a88;arity-pad:func_0019c6f0;arity-pad:func_0019c470;this-pad:func_0017f620;this-pad:func_0011ea40;arity-pad:func_00183088;arity-pad:func_00194120;gvote:Flag->0034f240;gvote:MotionQueue->01d48db0;globals:6ppc/11ps2;gdims:__LNst__ZN2YS3OBJ8sys_execEv_1;gdims:__LNst__ZN2YS3OBJ8sys_execEv_3;gdims:LS_95_LV_13	YS::OBJ|ModelEffect|7b8|8d8|7f8;YS::OBJ|ModelEffect|7b8|8d8|7f8;YS::OBJ|ModelEffect|7b8|8d8|7f8;YS::OBJ|ModelEffect|7b8|8d8|7f8;YS::OBJ|ModelEffect|7b8|8d8|7f8;YS::OBJ|pVTable|0|40|670
001b99d0	0046cb14	340	loop	70.93	near	61.04		dropped:ErrorPrintfx2;dropped:ErrorRaisex2;arity-pad:func_001b9b28;arity-pad:func_001c0cd8;gvote:MotionQueue->01d48db0;globals:3ppc/1ps2;gdims:_ZZN2YS5SLISTINS_3OBJELi1EE6unlinkEPS1_Es_0;unmapped-global:_ZZN2YS5SLISTINS_3OBJELi1EE6unlinkEPS1_Es_0;gdims:_ZZN2YS5SLISTINS_3OBJELi1EE6unlinkEPS1_Es_2;unmapped-global:_ZZN2YS5SLISTINS_3OBJELi1EE6unlinkEPS1_Es_2	
001b9bc8	0046dac0	92	loop	96.87	near	96.87		arity-pad:func_0019baa8;gvote:ObjList->01d48da0	
001b9c90	0046e16c	172	branchy	85.20	near	67.49		synth-fields:2;dropped:ErrorPrintfx1;dropped:ErrorRaisex1;arity-pad:func_0016a040;globals:3ppc/1ps2;gdims:_ZZNK2YS7BITFLAGILj25EjE5checkEjEs_0;unmapped-global:_ZZNK2YS7BITFLAGILj25EjE5checkEjEs_0;gdims:_ZZNK2YS7BITFLAGILj25EjE5checkEjEs_2;unmapped-global:_ZZNK2YS7BITFLAGILj25EjE5checkEjEs_2	
001b9d40	0046e29c	112	branchy	89.29	near	72.86			
001b9db0	0046dcbc	312	loop	58.26	near	58.26		dropped:_printfx1;this-pad:func_00188120;arity-pad:func_001c0cd8;arity-pad:func_0016ae18;gvote:ObjList->01d48da0;gdims:__LNst__ZN2YS3OBJ8LeaveAllEi_0	
001ba028	0046e330	56	loop	90.57	near	52.0		gvote:ObjList->01d48da0	
001ba340	004383d0	200	branchy	75.42	near	24.61		stack-locals:1;unmapped-call:operator_;dropped:ErrorPrintfx1;dropped:operator_x0;dropped:ErrorRaisex1;this-pad:func_001de168;this-pad:func_0016bc20;this-pad:func_001dc5f8;this-pad:func_0016c028;this-pad:func_0018a818;this-pad:func_0019ba60;this-pad:func_0016a070;arity-pad:func_001ba598;globals:4ppc/0ps2;unmapped-global:s_frameTime;gdims:__LNst__ZN2YS11ITEM_EFFECT4execEv_1;unmapped-global:__LNst__ZN2YS11ITEM_EFFECT4execEv_1;gdims:__LNst__ZN2YS11ITEM_EFFECT4execEv_3;unmapped-global:__LNst__ZN2YS11ITEM_EFFECT4execEv_3;gdims:LS_47_LV_4;unmapped-global:LS_47_LV_4;fix-retype:COLLISION->YS::COLLISION;static-unmapped	
001baa58	0045238c	632	float	82.55	near	63.04		simmap:init->001d1678;simmap:init->001d1678;simmap:init->001d1678;simmap:init->001d1678;positional:_printf->00320400;positional:_sprintf->00320400;this-pad:func_001ddd10;arity-pad:func_001d1678;this-pad:func_001d1f38;this-pad:func_001d4c98;gvote:Lang->0033caf4;gdims:__LNst__ZN2YS7MISSIONC1EiPKc_0;gdims:__LNst__ZN2YS7MISSIONC1EiPKc_1	YS::MISSION|CameraStart|4c|50|8;YS::MISSION|CameraPrize|84|88|58;YS::MISSION|CameraStart|4c|64|74;YS::MISSION|CameraPrize|84|94|90;YS::MISSION|CameraPrize|84|98|94
001bacd0	00451418	264	branchy	89.29	near	51.68		dropped:ErrorPrintfx1;dropped:ErrorRaisex1;this-pad:func_00168b38;this-pad:func_001d5458;gvote:CurrentTable->01d49324;gvote:Flag->0034f240;globals:4ppc/3ps2;gdims:__LNst__ZN2YS7MISSION7prepareEv_1;gdims:__LNst__ZN2YS7MISSION7prepareEv_3;unmapped-global:__LNst__ZN2YS7MISSION7prepareEv_3	YS::MISSION|Pax|c|18|10
001bae38	004516f0	484	branchy	81.66	compile	0.0	001bae38.cpp:1006: `struct AREA	dropped:ErrorPrintfx1;dropped:_printfx4;dropped:ErrorRaisex1;this-pad:func_00168b38;this-pad:func_001dddd0;this-pad:func_001bc090;this-pad:func_001d5370;this-pad:func_001d5518;globals:9ppc/3ps2;gdims:__LNst__ZN2YS7MISSION8activateEv_0;unmapped-global:__LNst__ZN2YS7MISSION8activateEv_0;gdims:__LNst__ZN2YS7MISSION7prepareEv_3;unmapped-global:__LNst__ZN2YS7MISSION7prepareEv_3;gdims:LS_88_LV_8;unmapped-global:LS_88_LV_8;gdims:__LNst__ZN2YS7MISSION15ShowInformationEi_1;unmapped-global:__LNst__ZN2YS7MISSION15ShowInformationEi_1;gdims:__LNst__ZN2YS7MISSION15ShowInformationEi_2;unmapped-global:__LNst__ZN2YS7MISSION15ShowInformationEi_2;gdims:__LNst__ZN2YS7MISSION15ShowInformationEi_3;unmapped-global:__LNst__ZN2YS7MISSION15ShowInformationEi_3;fix-gderef:D_0032bae0;fix-gtype:D_0032bae0->AREA	
001bb090	00451c60	396	float	72.83	near	41.38		this-pad:func_001d21c0;this-pad:func_0019ba60;arity-pad:func_001d7f80;this-pad:func_001d5518;gvote:Flag->0034f240;globals:3ppc/2ps2;gdims:camera;unmapped-global:camera	YS::MISSION|Id|0|0|40
001bb2c8	00452050	368	float	86.59	near	37.74		positional:_strstr->001d5470;positional:start_count->001d8550;positional:start_timer->001d9028;unmapped-call:set;dropped:setx4;dropped:ErrorPrintfx1;dropped:ErrorRaisex1;this-pad:func_001d8b68;this-pad:func_001d8550;this-pad:func_001d9028;this-pad:func_0019ba60;arity-pad:func_001a1aa0;this-pad:func_001d93f0;this-pad:func_001d5370;this-pad:func_001d4dc0;this-pad:func_001d8248;gvote:Player->0034e948;globals:5ppc/2ps2;gdims:__LNst__ZN2YS7MISSION10CodeParserEPKNS_4CODEEPv_0;gdims:__LNst__ZN2YS7MISSION10CodeParserEPKNS_4CODEEPv_1;unmapped-global:__LNst__ZN2YS7MISSION10CodeParserEPKNS_4CODEEPv_1;gdims:__LNst__ZN2YS7MISSION7prepareEv_3;unmapped-global:__LNst__ZN2YS7MISSION7prepareEv_3;gdims:LS_111_LV_9;unmapped-global:LS_111_LV_9	
001bb4f0	00451ee4	316	branchy	91.75	near	62.15		arity-pad:func_001d4fd0;arity-pad:func_001d4ff0;arity-pad:func_001d5518;variant:no_thispad	
001bba30	00453024	88	branchy	49.32	near	81.73		arity-pad:func_001d5370;globals:1ppc/0ps2;unmapped-global:Current;static-unmapped	
001bbba8	00452ef8	136	branchy	72.41	near	44.52		stack-locals:1;simmap:GetJumper->00199098;positional:ErrorPrintf->001bb468;positional:ErrorRaise->001d5460;this-pad:func_001bc090;this-pad:func_001bb020;this-pad:func_00199098;this-pad:func_0019f070;gvote:CurrentTable->01d49324;globals:5ppc/1ps2;unmapped-global:Current;unmapped-global:__LNst__ZN2YS7MISSION4QuitEi_0;unmapped-global:__LNst__ZN2YS7MISSION7prepareEv_3;unmapped-global:LS_158_LV_15;fix-assign-cast;static-unmapped;variant:no_dims	
001bc130	00456780	88	branchy	70.86	near	5.41			
001bc2a8	0041d8ec	704	branchy	39.19	near	28.49		synth-fields:1;simmap:is_invalid->001b8ff8;positional:IsDisableMagic->001bf140;positional:is_disable_group->001bbec0;this-pad:func_001a1de0;this-pad:func_001c8db8;arity-pad:func_001b8ff8;arity-pad:func_001b91d0;this-pad:func_001bbec0;globals:2ppc/1ps2;unmapped-global:CampMenu;static-unmapped;variant:no_gvote	
001bc568	0041d748	284	branchy	70.00	near	69.91		synth-fields:2;arity-pad:func_001b8fd8;this-pad:func_001c8db8;this-pad:func_0019ba60;gvote:CampMenu->00351ec0;gvote:Flag->0034f240;globals:4ppc/5ps2	
001bc6a8	0041dc0c	84	straight	90.48	exact	100.0			
001bc780	0041c7c8	452	branchy	85.29	near	63.93		dropped:ErrorPrintfx1;dropped:ErrorRaisex1;this-pad:func_0019ba60;this-pad:func_001bd570;this-pad:func_001bc6a8;globals:3ppc/0ps2;gdims:__LNst__ZN2YS12COMMAND_MENU3addEiPKNS_6TARGETEi_1;unmapped-global:__LNst__ZN2YS12COMMAND_MENU3addEiPKNS_6TARGETEi_1;gdims:__LNst__ZN2YS12COMMAND_MENU3addEiPKNS_6TARGETEi_3;unmapped-global:__LNst__ZN2YS12COMMAND_MENU3addEiPKNS_6TARGETEi_3;gdims:LS_43_LV_1;unmapped-global:LS_43_LV_1	
001bc9e8	0041cbe0	576	branchy	50.81	near	25.5		arity-pad:func_001bcd08;arity-pad:func_001bcf38;arity-pad:func_001bcc28;arity-pad:func_001bce00;this-pad:func_001bd988;this-pad:func_001bd5b0;this-pad:func_001bd618;globals:0ppc/1ps2	
001bcc28	0041c6a4	220	loop	80.43	near	46.68		this-pad:func_001bd988	YS::COMMAND_MENU|Slot|c|12|0
001bcd08	0041c5b0	216	loop	11.93	near	11.93		this-pad:func_001bcf38;this-pad:func_001bd618	
001bce90	0041cfc0	136	loop	97.97	near	60.24		arity-pad:func_001bc780	YS::COMMAND_MENU|Slot|c|38|28
001bcf38	0041c534	72	branchy	56.83	near	38.48			
001bcf80	00480234	420	float	91.39	near	54.33		simmap:init->0019d4f8;this-pad:func_00190128;arity-pad:func_001bc720;this-pad:func_0019d4f8;globals:1ppc/2ps2	YS::PLAYER_COMMAND|Movement|a30|a3c|a40
001bd418	004808ec	208	branchy	89.30	near	33.95		dropped:ErrorPrintfx1;dropped:ErrorRaisex1;this-pad:func_001bc6a8;globals:3ppc/0ps2;gdims:__LNst__ZN2YS14PLAYER_COMMAND14force_overrideEiiRKNS_6TARGETEii_0;unmapped-global:__LNst__ZN2YS14PLAYER_COMMAND14force_overrideEiiRKNS_6TARGETEii_0;gdims:__LNst__ZN2YS14PLAYER_COMMAND5closeEb_3;unmapped-global:__LNst__ZN2YS14PLAYER_COMMAND5closeEb_3;gdims:LS_78_LV_7;unmapped-global:LS_78_LV_7	
001bd8c8	00481438	80	straight	54.80	near	53.54		this-pad:func_001b8f10;this-pad:func_0017bfa0	YS::COMMAND|Target|8|18|8
001bd988	004810cc	296	loop	57.34	near	30.05		positional:is_top_menu->001bcf18;dropped:ErrorPrintfx1;dropped:ErrorRaisex1;this-pad:func_001bcf18;this-pad:func_001bcf38;this-pad:func_001bc730;this-pad:func_001bc710;globals:2ppc/0ps2;gdims:__LNst__ZN2YS14PLAYER_COMMAND5closeEb_1;unmapped-global:__LNst__ZN2YS14PLAYER_COMMAND5closeEb_1;gdims:__LNst__ZN2YS14PLAYER_COMMAND5closeEb_3;unmapped-global:__LNst__ZN2YS14PLAYER_COMMAND5closeEb_3	YS::PLAYER_COMMAND|Flag|20|20|8c0
001bdd20	004812d4	44	branchy	94.55	near	99.91			
001bdd50	00480cc0	260	float	91.88	near	33.56		this-pad:func_0016bda8;this-pad:func_0017cf00;globals:0ppc/5ps2	YS::PLAYER_COMMAND|Menu|24|44|3c;YS::PLAYER_COMMAND|Menu|24|40|38;YS::PLAYER_COMMAND|Menu|24|38|30;YS::PLAYER_COMMAND|Menu|24|44|3c;YS::PLAYER_COMMAND|Menu|24|40|38
001be060	0042bfd4	260	branchy	73.41	near	50.13		this-pad:func_001d48e8;arity-pad:func_001be410;this-pad:func_001bc9e8;this-pad:func_001bdcd0;this-pad:func_001bc730;this-pad:func_001bd618;this-pad:func_001bd5b0	
001be410	0042bc04	160	branchy	99.12	near	84.0		this-pad:func_001bd590;this-pad:func_001bdb10;this-pad:func_001bc720;globals:1ppc/0ps2;unmapped-global:0x800000;static-unmapped;drop:YS::FIELD_COMMAND.TargetList@0xa5c	YS::FIELD_COMMAND|DisableGroup|ab0|ab0|aa4;YS::FIELD_COMMAND|DisableGroup|ab0|ab0|aa4
001be4e0	0042bcd8	92	straight	64.07	near	41.79		this-pad:func_001bc730;this-pad:func_001bd618;this-pad:func_001bd5b0	YS::FIELD_COMMAND|DisableGroup|ab0|ab0|aa4
001be5f0	0042aae8	392	branchy	55.58	near	11.53		synth-fields:1;positional:ErrorPrintf->001bf0c8;positional:ErrorRaise->001bdfe0;this-pad:func_001bd590;this-pad:func_001bc778;this-pad:func_001bd570;this-pad:func_001bc780;this-pad:func_00177870;this-pad:func_001be540;this-pad:func_001bdd20;this-pad:func_0017a538;globals:6ppc/0ps2;gdims:__LNst__ZN2YS13FIELD_COMMAND17make_top_overrideEPNS_12COMMAND_MENUE_1;unmapped-global:__LNst__ZN2YS13FIELD_COMMAND17make_top_overrideEPNS_12COMMAND_MENUE_1;gdims:__LNst__ZN2YS13FIELD_COMMAND17make_top_overrideEPNS_12COMMAND_MENUE_3;unmapped-global:__LNst__ZN2YS13FIELD_COMMAND17make_top_overrideEPNS_12COMMAND_MENUE_3;gdims:LS_65_LV_6;unmapped-global:LS_65_LV_6;unmapped-global:Current;unmapped-global:0x7fe724;unmapped-global:Config;static-unmapped	
001be778	0042aff0	276	branchy	76.33	near	40.34		positional:CanChangeFriend->001be540;dropped:ErrorPrintfx1;dropped:ErrorRaisex1;this-pad:func_001bd590;this-pad:func_001bc778;this-pad:func_001bd570;this-pad:func_001bc780;this-pad:func_00177870;arity-pad:func_001bf010;globals:5ppc/0ps2;unmapped-global:Current;unmapped-global:Config;gdims:__LNst__ZN2YS13FIELD_COMMAND17make_top_overrideEPNS_12COMMAND_MENUE_1;unmapped-global:__LNst__ZN2YS13FIELD_COMMAND17make_top_overrideEPNS_12COMMAND_MENUE_1;gdims:__LNst__ZN2YS13FIELD_COMMAND17make_top_overrideEPNS_12COMMAND_MENUE_3;unmapped-global:__LNst__ZN2YS13FIELD_COMMAND17make_top_overrideEPNS_12COMMAND_MENUE_3;gdims:LS_65_LV_6;unmapped-global:LS_65_LV_6;static-unmapped	
001be9a0	0042b358	348	loop	80.38	near	70.18		this-pad:func_001bc778;this-pad:func_00177850;this-pad:func_001bc780;this-pad:func_001bce00	
001beb00	0042b538	356	loop	95.19	near	96.16		this-pad:func_001bc778;this-pad:func_001c8db8;this-pad:func_001bc780;gvote:CampMenu->00351ec0	
001bec68	0042bdf8	200	loop	91.58	near	47.11		simmap:GetTargetCommand->001b77e8;unmapped-call:make_item;unmapped-call:MakeList;unmapped-call:make_by_table;dropped:MakeListx1;dropped:make_by_tablex1;dropped:make_itemx1;arity-pad:func_001bc778;this-pad:func_0019ba60;this-pad:func_0016a070;arity-pad:func_001bc780;arity-pad:func_001bee78;arity-pad:func_001be540;arity-pad:func_001beb00;this-pad:func_001b9d40;arity-pad:func_001be5f0;arity-pad:func_001be778;arity-pad:func_001be9a0	YS::PLAYER_COMMAND|Menu|24|668|588;YS::PLAYER_COMMAND|Menu|24|530|48c;YS::FIELD_COMMAND|ChangeinTarget|a68|a68|a5c;YS::PLAYER_COMMAND|Menu|24|30|28
001bed48	0042b6b0	304	loop	83.09	near	79.88		this-pad:func_001bc778;this-pad:func_00177850;this-pad:func_001bc780;gvote:SaveRam->0032bb30	YS::PLAYER_COMMAND|Menu|24|30|20;YS::PLAYER_COMMAND|Flag|20|20|10;YS::PLAYER_COMMAND|Menu|24|28|18;YS::PLAYER_COMMAND|Menu|24|48|38;YS::PLAYER_COMMAND|Menu|24|50|40;YS::COMMAND|Target|8|10|0;YS::COMMAND|Target|8|18|8;YS::PLAYER_COMMAND|Menu|24|58|48;YS::PLAYER_COMMAND|Menu|24|34|0;YS::COMMAND|Target|8|10|0;YS::COMMAND|Target|8|18|8;YS::PLAYER_COMMAND|Flag|20|20|10;YS::PLAYER_COMMAND|Menu|24|28|18;YS::PLAYER_COMMAND|Menu|24|30|20;YS::PLAYER_COMMAND|Menu|24|38|28;YS::PLAYER_COMMAND|Menu|24|40|30;YS::PLAYER_COMMAND|Menu|24|48|38;YS::PLAYER_COMMAND|Menu|24|50|40;YS::PLAYER_COMMAND|Menu|24|58|48
001bee78	0042b810	304	loop	98.07	near	98.07		this-pad:func_001bc778;this-pad:func_001a8c10;this-pad:func_0019ba60;this-pad:func_00190878;this-pad:func_001bc780;this-pad:func_0017e358	
001bf010	0042ae98	180	loop	75.62	near	66.59		stack-locals:1;dropped:ErrorPrintfx1;dropped:ErrorRaisex1;this-pad:func_0019ba60;this-pad:func_00190878;this-pad:func_001bc778;this-pad:func_001bc780;globals:3ppc/0ps2;gdims:__LNst__ZN2YS13FIELD_COMMAND15make_genie_formEv_0;unmapped-global:__LNst__ZN2YS13FIELD_COMMAND15make_genie_formEv_0;gdims:__LNst__ZN2YS13FIELD_COMMAND17make_top_overrideEPNS_12COMMAND_MENUE_3;unmapped-global:__LNst__ZN2YS13FIELD_COMMAND17make_top_overrideEPNS_12COMMAND_MENUE_3;gdims:LS_71_LV_7;unmapped-global:LS_71_LV_7	YS::PLAYER_COMMAND|Menu|24|a8|18;YS::PLAYER_COMMAND|Menu|24|b0|20;YS::PLAYER_COMMAND|Menu|24|a0|10;YS::PLAYER_COMMAND|Menu|24|c8|30
001bf270	0048baf0	264	float	98.53	near	44.45		synth-fields:2;this-pad:func_0016bd60;gvote:Random->003638d0;globals:1ppc/5ps2	YS::OBJ|Scale|30|7c|3c;YS::OBJ|ShadowDepth|9a8|ac0|9e0;YS::OBJ|DisableCommandTime|9b0|ac8|9e4;YS::OBJ|Shadow|9ac|ac4|9e8
001bf6a8	0048bcc4	104	loop	99.23	near	51.57			
001bfc28	0048bdac	120	loop	91.25	near	51.13		arity-pad:func_001bf378;gvote:Player->0034e948;fix-assign-cast	
001bfcc8	0048be20	152	float	90.42	near	80.19		stack-locals:2;this-pad:func_0016bda8	
001bfda0	00474d20	488	float	38.30	near	38.3		positional:exec->001ad9c8;this-pad:func_001ad9c8	
001bff88	0040a414	80	loop	75.30	near	18.81		synth-fields:8;dropped:_printfx4;gvote:CheckList->01d49350;globals:8ppc/4ps2;gdims:__LNst__ZN2YS12ATTACK_CHECK19hit_interval_attackEPNS_6ATTACKEPKNS_11ATTACKPARAME_3;unmapped-global:__LNst__ZN2YS12ATTACK_CHECK19hit_interval_attackEPNS_6ATTACKEPKNS_11ATTACKPARAME_3;gdims:__LNst__ZN2YS12ATTACK_CHECK4InitEv_1;unmapped-global:__LNst__ZN2YS12ATTACK_CHECK4InitEv_1;gdims:__LNst__ZN2YS12ATTACK_CHECK4InitEv_2;unmapped-global:__LNst__ZN2YS12ATTACK_CHECK4InitEv_2;gdims:__LNst__ZN2YS12ATTACK_CHECK4InitEv_3;unmapped-global:__LNst__ZN2YS12ATTACK_CHECK4InitEv_3	
001bffd8	0040a4e4	124	loop	98.06	near	13.38		synth-fields:3;dropped:ErrorPrintfx5;dropped:ErrorRaisex3;globals:7ppc/2ps2;gdims:_ZZNK2YS7BITFLAGILj256EjE5checkEjEs_0;unmapped-global:_ZZNK2YS7BITFLAGILj256EjE5checkEjEs_0;gdims:_ZZNK2YS7BITFLAGILj256EjE5checkEjEs_2;unmapped-global:_ZZNK2YS7BITFLAGILj256EjE5checkEjEs_2;gdims:_ZZN2YS7BITFLAGILj256EjE3setEjEs_0;unmapped-global:_ZZN2YS7BITFLAGILj256EjE3setEjEs_0;gdims:_ZZN2YS7BITFLAGILj256EjE3setEjEs_2;unmapped-global:_ZZN2YS7BITFLAGILj256EjE3setEjEs_2;unmapped-global:LV_0	
001c0150	00409d5c	140	loop	92.66	near	0.0		synth-fields:7;gvote:CheckList->01d49350	
001c0298	0040a078	132	float	45.80	near	36.2		dropped:ErrorPrintfx1;dropped:ErrorRaisex1;globals:2ppc/0ps2;gdims:_ZZNK2YS7BITFLAGILj256EjE5checkEjEs_0;unmapped-global:_ZZNK2YS7BITFLAGILj256EjE5checkEjEs_0;gdims:_ZZNK2YS7BITFLAGILj256EjE5checkEjEs_2;unmapped-global:_ZZNK2YS7BITFLAGILj256EjE5checkEjEs_2	YS::ATTACK_CHECK|Flag|4|1c|4
001c0320	0040a1c8	236	float	89.27	near	50.31		simmap:get_combo_param->0019fee8;simmap:hit_interval_attack->001c0410;dropped:ErrorPrintfx1;dropped:ErrorRaisex1;arity-pad:func_001c0298;this-pad:func_0019fee8;arity-pad:func_001c0410;globals:3ppc/1ps2;gdims:_ZZN2YS7BITFLAGILj256EjE3setEjEs_0;gdims:_ZZN2YS7BITFLAGILj256EjE3setEjEs_2;unmapped-global:_ZZN2YS7BITFLAGILj256EjE3setEjEs_2;unmapped-global:LV_0	YS::ATTACK_CHECK|ComboGroup|24|3c|28;YS::ATTACK_CHECK|ComboGroup|24|3c|24;YS::ATTACK_CHECK|StarTime|2c|44|2c
001c0410	00409c38	68	float	75.88	near	23.93		synth-fields:1;dropped:ErrorPrintfx1;dropped:ErrorRaisex1;globals:4ppc/0ps2;unmapped-global:param;gdims:__LNst__ZN2YS12ATTACK_CHECK19hit_interval_attackEPNS_6ATTACKEPKNS_11ATTACKPARAME_1;unmapped-global:__LNst__ZN2YS12ATTACK_CHECK19hit_interval_attackEPNS_6ATTACKEPKNS_11ATTACKPARAME_1;gdims:__LNst__ZN2YS12ATTACK_CHECK19hit_interval_attackEPNS_6ATTACKEPKNS_11ATTACKPARAME_3;unmapped-global:__LNst__ZN2YS12ATTACK_CHECK19hit_interval_attackEPNS_6ATTACKEPKNS_11ATTACKPARAME_3;gdims:LS_41_LV_5;unmapped-global:LS_41_LV_5;static-unmapped	
001c0490	00409a80	204	float	88.94	near	7.42		dropped:ErrorPrintfx1;dropped:ErrorRaisex1;this-pad:func_00186ce8;globals:3ppc/1ps2;gdims:_ZZN2YS7BITFLAGILj256EjE5resetEjEs_0;unmapped-global:_ZZN2YS7BITFLAGILj256EjE5resetEjEs_0;gdims:_ZZN2YS7BITFLAGILj256EjE5resetEjEs_2;unmapped-global:_ZZN2YS7BITFLAGILj256EjE5resetEjEs_2	YS::ATTACK_CHECK|IntervalDamage|30|48|8
001c0560	0040a840	80	loop	96.40	near	28.7		simmap:exec->001c0490;this-pad:func_001c0490;gvote:CheckList->01d49350	
001c0690	004dd010	508	loop	77.64	near	66.49		simmap:add_mp->001a1a20;dropped:ErrorPrintfx2;dropped:ErrorRaisex2;this-pad:func_001b74b8;this-pad:func_001a1950;this-pad:func_001a1a20;this-pad:func_001a1aa0;this-pad:func_00188958;this-pad:func_001b7508;this-pad:func_001b7538;this-pad:func_001b7658;globals:5ppc/2ps2;gdims:__LNst__ZNK2YS10BONUSLEVEL2upEPNS_5SHEETE_1;gdims:__LNst__ZNK2YS10BONUSLEVEL2upEPNS_5SHEETE_3;unmapped-global:__LNst__ZNK2YS10BONUSLEVEL2upEPNS_5SHEETE_3;gdims:LS_38_LV_3;unmapped-global:LS_38_LV_3;gdims:__LNst__ZNK2YS10BONUSLEVEL2upEPNS_5SHEETE_4;unmapped-global:__LNst__ZNK2YS10BONUSLEVEL2upEPNS_5SHEETE_4	YS::BONUSLEVEL|Drive|4|4|184;YS::BONUSLEVEL|Drive|4|4|184
001c0890	004dd4f8	300	loop	75.49	near	48.34		dropped:ErrorPrintfx4;dropped:_printfx4;dropped:ErrorRaisex4;arity-pad:func_001c0690;gvote:SaveRam->0032bb30;globals:14ppc/2ps2;gdims:__LNst__ZN2YS10BONUSLEVEL2UpEi_0;unmapped-global:__LNst__ZN2YS10BONUSLEVEL2UpEi_0;gdims:__LNst__ZNK2YS10BONUSLEVEL2upEPNS_5SHEETE_3;unmapped-global:__LNst__ZNK2YS10BONUSLEVEL2upEPNS_5SHEETE_3;unmapped-global:LS_54_LV_5;gdims:_ZZNK2YS7BITFLAGILj256EjE5checkEjEs_0;unmapped-global:_ZZNK2YS7BITFLAGILj256EjE5checkEjEs_0;gdims:_ZZNK2YS7BITFLAGILj256EjE5checkEjEs_2;unmapped-global:_ZZNK2YS7BITFLAGILj256EjE5checkEjEs_2;gdims:_ZZN2YS7BITFLAGILj256EjE3setEjEs_0;unmapped-global:_ZZN2YS7BITFLAGILj256EjE3setEjEs_0;gdims:_ZZN2YS7BITFLAGILj256EjE3setEjEs_2;unmapped-global:_ZZN2YS7BITFLAGILj256EjE3setEjEs_2;unmapped-global:LV_0;gdims:__LNst__ZN2YS10BONUSLEVEL2UpEi_5;unmapped-global:__LNst__ZN2YS10BONUSLEVEL2UpEi_5;gdims:__LNst__ZN2YS10BONUSLEVEL2UpEi_2;unmapped-global:__LNst__ZN2YS10BONUSLEVEL2UpEi_2;gdims:__LNst__ZN2YS10BONUSLEVEL2UpEi_3;unmapped-global:__LNst__ZN2YS10BONUSLEVEL2UpEi_3;gdims:__LNst__ZN2YS10BONUSLEVEL2UpEi_4;unmapped-global:__LNst__ZN2YS10BONUSLEVEL2UpEi_4	
001c1060	00463590	88	loop	95.22	near	33.64		dropped:ErrorPrintfx1;dropped:ErrorRaisex1;arity-pad:func_001c0e60;globals:3ppc/0ps2;gdims:__LNst__ZN2YS3OBJ9is_attachEv_1;unmapped-global:__LNst__ZN2YS3OBJ9is_attachEv_1;gdims:__LNst__ZN2YS3OBJ9is_attachEv_3;unmapped-global:__LNst__ZN2YS3OBJ9is_attachEv_3;gdims:LS_55_LV_5;unmapped-global:LS_55_LV_5	
001c1130	004976d0	120	loop	55.17	near	17.9		dropped:ErrorPrintfx1;dropped:ErrorRaisex1;globals:4ppc/1ps2;gdims:Pause;gdims:__LNst__ZN2YS8SELECTOR12SetPauseModeEi_0;unmapped-global:__LNst__ZN2YS8SELECTOR12SetPauseModeEi_0;gdims:__LNst__ZN2YS8SELECTOR3GetEi_3;unmapped-global:__LNst__ZN2YS8SELECTOR3GetEi_3;unmapped-global:LS_23_LV_3	
001c1308	00448924	156	branchy	84.00	near	13.26		synth-fields:8;positional:SIZEBLOCK->001db710;dropped:ErrorPrintfx1;dropped:ErrorRaisex1;this-pad:func_001db710;globals:2ppc/0ps2;unmapped-global:__LNst__ZN2YS10MASSEFFECT7MANAGERC1EPN3ryj6EFFECTEijj_1;gdims:__LNst__ZN2YS10MASSEFFECT7MANAGERC1EPN3ryj6EFFECTEijj_3;unmapped-global:__LNst__ZN2YS10MASSEFFECT7MANAGERC1EPN3ryj6EFFECTEijj_3	
001c13e8	00448a68	60	straight	81.87	near	81.87		synth-fields:2;this-pad:func_001dc920;this-pad:func_001a28b8	
001c1428	00448ab8	180	loop	84.27	near	49.05		stack-locals:1;synth-fields:10;simmap:exec->001c18d0;simmap:make_reference->001c1a30;positional:set_reference_pos->001c16a0;this-pad:func_001c18d0;this-pad:func_001c1a30;this-pad:func_001c1890;this-pad:func_001c16a0	
001c1808	00448420	136	loop	86.47	near	22.61		positional:free->001db8b8;dropped:ErrorPrintfx1;dropped:ErrorRaisex1;this-pad:func_001db8b8;globals:2ppc/0ps2;gdims:_ZZN2YS5SLISTINS_10MASSEFFECTELi0EE6unlinkEPS1_Es_0;unmapped-global:_ZZN2YS5SLISTINS_10MASSEFFECTELi0EE6unlinkEPS1_Es_0;gdims:_ZZN2YS5SLISTINS_10MASSEFFECTELi0EE6unlinkEPS1_Es_2;unmapped-global:_ZZN2YS5SLISTINS_10MASSEFFECTELi0EE6unlinkEPS1_Es_2	
001c18d0	00448630	104	branchy	93.70	near	57.67			
001c1a30	0044885c	216	float	64.63	near	0.0			
001c20e8	0047a65c	480	loop	56.31	near	28.37		arity-pad:func_0019c090;globals:1ppc/2ps2	
001c2490	00448f60	232	float	98.90	near	70.27		synth-fields:1;positional:__ZN2YS6STDOBJC2EPKNS_8OBJENTRYEjRKN2kn7FVectorEf->001980d0;positional:set_draw_first->001dcc00;this-pad:func_001de168;this-pad:func_001dcc00;this-pad:func_001c1268;globals:1ppc/2ps2	
001c2c00	004354d0	148	float	92.84	near	63.98		this-pad:func_001dc978;globals:2ppc/3ps2	
001c2d88	00481dd0	304	loop	88.14	near	83.74		this-pad:func_00188fe0;this-pad:func_00188958;this-pad:func_00189200;this-pad:func_001891b8	YS::PLAYERPARAM|Item|c|c|0
001c2eb8	00481fd8	216	loop	82.98	near	63.18		dropped:ErrorPrintfx1;dropped:ErrorRaisex1;arity-pad:func_0016f610;globals:4ppc/1ps2;unmapped-global:PlayerParam;gdims:__LNst__ZN2YS11PLAYERPARAM5ApplyEi_1;unmapped-global:__LNst__ZN2YS11PLAYERPARAM5ApplyEi_1;gdims:__LNst__ZN2YS11PLAYERPARAM5ApplyEi_3;unmapped-global:__LNst__ZN2YS11PLAYERPARAM5ApplyEi_3;static-unmapped	
001c2f90	004c5238	208	float	82.66	near	23.83		synth-fields:11;globals:0ppc/1ps2	YS::ABILITY|Combo|2c|44|2c;YS::ABILITY|ExpChance|2f|47|2f;YS::ABILITY|ThunderUp|48|60|48;YS::ABILITY|MpDriveSpeed|38|50|38;YS::ABILITY|DriveBoost|3c|54|3c;YS::ABILITY|FormBoost|40|58|40;YS::ABILITY|Defender|30|48|30;YS::ABILITY|FireUp|44|5c|44;YS::ABILITY|BlizzardUp|46|5e|46;YS::ABILITY|DamageDrive|54|6c|54;YS::ABILITY|DamageAspil|58|70|58;YS::ABILITY|HyperHeal|5c|74|5c;YS::ABILITY|CombiBoost|60|78|60;YS::ABILITY|PrizeUp|64|7c|64;YS::ABILITY|LuckUp|68|80|68;YS::ABILITY|ComboDamageUp|4a|62|4a;YS::ABILITY|AirComboDamageUp|4c|64|4c;YS::ABILITY|RcDamageUp|4e|66|4e;YS::ABILITY|ItemUp|50|68|50;YS::ABILITY|SummonBoost|6c|84|6c;YS::ABILITY|DriveBerserk|52|6a|52
001c3060	004c5818	240	loop	85.78	near	66.97		positional:set_level->001a80c8;arity-pad:func_001c3150;arity-pad:func_001a80c8	YS::ABILITY|Sheet|28|40|28;YS::ABILITY|DriveBoost|3c|54|4;YS::ABILITY|DriveBoost|3c|54|4
001c3150	004c5310	1100	float	90.59	near	50.76		dropped:ErrorPrintfx2;dropped:ErrorRaisex2;gvote:System->00352130;globals:7ppc/3ps2;gdims:__LNst__ZN2YS7ABILITY8set_itemEi_1;gdims:__LNst__ZN2YS7ABILITY8set_itemEi_3;gdims:LS_39_LV_2;unmapped-global:LS_39_LV_2;gdims:_ZZN2YS7BITFLAGILj256EjE3setEjEs_0;unmapped-global:_ZZN2YS7BITFLAGILj256EjE3setEjEs_0;gdims:_ZZN2YS7BITFLAGILj256EjE3setEjEs_2;unmapped-global:_ZZN2YS7BITFLAGILj256EjE3setEjEs_2;unmapped-global:LV_0	YS::ABILITY|Flag|0|18|0;YS::ABILITY|Flag|0|18|0
001c35a0	004c50b0	116	loop	71.52	near	71.09		synth-fields:1	YS::ABILITY|Flag|0|18|0
001c38c0	004c71a0	180	float	96.39	near	46.86		this-pad:func_0017f488;this-pad:func_0017f5e0;globals:1ppc/2ps2	
001c39d0	004cd858	208	float	64.08	near	54.23		synth-fields:2;arity-pad:func_00184a90;arity-pad:func_0016c028;arity-pad:func_0017f488;globals:0ppc/1ps2;variant:no_thispad	
001c3cd8	004cce44	32	float	98.75	near	11.88		unmapped-call:end;dropped:endx1	
001c4188	004e3418	280	float	50.47	near	8.47		globals:2ppc/3ps2;gdims:DeadRequest	
001c4520	004e3930	900	float	37.12	near	23.42		stack-locals:1;simmap:Search->001dba18;simmap:CROWDEFFECT->001dbc58;positional:__ZN2YS8CROWDOBJC2EPKNS_8OBJENTRYEii->001c4498;positional:alloc->001db888;this-pad:func_001db888;this-pad:func_001dbc58;gvote:IsDeadCrowd->0035160c;gvote:Random->003638d0;globals:6ppc/17ps2;gdims:Offset	
001c7048	0048ce38	156	float	58.27	compile	0.0	001c7048.cpp:2149: `BADTYPE'	synth-fields:1;positional:operator_->001c1748;globals:3ppc/1ps2;unmapped-global:0x79aa88;unmapped-global:s_frameTime	
001c70e8	0048d93c	96	float	43.75	compile	0.0	001c70e8.cpp:292: `INSERT'	globals:1ppc/4ps2	
001c73e0	0048d988	60	float	55.20	near	99.87		positional:phase_land->001c7440;this-pad:func_001c71f8;this-pad:func_001c7440;globals:0ppc/1ps2	
001c7950	0048d754	76	float	66.05	near	25.11		synth-fields:1	YS::MASSEFFECT|Pos|0|0|4
001c7ca8	00486c98	228	float	72.29	near	71.14		this-pad:func_00191b70;this-pad:func_001cc128;gvote:PrizeMu->00351d98;gvote:0x727414->0036dfe0;globals:2ppc/3ps2	
001c81d0	0047a344	192	loop	94.24	near	0.0		dropped:ErrorPrintfx1;dropped:ErrorRaisex1;globals:3ppc/5ps2;gdims:_ZZN2YS5SLISTINS_4PATHELi0EE6unlinkEPS1_Es_0;gdims:_ZZN2YS5SLISTINS_4PATHELi0EE6unlinkEPS1_Es_2	
001c8788	004a44b4	176	branchy	70.13	near	35.34		synth-fields:3;dropped:ErrorPrintfx2;dropped:ErrorRaisex2;globals:6ppc/1ps2;gdims:_ZZNK2YS7BITFLAGILj32EjE5checkEjEs_0;unmapped-global:_ZZNK2YS7BITFLAGILj32EjE5checkEjEs_0;gdims:_ZZNK2YS7BITFLAGILj32EjE5checkEjEs_2;unmapped-global:_ZZNK2YS7BITFLAGILj32EjE5checkEjEs_2;gdims:_ZZN2YS7BITFLAGILj32EjE3setEjEs_0;unmapped-global:_ZZN2YS7BITFLAGILj32EjE3setEjEs_0;gdims:_ZZN2YS7BITFLAGILj32EjE3setEjEs_2;unmapped-global:_ZZN2YS7BITFLAGILj32EjE3setEjEs_2;unmapped-global:LV_1	
001c88a8	004a4f74	156	float	89.80	near	79.2		this-pad:func_001c7fb8;this-pad:func_00188120;globals:2ppc/3ps2;gdims:Summon	
001c89a8	004a4a90	196	loop	90.31	near	85.76		dropped:StatusPrintfx1;this-pad:func_0019ba60;this-pad:func_001880b0;this-pad:func_00102448;globals:1ppc/2ps2;gdims:Summon	
001c8a90	004a4c50	28	straight	41.29	near	69.71		gdims:Summon	
001c8b48	004a50b8	92	branchy	87.00	near	23.96		gvote:SaveRam->0032bb30;globals:2ppc/1ps2;unmapped-global:SummonMode;static-unmapped	
001c8ec0	00422eb0	168	loop	65.24	compile	0.0	001c8ec0.cpp:145: `	dropped:ErrorPrintfx1;dropped:ErrorRaisex1;globals:5ppc/2ps2;gdims:__LNst__ZN2YS8DARKNESS3SetEi_1;unmapped-global:__LNst__ZN2YS8DARKNESS3SetEi_1;gdims:__LNst__ZN2YS8DARKNESS3SetEi_3;unmapped-global:__LNst__ZN2YS8DARKNESS3SetEi_3;unmapped-global:LS_40_LV_2	
001c9080	004c98f8	64	straight	83.75	near	35.56		this-pad:func_0017c4c8;this-pad:func_0016bd60	YS::ACTION|Flag|8|8|18
001c96c8	004d2328	164	float	67.44	near	59.69		stack-locals:1;synth-fields:1;this-pad:func_0017c030;this-pad:func_0017c4c8;this-pad:func_0017f488;fix-arg:func_0017c4c8:2;fix-arg:func_0017c4c8:2	
001c97b0	004943c8	176	float	66.71	near	52.16		dropped:ErrorPrintfx1;dropped:ErrorRaisex1;arity-pad:func_0019ba60;arity-pad:func_0013fd10;gvote:SacrificePt->00351f30;globals:5ppc/3ps2;gdims:__LNst__ZN2YS9SACRIFICE9StartPartEif_1;gdims:__LNst__ZN2YS9SACRIFICE6ReturnEi_1;unmapped-global:__LNst__ZN2YS9SACRIFICE6ReturnEi_1;gdims:LS_46_LV_3;unmapped-global:LS_46_LV_3;fix-arg:func_0013fd10:1;variant:no_thispad	
001c9958	00494540	88	branchy	56.36	near	0.0			
001c99b0	00494918	264	float	89.32	near	37.21		this-pad:func_0019ba60;this-pad:func_0016a070;arity-pad:func_0017e358	
001c9ab8	004942e4	124	loop	99.35	near	66.54		this-pad:func_0019ba60;this-pad:func_0017e3b8;globals:1ppc/0ps2;unmapped-global:Config;static-unmapped	
001c9b38	00494a94	88	branchy	56.82	near	29.16			
001c9c78	00494170	268	float	63.03	near	94.84		dropped:_printfx4;this-pad:func_0019ba60;this-pad:func_001a8b28;this-pad:func_0013fd10;gvote:Player->0034e948;globals:5ppc/6ps2;gdims:__LNst__ZN2YS9SACRIFICE6ReturnEi_1;gdims:__LNst__ZN2YS9SACRIFICE6ReturnEi_2;gdims:__LNst__ZN2YS9SACRIFICE6ReturnEi_3;gdims:__LNst__ZN2YS9SACRIFICE6ReturnEi_4;fix-arity:func_001a8bd0	
001c9df8	00494b50	84	loop	99.29	near	90.0		this-pad:func_0019baa8	
001c9e50	00494bc4	80	loop	90.91	near	57.0		this-pad:func_00102448	
001ca448	004d0a74	76	branchy	74.70	near	10.11			
001cbc50	00488d94	156	branchy	76.05	near	56.15		synth-fields:1;positional:alloc->001db888;positional:__ZN2YS11PRIZEEFFECTC2EPNS_8PRIZEOBJEPKNS0_5PARAMERKN2kn7FVectorEPFbPNS_10MASSEFFECTEE->001ca988;this-pad:func_001db888	
001cc160	004848ac	192	loop	75.00	near	55.25		stack-locals:3;unmapped-call:operator_;dropped:operator_x0;this-pad:func_0016bda8;this-pad:func_001cc128;gvote:PrizeCa->00352050;globals:3ppc/2ps2;unmapped-global:0x79a240;static-unmapped	
001cc220	004846c8	308	float	36.44	near	36.23		this-pad:func_0016a020;this-pad:func_00186ce8;this-pad:func_00186d18;this-pad:func_001c7950;this-pad:func_001c79a0;globals:0ppc/1ps2	
001ccac0	00484608	376	float	40.14	near	14.48		gvote:Random->003638d0;globals:2ppc/7ps2	
001ccfa0	0048a4b0	212	float	50.55	near	0.0		synth-fields:1;this-pad:func_00186ce8;this-pad:func_00186d18;this-pad:func_001c7950;this-pad:func_001c79a0	
001cd078	0048a680	240	switch	90.46	near	37.84		stack-locals:2;this-pad:func_0016be98;this-pad:func_001cc128;gvote:PrizeTt->003520c0;gvote:0x727760->0036e238	
001cd388	0041ebac	308	loop	30.71	compile	0.0	001cd388.cpp:159: field `	simmap:Clear->001ba138;unmapped-call:FieldInit;dropped:FieldInitx1;gvote:Continue->01d499b0;gvote:SaveRam->0032bb30;globals:4ppc/6ps2;fix-gtype:D_01d499b0->YS_anon_str_continue_cpp_19;fix-hdmember:YS_anon_str_continue_cpp_19.SaveRam;fix-hdmember:YS_anon_str_continue_cpp_19.SaveRam;fix-hdmember:YS_anon_str_continue_cpp_19.SaveRam;fix-hdmember:YS_anon_str_continue_cpp_19.SaveRam;fix-hdmember:YS_anon_str_continue_cpp_19.SaveRam;fix-hdmember:YS_anon_str_continue_cpp_19.Enemy;fix-hdmember:YS_anon_str_continue_cpp_19.Enemy;fix-hdmember:YS_anon_str_continue_cpp_19.Gimmick	
001cd4c0	0041e374	96	branchy	89.29	compile	0.0	001cd4c0.cpp:159: field `	positional:IsContinueSave->001bbf00;gvote:Current->0032bae0;gvote:IsAreaStart->00350378;globals:6ppc/2ps2;unmapped-global:SaveRam;unmapped-global:Continue;unmapped-global:Enemy;unmapped-global:Gimmick;fix-gtype:e3g_Continue->YS_anon_str_continue_cpp_19;fix-hdmember:YS_anon_str_continue_cpp_19.SaveRam;fix-hdmember:YS_anon_str_continue_cpp_19.SaveRam;fix-hdmember:YS_anon_str_continue_cpp_19.SaveRam;fix-hdmember:YS_anon_str_continue_cpp_19.SaveRam;fix-hdmember:YS_anon_str_continue_cpp_19.Area;fix-hdmember:YS_anon_str_continue_cpp_19.Area;fix-hdmember:YS_anon_str_continue_cpp_19.Area;fix-hdmember:YS_anon_str_continue_cpp_19.Area;fix-hdmember:YS_anon_str_continue_cpp_19.Area;fix-hdmember:YS_anon_str_continue_cpp_19.Area	
001cd548	004c03fc	216	branchy	74.57	near	18.82		synth-fields:2;positional:Get->00319bd0;positional:ErrorPrintf->00188e08;positional:ErrorRaise->00319870;this-pad:func_002be318;globals:2ppc/3ps2	
001cd690	004f1480	280	loop	84.86	near	2.97		stack-locals:1;this-pad:func_0019ba60;globals:1ppc/0ps2;unmapped-global:Random;static-unmapped	
001cd7a8	004f1270	416	loop	49.06	near	7.23		dropped:ErrorPrintfx2;dropped:ErrorRaisex2;this-pad:func_0019ba60;globals:4ppc/1ps2;gdims:__LNst__ZN2YS14PRIORITYTARGET3setEiPNS_3OBJE_1;gdims:__LNst__ZN2YS14PRIORITYTARGET3setEiPNS_3OBJE_3;unmapped-global:__LNst__ZN2YS14PRIORITYTARGET3setEiPNS_3OBJE_3;gdims:LS_31_LV_0;unmapped-global:LS_31_LV_0;gdims:__LNst__ZN2YS14PRIORITYTARGET3setEiPNS_3OBJE_4;unmapped-global:__LNst__ZN2YS14PRIORITYTARGET3setEiPNS_3OBJE_4;fix-assign-cast;fix-assign-cast	YS::PRIORITYTARGET|Elem|0|18|58;YS::PRIORITYTARGET|Elem|0|10|50;YS::PRIORITYTARGET|Elem|0|38|60
001cddb8	004e0698	160	loop	93.70	near	44.32		simmap:check_collision->001cdbc8;this-pad:func_00190128;this-pad:func_00190730;this-pad:func_0018a818;arity-pad:func_001cdbc8;fix-retype:COLLISION->YS::COLLISION	YS::CHOOSE_ATTACK|TargetCollision|10|10|2c
001ce668	004db8c0	96	float	26.62	near	41.15		globals:0ppc/3ps2	
001ce930	004ec9f4	280	branchy	64.72	near	21.48		simmap:check_turn->001cea48;this-pad:func_002877a0;this-pad:func_00186ce8;arity-pad:func_001cea48;gvote:Player->0034e948	YS::LIGHTCYCLE|Guide|c|20|28;YS::LIGHTCYCLE|Guide|c|c|8;YS::LIGHTCYCLE|Turn|4|4|8;YS::LIGHTCYCLE|Guide|c|c|8;YS::LIGHTCYCLE|Guide|c|c|0
001cea48	004ec8d0	244	branchy	81.15	near	0.0		arity-pad:func_002877a0	
001cebb0	004ecd2c	88	straight	99.00	near	50.81		dropped:ErrorPrintfx1;dropped:ErrorRaisex1;this-pad:func_002874b0;gvote:LightCycle->003521d0;globals:6ppc/3ps2;gdims:__LNst__ZN2YS10LIGHTCYCLE4InitEv_0;unmapped-global:__LNst__ZN2YS10LIGHTCYCLE4InitEv_0;gdims:__LNst__ZN2YS10LIGHTCYCLE6EnsureEP4TASK_3;unmapped-global:__LNst__ZN2YS10LIGHTCYCLE6EnsureEP4TASK_3;gdims:LS_58_LV_6;unmapped-global:LS_58_LV_6	
001ceef8	004ac8f0	180	float	53.96	near	43.37		this-pad:func_0016af58;this-pad:func_0016aef0;this-pad:func_001788b8;globals:0ppc/2ps2	
001cf8d0	004ee370	200	float	63.98	near	35.9		dropped:ErrorPrintfx1;dropped:ErrorRaisex1;arity-pad:func_0017f488;arity-pad:func_0017f5e0;globals:3ppc/0ps2;unmapped-global:__LNst__ZN2YS8NMPLAYER24_OVR_exec_command_playerEPKNS_12COMMAND_ELEME_1;gdims:__LNst__ZN2YS8NMPLAYER24_OVR_exec_command_playerEPKNS_12COMMAND_ELEME_3;unmapped-global:__LNst__ZN2YS8NMPLAYER24_OVR_exec_command_playerEPKNS_12COMMAND_ELEME_3;gdims:LS_165_LV_3;unmapped-global:LS_165_LV_3;fix-arg:func_0017f5e0:4;fix-arg:func_0017f5e0:4;variant:no_thispad	
001cf9e0	004ee104	224	branchy	81.27	near	80.38		this-pad:func_0016ac38;this-pad:func_001dc840;this-pad:func_001940f0;this-pad:func_00194108;fix-assign-cast;fix-assign-cast;fix-assign-cast;fix-assign-cast	
001cfaf0	004d5218	232	float	76.28	near	0.0		stack-locals:1;this-pad:func_0016b0a0;this-pad:func_0016b070;globals:0ppc/1ps2	
001cfcf8	0044fcfc	288	float	54.93	near	46.25		synth-fields:2;positional:__ZN2YS6PLAYERC2EPKNS_8OBJENTRYEiPNS_3PADERKN2kn7FVectorEf->00177dc8;this-pad:func_001a1a50;this-pad:func_001d0558;this-pad:func_001c8d80;gvote:SaveRam->0032bb30;gvote:CampMenu->00351ec0;globals:2ppc/7ps2	
001d0068	004500a4	60	straight	82.67	near	59.67			
001d0228	0044fe58	156	float	99.49	near	91.71		this-pad:func_00180378;this-pad:func_0017f5e0;this-pad:func_001987a8;globals:0ppc/1ps2	
001d02c8	0044ff50	212	float	83.81	near	89.93		this-pad:func_00180378;this-pad:func_0017f5e0;this-pad:func_001987a8;gvote:System->00352130;globals:1ppc/3ps2	
001d03a0	0044f768	436	float	91.33	near	45.09		synth-fields:8;simmap:push->001d2690;simmap:exec->001d2750;arity-pad:func_00178758;arity-pad:func_00180618;arity-pad:func_001a1aa0;arity-pad:func_0017f488;arity-pad:func_0017f5e0;arity-pad:func_00190128;arity-pad:func_00190878;arity-pad:func_001bd418;arity-pad:func_0016ac38;arity-pad:func_001d2750;gvote:System->00352130;globals:2ppc/5ps2;fix-arg:func_0017f5e0:4;fix-arity:func_0017f488;fix-arity:func_0017f5e0;variant:no_thispad	
001d0678	0044fae8	360	float	70.34	compile	0.0	001d0678.cpp:2948: parse error	synth-fields:4;positional:stop->00178ae8;this-pad:func_0017f488;this-pad:func_00178ae8;this-pad:func_0019cc20;this-pad:func_0017f5e0;this-pad:func_001c8300;globals:1ppc/4ps2	
001d0980	0049eadc	260	branchy	90.15	near	30.05		synth-fields:2;positional:__ZN2YS6PLAYERC2EPKNS_8OBJENTRYEiPNS_3PADERKN2kn7FVectorEf->00177dc8;positional:ErrorPrintf->001c1130;positional:ErrorRaise->00192048;this-pad:func_001a1c90;gvote:Sora->00352400;gvote:Flag->0034f240;globals:5ppc/3ps2;gdims:__LNst__ZN2YS4SORAC1EPKNS_8OBJENTRYEiPNS_3PADERKN2kn7FVectorEf_0;gdims:__LNst__ZN2YS4SORA14_OVR_leave_reqEv_3;unmapped-global:__LNst__ZN2YS4SORA14_OVR_leave_reqEv_3;unmapped-global:LS_211_LV_10;static-unmapped	
001d0f08	0049e3d8	360	float	95.11	near	82.88		synth-fields:1;this-pad:func_001788b8;this-pad:func_0017a538;this-pad:func_00179c08;this-pad:func_0019c218	
001d1760	00453dbc	76	branchy	51.58	near	0.0			
001d1da0	00454730	176	float	76.48	near	22.3		this-pad:func_001d17b0;globals:1ppc/0ps2;unmapped-global:value;static-unmapped;variant:no_dims	
001d22e0	004d3398	184	float	89.48	near	41.39		this-pad:func_0017f540;globals:0ppc/2ps2	
001d2750	004ea9f0	192	float	79.69	near	40.64		synth-fields:1;globals:1ppc/2ps2	
001d29c8	00489d40	132	loop	93.14	near	61.48		this-pad:func_001c16f0;arity-pad:func_001c79a0;gvote:PrizeTr->00352668	
001d3148	00429bbc	412	float	67.12	compile	0.0	001d3148.cpp:2171: invalid use	unmapped-call:operator_;dropped:operator_x0;this-pad:func_001dc9e0;this-pad:func_001dc5f8;this-pad:func_0019ba60;this-pad:func_0016c028;globals:2ppc/4ps2	
001d35e0	0040ed30	184	float	34.85	near	0.0		stack-locals:1;unmapped-call:operator_;dropped:operator_x0;globals:0ppc/2ps2	
001d3c78	00441cc4	360	loop	83.02	near	48.14		positional:ErrorPrintf->001d3f80;positional:ErrorRaise->001a80c8;this-pad:func_0019ba60;this-pad:func_00177860;gvote:Player->0034e948;gvote:Current->0032bae0;globals:4ppc/2ps2;gdims:_ZZNK2YS7BITFLAGILj256EjE5checkEjEs_0;unmapped-global:_ZZNK2YS7BITFLAGILj256EjE5checkEjEs_0;gdims:_ZZNK2YS7BITFLAGILj256EjE5checkEjEs_2;unmapped-global:_ZZNK2YS7BITFLAGILj256EjE5checkEjEs_2;static-unmapped	
001d3e40	004419f8	244	loop	88.56	near	64.32		positional:_sprintf->001d3f98;arity-pad:func_00105c30;this-pad:func_0019ba60;this-pad:func_0017e280;this-pad:func_0017e310;globals:4ppc/0ps2;gdims:buff;unmapped-global:buff;gdims:__LNst__ZNK2YS11LIMIT_TABLE12get_filenameEv_0;unmapped-global:__LNst__ZNK2YS11LIMIT_TABLE12get_filenameEv_0;gdims:__LNst__ZNK2YS11LIMIT_TABLE12get_filenameEv_1;unmapped-global:__LNst__ZNK2YS11LIMIT_TABLE12get_filenameEv_1;unmapped-global:Lang;fix-arity:func_00105c30;fix-arity:func_00105c30;static-unmapped	
001d3fe0	00441eb0	148	loop	66.19	near	55.35		arity-pad:func_001d3c78;gvote:LimitTable->01d5ba28;globals:2ppc/1ps2;unmapped-global:command;static-unmapped;variant:no_dims	
001d4180	00441f6c	332	loop	77.55	near	46.33		stack-locals:1;positional:_sprintf->001d4808;arity-pad:func_001d3c78;arity-pad:func_001d3de0;gvote:LimitTable->01d5ba28;globals:5ppc/1ps2;gdims:buff;unmapped-global:buff;gdims:__LNst__ZNK2YS11LIMIT_TABLE12get_filenameEv_0;unmapped-global:__LNst__ZNK2YS11LIMIT_TABLE12get_filenameEv_0;gdims:__LNst__ZNK2YS11LIMIT_TABLE12get_filenameEv_1;unmapped-global:__LNst__ZNK2YS11LIMIT_TABLE12get_filenameEv_1;unmapped-global:Lang;static-unmapped	
001d42d0	004422b4	332	loop	86.46	near	69.97		this-pad:func_001bc778;arity-pad:func_001d3c78;this-pad:func_001bc780;arity-pad:func_001d3e40;gvote:LimitTable->01d5ba28	
001d4420	004421a4	180	branchy	65.50	near	46.26		arity-pad:func_0019ba60;this-pad:func_001c8db8;this-pad:func_001a1de0;gvote:Player->0034e948;globals:3ppc/2ps2;unmapped-global:Config;static-unmapped	
001d44d8	00442a34	80	loop	79.05	near	45.5		synth-fields:1;gvote:LimitTable->01d5ba28;globals:2ppc/1ps2;unmapped-global:command;static-unmapped;variant:no_dims	
001d4940	0049fd7c	412	switch	79.58	near	34.51		simmap:make_skateboard_menu->001d4ae0;positional:make_by_table->001bce90;dropped:ErrorPrintfx2;dropped:ErrorRaisex2;this-pad:func_0019ba60;this-pad:func_001bc778;this-pad:func_001bce90;arity-pad:func_001d4ae0;this-pad:func_00190878;arity-pad:func_001d4bd8;globals:17ppc/10ps2;unmapped-global:0x728940;unmapped-global:0x72894c;unmapped-global:0x728938;unmapped-global:0x72893c;unmapped-global:0x728958;gdims:_ZZN2YS6TOSORAEPvEs_0;unmapped-global:_ZZN2YS6TOSORAEPvEs_0;gdims:_ZZN2YS6TOSORAEPvEs_2;unmapped-global:_ZZN2YS6TOSORAEPvEs_2;static-unmapped	
001d4ae0	0049fbac	216	branchy	25.37	near	51.18		positional:make_by_table->001bce90;this-pad:func_00190878;this-pad:func_001bce90;globals:6ppc/3ps2;unmapped-global:0x728900;unmapped-global:0x7288e8;unmapped-global:0x72890c;static-unmapped	
001d4dc0	00458aac	60	straight	90.69	near	90.69			
001d50b8	00414380	220	loop	49.35	near	38.62		stack-locals:1;simmap:GetCurrentId->001bbb08;simmap:GetJumper->00199098;this-pad:func_00199098	
001d5218	0041450c	132	loop	98.64	near	0.0		unmapped-call:Visit;dropped:Visitx1;gdims:table;fix-gtype:D_0036e548->anon_str_ca_ship_cpp_80	
001d53e8	00459308	100	straight	60.57	near	10.58		dropped:ErrorPrintfx1;dropped:ErrorRaisex1;this-pad:func_001491d8;globals:3ppc/2ps2;gdims:__LNst__ZN2YS13MISSION_TABLE4InitEv_1;gdims:__LNst__ZN2YS13MISSION_TABLEC1Ev_3;gdims:LS_23_LV_1;unmapped-global:LS_23_LV_1	
001d5470	00458018	168	branchy	95.10	near	67.86		dropped:ErrorPrintfx1;dropped:ErrorRaisex1;this-pad:func_00168b38;this-pad:func_001d5370;globals:3ppc/0ps2;gdims:__LNst__ZN2YS14MISSION_CAMERA3setEPKNS_6BINARCEPKNS_4CODEE_1;unmapped-global:__LNst__ZN2YS14MISSION_CAMERA3setEPKNS_6BINARCEPKNS_4CODEE_1;gdims:__LNst__ZN2YS14MISSION_CAMERA3setEPKNS_6BINARCEPKNS_4CODEE_3;unmapped-global:__LNst__ZN2YS14MISSION_CAMERA3setEPKNS_6BINARCEPKNS_4CODEE_3;gdims:LS_30_LV_1;unmapped-global:LS_30_LV_1	YS::MISSION_CAMERA|EventData|4|7|4
001d5518	00458140	336	branchy	80.64	near	0.0		this-pad:func_00196bf0;this-pad:func_00196e98;this-pad:func_001d30f8;this-pad:func_00196f00;gvote:LastGimmick->00350438	YS::MISSION_CAMERA|Round|18|18|8
001d59b0	004ed860	108	loop	88.07	near	62.72		this-pad:func_001b8838;gvote:LinkFlag->01d5ba6c	
001d5a58	0042a47c	160	loop	42.00	near	2.48		stack-locals:1;simmap:GetJumper->00199098;this-pad:func_00199098;gvote:SkipFlag->00352770;gvote:CanSkip->00350379	
001d5cd0	0042fbb4	76	branchy	73.68	compile	0.0	001d5cd0.cpp:738: `	simmap:GetMax->001d6ec8;dropped:ErrorPrintfx1;dropped:ErrorRaisex1;globals:5ppc/1ps2;unmapped-global:FormLevel;unmapped-global:_ZN2YS8ELEMDATAINS_10FORM_LEVELEE7CompareEPKvS4_;gdims:__LNst__ZN2YS10FORM_LEVEL6SearchEii_1;unmapped-global:__LNst__ZN2YS10FORM_LEVEL6SearchEii_1;gdims:__LNst__ZN2YS10FORM_LEVEL6SearchEii_3;unmapped-global:__LNst__ZN2YS10FORM_LEVEL6SearchEii_3	
001d5d20	0042ff98	96	loop	74.29	compile	0.0	001d5d20.cpp:736: `	dropped:ErrorPrintfx2;dropped:ErrorRaisex2;gvote:SaveRam->0032bb30;globals:7ppc/1ps2;unmapped-global:DAT_00000001;unmapped-global:FormLevel;unmapped-global:_ZN2YS8ELEMDATAINS_10FORM_LEVELEE7CompareEPKvS4_;gdims:__LNst__ZN2YS10FORM_LEVEL6SearchEii_1;unmapped-global:__LNst__ZN2YS10FORM_LEVEL6SearchEii_1;gdims:__LNst__ZN2YS10FORM_LEVEL6SearchEii_3;unmapped-global:__LNst__ZN2YS10FORM_LEVEL6SearchEii_3;gdims:LS_67_LV_6;unmapped-global:LS_67_LV_6	
001d5d80	0042f5ec	320	branchy	92.41	compile	0.0	001d5d80.cpp:2929: `	positional:ErrorPrintf->001d5ec0;positional:ErrorRaise->001d5ec0;this-pad:func_001b74b8;this-pad:func_001b74c8;this-pad:func_001b7538;this-pad:func_001b76c8;this-pad:func_001a1460;globals:5ppc/0ps2;unmapped-global:FormLevel;unmapped-global:_ZN2YS8ELEMDATAINS_10FORM_LEVELEE7CompareEPKvS4_;gdims:__LNst__ZN2YS10FORM_LEVEL6SearchEii_1;unmapped-global:__LNst__ZN2YS10FORM_LEVEL6SearchEii_1;unmapped-global:Search;gdims:__LNst__ZN2YS10FORM_LEVEL6SearchEii_3;unmapped-global:__LNst__ZN2YS10FORM_LEVEL6SearchEii_3;fix-arity:func_001d5ec0	
001d5f30	0042f9f4	240	loop	96.08	near	86.9		this-pad:func_00189200;globals:2ppc/1ps2;unmapped-global:Config;static-unmapped	
001d6088	0042fd10	132	branchy	56.00	near	0.45			
001d61b8	004d9740	248	branchy	87.16	near	68.71		unmapped-call:isShowVersion;dropped:isShowVersionx1;this-pad:func_00189200;gvote:System->00352130;globals:2ppc/3ps2	
001d62b0	004d9438	244	loop	72.31	near	62.85		positional:Search->001d5b78;positional:GetAntiRate->001bbcc0;dropped:_printfx2;this-pad:func_00177860;gvote:Random->003638d0;globals:3ppc/1ps2;gdims:__LNst__ZN2YS9ANTI_FORM6IsAntiEPNS_4SORAEPNS_7FORMRAME_1;unmapped-global:__LNst__ZN2YS9ANTI_FORM6IsAntiEPNS_4SORAEPNS_7FORMRAME_1;gdims:__LNst__ZN2YS9ANTI_FORM6IsAntiEPNS_4SORAEPNS_7FORMRAME_2;unmapped-global:__LNst__ZN2YS9ANTI_FORM6IsAntiEPNS_4SORAEPNS_7FORMRAME_2	
001d63a8	004d9590	332	float	76.78	near	41.43		dropped:_printfx2;this-pad:func_00189200;gvote:System->00352130;gvote:Random->003638d0;gdims:__LNst__ZN2YS9ANTI_FORM6IsAntiEPNS_4SORAEPNS_7FORMRAME_1;gdims:__LNst__ZN2YS9ANTI_FORM7IsFinalEPNS_4SORAE_0	
001d6790	0041fe64	192	float	68.54	near	53.26		simmap:Search->001dba18;dropped:ErrorPrintfx1;dropped:ErrorRaisex1;this-pad:func_001c16f0;globals:2ppc/0ps2;gdims:__LNst__ZN2YS13CROWD_N_MU0607MakeBowERKN2dk6AabboxE_1;unmapped-global:__LNst__ZN2YS13CROWD_N_MU0607MakeBowERKN2dk6AabboxE_1;gdims:__LNst__ZN2YS13CROWD_N_MU0607MakeBowERKN2dk6AabboxE_3;unmapped-global:__LNst__ZN2YS13CROWD_N_MU0607MakeBowERKN2dk6AabboxE_3	
001d6ba0	004e9f44	168	branchy	87.50	near	81.5		this-pad:func_0019d188;arity-pad:func_001d6ab0	
001d6ec8	004a5c28	96	loop	77.88	near	50.16		simmap:Each->001d6cc8	
001d7098	00456fe0	344	branchy	76.51	near	38.16		unmapped-call:push_weapon;unmapped-call:set_weapon;dropped:set_weaponx1;dropped:push_weaponx3;this-pad:func_00188fe0;gvote:Camera->0034ece8	
001d7218	00457190	360	branchy	86.14	near	39.23		unmapped-call:Init;unmapped-call:init;dropped:Initx1;dropped:initx11	
001d7380	00457340	148	branchy	85.26	near	0.0		unmapped-call:pop_weapon;dropped:pop_weaponx1;this-pad:func_00188fe0	
001d7538	004859b8	252	float	70.41	near	42.4		positional:AddCountForce->001d7638;this-pad:func_00191b70;this-pad:func_001cc128;globals:5ppc/1ps2;unmapped-global:0x727288;unmapped-global:Config;unmapped-global:0x79a330;unmapped-global:0x727278;static-unmapped	
001d7a08	004a336c	68	loop	70.88	near	27.35			YS::STOP|Buff|4|18|0
001d7b10	004a320c	112	loop	92.93	near	37.15		dropped:ErrorPrintfx1;dropped:ErrorRaisex1;globals:2ppc/0ps2;gdims:__LNst__ZN2YS4STOP5startEif_1;unmapped-global:__LNst__ZN2YS4STOP5startEif_1;gdims:__LNst__ZN2YS4STOP5startEif_3;unmapped-global:__LNst__ZN2YS4STOP5startEif_3;fix-arity:func_001d7b10;fix-voidret:func_001d7b10	
001d7d68	00426334	152	branchy	76.56	near	38.56		simmap:is_kinoko->0019c8a8;this-pad:func_0019c8a8;globals:0ppc/1ps2	
001d7f80	00454c40	140	loop	99.69	near	85.69			YS::MISSION|Mission2d|2a4|2a4|0;YS::MISSION|Mission2d|2a4|2a4|0
001d8190	00454cf0	180	branchy	88.57	near	71.07		dropped:ErrorPrintfx1;dropped:ErrorRaisex1;this-pad:func_001d5370;this-pad:func_001d16e8;globals:3ppc/0ps2;gdims:__LNst__ZN2YS7MISSION14init_mission2dEPKNS_9MISSION2D5TABLEEPS1__1;unmapped-global:__LNst__ZN2YS7MISSION14init_mission2dEPKNS_9MISSION2D5TABLEEPS1__1;gdims:__LNst__ZN2YS7MISSION14init_mission2dEPKNS_9MISSION2D5TABLEEPS1__3;unmapped-global:__LNst__ZN2YS7MISSION14init_mission2dEPKNS_9MISSION2D5TABLEEPS1__3;unmapped-global:LS_49_LV_3	YS::MISSION|Pax|c|20|18;YS::MISSION|Pax|c|10|13;YS::MISSION|Pax|c|12|10;YS::MISSION|Pax|c|11|12
001d86a0	004558ac	120	branchy	99.33	near	22.13		this-pad:func_001d1b60	
001d8718	004557f0	160	branchy	99.75	near	60.34		this-pad:func_001d1b60	
001d87b8	00455a28	100	branchy	98.80	near	98.8			
001d89e8	00455c60	236	loop	95.08	near	95.08		arity-pad:func_001d1b60;globals:2ppc/0ps2;gdims:count;unmapped-global:count;gdims:value;unmapped-global:value	
001d8ad8	00455d60	144	branchy	85.61	near	96.0		globals:1ppc/0ps2;gdims:count;unmapped-global:count	
001d8d08	00455fa8	148	float	99.46	near	32.32		this-pad:func_001d1da0	YS::MISSION|Pax|c|10|18;YS::MISSION|Pax|c|10|18
001d8f38	00456334	108	branchy	93.18	near	90.89			
001d8fa8	004563d4	124	branchy	93.55	near	93.81			
001d9148	004568f0	92	branchy	98.26	near	98.26			
001d9228	00456974	92	branchy	98.26	near	98.26			
001d9320	00456b30	100	branchy	95.12	near	95.12			
001d94f8	004ad960	312	loop	83.38	near	50.12		stack-locals:1;positional:set->001a8bf8;arity-pad:func_001a8b28;arity-pad:func_001a8bf8;arity-pad:func_001a8c10;this-pad:func_00188fe0	
001d97c8	0040cc38	40	branchy	77.30	near	99.8			
001d98a0	0040cdc4	220	branchy	61.35	near	18.44		dropped:ErrorPrintfx1;dropped:ErrorRaisex1;this-pad:func_00105868;this-pad:func_001e0a90;gvote:SaveRam->0032bb30;globals:4ppc/2ps2;gdims:__LNst__ZN2YS13BATTLE_REPORT20IncrementSummonCountEi_3;unmapped-global:__LNst__ZN2YS13BATTLE_REPORT20IncrementSummonCountEi_3;unmapped-global:LS_37_LV_1	
001d9d48	00439e68	64	straight	62.19	near	25.8		dropped:ErrorPrintfx1;dropped:ErrorRaisex1;globals:3ppc/1ps2;gdims:_ZZNK2YS7BITFLAGILj48EjE5checkEjEs_0;unmapped-global:_ZZNK2YS7BITFLAGILj48EjE5checkEjEs_0;gdims:_ZZNK2YS7BITFLAGILj48EjE5checkEjEs_2;unmapped-global:_ZZNK2YS7BITFLAGILj48EjE5checkEjEs_2	
001d9dd0	0043a058	92	loop	86.52	near	90.87		gvote:JigsawTable->01d5baa8	
001d9e30	0043a0c4	68	branchy	74.47	near	55.82		synth-fields:1;gvote:JigsawTable->01d5baa8;globals:1ppc/3ps2	
001d9f30	004eb058	168	branchy	75.05	near	17.85		synth-fields:2;simmap:GetTable->001d9dd0;positional:is_get->00198450;dropped:ErrorPrintfx1;dropped:ErrorRaisex1;this-pad:func_00190920;this-pad:func_0016c008;this-pad:func_00198450;this-pad:func_0016ac38;gvote:Current->0032bae0;globals:4ppc/1ps2;gdims:__LNst__ZN2YS11JIGSAWPIECE15_OVR_initializeEv_1;unmapped-global:__LNst__ZN2YS11JIGSAWPIECE15_OVR_initializeEv_1;gdims:__LNst__ZN2YS11JIGSAWPIECE15_OVR_initializeEv_3;unmapped-global:__LNst__ZN2YS11JIGSAWPIECE15_OVR_initializeEv_3;gdims:LS_87_LV_3;unmapped-global:LS_87_LV_3	
001db250	004c2758	68	float	62.96	near	11.67		this-pad:func_0019ba60;this-pad:func_001b9d40;this-pad:func_0019c778;gvote:Player->0034e948;globals:1ppc/2ps2	YS::ZONE|InverseMatrix|10|38|10
001db440	004c2844	208	branchy	98.71	near	37.62		simmap:ZONE->001daef8;simmap:ZONE->001daef8;simmap:ZONE->001daef8;this-pad:func_001daef8	
001db950	0042146c	84	straight	68.10	near	38.43		globals:0ppc/1ps2	
001dba18	004212bc	108	loop	85.89	near	25.85			
001dbad0	004211d0	104	branchy	99.00	near	78.17		simmap:PreExec->001dbcd0;unmapped-call:operator_;dropped:operator_x0;this-pad:func_0019ba60;this-pad:func_0016c028;this-pad:func_001c2578;gvote:Player->0034e948	
001dbb38	004213f0	92	loop	56.26	near	10.0		arity-pad:func_0019c410	
001dbc58	004206c8	116	straight	64.55	near	33.37		globals:2ppc/1ps2;unmapped-global:param;static-unmapped	YS::CROWDEFFECT|UnitArg|58|58|54;YS::CROWDEFFECT|V|40|40|58
001dbcd0	00420a20	104	float	96.69	near	78.17		unmapped-call:operator_;dropped:operator_x0;this-pad:func_0019ba60;this-pad:func_0016c028;gvote:Player->0034e948;gvote:PlayerPos->01d5bab0	
001dbe78	00420790	252	float	77.05	near	49.77		positional:operator_->002f8ad0;this-pad:func_0016c018;gvote:Random->003638d0;globals:2ppc/5ps2	YS::CROWDEFFECT|PosOrig|30|30|20
001dc018	002b05b8	84	loop	75.00	near	75.0		dropped:_printfx4;globals:4ppc/0ps2;gdims:__LNst__ZN3ryj11EFFECT_DATA9no_searchEjRPvRj_1;unmapped-global:__LNst__ZN3ryj11EFFECT_DATA9no_searchEjRPvRj_1;gdims:__LNst__ZN3ryj11EFFECT_DATA9no_searchEjRPvRj_2;unmapped-global:__LNst__ZN3ryj11EFFECT_DATA9no_searchEjRPvRj_2;gdims:__LNst__ZN3ryj11EFFECT_DATA9no_searchEjRPvRj_3;unmapped-global:__LNst__ZN3ryj11EFFECT_DATA9no_searchEjRPvRj_3;gdims:__LNst__ZN3ryj11EFFECT_DATA9no_searchEjRPvRj_4;unmapped-global:__LNst__ZN3ryj11EFFECT_DATA9no_searchEjRPvRj_4	
001dc098	002b0828	164	loop	73.41	near	56.6		positional:pppMoveDpd->001e4f40	
001dc140	002b0734	180	loop	74.51	near	49.67		positional:pppInitDpd->001e50a8	
001dc278	002b1328	124	float	63.75	near	54.81		gvote:EffectList->00352ae0;gvote:EffectNum->00352ae8;globals:3ppc/5ps2	ryj::EFFECT|Data|14|14|c;ryj::EFFECT|PartMng|1c|1c|10;ryj::EFFECT|Priority|10|10|18;ryj::EFFECT|ID|18|18|1c
001dcb98	002b2588	104	float	91.73	near	26.93		unmapped-call:operator_;dropped:operator_x0;arity-pad:func_001dc670;globals:0ppc/1ps2	ryj::EFFECT|DebugInfo|38|48|10
001dcc60	002b2674	104	branchy	57.15	near	53.96		globals:1ppc/0ps2;unmapped-global:0x800000;static-unmapped	ryj::EFFECT|Flag|8|8|18
001dccc8	002b23b0	88	branchy	76.82	near	41.12		dropped:_printfx4;globals:4ppc/1ps2;gdims:__LNst__ZN3ryj11EFFECT_DATA9no_searchEjRPvRj_1;gdims:__LNst__ZN3ryj11EFFECT_DATA9no_searchEjRPvRj_2;unmapped-global:__LNst__ZN3ryj11EFFECT_DATA9no_searchEjRPvRj_2;gdims:__LNst__ZN3ryj6EFFECT8is_validEv_0;unmapped-global:__LNst__ZN3ryj6EFFECT8is_validEv_0;gdims:__LNst__ZN3ryj11EFFECT_DATA9no_searchEjRPvRj_4;unmapped-global:__LNst__ZN3ryj11EFFECT_DATA9no_searchEjRPvRj_4	
001dcdb8	002b282c	280	straight	69.94	near	26.22		synth-fields:7;positional:AddSubMenu->001e6d38;unmapped-call:pppInitPartRender;unmapped-call:pppSetErrorFunc;dropped:pppSetErrorFuncx1;dropped:pppInitPartRenderx1;gvote:Allocator->01d5bb00;gvote:EffectList->00352ae0;gvote:EffectNum->00352ae8;globals:14ppc/6ps2;unmapped-global:PacketMemory;unmapped-global:GS_DEF_FRAME;unmapped-global:GS_DEF_ZBUF;unmapped-global:GS_DEF_XYOFFSET;unmapped-global:GS_DEF_SCISSOR;unmapped-global:GS_DEF_TEST;unmapped-global:GS_DEF_DTHE;unmapped-global:GS_DEF_COLORCLAMP;static-unmapped;variant:no_dims	
001dd568	002b0ed4	312	float	82.44	near	34.34			
001dd920	002b3908	344	loop	96.93	compile	0.0	001dd920.cpp:924: declaration	synth-fields:4;simmap:pppSetUp->001e3330;simmap:pppPartDraw->001e66e8;positional:pppInitDraw->001b8218;positional:pppSetReferencePos->001dcc60;positional:pppSetReferenceMatrix->001e6648;dropped:ErrorPrintfx3;dropped:ErrorRaisex1;arity-pad:func_001dc9d0;arity-pad:func_001dc878;gvote:StopEffectTask->00352af1;gvote:TexCommonIsLoaded->00352af0;gvote:EffectList->00352ae0;globals:5ppc/3ps2;unmapped-global:NowExecutingEffect;unmapped-global:0x800000	
001dddd0	002b4cf0	108	branchy	75.07	near	55.25		this-pad:func_001dc010;gvote:PaxList->01d9e348;fix-assign-cast;fix-assign-cast	ryj::PAX|ManagerList|c|10|8
001dde40	002b4aa8	172	loop	83.34	near	50.14		dropped:ErrorPrintfx1;dropped:_printfx4;dropped:ErrorRaisex1;arity-pad:func_001de450;gvote:PaxList->01d9e348;globals:7ppc/1ps2;gdims:_ZZN2YS5SLISTIN3ryj3PAXELi0EE6unlinkEPS2_Es_0;unmapped-global:_ZZN2YS5SLISTIN3ryj3PAXELi0EE6unlinkEPS2_Es_0;gdims:_ZZN2YS5SLISTIN3ryj3PAXELi0EE6unlinkEPS2_Es_2;unmapped-global:_ZZN2YS5SLISTIN3ryj3PAXELi0EE6unlinkEPS2_Es_2;gdims:__LNst__ZN3ryj3PAX7MANAGERdlEPv_0;unmapped-global:__LNst__ZN3ryj3PAX7MANAGERdlEPv_0;gdims:__LNst__ZN3ryj3PAX6ensureEv_1;unmapped-global:__LNst__ZN3ryj3PAX6ensureEv_1;gdims:__LNst__ZN3ryj3PAX6ensureEv_2;unmapped-global:__LNst__ZN3ryj3PAX6ensureEv_2;gdims:__LNst__ZN3ryj3PAX6ensureEv_3;unmapped-global:__LNst__ZN3ryj3PAX6ensureEv_3;fix-assign-cast	
001ddef0	002b5470	432	float	90.01	near	4.12		dropped:ErrorPrintfx3;dropped:_printfx4;dropped:ErrorRaisex1;this-pad:func_001dc5f8;this-pad:func_001dc648;this-pad:func_001dc620;this-pad:func_001dea80;this-pad:func_001df670;this-pad:func_00180df8;gvote:ModeNo->00352b50;globals:6ppc/2ps2;gdims:__LNst__ZN3ryj3PAX7MANAGERdlEPv_0;unmapped-global:__LNst__ZN3ryj3PAX7MANAGERdlEPv_0;gdims:__LNst__ZN3ryj3PAX6ensureEv_1;unmapped-global:__LNst__ZN3ryj3PAX6ensureEv_1;gdims:__LNst__ZN3ryj3PAX6createEPNS0_4ELEMEiiiPv_3;unmapped-global:__LNst__ZN3ryj3PAX6createEPNS0_4ELEMEiiiPv_3;gdims:__LNst__ZN3ryj3PAX6ensureEv_3;unmapped-global:__LNst__ZN3ryj3PAX6ensureEv_3	
001de168	002b57e4	88	loop	71.36	near	32.86		dropped:_printfx4;arity-pad:func_001ddef0;globals:4ppc/0ps2;gdims:__LNst__ZN3ryj3PAX7MANAGERdlEPv_0;unmapped-global:__LNst__ZN3ryj3PAX7MANAGERdlEPv_0;gdims:__LNst__ZN3ryj3PAX6ensureEv_1;unmapped-global:__LNst__ZN3ryj3PAX6ensureEv_1;gdims:__LNst__ZN3ryj3PAX5startEiiiiPv_0;unmapped-global:__LNst__ZN3ryj3PAX5startEiiiiPv_0;gdims:__LNst__ZN3ryj3PAX6ensureEv_3;unmapped-global:__LNst__ZN3ryj3PAX6ensureEv_3;fix-assign-cast;fix-assign-cast	
001de4b0	002b622c	88	loop	78.00	near	39.57			
001de808	002b66a0	160	branchy	93.50	near	42.04		stack-locals:1;dropped:ErrorPrintfx4;dropped:ErrorRaisex2;this-pad:func_00102788;globals:8ppc/0ps2;unmapped-global:ModeNo;unmapped-global:ModeStack;unmapped-global:0x796ec0;unmapped-global:0x796ec8;unmapped-global:0x796ed0;gdims:__LNst__ZN3ryj3PAX9TaskStartEv_0;unmapped-global:__LNst__ZN3ryj3PAX9TaskStartEv_0;gdims:__LNst__ZN3ryj3PAX7MANAGERdlEPv_0;unmapped-global:__LNst__ZN3ryj3PAX7MANAGERdlEPv_0;gdims:LS_170_LV_26;unmapped-global:LS_170_LV_26;static-unmapped	
001de910	002b7e44	44	straight	99.55	near	99.55		dropped:_printfx4;gvote:PaxList->01d9e348;globals:5ppc/1ps2;gdims:__LNst__ZN3ryj3PAX7MANAGERdlEPv_0;unmapped-global:__LNst__ZN3ryj3PAX7MANAGERdlEPv_0;gdims:__LNst__ZN3ryj3PAX6ensureEv_1;unmapped-global:__LNst__ZN3ryj3PAX6ensureEv_1;gdims:__LNst__ZN3ryj3PAX6EnsureEv_0;unmapped-global:__LNst__ZN3ryj3PAX6EnsureEv_0;gdims:__LNst__ZN3ryj3PAX6ensureEv_3;unmapped-global:__LNst__ZN3ryj3PAX6ensureEv_3	
001dea80	002b5268	212	float	88.13	compile	0.0	001dea80.cpp:2602: request for	synth-fields:3;simmap:set_reference_pos->001dca30;positional:unit->001e0128;this-pad:func_001e0128;this-pad:func_001dca30;globals:1ppc/0ps2;unmapped-global:Allocator	
001dec78	002b595c	288	float	40.67	near	14.24		synth-fields:4;positional:unit->001e0188;this-pad:func_001e0188;globals:1ppc/0ps2;unmapped-global:Allocator;static-unmapped	ryj::PAX::MANAGER|Bone|0|28|10
001ded98	002b47c8	120	loop	96.26	near	23.38		synth-fields:2;globals:1ppc/0ps2;unmapped-global:Allocator;static-unmapped	ryj::PAX::MANAGER|Bone|0|8|0;ryj::PAX::MANAGER|Bone|0|0|58
001dfa38	002b7948	620	float	91.73	near	42.1		synth-fields:1;simmap:bind->001dee88;simmap:bind->001dee88;simmap:bind->001dee88;simmap:bind->001dee88;simmap:bind_effect_off->001dffd8;simmap:system_delete->001df9c8;simmap:system_delete->001df9c8;simmap:system_delete->001df9c8;unmapped-call:setVolume0;dropped:setVolume0x1;this-pad:func_001dc9f0;arity-pad:func_001dee88;arity-pad:func_001df670;arity-pad:func_001df2c0;arity-pad:func_001dfe88;arity-pad:func_001dfca8;arity-pad:func_001dfdb8;this-pad:func_001e00b0;this-pad:func_001dcc60;this-pad:func_001dc5f8;arity-pad:func_001dffd8;arity-pad:func_001df9c8	
001dfca8	002b6e20	268	float	73.39	near	33.39		this-pad:func_001946f0;this-pad:func_001dc670;gvote:ModeNo->00352b50;globals:1ppc/6ps2;fix-assign-cast;fix-assign-cast	ryj::PAX::MANAGER|Bone|0|0|2;ryj::PAX::MANAGER|Bone|0|20|10;ryj::PAX::MANAGER|Bone|0|30|20;ryj::PAX::MANAGER|Bone|0|2c|1c;ryj::PAX::MANAGER|Bone|0|28|18
001dfdb8	002b6a10	204	float	67.22	near	43.89		synth-fields:2;dropped:ErrorPrintfx2;dropped:ErrorRaisex2;this-pad:func_0019ba60;this-pad:func_0019c5d0;this-pad:func_00194690;this-pad:func_001dc670;gvote:ModeNo->00352b50;gdims:_ZZN2YS7TOPARTYEPvEs_0;gdims:_ZZN2YS7TOPARTYEPvEs_2	ryj::PAX::MANAGER|Bone|0|20|18;ryj::PAX::MANAGER|Bone|0|18|10;ryj::PAX::MANAGER|Bone|0|20|18
001dfe88	002b6c20	336	float	41.19	near	21.02		unmapped-call:operator_;dropped:operator_x0;this-pad:func_001dc5f8;this-pad:func_00143860;this-pad:func_001dc670;globals:0ppc/5ps2;fix-assign-cast;fix-assign-cast	ryj::PAX::MANAGER|Bone|0|c|60
001dffd8	002b6968	124	branchy	86.29	near	84.68		this-pad:func_0019ba60;gvote:ModeNo->00352b50	
001e0230	002b7fe4	108	loop	73.74	near	0.0		gvote:PaxList->01d9e348	
001e03b0	002b9754	80	branchy	0.00	near	7.1		unmapped-call:setShakeXYoffset;dropped:setShakeXYoffsetx1;globals:1ppc/0ps2;unmapped-global:Shake;static-unmapped	
001e06b8	002b957c	152	branchy	93.16	near	57.6		stack-locals:1;dropped:ErrorPrintfx4;dropped:ErrorRaisex2;this-pad:func_00102788;globals:5ppc/2ps2;gdims:__LNst__ZN3ryj5SHAKE4InitEv_1;unmapped-global:__LNst__ZN3ryj5SHAKE4InitEv_1;gdims:__LNst__ZN3ryj5SHAKE4execEv_0;unmapped-global:__LNst__ZN3ryj5SHAKE4execEv_0;unmapped-global:LS_33_LV_0	
001e0fe8	0061802c	124	branchy	76.74	near	21.69		positional:operator_->001e2760;gvote:LastXemnusLaser->00352bd0	
001e1070	00618124	240	float	71.35	near	65.38		this-pad:func_0018d050;this-pad:func_0018da18;this-pad:func_0018f028;gvote:LastXemnusLaser->00352bd0;globals:1ppc/2ps2	ryj::LASER|StartPos|0|0|10;ryj::LASER|StartPos|0|0|10;ryj::LASER|StartPos|0|8|18;ryj::LASER|StartDir|10|10|20;ryj::LASER|StartDir|10|18|28;ryj::LASER|Idx|20|20|30
001e1350	0061826c	432	float	37.06	near	32.67		stack-locals:1;positional:operator_->001e0cc8;this-pad:func_0019ba60;this-pad:func_0016bc20;this-pad:func_0018a818;this-pad:func_0018a550;this-pad:func_00180618;arity-pad:func_0019fa58;gvote:LastXemnusLaser->00352bd0;globals:2ppc/3ps2;fix-retype:COLLISION->YS::COLLISION	
001e17b8	006189f4	284	loop	94.71	compile	0.0	001e17b8.cpp:2166: incompatible		
001e1e40	006190f0	752	float	44.30	near	35.2		positional:explosion->00312db8;this-pad:func_001e0e50;this-pad:func_00312db8;gvote:Random->003638d0;globals:2ppc/10ps2	
001e3330	002abc98	308	float	76.77	compile	0.0	001e3330.cpp:233: invalid types	positional:pppSetMatrix->001e7da8;positional:MulMatrix->002f3d08;positional:Normalize->002f3d08;positional:CopyVector->002f3d98;positional:OuterProduct->002f3d98;this-pad:func_002f3d98;globals:1ppc/11ps2;fix-arity:func_002f3d08;fix-arity:func_002f3d98;fix-arity:func_002f3d08;fix-arity:func_002f3d98;fix-arity:func_002f3d08;fix-arity:func_002f3d98;fix-arity:func_002f3d98	
001e3690	002abfec	520	loop	66.70	near	0.0		globals:0ppc/8ps2	
001e3898	002ad35c	96	loop	99.71	near	21.37		positional:pppMovePdt->001e3650	
001e3c98	002add24	428	loop	63.82	near	34.86		stack-locals:1;positional:setupTextures->002fdfc8;positional:checkMarkCreated->002fdfc8;positional:putEntryTex->002fdfc8;positional:setTEXFLUSH->002fdfc8;arity-pad:func_002fdfc8;globals:3ppc/9ps2;fix-arity:func_002fdfc8;fix-arity:func_002fdfc8;fix-voidret:func_002fdfc8;fix-arity:func_002fdfc8	
001e3e48	002ad698	476	loop	66.33	near	33.73		globals:3ppc/9ps2;variant:no_dims	
001e4028	002ae554	436	loop	65.71	near	17.92		globals:0ppc/9ps2	
001e4320	002ac1d0	2808	float	34.50	near	0.0		globals:0ppc/10ps2	
001e4e18	002ad068	228	float	53.59	near	16.25		unmapped-call:pppInitPdt;unmapped-call:dpd_set_monochrome_rsd_data;dropped:dpd_set_monochrome_rsd_datax1;dropped:pppInitPdtx1;globals:1ppc/3ps2	
001e5458	005ca3c8	440	loop	60.92	compile	0.0	001e5458.cpp:307: request for	positional:lmemset->002fdfc8;positional:Normalize->002fdfc8;positional:UnitMatrix->001e3650;positional:ScaleVectorXYZ->001e3660;positional:CopyVector->002fdfc8;positional:CopyMatrix->002fdfc8;positional:birth->002fdfc8;positional:calc->002fdfc8;arity-pad:func_002fdfc8;globals:4ppc/7ps2;fix-arity:func_002fdfc8;fix-arity:func_002fdfc8;fix-arity:func_002fdfc8;fix-arity:func_002fdfc8	
001e5fd8	002ad65c	36	straight	77.78	near	9.89		globals:2ppc/1ps2;unmapped-global:ppvWorkMemSize;fix-gtype:D_10000000->anon_str_pppfunc_h_609;static-unmapped	
001e6188	002ad590	164	float	54.22	near	62.96		positional:_sprintf->00313b80;fix-gtype:D_01da8cd0->anon_str_o_draw_h_198;fix-gtype:D_0036ef1c->anon_str_pppfunc_h_609;variant:no_dims	
001e6280	002ada78	840	float	42.28	near	0.0		positional:dpd_set_object_data->002fdfc8;positional:pppRunPartExec->002fdfc8;positional:pppRunPart->001e6038;positional:pppAllFreePObject->001e41e0;gvote:ppvMng->01d9e6e0;gvote:ppvUserStopPartF->01d9ea9c;gvote:g_CurrentEffData->00354690;globals:5ppc/11ps2	
001e6688	002ae018	92	straight	48.30	near	11.0		unmapped-call:op_gs2_init_eff;unmapped-call:setProjectionCenter;dropped:op_gs2_init_effx1;dropped:setProjectionCenterx1;gvote:g_CurrentEffData->00354690;globals:4ppc/2ps2;unmapped-global:ppvVu1SprDbId;unmapped-global:ppvVertex;static-unmapped	
001e66e8	002aebf0	1036	float	72.86	near	13.4		stack-locals:1;positional:dpd_set_object_data->002fdfc8;positional:pppRunPart->002fdfc8;positional:pppAllFreePObject->001e41e0;positional:vramcache->001e8c28;positional:setupTextures->001e7cc0;positional:checkMarkCreated->001e41e0;positional:putEntryTex->001e5f40;positional:setTEXFLUSH->001e5f88;positional:dpd_set_shape_tex->001e5458;positional:setOmdTex0->001e5718;positional:op_ot_draw->002f25a0;positional:op_otz_init->003058a0;arity-pad:func_002fdfc8;gvote:ppvMng->01d9e6e0;gvote:g_CurrentEffData->00354690;gvote:ppvCurPrimp->01d9eaa4;globals:8ppc/15ps2;fix-arity:func_002fdfc8;fix-voidret:func_002fdfc8;fix-arity:func_002fdfc8;fix-voidret:func_001e41e0	
001e6c00	002af36c	60	straight	51.53	compile	0.0	001e6c00.cpp:60: request for	gvote:ppvEnv->01d9e6e4	
001e6c40	002af39c	140	float	64.39	near	43.86		simmap:pppGetPdata->001e3690;simmap:pppStartPart->001e8048;globals:0ppc/4ps2	
001e6ed8	002af69c	304	float	42.30	compile	0.0	001e6ed8.cpp:73: invalid types	positional:CopyMatrix->002f3f98;positional:CopyVector->002f3e20;unmapped-call:InversMatrix;unmapped-call:MulMatrix;dropped:MulMatrixx1;dropped:InversMatrixx1;globals:2ppc/17ps2	
001e7230	002af8ec	104	loop	98.46	near	58.65			
001e7a98	005a63c8	328	loop	64.60	compile	0.0	001e7a98.cpp:236: request for	positional:_printf->002fdfc8;gvote:ppvEnv->01d9e6e4;globals:2ppc/6ps2;gdims:__LNst__Z16pppCreatePObjectP9_pppMngStP12_pppPDataVal_0	
001e7be0	005a65ec	224	loop	79.38	compile	0.0	001e7be0.cpp:253: request for	gvote:ppvEnv->01d9e6e4	
001e8048	005a6b34	312	loop	66.92	compile	0.0	001e8048.cpp:259: request for	gvote:ppvMng->01d9e6e0;gvote:ppvEnv->01d9e6e4	
001e8180	005a6cf4	264	loop	41.90	near	36.1			
001e8288	005a6e80	168	loop	71.83	near	33.36			
001e8330	005a732c	548	loop	71.53	compile	0.0	001e8330.cpp:561: request for	gvote:ppvPObj->01d9e6e8;gvote:ppvUserStopPartF->01d9ea9c;gvote:ppvMng->01d9e6e0;globals:6ppc/4ps2;gdims:NoEmptyRunCalcFunc;unmapped-global:NoEmptyRunCalcFunc;unmapped-global:ppvEnv	
001e8ac8	005a6f44	240	loop	82.97	near	19.78		simmap:pppCreatePObject->001e7a98;globals:3ppc/4ps2	
001e9c28	005c38d8	260	float	63.88	near	58.29		positional:ApplyMatrix->002f3cd8;gvote:ppvEnv->01d9e6e4;globals:1ppc/2ps2	
001e9d48	005c2f14	252	float	73.19	near	68.81		simmap:pppCreatePObject->001e7a98;positional:ApplyMatrix->002f3cd8;gvote:ppvMng->01d9e6e0;gvote:ppvPObj->01d9e6e8;globals:2ppc/3ps2	
001ea100	005c3544	176	float	76.04	near	16.03		simmap:pppCreatePObject->001e7a98;simmap:pppCreatePObject->001e7a98;unmapped-call:GetRandF;dropped:GetRandFx1;gvote:ppvMng->01d9e6e0;globals:5ppc/1ps2;unmapped-global:ppvUserStopPartF;unmapped-global:ppvEmptyLoop;unmapped-global:ppvPObj;unmapped-global:ppvEnv;static-unmapped	
001ebcf0	005be9a8	308	float	63.70	near	59.4		simmap:pppCreatePObject->001e7a98;gvote:ppvUserStopPartF->01d9ea9c;gvote:ppvMng->01d9e6e0	
001f4e18	005b4b40	96	straight	82.58	near	71.79		positional:KeThCp_Init->002223e0	
001f59b0	005a9398	768	float	57.81	near	0.0		stack-locals:1;simmap:KeVu0RndI->00222568;simmap:pppCreatePObject->001e7a98;simmap:KeVu0SubVecXYZ->00222730;simmap:KeVu0RndI->00222568;positional:CopyMatrix->002f3f98;positional:ApplyMatrix->002f3cd8;gvote:ppvUserStopPartF->01d9ea9c;gvote:ppvMng->01d9e6e0;gvote:ppvEnv->01d9e6e4;gvote:ppvPObj->01d9e6e8;globals:4ppc/6ps2;fix-arg:func_00222730:3	
001f5cc8	005a97c0	300	float	83.73	near	55.64		simmap:pppCreatePObject->001e7a98;simmap:KeVu0CopyVecXYZ->002226b8;simmap:KeVu0CopyVecXYZ->002226b8;positional:ApplyMatrix->002f3cd8;positional:SubVector->002f3f10;positional:Normalize->002f3d98;positional:ScaleVector->002f3f40;gvote:ppvMng->01d9e6e0;gvote:ppvPObj->01d9e6e8;globals:2ppc/3ps2;fix-arg:func_002f3f10:3	
001f5df8	005a9954	256	branchy	94.69	near	0.0		simmap:KeVu0RndI->00222568;unmapped-call:KeBornRnd2;dropped:KeBornRnd2x1;gvote:ppvEmptyLoop->01d9eab4;gvote:ppvUserStopPartF->01d9ea9c;gvote:ppvMng->01d9e6e0;globals:3ppc/4ps2	
001f5f10	005a9a70	284	float	84.92	near	40.01		simmap:pppCreatePObject->001e7a98;simmap:KeVu0CopyVecXYZ->002226b8;simmap:KeVu0CopyVecXYZ->002226b8;positional:ApplyMatrix->002f3cd8;positional:SubVector->002f3f10;positional:Normalize->002f3d98;gvote:ppvMng->01d9e6e0;gvote:ppvPObj->01d9e6e8;globals:2ppc/3ps2;fix-arg:func_002f3f10:3	
001f6030	005a9be8	256	branchy	94.69	near	0.0		simmap:KeVu0RndI->00222568;unmapped-call:KeBornRnd2;dropped:KeBornRnd2x1;gvote:ppvEmptyLoop->01d9eab4;gvote:ppvUserStopPartF->01d9ea9c;gvote:ppvMng->01d9e6e0;globals:3ppc/4ps2	
001f6148	005a9d04	332	float	83.62	near	53.95		simmap:pppCreatePObject->001e7a98;simmap:KeVu0CopyVecXYZ->002226b8;simmap:KeVu0CopyVecXYZ->002226b8;simmap:KeVu0CopyVecXYZ->002226b8;positional:ApplyMatrix->002f3cd8;positional:SubVector->002f3f10;positional:Normalize->002f3d98;positional:ScaleVector->002f3f40;gvote:ppvMng->01d9e6e0;gvote:ppvPObj->01d9e6e8;globals:2ppc/3ps2;fix-arg:func_002f3f10:3	
001f6298	005a9ec0	920	float	23.64	near	7.83		simmap:KeVu0RndI->00222568;simmap:KeBornRnd2->0021ee48;simmap:KeVu0RndI->00222568;simmap:pppCreatePObject->001e7a98;simmap:KeVu0CopyVecXYZ->002226b8;simmap:KeVu0CopyVecXYZ->002226b8;simmap:KeVu0CopyVecXYZ->002226b8;simmap:KeVu0RndI->00222568;positional:ApplyMatrix->002f3cd8;positional:SubVector->002f3f10;positional:Normalize->002f3d98;positional:ScaleVector->002f3f40;gvote:ppvEmptyLoop->01d9eab4;gvote:ppvUserStopPartF->01d9ea9c;gvote:ppvMng->01d9e6e0;gvote:ppvPObj->01d9e6e8;gvote:ppvEnv->01d9e6e4;globals:6ppc/8ps2;fix-arg:func_002f3f10:3	
001f6648	005aa338	300	float	83.73	near	55.64		simmap:pppCreatePObject->001e7a98;simmap:KeVu0CopyVecXYZ->002226b8;simmap:KeVu0CopyVecXYZ->002226b8;positional:ApplyMatrix->002f3cd8;positional:SubVector->002f3f10;positional:Normalize->002f3d98;positional:ScaleVector->002f3f40;gvote:ppvMng->01d9e6e0;gvote:ppvPObj->01d9e6e8;globals:2ppc/3ps2;fix-arg:func_002f3f10:3	
001f6778	005aa4cc	212	branchy	85.00	near	75.38		simmap:KeBornRnd2->0021ee48;gvote:ppvEmptyLoop->01d9eab4;gvote:ppvUserStopPartF->01d9ea9c;gvote:ppvMng->01d9e6e0	
001f6b68	005aa8d0	212	branchy	85.00	near	75.38		simmap:KeBornRnd2->0021ee48;gvote:ppvEmptyLoop->01d9eab4;gvote:ppvUserStopPartF->01d9ea9c;gvote:ppvMng->01d9e6e0	
001f6c58	005a90e0	480	float	88.22	near	57.1		stack-locals:1;simmap:pppCreatePObject->001e7a98;simmap:KeVu0CopyVecXYZ->002226b8;simmap:pppCreatePObject->001e7a98;positional:CopyVector->002f3f88;positional:SubVector->002f3f10;positional:ScaleVector->002f3f40;positional:KeVu0AddVecXYZ->00222750;gvote:ppvMng->01d9e6e0;globals:1ppc/2ps2	
001f6eb8	005ac258	344	float	86.03	compile	0.0	001f6eb8.cpp:150: field `zbuf'	stack-locals:1;synth-fields:11;positional:getMagicScale->00313b80;positional:getWideOffset->00313b80;positional:getOriginalBufferSize->002f8010;positional:FTOI4Vector->00313e80;positional:op_spr_alloc->003144b0;positional:getBufferSize->00313b80;positional:resizeRenderTarget->00313b80;positional:setRenderTarget->002f8010;positional:setShader->00313ed8;unmapped-call:setColorDoubleEnable;unmapped-call:setPRIM;unmapped-call:setZBUF;unmapped-call:setFRAME;unmapped-call:setTEST;unmapped-call:_mapVertexResource;unmapped-call:getRHW;unmapped-call:_setTILE;unmapped-call:draw;unmapped-call:resetRenderTarget;unmapped-call:getTempMainMemory;unmapped-call:copyFrameTex;unmapped-call:getSafeScale;unmapped-call:op_spr_free;dropped:resetRenderTargetx1;dropped:getTempMainMemoryx1;dropped:op_spr_freex1;dropped:getRHWx4;dropped:setPRIMx1;dropped:_mapVertexResourcex2;dropped:_setTILEx2;dropped:setTESTx3;dropped:setZBUFx2;dropped:getSafeScalex1;dropped:copyFrameTexx1;dropped:drawx2;dropped:setFRAMEx2;dropped:setColorDoubleEnablex2;arity-pad:func_00313b80;arity-pad:func_002f8010;fix-anonidx:Axa_GS_SET_SCISSOR_anon_uni_GSRegister_h_1532.field1;fix-anonidx:Axa_GS_SET_SCISSOR_anon_uni_GSRegister_h_1532.field1;fix-anonidx:Axa_GS_SET_XYOFFSET_anon_uni_GSRegister_h_2402.field1;fix-anonidx:Axa_GS_SET_XYOFFSET_anon_uni_GSRegister_h_2402.field1;fix-anonidx:Axa_GS_SET_SCISSOR_anon_uni_GSRegister_h_1532.field1;fix-anonidx:Axa_GS_SET_SCISSOR_anon_uni_GSRegister_h_1532.field1;fix-anonidx:Axa_GS_SET_SCISSOR_anon_uni_GSRegister_h_1532.field1;fix-anonidx:Axa_GS_SET_SCISSOR_anon_uni_GSRegister_h_1532.field1;fix-arity:func_00313b80;fix-arity:func_00313b80;fix-assign-cast;fix-arity:func_002f8010;fix-anonidx:Axa_GS_SET_XYOFFSET_anon_uni_GSRegister_h_2402.field1;fix-anonidx:Axa_GS_SET_XYOFFSET_anon_uni_GSRegister_h_2402.field1;fix-gtype:D_00370204->Axa_GS_GSDevice_GSCONTEXT;fix-hdmember:Axa_GS_GSDevice_GSCONTEXT.zbuf;fix-hdmember:Axa_GS_GSDevice_GSCONTEXT.frame;fix-hdmember:Axa_GS_GSDevice_GSCONTEXT.zbuf;fix-hdmember:Axa_GS_GSDevice_GSCONTEXT.frame	
001fbd78	005aae48	496	float	75.24	compile	0.0	001fbd78.cpp:293: cannot	stack-locals:1;simmap:KeVu0RndI->00222568;simmap:KeVu0CopyVecXYZ->002226b8;positional:SubVector->002f3f10;positional:Normalize->002f3d98;positional:CopyVector->002f3f88;positional:KeVu0VecLen->002229a0;positional:AddVector->002f3d98;positional:InterVector->002f3ef8;positional:ScaleVector->002f3ed0;arity-pad:func_002f3d98;gvote:ppvMng->01d9e6e0;gvote:ppvUserStopPartF->01d9ea9c;globals:3ppc/4ps2;fix-arity:func_002f3d98;fix-arity:func_002f3d98;fix-arity:func_002f3d98	
001fbfd8	005ab110	372	float	78.91	compile	0.0	001fbfd8.cpp:287: cannot	positional:SubVector->002f3f10;positional:KeVu0VecLen->002229a0;positional:Normalize->002f3d98;positional:ScaleVector->002f3f40;positional:KeVu0AddVecXYZ->00222750;gvote:ppvMng->01d9e6e0;gvote:ppvUserStopPartF->01d9ea9c;globals:3ppc/4ps2	
001fc1a0	005ab30c	360	branchy	74.41	near	26.33		simmap:pppCreatePObject->001e7a98;unmapped-call:KeVu0CopyVecXYZ;dropped:KeVu0CopyVecXYZx2;gvote:ppvUserStopPartF->01d9ea9c;gvote:ppvMng->01d9e6e0	
001fc320	005ab4c0	528	float	67.46	compile	0.0	001fc320.cpp:310: cannot	simmap:KeVu0SubVecXYZ->00222730;positional:SubVector->002f3f10;positional:CopyVector->002f3f88;positional:KeVu0ItrsBallLine->002225a8;positional:ScaleVector->002f3f40;positional:AddVector->002f3ef8;gvote:ppvMng->01d9e6e0;gvote:ppvUserStopPartF->01d9ea9c;globals:3ppc/4ps2	
001fc5b8	005adac0	160	straight	65.22	near	5.2		stack-locals:1;synth-fields:2;positional:pppGetRotMatrixXYZ->001e8fe0	
001fc720	005adbe8	984	float	60.61	compile	0.0	001fc720.cpp:631: parse error	stack-locals:1;synth-fields:19;positional:ScaleVector->0020eaf8;positional:op_spr_alloc->002f3f10;positional:operator__->002f3e90;positional:getMagicScale->00313bc0;positional:getSafeScale->00313bc0;positional:ITOF0Vector->00313bc0;positional:ScaleVectorXYZ->00313bc0;positional:FTOI0Vector->002f3ef8;positional:NormalizeXYZ->002f28b8;positional:op_ot_add->003058a0;positional:op_spr_free->002f2be0;arity-pad:func_00313bc0;gvote:ppvUserStopPartF->01d9ea9c;gvote:ppvMng->01d9e6e0;gvote:ppvEnv->01d9e6e4;globals:20ppc/7ps2;unmapped-global:ppvDrawHeight;unmapped-global:ppvDrawFrameBase;unmapped-global:ppvDispFrameBase;unmapped-global:ppvDispWidth;unmapped-global:ppvDispHeight;unmapped-global:ppvGsScissor;unmapped-global:ppvCurPrimp;unmapped-global:0xffc000;unmapped-global:ppvScreenMatrix;unmapped-global:s_pInstance;unmapped-global:ppvOTVector;unmapped-global:0x7a0cd8;unmapped-global:ppvCurPrimpLen;fix-undecl:local_1b8	
001fe398	005b42a8	684	float	72.20	compile	0.0	001fe398.cpp:280: declaration	stack-locals:1;positional:CopyMatrix->002f28b8;positional:ApplyMatrix->00222aa8;positional:Normalize->0020e7a8;unmapped-call:CopyVector;unmapped-call:KeThCp_AddBp;unmapped-call:KeThCp_Update;dropped:KeThCp_Updatex1;dropped:KeThCp_AddBpx1;dropped:CopyVectorx1;gvote:ppvUserStopPartF->01d9ea9c;gvote:ppvMng->01d9e6e0;globals:5ppc/4ps2;unmapped-global:ppvMonochrome	
001fe798	005b4c48	316	branchy	46.49	near	0.0		positional:KeVu0CopyVecXYZ->0021d048;gvote:ppvPObj->01d9e6e8;globals:4ppc/3ps2;unmapped-global:ppvUserStopPartF;fix-arg:func_0021d048:2;static-unmapped	
001ff958	005b23a0	1044	float	35.82	compile	0.0	001ff958.cpp:302: cannot	positional:CopyVector->002f3cd8;positional:ApplyMatrix->002f3f88;gvote:ppvUserStopPartF->01d9ea9c;gvote:ppvMng->01d9e6e0;gvote:ppvPObj->01d9e6e8;globals:3ppc/5ps2;fix-arg:func_002f3cd8:2;fix-arg:func_002f3f88:3;fix-arg:func_002f3cd8:2;fix-arg:func_002f3f88:3;fix-arg:func_002f3cd8:2;fix-arg:func_002f3cd8:2;fix-arg:func_002f3cd8:2;fix-arg:func_002f3cd8:2	
00209178	005c3de0	360	float	48.72	near	6.85		globals:0ppc/8ps2	
002092e0	005c3f10	68	branchy	64.00	near	36.35		simmap:get_st->00209178	
00209df0	005c5358	144	straight	81.67	near	52.61		positional:MulMatrix->002f3d08;positional:CopyMatrix->002f3d08;gvote:ppvPObj->01d9e6e8;globals:1ppc/3ps2;fix-arity:func_002f3d08	
00209e80	005c5418	76	straight	64.00	near	40.15		positional:CopyVector->002f3f88;globals:0ppc/2ps2	
00209ed0	005c5478	232	float	76.25	compile	0.0	00209ed0.cpp:170: cannot	positional:UnitMatrix->002f4000;positional:MulMatrix->002f3d08;positional:ScaleVector->002f3f40;positional:ApplyMatrix->002f3f40;positional:CopyMatrix->002f3f40;gvote:ppvPObj->01d9e6e8;globals:1ppc/3ps2;fix-arg:func_002f3f40:1;fix-arg:func_002f3f40:1;fix-arg:func_002f3f40:1;fix-arg:func_002f3f40:1;fix-arity:func_002f3f40;fix-arg:func_002f3f40:2;fix-arg:func_002f3f40:2;fix-arg:func_002f3f40:2;fix-arg:func_002f3f40:1;fix-arg:func_002f3f40:2;fix-arg:func_002f3f40:2;fix-arg:func_002f3f40:2;fix-arg:func_002f3f40:2;fix-arg:func_002f3f40:2	
0020a090	005c93d8	1148	float	88.22	compile	0.0	0020a090.cpp:255: pointer value	stack-locals:1;positional:lmemset->0020a000;positional:GetRandF->0020a000;positional:UnitMatrix->0020a000;positional:RotMatrix->0020a000;positional:ApplyMatrix->00209fb8;positional:Normalize->00209fb8;positional:ScaleVectorXYZ->00209fb8;positional:CopyMatrix->00313b80;positional:MulMatrix->003142e0;gvote:ppvEnv->01d9e6e4;globals:2ppc/4ps2;fix-arity:func_0020a000;fix-assign-cast;fix-arity:func_0020a000;fix-arity:func_00209fb8;fix-arity:func_0020a000;fix-assign-cast;fix-arity:func_0020a000;fix-assign-cast;fix-arity:func_0020a000;fix-assign-cast;fix-assign-cast;fix-assign-cast;fix-assign-cast;fix-assign-cast;fix-assign-cast;fix-assign-cast;fix-assign-cast;fix-assign-cast	
0020aec8	005cc2b8	300	float	95.01	compile	0.0	0020aec8.cpp:171: invalid types	positional:UnitMatrix->002f4000;positional:RotMatrixZ->002f40a0;positional:CopyVector->002f3f88;positional:ApplyMatrix->002f3cd8;positional:MulMatrix->002f3d08;globals:1ppc/5ps2	
0020aff8	005ca878	772	float	53.44	near	0.0		stack-locals:1;synth-fields:5;positional:op_spr_alloc->0020a060;positional:CopyMatrix->0020aec0;positional:CopyVector->0020aec8;positional:MulMatrix->0021d048;unmapped-call:ScaleVectorXYZ;unmapped-call:AddVector;unmapped-call:ApplyMatrix;unmapped-call:ZeroVector;unmapped-call:op_shape_draw;unmapped-call:op_spr_free;dropped:ZeroVectorx2;dropped:ApplyMatrixx4;dropped:op_spr_freex1;dropped:AddVectorx2;dropped:op_shape_drawx1;dropped:ScaleVectorXYZx1;gvote:ppvEnv->01d9e6e4;gvote:ppvCurPrimp->01d9eaa4;globals:9ppc/3ps2;unmapped-global:ppvScreenMatrix;unmapped-global:ppvPObj;unmapped-global:eff_sin_t;unmapped-global:g_EventPatch;unmapped-global:g_NearHosei;unmapped-global:g_FarHosei;static-unmapped	
0020b4e8	005ccdd0	2248	float	74.65	compile	0.0	0020b4e8.cpp:336: incompatible	stack-locals:1;positional:UnitMatrix->0020b458;positional:GetRandF->0020b458;positional:RotMatrix->0020b458;positional:ApplyMatrix->0020b458;positional:Normalize->0020b410;positional:OuterProduct->0020b410;positional:ScaleVectorXYZ->00313b80;positional:CopyMatrix->003142e0;arity-pad:func_0020b458;arity-pad:func_0020b410;globals:2ppc/1ps2;unmapped-global:ppvEnv	
0020c860	005d0348	364	float	84.58	near	67.38		stack-locals:1;positional:UnitMatrix->002f4000;positional:RotMatrix->002f4298;positional:MulMatrix->002f3d08;positional:ScaleVector->002f3f40;positional:CopyVector->002f3f88;positional:ApplyMatrix->002f3cd8;globals:0ppc/5ps2	
0020c9d0	005d0528	896	float	60.32	near	0.0		stack-locals:1;simmap:set_matrix->0020c860;positional:op1_md_draw->0020b4b8;gvote:ppvEnv->01d9e6e4;gvote:ppvCurPrimp->01d9eaa4;globals:2ppc/6ps2	
0020cf60	005d1080	88	float	88.18	near	0.0		unmapped-call:RyjMegaBirthUserCtrDrawShapeLine;dropped:RyjMegaBirthUserCtrDrawShapeLinex1;gvote:ppvReferenceMatrixList->00354688;gvote:ppvReferenceMatrixNum->0035468c	
0021cdd0	005c6e68	632	float	41.34	near	0.0		stack-locals:1;positional:CopyVector->002fdfc8;positional:InterVector->002fdfc8;arity-pad:func_002fdfc8;globals:3ppc/9ps2;fix-arity:func_002fdfc8;fix-arity:func_002fdfc8;fix-arity:func_002fdfc8	
0021efc0	005c6ac4	156	branchy	75.97	compile	0.0	0021efc0.cpp:225: parse error	stack-locals:1;unmapped-call:MulMatrix;unmapped-call:UnitMatrix;unmapped-call:CopyVectorXYZ;unmapped-call:op1_md_draw;dropped:CopyVectorXYZx1;dropped:MulMatrixx2;dropped:UnitMatrixx1;dropped:op1_md_drawx1;globals:3ppc/0ps2;unmapped-global:ppvEnv;unmapped-global:ppvCurPrimp;unmapped-global:ppvPObj	
002200c0	005cc918	1028	float	70.50	compile	0.0	002200c0.cpp:323: `struct	positional:ScaleVectorXYZ->002f3fd0;positional:AddVector->002226b8;globals:0ppc/2ps2	
002209f0	005cee18	660	float	81.55	near	6.52		positional:GetRandF->002f3fd0;globals:0ppc/1ps2	
00220c88	005ced60	104	straight	81.62	compile	0.0	00220c88.cpp:148: request for	globals:1ppc/0ps2;unmapped-global:ppvEnv	
002223f0	005cf8d0	344	float	86.03	compile	0.0	002223f0.cpp:326: cannot	stack-locals:1;positional:ScaleVectorXYZ->00313b80;positional:AddVector->00313b80;positional:SubVector->002f8010;positional:Normalize->00313e80;positional:GetLength->003144b0;positional:InnerProduct->00313b80;positional:GetRandF->00313b80;positional:RotMatrix->002f8010;positional:ApplyMatrix->00313ed8;unmapped-call:ScaleVector;unmapped-call:init_param;dropped:ScaleVectorx1;dropped:init_paramx1;globals:0ppc/4ps2;fix-arg:func_00313b80:3;fix-arity:func_00313b80;fix-voidret:func_00313b80;fix-arity:func_00313b80;fix-arg:func_00313b80:3;fix-arg:func_00313b80:3;fix-arity:func_00313b80;fix-arg:func_00313b80:3;fix-arg:func_00313b80:3;fix-arg:func_00313b80:3;fix-arity:func_00313b80	
002225a8	005d5e18	204	float	75.69	near	27.47		globals:0ppc/1ps2	
002249f8	002da2bc	180	switch	68.11	near	29.14		positional:_printf->001c1130;positional:startClear->002249c8;globals:7ppc/1ps2;unmapped-global:s_stage;unmapped-global:s_score;unmapped-global:s_comboMax;unmapped-global:s_successNgCount;unmapped-global:__LNst__ZN2sa7MUSICAL6resultEv_1;unmapped-global:__LNst__ZN2sa7MUSICAL6resultEv_0;static-unmapped;variant:no_dims	
00224c20	002d9c00	208	branchy	91.13	near	0.0		globals:7ppc/5ps2;gdims:__LNst__ZN2sa5EVENT17checkMusicalSceneEv_0;gdims:__LNst__ZN2sa5EVENT17checkMusicalSceneEv_1;gdims:__LNst__ZN2sa5EVENT17checkMusicalSceneEv_2;gdims:__LNst__ZN2sa5EVENT17checkMusicalSceneEv_3;gdims:__LNst__ZN2sa5EVENT17checkMusicalSceneEv_4;unmapped-global:m_event_buffer_size;unmapped-global:0x700000;static-unmapped	
00224d48	002d9d60	160	switch	49.98	near	31.37		positional:init->00224e90;globals:7ppc/1ps2;gdims:__LNst__ZN2sa5EVENT17checkMusicalSceneEv_0;unmapped-global:__LNst__ZN2sa5EVENT17checkMusicalSceneEv_0;gdims:__LNst__ZN2sa5EVENT17checkMusicalSceneEv_1;unmapped-global:__LNst__ZN2sa5EVENT17checkMusicalSceneEv_1;gdims:__LNst__ZN2sa5EVENT17checkMusicalSceneEv_2;unmapped-global:__LNst__ZN2sa5EVENT17checkMusicalSceneEv_2;gdims:__LNst__ZN2sa5EVENT17checkMusicalSceneEv_3;unmapped-global:__LNst__ZN2sa5EVENT17checkMusicalSceneEv_3;gdims:__LNst__ZN2sa5EVENT17checkMusicalSceneEv_4;unmapped-global:__LNst__ZN2sa5EVENT17checkMusicalSceneEv_4;unmapped-global:s_stage;static-unmapped	
00224fa0	002d9680	548	switch	56.03	near	31.54		dropped:ErrorPrintfx7;dropped:_printfx1;dropped:ErrorRaisex3;globals:8ppc/3ps2;unmapped-global:0x797220;gdims:__LNst__ZN2sa7MUSICAL9getRhythmEv_1;unmapped-global:__LNst__ZN2sa7MUSICAL9getRhythmEv_1;gdims:__LNst__ZN2sa7MUSICAL9getRhythmEv_3;unmapped-global:__LNst__ZN2sa7MUSICAL9getRhythmEv_3;gdims:LS_34_LV_0;unmapped-global:LS_34_LV_0;gdims:__LNst__ZN2sa5EVENT22set_bin_musical_targetERNS_18BIN_MUSICAL_TARGETEP4TASK_4;unmapped-global:__LNst__ZN2sa5EVENT22set_bin_musical_targetERNS_18BIN_MUSICAL_TARGETEP4TASK_4;static-unmapped	
00225328	002c1b3c	116	branchy	93.97	near	25.92		dropped:ErrorPrintfx4;dropped:ErrorRaisex4;dropped:_printfx2;globals:11ppc/1ps2;gdims:s_bgmVolume;unmapped-global:s_bgmVolume;gdims:volumeTable;unmapped-global:volumeTable;gdims:__LNst__ZN2sa5EVENT11set_bgm_seqERNS_11BIN_SEQ_BGMEP4TASK_0;unmapped-global:__LNst__ZN2sa5EVENT11set_bgm_seqERNS_11BIN_SEQ_BGMEP4TASK_0;unmapped-global:m_frame;gdims:__LNst__ZN2sa5EVENT17setVolumeContinueEv_0;unmapped-global:__LNst__ZN2sa5EVENT17setVolumeContinueEv_0;gdims:__LNst__ZN2sa5EVENT13setSkipVolumeEii_0;unmapped-global:__LNst__ZN2sa5EVENT13setSkipVolumeEii_0;gdims:__LNst__ZN2sa5EVENT16readBgmBuffAllocEPcPNS_7READ_WKENS_11EVENT_ALLOC10ALLOC_TYPEE_0;unmapped-global:__LNst__ZN2sa5EVENT16readBgmBuffAllocEPcPNS_7READ_WKENS_11EVENT_ALLOC10ALLOC_TYPEE_0;gdims:LS_45_LV_5;unmapped-global:LS_45_LV_5;gdims:__LNst__ZN2sa5EVENT11set_bgm_seqERNS_11BIN_SEQ_BGMEP4TASK_6;unmapped-global:__LNst__ZN2sa5EVENT11set_bgm_seqERNS_11BIN_SEQ_BGMEP4TASK_6;gdims:LS_50_LV_6;unmapped-global:LS_50_LV_6;static-unmapped	
002253a0	002c166c	400	loop	73.06	near	64.23		positional:waitSoundOn->00225530;dropped:ErrorPrintfx2;dropped:ErrorRaisex2;dropped:StatusPrintfx2;dropped:_printfx9;this-pad:func_00102448;globals:14ppc/2ps2;gdims:volumeTable;gdims:fadeTable;unmapped-global:fadeTable;gdims:__LNst__ZN2sa5EVENT11set_bgm_seqERNS_11BIN_SEQ_BGMEP4TASK_0;unmapped-global:__LNst__ZN2sa5EVENT11set_bgm_seqERNS_11BIN_SEQ_BGMEP4TASK_0;unmapped-global:m_frame;gdims:__LNst__ZN2sa5EVENT17setVolumeContinueEv_0;unmapped-global:__LNst__ZN2sa5EVENT17setVolumeContinueEv_0;gdims:__LNst__ZN2sa5EVENT16readBgmBuffAllocEPcPNS_7READ_WKENS_11EVENT_ALLOC10ALLOC_TYPEE_0;unmapped-global:__LNst__ZN2sa5EVENT16readBgmBuffAllocEPcPNS_7READ_WKENS_11EVENT_ALLOC10ALLOC_TYPEE_0;gdims:__LNst__ZN2sa5EVENT11set_bgm_seqERNS_11BIN_SEQ_BGMEP4TASK_2;unmapped-global:__LNst__ZN2sa5EVENT11set_bgm_seqERNS_11BIN_SEQ_BGMEP4TASK_2;gdims:__LNst__ZN2sa5EVENT11set_bgm_seqERNS_11BIN_SEQ_BGMEP4TASK_4;unmapped-global:__LNst__ZN2sa5EVENT11set_bgm_seqERNS_11BIN_SEQ_BGMEP4TASK_4;gdims:__LNst__ZN2sa5EVENT11set_bgm_seqERNS_11BIN_SEQ_BGMEP4TASK_5;unmapped-global:__LNst__ZN2sa5EVENT11set_bgm_seqERNS_11BIN_SEQ_BGMEP4TASK_5;gdims:__LNst__ZN2sa5EVENT11set_bgm_seqERNS_11BIN_SEQ_BGMEP4TASK_6;unmapped-global:__LNst__ZN2sa5EVENT11set_bgm_seqERNS_11BIN_SEQ_BGMEP4TASK_6;gdims:LS_41_LV_4;unmapped-global:LS_41_LV_4;gdims:__LNst__ZN2sa5EVENT11set_bgm_seqERNS_11BIN_SEQ_BGMEP4TASK_7;unmapped-global:__LNst__ZN2sa5EVENT11set_bgm_seqERNS_11BIN_SEQ_BGMEP4TASK_7;gdims:__LNst__ZN2sa5EVENT11set_bgm_seqERNS_11BIN_SEQ_BGMEP4TASK_8;unmapped-global:__LNst__ZN2sa5EVENT11set_bgm_seqERNS_11BIN_SEQ_BGMEP4TASK_8;static-unmapped	
00225640	002c1194	80	straight	90.45	near	34.16		positional:memalign_d->00225eb8;dropped:ErrorPrintfx3;dropped:ErrorRaisex3;globals:5ppc/1ps2;gdims:__LNst__ZN2sa5EVENT16readBgmBuffAllocEPcPNS_7READ_WKENS_11EVENT_ALLOC10ALLOC_TYPEE_2;gdims:__LNst__ZN2sa5EVENT16readBgmBuffAllocEPcPNS_7READ_WKENS_11EVENT_ALLOC10ALLOC_TYPEE_0;unmapped-global:__LNst__ZN2sa5EVENT16readBgmBuffAllocEPcPNS_7READ_WKENS_11EVENT_ALLOC10ALLOC_TYPEE_0;unmapped-global:LS_29_LV_0;gdims:__LNst__ZN2sa5EVENT16readBgmBuffAllocEPcPNS_7READ_WKENS_11EVENT_ALLOC10ALLOC_TYPEE_4;unmapped-global:__LNst__ZN2sa5EVENT16readBgmBuffAllocEPcPNS_7READ_WKENS_11EVENT_ALLOC10ALLOC_TYPEE_4;gdims:__LNst__ZN2sa5EVENT16readBgmBuffAllocEPcPNS_7READ_WKENS_11EVENT_ALLOC10ALLOC_TYPEE_5;unmapped-global:__LNst__ZN2sa5EVENT16readBgmBuffAllocEPcPNS_7READ_WKENS_11EVENT_ALLOC10ALLOC_TYPEE_5	
002256c8	002c14b0	112	branchy	91.54	near	41.94		unmapped-call:readSpecialVsb;dropped:readSpecialVsbx1;dropped:ErrorPrintfx1;dropped:ErrorRaisex1;dropped:_printfx2;this-pad:func_00102448;gvote:m_event_buffer_size->0035db18;globals:7ppc/1ps2;unmapped-global:0x797090;gdims:__LNst__ZN2sa5EVENT13read_bgm_dataERNS_12BIN_BGM_DATAEP4TASK_0;unmapped-global:__LNst__ZN2sa5EVENT13read_bgm_dataERNS_12BIN_BGM_DATAEP4TASK_0;gdims:__LNst__ZN2sa5EVENT13read_bgm_dataERNS_12BIN_BGM_DATAEP4TASK_1;unmapped-global:__LNst__ZN2sa5EVENT13read_bgm_dataERNS_12BIN_BGM_DATAEP4TASK_1;gdims:__LNst__ZN2sa5EVENT16readBgmBuffAllocEPcPNS_7READ_WKENS_11EVENT_ALLOC10ALLOC_TYPEE_0;unmapped-global:__LNst__ZN2sa5EVENT16readBgmBuffAllocEPcPNS_7READ_WKENS_11EVENT_ALLOC10ALLOC_TYPEE_0;gdims:LS_38_LV_3;unmapped-global:LS_38_LV_3;gdims:__LNst__ZN2sa5EVENT13read_bgm_dataERNS_12BIN_BGM_DATAEP4TASK_2;unmapped-global:__LNst__ZN2sa5EVENT13read_bgm_dataERNS_12BIN_BGM_DATAEP4TASK_2;static-unmapped	
00225898	002c1f5c	340	branchy	81.15	near	51.3		simmap:bgmStop->002ba298;positional:_printf->002b7148;positional:get_read_wk->002bd260;positional:ErrorPrintf->00227a60;positional:ErrorRaise->002bd2f0;positional:setNumber->002bd230;positional:setMemNumber->00227a60;globals:6ppc/1ps2;gdims:__LNst__ZN2sa5EVENT12set_bgm_sendERNS_12BIN_SEND_BGMEP4TASK_0;unmapped-global:m_frame;gdims:__LNst__ZN2sa5EVENT13read_bgm_dataERNS_12BIN_BGM_DATAEP4TASK_1;unmapped-global:__LNst__ZN2sa5EVENT13read_bgm_dataERNS_12BIN_BGM_DATAEP4TASK_1;gdims:__LNst__ZN2sa5EVENT16readBgmBuffAllocEPcPNS_7READ_WKENS_11EVENT_ALLOC10ALLOC_TYPEE_0;unmapped-global:__LNst__ZN2sa5EVENT16readBgmBuffAllocEPcPNS_7READ_WKENS_11EVENT_ALLOC10ALLOC_TYPEE_0;unmapped-global:LS_56_LV_9;unmapped-global:0x796f50;static-unmapped	
00225b00	002c94e4	76	branchy	90.53	near	88.5		gvote:m_jumpMode->0035de54;gvote:m_frame->0035de20;gvote:m_jumpFrame->0035de5c	
00225b88	002c96fc	336	branchy	85.62	near	85.62		dropped:_printfx8;gvote:m_event_end_frame->0035de28;gvote:m_frame->0035de20;gvote:m_ctrl_end->0035de56;gvote:m_voice_play_count->0035de2c;globals:11ppc/4ps2;gdims:__LNst__ZN2sa5EVENT9checkSkipEv_3;unmapped-global:__LNst__ZN2sa5EVENT9checkSkipEv_3;gdims:__LNst__ZN2sa5EVENT8checkEndEv_0;unmapped-global:__LNst__ZN2sa5EVENT8checkEndEv_0;unmapped-global:MainCounter;gdims:__LNst__ZN2sa5EVENT8checkEndEv_2;unmapped-global:__LNst__ZN2sa5EVENT8checkEndEv_2;gdims:__LNst__ZN2sa5EVENT8checkEndEv_3;unmapped-global:__LNst__ZN2sa5EVENT8checkEndEv_3;gdims:__LNst__ZN2sa5EVENT8checkEndEv_4;unmapped-global:__LNst__ZN2sa5EVENT8checkEndEv_4;gdims:__LNst__ZN2sa5EVENT8checkEndEv_1;unmapped-global:__LNst__ZN2sa5EVENT8checkEndEv_1	
00226090	002d58b0	472	switch	90.70	near	40.22		simmap:layout_read_set->0022c508;dropped:ErrorPrintfx3;dropped:_printfx2;dropped:ErrorRaisex1;gvote:m_bin_read_ctrl_ofs->0035dd04;gvote:m_bin_read_ctrl->0035dd08;gvote:m_frame->0035de20;gvote:m_ReadWaitFrame->0035daf0;gvote:m_event_end_frame->0035de28;globals:9ppc/7ps2;gdims:__LNst__ZN2sa5EVENT9read_ctrlEv_3;unmapped-global:MainCounter;gdims:__LNst__ZN2sa5EVENT9read_ctrlEv_4;unmapped-global:__LNst__ZN2sa5EVENT9read_ctrlEv_4	
00226268	002d54f8	388	branchy	77.49	near	44.8		stack-locals:1;this-pad:func_001051a0;gvote:m_next_map_read->0035de58;gvote:Current->0032bae0	
00226478	002bc8c8	808	loop	94.20	near	44.39		dropped:ErrorPrintfx6;dropped:ErrorRaisex6;dropped:_printfx4;this-pad:func_00225e70;this-pad:func_001ddd10;this-pad:func_00134668;globals:22ppc/12ps2;gdims:__LNst__ZN2sa13BIN_READ_CTRL6endianEv_1;unmapped-global:__LNst__ZN2sa13BIN_READ_CTRL6endianEv_1;gdims:__LNst__ZN2sa5EVENT8fixAllocEv_0;unmapped-global:__LNst__ZN2sa5EVENT8fixAllocEv_0;gdims:__LNst__ZN2sa5EVENT8fixAllocEv_1;unmapped-global:__LNst__ZN2sa5EVENT8fixAllocEv_1;gdims:LS_274_LV_19;unmapped-global:LS_274_LV_19;gdims:__LNst__ZN2sa5EVENT8fixAllocEv_2;unmapped-global:__LNst__ZN2sa5EVENT8fixAllocEv_2;gdims:__LNst__ZN2sa5EVENT8fixAllocEv_3;unmapped-global:__LNst__ZN2sa5EVENT8fixAllocEv_3;gdims:__LNst__ZN2sa5EVENT8fixAllocEv_4;unmapped-global:__LNst__ZN2sa5EVENT8fixAllocEv_4;gdims:__LNst__ZN2sa5EVENT8fixAllocEv_5;unmapped-global:__LNst__ZN2sa5EVENT8fixAllocEv_5;gdims:__LNst__ZN2sa5EVENT8fixAllocEv_6;unmapped-global:__LNst__ZN2sa5EVENT8fixAllocEv_6;gdims:__LNst__ZN2sa5EVENT8fixAllocEv_7;unmapped-global:__LNst__ZN2sa5EVENT8fixAllocEv_7;variant:no_gvote	
002267a0	002bc3d8	456	loop	85.86	near	47.08		dropped:_printfx1;this-pad:func_001ddd88;gvote:m_camera_data->0035dce0;gvote:m_camera_seq_data->0035dce4;gvote:m_spline_data->0035dce8;gvote:m_spline_move->0035dcec;gvote:m_effect_wk->0035dcf4;gvote:m_read_wk->0035dcf0;gvote:m_motion_ctrl_wk->0035dcf8;gvote:m_entry->0035dcfc;gvote:m_lightParam_wk->0035dd00;gvote:m_event_buffer->0035db14;globals:11ppc/10ps2;gdims:__LNst__ZN2sa5EVENT7fixFreeEv_0;unmapped-global:__LNst__ZN2sa5EVENT7fixFreeEv_0;fix-arity:func_00106450;fix-arity:func_00106450;fix-arity:func_00106450;fix-arity:func_00106450	
00226ac0	002bdc78	268	float	88.33	near	57.75		dropped:ErrorPrintfx1;dropped:ErrorRaisex1;dropped:_printfx6;globals:23ppc/13ps2;unmapped-global:m_missionPax;unmapped-global:0xacffd0;gdims:__LNst__ZN2sa13BIN_READ_CTRL6endianEv_1;unmapped-global:__LNst__ZN2sa13BIN_READ_CTRL6endianEv_1;gdims:__LNst__ZN2sa5EVENT13event_restartEv_0;unmapped-global:__LNst__ZN2sa5EVENT13event_restartEv_0;unmapped-global:MainCounter;unmapped-global:m_frame;gdims:__LNst__ZN2sa5EVENT9event_runEPcPN2kn7FMatrixEPN2YS3OBJEPN3ryj3PAXEPFviEii_0;unmapped-global:__LNst__ZN2sa5EVENT9event_runEPcPN2kn7FMatrixEPN2YS3OBJEPN3ryj3PAXEPFviEii_0;gdims:LS_299_LV_22;unmapped-global:LS_299_LV_22;gdims:__LNst__ZN2sa5EVENT9event_runEPcPN2kn7FMatrixEPN2YS3OBJEPN3ryj3PAXEPFviEii_1;unmapped-global:__LNst__ZN2sa5EVENT9event_runEPcPN2kn7FMatrixEPN2YS3OBJEPN3ryj3PAXEPFviEii_1;gdims:__LNst__ZN2sa5EVENT11event_startEv_0;unmapped-global:__LNst__ZN2sa5EVENT11event_startEv_0;fix-assign-cast;static-unmapped;variant:no_gvote	
00226bd0	002bbd78	276	float	99.13	near	75.16		positional:EndMainEvent->001623b0;dropped:ErrorPrintfx2;dropped:ErrorRaisex2;this-pad:func_0014aa80;this-pad:func_00102448;gvote:m_camera_start->0035de55;gvote:m_interpolate->0035de0c;globals:5ppc/2ps2;unmapped-global:__LNst__ZN2sa5EVENT13event_end_subEP4TASK_0;gdims:__LNst__ZN2sa13BIN_READ_CTRL6endianEv_1;unmapped-global:__LNst__ZN2sa13BIN_READ_CTRL6endianEv_1;gdims:LS_255_LV_12;unmapped-global:LS_255_LV_12	
002272b8	002bae00	1372	float	88.84	near	47.65		synth-fields:1;simmap:set_effect_seq->0022dd80;simmap:set_bin_seq_obj_pause->0022ce00;simmap:set_mirror_seq->0022e4f0;simmap:set_bin_hide_fobj->0022d288;simmap:set_bin_sky_off->0022d238;positional:_strstr->00228378;positional:set_bin_musical_scene->00224ea0;dropped:_printfx6;arity-pad:func_00102448;this-pad:func_0014aa80;gvote:m_pre_start_flag->0035de44;gvote:m_event_mode->0035db10;gvote:m_fade_frame->0035de40;gvote:m_camera_start->0035de55;gvote:m_bin_q->0035db50;gvote:m_ctrl_end->0035de56;globals:16ppc/9ps2;gdims:m_bin_q;gdims:project_name;gdims:zoom_off_event;unmapped-global:zoom_off_event;gdims:__LNst__ZN2sa5EVENT10event_ctrlEP4TASK_0;unmapped-global:__LNst__ZN2sa5EVENT10event_ctrlEP4TASK_0;gdims:__LNst__ZN2sa13BIN_READ_CTRL6endianEv_1;unmapped-global:__LNst__ZN2sa13BIN_READ_CTRL6endianEv_1;gdims:__LNst__ZN2sa5EVENT10event_ctrlEP4TASK_1;unmapped-global:__LNst__ZN2sa5EVENT10event_ctrlEP4TASK_1;unmapped-global:MainCounter;gdims:__LNst__ZN2sa5EVENT10event_ctrlEP4TASK_2;unmapped-global:__LNst__ZN2sa5EVENT10event_ctrlEP4TASK_2;gdims:__LNst__ZN2sa5EVENT10event_ctrlEP4TASK_3;unmapped-global:__LNst__ZN2sa5EVENT10event_ctrlEP4TASK_3;static-unmapped	
00227e30	002bb804	552	switch	96.21	near	46.14		positional:set_bgm_volume_continue->00225328;dropped:ErrorPrintfx9;dropped:ErrorRaisex3;dropped:_printfx5;this-pad:func_00102448;gvote:m_bin_q->0035db50;gvote:m_bin_read_ctrl_ofs->0035dd04;gvote:m_event_buffer_size->0035db18;gvote:m_camera_start->0035de55;globals:11ppc/6ps2;gdims:m_bin_q;gdims:__LNst__ZN2sa5EVENT10event_fileEP4TASK_0;gdims:__LNst__ZN2sa5EVENT10event_fileEP4TASK_1;unmapped-global:__LNst__ZN2sa5EVENT10event_fileEP4TASK_1;unmapped-global:MainCounter;gdims:__LNst__ZN2sa5EVENT10event_fileEP4TASK_2;unmapped-global:__LNst__ZN2sa5EVENT10event_fileEP4TASK_2;gdims:__LNst__ZN2sa13BIN_READ_CTRL6endianEv_1;unmapped-global:__LNst__ZN2sa13BIN_READ_CTRL6endianEv_1;gdims:__LNst__ZN2sa5EVENT10event_fileEP4TASK_3;unmapped-global:__LNst__ZN2sa5EVENT10event_fileEP4TASK_3	
00228150	002bd060	240	branchy	95.25	near	43.91		dropped:_printfx6;arity-pad:func_00102670;this-pad:func_00102818;this-pad:func_00102788;gvote:m_event_task_kill->0035de27;globals:16ppc/9ps2;unmapped-global:0x796f30;gdims:__LNst__ZN2sa5EVENT18event_task_destroyEv_0;unmapped-global:__LNst__ZN2sa5EVENT18event_task_destroyEv_0;gdims:__LNst__ZN2sa5EVENT18event_task_destroyEv_1;unmapped-global:__LNst__ZN2sa5EVENT18event_task_destroyEv_1;gdims:__LNst__ZN2sa5EVENT10event_taskEP4TASK_0;unmapped-global:__LNst__ZN2sa5EVENT10event_taskEP4TASK_0;gdims:__LNst__ZN2sa5EVENT17event_task_createEi_0;unmapped-global:__LNst__ZN2sa5EVENT17event_task_createEi_0;gdims:__LNst__ZN2sa5EVENT17event_task_createEi_1;unmapped-global:__LNst__ZN2sa5EVENT17event_task_createEi_1;gdims:__LNst__ZN2sa5EVENT17event_task_createEi_2;unmapped-global:__LNst__ZN2sa5EVENT17event_task_createEi_2;static-unmapped	
002282d8	002bc81c	24	straight	95.50	near	87.5		gvote:m_event_buffer_size->0035db18	
00228918	002de8e8	164	float	56.27	near	18.02		dropped:StatusPrintfx1;this-pad:func_00239f18;globals:0ppc/2ps2;raw-view:1	
00228ab0	002ddec0	292	float	95.62	near	62.14		arity-pad:func_00229430;this-pad:func_001396b0;raw-view:3;fix-arity:func_00229430	sa::MUSICAL_GAUGE3|m_sp|18|30|28
00229120	002e30ac	176	branchy	93.86	near	34.75		dropped:ErrorPrintfx2;dropped:ErrorRaisex2;this-pad:func_00239700;arity-pad:func_00229430;this-pad:func_001396b0;globals:8ppc/0ps2;unmapped-global:sm_manager_ptr;unmapped-global:0x749e38;unmapped-global:0x744210;gdims:_ZZN2dk5Obj2DnwEjEs_0;unmapped-global:_ZZN2dk5Obj2DnwEjEs_0;gdims:_ZZN2dk5Obj2DnwEjEs_2;unmapped-global:_ZZN2dk5Obj2DnwEjEs_2;unmapped-global:LV_0;gdims:__LNst__ZN2sa14MUSICAL_SCORE14initEv_3;unmapped-global:__LNst__ZN2sa14MUSICAL_SCORE14initEv_3;unmapped-global:LS_54_LV_3;fix-assign-cast;fix-arity:func_00229430;static-unmapped	
002291d0	002e2eb8	416	loop	77.15	near	53.04		this-pad:func_00138c10;this-pad:func_001386e0;gvote:offTable->0035e130;gvote:insertTable->0035e118;gvote:loopTable->0035e148;raw-view:3	sa::MUSICAL_SCORE1|m_sp|18|58|48;dk::Obj2D|m_group|10|10|0;sa::MUSICAL_SCORE1|m_sp|18|18|8;sa::MUSICAL_SCORE1|m_sp|18|20|10;sa::MUSICAL_SCORE1|m_sp|18|50|40;dk::Obj2D|m_group|10|10|0;sa::MUSICAL_SCORE1|m_sp|18|18|8;sa::MUSICAL_SCORE1|m_sp|18|20|10;sa::MUSICAL_SCORE1|m_sp|18|28|18;sa::MUSICAL_SCORE1|m_sp|18|30|20;sa::MUSICAL_SCORE1|m_sp|18|38|28;sa::MUSICAL_SCORE1|m_sp|18|40|30;sa::MUSICAL_SCORE1|m_sp|18|48|38;sa::MUSICAL_SCORE1|m_sp|18|50|40;sa::MUSICAL_SCORE1|m_sp|18|58|48
002294c8	002e2444	428	loop	93.26	near	43.51		positional:ErrorPrintf->0031a260;positional:ErrorRaise->00229430;this-pad:func_001386e0;this-pad:func_001396b0;this-pad:func_00139660;this-pad:func_00139688;this-pad:func_0023aa98;this-pad:func_00138c68;globals:3ppc/0ps2;gdims:__LNst__ZN2sa13MUSICAL_SCORE6createEiPiS1_i_1;unmapped-global:__LNst__ZN2sa13MUSICAL_SCORE6createEiPiS1_i_1;gdims:__LNst__ZN2sa13MUSICAL_SCORE6createEiPiS1_i_3;unmapped-global:__LNst__ZN2sa13MUSICAL_SCORE6createEiPiS1_i_3;gdims:__LNst__ZN2sa13MUSICAL_SCORE6createEiPiS1_i_4;unmapped-global:__LNst__ZN2sa13MUSICAL_SCORE6createEiPiS1_i_4;raw-view:6;fix-arity:func_001386e0;static-unmapped	dk::Obj2D|m_group|10|10|0;sa::MUSICAL_SCORE|m_sp|18|18|8;sa::MUSICAL_SCORE|m_sp|18|20|10;sa::MUSICAL_SCORE|m_sp|18|58|40
00229728	002e22fc	260	loop	95.37	near	51.59		stack-locals:1;this-pad:func_00138c10;this-pad:func_001395a8;globals:1ppc/0ps2;unmapped-global:counter	sa::MUSICAL_SCORE|m_sp|18|c0|20;sa::MUSICAL_SCORE|m_sp|18|c8|28;sa::MUSICAL_SCORE|m_sp|18|d0|30;sa::MUSICAL_SCORE|m_counterPtr|b5c|b5c|b40;sa::MUSICAL_SCORE|m_oldCounter|b60|b60|b44;sa::MUSICAL_SCORE|m_seqTable|b68|b68|b4c;sa::MUSICAL_SCORE|m_sp|18|c0|20;sa::MUSICAL_SCORE|m_sp|18|c8|28;sa::MUSICAL_SCORE|m_sp|18|d0|30;sa::MUSICAL_SCORE|m_sp|18|d8|38;sa::MUSICAL_SCORE|m_sp|18|e0|40
002298a8	002dca38	640	loop	84.39	near	53.44		synth-fields:3;dropped:ErrorPrintfx3;dropped:ErrorRaisex3;arity-pad:func_0022a0f8;this-pad:func_00139570;this-pad:func_0014b200;this-pad:func_001396b0;globals:6ppc/0ps2;gdims:_ZZN2sa17CIRCLE_MASK_INPUT4setZEiEs_0;unmapped-global:_ZZN2sa17CIRCLE_MASK_INPUT4setZEiEs_0;gdims:_ZZN2sa17CIRCLE_MASK_INPUT4setZEiEs_2;unmapped-global:_ZZN2sa17CIRCLE_MASK_INPUT4setZEiEs_2;unmapped-global:LV_4;gdims:_ZZN2sa17CIRCLE_MASK_INPUT9setParentEPN2dk6SpriteEEs_0;unmapped-global:_ZZN2sa17CIRCLE_MASK_INPUT9setParentEPN2dk6SpriteEEs_0;gdims:_ZZN2sa17CIRCLE_MASK_INPUT9setParentEPN2dk6SpriteEEs_2;unmapped-global:_ZZN2sa17CIRCLE_MASK_INPUT9setParentEPN2dk6SpriteEEs_2;unmapped-global:LV_2;raw-view:1;fix-arity:func_0022a0f8;fix-arity:func_0022a0f8;fix-arity:func_0022a0f8	
00229b28	002dc1f8	488	float	0.00	near	32.47		stack-locals:1;simmap:createCircleSize->0022a3d0;dropped:ErrorPrintfx7;dropped:_printfx4;dropped:ErrorRaisex7;arity-pad:func_00139598;arity-pad:func_0022a3d0;arity-pad:func_0014b200;arity-pad:func_0013edd0;arity-pad:func_0014b1e0;arity-pad:func_0014b208;arity-pad:func_001395a8;globals:14ppc/1ps2;gdims:_ZZN2sa17CIRCLE_MASK_INPUT7setBoxZEiEs_0;gdims:_ZZN2sa17CIRCLE_MASK_INPUT7setBoxZEiEs_2;unmapped-global:_ZZN2sa17CIRCLE_MASK_INPUT7setBoxZEiEs_2;gdims:__LNst__ZN2sa13MUSICAL_COMBO12createCircleEfiii_1;unmapped-global:__LNst__ZN2sa13MUSICAL_COMBO12createCircleEfiii_1;gdims:__LNst__ZN2sa13MUSICAL_COMBO12createCircleEfiii_2;unmapped-global:__LNst__ZN2sa13MUSICAL_COMBO12createCircleEfiii_2;gdims:__LNst__ZN2sa13MUSICAL_COMBO12createCircleEfiii_3;unmapped-global:__LNst__ZN2sa13MUSICAL_COMBO12createCircleEfiii_3;gdims:__LNst__ZN2sa13MUSICAL_COMBO12createCircleEfiii_4;unmapped-global:__LNst__ZN2sa13MUSICAL_COMBO12createCircleEfiii_4;gdims:_ZZN2sa17CIRCLE_MASK_INPUT6setRotEfEs_0;unmapped-global:_ZZN2sa17CIRCLE_MASK_INPUT6setRotEfEs_0;gdims:_ZZN2sa17CIRCLE_MASK_INPUT6setRotEfEs_2;unmapped-global:_ZZN2sa17CIRCLE_MASK_INPUT6setRotEfEs_2;gdims:_ZZN2sa17CIRCLE_MASK_INPUT20setBoxPosWidthHeightEiiiiEs_0;unmapped-global:_ZZN2sa17CIRCLE_MASK_INPUT20setBoxPosWidthHeightEiiiiEs_0;gdims:_ZZN2sa17CIRCLE_MASK_INPUT20setBoxPosWidthHeightEiiiiEs_2;unmapped-global:_ZZN2sa17CIRCLE_MASK_INPUT20setBoxPosWidthHeightEiiiiEs_2;unmapped-global:LV_6;gdims:_ZZN2sa17CIRCLE_MASK_INPUT21setBox1PosWidthHeightEiiiiEs_0;unmapped-global:_ZZN2sa17CIRCLE_MASK_INPUT21setBox1PosWidthHeightEiiiiEs_0;gdims:_ZZN2sa17CIRCLE_MASK_INPUT21setBox1PosWidthHeightEiiiiEs_2;unmapped-global:_ZZN2sa17CIRCLE_MASK_INPUT21setBox1PosWidthHeightEiiiiEs_2;unmapped-global:LV_7;fix-arg:func_0022a3d0:3;fix-arg:func_0013edd0:1;variant:no_thispad	dk::Sprite|m_offsetx|178|178|80;dk::Sprite|m_sequence|18|140|40;dk::Sprite|m_sequence|18|148|48;dk::Sprite|m_sequence|18|150|50;dk::Sprite|m_sequence|18|158|58;dk::Sprite|m_sequence|18|160|60;dk::Sprite|m_sequence|18|168|68;dk::Sprite|m_offsetx|178|178|80
00229e58	002dd148	668	float	79.05	near	33.09		stack-locals:2;synth-fields:2;simmap:get_bone_pos->0016b478;simmap:GoodScore->0022afe8;simmap:GoodPrint->0022aef0;simmap:ExcellentPrint->0022ae98;simmap:BadPrint->0022af48;simmap:BadScore->0022b028;positional:setOkJumpFrame->00167f18;positional:IsPause->00224950;arity-pad:func_001024a8;this-pad:func_001ba028;this-pad:func_0016b478;this-pad:func_001391a8;globals:1ppc/3ps2;fix-arg:func_001391a8:2	
0022a0f8	002df5c8	260	float	66.61	near	88.31		this-pad:func_001391c8;this-pad:func_0013ee38;this-pad:func_0013edd0;this-pad:func_0013ee18;this-pad:func_0014b208;this-pad:func_0013ede0	
0022a3d0	002df820	500	float	64.57	near	34.5		globals:1ppc/4ps2	dk::Sprite|m_sequence|18|64|54;dk::Sprite|m_sequence|18|60|50
0022a5c8	002dfa40	488	float	0.00	near	32.46		stack-locals:1;simmap:createCircleSize->0022a3d0;dropped:ErrorPrintfx7;dropped:_printfx4;dropped:ErrorRaisex7;arity-pad:func_00139598;arity-pad:func_0022a3d0;arity-pad:func_0014b200;arity-pad:func_0013edd0;arity-pad:func_0014b1e0;arity-pad:func_0014b208;arity-pad:func_001395a8;globals:14ppc/1ps2;gdims:_ZZN2sa17CIRCLE_MASK_INPUT7setBoxZEiEs_0;gdims:_ZZN2sa17CIRCLE_MASK_INPUT7setBoxZEiEs_2;unmapped-global:_ZZN2sa17CIRCLE_MASK_INPUT7setBoxZEiEs_2;gdims:__LNst__ZN2sa13MUSICAL_INPUT12createCircleEfiii_1;unmapped-global:__LNst__ZN2sa13MUSICAL_INPUT12createCircleEfiii_1;gdims:__LNst__ZN2sa13MUSICAL_INPUT12createCircleEfiii_2;unmapped-global:__LNst__ZN2sa13MUSICAL_INPUT12createCircleEfiii_2;gdims:__LNst__ZN2sa13MUSICAL_INPUT12createCircleEfiii_3;unmapped-global:__LNst__ZN2sa13MUSICAL_INPUT12createCircleEfiii_3;gdims:__LNst__ZN2sa13MUSICAL_INPUT12createCircleEfiii_4;unmapped-global:__LNst__ZN2sa13MUSICAL_INPUT12createCircleEfiii_4;gdims:_ZZN2sa17CIRCLE_MASK_INPUT6setRotEfEs_0;unmapped-global:_ZZN2sa17CIRCLE_MASK_INPUT6setRotEfEs_0;gdims:_ZZN2sa17CIRCLE_MASK_INPUT6setRotEfEs_2;unmapped-global:_ZZN2sa17CIRCLE_MASK_INPUT6setRotEfEs_2;gdims:_ZZN2sa17CIRCLE_MASK_INPUT20setBoxPosWidthHeightEiiiiEs_0;unmapped-global:_ZZN2sa17CIRCLE_MASK_INPUT20setBoxPosWidthHeightEiiiiEs_0;gdims:_ZZN2sa17CIRCLE_MASK_INPUT20setBoxPosWidthHeightEiiiiEs_2;unmapped-global:_ZZN2sa17CIRCLE_MASK_INPUT20setBoxPosWidthHeightEiiiiEs_2;unmapped-global:LV_6;gdims:_ZZN2sa17CIRCLE_MASK_INPUT21setBox1PosWidthHeightEiiiiEs_0;unmapped-global:_ZZN2sa17CIRCLE_MASK_INPUT21setBox1PosWidthHeightEiiiiEs_0;gdims:_ZZN2sa17CIRCLE_MASK_INPUT21setBox1PosWidthHeightEiiiiEs_2;unmapped-global:_ZZN2sa17CIRCLE_MASK_INPUT21setBox1PosWidthHeightEiiiiEs_2;unmapped-global:LV_7;fix-arg:func_0022a3d0:3;fix-arg:func_0013edd0:1;variant:no_thispad	dk::Sprite|m_offsetx|178|178|80;dk::Sprite|m_sequence|18|140|40;dk::Sprite|m_sequence|18|148|48;dk::Sprite|m_sequence|18|150|50;dk::Sprite|m_sequence|18|158|58;dk::Sprite|m_sequence|18|160|60;dk::Sprite|m_sequence|18|168|68;dk::Sprite|m_offsetx|178|178|80
0022a7e0	002e0300	928	float	80.81	near	52.73		synth-fields:5;dropped:ErrorPrintfx5;dropped:ErrorRaisex5;arity-pad:func_0022a0f8;this-pad:func_0014b200;this-pad:func_001396b0;globals:6ppc/2ps2;gdims:_ZZN2sa17CIRCLE_MASK_INPUT4setZEiEs_0;gdims:_ZZN2sa17CIRCLE_MASK_INPUT4setZEiEs_2;unmapped-global:LV_4;gdims:_ZZN2sa17CIRCLE_MASK_INPUT9setParentEPN2dk6SpriteEEs_0;unmapped-global:_ZZN2sa17CIRCLE_MASK_INPUT9setParentEPN2dk6SpriteEEs_0;gdims:_ZZN2sa17CIRCLE_MASK_INPUT9setParentEPN2dk6SpriteEEs_2;unmapped-global:_ZZN2sa17CIRCLE_MASK_INPUT9setParentEPN2dk6SpriteEEs_2;unmapped-global:LV_2;raw-view:1;fix-arity:func_0022a0f8;fix-arity:func_0022a0f8;fix-arity:func_0022a0f8	sa::MUSICAL_INPUT|m_type|158c|158c|1578
0022ad88	002e0b2c	268	loop	74.51	near	5.64		stack-locals:1;byname:ErrorRaise->0031a838;dropped:ErrorPrintfx2;this-pad:func_00239700;arity-pad:func_002294c8;arity-pad:func_00229678;gvote:sm_manager_ptr->00347f80;globals:9ppc/6ps2;gdims:_ZZN2dk5Obj2DnwEjEs_0;gdims:_ZZN2dk5Obj2DnwEjEs_2;unmapped-global:LV_0;gdims:__LNst__ZN2sa13MUSICAL_INPUT12createCircleEfiii_1;unmapped-global:__LNst__ZN2sa13MUSICAL_INPUT12createCircleEfiii_1;gdims:LS_124_LV_14;unmapped-global:LS_124_LV_14;raw-view:2	
0022ae98	002e0dc0	84	straight	80.78	near	78.19		this-pad:func_001391a8	
0022aef0	002e1168	84	straight	80.78	near	78.19		this-pad:func_001391a8	
0022af48	002e0d64	84	straight	80.78	near	78.19		this-pad:func_001391a8	
0022b028	002e0e1c	116	branchy	68.97	near	86.8		positional:setSuccessNg->002247e8;positional:addScore->002248f8	
0022b558	002e4ab0	104	float	82.70	near	32.86		dropped:ErrorPrintfx2;dropped:ErrorRaisex2;this-pad:func_00239700;arity-pad:func_001386e0;globals:9ppc/1ps2;unmapped-global:0x744210;unmapped-global:0x749e60;unmapped-global:s_image;gdims:_ZZN2dk5Obj2DnwEjEs_0;unmapped-global:_ZZN2dk5Obj2DnwEjEs_0;gdims:_ZZN2dk5Obj2DnwEjEs_2;unmapped-global:_ZZN2dk5Obj2DnwEjEs_2;unmapped-global:LV_0;gdims:__LNst__ZN2sa14MUSICAL_TARGET5startEi_1;unmapped-global:__LNst__ZN2sa14MUSICAL_TARGET5startEi_1;gdims:__LNst__ZN2sa14MUSICAL_TARGET5startEi_3;unmapped-global:__LNst__ZN2sa14MUSICAL_TARGET5startEi_3;raw-view:1;fix-hdmember:dk_Sprite.m_Xoffset16x9;static-unmapped	
0022bef8	002c56b4	528	switch	88.37	near	46.17		byname:ErrorRaise->0031a838;byname:ErrorRaise->0031a838;byname:ErrorRaise->0031a838;dropped:ErrorPrintfx3;dropped:_printfx2;this-pad:func_00239700;this-pad:func_002361a0;this-pad:func_0022bda0;gvote:sm_manager_ptr->00347f80;globals:17ppc/12ps2;gdims:__LNst__ZN2sa5EVENT17set_bin_countdownERNS_13BIN_COUNTDOWNEP4TASK_0;gdims:_ZZN2dk5Obj2DnwEjEs_0;gdims:_ZZN2dk5Obj2DnwEjEs_2;unmapped-global:LV_0;gdims:__LNst__ZN2sa5EVENT17set_bin_countdownERNS_13BIN_COUNTDOWNEP4TASK_1;unmapped-global:__LNst__ZN2sa5EVENT17set_bin_countdownERNS_13BIN_COUNTDOWNEP4TASK_1;gdims:__LNst__ZN2sa12ROUND_NUMBER6createEiPNS_9COUNTDOWNE_3;unmapped-global:__LNst__ZN2sa12ROUND_NUMBER6createEiPNS_9COUNTDOWNE_3;gdims:LS_65_LV_5;unmapped-global:LS_65_LV_5;gdims:__LNst__ZN2sa5EVENT17set_bin_countdownERNS_13BIN_COUNTDOWNEP4TASK_2;unmapped-global:__LNst__ZN2sa5EVENT17set_bin_countdownERNS_13BIN_COUNTDOWNEP4TASK_2;raw-view:2;fix-hdmember:dk_Sprite.m_Xoffset16x9	
0022c108	002c5a9c	240	branchy	89.74	near	46.01		byname:ErrorRaise->0031a838;byname:ErrorRaise->0031a838;dropped:ErrorPrintfx4;dropped:_printfx2;this-pad:func_00239700;this-pad:func_002361a0;arity-pad:func_0022bda0;gvote:sm_manager_ptr->00347f80;globals:11ppc/7ps2;gdims:__LNst__ZN2sa5EVENT14last_countdownEv_0;gdims:__LNst__ZN2sa5EVENT14last_countdownEv_1;unmapped-global:MainCounter;gdims:_ZZN2dk5Obj2DnwEjEs_0;unmapped-global:_ZZN2dk5Obj2DnwEjEs_0;gdims:_ZZN2dk5Obj2DnwEjEs_2;unmapped-global:_ZZN2dk5Obj2DnwEjEs_2;unmapped-global:LV_0;fix-hdmember:dk_Sprite.m_Xoffset16x9	
0022c1f8	002c51a8	536	loop	83.69	near	51.75		stack-locals:1;dropped:ErrorPrintfx2;dropped:ErrorRaisex2;this-pad:func_0023a9c0;this-pad:func_0023aa18;this-pad:func_0023aa38;arity-pad:func_001386e0;this-pad:func_001396b0;this-pad:func_00139660;this-pad:func_00139688;this-pad:func_00138c10;this-pad:func_00139598;this-pad:func_0023aa98;arity-pad:func_00138c68;globals:4ppc/1ps2;gdims:__LNst__ZN2sa12ROUND_NUMBER6createEiPNS_9COUNTDOWNE_1;unmapped-global:__LNst__ZN2sa12ROUND_NUMBER6createEiPNS_9COUNTDOWNE_1;gdims:__LNst__ZN2sa12ROUND_NUMBER6createEiPNS_9COUNTDOWNE_3;unmapped-global:__LNst__ZN2sa12ROUND_NUMBER6createEiPNS_9COUNTDOWNE_3;gdims:__LNst__ZN2sa12ROUND_NUMBER6createEiPNS_9COUNTDOWNE_4;unmapped-global:__LNst__ZN2sa12ROUND_NUMBER6createEiPNS_9COUNTDOWNE_4;raw-view:9	sa::ROUND_NUMBER|m_sp|1c|100|20;sa::ROUND_NUMBER|m_sp|1c|fc|10;sa::ROUND_NUMBER|m_sp|1c|184|1a0;sa::ROUND_NUMBER|m_sp|1c|100|20;sa::ROUND_NUMBER|m_sp|1c|108|28;sa::ROUND_NUMBER|m_sp|1c|110|30;sa::ROUND_NUMBER|m_sp|1c|118|38;sa::ROUND_NUMBER|m_sp|1c|120|40;sa::ROUND_NUMBER|m_sp|1c|128|48;sa::ROUND_NUMBER|m_sp|1c|130|50;sa::ROUND_NUMBER|m_sp|1c|138|58;sa::ROUND_NUMBER|m_sp|1c|140|60;sa::ROUND_NUMBER|m_sp|1c|148|68
0022c590	002cc6c0	452	float	89.29	near	54.46		dropped:ErrorPrintfx3;dropped:ErrorRaisex1;dropped:_printfx17;this-pad:func_001de168;this-pad:func_001de4b0;this-pad:func_001dc9d0;this-pad:func_001dc9e0;this-pad:func_001dc7e8;this-pad:func_001dc840;this-pad:func_001dc978;this-pad:func_001dc920;globals:8ppc/3ps2;gdims:__LNst__ZN2sa5EVENT26set_bin_seq_mission_effectERNS_22BIN_SEQ_MISSION_EFFECTEP4TASK_0;unmapped-global:m_frame;gdims:__LNst__ZN2sa5EVENT20isValidMissionEffectEv_3;unmapped-global:__LNst__ZN2sa5EVENT20isValidMissionEffectEv_3;gdims:__LNst__ZN2sa5EVENT26set_bin_seq_mission_effectERNS_22BIN_SEQ_MISSION_EFFECTEP4TASK_2;unmapped-global:__LNst__ZN2sa5EVENT26set_bin_seq_mission_effectERNS_22BIN_SEQ_MISSION_EFFECTEP4TASK_2;gdims:__LNst__ZN2sa5EVENT26set_bin_seq_mission_effectERNS_22BIN_SEQ_MISSION_EFFECTEP4TASK_4;unmapped-global:__LNst__ZN2sa5EVENT26set_bin_seq_mission_effectERNS_22BIN_SEQ_MISSION_EFFECTEP4TASK_4;gdims:__LNst__ZN2sa5EVENT26set_bin_seq_mission_effectERNS_22BIN_SEQ_MISSION_EFFECTEP4TASK_5;unmapped-global:__LNst__ZN2sa5EVENT26set_bin_seq_mission_effectERNS_22BIN_SEQ_MISSION_EFFECTEP4TASK_5	
0022c840	002d7d60	180	float	74.53	near	45.46		synth-fields:7;dropped:_printfx1;arity-pad:func_00144490;arity-pad:func_001024a8;globals:3ppc/5ps2;gdims:__LNst__ZN2sa9mu060TaskEP4TASK_0;fix-arg:func_00144490:1;variant:no_thispad	
0022c8f8	002d7b40	156	float	72.54	near	51.31		dropped:_printfx1;globals:2ppc/3ps2;gdims:__LNst__ZN2sa5EVENT7callTagEi_0	
0022ca00	002caf44	232	loop	91.21	near	64.08		dropped:ErrorPrintfx2;dropped:ErrorRaisex2;this-pad:func_001ba028;gvote:m_light_tbl_ptr->0035de50;gvote:m_frame->0035de20;globals:7ppc/2ps2;unmapped-global:m_lightParam_wk;gdims:__LNst__ZN2sa5EVENT10light_ctrlEv_1;unmapped-global:__LNst__ZN2sa5EVENT10light_ctrlEv_1;gdims:__LNst__ZN2sa5EVENT10light_ctrlEv_3;unmapped-global:__LNst__ZN2sa5EVENT10light_ctrlEv_3;unmapped-global:LS_28_LV_0;gdims:__LNst__ZN2sa5EVENT10light_ctrlEv_4;unmapped-global:__LNst__ZN2sa5EVENT10light_ctrlEv_4;static-unmapped	
0022cd48	002c6908	180	float	94.22	near	40.63		dropped:_printfx4;arity-pad:func_0014a7b8;globals:4ppc/0ps2;gdims:__LNst__ZN2sa5EVENT16set_bin_seq_blurERNS_12BIN_SEQ_BLUREP4TASK_0;unmapped-global:__LNst__ZN2sa5EVENT16set_bin_seq_blurERNS_12BIN_SEQ_BLUREP4TASK_0;gdims:__LNst__ZN2sa5EVENT16set_bin_seq_blurERNS_12BIN_SEQ_BLUREP4TASK_1;unmapped-global:__LNst__ZN2sa5EVENT16set_bin_seq_blurERNS_12BIN_SEQ_BLUREP4TASK_1;gdims:__LNst__ZN2sa5EVENT16set_bin_seq_blurERNS_12BIN_SEQ_BLUREP4TASK_2;unmapped-global:__LNst__ZN2sa5EVENT16set_bin_seq_blurERNS_12BIN_SEQ_BLUREP4TASK_2;gdims:__LNst__ZN2sa5EVENT16set_bin_seq_blurERNS_12BIN_SEQ_BLUREP4TASK_3;unmapped-global:__LNst__ZN2sa5EVENT16set_bin_seq_blurERNS_12BIN_SEQ_BLUREP4TASK_3;fix-arg:func_0014a7b8:1	
0022cea0	002c6b94	120	branchy	72.57	near	45.67		unmapped-call:start;unmapped-call:end;dropped:startx1;dropped:endx1;dropped:_printfx2;globals:2ppc/0ps2;gdims:__LNst__ZN2sa5EVENT17set_bin_seq_focusERNS_13BIN_SEQ_FOCUSEP4TASK_0;unmapped-global:__LNst__ZN2sa5EVENT17set_bin_seq_focusERNS_13BIN_SEQ_FOCUSEP4TASK_0;gdims:__LNst__ZN2sa5EVENT17set_bin_seq_focusERNS_13BIN_SEQ_FOCUSEP4TASK_1;unmapped-global:__LNst__ZN2sa5EVENT17set_bin_seq_focusERNS_13BIN_SEQ_FOCUSEP4TASK_1	
0022d098	002c6c90	320	float	71.40	near	47.76		unmapped-call:blackFog;dropped:blackFogx1;dropped:_printfx1;arity-pad:func_0014f030;globals:4ppc/3ps2;gdims:__LNst__ZN2sa5EVENT17set_bin_black_fogERNS_13BIN_BLACK_FOGEP4TASK_0;unmapped-global:__LNst__ZN2sa5EVENT17set_bin_black_fogERNS_13BIN_BLACK_FOGEP4TASK_0;fix-arg:func_0014f030:1	
0022d4e8	002d6e98	176	loop	93.23	near	47.83		dropped:ErrorPrintfx1;dropped:ErrorRaisex1;gvote:m_entry->0035dcfc;globals:4ppc/1ps2;gdims:__LNst__ZN2sa5EVENT11reloadActorERNS_15BIN_CACHE_CLEARE_1;unmapped-global:__LNst__ZN2sa5EVENT11reloadActorERNS_15BIN_CACHE_CLEARE_1;gdims:__LNst__ZN2sa5EVENT11reloadActorERNS_15BIN_CACHE_CLEARE_3;unmapped-global:__LNst__ZN2sa5EVENT11reloadActorERNS_15BIN_CACHE_CLEARE_3;unmapped-global:LS_29_LV_0	
0022d880	002cb930	304	loop	96.58	compile	0.0	0022d880.cpp:502: `sa'	dropped:_printfx2;this-pad:func_001ac858;this-pad:func_001ac7c8;globals:4ppc/1ps2;gdims:message_window_tbl;unmapped-global:message_window_tbl;gdims:__LNst__ZN2sa5EVENT15set_bin_seq_mesERNS_11BIN_SEQ_MESEP4TASK_0;unmapped-global:__LNst__ZN2sa5EVENT15set_bin_seq_mesERNS_11BIN_SEQ_MESEP4TASK_0;gdims:__LNst__ZN2sa5EVENT15set_bin_seq_mesERNS_11BIN_SEQ_MESEP4TASK_1;unmapped-global:__LNst__ZN2sa5EVENT15set_bin_seq_mesERNS_11BIN_SEQ_MESEP4TASK_1	
0022d9b0	002cbb60	636	loop	70.33	compile	0.0	0022d9b0.cpp:920: `sa'	dropped:ErrorPrintfx3;dropped:ErrorRaisex1;dropped:_printfx3;this-pad:func_001ad098;this-pad:func_001ac7c8;this-pad:func_001ad280;this-pad:func_00102448;globals:7ppc/1ps2;unmapped-global:s_old_wait_frame;unmapped-global:m_frame;gdims:message_window_tbl;unmapped-global:message_window_tbl;gdims:__LNst__ZN2sa5EVENT24set_bin_seq_wait_messageERNS_20BIN_SEQ_WAIT_MESSAGEEP4TASK_0;unmapped-global:__LNst__ZN2sa5EVENT24set_bin_seq_wait_messageERNS_20BIN_SEQ_WAIT_MESSAGEEP4TASK_0;gdims:__LNst__ZN2sa5EVENT24set_bin_seq_wait_messageERNS_20BIN_SEQ_WAIT_MESSAGEEP4TASK_1;unmapped-global:__LNst__ZN2sa5EVENT24set_bin_seq_wait_messageERNS_20BIN_SEQ_WAIT_MESSAGEEP4TASK_1;gdims:__LNst__ZN2sa5EVENT24set_bin_seq_wait_messageERNS_20BIN_SEQ_WAIT_MESSAGEEP4TASK_2;unmapped-global:__LNst__ZN2sa5EVENT24set_bin_seq_wait_messageERNS_20BIN_SEQ_WAIT_MESSAGEEP4TASK_2	
0022dd80	002c83dc	808	float	86.43	near	23.33		positional:execEffectStart->0022e330;positional:set_effect_wk->0022e0a8;positional:execEffectEntryOnly->0022e0a8;positional:get_effect_wk->0022e0a8;dropped:ErrorPrintfx8;dropped:ErrorRaisex6;dropped:_printfx6;this-pad:func_001de4b0;arity-pad:func_001dc9d0;arity-pad:func_001dc9e0;arity-pad:func_001dc920;arity-pad:func_001dc978;arity-pad:func_001dc840;arity-pad:func_001dc7e8;globals:12ppc/1ps2;gdims:__LNst__ZN2sa5EVENT14set_effect_seqERNS_14BIN_EFFECT_SEQEP4TASK_0;gdims:__LNst__ZN2sa5EVENT14set_effect_seqERNS_14BIN_EFFECT_SEQEP4TASK_1;unmapped-global:__LNst__ZN2sa5EVENT14set_effect_seqERNS_14BIN_EFFECT_SEQEP4TASK_1;gdims:__LNst__ZN2sa5EVENT15execEffectStartEi_0;unmapped-global:__LNst__ZN2sa5EVENT15execEffectStartEi_0;gdims:__LNst__ZN2sa5EVENT14getPaxFileNameEPc_6;unmapped-global:__LNst__ZN2sa5EVENT14getPaxFileNameEPc_6;gdims:LS_56_LV_6;unmapped-global:LS_56_LV_6;gdims:__LNst__ZN2sa5EVENT13isValidEffectEPNS_9EFFECT_WKE_0;unmapped-global:__LNst__ZN2sa5EVENT13isValidEffectEPNS_9EFFECT_WKE_0;unmapped-global:LS_35_LV_1;gdims:__LNst__ZN2sa5EVENT14set_effect_seqERNS_14BIN_EFFECT_SEQEP4TASK_5;unmapped-global:__LNst__ZN2sa5EVENT14set_effect_seqERNS_14BIN_EFFECT_SEQEP4TASK_5;unmapped-global:m_frame;gdims:__LNst__ZN2sa5EVENT14set_effect_seqERNS_14BIN_EFFECT_SEQEP4TASK_4;unmapped-global:__LNst__ZN2sa5EVENT14set_effect_seqERNS_14BIN_EFFECT_SEQEP4TASK_4;gdims:__LNst__ZN2sa5EVENT14set_effect_seqERNS_14BIN_EFFECT_SEQEP4TASK_3;unmapped-global:__LNst__ZN2sa5EVENT14set_effect_seqERNS_14BIN_EFFECT_SEQEP4TASK_3;gdims:__LNst__ZN2sa5EVENT14set_effect_seqERNS_14BIN_EFFECT_SEQEP4TASK_2;unmapped-global:__LNst__ZN2sa5EVENT14set_effect_seqERNS_14BIN_EFFECT_SEQEP4TASK_2;fix-voidret:func_0022e0a8;fix-arg:func_001dc978:1	
0022e368	002c8234	128	loop	56.72	near	0.0		dropped:ErrorPrintfx4;dropped:ErrorRaisex2;gvote:m_effect_wk->0035dcf4;globals:4ppc/1ps2;gdims:__LNst__ZN2sa5EVENT13get_effect_wkEi_0;unmapped-global:__LNst__ZN2sa5EVENT13get_effect_wkEi_0;gdims:__LNst__ZN2sa5EVENT14getPaxFileNameEPc_6;unmapped-global:__LNst__ZN2sa5EVENT14getPaxFileNameEPc_6;gdims:LS_53_LV_5;unmapped-global:LS_53_LV_5	
0022e4f0	002d3ecc	260	float	84.43	near	29.1		dropped:ErrorPrintfx2;dropped:ErrorRaisex2;dropped:_printfx7;this-pad:func_001ba028;globals:11ppc/0ps2;gdims:__LNst__ZN2sa5EVENT14set_mirror_seqERNS_10BIN_MIRROREP4TASK_0;unmapped-global:__LNst__ZN2sa5EVENT14set_mirror_seqERNS_10BIN_MIRROREP4TASK_0;gdims:__LNst__ZN2sa5EVENT12set_kage_seqERNS_12BIN_KAGE_SEQEP4TASK_1;unmapped-global:__LNst__ZN2sa5EVENT12set_kage_seqERNS_12BIN_KAGE_SEQEP4TASK_1;gdims:__LNst__ZN2sa5EVENT16set_bin_seq_posiERNS_12BIN_SEQ_POSIEP4TASK_4;unmapped-global:__LNst__ZN2sa5EVENT16set_bin_seq_posiERNS_12BIN_SEQ_POSIEP4TASK_4;gdims:LS_101_LV_20;unmapped-global:LS_101_LV_20;gdims:__LNst__ZN2sa5EVENT12set_kage_seqERNS_12BIN_KAGE_SEQEP4TASK_2;unmapped-global:__LNst__ZN2sa5EVENT12set_kage_seqERNS_12BIN_KAGE_SEQEP4TASK_2;gdims:__LNst__ZN2sa5EVENT14set_mirror_seqERNS_10BIN_MIRROREP4TASK_2;unmapped-global:__LNst__ZN2sa5EVENT14set_mirror_seqERNS_10BIN_MIRROREP4TASK_2;gdims:__LNst__ZN2sa5EVENT14set_mirror_seqERNS_10BIN_MIRROREP4TASK_1;unmapped-global:__LNst__ZN2sa5EVENT14set_mirror_seqERNS_10BIN_MIRROREP4TASK_1;gdims:__LNst__ZN2sa5EVENT14set_mirror_seqERNS_10BIN_MIRROREP4TASK_4;unmapped-global:__LNst__ZN2sa5EVENT14set_mirror_seqERNS_10BIN_MIRROREP4TASK_4;gdims:__LNst__ZN2sa5EVENT14set_mirror_seqERNS_10BIN_MIRROREP4TASK_3;unmapped-global:__LNst__ZN2sa5EVENT14set_mirror_seqERNS_10BIN_MIRROREP4TASK_3;gdims:__LNst__ZN2sa5EVENT14set_mirror_seqERNS_10BIN_MIRROREP4TASK_6;unmapped-global:__LNst__ZN2sa5EVENT14set_mirror_seqERNS_10BIN_MIRROREP4TASK_6;gdims:__LNst__ZN2sa5EVENT14set_mirror_seqERNS_10BIN_MIRROREP4TASK_5;unmapped-global:__LNst__ZN2sa5EVENT14set_mirror_seqERNS_10BIN_MIRROREP4TASK_5	
0022e818	002d3300	384	float	76.46	near	42.52		unmapped-call:setScale;dropped:ErrorPrintfx2;dropped:setScalex1;dropped:_printfx1;dropped:ErrorRaisex2;this-pad:func_001ba028;arity-pad:func_0014f030;globals:8ppc/3ps2;gdims:__LNst__ZN2sa5EVENT12set_kage_seqERNS_12BIN_KAGE_SEQEP4TASK_1;unmapped-global:__LNst__ZN2sa5EVENT12set_kage_seqERNS_12BIN_KAGE_SEQEP4TASK_1;gdims:__LNst__ZN2sa5EVENT16set_bin_seq_posiERNS_12BIN_SEQ_POSIEP4TASK_4;unmapped-global:__LNst__ZN2sa5EVENT16set_bin_seq_posiERNS_12BIN_SEQ_POSIEP4TASK_4;gdims:LS_85_LV_11;unmapped-global:LS_85_LV_11;gdims:__LNst__ZN2sa5EVENT12set_kage_seqERNS_12BIN_KAGE_SEQEP4TASK_2;unmapped-global:__LNst__ZN2sa5EVENT12set_kage_seqERNS_12BIN_KAGE_SEQEP4TASK_2;gdims:__LNst__ZN2sa5EVENT13set_scale_seqERNS_9BIN_SCALEEP4TASK_0;unmapped-global:__LNst__ZN2sa5EVENT13set_scale_seqERNS_9BIN_SCALEEP4TASK_0;fix-arg:func_0014f030:1	
0022ea28	002d3600	344	float	66.33	near	38.83		dropped:ErrorPrintfx2;dropped:_printfx1;dropped:ErrorRaisex2;this-pad:func_001ba028;this-pad:func_0016aeb8;arity-pad:func_002f12b0;globals:8ppc/4ps2;gdims:__LNst__ZN2sa5EVENT12set_kage_seqERNS_12BIN_KAGE_SEQEP4TASK_1;gdims:__LNst__ZN2sa5EVENT16set_bin_seq_posiERNS_12BIN_SEQ_POSIEP4TASK_4;unmapped-global:__LNst__ZN2sa5EVENT16set_bin_seq_posiERNS_12BIN_SEQ_POSIEP4TASK_4;gdims:LS_89_LV_13;unmapped-global:LS_89_LV_13;gdims:__LNst__ZN2sa5EVENT12set_kage_seqERNS_12BIN_KAGE_SEQEP4TASK_2;unmapped-global:__LNst__ZN2sa5EVENT12set_kage_seqERNS_12BIN_KAGE_SEQEP4TASK_2;gdims:__LNst__ZN2sa5EVENT12set_turn_seqERNS_8BIN_TURNEP4TASK_0;unmapped-global:__LNst__ZN2sa5EVENT12set_turn_seqERNS_8BIN_TURNEP4TASK_0	
0022ee30	002d3c40	288	float	62.68	near	36.16		dropped:ErrorPrintfx2;dropped:_printfx1;dropped:ErrorRaisex2;this-pad:func_001ba028;arity-pad:func_0014f030;globals:8ppc/3ps2;gdims:__LNst__ZN2sa5EVENT12set_kage_seqERNS_12BIN_KAGE_SEQEP4TASK_1;gdims:__LNst__ZN2sa5EVENT16set_bin_seq_posiERNS_12BIN_SEQ_POSIEP4TASK_4;unmapped-global:__LNst__ZN2sa5EVENT16set_bin_seq_posiERNS_12BIN_SEQ_POSIEP4TASK_4;gdims:LS_96_LV_18;unmapped-global:LS_96_LV_18;gdims:__LNst__ZN2sa5EVENT12set_kage_seqERNS_12BIN_KAGE_SEQEP4TASK_2;unmapped-global:__LNst__ZN2sa5EVENT12set_kage_seqERNS_12BIN_KAGE_SEQEP4TASK_2;gdims:__LNst__ZN2sa5EVENT20set_shadow_alpha_seqERNS_16BIN_SHADOW_ALPHAEP4TASK_0;unmapped-global:__LNst__ZN2sa5EVENT20set_shadow_alpha_seqERNS_16BIN_SHADOW_ALPHAEP4TASK_0;unmapped-global:m_frame;fix-arg:func_0014f030:1	
0022efb8	002d2f10	96	branchy	87.50	near	82.88		dropped:_printfx1;globals:1ppc/0ps2;gdims:__LNst__ZN2sa5EVENT13set_alpha_seqERNS_13BIN_ALPHA_SEQEP4TASK_0;unmapped-global:__LNst__ZN2sa5EVENT13set_alpha_seqERNS_13BIN_ALPHA_SEQEP4TASK_0	
0022f018	002d23f4	484	loop	47.35	near	24.78		unmapped-call:get_entry_name;dropped:ErrorPrintfx1;dropped:ErrorRaisex1;dropped:get_entry_namex2;dropped:_printfx4;this-pad:func_001c0d38;gvote:m_entry->0035dcfc;gvote:m_effect_wk->0035dcf4;gvote:m_frame->0035de20;globals:10ppc/3ps2;gdims:__LNst__ZN2sa5EVENT14set_attach_seqERNS_14BIN_ATTACH_SEQEP4TASK_0;unmapped-global:__LNst__ZN2sa5EVENT14set_attach_seqERNS_14BIN_ATTACH_SEQEP4TASK_0;gdims:__LNst__ZN2sa5EVENT14set_attach_seqERNS_14BIN_ATTACH_SEQEP4TASK_1;unmapped-global:__LNst__ZN2sa5EVENT14set_attach_seqERNS_14BIN_ATTACH_SEQEP4TASK_1;gdims:__LNst__ZN2sa5EVENT14set_attach_seqERNS_14BIN_ATTACH_SEQEP4TASK_2;unmapped-global:__LNst__ZN2sa5EVENT14set_attach_seqERNS_14BIN_ATTACH_SEQEP4TASK_2;gdims:__LNst__ZN2sa5EVENT14set_attach_seqERNS_14BIN_ATTACH_SEQEP4TASK_3;unmapped-global:__LNst__ZN2sa5EVENT14set_attach_seqERNS_14BIN_ATTACH_SEQEP4TASK_3;gdims:__LNst__ZN2sa5EVENT14set_attach_seqERNS_14BIN_ATTACH_SEQEP4TASK_4;unmapped-global:__LNst__ZN2sa5EVENT14set_attach_seqERNS_14BIN_ATTACH_SEQEP4TASK_4;gdims:__LNst__ZN2sa5EVENT16set_bin_seq_posiERNS_12BIN_SEQ_POSIEP4TASK_4;unmapped-global:__LNst__ZN2sa5EVENT16set_bin_seq_posiERNS_12BIN_SEQ_POSIEP4TASK_4;gdims:LS_64_LV_4;unmapped-global:LS_64_LV_4	
0022f308	002d42ac	160	branchy	90.00	near	62.56		dropped:ErrorPrintfx2;dropped:ErrorRaisex2;dropped:_printfx3;this-pad:func_001ba028;this-pad:func_001c0cd8;this-pad:func_001c0e60;globals:9ppc/1ps2;gdims:__LNst__ZN2sa5EVENT15set_bin_seq_memERNS_11BIN_SEQ_MEMEP4TASK_0;unmapped-global:__LNst__ZN2sa5EVENT15set_bin_seq_memERNS_11BIN_SEQ_MEMEP4TASK_0;unmapped-global:m_frame;gdims:__LNst__ZN2sa5EVENT12set_kage_seqERNS_12BIN_KAGE_SEQEP4TASK_1;unmapped-global:__LNst__ZN2sa5EVENT12set_kage_seqERNS_12BIN_KAGE_SEQEP4TASK_1;gdims:__LNst__ZN2sa5EVENT16set_bin_seq_posiERNS_12BIN_SEQ_POSIEP4TASK_4;unmapped-global:__LNst__ZN2sa5EVENT16set_bin_seq_posiERNS_12BIN_SEQ_POSIEP4TASK_4;unmapped-global:LS_107_LV_22;gdims:__LNst__ZN2sa5EVENT12set_kage_seqERNS_12BIN_KAGE_SEQEP4TASK_2;unmapped-global:__LNst__ZN2sa5EVENT12set_kage_seqERNS_12BIN_KAGE_SEQEP4TASK_2;gdims:__LNst__ZN2sa5EVENT15set_bin_seq_memERNS_11BIN_SEQ_MEMEP4TASK_1;unmapped-global:__LNst__ZN2sa5EVENT15set_bin_seq_memERNS_11BIN_SEQ_MEMEP4TASK_1;gdims:__LNst__ZN2sa5EVENT15set_bin_seq_memERNS_11BIN_SEQ_MEMEP4TASK_2;unmapped-global:__LNst__ZN2sa5EVENT15set_bin_seq_memERNS_11BIN_SEQ_MEMEP4TASK_2	
0022f3a8	002d471c	324	float	91.36	near	21.06		dropped:ErrorPrintfx3;dropped:ErrorRaisex3;arity-pad:func_001ba028;gvote:m_frame->0035de20;gvote:m_entry->0035dcfc;globals:5ppc/2ps2;gdims:__LNst__ZN2sa5EVENT10entry_ctrlEv_0;unmapped-global:__LNst__ZN2sa5EVENT10entry_ctrlEv_0;gdims:__LNst__ZN2sa5EVENT16set_bin_seq_posiERNS_12BIN_SEQ_POSIEP4TASK_4;unmapped-global:__LNst__ZN2sa5EVENT16set_bin_seq_posiERNS_12BIN_SEQ_POSIEP4TASK_4;gdims:LS_116_LV_23;unmapped-global:LS_116_LV_23	
0022f528	002d22c0	120	straight	29.60	near	0.0		stack-locals:1;dropped:_printfx1;globals:1ppc/0ps2;gdims:__LNst__ZN2sa5EVENT9set_charaERNS_9BIN_CHARAEP4TASK_0;unmapped-global:__LNst__ZN2sa5EVENT9set_charaERNS_9BIN_CHARAEP4TASK_0	
0022f5e8	002d4b90	204	loop	91.82	near	74.3		unmapped-call:get_entry_name;dropped:ErrorPrintfx1;dropped:ErrorRaisex1;dropped:get_entry_namex1;dropped:_printfx2;this-pad:func_001ba028;gvote:m_entry->0035dcfc;globals:6ppc/1ps2;gdims:__LNst__ZN2sa5EVENT11leaveAllObjEv_0;unmapped-global:__LNst__ZN2sa5EVENT11leaveAllObjEv_0;gdims:__LNst__ZN2sa5EVENT11leaveAllObjEv_1;unmapped-global:__LNst__ZN2sa5EVENT11leaveAllObjEv_1;gdims:__LNst__ZN2sa5EVENT10entry_ctrlEv_0;unmapped-global:__LNst__ZN2sa5EVENT10entry_ctrlEv_0;gdims:__LNst__ZN2sa5EVENT16set_bin_seq_posiERNS_12BIN_SEQ_POSIEP4TASK_4;unmapped-global:__LNst__ZN2sa5EVENT16set_bin_seq_posiERNS_12BIN_SEQ_POSIEP4TASK_4;gdims:LS_122_LV_25;unmapped-global:LS_122_LV_25	
0022f6b8	002d1d98	260	float	53.05	near	13.45		unmapped-call:get_entry_name;dropped:get_entry_namex1;dropped:_printfx1;arity-pad:func_0016b070;arity-pad:func_0016aeb8;gdims:__LNst__ZN2sa5EVENT7set_rotEPN2YS3OBJERN2kn7FVectorE_0;fix-arg:func_0016aeb8:1	
0022f7c0	002d1f40	296	float	66.96	compile	0.0	0022f7c0.cpp:2247: parse error	stack-locals:1;unmapped-call:get_entry_name;dropped:ErrorPrintfx5;dropped:ErrorRaisex3;dropped:get_entry_namex1;dropped:_printfx3;arity-pad:func_001ba028;arity-pad:func_0016adc8;gvote:m_entry->0035dcfc;globals:9ppc/2ps2;gdims:__LNst__ZN2sa5EVENT16set_bin_seq_posiERNS_12BIN_SEQ_POSIEP4TASK_0;gdims:__LNst__ZN2sa5EVENT16set_bin_seq_posiERNS_12BIN_SEQ_POSIEP4TASK_2;unmapped-global:__LNst__ZN2sa5EVENT16set_bin_seq_posiERNS_12BIN_SEQ_POSIEP4TASK_2;gdims:__LNst__ZN2sa5EVENT16set_bin_seq_posiERNS_12BIN_SEQ_POSIEP4TASK_4;unmapped-global:__LNst__ZN2sa5EVENT16set_bin_seq_posiERNS_12BIN_SEQ_POSIEP4TASK_4;unmapped-global:LS_59_LV_3;gdims:__LNst__ZN2sa5EVENT16set_bin_seq_posiERNS_12BIN_SEQ_POSIEP4TASK_5;unmapped-global:__LNst__ZN2sa5EVENT16set_bin_seq_posiERNS_12BIN_SEQ_POSIEP4TASK_5;gdims:__LNst__ZN2sa5EVENT16set_bin_seq_posiERNS_12BIN_SEQ_POSIEP4TASK_6;unmapped-global:__LNst__ZN2sa5EVENT16set_bin_seq_posiERNS_12BIN_SEQ_POSIEP4TASK_6;unmapped-global:m_frame;gdims:__LNst__ZN2sa5EVENT16set_bin_seq_posiERNS_12BIN_SEQ_POSIEP4TASK_7;unmapped-global:__LNst__ZN2sa5EVENT16set_bin_seq_posiERNS_12BIN_SEQ_POSIEP4TASK_7	
002306a8	002d068c	396	float	66.57	compile	0.0	002306a8.cpp:2323: `sa'	stack-locals:1;dropped:ErrorPrintfx1;dropped:_printfx1;dropped:ErrorRaisex1;arity-pad:func_00147240;this-pad:func_002302c0;this-pad:func_001ba028;this-pad:func_0016ace0;this-pad:func_0016aeb8;gvote:m_spline_move->0035dcec;gvote:m_frame->0035de20;globals:7ppc/5ps2;gdims:__LNst__ZN2sa5EVENT11spline_ctrlEv_0;gdims:__LNst__ZN2sa5EVENT19set_spline_data_encERNS_19BIN_SPLINE_DATA_ENCE_4;gdims:LS_71_LV_32;unmapped-global:LS_71_LV_32;gdims:__LNst__ZN2sa5EVENT11spline_ctrlEv_1;unmapped-global:__LNst__ZN2sa5EVENT11spline_ctrlEv_1;fix-arg:func_00147240:1;fix-arg:func_00147240:2	
00230878	002cf610	76	loop	82.37	near	9.86		dropped:ErrorPrintfx3;dropped:ErrorRaisex1;dropped:_printfx1;gvote:m_spline_data->0035dce8;globals:2ppc/1ps2;gdims:__LNst__ZN2sa5EVENT25set_spline_point_data_setERNS_16BIN_SPLINE_POINTE_0;unmapped-global:__LNst__ZN2sa5EVENT25set_spline_point_data_setERNS_16BIN_SPLINE_POINTE_0	
002308c8	002cf6fc	252	loop	77.62	near	31.26		dropped:ErrorPrintfx6;dropped:ErrorRaisex2;dropped:_printfx6;gvote:m_spline_move->0035dcec;gvote:m_entry->0035dcfc;gvote:m_spline_data->0035dce8;globals:9ppc/3ps2;gdims:__LNst__ZN2sa5EVENT18set_bin_spline_seqERNS_14BIN_SPLINE_SEQE_0;unmapped-global:__LNst__ZN2sa5EVENT18set_bin_spline_seqERNS_14BIN_SPLINE_SEQE_0;gdims:__LNst__ZN2sa5EVENT19set_spline_data_encERNS_19BIN_SPLINE_DATA_ENCE_4;unmapped-global:__LNst__ZN2sa5EVENT19set_spline_data_encERNS_19BIN_SPLINE_DATA_ENCE_4;gdims:__LNst__ZN2sa5EVENT18set_bin_spline_seqERNS_14BIN_SPLINE_SEQE_2;unmapped-global:__LNst__ZN2sa5EVENT18set_bin_spline_seqERNS_14BIN_SPLINE_SEQE_2;gdims:__LNst__ZN2sa5EVENT18set_bin_spline_seqERNS_14BIN_SPLINE_SEQE_3;unmapped-global:__LNst__ZN2sa5EVENT18set_bin_spline_seqERNS_14BIN_SPLINE_SEQE_3;gdims:__LNst__ZN2sa5EVENT18set_bin_spline_seqERNS_14BIN_SPLINE_SEQE_4;unmapped-global:__LNst__ZN2sa5EVENT18set_bin_spline_seqERNS_14BIN_SPLINE_SEQE_4;gdims:__LNst__ZN2sa5EVENT18set_bin_spline_seqERNS_14BIN_SPLINE_SEQE_5;unmapped-global:__LNst__ZN2sa5EVENT18set_bin_spline_seqERNS_14BIN_SPLINE_SEQE_5	
002309c8	002cfe94	288	float	91.77	near	30.03		stack-locals:1;synth-fields:7;unmapped-call:IsPause;dropped:IsPausex1;dropped:_printfx2;this-pad:func_001ba028;this-pad:func_0014f0e0;this-pad:func_0016ace0;arity-pad:func_001024a8;globals:3ppc/1ps2;gdims:__LNst__ZN2sa5EVENT11objMoveTaskEP4TASK_1;unmapped-global:m_frame;gdims:__LNst__ZN2sa5EVENT11objMoveTaskEP4TASK_0;unmapped-global:__LNst__ZN2sa5EVENT11objMoveTaskEP4TASK_0	
00230b50	002cf9d8	536	float	85.87	near	43.94		stack-locals:1;unmapped-call:get_entry_name;dropped:ErrorPrintfx2;dropped:get_entry_namex1;dropped:_printfx4;dropped:ErrorRaisex2;this-pad:func_001ba028;this-pad:func_0016adc8;arity-pad:func_0014f030;gvote:LS_61_LV_29->00371280;globals:10ppc/3ps2;gdims:__LNst__ZN2sa5EVENT20set_bin_seq_pos_moveERNS_16BIN_SEQ_POS_MOVEEP4TASK_1;unmapped-global:__LNst__ZN2sa5EVENT20set_bin_seq_pos_moveERNS_16BIN_SEQ_POS_MOVEEP4TASK_1;gdims:__LNst__ZN2sa5EVENT19set_spline_data_encERNS_19BIN_SPLINE_DATA_ENCE_4;unmapped-global:__LNst__ZN2sa5EVENT19set_spline_data_encERNS_19BIN_SPLINE_DATA_ENCE_4;gdims:LS_61_LV_29;gdims:__LNst__ZN2sa5EVENT20set_bin_seq_pos_moveERNS_16BIN_SEQ_POS_MOVEEP4TASK_3;unmapped-global:__LNst__ZN2sa5EVENT20set_bin_seq_pos_moveERNS_16BIN_SEQ_POS_MOVEEP4TASK_3;gdims:__LNst__ZN2sa5EVENT20set_bin_seq_pos_moveERNS_16BIN_SEQ_POS_MOVEEP4TASK_4;unmapped-global:__LNst__ZN2sa5EVENT20set_bin_seq_pos_moveERNS_16BIN_SEQ_POS_MOVEEP4TASK_4;gdims:__LNst__ZN2sa5EVENT20set_bin_seq_pos_moveERNS_16BIN_SEQ_POS_MOVEEP4TASK_5;unmapped-global:__LNst__ZN2sa5EVENT20set_bin_seq_pos_moveERNS_16BIN_SEQ_POS_MOVEEP4TASK_5;gdims:__LNst__ZN2sa5EVENT20set_bin_seq_pos_moveERNS_16BIN_SEQ_POS_MOVEEP4TASK_6;unmapped-global:__LNst__ZN2sa5EVENT20set_bin_seq_pos_moveERNS_16BIN_SEQ_POS_MOVEEP4TASK_6;gdims:__LNst__ZN2sa5EVENT20set_bin_seq_pos_moveERNS_16BIN_SEQ_POS_MOVEEP4TASK_7;unmapped-global:__LNst__ZN2sa5EVENT20set_bin_seq_pos_moveERNS_16BIN_SEQ_POS_MOVEEP4TASK_7;fix-arg:func_0014f030:1;fix-arg:func_0014f030:1;fix-arg:func_0014f030:1	
00230d78	002c2998	100	loop	72.60	near	0.0		dropped:ErrorPrintfx3;dropped:ErrorRaisex1;gvote:m_camera_seq_data->0035dce4	
00230de0	002c3b68	300	float	35.22	near	2.56		globals:0ppc/3ps2	
00230f10	002c3cf0	688	float	60.40	near	9.34		positional:calcValue->00232328;arity-pad:func_00232328;globals:1ppc/3ps2;gdims:value;fix-arg:func_00232328:3;variant:no_thispad	
00231390	002c3fb0	304	float	87.40	near	50.67		arity-pad:func_00147240;globals:0ppc/2ps2;fix-arg:func_00147240:1;fix-arg:func_00147240:1;fix-arg:func_00147240:1;fix-arg:func_00147240:1;fix-arg:func_00147240:1;fix-arg:func_00147240:1;fix-arg:func_00147240:1;fix-arg:func_00147240:1;fix-arg:func_00147240:2;fix-arg:func_00147240:2;fix-arg:func_00147240:2;fix-arg:func_00147240:2;fix-arg:func_00147240:2;fix-arg:func_00147240:2;fix-arg:func_00147240:2;fix-arg:func_00147240:2	
00232110	002c37b4	60	branchy	69.33	near	5.56		dropped:ErrorPrintfx3;dropped:ErrorRaisex1;dropped:_printfx1;gvote:m_cameraCollision->0035de14;gvote:m_cameraCollisionBlind->0035de15;globals:3ppc/2ps2;gdims:__LNst__ZN2sa5EVENT27set_bin_seq_cameraCollisionERNS_24BIN_SEQ_CAMERA_COLLISIONEP4TASK_0;unmapped-global:__LNst__ZN2sa5EVENT27set_bin_seq_cameraCollisionERNS_24BIN_SEQ_CAMERA_COLLISIONEP4TASK_0	
00232510	002bf858	128	straight	99.38	near	67.67		positional:get_read_wk->00227a60;dropped:ErrorPrintfx1;dropped:_printfx1;dropped:ErrorRaisex1;globals:5ppc/1ps2;gdims:__LNst__ZN2sa5EVENT14audio_read_setEPcNS_11EVENT_ALLOC10ALLOC_TYPEE_0;unmapped-global:__LNst__ZN2sa5EVENT14audio_read_setEPcNS_11EVENT_ALLOC10ALLOC_TYPEE_0;gdims:__LNst__ZN2sa5EVENT16getAudioFileNameEPc_5;unmapped-global:__LNst__ZN2sa5EVENT16getAudioFileNameEPc_5;unmapped-global:LS_35_LV_1;gdims:__LNst__ZN2sa5EVENT14audio_read_setEPcNS_11EVENT_ALLOC10ALLOC_TYPEE_1;unmapped-global:__LNst__ZN2sa5EVENT14audio_read_setEPcNS_11EVENT_ALLOC10ALLOC_TYPEE_1	
002325f0	002bf978	220	branchy	86.41	compile	0.0	002325f0.cpp:94: `undefined3'	positional:isVoiceJP->00232348;positional:_sprintf->002fee78;positional:voicePlay->002ff538;gvote:s_ttvoice_patch->0035e359;globals:5ppc/3ps2;gdims:__LNst__ZN2sa5EVENT18isTTPacheVoicePlayEPNS_7READ_WKE_0;unmapped-global:__LNst__ZN2sa5EVENT18isTTPacheVoicePlayEPNS_7READ_WKE_0;gdims:__LNst__ZN2sa5EVENT18isTTPacheVoicePlayEPNS_7READ_WKE_1;unmapped-global:__LNst__ZN2sa5EVENT18isTTPacheVoicePlayEPNS_7READ_WKE_1;fix-undecl:puVar5	
00232738	002bfcb4	392	loop	80.51	near	58.96		positional:voicePlay->002326d0;positional:_printf->00232718;gvote:m_frame->0035de20;gvote:m_audio_tbl_ptr->0035de4c;gvote:m_voice_play_count->0035de2c;globals:7ppc/3ps2;gdims:__LNst__ZN2sa5EVENT10audio_ctrlEv_0;unmapped-global:__LNst__ZN2sa5EVENT10audio_ctrlEv_0;gdims:__LNst__ZN2sa5EVENT10audio_ctrlEv_1;unmapped-global:__LNst__ZN2sa5EVENT10audio_ctrlEv_1;gdims:__LNst__ZN2sa5EVENT10audio_ctrlEv_2;unmapped-global:__LNst__ZN2sa5EVENT10audio_ctrlEv_2;gdims:__LNst__ZN2sa5EVENT10audio_ctrlEv_3;unmapped-global:__LNst__ZN2sa5EVENT10audio_ctrlEv_3;static-unmapped	
002328c0	002bfb38	200	loop	87.89	near	69.73		dropped:_printfx3;gvote:m_audio_tbl_ptr->0035de4c;globals:4ppc/1ps2;gdims:__LNst__ZN2sa5EVENT25set_bin_voice_all_fadeoutERNS_21BIN_VOICE_ALL_FADEOUTEP4TASK_0;unmapped-global:__LNst__ZN2sa5EVENT25set_bin_voice_all_fadeoutERNS_21BIN_VOICE_ALL_FADEOUTEP4TASK_0;gdims:__LNst__ZN2sa5EVENT25set_bin_voice_all_fadeoutERNS_21BIN_VOICE_ALL_FADEOUTEP4TASK_1;unmapped-global:__LNst__ZN2sa5EVENT25set_bin_voice_all_fadeoutERNS_21BIN_VOICE_ALL_FADEOUTEP4TASK_1;gdims:__LNst__ZN2sa5EVENT25set_bin_voice_all_fadeoutERNS_21BIN_VOICE_ALL_FADEOUTEP4TASK_2;unmapped-global:__LNst__ZN2sa5EVENT25set_bin_voice_all_fadeoutERNS_21BIN_VOICE_ALL_FADEOUTEP4TASK_2	
00232988	002bff9c	192	loop	98.54	near	57.75		positional:_printf->00232718;gvote:m_audio_tbl_ptr->0035de4c;globals:4ppc/1ps2;gdims:__LNst__ZN2sa5EVENT10audio_freeEv_0;unmapped-global:__LNst__ZN2sa5EVENT10audio_freeEv_0;unmapped-global:m_voice_play_count;gdims:__LNst__ZN2sa5EVENT10audio_freeEv_1;unmapped-global:__LNst__ZN2sa5EVENT10audio_freeEv_1;static-unmapped	
00232a48	002d62a8	576	loop	76.02	near	24.81		positional:_printf->002fee78;positional:_sprintf->002fee78;positional:ErrorPrintf->002ff3fc;positional:ErrorRaise->002fee78;positional:setSeEventBank->002fee78;this-pad:func_00102448;gvote:s_sebNumber->0035e35c;globals:8ppc/5ps2;unmapped-global:LS_27_LV_0;unmapped-global:__LNst__ZN2sa5EVENT12read_se_dataERNS_11BIN_SE_DATAEP4TASK_7;unmapped-global:0x797090;fix-arity:func_002fee78;static-unmapped;variant:no_dims	
00232db0	002cd190	100	loop	77.04	near	20.96		gvote:m_motion_ctrl_wk->0035dcf8	
00232f08	002ce108	420	float	62.69	near	38.11		unmapped-call:IsPause;unmapped-call:operator_;dropped:ErrorRaisex2;dropped:ErrorPrintfx2;dropped:operator_x0;dropped:IsPausex1;dropped:_printfx1;this-pad:func_001ba028;this-pad:func_0016c028;this-pad:func_0017f430;this-pad:func_001c0cd8;this-pad:func_0016ace0;gvote:m_motion_ctrl_wk->0035dcf8;gvote:LS_77_LV_8->00371368;globals:6ppc/3ps2;gdims:__LNst__ZN2sa5EVENT11motion_ctrlEv_0;unmapped-global:__LNst__ZN2sa5EVENT11motion_ctrlEv_0;gdims:__LNst__ZN2sa5EVENT15getMotionCtrlWkEi_3;unmapped-global:__LNst__ZN2sa5EVENT15getMotionCtrlWkEi_3;gdims:LS_77_LV_8;gdims:__LNst__ZN2sa5EVENT11motion_ctrlEv_1;unmapped-global:__LNst__ZN2sa5EVENT11motion_ctrlEv_1	
002331a0	002cdfdc	220	straight	92.69	near	90.73		dropped:_printfx1;globals:2ppc/1ps2;gdims:__LNst__ZN2sa5EVENT15motion_read_setEPcNS_11EVENT_ALLOC10ALLOC_TYPEEiii_0;unmapped-global:__LNst__ZN2sa5EVENT15motion_read_setEPcNS_11EVENT_ALLOC10ALLOC_TYPEEiii_0	
00233ce0	000cb594	376	loop	61.38	near	47.55		positional:McGetSlotMax->002fbc78;globals:20ppc/13ps2;gdims:Status;unmapped-global:0xa12eac;unmapped-global:0xa12e98;unmapped-global:0xa12e9c;unmapped-global:0xa12ea0;unmapped-global:0xa12ea4;unmapped-global:0xa12ea8;unmapped-global:Result;static-unmapped;variant:no_gvote	
00233e70	000cbaac	164	loop	50.00	near	28.83		gvote:IndexNow->0035e364;gvote:ExecCommand->0035e370;gdims:TaskTable	
002362b0	000ba3c8	348	straight	33.67	near	33.67		dropped:ErrorPrintfx2;dropped:ErrorRaisex2;arity-pad:func_00236560;globals:5ppc/0ps2;unmapped-global:header;unmapped-global:__LNst__ZN2YI5IMAGE11CreateImageEPv_1;gdims:__LNst__ZN2YI5IMAGE11CreateImageEPv_3;unmapped-global:__LNst__ZN2YI5IMAGE11CreateImageEPv_3;unmapped-global:LS_66_LV_7;gdims:__LNst__ZN2YI5IMAGE11CreateImageEPv_4;unmapped-global:__LNst__ZN2YI5IMAGE11CreateImageEPv_4	
002367c8	000bac54	100	branchy	89.00	compile	0.0	002367c8.cpp:107: `ZPULL'	synth-fields:2;unmapped-call:LoadTexture;dropped:LoadTexturex1;arity-pad:func_002f2be0	
002368e8	000bacb4	144	float	99.97	near	85.75			
00236a58	000bb004	348	loop	83.68	compile	0.0	00236a58.cpp:307: `ZPULL'	synth-fields:2;positional:LoadTexture->002361a0;dropped:ErrorPrintfx2;dropped:_printfx2;dropped:ErrorRaisex2;this-pad:func_002362b0;this-pad:func_002361a0;this-pad:func_002f2be0;globals:7ppc/0ps2;unmapped-global:header;unmapped-global:0x744f98;unmapped-global:__LNst__ZN2YI12IMAGE_FREEZE4InitEPvP9ALLOCATOR_0;gdims:__LNst__ZN2YI5IMAGE11CreateImageEPv_3;unmapped-global:__LNst__ZN2YI5IMAGE11CreateImageEPv_3;unmapped-global:LS_103_LV_12;unmapped-global:__LNst__ZN2YI12IMAGE_FREEZE4InitEPvP9ALLOCATOR_1;gdims:__LNst__ZN2YI12IMAGE_FREEZE4InitEPvP9ALLOCATOR_3;unmapped-global:__LNst__ZN2YI12IMAGE_FREEZE4InitEPvP9ALLOCATOR_3	
00236d60	000bb94c	52	loop	92.86	near	24.55		gdims:list	
00236d98	000ba704	720	loop	63.62	near	35.15		positional:LoadTexture->00236490;dropped:ErrorPrintfx2;dropped:ErrorRaisex2;arity-pad:func_00236560;arity-pad:func_00236490;arity-pad:func_002f2be0;globals:6ppc/2ps2;gdims:list;gdims:psm_table;unmapped-global:counter;gdims:__LNst__ZN2YI5IMAGE11CreateImageEPv_3;unmapped-global:__LNst__ZN2YI5IMAGE11CreateImageEPv_3;unmapped-global:LS_83_LV_8;gdims:__LNst__ZN2YI11IMAGE_CACHE4LoadEPNS_5IMAGEE_1;unmapped-global:__LNst__ZN2YI11IMAGE_CACHE4LoadEPNS_5IMAGEE_1;static-unmapped	
00237068	000c6a28	232	straight	54.43	near	0.0		unmapped-call:ChangeNumber;unmapped-call:SetRotate;dropped:ErrorRaisex2;dropped:ErrorPrintfx2;dropped:SetRotatex1;dropped:ChangeNumberx1;dropped:_printfx2;gvote:LS_111_LV_33->0035eae8;globals:6ppc/1ps2;unmapped-global:header;unmapped-global:__LNst__ZN2YI6SPRITE4InitEPvPNS_5IMAGEE_0;gdims:__LNst__ZN2YI6SPRITE12ChangeNumberEi_3;unmapped-global:__LNst__ZN2YI6SPRITE12ChangeNumberEi_3;unmapped-global:__LNst__ZN2YI6SPRITE4InitEPvPNS_5IMAGEE_1;gdims:__LNst__ZN2YI6SPRITE4InitEPvPNS_5IMAGEE_3;unmapped-global:__LNst__ZN2YI6SPRITE4InitEPvPNS_5IMAGEE_3	
00237740	000c67e0	196	float	53.20	near	43.45			YI::SPRITE|calc|14|18|10
00237ae8	000c6ea0	592	float	75.28	compile	0.0	00237ae8.cpp:220: `MODE_BLINK'	globals:1ppc/4ps2	
002384f8	000c7ba8	120	float	61.27	near	45.49			
00238570	000c7c60	1824	float	46.64	compile	0.0	00238570.cpp:734: `SHADERID_2D'	stack-locals:1;positional:alloc->001b7e68;positional:MultiRGBA->00233708;positional:RateRGBA->00233708;positional:inc_pt->00233708;positional:setGIFTAG->00233708;positional:setShader->001b7ff8;positional:_mapVertexResource->001b80d8;positional:setCLAMP->00233708;positional:getRHW->002338a8;positional:_adjustSPRT->00233708;positional:draw->002338a8;positional:send0->00233708;this-pad:func_001b7e68;arity-pad:func_00233708;arity-pad:func_002338a8;this-pad:func_001b7f30;globals:3ppc/1ps2;unmapped-global:0x745058;unmapped-global:0xffffff;fix-assign-cast;fix-assign-cast;fix-assign-cast;fix-arity:func_00233708;fix-arity:func_00233708;fix-arity:func_00233708;fix-arity:func_00233708;fix-arity:func_00233708	
00238c90	000c8d80	1436	float	50.32	near	17.03		stack-locals:1;positional:alloc->001b7e68;positional:MultiRGBA->00233708;positional:RateRGBA->00233708;positional:inc_pt->00233708;positional:setGIFTAG->00233708;positional:setShader->001b7ff8;positional:_mapVertexResource->001b80d8;positional:getRHW->00233708;positional:_adjustSPRT->002338a8;positional:getFRAME->00233708;positional:isGlow->002338a8;positional:enableStencil->00233708;positional:draw->002338a8;positional:disableStencil->00233708;positional:send0->002338a8;this-pad:func_001b7e68;arity-pad:func_00233708;this-pad:func_002338a8;this-pad:func_001b7f30;globals:3ppc/1ps2;unmapped-global:0xffffff;unmapped-global:0x745064;fix-assign-cast;fix-assign-cast;fix-assign-cast;fix-arity:func_00233708;fix-arity:func_00233708;fix-arity:func_00233708;fix-arity:func_00233708;fix-arity:func_00233708;fix-arity:func_00233708;fix-arity:func_002338a8;fix-arity:func_002338a8;static-unmapped	
00239558	000c7a54	72	loop	86.39	near	46.46			
00239700	000c2040	324	straight	0.00	near	65.67			YI::SEQUENCE|calc|bc|c8|cc;YI::SEQUENCE|calc|bc|cc|d0;YI::SEQUENCE|active|d4|dc|d8;YI::SEQUENCE|active|d4|e0|dc;YI::SEQUENCE|active|d4|e4|e0;YI::SEQUENCE|active|d4|e8|e4;YI::SEQUENCE|exit_func|ec|ec|e8;YI::SEQUENCE|tag_func|f0|f0|ec;YI::SEQUENCE|animation_max|f4|f4|f0;YI::SEQUENCE|sequence_max|f8|f8|f4;YI::SEQUENCE|phase|fc|fc|f8;YI::SEQUENCE|counter|100|100|fc;YI::SEQUENCE|time_counter|104|104|100;YI::SEQUENCE|time_max|108|108|104;YI::SEQUENCE|loop_counter|10c|10c|108;YI::SEQUENCE|tag_count|110|110|10c;YI::SEQUENCE|number|114|114|110;YI::SEQUENCE|r_rate|118|118|114;YI::SEQUENCE|b_rate|120|120|118;YI::SEQUENCE|a_rate|124|124|11c;YI::SEQUENCE|x_rotate|128|128|120;YI::SEQUENCE|y_rotate|12c|12c|124;YI::SEQUENCE|y_position|14c|14c|128;YI::SEQUENCE|z_rotate|130|130|12c;YI::SEQUENCE|scale|134|134|14c;YI::SEQUENCE|scale_x|138|138|130;YI::SEQUENCE|scale_y|13c|13c|134;YI::SEQUENCE|loop|140|140|138;YI::SEQUENCE|frame|144|144|13c;YI::SEQUENCE|x_position|148|148|140
00239988	000c23d8	364	float	63.81	compile	0.0	00239988.cpp:449: request for	positional:ErrorPrintf->00237280;positional:ErrorRaise->002373a8;positional:Init->00239d50;positional:SetNormalMode->00239da0;this-pad:func_00239d50;this-pad:func_00239da0;arity-pad:func_00239fd0;gvote:LS_86_LV_0->003714b4;globals:5ppc/1ps2;unmapped-global:header;unmapped-global:__LNst__ZN2YI8SEQUENCE4InitEPvPNS_5IMAGEE_1;gdims:__LNst__ZN2YI8SEQUENCE4InitEPvPNS_5IMAGEE_3;unmapped-global:__LNst__ZN2YI8SEQUENCE4InitEPvPNS_5IMAGEE_3;unmapped-global:__LNst__ZN2YI8SEQUENCE4InitEPvPNS_5IMAGEE_4;fix-arg:func_00239fd0:1	
00239b50	000c2674	100	loop	86.80	near	42.59		dropped:ErrorPrintfx1;dropped:ErrorRaisex1;globals:3ppc/0ps2;gdims:__LNst__ZN2YI8SEQUENCE11GetAllFrameEi_0;unmapped-global:__LNst__ZN2YI8SEQUENCE11GetAllFrameEi_0;gdims:__LNst__ZN2YI8SEQUENCE4InitEPvPNS_5IMAGEE_3;unmapped-global:__LNst__ZN2YI8SEQUENCE4InitEPvPNS_5IMAGEE_3;gdims:LS_91_LV_1;unmapped-global:LS_91_LV_1	
00239c68	000c27a8	136	float	60.62	near	19.22		positional:GetAllFrame->00239af8;dropped:ErrorPrintfx3;dropped:ErrorRaisex3;arity-pad:func_00239af8;globals:4ppc/1ps2;gdims:__LNst__ZN2YI8SEQUENCE11GetAllFrameEi_0;gdims:__LNst__ZN2YI8SEQUENCE4InitEPvPNS_5IMAGEE_3;unmapped-global:__LNst__ZN2YI8SEQUENCE4InitEPvPNS_5IMAGEE_3;gdims:LS_99_LV_3;unmapped-global:LS_99_LV_3;gdims:LS_94_LV_2;unmapped-global:LS_94_LV_2	
00239e60	000c2240	88	float	81.09	near	13.76		globals:0ppc/1ps2	
00239eb8	000c2c00	92	float	57.65	near	31.81		globals:0ppc/1ps2	
00239f18	000c2c50	92	float	79.38	near	29.11		globals:0ppc/1ps2	
00239f78	000c2ca0	88	float	66.61	near	21.93		globals:0ppc/1ps2	
0023a0d8	000c2d20	1996	float	18.58	near	14.62		globals:0ppc/3ps2	YI::SPRITE|calc|14|18|28;YI::SPRITE|calc|14|30|40;YI::SPRITE|mode_param|50|54|64;YI::SPRITE|mode_param|50|50|60;YI::SPRITE|time_counter|4c|4c|5c;YI::SPRITE|counter|48|48|58;YI::SPRITE|speed|44|44|54;YI::SPRITE|image|40|40|50;YI::SPRITE|sprite_max|3c|3c|4c;YI::SPRITE|group_max|38|38|48
0023aab8	000c387c	544	float	62.86	near	52.68		this-pad:func_002384f8	
0023acd8	000c3ac8	264	float	84.63	near	0.0		arity-pad:func_0023aab8;this-pad:func_00237ae8;globals:1ppc/2ps2	
0023ade0	000c3c58	2484	float	41.67	near	18.18		stack-locals:1;simmap:SetRotate->00237740;simmap:SetRotate->00237740;simmap:SetRotate->00237740;simmap:SetScale->00237a68;simmap:SetScale->00237a68;simmap:SetScale->00237a68;simmap:_Draw->00238570;simmap:_Draw2->00238c90;positional:SendInitPacket->002f35e8;positional:SendInitTestPacket->002f3918;positional:_ChangeNumber->002f35e8;positional:setALPHA->002f3918;arity-pad:func_00236830;arity-pad:func_002f35e8;arity-pad:func_002f3918;arity-pad:func_00237740;arity-pad:func_00237a68;arity-pad:func_00238570;arity-pad:func_00238c90;globals:0ppc/7ps2;fix-arity:func_002f35e8;fix-arity:func_002f3918;fix-arg:func_00237740:1;fix-arg:func_00237740:1;fix-arg:func_00237740:1;fix-arg:func_00237a68:1;fix-arg:func_00237a68:1;variant:no_thispad	YI::SEQUENCE|counter|100|100|10;YI::SEQUENCE|r_rate|118|118|28;YI::SEQUENCE|b_rate|120|120|30;YI::SEQUENCE|x_rotate|128|128|38;YI::SEQUENCE|counter|100|100|10
0023bc58	000c48bc	836	straight	81.37	near	75.34		this-pad:func_00237508;this-pad:func_00237578;this-pad:func_00237458;this-pad:func_002374c8;this-pad:func_00237540;this-pad:func_002375b0;this-pad:func_00237640	YI::SPRITE|parts_table|4|4|0
0023c100	000c100c	512	float	78.94	near	24.97		dropped:ErrorPrintfx3;dropped:_printfx2;dropped:ErrorRaisex3;this-pad:func_00239700;this-pad:func_00236ca8;this-pad:func_0015b4f8;arity-pad:func_0023c728;gvote:LS_67_LV_7->003714f8;globals:7ppc/1ps2;unmapped-global:header;unmapped-global:__LNst__ZN2YI6LAYOUT4InitEPvPNS_12IMAGE_FREEZEEP9ALLOCATOR_0;gdims:__LNst__ZN2YI6LAYOUT11GetAllFrameEi_3;unmapped-global:__LNst__ZN2YI6LAYOUT11GetAllFrameEi_3;unmapped-global:__LNst__ZN2YI6LAYOUT4InitEPvPNS_12IMAGE_FREEZEEP9ALLOCATOR_1;unmapped-global:__LNst__ZN2YI6LAYOUT4InitEPvPNS_12IMAGE_FREEZEEP9ALLOCATOR_2;gdims:__LNst__ZN2YI6LAYOUT4InitEPvPNS_12IMAGE_FREEZEEP9ALLOCATOR_4;unmapped-global:__LNst__ZN2YI6LAYOUT4InitEPvPNS_12IMAGE_FREEZEEP9ALLOCATOR_4	YI::LAYOUT|phase|38|38|30
0023c3e0	000c14f4	212	loop	85.28	near	81.17			
0023c5f0	000c0a08	196	loop	99.39	near	68.93		simmap:GetAllFrame->00239b50;dropped:ErrorPrintfx1;dropped:ErrorRaisex1;this-pad:func_00239b50;globals:3ppc/0ps2;gdims:__LNst__ZN2YI6LAYOUT11GetAllFrameEi_1;unmapped-global:__LNst__ZN2YI6LAYOUT11GetAllFrameEi_1;gdims:__LNst__ZN2YI6LAYOUT11GetAllFrameEi_3;unmapped-global:__LNst__ZN2YI6LAYOUT11GetAllFrameEi_3;gdims:LS_54_LV_0;unmapped-global:LS_54_LV_0	
0023c728	000c0b70	472	float	68.99	near	32.8		dropped:ErrorPrintfx4;dropped:ErrorRaisex2;this-pad:func_00239700;arity-pad:func_0023c5a0;this-pad:func_00236ca8;this-pad:func_0015b4f8;this-pad:func_00239bf8;this-pad:func_00239d30;globals:4ppc/1ps2;gdims:__LNst__ZN2YI6LAYOUT11GetAllFrameEi_1;gdims:__LNst__ZN2YI6LAYOUT11GetAllFrameEi_3;unmapped-global:__LNst__ZN2YI6LAYOUT11GetAllFrameEi_3;gdims:LS_60_LV_4;unmapped-global:LS_60_LV_4;gdims:LS_58_LV_1;unmapped-global:LS_58_LV_1	YI::LAYOUT|layout_max|20|20|10;YI::LAYOUT|phase|38|38|28;YI::LAYOUT|y_offset|58|58|38
0023ca80	000c1950	408	float	49.14	near	18.2		this-pad:func_0023acd8;this-pad:func_00239d10;globals:1ppc/2ps2	YI::LAYOUT|phase|38|38|30
0023cc18	000c1b3c	316	float	80.37	near	76.89		this-pad:func_00236830;this-pad:func_0023ade0	YI::LAYOUT|layout_table|14|14|4c;YI::LAYOUT|screen_table|10|10|14
0023cde8	000caa2c	372	loop	69.71	near	41.88		stack-locals:1;dropped:ErrorPrintfx5;dropped:_printfx4;dropped:ErrorRaisex3;this-pad:func_00102788;gvote:time_max->0035eb30;globals:15ppc/9ps2;gdims:data_table;gdims:data_max;unmapped-global:0x793220;unmapped-global:__LNst__ZN2YI9VIBRATION6CreateEPc_1;gdims:__LNst__ZN2YI9VIBRATION6CreateEPc_3;unmapped-global:__LNst__ZN2YI9VIBRATION6CreateEPc_3;gdims:__LNst__ZN2YI9VIBRATION6CreateEPc_7;unmapped-global:__LNst__ZN2YI9VIBRATION6CreateEPc_7;gdims:__LNst__ZN2YI9VIBRATION6CreateEPc_6;unmapped-global:__LNst__ZN2YI9VIBRATION6CreateEPc_6;gdims:__LNst__ZN2YI9VIBRATION6CreateEPc_5;unmapped-global:__LNst__ZN2YI9VIBRATION6CreateEPc_5;static-unmapped	
0023cfb8	000cadc8	500	float	35.63	near	30.49		gvote:time_max->0035eb30;globals:7ppc/8ps2	
0023d320	0036fe90	72	branchy	70.50	near	61.67		gvote:m_FrameLimit->0035eb54;gvote:s_limit->00349e1c;gvote:m_isFrameTypeFixed->0035eb50;gvote:s_frameType->00349e20	
0023d5b8	00374178	524	loop	91.44	near	61.52		arity-pad:func_0014b610;arity-pad:func_0014b608;arity-pad:func_0014b5e0;this-pad:func_0014b220;this-pad:func_0014b208;arity-pad:func_0014b630;arity-pad:func_0014b618;arity-pad:func_0014b468;arity-pad:func_0014b628;globals:0ppc/2ps2	Tz::MenuObj|m_ObjMax|dac|dac|b6c
0023d820	0037324c	480	loop	84.44	near	64.98		this-pad:func_001dc920;this-pad:func_001dde40;this-pad:func_001a9350	Tz::MenuObj|m_Proj|20|48|40
0023dd28	00374840	216	float	96.87	near	99.65		this-pad:func_00106d40;this-pad:func_00106de8;this-pad:func_00106c08;globals:0ppc/9ps2	
0023e738	00373228	40	straight	58.30	near	58.3			
0023e788	00375330	40	straight	50.40	near	35.15			
0023e918	00375430	64	float	98.69	near	49.18		stack-locals:1;unmapped-call:operator_;dropped:operator_x0	
0023e9f0	003739bc	208	loop	88.80	near	48.38		this-pad:func_0023a918;this-pad:func_0023f6f8	Tz::MenuObj|m_ObjMax|dac|dac|b6c;Tz::MenuObj|m_SyncSprite|1700|1700|14c0;Tz::MenuObj|m_SyncSprite|1700|1700|14d0
0023eea0	003662e0	172	straight	99.14	near	48.92		dropped:ErrorPrintfx2;dropped:ErrorRaisex2;this-pad:func_001391c8;arity-pad:func_00236a58;arity-pad:func_0023f070;this-pad:func_0023c6f8;gvote:m_Allocator->0035eb88;globals:4ppc/1ps2;gdims:__LNst__ZN2Tz6Layout5AllocEj_0;unmapped-global:__LNst__ZN2Tz6Layout5AllocEj_0;gdims:__LNst__ZN2Tz6Layout10setNextNumEi_3;unmapped-global:__LNst__ZN2Tz6Layout10setNextNumEi_3;unmapped-global:__LNst__ZN2Tz6Layout6createEiPvS1_ii_0;raw-view:1;fix-arity:func_00236a58	Tz::Layout|m_chgNext|98|98|94
0023ef50	00366668	100	loop	90.64	near	90.6		this-pad:func_00236ca8;raw-view:1	Tz::Layout|m_layout|30|58|28
0023f070	00365d88	76	straight	98.16	near	57.53		dropped:ErrorPrintfx2;dropped:ErrorRaisex2;globals:3ppc/0ps2;gdims:__LNst__ZN2Tz6Layout10setNextNumEi_1;unmapped-global:__LNst__ZN2Tz6Layout10setNextNumEi_1;gdims:__LNst__ZN2Tz6Layout10setNextNumEi_3;unmapped-global:__LNst__ZN2Tz6Layout10setNextNumEi_3;unmapped-global:LS_29_LV_0	
0023f1e0	003654c8	348	loop	94.75	near	55.45		dropped:ErrorPrintfx5;dropped:ErrorRaisex5;this-pad:func_001391c8;this-pad:func_0023f1b0;this-pad:func_0023c3e0;arity-pad:func_0023f5b8;this-pad:func_0023aa58;this-pad:func_0023aa78;this-pad:func_001395e8;this-pad:func_00139610;this-pad:func_00139638;globals:6ppc/0ps2;unmapped-global:__LNst__ZN2Tz6LayMsg6createEiPNS_6LayoutEPKsS4_iii_0;gdims:__LNst__ZN2Tz6LayMsg11SetLineSizeEi_3;unmapped-global:__LNst__ZN2Tz6LayMsg11SetLineSizeEi_3;gdims:__LNst__ZN2Tz6LayMsg11SetLineSizeEi_1;unmapped-global:__LNst__ZN2Tz6LayMsg11SetLineSizeEi_1;gdims:LS_44_LV_6;unmapped-global:LS_44_LV_6;gdims:LS_42_LV_5;unmapped-global:LS_42_LV_5;unmapped-global:LS_32_LV_2	Tz::LayMsg|m_FontSize|40|40|38
0023f5b8	00365360	92	branchy	81.65	near	50.36		positional:ErrorPrintf->00139d78;positional:ErrorRaise->00192048;globals:2ppc/0ps2;unmapped-global:__LNst__ZN2Tz6LayMsg11SetLineSizeEi_1;unmapped-global:__LNst__ZN2Tz6LayMsg11SetLineSizeEi_3;static-unmapped;variant:no_dims	
0023fe60	00368af4	416	branchy	68.08	near	11.84		positional:ErrorPrintf->002fde18;positional:ErrorRaise->002fde18;arity-pad:func_00241fd0;gvote:m_Allocator->0035ec84;gvote:m_Fname->0035ec88;gvote:m_Dir->0035ec8c;gvote:m_DataBuff->0035ec90;gvote:m_MCInfo->0035ec94;gvote:m_LocalInfo->0035ec98;gvote:m_DirParamBuff->0035eca0;gvote:m_DirParam->0035ec9c;globals:12ppc/9ps2;gdims:__LNst__ZN2Tz5MCard5AllocEj_1;gdims:__LNst__ZN2Tz5MCard5AllocEj_3;unmapped-global:__LNst__ZN2Tz5MCard5AllocEj_3;gdims:LS_308_LV_4;unmapped-global:LS_308_LV_4;unmapped-global:m_McSys;fix-arity:func_002fde18;static-unmapped	
00240118	00368fb4	296	branchy	46.78	near	37.27		positional:GetProductCode->00105c48;positional:_sprintf->002402e0;dropped:ErrorPrintfx2;dropped:ErrorRaisex2;globals:12ppc/5ps2;gdims:product_code;gdims:__LNst__ZN2Tz5MCard8GetFnameEPcii_2;gdims:__LNst__ZN2Tz5MCard8GetFnameEPcii_3;unmapped-global:__LNst__ZN2Tz5MCard8GetFnameEPcii_3;gdims:__LNst__ZN2Tz18MCFNAME_SYSTEM_COME_0;unmapped-global:__LNst__ZN2Tz18MCFNAME_SYSTEM_COME_0;gdims:__LNst__ZN2Tz5MCard8GetFnameEPcii_5;unmapped-global:__LNst__ZN2Tz5MCard8GetFnameEPcii_5;unmapped-global:__LNst__ZN2Tz5MCard8GetFnameEPcii_0;gdims:__LNst__ZN2Tz5MCard5AllocEj_3;unmapped-global:__LNst__ZN2Tz5MCard5AllocEj_3;gdims:LS_321_LV_7;unmapped-global:LS_321_LV_7;gdims:__LNst__ZN2Tz5MCard8GetFnameEPcii_1;unmapped-global:__LNst__ZN2Tz5MCard8GetFnameEPcii_1;static-unmapped	
00240240	003691d0	156	loop	78.62	near	57.07		stack-locals:1;dropped:ErrorPrintfx2;dropped:ErrorRaisex2;gvote:LS_324_LV_8->00371698;globals:5ppc/1ps2;gdims:fname;unmapped-global:fname;unmapped-global:__LNst__ZN2Tz5MCard8GetFnameEPcii_0;gdims:__LNst__ZN2Tz5MCard5AllocEj_3;unmapped-global:__LNst__ZN2Tz5MCard5AllocEj_3;gdims:LS_324_LV_8;gdims:__LNst__ZN2Tz5MCard8GetFnameEPcii_1;unmapped-global:__LNst__ZN2Tz5MCard8GetFnameEPcii_1	
00240360	00369378	204	branchy	72.12	near	43.58		dropped:ErrorPrintfx2;dropped:ErrorRaisex2;gvote:m_Fname->0035ec88;globals:7ppc/5ps2;unmapped-global:LS_328_LV_9;unmapped-global:__LNst__ZN2Tz5MCard9MakeFnameEi_1;variant:no_dims	
00240450	0036995c	340	loop	77.74	near	13.03		positional:ErrorPrintf->002fde18;positional:ErrorRaise->002fdd68;gvote:m_DataBuff->0035ec90;globals:12ppc/10ps2;gdims:__LNst__ZN2Tz5MCard11MakeIconsysEPci_0;gdims:__LNst__ZN2Tz5MCard5AllocEj_3;gdims:LS_334_LV_10;gdims:BG_COLOR;gdims:LIGHT_DIR;gdims:LIGHT_COLOR;gdims:AMBIENT;gdims:__LNst__ZN2Tz15MCFNAME_SYSICONE_0;unmapped-global:SaveRam;unmapped-global:s_PlayTime;fix-assign-cast;static-unmapped	
002405a8	0036953c	804	branchy	66.52	near	0.0		stack-locals:1;this-pad:func_00105868;this-pad:func_001058d8;this-pad:func_00188fe0;gvote:SaveRam->0032bb30;globals:6ppc/7ps2;gdims:__LNst__ZN2Tz8MC_TITIEE_0;gdims:__LNst__ZN2Tz9MC_TITIE2E_0;gdims:__LNst__ZN2Tz13MC_TITIE2_SYSE_0	
00240a70	00369e34	216	loop	49.89	compile	0.0	00240a70.cpp:783: `struct	stack-locals:1;positional:GetGameMode->002fdd68;positional:getPlayTime->00241e18;positional:mc_endian_write_conv->00241ed8;positional:CalcInit->002409b8;unmapped-call:Calc;unmapped-call:Worker;dropped:ErrorPrintfx2;dropped:Workerx1;dropped:Calcx2;dropped:ErrorRaisex2;arity-pad:func_00241ed8;gvote:m_DataBuff->0035ec90;globals:8ppc/2ps2;gdims:s_FaceInfo;unmapped-global:s_PlayTime;unmapped-global:m_littleEndianNative;gdims:__LNst__ZN2Tz5MCard11MakeIconsysEPci_0;unmapped-global:__LNst__ZN2Tz5MCard11MakeIconsysEPci_0;gdims:__LNst__ZN2Tz5MCard5AllocEj_3;unmapped-global:__LNst__ZN2Tz5MCard5AllocEj_3;gdims:LS_341_LV_13;unmapped-global:LS_341_LV_13;gdims:LS_337_LV_11;unmapped-global:LS_337_LV_11;fix-retype:FaceInfo->Tz::FaceInfo	
00240c08	0036a318	496	branchy	77.70	compile	0.0	00240c08.cpp: In function `void;    e3_00240c08(int, void*, int)':; 00240c08.cpp:776: warning: invalid;    conversion from `const char*' to `const s8*'; 00240c08.cpp:782: warning: invalid;    conversi	unmapped-call:mc_endian_read_conv;dropped:ErrorPrintfx2;dropped:mc_endian_read_convx1;dropped:ErrorRaisex2;arity-pad:func_00188fe0;this-pad:func_001058d8;gvote:m_DataBuff->0035ec90;gvote:m_MCInfo->0035ec94;globals:6ppc/2ps2;gdims:__LNst__ZN2Tz5MCard11SetFileInfoEiPvi_0;unmapped-global:__LNst__ZN2Tz5MCard11SetFileInfoEiPvi_0;gdims:__LNst__ZN2Tz5MCard5AllocEj_3;unmapped-global:__LNst__ZN2Tz5MCard5AllocEj_3;gdims:LS_351_LV_15;unmapped-global:LS_351_LV_15;gdims:__LNst__ZN2Tz5MCard11MakeIconsysEPci_0;unmapped-global:__LNst__ZN2Tz5MCard11MakeIconsysEPci_0	
00240e50	0036a904	388	loop	72.62	near	49.42		positional:_strstr->002fde18;dropped:ErrorPrintfx2;dropped:_printfx2;dropped:ErrorRaisex2;gvote:m_DirParam->0035ec9c;gvote:m_MCInfo->0035ec94;globals:7ppc/6ps2;gdims:__LNst__ZN2Tz5MCard10GetDirInfoEi_0;gdims:__LNst__ZN2Tz5MCard5AllocEj_3;gdims:LS_360_LV_18;gdims:__LNst__ZN2Tz5MCard10GetDirInfoEi_1;gdims:__LNst__ZN2Tz5MCard13UpdateDirInfoEv_2;unmapped-global:__LNst__ZN2Tz5MCard13UpdateDirInfoEv_2	
00241008	0036acf4	344	loop	96.81	near	56.74		dropped:ErrorPrintfx2;dropped:ErrorRaisex2;gvote:m_DirParam->0035ec9c;gvote:m_LocalInfo->0035ec98;gvote:m_MCInfo->0035ec94;globals:7ppc/6ps2;gdims:__LNst__ZN2Tz5MCard10GetDirInfoEi_0;gdims:__LNst__ZN2Tz5MCard5AllocEj_3;gdims:LS_366_LV_20;gdims:__LNst__ZN2Tz5MCard15UpdateLocalInfoEv_0;unmapped-global:__LNst__ZN2Tz5MCard15UpdateLocalInfoEv_0	
00241160	0036af44	444	loop	76.47	near	33.95		positional:ErrorPrintf->002ff3fc;positional:ErrorRaise->002ff1a4;gvote:m_LocalInfo->0035ec98;gvote:m_Fname->0035ec88;globals:8ppc/5ps2;gdims:__LNst__ZN2Tz5MCard15UpdateLocalInfoEv_0;gdims:__LNst__ZN2Tz5MCard5AllocEj_3;gdims:LS_371_LV_21;gdims:__LNst__ZN2Tz16MCFNAME_ICON_SYSE_0;unmapped-global:__LNst__ZN2Tz16MCFNAME_ICON_SYSE_0;unmapped-global:m_SystemMode;gdims:__LNst__ZN2Tz15MCFNAME_SYSICONE_0;unmapped-global:__LNst__ZN2Tz15MCFNAME_SYSICONE_0;fix-assign-cast;static-unmapped	
00241358	0036b260	148	loop	73.80	near	46.8		dropped:ErrorPrintfx1;dropped:ErrorRaisex1;gvote:m_LocalInfo->0035ec98;gvote:m_Fname->0035ec88;globals:5ppc/2ps2;gdims:__LNst__ZN2Tz5MCard15UpdateLocalInfoEv_0;unmapped-global:__LNst__ZN2Tz5MCard15UpdateLocalInfoEv_0;gdims:__LNst__ZN2Tz5MCard5AllocEj_3;unmapped-global:__LNst__ZN2Tz5MCard5AllocEj_3;gdims:LS_375_LV_22;unmapped-global:LS_375_LV_22	
002413f0	0036b388	96	loop	96.00	near	37.84		gvote:m_MCInfo->0035ec94	
002417a0	0036be80	172	loop	70.60	near	70.6		gvote:m_MCInfo->0035ec94	
00241850	0036bf34	104	branchy	53.04	near	6.02		dropped:ErrorPrintfx3;dropped:_printfx2;dropped:ErrorRaisex3;gvote:m_DirParam->0035ec9c;gvote:m_MCInfo->0035ec94;globals:8ppc/2ps2;gdims:__LNst__ZN2Tz5MCard10GetDirInfoEi_0;unmapped-global:__LNst__ZN2Tz5MCard10GetDirInfoEi_0;gdims:__LNst__ZN2Tz5MCard5AllocEj_3;unmapped-global:__LNst__ZN2Tz5MCard5AllocEj_3;gdims:LS_403_LV_30;unmapped-global:LS_403_LV_30;gdims:__LNst__ZN2Tz5MCard10GetDirInfoEi_1;unmapped-global:__LNst__ZN2Tz5MCard10GetDirInfoEi_1;gdims:__LNst__ZN2Tz5MCard11SetSaveTimeEii_0;unmapped-global:__LNst__ZN2Tz5MCard11SetSaveTimeEii_0;gdims:__LNst__ZN2Tz5MCard11SetSaveTimeEii_1;unmapped-global:__LNst__ZN2Tz5MCard11SetSaveTimeEii_1	
00241a00	0036c448	68	loop	65.59	near	56.0		gvote:m_MCInfo->0035ec94	
00241a88	0036c4d0	404	loop	95.51	near	4.23		positional:ErrorPrintf->002ff1a4;positional:ErrorRaise->002ff1a4;gvote:m_DirParam->0035ec9c;gvote:m_Fname->0035ec88;gvote:m_MCInfo->0035ec94;globals:8ppc/7ps2;gdims:__LNst__ZN2Tz5MCard10GetDirInfoEi_0;gdims:__LNst__ZN2Tz5MCard5AllocEj_3;gdims:LS_420_LV_34;gdims:__LNst__ZN2Tz5MCard15UpdateLocalInfoEv_0;unmapped-global:__LNst__ZN2Tz5MCard15UpdateLocalInfoEv_0;fix-arity:func_002ff1a4;fix-arity:func_002ff1a4;static-unmapped	
00241c40	0036c7c4	468	loop	62.92	near	46.95		positional:ErrorPrintf->002ff1a4;positional:ErrorRaise->002ff1a4;gvote:m_DirParam->0035ec9c;gvote:m_MCInfo->0035ec94;gvote:m_Fname->0035ec88;gvote:s_FileSizeInfo->01dae688;gdims:__LNst__ZN2Tz5MCard10GetDirInfoEi_0;gdims:__LNst__ZN2Tz5MCard5AllocEj_3;gdims:LS_426_LV_36;gdims:s_FileSizeInfo;fix-arity:func_002ff1a4	
00242740	00376320	76	branchy	86.32	near	0.0		unmapped-call:isGamePause;dropped:isGamePausex1;dropped:_printfx1;globals:1ppc/0ps2;gdims:__LNst__ZN2Tz9MenuSound8SetPauseEi_0;unmapped-global:__LNst__ZN2Tz9MenuSound8SetPauseEi_0	
00242880	00318ab8	132	straight	20.58	near	0.0		gvote:m_ExStatus->0035ecd8;globals:2ppc/1ps2;unmapped-global:config	
00242b10	00318cfc	68	straight	73.89	near	72.94		globals:1ppc/0ps2;unmapped-global:config	
00242b88	00318d8c	68	straight	73.89	near	38.3		globals:1ppc/0ps2;unmapped-global:config	
00242c00	00318e14	108	branchy	82.78	near	36.41		globals:1ppc/0ps2;unmapped-global:config	
00242ca0	00318efc	68	straight	73.89	near	44.13		globals:1ppc/0ps2;unmapped-global:config	
00242d10	00318f88	68	straight	73.89	near	72.94		globals:1ppc/0ps2;unmapped-global:config	
00242d80	0031901c	68	straight	73.89	near	72.94		globals:1ppc/0ps2;unmapped-global:config	
00242df0	003190a4	88	branchy	97.18	near	94.68		globals:1ppc/0ps2;unmapped-global:config	
00243190	0038723c	48	loop	91.54	near	12.79		globals:0ppc/1ps2	
00243230	003861a4	104	branchy	61.73	near	30.28		dropped:ErrorPrintfx4;dropped:ErrorRaisex4;globals:9ppc/0ps2;gdims:sub_menu;unmapped-global:sub_menu;gdims:__LNst__ZN2Tz7SubMenu8isSetNewEii_0;unmapped-global:__LNst__ZN2Tz7SubMenu8isSetNewEii_0;gdims:__LNst__ZN2Tz7SubMenu12SignalToTypeEi_3;unmapped-global:__LNst__ZN2Tz7SubMenu12SignalToTypeEi_3;gdims:__LNst__ZN2Tz7SubMenu8isSetNewEii_1;unmapped-global:__LNst__ZN2Tz7SubMenu8isSetNewEii_1;gdims:_ZZNK2YS7BITFLAGILj64EjE5checkEjEs_0;unmapped-global:_ZZNK2YS7BITFLAGILj64EjE5checkEjEs_0;gdims:_ZZNK2YS7BITFLAGILj64EjE5checkEjEs_2;unmapped-global:_ZZNK2YS7BITFLAGILj64EjE5checkEjEs_2;gdims:_ZZN2YS7BITFLAGILj64EjE3setEjEs_0;unmapped-global:_ZZN2YS7BITFLAGILj64EjE3setEjEs_0;gdims:_ZZN2YS7BITFLAGILj64EjE3setEjEs_2;unmapped-global:_ZZN2YS7BITFLAGILj64EjE3setEjEs_2;unmapped-global:LV_0	
00243298	003c155c	612	loop	64.01	near	47.48		byname:ErrorRaise->0031a838;dropped:ErrorPrintfx3;this-pad:func_002889f0;this-pad:func_00288f48;arity-pad:func_002b3df8;this-pad:func_00239700;this-pad:func_00102818;gvote:m_MenuPtr->0035ece8;gvote:m_SelPtr->0035ecec;gvote:m_Lay->0035ecf0;gvote:m_LayBg2->0035ecf4;gvote:m_LayPic->0035ecf8;gvote:Allocator->0032ba14;gvote:sm_manager_ptr->00347f80;gvote:m_HelpMsg->0035ed08;gvote:m_FadeWait->0035ed0c;gvote:m_Jiminy->0035ecfc;gvote:m_Score->0035ed00;gvote:m_ScoreStr->0035ed10;gvote:m_New->0035ed04;gvote:m_NewInfo->0035ed14;globals:23ppc/20ps2;gdims:_ZZN2dk5Obj2DnwEjEs_0;gdims:_ZZN2dk5Obj2DnwEjEs_2;gdims:_ZZN2dk5Obj2DnaEjEs_0;unmapped-global:_ZZN2dk5Obj2DnaEjEs_0;gdims:_ZZN2dk5Obj2DnaEjEs_2;unmapped-global:_ZZN2dk5Obj2DnaEjEs_2;unmapped-global:LV_1;fix-assign-cast;fix-assign-cast;fix-assign-cast	
00243740	003c0b68	1432	float	82.04	near	51.74		stack-locals:1;byname:ErrorRaise->0031a838;byname:ErrorRaise->0031a838;positional:Pop->00244938;positional:ErrorPrintf->002449c0;this-pad:func_002369a0;this-pad:func_0023c008;this-pad:func_0023ef50;this-pad:func_00288d80;this-pad:func_002891b8;this-pad:func_0023aa98;arity-pad:func_001395f8;this-pad:func_002892f8;this-pad:func_0023aa78;this-pad:func_00138c68;this-pad:func_002891f0;this-pad:func_002891e8;this-pad:func_002b4070;this-pad:func_0028af40;this-pad:func_00139620;this-pad:func_0023d808;this-pad:func_0023e858;this-pad:func_0023e8b8;this-pad:func_0023e8d8;this-pad:func_0023e9b0;this-pad:func_0023e690;gvote:m_FadeWait->0035ed0c;gvote:m_Lay->0035ecf0;gvote:m_NewInfo->0035ed14;gvote:m_MenuPtr->0035ece8;gvote:m_HelpMsg->0035ed08;gvote:m_LayPic->0035ecf8;gvote:m_LayBg2->0035ecf4;gvote:m_Jiminy->0035ecfc;globals:26ppc/22ps2;gdims:s_Seq0;gdims:__LNst__ZN2Tz4HEFT7PushMemEv_1;gdims:__LNst__ZN2Tz4HEFT7CtrlSelEv_3;gdims:s_LayPicNum;unmapped-global:m_ScoreStr;gdims:_ZZN2Tz9SmHelpMsg7GetInfoEvEs_0;unmapped-global:_ZZN2Tz9SmHelpMsg7GetInfoEvEs_0;gdims:_ZZN2Tz9SmHelpMsg7GetInfoEvEs_2;unmapped-global:_ZZN2Tz9SmHelpMsg7GetInfoEvEs_2;unmapped-global:0x797d28;fix-assign-cast;fix-assign-cast;fix-assign-cast;static-unmapped	
00244068	003c0a4c	224	branchy	97.81	near	93.1		simmap:LeaveAll->00243f48;positional:CtrlSel->0028acc8;this-pad:func_00139d78;gvote:m_MenuPtr->0035ece8;gvote:m_SelPtr->0035ecec;gvote:m_Lay->0035ecf0;gvote:m_LayBg2->0035ecf4;gvote:m_LayPic->0035ecf8	
002444b8	003bf90c	592	branchy	93.26	near	30.92		this-pad:func_00139d78;this-pad:func_002891e8;this-pad:func_0028acb8;this-pad:func_0028aa40;this-pad:func_002892f8;this-pad:func_00247bb0;this-pad:func_002891d0;gvote:m_Lay->0035ecf0;gvote:m_MenuPtr->0035ece8;gvote:m_LayPic->0035ecf8;gvote:m_LayBg2->0035ecf4;gvote:m_SelPtr->0035ecec;gvote:m_Jiminy->0035ecfc;gvote:m_Score->0035ed00;globals:9ppc/8ps2;gdims:s_LayPicNum;unmapped-global:m_New;static-unmapped	
00244938	003cc158	80	branchy	86.50	near	26.82		globals:3ppc/0ps2;unmapped-global:s_LightCycleMissionSeq;unmapped-global:0x71d048;unmapped-global:0x71d03c;static-unmapped	
00244b38	003bf4b0	244	branchy	75.03	near	64.56		this-pad:func_002891e8;this-pad:func_00192b30;this-pad:func_00192c90;gvote:m_Score->0035ed00;gvote:m_ScoreStr->0035ed10;gvote:m_MenuPtr->0035ece8;globals:3ppc/4ps2	
00244c30	003c01d0	392	loop	90.42	near	67.7		this-pad:func_002891b8;this-pad:func_00139648;arity-pad:func_0023aa18;arity-pad:func_0023aa38;this-pad:func_00138c68;gvote:m_NewInfo->0035ed14;gvote:m_New->0035ed04;gvote:m_pri->0035f3d4;gvote:m_MenuPtr->0035ece8;gvote:m_Lay->0035ecf0	
00244f10	003c5b78	440	loop	70.14	near	29.71		positional:ErrorPrintf->00322e58;positional:ErrorRaise->002fde18;this-pad:func_002889f0;this-pad:func_00288f48;arity-pad:func_002b3df8;this-pad:func_00239700;this-pad:func_00102818;gvote:m_MenuPtr->0035ed20;gvote:m_SelPtr->0035ed24;gvote:m_Lay->0035ed28;gvote:m_LayBg2->0035ed2c;gvote:m_LayPic->0035ed30;gvote:Allocator->0032ba14;gvote:m_HelpMsg->0035ed38;gvote:m_FadeWait->0035ed3c;gvote:m_SeqTbl->0035ed40;gvote:sm_manager_ptr->00347f80;gvote:m_New->0035ed34;gvote:m_NewInfo->0035ed44;globals:18ppc/17ps2;gdims:_ZZN2dk5Obj2DnaEjEs_0;gdims:_ZZN2dk5Obj2DnaEjEs_2;unmapped-global:0x797d48;fix-assign-cast;fix-assign-cast;fix-assign-cast;static-unmapped	
002450c8	003c612c	820	loop	74.87	near	42.04		positional:_SmHelpMsg->002b3fb0;positional:operator_delete__->0031acc0;this-pad:func_00288b00;arity-pad:func_002b3fb0;this-pad:func_00239870;gvote:m_MenuPtr->0035ed20;gvote:m_SelPtr->0035ed24;gvote:m_Lay->0035ed28;gvote:m_LayBg2->0035ed2c;gvote:m_LayPic->0035ed30;gvote:m_HelpMsg->0035ed38;gvote:Allocator->0032ba14;gvote:m_SeqTbl->0035ed40;gvote:m_New->0035ed34;globals:12ppc/11ps2;unmapped-global:0x744230;fix-assign-cast;fix-assign-cast;fix-assign-cast	
00245488	003c50d8	1244	loop	68.00	near	47.11		stack-locals:1;byname:ErrorRaise->0031a838;byname:ErrorRaise->0031a838;positional:ErrorPrintf->002467f0;positional:Pop->002469a0;this-pad:func_002369a0;this-pad:func_0023c008;this-pad:func_0023ef50;this-pad:func_00288d80;this-pad:func_002891b8;this-pad:func_0023aa98;arity-pad:func_001395f8;this-pad:func_002892f8;this-pad:func_0023aa78;this-pad:func_00138c68;this-pad:func_002891f0;this-pad:func_002891e8;this-pad:func_002b4070;this-pad:func_0028af40;arity-pad:func_00139620;globals:23ppc/17ps2;unmapped-global:m_LayPic;unmapped-global:0x71c990;unmapped-global:0x71c978;unmapped-global:m_LayBg2;unmapped-global:m_SeqTbl;unmapped-global:0x797d58;raw-view:1;fix-assign-cast;fix-assign-cast;fix-assign-cast;static-unmapped;variant:no_dims,no_gvote	
00245968	003c43e0	296	float	92.80	near	55.51		dropped:ErrorPrintfx1;dropped:ErrorRaisex1;arity-pad:func_0023d808;arity-pad:func_0023e858;arity-pad:func_0023e8b8;arity-pad:func_0023e8d8;arity-pad:func_0023e9b0;arity-pad:func_0023e690;gvote:m_HelpMsg->0035ed38;globals:3ppc/4ps2;gdims:_ZZN2Tz9SmHelpMsg7GetInfoEvEs_0;gdims:_ZZN2Tz9SmHelpMsg7GetInfoEvEs_2	
00245dd0	003c4220	232	branchy	95.09	near	60.76		positional:LeaveSelInfo->00246708;this-pad:func_002892f8;this-pad:func_00139d78;this-pad:func_00247bb0;gvote:m_MenuPtr->0035ed20;gvote:m_SelPtr->0035ed24;gvote:m_Lay->0035ed28;gvote:m_LayBg2->0035ed2c;gvote:m_LayPic->0035ed30	
00245eb8	003c3c1c	440	switch	90.13	near	66.77		stack-locals:1;positional:Push->0028ae28;dropped:ErrorPrintfx4;dropped:ErrorRaisex2;this-pad:func_00289380;this-pad:func_00289310;this-pad:func_00265c10;this-pad:func_002891e8;gvote:m_MenuPtr->0035ed20;gvote:m_FadeWait->0035ed3c;globals:5ppc/4ps2;gdims:__LNst__ZN2Tz4HECO7PushMemEv_0;gdims:__LNst__ZN2Tz4HECO10Cur2SelPosEi_3;unmapped-global:__LNst__ZN2Tz4HECO10Cur2SelPosEi_3	
00246070	003c3044	692	switch	43.75	near	0.0		stack-locals:1;synth-fields:1;positional:ErrorPrintf->0028acc8;positional:ErrorRaise->0028abe0;this-pad:func_00289380;this-pad:func_00139d78;this-pad:func_002891e8;this-pad:func_002b4388;this-pad:func_00289310;this-pad:func_00251a08;this-pad:func_00265c10;this-pad:func_0027d450;arity-pad:func_002be318;this-pad:func_0028aa40;gvote:m_SelPtr->0035ed24;gvote:m_MenuPtr->0035ed20;gvote:m_HelpMsg->0035ed38;gvote:m_SeqTbl->0035ed40;globals:9ppc/7ps2;gdims:s_Seq1;gdims:s_Seq0;gdims:s_LocalSet1;unmapped-global:s_LocalSet1;gdims:s_LocalSet0;unmapped-global:s_LocalSet0;static-unmapped	
00246328	003c2d28	360	branchy	91.17	near	41.28		this-pad:func_00139d78;this-pad:func_002891e8;this-pad:func_0028acb8;this-pad:func_0028aa40;this-pad:func_002892f8;this-pad:func_00247bb0;gvote:m_Lay->0035ed28;gvote:m_MenuPtr->0035ed20;gvote:m_LayPic->0035ed30;gvote:m_LayBg2->0035ed2c;gvote:m_SelPtr->0035ed24;gvote:m_SeqTbl->0035ed40;globals:9ppc/6ps2;gdims:s_LayPic1Num;unmapped-global:s_LayPic1Num;gdims:s_LayPic0Num;unmapped-global:s_LayPic0Num;unmapped-global:m_New;static-unmapped	
00246490	003c299c	628	loop	39.89	near	26.41		stack-locals:1;arity-pad:func_00289310;arity-pad:func_002891e8;arity-pad:func_002890e0;arity-pad:func_0024e008;this-pad:func_0023f070;this-pad:func_002b4388;gvote:m_LayPic->0035ed30;gvote:m_HelpMsg->0035ed38;globals:10ppc/5ps2;gdims:s_LayPic1Num;gdims:s_LayPic0Num;unmapped-global:m_NewInfo;unmapped-global:m_New;gdims:s_Seq1;unmapped-global:s_Seq1;gdims:s_Seq0;unmapped-global:s_Seq0;gdims:s_SelSeq;unmapped-global:s_SelSeq;fix-arity:func_0023f070;static-unmapped	
00246968	003c23e4	56	straight	67.14	near	21.43		dropped:ErrorPrintfx1;dropped:ErrorRaisex1;globals:5ppc/0ps2;unmapped-global:0x71c9c6;unmapped-global:0x71ca56;gdims:__LNst__ZN2Tz4HECO10Cur2SelPosEi_1;unmapped-global:__LNst__ZN2Tz4HECO10Cur2SelPosEi_1;gdims:__LNst__ZN2Tz4HECO10Cur2SelPosEi_3;unmapped-global:__LNst__ZN2Tz4HECO10Cur2SelPosEi_3;unmapped-global:LS_47_LV_3;static-unmapped	
00246ab8	003c4a90	1220	loop	80.62	near	62.45		this-pad:func_002891b8;arity-pad:func_00139620;arity-pad:func_001395f8;this-pad:func_0023aa18;this-pad:func_0023aa38;arity-pad:func_00138c68;this-pad:func_002891e8;gvote:m_SeqTbl->0035ed40;gvote:m_pri->0035f3d4;gvote:m_MenuPtr->0035ed20;gvote:m_Lay->0035ed28;gdims:s_Seq0;gdims:s_Seq1;raw-view:14	
00247198	003c45b0	836	float	68.36	near	27.94		positional:ErrorPrintf->00192048;positional:ErrorRaise->002474e0;this-pad:func_00239f18;this-pad:func_00192c90;this-pad:func_00192b30;this-pad:func_00192c40;this-pad:func_00138c10;gvote:m_SeqTbl->0035ed40;globals:4ppc/8ps2;gdims:s_Seq0;gdims:s_Seq1;fix-assign-cast;fix-assign-cast	
00247580	003c24fc	752	float	69.57	near	47.75		this-pad:func_002891e8;this-pad:func_002892f8;this-pad:func_00138c10;this-pad:func_00192b30;this-pad:func_00192c90;this-pad:func_00192c40;this-pad:func_0023aa98;this-pad:func_00138c68;this-pad:func_0028af88;this-pad:func_0028af18;gvote:m_MenuPtr->0035ed20;gvote:m_SeqTbl->0035ed40;globals:3ppc/5ps2;raw-view:6	
00247870	003c35dc	432	branchy	70.36	near	58.18		this-pad:func_002891e8;gvote:m_MenuPtr->0035ed20;gvote:m_SeqTbl->0035ed40;globals:3ppc/4ps2	
00247a20	003c3834	400	loop	97.30	near	66.03		this-pad:func_0028afa8;this-pad:func_002891b8;this-pad:func_00139648;arity-pad:func_0023aa18;arity-pad:func_0023aa38;this-pad:func_00138c68;this-pad:func_002891e8;this-pad:func_00138c10;gvote:m_NewInfo->0035ed44;gvote:m_New->0035ed34;gvote:m_pri->0035f3d4;gvote:m_MenuPtr->0035ed20;gvote:m_Lay->0035ed28	
00247cf0	003cb5bc	400	loop	65.50	near	61.97		dropped:ErrorPrintfx1;dropped:ErrorRaisex1;this-pad:func_002889f0;this-pad:func_00288f48;arity-pad:func_002b3df8;this-pad:func_00239700;this-pad:func_00102818;gvote:m_MenuPtr->0035ed4c;gvote:m_SelPtr->0035ed50;gvote:m_Lay->0035ed54;gvote:m_LayBg2->0035ed58;gvote:m_LayPic->0035ed5c;gvote:Allocator->0032ba14;gvote:sm_manager_ptr->00347f80;gvote:m_FadeWait->0035ed68;gvote:m_New->0035ed64;gvote:m_NewInfo->0035ed69;gdims:_ZZN2dk5Obj2DnaEjEs_0;gdims:_ZZN2dk5Obj2DnaEjEs_2;fix-assign-cast;fix-assign-cast;fix-assign-cast	
00248060	003cad28	1380	float	55.94	near	41.92		stack-locals:1;byname:ErrorRaise->0031a838;byname:ErrorRaise->0031a838;byname:ErrorRaise->0031a838;positional:ErrorPrintf->00249480;positional:Pop->00249180;this-pad:func_002369a0;this-pad:func_0023c008;this-pad:func_0023ef50;this-pad:func_00288d80;this-pad:func_002891b8;this-pad:func_0023aa98;arity-pad:func_001395f8;this-pad:func_002892f8;this-pad:func_0023aa78;this-pad:func_00138c68;this-pad:func_002891f0;this-pad:func_002891e8;this-pad:func_002b4070;this-pad:func_0023d808;this-pad:func_0023e858;this-pad:func_0023e8b8;this-pad:func_0023e8d8;this-pad:func_0023e9b0;this-pad:func_0023e690;globals:27ppc/23ps2;gdims:s_Seq0;gdims:__LNst__ZN2Tz4MUMI7CtrlSelEv_3;gdims:__LNst__ZN2Tz4MUMI6PopMemEv_1;gdims:s_LayPicNum;unmapped-global:m_LayBg2;gdims:_ZZN2Tz9SmHelpMsg7GetInfoEvEs_0;unmapped-global:_ZZN2Tz9SmHelpMsg7GetInfoEvEs_0;gdims:_ZZN2Tz9SmHelpMsg7GetInfoEvEs_2;unmapped-global:_ZZN2Tz9SmHelpMsg7GetInfoEvEs_2;unmapped-global:0x797db8;fix-assign-cast;fix-assign-cast;fix-assign-cast;static-unmapped;variant:no_gvote	
00248900	003cab68	216	branchy	97.73	near	92.86		positional:CtrlSel->0028acc8;this-pad:func_00139d78;gvote:m_MenuPtr->0035ed4c;gvote:m_SelPtr->0035ed50;gvote:m_Lay->0035ed54;gvote:m_LayBg2->0035ed58;gvote:m_LayPic->0035ed5c	
002489d8	003ca98c	348	switch	72.23	near	52.54		positional:ErrorPrintf->0028ae28;positional:ErrorRaise->0028ae28;this-pad:func_00289380;this-pad:func_00289310;this-pad:func_00265c10;gvote:m_MenuPtr->0035ed4c;gvote:m_FadeWait->0035ed68;globals:3ppc/4ps2;fix-arity:func_0028ae28	
00248d28	003c9e14	552	branchy	92.77	near	33.12		this-pad:func_00139d78;this-pad:func_002891e8;this-pad:func_0028acb8;this-pad:func_0028aa40;this-pad:func_002892f8;this-pad:func_00247bb0;this-pad:func_002891d0;gvote:m_Lay->0035ed54;gvote:m_MenuPtr->0035ed4c;gvote:m_LayPic->0035ed5c;gvote:m_LayBg2->0035ed58;gvote:m_SelPtr->0035ed50;globals:7ppc/6ps2;gdims:s_LayPicNum;unmapped-global:m_New;static-unmapped	
00248f50	003c9c04	328	branchy	88.20	near	54.43		arity-pad:func_00289310;arity-pad:func_002891e8;arity-pad:func_002890e0;arity-pad:func_0024e008;this-pad:func_0023f070;arity-pad:func_002891d0;this-pad:func_002b4388;gvote:m_LayPic->0035ed5c;globals:8ppc/5ps2;gdims:s_LayPicNum;unmapped-global:0x71ce98;unmapped-global:0x71cf04;unmapped-global:m_HelpMsg;fix-arity:func_0023f070;static-unmapped	
002491d0	003ca5f4	392	loop	97.55	near	76.87		this-pad:func_0028afa8;this-pad:func_002891b8;this-pad:func_00139648;arity-pad:func_0023aa18;arity-pad:func_0023aa38;this-pad:func_00138c68;this-pad:func_002891e8;this-pad:func_00138c10;gvote:m_NewInfo->0035ed69;gvote:m_New->0035ed64;gvote:m_pri->0035f3d4;gvote:m_MenuPtr->0035ed4c;gvote:m_Lay->0035ed54	
00249480	003cac74	132	loop	83.74	near	37.56			
002499b8	003cd898	1332	loop	59.92	compile	0.0	002499b8.cpp:887: base operand	stack-locals:1;byname:ErrorRaise->0031a838;positional:Pop->0024abe8;positional:ErrorPrintf->0031a838;this-pad:func_002369a0;this-pad:func_0023c008;this-pad:func_0023ef50;this-pad:func_00288d80;this-pad:func_002891b8;this-pad:func_0023aa98;arity-pad:func_001395f8;this-pad:func_002892f8;this-pad:func_0023aa78;this-pad:func_00138c68;this-pad:func_002891f0;this-pad:func_002891e8;this-pad:func_002b4070;this-pad:func_0028af40;this-pad:func_00139620;this-pad:func_002b4388;gvote:m_FadeWait->0035ed94;gvote:m_Lay->0035ed78;gvote:m_NewInfo->0035ed9c;gvote:m_MenuPtr->0035ed70;gvote:m_HelpMsg->0035ed90;gvote:m_LayPic->0035ed80;gvote:m_LayBg2->0035ed7c;globals:22ppc/20ps2;gdims:__LNst__ZN2Tz4TRTE7PushMemEv_1;gdims:__LNst__ZN2Tz4TRTE7CtrlSelEv_3;unmapped-global:0x71d0b4;unmapped-global:0x71d06c;fix-assign-cast;fix-arity:func_0031a838;fix-assign-cast;fix-assign-cast	
0024a270	003cd504	216	branchy	97.73	near	92.86		positional:CtrlSel->0028acc8;this-pad:func_00139d78;gvote:m_MenuPtr->0035ed70;gvote:m_Lay->0035ed78;gvote:m_LayBg2->0035ed7c;gvote:m_LayPic->0035ed80	
0024a710	003cc5ac	568	branchy	92.97	near	36.65		this-pad:func_00139d78;this-pad:func_002891e8;this-pad:func_0028acb8;this-pad:func_0028aa40;this-pad:func_002892f8;this-pad:func_00247bb0;this-pad:func_002891d0;gvote:m_Lay->0035ed78;gvote:m_MenuPtr->0035ed70;gvote:m_LayPic->0035ed80;gvote:m_LayBg2->0035ed7c	
0024a948	003cc244	440	branchy	79.93	near	40.19		arity-pad:func_00289310;arity-pad:func_002891e8;arity-pad:func_002890e0;arity-pad:func_0024e008;this-pad:func_0023f070;arity-pad:func_002891d0;this-pad:func_002b4388;gvote:m_LayPic->0035ed80;gvote:m_HelpMsg->0035ed90;globals:9ppc/5ps2;unmapped-global:s_LightCycleMissionSeq;unmapped-global:0x71d0b4;unmapped-global:0x71d06c;unmapped-global:0x71d0d8;fix-arity:func_0023f070;static-unmapped	
0024ac88	003cd7b4	196	loop	75.20	near	27.06		globals:4ppc/1ps2;unmapped-global:0x71d0b4;unmapped-global:s_LightCycleMissionSeq;unmapped-global:0x71d090;static-unmapped	
0024ada0	003cd60c	336	branchy	73.54	near	70.98		this-pad:func_00139620;this-pad:func_001395f8;this-pad:func_00192b30;this-pad:func_00192c90;this-pad:func_002891e8;gvote:m_Lay->0035ed78;gvote:m_MenuPtr->0035ed70;globals:4ppc/7ps2	
0024aef0	003cce8c	392	loop	97.55	near	76.87		this-pad:func_0028afa8;this-pad:func_002891b8;this-pad:func_00139648;arity-pad:func_0023aa18;arity-pad:func_0023aa38;this-pad:func_00138c68;this-pad:func_002891e8;this-pad:func_00138c10;gvote:m_NewInfo->0035ed9c;gvote:m_pri->0035f3d4;gvote:m_MenuPtr->0035ed70;gvote:m_Lay->0035ed78	
0024b210	003be914	400	loop	65.49	near	61.98		dropped:ErrorPrintfx1;dropped:ErrorRaisex1;this-pad:func_002889f0;this-pad:func_00288f48;arity-pad:func_002b3df8;this-pad:func_00239700;this-pad:func_00102818;gvote:m_MenuPtr->0035eda8;gvote:m_SelPtr->0035edac;gvote:m_Lay->0035edb0;gvote:m_LayBg2->0035edb4;gvote:m_LayPic->0035edb8;gvote:Allocator->0032ba14;gvote:m_HelpMsg->0035edc0;gvote:sm_manager_ptr->00347f80;gvote:m_FadeWait->0035edc4;gvote:m_New->0035edbc;gvote:m_NewInfo->0035edc5;gdims:_ZZN2dk5Obj2DnaEjEs_0;gdims:_ZZN2dk5Obj2DnaEjEs_2;fix-assign-cast;fix-assign-cast;fix-assign-cast	
0024b588	003be21c	1232	loop	53.91	near	44.8		stack-locals:1;byname:ErrorRaise->0031a838;positional:Pop->0024c650;positional:ErrorPrintf->0031a838;this-pad:func_002369a0;this-pad:func_0023c008;this-pad:func_0023ef50;this-pad:func_00288d80;this-pad:func_002891b8;this-pad:func_0023aa98;arity-pad:func_001395f8;arity-pad:func_00139570;this-pad:func_002892f8;this-pad:func_0023aa78;this-pad:func_00138c68;this-pad:func_002891f0;this-pad:func_002891e8;this-pad:func_002b4070;gvote:m_FadeWait->0035edc4;gvote:m_Lay->0035edb0;gvote:m_NewInfo->0035edc5;gvote:m_MenuPtr->0035eda8;gvote:m_HelpMsg->0035edc0;gvote:m_LayPic->0035edb8;gvote:m_LayBg2->0035edb4;globals:22ppc/19ps2;gdims:s_Seq0;gdims:__LNst__ZN2Tz4HBTE6PopMemEv_1;gdims:__LNst__ZN2Tz4HBTE7CtrlSelEv_3;unmapped-global:0x71c636;gdims:s_LayPicNum;unmapped-global:s_LayPicNum;unmapped-global:0x797cf8;fix-assign-cast;fix-arity:func_0031a838;fix-assign-cast;fix-assign-cast;static-unmapped	
0024bd90	003be114	216	branchy	97.73	near	92.86		simmap:CtrlSel->0024bfb8;this-pad:func_00139d78;gvote:m_MenuPtr->0035eda8;gvote:m_SelPtr->0035edac;gvote:m_Lay->0035edb0;gvote:m_LayBg2->0035edb4;gvote:m_LayPic->0035edb8	
0024bfb8	003bd79c	496	switch	97.69	near	48.82		positional:ErrorPrintf->0028acc8;positional:ErrorRaise->00287bd0;this-pad:func_00289380;this-pad:func_00139d78;this-pad:func_002891e8;arity-pad:func_002b4388;this-pad:func_00289310;this-pad:func_00251a08;this-pad:func_00265c10;this-pad:func_0027d450;this-pad:func_0028aa40;gvote:m_SelPtr->0035edac;gvote:m_HelpMsg->0035edc0;gvote:m_MenuPtr->0035eda8;globals:5ppc/6ps2	
0024c1a8	003bd35c	632	branchy	94.95	near	38.67		this-pad:func_00139d78;this-pad:func_002891e8;this-pad:func_0028acb8;this-pad:func_0028aa40;this-pad:func_002892f8;this-pad:func_00247bb0;this-pad:func_002891d0;gvote:m_Lay->0035edb0;gvote:m_MenuPtr->0035eda8;gvote:m_LayPic->0035edb8;gvote:m_LayBg2->0035edb4;gvote:m_SelPtr->0035edac;globals:7ppc/6ps2;gdims:s_LayPicNum;unmapped-global:m_New;static-unmapped	
0024c420	003bd150	328	branchy	88.20	near	54.4		arity-pad:func_00289310;arity-pad:func_002891e8;arity-pad:func_002890e0;arity-pad:func_0024e008;this-pad:func_0023f070;arity-pad:func_002891d0;this-pad:func_002b4388;globals:8ppc/5ps2;gdims:s_LayPicNum;unmapped-global:0x71c63c;unmapped-global:0x71c6a8;unmapped-global:m_HelpMsg;fix-arity:func_0023f070;static-unmapped;variant:no_gvote	
0024c6a0	003bdbb0	392	loop	97.55	near	76.87		this-pad:func_0028afa8;this-pad:func_002891b8;this-pad:func_00139648;arity-pad:func_0023aa18;arity-pad:func_0023aa38;this-pad:func_00138c68;this-pad:func_002891e8;this-pad:func_00138c10;gvote:m_NewInfo->0035edc5;gvote:m_New->0035edbc;gvote:m_pri->0035f3d4;gvote:m_MenuPtr->0035eda8;gvote:m_Lay->0035edb0	
0024ce18	003d2164	1328	loop	69.33	near	43.65		stack-locals:1;byname:ErrorRaise->0031a838;byname:ErrorRaise->0031a838;positional:Pop->0024dfe0;positional:ErrorPrintf->0024e058;this-pad:func_002369a0;this-pad:func_0023c008;this-pad:func_0023ef50;this-pad:func_00288d80;this-pad:func_002891b8;this-pad:func_0023aa98;arity-pad:func_001395f8;arity-pad:func_00139570;this-pad:func_002892f8;this-pad:func_0023aa78;this-pad:func_00138c68;this-pad:func_002891f0;this-pad:func_002891e8;this-pad:func_002b4070;this-pad:func_0028af40;this-pad:func_00139620;gvote:m_FadeWait->0035edf0;gvote:m_Lay->0035edd4;gvote:m_NewInfo->0035edfc;gvote:m_MenuPtr->0035edcc;gvote:m_LayBg2->0035edd8;globals:27ppc/20ps2;gdims:__LNst__ZN2Tz4TTPT7PushMemEv_0;gdims:__LNst__ZN2Tz4TTPT9GetLayPicEi_3;gdims:__LNst__ZN2Tz4TTPT9GetLayPicEi_1;gdims:LS_64_LV_3;unmapped-global:LS_64_LV_3;unmapped-global:0x71d394;unmapped-global:0x71d3a6;unmapped-global:m_Jiminy;unmapped-global:m_Score;unmapped-global:m_ScoreStr;unmapped-global:0x797e40;fix-assign-cast;fix-assign-cast;fix-assign-cast;static-unmapped	
0024d6c8	003d205c	216	branchy	97.73	near	92.86		positional:CtrlSel->0028acc8;this-pad:func_00139d78;gvote:m_MenuPtr->0035edcc;gvote:m_Lay->0035edd4;gvote:m_LayBg2->0035edd8	
0024db28	003d1068	576	branchy	93.07	near	39.56		positional:ErrorPrintf->0028acc8;positional:ErrorRaise->0024e008;this-pad:func_00139d78;this-pad:func_002891e8;this-pad:func_0028acb8;this-pad:func_0028aa40;this-pad:func_002892f8;this-pad:func_00247bb0;this-pad:func_002891d0;gvote:m_Lay->0035edd4;gvote:m_MenuPtr->0035edcc;gvote:m_LayBg2->0035edd8;globals:14ppc/7ps2;gdims:__LNst__ZN2Tz4TTPT9GetLayPicEi_1;gdims:__LNst__ZN2Tz4TTPT9GetLayPicEi_3;gdims:LS_64_LV_3;unmapped-global:m_MenuType;gdims:s_LayPicNum0;unmapped-global:s_LayPicNum0;gdims:s_LayPicNum1;unmapped-global:s_LayPicNum1;unmapped-global:m_SelPtr;unmapped-global:m_Jiminy;unmapped-global:m_Score;unmapped-global:m_New;static-unmapped	
0024e228	003d0bc0	380	branchy	73.34	near	74.93		stack-locals:1;this-pad:func_002891e8;this-pad:func_00192c40;this-pad:func_00192b30;this-pad:func_00192c90;gvote:m_MenuPtr->0035edcc;globals:4ppc/7ps2	
0024e3a8	003d194c	392	loop	97.55	near	73.27		this-pad:func_0028afa8;this-pad:func_002891b8;this-pad:func_00139648;arity-pad:func_0023aa18;arity-pad:func_0023aa38;this-pad:func_00138c68;this-pad:func_002891e8;this-pad:func_00138c10;gvote:m_NewInfo->0035edfc;gvote:m_pri->0035f3d4;gvote:m_MenuPtr->0035edcc;gvote:m_Lay->0035edd4;globals:6ppc/5ps2;unmapped-global:m_MenuType;static-unmapped	
0024e850	003cff84	368	loop	97.72	near	34.03		stack-locals:1;positional:Pop->00288ce0;dropped:ErrorPrintfx2;dropped:ErrorRaisex2;this-pad:func_002369a0;this-pad:func_0023c008;this-pad:func_00252098;this-pad:func_002891f0;this-pad:func_002891e8;arity-pad:func_0023f1e0;this-pad:func_0023f6c0;gvote:m_MenuPtr->0035ee04;gvote:sm_manager_ptr->00347f80;globals:13ppc/9ps2;gdims:__LNst__ZN2Tz4TTMY6PopMemEv_0;gdims:__LNst__ZN2Tz4TTMY10GetIconSeqEi_3;unmapped-global:__LNst__ZN2Tz4TTMY10GetIconSeqEi_3;gdims:_ZZN2dk5Obj2DnwEjEs_0;unmapped-global:_ZZN2dk5Obj2DnwEjEs_0;gdims:_ZZN2dk5Obj2DnwEjEs_2;unmapped-global:_ZZN2dk5Obj2DnwEjEs_2;unmapped-global:LV_0;fix-assign-cast;fix-assign-cast	
0024e9c0	003cf94c	256	loop	87.55	near	43.08		dropped:ErrorPrintfx1;dropped:ErrorRaisex1;arity-pad:func_001396b0;globals:8ppc/3ps2;unmapped-global:0x71d1e8;unmapped-global:0x71d250;gdims:__LNst__ZN2Tz4TTMY10GetIconSeqEi_1;unmapped-global:__LNst__ZN2Tz4TTMY10GetIconSeqEi_1;gdims:__LNst__ZN2Tz4TTMY10GetIconSeqEi_3;unmapped-global:__LNst__ZN2Tz4TTMY10GetIconSeqEi_3;unmapped-global:LS_37_LV_1;static-unmapped	
0024ebc0	003cfe28	144	branchy	96.89	compile	0.0	0024ebc0.cpp:671: `Tz'	this-pad:func_00139d78;gvote:m_MenuPtr->0035ee04;globals:4ppc/3ps2;unmapped-global:m_CMark	
0024ec50	003cfb2c	392	switch	46.06	near	58.76		dropped:ErrorPrintfx3;dropped:ErrorRaisex1;this-pad:func_00289380;this-pad:func_00289310;this-pad:func_0023f0c0;this-pad:func_0023f070;this-pad:func_002891e8;this-pad:func_0023f5b8;gvote:m_MenuPtr->0035ee04;globals:8ppc/3ps2;unmapped-global:s_TitleMessNum;unmapped-global:m_Help;unmapped-global:m_HelpPos;gdims:s_HelpSeqNum;unmapped-global:s_HelpSeqNum;gdims:LS_41_s_HelpPos;unmapped-global:LS_41_s_HelpPos;static-unmapped	
0024f070	003cf7c0	304	branchy	64.20	near	2.41		this-pad:func_00138c10;globals:7ppc/6ps2;gdims:LS_41_s_HelpPos;gdims:s_HelpSeqNum;unmapped-global:m_Lay;static-unmapped	
0024f398	003c9060	400	loop	65.49	near	61.88		dropped:ErrorPrintfx1;dropped:ErrorRaisex1;this-pad:func_002889f0;this-pad:func_00288f48;arity-pad:func_002b3df8;this-pad:func_00239700;this-pad:func_00102818;gvote:m_MenuPtr->0035ee34;gvote:m_SelPtr->0035ee38;gvote:m_Lay->0035ee3c;gvote:m_LayBg2->0035ee40;gvote:m_LayPic->0035ee44;gvote:Allocator->0032ba14;gvote:sm_manager_ptr->00347f80;gvote:m_FadeWait->0035ee50;gvote:m_New->0035ee48;gvote:m_NewInfo->0035ee51;gdims:_ZZN2dk5Obj2DnaEjEs_0;gdims:_ZZN2dk5Obj2DnaEjEs_2;fix-assign-cast;fix-assign-cast;fix-assign-cast	
0024f710	003c8a24	1216	loop	54.80	near	49.87		this-pad:func_002369a0;this-pad:func_0023c008;this-pad:func_0023ef50;this-pad:func_00288d80;this-pad:func_002891b8;this-pad:func_0023aa98;arity-pad:func_001395f8;arity-pad:func_00139570;this-pad:func_002892f8;this-pad:func_0023aa78;this-pad:func_00138c68;this-pad:func_002891f0;this-pad:func_002891e8;this-pad:func_002b4070;gvote:m_FadeWait->0035ee50;gvote:m_Lay->0035ee3c;gvote:m_NewInfo->0035ee51;gvote:m_MenuPtr->0035ee34;gvote:m_LayPic->0035ee44;gvote:m_LayBg2->0035ee40;globals:20ppc/19ps2;gdims:s_Seq0;gdims:s_LayPicNum;unmapped-global:0x797d88;fix-assign-cast;fix-assign-cast;fix-assign-cast;static-unmapped	
0024ff08	003c891c	216	branchy	97.73	near	92.86		this-pad:func_00139d78;gvote:m_MenuPtr->0035ee34;gvote:m_SelPtr->0035ee38;gvote:m_Lay->0035ee3c;gvote:m_LayBg2->0035ee40;gvote:m_LayPic->0035ee44	
00250328	003c7b94	552	branchy	92.77	near	33.12		this-pad:func_00139d78;this-pad:func_002891e8;this-pad:func_0028acb8;this-pad:func_0028aa40;this-pad:func_002892f8;this-pad:func_00247bb0;this-pad:func_002891d0;gvote:m_Lay->0035ee3c;gvote:m_MenuPtr->0035ee34;gvote:m_LayPic->0035ee44;gvote:m_LayBg2->0035ee40;gvote:m_SelPtr->0035ee38;globals:7ppc/6ps2;gdims:s_LayPicNum;unmapped-global:m_New;static-unmapped	
00250550	003c7988	328	branchy	88.20	near	54.43		arity-pad:func_00289310;arity-pad:func_002891e8;arity-pad:func_002890e0;arity-pad:func_0024e008;this-pad:func_0023f070;arity-pad:func_002891d0;this-pad:func_002b4388;gvote:m_LayPic->0035ee44;globals:8ppc/5ps2;gdims:s_LayPicNum;unmapped-global:0x71cccc;unmapped-global:0x71cd80;unmapped-global:m_HelpMsg;fix-arity:func_0023f070;static-unmapped	
002507a0	003c83b0	392	loop	97.55	near	76.87		this-pad:func_002892f8;this-pad:func_002891b8;this-pad:func_00139648;arity-pad:func_0023aa18;arity-pad:func_0023aa38;this-pad:func_00138c68;this-pad:func_002891e8;this-pad:func_00138c10;gvote:m_NewInfo->0035ee51;gvote:m_New->0035ee48;gvote:m_pri->0035f3d4;gvote:m_MenuPtr->0035ee34;gvote:m_Lay->0035ee3c	
00250a50	003bbdfc	852	loop	74.95	near	41.03		byname:ErrorRaise->0031a838;byname:ErrorRaise->0031a838;byname:ErrorRaise->0031a838;byname:ErrorRaise->0031a838;dropped:ErrorPrintfx7;this-pad:func_002889f0;arity-pad:func_00288f48;this-pad:func_00239700;this-pad:func_00102818;gvote:m_MenuPtr->0035ee58;gvote:m_Lay->0035ee60;gvote:m_Title->0035ee64;gvote:sm_manager_ptr->00347f80;gvote:m_SelPtr->0035ee5c;gvote:m_Help->0035ee68;globals:22ppc/19ps2;gdims:_ZZN2dk5Obj2DnwEjEs_0;gdims:_ZZN2dk5Obj2DnwEjEs_2;gdims:_ZZN2dk5Obj2DnaEjEs_0;unmapped-global:_ZZN2dk5Obj2DnaEjEs_0;gdims:_ZZN2dk5Obj2DnaEjEs_2;unmapped-global:_ZZN2dk5Obj2DnaEjEs_2;unmapped-global:LV_1;fix-assign-cast	
00250fb8	003b9c38	276	loop	80.27	near	75.59		gvote:m_Lay->0035ee60;gvote:m_Help->0035ee68;gvote:m_MenuPtr->0035ee58;gvote:m_SelPtr->0035ee5c	
00251148	003bb7cc	464	loop	29.38	near	27.35		byname:ErrorRaise->0031a838;positional:ErrorPrintf->00288ce0;this-pad:func_002369a0;this-pad:func_0023c008;this-pad:func_0023ef50;this-pad:func_00252098;arity-pad:func_0023f1e0;this-pad:func_0023f6c0;arity-pad:func_002891f0;this-pad:func_002891e8;gvote:m_Lay->0035ee60;gvote:m_MenuPtr->0035ee58;gvote:sm_manager_ptr->00347f80;gvote:m_Title->0035ee64;globals:24ppc/10ps2;gdims:__LNst__ZN2Tz4CANA12isEnableMenuEi_1;gdims:__LNst__ZN2Tz4CANA12isEnableMenuEi_3;gdims:LS_71_LV_5;gdims:LS_71_s_flg;gdims:_ZZN2dk5Obj2DnwEjEs_0;gdims:_ZZN2dk5Obj2DnwEjEs_2;unmapped-global:_ZZN2dk5Obj2DnwEjEs_2;unmapped-global:LV_0;unmapped-global:0x74a5d0;unmapped-global:0x71c438;unmapped-global:0x71c45e;unmapped-global:LS_96_s_ShipInfo;unmapped-global:DAT_0071c59e;gdims:s_ShipSeqNumBP;unmapped-global:s_ShipSeqNumBP;gdims:s_ShipSeqNumIS;unmapped-global:s_ShipSeqNumIS;unmapped-global:0x71c43e;unmapped-global:m_Ship;gdims:LS_95_s_NextFlag;unmapped-global:LS_95_s_NextFlag;unmapped-global:m_NextMark;unmapped-global:s_NextSeqNum;fix-assign-cast;fix-assign-cast;fix-arity:func_0023f1e0;static-unmapped	
00251318	003bb264	152	branchy	93.16	near	37.25		dropped:ErrorPrintfx3;dropped:ErrorRaisex1;this-pad:func_002892f8;this-pad:func_00139d78;this-pad:func_00247bb0;globals:1ppc/0ps2;unmapped-global:m_SelPtr;static-unmapped	
002515a0	003babc4	476	loop	86.32	near	78.09		stack-locals:1;this-pad:func_00288d80;this-pad:func_002891b8;this-pad:func_0023aa78;this-pad:func_00288e08;arity-pad:func_00139620;this-pad:func_002891f0;this-pad:func_0028af28;gvote:m_Lay->0035ee60;gvote:m_pri->0035f3d4;gvote:m_SelPtr->0035ee5c	
00251780	003ba79c	556	branchy	90.35	near	40.55		positional:ErrorPrintf->002519d0;positional:ErrorRaise->00287f90;this-pad:func_00289380;this-pad:func_0028af18;this-pad:func_00289310;this-pad:func_00251a08;this-pad:func_00265c10;this-pad:func_0027d450;this-pad:func_002891e8;this-pad:func_0028aa40;gvote:m_SelPtr->0035ee5c;gvote:m_MenuPtr->0035ee58;globals:5ppc/2ps2;unmapped-global:m_Base;unmapped-global:m_Gra;gdims:s_GraSeqNum;unmapped-global:s_GraSeqNum;static-unmapped	
00251a70	003ba280	1052	branchy	48.16	near	49.37		positional:ErrorPrintf->0028acc8;positional:ErrorRaise->0028acc8;positional:DrawSelector->00251fe0;this-pad:func_0023f0c0;this-pad:func_0023f070;this-pad:func_0028acb8;this-pad:func_0028aa40;this-pad:func_002892f8;this-pad:func_00247bb0;this-pad:func_002891e8;this-pad:func_002891d0;gvote:m_Lay->0035ee60;gvote:m_MenuPtr->0035ee58;gvote:m_SelPtr->0035ee5c;gvote:m_Title->0035ee64;gvote:m_Help->0035ee68;globals:11ppc/5ps2;unmapped-global:m_Base;unmapped-global:__LNst__ZN2Tz4CANA10GetIconSeqEi_0;unmapped-global:__LNst__ZN2Tz4CANA12isEnableMenuEi_3;unmapped-global:LS_78_LV_6;unmapped-global:0x71c438;unmapped-global:0x71c43e;fix-arity:func_0028acc8;static-unmapped;variant:no_dims	
00252208	003bb3f0	276	loop	83.99	near	40.45		dropped:ErrorPrintfx2;dropped:ErrorRaisex2;gvote:m_Lay->0035ee60;globals:10ppc/4ps2;gdims:LS_71_s_flg;unmapped-global:0x71c43e;gdims:__LNst__ZN2Tz4CANA12isEnableMenuEi_1;unmapped-global:__LNst__ZN2Tz4CANA12isEnableMenuEi_1;gdims:__LNst__ZN2Tz4CANA12isEnableMenuEi_3;unmapped-global:__LNst__ZN2Tz4CANA12isEnableMenuEi_3;gdims:LS_71_LV_5;unmapped-global:LS_71_LV_5;gdims:_ZZNK2YS7BITFLAGILj64EjE5checkEjEs_0;unmapped-global:_ZZNK2YS7BITFLAGILj64EjE5checkEjEs_0;gdims:_ZZNK2YS7BITFLAGILj64EjE5checkEjEs_2;unmapped-global:_ZZNK2YS7BITFLAGILj64EjE5checkEjEs_2;fix-arity:func_00252208;static-unmapped	
00252320	003bb6a0	264	loop	93.91	near	0.0		dropped:ErrorPrintfx1;dropped:ErrorRaisex1;this-pad:func_00252208;gvote:m_Lay->0035ee60;globals:7ppc/6ps2;gdims:__LNst__ZN2Tz4CANA18CreateMapBlackPerlEv_0;gdims:__LNst__ZN2Tz4CANA12isEnableMenuEi_3;gdims:LS_97_LV_7;unmapped-global:LS_97_LV_7	
00252540	003b9d7c	216	branchy	94.05	near	20.63		this-pad:func_002891e8;gvote:m_MenuPtr->0035ee58;gvote:m_Lay->0035ee60;gdims:s_GraSeqNum	
00252660	003b9eb4	172	branchy	85.07	near	37.61		dropped:ErrorPrintfx2;dropped:ErrorRaisex2;arity-pad:func_00138c10;globals:6ppc/1ps2;gdims:_ZZNK2YS7BITFLAGILj64EjE5checkEjEs_0;unmapped-global:_ZZNK2YS7BITFLAGILj64EjE5checkEjEs_0;gdims:_ZZNK2YS7BITFLAGILj64EjE5checkEjEs_2;unmapped-global:_ZZNK2YS7BITFLAGILj64EjE5checkEjEs_2;gdims:_ZZN2YS7BITFLAGILj64EjE3setEjEs_0;unmapped-global:_ZZN2YS7BITFLAGILj64EjE3setEjEs_0;gdims:_ZZN2YS7BITFLAGILj64EjE3setEjEs_2;unmapped-global:_ZZN2YS7BITFLAGILj64EjE3setEjEs_2;gdims:LV_3;unmapped-global:LV_3	
00252760	003b9348	176	straight	82.93	near	57.83		dropped:ErrorPrintfx1;dropped:ErrorRaisex1;this-pad:func_00239700;this-pad:func_00102818;gvote:m_LayList->0035ee9c;gvote:m_Lay->0035eea4;gvote:sm_manager_ptr->00347f80;gvote:m_LayListMax->0035eea0;gvote:m_Mess->0035eea8;globals:11ppc/10ps2;gdims:_ZZN2dk5Obj2DnwEjEs_0;gdims:_ZZN2dk5Obj2DnwEjEs_2;unmapped-global:LV_0;fix-assign-cast	
00252900	003b91bc	164	straight	93.46	near	40.62		this-pad:func_00102448;this-pad:func_002369a0;this-pad:func_0023c008;this-pad:func_0023ef50;gvote:m_Lay->0035eea4;gvote:m_LayList->0035ee9c;fix-assign-cast	
002529a8	003b8fd0	300	loop	67.76	near	47.68		dropped:ErrorPrintfx1;dropped:ErrorRaisex1;gvote:m_LayList->0035ee9c;gvote:m_LayListMax->0035eea0;globals:7ppc/4ps2;gdims:__LNst__ZN2Tz4ALCA10SetLayListEv_0;unmapped-global:__LNst__ZN2Tz4ALCA10SetLayListEv_0;gdims:__LNst__ZN2Tz4ALCA7SetMessEv_3;unmapped-global:__LNst__ZN2Tz4ALCA7SetMessEv_3;gdims:LS_53_LV_4;unmapped-global:LS_53_LV_4	
00252c20	003b8dcc	188	branchy	95.88	near	29.18		dropped:ErrorPrintfx3;dropped:ErrorRaisex1;this-pad:func_0023f100;this-pad:func_0023f0c0;this-pad:func_0023f108;gvote:m_Lay->0035eea4	
00252ce0	003b8c84	164	loop	73.89	near	44.25		dropped:ErrorPrintfx1;dropped:ErrorRaisex1;this-pad:func_0023f100;this-pad:func_0023f0c0;this-pad:func_0023f0c8;gvote:m_Lay->0035eea4;gvote:m_LayListMax->0035eea0;gvote:m_LayList->0035ee9c;globals:6ppc/3ps2;gdims:__LNst__ZN2Tz4ALCA7ChgModeEv_0;unmapped-global:__LNst__ZN2Tz4ALCA7ChgModeEv_0;gdims:__LNst__ZN2Tz4ALCA7SetMessEv_3;unmapped-global:__LNst__ZN2Tz4ALCA7SetMessEv_3;unmapped-global:LS_47_LV_3	
00252d88	003b8aa8	196	loop	86.37	near	57.52		dropped:ErrorPrintfx2;dropped:ErrorRaisex2;this-pad:func_0023f0c0;gvote:m_Lay->0035eea4;globals:5ppc/2ps2;gdims:__LNst__ZN2Tz4ALCA7ChgModeEv_0;unmapped-global:__LNst__ZN2Tz4ALCA7ChgModeEv_0;gdims:__LNst__ZN2Tz4ALCA7SetMessEv_3;unmapped-global:__LNst__ZN2Tz4ALCA7SetMessEv_3;gdims:__LNst__ZN2Tz4ALCA7ChgModeEv_1;unmapped-global:__LNst__ZN2Tz4ALCA7ChgModeEv_1	
00252e50	003b8880	328	loop	84.48	near	33.17		positional:ErrorPrintf->00139d78;positional:ErrorRaise->00139d78;this-pad:func_0023f0c0;this-pad:func_00138c10;this-pad:func_0023aa98;gvote:m_Lay->0035eea4;gvote:m_LayListMax->0035eea0;gvote:m_LayList->0035ee9c;gvote:m_Mess->0035eea8;globals:6ppc/5ps2;gdims:__LNst__ZN2Tz4ALCA7SetMessEv_1;gdims:__LNst__ZN2Tz4ALCA7SetMessEv_3;unmapped-global:__LNst__ZN2Tz4ALCA7SetMessEv_3;fix-arity:func_00139d78;static-unmapped	
00252fe8	002ea9bc	224	branchy	79.68	near	38.85		positional:ErrorPrintf->002530c8;positional:ErrorRaise->00253330;globals:7ppc/2ps2;gdims:LS_42_s_Mode2;gdims:s_SavePri;unmapped-global:m_pri;gdims:s_Func;unmapped-global:s_Func;gdims:__LNst__ZN2Tz8CampMenu11GetFuncListEi_1;unmapped-global:__LNst__ZN2Tz8CampMenu11GetFuncListEi_1;gdims:__LNst__ZN2Tz8CampMenu11GetFuncListEi_3;unmapped-global:__LNst__ZN2Tz8CampMenu11GetFuncListEi_3;unmapped-global:LS_36_LV_1;fix-arity:func_00287910;static-unmapped;variant:no_gvote	
002530f0	002eb3a0	144	branchy	94.11	near	46.97		dropped:ErrorPrintfx1;dropped:ErrorRaisex1;gvote:m_pri->0035f3d4;globals:7ppc/3ps2;gdims:s_Func;gdims:s_SavePri;unmapped-global:s_SavePri;gdims:__LNst__ZN2Tz8CampMenu11GetFuncListEi_1;unmapped-global:__LNst__ZN2Tz8CampMenu11GetFuncListEi_1;gdims:__LNst__ZN2Tz8CampMenu11GetFuncListEi_3;unmapped-global:__LNst__ZN2Tz8CampMenu11GetFuncListEi_3;unmapped-global:LS_36_LV_1;static-unmapped	
00253180	002ead84	432	branchy	83.85	near	43.02		positional:isGamePause->00253330;positional:getReserveType->00103428;dropped:ErrorPrintfx8;dropped:ErrorRaisex4;gvote:m_isRunning->0033cbb0;globals:8ppc/1ps2;unmapped-global:Config;gdims:s_Func;unmapped-global:s_Func;unmapped-global:param;gdims:LS_34_s_Lst;unmapped-global:LS_34_s_Lst;gdims:__LNst__ZN2Tz8CampMenu11GetFuncListEi_1;unmapped-global:__LNst__ZN2Tz8CampMenu11GetFuncListEi_1;gdims:__LNst__ZN2Tz8CampMenu11GetFuncListEi_3;unmapped-global:__LNst__ZN2Tz8CampMenu11GetFuncListEi_3;unmapped-global:LS_36_LV_1;static-unmapped	
002534e0	002eb2e8	88	branchy	88.18	near	65.58		dropped:ErrorPrintfx1;dropped:ErrorRaisex1;globals:3ppc/0ps2;unmapped-global:__LNst__ZN2Tz8CampMenu12StartHelpGraEPvS1__0;gdims:__LNst__ZN2Tz8CampMenu11GetFuncListEi_3;unmapped-global:__LNst__ZN2Tz8CampMenu11GetFuncListEi_3;gdims:LS_50_LV_3;unmapped-global:LS_50_LV_3	
00253638	002eda60	300	loop	99.60	near	40.17		stack-locals:1;positional:_keywordSearchEntry->002fde18;dropped:ErrorPrintfx4;dropped:ErrorRaisex2;this-pad:func_002fde18;globals:12ppc/6ps2;gdims:fname;gdims:m_FInfo;unmapped-global:m_BackRead;unmapped-global:m_pInstance;unmapped-global:m_pLoadingEntryTex;gdims:__LNst__ZN2Tz6CMData4InitEv_1;unmapped-global:__LNst__ZN2Tz6CMData4InitEv_1;gdims:__LNst__ZN2Tz6CMData12ReadCallbackEPN2YS6BINARCEjPv_1;unmapped-global:__LNst__ZN2Tz6CMData12ReadCallbackEPN2YS6BINARCEjPv_1;unmapped-global:LS_10_LV_0;static-unmapped;variant:no_gvote	
002539e8	002ee43c	280	branchy	85.44	compile	0.0	002539e8.cpp:121: incompatible	stack-locals:1;dropped:ErrorPrintfx2;dropped:_printfx2;dropped:ErrorRaisex2;gvote:m_BackRead->0035ef58;gvote:s_Fname->0035eec0;globals:16ppc/6ps2;gdims:fname;gdims:m_FInfo;unmapped-global:0xad3280;unmapped-global:0x797508;unmapped-global:0xad3260;unmapped-global:0x797500;unmapped-global:0xad3200;gdims:__LNst__ZN2Tz6CMData6GetPtrEi_0;unmapped-global:__LNst__ZN2Tz6CMData6GetPtrEi_0;gdims:__LNst__ZN2Tz6CMData12ReadCallbackEPN2YS6BINARCEjPv_1;unmapped-global:__LNst__ZN2Tz6CMData12ReadCallbackEPN2YS6BINARCEjPv_1;gdims:LS_29_LV_7;unmapped-global:LS_29_LV_7;gdims:__LNst__ZN2Tz6CMData8BackReadEiPc_0;unmapped-global:__LNst__ZN2Tz6CMData8BackReadEiPc_0;gdims:__LNst__ZN2Tz6CMData8BackReadEiPc_1;unmapped-global:__LNst__ZN2Tz6CMData8BackReadEiPc_1	
00254020	00314a6c	1252	loop	91.75	near	61.43		simmap:Exit->0026bab8;simmap:Exit->002643d0;simmap:Exit->0027c508;simmap:Exit->002816f0;simmap:Exit->002932f8;simmap:Exit->00293780;positional:_PartyInfo->00280ee0;positional:_ItemStat->00290c30;positional:_ItemInfo->00281f10;positional:ErrorPrintf->00258158;positional:ErrorRaise->0031acc0;positional:Exit->0031acc0;positional:MenuOut->0031acc0;arity-pad:func_00280ee0;this-pad:func_00290c30;this-pad:func_00281f10;this-pad:func_00288b00;this-pad:func_00239870;this-pad:func_0028fdd0;this-pad:func_00290300;this-pad:func_0028ba80;gvote:s_DispDelay->0035ef60;gvote:m_PartyInfo->0035f010;gvote:Allocator->0032ba14;gvote:m_ItemStat->0035f018;gvote:m_ItemInfo->0035f014;gvote:m_MenuPtr->0035f01c;gvote:m_MenuPtr2->0035f020;gvote:m_SelPtr->0035f024;gvote:m_Base->0035f028;gvote:sm_manager_ptr->00347f80;gvote:m_Delay->0035f030;gvote:m_Warning->0035f034;gvote:m_Place->0035f040;gvote:m_Munny->0035f044;gvote:m_Time->0035f048;gvote:m_SclBar->0035f04c;gvote:m_Light->0035f050;globals:28ppc/26ps2;gdims:_ZZN2dk5Obj2DdaEPvEs_0;gdims:_ZZN2dk5Obj2DdaEPvEs_2;unmapped-global:0x743ef8;unmapped-global:m_Lay;fix-assign-cast;static-unmapped	
00254770	00312be0	836	branchy	0.00	near	52.16		byname:ErrorRaise->0031a838;positional:ErrorPrintf->0028fc78;positional:Loop->00290198;this-pad:func_002369a0;this-pad:func_0023c008;this-pad:func_0023ef50;this-pad:func_00290cf0;this-pad:func_0023f1b0;this-pad:func_0023c4b8;this-pad:func_00236ca8;arity-pad:func_0028fb88;this-pad:func_0028fe38;this-pad:func_0027dd18;this-pad:func_0023f0c0;this-pad:func_0023f070;this-pad:func_0027d450;gvote:m_FadeWait->0035f057;gvote:sm_manager_ptr->00347f80;gvote:m_Place->0035f040;gvote:m_ItemStat->0035f018;gvote:m_pri->0035f3d4;gvote:Allocator->0032ba14;gvote:m_Munny->0035f044;gvote:m_Time->0035f048;globals:29ppc/26ps2;gdims:_ZZN2dk5Obj2DnwEjEs_0;gdims:_ZZN2dk5Obj2DnwEjEs_2;gdims:m_CurPos;unmapped-global:m_MenuPtr;unmapped-global:m_MainBase;unmapped-global:0x797698;fix-assign-cast;fix-assign-cast;fix-arity:func_00290cf0;fix-arity:func_00290cf0;fix-arity:func_0023f070;static-unmapped	
00254ab8	003105e8	932	float	46.90	near	15.22		positional:ErrorPrintf->00139d78;positional:ErrorRaise->00139d78;arity-pad:func_0023d808;this-pad:func_00281100;this-pad:func_00281128;this-pad:func_00281538;arity-pad:func_0023ec18;this-pad:func_002811e0;this-pad:func_00281238;arity-pad:func_0023e858;arity-pad:func_0023e8b8;arity-pad:func_0023e8d8;this-pad:func_002811b0;arity-pad:func_0023eae0;arity-pad:func_0023eac0;arity-pad:func_0023e958;arity-pad:func_0023e9c8;arity-pad:func_0023e9e0;gvote:m_PartyInfo->0035f010;gvote:s_DispDelay->0035ef60;gvote:m_Delay->0035f030;gvote:m_InitSetupObj->0035f056;globals:8ppc/12ps2;fix-arity:func_00139d78	
002551b8	003126c0	976	loop	78.33	near	41.39		simmap:isAbilityHistForm->00287218;positional:Setup->002937c0;this-pad:func_00288f48;this-pad:func_0028b1e8;this-pad:func_00288d80;this-pad:func_00288e08;this-pad:func_002891b8;arity-pad:func_00139620;arity-pad:func_001395f8;this-pad:func_0023aa18;this-pad:func_0023aa38;this-pad:func_00138c68;this-pad:func_002891f0;gvote:m_MenuPtr->0035f01c;gvote:m_MenuPtr2->0035f020;gvote:m_SelPtr->0035f024;gvote:m_pri->0035f3d4;gvote:m_EnableSelector->0035ef70;gvote:m_isNewJiminy->0035f05c;gdims:s_TopSeq;gdims:m_CurPos;raw-view:3	
00255588	00311e90	888	switch	27.06	near	52.32		positional:isExist->00256f18;positional:Leave->00256aa0;dropped:ErrorPrintfx3;dropped:ErrorRaisex1;this-pad:func_002892f8;this-pad:func_00139d78;this-pad:func_00247bb0;this-pad:func_0023d820;this-pad:func_00256aa0;this-pad:func_00290420;this-pad:func_0023f0c0;this-pad:func_0023f070;globals:8ppc/4ps2;unmapped-global:m_Place;unmapped-global:m_Munny;unmapped-global:m_Time;unmapped-global:m_OldMember;fix-arity:func_00139d78;static-unmapped;variant:no_gvote	
00255900	00310b14	1260	switch	81.56	near	17.19		dropped:ErrorPrintfx10;dropped:ErrorRaisex6;this-pad:func_00289380;this-pad:func_0023d820;this-pad:func_00139d78;this-pad:func_00289310;this-pad:func_00251a08;this-pad:func_00265c10;this-pad:func_0027d450;this-pad:func_002891e8;this-pad:func_002891b8;this-pad:func_0028aa40;arity-pad:func_00138c10;gvote:m_FadeWait->0035f057;gvote:m_MenuPtr->0035f01c;gvote:m_InitSetupObj->0035f056;gvote:s_DispDelay->0035ef60;globals:13ppc/7ps2;gdims:m_CurPos;unmapped-global:m_CurPos;unmapped-global:0x797688;unmapped-global:m_MainBase;gdims:__LNst__ZN2Tz5CmTop13Cur2TopSelPosEi_1;unmapped-global:__LNst__ZN2Tz5CmTop13Cur2TopSelPosEi_1;gdims:__LNst__ZN2Tz5CmTop13Cur2TopSelPosEi_3;unmapped-global:__LNst__ZN2Tz5CmTop13Cur2TopSelPosEi_3;gdims:LS_75_LV_3;unmapped-global:LS_75_LV_3;raw-view:1;fix-arity:func_00139d78;fix-arity:func_002677f0;fix-arity:func_00251a08;fix-arity:func_0027d450;fix-arity:func_0028aa40;fix-arity:func_0028aa40;static-unmapped	
00255df0	0030f740	2304	loop	50.38	near	50.63		positional:FadeOutAll->0028acc8;positional:GetActiveSelector->0028acc8;positional:GetType->0028acc8;positional:ErrorPrintf->00254e60;positional:ErrorRaise->0026ede0;this-pad:func_0023f0c0;this-pad:func_0023f070;this-pad:func_0028acb8;this-pad:func_002891b8;this-pad:func_0028aa40;this-pad:func_0023d820;this-pad:func_0028ffe8;arity-pad:func_0028acc8;this-pad:func_002892f8;this-pad:func_00247bb0;this-pad:func_002891d0;arity-pad:func_0028cc78;this-pad:func_002756f8;this-pad:func_00289310;gvote:m_MenuPtr->0035f01c;gvote:m_MenuPtr2->0035f020;gvote:m_SelPtr->0035f024;gvote:m_Light->0035f050;gvote:m_Munny->0035f044;gvote:m_Time->0035f048;gvote:m_Delay->0035f030;gvote:m_HideCursor->0035f054;globals:16ppc/13ps2;gdims:LS_80_s_ModeLst;unmapped-global:m_ImgUnit;unmapped-global:0x7154ac;unmapped-global:m_DelCursor;fix-arity:func_0023f070;fix-arity:func_0028aa40;fix-arity:func_0028acc8;fix-voidret:func_0028acc8;fix-arity:func_0028cc78;static-unmapped	
002566f0	0030f1c8	868	branchy	68.87	near	36.75		arity-pad:func_00289310;arity-pad:func_002891e8;arity-pad:func_002890e0;arity-pad:func_0024e008;arity-pad:func_002891d0;this-pad:func_002756f8;arity-pad:func_00289358;gvote:m_Light->0035f050	
00256a58	0030f0b0	68	straight	86.35	near	26.22		dropped:ErrorPrintfx1;dropped:ErrorRaisex1;this-pad:func_0028b040;gvote:m_MenuPtr->0035f01c;globals:6ppc/2ps2;gdims:s_TopSeq;unmapped-global:s_TopSeq;gdims:__LNst__ZN2Tz5CmTop13Cur2TopSelPosEi_1;unmapped-global:__LNst__ZN2Tz5CmTop13Cur2TopSelPosEi_1;gdims:__LNst__ZN2Tz5CmTop13Cur2TopSelPosEi_3;unmapped-global:__LNst__ZN2Tz5CmTop13Cur2TopSelPosEi_3;gdims:LS_75_LV_3;unmapped-global:LS_75_LV_3;static-unmapped	
00256cc0	00313424	364	branchy	78.94	near	49.44		stack-locals:1;positional:ErrorPrintf->00257770;positional:ErrorRaise->00192048;this-pad:func_00192b30;this-pad:func_00192c90;gvote:m_pri->0035f3d4;globals:9ppc/5ps2;gdims:__LNst__ZN2Tz5CmTop13Cur2TopSelPosEi_3;gdims:LS_99_LV_7;gdims:__LNst__ZN2Tz5CmTop13CreatePadHelpEiii_1;unmapped-global:LS_122_LV_13;unmapped-global:m_SeqUnit;unmapped-global:m_ImgUnit;unmapped-global:m_Lay;raw-view:2;static-unmapped	
00257158	003154b0	132	branchy	75.59	near	75.59			
002571e0	00315560	420	loop	99.86	near	33.73		stack-locals:1;this-pad:func_00288f48;this-pad:func_0028af28;this-pad:func_002892f8;this-pad:func_002891b8;arity-pad:func_001396b0;this-pad:func_00138c78;this-pad:func_0023aa18;this-pad:func_0023aa38;this-pad:func_00138c68;gvote:m_SelPtr->0035f024;gvote:m_Warning->0035f034	
00257388	0031575c	208	branchy	94.46	near	84.47		this-pad:func_00139620;globals:6ppc/5ps2;gdims:s_WarningWinSeqNum;gdims:s_WarningWin2SeqNum;unmapped-global:m_Lay;static-unmapped;variant:no_gvote	
00257458	0031586c	216	branchy	94.67	near	83.28		this-pad:func_00139620;gdims:s_WarningWinSeqNum;gdims:s_WarningWin2SeqNum;variant:no_gvote	
00257c78	003139b8	392	loop	68.86	near	0.0		this-pad:func_00281100;this-pad:func_001a8b28;gvote:m_PartyInfo->0035f010;gvote:Current->0032bae0;globals:8ppc/7ps2;gdims:m_CurPos;unmapped-global:m_CurPos;fix-assign-cast;static-unmapped	
00257e00	00312518	420	loop	73.23	near	64.24		this-pad:func_00281100;this-pad:func_00281180;gvote:m_PartyInfo->0035f010	
00258ce8	002ebdf0	88	loop	79.64	near	51.91		gdims:m_ConfirmMess	
00258df0	002ec11c	196	loop	67.29	near	17.57		stack-locals:1;dropped:ErrorPrintfx1;dropped:ErrorRaisex1;this-pad:func_0028e560;globals:5ppc/2ps2;gdims:__LNst__ZN2Tz6CmComm14SetDrawMunniesEPNS_8MultiSeqE_0;unmapped-global:__LNst__ZN2Tz6CmComm14SetDrawMunniesEPNS_8MultiSeqE_0;gdims:__LNst__ZN2Tz6CmComm9InitMunnyEii_3;unmapped-global:__LNst__ZN2Tz6CmComm9InitMunnyEii_3;gdims:LS_42_LV_2;unmapped-global:LS_42_LV_2	
00258eb8	002ec27c	356	loop	62.46	near	0.0		stack-locals:1;dropped:ErrorPrintfx1;dropped:ErrorRaisex1;this-pad:func_0028e560;gvote:m_TimeDelimiter->0035f092;globals:6ppc/3ps2;gdims:__LNst__ZN2Tz6CmComm11SetDrawTimeEPNS_8MultiSeqE_0;unmapped-global:__LNst__ZN2Tz6CmComm11SetDrawTimeEPNS_8MultiSeqE_0;gdims:__LNst__ZN2Tz6CmComm9InitMunnyEii_3;unmapped-global:__LNst__ZN2Tz6CmComm9InitMunnyEii_3;gdims:LS_44_LV_3;unmapped-global:LS_44_LV_3	
00259108	002ec7d4	584	loop	85.30	near	56.5		stack-locals:1;arity-pad:func_00288d80;arity-pad:func_002891b8;this-pad:func_0023aa78;this-pad:func_0023aa98;arity-pad:func_00288e08;this-pad:func_00139620;arity-pad:func_0028af28;arity-pad:func_002891f0;arity-pad:func_0028af90;gvote:m_pri->0035f3d4;globals:4ppc/3ps2;gdims:m_NSeq;unmapped-global:0xad30c8;static-unmapped	
00259350	002eca84	104	branchy	65.33	near	29.96			
002593b8	002ecb1c	168	loop	77.21	near	32.74		this-pad:func_00102448	
00259460	002ecbe4	84	loop	64.86	near	63.62		gdims:s_Icon	
002594b8	002ecc74	88	loop	45.70	near	3.69		dropped:ErrorPrintfx1;dropped:ErrorRaisex1;globals:4ppc/1ps2;gdims:s_Icon;gdims:__LNst__ZN2Tz6CmComm16GetItemIconMsgIdEi_0;unmapped-global:__LNst__ZN2Tz6CmComm16GetItemIconMsgIdEi_0;gdims:__LNst__ZN2Tz6CmComm9InitMunnyEii_3;unmapped-global:__LNst__ZN2Tz6CmComm9InitMunnyEii_3;gdims:LS_55_LV_6;unmapped-global:LS_55_LV_6	
00259510	002ecd68	96	loop	41.83	near	0.0		gdims:s_Icon	
00259998	00308088	708	branchy	0.00	near	45.44		stack-locals:1;positional:GetGameMode->00192048;dropped:ErrorPrintfx4;dropped:ErrorRaisex2;this-pad:func_002369a0;this-pad:func_0023c008;this-pad:func_0023f948;this-pad:func_0023ef50;this-pad:func_0023f618;this-pad:func_0023f1b0;this-pad:func_0023c4b8;this-pad:func_00236ca8;arity-pad:func_0028fb88;this-pad:func_0028fe38;this-pad:func_0027dd18;this-pad:func_00288d80;this-pad:func_00288e08;this-pad:func_002891b8;this-pad:func_00139620;this-pad:func_001395f8;this-pad:func_002891f0;this-pad:func_0028af18;gvote:m_Lay->0035f664;gvote:sm_manager_ptr->00347f80;gvote:m_Place->0035f668;gvote:Allocator->0032ba14;gvote:m_Munny->0035f66c;gvote:m_Time->0035f670;globals:25ppc/18ps2;gdims:s_SeqTop;unmapped-global:s_SeqTop;unmapped-global:0x714a9c;unmapped-global:0x714aa4;unmapped-global:m_ResourceState;gdims:_ZZN2dk5Obj2DnwEjEs_0;unmapped-global:_ZZN2dk5Obj2DnwEjEs_0;gdims:_ZZN2dk5Obj2DnwEjEs_2;unmapped-global:_ZZN2dk5Obj2DnwEjEs_2;unmapped-global:LV_0;fix-assign-cast;fix-assign-cast;fix-arity:func_0028fe38;fix-arity:func_0028fe38;static-unmapped	
00259c60	00307c40	560	switch	88.83	near	49.76		positional:isExist->0028acc8;positional:Leave->0025d4e8;positional:CtrlDelete->0025adf0;dropped:ErrorPrintfx3;dropped:ErrorRaisex1;this-pad:func_0025d4e8;this-pad:func_00290420;this-pad:func_0023f0c0;gvote:m_Lay->0035f664;gvote:m_SelPtr->0035f650;gvote:m_Time->0035f670;globals:6ppc/4ps2;unmapped-global:m_Munny;unmapped-global:0x714a5e;static-unmapped	
00259e90	0030b8d4	292	loop	91.25	near	51.99		this-pad:func_00288d80;this-pad:func_00288e08;this-pad:func_002891b8;this-pad:func_00139620;this-pad:func_001395f8;this-pad:func_002891f0;globals:5ppc/3ps2;unmapped-global:m_ImgUnit;unmapped-global:m_Lay;static-unmapped;variant:no_gvote	
0025a660	00306904	940	branchy	90.60	near	55.35		positional:ErrorPrintf->0028acc8;positional:ErrorRaise->0025a1d0;this-pad:func_00289380;this-pad:func_00139d78;this-pad:func_00289310;this-pad:func_00265c10;gvote:m_SelPtr->0035f650;gvote:m_McCheck->0035f0b0;globals:6ppc/2ps2;unmapped-global:m_ResourceState;gdims:__LNst__ZN2Tz6CmSave9CtrlYesNoEv_0;unmapped-global:__LNst__ZN2Tz6CmSave9CtrlYesNoEv_0;gdims:__LNst__ZN2Tz6CmSave8CashSaveEi_0;unmapped-global:__LNst__ZN2Tz6CmSave8CashSaveEi_0;gdims:LS_342_LV_4;unmapped-global:LS_342_LV_4;static-unmapped	
0025aa10	00306364	988	branchy	81.00	near	33.17		dropped:ErrorPrintfx7;dropped:ErrorRaisex3;this-pad:func_00289380;this-pad:func_00139d78;this-pad:func_00289310;this-pad:func_00265c10;gvote:m_SelPtr->0035f650;gvote:m_MenuPtr->0035f64c;globals:6ppc/2ps2;unmapped-global:m_ResourceState;gdims:__LNst__ZN2Tz6CmSave9CtrlYesNoEv_0;unmapped-global:__LNst__ZN2Tz6CmSave9CtrlYesNoEv_0;gdims:__LNst__ZN2Tz6CmSave8CashSaveEi_0;unmapped-global:__LNst__ZN2Tz6CmSave8CashSaveEi_0;gdims:LS_340_LV_3;unmapped-global:LS_340_LV_3;static-unmapped	
0025adf0	00306dc4	384	branchy	52.67	near	42.75		positional:SetUnformat->002b4ff8;positional:GetTypeStatus->00287cc0;positional:GetFormatStatus->00287bd0;dropped:ErrorPrintfx3;dropped:ErrorRaisex1	
0025b050	00305790	456	branchy	96.23	near	39.31		positional:ResetFindSystem->00287cc0;dropped:ErrorPrintfx6;dropped:_printfx4;dropped:ErrorRaisex2;gvote:m_McCheck->0035f0b0;globals:4ppc/1ps2;gdims:__LNst__ZN2Tz6CmSave8CashSaveEi_0;unmapped-global:__LNst__ZN2Tz6CmSave8CashSaveEi_0;gdims:__LNst__ZN2Tz6CmSave12CtrlCheckSysEv_0;unmapped-global:__LNst__ZN2Tz6CmSave12CtrlCheckSysEv_0;gdims:__LNst__ZN2Tz6CmSave12CtrlCheckSysEv_1;unmapped-global:__LNst__ZN2Tz6CmSave12CtrlCheckSysEv_1	
0025b218	00305aec	964	switch	80.84	near	15.46		positional:AddDirInfoStat->00287cc0;positional:_sprintf->00287bd0;dropped:ErrorPrintfx6;dropped:_printfx10;dropped:ErrorRaisex2;gvote:m_McCheck->0035f0b0;globals:10ppc/2ps2;gdims:mc_filename;gdims:__LNst__ZN2Tz6CmSave12CtrlDataSaveEv_1;unmapped-global:__LNst__ZN2Tz6CmSave12CtrlDataSaveEv_1;unmapped-global:0xb5b528;gdims:__LNst__ZN2Tz6CmSave8CashSaveEi_0;unmapped-global:__LNst__ZN2Tz6CmSave8CashSaveEi_0;gdims:__LNst__ZN2Tz6CmSave12CtrlLoadListEv_4;unmapped-global:__LNst__ZN2Tz6CmSave12CtrlLoadListEv_4;gdims:__LNst__ZN2Tz6CmSave12CtrlLoadListEv_3;unmapped-global:__LNst__ZN2Tz6CmSave12CtrlLoadListEv_3;gdims:__LNst__ZN2Tz6CmSave12CtrlLoadListEv_2;unmapped-global:__LNst__ZN2Tz6CmSave12CtrlLoadListEv_2;gdims:__LNst__ZN2Tz6CmSave12CtrlLoadListEv_1;unmapped-global:__LNst__ZN2Tz6CmSave12CtrlLoadListEv_1;gdims:__LNst__ZN2Tz6CmSave12CtrlLoadListEv_0;unmapped-global:__LNst__ZN2Tz6CmSave12CtrlLoadListEv_0;static-unmapped	
0025b5e0	00305558	468	branchy	79.24	near	69.56		dropped:ErrorPrintfx3;dropped:ErrorRaisex1;gvote:0x714a5e->00372ea0	
0025b7b8	00304ca8	1060	branchy	92.90	near	22.1		simmap:isBrokenData->00241c20;positional:LeaveList->00287cc0;positional:isFileUse->0025d560;dropped:ErrorPrintfx9;dropped:ErrorRaisex3;this-pad:func_00289380;this-pad:func_00289310;this-pad:func_0028af18;this-pad:func_00288d80;this-pad:func_00288e08;this-pad:func_002891b8;this-pad:func_00139620;this-pad:func_001395f8;this-pad:func_002891f0;this-pad:func_0028b040;arity-pad:func_00263c60;this-pad:func_0028afa8;gvote:m_MenuPtr->0035f64c;globals:9ppc/2ps2;unmapped-global:m_Lay;gdims:s_SeqTop;unmapped-global:s_SeqTop;unmapped-global:0x714a9c;unmapped-global:0x714aa4;unmapped-global:s_TopHelpMess;unmapped-global:m_HelpBuff;unmapped-global:0x797628;fix-arity:func_0028f4d8;fix-arity:func_0028f4d8;fix-arity:func_0028f4d8;fix-arity:func_0028f4d8;fix-arity:func_0028f7e8;fix-arity:func_00263c60;static-unmapped	
0025bbe0	003049c0	440	branchy	98.20	near	44.01		dropped:ErrorPrintfx3;dropped:_printfx6;dropped:ErrorRaisex1;gvote:m_McCheck->0035f0b0;globals:6ppc/1ps2;unmapped-global:phase;gdims:__LNst__ZN2Tz6CmSave8CashSaveEi_0;unmapped-global:__LNst__ZN2Tz6CmSave8CashSaveEi_0;gdims:__LNst__ZN2Tz6CmSave15CtrlChkDataSizeEv_0;unmapped-global:__LNst__ZN2Tz6CmSave15CtrlChkDataSizeEv_0;gdims:__LNst__ZN2Tz6CmSave15CtrlChkDataSizeEv_1;unmapped-global:__LNst__ZN2Tz6CmSave15CtrlChkDataSizeEv_1;gdims:__LNst__ZN2Tz6CmSave15CtrlChkDataSizeEv_2;unmapped-global:__LNst__ZN2Tz6CmSave15CtrlChkDataSizeEv_2	
0025bd98	003042cc	1572	switch	91.99	near	0.0		simmap:CopySaveRam2DataBuff->00240a70;positional:fadeOut->0025cd40;positional:ErrorPrintf->00287cc0;positional:ErrorRaise->00287bd0;positional:_printf->00241008;positional:_sprintf->00241358;this-pad:func_0014aa58;gvote:m_McCheck->0035f0b0;globals:11ppc/4ps2;gdims:__LNst__ZN2Tz6CmSave12CtrlDataSaveEv_0;gdims:__LNst__ZN2Tz6CmSave8CashSaveEi_0;unmapped-global:__LNst__ZN2Tz6CmSave8CashSaveEi_0;gdims:LS_323_LV_2;unmapped-global:LS_323_LV_2;unmapped-global:m_ClearSaveMode;gdims:__LNst__ZN2Tz6CmSave12CtrlDataSaveEv_2;unmapped-global:__LNst__ZN2Tz6CmSave12CtrlDataSaveEv_2;gdims:mc_filename;unmapped-global:mc_filename;gdims:__LNst__ZN2Tz6CmSave12CtrlDataSaveEv_1;unmapped-global:__LNst__ZN2Tz6CmSave12CtrlDataSaveEv_1;unmapped-global:0xb5b528;fix-arity:func_0014aa58;fix-arity:func_00240a70;static-unmapped	
0025c3c0	003035b0	1716	switch	91.28	near	19.26		simmap:ClrLocalInfo->00241320;simmap:Update->00242110;positional:GetResultDelete->00287bd0;positional:endian_read_KH2->00287cc0;positional:_sprintf->00287bd0;positional:GetDataBuff->002415a0;positional:endian_write_KH2->002347c8;dropped:ErrorPrintfx10;dropped:_printfx22;dropped:ErrorRaisex4;arity-pad:func_001058d8;arity-pad:func_002421e8;arity-pad:func_002420d8;arity-pad:func_0028b8d8;arity-pad:func_0028b8d0;arity-pad:func_00287bd0;arity-pad:func_00287cc0;arity-pad:func_00242110;arity-pad:func_002415a0;arity-pad:func_002420d0;arity-pad:func_002347c8;gvote:m_McCheck->0035f0b0;globals:21ppc/4ps2;unmapped-global:m_SaveFile;gdims:mc_filename;unmapped-global:mc_filename;gdims:__LNst__ZN2Tz6CmSave11CtrlSysSaveEv_1;unmapped-global:__LNst__ZN2Tz6CmSave11CtrlSysSaveEv_1;gdims:__LNst__ZN2Tz6CmSave11CtrlSysSaveEv_11;unmapped-global:__LNst__ZN2Tz6CmSave11CtrlSysSaveEv_11;unmapped-global:0xb5b528;gdims:__LNst__ZN2Tz6CmSave8CashSaveEi_0;unmapped-global:__LNst__ZN2Tz6CmSave8CashSaveEi_0;gdims:LS_320_LV_1;unmapped-global:LS_320_LV_1;gdims:__LNst__ZN2Tz6CmSave11CtrlSysSaveEv_8;unmapped-global:__LNst__ZN2Tz6CmSave11CtrlSysSaveEv_8;gdims:__LNst__ZN2Tz6CmSave11CtrlSysSaveEv_6;unmapped-global:__LNst__ZN2Tz6CmSave11CtrlSysSaveEv_6;gdims:__LNst__ZN2Tz6CmSave11CtrlSysSaveEv_7;unmapped-global:__LNst__ZN2Tz6CmSave11CtrlSysSaveEv_7;gdims:__LNst__ZN2Tz6CmSave11CtrlSysSaveEv_5;unmapped-global:__LNst__ZN2Tz6CmSave11CtrlSysSaveEv_5;gdims:__LNst__ZN2Tz6CmSave11CtrlSysSaveEv_4;unmapped-global:__LNst__ZN2Tz6CmSave11CtrlSysSaveEv_4;gdims:__LNst__ZN2Tz6CmSave11CtrlSysSaveEv_13;unmapped-global:__LNst__ZN2Tz6CmSave11CtrlSysSaveEv_13;gdims:__LNst__ZN2Tz6CmSave11CtrlSysSaveEv_14;unmapped-global:__LNst__ZN2Tz6CmSave11CtrlSysSaveEv_14;gdims:__LNst__ZN2Tz6CmSave11CtrlSysSaveEv_12;unmapped-global:__LNst__ZN2Tz6CmSave11CtrlSysSaveEv_12;gdims:__LNst__ZN2Tz6CmSave11CtrlSysSaveEv_10;unmapped-global:__LNst__ZN2Tz6CmSave11CtrlSysSaveEv_10;gdims:__LNst__ZN2Tz6CmSave11CtrlSysSaveEv_9;unmapped-global:__LNst__ZN2Tz6CmSave11CtrlSysSaveEv_9;fix-arity:func_00287bd0;fix-voidret:func_00242110;static-unmapped;variant:no_thispad	
0025caf0	0030328c	460	branchy	98.00	near	56.91		positional:ErrorPrintf->0028acc8;positional:ErrorRaise->00287f90;this-pad:func_00289380;this-pad:func_00139d78;this-pad:func_00289310;this-pad:func_00251a08;this-pad:func_0028b040;this-pad:func_00265c10;this-pad:func_0027d450;this-pad:func_0014aa58;this-pad:func_0028aa40;gvote:m_SelPtr->0035f650;globals:4ppc/1ps2;unmapped-global:m_MenuPtr;unmapped-global:s_TopHelpMess;unmapped-global:m_HelpBuff;fix-arity:func_00251a08;static-unmapped	
0025cde0	00302808	1800	switch	55.42	near	21.18		positional:GetType->0028acc8;this-pad:func_0023f0c0;this-pad:func_0023f070;this-pad:func_0028acb8;this-pad:func_0028aa40;arity-pad:func_00263d28;this-pad:func_0028ffe8;arity-pad:func_0028cc78;this-pad:func_002891d0;arity-pad:func_002756f8;gvote:m_Lay->0035f664;gvote:m_MenuPtr->0035f64c;gvote:m_SelPtr->0035f650;gvote:m_Light->0035f67c;gvote:m_Munny->0035f66c;gvote:m_Time->0035f670;gvote:m_SeqUnit->0035f644;gvote:m_ImgUnit->0035f640;globals:9ppc/11ps2;fix-arity:func_00263d28;fix-arity:func_0028cc78;fix-arity:func_0028cc78	
0025d620	00308784	128	branchy	88.06	near	27.45		dropped:ErrorPrintfx1;dropped:ErrorRaisex1;globals:3ppc/0ps2;gdims:__LNst__ZN2Tz6CmSave8SelCheckEi_0;unmapped-global:__LNst__ZN2Tz6CmSave8SelCheckEi_0;gdims:__LNst__ZN2Tz6CmSave8CashSaveEi_0;unmapped-global:__LNst__ZN2Tz6CmSave8CashSaveEi_0;gdims:LS_358_LV_9;unmapped-global:LS_358_LV_9	
0025d918	002fc3a0	260	straight	95.86	near	60.38		stack-locals:1;this-pad:func_002369a0;this-pad:func_0023c008;this-pad:func_0023f948;this-pad:func_0023ef50;gvote:m_Lay->0035f664;globals:8ppc/7ps2;unmapped-global:m_ResourceState;fix-assign-cast;static-unmapped	
0025da20	002fc084	388	switch	83.93	near	47.99		positional:LeaveList->0028acc8;positional:CtrlDelete->0025f550;dropped:ErrorPrintfx3;dropped:ErrorRaisex1;this-pad:func_0023f0c0;this-pad:func_00251a08;gvote:m_Lay->0035f664;gvote:m_SelPtr->0035f650;globals:5ppc/3ps2;unmapped-global:m_MenuPtr;unmapped-global:m_Light;fix-arity:func_00251a08;static-unmapped	
0025dbd8	002fbbf0	528	switch	94.84	near	40.2		positional:McModeSelect->0028acc8;positional:Send->00287f90;positional:isMcModeSelect->0028ae28;positional:Print->0028ab20;positional:_sprintf->0028ae28;dropped:ErrorPrintfx6;dropped:ErrorRaisex2;this-pad:func_00289380;this-pad:func_00139d78;this-pad:func_00289310;this-pad:func_0028aa40;this-pad:func_00265c10;this-pad:func_0027d450;this-pad:func_0028b040;arity-pad:func_0028ae28;gvote:m_MenuPtr->0035f64c;globals:5ppc/3ps2;unmapped-global:0x7975b8;unmapped-global:0x7fd610;fix-arity:func_0028aa40;fix-arity:func_0028f7e8;fix-arity:func_0028aa40;fix-arity:func_0028aa40;fix-arity:func_0028ae28;fix-arity:func_0028ae28;static-unmapped	
0025dde8	002fb920	256	switch	4.64	near	45.15		positional:GetTypeStatus->00287cc0;unmapped-call:GetFormatStatus;dropped:ErrorPrintfx3;dropped:GetFormatStatusx1;dropped:ErrorRaisex1;gvote:m_WarningPtr->0035f654;globals:1ppc/2ps2	
0025dfb0	002fb498	960	branchy	85.31	near	60.54		positional:ErrorPrintf->0028acc8;positional:ErrorRaise->0025dba8;this-pad:func_00289380;this-pad:func_00139d78;this-pad:func_00289310;this-pad:func_00265c10;gvote:m_SelPtr->0035f650;globals:4ppc/3ps2;unmapped-global:m_McCheck;static-unmapped	
0025e450	002fa678	1100	switch	75.51	near	39.61		positional:getPs3SaveCashStat->00287bd0;positional:AddDirInfoStat->00241450;positional:_sprintf->00241450;positional:getHddFreeSize->00287bd0;dropped:ErrorPrintfx3;dropped:ErrorRaisex1;dropped:_printfx8;arity-pad:func_00241450;globals:12ppc/3ps2;unmapped-global:m_McCheck;unmapped-global:mc_filename;unmapped-global:__LNst__ZN2Tz6CmLoad12CtrlDataLoadEv_4;unmapped-global:0xb5b150;unmapped-global:__LNst__ZN2Tz6CmLoad12CtrlDataLoadEv_3;unmapped-global:__LNst__ZN2Tz6CmLoad12CtrlLoadListEv_3;unmapped-global:__LNst__ZN2Tz6CmLoad12CtrlLoadListEv_2;unmapped-global:__LNst__ZN2Tz6CmLoad12CtrlLoadListEv_1;unmapped-global:__LNst__ZN2Tz6CmLoad12CtrlLoadListEv_0;fix-arity:func_00241450;static-unmapped;variant:no_dims	
0025e8a0	002fa080	784	branchy	95.06	near	47.57		positional:LeaveList->00287df0;positional:isFileUse->00241770;dropped:ErrorPrintfx7;dropped:ErrorRaisex3;this-pad:func_00289380;this-pad:func_00289310;this-pad:func_0028af18;this-pad:func_0028b040;arity-pad:func_00263c60;this-pad:func_0028afa8;gvote:m_MenuPtr->0035f64c;globals:7ppc/2ps2;unmapped-global:m_HelpBuff;unmapped-global:0x7975b8;unmapped-global:__LNst__ZN2Tz6CmLoad8CtrlListEv_1;gdims:__LNst__ZN2Tz6CmLoad12CtrlDataLoadEv_3;unmapped-global:__LNst__ZN2Tz6CmLoad12CtrlDataLoadEv_3;gdims:LS_46_LV_0;unmapped-global:LS_46_LV_0;fix-arity:func_0028f4d8;fix-arity:func_0028f4d8;fix-arity:func_0028f7e8;fix-arity:func_00263c60;fix-arity:func_00263c60;fix-arity:func_00263c60;fix-arity:func_00263c60;static-unmapped	
0025ebb0	002f9c98	728	branchy	73.34	near	45.15		positional:_sprintf->00287bd0;positional:LoadGame->002415a0;dropped:ErrorPrintfx6;dropped:_printfx2;dropped:ErrorRaisex2;this-pad:func_0014aa58;globals:8ppc/1ps2;unmapped-global:phase;gdims:mc_filename;unmapped-global:mc_filename;gdims:__LNst__ZN2Tz6CmLoad12CtrlDataLoadEv_4;unmapped-global:__LNst__ZN2Tz6CmLoad12CtrlDataLoadEv_4;unmapped-global:0xb5b150;unmapped-global:m_McCheck;gdims:__LNst__ZN2Tz6CmLoad12CtrlDataLoadEv_3;unmapped-global:__LNst__ZN2Tz6CmLoad12CtrlDataLoadEv_3;gdims:__LNst__ZN2Tz6CmLoad12CtrlDataLoadEv_6;unmapped-global:__LNst__ZN2Tz6CmLoad12CtrlDataLoadEv_6;static-unmapped	
0025eee8	002f95dc	1348	switch	72.31	near	62.47		positional:GetType->0028acc8;positional:DrawSelector->0028acc8;this-pad:func_0023f0c0;this-pad:func_0023f070;this-pad:func_0028acb8;this-pad:func_0028aa40;arity-pad:func_00263d28;arity-pad:func_0028acc8;this-pad:func_0028d1c0;arity-pad:func_002891d0;arity-pad:func_002756f8;gvote:m_Lay->0035f664;gvote:m_MenuPtr->0035f64c;gvote:m_SelPtr->0035f650;gvote:m_Light->0035f67c;gvote:m_ImgUnit->0035f640;globals:7ppc/9ps2;fix-arity:func_00263d28;fix-arity:func_0028acc8;fix-arity:func_0028d1c0	
0025fb48	003a9dd8	1160	branchy	48.78	near	37.72		positional:ErrorPrintf->00262160;positional:ErrorRaise->0028f930;this-pad:func_00289380;this-pad:func_00139d78;this-pad:func_00289310;this-pad:func_00251a08;this-pad:func_0028af18;this-pad:func_00281100;this-pad:func_00265c10;this-pad:func_0027d450;this-pad:func_0028afa8;arity-pad:func_00263c60;this-pad:func_0028acb8;this-pad:func_002891e8;this-pad:func_002891b8;gvote:m_MenuPtr->0035f01c;gvote:m_PartyInfo->0035f010;globals:8ppc/3ps2;unmapped-global:0x797c08;unmapped-global:__LNst__ZN2Tz6CmItem15CreateEquipListEv_0;gdims:__LNst__ZN2Tz6CmItem14CreateCategoryEv_3;unmapped-global:__LNst__ZN2Tz6CmItem14CreateCategoryEv_3;gdims:LS_82_LV_5;unmapped-global:LS_82_LV_5;gdims:__LNst__ZN2Tz6CmItem7CtrlTopEv_0;unmapped-global:__LNst__ZN2Tz6CmItem7CtrlTopEv_0;fix-arity:func_00263c60;fix-arity:func_00263c60;static-unmapped	
0025ffd0	003a6900	1096	loop	78.01	near	33.33		stack-locals:1;arity-pad:func_0028f4d8;arity-pad:func_00281f18;arity-pad:func_00288d80;arity-pad:func_002891b8;arity-pad:func_00138c10;arity-pad:func_0023aa98;arity-pad:func_0023aa78;arity-pad:func_0023aa18;arity-pad:func_0023aa38;arity-pad:func_00138c68;arity-pad:func_00139620;arity-pad:func_0023f1b0;arity-pad:func_0023c4b8;arity-pad:func_00236ca8;arity-pad:func_002891f0;arity-pad:func_0028af90;arity-pad:func_0028afd0;arity-pad:func_0028b078;arity-pad:func_0028b218;arity-pad:func_0028b248;arity-pad:func_0028af88;arity-pad:func_0028af18;arity-pad:func_00281f20;arity-pad:func_0028b040;arity-pad:func_002891e8;gvote:m_pri->0035f3d4;gvote:m_MenuPtr->0035f01c;gvote:m_DummySeq->0035ef6c;gvote:m_SclBar->0035f04c;raw-view:4;fix-arity:func_0028f4d8;fix-arity:func_002634d8;fix-voidret:func_002634d8;variant:no_thispad	
00260418	003aa708	1004	switch	73.59	compile	0.0	00260418.cpp:2991: request for	simmap:ChkLoadEntry->00281d48;positional:ErrorPrintf->0028f930;positional:ErrorRaise->00262290;positional:StatusPrintf->00287f90;positional:FadeOut->00262208;this-pad:func_00289380;this-pad:func_00289310;this-pad:func_00251a08;this-pad:func_0028b0e0;this-pad:func_0028af18;this-pad:func_00138c10;this-pad:func_00281f18;this-pad:func_0028b040;this-pad:func_00281f20;this-pad:func_00192b30;arity-pad:func_00263c60;this-pad:func_002891e8;this-pad:func_0028b038;gvote:m_MenuPtr->0035f01c;globals:8ppc/3ps2;gdims:__LNst__ZN2Tz6CmItem14isLoopCategoryEv_0;gdims:__LNst__ZN2Tz6CmItem14CreateCategoryEv_3;unmapped-global:__LNst__ZN2Tz6CmItem14CreateCategoryEv_3;gdims:LS_95_LV_7;unmapped-global:LS_95_LV_7;unmapped-global:0x797c08;gdims:__LNst__ZN2Tz6CmItem10GetItemTblEi_0;unmapped-global:__LNst__ZN2Tz6CmItem10GetItemTblEi_0;unmapped-global:LS_47_LV_1;raw-view:3	
00260808	003a7260	1236	loop	77.13	near	49.32		stack-locals:4;positional:ErrorPrintf->00281e70;positional:ErrorRaise->0028acc8;positional:Create->00263660;this-pad:func_00281f30;this-pad:func_00139620;this-pad:func_001395f8;arity-pad:func_0023aa18;arity-pad:func_0023aa38;arity-pad:func_00138c68;this-pad:func_00288d80;this-pad:func_002891b8;this-pad:func_0023aa78;this-pad:func_00281f20;this-pad:func_00281f18;this-pad:func_002891f0;this-pad:func_00263660;gvote:m_pri->0035f3d4;gvote:m_MenuPtr->0035f01c;gvote:m_ItemStat->0035f018;globals:10ppc/7ps2;unmapped-global:__LNst__ZN2Tz6CmItem14CreateCategoryEv_3;unmapped-global:LS_47_LV_1;unmapped-global:s_UseSelMess;static-unmapped;variant:no_dims	
00260ce0	003ab098	800	branchy	83.23	near	63.78		simmap:ChkLoadEntry->00281d48;positional:isExistSubWin->00287f90;positional:FadeOut->00291288;this-pad:func_00289380;this-pad:func_002911f8;this-pad:func_00289310;arity-pad:func_00281c50;this-pad:func_0028af18;gvote:m_MenuPtr->0035f01c;gvote:m_ItemStat->0035f018;fix-arity:func_00281c50	
00261000	003a7c34	708	loop	87.46	near	45.87		stack-locals:4;positional:ErrorPrintf->00192048;positional:ErrorRaise->002636b0;this-pad:func_00281f30;this-pad:func_00139620;this-pad:func_00281f20;this-pad:func_00281f18;this-pad:func_00281100;this-pad:func_00288d80;this-pad:func_002891b8;this-pad:func_0023aa78;arity-pad:func_00138c68;this-pad:func_00281140;this-pad:func_0028b1e8;this-pad:func_002891f0;this-pad:func_00288f48;gvote:m_pri->0035f3d4;gvote:m_PartyInfo->0035f010;gvote:m_MenuPtr2->0035f020;globals:9ppc/6ps2;gdims:__LNst__ZN2Tz6CmItem10GetItemTblEi_0;unmapped-global:__LNst__ZN2Tz6CmItem10GetItemTblEi_0;gdims:__LNst__ZN2Tz6CmItem14CreateCategoryEv_3;unmapped-global:__LNst__ZN2Tz6CmItem14CreateCategoryEv_3;unmapped-global:LS_47_LV_1;raw-view:1;static-unmapped	
002612c8	003ab558	740	branchy	69.05	near	57.44		positional:ErrorPrintf->002630d8;positional:ErrorRaise->00287f90;positional:SetupItemUseWarning->00263160;arity-pad:func_00289380;arity-pad:func_00289310;arity-pad:func_0028b1e8;arity-pad:func_0028af18;gvote:m_MenuPtr2->0035f020;globals:3ppc/2ps2;unmapped-global:0x797c08;raw-view:6;fix-arity:func_00139768;static-unmapped;variant:no_thispad	
002618d8	003abc58	596	switch	87.84	near	12.32		dropped:ErrorPrintfx7;dropped:ErrorRaisex3;this-pad:func_00289380;this-pad:func_00289310;this-pad:func_00281f20;this-pad:func_00281f18;this-pad:func_0028af18;gvote:m_SelPtr->0035f024;globals:4ppc/2ps2;gdims:__LNst__ZN2Tz6CmItem10GetItemTblEi_0;gdims:__LNst__ZN2Tz6CmItem14CreateCategoryEv_3;unmapped-global:__LNst__ZN2Tz6CmItem14CreateCategoryEv_3;unmapped-global:LS_47_LV_1	
00261b30	003a84d4	440	loop	92.42	near	68.52		dropped:ErrorPrintfx2;dropped:ErrorRaisex2;this-pad:func_0023aa98;this-pad:func_0023aa78;arity-pad:func_00138c10;arity-pad:func_00138c68;this-pad:func_00139688;this-pad:func_00139620;this-pad:func_001395f8;gvote:m_DummySeq->0035ef6c;globals:8ppc/4ps2;unmapped-global:__LNst__ZN2Tz6CmItem15CreateEquipListEv_0;gdims:__LNst__ZN2Tz6CmItem14CreateCategoryEv_3;unmapped-global:__LNst__ZN2Tz6CmItem14CreateCategoryEv_3;gdims:LS_70_LV_2;unmapped-global:LS_70_LV_2;gdims:__LNst__ZN2Tz6CmItem15CreateEquipListEv_1;unmapped-global:__LNst__ZN2Tz6CmItem15CreateEquipListEv_1;raw-view:3	
00261ce8	003a87f0	92	straight	88.70	near	88.48		this-pad:func_00281198;this-pad:func_00282240;this-pad:func_002827f0;gvote:m_PartyInfo->0035f010	
00261d48	003a8a5c	624	loop	78.29	near	33.7		stack-locals:1;dropped:ErrorPrintfx2;dropped:ErrorRaisex2;this-pad:func_00138c10;this-pad:func_002891e8;this-pad:func_00289300;this-pad:func_00281198;this-pad:func_00282240;this-pad:func_002827f0;this-pad:func_00269508;this-pad:func_00281f30;this-pad:func_00281f20;gvote:m_DummySeq->0035ef6c;gvote:m_MenuPtr->0035f01c;globals:8ppc/3ps2;unmapped-global:s_Seq;unmapped-global:__LNst__ZN2Tz6CmItem15CreateEquipListEv_0;gdims:__LNst__ZN2Tz6CmItem14CreateCategoryEv_3;unmapped-global:__LNst__ZN2Tz6CmItem14CreateCategoryEv_3;gdims:LS_78_LV_4;unmapped-global:LS_78_LV_4;gdims:__LNst__ZN2Tz6CmItem15UpdateStockListEv_0;unmapped-global:__LNst__ZN2Tz6CmItem15UpdateStockListEv_0;raw-view:1;static-unmapped	
00261fb8	003a8860	228	loop	94.51	near	61.23		dropped:ErrorPrintfx2;dropped:ErrorRaisex2;this-pad:func_00281f30;this-pad:func_00281f18;this-pad:func_002827f0;this-pad:func_00138c10;globals:4ppc/0ps2;unmapped-global:__LNst__ZN2Tz6CmItem15CreateEquipListEv_0;gdims:__LNst__ZN2Tz6CmItem14CreateCategoryEv_3;unmapped-global:__LNst__ZN2Tz6CmItem14CreateCategoryEv_3;gdims:LS_75_LV_3;unmapped-global:LS_75_LV_3;gdims:__LNst__ZN2Tz6CmItem15UpdateStockListEv_0;unmapped-global:__LNst__ZN2Tz6CmItem15UpdateStockListEv_0;fix-arity:func_002634d8;fix-voidret:func_002634d8;fix-arity:func_002634d8;fix-arity:func_002634d8;fix-arity:func_002634d8	
002623c8	003a5ddc	368	loop	82.81	near	38.36		stack-locals:1;positional:ErrorPrintf->00139d78;positional:ErrorRaise->00192048;arity-pad:func_0023aa98;arity-pad:func_0023aa58;this-pad:func_00139620;this-pad:func_00138c68;this-pad:func_00138c78;gvote:m_pri->0035f3d4;globals:9ppc/5ps2;gdims:__LNst__ZN2Tz6CmItem14CreateCategoryEv_1;gdims:__LNst__ZN2Tz6CmItem14CreateCategoryEv_3;gdims:LS_43_LV_0;unmapped-global:m_ImgUnit;unmapped-global:m_Lay;unmapped-global:s_CategoryMess;unmapped-global:m_Category;raw-view:7;static-unmapped	
00262820	003a65d0	528	loop	84.57	near	55.62		this-pad:func_00281f18;this-pad:func_002892f8;this-pad:func_002891b8;this-pad:func_00138c10;this-pad:func_0028b038;this-pad:func_002827f0;this-pad:func_00281f30;this-pad:func_00281f20;this-pad:func_0028be78;gvote:m_MenuPtr->0035f01c;gvote:m_DummySeq->0035ef6c;gvote:m_SclBar->0035f04c;globals:3ppc/5ps2	
00262a30	003ac474	196	branchy	94.69	near	15.72		this-pad:func_00289358;this-pad:func_00281f20;this-pad:func_0028b040;this-pad:func_002891e8;this-pad:func_00138c10;gvote:m_MenuPtr->0035f01c;globals:1ppc/3ps2;fix-arity:func_00262a30;fix-arity:func_00262a30	
00262af8	003a6130	324	branchy	85.63	near	43.31		dropped:ErrorPrintfx5;dropped:ErrorRaisex5;this-pad:func_002891e8;this-pad:func_00289300;this-pad:func_00281f18;this-pad:func_0028b040;this-pad:func_00281f20;gvote:m_MenuPtr->0035f01c;globals:4ppc/1ps2;gdims:__LNst__ZN2Tz6CmItem10GetItemTblEi_0;unmapped-global:__LNst__ZN2Tz6CmItem10GetItemTblEi_0;gdims:__LNst__ZN2Tz6CmItem14CreateCategoryEv_3;unmapped-global:__LNst__ZN2Tz6CmItem14CreateCategoryEv_3;unmapped-global:LS_47_LV_1	
002630d8	003a9148	136	branchy	92.78	near	28.59		gvote:m_MenuPtr2->0035f020;gvote:m_SelPtr->0035f024;globals:3ppc/2ps2;unmapped-global:m_MenuPtr;raw-view:5;static-unmapped	
002633a8	003ac654	288	branchy	80.48	near	92.03		gvote:m_pri->0035f3d4;globals:4ppc/5ps2;raw-view:2	
002634d8	003a684c	128	switch	57.95	near	57.95		this-pad:func_00282240;this-pad:func_00282d70;globals:1ppc/2ps2	
00263778	003a9798	108	straight	95.89	near	53.04		dropped:ErrorPrintfx1;dropped:ErrorRaisex1;this-pad:func_00281f20;this-pad:func_00281f18;this-pad:func_002811b0;gvote:m_PartyInfo->0035f010;globals:4ppc/1ps2;gdims:__LNst__ZN2Tz6CmItem10GetItemTblEi_0;unmapped-global:__LNst__ZN2Tz6CmItem10GetItemTblEi_0;gdims:__LNst__ZN2Tz6CmItem14CreateCategoryEv_3;unmapped-global:__LNst__ZN2Tz6CmItem14CreateCategoryEv_3;unmapped-global:LS_47_LV_1	
002638e0	003a98e4	124	branchy	69.65	near	40.29			
00263a58	002f2408	56	branchy	92.33	near	43.29		dropped:ErrorPrintfx1;dropped:ErrorRaisex1;globals:3ppc/0ps2;unmapped-global:m_HelpMess;gdims:__LNst__ZN2Tz9CMenuHelp5LeaveEv_1;unmapped-global:__LNst__ZN2Tz9CMenuHelp5LeaveEv_1;gdims:__LNst__ZN2Tz9CMenuHelp5LeaveEv_3;unmapped-global:__LNst__ZN2Tz9CMenuHelp5LeaveEv_3;static-unmapped	
00263a90	002f2240	284	branchy	81.49	near	0.0		dropped:ErrorPrintfx1;dropped:ErrorRaisex1;this-pad:func_00138c10;this-pad:func_0028b520;arity-pad:func_0023aa18;arity-pad:func_0023aa38;this-pad:func_00138c68;this-pad:func_001395f8;gvote:m_HelpMess->0035f0dc;gvote:m_pri->0035f3d4;globals:10ppc/12ps2;gdims:m_Seq;gdims:__LNst__ZN2Tz9CMenuHelp5LeaveEv_1;gdims:__LNst__ZN2Tz9CMenuHelp5LeaveEv_3	
00263ee0	00321140	740	loop	6.69	near	19.77		simmap:ChkData->00263eb8;positional:AddItemData->00263ea8;positional:GetSpecialty->002641c8;dropped:ErrorPrintfx3;dropped:ErrorRaisex1;globals:1ppc/0ps2;unmapped-global:m_Data;static-unmapped	
002641c8	00320e18	220	loop	78.62	near	48.41		positional:GetItemStat->002642a8;dropped:ErrorPrintfx2;dropped:ErrorRaisex2;globals:4ppc/0ps2;unmapped-global:__LNst__ZN2Tz9IShopInfo11AddItemDataEPNS0_7ShopTblEPtit_1;gdims:__LNst__ZN2Tz9IShopInfo7ChkDataEPv_3;unmapped-global:__LNst__ZN2Tz9IShopInfo7ChkDataEPv_3;gdims:LS_42_LV_0;unmapped-global:LS_42_LV_0;unmapped-global:__LNst__ZN2Tz9IShopInfo11AddItemDataEPNS0_7ShopTblEPtit_3	
002644a0	003b5288	1044	switch	57.81	near	57.46		positional:ErrorPrintf->002670a0;positional:ErrorRaise->00192048;this-pad:func_00288d80;this-pad:func_002891b8;arity-pad:func_0023aa98;this-pad:func_00138c68;this-pad:func_00139620;this-pad:func_001395f8;arity-pad:func_0023aa18;arity-pad:func_0023aa38;this-pad:func_0028afa8;this-pad:func_002891f0;this-pad:func_00138c10;gvote:m_pri->0035f3d4;gvote:m_Info->0035f0e4;gvote:m_MenuPtr->0035f01c;gvote:m_DummySeq->0035ef6c;gvote:LS_83_LV_11->003732e8;gvote:m_isChgSelector->0035f0e8;globals:10ppc/11ps2;raw-view:2;variant:no_dims	
002648b8	003b5894	804	branchy	89.07	compile	0.0	002648b8.cpp: In function `void;    e3_002648b8()':; 002648b8.cpp:2715: warning: invalid;    conversion from `void*' to `Tz_CmTop_List*'; 002648b8.cpp:2716: warning: invalid;    conversion from `dk_Ob	positional:ErrorPrintf->0028f930;positional:ErrorRaise->002656c0;this-pad:func_00289380;this-pad:func_00289310;this-pad:func_00265c10;this-pad:func_0027d450;this-pad:func_002891e8;arity-pad:func_00263c60;this-pad:func_0028acb8;this-pad:func_002891b8;gvote:m_MenuPtr->0035f01c;globals:6ppc/1ps2;unmapped-global:m_Info;gdims:__LNst__ZN2Tz6CmStat14Cur2HelpSelPosEi_3;unmapped-global:__LNst__ZN2Tz6CmStat14Cur2HelpSelPosEi_3;gdims:LS_89_LV_13;unmapped-global:LS_89_LV_13;gdims:__LNst__ZN2Tz6CmStat13isLoopTopListEv_0;unmapped-global:__LNst__ZN2Tz6CmStat13isLoopTopListEv_0;unmapped-global:LS_67_LV_7;raw-view:1	
00264be0	003b36c0	1080	loop	81.44	near	54.53		stack-locals:3;dropped:ErrorPrintfx2;dropped:ErrorRaisex2;this-pad:func_00288d80;this-pad:func_002891b8;this-pad:func_00139620;this-pad:func_001395f8;arity-pad:func_00138c10;arity-pad:func_0023aa18;arity-pad:func_0023aa38;arity-pad:func_00138c68;this-pad:func_0028af90;this-pad:func_002891f0;this-pad:func_0028af88;this-pad:func_0028af18;this-pad:func_0028b218;this-pad:func_0028b248;gvote:m_pri->0035f3d4;gvote:m_DummySeq->0035ef6c;gvote:m_Info->0035f0e4;gvote:m_MenuPtr->0035f01c;gvote:m_MenuPtr2->0035f020;gvote:m_isChgSelector->0035f0e8;globals:13ppc/11ps2;gdims:__LNst__ZN2Tz6CmStat14Cur2HelpSelPosEi_3;gdims:LS_58_LV_5;unmapped-global:LS_58_LV_5;gdims:__LNst__ZN2Tz6CmStat9SetupHelpEv_0;unmapped-global:__LNst__ZN2Tz6CmStat9SetupHelpEv_0;fix-assign-cast	
00265018	003b6010	904	switch	83.82	near	16.89		positional:ErrorPrintf->00267248;positional:ErrorRaise->00265b88;arity-pad:func_00289380;arity-pad:func_00289310;arity-pad:func_00265c10;this-pad:func_0027d450;arity-pad:func_00263c60;this-pad:func_0028acb8;this-pad:func_0028b040;arity-pad:func_0028afa8;arity-pad:func_002891f0;arity-pad:func_00139510;this-pad:func_00251a08;this-pad:func_0028af18;gvote:m_MenuPtr->0035f01c;gvote:m_MenuPtr2->0035f020;gvote:m_isChgSelector->0035f0e8;globals:9ppc/5ps2;unmapped-global:__LNst__ZN2Tz6CmStat14Cur2HelpSelPosEi_3;unmapped-global:LS_75_LV_9;unmapped-global:0x797c20;unmapped-global:LS_89_LV_13;raw-view:1;fix-arity:func_00263c60;static-unmapped;variant:no_dims	
002653a0	003b3cf8	476	loop	92.99	near	63.9		dropped:ErrorPrintfx2;dropped:ErrorRaisex2;arity-pad:func_0023aa98;arity-pad:func_0023aa78;arity-pad:func_0023aa18;arity-pad:func_0023aa38;arity-pad:func_00138c10;this-pad:func_00139688;this-pad:func_00139620;this-pad:func_001395f8;arity-pad:func_00138c68;gvote:m_DummySeq->0035ef6c;gvote:m_Info->0035f0e4;globals:9ppc/6ps2;gdims:__LNst__ZN2Tz6CmStat14Cur2HelpSelPosEi_3;unmapped-global:__LNst__ZN2Tz6CmStat14Cur2HelpSelPosEi_3;gdims:LS_61_LV_6;unmapped-global:LS_61_LV_6;gdims:__LNst__ZN2Tz6CmStat9SetupHelpEv_0;unmapped-global:__LNst__ZN2Tz6CmStat9SetupHelpEv_0;raw-view:2;fix-assign-cast	
002655e8	003b404c	216	loop	94.78	near	73.52		arity-pad:func_00139510;this-pad:func_00251a08;gvote:m_MenuPtr->0035f01c	
002657a8	003b4134	544	switch	64.85	near	48.18		stack-locals:1;dropped:ErrorPrintfx4;dropped:ErrorRaisex2;arity-pad:func_00138c10;this-pad:func_0028b040;arity-pad:func_0023aa98;arity-pad:func_0023aa78;arity-pad:func_00138c68;gvote:m_Info->0035f0e4;gvote:m_DummySeq->0035ef6c;gvote:m_MenuPtr->0035f01c;globals:10ppc/6ps2;gdims:s_Plate;unmapped-global:s_Plate;unmapped-global:__LNst__ZN2Tz6CmStat14UpdateHelpListEv_0;gdims:__LNst__ZN2Tz6CmStat14Cur2HelpSelPosEi_3;unmapped-global:__LNst__ZN2Tz6CmStat14Cur2HelpSelPosEi_3;gdims:LS_70_LV_8;unmapped-global:LS_70_LV_8;static-unmapped	
00265c78	003b2468	1488	branchy	0.00	compile	0.0	00265c78.cpp: In function `void;    e3_00265c78()':; 00265c78.cpp:3133: warning: invalid;    conversion from `void*' to `SAVERAM*'; 00265c78.cpp:3147: warning: invalid;    conversion from `YS_SAVERAM_	dropped:ErrorPrintfx3;dropped:ErrorRaisex1;this-pad:func_0028b040;arity-pad:func_00189200;this-pad:func_00281180;this-pad:func_00188bb0;gvote:m_MenuPtr->0035f01c;gvote:m_Info->0035f0e4;gvote:m_PartyInfo->0035f010;globals:3ppc/7ps2	
00266248	003b2cd0	968	switch	66.09	near	0.0		stack-locals:4;dropped:ErrorPrintfx4;dropped:ErrorRaisex2;this-pad:func_002891b8;this-pad:func_00288f60;arity-pad:func_00138c10;arity-pad:func_0023aa98;arity-pad:func_0023aa78;arity-pad:func_00138c68;gvote:m_MenuPtr->0035f01c;gvote:m_MenuPtr2->0035f020;gvote:m_Info->0035f0e4;gvote:m_DummySeq->0035ef6c;globals:11ppc/9ps2;gdims:s_Plate;gdims:__LNst__ZN2Tz6CmStat14Cur2HelpSelPosEi_3;unmapped-global:__LNst__ZN2Tz6CmStat14Cur2HelpSelPosEi_3;unmapped-global:LS_52_LV_3	
00266678	003b6968	48	branchy	78.33	near	78.33			
002666a8	003b1e78	732	switch	74.01	near	41.75		positional:decode->002fde18;dropped:ErrorPrintfx11;dropped:ErrorRaisex5;this-pad:func_0028b040;this-pad:func_00281140;this-pad:func_00192b30;this-pad:func_00192c90;globals:16ppc/15ps2;gdims:s_UltimateFormHelpMess;gdims:s_TrinityFormHelpMess;gdims:s_KH1FormHelpMess;gdims:s_MagicFormHelpMess;gdims:s_BattleFormHelpMess;gdims:__LNst__ZN2Tz6CmStat14Cur2HelpSelPosEi_3;gdims:LS_46_LV_2;gdims:__LNst__ZN2Tz6CmStat14UpdateHelpMessEv_0;unmapped-global:__LNst__ZN2Tz6CmStat14UpdateHelpMessEv_0;variant:no_gvote	
00266988	003b44f0	464	switch	52.30	near	36.52		this-pad:func_0028b040;this-pad:func_00138c10;gvote:m_MenuPtr->0035f01c;globals:3ppc/4ps2	
00266b58	003b470c	136	switch	53.13	near	53.13		globals:0ppc/1ps2	
00266c90	003b47b8	356	switch	69.25	near	33.07		dropped:ErrorPrintfx4;dropped:ErrorRaisex2;this-pad:func_00281100;gvote:m_Info->0035f0e4;gvote:m_PartyInfo->0035f010;gvote:LS_80_s_SummonItem->00373478;globals:5ppc/3ps2;gdims:LS_80_s_SummonItem;gdims:__LNst__ZN2Tz6CmStat14Cur2HelpSelPosEi_3;unmapped-global:__LNst__ZN2Tz6CmStat14Cur2HelpSelPosEi_3;gdims:LS_81_LV_10;unmapped-global:LS_81_LV_10	
002671e8	003b1b84	96	loop	65.62	near	20.51		dropped:ErrorPrintfx2;dropped:ErrorRaisex2;gvote:m_Info->0035f0e4;globals:4ppc/1ps2;gdims:__LNst__ZN2Tz6CmStat14Cur2HelpSelPosEi_3;unmapped-global:__LNst__ZN2Tz6CmStat14Cur2HelpSelPosEi_3;gdims:LS_39_LV_0;unmapped-global:LS_39_LV_0;gdims:__LNst__ZN2Tz6CmStat14Cur2HelpSelPosEi_4;unmapped-global:__LNst__ZN2Tz6CmStat14Cur2HelpSelPosEi_4	
00267408	003b4c08	176	switch	97.73	near	23.62		dropped:ErrorPrintfx3;dropped:ErrorRaisex1;this-pad:func_00281158;gvote:m_PartyInfo->0035f010;globals:1ppc/2ps2	
002678a8	003a2cb0	1364	loop	71.24	compile	0.0	002678a8.cpp: In function `void;    e3_002678a8()':; 002678a8.cpp:2884: warning: invalid;    conversion from `void*' to `Tz_CmTop_List*'; 002678a8.cpp:2908: warning: invalid;    conversion from `void*	stack-locals:4;positional:ErrorPrintf->0028f930;positional:ErrorRaise->0028f930;arity-pad:func_0028f4d8;this-pad:func_00288d80;this-pad:func_002891b8;this-pad:func_00138c10;this-pad:func_0023aa78;this-pad:func_00288e08;this-pad:func_00139620;this-pad:func_001395f8;arity-pad:func_00138c68;this-pad:func_0023f1b0;this-pad:func_0023c4b8;this-pad:func_00236ca8;this-pad:func_00281f18;this-pad:func_00281198;this-pad:func_00282240;this-pad:func_002827f0;arity-pad:func_0028af90;arity-pad:func_002891f0;arity-pad:func_0028afd0;this-pad:func_0028b040;this-pad:func_00269508;this-pad:func_0028af88;this-pad:func_0028af18;this-pad:func_0028b218;this-pad:func_0028b248;gvote:m_DummySeq->0035ef6c;gvote:m_pri->0035f3d4;gvote:m_MenuPtr->0035f01c;gvote:m_SclBar->0035f04c;gvote:m_PartyInfo->0035f010;globals:11ppc/8ps2;gdims:__LNst__ZN2Tz7CmEquip16CurPos2EquipTypeEi_0;unmapped-global:__LNst__ZN2Tz7CmEquip16CurPos2EquipTypeEi_0;gdims:__LNst__ZN2Tz7CmEquip10GetItemTblEii_3;unmapped-global:__LNst__ZN2Tz7CmEquip10GetItemTblEii_3;unmapped-global:LS_47_LV_1;raw-view:3;fix-arity:func_0028f4d8;fix-arity:func_0028f4d8;fix-assign-cast	
00267e00	0039f7f0	3376	switch	14.80	near	0.0		stack-locals:1;positional:ErrorPrintf->00289380;positional:ErrorRaise->00287cd0;this-pad:func_00269508;this-pad:func_00281198;this-pad:func_00282240;this-pad:func_00282620;this-pad:func_00282d70;this-pad:func_00282cb8;this-pad:func_00281f18;arity-pad:func_0028f4d8;this-pad:func_00139620;this-pad:func_00281f30;this-pad:func_00281f20;arity-pad:func_001395f8;this-pad:func_00288d80;this-pad:func_002891b8;arity-pad:func_0023aa78;arity-pad:func_0023aa18;arity-pad:func_0023aa38;this-pad:func_00288e08;this-pad:func_00138c68;this-pad:func_00138c10;this-pad:func_0023f1b0;this-pad:func_0023c4b8;this-pad:func_00236ca8;this-pad:func_0028af90;this-pad:func_0028b218;this-pad:func_0028b248;this-pad:func_0028af88;this-pad:func_0028af18;this-pad:func_002891e8;gvote:m_PartyInfo->0035f010;gvote:m_StockInfo->0035f0ec;gvote:s_Type->003736f8;gvote:m_pri->0035f3d4;gvote:m_MenuPtr->0035f01c;gvote:m_DummySeq->0035ef6c;gvote:s_EqSubSeq->00373800;gvote:m_SclBar->0035f04c;globals:21ppc/22ps2;gdims:__LNst__ZN2Tz7CmEquip16CurPos2EquipTypeEi_0;gdims:__LNst__ZN2Tz7CmEquip10GetItemTblEii_3;gdims:s_EqSelSeq;gdims:s_EqBaseSeq;gdims:__LNst__ZN2Tz7CmEquip10SetupEquipEv_0;gdims:LS_56_LV_3;gdims:s_EqSubWinSeq;fix-arity:func_0028f4d8	
00268b30	0039f658	312	branchy	92.45	near	93.38		this-pad:func_001a8190;this-pad:func_00139620;this-pad:func_001395f8;this-pad:func_0023aa18;this-pad:func_0023aa38;this-pad:func_0023aa98;arity-pad:func_00138c68;raw-view:1	
00268c68	0039f3ec	332	loop	78.94	near	48.29		stack-locals:1;dropped:ErrorPrintfx1;dropped:ErrorRaisex1;this-pad:func_00269508;this-pad:func_00281f18;this-pad:func_00281f20;this-pad:func_002891f0;this-pad:func_0028afd0;this-pad:func_0028be78;gvote:m_StockInfo->0035f0ec;gvote:m_MenuPtr->0035f01c;gvote:m_SclBar->0035f04c;globals:6ppc/3ps2;gdims:__LNst__ZN2Tz7CmEquip16CurPos2EquipTypeEi_0;unmapped-global:__LNst__ZN2Tz7CmEquip16CurPos2EquipTypeEi_0;gdims:__LNst__ZN2Tz7CmEquip10GetItemTblEii_3;unmapped-global:__LNst__ZN2Tz7CmEquip10GetItemTblEii_3;unmapped-global:LS_47_LV_1	
00268db8	003a43c8	1040	branchy	49.70	near	33.92		simmap:SetLoopList->0026a060;simmap:ChkLoadEntry->00281d48;positional:FadeOut->00269f58;positional:Setup->0028f930;positional:ErrorPrintf->00287f90;positional:ErrorRaise->00287df0;positional:SetupWarningWin->00269378;this-pad:func_00289380;this-pad:func_00289310;this-pad:func_0028afa8;arity-pad:func_00263c60;this-pad:func_00269ef8;this-pad:func_00281180;this-pad:func_00188ac8;this-pad:func_00281f20;this-pad:func_002621a0;gvote:m_MenuPtr->0035f01c;gvote:m_ItemStat->0035f018;gvote:m_PartyInfo->0035f010;gvote:m_StockInfo->0035f0ec;globals:6ppc/5ps2;unmapped-global:m_SclBar;fix-arity:func_00263c60;fix-arity:func_00263c60;fix-arity:func_00263c60;fix-arity:func_00263c60;static-unmapped	
002695a0	003a027c	180	loop	83.77	near	46.04		stack-locals:1;dropped:ErrorPrintfx7;dropped:ErrorRaisex3;this-pad:func_00269508;globals:3ppc/0ps2;gdims:__LNst__ZN2Tz7CmEquip15CurPos2FormTypeEi_4;unmapped-global:__LNst__ZN2Tz7CmEquip15CurPos2FormTypeEi_4;gdims:__LNst__ZN2Tz7CmEquip10GetItemTblEii_3;unmapped-global:__LNst__ZN2Tz7CmEquip10GetItemTblEii_3;gdims:LS_59_LV_4;unmapped-global:LS_59_LV_4	
00269658	003a0478	1032	loop	69.63	near	30.36		stack-locals:1;dropped:ErrorPrintfx4;dropped:ErrorRaisex4;this-pad:func_00281f18;this-pad:func_0028b038;this-pad:func_0028be78;this-pad:func_002891b8;this-pad:func_00138c10;this-pad:func_00269508;this-pad:func_00281f30;this-pad:func_00281f20;this-pad:func_0028afa8;gvote:m_MenuPtr->0035f01c;gvote:m_SclBar->0035f04c;gvote:m_DummySeq->0035ef6c;gvote:s_TopSubSeqForm->00373768;gvote:s_TopSubSeq->00373738;gvote:s_TopSubMsgForm->00373788;gvote:s_TopSubMsg->00373758;globals:15ppc/10ps2;gdims:__LNst__ZN2Tz7CmEquip15UpdateEquipListEv_0;gdims:__LNst__ZN2Tz7CmEquip10GetItemTblEii_3;unmapped-global:__LNst__ZN2Tz7CmEquip10GetItemTblEii_3;gdims:LS_61_LV_5;unmapped-global:LS_61_LV_5;gdims:__LNst__ZN2Tz7CmEquip15UpdateEquipListEv_1;unmapped-global:__LNst__ZN2Tz7CmEquip15UpdateEquipListEv_1;gdims:__LNst__ZN2Tz7CmEquip13UpdateTopListEv_0;unmapped-global:__LNst__ZN2Tz7CmEquip13UpdateTopListEv_0;gdims:__LNst__ZN2Tz7CmEquip13UpdateTopListEv_1;unmapped-global:__LNst__ZN2Tz7CmEquip13UpdateTopListEv_1	
00269a60	003a11e0	956	branchy	44.81	near	58.81		stack-locals:1;positional:Create->002817b8;dropped:ErrorPrintfx1;dropped:ErrorRaisex1;this-pad:func_0028b040;this-pad:func_00281f18;arity-pad:func_00263a58;this-pad:func_002811b0;this-pad:func_00269508;this-pad:func_00291358;this-pad:func_00281f20;this-pad:func_00291110;gvote:m_MenuPtr->0035f01c;gvote:m_StockInfo->0035f0ec;gvote:m_PartyInfo->0035f010;gvote:m_ItemStat->0035f018;globals:7ppc/4ps2;gdims:__LNst__ZN2Tz7CmEquip16CurPos2EquipTypeEi_0;unmapped-global:__LNst__ZN2Tz7CmEquip16CurPos2EquipTypeEi_0;gdims:__LNst__ZN2Tz7CmEquip10GetItemTblEii_3;unmapped-global:__LNst__ZN2Tz7CmEquip10GetItemTblEii_3;unmapped-global:LS_47_LV_1;fix-arity:func_00263a58;fix-arity:func_00263a58;fix-arity:func_00263a58	
00269e20	003a0acc	212	branchy	89.75	near	31.61		stack-locals:1;positional:ErrorPrintf->0028dac8;positional:ErrorRaise->0028dac8;this-pad:func_00269508;this-pad:func_002621a0;this-pad:func_00262538;gvote:m_SclBar->0035f04c;globals:8ppc/3ps2;gdims:__LNst__ZN2Tz7CmEquip15UpdateEquipListEv_0;gdims:__LNst__ZN2Tz7CmEquip10GetItemTblEii_3;gdims:LS_70_LV_6;unmapped-global:LS_70_LV_6;gdims:__LNst__ZN2Tz7CmEquip16CurPos2EquipTypeEi_0;unmapped-global:__LNst__ZN2Tz7CmEquip16CurPos2EquipTypeEi_0;unmapped-global:LS_47_LV_1;gdims:s_EqBaseSeq;unmapped-global:s_EqBaseSeq;gdims:s_EqSubWinSeq;unmapped-global:s_EqSubWinSeq;fix-arity:func_0028dac8;fix-arity:func_0028dac8;static-unmapped	
00269fc0	003a0d50	156	branchy	99.92	near	38.83		stack-locals:1;dropped:ErrorPrintfx2;dropped:ErrorRaisex2;this-pad:func_00269508;globals:6ppc/1ps2;gdims:s_EqBaseSeq;gdims:__LNst__ZN2Tz7CmEquip15UpdateEquipListEv_0;unmapped-global:__LNst__ZN2Tz7CmEquip15UpdateEquipListEv_0;gdims:__LNst__ZN2Tz7CmEquip10GetItemTblEii_3;unmapped-global:__LNst__ZN2Tz7CmEquip10GetItemTblEii_3;gdims:LS_74_LV_7;unmapped-global:LS_74_LV_7;gdims:__LNst__ZN2Tz7CmEquip16CurPos2EquipTypeEi_0;unmapped-global:__LNst__ZN2Tz7CmEquip16CurPos2EquipTypeEi_0;unmapped-global:LS_47_LV_1	
0026a060	003a0f54	276	branchy	96.17	near	47.53		stack-locals:1;dropped:ErrorPrintfx2;dropped:ErrorRaisex2;this-pad:func_00269508;arity-pad:func_00138c10;this-pad:func_0028bd60;gvote:m_SclBar->0035f04c;globals:8ppc/4ps2;gdims:s_EqBaseSeq;gdims:s_EqSubWinSeq;gdims:__LNst__ZN2Tz7CmEquip15UpdateEquipListEv_0;gdims:__LNst__ZN2Tz7CmEquip10GetItemTblEii_3;unmapped-global:__LNst__ZN2Tz7CmEquip10GetItemTblEii_3;gdims:LS_76_LV_8;unmapped-global:LS_76_LV_8;gdims:__LNst__ZN2Tz7CmEquip16CurPos2EquipTypeEi_0;unmapped-global:__LNst__ZN2Tz7CmEquip16CurPos2EquipTypeEi_0;unmapped-global:LS_47_LV_1	
0026a178	0039ed08	188	branchy	66.63	near	66.63		dropped:ErrorPrintfx1;dropped:ErrorRaisex1;this-pad:func_00281f20;this-pad:func_00281f18;gvote:m_StockInfo->0035f0ec;globals:4ppc/1ps2;gdims:__LNst__ZN2Tz7CmEquip10GetItemTblEii_1;unmapped-global:__LNst__ZN2Tz7CmEquip10GetItemTblEii_1;gdims:__LNst__ZN2Tz7CmEquip10GetItemTblEii_3;unmapped-global:__LNst__ZN2Tz7CmEquip10GetItemTblEii_3;unmapped-global:LS_45_LV_0	
0026a238	003a4e20	380	branchy	94.14	near	50.89		stack-locals:1;positional:FadeOut->00281b30;dropped:ErrorPrintfx1;dropped:ErrorRaisex1;arity-pad:func_00289358;this-pad:func_00281f20;this-pad:func_0028b040;this-pad:func_002891e8;this-pad:func_00138c10;this-pad:func_00269508;arity-pad:func_0028af88;arity-pad:func_0028af18;globals:5ppc/0ps2;unmapped-global:m_StockInfo;unmapped-global:m_MenuPtr;gdims:__LNst__ZN2Tz7CmEquip16CurPos2EquipTypeEi_0;unmapped-global:__LNst__ZN2Tz7CmEquip16CurPos2EquipTypeEi_0;gdims:__LNst__ZN2Tz7CmEquip10GetItemTblEii_3;unmapped-global:__LNst__ZN2Tz7CmEquip10GetItemTblEii_3;unmapped-global:LS_47_LV_1;static-unmapped	
0026a3b8	003a5270	488	branchy	80.10	near	40.63		stack-locals:1;dropped:ErrorPrintfx3;dropped:ErrorRaisex3;this-pad:func_00269508;this-pad:func_00138c78;arity-pad:func_00138c68;this-pad:func_00139510;gvote:m_pri->0035f3d4;gvote:m_MenuPtr->0035f01c;globals:11ppc/6ps2;gdims:s_EqSelSeq;gdims:__LNst__ZN2Tz7CmEquip15UpdateEquipListEv_0;unmapped-global:__LNst__ZN2Tz7CmEquip15UpdateEquipListEv_0;gdims:__LNst__ZN2Tz7CmEquip10GetItemTblEii_3;unmapped-global:__LNst__ZN2Tz7CmEquip10GetItemTblEii_3;gdims:LS_127_LV_16;unmapped-global:LS_127_LV_16;gdims:__LNst__ZN2Tz7CmEquip16CurPos2EquipTypeEi_0;unmapped-global:__LNst__ZN2Tz7CmEquip16CurPos2EquipTypeEi_0;unmapped-global:LS_47_LV_1;raw-view:1	
0026a5a0	0039ee48	864	loop	66.48	near	41.0		stack-locals:1;dropped:ErrorPrintfx3;dropped:ErrorRaisex3;this-pad:func_00281f18;this-pad:func_0028b038;this-pad:func_0028be78;this-pad:func_002892f8;this-pad:func_002891b8;this-pad:func_00138c10;this-pad:func_002827f0;this-pad:func_00269508;this-pad:func_00281f30;this-pad:func_001a8190;this-pad:func_00282d58;gvote:m_StockInfo->0035f0ec;gvote:m_MenuPtr->0035f01c;gvote:m_SclBar->0035f04c;gvote:m_DummySeq->0035ef6c;gvote:s_EqSubSeq->00373800;globals:11ppc/7ps2;gdims:__LNst__ZN2Tz7CmEquip15UpdateEquipListEv_0;gdims:__LNst__ZN2Tz7CmEquip10GetItemTblEii_3;unmapped-global:LS_49_LV_2;gdims:__LNst__ZN2Tz7CmEquip15UpdateEquipListEv_1;unmapped-global:__LNst__ZN2Tz7CmEquip15UpdateEquipListEv_1;gdims:__LNst__ZN2Tz7CmEquip16CurPos2EquipTypeEi_0;unmapped-global:__LNst__ZN2Tz7CmEquip16CurPos2EquipTypeEi_0;unmapped-global:LS_47_LV_1;raw-view:5	
0026a9f8	003a17b0	256	branchy	69.70	near	46.68		dropped:ErrorPrintfx1;dropped:ErrorRaisex1;this-pad:func_0028b160;this-pad:func_0028b038;this-pad:func_00281f30;this-pad:func_001a98e8;arity-pad:func_0023aa18;arity-pad:func_0023aa38;arity-pad:func_0023a918;this-pad:func_001a9ae8;gvote:m_MenuPtr->0035f01c;gvote:m_StockInfo->0035f0ec;globals:5ppc/2ps2;gdims:__LNst__ZN2Tz7CmEquip12DrawStockNumEiijjPN2dk13SpriteMessageE_0;unmapped-global:__LNst__ZN2Tz7CmEquip12DrawStockNumEiijjPN2dk13SpriteMessageE_0;gdims:__LNst__ZN2Tz7CmEquip10GetItemTblEii_3;unmapped-global:__LNst__ZN2Tz7CmEquip10GetItemTblEii_3;gdims:LS_81_LV_9;unmapped-global:LS_81_LV_9	
0026b008	003a1f04	236	loop	70.11	near	43.43		stack-locals:1;dropped:ErrorPrintfx4;dropped:ErrorRaisex2;this-pad:func_00281180;gvote:m_PartyInfo->0035f010;globals:4ppc/1ps2;gdims:__LNst__ZN2Tz7CmEquip22CheckAutoReplenishmentEv_0;unmapped-global:__LNst__ZN2Tz7CmEquip22CheckAutoReplenishmentEv_0;gdims:__LNst__ZN2Tz7CmEquip10GetItemTblEii_3;unmapped-global:__LNst__ZN2Tz7CmEquip10GetItemTblEii_3;gdims:LS_90_LV_10;unmapped-global:LS_90_LV_10	
0026b0f8	003a4940	260	loop	73.43	near	28.57		unmapped-call:ChkLoadEntry;dropped:ChkLoadEntryx1;dropped:ErrorPrintfx3;dropped:ErrorRaisex1;this-pad:func_00289380;this-pad:func_00289310;this-pad:func_0028b040;this-pad:func_00281f20;this-pad:func_00281180;arity-pad:func_00281198;this-pad:func_00282240;this-pad:func_002827f0;gvote:m_MenuPtr->0035f01c;gvote:m_PartyInfo->0035f010;globals:3ppc/2ps2;unmapped-global:m_SelPtr;static-unmapped	
0026b2c0	003a2198	388	loop	87.35	near	75.57		this-pad:func_00281f20;this-pad:func_00281180;this-pad:func_001a8190;gvote:m_StockInfo->0035f0ec;gvote:m_MenuPtr->0035f01c;gvote:m_PartyInfo->0035f010;globals:3ppc/4ps2	
0026b508	003a2658	148	loop	83.16	near	37.49		this-pad:func_00281180;gvote:m_PartyInfo->0035f010	
0026b5a0	003a2370	688	loop	68.08	near	55.41		stack-locals:1;this-pad:func_00281180;gvote:m_PartyInfo->0035f010	
0026bab8	002fe658	292	loop	82.77	near	43.19		this-pad:func_00239870;gvote:m_OldMember->0035f0f8;gvote:s_DispDelay->0035f0f0;gvote:m_SaveMember->0035f0fc;gvote:m_List->0035f0f4;globals:6ppc/7ps2;fix-arity:func_00106420;fix-assign-cast	
0026bc10	002fe82c	1080	loop	58.48	near	50.24		this-pad:func_00288f48;this-pad:func_00281100;this-pad:func_00281180;this-pad:func_00288d80;this-pad:func_002891b8;this-pad:func_00138c10;this-pad:func_00288e08;arity-pad:func_001a8c78;this-pad:func_0023aa98;this-pad:func_00138c68;this-pad:func_00281140;this-pad:func_0028b1b0;this-pad:func_002891f0;this-pad:func_0028af88;this-pad:func_0028af18;this-pad:func_00252098;this-pad:func_0028af90;this-pad:func_0028b1e8;this-pad:func_002892f8;gvote:m_SaveMember->0035f0fc;gvote:m_MenuPtr->0035f01c;gvote:m_SelPtr->0035f024;gvote:m_PartyInfo->0035f010;gvote:m_pri->0035f3d4;gvote:m_List->0035f0f4;globals:9ppc/12ps2;raw-view:6;fix-arity:func_0028f4d8	
0026c140	002fd348	780	float	85.00	near	59.16		stack-locals:1;positional:ErrorPrintf->00139d78;positional:ErrorRaise->0026d8c0;arity-pad:func_0023d808;arity-pad:func_0023ebd0;this-pad:func_00281128;this-pad:func_00138c78;arity-pad:func_0023dd28;arity-pad:func_0023e738;arity-pad:func_0023e9c8;this-pad:func_001a8b28;this-pad:func_00281538;arity-pad:func_0023ec18;this-pad:func_002811e0;this-pad:func_00281238;arity-pad:func_0023e858;arity-pad:func_0023e8b8;arity-pad:func_0023e8d8;this-pad:func_002811b0;arity-pad:func_0023eae0;arity-pad:func_0023eac0;arity-pad:func_0023e958;arity-pad:func_0023e9e0;gvote:m_PartyInfo->0035f010;gvote:m_List->0035f0f4;gvote:s_DispDelay->0035f0f0;globals:10ppc/7ps2;gdims:__LNst__ZN2Tz7CmParty16GetSaveMemberIdxEi_1;gdims:__LNst__ZN2Tz7CmParty16GetSaveMemberIdxEi_3;gdims:LS_51_LV_0;unmapped-global:m_SeqUnit;unmapped-global:m_ImgUnit;unmapped-global:m_Lay;raw-view:4;static-unmapped	
0026c470	002fee8c	752	branchy	92.00	near	46.51		positional:ErrorPrintf->00139d78;positional:ErrorRaise->0028f930;positional:GetSelectDisable->00287f90;positional:isSelectDisable->0026d560;this-pad:func_00289380;this-pad:func_0028b1e8;this-pad:func_001a8b28;this-pad:func_00289310;arity-pad:func_00138c10;this-pad:func_0028afa8;this-pad:func_0023d820;this-pad:func_00247bb0;arity-pad:func_00263c60;this-pad:func_002891e8;this-pad:func_00287f90;this-pad:func_0028b1b0;this-pad:func_002892f8;this-pad:func_0026d560;this-pad:func_002891f0;gvote:m_MenuPtr->0035f01c;gvote:s_DispDelay->0035f0f0;gvote:m_SelPtr->0035f024;globals:5ppc/4ps2;unmapped-global:0x7975d8;fix-arity:func_00263c60;static-unmapped	
0026c818	002ff420	428	branchy	90.70	near	56.7		positional:SwapObj->00287bd0;dropped:ErrorPrintfx3;dropped:ErrorRaisex1;this-pad:func_00289380;this-pad:func_002892f8;this-pad:func_00289310;this-pad:func_0023d820;this-pad:func_002891e8;this-pad:func_001a8ff8;this-pad:func_002810c8;this-pad:func_00287bd0;gvote:m_SelPtr->0035f024;gvote:s_DispDelay->0035f0f0;globals:6ppc/3ps2;unmapped-global:0x7975d8;unmapped-global:m_PartyInfo;unmapped-global:m_List;static-unmapped	
0026cc30	002fd8fc	364	loop	95.38	near	64.58		this-pad:func_00139510;this-pad:func_00251a08;this-pad:func_00247bb0;this-pad:func_0023d820;this-pad:func_001a8b28;gvote:m_List->0035f0f4;gvote:m_MenuPtr->0035f01c;gvote:m_SelPtr->0035f024;raw-view:4	
0026cda0	002fdb0c	272	loop	91.96	near	19.47		gvote:m_List->0035f0f4;gvote:m_MenuPtr->0035f01c;raw-view:2	
0026d208	002fdc3c	856	loop	82.31	near	62.61		stack-locals:2;arity-pad:func_001a8c10;arity-pad:func_001a8c78;this-pad:func_00192b30;gvote:m_OldMember->0035f0f8;gvote:m_List->0035f0f4;globals:2ppc/3ps2	
0026d620	002ffa1c	292	branchy	97.66	near	76.01		stack-locals:1;this-pad:func_00138c78;this-pad:func_00138c68;this-pad:func_00139510;gvote:m_List->0035f0f4;raw-view:2	
0026d968	003091a8	504	loop	81.63	near	55.67		dropped:ErrorPrintfx4;dropped:ErrorRaisex4;this-pad:func_002889f0;this-pad:func_00239700;arity-pad:func_0028d0f8;this-pad:func_00290610;gvote:m_Lay->0035f100;gvote:sm_manager_ptr->00347f80;gvote:m_SelPtr->0035f10c;gvote:m_Seq->0035f104;gvote:m_Light->0035f110;gvote:m_Gra->0035f124;gvote:m_SelList->0035f114;gvote:m_InitCurPos->0035f120;globals:17ppc/13ps2;gdims:_ZZN2dk5Obj2DnaEjEs_0;gdims:_ZZN2dk5Obj2DnaEjEs_2;unmapped-global:LV_1;gdims:_ZZN2dk5Obj2DnwEjEs_0;unmapped-global:_ZZN2dk5Obj2DnwEjEs_0;gdims:_ZZN2dk5Obj2DnwEjEs_2;unmapped-global:_ZZN2dk5Obj2DnwEjEs_2;unmapped-global:LV_0;fix-assign-cast	
0026db60	00309680	340	loop	96.22	near	68.77		dropped:ErrorPrintfx1;dropped:ErrorRaisex1;this-pad:func_00288b00;gvote:m_Lay->0035f100;gvote:m_Seq->0035f104;gvote:sm_manager_ptr->00347f80;gvote:m_SelPtr->0035f10c;gvote:m_Light->0035f110;gvote:m_SelList->0035f114;gvote:m_Gra->0035f124;globals:11ppc/9ps2;gdims:_ZZN2dk5Obj2DdaEPvEs_0;gdims:_ZZN2dk5Obj2DdaEPvEs_2;unmapped-global:_ZZN2dk5Obj2DdaEPvEs_2;unmapped-global:LV_2;fix-assign-cast	
0026dda0	0030ae00	396	loop	78.62	near	71.16		byname:ErrorRaise->0031a838;dropped:ErrorPrintfx3;this-pad:func_002369a0;this-pad:func_0023c008;this-pad:func_0023f1b0;this-pad:func_0023c3e0;this-pad:func_002892f8;this-pad:func_002891b8;this-pad:func_0028af28;gvote:m_Lay->0035f100;gvote:m_Seq->0035f104;gvote:m_SelPtr->0035f10c;gvote:m_SelData->0035f118;globals:5ppc/6ps2;fix-assign-cast	
0026df30	0030a87c	524	loop	90.88	near	59.72		stack-locals:4;dropped:ErrorPrintfx2;dropped:ErrorRaisex2;this-pad:func_00139620;arity-pad:func_00252098;this-pad:func_002891f0;this-pad:func_0028af28;gvote:m_SelData->0035f118;gvote:m_Seq->0035f104;gvote:m_Lay->0035f100;gvote:m_SelPtr->0035f10c;gvote:m_SelList->0035f114;gvote:m_InitCurPos->0035f120;globals:11ppc/7ps2;gdims:__LNst__ZN2Tz8Selector13SetupSelectorEv_0;unmapped-global:__LNst__ZN2Tz8Selector13SetupSelectorEv_0;gdims:__LNst__ZN2Tz8Selector12SetupHelpGraEv_3;unmapped-global:__LNst__ZN2Tz8Selector12SetupHelpGraEv_3;gdims:LS_78_LV_11;unmapped-global:LS_78_LV_11;gdims:__LNst__ZN2Tz8Selector13SetupSelectorEv_1;unmapped-global:__LNst__ZN2Tz8Selector13SetupSelectorEv_1	
0026e1e0	0030abe8	352	float	88.30	near	64.04		dropped:ErrorPrintfx1;dropped:ErrorRaisex1;arity-pad:func_0023d808;arity-pad:func_0023e5d0;arity-pad:func_0023e858;arity-pad:func_0023e8b8;arity-pad:func_0023e8d8;arity-pad:func_0023e9c8;globals:13ppc/7ps2;unmapped-global:s_z;unmapped-global:s_xrot;unmapped-global:s_yrot;gdims:__LNst__ZN2Tz8Selector13SetupSelectorEv_0;unmapped-global:__LNst__ZN2Tz8Selector13SetupSelectorEv_0;gdims:__LNst__ZN2Tz8Selector12SetupHelpGraEv_3;unmapped-global:__LNst__ZN2Tz8Selector12SetupHelpGraEv_3;gdims:LS_81_LV_12;unmapped-global:LS_81_LV_12;static-unmapped;variant:no_gvote	
0026e3b0	0030a468	516	loop	82.48	near	62.07		stack-locals:1;this-pad:func_0023aa98;this-pad:func_002892f8;this-pad:func_002891b8;this-pad:func_00138c68;gvote:m_Seq->0035f104;gvote:m_SelPtr->0035f10c	
0026e638	00309ee8	516	switch	87.45	near	22.14		stack-locals:1;simmap:SetSkipFlag->00197e68;positional:AdjustChara->00287df0;positional:skip->001bba88;dropped:ErrorPrintfx1;dropped:ErrorRaisex1;dropped:_printfx2;this-pad:func_00289380;this-pad:func_002892f8;arity-pad:func_0023dd28;arity-pad:func_0023e858;arity-pad:func_0023e8b8;arity-pad:func_0023e8d8;this-pad:func_00289310;gvote:m_SelPtr->0035f10c;gvote:m_SelList->0035f114;gvote:m_InitCurPos->0035f120;globals:18ppc/6ps2;unmapped-global:0x7fd69c;unmapped-global:0x7fd6a0;unmapped-global:s_x;unmapped-global:s_y;unmapped-global:s_z;unmapped-global:s_xrot;unmapped-global:s_yrot;unmapped-global:m_SelArgsData;gdims:__LNst__ZN2Tz8Selector12SetupHelpGraEv_3;unmapped-global:__LNst__ZN2Tz8Selector12SetupHelpGraEv_3;gdims:__LNst__ZN2Tz8Selector12CtrlSelectorEP4TASK_1;unmapped-global:__LNst__ZN2Tz8Selector12CtrlSelectorEP4TASK_1;gdims:__LNst__ZN2Tz8Selector12CtrlSelectorEP4TASK_2;unmapped-global:__LNst__ZN2Tz8Selector12CtrlSelectorEP4TASK_2;unmapped-global:LS_70_LV_9;static-unmapped	
0026e940	00309ab4	420	branchy	87.46	near	38.3		arity-pad:func_0028cc78;this-pad:func_002891d0;arity-pad:func_002756f8;this-pad:func_0028d5d0;arity-pad:func_00289310;arity-pad:func_002891e8;arity-pad:func_002890e0;arity-pad:func_0024e008;gvote:m_Lay->0035f100;gvote:m_SelPtr->0035f10c;gvote:m_Light->0035f110;gvote:0x714fa0->003738d8;fix-arity:func_0028cc78	
0026ebc0	00309928	172	loop	95.81	compile	0.0	0026ebc0.cpp:1559: `Tz'	this-pad:func_00139d78;this-pad:func_00251a08;this-pad:func_0023d820;gvote:m_SelPtr->0035f10c;gvote:m_Seq->0035f104;gvote:m_Light->0035f110;globals:4ppc/3ps2;unmapped-global:m_Empty	
0026ee78	0039bd9c	552	loop	70.07	near	56.72		this-pad:func_00281180;arity-pad:func_00288d80;this-pad:func_002891b8;this-pad:func_00288e08;arity-pad:func_00139620;this-pad:func_00281140;arity-pad:func_001395f8;this-pad:func_0023aa18;this-pad:func_0023aa38;this-pad:func_00138c68;arity-pad:func_002891f0;gvote:m_pri->0035f3d4;gvote:m_PartyInfo->0035f010;gvote:m_MenuPtr->0035f01c;globals:6ppc/9ps2;raw-view:1;fix-assign-cast	
0026f0a0	0039c078	740	branchy	87.97	near	52.46		dropped:ErrorPrintfx8;dropped:ErrorRaisex4;this-pad:func_00289380;this-pad:func_00289310;this-pad:func_00251a08;this-pad:func_00265c10;this-pad:func_0027d450;this-pad:func_0028afa8;this-pad:func_002891e8;arity-pad:func_00263c60;this-pad:func_0028acb8;this-pad:func_002891b8;gvote:m_MenuPtr->0035f01c;globals:5ppc/2ps2;gdims:__LNst__ZN2Tz8CmCustom16UpdateCustomListEv_0;unmapped-global:__LNst__ZN2Tz8CmCustom16UpdateCustomListEv_0;gdims:__LNst__ZN2Tz8CmCustom16GetCustomItemNumEi_3;unmapped-global:__LNst__ZN2Tz8CmCustom16GetCustomItemNumEi_3;gdims:LS_108_LV_18;unmapped-global:LS_108_LV_18;fix-arity:func_00263c60;fix-arity:func_00263c60	
0026f388	00397aec	1432	loop	62.26	near	61.85		positional:SetMagicFlg->00272ae0;arity-pad:func_0028f4d8;arity-pad:func_00288d80;arity-pad:func_002891b8;arity-pad:func_00138c10;arity-pad:func_0023aa78;arity-pad:func_0023aa18;arity-pad:func_0023aa38;arity-pad:func_00288e08;arity-pad:func_00139620;arity-pad:func_001395f8;arity-pad:func_00138c68;arity-pad:func_0023f1b0;arity-pad:func_0023c4b8;arity-pad:func_00236ca8;arity-pad:func_0028af90;arity-pad:func_002892f8;arity-pad:func_002891f0;arity-pad:func_0028afd0;arity-pad:func_0028b218;arity-pad:func_0028b248;arity-pad:func_0028b040;arity-pad:func_0028af40;arity-pad:func_0028af88;arity-pad:func_0028af18;gvote:s_AutoConfirmSel->0035f128;gvote:s_ChgSelCharaNext->0035f129;gvote:m_DummySeq->0035ef6c;gvote:m_pri->0035f3d4;gvote:m_MenuPtr->0035f01c;gvote:m_ListInfo->0035f12c;gvote:m_SclBar->0035f04c;gdims:s_SelSeq;raw-view:5;fix-arity:func_0028f4d8;variant:no_thispad	
0026f920	0039c6f4	1548	switch	79.10	near	22.63		positional:Setup->0028f930;positional:SetupWarningWin->00272428;dropped:ErrorPrintfx14;dropped:ErrorRaisex6;this-pad:func_00289380;this-pad:func_0028af18;this-pad:func_00281140;this-pad:func_00289310;this-pad:func_0028afa8;arity-pad:func_00263c60;this-pad:func_002891e8;this-pad:func_0028b038;this-pad:func_00281100;this-pad:func_00281180;gvote:m_MenuPtr->0035f01c;gvote:s_ChgSelCharaNext->0035f129;gvote:m_PartyInfo->0035f010;globals:14ppc/7ps2;gdims:s_IndiCustomBaseSeq;unmapped-global:s_ListSubMsg;unmapped-global:m_SaveMode;unmapped-global:s_AutoConfirmSel;unmapped-global:m_ListInfo;gdims:__LNst__ZN2Tz8CmCustom14CtrlCustomListEv_0;unmapped-global:__LNst__ZN2Tz8CmCustom14CtrlCustomListEv_0;gdims:__LNst__ZN2Tz8CmCustom16GetCustomItemNumEi_3;unmapped-global:__LNst__ZN2Tz8CmCustom16GetCustomItemNumEi_3;gdims:LS_150_LV_25;unmapped-global:LS_150_LV_25;fix-arity:func_00263c60;static-unmapped	
0026ff78	0039d480	372	switch	78.65	near	61.45		dropped:ErrorPrintfx4;dropped:ErrorRaisex2;this-pad:func_00289380;this-pad:func_00289310;gvote:m_SelPtr->0035f024;gvote:s_AutoConfirmSel->0035f128;globals:6ppc/4ps2;gdims:__LNst__ZN2Tz8CmCustom15CtrlAutoConfirmEv_0;gdims:__LNst__ZN2Tz8CmCustom16GetCustomItemNumEi_3;unmapped-global:__LNst__ZN2Tz8CmCustom16GetCustomItemNumEi_3;gdims:LS_153_LV_26;unmapped-global:LS_153_LV_26	
002700f0	00398ca4	1368	loop	74.93	near	62.28		positional:UpdateIndiCustomList->00287cc0;dropped:ErrorPrintfx1;dropped:ErrorRaisex1;arity-pad:func_00282240;arity-pad:func_00282620;arity-pad:func_00282cb8;arity-pad:func_00282d70;arity-pad:func_00281f18;arity-pad:func_00282940;arity-pad:func_0028f4d8;arity-pad:func_00139620;arity-pad:func_001395f8;arity-pad:func_00288d80;arity-pad:func_002891b8;arity-pad:func_0023aa78;arity-pad:func_00288e08;arity-pad:func_0023f1b0;arity-pad:func_0023c4b8;arity-pad:func_00236ca8;arity-pad:func_0028b218;arity-pad:func_0028b248;arity-pad:func_0028af90;arity-pad:func_0028af88;arity-pad:func_0028af18;globals:19ppc/15ps2;gdims:s_SelSeq;gdims:s_IndiCustomSelSeq;gdims:s_IndiCustomBaseSeq;unmapped-global:m_SclBar;gdims:__LNst__ZN2Tz8CmCustom16UpdateCustomListEv_2;unmapped-global:__LNst__ZN2Tz8CmCustom16UpdateCustomListEv_2;gdims:__LNst__ZN2Tz8CmCustom16GetCustomItemNumEi_3;unmapped-global:__LNst__ZN2Tz8CmCustom16GetCustomItemNumEi_3;gdims:LS_86_LV_13;unmapped-global:LS_86_LV_13;fix-arity:func_0028f4d8;fix-assign-cast;static-unmapped;variant:no_gvote,no_thispad	
00270648	00398940	288	switch	9.17	near	25.36		dropped:ErrorPrintfx3;dropped:ErrorRaisex1;this-pad:func_00281f18;this-pad:func_00281f20;this-pad:func_002891f0;this-pad:func_0028afd0;this-pad:func_0028be78;gvote:m_ListInfo->0035f12c;gvote:m_ItemInfo->0035f014;gvote:m_MenuPtr->0035f01c;gvote:m_SclBar->0035f04c;globals:4ppc/5ps2	
002708c0	0039d6b0	944	branchy	82.47	near	33.91		positional:Setup->00272428;positional:ErrorPrintf->0028f930;positional:ErrorRaise->00287f90;positional:SetupWarningWin->00272538;this-pad:func_00289380;this-pad:func_002621a0;this-pad:func_00289310;this-pad:func_0028afa8;arity-pad:func_00263c60;gvote:m_MenuPtr->0035f01c;gvote:s_AutoConfirmSel->0035f128;gvote:m_ListInfo->0035f12c;globals:7ppc/4ps2;gdims:s_IndiCustomBaseSeq;unmapped-global:s_IndiCustomBaseSeq;unmapped-global:0x797bd8;unmapped-global:m_SaveMode;fix-arity:func_00263c60;static-unmapped	
00270c70	003994a4	1636	switch	37.28	near	0.0		stack-locals:1;dropped:ErrorPrintfx6;dropped:ErrorRaisex2;this-pad:func_00281180;gvote:m_ListInfo->0035f12c;gvote:m_PartyInfo->0035f010;globals:2ppc/4ps2	
002713c8	00397630	836	loop	67.83	compile	0.0	002713c8.cpp:828: request for	stack-locals:1;dropped:ErrorPrintfx4;dropped:ErrorRaisex2;this-pad:func_0028b040;gvote:m_MenuPtr->0035f01c;gvote:m_ListInfo->0035f12c;globals:9ppc/5ps2;gdims:LS_57_s_MessTbl;unmapped-global:LS_57_s_MessTbl;gdims:__LNst__ZN2Tz8CmCustom10MakeAIMessEiPc_0;unmapped-global:__LNst__ZN2Tz8CmCustom10MakeAIMessEiPc_0;gdims:__LNst__ZN2Tz8CmCustom16GetCustomItemNumEi_3;unmapped-global:__LNst__ZN2Tz8CmCustom16GetCustomItemNumEi_3;gdims:LS_57_LV_4;unmapped-global:LS_57_LV_4	
00271710	00397478	280	branchy	84.93	near	65.64		positional:ErrorPrintf->001a80c8;positional:ErrorRaise->00192048;globals:3ppc/0ps2;gdims:__LNst__ZN2Tz8CmCustom12MakeItemMessEiPcbbi_0;unmapped-global:__LNst__ZN2Tz8CmCustom12MakeItemMessEiPcbbi_0;gdims:__LNst__ZN2Tz8CmCustom16GetCustomItemNumEi_3;unmapped-global:__LNst__ZN2Tz8CmCustom16GetCustomItemNumEi_3;gdims:LS_59_LV_5;unmapped-global:LS_59_LV_5;static-unmapped	
00271900	00399d98	596	loop	84.88	near	53.03		dropped:ErrorPrintfx2;dropped:ErrorRaisex2;arity-pad:func_0023aa98;arity-pad:func_0023aa78;arity-pad:func_0023aa18;arity-pad:func_0023aa38;arity-pad:func_00138c10;arity-pad:func_00138c68;this-pad:func_00139688;this-pad:func_00139620;this-pad:func_001395f8;gvote:m_DummySeq->0035ef6c;globals:8ppc/5ps2;gdims:__LNst__ZN2Tz8CmCustom16UpdateCustomListEv_0;gdims:__LNst__ZN2Tz8CmCustom16GetCustomItemNumEi_3;unmapped-global:__LNst__ZN2Tz8CmCustom16GetCustomItemNumEi_3;gdims:LS_98_LV_16;unmapped-global:LS_98_LV_16;gdims:__LNst__ZN2Tz8CmCustom13CreateTopListEv_0;unmapped-global:__LNst__ZN2Tz8CmCustom13CreateTopListEv_0;raw-view:4	
00271b78	0039a16c	652	loop	78.28	compile	0.0	00271b78.cpp:735: request for	stack-locals:1;dropped:ErrorPrintfx3;dropped:ErrorRaisex3;this-pad:func_002891e8;this-pad:func_00138c10;gvote:m_MenuPtr->0035f01c;gvote:m_DummySeq->0035ef6c;gvote:m_ListInfo->0035f12c;globals:12ppc/7ps2;gdims:s_Seq;gdims:__LNst__ZN2Tz8CmCustom16UpdateCustomListEv_0;unmapped-global:__LNst__ZN2Tz8CmCustom16UpdateCustomListEv_0;gdims:__LNst__ZN2Tz8CmCustom16GetCustomItemNumEi_3;unmapped-global:__LNst__ZN2Tz8CmCustom16GetCustomItemNumEi_3;gdims:LS_103_LV_17;unmapped-global:LS_103_LV_17;gdims:__LNst__ZN2Tz8CmCustom16UpdateCustomListEv_1;unmapped-global:__LNst__ZN2Tz8CmCustom16UpdateCustomListEv_1;gdims:__LNst__ZN2Tz8CmCustom13UpdateTopListEv_0;unmapped-global:__LNst__ZN2Tz8CmCustom13UpdateTopListEv_0;raw-view:4	
00271ee8	00396a34	1108	loop	46.30	near	36.3		stack-locals:1;dropped:ErrorPrintfx3;dropped:ErrorRaisex3;this-pad:func_0028b038;this-pad:func_0028be78;this-pad:func_002892f8;this-pad:func_002891b8;this-pad:func_00138c10;this-pad:func_0028b040;gvote:m_MenuPtr->0035f01c;gvote:m_SclBar->0035f04c;gvote:m_DummySeq->0035ef6c;gvote:m_ListInfo->0035f12c;globals:16ppc/11ps2;gdims:s_ListSubSeq;gdims:s_ListSubMsg;gdims:s_ListSelSeq;gdims:__LNst__ZN2Tz8CmCustom16UpdateCustomListEv_0;unmapped-global:__LNst__ZN2Tz8CmCustom16UpdateCustomListEv_0;gdims:__LNst__ZN2Tz8CmCustom16GetCustomItemNumEi_3;unmapped-global:__LNst__ZN2Tz8CmCustom16GetCustomItemNumEi_3;gdims:LS_45_LV_1;unmapped-global:LS_45_LV_1;gdims:__LNst__ZN2Tz8CmCustom16UpdateCustomListEv_1;unmapped-global:__LNst__ZN2Tz8CmCustom16UpdateCustomListEv_1;gdims:__LNst__ZN2Tz8CmCustom16UpdateCustomListEv_2;unmapped-global:__LNst__ZN2Tz8CmCustom16UpdateCustomListEv_2	
00272340	0039dee4	160	branchy	97.41	near	31.26		positional:ErrorPrintf->0028dac8;positional:ErrorRaise->0028be58;this-pad:func_00139d78;this-pad:func_0028acb8;this-pad:func_0028aa40;globals:6ppc/2ps2;gdims:__LNst__ZN2Tz8CmCustom16UpdateCustomListEv_0;gdims:__LNst__ZN2Tz8CmCustom16GetCustomItemNumEi_3;gdims:LS_108_LV_18;unmapped-global:LS_108_LV_18;unmapped-global:m_MenuPtr;gdims:s_IndiCustomBaseSeq;unmapped-global:s_IndiCustomBaseSeq;unmapped-global:m_SclBar;static-unmapped;variant:no_gvote	
00272468	0039a5b8	208	branchy	97.96	near	76.65		dropped:ErrorPrintfx3;dropped:ErrorRaisex1;this-pad:func_00138c10;this-pad:func_0028bd60;gvote:m_SclBar->0035f04c;gdims:s_IndiCustomBaseSeq	
002725d8	00398608	864	switch	15.20	near	0.0		positional:UpdateItemList->00281f18;dropped:ErrorPrintfx4;dropped:ErrorRaisex2;this-pad:func_0028b038;this-pad:func_0028be78;this-pad:func_002892f8;arity-pad:func_00138c10;gvote:m_MenuPtr->0035f01c;gvote:m_SclBar->0035f04c;globals:6ppc/5ps2;gdims:__LNst__ZN2Tz8CmCustom20UpdateIndiCustomListEv_0;gdims:__LNst__ZN2Tz8CmCustom16GetCustomItemNumEi_3;gdims:LS_82_LV_12;unmapped-global:LS_82_LV_12;raw-view:4	
00272938	003982a4	200	loop	99.20	near	52.85		arity-pad:func_00138c10	
00272b60	00397198	188	loop	71.34	near	46.92		dropped:ErrorPrintfx3;dropped:ErrorRaisex1	
00272c90	0039a9e0	692	branchy	67.85	compile	0.0	00272c90.cpp:2881: Internal	dropped:ErrorPrintfx2;dropped:ErrorRaisex2;this-pad:func_0028b040;this-pad:func_00281f20;this-pad:func_00192c90;gvote:m_MenuPtr->0035f01c;gvote:m_ListInfo->0035f12c;gvote:m_ItemInfo->0035f014;globals:10ppc/7ps2;gdims:s_FriendItemInfo;gdims:__LNst__ZN2Tz8CmCustom12MakeItemMessEiPcbbi_0;gdims:__LNst__ZN2Tz8CmCustom16GetCustomItemNumEi_3;unmapped-global:__LNst__ZN2Tz8CmCustom16GetCustomItemNumEi_3;gdims:LS_120_LV_20;unmapped-global:LS_120_LV_20;gdims:__LNst__ZN2Tz8CmCustom14UpdateHelpMessEb_0;unmapped-global:__LNst__ZN2Tz8CmCustom14UpdateHelpMessEb_0	
00273228	0039e228	316	branchy	93.29	near	78.13		simmap:UpdateIndiCustomList->002725d8;positional:SetMagicFlg->00271b78;this-pad:func_0028b040;arity-pad:func_0028af88;arity-pad:func_0028af18;globals:1ppc/0ps2;unmapped-global:m_MenuPtr;static-unmapped	
00273368	0039e3dc	452	branchy	84.51	near	85.41		stack-locals:1;this-pad:func_00138c78;arity-pad:func_00138c68;this-pad:func_00139510;gvote:m_pri->0035f3d4;gvote:m_MenuPtr->0035f01c;gdims:s_IndiCustomSelSeq;raw-view:2	
00273678	0039b658	128	branchy	79.44	near	15.1		dropped:ErrorPrintfx5;dropped:ErrorRaisex3;this-pad:func_00281180;this-pad:func_00281f20;gvote:m_MenuPtr->0035f01c;gvote:m_ItemInfo->0035f014;globals:9ppc/2ps2;unmapped-global:m_PartyInfo;unmapped-global:m_ListInfo;gdims:__LNst__ZN2Tz8CmCustom13ChageFriendAIEi_0;unmapped-global:__LNst__ZN2Tz8CmCustom13ChageFriendAIEi_0;gdims:__LNst__ZN2Tz8CmCustom16GetCustomItemNumEi_3;unmapped-global:__LNst__ZN2Tz8CmCustom16GetCustomItemNumEi_3;gdims:LS_129_LV_22;unmapped-global:LS_129_LV_22;gdims:__LNst__ZN2Tz8CmCustom11SetShortCutEv_0;unmapped-global:__LNst__ZN2Tz8CmCustom11SetShortCutEv_0;gdims:LS_137_LV_24;unmapped-global:LS_137_LV_24;static-unmapped	
002736f8	0039b4a8	284	loop	43.79	near	40.32		dropped:ErrorPrintfx1;dropped:ErrorRaisex1;this-pad:func_0028b040;gvote:m_MenuPtr->0035f01c;gvote:m_ListInfo->0035f12c;globals:5ppc/2ps2;gdims:__LNst__ZN2Tz8CmCustom12ChageMpDriveEv_0;unmapped-global:__LNst__ZN2Tz8CmCustom12ChageMpDriveEv_0;gdims:__LNst__ZN2Tz8CmCustom16GetCustomItemNumEi_3;unmapped-global:__LNst__ZN2Tz8CmCustom16GetCustomItemNumEi_3;gdims:LS_135_LV_23;unmapped-global:LS_135_LV_23	
00273818	0039b0b4	788	loop	28.42	near	11.24		this-pad:func_0028b040;this-pad:func_00281180;this-pad:func_002891e8;this-pad:func_0028b038;this-pad:func_002892f8;this-pad:func_0028bfc0;this-pad:func_0028be78;this-pad:func_002891f0;this-pad:func_0028afd0;this-pad:func_0028af90;gvote:m_MenuPtr->0035f01c;gvote:m_ListInfo->0035f12c;gvote:m_PartyInfo->0035f010;gvote:m_SclBar->0035f04c	
00273b30	0039b9bc	272	loop	80.29	near	39.44		this-pad:func_0028b040;this-pad:func_00281180;gvote:m_MenuPtr->0035f01c;gvote:m_ListInfo->0035f12c;gvote:m_PartyInfo->0035f010;globals:3ppc/4ps2	
00273cb8	0039ae5c	296	loop	60.40	near	42.79		dropped:ErrorPrintfx2;dropped:ErrorRaisex2;arity-pad:func_00281180;gvote:m_PartyInfo->0035f010;gvote:m_MenuPtr->0035f01c;gvote:m_ListInfo->0035f12c;globals:7ppc/3ps2;gdims:__LNst__ZN2Tz8CmCustom12ChageAbilityEi_0;unmapped-global:__LNst__ZN2Tz8CmCustom12ChageAbilityEi_0;gdims:__LNst__ZN2Tz8CmCustom16GetCustomItemNumEi_3;unmapped-global:__LNst__ZN2Tz8CmCustom16GetCustomItemNumEi_3;gdims:LS_125_LV_21;unmapped-global:LS_125_LV_21;gdims:__LNst__ZN2Tz8CmCustom16DrawFriendAIIconEiijjPN2dk13SpriteMessageE_0;unmapped-global:__LNst__ZN2Tz8CmCustom16DrawFriendAIIconEiijjPN2dk13SpriteMessageE_0	
00273de0	002f75a0	168	branchy	70.77	near	6.79		positional:Init->00257070;positional:Scis->00281100;positional:GetJmStartMenu->00257050;dropped:ErrorPrintfx5;dropped:ErrorRaisex3;arity-pad:func_00257070;this-pad:func_002889f0;arity-pad:func_0028b9b0;this-pad:func_0028d0f8;this-pad:func_00239700;this-pad:func_002361a0;this-pad:func_00281100;this-pad:func_00102818;globals:34ppc/1ps2;unmapped-global:m_SaveCurPri;unmapped-global:m_Stat;unmapped-global:m_ParentAnimMode;unmapped-global:m_Parent;unmapped-global:m_ImgUnit;unmapped-global:m_SeqUnit;unmapped-global:m_DummySeq;unmapped-global:m_Lay;unmapped-global:m_SclBar;unmapped-global:m_Delay;unmapped-global:m_Light;unmapped-global:m_MenuPtr;unmapped-global:sm_manager_ptr;unmapped-global:0x744210;unmapped-global:0x744230;unmapped-global:m_MainFrame;unmapped-global:m_MenuInfo;unmapped-global:m_SeqTbl;unmapped-global:m_Scissor;unmapped-global:m_MonoType;unmapped-global:m_pri;unmapped-global:m_InitWorld;unmapped-global:m_FadeWait;unmapped-global:0x797590;unmapped-global:m_HideCursor;unmapped-global:m_HideLightCursor;unmapped-global:0x797588;gdims:__LNst__ZN2Tz6Jiminy4InitEv_0;unmapped-global:__LNst__ZN2Tz6Jiminy4InitEv_0;gdims:__LNst__ZN2Tz6Jiminy18FadeOutMainFrameLREv_3;unmapped-global:__LNst__ZN2Tz6Jiminy18FadeOutMainFrameLREv_3;unmapped-global:LS_167_LV_35;gdims:_ZZN2dk5Obj2DnwEjEs_0;unmapped-global:_ZZN2dk5Obj2DnwEjEs_0;gdims:_ZZN2dk5Obj2DnwEjEs_2;unmapped-global:_ZZN2dk5Obj2DnwEjEs_2;unmapped-global:LV_0;fix-arity:func_00257070;fix-assign-cast;fix-assign-cast;fix-arity:func_00257070;fix-arity:func_00257070;fix-arity:func_00257070;fix-arity:func_00257070;static-unmapped	
002748a0	002f3ea4	336	branchy	89.78	near	80.45		this-pad:func_00139d78;this-pad:func_0028acb8;this-pad:func_002891b8;this-pad:func_0028aa40;gvote:m_MenuPtr->0035f200;gvote:m_Parent->0035f204;globals:5ppc/4ps2;unmapped-global:m_SeqTbl;raw-view:2;static-unmapped	
00274b40	002f56dc	432	loop	90.39	near	40.18		positional:GetWorldOpenCnt->00276410;dropped:ErrorPrintfx1;dropped:_printfx10;dropped:ErrorRaisex1;this-pad:func_0023fa08;arity-pad:func_00102448;globals:13ppc/2ps2;unmapped-global:m_MenuInfo;unmapped-global:m_FadeWait;gdims:__LNst__ZN2Tz6Jiminy13InitJmMessageEv_0;unmapped-global:__LNst__ZN2Tz6Jiminy13InitJmMessageEv_0;gdims:__LNst__ZN2Tz6Jiminy18FadeOutMainFrameLREv_3;unmapped-global:__LNst__ZN2Tz6Jiminy18FadeOutMainFrameLREv_3;gdims:LS_101_LV_10;unmapped-global:LS_101_LV_10;gdims:__LNst__ZN2Tz6Jiminy11PauseThreadEP4TASK_1;unmapped-global:__LNst__ZN2Tz6Jiminy11PauseThreadEP4TASK_1;gdims:__LNst__ZN2Tz6Jiminy11PauseThreadEP4TASK_2;unmapped-global:__LNst__ZN2Tz6Jiminy11PauseThreadEP4TASK_2;gdims:__LNst__ZN2Tz6Jiminy11PauseThreadEP4TASK_3;unmapped-global:__LNst__ZN2Tz6Jiminy11PauseThreadEP4TASK_3;unmapped-global:Current;gdims:__LNst__ZN2Tz6Jiminy11PauseThreadEP4TASK_4;unmapped-global:__LNst__ZN2Tz6Jiminy11PauseThreadEP4TASK_4;gdims:__LNst__ZN2Tz6Jiminy11PauseThreadEP4TASK_5;unmapped-global:__LNst__ZN2Tz6Jiminy11PauseThreadEP4TASK_5;fix-arity:func_00293d80;static-unmapped	
00274cf0	002f55c0	200	branchy	27.42	near	0.0		positional:GetHB2ImgName->00296f90;gvote:m_MenuInfo->0035f1fc	
00274fa8	002f5098	468	branchy	79.66	near	23.34		byname:ErrorRaise->0031a838;dropped:ErrorPrintfx6;this-pad:func_002369a0;this-pad:func_0023c008;this-pad:func_0023ef50;this-pad:func_00239700;this-pad:func_00138c10;globals:23ppc/12ps2;unmapped-global:m_Parent;unmapped-global:m_ParentAnimMode;unmapped-global:m_MainFrame;unmapped-global:__LNst__ZN2Tz6Jiminy9GetLayNumEv_0;unmapped-global:__LNst__ZN2Tz6Jiminy18FadeOutMainFrameLREv_3;unmapped-global:LS_83_LV_3;unmapped-global:_ZZN2dk5Obj2DnwEjEs_0;unmapped-global:_ZZN2dk5Obj2DnwEjEs_2;unmapped-global:LV_0;unmapped-global:__LNst__ZN2Tz6Jiminy18FadeOutMainFrameLREv_1;unmapped-global:LS_96_LV_7;raw-view:2;fix-assign-cast;static-unmapped;variant:no_dims,no_gvote	
00275180	002f4a78	692	switch	81.37	near	50.3		dropped:ErrorPrintfx4;dropped:ErrorRaisex2;this-pad:func_002892f8;this-pad:func_00139d78;this-pad:func_00247bb0;this-pad:func_0023f0c0;this-pad:func_0023f070;globals:11ppc/5ps2;gdims:s_LayNum;gdims:s_LayNumRoxas;unmapped-global:m_Stat;unmapped-global:m_FadeWait;unmapped-global:0x797590;gdims:__LNst__ZN2Tz6Jiminy9GetLayNumEv_0;unmapped-global:__LNst__ZN2Tz6Jiminy9GetLayNumEv_0;gdims:__LNst__ZN2Tz6Jiminy18FadeOutMainFrameLREv_3;unmapped-global:__LNst__ZN2Tz6Jiminy18FadeOutMainFrameLREv_3;gdims:LS_83_LV_3;unmapped-global:LS_83_LV_3;fix-assign-cast;static-unmapped	
00275438	002f405c	700	switch	80.83	near	39.42		positional:ErrorPrintf->00276fa8;positional:ErrorRaise->0028acc8;this-pad:func_0023f0c0;this-pad:func_0023f070;this-pad:func_0028acb8;this-pad:func_002891b8;this-pad:func_0028aa40;this-pad:func_00139510;this-pad:func_002892f8;this-pad:func_00247bb0;arity-pad:func_002891d0;arity-pad:func_0028cc78;this-pad:func_002756f8;this-pad:func_0028d620;gvote:m_MenuPtr->0035f200;gvote:m_HideCursor->0035f220;gvote:m_HideLightCursor->0035f221;globals:16ppc/8ps2;gdims:__LNst__ZN2Tz6Jiminy9GetLayNumEv_0;gdims:__LNst__ZN2Tz6Jiminy18FadeOutMainFrameLREv_3;gdims:LS_83_LV_3;gdims:s_LayNum;gdims:s_LayNumRoxas;unmapped-global:s_LayNumRoxas;unmapped-global:m_Lay;unmapped-global:m_Delay;unmapped-global:m_Light;unmapped-global:m_SeqTbl;unmapped-global:m_SeqUnit;unmapped-global:m_ImgUnit;unmapped-global:0x714088;raw-view:1;fix-assign-cast;fix-arity:func_0028cc78;static-unmapped	
00275b60	002f5e00	276	branchy	99.58	near	99.58		arity-pad:func_00138c10;raw-view:3	
00275f68	002f6234	284	branchy	89.60	near	50.48		dropped:ErrorPrintfx4;dropped:ErrorRaisex4;this-pad:func_00192b30;globals:6ppc/2ps2;gdims:__LNst__ZN2Tz6Jiminy18FadeOutMainFrameLREv_1;gdims:__LNst__ZN2Tz6Jiminy18FadeOutMainFrameLREv_3;unmapped-global:__LNst__ZN2Tz6Jiminy18FadeOutMainFrameLREv_3;gdims:LS_120_LV_16;unmapped-global:LS_120_LV_16;gdims:__LNst__ZN2Tz6Jiminy20SetMainFrameHelpMessEi_0;unmapped-global:__LNst__ZN2Tz6Jiminy20SetMainFrameHelpMessEi_0;gdims:__LNst__ZN2Tz6Jiminy18SetMainFrameLRMessEii_0;unmapped-global:__LNst__ZN2Tz6Jiminy18SetMainFrameLRMessEii_0;raw-view:1	
002764b0	002f747c	160	switch	38.95	near	32.32		gvote:Current->0032bae0;globals:1ppc/2ps2	
00276888	002f6c60	400	loop	94.34	near	0.0		gvote:m_SeqTbl->0035f21c;raw-view:12	
00276c88	002f6f1c	308	branchy	96.36	near	0.0		dropped:ErrorPrintfx2;dropped:ErrorRaisex2;arity-pad:func_00138c10;this-pad:func_001395f8;this-pad:func_0023aa18;this-pad:func_0023aa38;arity-pad:func_00138c68;gvote:m_SeqTbl->0035f21c;globals:9ppc/5ps2;gdims:__LNst__ZN2Tz6Jiminy9GetSeqTblEv_0;unmapped-global:__LNst__ZN2Tz6Jiminy9GetSeqTblEv_0;gdims:__LNst__ZN2Tz6Jiminy18FadeOutMainFrameLREv_3;unmapped-global:__LNst__ZN2Tz6Jiminy18FadeOutMainFrameLREv_3;gdims:LS_147_LV_23;unmapped-global:LS_147_LV_23;gdims:__LNst__ZN2Tz6Jiminy20SetMainFrameHelpMessEi_0;unmapped-global:__LNst__ZN2Tz6Jiminy20SetMainFrameHelpMessEi_0;raw-view:4	
00276e78	002f724c	192	branchy	61.37	near	42.79		dropped:ErrorPrintfx3;dropped:ErrorRaisex3;this-pad:func_00139620;gvote:m_SeqTbl->0035f21c;gvote:m_MenuInfo->0035f1fc;globals:12ppc/8ps2;gdims:s_seq_num;gdims:__LNst__ZN2Tz6Jiminy9GetSeqTblEv_0;gdims:__LNst__ZN2Tz6Jiminy18FadeOutMainFrameLREv_3;unmapped-global:__LNst__ZN2Tz6Jiminy18FadeOutMainFrameLREv_3;gdims:LS_154_LV_25;unmapped-global:LS_154_LV_25;gdims:__LNst__ZN2Tz6Jiminy9GetLayNumEv_0;unmapped-global:__LNst__ZN2Tz6Jiminy9GetLayNumEv_0;gdims:__LNst__ZN2Tz6Jiminy11CreateCoverEv_0;unmapped-global:__LNst__ZN2Tz6Jiminy11CreateCoverEv_0;raw-view:2	
00277178	00391af0	332	branchy	94.19	near	73.62		dropped:ErrorPrintfx1;dropped:ErrorRaisex1;this-pad:func_00281100;this-pad:func_00281140;gvote:m_Info->0035f230;gvote:m_PartyInfo->0035f010;globals:5ppc/2ps2;gdims:__LNst__ZN2Tz9CmAbility14SetupFromEquipEii_0;unmapped-global:__LNst__ZN2Tz9CmAbility14SetupFromEquipEii_0;gdims:__LNst__ZN2Tz9CmAbility17SetupFormSelectorEi_3;unmapped-global:__LNst__ZN2Tz9CmAbility17SetupFormSelectorEi_3;gdims:LS_145_LV_28;unmapped-global:LS_145_LV_28	
002772c8	0039152c	1084	loop	84.24	near	27.48		simmap:isAbilityHistForm->00287218;arity-pad:func_00288d80;this-pad:func_00288e08;this-pad:func_002891b8;this-pad:func_00139620;this-pad:func_00281140;this-pad:func_001395f8;this-pad:func_0023aa98;this-pad:func_00281180;this-pad:func_00138c68;this-pad:func_002892f8;this-pad:func_00281100;this-pad:func_002891f0;this-pad:func_0028afa8;arity-pad:func_0023aa18;arity-pad:func_0023aa38;this-pad:func_0028af88;this-pad:func_0028af18;gvote:m_pri->0035f3d4;gvote:m_MenuPtr->0035f01c;gvote:m_PartyInfo->0035f010;gvote:m_Info->0035f230;gvote:m_DummySeq->0035ef6c;globals:8ppc/11ps2;raw-view:1;fix-assign-cast;fix-assign-cast	
00277708	0038b38c	560	loop	95.12	near	17.62		positional:ErrorPrintf->00192048;positional:ErrorRaise->0027aa78;arity-pad:func_00288d80;this-pad:func_00288e08;this-pad:func_002891b8;this-pad:func_00139620;this-pad:func_001395f8;gvote:m_Info->0035f230;gvote:m_MenuPtr->0035f01c;globals:7ppc/5ps2;gdims:__LNst__ZN2Tz9CmAbility17SetupFormSelectorEi_3;gdims:LS_41_LV_0;unmapped-global:m_SeqUnit;unmapped-global:m_ImgUnit;fix-assign-cast;fix-assign-cast;static-unmapped	
00277938	003925f4	996	branchy	82.02	near	18.01		positional:isExistList->0027a1c8;positional:isExistSubWin->0028f930;positional:ChgEquip->00287f90;positional:Setup->002551b8;dropped:ErrorPrintfx10;dropped:ErrorRaisex4;this-pad:func_00289380;this-pad:func_0028af18;this-pad:func_00289310;this-pad:func_0028afa8;arity-pad:func_00263c60;this-pad:func_002891e8;this-pad:func_0028b038;gvote:m_MenuPtr->0035f01c;globals:9ppc/2ps2;gdims:s_IndiAbilityBaseSeq;unmapped-global:s_IndiAbilityBaseSeq;unmapped-global:0x797ba8;unmapped-global:m_Info;unmapped-global:s_ListSubMsg;gdims:__LNst__ZN2Tz9CmAbility11SetBaseLoopEv_0;unmapped-global:__LNst__ZN2Tz9CmAbility11SetBaseLoopEv_0;gdims:__LNst__ZN2Tz9CmAbility17SetupFormSelectorEi_3;unmapped-global:__LNst__ZN2Tz9CmAbility17SetupFormSelectorEi_3;gdims:LS_108_LV_21;unmapped-global:LS_108_LV_21;fix-arity:func_00263c60;fix-arity:func_00263c60;static-unmapped	
00277d20	0038ca40	1524	loop	74.87	near	64.44		arity-pad:func_0028f4d8;this-pad:func_00288d80;this-pad:func_002891b8;arity-pad:func_00138c10;arity-pad:func_0023aa78;arity-pad:func_0023aa18;arity-pad:func_0023aa38;arity-pad:func_00138c68;this-pad:func_00139620;this-pad:func_001395f8;this-pad:func_0023f1b0;this-pad:func_0023c4b8;this-pad:func_00236ca8;this-pad:func_0028af90;this-pad:func_0028b218;this-pad:func_0028b248;this-pad:func_0028af88;this-pad:func_0028af18;this-pad:func_0028af28;globals:12ppc/11ps2;gdims:s_SelSeq;unmapped-global:m_SclBar;raw-view:5;fix-arity:func_0028f4d8;fix-arity:func_0028f4d8;fix-assign-cast;static-unmapped;variant:no_gvote	
00278318	00391cc8	1444	switch	73.51	near	10.58		positional:ErrorPrintf->0028f930;positional:ErrorRaise->0027a908;this-pad:func_00289380;this-pad:func_00289310;this-pad:func_00265c10;this-pad:func_0027d450;this-pad:func_0028afa8;arity-pad:func_00263c60;this-pad:func_00139d78;this-pad:func_0028acb8;this-pad:func_002891e8;this-pad:func_002891b8;this-pad:func_00251a08;this-pad:func_0028af18;gvote:m_MenuPtr->0035f01c;globals:5ppc/4ps2;gdims:__LNst__ZN2Tz9CmAbility17SetupFormSelectorEi_3;gdims:LS_95_LV_18;unmapped-global:LS_95_LV_18;fix-arity:func_00263c60;fix-arity:func_00263c60;static-unmapped	
002788c0	0038da8c	1296	loop	79.15	near	55.68		stack-locals:1;arity-pad:func_0028f4d8;this-pad:func_00139620;arity-pad:func_001395f8;this-pad:func_0023aa18;this-pad:func_0023aa38;arity-pad:func_00138c68;this-pad:func_00288d80;this-pad:func_002891b8;this-pad:func_0023aa78;this-pad:func_00288e08;this-pad:func_00138c78;this-pad:func_0023f1b0;this-pad:func_0023c4b8;this-pad:func_00236ca8;this-pad:func_0028af88;this-pad:func_0028af18;gvote:m_pri->0035f3d4;gvote:s_SelSeq->01e21ee0;gvote:m_Info->0035f230;gvote:m_MenuPtr->0035f01c;gvote:m_SclBar->0035f04c;globals:14ppc/13ps2;gdims:s_SelSeq;gdims:s_IndiAbilitySelSeq;unmapped-global:0x797ba0;fix-arity:func_0028f4d8;static-unmapped	
00278dd0	003930d0	624	branchy	94.54	near	9.65		positional:Setup->0027ad80;positional:isExistList->0028f930;dropped:ErrorPrintfx7;dropped:ErrorRaisex3;this-pad:func_00289380;this-pad:func_00289310;this-pad:func_0028afa8;arity-pad:func_00263c60;this-pad:func_00139510;this-pad:func_0028be18;gvote:m_MenuPtr->0035f01c;globals:7ppc/2ps2;gdims:s_IndiAbilityBaseSeq;unmapped-global:0x797ba8;unmapped-global:m_SclBar;gdims:__LNst__ZN2Tz9CmAbility11SetBaseLoopEv_0;unmapped-global:__LNst__ZN2Tz9CmAbility11SetBaseLoopEv_0;gdims:__LNst__ZN2Tz9CmAbility17SetupFormSelectorEi_3;unmapped-global:__LNst__ZN2Tz9CmAbility17SetupFormSelectorEi_3;gdims:LS_108_LV_21;unmapped-global:LS_108_LV_21;raw-view:3;fix-arity:func_00263c60;fix-arity:func_00263c60;static-unmapped	
00279040	0038f16c	876	loop	66.43	near	43.29		dropped:ErrorPrintfx2;dropped:ErrorRaisex2;this-pad:func_0028b040;this-pad:func_00281180;this-pad:func_002811b0;gvote:m_Info->0035f230;gvote:m_MenuPtr->0035f01c;gvote:m_PartyInfo->0035f010;gdims:__LNst__ZN2Tz9CmAbility17SetupFormSelectorEi_3;gdims:LS_88_LV_15;gdims:__LNst__ZN2Tz9CmAbility14GetAbilityInfoEv_0	
002793b0	0038e9a0	624	loop	51.18	near	39.67		dropped:ErrorPrintfx1;dropped:_printfx4;dropped:ErrorRaisex1;this-pad:func_0028b040;this-pad:func_00189200;gvote:m_MenuPtr->0035f01c;gvote:m_Info->0035f230;globals:8ppc/3ps2;gdims:__LNst__ZN2Tz9CmAbility18GetFormAbilityInfoEv_0;gdims:__LNst__ZN2Tz9CmAbility17SetupFormSelectorEi_3;unmapped-global:__LNst__ZN2Tz9CmAbility17SetupFormSelectorEi_3;gdims:LS_83_LV_13;unmapped-global:LS_83_LV_13;gdims:__LNst__ZN2Tz9CmAbility11CalcEquipApEv_1;unmapped-global:__LNst__ZN2Tz9CmAbility11CalcEquipApEv_1;gdims:__LNst__ZN2Tz9CmAbility18GetFormAbilityInfoEv_1;unmapped-global:__LNst__ZN2Tz9CmAbility18GetFormAbilityInfoEv_1;gdims:__LNst__ZN2Tz9CmAbility11CalcEquipApEv_3;unmapped-global:__LNst__ZN2Tz9CmAbility11CalcEquipApEv_3	
00279620	0038ed88	572	loop	65.79	near	48.99		positional:ErrorPrintf->0027aed8;positional:ErrorRaise->001a80c8;this-pad:func_0028b040;this-pad:func_00281180;this-pad:func_001a8190;globals:6ppc/4ps2;gdims:__LNst__ZN2Tz9CmAbility17SetupFormSelectorEi_3;gdims:LS_85_LV_14;unmapped-global:m_PartyInfo;gdims:__LNst__ZN2Tz9CmAbility20GetWeaponAbilityInfoEv_0;unmapped-global:__LNst__ZN2Tz9CmAbility20GetWeaponAbilityInfoEv_0;static-unmapped;variant:no_gvote	
00279860	0038e798	336	loop	83.99	near	37.69		positional:ErrorPrintf->0027aed8;positional:ErrorRaise->001a80c8;this-pad:func_0028b040;this-pad:func_00281180;gvote:m_Info->0035f230;gvote:m_MenuPtr->0035f01c;gvote:m_PartyInfo->0035f010;globals:5ppc/4ps2;gdims:__LNst__ZN2Tz9CmAbility17SetupFormSelectorEi_3;gdims:LS_81_LV_12;unmapped-global:LS_81_LV_12;static-unmapped	
002799b0	0038e66c	96	loop	72.50	near	45.47		dropped:_printfx4;gvote:m_Info->0035f230;globals:5ppc/1ps2;gdims:__LNst__ZN2Tz9CmAbility17SetupFormSelectorEi_3;unmapped-global:__LNst__ZN2Tz9CmAbility17SetupFormSelectorEi_3;gdims:__LNst__ZN2Tz9CmAbility11CalcEquipApEv_1;unmapped-global:__LNst__ZN2Tz9CmAbility11CalcEquipApEv_1;gdims:__LNst__ZN2Tz9CmAbility11CalcEquipApEv_2;unmapped-global:__LNst__ZN2Tz9CmAbility11CalcEquipApEv_2;gdims:__LNst__ZN2Tz9CmAbility11CalcEquipApEv_3;unmapped-global:__LNst__ZN2Tz9CmAbility11CalcEquipApEv_3	
00279a10	0038e128	708	loop	18.53	near	23.79		stack-locals:1;dropped:ErrorPrintfx4;dropped:ErrorRaisex2;gvote:m_Info->0035f230;globals:3ppc/2ps2;gdims:__LNst__ZN2Tz9CmAbility17SetupFormSelectorEi_3;gdims:LS_78_LV_11;unmapped-global:LS_78_LV_11	
00279cd8	0038f6c8	496	loop	88.75	near	71.68		dropped:ErrorPrintfx1;dropped:ErrorRaisex1;arity-pad:func_0023aa98;arity-pad:func_0023aa78;arity-pad:func_0023aa18;arity-pad:func_0023aa38;arity-pad:func_00138c10;arity-pad:func_00138c68;this-pad:func_00139688;this-pad:func_00139620;this-pad:func_001395f8;gvote:m_DummySeq->0035ef6c;globals:7ppc/4ps2;gdims:__LNst__ZN2Tz9CmAbility13CreateTopListEv_0;unmapped-global:__LNst__ZN2Tz9CmAbility13CreateTopListEv_0;gdims:__LNst__ZN2Tz9CmAbility17SetupFormSelectorEi_3;unmapped-global:__LNst__ZN2Tz9CmAbility17SetupFormSelectorEi_3;gdims:LS_91_LV_16;unmapped-global:LS_91_LV_16;raw-view:3	
00279ec8	0038f9dc	572	loop	77.52	compile	0.0	00279ec8.cpp:747: request for	dropped:ErrorPrintfx1;dropped:ErrorRaisex1;this-pad:func_00138c10;gvote:m_Info->0035f230;gvote:m_DummySeq->0035ef6c;gvote:s_TopListSeq->00373e10;globals:5ppc/3ps2;gdims:s_TopListSeq;gdims:__LNst__ZN2Tz9CmAbility17SetupFormSelectorEi_3;unmapped-global:__LNst__ZN2Tz9CmAbility17SetupFormSelectorEi_3;unmapped-global:LS_93_LV_17;raw-view:6	
0027a208	0038b8c8	1228	loop	60.45	near	36.85		simmap:isAbilityHistForm->00287218;positional:ErrorPrintf->00192048;positional:ErrorRaise->0027aed8;this-pad:func_002892f8;this-pad:func_002891b8;this-pad:func_00138c10;this-pad:func_0028b038;this-pad:func_0028be78;this-pad:func_00288fd8;gvote:m_Info->0035f230;gvote:m_MenuPtr->0035f01c;gvote:m_DummySeq->0035ef6c;gvote:m_SclBar->0035f04c;globals:9ppc/10ps2;gdims:__LNst__ZN2Tz9CmAbility17SetupFormSelectorEi_3;gdims:LS_50_LV_3;gdims:s_ListSubSeq;gdims:s_ListSubMsg;gdims:s_ListSelSeq	
0027a6d8	0038c05c	260	branchy	60.77	near	36.57		positional:SetAbilityFlgForm->0027aed8;gvote:m_MenuPtr->0035f01c;gvote:m_Info->0035f230	
0027a7e0	0027efcc	180	branchy	94.11	near	16.2		positional:FadeOutCharaInfo->00257770;positional:isExist->00287bc0;positional:isExistCharaInfo->0028dac8;this-pad:func_00139d78;this-pad:func_0028acb8;this-pad:func_0028aa40;this-pad:func_0028ffe8;globals:9ppc/2ps2;unmapped-global:m_SelPtr;unmapped-global:m_SclBar;unmapped-global:m_Munny;unmapped-global:m_ItemCntWin;unmapped-global:m_ItemCntMess;unmapped-global:m_Active;unmapped-global:m_StatBase;static-unmapped	
0027aaa0	0038d568	404	loop	76.53	near	42.8		positional:ErrorPrintf->0027bba0;positional:ErrorRaise->00192048;this-pad:func_0028b038;arity-pad:func_0028be78;arity-pad:func_00138c10;gvote:m_Info->0035f230;gvote:m_SclBar->0035f04c;gvote:m_MenuPtr->0035f01c;globals:6ppc/5ps2;gdims:__LNst__ZN2Tz9CmAbility17SetupFormSelectorEi_3;gdims:s_EquipSelMsg;unmapped-global:s_EquipSelMsg;static-unmapped	
0027ac38	0038fee4	192	branchy	90.42	near	60.39		positional:ErrorPrintf->0028dac8;positional:ErrorRaise->0028be58;this-pad:func_002621a0;this-pad:func_00262538;this-pad:func_0028acb8;gvote:m_SclBar->0035f04c;gvote:m_MenuPtr->0035f01c;globals:6ppc/3ps2;gdims:__LNst__ZN2Tz9CmAbility17SetupFormSelectorEi_3;unmapped-global:__LNst__ZN2Tz9CmAbility17SetupFormSelectorEi_3;gdims:LS_110_LV_22;unmapped-global:LS_110_LV_22;gdims:s_IndiAbilityBaseSeq;unmapped-global:s_IndiAbilityBaseSeq;static-unmapped	
0027acf8	002a29f8	136	branchy	92.35	near	28.79		this-pad:func_00139510;this-pad:func_00251a08;globals:3ppc/2ps2;unmapped-global:m_CapSel;raw-view:7;static-unmapped	
0027ad80	002a28b0	156	branchy	75.33	near	33.9		globals:3ppc/2ps2;unmapped-global:m_CapSel;raw-view:6;static-unmapped	
0027af58	0038d3ec	132	loop	79.85	near	31.8		dropped:ErrorPrintfx2;dropped:ErrorRaisex2;this-pad:func_0028b040;gvote:m_Info->0035f230;gvote:m_MenuPtr->0035f01c;globals:5ppc/2ps2;gdims:__LNst__ZN2Tz9CmAbility17SetupFormSelectorEi_3;unmapped-global:__LNst__ZN2Tz9CmAbility17SetupFormSelectorEi_3;gdims:LS_67_LV_8;unmapped-global:LS_67_LV_8;gdims:__LNst__ZN2Tz9CmAbility14Cur2AbiltyTypeEv_0;unmapped-global:__LNst__ZN2Tz9CmAbility14Cur2AbiltyTypeEv_0	
0027afe0	0038d810	280	loop	83.20	near	2.92		dropped:ErrorPrintfx2;dropped:ErrorRaisex2;this-pad:func_002891f0;gvote:m_Info->0035f230;gvote:m_MenuPtr->0035f01c;globals:5ppc/2ps2;gdims:__LNst__ZN2Tz9CmAbility17SetupFormSelectorEi_3;unmapped-global:__LNst__ZN2Tz9CmAbility17SetupFormSelectorEi_3;gdims:LS_72_LV_10;unmapped-global:LS_72_LV_10;gdims:__LNst__ZN2Tz9CmAbility24SetIndiAbilityDefaultPosEv_0;unmapped-global:__LNst__ZN2Tz9CmAbility24SetIndiAbilityDefaultPosEv_0	
0027b0f8	0038c604	332	branchy	79.13	near	58.87		dropped:ErrorPrintfx1;dropped:ErrorRaisex1;globals:7ppc/6ps2;gdims:__LNst__ZN2Tz9CmAbility17SetupFormSelectorEi_3;unmapped-global:LS_56_LV_5;raw-view:2;variant:no_gvote	
0027b248	0038c1c0	672	float	47.22	near	34.06		dropped:ErrorPrintfx2;dropped:ErrorRaisex2;this-pad:func_00139570;this-pad:func_00139580;arity-pad:func_0023aa58;this-pad:func_00138c10;arity-pad:func_00239f18;gvote:m_Info->0035f230;gvote:m_MenuPtr->0035f01c;globals:5ppc/6ps2;gdims:__LNst__ZN2Tz9CmAbility17SetupFormSelectorEi_3;gdims:LS_53_LV_4;gdims:__LNst__ZN2Tz9CmAbility11UpdateGaugeEb_0;fix-arg:func_00239f18:1;fix-arg:func_00239f18:1	
0027b5d0	0039003c	232	loop	77.30	near	55.92		dropped:ErrorPrintfx2;dropped:ErrorRaisex2;this-pad:func_00281140;gvote:m_Info->0035f230;gvote:m_PartyInfo->0035f010;globals:5ppc/2ps2;gdims:__LNst__ZN2Tz9CmAbility17SetupFormSelectorEi_3;unmapped-global:__LNst__ZN2Tz9CmAbility17SetupFormSelectorEi_3;gdims:LS_114_LV_23;unmapped-global:LS_114_LV_23;unmapped-global:__LNst__ZN2Tz9CmAbility16GetTopSelMessageEv_0	
0027b6b8	00390248	680	loop	73.49	near	53.59		dropped:ErrorPrintfx5;dropped:ErrorRaisex5;this-pad:func_0028b040;this-pad:func_00192b30;this-pad:func_00192c90;gvote:m_MenuPtr->0035f01c;gvote:m_Info->0035f230;globals:9ppc/5ps2;gdims:s_EquipSelHelpMsg;gdims:__LNst__ZN2Tz9CmAbility17SetupFormSelectorEi_3;gdims:LS_118_LV_24;unmapped-global:LS_118_LV_24;gdims:__LNst__ZN2Tz9CmAbility14UpdateHelpMessEv_1;unmapped-global:__LNst__ZN2Tz9CmAbility14UpdateHelpMessEv_1;gdims:__LNst__ZN2Tz9CmAbility24SetIndiAbilityDefaultPosEv_0;unmapped-global:__LNst__ZN2Tz9CmAbility24SetIndiAbilityDefaultPosEv_0;gdims:__LNst__ZN2Tz9CmAbility14UpdateHelpMessEv_2;unmapped-global:__LNst__ZN2Tz9CmAbility14UpdateHelpMessEv_2	
0027bbe0	00393a30	352	branchy	92.49	near	71.96		arity-pad:func_0028af88;arity-pad:func_0028af18;gvote:m_Info->0035f230	
0027bd40	00393bf8	480	branchy	82.52	near	71.65		stack-locals:1;this-pad:func_00138c78;arity-pad:func_00138c68;this-pad:func_00139510;gvote:m_pri->0035f3d4;gvote:m_MenuPtr->0035f01c;gvote:m_Info->0035f230;gdims:s_IndiAbilitySelSeq;raw-view:2	
0027bf68	00390de8	428	loop	74.97	near	38.83		simmap:SetEquip->0027c118;simmap:SetEquip->0027c118;this-pad:func_00281180;gvote:m_MenuPtr->0035f01c;gvote:m_Info->0035f230;gvote:m_PartyInfo->0035f010	
0027c118	00390bd0	164	straight	70.33	near	24.51		dropped:ErrorPrintfx2;dropped:ErrorRaisex2;this-pad:func_00281180;gvote:m_Info->0035f230;gvote:m_PartyInfo->0035f010;globals:6ppc/2ps2;gdims:__LNst__ZN2Tz9CmAbility8SetEquipEib_0;unmapped-global:__LNst__ZN2Tz9CmAbility8SetEquipEib_0;gdims:__LNst__ZN2Tz9CmAbility17SetupFormSelectorEi_3;unmapped-global:__LNst__ZN2Tz9CmAbility17SetupFormSelectorEi_3;gdims:LS_130_LV_26;unmapped-global:LS_130_LV_26;gdims:__LNst__ZN2Tz9CmAbility8SetEquipEib_1;unmapped-global:__LNst__ZN2Tz9CmAbility8SetEquipEib_1	
0027c1c0	00391044	312	branchy	70.44	near	47.13		simmap:SetEquip->0027c118;this-pad:func_00281180;gvote:m_MenuPtr->0035f01c;gvote:m_Info->0035f230;gvote:m_PartyInfo->0035f010	
0027c3e0	00391200	244	branchy	65.90	near	21.55		positional:ErrorPrintf->0027aed8;positional:ErrorRaise->0027bf20;this-pad:func_0028b040;globals:4ppc/2ps2;unmapped-global:LS_136_LV_27;unmapped-global:m_MenuPtr;static-unmapped;variant:no_dims,no_gvote	
0027c700	003959f4	676	switch	88.18	near	36.06		positional:ErrorPrintf->0027d3b0;positional:ErrorRaise->0028f930;this-pad:func_00289380;this-pad:func_00139d78;this-pad:func_00289310;this-pad:func_00251a08;this-pad:func_0028af18;this-pad:func_0027d450;this-pad:func_0028b040;this-pad:func_0028afa8;arity-pad:func_00263c60;this-pad:func_002891e8;this-pad:func_0028b038;gvote:m_MenuPtr->0035f01c;globals:8ppc/3ps2;gdims:__LNst__ZN2Tz8CmConfig11SetBaseLoopEv_0;gdims:__LNst__ZN2Tz8CmConfig9GetConfigEv_3;gdims:LS_55_LV_4;unmapped-global:LS_55_LV_4;unmapped-global:m_Sel;unmapped-global:0x797bb8;unmapped-global:__LNst__ZN2Tz8CmConfig11FadeOutListEv_0;gdims:LS_50_LV_3;unmapped-global:LS_50_LV_3;fix-arity:func_00263c60;static-unmapped	
0027c9a8	00394568	416	switch	94.81	near	29.9		dropped:ErrorPrintfx4;dropped:ErrorRaisex2;this-pad:func_00105868;gvote:m_Sel->0035f234;globals:3ppc/2ps2;gdims:__LNst__ZN2Tz8CmConfig9GetConfigEv_3;unmapped-global:LS_38_LV_0	
0027cb48	00394824	428	switch	74.86	near	48.58		simmap:SetCameraAuto->00242b88;simmap:SetRightStickCamera->00242c00;simmap:SetCameraVRev->00242d80;simmap:SetCameraHRev->00242d10;simmap:SetSummonEffect->00242df0;simmap:SetNaviMode->00242b10;simmap:SetCommandKH2->00242ca0;positional:SetVibration->00242a28;dropped:ErrorPrintfx4;dropped:ErrorRaisex2;gvote:m_Sel->0035f234;globals:3ppc/2ps2;gdims:__LNst__ZN2Tz8CmConfig9GetConfigEv_3;gdims:LS_40_LV_1;unmapped-global:LS_40_LV_1	
0027ccf8	00394c44	784	loop	73.26	near	59.48		stack-locals:3;this-pad:func_0023aa78;arity-pad:func_00138c68;this-pad:func_00139620;this-pad:func_00139688;arity-pad:func_0023aa98;arity-pad:func_00138c10;this-pad:func_00288d80;this-pad:func_002891b8;gvote:m_pri->0035f3d4;gvote:m_DummySeq->0035ef6c;gvote:m_MenuPtr->0035f01c	
0027d008	003952f8	732	loop	65.30	near	53.6		stack-locals:1;this-pad:func_0028b038;this-pad:func_00138c10;this-pad:func_0023aa78;this-pad:func_0023aa98;arity-pad:func_00138c78;arity-pad:func_00138c68;this-pad:func_002891b8;globals:8ppc/7ps2;gdims:s_Info;gdims:s_Plate1SeqNum;gdims:s_Plate2SeqNum;gdims:s_Plate3SeqNum;unmapped-global:m_Sel;static-unmapped;variant:no_gvote	
0027d868	00395630	380	branchy	63.89	near	57.04		dropped:ErrorPrintfx1;dropped:ErrorRaisex1;this-pad:func_0028b040;gvote:m_MenuPtr->0035f01c;gvote:m_Sel->0035f234;globals:6ppc/4ps2;gdims:s_Info;gdims:__LNst__ZN2Tz8CmConfig9ChgConfigEb_0;gdims:__LNst__ZN2Tz8CmConfig9GetConfigEv_3;unmapped-global:__LNst__ZN2Tz8CmConfig9GetConfigEv_3;gdims:LS_59_LV_5;unmapped-global:LS_59_LV_5	
0027dd18	00383984	460	loop	58.45	near	34.57		this-pad:func_00239870;gvote:m_Base->0035f244;gvote:m_Info->0035f248;globals:7ppc/6ps2;unmapped-global:m_PartyType;fix-assign-cast;fix-assign-cast;static-unmapped	
0027dee8	00384098	2036	loop	52.13	compile	0.0	0027dee8.cpp:2685: invalid	dropped:ErrorPrintfx1;dropped:ErrorRaisex1;this-pad:func_00281100;this-pad:func_0023aa78;this-pad:func_0023aa98;this-pad:func_00138c68;this-pad:func_00139620;this-pad:func_00281140;this-pad:func_0023aa18;this-pad:func_0023aa38;this-pad:func_0023aa58;this-pad:func_001395f8;gvote:m_PartyInfo->0035f010;gvote:m_Base->0035f244;gvote:m_Info->0035f248;globals:14ppc/15ps2;gdims:s_BaseSeq;gdims:s_EmptySeq;gdims:s_Mess;gdims:__LNst__ZN2Tz10SimpleStat6CreateEiii_1;gdims:__LNst__ZN2Tz10SimpleStat6CreateEiii_3;raw-view:37;fix-assign-cast;fix-assign-cast	
0027e770	00384bb0	428	loop	93.83	near	51.73		this-pad:func_00139510;gvote:m_Base->0035f244;gvote:m_Info->0035f248;raw-view:12	
0027eb10	00383be0	568	float	74.43	link	0.0	/tmp/rig-cd-ijrcf7lx/cand.o: In function `Tz::SimpleStat::UpdateNum()':	this-pad:func_00281100;this-pad:func_00281180;this-pad:func_00239f18;gvote:m_PartyInfo->0035f010;gvote:m_Info->0035f248;globals:4ppc/8ps2;raw-view:3	
0027f3d8	0031d0f8	204	branchy	91.76	near	17.9		dropped:ErrorPrintfx3;dropped:ErrorRaisex1;globals:3ppc/0ps2;unmapped-global:m_Lay;unmapped-global:m_Bg;unmapped-global:m_MenuPtr;static-unmapped	
0027f7f0	0031ced4	444	switch	90.67	near	40.96		positional:SetVibration->00287df0;dropped:ErrorPrintfx3;dropped:ErrorRaisex1;this-pad:func_00289380;this-pad:func_00289310;this-pad:func_0028b040;gvote:m_MenuPtr->0035f254;gvote:m_SelNum->0035f268;globals:3ppc/5ps2	
0027f9d8	0031c638	452	branchy	82.06	near	39.66		this-pad:func_00139510;gvote:m_Info->0035f260;raw-view:15	
0027fba0	0031bda4	288	loop	60.99	near	57.78		this-pad:func_00251a08;this-pad:func_00289310;this-pad:func_002891e8;this-pad:func_002890e0;this-pad:func_0024e008;this-pad:func_0028af88;this-pad:func_0028b040;this-pad:func_0028af18;gvote:m_Lay->0035f250;gvote:m_Bg->0035f258;gvote:m_MenuPtr->0035f254	
0027fd38	0031cca0	456	loop	60.75	near	0.0		dropped:ErrorPrintfx3;dropped:ErrorRaisex1;this-pad:func_00138c10;gvote:m_Mess->0035f25c;globals:1ppc/4ps2	
0027ff00	0031d688	460	loop	82.46	near	70.58		positional:GetNum->002fde18;positional:Get->002f1ab8;positional:IsUse->002f1ac8;dropped:ErrorPrintfx1;dropped:ErrorRaisex1;gvote:m_Info->0035f260;globals:3ppc/1ps2;gdims:__LNst__ZN2Tz9GumiPause16FadeOutAdviceGraEv_3;unmapped-global:__LNst__ZN2Tz9GumiPause16FadeOutAdviceGraEv_3;gdims:LS_91_LV_10;unmapped-global:LS_91_LV_10	
00280148	0031caf0	244	straight	93.70	near	44.14		positional:ErrorPrintf->00192048;positional:ErrorRaise->002fde18;arity-pad:func_00139620;arity-pad:func_001395f8;gvote:m_AdviceSeq->0035f264;gvote:m_Lay->0035f250;globals:5ppc/2ps2;gdims:__LNst__ZN2Tz9GumiPause16FadeOutAdviceGraEv_1;unmapped-global:__LNst__ZN2Tz9GumiPause16FadeOutAdviceGraEv_1;gdims:__LNst__ZN2Tz9GumiPause16FadeOutAdviceGraEv_3;unmapped-global:__LNst__ZN2Tz9GumiPause16FadeOutAdviceGraEv_3;gdims:LS_83_LV_9;unmapped-global:LS_83_LV_9;raw-view:4;static-unmapped	
00280720	0031e86c	452	loop	96.28	near	60.22		byname:ErrorRaise->0031a838;byname:ErrorRaise->0031a838;dropped:ErrorPrintfx2;this-pad:func_002889f0;this-pad:func_002369a0;this-pad:func_0023c008;this-pad:func_00239700;this-pad:func_00102818;gvote:m_MenuPtr->0035f254;gvote:sm_manager_ptr->00347f80;gvote:m_Lay->0035f250;gvote:m_Bg->0035f258;gvote:m_Mess->0035f25c;globals:15ppc/12ps2;gdims:_ZZN2dk5Obj2DnwEjEs_0;gdims:_ZZN2dk5Obj2DnwEjEs_2;gdims:_ZZN2dk5Obj2DnaEjEs_0;unmapped-global:_ZZN2dk5Obj2DnaEjEs_0;gdims:_ZZN2dk5Obj2DnaEjEs_2;unmapped-global:_ZZN2dk5Obj2DnaEjEs_2;unmapped-global:LV_1;fix-assign-cast	
00280a50	0031e5d4	488	loop	84.17	near	76.09		stack-locals:1;this-pad:func_0023ef50;this-pad:func_00288d80;this-pad:func_002891b8;this-pad:func_00139620;this-pad:func_0028af28;this-pad:func_002891f0;gvote:m_Lay->0035f250;gvote:m_Bg->0035f258;gvote:m_MenuPtr->0035f254;gdims:s_GOSelMsg;gdims:s_RetrySelMsg	
00280c38	0031e484	260	branchy	94.31	near	76.57		this-pad:func_00289380;this-pad:func_00289310;gvote:m_Lay->0035f250;gvote:m_Bg->0035f258;gvote:m_MenuPtr->0035f254;globals:3ppc/4ps2	
002812e0	0037b9ac	92	loop	85.61	near	43.7		gdims:s_WorldID	
002815d8	0031fa7c	276	straight	88.52	near	38.53		dropped:ErrorPrintfx3;dropped:ErrorRaisex3;this-pad:func_00239700;arity-pad:func_002361a0;gvote:sm_manager_ptr->00347f80;gvote:m_BaseGra->0035f288;gvote:m_BaseControl->0035f299;gvote:m_PicNum->0035f280;globals:21ppc/15ps2;gdims:__LNst__ZN2Tz11ItemPicDraw4InitEv_1;unmapped-global:__LNst__ZN2Tz11ItemPicDraw4InitEv_1;gdims:__LNst__ZN2Tz11ItemPicDraw4InitEv_3;unmapped-global:__LNst__ZN2Tz11ItemPicDraw4InitEv_3;unmapped-global:LS_41_LV_3;gdims:_ZZN2dk5Obj2DnwEjEs_0;unmapped-global:_ZZN2dk5Obj2DnwEjEs_0;gdims:_ZZN2dk5Obj2DnwEjEs_2;unmapped-global:_ZZN2dk5Obj2DnwEjEs_2;unmapped-global:LV_0;fix-assign-cast	
002818b8	003200e0	628	float	71.89	near	48.69		positional:ErrorPrintf->00281be0;positional:ErrorRaise->00139d78;this-pad:func_002362b0;this-pad:func_001386e0;this-pad:func_0023aa98;arity-pad:func_001396b0;this-pad:func_0023f1b0;this-pad:func_0023c3e0;gdims:m_BaseSeq;gdims:__LNst__ZN2Tz11ItemPicDraw4InitEv_3;gdims:m_ItemSeq	
00281d48	00320768	216	float	84.59	near	55.96		globals:5ppc/4ps2;unmapped-global:m_ChgGra;static-unmapped;variant:no_gvote	
00281fe0	00321b48	584	loop	72.25	near	72.84		positional:Party2Idx->002811f8;dropped:ErrorPrintfx3;dropped:ErrorRaisex1;this-pad:func_002811f8;this-pad:func_002811b0;gdims:s_chara_weapon	
002823b0	00322180	624	loop	59.53	near	33.66		simmap:CalcEquipMax->002826f8;positional:Party2Idx->002811f8;dropped:ErrorPrintfx2;dropped:ErrorRaisex2;this-pad:func_002811f8;this-pad:func_00281180;arity-pad:func_002826f8;this-pad:func_00281480;globals:4ppc/0ps2;gdims:__LNst__ZN2Tz8ItemInfo8SetEquipEij_0;unmapped-global:__LNst__ZN2Tz8ItemInfo8SetEquipEij_0;gdims:__LNst__ZN2Tz8ItemInfo15GetItemTypeMaskEii_3;unmapped-global:__LNst__ZN2Tz8ItemInfo15GetItemTypeMaskEii_3;unmapped-global:LS_41_LV_1;gdims:__LNst__ZN2Tz8ItemInfo8SetEquipEij_1;unmapped-global:__LNst__ZN2Tz8ItemInfo8SetEquipEij_1	Tz::ItemInfo|m_Info|4|50|60;Tz::ItemInfo|m_Info|4|10|20;Tz::ItemInfo|m_Info|4|18|28
00282620	00322be4	212	loop	63.59	near	38.0		dropped:ErrorPrintfx1;dropped:ErrorRaisex1;globals:3ppc/0ps2;gdims:__LNst__ZN2Tz8ItemInfo8SetEquipEij_0;unmapped-global:__LNst__ZN2Tz8ItemInfo8SetEquipEij_0;gdims:__LNst__ZN2Tz8ItemInfo15GetItemTypeMaskEii_3;unmapped-global:__LNst__ZN2Tz8ItemInfo15GetItemTypeMaskEii_3;gdims:LS_61_LV_4;unmapped-global:LS_61_LV_4	
002826f8	0032200c	228	switch	91.49	near	38.13		dropped:ErrorPrintfx1;dropped:ErrorRaisex1;this-pad:func_00281180;this-pad:func_00281480;globals:3ppc/1ps2;gdims:__LNst__ZN2Tz8ItemInfo12CalcEquipMaxEii_1;gdims:__LNst__ZN2Tz8ItemInfo15GetItemTypeMaskEii_3;unmapped-global:__LNst__ZN2Tz8ItemInfo15GetItemTypeMaskEii_3;gdims:LS_37_LV_0;unmapped-global:LS_37_LV_0	
002827f0	00322e4c	104	branchy	94.11	near	59.14		dropped:ErrorPrintfx2;dropped:ErrorRaisex2;arity-pad:func_00282858;arity-pad:func_00282b00;globals:4ppc/0ps2;gdims:__LNst__ZN2Tz8ItemInfo10MakeMsgTblEii_0;unmapped-global:__LNst__ZN2Tz8ItemInfo10MakeMsgTblEii_0;gdims:__LNst__ZN2Tz8ItemInfo15GetItemTypeMaskEii_3;unmapped-global:__LNst__ZN2Tz8ItemInfo15GetItemTypeMaskEii_3;gdims:LS_65_LV_6;unmapped-global:LS_65_LV_6;gdims:__LNst__ZN2Tz8ItemInfo10MakeMsgTblEii_1;unmapped-global:__LNst__ZN2Tz8ItemInfo10MakeMsgTblEii_1	
00282858	00322570	228	loop	95.51	near	55.37		dropped:ErrorPrintfx1;dropped:ErrorRaisex1;this-pad:func_00192b30;globals:3ppc/1ps2;gdims:__LNst__ZN2Tz8ItemInfo12MakeStockMsgEii_0;gdims:__LNst__ZN2Tz8ItemInfo15GetItemTypeMaskEii_3;unmapped-global:__LNst__ZN2Tz8ItemInfo15GetItemTypeMaskEii_3;gdims:LS_46_LV_2;unmapped-global:LS_46_LV_2	Tz::ItemInfo|m_Info|4|30|40
00282940	00322fa4	444	loop	98.02	near	9.54		dropped:ErrorPrintfx2;dropped:ErrorRaisex2;this-pad:func_00192b30;globals:4ppc/1ps2;gdims:__LNst__ZN2Tz8ItemInfo12MakeStockMsgEii_0;gdims:__LNst__ZN2Tz8ItemInfo15GetItemTypeMaskEii_3;unmapped-global:__LNst__ZN2Tz8ItemInfo15GetItemTypeMaskEii_3;gdims:LS_68_LV_7;unmapped-global:LS_68_LV_7;gdims:__LNst__ZN2Tz8ItemInfo14MakeCommandMsgEii_0;unmapped-global:__LNst__ZN2Tz8ItemInfo14MakeCommandMsgEii_0	Tz::ItemInfo|m_Info|4|30|20;Tz::ItemInfo|m_Info|4|58|48;Tz::ItemInfo|m_Info|4|10|0;Tz::ItemInfo|m_Info|4|10|0;Tz::ItemInfo|m_Info|4|18|8;Tz::ItemInfo|m_Info|4|20|10;Tz::ItemInfo|m_Info|4|28|18;Tz::ItemInfo|m_Info|4|30|20;Tz::ItemInfo|m_Info|4|38|28;Tz::ItemInfo|m_Info|4|40|30;Tz::ItemInfo|m_Info|4|48|38;Tz::ItemInfo|m_Info|4|50|40;Tz::ItemInfo|m_Info|4|58|48
00282b00	00322734	360	loop	83.25	near	52.44		dropped:ErrorPrintfx2;dropped:ErrorRaisex2;this-pad:func_00192b30;globals:5ppc/1ps2;gdims:__LNst__ZN2Tz8ItemInfo12MakeStockMsgEii_0;unmapped-global:__LNst__ZN2Tz8ItemInfo12MakeStockMsgEii_0;gdims:__LNst__ZN2Tz8ItemInfo15GetItemTypeMaskEii_3;unmapped-global:__LNst__ZN2Tz8ItemInfo15GetItemTypeMaskEii_3;gdims:LS_48_LV_3;unmapped-global:LS_48_LV_3;gdims:__LNst__ZN2Tz8ItemInfo12MakeEquipMsgEv_0;unmapped-global:__LNst__ZN2Tz8ItemInfo12MakeEquipMsgEv_0	Tz::ItemInfo|m_Info|4|4|8;Tz::ItemInfo|m_Info|4|4|8;Tz::ItemInfo|m_Info|4|20|10;Tz::ItemInfo|m_Info|4|28|18;Tz::ItemInfo|m_Info|4|30|20;Tz::ItemInfo|m_Info|4|38|28;Tz::ItemInfo|m_Info|4|40|30;Tz::ItemInfo|m_Info|4|48|38;Tz::ItemInfo|m_Info|4|50|40;Tz::ItemInfo|m_Info|4|58|48;Tz::ItemInfo|m_Info|4|60|50;Tz::ItemInfo|m_Info|4|68|58
00282cb8	003232dc	156	branchy	82.38	near	11.48		dropped:ErrorPrintfx5;dropped:ErrorRaisex3;this-pad:func_002811b0;globals:7ppc/1ps2;gdims:LS_51_s_IType;unmapped-global:DAT_00716518;unmapped-global:s_Icon;gdims:__LNst__ZN2Tz8ItemInfo12MakeEmptyMsgEi_0;unmapped-global:__LNst__ZN2Tz8ItemInfo12MakeEmptyMsgEi_0;gdims:__LNst__ZN2Tz8ItemInfo15GetItemTypeMaskEii_3;unmapped-global:__LNst__ZN2Tz8ItemInfo15GetItemTypeMaskEii_3;gdims:LS_73_LV_8;unmapped-global:LS_73_LV_8;gdims:__LNst__ZN2Tz8ItemInfo12MakeEmptyMsgEi_1;unmapped-global:__LNst__ZN2Tz8ItemInfo12MakeEmptyMsgEi_1;static-unmapped	
00282d70	00323574	332	loop	55.89	near	49.72			Tz::ItemInfo|m_InfoMax|0|0|10;Tz::ItemInfo|m_Info|4|8|18;Tz::ItemInfo|m_Info|4|18|20
00283230	00317d40	456	branchy	98.28	near	31.82		simmap:CreateGra->00283790;positional:GetFname->00167f18;positional:UpdateSram->00283618;positional:isLoopList->00283c50;positional:SetFadeOut->00287bd0;this-pad:func_00290940;this-pad:func_00290a60;this-pad:func_00290a10;this-pad:func_00290948;arity-pad:func_002362b0;globals:4ppc/2ps2;gdims:s_GraInfo;unmapped-global:m_SeqTbl;unmapped-global:m_File;raw-view:10;static-unmapped	
002833f8	00316860	432	branchy	95.56	near	74.37		positional:ErrorPrintf->00139d78;positional:ErrorRaise->00192048;this-pad:func_00139620;this-pad:func_001395f8;this-pad:func_00192c40;globals:10ppc/9ps2;gdims:__LNst__ZN2Tz10CmTutorial10CreateListEv_1;gdims:__LNst__ZN2Tz10CmTutorial10CreateListEv_3;gdims:LS_55_LV_2;gdims:s_CategoryMess;gdims:s_GraInfo;unmapped-global:s_GraInfo;raw-view:4;static-unmapped	
00283790	00316d94	368	branchy	73.83	near	45.12		positional:ErrorPrintf->00139d78;positional:ErrorRaise->00139d78;this-pad:func_0023f1b0;this-pad:func_0023c4b8;arity-pad:func_001386e0;globals:7ppc/4ps2;gdims:__LNst__ZN2Tz10CmTutorial10CreateListEv_1;gdims:__LNst__ZN2Tz10CmTutorial10CreateListEv_3;unmapped-global:m_Lay;unmapped-global:m_Info;gdims:s_GraInfo;unmapped-global:s_GraInfo;raw-view:2;fix-arity:func_00139d78;static-unmapped	
00283ab8	00318154	192	loop	69.13	near	50.23		gdims:s_GraInfo	
00284650	002ee9dc	228	loop	95.32	near	0.0		dropped:ErrorPrintfx4;dropped:ErrorRaisex4;arity-pad:func_0023f070;gvote:m_Lay->0035f2c8;gvote:m_SeqTbl->0035f2cc;globals:10ppc/3ps2;unmapped-global:Config;gdims:s_LayNum;unmapped-global:s_LayNum;gdims:__LNst__ZN2Tz6Ending7LoopAllEv_1;unmapped-global:__LNst__ZN2Tz6Ending7LoopAllEv_1;gdims:__LNst__ZN2Tz6Ending7LoopAllEv_3;unmapped-global:__LNst__ZN2Tz6Ending7LoopAllEv_3;gdims:__LNst__ZN2Tz6Ending7LoopAllEv_4;unmapped-global:__LNst__ZN2Tz6Ending7LoopAllEv_4;gdims:__LNst__ZN2Tz6Ending7LoopAllEv_5;unmapped-global:__LNst__ZN2Tz6Ending7LoopAllEv_5;gdims:__LNst__ZN2Tz6Ending7LoopAllEv_6;unmapped-global:__LNst__ZN2Tz6Ending7LoopAllEv_6;raw-view:3;fix-arity:func_0023f070;fix-arity:func_0023f070;fix-arity:func_0023f070;static-unmapped	
002847e0	002ef838	1632	float	76.85	compile	0.0	002847e0.cpp: In function `void;    e3_002847e0()':; 002847e0.cpp:1548: warning: invalid;    conversion from `void*' to `u_char*'; 002847e0.cpp:1549: warning: invalid;    conversion from `void*' to `u	this-pad:func_002369a0;this-pad:func_0023c008;this-pad:func_0023f948;this-pad:func_0023f908;this-pad:func_0023ef50;arity-pad:func_00139620;arity-pad:func_001395f8;arity-pad:func_0023aa78;arity-pad:func_0023aa18;arity-pad:func_0023aa38;arity-pad:func_00138c68;this-pad:func_00105868;this-pad:func_00192c90;this-pad:func_001e09d0;this-pad:func_00192b30;this-pad:func_00192c40;gvote:m_Lay->0035f2c8;gvote:m_File->0035f2c4;gvote:m_SeqTbl->0035f2cc;gvote:m_FadeWait->0035f2d0;globals:13ppc/16ps2;gdims:s_LayNum;raw-view:6;fix-assign-cast	
00284e40	002ef738	100	straight	99.20	near	59.18		dropped:ErrorPrintfx1;dropped:ErrorRaisex1;gvote:s_stream_memory->0035f2c0;gvote:LS_86_LV_5->00374348;globals:4ppc/2ps2;gdims:__LNst__ZN2Tz6Ending10SoundSetupEv_0;unmapped-global:__LNst__ZN2Tz6Ending10SoundSetupEv_0;gdims:__LNst__ZN2Tz6Ending7LoopAllEv_3;unmapped-global:__LNst__ZN2Tz6Ending7LoopAllEv_3;gdims:LS_86_LV_5	
00284ea8	002f0650	68	straight	98.82	near	94.11		gvote:s_stream_memory->0035f2c0	
00284ef0	002ef52c	228	branchy	90.82	near	49.73		dropped:ErrorPrintfx3;dropped:ErrorRaisex1;gvote:m_SelMode->0035f2d4;gvote:m_FadeWait->0035f2d0;globals:3ppc/2ps2;unmapped-global:m_SeqTbl;static-unmapped	
00285070	002ef058	364	branchy	88.85	near	74.55		simmap:SelCtrl->00285760;positional:fadeOut->00285728;this-pad:func_0014aa58;this-pad:func_00265c10;this-pad:func_0028acb8;this-pad:func_0028aa40;globals:4ppc/3ps2;unmapped-global:m_SelMode;fix-arity:func_0014aa58;static-unmapped;variant:no_gvote	
002851e0	002eed14	472	branchy	96.06	near	87.67		arity-pad:func_0028cc78;arity-pad:func_002891d0;arity-pad:func_002756f8;arity-pad:func_00289310;arity-pad:func_002891e8;arity-pad:func_002890e0;arity-pad:func_0024e008;arity-pad:func_0028d5d0;gvote:m_Lay->0035f2c8;gvote:m_SelPtr->0035f2dc;gvote:m_Light->0035f2e0;gvote:0x713d32->00374380;fix-arity:func_0028cc78;variant:no_thispad	
002854d8	002ef270	496	loop	64.02	near	57.76		positional:ErrorPrintf->00139d78;positional:ErrorRaise->00192048;this-pad:func_00139620;this-pad:func_0023aa18;this-pad:func_0023aa38;this-pad:func_002891b8;this-pad:func_0023aa78;this-pad:func_00138c68;this-pad:func_00288f48;this-pad:func_0028af28;gvote:m_Win->0035f2d8;gvote:m_Lay->0035f2c8;gvote:m_SelPtr->0035f2dc;globals:7ppc/4ps2;gdims:__LNst__ZN2Tz6Ending9CreateWinEib_0;gdims:__LNst__ZN2Tz6Ending7LoopAllEv_3;unmapped-global:__LNst__ZN2Tz6Ending7LoopAllEv_3;gdims:LS_80_LV_3;unmapped-global:LS_80_LV_3;unmapped-global:0x713d2a;static-unmapped	
00285760	002eef50	200	branchy	86.86	near	82.06		this-pad:func_00289380;this-pad:func_00289310;this-pad:func_00265c10;this-pad:func_00138c10;this-pad:func_0027d450;gvote:m_SelPtr->0035f2dc;gvote:m_Win->0035f2d8	
002859f0	003ae3ec	804	loop	72.90	near	39.45		dropped:ErrorPrintfx12;dropped:ErrorRaisex12;this-pad:func_001a8c10;gvote:m_Info->0035f2e4;globals:7ppc/1ps2;gdims:LS_88_s_Type;unmapped-global:LS_88_s_Type;gdims:_ZZNK2YS7BITFLAGILj640EjE5checkEjEs_0;unmapped-global:_ZZNK2YS7BITFLAGILj640EjE5checkEjEs_0;gdims:_ZZNK2YS7BITFLAGILj640EjE5checkEjEs_2;unmapped-global:_ZZNK2YS7BITFLAGILj640EjE5checkEjEs_2;gdims:_ZZN2YS7BITFLAGILj640EjE3setEjEs_0;unmapped-global:_ZZN2YS7BITFLAGILj640EjE3setEjEs_0;gdims:_ZZN2YS7BITFLAGILj640EjE3setEjEs_2;unmapped-global:_ZZN2YS7BITFLAGILj640EjE3setEjEs_2;unmapped-global:LV_0;static-unmapped	
00285fa0	003ae1bc	180	loop	82.02	near	48.03		dropped:ErrorPrintfx2;dropped:ErrorRaisex2;gvote:m_Info->0035f2e4;globals:6ppc/1ps2;gdims:_ZZNK2YS7BITFLAGILj640EjE5checkEjEs_0;unmapped-global:_ZZNK2YS7BITFLAGILj640EjE5checkEjEs_0;gdims:_ZZNK2YS7BITFLAGILj640EjE5checkEjEs_2;unmapped-global:_ZZNK2YS7BITFLAGILj640EjE5checkEjEs_2;gdims:_ZZN2YS7BITFLAGILj640EjE3setEjEs_0;unmapped-global:_ZZN2YS7BITFLAGILj640EjE3setEjEs_0;gdims:_ZZN2YS7BITFLAGILj640EjE3setEjEs_2;unmapped-global:_ZZN2YS7BITFLAGILj640EjE3setEjEs_2;unmapped-global:LV_0	
00286298	003addb8	384	loop	61.99	near	36.68		dropped:ErrorPrintfx4;dropped:ErrorRaisex4;gvote:m_Info->0035f2e4;globals:8ppc/3ps2;gdims:_ZZNK2YS7BITFLAGILj9EjE5checkEjEs_0;unmapped-global:_ZZNK2YS7BITFLAGILj9EjE5checkEjEs_0;gdims:_ZZNK2YS7BITFLAGILj9EjE5checkEjEs_2;unmapped-global:_ZZNK2YS7BITFLAGILj9EjE5checkEjEs_2;gdims:_ZZN2YS7BITFLAGILj9EjE3setEjEs_0;unmapped-global:_ZZN2YS7BITFLAGILj9EjE3setEjEs_0;gdims:_ZZN2YS7BITFLAGILj9EjE3setEjEs_2;unmapped-global:_ZZN2YS7BITFLAGILj9EjE3setEjEs_2;unmapped-global:LV_8	
00286418	003afcbc	220	loop	79.29	near	39.5		simmap:isIllegalWorld->002812e0;simmap:isIllegalWorld->002812e0;dropped:ErrorPrintfx2;dropped:ErrorRaisex2;gvote:m_Info->0035f2e4;globals:3ppc/1ps2;gdims:_ZZNK2YS7BITFLAGILj9EjE5checkEjEs_0;unmapped-global:_ZZNK2YS7BITFLAGILj9EjE5checkEjEs_0;gdims:_ZZNK2YS7BITFLAGILj9EjE5checkEjEs_2;unmapped-global:_ZZNK2YS7BITFLAGILj9EjE5checkEjEs_2	
00286628	003acebc	1792	loop	59.58	near	24.43		dropped:ErrorPrintfx15;dropped:ErrorRaisex15;this-pad:func_00188fe0;this-pad:func_00189200;gvote:m_Info->0035f2e4;globals:20ppc/1ps2;gdims:__LNst__ZN2Tz8CmNewFlg12CheckAbilityEv_1;unmapped-global:__LNst__ZN2Tz8CmNewFlg12CheckAbilityEv_1;gdims:__LNst__ZN2Tz8CmNewFlg12CheckAbilityEv_3;unmapped-global:__LNst__ZN2Tz8CmNewFlg12CheckAbilityEv_3;gdims:LS_79_LV_10;unmapped-global:LS_79_LV_10;gdims:_ZZNK2YS7BITFLAGILj80EjE5checkEjEs_0;unmapped-global:_ZZNK2YS7BITFLAGILj80EjE5checkEjEs_0;gdims:_ZZNK2YS7BITFLAGILj80EjE5checkEjEs_2;unmapped-global:_ZZNK2YS7BITFLAGILj80EjE5checkEjEs_2;gdims:_ZZN2YS7BITFLAGILj80EjE3setEjEs_0;unmapped-global:_ZZN2YS7BITFLAGILj80EjE3setEjEs_0;gdims:_ZZN2YS7BITFLAGILj80EjE3setEjEs_2;unmapped-global:_ZZN2YS7BITFLAGILj80EjE3setEjEs_2;unmapped-global:LV_2;gdims:__LNst__ZN2Tz8CmNewFlg12CheckAbilityEv_4;unmapped-global:__LNst__ZN2Tz8CmNewFlg12CheckAbilityEv_4;gdims:_ZZNK2YS7BITFLAGILj576EjE5checkEjEs_0;unmapped-global:_ZZNK2YS7BITFLAGILj576EjE5checkEjEs_0;gdims:_ZZNK2YS7BITFLAGILj576EjE5checkEjEs_2;unmapped-global:_ZZNK2YS7BITFLAGILj576EjE5checkEjEs_2;gdims:_ZZN2YS7BITFLAGILj576EjE3setEjEs_0;unmapped-global:_ZZN2YS7BITFLAGILj576EjE3setEjEs_0;gdims:_ZZN2YS7BITFLAGILj576EjE3setEjEs_2;unmapped-global:_ZZN2YS7BITFLAGILj576EjE3setEjEs_2;unmapped-global:LV_4;gdims:_ZZNK2YS7BITFLAGILj288EjE5checkEjEs_0;unmapped-global:_ZZNK2YS7BITFLAGILj288EjE5checkEjEs_0;gdims:_ZZNK2YS7BITFLAGILj288EjE5checkEjEs_2;unmapped-global:_ZZNK2YS7BITFLAGILj288EjE5checkEjEs_2;gdims:_ZZN2YS7BITFLAGILj288EjE3setEjEs_0;unmapped-global:_ZZN2YS7BITFLAGILj288EjE3setEjEs_0;gdims:_ZZN2YS7BITFLAGILj288EjE3setEjEs_2;unmapped-global:_ZZN2YS7BITFLAGILj288EjE3setEjEs_2;unmapped-global:LV_6	
00286d28	003b0348	416	loop	75.74	near	56.67		dropped:ErrorPrintfx3;dropped:ErrorRaisex3;this-pad:func_002811b0;gvote:m_Info->0035f2e4;globals:5ppc/1ps2;gdims:_ZZNK2YS7BITFLAGILj80EjE5checkEjEs_0;unmapped-global:_ZZNK2YS7BITFLAGILj80EjE5checkEjEs_0;gdims:_ZZNK2YS7BITFLAGILj80EjE5checkEjEs_2;unmapped-global:_ZZNK2YS7BITFLAGILj80EjE5checkEjEs_2;gdims:_ZZNK2YS7BITFLAGILj576EjE5checkEjEs_0;unmapped-global:_ZZNK2YS7BITFLAGILj576EjE5checkEjEs_0;gdims:_ZZNK2YS7BITFLAGILj576EjE5checkEjEs_2;unmapped-global:_ZZNK2YS7BITFLAGILj576EjE5checkEjEs_2	
00286ec8	003b06cc	348	loop	87.84	near	32.72		simmap:isIllegalWorld->002812e0;dropped:ErrorPrintfx1;dropped:ErrorRaisex1;gvote:m_Info->0035f2e4;globals:3ppc/1ps2;gdims:_ZZNK2YS7BITFLAGILj288EjE5checkEjEs_0;unmapped-global:_ZZNK2YS7BITFLAGILj288EjE5checkEjEs_0;gdims:_ZZNK2YS7BITFLAGILj288EjE5checkEjEs_2;unmapped-global:_ZZNK2YS7BITFLAGILj288EjE5checkEjEs_2	
00287028	003b08e4	496	loop	82.40	near	42.24		dropped:ErrorPrintfx6;dropped:ErrorRaisex6;this-pad:func_002811b0;gvote:m_Info->0035f2e4;globals:5ppc/1ps2;gdims:_ZZNK2YS7BITFLAGILj80EjE5checkEjEs_0;unmapped-global:_ZZNK2YS7BITFLAGILj80EjE5checkEjEs_0;gdims:_ZZNK2YS7BITFLAGILj80EjE5checkEjEs_2;unmapped-global:_ZZNK2YS7BITFLAGILj80EjE5checkEjEs_2;gdims:_ZZNK2YS7BITFLAGILj576EjE5checkEjEs_0;unmapped-global:_ZZNK2YS7BITFLAGILj576EjE5checkEjEs_0;gdims:_ZZNK2YS7BITFLAGILj576EjE5checkEjEs_2;unmapped-global:_ZZNK2YS7BITFLAGILj576EjE5checkEjEs_2	
00287218	003b0df8	320	loop	84.24	near	35.89		dropped:ErrorPrintfx2;dropped:ErrorRaisex2;gvote:m_Info->0035f2e4;globals:3ppc/1ps2;gdims:_ZZNK2YS7BITFLAGILj288EjE5checkEjEs_0;unmapped-global:_ZZNK2YS7BITFLAGILj288EjE5checkEjEs_0;gdims:_ZZNK2YS7BITFLAGILj288EjE5checkEjEs_2;unmapped-global:_ZZNK2YS7BITFLAGILj288EjE5checkEjEs_2	
00287358	003b1094	212	branchy	82.61	near	33.46		dropped:ErrorPrintfx4;dropped:ErrorRaisex4;this-pad:func_002811b0;globals:10ppc/0ps2;gdims:_ZZNK2YS7BITFLAGILj80EjE5checkEjEs_0;unmapped-global:_ZZNK2YS7BITFLAGILj80EjE5checkEjEs_0;gdims:_ZZNK2YS7BITFLAGILj80EjE5checkEjEs_2;unmapped-global:_ZZNK2YS7BITFLAGILj80EjE5checkEjEs_2;gdims:_ZZN2YS7BITFLAGILj80EjE3setEjEs_0;unmapped-global:_ZZN2YS7BITFLAGILj80EjE3setEjEs_0;gdims:_ZZN2YS7BITFLAGILj80EjE3setEjEs_2;unmapped-global:_ZZN2YS7BITFLAGILj80EjE3setEjEs_2;unmapped-global:LV_2;gdims:_ZZNK2YS7BITFLAGILj576EjE5checkEjEs_0;unmapped-global:_ZZNK2YS7BITFLAGILj576EjE5checkEjEs_0;gdims:_ZZNK2YS7BITFLAGILj576EjE5checkEjEs_2;unmapped-global:_ZZNK2YS7BITFLAGILj576EjE5checkEjEs_2;gdims:_ZZN2YS7BITFLAGILj576EjE3setEjEs_0;unmapped-global:_ZZN2YS7BITFLAGILj576EjE3setEjEs_0;gdims:_ZZN2YS7BITFLAGILj576EjE3setEjEs_2;unmapped-global:_ZZN2YS7BITFLAGILj576EjE3setEjEs_2;unmapped-global:LV_4	
002875e8	0065f020	312	loop	98.97	near	53.57		positional:_sprintf->002fee78;dropped:ErrorPrintfx2;dropped:ErrorRaisex2;this-pad:func_002361a0;this-pad:func_0023f800;this-pad:func_00239700;this-pad:func_0023fa90;this-pad:func_0023f988;this-pad:func_00138650;gvote:sm_manager_ptr->00347f80;gvote:Lang->0033caf4;globals:9ppc/7ps2;gdims:filename;gdims:__LNst__ZN2Tz8Mg2DTronC1Ev_0;gdims:_ZZN2dk5Obj2DnwEjEs_0;gdims:_ZZN2dk5Obj2DnwEjEs_2;unmapped-global:_ZZN2dk5Obj2DnwEjEs_2;unmapped-global:LV_0	
00287760	0065f408	64	straight	83.00	near	42.84		positional:Leave->002878c8;arity-pad:func_002878c8;this-pad:func_0023f848	
00287df0	0036dc2c	200	branchy	69.02	near	69.76			
00287f30	0036d568	92	loop	94.62	near	0.0		gvote:m_Pad->0035f324	
002880b8	0036ecd0	264	straight	89.67	near	53.65		dropped:ErrorPrintfx1;dropped:ErrorRaisex1;arity-pad:func_0023f800;this-pad:func_00239700;this-pad:func_002369a0;this-pad:func_0023c008;this-pad:func_00102818;gvote:m_NextMenu->0035f32c;gvote:m_NextMenu2->0035f32e;gvote:sm_manager_ptr->00347f80;gvote:m_Fade->0035f338;gvote:s_isMenuRunning->0035f328;globals:13ppc/11ps2;gdims:_ZZN2dk5Obj2DnwEjEs_0;gdims:_ZZN2dk5Obj2DnwEjEs_2;unmapped-global:_ZZN2dk5Obj2DnwEjEs_2;unmapped-global:LV_0	
00288670	0036f198	224	branchy	79.70	near	54.96		dropped:ErrorPrintfx3;dropped:ErrorRaisex3;this-pad:func_0023c4b8;this-pad:func_00236ca8;this-pad:func_001386e0;gvote:m_Fade->0035f338;gvote:m_Func->0035f344;globals:8ppc/5ps2;gdims:__LNst__ZN2Tz9MenuBasic10isLoopFadeEv_3;unmapped-global:__LNst__ZN2Tz9MenuBasic10isLoopFadeEv_3;gdims:LS_60_LV_8;unmapped-global:LS_60_LV_8;gdims:__LNst__ZN2Tz9MenuBasic9StartFadeEPFvvE_2;unmapped-global:__LNst__ZN2Tz9MenuBasic9StartFadeEPFvvE_2;fix-assign-cast	
00288ce0	00381488	156	loop	45.26	near	17.02		dropped:ErrorPrintfx1;dropped:ErrorRaisex1;globals:3ppc/0ps2;gdims:__LNst__ZN2Tz6Select3SetEPNS_8MenuItemEiPKsS4__0;unmapped-global:__LNst__ZN2Tz6Select3SetEPNS_8MenuItemEiPKsS4__0;gdims:__LNst__ZN2Tz6Select5AllocEj_3;unmapped-global:__LNst__ZN2Tz6Select5AllocEj_3;gdims:LS_70_LV_6;unmapped-global:LS_70_LV_6	
00288d80	003815fc	136	straight	69.71	near	68.38		arity-pad:func_00252098	
00288e08	0038169c	124	straight	82.45	near	82.45		this-pad:func_0023aa98;this-pad:func_00138c68	
00289038	00381b5c	168	branchy	86.26	near	42.21		dropped:ErrorPrintfx4;dropped:ErrorRaisex2;this-pad:func_00138c10;globals:3ppc/0ps2;gdims:__LNst__ZN2Tz6Select10SetSeqDataEiPsS1__0;unmapped-global:__LNst__ZN2Tz6Select10SetSeqDataEiPsS1__0;gdims:__LNst__ZN2Tz6Select5AllocEj_3;unmapped-global:__LNst__ZN2Tz6Select5AllocEj_3;gdims:LS_82_LV_10;unmapped-global:LS_82_LV_10	
002891f0	00381e1c	264	branchy	96.03	near	59.79		dropped:ErrorPrintfx2;dropped:ErrorRaisex2;arity-pad:func_00289b30;this-pad:func_00138c10;globals:5ppc/0ps2;gdims:__LNst__ZN2Tz6Select15isSelectDisableEi_0;unmapped-global:__LNst__ZN2Tz6Select15isSelectDisableEi_0;gdims:__LNst__ZN2Tz6Select5AllocEj_3;unmapped-global:__LNst__ZN2Tz6Select5AllocEj_3;gdims:LS_59_LV_4;unmapped-global:LS_59_LV_4;gdims:__LNst__ZN2Tz6Select10SetCurrentEibii_0;unmapped-global:__LNst__ZN2Tz6Select10SetCurrentEibii_0;gdims:LS_90_LV_12;unmapped-global:LS_90_LV_12	
0028aa40	00382610	224	loop	88.62	near	38.88		this-pad:func_00138c10	
0028ab20	0038275c	192	loop	85.10	near	33.22		positional:ErrorPrintf->0028acc8;positional:ErrorRaise->0028ac98;this-pad:func_00138c10;globals:3ppc/0ps2;gdims:__LNst__ZN2Tz6Select4LoopEv_0;unmapped-global:__LNst__ZN2Tz6Select4LoopEv_0;gdims:__LNst__ZN2Tz6Select5AllocEj_3;unmapped-global:__LNst__ZN2Tz6Select5AllocEj_3;unmapped-global:LS_110_LV_13;static-unmapped	
0028abe0	00382904	184	loop	97.66	near	59.83			Tz::Select|m_SelectDisable|20|20|18;Tz::Select|m_SelectDisable|20|20|18
0028acc8	0038256c	136	loop	85.68	near	62.15			
0028ae28	00382a44	112	straight	69.86	near	50.52		dropped:ErrorPrintfx2;dropped:ErrorRaisex2;globals:3ppc/0ps2;gdims:__LNst__ZN2Tz6Select6isLoopEi_0;unmapped-global:__LNst__ZN2Tz6Select6isLoopEi_0;gdims:__LNst__ZN2Tz6Select5AllocEj_3;unmapped-global:__LNst__ZN2Tz6Select5AllocEj_3;gdims:__LNst__ZN2Tz6Select6isLoopEi_1;unmapped-global:__LNst__ZN2Tz6Select6isLoopEi_1	
0028afd0	00382c14	104	branchy	69.04	near	32.53		dropped:ErrorPrintfx2;dropped:ErrorRaisex2;arity-pad:func_00289b30;globals:5ppc/0ps2;gdims:__LNst__ZN2Tz6Select12SetSelectTopEi_0;unmapped-global:__LNst__ZN2Tz6Select12SetSelectTopEi_0;gdims:__LNst__ZN2Tz6Select5AllocEj_3;unmapped-global:__LNst__ZN2Tz6Select5AllocEj_3;unmapped-global:LS_131_LV_16;gdims:__LNst__ZN2Tz6Select15isSelectDisableEi_0;unmapped-global:__LNst__ZN2Tz6Select15isSelectDisableEi_0;gdims:LS_59_LV_4;unmapped-global:LS_59_LV_4	
0028b300	00366e0c	192	loop	88.85	near	52.05		this-pad:func_0023f1b0;this-pad:func_0023c3e0	dk::Sprite|m_sequence|18|18|8;dk::Sprite|m_sequence|18|20|10;dk::Sprite|m_sequence|18|28|18
0028b3c0	00366bd8	252	loop	95.32	near	54.94		positional:ErrorPrintf->00139d78;positional:ErrorRaise->0031ac78;this-pad:func_0023f1b0;this-pad:func_0023c3e0;this-pad:func_001396b0;this-pad:func_00138840;globals:2ppc/0ps2;gdims:__LNst__ZN2Tz6LaySeq6updateEv_1;unmapped-global:__LNst__ZN2Tz6LaySeq6updateEv_1;gdims:__LNst__ZN2Tz6LaySeq6updateEv_3;unmapped-global:__LNst__ZN2Tz6LaySeq6updateEv_3;static-unmapped	dk::Sprite|m_sequence|18|28|18
0028b520	0036718c	208	loop	85.62	near	38.32		positional:ErrorPrintf->0028b6f0;positional:ErrorRaise->0028b720;this-pad:func_0023f1b0;this-pad:func_0023c3e0;globals:2ppc/0ps2;gdims:__LNst__ZN2Tz6LaySeq6updateEv_1;unmapped-global:__LNst__ZN2Tz6LaySeq6updateEv_1;gdims:__LNst__ZN2Tz6LaySeq6updateEv_3;unmapped-global:__LNst__ZN2Tz6LaySeq6updateEv_3;static-unmapped	dk::Sprite|m_sequence|18|40|30
0028bae0	0037d678	640	float	76.36	near	70.73		positional:ErrorPrintf->0028be58;positional:ErrorRaise->0028e798;positional:setMultiNextNum->0028e798;positional:setLocalParentSeq->00313b80;arity-pad:func_0028e798;this-pad:func_0028e0d8;this-pad:func_0028e5e0;this-pad:func_0023aa58;this-pad:func_00313b80;this-pad:func_0023aa18;this-pad:func_0023aa38;this-pad:func_0028e710;this-pad:func_0028e870;this-pad:func_00139660;this-pad:func_00139688;this-pad:func_0028eb88;this-pad:func_0028e8b8;globals:2ppc/1ps2;gdims:__LNst__ZN2Tz9ScrollBar6CreateEiPvPN2YI5IMAGEEPKsiiPN2dk6SpriteEi_1;gdims:__LNst__ZN2Tz9ScrollBar6CreateEiPvPN2YI5IMAGEEPKsiiPN2dk6SpriteEi_3;unmapped-global:__LNst__ZN2Tz9ScrollBar6CreateEiPvPN2YI5IMAGEEPKsiiPN2dk6SpriteEi_3;fix-arity:func_0028e798;static-unmapped	
0028be78	0037dc10	324	float	48.14	near	50.32		this-pad:func_0028e8b8;this-pad:func_0028eb88;globals:0ppc/1ps2	Tz::ScrollBar|m_SliderSize|30|30|18
0028bfc0	0037de20	224	float	95.36	near	78.38		this-pad:func_0028eb88;this-pad:func_0028e8b8;globals:0ppc/1ps2	
0028c0a0	00372460	124	branchy	86.71	near	29.19		dropped:ErrorPrintfx2;dropped:ErrorRaisex2;arity-pad:func_00138d60;gvote:m_pri->0035f3d4;globals:7ppc/1ps2;unmapped-global:m_sp;unmapped-global:m_count;unmapped-global:__LNst__ZN2Tz8MenuItem5startEPvPN2YI5IMAGEEiii_0;gdims:__LNst__ZN2Tz8MenuItem7destroyEv_3;unmapped-global:__LNst__ZN2Tz8MenuItem7destroyEv_3;gdims:_ZZN2YS11CLASS_BLOCKIN2Tz8MenuItemELi32EE5allocEvEs_0;unmapped-global:_ZZN2YS11CLASS_BLOCKIN2Tz8MenuItemELi32EE5allocEvEs_0;gdims:_ZZN2YS11CLASS_BLOCKIN2Tz8MenuItemELi32EE5allocEvEs_2;unmapped-global:_ZZN2YS11CLASS_BLOCKIN2Tz8MenuItemELi32EE5allocEvEs_2;static-unmapped	
0028c198	003721d8	300	branchy	88.32	near	35.85		dropped:ErrorPrintfx2;dropped:ErrorRaisex2;this-pad:func_0023f1b0;this-pad:func_0023c4b8;this-pad:func_00236ca8;arity-pad:func_00138d60;gvote:m_sp->0035f3c4;gvote:m_count->0035f3cc;globals:7ppc/3ps2;unmapped-global:__LNst__ZN2Tz8MenuItem5startEiiiPNS_6LayoutEiii_0;gdims:__LNst__ZN2Tz8MenuItem7destroyEv_3;unmapped-global:__LNst__ZN2Tz8MenuItem7destroyEv_3;gdims:_ZZN2YS11CLASS_BLOCKIN2Tz8MenuItemELi32EE5allocEvEs_0;unmapped-global:_ZZN2YS11CLASS_BLOCKIN2Tz8MenuItemELi32EE5allocEvEs_0;gdims:_ZZN2YS11CLASS_BLOCKIN2Tz8MenuItemELi32EE5allocEvEs_2;unmapped-global:_ZZN2YS11CLASS_BLOCKIN2Tz8MenuItemELi32EE5allocEvEs_2	
0028c3f0	00372690	260	loop	93.42	near	55.62		dropped:ErrorPrintfx1;dropped:ErrorRaisex1;this-pad:func_00239700;gvote:m_sp->0035f3c4;gvote:m_count_backup->0035f3d0;gvote:m_count->0035f3cc;globals:9ppc/6ps2;gdims:__LNst__ZN2Tz8MenuItem4initEP9ALLOCATOR_0;unmapped-global:__LNst__ZN2Tz8MenuItem4initEP9ALLOCATOR_0;gdims:__LNst__ZN2Tz8MenuItem7destroyEv_3;unmapped-global:__LNst__ZN2Tz8MenuItem7destroyEv_3;unmapped-global:LS_87_LV_11;fix-assign-cast	
0028c878	003706cc	508	loop	72.46	near	25.35		dropped:ErrorPrintfx2;dropped:ErrorRaisex2;this-pad:func_00239700;gvote:m_Allocator->0035f3f8;gvote:m_PushBuff->0035f414;gvote:m_CurType->0035f400;gvote:m_DeleteFlg->0035f410;gvote:m_Type->0035f408;gvote:m_Pri->0035f40c;gvote:sm_manager_ptr->00347f80;globals:16ppc/12ps2;gdims:__LNst__ZN2Tz10MenuCursor4InitEP9ALLOCATORi_0;gdims:__LNst__ZN2Tz10MenuCursor5AllocEj_3;unmapped-global:LS_48_LV_5;gdims:_ZZN2dk5Obj2DnaEjEs_0;unmapped-global:_ZZN2dk5Obj2DnaEjEs_0;gdims:_ZZN2dk5Obj2DnaEjEs_2;unmapped-global:_ZZN2dk5Obj2DnaEjEs_2;unmapped-global:LV_0	
0028ca78	00370b44	380	loop	87.65	near	69.33		dropped:ErrorPrintfx1;dropped:ErrorRaisex1;gvote:sm_manager_ptr->00347f80;gvote:m_CurType->0035f400;gvote:m_Type->0035f408;gvote:m_Pri->0035f40c;gvote:m_Allocator->0035f3f8;gvote:m_PushBuff->0035f414;gvote:m_DeleteFlg->0035f410;globals:12ppc/9ps2;gdims:_ZZN2dk5Obj2DdaEPvEs_0;unmapped-global:_ZZN2dk5Obj2DdaEPvEs_0;gdims:_ZZN2dk5Obj2DdaEPvEs_2;unmapped-global:_ZZN2dk5Obj2DdaEPvEs_2;unmapped-global:LV_1	
0028cc78	00370dd0	320	branchy	84.76	near	44.68		dropped:ErrorPrintfx2;dropped:ErrorRaisex2;this-pad:func_0023f1b0;this-pad:func_0023c4b8;this-pad:func_00236ca8;this-pad:func_001386e0;globals:9ppc/5ps2;unmapped-global:m_DeleteFlg;gdims:__LNst__ZN2Tz10MenuCursor6DeleteEi_0;unmapped-global:__LNst__ZN2Tz10MenuCursor6DeleteEi_0;gdims:__LNst__ZN2Tz10MenuCursor5AllocEj_3;unmapped-global:__LNst__ZN2Tz10MenuCursor5AllocEj_3;gdims:__LNst__ZN2Tz10MenuCursor6DeleteEi_1;unmapped-global:__LNst__ZN2Tz10MenuCursor6DeleteEi_1;static-unmapped;variant:no_gvote	
0028ce98	003710ec	120	branchy	96.00	near	44.7		dropped:ErrorPrintfx3;dropped:ErrorRaisex3;this-pad:func_00138c10;globals:8ppc/3ps2;unmapped-global:m_CurType;gdims:__LNst__ZN2Tz10MenuCursor6DeleteEi_0;unmapped-global:__LNst__ZN2Tz10MenuCursor6DeleteEi_0;gdims:__LNst__ZN2Tz10MenuCursor5AllocEj_3;unmapped-global:__LNst__ZN2Tz10MenuCursor5AllocEj_3;gdims:__LNst__ZN2Tz10MenuCursor6DeleteEi_1;unmapped-global:__LNst__ZN2Tz10MenuCursor6DeleteEi_1;gdims:__LNst__ZN2Tz10MenuCursor7SetTypeEii_0;unmapped-global:__LNst__ZN2Tz10MenuCursor7SetTypeEii_0;static-unmapped;variant:no_gvote	
0028d008	00371708	92	branchy	93.33	near	58.34		dropped:ErrorPrintfx1;dropped:ErrorRaisex1;globals:5ppc/2ps2;unmapped-global:m_DeleteFlg;gdims:__LNst__ZN2Tz10MenuCursor6DeleteEi_0;unmapped-global:__LNst__ZN2Tz10MenuCursor6DeleteEi_0;gdims:__LNst__ZN2Tz10MenuCursor5AllocEj_3;unmapped-global:__LNst__ZN2Tz10MenuCursor5AllocEj_3;static-unmapped;variant:no_gvote	
0028d068	00371800	96	loop	96.04	near	27.98		dropped:ErrorPrintfx1;dropped:ErrorRaisex1;gvote:m_Pri->0035f40c;globals:3ppc/2ps2;gdims:__LNst__ZN2Tz10MenuCursor5AllocEj_3;unmapped-global:__LNst__ZN2Tz10MenuCursor5AllocEj_3	
0028d1c0	00367b94	224	loop	96.07	near	39.72		synth-fields:5;positional:ErrorPrintf->0028d6e8;positional:ErrorRaise->0028d188;this-pad:func_0023f1b0;this-pad:func_0023c4b8;this-pad:func_00236ca8;this-pad:func_001386e0;globals:2ppc/0ps2;unmapped-global:__LNst__ZN2Tz8LightCur6CreateEiiiPNS_6LayoutEPKsii_1;unmapped-global:__LNst__ZN2Tz8LightCur6CreateEiiiPNS_6LayoutEPKsii_3;static-unmapped;variant:no_dims	dk::Sprite|m_sequence|18|40|30
0028d320	00367788	688	float	62.38	near	57.68		stack-locals:1;positional:CalcSpline->00139d78;this-pad:func_00239d20;this-pad:func_0023a9c0;this-pad:func_0023aa18;this-pad:func_0023aa38;this-pad:func_00138cd0;this-pad:func_00138c50;this-pad:func_0023ade0	dk::Sprite|m_sequence|18|a0|10;dk::Sprite|m_sequence|18|a0|10;dk::Sprite|m_sequence|18|a0|10;dk::Sprite|m_parent|190|190|18c;dk::Sprite|m_posy|174|174|170;dk::Sprite|m_parent|190|190|18c;dk::Sprite|m_sequence|18|a0|10;dk::Sprite|m_Xoffset16x9|18c|18c|190
0028d980	0037687c	240	branchy	95.30	near	83.72		dropped:ErrorPrintfx1;dropped:ErrorRaisex1;this-pad:func_0023f1b0;this-pad:func_0023c4b8;this-pad:func_00236ca8;arity-pad:func_00138d60;globals:3ppc/0ps2;unmapped-global:__LNst__ZN2Tz8MenuUtil10CreateSprtEPN2dk6SpriteEiiiPNS_6LayoutEiiii_1;gdims:__LNst__ZN2Tz8MenuUtil10CreateSprtEPN2dk6SpriteEiiiPNS_6LayoutEiiii_3;unmapped-global:__LNst__ZN2Tz8MenuUtil10CreateSprtEPN2dk6SpriteEiiiPNS_6LayoutEiiii_3;unmapped-global:LS_37_LV_1	
0028dbf8	00376bcc	200	loop	63.66	near	47.78		dropped:ErrorPrintfx1;dropped:_printfx2;dropped:ErrorRaisex1;this-pad:func_0023f1b0;this-pad:func_0023c3e0;globals:4ppc/0ps2;gdims:__LNst__ZN2Tz8MenuUtil9GetLaySeqEPNS_6LayoutEPKsS4__0;unmapped-global:__LNst__ZN2Tz8MenuUtil9GetLaySeqEPNS_6LayoutEPKsS4__0;gdims:__LNst__ZN2Tz8MenuUtil10CreateSprtEPN2dk6SpriteEiiiPNS_6LayoutEiiii_3;unmapped-global:__LNst__ZN2Tz8MenuUtil10CreateSprtEPN2dk6SpriteEiiiPNS_6LayoutEiiii_3;gdims:LS_44_LV_2;unmapped-global:LS_44_LV_2;gdims:__LNst__ZN2Tz8MenuUtil9GetLaySeqEPNS_6LayoutEPKsS4__2;unmapped-global:__LNst__ZN2Tz8MenuUtil9GetLaySeqEPNS_6LayoutEPKsS4__2	
0028dcc0	00376d60	104	branchy	95.93	near	61.04		arity-pad:func_001396b0;arity-pad:func_00139660;arity-pad:func_00139688	
0028dd90	00376e94	68	branchy	59.30	near	43.0		dropped:ErrorPrintfx3;dropped:ErrorRaisex1	
0028de08	00376fdc	232	loop	86.16	near	54.91		stack-locals:1;positional:ErrorPrintf->00192048;positional:ErrorRaise->002fdd68;this-pad:func_00192a80;this-pad:func_00192b30;globals:3ppc/1ps2;unmapped-global:__LNst__ZN2Tz8MenuUtil10CreateSprtEPN2dk6SpriteEiiiPNS_6LayoutEiiii_3;unmapped-global:LS_50_LV_3;static-unmapped;variant:no_dims	
0028def0	0037712c	220	loop	82.29	near	72.84		stack-locals:1;this-pad:func_00192b30;globals:0ppc/1ps2	
0028e2a8	00378ad4	164	loop	93.39	near	44.47		unmapped-call:InitWork;dropped:InitWorkx1;this-pad:func_001391c8;this-pad:func_00239700;arity-pad:func_0028e3b8	
0028e350	003788a8	100	loop	85.00	near	51.72		synth-fields:2;this-pad:func_00239870;globals:2ppc/0ps2;unmapped-global:0x74a788;unmapped-global:0x743ef8;static-unmapped	Tz::MultiSeq|m_Pos|1c|20|10
0028e560	00378ea0	128	loop	95.88	near	62.83		dropped:ErrorPrintfx2;dropped:ErrorRaisex2;arity-pad:func_0028e438;globals:4ppc/0ps2;gdims:__LNst__ZN2Tz8MultiSeq6setNumEiii_1;unmapped-global:__LNst__ZN2Tz8MultiSeq6setNumEiii_1;gdims:__LNst__ZN2Tz8MultiSeq6setNumEiii_3;unmapped-global:__LNst__ZN2Tz8MultiSeq6setNumEiii_3;gdims:LS_75_LV_10;unmapped-global:LS_75_LV_10;gdims:__LNst__ZN2Tz8MultiSeq11setMultiNumEPsii_0;unmapped-global:__LNst__ZN2Tz8MultiSeq11setMultiNumEPsii_0	
0028e710	003784c8	52	straight	98.46	near	71.94		dropped:ErrorPrintfx1;dropped:ErrorRaisex1;globals:3ppc/0ps2;gdims:__LNst__ZN2Tz8MultiSeq6setNumEiii_1;unmapped-global:__LNst__ZN2Tz8MultiSeq6setNumEiii_1;gdims:__LNst__ZN2Tz8MultiSeq6setNumEiii_3;unmapped-global:__LNst__ZN2Tz8MultiSeq6setNumEiii_3;gdims:LS_52_LV_4;unmapped-global:LS_52_LV_4	
0028ebf8	00377d60	500	float	82.23	near	61.88		this-pad:func_00239d10;this-pad:func_00139570;this-pad:func_00239f18;this-pad:func_00239f78;this-pad:func_00239eb8;this-pad:func_0023acd8;this-pad:func_00239d30;arity-pad:func_0028e438	Tz::MultiSeq|m_SeqCnt|18|18|c;Tz::MultiSeq|m_Info|38|38|18
0028f280	0037e2b8	356	loop	89.70	compile	0.0	0028f280.cpp:733: `struct	dropped:ErrorPrintfx1;dropped:ErrorRaisex1;this-pad:func_00239700;this-pad:func_0028d0f8;gvote:m_SeqBuff->0035f480;gvote:m_SeqNum->0035f468;gvote:m_SeqNum2->0035f470;gvote:m_LightSeqNum->0035f478;globals:13ppc/9ps2;unmapped-global:light;unmapped-global:__LNst__ZN2Tz7SelHist4InitEiiPNS_6LayoutEPKsS4__1;gdims:__LNst__ZN2Tz7SelHist4InitEiiPNS_6LayoutEPKsS4__3;unmapped-global:__LNst__ZN2Tz7SelHist4InitEiiPNS_6LayoutEPKsS4__3;gdims:LS_38_LV_1;unmapped-global:LS_38_LV_1	
0028f3e8	0037e4dc	180	loop	75.31	near	51.7		this-pad:func_00239870;gvote:m_SeqBuff->0035f480;globals:7ppc/5ps2;unmapped-global:0x744210;unmapped-global:0x743ef8;fix-assign-cast;static-unmapped	
0028f4d8	0037e8f8	436	branchy	88.71	near	56.23		dropped:ErrorPrintfx2;dropped:ErrorRaisex2;this-pad:func_0023f1b0;this-pad:func_0023c4b8;this-pad:func_00236ca8;arity-pad:func_00138d60;this-pad:func_0023aa98;this-pad:func_00138c68;this-pad:func_00139620;this-pad:func_0028d1c0;this-pad:func_002756f8;gvote:m_SeqBuff->0035f480;gvote:m_SeqNum2->0035f470;gvote:m_SeqNum->0035f468;gvote:m_pri->0035f3d4;gvote:0xb5e4ac->0035f478;gdims:m_SeqNum2;gdims:m_SeqNum;gdims:__LNst__ZN2Tz7SelHist4InitEiiPNS_6LayoutEPKsS4__3;gdims:__LNst__ZN2Tz7SelHist6CreateEiib_1	
0028f6f0	0037ebec	176	branchy	93.40	near	39.69		positional:ErrorPrintf->00139d78;positional:ErrorRaise->0028f690;this-pad:func_00138c10;this-pad:func_0028d5d0;gvote:m_SeqBuff->0035f480;globals:5ppc/1ps2;gdims:__LNst__ZN2Tz7SelHist6CreateEiib_1;unmapped-global:__LNst__ZN2Tz7SelHist6CreateEiib_1;gdims:__LNst__ZN2Tz7SelHist4InitEiiPNS_6LayoutEPKsS4__3;unmapped-global:__LNst__ZN2Tz7SelHist4InitEiiPNS_6LayoutEPKsS4__3;unmapped-global:m_SeqNum;gdims:m_SeqNum2;unmapped-global:m_SeqNum2;static-unmapped	
0028f878	0037eed0	180	loop	82.16	near	83.2		this-pad:func_00139510;gvote:m_SeqBuff->0035f480;raw-view:6	
0028f930	0037efe0	168	loop	73.48	near	37.16		dropped:ErrorPrintfx1;dropped:ErrorRaisex1;gvote:m_SeqBuff->0035f480;globals:3ppc/1ps2;gdims:__LNst__ZN2Tz7SelHist6SetMsgEiPKN2YS7MESSAGEE_0;unmapped-global:__LNst__ZN2Tz7SelHist6SetMsgEiPKN2YS7MESSAGEE_0;gdims:__LNst__ZN2Tz7SelHist4InitEiiPNS_6LayoutEPKsS4__3;unmapped-global:__LNst__ZN2Tz7SelHist4InitEiiPNS_6LayoutEPKsS4__3;raw-view:2	
0028fe38	0037a798	196	loop	87.55	near	39.13		stack-locals:4;positional:ErrorPrintf->00290060;positional:ErrorRaise->0028ff00;this-pad:func_001386e0;globals:2ppc/0ps2;gdims:__LNst__ZN2Tz9MunnyDraw6CreateEiPvPN2YI5IMAGEEi_1;unmapped-global:__LNst__ZN2Tz9MunnyDraw6CreateEiPvPN2YI5IMAGEEi_1;gdims:__LNst__ZN2Tz9MunnyDraw6CreateEiPvPN2YI5IMAGEEi_3;unmapped-global:__LNst__ZN2Tz9MunnyDraw6CreateEiPvPN2YI5IMAGEEi_3;static-unmapped	
00290668	0031f528	156	straight	85.74	near	68.71		dropped:ErrorPrintfx1;dropped:ErrorRaisex1;this-pad:func_002362b0;this-pad:func_002367c8;this-pad:func_001386e0;globals:2ppc/0ps2;gdims:__LNst__ZN2Tz7HelpGra6createEPvS1_i_1;unmapped-global:__LNst__ZN2Tz7HelpGra6createEPvS1_i_1;gdims:__LNst__ZN2Tz7HelpGra6createEPvS1_i_3;unmapped-global:__LNst__ZN2Tz7HelpGra6createEPvS1_i_3;raw-view:2	
00290d68	00323df8	524	loop	85.66	compile	0.0	00290d68.cpp:715: redeclaration	positional:ErrorPrintf->00291370;positional:ErrorRaise->00139d78;this-pad:func_0023aa18;this-pad:func_0023aa38;this-pad:func_00139620;this-pad:func_001395f8;arity-pad:func_00138c68;globals:3ppc/0ps2;unmapped-global:m_Lay;gdims:__LNst__ZN2Tz8ItemStat10GetFontSeqEi_3;unmapped-global:__LNst__ZN2Tz8ItemStat10GetFontSeqEi_3;unmapped-global:LS_47_LV_1;raw-view:5;fix-hdmember:dk_SpriteMessage.m_Xoffset16x9;fix-hdmember:dk_SpriteMessage.m_Xoffset16x9	
00291110	00326468	228	straight	91.95	near	83.35		dropped:ErrorPrintfx1;dropped:ErrorRaisex1;arity-pad:func_00290d68;arity-pad:func_00290f78;arity-pad:func_00291380;arity-pad:func_00291510;arity-pad:func_00291918;arity-pad:func_00291ba8;globals:3ppc/0ps2;gdims:__LNst__ZN2Tz8ItemStat13UpdateNewItemEiiii_0;unmapped-global:__LNst__ZN2Tz8ItemStat13UpdateNewItemEiiii_0;gdims:__LNst__ZN2Tz8ItemStat10GetFontSeqEi_3;unmapped-global:__LNst__ZN2Tz8ItemStat10GetFontSeqEi_3;gdims:LS_81_LV_7;unmapped-global:LS_81_LV_7	
00291380	00324260	292	branchy	81.84	near	32.55		this-pad:func_001a8190;globals:2ppc/0ps2;unmapped-global:param;unmapped-global:LS_50_s_Type;static-unmapped;variant:no_dims	
00291510	00324460	1032	switch	76.20	near	42.11		positional:ErrorPrintf->002924d0;positional:ErrorRaise->00192048;this-pad:func_001a8190;arity-pad:func_0023aa18;arity-pad:func_0023aa38;arity-pad:func_00138c10;arity-pad:func_0023aa78;arity-pad:func_00138c68;globals:3ppc/6ps2;raw-view:4;fix-assign-cast	Tz::ItemStat|m_Info|0|40|20;Tz::ItemStat|m_Info|0|48|28;Tz::ItemStat|m_Info|0|50|30;Tz::ItemStat|m_Info|0|58|38;Tz::ItemStat|m_Info|0|80|60;Tz::ItemStat|m_Info|0|88|68;Tz::ItemStat|m_Info|0|c|14;Tz::ItemStat|m_Info|0|8|4;Tz::ItemStat|m_Info|0|8|4
00291918	003249b4	656	switch	82.32	near	22.44		dropped:ErrorPrintfx6;dropped:ErrorRaisex4;this-pad:func_001a8190;this-pad:func_0023aa18;this-pad:func_0023aa38;this-pad:func_00138c68;this-pad:func_00138c10;globals:5ppc/3ps2;gdims:__LNst__ZN2Tz8ItemStat13UpdateNewItemEiiii_0;gdims:__LNst__ZN2Tz8ItemStat10GetFontSeqEi_3;gdims:LS_54_LV_2;gdims:__LNst__ZN2Tz8ItemStat10GetFontSeqEi_1;unmapped-global:__LNst__ZN2Tz8ItemStat10GetFontSeqEi_1;unmapped-global:LS_45_LV_0;raw-view:2;fix-assign-cast	Tz::ItemStat|m_Info|0|20|10;Tz::ItemStat|m_Info|0|8|4;Tz::ItemStat|m_Info|0|10|8;Tz::ItemStat|m_Info|0|c|8;Tz::ItemStat|m_Info|0|10|8;Tz::ItemStat|m_Info|0|c|8;Tz::ItemStat|m_Info|0|c|8
00291de0	003258f4	736	switch	77.20	compile	0.0	00291de0.cpp: In function `void;    e3_00291de0(Tz_ItemStat*, int, int, int, int, int, int)':; 00291de0.cpp:2628: warning: invalid;    conversion from `const char*' to `const s8*'; 00291de0.cpp:2635: 	stack-locals:1;positional:CalcElem->00291370;positional:CalcDef->002920c0;positional:CalcWis->00291370;positional:CalcAtt->00292148;positional:CalcAp->002921d0;dropped:ErrorPrintfx6;dropped:ErrorRaisex4;this-pad:func_0023aa18;this-pad:func_0023aa38;this-pad:func_00138c68;arity-pad:func_00291370;arity-pad:func_002920c0;arity-pad:func_00292148;arity-pad:func_002921d0;this-pad:func_00138c10;gvote:LS_65_LV_4->00374520;globals:6ppc/3ps2;gdims:__LNst__ZN2Tz8ItemStat13UpdateNewItemEiiii_0;gdims:__LNst__ZN2Tz8ItemStat10GetFontSeqEi_3;gdims:LS_65_LV_4;gdims:__LNst__ZN2Tz8ItemStat13UpdateNowStatEiiiii_0;unmapped-global:__LNst__ZN2Tz8ItemStat13UpdateNowStatEiiiii_0;gdims:__LNst__ZN2Tz8ItemStat10GetFontSeqEi_1;unmapped-global:__LNst__ZN2Tz8ItemStat10GetFontSeqEi_1;unmapped-global:LS_45_LV_0;raw-view:3;fix-assign-cast	
002922e0	00325238	496	loop	88.47	near	45.63		this-pad:func_001a8190	Tz::ItemStat|m_Info|0|30|10;Tz::ItemStat|m_Info|0|38|18;Tz::ItemStat|m_Info|0|40|20;Tz::ItemStat|m_Info|0|48|28;Tz::ItemStat|m_Info|0|50|30;Tz::ItemStat|m_Info|0|58|38;Tz::ItemStat|m_Info|0|60|40;Tz::ItemStat|m_Info|0|68|48;Tz::ItemStat|m_Info|0|70|50;Tz::ItemStat|m_Info|0|78|58
002926c0	00388078	244	straight	96.72	near	54.1		dropped:ErrorPrintfx2;dropped:ErrorRaisex2;globals:14ppc/10ps2;gdims:s_FileInfo;gdims:__LNst__ZN2Tz8UnitLoad4InitEi_0;unmapped-global:__LNst__ZN2Tz8UnitLoad4InitEi_0;gdims:__LNst__ZN2Tz8UnitLoad12BackReadFaceEv_3;unmapped-global:__LNst__ZN2Tz8UnitLoad12BackReadFaceEv_3;gdims:LS_41_LV_4;unmapped-global:LS_41_LV_4;gdims:__LNst__ZN2Tz8UnitLoad4InitEi_1;unmapped-global:__LNst__ZN2Tz8UnitLoad4InitEi_1	
00292eb0	00387ea8	100	branchy	93.85	near	9.95		simmap:BackReadFace->00292fe8;positional:CreateImage->00293200;dropped:ErrorPrintfx3;dropped:ErrorRaisex1;gvote:m_EntryCnt->0035f4e0;globals:4ppc/2ps2;unmapped-global:m_Entry;unmapped-global:m_FileType;static-unmapped	
00292fe8	0038787c	236	straight	50.62	near	34.86		simmap:ReadBack->00168410;simmap:ReadBack->00168410;positional:_strstr->002ff3fc;unmapped-call:_sprintf;dropped:ErrorPrintfx4;dropped:_sprintfx1;dropped:_printfx2;dropped:ErrorRaisex4;globals:19ppc/7ps2;unmapped-global:m_BackRead;gdims:__LNst__ZN2Tz8UnitLoad12BackReadFaceEv_3;unmapped-global:__LNst__ZN2Tz8UnitLoad12BackReadFaceEv_3;gdims:LS_28_LV_3;unmapped-global:LS_28_LV_3;gdims:__LNst__ZN2Tz8UnitLoad12BackReadFaceEv_4;unmapped-global:__LNst__ZN2Tz8UnitLoad12BackReadFaceEv_4;gdims:_ZZN2Tz8UnitLoad11GetEntryNumEiEs_0;unmapped-global:_ZZN2Tz8UnitLoad11GetEntryNumEiEs_0;gdims:_ZZN2Tz8UnitLoad11GetEntryNumEiEs_2;unmapped-global:_ZZN2Tz8UnitLoad11GetEntryNumEiEs_2;unmapped-global:LV_0;gdims:_ZZN2Tz8UnitLoad11GetEntryPosEiEs_0;unmapped-global:_ZZN2Tz8UnitLoad11GetEntryPosEiEs_0;gdims:_ZZN2Tz8UnitLoad11GetEntryPosEiEs_2;unmapped-global:_ZZN2Tz8UnitLoad11GetEntryPosEiEs_2;unmapped-global:LV_1;gdims:__LNst__ZN2Tz8UnitLoad12BackReadFaceEv_5;unmapped-global:__LNst__ZN2Tz8UnitLoad12BackReadFaceEv_5;gdims:__LNst__ZN2Tz8UnitLoad12BackReadFaceEv_8;unmapped-global:__LNst__ZN2Tz8UnitLoad12BackReadFaceEv_8;static-unmapped;variant:no_gvote	
00293148	003890f0	92	loop	70.78	near	52.18			
00293240	0038a5f8	180	loop	35.78	near	45.69		gvote:m_Info->0035f4e8;gvote:m_OrgInfo->0035f4ec;globals:3ppc/2ps2;unmapped-global:m_Pause;fix-assign-cast;fix-assign-cast;static-unmapped	
002933d8	0038a740	292	loop	80.08	near	32.82		dropped:ErrorPrintfx1;dropped:ErrorRaisex1;gvote:m_Info->0035f4e8;gvote:m_OrgInfo->0035f4ec;globals:5ppc/3ps2;gdims:__LNst__ZN2Tz9ChgWeapon3SetEiiiPNS0_4InfoE_1;gdims:__LNst__ZN2Tz9ChgWeapon3SetEiiiPNS0_4InfoE_3;unmapped-global:__LNst__ZN2Tz9ChgWeapon3SetEiiiPNS0_4InfoE_3;unmapped-global:LS_33_LV_0	
00293520	0038a9c4	324	loop	35.42	near	39.32		positional:is_exist->00102a38;this-pad:func_00102a38;this-pad:func_001a8c10;this-pad:func_00102818;gvote:m_Pause->0035f4f0;gvote:m_Info->0035f4e8	
00293668	0038abe4	112	loop	80.79	near	48.41		positional:is_exist->00102a38;this-pad:func_00102a38;gvote:m_Info->0035f4e8	
00293948	00389a84	448	loop	65.18	near	43.29		positional:ErrorPrintf->001a8bf8;positional:ErrorRaise->001a8bf8;arity-pad:func_001a8b28;arity-pad:func_001a8ff8;this-pad:func_00102818;this-pad:func_001a8c10;gvote:m_isCheck->0035f4f8;gvote:m_Member->0035f4f4;globals:6ppc/3ps2;gdims:__LNst__ZN2Tz9ChgMember18ChangeMemberThreadEP4TASK_1;gdims:__LNst__ZN2Tz9ChgMember18ChangeMemberThreadEP4TASK_3;unmapped-global:__LNst__ZN2Tz9ChgMember18ChangeMemberThreadEP4TASK_3;unmapped-global:LS_38_LV_2;unmapped-global:0x797b80;fix-arity:func_001a8bf8;fix-arity:func_001a8bd0;static-unmapped	
00293b70	00389e70	44	straight	58.18	exact	100.0		positional:is_exist->00102a38;this-pad:func_00102a38	
00293e00	00340258	176	loop	98.64	near	33.76		dropped:ErrorPrintfx1;dropped:ErrorRaisex1;arity-pad:func_002907c0;gvote:m_Allocator->0035f570;gvote:m_JimFile->0035f574;gvote:m_EnableChara->0035f578;globals:6ppc/5ps2;gdims:__LNst__ZN2Tz6JmInfo4InitEP9ALLOCATOR_0;gdims:__LNst__ZN2Tz6JmInfo5AllocEj_3;unmapped-global:LS_83_LV_6	
00294020	00347214	392	loop	88.32	near	0.0		dropped:ErrorPrintfx4;dropped:ErrorRaisex4;globals:7ppc/1ps2;gdims:__LNst__ZN2Tz9JmNewInfo10isAlbumNewEii_1;unmapped-global:__LNst__ZN2Tz9JmNewInfo10isAlbumNewEii_1;gdims:__LNst__ZN2Tz9JmNewInfo10isAlbumNewEii_3;unmapped-global:__LNst__ZN2Tz9JmNewInfo10isAlbumNewEii_3;gdims:LS_142_LV_18;unmapped-global:LS_142_LV_18;gdims:_ZZNK2YS7BITFLAGILj16EjE5checkEjEs_0;unmapped-global:_ZZNK2YS7BITFLAGILj16EjE5checkEjEs_0;gdims:_ZZNK2YS7BITFLAGILj16EjE5checkEjEs_2;unmapped-global:_ZZNK2YS7BITFLAGILj16EjE5checkEjEs_2;gdims:__LNst__ZN2Tz9JmNewInfo10isAlbumNewEii_4;unmapped-global:__LNst__ZN2Tz9JmNewInfo10isAlbumNewEii_4	
00294208	00340b30	96	loop	88.12	near	26.75			
00294288	003447b4	188	loop	87.85	near	27.92		dropped:ErrorPrintfx2;dropped:ErrorRaisex2;globals:6ppc/0ps2;unmapped-global:m_New;gdims:_ZZNK2YS7BITFLAGILj32EjE5checkEjEs_0;unmapped-global:_ZZNK2YS7BITFLAGILj32EjE5checkEjEs_0;gdims:_ZZNK2YS7BITFLAGILj32EjE5checkEjEs_2;unmapped-global:_ZZNK2YS7BITFLAGILj32EjE5checkEjEs_2;gdims:_ZZN2YS7BITFLAGILj32EjE3setEjEs_0;unmapped-global:_ZZN2YS7BITFLAGILj32EjE3setEjEs_0;gdims:_ZZN2YS7BITFLAGILj32EjE3setEjEs_2;unmapped-global:_ZZN2YS7BITFLAGILj32EjE3setEjEs_2;unmapped-global:LV_5;static-unmapped	
002945e8	00362c94	944	loop	81.28	near	53.85		stack-locals:4;dropped:ErrorPrintfx2;dropped:ErrorRaisex2;this-pad:func_00247bb0;this-pad:func_00288d80;this-pad:func_002891b8;this-pad:func_00139620;this-pad:func_00138c10;arity-pad:func_002891f0;this-pad:func_0028b078;this-pad:func_0028b200;this-pad:func_0028af90;this-pad:func_0028af88;this-pad:func_0028af18;this-pad:func_0028afa8;this-pad:func_0028b040;gvote:m_MenuPtr->0035f200;gvote:m_pri->0035f3d4;globals:9ppc/8ps2;gdims:__LNst__ZN2Tz10JmWorldSel9CreateGraEb_0;gdims:__LNst__ZN2Tz10JmWorldSel9FileAllocEv_3;unmapped-global:__LNst__ZN2Tz10JmWorldSel9CreateGraEb_1;raw-view:4	
00294998	00361f08	488	loop	79.70	near	48.07		this-pad:func_0028afa8;this-pad:func_002891b8;this-pad:func_0023aa78;this-pad:func_0023aa98;this-pad:func_00138c68;gvote:m_MenuPtr->0035f200	
00294b80	003632c8	708	switch	87.14	near	53.47		stack-locals:1;positional:ErrorPrintf->00287f90;positional:ErrorRaise->002945a8;positional:GetMainFrameLRMode->002945a8;this-pad:func_00289380;this-pad:func_0023f900;this-pad:func_002a1cd8;this-pad:func_0028b0e0;this-pad:func_0028af18;arity-pad:func_002945a8;this-pad:func_00289310;gvote:m_MenuPtr->0035f200;globals:5ppc/3ps2;unmapped-global:m_isCreateGra;unmapped-global:0x797938;fix-arity:func_002945a8;static-unmapped	
00294f78	003622e0	476	loop	64.36	near	33.54		dropped:ErrorPrintfx2;dropped:ErrorRaisex2;this-pad:func_0023f1b0;this-pad:func_0023c4b8;this-pad:func_0023f988;this-pad:func_002362b0;arity-pad:func_001386e0;this-pad:func_00139620;this-pad:func_002891b8;gvote:m_isFileAlloc->0035f580;gvote:m_isCreateGra->0035f581;gvote:m_pri->0035f3d4;gvote:m_ImgFile->0035f57c;gvote:m_MenuPtr->0035f200;globals:10ppc/6ps2;gdims:__LNst__ZN2Tz10JmWorldSel9CreateGraEb_0;unmapped-global:__LNst__ZN2Tz10JmWorldSel9CreateGraEb_0;gdims:__LNst__ZN2Tz10JmWorldSel9FileAllocEv_3;unmapped-global:__LNst__ZN2Tz10JmWorldSel9FileAllocEv_3;unmapped-global:LS_42_LV_1;unmapped-global:__LNst__ZN2Tz10JmWorldSel9CreateGraEb_1;raw-view:4	
00295158	00362640	204	loop	46.18	near	38.79		dropped:ErrorPrintfx1;dropped:ErrorRaisex1;globals:3ppc/0ps2;gdims:__LNst__ZN2Tz10JmWorldSel10GetCur2IdxEi_0;unmapped-global:__LNst__ZN2Tz10JmWorldSel10GetCur2IdxEi_0;gdims:__LNst__ZN2Tz10JmWorldSel9FileAllocEv_3;unmapped-global:__LNst__ZN2Tz10JmWorldSel9FileAllocEv_3;gdims:LS_46_LV_2;unmapped-global:LS_46_LV_2	
00295270	00362908	132	branchy	83.15	near	32.9		unmapped-call:SetMainFrameTitleMess;dropped:SetMainFrameTitleMessx2;this-pad:func_0028b040;globals:1ppc/0ps2;unmapped-global:m_MenuPtr;static-unmapped	
002952f8	00362790	208	loop	92.12	near	44.06		dropped:ErrorPrintfx1;dropped:ErrorRaisex1;globals:3ppc/0ps2;gdims:__LNst__ZN2Tz10JmWorldSel12GetId2CurPosEi_0;unmapped-global:__LNst__ZN2Tz10JmWorldSel12GetId2CurPosEi_0;gdims:__LNst__ZN2Tz10JmWorldSel9FileAllocEv_3;unmapped-global:__LNst__ZN2Tz10JmWorldSel9FileAllocEv_3;gdims:LS_50_LV_3;unmapped-global:LS_50_LV_3	
002953c8	00363770	100	loop	69.33	near	43.85		dropped:ErrorPrintfx1;dropped:ErrorRaisex1;globals:3ppc/0ps2;gdims:__LNst__ZN2Tz10JmWorldSel10GetId2InfoEi_0;unmapped-global:__LNst__ZN2Tz10JmWorldSel10GetId2InfoEi_0;gdims:__LNst__ZN2Tz10JmWorldSel9FileAllocEv_3;unmapped-global:__LNst__ZN2Tz10JmWorldSel9FileAllocEv_3;gdims:LS_66_LV_6;unmapped-global:LS_66_LV_6	
00295430	00363864	172	loop	72.67	near	35.54		dropped:ErrorPrintfx1;dropped:ErrorRaisex1;globals:3ppc/0ps2;gdims:__LNst__ZN2Tz10JmWorldSel10GetCur2IdxEi_0;unmapped-global:__LNst__ZN2Tz10JmWorldSel10GetCur2IdxEi_0;gdims:__LNst__ZN2Tz10JmWorldSel9FileAllocEv_3;unmapped-global:__LNst__ZN2Tz10JmWorldSel9FileAllocEv_3;gdims:LS_68_LV_7;unmapped-global:LS_68_LV_7	
002956c0	00362a28	76	straight	69.47	near	34.27		stack-locals:1;unmapped-call:GetMainFrameLRMode;dropped:GetMainFrameLRModex1	
002958b0	003586f0	1144	loop	71.45	near	49.88		stack-locals:4;positional:GetStoryLog->00288e88;arity-pad:func_00247bb0;arity-pad:func_00139620;arity-pad:func_001395f8;arity-pad:func_0023aa78;arity-pad:func_00288d80;arity-pad:func_002891b8;arity-pad:func_00138c68;arity-pad:func_002891f0;arity-pad:func_0028af88;arity-pad:func_0028af18;arity-pad:func_0028b040;gvote:m_MenuPtr->0035f200;gvote:m_pri->0035f3d4;globals:6ppc/10ps2;raw-view:7;variant:no_thispad	
00295d28	003578f0	936	switch	94.53	compile	0.0	00295d28.cpp: In function `void;    e3_00295d28()':; 00295d28.cpp:658: warning: invalid;    conversion from `void*' to `Tz_Jiminy_SeqTbl*'; 00295d28.cpp:674: warning: invalid;    conversion from `void	this-pad:func_0028afa8;this-pad:func_002891b8;this-pad:func_00138c10;this-pad:func_0028af90;gvote:m_MenuPtr->0035f200;globals:2ppc/5ps2;raw-view:2	
00296168	00358d54	1056	switch	74.60	near	46.63		stack-locals:1;positional:ErrorPrintf->0028acc8;positional:ErrorRaise->00287f90;positional:GetMainFrameLRMode->00295868;this-pad:func_00289380;this-pad:func_00139d78;this-pad:func_0023f900;this-pad:func_002a1cd8;this-pad:func_0028af18;arity-pad:func_002945e8;this-pad:func_00289310;gvote:m_MenuPtr->0035f200;globals:6ppc/5ps2;unmapped-global:s_SelMsg;fix-arity:func_002945e8;fix-arity:func_002945e8;fix-arity:func_002945e8;fix-arity:func_002945e8;fix-arity:func_002945e8;fix-arity:func_002945e8;fix-arity:func_002945e8;static-unmapped	
00296588	00359354	844	loop	74.98	near	58.14		stack-locals:4;positional:GetStoryLog->00288e88;this-pad:func_00247bb0;arity-pad:func_00139620;arity-pad:func_001395f8;this-pad:func_00288d80;this-pad:func_002891b8;this-pad:func_0028af28;gvote:m_MenuPtr->0035f200;gvote:m_pri->0035f3d4;raw-view:3;fix-assign-cast	
002969e0	00357e64	204	branchy	87.78	near	22.8		dropped:ErrorPrintfx3;dropped:ErrorRaisex3;this-pad:func_0023f900;this-pad:func_0023fa08;gvote:m_isFileAlloc->0035f590;globals:7ppc/2ps2;gdims:__LNst__ZN2Tz8JmReport9FileAllocEv_1;unmapped-global:__LNst__ZN2Tz8JmReport9FileAllocEv_1;gdims:__LNst__ZN2Tz8JmReport9FileAllocEv_3;unmapped-global:__LNst__ZN2Tz8JmReport9FileAllocEv_3;unmapped-global:LS_38_LV_0;gdims:__LNst__ZN2Tz8JmReport9FileAllocEv_4;unmapped-global:__LNst__ZN2Tz8JmReport9FileAllocEv_4;gdims:__LNst__ZN2Tz8JmReport9FileAllocEv_5;unmapped-global:__LNst__ZN2Tz8JmReport9FileAllocEv_5	
00296b80	0035808c	548	loop	65.80	near	52.39		arity-pad:func_0023aa18;arity-pad:func_0023aa38;this-pad:func_0023f1b0;this-pad:func_0023c4b8;this-pad:func_0023f988;this-pad:func_002362b0;this-pad:func_001386e0;this-pad:func_00139620;this-pad:func_00138c68;gvote:m_isFileAlloc->0035f590;gvote:m_isCreateGra->0035f591;gvote:m_pri->0035f3d4;globals:5ppc/14ps2;raw-view:6	
00296da8	003582ec	256	loop	82.28	near	0.0		stack-locals:1;dropped:ErrorPrintfx2;dropped:ErrorRaisex2;arity-pad:func_002b3ae8;globals:4ppc/0ps2;gdims:__LNst__ZN2Tz8JmReport13PadSel2SelNumEi_0;unmapped-global:__LNst__ZN2Tz8JmReport13PadSel2SelNumEi_0;gdims:__LNst__ZN2Tz8JmReport9FileAllocEv_3;unmapped-global:__LNst__ZN2Tz8JmReport9FileAllocEv_3;gdims:LS_48_LV_1;unmapped-global:LS_48_LV_1;gdims:__LNst__ZN2Tz8JmReport13PadSel2SelNumEi_1;unmapped-global:__LNst__ZN2Tz8JmReport13PadSel2SelNumEi_1;fix-arity:func_002b3ae8	
00297050	0035a940	1064	loop	71.35	near	56.75		stack-locals:4;this-pad:func_00247bb0;arity-pad:func_0028f4d8;arity-pad:func_00139620;this-pad:func_00288d80;this-pad:func_002891b8;this-pad:func_001395f8;this-pad:func_0023aa78;this-pad:func_00138c68;this-pad:func_0028af90;this-pad:func_002891f0;this-pad:func_0028afd0;this-pad:func_0023f1b0;this-pad:func_0023c4b8;this-pad:func_00236ca8;this-pad:func_0028be78;this-pad:func_0028af28;this-pad:func_0028b218;this-pad:func_0028b248;this-pad:func_0028b1e8;gvote:m_MenuPtr->0035f200;gvote:m_pri->0035f3d4;gvote:m_MessInfo->0035f594;gvote:m_SclBar->0035f214;globals:8ppc/10ps2;raw-view:4;fix-arity:func_0028f4d8	
00297478	0035a0ec	440	loop	71.09	near	60.12		arity-pad:func_0023aa78;arity-pad:func_0023aa58;this-pad:func_00192b80;gvote:m_MessInfo->0035f594	
00297630	0035ae90	580	branchy	90.32	near	71.54		positional:ErrorPrintf->0028acc8;positional:ErrorRaise->00287f90;this-pad:func_00289380;this-pad:func_00139d78;this-pad:func_0028af18;this-pad:func_0028b1e8;this-pad:func_00289310;gvote:m_MenuPtr->0035f200	
00297b30	0035a680	456	loop	54.94	near	68.65		this-pad:func_00138c10;this-pad:func_0028b040;gvote:m_MenuPtr->0035f200;gvote:m_MessInfo->0035f594;globals:2ppc/4ps2;raw-view:3	
00297e68	00328280	1156	loop	72.59	near	43.98		stack-locals:4;positional:ErrorPrintf->00288e88;positional:ErrorRaise->0028f930;this-pad:func_00247bb0;arity-pad:func_00139620;this-pad:func_0023aa78;this-pad:func_00288d80;this-pad:func_002891b8;this-pad:func_00138c68;this-pad:func_001395f8;this-pad:func_00192c90;this-pad:func_00138c10;this-pad:func_0028af90;this-pad:func_002891f0;this-pad:func_0028af28;gvote:m_isRequest->0035f5a3;gvote:m_MenuPtr->0035f200;gvote:m_pri->0035f3d4;gvote:m_AlbumInfo->0035f598;globals:14ppc/13ps2;unmapped-global:LS_41_LV_1;raw-view:3;static-unmapped;variant:no_dims	
00298410	00328df0	720	branchy	97.12	near	54.2		positional:ErrorPrintf->0028acc8;positional:ErrorRaise->00287f90;this-pad:func_00289380;this-pad:func_00139d78;this-pad:func_0023f900;this-pad:func_002a1cd8;this-pad:func_0028af18;this-pad:func_00289310;gvote:m_MenuPtr->0035f200;globals:5ppc/3ps2;unmapped-global:0x797850;unmapped-global:m_AlbumNo;static-unmapped	
002986e0	003289e8	676	loop	73.64	near	45.24		stack-locals:4;positional:ErrorPrintf->00288e88;positional:ErrorRaise->002983d8;this-pad:func_00247bb0;this-pad:func_00139620;arity-pad:func_001395f8;this-pad:func_00288d80;this-pad:func_002891b8;this-pad:func_0028af88;this-pad:func_0028af18;this-pad:func_0028af28;gvote:m_MenuPtr->0035f200;gvote:m_pri->0035f3d4;gvote:m_AlbumInfo->0035f598;globals:10ppc/8ps2;gdims:__LNst__ZN2Tz7JmAlbum12GetAlbumDataEi_1;gdims:__LNst__ZN2Tz7JmAlbum12GetAlbumDataEi_3;unmapped-global:__LNst__ZN2Tz7JmAlbum12GetAlbumDataEi_3;unmapped-global:LS_41_LV_1;raw-view:3;static-unmapped	
00298988	00329240	728	switch	79.83	near	0.0		positional:ErrorPrintf->0028acc8;positional:ErrorRaise->00287f90;this-pad:func_00289380;this-pad:func_00139d78;this-pad:func_0023f900;this-pad:func_002a1cd8;this-pad:func_0028af18;this-pad:func_00289310;gvote:m_MenuPtr->0035f200;globals:5ppc/4ps2;unmapped-global:0x797850;static-unmapped	
00298c60	0032726c	444	loop	49.67	near	36.51		dropped:ErrorPrintfx4;dropped:ErrorRaisex4;gvote:m_AlbumInfo->0035f598;globals:5ppc/3ps2;gdims:__LNst__ZN2Tz7JmAlbum12GetAlbumDataEi_1;gdims:__LNst__ZN2Tz7JmAlbum12GetAlbumDataEi_3;unmapped-global:__LNst__ZN2Tz7JmAlbum12GetAlbumDataEi_3;unmapped-global:LS_41_LV_1	
00299090	00327ba0	424	branchy	78.45	near	82.52		this-pad:func_0023f1b0;this-pad:func_0023c4b8;this-pad:func_0023f988;this-pad:func_002362b0;arity-pad:func_001386e0;this-pad:func_00139620;this-pad:func_0023aa18;this-pad:func_0023aa38;arity-pad:func_00138c68;gvote:m_isRequest->0035f5a3;gvote:m_pri->0035f3d4;gvote:m_ImgFile->0035f59c;raw-view:1	
00299290	00326fc4	372	branchy	88.77	near	63.42		dropped:ErrorPrintfx2;dropped:ErrorRaisex2;this-pad:func_0028b040;this-pad:func_002891e8;this-pad:func_00138c10;gvote:m_AlbumInfo->0035f598;gvote:m_MenuPtr->0035f200;globals:8ppc/3ps2;gdims:__LNst__ZN2Tz7JmAlbum12GetAlbumDataEi_1;unmapped-global:__LNst__ZN2Tz7JmAlbum12GetAlbumDataEi_1;gdims:__LNst__ZN2Tz7JmAlbum12GetAlbumDataEi_3;unmapped-global:__LNst__ZN2Tz7JmAlbum12GetAlbumDataEi_3;unmapped-global:LS_41_LV_1;gdims:_ZZNK2YS7BITFLAGILj16EjE5checkEjEs_0;unmapped-global:_ZZNK2YS7BITFLAGILj16EjE5checkEjEs_0;gdims:_ZZNK2YS7BITFLAGILj16EjE5checkEjEs_2;unmapped-global:_ZZNK2YS7BITFLAGILj16EjE5checkEjEs_2;raw-view:2	
002995e8	00330ab4	820	loop	82.48	near	62.1		stack-locals:4;this-pad:func_00247bb0;arity-pad:func_00139620;this-pad:func_0023aa78;this-pad:func_00288d80;this-pad:func_002891b8;this-pad:func_00138c68;this-pad:func_002891f0;this-pad:func_0028af88;this-pad:func_0028af18;this-pad:func_0028b040;gvote:m_MenuPtr->0035f200;gvote:m_pri->0035f3d4;raw-view:7	
00299920	0032fb60	1356	switch	83.78	near	9.56		positional:isPuzzlePieceHist->00192048;positional:isWorldCharaHist->002aa148;positional:isMiniGameHist->002aa148;this-pad:func_0028afa8;arity-pad:func_002b3ae8;this-pad:func_002891b8;this-pad:func_00138c10;this-pad:func_0028af90;gvote:m_MenuPtr->0035f200;globals:2ppc/5ps2;raw-view:2;fix-arity:func_002b3ae8;fix-arity:func_002b3ae8	
00299e70	00330f10	1068	switch	79.18	near	45.61		stack-locals:1;positional:GetMainFrameLRMode->0028acc8;dropped:ErrorPrintfx7;dropped:ErrorRaisex3;this-pad:func_00289380;this-pad:func_00139d78;this-pad:func_0023f900;this-pad:func_002a1cd8;this-pad:func_0028af18;arity-pad:func_0029ae40;this-pad:func_00289310;gvote:m_MenuPtr->0035f200;globals:8ppc/6ps2;gdims:__LNst__ZN2Tz12JmCollection7ControlEv_3;unmapped-global:__LNst__ZN2Tz12JmCollection7ControlEv_3;gdims:__LNst__ZN2Tz12JmCollection9FileAllocEv_3;unmapped-global:__LNst__ZN2Tz12JmCollection9FileAllocEv_3;fix-arity:func_0029ae40;fix-arity:func_0029ae40;fix-arity:func_0029ae40;fix-arity:func_0029ae40;fix-arity:func_0029ae40;fix-arity:func_0029ae40;fix-arity:func_0029ae40	
0029a3e0	00330410	524	loop	73.46	near	52.43		arity-pad:func_0023aa18;arity-pad:func_0023aa38;this-pad:func_0023f1b0;this-pad:func_0023c4b8;this-pad:func_0023f988;this-pad:func_002362b0;this-pad:func_001386e0;this-pad:func_00139620;this-pad:func_00138c68;gvote:m_isFileAlloc->0035f5a8;gvote:m_isCreateGra->0035f5a9;gvote:m_pri->0035f3d4;gvote:m_ImgFile->0035f5a4;globals:5ppc/11ps2;raw-view:6	
0029a5f0	00330664	292	loop	63.60	near	62.74		stack-locals:1;dropped:ErrorPrintfx2;dropped:ErrorRaisex2;globals:4ppc/0ps2;gdims:__LNst__ZN2Tz12JmCollection10Cur2SelNumEi_0;unmapped-global:__LNst__ZN2Tz12JmCollection10Cur2SelNumEi_0;gdims:__LNst__ZN2Tz12JmCollection9FileAllocEv_3;unmapped-global:__LNst__ZN2Tz12JmCollection9FileAllocEv_3;unmapped-global:LS_44_LV_1;gdims:__LNst__ZN2Tz12JmCollection10Cur2SelNumEi_1;unmapped-global:__LNst__ZN2Tz12JmCollection10Cur2SelNumEi_1;fix-arity:func_002a9b88;fix-arity:func_002a9b88	
0029a780	0033084c	160	branchy	54.05	near	36.49		stack-locals:1;positional:GetMainFrameLRMode->00276150	
0029a8e0	0033dc48	336	loop	94.42	near	45.15		this-pad:func_00239870;gvote:m_DicInfo->0035f5ac;gvote:m_DicSeq->0035f5b0;gvote:m_ZoomObj->0035f5bc;gvote:m_LoadObjNo->0035f5b6;globals:10ppc/8ps2;unmapped-global:m_ZoomYRot;unmapped-global:m_ReturnMode;fix-arity:func_00106420;static-unmapped	
0029aac0	0033e05c	316	branchy	90.64	near	77.4		this-pad:func_0023d820;this-pad:func_00102670;gvote:m_ZoomObj->0035f5bc;globals:4ppc/1ps2;unmapped-global:m_GlowTask;unmapped-global:sm_allocator;unmapped-global:sm_pushAllocator;static-unmapped	
0029ae40	0033e314	224	switch	90.50	near	44.8		this-pad:func_00247bb0;gvote:m_MenuPtr->0035f200	
0029af20	0033a034	1108	loop	76.14	near	13.62		stack-locals:4;positional:ErrorPrintf->0028f930;positional:ErrorRaise->0029c958;arity-pad:func_0028f4d8;arity-pad:func_00139620;arity-pad:func_0023aa78;arity-pad:func_00288d80;arity-pad:func_002891b8;arity-pad:func_00138c68;arity-pad:func_001395f8;arity-pad:func_0028af90;arity-pad:func_002891f0;arity-pad:func_0028afd0;arity-pad:func_0028b218;arity-pad:func_0028b248;arity-pad:func_0023f1b0;arity-pad:func_0023c4b8;arity-pad:func_00236ca8;arity-pad:func_0028be78;globals:11ppc/9ps2;gdims:__LNst__ZN2Tz5JmDic13SetupWorldSelEv_3;gdims:LS_69_LV_2;unmapped-global:LS_69_LV_2;unmapped-global:m_SclBar;raw-view:5;fix-arity:func_0028f4d8;static-unmapped;variant:no_gvote,no_thispad	
0029b378	0033e400	796	branchy	88.41	near	72.28		positional:ErrorPrintf->0028acc8;positional:ErrorRaise->00287f90;this-pad:func_00289380;this-pad:func_00139d78;this-pad:func_0028af18;this-pad:func_00289310;this-pad:func_002891e8;this-pad:func_0028b038;gvote:m_MenuPtr->0035f200;gvote:m_DicInfo->0035f5ac	
0029b698	0033ae1c	1008	loop	77.65	near	65.52		stack-locals:4;arity-pad:func_0028f4d8;arity-pad:func_00139620;this-pad:func_0023aa78;this-pad:func_00288d80;this-pad:func_002891b8;this-pad:func_00138c68;this-pad:func_001395f8;this-pad:func_0028af90;this-pad:func_002891f0;this-pad:func_0028afd0;this-pad:func_0028b218;this-pad:func_0028b248;this-pad:func_0028af28;this-pad:func_0023f1b0;this-pad:func_0023c4b8;this-pad:func_00236ca8;this-pad:func_0028be78;gvote:m_pri->0035f3d4;gvote:m_MenuPtr->0035f200;gvote:m_DicInfo->0035f5ac;gvote:m_SclBar->0035f214;globals:7ppc/9ps2;raw-view:5;fix-arity:func_0028f4d8;fix-arity:func_0028f4d8	
0029ba88	0033e7a8	892	branchy	84.91	near	73.66		positional:ErrorPrintf->0028acc8;positional:ErrorRaise->00287f90;this-pad:func_00289380;this-pad:func_00139d78;this-pad:func_0028af18;this-pad:func_00289310;this-pad:func_002891e8;this-pad:func_0028b038;gvote:m_MenuPtr->0035f200	
0029c098	0033eb88	1328	switch	73.64	near	5.24		positional:ErrorPrintf->00287bd0;positional:ErrorRaise->00287f90;arity-pad:func_00289380;arity-pad:func_0028af18;arity-pad:func_0028b1e8;arity-pad:func_00102670;arity-pad:func_0028af88;arity-pad:func_00139510;arity-pad:func_00289310;gvote:m_MenuPtr->0035f200;globals:13ppc/4ps2;gdims:__LNst__ZN2Tz5JmDic15CreateCharaBaseEi_0;gdims:__LNst__ZN2Tz5JmDic13SetupWorldSelEv_3;gdims:LS_100_LV_10;unmapped-global:m_GlowTask;unmapped-global:sm_allocator;unmapped-global:sm_pushAllocator;unmapped-global:m_ReturnMode;unmapped-global:m_SeqUnit;unmapped-global:m_ImgUnit;unmapped-global:m_Lay;gdims:LS_121_LV_13;unmapped-global:LS_121_LV_13;unmapped-global:0x7978c0;raw-view:7;static-unmapped;variant:no_thispad	
0029c5c8	0033f394	696	switch	88.67	compile	0.0	0029c5c8.cpp:655: no match for	positional:ErrorPrintf->0029e2f8;positional:ErrorRaise->0029e2f8;this-pad:func_00289380;this-pad:func_00139510;this-pad:func_0028af18;this-pad:func_0028af28;this-pad:func_0028af88;this-pad:func_0028b1e8;this-pad:func_0028afa8;this-pad:func_0028b218;this-pad:func_0028b248;this-pad:func_00289310;gvote:m_MenuPtr->0035f200;gvote:m_DicInfo->0035f5ac;globals:6ppc/3ps2;gdims:__LNst__ZN2Tz5JmDic15CreateCharaBaseEi_0;gdims:__LNst__ZN2Tz5JmDic13SetupWorldSelEv_3;unmapped-global:__LNst__ZN2Tz5JmDic13SetupWorldSelEv_3;gdims:LS_100_LV_10;unmapped-global:LS_100_LV_10;gdims:LS_121_LV_13;unmapped-global:LS_121_LV_13;raw-view:12;fix-arity:func_0029e2f8;fix-arity:func_0029e2f8;fix-arity:func_0029e2f8	
0029c880	0033f9a0	212	loop	80.33	near	40.2		stack-locals:1;positional:_strstr->00287bd0;positional:SetFname->0029dd00;dropped:ErrorPrintfx1;dropped:ErrorRaisex1;gvote:m_DicInfo->0035f5ac;globals:5ppc/2ps2;gdims:__LNst__ZN2Tz5JmDic11SetSelWorldEi_0;unmapped-global:__LNst__ZN2Tz5JmDic11SetSelWorldEi_0;gdims:__LNst__ZN2Tz5JmDic13SetupWorldSelEv_3;unmapped-global:__LNst__ZN2Tz5JmDic13SetupWorldSelEv_3;gdims:LS_149_LV_21;unmapped-global:LS_149_LV_21	
0029c9d8	0033cc28	120	loop	73.00	near	55.56		dropped:ErrorPrintfx1;dropped:ErrorRaisex1;this-pad:func_0028b040;gvote:m_MenuPtr->0035f200;gvote:m_DicInfo->0035f5ac;globals:5ppc/2ps2;gdims:__LNst__ZN2Tz5JmDic12GetCur2WorldEi_0;unmapped-global:__LNst__ZN2Tz5JmDic12GetCur2WorldEi_0;gdims:__LNst__ZN2Tz5JmDic13SetupWorldSelEv_3;unmapped-global:__LNst__ZN2Tz5JmDic13SetupWorldSelEv_3;gdims:LS_105_LV_11;unmapped-global:LS_105_LV_11	
0029ca50	0033ac98	212	loop	88.61	near	64.11		dropped:ErrorPrintfx1;dropped:ErrorRaisex1;gvote:m_DicInfo->0035f5ac;globals:4ppc/1ps2;gdims:__LNst__ZN2Tz5JmDic11GetCharaIdxEv_0;unmapped-global:__LNst__ZN2Tz5JmDic11GetCharaIdxEv_0;gdims:__LNst__ZN2Tz5JmDic13SetupWorldSelEv_3;unmapped-global:__LNst__ZN2Tz5JmDic13SetupWorldSelEv_3;gdims:LS_75_LV_4;unmapped-global:LS_75_LV_4	
0029cb28	0033cd24	580	loop	78.25	near	28.31		gvote:m_DicInfo->0035f5ac;globals:1ppc/3ps2	
0029cdf8	00339dc4	528	loop	74.32	near	55.8		positional:isWorldCharaHist->002fde18;this-pad:func_0028b038;this-pad:func_0028be78;this-pad:func_00138c10;this-pad:func_0028afa8;this-pad:func_00192c90;this-pad:func_002891b8;gvote:m_MenuPtr->0035f200;gvote:m_SclBar->0035f214;gvote:m_DicInfo->0035f5ac;globals:3ppc/5ps2;raw-view:3;fix-assign-cast	
0029d008	0033a8d4	784	loop	86.94	near	15.73		stack-locals:1;simmap:MakeQuestionStr->0028def0;positional:decode->00192048;this-pad:func_00138c10;this-pad:func_0028b038;this-pad:func_0028be78;this-pad:func_002891b8;this-pad:func_0028afa8;this-pad:func_00192a80;gvote:m_MenuPtr->0035f200;gvote:m_SclBar->0035f214;gvote:m_DicInfo->0035f5ac;globals:3ppc/6ps2;fix-assign-cast;fix-assign-cast	
0029d318	0033b468	1872	loop	62.99	compile	0.0	0029d318.cpp:919: cannot	positional:ErrorPrintf->0029da68;positional:ErrorRaise->00192048;positional:decode->00192048;arity-pad:func_00192048;arity-pad:func_00139620;arity-pad:func_0023aa18;arity-pad:func_0023aa38;arity-pad:func_0023aa58;arity-pad:func_001395f8;arity-pad:func_00138c68;arity-pad:func_0023aa78;this-pad:func_00192b80;this-pad:func_0028af90;this-pad:func_002891f0;this-pad:func_0028afd0;this-pad:func_0028b218;this-pad:func_0028b248;arity-pad:func_001b90a8;gvote:m_DicInfo->0035f5ac;gvote:m_pri->0035f3d4;gvote:m_DicSeq->0035f5b0;gvote:m_MenuPtr->0035f200;globals:13ppc/14ps2;gdims:__LNst__ZN2Tz5JmDic12GetCharaInfoEi_0;gdims:__LNst__ZN2Tz5JmDic13SetupWorldSelEv_3;gdims:LS_80_LV_5;gdims:s_FaceBaseSeqNum;gdims:__LNst__ZN2Tz5JmDic15CreateCharaInfoEv_1;gdims:LS_82_LV_6;raw-view:16;fix-arity:func_00192048;fix-assign-cast;fix-assign-cast;fix-assign-cast	
0029dba0	0033d004	352	straight	73.75	near	72.11		arity-pad:func_0028b040;arity-pad:func_0014b950;arity-pad:func_0014b9a8;arity-pad:func_0023aa58;arity-pad:func_0023aa78;arity-pad:func_001a98e8;arity-pad:func_001aa6d0;arity-pad:func_001a9ae8;gvote:m_MenuPtr->0035f200;gvote:m_Scissor->0035f224;gvote:m_DicSeq->0035f5b0;globals:3ppc/4ps2;variant:no_thispad	
0029de18	0033d2e4	384	branchy	78.42	near	65.8		positional:ErrorPrintf->0029da68;positional:ErrorRaise->00139d78;this-pad:func_0023f1b0;this-pad:func_0023c4b8;this-pad:func_002362b0;arity-pad:func_001386e0;this-pad:func_00139620;this-pad:func_0023aa18;this-pad:func_0023aa38;arity-pad:func_00138c68;globals:6ppc/3ps2;unmapped-global:LS_80_LV_5;unmapped-global:m_pri;unmapped-global:m_Lay;raw-view:1;static-unmapped;variant:no_dims,no_gvote	
0029e170	0033c3f4	228	branchy	87.16	near	57.63		stack-locals:1;dropped:ErrorPrintfx1;dropped:ErrorRaisex1;this-pad:func_00138cb8;arity-pad:func_00138c68;gvote:m_pri->0035f3d4;globals:7ppc/4ps2;gdims:__LNst__ZN2Tz5JmDic15CreateCharaBaseEi_0;unmapped-global:__LNst__ZN2Tz5JmDic15CreateCharaBaseEi_0;gdims:__LNst__ZN2Tz5JmDic13SetupWorldSelEv_3;unmapped-global:__LNst__ZN2Tz5JmDic13SetupWorldSelEv_3;gdims:LS_94_LV_7;unmapped-global:LS_94_LV_7;raw-view:1	
0029e430	0033c5b0	148	branchy	92.97	near	50.56		positional:ErrorPrintf->00139d78;positional:ErrorRaise->00139d78;this-pad:func_0023d820;gvote:m_ZoomObj->0035f5bc;gvote:m_LoadObjNo->0035f5b6;globals:6ppc/3ps2;unmapped-global:__LNst__ZN2Tz5JmDic13SetupWorldSelEv_3;unmapped-global:LS_96_LV_8;unmapped-global:m_MonoType;fix-arity:func_00139d78;static-unmapped;variant:no_dims	
0029e4c8	0033c6e0	740	float	82.56	near	51.98		positional:ErrorPrintf->0029e2f8;positional:ErrorRaise->0029da68;arity-pad:func_0023d808;arity-pad:func_0023e858;arity-pad:func_0023e8d8;arity-pad:func_0023e918;arity-pad:func_0023e9c8;arity-pad:func_0023ec38;arity-pad:func_0023eb50;arity-pad:func_0023e660;globals:14ppc/4ps2;gdims:__LNst__ZN2Tz5JmDic15CreateCharaBaseEi_0;gdims:__LNst__ZN2Tz5JmDic13SetupWorldSelEv_3;gdims:LS_100_LV_10;gdims:__LNst__ZN2Tz5JmDic12GetCharaInfoEi_0;unmapped-global:__LNst__ZN2Tz5JmDic12GetCharaInfoEi_0;gdims:LS_80_LV_5;unmapped-global:LS_80_LV_5;unmapped-global:m_LoadObjNo;gdims:__LNst__ZN2Tz5JmDic13CrearCharaObjEv_0;unmapped-global:__LNst__ZN2Tz5JmDic13CrearCharaObjEv_0;gdims:LS_98_LV_9;unmapped-global:LS_98_LV_9;unmapped-global:m_MonoType;unmapped-global:m_ZoomObj;gdims:LS_92_s_entry;unmapped-global:LS_92_s_entry;gdims:LS_91_s_AnimTbl;unmapped-global:LS_91_s_AnimTbl;unmapped-global:DAT_00717338;raw-view:2;static-unmapped;variant:no_gvote	
0029e808	0033d570	328	float	60.27	compile	0.0	0029e808.cpp:1544: pointer	stack-locals:1;positional:ErrorPrintf->0029da68;positional:ErrorRaise->0029ec40;this-pad:func_0023e788;this-pad:func_0023e8d8;gvote:m_DicInfo->0035f5ac;gvote:m_ZoomObj->0035f5bc;gdims:__LNst__ZN2Tz5JmDic12GetCharaInfoEi_0;gdims:__LNst__ZN2Tz5JmDic13SetupWorldSelEv_3;gdims:LS_80_LV_5;gdims:LS_127_s_entry	
0029eaa8	0033a63c	408	switch	87.84	near	33.59		dropped:ErrorPrintfx2;dropped:ErrorRaisex2;this-pad:func_002891e8;this-pad:func_00138c10;gvote:m_DicInfo->0035f5ac;gvote:m_MenuPtr->0035f200;globals:7ppc/3ps2;gdims:__LNst__ZN2Tz5JmDic13UpdateNewMarkEv_0;gdims:__LNst__ZN2Tz5JmDic13SetupWorldSelEv_3;unmapped-global:__LNst__ZN2Tz5JmDic13SetupWorldSelEv_3;gdims:LS_71_LV_3;unmapped-global:LS_71_LV_3;gdims:_ZZNK2YS7BITFLAGILj512EjE5checkEjEs_0;unmapped-global:_ZZNK2YS7BITFLAGILj512EjE5checkEjEs_0;gdims:_ZZNK2YS7BITFLAGILj512EjE5checkEjEs_2;unmapped-global:_ZZNK2YS7BITFLAGILj512EjE5checkEjEs_2;raw-view:2	
0029ecf0	0033d7c8	196	switch	97.16	near	12.58		gvote:m_DicInfo->0035f5ac;globals:1ppc/2ps2	
0029ee68	0032b508	952	loop	73.31	near	42.72		stack-locals:4;arity-pad:func_0028f4d8;arity-pad:func_00139620;this-pad:func_0023aa78;this-pad:func_00288d80;this-pad:func_002891b8;this-pad:func_00138c68;this-pad:func_001395f8;arity-pad:func_002891f0;this-pad:func_0028af90;arity-pad:func_0028afd0;this-pad:func_0028b218;this-pad:func_0028b248;this-pad:func_0023f1b0;this-pad:func_0023c4b8;this-pad:func_00236ca8;gvote:m_pri->0035f3d4;gvote:m_ReportInfo->0035f5d0;gvote:m_MenuPtr->0035f200;gvote:m_SclBar->0035f214;raw-view:5;fix-arity:func_0028f4d8	
0029f220	0032b9e4	764	branchy	87.44	near	67.05		positional:ErrorPrintf->0028acc8;positional:ErrorRaise->00287f90;this-pad:func_00289380;this-pad:func_00139d78;this-pad:func_0028af18;this-pad:func_00289310;this-pad:func_002891e8;this-pad:func_0028b038;gvote:m_MenuPtr->0035f200	
0029f520	00329ef0	1044	loop	74.79	near	56.91		stack-locals:4;positional:ErrorPrintf->002a01c8;positional:ErrorRaise->00192048;this-pad:func_00139620;this-pad:func_00288d80;this-pad:func_002891b8;this-pad:func_001395f8;this-pad:func_0023aa78;this-pad:func_00192b80;this-pad:func_0028af90;this-pad:func_002891f0;this-pad:func_0028afd0;this-pad:func_0023f1b0;this-pad:func_0023c4b8;this-pad:func_00236ca8;this-pad:func_0028bae0;this-pad:func_0028be78;this-pad:func_0028af88;this-pad:func_0028af18;this-pad:func_0028b218;this-pad:func_0028b248;this-pad:func_0028b1e8;gvote:m_pri->0035f3d4;gvote:m_MenuPtr->0035f200;gvote:m_ReportInfo->0035f5d0;gvote:m_SclBar->0035f214;globals:11ppc/10ps2;gdims:__LNst__ZN2Tz7JmAnsem12GetAnsemInfoEi_1;gdims:__LNst__ZN2Tz7JmAnsem12GetAnsemInfoEi_3;unmapped-global:LS_41_LV_1;raw-view:3;static-unmapped	
0029f938	0032bde4	692	switch	91.21	near	40.47		positional:ErrorPrintf->0028acc8;positional:ErrorRaise->00287f90;this-pad:func_00289380;this-pad:func_00139d78;this-pad:func_0028af18;this-pad:func_0028b1e8;this-pad:func_00289310;this-pad:func_002891e8;this-pad:func_0028b038;gvote:m_MenuPtr->0035f200;globals:2ppc/3ps2	
0029fbf0	0032b3cc	192	loop	90.10	near	53.09		dropped:ErrorPrintfx1;dropped:ErrorRaisex1;gvote:m_ReportInfo->0035f5d0;globals:4ppc/1ps2;gdims:__LNst__ZN2Tz7JmAnsem13GetHaveReportEv_0;unmapped-global:__LNst__ZN2Tz7JmAnsem13GetHaveReportEv_0;gdims:__LNst__ZN2Tz7JmAnsem12GetAnsemInfoEi_3;unmapped-global:__LNst__ZN2Tz7JmAnsem12GetAnsemInfoEi_3;gdims:LS_55_LV_2;unmapped-global:LS_55_LV_2	
0029fcb0	0032a4dc	564	loop	72.39	near	40.85		positional:ErrorPrintf->002fde18;positional:ErrorRaise->002a01c8;this-pad:func_0028b038;this-pad:func_0028be78;this-pad:func_002892f8;this-pad:func_00138c10;this-pad:func_00192c90;this-pad:func_002891b8;gvote:m_MenuPtr->0035f200;gvote:m_SclBar->0035f214;gvote:m_ReportInfo->0035f5d0;globals:6ppc/5ps2;unmapped-global:LS_41_LV_1;raw-view:3;fix-assign-cast;static-unmapped;variant:no_dims	
0029fee8	0032ab1c	516	loop	50.45	near	44.23		dropped:ErrorPrintfx4;dropped:ErrorRaisex4;gvote:m_ReportInfo->0035f5d0;globals:4ppc/3ps2;gdims:__LNst__ZN2Tz7JmAnsem12GetAnsemInfoEi_1;gdims:__LNst__ZN2Tz7JmAnsem12GetAnsemInfoEi_3;unmapped-global:LS_41_LV_1	
002a00f0	00329d80	120	loop	72.73	near	43.51		dropped:ErrorPrintfx1;dropped:ErrorRaisex1;gvote:m_ReportInfo->0035f5d0;globals:4ppc/1ps2;gdims:__LNst__ZN2Tz7JmAnsem12GetAnsemInfoEi_1;unmapped-global:__LNst__ZN2Tz7JmAnsem12GetAnsemInfoEi_1;gdims:__LNst__ZN2Tz7JmAnsem12GetAnsemInfoEi_3;unmapped-global:__LNst__ZN2Tz7JmAnsem12GetAnsemInfoEi_3;unmapped-global:LS_41_LV_1	
002a0168	0032c21c	92	branchy	80.00	near	21.66		this-pad:func_0028b038;arity-pad:func_0028be78;gvote:m_SclBar->0035f214;gvote:m_MenuPtr->0035f200	
002a0200	0032b018	352	straight	74.40	near	71.91		arity-pad:func_0028b040;arity-pad:func_0014b950;arity-pad:func_0014b9a8;arity-pad:func_0023aa58;arity-pad:func_0023aa78;arity-pad:func_001a98e8;arity-pad:func_001aa6d0;arity-pad:func_001a9ae8;gvote:m_MenuPtr->0035f200;gvote:m_Scissor->0035f224;gvote:m_ReportInfo->0035f5d0;globals:3ppc/4ps2;variant:no_thispad	
002a03d0	0032a8a8	328	branchy	87.55	near	54.31		dropped:ErrorPrintfx2;dropped:ErrorRaisex2;this-pad:func_0028b040;this-pad:func_002891e8;this-pad:func_00138c10;gvote:m_MenuPtr->0035f200;gvote:m_ReportInfo->0035f5d0;globals:7ppc/2ps2;gdims:__LNst__ZN2Tz7JmAnsem12GetAnsemInfoEi_1;unmapped-global:__LNst__ZN2Tz7JmAnsem12GetAnsemInfoEi_1;gdims:__LNst__ZN2Tz7JmAnsem12GetAnsemInfoEi_3;unmapped-global:__LNst__ZN2Tz7JmAnsem12GetAnsemInfoEi_3;unmapped-global:LS_41_LV_1;gdims:_ZZNK2YS7BITFLAGILj13EjE5checkEjEs_0;unmapped-global:_ZZNK2YS7BITFLAGILj13EjE5checkEjEs_0;gdims:_ZZNK2YS7BITFLAGILj13EjE5checkEjEs_2;unmapped-global:_ZZNK2YS7BITFLAGILj13EjE5checkEjEs_2;raw-view:2	
002a0908	003383d0	944	loop	63.00	near	32.08		positional:ErrorPrintf->0028f930;positional:ErrorRaise->002a1bc0;this-pad:func_0023f900;this-pad:func_002a1cd8;arity-pad:func_00139620;this-pad:func_001395f8;this-pad:func_00138c68;gvote:m_Info->0035f5d4;gvote:m_pri->0035f3d4;gvote:m_SeqList->0035f5d8;globals:13ppc/17ps2;gdims:__LNst__ZN2Tz9JmDiagram12GetCharaInfoEi_0;gdims:__LNst__ZN2Tz9JmDiagram11GetCharaIdxEii_3;gdims:LS_61_LV_2;gdims:s_FaceBaseSeqNum;raw-view:6	
002a0cb8	00338a28	1060	branchy	75.62	near	17.02		stack-locals:1;positional:ErrorPrintf->00167f18;positional:ErrorRaise->00287f90;this-pad:func_0023f900;this-pad:func_002a1cd8;this-pad:func_00138cb8;this-pad:func_0023aa18;this-pad:func_0023aa38;this-pad:func_00139510;gvote:m_isRequest->0035f5e1;gvote:m_isFileAlloc->0035f5e0;gvote:m_Info->0035f5d4;gvote:m_SeqList->0035f5d8;raw-view:6	
002a10e0	003372d8	316	branchy	79.96	near	28.98		stack-locals:1;dropped:ErrorPrintfx2;dropped:ErrorRaisex2;this-pad:func_00138cd0;this-pad:func_00138c68;gvote:m_Info->0035f5d4;gvote:m_SeqList->0035f5d8;globals:9ppc/6ps2;gdims:__LNst__ZN2Tz9JmDiagram12CreateCursorEv_0;gdims:__LNst__ZN2Tz9JmDiagram11GetCharaIdxEii_3;unmapped-global:__LNst__ZN2Tz9JmDiagram11GetCharaIdxEii_3;unmapped-global:LS_57_LV_1;gdims:__LNst__ZN2Tz9JmDiagram12CreateCursorEv_1;unmapped-global:__LNst__ZN2Tz9JmDiagram12CreateCursorEv_1;raw-view:3	
002a1220	00336fbc	376	branchy	65.02	near	0.0		this-pad:func_00139510;gvote:m_SeqList->0035f5d8;gvote:m_Info->0035f5d4;gvote:m_pri->0035f3d4;globals:6ppc/8ps2;raw-view:7	
002a13e0	003377a0	724	float	76.83	near	21.52		this-pad:func_00138c68;gvote:m_SeqList->0035f5d8;gvote:m_Info->0035f5d4;globals:2ppc/13ps2;raw-view:1	
002a16b8	003371a8	300	loop	80.67	near	36.29		stack-locals:1;this-pad:func_0023aa98;this-pad:func_00138c90;gvote:m_Info->0035f5d4;globals:1ppc/3ps2	
002a18d0	00336b34	580	loop	17.25	near	11.24		dropped:ErrorPrintfx3;dropped:ErrorRaisex3;gvote:m_Info->0035f5d4;globals:5ppc/1ps2;gdims:__LNst__ZN2Tz9JmDiagram11GetCharaIdxEii_3;unmapped-global:__LNst__ZN2Tz9JmDiagram11GetCharaIdxEii_3;gdims:LS_50_LV_0;unmapped-global:LS_50_LV_0;gdims:__LNst__ZN2Tz9JmDiagram11GetCharaIdxEii_4;unmapped-global:__LNst__ZN2Tz9JmDiagram11GetCharaIdxEii_4;gdims:__LNst__ZN2Tz9JmDiagram11GetCharaIdxEii_5;unmapped-global:__LNst__ZN2Tz9JmDiagram11GetCharaIdxEii_5	
002a1b18	003392c0	164	loop	83.33	near	72.52		gvote:m_Info->0035f5d4	
002a1d38	00337c8c	400	loop	72.63	compile	0.0	002a1d38.cpp:804: invalid types	positional:ErrorPrintf->00139d78;positional:ErrorRaise->002a1bc0;this-pad:func_0023f1b0;this-pad:func_0023c4b8;this-pad:func_0023f988;this-pad:func_002362b0;arity-pad:func_001386e0;this-pad:func_00139620;gvote:m_isFileAlloc->0035f5e0;gvote:m_pri->0035f3d4;gvote:m_Info->0035f5d4;gvote:m_ImgFile->0035f5dc;globals:9ppc/6ps2;gdims:__LNst__ZN2Tz9JmDiagram12GetCharaInfoEi_0;gdims:__LNst__ZN2Tz9JmDiagram11GetCharaIdxEii_3;unmapped-global:__LNst__ZN2Tz9JmDiagram11GetCharaIdxEii_3;gdims:LS_61_LV_2;unmapped-global:LS_61_LV_2;gdims:s_GraSeq;unmapped-global:s_GraSeq;raw-view:8	
002a1f88	0036031c	132	loop	92.12	near	21.54		this-pad:func_00239700;gvote:m_Info->0035f5e4;gvote:m_SeqTbl->0035f5e8;globals:4ppc/2ps2;unmapped-global:0x744210;unmapped-global:0x744230;fix-assign-cast;fix-assign-cast;fix-assign-cast;static-unmapped	
002a2010	003605b8	308	loop	84.24	near	22.09		this-pad:func_00239870;gvote:m_Info->0035f5e4;gvote:m_SeqTbl->0035f5e8;globals:5ppc/4ps2;unmapped-global:0x744230;fix-arity:func_00106420;fix-assign-cast;fix-assign-cast	
002a21b0	0036081c	492	loop	97.89	near	38.23		positional:_printf->002a43f0;this-pad:func_00139510;arity-pad:func_0028f4d8;this-pad:func_00139620;this-pad:func_0023f1b0;this-pad:func_0023c4b8;this-pad:func_00236ca8;globals:12ppc/6ps2;gdims:__LNst__ZN2Tz10JmTreasure16isEnableTreasureEPKN2YS8TREASURE5TABLEE_3;gdims:__LNst__ZN2Tz10JmTreasure5SetupEv_1;gdims:__LNst__ZN2Tz10JmTreasure5SetupEv_2;gdims:__LNst__ZN2Tz10JmTreasure5SetupEv_3;unmapped-global:m_Light;unmapped-global:m_pri;unmapped-global:m_SeqUnit;unmapped-global:m_ImgUnit;unmapped-global:m_Lay;unmapped-global:m_SclBar;raw-view:3;fix-arity:func_0028f4d8;fix-assign-cast;static-unmapped;variant:no_gvote	
002a23a0	00360bd8	608	branchy	81.80	near	34.29		simmap:isExistList->002a40c8;positional:ErrorPrintf->00167f18;positional:ErrorRaise->00287f90;this-pad:func_00139510;globals:2ppc/0ps2;unmapped-global:m_SeqTbl;unmapped-global:m_Light;raw-view:2;static-unmapped	
002a2600	00361010	532	loop	98.05	near	40.21		positional:_printf->0028f930;this-pad:func_00139510;arity-pad:func_0028f4d8;this-pad:func_00139620;this-pad:func_0023f1b0;this-pad:func_0023c4b8;this-pad:func_00236ca8;globals:12ppc/6ps2;gdims:__LNst__ZN2Tz10JmTreasure16isEnableTreasureEPKN2YS8TREASURE5TABLEE_3;gdims:__LNst__ZN2Tz10JmTreasure5SetupEv_1;gdims:__LNst__ZN2Tz10JmTreasure5SetupEv_2;gdims:__LNst__ZN2Tz10JmTreasure5SetupEv_3;unmapped-global:m_Light;unmapped-global:m_pri;unmapped-global:m_SeqUnit;unmapped-global:m_ImgUnit;unmapped-global:m_Lay;unmapped-global:m_SclBar;raw-view:3;fix-arity:func_0028f4d8;fix-arity:func_0028f4d8;fix-assign-cast;static-unmapped;variant:no_gvote	
002a2818	003613f8	616	branchy	82.03	near	34.75		simmap:isExistList->002a40c8;positional:ErrorPrintf->00167f18;positional:ErrorRaise->00287f90;this-pad:func_00139510;globals:2ppc/0ps2;unmapped-global:m_SeqTbl;unmapped-global:m_Light;raw-view:2;static-unmapped	
002a2a80	0035d984	448	loop	73.39	near	53.47		arity-pad:func_001a8450;gvote:m_Info->0035f5e4	
002a2c40	0035dd30	424	loop	73.04	near	60.63		gvote:m_Info->0035f5e4	
002a2de8	0035df58	528	loop	51.48	near	51.48		positional:is_get->002fde18;dropped:ErrorPrintfx2;dropped:ErrorRaisex2;arity-pad:func_001d9d88;arity-pad:func_002fde18;gvote:m_Info->0035f5e4;globals:6ppc/1ps2;gdims:_ZZNK2YS7BITFLAGILj48EjE5checkEjEs_0;unmapped-global:_ZZNK2YS7BITFLAGILj48EjE5checkEjEs_0;gdims:_ZZNK2YS7BITFLAGILj48EjE5checkEjEs_2;unmapped-global:_ZZNK2YS7BITFLAGILj48EjE5checkEjEs_2;gdims:_ZZN2YS7BITFLAGILj48EjE3setEjEs_0;unmapped-global:_ZZN2YS7BITFLAGILj48EjE3setEjEs_0;gdims:_ZZN2YS7BITFLAGILj48EjE3setEjEs_2;unmapped-global:_ZZN2YS7BITFLAGILj48EjE3setEjEs_2;unmapped-global:LV_0	
002a2ff8	0035d3f8	800	loop	50.15	near	29.78		gvote:m_Info->0035f5e4	
002a3318	0035ea90	812	loop	65.73	near	37.31		this-pad:func_0028be78;arity-pad:func_00138c10;gvote:m_SclBar->0035f214;gvote:m_Info->0035f5e4;gvote:m_SeqTbl->0035f5e8;globals:3ppc/7ps2;raw-view:5	
002a3648	0035e784	704	loop	67.39	near	34.13		this-pad:func_00138c10;gvote:m_SeqTbl->0035f5e8;gvote:m_Info->0035f5e4	
002a3950	0035e438	340	branchy	71.43	near	30.61		positional:ErrorPrintf->002a4990;positional:ErrorRaise->002a4ad8;this-pad:func_00192c90;gvote:m_Info->0035f5e4;gvote:m_SeqTbl->0035f5e8;globals:5ppc/2ps2;gdims:__LNst__ZN2Tz10JmTreasure16isEnableTreasureEPKN2YS8TREASURE5TABLEE_3;unmapped-global:__LNst__ZN2Tz10JmTreasure16isEnableTreasureEPKN2YS8TREASURE5TABLEE_3;gdims:LS_78_LV_6;unmapped-global:LS_78_LV_6;gdims:__LNst__ZN2Tz10JmTreasure14UpdateItemMessEv_1;unmapped-global:__LNst__ZN2Tz10JmTreasure14UpdateItemMessEv_1;static-unmapped	
002a3ba8	0035effc	1308	loop	65.08	compile	0.0	002a3ba8.cpp:813: request for	this-pad:func_00139620;this-pad:func_001395f8;arity-pad:func_0023aa18;arity-pad:func_0023aa38;arity-pad:func_00138c68;arity-pad:func_0023aa78;arity-pad:func_00138c10;arity-pad:func_0023aa98;gvote:m_pri->0035f3d4;gvote:m_SeqTbl->0035f5e8;gvote:m_Info->0035f5e4;globals:6ppc/10ps2;raw-view:6;fix-retype:SeqTbl->Tz::Jiminy::SeqTbl	
002a40c8	0035f6a4	296	loop	66.85	compile	0.0	002a40c8.cpp:579: no match for	positional:ErrorPrintf->00139d78;positional:ErrorRaise->00139d78;gvote:m_SeqTbl->0035f5e8;globals:4ppc/1ps2;gdims:__LNst__ZN2Tz10JmTreasure14UpdateItemMessEv_1;unmapped-global:__LNst__ZN2Tz10JmTreasure14UpdateItemMessEv_1;gdims:__LNst__ZN2Tz10JmTreasure16isEnableTreasureEPKN2YS8TREASURE5TABLEE_3;unmapped-global:__LNst__ZN2Tz10JmTreasure16isEnableTreasureEPKN2YS8TREASURE5TABLEE_3;gdims:LS_88_LV_7;unmapped-global:LS_88_LV_7;raw-view:7;fix-arity:func_00139d78	
002a41f0	0035f888	396	loop	97.02	compile	0.0	002a41f0.cpp:635: no match for	positional:ErrorPrintf->00139d78;positional:ErrorRaise->00139d78;this-pad:func_00139510;gvote:m_SeqTbl->0035f5e8;globals:4ppc/1ps2;gdims:__LNst__ZN2Tz10JmTreasure14UpdateItemMessEv_1;unmapped-global:__LNst__ZN2Tz10JmTreasure14UpdateItemMessEv_1;gdims:__LNst__ZN2Tz10JmTreasure16isEnableTreasureEPKN2YS8TREASURE5TABLEE_3;unmapped-global:__LNst__ZN2Tz10JmTreasure16isEnableTreasureEPKN2YS8TREASURE5TABLEE_3;unmapped-global:LS_90_LV_8;raw-view:10;fix-arity:func_00139d78	
002a4470	0035fb00	304	branchy	80.80	near	61.8		stack-locals:1;dropped:ErrorPrintfx1;dropped:ErrorRaisex1;this-pad:func_00138c78;this-pad:func_00139620;arity-pad:func_00138c68;arity-pad:func_00138c10;gvote:m_Info->0035f5e4;gvote:m_SeqTbl->0035f5e8;gvote:m_pri->0035f3d4;globals:8ppc/6ps2;gdims:__LNst__ZN2Tz10JmTreasure16isEnableTreasureEPKN2YS8TREASURE5TABLEE_3;unmapped-global:__LNst__ZN2Tz10JmTreasure16isEnableTreasureEPKN2YS8TREASURE5TABLEE_3;gdims:LS_92_LV_9;unmapped-global:LS_92_LV_9;raw-view:2	
002a4620	0035fde0	876	branchy	61.14	compile	0.0	002a4620.cpp:766: no match for	stack-locals:1;this-pad:func_00138c78;arity-pad:func_00138c68;arity-pad:func_00138c10;gvote:m_Info->0035f5e4;gvote:m_SeqTbl->0035f5e8;globals:2ppc/5ps2;raw-view:1	
002a4990	0035e338	108	loop	76.74	near	34.32		dropped:ErrorPrintfx1;dropped:ErrorRaisex1;gvote:m_Info->0035f5e4;globals:4ppc/1ps2;gdims:__LNst__ZN2Tz10JmTreasure11Cur2WorldIdEi_0;unmapped-global:__LNst__ZN2Tz10JmTreasure11Cur2WorldIdEi_0;gdims:__LNst__ZN2Tz10JmTreasure16isEnableTreasureEPKN2YS8TREASURE5TABLEE_3;unmapped-global:__LNst__ZN2Tz10JmTreasure16isEnableTreasureEPKN2YS8TREASURE5TABLEE_3;unmapped-global:LS_75_LV_5	
002a4a00	0035fce4	212	loop	92.55	near	59.35		gvote:m_Info->0035f5e4	
002a4b78	003601ac	236	loop	77.36	near	49.33		dropped:ErrorPrintfx1;dropped:ErrorRaisex1;gvote:m_Info->0035f5e4;globals:3ppc/2ps2;gdims:__LNst__ZN2Tz10JmTreasure16isEnableTreasureEPKN2YS8TREASURE5TABLEE_3;gdims:LS_97_LV_10;unmapped-global:LS_97_LV_10	
002a4d48	0032e2b8	164	loop	82.07	near	54.72		dropped:ErrorPrintfx1;dropped:ErrorRaisex1;gvote:m_ReportInfo->0035f5ec;gvote:m_Cnt->0035f5f0;gvote:sm_manager_ptr->00347f80;globals:6ppc/3ps2;gdims:_ZZN2dk5Obj2DdaEPvEs_0;unmapped-global:_ZZN2dk5Obj2DdaEPvEs_0;gdims:_ZZN2dk5Obj2DdaEPvEs_2;unmapped-global:_ZZN2dk5Obj2DdaEPvEs_2;unmapped-global:LV_1;fix-assign-cast	
002a4e38	0032e5bc	1144	loop	78.14	near	44.65		stack-locals:4;arity-pad:func_0028f4d8;arity-pad:func_00139620;arity-pad:func_0023aa78;arity-pad:func_0023aa18;arity-pad:func_0023aa38;arity-pad:func_00288d80;arity-pad:func_002891b8;arity-pad:func_00138c68;arity-pad:func_001395f8;arity-pad:func_002891f0;arity-pad:func_0028af90;arity-pad:func_0028afd0;arity-pad:func_0028b218;arity-pad:func_0028b248;arity-pad:func_0023f1b0;arity-pad:func_0023c4b8;arity-pad:func_00236ca8;gvote:m_pri->0035f3d4;gvote:m_ReportInfo->0035f5ec;gvote:m_MenuPtr->0035f200;gvote:m_Cnt->0035f5f0;gvote:m_SclBar->0035f214;globals:8ppc/9ps2;raw-view:6;fix-arity:func_0028f4d8;variant:no_thispad	
002a52b0	0032eba0	732	branchy	85.79	near	30.93		positional:ErrorPrintf->002a6718;positional:ErrorRaise->00287f90;this-pad:func_00289380;this-pad:func_00139d78;this-pad:func_0028af18;this-pad:func_00289310;this-pad:func_002891e8;this-pad:func_0028b038;gvote:m_MenuPtr->0035f200;globals:3ppc/2ps2;unmapped-global:0x797880;static-unmapped	
002a5590	0032cad4	1276	loop	66.33	near	49.32		stack-locals:4;positional:ErrorPrintf->002a6368;positional:ErrorRaise->00192048;arity-pad:func_00139620;arity-pad:func_00288d80;arity-pad:func_002891b8;arity-pad:func_001395f8;arity-pad:func_0023aa18;arity-pad:func_0023aa38;arity-pad:func_00138c68;arity-pad:func_0023aa78;arity-pad:func_00192b80;arity-pad:func_001d4550;arity-pad:func_00192b30;arity-pad:func_00192c90;arity-pad:func_0028af90;arity-pad:func_002891f0;arity-pad:func_0028afd0;arity-pad:func_0023f1b0;arity-pad:func_0023c4b8;arity-pad:func_00236ca8;arity-pad:func_0028bae0;arity-pad:func_0028be78;arity-pad:func_0028af88;arity-pad:func_0028af18;arity-pad:func_0028b218;arity-pad:func_0028b248;arity-pad:func_0028b1e8;gvote:m_pri->0035f3d4;gvote:m_MenuPtr->0035f200;gvote:m_Cnt->0035f5f0;gvote:m_ReportInfo->0035f5ec;gvote:LS_58_LV_3->00374ba8;gvote:m_SclBar->0035f214;globals:12ppc/13ps2;raw-view:3;variant:no_dims,no_thispad	
002a5a90	0032efc8	668	switch	91.26	near	27.97		positional:ErrorPrintf->002a6718;positional:ErrorRaise->00287f90;this-pad:func_00289380;this-pad:func_00139d78;this-pad:func_0028af18;this-pad:func_0028b1e8;this-pad:func_00289310;this-pad:func_002891e8;this-pad:func_0028b038;gvote:m_MenuPtr->0035f200	
002a5d30	0032e480	192	loop	90.10	near	53.09		dropped:ErrorPrintfx1;dropped:ErrorRaisex1;gvote:m_ReportInfo->0035f5ec;globals:4ppc/1ps2;gdims:__LNst__ZN2Tz8JmBattle14GetEnableLimitEv_0;unmapped-global:__LNst__ZN2Tz8JmBattle14GetEnableLimitEv_0;gdims:__LNst__ZN2Tz8JmBattle12GetLimitInfoEi_3;unmapped-global:__LNst__ZN2Tz8JmBattle12GetLimitInfoEi_3;gdims:LS_77_LV_5;unmapped-global:LS_77_LV_5	
002a5df0	0032d18c	660	loop	80.29	near	46.62		positional:ErrorPrintf->002fde18;positional:ErrorRaise->002fde18;this-pad:func_0028b038;this-pad:func_0028be78;this-pad:func_00138c10;this-pad:func_001d4550;this-pad:func_00192c90;this-pad:func_002891b8;this-pad:func_00192b30;gvote:m_MenuPtr->0035f200;gvote:m_SclBar->0035f214;gvote:m_ReportInfo->0035f5ec;gvote:LS_58_LV_3->00374ba8;globals:6ppc/7ps2;gdims:__LNst__ZN2Tz8JmBattle12GetLimitInfoEi_1;gdims:__LNst__ZN2Tz8JmBattle12GetLimitInfoEi_3;gdims:LS_58_LV_3;fix-arity:func_002fde18	
002a6088	0032d7f8	516	loop	49.24	near	44.23		dropped:ErrorPrintfx4;dropped:ErrorRaisex4;gvote:m_ReportInfo->0035f5ec;globals:4ppc/3ps2;gdims:__LNst__ZN2Tz8JmBattle12GetLimitInfoEi_1;gdims:__LNst__ZN2Tz8JmBattle12GetLimitInfoEi_3;gdims:LS_58_LV_3;unmapped-global:LS_58_LV_3	
002a6290	0032c964	120	loop	72.73	near	43.51		dropped:ErrorPrintfx1;dropped:ErrorRaisex1;gvote:m_ReportInfo->0035f5ec;globals:4ppc/1ps2;gdims:__LNst__ZN2Tz8JmBattle12GetLimitInfoEi_1;unmapped-global:__LNst__ZN2Tz8JmBattle12GetLimitInfoEi_1;gdims:__LNst__ZN2Tz8JmBattle12GetLimitInfoEi_3;unmapped-global:__LNst__ZN2Tz8JmBattle12GetLimitInfoEi_3;gdims:LS_58_LV_3;unmapped-global:LS_58_LV_3	
002a6308	0032f418	92	branchy	80.00	near	21.66		this-pad:func_0028b038;arity-pad:func_0028be78;gvote:m_SclBar->0035f214;gvote:m_MenuPtr->0035f200	
002a63a0	0032dcf4	352	straight	74.40	near	71.91		arity-pad:func_0028b040;arity-pad:func_0014b950;arity-pad:func_0014b9a8;arity-pad:func_0023aa58;arity-pad:func_0023aa78;arity-pad:func_001a98e8;arity-pad:func_001aa6d0;arity-pad:func_001a9ae8;gvote:m_MenuPtr->0035f200;gvote:m_Scissor->0035f224;gvote:m_ReportInfo->0035f5ec;globals:3ppc/4ps2;variant:no_thispad	
002a6500	0032f368	156	loop	82.21	near	82.21			
002a65d0	0032d584	328	branchy	87.55	near	54.31		dropped:ErrorPrintfx2;dropped:ErrorRaisex2;this-pad:func_0028b040;this-pad:func_002891e8;this-pad:func_00138c10;gvote:m_MenuPtr->0035f200;gvote:m_ReportInfo->0035f5ec;globals:7ppc/2ps2;gdims:__LNst__ZN2Tz8JmBattle12GetLimitInfoEi_1;unmapped-global:__LNst__ZN2Tz8JmBattle12GetLimitInfoEi_1;gdims:__LNst__ZN2Tz8JmBattle12GetLimitInfoEi_3;unmapped-global:__LNst__ZN2Tz8JmBattle12GetLimitInfoEi_3;gdims:LS_58_LV_3;unmapped-global:LS_58_LV_3;gdims:_ZZNK2YS7BITFLAGILj32EjE5checkEjEs_0;unmapped-global:_ZZNK2YS7BITFLAGILj32EjE5checkEjEs_0;gdims:_ZZNK2YS7BITFLAGILj32EjE5checkEjEs_2;unmapped-global:_ZZNK2YS7BITFLAGILj32EjE5checkEjEs_2;raw-view:2	
002a6878	0032dfd0	112	branchy	67.53	near	30.52		dropped:ErrorPrintfx1;dropped:ErrorRaisex1;this-pad:func_0028b040;gvote:m_MenuPtr->0035f200;gvote:m_ReportInfo->0035f5ec;globals:5ppc/2ps2;gdims:__LNst__ZN2Tz8JmBattle12GetLimitInfoEi_1;unmapped-global:__LNst__ZN2Tz8JmBattle12GetLimitInfoEi_1;gdims:__LNst__ZN2Tz8JmBattle12GetLimitInfoEi_3;unmapped-global:__LNst__ZN2Tz8JmBattle12GetLimitInfoEi_3;gdims:LS_58_LV_3;unmapped-global:LS_58_LV_3	
002a6a50	0035c4c0	396	loop	97.37	near	66.75		stack-locals:3;this-pad:func_00139620;this-pad:func_00288d80;this-pad:func_002891b8;this-pad:func_002891f0;this-pad:func_0028af28;gvote:m_pri->0035f3d4;gvote:m_MenuPtr->0035f200;raw-view:3	
002a6be0	0035c6b0	620	branchy	90.18	compile	0.0	002a6be0.cpp:658: no match for	positional:LeaveCompMark->0028acc8;positional:LeaveNewMark->00287f90;dropped:ErrorPrintfx6;dropped:ErrorRaisex2;this-pad:func_00289380;this-pad:func_00139d78;this-pad:func_00139510;this-pad:func_0028af18;this-pad:func_00289310;this-pad:func_002891e8;this-pad:func_0028b038;gvote:m_MenuPtr->0035f200;globals:2ppc/1ps2;unmapped-global:m_SeqTbl;raw-view:4	
002a6e50	0035ba4c	1204	loop	9.49	compile	0.0	002a6e50.cpp:1457: no match for	dropped:ErrorPrintfx3;dropped:ErrorRaisex3;arity-pad:func_0023aa78;arity-pad:func_0023aa18;arity-pad:func_0023aa38;this-pad:func_00139620;arity-pad:func_00138c68;this-pad:func_00192c40;this-pad:func_00138c10;gvote:m_pri->0035f3d4;gvote:m_SeqTbl->0035f5f4;globals:13ppc/15ps2;gdims:s_TitleMess;gdims:_ZZNK2YS7BITFLAGILj64EjE5checkEjEs_0;gdims:_ZZNK2YS7BITFLAGILj64EjE5checkEjEs_2;gdims:_ZZNK2YS7BITFLAGILj80EjE5checkEjEs_0;gdims:_ZZNK2YS7BITFLAGILj80EjE5checkEjEs_2;raw-view:3;fix-retype:SeqTbl->Tz::Jiminy::SeqTbl	
002a75c0	0035cc00	184	loop	88.43	near	69.33		this-pad:func_00290948;gvote:m_File->0035f5f8	
002a77a0	00342ff8	700	loop	76.41	near	58.61		stack-locals:3;arity-pad:func_0028f4d8;this-pad:func_00139620;this-pad:func_00288d80;this-pad:func_002891b8;this-pad:func_0023f1b0;this-pad:func_0023c4b8;this-pad:func_00236ca8;this-pad:func_0028af90;this-pad:func_002891f0;this-pad:func_0028afd0;this-pad:func_0028af28;this-pad:func_0028b218;this-pad:func_0028b248;gvote:m_pri->0035f3d4;gvote:m_MenuPtr->0035f200;gvote:m_SclBar->0035f214;globals:7ppc/8ps2;raw-view:3;fix-arity:func_0028f4d8;fix-assign-cast	
002a7a60	00343378	688	branchy	90.76	compile	0.0	002a7a60.cpp:659: no match for	positional:LeaveCompMark->0028acc8;positional:LeaveNewMark->00287f90;dropped:ErrorPrintfx6;dropped:ErrorRaisex2;this-pad:func_00289380;this-pad:func_00139d78;this-pad:func_00139510;this-pad:func_0028af18;this-pad:func_00289310;this-pad:func_002891e8;this-pad:func_0028b038;gvote:m_MenuPtr->0035f200;globals:2ppc/1ps2;unmapped-global:m_SeqTbl;raw-view:4	
002a7d10	00341d08	184	loop	76.08	near	55.4		dropped:ErrorPrintfx1;dropped:ErrorRaisex1;this-pad:func_0028afa8;this-pad:func_0028afd0;gvote:m_MenuPtr->0035f200;globals:4ppc/2ps2;gdims:__LNst__ZN2Tz10JmMiniGame9AdjustPosEv_3;unmapped-global:__LNst__ZN2Tz10JmMiniGame9AdjustPosEv_3;gdims:LS_53_LV_1;unmapped-global:LS_53_LV_1	
002a7dc8	00341e6c	344	loop	51.03	compile	0.0	002a7dc8.cpp:200: `	dropped:ErrorPrintfx2;dropped:ErrorRaisex2;globals:4ppc/1ps2;gdims:__LNst__ZN2Tz10JmMiniGame9AdjustPosEv_3;unmapped-global:__LNst__ZN2Tz10JmMiniGame9AdjustPosEv_3;unmapped-global:LS_56_LV_2;gdims:__LNst__ZN2Tz10JmMiniGame12ChkMGameInfoEv_1;unmapped-global:__LNst__ZN2Tz10JmMiniGame12ChkMGameInfoEv_1;fix-undecl:paVar3;fix-assign-cast	
002a7f58	0034213c	592	loop	77.68	compile	0.0	002a7f58.cpp:707: no match for	arity-pad:func_0023aa78;arity-pad:func_0023aa18;arity-pad:func_0023aa38;this-pad:func_00139620;arity-pad:func_00138c68;arity-pad:func_00138c10;gvote:m_pri->0035f3d4;globals:5ppc/6ps2;raw-view:7	
002a8330	00342498	1044	loop	68.98	near	27.66		stack-locals:1;positional:ErrorPrintf->002fde18;positional:ErrorRaise->002fde18;positional:isMiniGameHist->00192048;this-pad:func_0028b038;this-pad:func_0028be78;arity-pad:func_00138c10;this-pad:func_00192c90;this-pad:func_00192c40;this-pad:func_00192b30;gvote:m_MenuPtr->0035f200;gvote:m_SclBar->0035f214;globals:7ppc/8ps2;gdims:__LNst__ZN2Tz10JmMiniGame12GetMGameInfoEi_0;gdims:__LNst__ZN2Tz10JmMiniGame9AdjustPosEv_3;gdims:LS_60_LV_3;raw-view:5;fix-arity:func_002fde18	
002a8768	00342aa8	264	loop	87.40	near	57.57		dropped:ErrorPrintfx2;dropped:ErrorRaisex2;this-pad:func_0028b038;gvote:m_MenuPtr->0035f200;globals:7ppc/3ps2;gdims:__LNst__ZN2Tz10JmMiniGame12GetMGameInfoEi_0;gdims:__LNst__ZN2Tz10JmMiniGame9AdjustPosEv_3;unmapped-global:__LNst__ZN2Tz10JmMiniGame9AdjustPosEv_3;gdims:LS_60_LV_3;unmapped-global:LS_60_LV_3;gdims:_ZZNK2YS7BITFLAGILj96EjE5checkEjEs_0;unmapped-global:_ZZNK2YS7BITFLAGILj96EjE5checkEjEs_0;gdims:_ZZNK2YS7BITFLAGILj96EjE5checkEjEs_2;unmapped-global:_ZZNK2YS7BITFLAGILj96EjE5checkEjEs_2	
002a8870	0034386c	176	loop	69.91	near	62.63			
002a8ac8	00356910	716	loop	83.07	near	68.43		stack-locals:3;arity-pad:func_0028f4d8;this-pad:func_00139620;this-pad:func_00288d80;this-pad:func_002891b8;this-pad:func_0023f1b0;this-pad:func_0023c4b8;this-pad:func_00236ca8;this-pad:func_0028af90;this-pad:func_002891f0;this-pad:func_0028afd0;this-pad:func_0028af28;this-pad:func_0028b218;this-pad:func_0028b248;gvote:m_pri->0035f3d4;gvote:m_MenuPtr->0035f200;gvote:m_Info->0035f608;gvote:m_SclBar->0035f214;raw-view:3;fix-arity:func_0028f4d8;fix-assign-cast	
002a8d98	00356c94	688	branchy	90.76	near	63.88		positional:LeaveCompMark->0028acc8;positional:LeaveNewMark->00287f90;dropped:ErrorPrintfx6;dropped:ErrorRaisex2;this-pad:func_00289380;this-pad:func_00139d78;this-pad:func_00139510;this-pad:func_0028af18;this-pad:func_00289310;this-pad:func_002891e8;this-pad:func_0028b038;gvote:m_MenuPtr->0035f200;globals:2ppc/1ps2;unmapped-global:m_SeqTbl;raw-view:4;static-unmapped	
002a9048	003555c8	184	loop	76.08	near	51.95		dropped:ErrorPrintfx2;dropped:ErrorRaisex2;this-pad:func_0028afa8;this-pad:func_0028afd0;gvote:m_Info->0035f608;gvote:m_MenuPtr->0035f200;globals:5ppc/2ps2;gdims:__LNst__ZN2Tz7JmQuest9AdjustPosEv_1;unmapped-global:__LNst__ZN2Tz7JmQuest9AdjustPosEv_1;gdims:__LNst__ZN2Tz7JmQuest9AdjustPosEv_3;unmapped-global:__LNst__ZN2Tz7JmQuest9AdjustPosEv_3;unmapped-global:LS_51_LV_1	
002a9100	00355a44	412	loop	66.47	near	41.87		dropped:ErrorPrintfx2;dropped:ErrorRaisex2;gvote:m_Info->0035f608;globals:4ppc/1ps2;gdims:__LNst__ZN2Tz7JmQuest9AdjustPosEv_3;unmapped-global:__LNst__ZN2Tz7JmQuest9AdjustPosEv_3;gdims:LS_56_LV_3;unmapped-global:LS_56_LV_3;gdims:__LNst__ZN2Tz7JmQuest12ChkQuestInfoEv_1;unmapped-global:__LNst__ZN2Tz7JmQuest12ChkQuestInfoEv_1	
002a92d8	00355d34	408	loop	79.64	near	70.44		this-pad:func_0023aa78;this-pad:func_0023aa18;this-pad:func_0023aa38;this-pad:func_00139620;arity-pad:func_00138c68;arity-pad:func_00138c10;gvote:m_pri->0035f3d4;gvote:m_SeqTbl->0035f60c;raw-view:4	
002a95a8	00355f50	736	loop	81.55	near	44.42		positional:ErrorPrintf->002fde18;positional:ErrorRaise->00192048;this-pad:func_0028b038;this-pad:func_0028be78;arity-pad:func_00138c10;gvote:m_MenuPtr->0035f200;gvote:m_SclBar->0035f214;gvote:m_SeqTbl->0035f60c;gvote:m_Info->0035f608;globals:7ppc/6ps2;gdims:__LNst__ZN2Tz7JmQuest12GetQuestInfoEi_0;gdims:__LNst__ZN2Tz7JmQuest9AdjustPosEv_3;gdims:LS_59_LV_4;unmapped-global:LS_59_LV_4;raw-view:5;fix-assign-cast;static-unmapped	
002a98a8	003563d4	284	loop	82.07	near	52.91		dropped:ErrorPrintfx2;dropped:ErrorRaisex2;this-pad:func_0028b038;gvote:m_MenuPtr->0035f200;gvote:m_Info->0035f608;globals:7ppc/3ps2;gdims:__LNst__ZN2Tz7JmQuest12GetQuestInfoEi_0;gdims:__LNst__ZN2Tz7JmQuest9AdjustPosEv_3;unmapped-global:__LNst__ZN2Tz7JmQuest9AdjustPosEv_3;gdims:LS_59_LV_4;unmapped-global:LS_59_LV_4;gdims:_ZZNK2YS7BITFLAGILj192EjE5checkEjEs_0;unmapped-global:_ZZNK2YS7BITFLAGILj192EjE5checkEjEs_0;gdims:_ZZNK2YS7BITFLAGILj192EjE5checkEjEs_2;unmapped-global:_ZZNK2YS7BITFLAGILj192EjE5checkEjEs_2	
002a99c8	0035579c	448	branchy	40.68	near	9.13		stack-locals:1;dropped:ErrorPrintfx1;dropped:ErrorRaisex1;globals:3ppc/0ps2;unmapped-global:__LNst__ZN2Tz7JmQuest12GetQuestStatEPKNS_15JmQuestDataInfoE_0;gdims:__LNst__ZN2Tz7JmQuest9AdjustPosEv_3;unmapped-global:__LNst__ZN2Tz7JmQuest9AdjustPosEv_3;gdims:LS_54_LV_2;unmapped-global:LS_54_LV_2	
002a9b88	00357130	184	loop	82.88	near	82.88			
002a9c40	003453dc	168	loop	62.64	near	26.38		dropped:ErrorPrintfx2;dropped:ErrorRaisex2;globals:6ppc/0ps2;unmapped-global:m_New;gdims:_ZZNK2YS7BITFLAGILj192EjE5checkEjEs_0;unmapped-global:_ZZNK2YS7BITFLAGILj192EjE5checkEjEs_0;gdims:_ZZNK2YS7BITFLAGILj192EjE5checkEjEs_2;unmapped-global:_ZZNK2YS7BITFLAGILj192EjE5checkEjEs_2;gdims:_ZZN2YS7BITFLAGILj192EjE3setEjEs_0;unmapped-global:_ZZN2YS7BITFLAGILj192EjE3setEjEs_0;gdims:_ZZN2YS7BITFLAGILj192EjE3setEjEs_2;unmapped-global:_ZZN2YS7BITFLAGILj192EjE3setEjEs_2;gdims:LV_11;unmapped-global:LV_11;static-unmapped	
002a9ce8	00344074	68	straight	84.71	near	3.28		gvote:m_New->0035f610	
002a9e98	00346044	184	loop	73.11	near	50.11		dropped:ErrorPrintfx2;dropped:ErrorRaisex2;gvote:m_New->0035f610;globals:3ppc/1ps2;gdims:_ZZNK2YS7BITFLAGILj512EjE5checkEjEs_0;unmapped-global:_ZZNK2YS7BITFLAGILj512EjE5checkEjEs_0;gdims:_ZZNK2YS7BITFLAGILj512EjE5checkEjEs_2;unmapped-global:_ZZNK2YS7BITFLAGILj512EjE5checkEjEs_2	
002aa098	003466b8	172	loop	80.22	near	47.89		dropped:ErrorPrintfx1;dropped:ErrorRaisex1;gvote:m_New->0035f610;globals:3ppc/1ps2;gdims:_ZZNK2YS7BITFLAGILj512EjE5checkEjEs_0;unmapped-global:_ZZNK2YS7BITFLAGILj512EjE5checkEjEs_0;gdims:_ZZNK2YS7BITFLAGILj512EjE5checkEjEs_2;unmapped-global:_ZZNK2YS7BITFLAGILj512EjE5checkEjEs_2	
002aa220	00345b28	216	loop	76.44	near	54.75		dropped:ErrorPrintfx2;dropped:ErrorRaisex2;gvote:m_New->0035f610;globals:6ppc/1ps2;gdims:_ZZNK2YS7BITFLAGILj13EjE5checkEjEs_0;unmapped-global:_ZZNK2YS7BITFLAGILj13EjE5checkEjEs_0;gdims:_ZZNK2YS7BITFLAGILj13EjE5checkEjEs_2;unmapped-global:_ZZNK2YS7BITFLAGILj13EjE5checkEjEs_2;gdims:_ZZN2YS7BITFLAGILj13EjE3setEjEs_0;unmapped-global:_ZZN2YS7BITFLAGILj13EjE3setEjEs_0;gdims:_ZZN2YS7BITFLAGILj13EjE3setEjEs_2;unmapped-global:_ZZN2YS7BITFLAGILj13EjE3setEjEs_2;gdims:LV_13;unmapped-global:LV_13	
002aa2f8	00346afc	128	loop	79.41	near	41.42		dropped:ErrorPrintfx2;dropped:ErrorRaisex2;gvote:m_New->0035f610;globals:3ppc/1ps2;gdims:_ZZNK2YS7BITFLAGILj13EjE5checkEjEs_0;unmapped-global:_ZZNK2YS7BITFLAGILj13EjE5checkEjEs_0;gdims:_ZZNK2YS7BITFLAGILj13EjE5checkEjEs_2;unmapped-global:_ZZNK2YS7BITFLAGILj13EjE5checkEjEs_2	
002aa4a8	00345874	272	loop	80.32	near	43.55		dropped:ErrorPrintfx2;dropped:ErrorRaisex2;gvote:m_New->0035f610;globals:6ppc/1ps2;gdims:_ZZNK2YS7BITFLAGILj16EjE5checkEjEs_0;unmapped-global:_ZZNK2YS7BITFLAGILj16EjE5checkEjEs_0;gdims:_ZZNK2YS7BITFLAGILj16EjE5checkEjEs_2;unmapped-global:_ZZNK2YS7BITFLAGILj16EjE5checkEjEs_2;gdims:_ZZN2YS7BITFLAGILj16EjE3setEjEs_0;unmapped-global:_ZZN2YS7BITFLAGILj16EjE3setEjEs_0;gdims:_ZZN2YS7BITFLAGILj16EjE3setEjEs_2;unmapped-global:_ZZN2YS7BITFLAGILj16EjE3setEjEs_2;unmapped-global:LV_7	
002aa5b8	00347148	176	loop	58.20	near	26.66			
002aa960	0034562c	216	loop	76.44	near	54.75		dropped:ErrorPrintfx2;dropped:ErrorRaisex2;gvote:m_New->0035f610;globals:6ppc/1ps2;gdims:_ZZNK2YS7BITFLAGILj32EjE5checkEjEs_0;unmapped-global:_ZZNK2YS7BITFLAGILj32EjE5checkEjEs_0;gdims:_ZZNK2YS7BITFLAGILj32EjE5checkEjEs_2;unmapped-global:_ZZNK2YS7BITFLAGILj32EjE5checkEjEs_2;gdims:_ZZN2YS7BITFLAGILj32EjE3setEjEs_0;unmapped-global:_ZZN2YS7BITFLAGILj32EjE3setEjEs_0;gdims:_ZZN2YS7BITFLAGILj32EjE3setEjEs_2;unmapped-global:_ZZN2YS7BITFLAGILj32EjE3setEjEs_2;unmapped-global:LV_5	
002aaa38	00347e30	128	loop	79.41	near	41.42		dropped:ErrorPrintfx2;dropped:ErrorRaisex2;gvote:m_New->0035f610;globals:3ppc/1ps2;gdims:_ZZNK2YS7BITFLAGILj32EjE5checkEjEs_0;unmapped-global:_ZZNK2YS7BITFLAGILj32EjE5checkEjEs_0;gdims:_ZZNK2YS7BITFLAGILj32EjE5checkEjEs_2;unmapped-global:_ZZNK2YS7BITFLAGILj32EjE5checkEjEs_2	
002aacd8	0034847c	128	loop	79.41	near	41.42		dropped:ErrorPrintfx2;dropped:ErrorRaisex2;gvote:m_New->0035f610;globals:3ppc/1ps2;gdims:_ZZNK2YS7BITFLAGILj192EjE5checkEjEs_0;unmapped-global:_ZZNK2YS7BITFLAGILj192EjE5checkEjEs_0;gdims:_ZZNK2YS7BITFLAGILj192EjE5checkEjEs_2;unmapped-global:_ZZNK2YS7BITFLAGILj192EjE5checkEjEs_2	
002aae88	00348ac8	180	loop	55.06	near	55.06		dropped:ErrorPrintfx1;dropped:ErrorRaisex1;gvote:m_New->0035f610;globals:3ppc/1ps2;gdims:_ZZNK2YS7BITFLAGILj192EjE5checkEjEs_0;unmapped-global:_ZZNK2YS7BITFLAGILj192EjE5checkEjEs_0;gdims:_ZZNK2YS7BITFLAGILj192EjE5checkEjEs_2;unmapped-global:_ZZNK2YS7BITFLAGILj192EjE5checkEjEs_2	
002ab020	00345184	224	loop	73.57	near	55.41		dropped:ErrorPrintfx2;dropped:ErrorRaisex2;gvote:m_New->0035f610;globals:6ppc/1ps2;gdims:_ZZNK2YS7BITFLAGILj96EjE5checkEjEs_0;unmapped-global:_ZZNK2YS7BITFLAGILj96EjE5checkEjEs_0;gdims:_ZZNK2YS7BITFLAGILj96EjE5checkEjEs_2;unmapped-global:_ZZNK2YS7BITFLAGILj96EjE5checkEjEs_2;gdims:_ZZN2YS7BITFLAGILj96EjE3setEjEs_0;unmapped-global:_ZZN2YS7BITFLAGILj96EjE3setEjEs_0;gdims:_ZZN2YS7BITFLAGILj96EjE3setEjEs_2;unmapped-global:_ZZN2YS7BITFLAGILj96EjE3setEjEs_2;gdims:LV_9;unmapped-global:LV_9	
002ab100	00348ec8	128	loop	79.41	near	41.42		dropped:ErrorPrintfx2;dropped:ErrorRaisex2;gvote:m_New->0035f610;globals:3ppc/1ps2;gdims:_ZZNK2YS7BITFLAGILj96EjE5checkEjEs_0;unmapped-global:_ZZNK2YS7BITFLAGILj96EjE5checkEjEs_0;gdims:_ZZNK2YS7BITFLAGILj96EjE5checkEjEs_2;unmapped-global:_ZZNK2YS7BITFLAGILj96EjE5checkEjEs_2	
002ab2b0	00349514	180	loop	55.06	near	55.06		dropped:ErrorPrintfx1;dropped:ErrorRaisex1;gvote:m_New->0035f610;globals:3ppc/1ps2;gdims:_ZZNK2YS7BITFLAGILj96EjE5checkEjEs_0;unmapped-global:_ZZNK2YS7BITFLAGILj96EjE5checkEjEs_0;gdims:_ZZNK2YS7BITFLAGILj96EjE5checkEjEs_2;unmapped-global:_ZZNK2YS7BITFLAGILj96EjE5checkEjEs_2	
002ab448	00344ef8	248	loop	69.85	near	52.91		dropped:ErrorPrintfx2;dropped:ErrorRaisex2;gvote:m_New->0035f610;globals:6ppc/1ps2;gdims:_ZZNK2YS7BITFLAGILj512EjE5checkEjEs_0;unmapped-global:_ZZNK2YS7BITFLAGILj512EjE5checkEjEs_0;gdims:_ZZNK2YS7BITFLAGILj512EjE5checkEjEs_2;unmapped-global:_ZZNK2YS7BITFLAGILj512EjE5checkEjEs_2;gdims:_ZZN2YS7BITFLAGILj512EjE3setEjEs_0;unmapped-global:_ZZN2YS7BITFLAGILj512EjE3setEjEs_0;gdims:_ZZN2YS7BITFLAGILj512EjE3setEjEs_2;unmapped-global:_ZZN2YS7BITFLAGILj512EjE3setEjEs_2;unmapped-global:LV_2	
002ab540	00349914	220	loop	67.46	near	50.6		dropped:ErrorPrintfx1;dropped:ErrorRaisex1;gvote:m_New->0035f610;globals:3ppc/1ps2;gdims:_ZZNK2YS7BITFLAGILj512EjE5checkEjEs_0;unmapped-global:_ZZNK2YS7BITFLAGILj512EjE5checkEjEs_0;gdims:_ZZNK2YS7BITFLAGILj512EjE5checkEjEs_2;unmapped-global:_ZZNK2YS7BITFLAGILj512EjE5checkEjEs_2	
002ab818	00344cb4	208	loop	84.95	near	55.03		dropped:ErrorPrintfx2;dropped:ErrorRaisex2;gvote:m_New->0035f610;globals:6ppc/1ps2;gdims:_ZZNK2YS7BITFLAGILj128EjE5checkEjEs_0;unmapped-global:_ZZNK2YS7BITFLAGILj128EjE5checkEjEs_0;gdims:_ZZNK2YS7BITFLAGILj128EjE5checkEjEs_2;unmapped-global:_ZZNK2YS7BITFLAGILj128EjE5checkEjEs_2;gdims:_ZZN2YS7BITFLAGILj128EjE3setEjEs_0;unmapped-global:_ZZN2YS7BITFLAGILj128EjE3setEjEs_0;gdims:_ZZN2YS7BITFLAGILj128EjE3setEjEs_2;unmapped-global:_ZZN2YS7BITFLAGILj128EjE3setEjEs_2;unmapped-global:LV_0	
002ab8e8	00349f94	220	loop	85.23	near	69.09		dropped:ErrorPrintfx1;dropped:ErrorRaisex1;gvote:m_New->0035f610;globals:3ppc/1ps2;gdims:_ZZNK2YS7BITFLAGILj128EjE5checkEjEs_0;unmapped-global:_ZZNK2YS7BITFLAGILj128EjE5checkEjEs_0;gdims:_ZZNK2YS7BITFLAGILj128EjE5checkEjEs_2;unmapped-global:_ZZNK2YS7BITFLAGILj128EjE5checkEjEs_2	
002abba8	00344a70	180	loop	73.36	near	45.0		dropped:ErrorPrintfx2;dropped:ErrorRaisex2;gvote:m_New->0035f610;globals:6ppc/1ps2;gdims:_ZZNK2YS7BITFLAGILj32EjE5checkEjEs_0;unmapped-global:_ZZNK2YS7BITFLAGILj32EjE5checkEjEs_0;gdims:_ZZNK2YS7BITFLAGILj32EjE5checkEjEs_2;unmapped-global:_ZZNK2YS7BITFLAGILj32EjE5checkEjEs_2;gdims:_ZZN2YS7BITFLAGILj32EjE3setEjEs_0;unmapped-global:_ZZN2YS7BITFLAGILj32EjE3setEjEs_0;gdims:_ZZN2YS7BITFLAGILj32EjE3setEjEs_2;unmapped-global:_ZZN2YS7BITFLAGILj32EjE3setEjEs_2;unmapped-global:LV_5	
002abf40	0034acec	176	loop	58.20	near	26.66			
002abff0	0034adb8	284	loop	90.78	near	0.98		dropped:ErrorPrintfx4;dropped:ErrorRaisex4;gvote:m_New->0035f610;globals:7ppc/1ps2;gdims:__LNst__ZN2Tz9JmNewInfo10isAlbumNewEii_1;unmapped-global:__LNst__ZN2Tz9JmNewInfo10isAlbumNewEii_1;gdims:__LNst__ZN2Tz9JmNewInfo10isAlbumNewEii_3;unmapped-global:__LNst__ZN2Tz9JmNewInfo10isAlbumNewEii_3;gdims:LS_177_LV_21;unmapped-global:LS_177_LV_21;gdims:_ZZNK2YS7BITFLAGILj32EjE5checkEjEs_0;unmapped-global:_ZZNK2YS7BITFLAGILj32EjE5checkEjEs_0;gdims:_ZZNK2YS7BITFLAGILj32EjE5checkEjEs_2;unmapped-global:_ZZNK2YS7BITFLAGILj32EjE5checkEjEs_2;gdims:__LNst__ZN2Tz9JmNewInfo10isAlbumNewEii_4;unmapped-global:__LNst__ZN2Tz9JmNewInfo10isAlbumNewEii_4	
002ac2e8	00344444	308	loop	75.45	near	29.96		positional:is_get->002a9d68;dropped:ErrorPrintfx4;dropped:ErrorRaisex4;arity-pad:func_002a9d68;gvote:m_New->0035f610;globals:6ppc/1ps2;gdims:_ZZNK2YS7BITFLAGILj48EjE5checkEjEs_0;unmapped-global:_ZZNK2YS7BITFLAGILj48EjE5checkEjEs_0;gdims:_ZZNK2YS7BITFLAGILj48EjE5checkEjEs_2;unmapped-global:_ZZNK2YS7BITFLAGILj48EjE5checkEjEs_2;gdims:_ZZN2YS7BITFLAGILj48EjE3setEjEs_0;unmapped-global:_ZZN2YS7BITFLAGILj48EjE3setEjEs_0;gdims:_ZZN2YS7BITFLAGILj48EjE3setEjEs_2;unmapped-global:_ZZN2YS7BITFLAGILj48EjE3setEjEs_2;gdims:LV_15;unmapped-global:LV_15	
002ac420	0034b9d4	280	loop	55.16	near	50.46		dropped:ErrorPrintfx1;dropped:ErrorRaisex1;gvote:m_New->0035f610;globals:3ppc/1ps2;gdims:_ZZNK2YS7BITFLAGILj48EjE5checkEjEs_0;unmapped-global:_ZZNK2YS7BITFLAGILj48EjE5checkEjEs_0;gdims:_ZZNK2YS7BITFLAGILj48EjE5checkEjEs_2;unmapped-global:_ZZNK2YS7BITFLAGILj48EjE5checkEjEs_2	
002ac678	0034be84	208	loop	76.56	near	24.4		dropped:ErrorPrintfx3;dropped:ErrorRaisex3;gvote:m_New->0035f610;globals:6ppc/1ps2;gdims:_ZZNK2YS7BITFLAGILj48EjE5checkEjEs_0;unmapped-global:_ZZNK2YS7BITFLAGILj48EjE5checkEjEs_0;gdims:_ZZNK2YS7BITFLAGILj48EjE5checkEjEs_2;unmapped-global:_ZZNK2YS7BITFLAGILj48EjE5checkEjEs_2;gdims:_ZZN2YS7BITFLAGILj48EjE3setEjEs_0;unmapped-global:_ZZN2YS7BITFLAGILj48EjE3setEjEs_0;gdims:_ZZN2YS7BITFLAGILj48EjE3setEjEs_2;unmapped-global:_ZZN2YS7BITFLAGILj48EjE3setEjEs_2;gdims:LV_15;unmapped-global:LV_15	
002ac748	0034c160	184	loop	68.61	near	58.73		dropped:ErrorPrintfx1;dropped:ErrorRaisex1;gvote:m_New->0035f610;globals:3ppc/1ps2;gdims:_ZZNK2YS7BITFLAGILj48EjE5checkEjEs_0;unmapped-global:_ZZNK2YS7BITFLAGILj48EjE5checkEjEs_0;gdims:_ZZNK2YS7BITFLAGILj48EjE5checkEjEs_2;unmapped-global:_ZZNK2YS7BITFLAGILj48EjE5checkEjEs_2	
002ac9b0	0034c7dc	364	branchy	94.95	near	94.95			
002acb20	0034c964	376	branchy	92.98	near	92.98		positional:isPuzzlePieceHist->002ac538	
002acc98	0034caec	272	loop	95.26	near	65.78		positional:CheckChara->002a9d88;unmapped-call:CheckAnsem;unmapped-call:CheckBattle;unmapped-call:CheckMiniGame;unmapped-call:CheckPuzzle;dropped:CheckPuzzlex1;dropped:CheckMiniGamex1;dropped:CheckAnsemx1;dropped:CheckBattlex1	
002acf48	00333ed8	204	loop	99.88	near	99.88		dropped:_printfx22;globals:14ppc/3ps2;gdims:__LNst__ZN2Tz10JmComplete11isStoryCompEi_3;gdims:__LNst__ZN2Tz10JmComplete8CheckAllEv_1;unmapped-global:__LNst__ZN2Tz10JmComplete8CheckAllEv_1;gdims:__LNst__ZN2Tz10JmComplete8CheckAllEv_2;unmapped-global:__LNst__ZN2Tz10JmComplete8CheckAllEv_2;gdims:__LNst__ZN2Tz10JmComplete8CheckAllEv_3;unmapped-global:__LNst__ZN2Tz10JmComplete8CheckAllEv_3;gdims:__LNst__ZN2Tz10JmComplete8CheckAllEv_4;unmapped-global:__LNst__ZN2Tz10JmComplete8CheckAllEv_4;gdims:__LNst__ZN2Tz10JmComplete8CheckAllEv_5;unmapped-global:__LNst__ZN2Tz10JmComplete8CheckAllEv_5;gdims:__LNst__ZN2Tz10JmComplete8CheckAllEv_6;unmapped-global:__LNst__ZN2Tz10JmComplete8CheckAllEv_6;gdims:__LNst__ZN2Tz10JmComplete8CheckAllEv_7;unmapped-global:__LNst__ZN2Tz10JmComplete8CheckAllEv_7;gdims:__LNst__ZN2Tz10JmComplete8CheckAllEv_8;unmapped-global:__LNst__ZN2Tz10JmComplete8CheckAllEv_8;gdims:__LNst__ZN2Tz10JmComplete8CheckAllEv_9;unmapped-global:__LNst__ZN2Tz10JmComplete8CheckAllEv_9;gdims:__LNst__ZN2Tz10JmComplete8CheckAllEv_10;unmapped-global:__LNst__ZN2Tz10JmComplete8CheckAllEv_10;gdims:__LNst__ZN2Tz10JmComplete8CheckAllEv_11;unmapped-global:__LNst__ZN2Tz10JmComplete8CheckAllEv_11	
002ad110	00333d78	156	loop	85.75	near	32.52		dropped:ErrorPrintfx1;dropped:ErrorRaisex1;globals:5ppc/3ps2;gdims:_ZZNK2YS7BITFLAGILj512EjE5checkEjEs_0;unmapped-global:_ZZNK2YS7BITFLAGILj512EjE5checkEjEs_0;gdims:_ZZNK2YS7BITFLAGILj512EjE5checkEjEs_2;unmapped-global:_ZZNK2YS7BITFLAGILj512EjE5checkEjEs_2	
002ad1b0	003344d4	168	loop	42.93	near	37.71		dropped:ErrorPrintfx1;dropped:ErrorRaisex1;globals:3ppc/1ps2;gdims:_ZZNK2YS7BITFLAGILj512EjE5checkEjEs_0;unmapped-global:_ZZNK2YS7BITFLAGILj512EjE5checkEjEs_0;gdims:_ZZNK2YS7BITFLAGILj512EjE5checkEjEs_2;unmapped-global:_ZZNK2YS7BITFLAGILj512EjE5checkEjEs_2	
002ad258	00333bf8	220	loop	92.38	near	62.88		dropped:ErrorPrintfx1;dropped:ErrorRaisex1;globals:6ppc/3ps2;gdims:_ZZN2YS7BITFLAGILj13EjE3setEjEs_0;unmapped-global:_ZZN2YS7BITFLAGILj13EjE3setEjEs_0;gdims:_ZZN2YS7BITFLAGILj13EjE3setEjEs_2;unmapped-global:_ZZN2YS7BITFLAGILj13EjE3setEjEs_2;gdims:LV_14;unmapped-global:LV_14	
002ad338	00334690	88	loop	49.05	near	28.71		dropped:ErrorPrintfx1;dropped:ErrorRaisex1;globals:3ppc/1ps2;gdims:_ZZNK2YS7BITFLAGILj13EjE5checkEjEs_0;unmapped-global:_ZZNK2YS7BITFLAGILj13EjE5checkEjEs_0;gdims:_ZZNK2YS7BITFLAGILj13EjE5checkEjEs_2;unmapped-global:_ZZNK2YS7BITFLAGILj13EjE5checkEjEs_2	
002ad390	00333a08	276	loop	90.13	near	56.61		dropped:ErrorPrintfx1;dropped:ErrorRaisex1;globals:6ppc/3ps2;gdims:_ZZN2YS7BITFLAGILj16EjE3setEjEs_0;unmapped-global:_ZZN2YS7BITFLAGILj16EjE3setEjEs_0;gdims:_ZZN2YS7BITFLAGILj16EjE3setEjEs_2;unmapped-global:_ZZN2YS7BITFLAGILj16EjE3setEjEs_2;unmapped-global:LV_8	
002ad4a8	003347c0	216	loop	55.06	near	42.7		dropped:ErrorPrintfx2;dropped:ErrorRaisex2;globals:6ppc/1ps2;gdims:__LNst__ZN2Tz10JmComplete11isStoryCompEi_1;unmapped-global:__LNst__ZN2Tz10JmComplete11isStoryCompEi_1;gdims:__LNst__ZN2Tz10JmComplete11isStoryCompEi_3;unmapped-global:__LNst__ZN2Tz10JmComplete11isStoryCompEi_3;gdims:LS_156_LV_23;unmapped-global:LS_156_LV_23;gdims:_ZZNK2YS7BITFLAGILj16EjE5checkEjEs_0;unmapped-global:_ZZNK2YS7BITFLAGILj16EjE5checkEjEs_0;gdims:_ZZNK2YS7BITFLAGILj16EjE5checkEjEs_2;unmapped-global:_ZZNK2YS7BITFLAGILj16EjE5checkEjEs_2	
002ad580	00333888	220	loop	92.38	near	62.88		dropped:ErrorPrintfx1;dropped:ErrorRaisex1;globals:6ppc/3ps2;gdims:_ZZN2YS7BITFLAGILj32EjE3setEjEs_0;unmapped-global:_ZZN2YS7BITFLAGILj32EjE3setEjEs_0;gdims:_ZZN2YS7BITFLAGILj32EjE3setEjEs_2;unmapped-global:_ZZN2YS7BITFLAGILj32EjE3setEjEs_2;unmapped-global:LV_6	
002ad660	003349c4	132	loop	67.18	near	33.18		dropped:ErrorPrintfx1;dropped:ErrorRaisex1;globals:3ppc/1ps2;gdims:_ZZNK2YS7BITFLAGILj32EjE5checkEjEs_0;unmapped-global:_ZZNK2YS7BITFLAGILj32EjE5checkEjEs_0;gdims:_ZZNK2YS7BITFLAGILj32EjE5checkEjEs_2;unmapped-global:_ZZNK2YS7BITFLAGILj32EjE5checkEjEs_2	
002ad6e8	00333708	232	loop	89.10	near	65.76		dropped:ErrorPrintfx1;dropped:ErrorRaisex1;globals:6ppc/3ps2;gdims:_ZZN2YS7BITFLAGILj192EjE3setEjEs_0;unmapped-global:_ZZN2YS7BITFLAGILj192EjE3setEjEs_0;gdims:_ZZN2YS7BITFLAGILj192EjE3setEjEs_2;unmapped-global:_ZZN2YS7BITFLAGILj192EjE3setEjEs_2;unmapped-global:LV_12	
002ad7d0	00334b1c	168	loop	47.60	near	32.73		dropped:ErrorPrintfx1;dropped:ErrorRaisex1;globals:3ppc/1ps2;gdims:_ZZNK2YS7BITFLAGILj192EjE5checkEjEs_0;unmapped-global:_ZZNK2YS7BITFLAGILj192EjE5checkEjEs_0;gdims:_ZZNK2YS7BITFLAGILj192EjE5checkEjEs_2;unmapped-global:_ZZNK2YS7BITFLAGILj192EjE5checkEjEs_2	
002ad878	00333584	216	loop	92.06	near	62.48		dropped:ErrorPrintfx1;dropped:ErrorRaisex1;globals:6ppc/3ps2;gdims:_ZZN2YS7BITFLAGILj96EjE3setEjEs_0;unmapped-global:_ZZN2YS7BITFLAGILj96EjE3setEjEs_0;gdims:_ZZN2YS7BITFLAGILj96EjE3setEjEs_2;unmapped-global:_ZZN2YS7BITFLAGILj96EjE3setEjEs_2;gdims:LV_10;unmapped-global:LV_10	
002ad950	00334cb8	168	loop	51.52	near	32.73		dropped:ErrorPrintfx1;dropped:ErrorRaisex1;globals:3ppc/1ps2;gdims:_ZZNK2YS7BITFLAGILj96EjE5checkEjEs_0;unmapped-global:_ZZNK2YS7BITFLAGILj96EjE5checkEjEs_0;gdims:_ZZNK2YS7BITFLAGILj96EjE5checkEjEs_2;unmapped-global:_ZZNK2YS7BITFLAGILj96EjE5checkEjEs_2	
002ad9f8	003333d4	248	loop	84.22	near	14.68		unmapped-call:isEnableTreasure;dropped:isEnableTreasurex1;dropped:ErrorPrintfx1;dropped:ErrorRaisex1;globals:6ppc/3ps2;gdims:_ZZN2YS7BITFLAGILj512EjE3setEjEs_0;unmapped-global:_ZZN2YS7BITFLAGILj512EjE3setEjEs_0;gdims:_ZZN2YS7BITFLAGILj512EjE3setEjEs_2;unmapped-global:_ZZN2YS7BITFLAGILj512EjE3setEjEs_2;gdims:LV_3;unmapped-global:LV_3	
002adaf0	00334e54	224	loop	73.62	near	63.91		dropped:ErrorPrintfx1;dropped:ErrorRaisex1;globals:3ppc/1ps2;gdims:_ZZNK2YS7BITFLAGILj512EjE5checkEjEs_0;unmapped-global:_ZZNK2YS7BITFLAGILj512EjE5checkEjEs_0;gdims:_ZZNK2YS7BITFLAGILj512EjE5checkEjEs_2;unmapped-global:_ZZNK2YS7BITFLAGILj512EjE5checkEjEs_2	
002adbd0	00333258	220	loop	81.98	near	62.94		dropped:ErrorPrintfx1;dropped:ErrorRaisex1;globals:6ppc/3ps2;gdims:_ZZN2YS7BITFLAGILj128EjE3setEjEs_0;unmapped-global:_ZZN2YS7BITFLAGILj128EjE3setEjEs_0;gdims:_ZZN2YS7BITFLAGILj128EjE3setEjEs_2;unmapped-global:_ZZN2YS7BITFLAGILj128EjE3setEjEs_2;unmapped-global:LV_0	
002adcb0	00334fec	220	loop	85.23	near	69.4		dropped:ErrorPrintfx1;dropped:ErrorRaisex1;globals:3ppc/1ps2;gdims:_ZZNK2YS7BITFLAGILj128EjE5checkEjEs_0;unmapped-global:_ZZNK2YS7BITFLAGILj128EjE5checkEjEs_0;gdims:_ZZNK2YS7BITFLAGILj128EjE5checkEjEs_2;unmapped-global:_ZZNK2YS7BITFLAGILj128EjE5checkEjEs_2	
002add90	00332dc4	464	loop	45.90	near	39.6		dropped:ErrorPrintfx4;dropped:ErrorRaisex4;globals:10ppc/3ps2;gdims:_ZZNK2YS7BITFLAGILj64EjE5checkEjEs_0;unmapped-global:_ZZNK2YS7BITFLAGILj64EjE5checkEjEs_0;gdims:_ZZNK2YS7BITFLAGILj64EjE5checkEjEs_2;unmapped-global:_ZZNK2YS7BITFLAGILj64EjE5checkEjEs_2;gdims:_ZZNK2YS7BITFLAGILj80EjE5checkEjEs_0;unmapped-global:_ZZNK2YS7BITFLAGILj80EjE5checkEjEs_0;gdims:_ZZNK2YS7BITFLAGILj80EjE5checkEjEs_2;unmapped-global:_ZZNK2YS7BITFLAGILj80EjE5checkEjEs_2;gdims:_ZZN2YS7BITFLAGILj32EjE3setEjEs_0;unmapped-global:_ZZN2YS7BITFLAGILj32EjE3setEjEs_0;gdims:_ZZN2YS7BITFLAGILj32EjE3setEjEs_2;unmapped-global:_ZZN2YS7BITFLAGILj32EjE3setEjEs_2;unmapped-global:LV_6	
002adfd0	00332500	240	loop	87.48	near	48.74		dropped:ErrorPrintfx1;dropped:ErrorRaisex1;globals:4ppc/1ps2;gdims:_ZZN2YS7BITFLAGILj32EjE3setEjEs_0;unmapped-global:_ZZN2YS7BITFLAGILj32EjE3setEjEs_0;gdims:_ZZN2YS7BITFLAGILj32EjE3setEjEs_2;unmapped-global:_ZZN2YS7BITFLAGILj32EjE3setEjEs_2;unmapped-global:LV_6	
002ae0c0	00332298	236	loop	32.00	near	26.91		dropped:ErrorPrintfx3;dropped:ErrorRaisex3;globals:7ppc/1ps2;gdims:__LNst__ZN2Tz10JmComplete11isStoryCompEi_1;unmapped-global:__LNst__ZN2Tz10JmComplete11isStoryCompEi_1;gdims:__LNst__ZN2Tz10JmComplete11isStoryCompEi_3;unmapped-global:__LNst__ZN2Tz10JmComplete11isStoryCompEi_3;gdims:LS_133_LV_22;unmapped-global:LS_133_LV_22;gdims:__LNst__ZN2Tz10JmComplete11isStoryCompEi_4;unmapped-global:__LNst__ZN2Tz10JmComplete11isStoryCompEi_4;gdims:_ZZNK2YS7BITFLAGILj32EjE5checkEjEs_0;unmapped-global:_ZZNK2YS7BITFLAGILj32EjE5checkEjEs_0;gdims:_ZZNK2YS7BITFLAGILj32EjE5checkEjEs_2;unmapped-global:_ZZNK2YS7BITFLAGILj32EjE5checkEjEs_2	
002ae1b0	003352f4	208	loop	51.38	near	51.38			
002ae320	003326d8	832	loop	70.75	near	44.41		positional:is_get->001d9d48;dropped:ErrorPrintfx8;dropped:ErrorRaisex8;arity-pad:func_001d9d48;globals:14ppc/4ps2;gdims:_ZZNK2YS7BITFLAGILj48EjE5checkEjEs_0;unmapped-global:_ZZNK2YS7BITFLAGILj48EjE5checkEjEs_0;gdims:_ZZNK2YS7BITFLAGILj48EjE5checkEjEs_2;unmapped-global:_ZZNK2YS7BITFLAGILj48EjE5checkEjEs_2;gdims:_ZZN2YS7BITFLAGILj48EjE3setEjEs_0;unmapped-global:_ZZN2YS7BITFLAGILj48EjE3setEjEs_0;gdims:_ZZN2YS7BITFLAGILj48EjE3setEjEs_2;unmapped-global:_ZZN2YS7BITFLAGILj48EjE3setEjEs_2;unmapped-global:LV_16;gdims:_ZZNK2YS7BITFLAGILj10EtE5checkEjEs_0;unmapped-global:_ZZNK2YS7BITFLAGILj10EtE5checkEjEs_0;gdims:_ZZNK2YS7BITFLAGILj10EtE5checkEjEs_2;unmapped-global:_ZZNK2YS7BITFLAGILj10EtE5checkEjEs_2;gdims:_ZZN2YS7BITFLAGILj10EtE3setEjEs_0;unmapped-global:_ZZN2YS7BITFLAGILj10EtE3setEjEs_0;gdims:_ZZN2YS7BITFLAGILj10EtE3setEjEs_2;unmapped-global:_ZZN2YS7BITFLAGILj10EtE3setEjEs_2;unmapped-global:LV_18	
002ae660	003353ec	260	loop	61.40	near	41.76		dropped:ErrorPrintfx1;dropped:ErrorRaisex1;globals:3ppc/1ps2;gdims:_ZZNK2YS7BITFLAGILj48EjE5checkEjEs_0;unmapped-global:_ZZNK2YS7BITFLAGILj48EjE5checkEjEs_0;gdims:_ZZNK2YS7BITFLAGILj48EjE5checkEjEs_2;unmapped-global:_ZZNK2YS7BITFLAGILj48EjE5checkEjEs_2	
002ae768	003355dc	292	loop	52.58	near	28.29		dropped:ErrorPrintfx4;dropped:ErrorRaisex4;globals:6ppc/1ps2;gdims:_ZZNK2YS7BITFLAGILj10EtE5checkEjEs_0;unmapped-global:_ZZNK2YS7BITFLAGILj10EtE5checkEjEs_0;gdims:_ZZNK2YS7BITFLAGILj10EtE5checkEjEs_2;unmapped-global:_ZZNK2YS7BITFLAGILj10EtE5checkEjEs_2;gdims:_ZZN2YS7BITFLAGILj10EtE3setEjEs_0;unmapped-global:_ZZN2YS7BITFLAGILj10EtE3setEjEs_0;gdims:_ZZN2YS7BITFLAGILj10EtE3setEjEs_2;unmapped-global:_ZZN2YS7BITFLAGILj10EtE3setEjEs_2;unmapped-global:LV_18	
002ae908	00335a00	396	branchy	86.35	near	71.81		positional:is_get->002ae890;arity-pad:func_002ae890	
002aeba0	00353c7c	328	loop	88.27	near	46.88		positional:Exit->0031acc0;arity-pad:func_0023f848;this-pad:func_00239870;globals:6ppc/5ps2;unmapped-global:m_ImageInfo;fix-assign-cast;fix-assign-cast;static-unmapped;variant:no_gvote	
002aed60	003507b8	688	loop	88.02	near	67.1		stack-locals:4;this-pad:func_00139620;this-pad:func_0023aa78;this-pad:func_00288d80;this-pad:func_002891b8;arity-pad:func_00138c68;this-pad:func_001395f8;this-pad:func_002891f0;this-pad:func_0028af90;this-pad:func_0028afd0;this-pad:func_0028b218;this-pad:func_0028b248;gvote:m_pri->0035f3d4;gvote:m_MenuPtr->0035f200;raw-view:5	
002af0a0	0034ea64	884	branchy	95.31	near	65.65		positional:ErrorPrintf->0028acc8;positional:ErrorRaise->00287f90;this-pad:func_00289380;this-pad:func_00139d78;this-pad:func_0028af18;this-pad:func_00289310;this-pad:func_002891e8;this-pad:func_0028b038;gvote:m_MenuPtr->0035f200;gdims:s_TopInfo	
002af418	0034e2a0	812	loop	75.06	near	53.65		stack-locals:4;this-pad:func_00139620;this-pad:func_0023aa78;this-pad:func_00288d80;this-pad:func_002891b8;arity-pad:func_00138c68;this-pad:func_001395f8;this-pad:func_002891f0;this-pad:func_0028af90;this-pad:func_0028afd0;this-pad:func_0028b218;this-pad:func_0028b248;gvote:m_pri->0035f3d4;gvote:m_MenuPtr->0035f200;gvote:m_ImageInfo->0035f630;raw-view:7	
002af748	00350b28	932	branchy	96.24	near	56.37		positional:ErrorPrintf->0028acc8;positional:ErrorRaise->00287f90;this-pad:func_00289380;this-pad:func_00139d78;this-pad:func_0028af18;this-pad:func_00289310;this-pad:func_002891e8;this-pad:func_0028b038;gvote:m_MenuPtr->0035f200;globals:5ppc/2ps2;unmapped-global:m_ImageInfo;gdims:__LNst__ZN2Tz8JmPuzzle7Pos2IdxEi_0;unmapped-global:__LNst__ZN2Tz8JmPuzzle7Pos2IdxEi_0;gdims:__LNst__ZN2Tz8JmPuzzle8InitInfoEv_3;unmapped-global:__LNst__ZN2Tz8JmPuzzle8InitInfoEv_3;static-unmapped	
002afaf0	00350154	804	loop	65.90	compile	0.0	002afaf0.cpp:908: cannot	positional:SetPuzzlePieceFlg->002b3420;positional:decode->002b1aa0;this-pad:func_00139620;arity-pad:func_001395f8;this-pad:func_0023aa98;arity-pad:func_00138c68;gvote:m_Info->0035f638;gvote:s_DivisionInfo->00374cd0;gvote:m_pri->0035f3d4;gvote:m_SeqTbl->0035f634;gdims:s_DivisionInfo;raw-view:6;fix-retype:SeqTbl->Tz::Jiminy::SeqTbl;fix-assign-cast;fix-assign-cast	
002afe18	003525f8	956	branchy	77.08	near	37.18		positional:ErrorPrintf->00287f90;positional:ErrorRaise->002b2840;this-pad:func_0023f900;this-pad:func_002a1cd8;this-pad:func_00139510;this-pad:func_002891e8;this-pad:func_0028b038;globals:6ppc/2ps2;unmapped-global:__LNst__ZN2Tz8JmPuzzle7Pos2IdxEi_0;unmapped-global:__LNst__ZN2Tz8JmPuzzle8InitInfoEv_3;unmapped-global:m_SeqTbl;unmapped-global:m_MenuPtr;raw-view:14;static-unmapped;variant:no_dims,no_gvote	
002b01d8	0034d7a4	1052	loop	74.41	near	57.34		stack-locals:4;arity-pad:func_0028f4d8;arity-pad:func_00139620;arity-pad:func_00288d80;arity-pad:func_002891b8;arity-pad:func_001395f8;arity-pad:func_0023aa78;arity-pad:func_00192b80;arity-pad:func_0028af90;arity-pad:func_002891f0;arity-pad:func_0028afd0;arity-pad:func_0023f1b0;arity-pad:func_0023c4b8;arity-pad:func_00236ca8;arity-pad:func_0028be78;arity-pad:func_0028af88;arity-pad:func_0028af18;arity-pad:func_0028b218;arity-pad:func_0028b248;arity-pad:func_0028b1e8;gvote:m_pri->0035f3d4;gvote:m_MenuPtr->0035f200;gvote:m_SeqTbl->0035f634;gvote:m_Info->0035f638;gvote:m_SclBar->0035f214;globals:9ppc/10ps2;raw-view:4;fix-arity:func_0028f4d8;variant:no_thispad	
002b05f8	00352dc8	852	branchy	93.05	near	33.11		positional:ErrorPrintf->0028acc8;positional:ErrorRaise->00287f90;this-pad:func_00289380;this-pad:func_00139d78;this-pad:func_0028af18;this-pad:func_00289310;this-pad:func_0028b038;arity-pad:func_0028be78;this-pad:func_002891e8;gvote:m_MenuPtr->0035f200;gvote:m_SclBar->0035f214;globals:6ppc/3ps2;unmapped-global:m_ImageInfo;gdims:__LNst__ZN2Tz8JmPuzzle7Pos2IdxEi_0;unmapped-global:__LNst__ZN2Tz8JmPuzzle7Pos2IdxEi_0;gdims:__LNst__ZN2Tz8JmPuzzle8InitInfoEv_3;unmapped-global:__LNst__ZN2Tz8JmPuzzle8InitInfoEv_3;static-unmapped	
002b0950	0035229c	1168	loop	67.54	near	0.0		gvote:m_Info->0035f638;globals:1ppc/2ps2	
002b0e78	00351d98	332	branchy	58.05	near	41.32		dropped:ErrorPrintfx1;dropped:ErrorRaisex1;gvote:m_Info->0035f638;globals:5ppc/1ps2;gdims:s_DivisionInfo;unmapped-global:s_DivisionInfo;gdims:_ZZN2YS7BITFLAGILj48EjE3setEjEs_0;unmapped-global:_ZZN2YS7BITFLAGILj48EjE3setEjEs_0;gdims:_ZZN2YS7BITFLAGILj48EjE3setEjEs_2;unmapped-global:_ZZN2YS7BITFLAGILj48EjE3setEjEs_2;unmapped-global:LV_0;static-unmapped	
002b0fc8	00351874	576	branchy	38.99	near	40.87		dropped:ErrorPrintfx3;dropped:ErrorRaisex3;gvote:m_Info->0035f638;globals:8ppc/1ps2;gdims:s_DivisionInfo;unmapped-global:s_DivisionInfo;gdims:__LNst__ZN2Tz8JmPuzzle8PieceSelEj_0;unmapped-global:__LNst__ZN2Tz8JmPuzzle8PieceSelEj_0;gdims:__LNst__ZN2Tz8JmPuzzle8InitInfoEv_3;unmapped-global:__LNst__ZN2Tz8JmPuzzle8InitInfoEv_3;gdims:LS_139_LV_18;unmapped-global:LS_139_LV_18;gdims:_ZZN2YS7BITFLAGILj48EjE3setEjEs_0;unmapped-global:_ZZN2YS7BITFLAGILj48EjE3setEjEs_0;gdims:_ZZN2YS7BITFLAGILj48EjE3setEjEs_2;unmapped-global:_ZZN2YS7BITFLAGILj48EjE3setEjEs_2;unmapped-global:LV_0;static-unmapped	
002b1208	00351c5c	152	loop	70.47	near	41.18		dropped:ErrorPrintfx1;dropped:ErrorRaisex1;gvote:m_ImageInfo->0035f630;globals:4ppc/1ps2;gdims:__LNst__ZN2Tz8JmPuzzle11ChangeImageEj_0;unmapped-global:__LNst__ZN2Tz8JmPuzzle11ChangeImageEj_0;gdims:__LNst__ZN2Tz8JmPuzzle8InitInfoEv_3;unmapped-global:__LNst__ZN2Tz8JmPuzzle8InitInfoEv_3;gdims:LS_142_LV_19;unmapped-global:LS_142_LV_19	
002b12a0	00351004	588	straight	81.43	compile	0.0	002b12a0.cpp:2839: cannot	arity-pad:func_00139620;arity-pad:func_001395f8;this-pad:func_00192c90;this-pad:func_0023aa18;this-pad:func_0023aa38;arity-pad:func_00138c68;this-pad:func_00139688;gvote:m_SeqTbl->0035f634;gvote:m_Info->0035f638;gvote:0x71789a->00374ce8;raw-view:10;fix-arg:func_00192c90:2;fix-assign-cast	
002b14f0	0035325c	368	branchy	96.76	compile	0.0	002b14f0.cpp:2803: cannot	simmap:ChkLoadEntry->00281d48;byname:FadeOut->0028dac8;positional:decode->00167f18;arity-pad:func_0013c698;arity-pad:func_00139620;this-pad:func_00139580;gvote:m_SeqTbl->0035f634;globals:6ppc/2ps2;unmapped-global:m_SeqUnit;unmapped-global:m_ImgUnit;unmapped-global:m_Lay;unmapped-global:m_Info;raw-view:10;fix-retype:SeqTbl->Tz::Jiminy::SeqTbl;fix-arity:func_0013c698;fix-arity:func_00139768;fix-assign-cast;fix-assign-cast	
002b1708	00350640	328	loop	86.85	near	71.46		positional:isPuzzlePieceHist->00192048;this-pad:func_002892f8;this-pad:func_00138c10;this-pad:func_002891b8;gvote:m_MenuPtr->0035f200;globals:2ppc/4ps2;gdims:s_TopInfo;raw-view:3	
002b1850	0034dcd8	428	loop	71.57	near	37.49		positional:isPuzzlePieceHist->002ac538;this-pad:func_002892f8;this-pad:func_00138c10;this-pad:func_0028afa8;this-pad:func_002891b8;gvote:m_MenuPtr->0035f200;gvote:m_ImageInfo->0035f630;globals:2ppc/4ps2;raw-view:3	
002b1a00	0034d5c4	156	loop	66.90	near	54.9		dropped:ErrorPrintfx1;dropped:ErrorRaisex1;globals:3ppc/2ps2;gdims:s_HelpInfo;gdims:__LNst__ZN2Tz8JmPuzzle8InitInfoEv_3;gdims:LS_85_LV_10;unmapped-global:LS_85_LV_10	
002b1bd0	0034f95c	488	loop	70.67	near	49.75		stack-locals:1;dropped:ErrorPrintfx1;dropped:ErrorRaisex1;arity-pad:func_00138c10;this-pad:func_00239558;gvote:s_DivisionInfo->00374cd0;gvote:m_Info->0035f638;gvote:m_SeqTbl->0035f634;globals:6ppc/4ps2;gdims:s_DivisionInfo;gdims:_ZZNK2YS7BITFLAGILj48EjE5checkEjEs_0;unmapped-global:_ZZNK2YS7BITFLAGILj48EjE5checkEjEs_0;gdims:_ZZNK2YS7BITFLAGILj48EjE5checkEjEs_2;unmapped-global:_ZZNK2YS7BITFLAGILj48EjE5checkEjEs_2	
002b1db8	0034dee0	764	loop	0.00	near	20.16		dropped:ErrorPrintfx2;dropped:ErrorRaisex2;this-pad:func_00192c90;gvote:m_ImageInfo->0035f630;gvote:m_Info->0035f638;globals:7ppc/2ps2;gdims:__LNst__ZN2Tz8JmPuzzle12GetImageInfoEi_0;unmapped-global:__LNst__ZN2Tz8JmPuzzle12GetImageInfoEi_0;gdims:__LNst__ZN2Tz8JmPuzzle8InitInfoEv_3;unmapped-global:__LNst__ZN2Tz8JmPuzzle8InitInfoEv_3;unmapped-global:LS_93_LV_12;gdims:_ZZNK2YS7BITFLAGILj10EtE5checkEjEs_0;unmapped-global:_ZZNK2YS7BITFLAGILj10EtE5checkEjEs_0;gdims:_ZZNK2YS7BITFLAGILj10EtE5checkEjEs_2;unmapped-global:_ZZNK2YS7BITFLAGILj10EtE5checkEjEs_2	
002b24c8	0034fde8	768	loop	75.74	near	63.92		stack-locals:1;this-pad:func_0023f1b0;this-pad:func_0023c4b8;this-pad:func_0023f988;this-pad:func_002362b0;arity-pad:func_001386e0;this-pad:func_00139620;arity-pad:func_00138c68;this-pad:func_00239558;gvote:m_Info->0035f638;gvote:m_pri->0035f3d4;gvote:m_SeqTbl->0035f634;gvote:s_DivisionInfo->00374cd0;globals:5ppc/7ps2;gdims:s_DivisionInfo;raw-view:2	
002b28b0	0034ef9c	360	branchy	37.68	near	43.91		dropped:ErrorPrintfx3;dropped:ErrorRaisex1;gvote:s_DivisionInfo->00374cd0;gdims:s_DivisionInfo	
002b2a18	0034f5ec	616	loop	62.45	compile	0.0	002b2a18.cpp:811: `struct	dropped:ErrorPrintfx1;dropped:ErrorRaisex1;this-pad:func_0023f1b0;this-pad:func_0023c4b8;arity-pad:func_001386e0;this-pad:func_00139620;this-pad:func_00139570;gvote:m_SeqTbl->0035f634;gvote:m_pri->0035f3d4;globals:10ppc/8ps2;gdims:s_MarkSeq;gdims:__LNst__ZN2Tz8JmPuzzle12CreateCursorEv_0;gdims:__LNst__ZN2Tz8JmPuzzle8InitInfoEv_3;unmapped-global:__LNst__ZN2Tz8JmPuzzle8InitInfoEv_3;gdims:LS_112_LV_14;unmapped-global:LS_112_LV_14;raw-view:6;fix-retype:SeqTbl->Tz::Jiminy::SeqTbl;fix-assign-cast	
002b2da8	0034f344	380	branchy	85.46	near	44.11		dropped:ErrorPrintfx2;dropped:ErrorRaisex2;this-pad:func_001396c0;this-pad:func_00139580;arity-pad:func_00138c10;gvote:m_SeqTbl->0035f634;globals:6ppc/2ps2;gdims:s_MarkSeq;gdims:__LNst__ZN2Tz8JmPuzzle10ShowCursorEi_0;unmapped-global:__LNst__ZN2Tz8JmPuzzle10ShowCursorEi_0;gdims:__LNst__ZN2Tz8JmPuzzle8InitInfoEv_3;unmapped-global:__LNst__ZN2Tz8JmPuzzle8InitInfoEv_3;gdims:LS_107_LV_13;unmapped-global:LS_107_LV_13;gdims:__LNst__ZN2Tz8JmPuzzle10ShowCursorEi_1;unmapped-global:__LNst__ZN2Tz8JmPuzzle10ShowCursorEi_1;raw-view:4	
002b2f28	00351348	292	branchy	85.34	near	72.25		dropped:ErrorPrintfx2;dropped:ErrorRaisex2;this-pad:func_001396c0;this-pad:func_00139570;this-pad:func_00138c10;gvote:m_SeqTbl->0035f634;globals:6ppc/2ps2;gdims:s_MarkSeq;gdims:__LNst__ZN2Tz8JmPuzzle10ShowCursorEi_0;unmapped-global:__LNst__ZN2Tz8JmPuzzle10ShowCursorEi_0;gdims:__LNst__ZN2Tz8JmPuzzle8InitInfoEv_3;unmapped-global:__LNst__ZN2Tz8JmPuzzle8InitInfoEv_3;unmapped-global:LS_133_LV_16;gdims:__LNst__ZN2Tz8JmPuzzle10ShowCursorEi_1;unmapped-global:__LNst__ZN2Tz8JmPuzzle10ShowCursorEi_1;raw-view:3	
002b3050	0034f13c	368	branchy	80.85	near	53.54		stack-locals:1;this-pad:func_00239558;gvote:m_Info->0035f638;gvote:m_SeqTbl->0035f634;globals:3ppc/2ps2;gdims:s_DivisionInfo;unmapped-global:s_DivisionInfo;raw-view:4;static-unmapped	
002b31c0	00353620	340	straight	75.22	near	78.93		this-pad:func_0028b040;this-pad:func_0014b950;this-pad:func_0014b9a8;arity-pad:func_0023aa58;arity-pad:func_0023aa78;this-pad:func_001a98e8;this-pad:func_001aa6d0;this-pad:func_001a9ae8;gvote:m_MenuPtr->0035f200;gvote:m_Scissor->0035f224;gvote:m_Info->0035f638	
002b3318	00351654	264	loop	76.39	near	33.29		dropped:ErrorPrintfx2;dropped:ErrorRaisex2;globals:7ppc/1ps2;gdims:s_DivisionInfo;gdims:__LNst__ZN2Tz8JmPuzzle12CalcMaxPieceEi_0;unmapped-global:__LNst__ZN2Tz8JmPuzzle12CalcMaxPieceEi_0;gdims:__LNst__ZN2Tz8JmPuzzle8InitInfoEv_3;unmapped-global:__LNst__ZN2Tz8JmPuzzle8InitInfoEv_3;gdims:LS_136_LV_17;unmapped-global:LS_136_LV_17;gdims:_ZZN2YS7BITFLAGILj10EtE3setEjEs_0;unmapped-global:_ZZN2YS7BITFLAGILj10EtE3setEjEs_0;gdims:_ZZN2YS7BITFLAGILj10EtE3setEjEs_2;unmapped-global:_ZZN2YS7BITFLAGILj10EtE3setEjEs_2;gdims:LV_3;unmapped-global:LV_3	
002b3440	00353ffc	1220	loop	23.64	near	26.04		stack-locals:2;positional:is_get->002b3ac8;dropped:ErrorPrintfx10;dropped:ErrorRaisex10;arity-pad:func_002b3ac8;globals:16ppc/0ps2;gdims:_ZZN2YS7BITFLAGILj48EjE3setEjEs;unmapped-global:_ZZN2YS7BITFLAGILj48EjE3setEjEs;gdims:_ZZN2YS7BITFLAGILj48EjE3setEjEs_0;unmapped-global:_ZZN2YS7BITFLAGILj48EjE3setEjEs_0;unmapped-global:LV_0;gdims:_ZZN2YS7BITFLAGILj48EjE3setEjEs_2;unmapped-global:_ZZN2YS7BITFLAGILj48EjE3setEjEs_2;gdims:_ZZNK2YS7BITFLAGILj48EjE5checkEjEs;unmapped-global:_ZZNK2YS7BITFLAGILj48EjE5checkEjEs;gdims:s_DivisionInfo;unmapped-global:s_DivisionInfo;gdims:_ZZNK2YS7BITFLAGILj48EjE5checkEjEs_0;unmapped-global:_ZZNK2YS7BITFLAGILj48EjE5checkEjEs_0;gdims:_ZZNK2YS7BITFLAGILj48EjE5checkEjEs_2;unmapped-global:_ZZNK2YS7BITFLAGILj48EjE5checkEjEs_2;gdims:_ZZN2YS7BITFLAGILj48EjE5resetEjEs_0;unmapped-global:_ZZN2YS7BITFLAGILj48EjE5resetEjEs_0;gdims:_ZZN2YS7BITFLAGILj48EjE5resetEjEs_2;unmapped-global:_ZZN2YS7BITFLAGILj48EjE5resetEjEs_2;gdims:__LNst__ZN2Tz8JmPuzzle12CalcMaxPieceEi_0;unmapped-global:__LNst__ZN2Tz8JmPuzzle12CalcMaxPieceEi_0;gdims:__LNst__ZN2Tz8JmPuzzle8InitInfoEv_3;unmapped-global:__LNst__ZN2Tz8JmPuzzle8InitInfoEv_3;gdims:LS_136_LV_17;unmapped-global:LS_136_LV_17;gdims:__LNst__ZN2Tz8JmPuzzle8SetPieceEv_0;unmapped-global:__LNst__ZN2Tz8JmPuzzle8SetPieceEv_0;gdims:LS_169_LV_25;unmapped-global:LS_169_LV_25;gdims:__LNst__ZN2Tz8JmPuzzle8SetPieceEv_1;unmapped-global:__LNst__ZN2Tz8JmPuzzle8SetPieceEv_1;fix-assign-cast;fix-assign-cast;fix-assign-cast;fix-assign-cast;static-unmapped	
002b3ae8	00354b30	120	loop	54.60	near	53.1		positional:is_get->001d9d48;arity-pad:func_001d9d48	
002b3b78	003537c4	192	switch	89.22	near	0.74		dropped:ErrorPrintfx1;dropped:ErrorRaisex1;gvote:m_ImageInfo->0035f630;globals:4ppc/2ps2;gdims:__LNst__ZN2Tz8JmPuzzle7Pos2IdxEi_0;gdims:__LNst__ZN2Tz8JmPuzzle8InitInfoEv_3;unmapped-global:__LNst__ZN2Tz8JmPuzzle8InitInfoEv_3;gdims:LS_159_LV_20;unmapped-global:LS_159_LV_20	
002b3c38	00351fa0	200	branchy	57.23	near	46.61		gvote:m_Info->0035f638;globals:2ppc/1ps2;gdims:s_DivisionInfo;unmapped-global:s_DivisionInfo;static-unmapped	
002b4070	003c7164	768	branchy	81.77	near	76.69		this-pad:func_0023f1e0;this-pad:func_0023f7d8;this-pad:func_0023aa98;this-pad:func_0023f6c0;this-pad:func_0023f688;this-pad:func_001395f8	Tz::SmHelpMsg|m_Help|4|4|0;Tz::SmHelpMsg|m_Info|8|8|4
002b4440	0030df24	864	loop	78.73	near	50.58		byname:ErrorRaise->0031a838;dropped:ErrorPrintfx4;this-pad:func_002889f0;arity-pad:func_00288f48;this-pad:func_00239700;this-pad:func_0028b9b0;this-pad:func_0028d0f8;gvote:Allocator->0032ba14;gvote:m_Lay->0035f664;gvote:m_WarningPtr->0035f654;gvote:m_Time->0035f670;gvote:m_Place->0035f668;gvote:m_Munny->0035f66c;gvote:m_SclBar->0035f678;gvote:m_Light->0035f67c;gvote:m_WaningPadWait->0035f6d0;gvote:m_ListMsg->0035f680;gvote:m_MenuPtr->0035f64c;gvote:m_SelPtr->0035f650;gvote:sm_manager_ptr->00347f80;gvote:m_ListBase->0035f658;gvote:m_ListMsgBuff->0035f65c;gvote:m_DrawListMsg->0035f660;gvote:m_HelpMess->0035f6c0;gvote:m_HelpBuff->0035f6c4;gvote:m_WarningBuff->0035f6c8;gvote:m_pri->0035f3d4;globals:28ppc/29ps2;gdims:m_ListMsg;gdims:m_ListGra;gdims:_ZZN2dk5Obj2DnwEjEs_0;gdims:_ZZN2dk5Obj2DnwEjEs_2;fix-arity:func_0023fd40;fix-assign-cast	
002b47a0	0030e59c	804	loop	96.78	near	81.44		this-pad:func_00288b00;arity-pad:func_0028fdd0;this-pad:func_00290300;this-pad:func_0028ba80;gvote:m_MenuPtr->0035f64c;gvote:m_ImgUnit->0035f640;gvote:m_SeqUnit->0035f644;gvote:m_DummySeq->0035f648;gvote:m_SeqTbl->0035f6cc;gvote:m_SelPtr->0035f650;gvote:m_WarningPtr->0035f654;gvote:m_ListBase->0035f658;gvote:m_ListMsgBuff->0035f65c;gvote:m_ListMsg->0035f680;gvote:m_DrawListMsg->0035f660;gvote:m_Lay->0035f664;gvote:m_Place->0035f668;gvote:m_Munny->0035f66c;gvote:Allocator->0032ba14;gvote:m_Time->0035f670;gvote:m_SclBar->0035f678;gvote:m_Light->0035f67c;gvote:m_HelpMess->0035f6c0;gvote:m_HelpBuff->0035f6c4;gvote:m_WarningBuff->0035f6c8;globals:23ppc/24ps2;gdims:m_ListMsg;gdims:m_ListGra;fix-assign-cast	
002b4b00	002818a4	268	loop	86.91	near	56.96		positional:ChgItemCntHelpMess->00240ba0;this-pad:func_00288d80;this-pad:func_002891b8;this-pad:func_0023aa78;this-pad:func_0023aa98;this-pad:func_00288e08;this-pad:func_00139620;this-pad:func_001395f8;this-pad:func_002891f0;this-pad:func_0028af28;globals:6ppc/5ps2;unmapped-global:0x70d0b4;static-unmapped	
002b4c10	0030bd2c	116	straight	91.03	near	28.69		positional:decode->002b5108;dropped:ErrorPrintfx2;dropped:ErrorRaisex2;globals:7ppc/1ps2;unmapped-global:m_WarningBuff;gdims:__LNst__ZN2Tz8CmSLBase14SetupSlotCheckEv_0;unmapped-global:__LNst__ZN2Tz8CmSLBase14SetupSlotCheckEv_0;gdims:__LNst__ZN2Tz8CmSLBase14SetWarningMessEii_3;unmapped-global:__LNst__ZN2Tz8CmSLBase14SetWarningMessEii_3;gdims:LS_70_LV_2;unmapped-global:LS_70_LV_2;gdims:__LNst__ZN2Tz8CmSLBase14SetWarningMessEii_1;unmapped-global:__LNst__ZN2Tz8CmSLBase14SetWarningMessEii_1;gdims:LS_66_LV_1;unmapped-global:LS_66_LV_1;static-unmapped	
002b4dd0	0030bbcc	272	branchy	96.00	near	38.93		arity-pad:func_00138c10;this-pad:func_00139620;gvote:m_WarningPtr->0035f654;gvote:m_SeqTbl->0035f6cc;gvote:m_SeqUnit->0035f644;gvote:m_ImgUnit->0035f640;gvote:m_Lay->0035f664;gvote:m_WaningPadWait->0035f6d0;globals:6ppc/12ps2	
002b5188	0030d024	776	loop	77.88	near	69.03		stack-locals:1;positional:GetNewestPos->00287cc0;dropped:ErrorPrintfx1;dropped:ErrorRaisex1;this-pad:func_0023f1b0;this-pad:func_0023c4b8;this-pad:func_00236ca8;this-pad:func_0028bae0;this-pad:func_00288d80;this-pad:func_002891b8;this-pad:func_001395f8;this-pad:func_00288e08;this-pad:func_00139620;this-pad:func_0028af90;this-pad:func_002891f0;this-pad:func_0028b218;this-pad:func_0028b248;gvote:m_ListBase->0035f658;gvote:m_SeqUnit->0035f644;gvote:m_ImgUnit->0035f640;gvote:m_Lay->0035f664;gvote:m_SeqTbl->0035f6cc;gvote:m_pri->0035f3d4;gvote:m_SclBar->0035f678;gvote:m_MenuPtr->0035f64c;gvote:m_DummySeq->0035f648;gvote:m_ListMsg->0035f680;globals:14ppc/15ps2;gdims:__LNst__ZN2Tz8CmSLBase9SetupListEPKsi_0;gdims:__LNst__ZN2Tz8CmSLBase14SetWarningMessEii_3;gdims:LS_96_LV_8	
002b57e0	0030ce2c	408	loop	78.49	near	34.67		this-pad:func_002891b8;arity-pad:func_001396b0;this-pad:func_00139620;this-pad:func_00139660;this-pad:func_00139688;gvote:m_pri->0035f3d4;gvote:m_SeqUnit->0035f644;gvote:m_ImgUnit->0035f640;gvote:m_DummySeq->0035f648;gvote:m_Lay->0035f664;gvote:m_MenuPtr->0035f64c;gdims:m_ListGra	
002b5c30	0030c73c	1204	loop	60.17	near	35.61		stack-locals:1;positional:ErrorPrintf->00192048;positional:ErrorRaise->002b5b10;this-pad:func_0028b038;this-pad:func_0028afa8;this-pad:func_0028be78;this-pad:func_002892f8;this-pad:func_002891b8;this-pad:func_00192c40;this-pad:func_00192b30;this-pad:func_00138c10;gvote:m_MenuPtr->0035f64c;gvote:m_SclBar->0035f678;gvote:m_ListMsgBuff->0035f65c;gvote:m_DummySeq->0035f648;globals:13ppc/11ps2;gdims:s_GameLevelMess;gdims:m_ListGra;gdims:s_WorldGraSeqNum;gdims:__LNst__ZN2Tz8CmSLBase11GetWorldGraEii_0;gdims:__LNst__ZN2Tz8CmSLBase14SetWarningMessEii_3;gdims:__LNst__ZN2Tz8CmSLBase14UpdateListMessEi_4;gdims:LS_91_LV_7;unmapped-global:LS_91_LV_7;gdims:s_FaceGraSeqNum;unmapped-global:s_FaceGraSeqNum;static-unmapped	
002b6138	0030db48	256	loop	67.01	near	31.03		dropped:ErrorPrintfx2;dropped:ErrorRaisex2;this-pad:func_001a98e8;this-pad:func_001a9ae8;gvote:m_ListMsg->0035f680;gvote:m_DrawListMsg->0035f660;globals:8ppc/2ps2;gdims:LS_113_s_Info;unmapped-global:LS_113_s_Info;gdims:__LNst__ZN2Tz8CmSLBase9SetupListEPKsi_0;unmapped-global:__LNst__ZN2Tz8CmSLBase9SetupListEPKsi_0;gdims:__LNst__ZN2Tz8CmSLBase14SetWarningMessEii_3;unmapped-global:__LNst__ZN2Tz8CmSLBase14SetWarningMessEii_3;gdims:LS_115_LV_12;unmapped-global:LS_115_LV_12;gdims:__LNst__ZN2Tz8CmSLBase14GetListMessPosEi_0;unmapped-global:__LNst__ZN2Tz8CmSLBase14GetListMessPosEi_0;gdims:LS_113_LV_11;unmapped-global:LS_113_LV_11;static-unmapped	
002b7010	00386f74	104	straight	17.90	near	17.06			Tz::TimeDraw|m_ParentSeq|8|8|28;Tz::TimeDraw|m_ParentSeq|8|8|28
002b7148	0038701c	292	loop	0.00	near	0.0		globals:0ppc/2ps2	Tz::TimeDraw|m_ParentSeq|8|8|18;Tz::TimeDraw|m_DummySeq|10|10|0;Tz::TimeDraw|m_ParentSeq|8|8|18
002b73ac	00388408	96	straight	0.00	compile	0.0	linker did not place `func_002b73ac` at 0x002b73ac (found func_002b73ac in the object; check -ffunction-sections section name)	positional:ReleaseImage->002b6708;dropped:ErrorPrintfx1;dropped:ErrorRaisex1;globals:9ppc/0ps2;unmapped-global:m_EntryCnt;unmapped-global:m_Entry;unmapped-global:m_FileMax;unmapped-global:m_LoadPos;unmapped-global:m_BackRead;unmapped-global:m_FInfo;gdims:_ZZN2Tz8UnitLoad11GetEntryPosEiEs_0;unmapped-global:_ZZN2Tz8UnitLoad11GetEntryPosEiEs_0;gdims:_ZZN2Tz8UnitLoad11GetEntryPosEiEs_2;unmapped-global:_ZZN2Tz8UnitLoad11GetEntryPosEiEs_2;unmapped-global:LV_1;static-unmapped	
002b740c	00388570	52	straight	0.00	compile	0.0	linker did not place `func_002b740c` at 0x002b740c (found func_002b740c in the object; check -ffunction-sections section name)	unmapped-call:ReleaseImage;unmapped-call:DeleteEntryAll;dropped:DeleteEntryAllx1;dropped:ReleaseImagex1;globals:3ppc/0ps2;unmapped-global:m_LoadPos;unmapped-global:m_FileMax;unmapped-global:m_FInfo;static-unmapped	
002b9c80	0013ad48	512	loop	98.03	near	33.76		positional:ErrorPrintf->002ba1b8;positional:ErrorRaise->002ba1b8;positional:_printf->002ba188;positional:SslCommandSend->002ba188;fix-arity:func_002ba1b8;fix-arity:func_002ba188;fix-arity:func_002ba1b8;fix-arity:func_002ba188;variant:no_dims	
002ba3b8	0013c2a0	44	straight	40.00	near	57.82		stack-locals:1	
002bacc0	0013cc54	84	straight	60.81	near	60.81		this-pad:func_00102818;gvote:SystemTask->0032b91c	
002bad20	0013ccbc	532	loop	16.40	near	7.65		positional:bgmTransfer->002ba1a0;dropped:ErrorPrintfx7;dropped:ErrorRaisex5;this-pad:func_00102448;globals:13ppc/5ps2;gdims:_ZZN2YS5SLISTI8TRANSFERLi0EE6unlinkEPS1_Es_0;gdims:_ZZN2YS5SLISTI8TRANSFERLi0EE6unlinkEPS1_Es_2;unmapped-global:_ZZN2YS5SLISTI8TRANSFERLi0EE6unlinkEPS1_Es_2;gdims:_ZZN2YS11CLASS_BLOCKI8TRANSFERLi32EE4freeEPS1_Es_0;unmapped-global:_ZZN2YS11CLASS_BLOCKI8TRANSFERLi32EE4freeEPS1_Es_0;gdims:_ZZN2YS11CLASS_BLOCKI8TRANSFERLi32EE4freeEPS1_Es_2;unmapped-global:_ZZN2YS11CLASS_BLOCKI8TRANSFERLi32EE4freeEPS1_Es_2;unmapped-global:LV_2;gdims:_ZZN2YS11CLASS_BLOCKI8TRANSFERLi32EE4freeEPS1_Es_3;unmapped-global:_ZZN2YS11CLASS_BLOCKI8TRANSFERLi32EE4freeEPS1_Es_3;gdims:__LNst__ZN8TRANSFER8sendTaskEP4TASK_5;unmapped-global:__LNst__ZN8TRANSFER8sendTaskEP4TASK_5;gdims:__LNst__ZN8TRANSFER8sendTaskEP4TASK_3;unmapped-global:__LNst__ZN8TRANSFER8sendTaskEP4TASK_3;gdims:LS_27_LV_3;unmapped-global:LS_27_LV_3	
002bb8b0	001383e0	156	float	52.37	near	42.27		positional:SslSeDisappers->002b740c;globals:0ppc/1ps2	SE3D|m_type|31|33|31
002bb9b8	00138660	524	branchy	57.89	compile	0.0	002bb9b8.cpp:149: cannot	stack-locals:1;simmap:checkVolume->002bb8b0;simmap:checkVolume->002bb8b0;simmap:checkVolume->002bb8b0;positional:calc->002bb5f8;positional:SslSeCreate->002bb950;positional:SslSeStart->002bb950;positional:SslSeVolume2->002bb5f8;unmapped-call:MovePosition;dropped:MovePositionx1;arity-pad:func_002bb5f8;arity-pad:func_002bb8b0;arity-pad:func_002bb510;arity-pad:func_002bbf68;globals:1ppc/0ps2;unmapped-global:s_seList;fix-arity:func_002bb5f8;fix-arg:func_002bb950:4;fix-arity:func_002bb5f8;fix-arg:func_002bb950:4;fix-arg:func_002bb950:4;fix-arg:func_002bb950:4	
002bbe38	0013981c	68	loop	68.71	near	35.95		dropped:_printfx1;gvote:s_seList->01e2aa80;globals:2ppc/1ps2;gdims:__LNst__ZN5SOUND10muteBgSeOnEv_0;unmapped-global:__LNst__ZN5SOUND10muteBgSeOnEv_0	
002bbe80	001398a8	76	loop	61.47	near	13.76		dropped:_printfx1;gvote:s_seList->01e2aa80;globals:2ppc/1ps2;gdims:__LNst__ZN5SOUND11muteBgSeOffEv_0;unmapped-global:__LNst__ZN5SOUND11muteBgSeOffEv_0	
002bbed0	00139938	68	loop	68.71	near	35.95		dropped:_printfx1;gvote:s_seList->01e2aa80;globals:2ppc/1ps2;gdims:__LNst__ZN5SOUND12silentBgSeOnEv_0;unmapped-global:__LNst__ZN5SOUND12silentBgSeOnEv_0	
002bbf18	001399c4	76	loop	61.47	near	13.76		dropped:_printfx1;gvote:s_seList->01e2aa80;globals:2ppc/1ps2;gdims:__LNst__ZN5SOUND13silentBgSeOffEv_0;unmapped-global:__LNst__ZN5SOUND13silentBgSeOffEv_0	
002bbf98	00139084	340	loop	26.23	near	25.0		positional:calcSe->002bbd58;unmapped-call:calcIopVoice;unmapped-call:calcVsbVoice;dropped:ErrorPrintfx3;dropped:calcIopVoicex1;dropped:calcVsbVoicex1;dropped:ErrorRaisex3;arity-pad:func_002bbd58;gvote:s_seList->01e2aa80;gvote:s_seBuff->01e2aa90;globals:11ppc/6ps2;gdims:_ZZN2YS5SLISTI4SE3DLi0EE6unlinkEPS1_Es_0;gdims:_ZZN2YS5SLISTI4SE3DLi0EE6unlinkEPS1_Es_2;unmapped-global:_ZZN2YS5SLISTI4SE3DLi0EE6unlinkEPS1_Es_2;gdims:_ZZN2YS11CLASS_BLOCKI4SE3DLi64EE4freeEPS1_Es_0;unmapped-global:_ZZN2YS11CLASS_BLOCKI4SE3DLi64EE4freeEPS1_Es_0;gdims:_ZZN2YS11CLASS_BLOCKI4SE3DLi64EE4freeEPS1_Es_2;unmapped-global:_ZZN2YS11CLASS_BLOCKI4SE3DLi64EE4freeEPS1_Es_2;unmapped-global:LV_5;gdims:_ZZN2YS11CLASS_BLOCKI4SE3DLi64EE4freeEPS1_Es_3;unmapped-global:_ZZN2YS11CLASS_BLOCKI4SE3DLi64EE4freeEPS1_Es_3	
002bc0f0	001395b4	100	branchy	66.97	near	59.96		dropped:_printfx2;gvote:s_disable->003616f0;gvote:s_seBuff->01e2aa90;globals:6ppc/3ps2;unmapped-global:0xa352e0;gdims:__LNst__ZN4SE3D14checkErrorBankEv_1;unmapped-global:__LNst__ZN4SE3D14checkErrorBankEv_1;gdims:__LNst__ZN5SOUND7allocSeEv_0;unmapped-global:__LNst__ZN5SOUND7allocSeEv_0;static-unmapped	
002bc398	00139fe8	84	branchy	99.76	near	41.17		arity-pad:func_002bb5a8;globals:1ppc/0ps2;unmapped-global:s_seList;static-unmapped	
002bc470	001393ec	164	loop	51.27	near	23.78		dropped:_printfx2;arity-pad:func_002bbf68;gvote:s_seList->01e2aa80;globals:3ppc/1ps2;gdims:__LNst__ZN5SOUND13destroySeBankEi_0;unmapped-global:__LNst__ZN5SOUND13destroySeBankEi_0;gdims:__LNst__ZN5SOUND13destroySeBankEi_1;unmapped-global:__LNst__ZN5SOUND13destroySeBankEi_1	
002bc608	001394e4	128	loop	78.00	near	34.23		dropped:_printfx2;arity-pad:func_002bbf68;gvote:s_seList->01e2aa80;globals:3ppc/1ps2;gdims:__LNst__ZN5SOUND19destroyIopVoiceBankEi_0;unmapped-global:__LNst__ZN5SOUND19destroyIopVoiceBankEi_0;gdims:__LNst__ZN5SOUND19destroyIopVoiceBankEi_1;unmapped-global:__LNst__ZN5SOUND19destroyIopVoiceBankEi_1	
002bc7a8	00139024	68	loop	82.94	near	12.29		gvote:s_seList->01e2aa80	
002bcbf0	0013e234	112	straight	93.69	near	55.48		positional:getSebNumber->002bc988;dropped:ErrorPrintfx3;dropped:_printfx2;dropped:ErrorRaisex1;globals:2ppc/0ps2;gdims:__LNst__ZN7SE_BANK13getWdBankSizeEi_3;unmapped-global:__LNst__ZN7SE_BANK13getWdBankSizeEi_3;gdims:__LNst__ZN7SE_BANK17getBackGroundBankEiRiS0__0;unmapped-global:__LNst__ZN7SE_BANK17getBackGroundBankEiRiS0__0	
002bd310	001363e4	552	loop	88.12	near	13.41		synth-fields:3;simmap:bgmStop->002ba298;positional:memalign_d->002baf48;dropped:ErrorPrintfx2;dropped:ErrorRaisex2;arity-pad:func_00102448;globals:4ppc/0ps2;gdims:__LNst__ZN5SOUND13readBgmThreadEP4TASK_0;unmapped-global:__LNst__ZN5SOUND13readBgmThreadEP4TASK_0;gdims:__LNst__ZN5SOUND14getBgmFileNameEi_4;unmapped-global:__LNst__ZN5SOUND14getBgmFileNameEi_4;gdims:LS_8_LV_1;unmapped-global:LS_8_LV_1;gdims:__LNst__ZN5SOUND13readBgmThreadEP4TASK_1;unmapped-global:__LNst__ZN5SOUND13readBgmThreadEP4TASK_1	
002bd998	003d8300	156	float	83.03	near	61.82		simmap:Widget->002edf68;positional:Alloc->001b8680;positional:setRootPosition->002c20f8;positional:setRootRot->002c2168;this-pad:func_002edf68;gvote:currentLibretto->003617fc	worldmap::Libretto|libretto_|4|4|0;worldmap::Libretto|baseWidget_|8|8|4;worldmap::Libretto|Filename|40|44|40
002bdb70	003d84f0	1200	float	60.14	compile	0.0	002bdb70.cpp:705: parse error	stack-locals:1;simmap:startMotion->002be190;simmap:pushMotion->002be258;positional:playVoice->002be568;positional:setPosition->002c2168;positional:setRot->002c20f8;positional:setRootPosition->00199718;positional:setRootRot->002be2d8;this-pad:func_002bed48;this-pad:func_002edfa8;this-pad:func_002befa8;this-pad:func_00102448;this-pad:func_002edfd8;arity-pad:func_002be4b0;arity-pad:func_002be020;arity-pad:func_002be190;arity-pad:func_002be520;arity-pad:func_002be568;arity-pad:func_002c2168;arity-pad:func_002c20f8;arity-pad:func_002be0b0;arity-pad:func_002be318;arity-pad:func_002be630;arity-pad:func_002be258;arity-pad:func_002be148;globals:0ppc/2ps2	
002be190	003d8cf0	196	float	84.14	near	15.8		simmap:startMotion->002eedc0;simmap:pushMotion->002eedd8;dropped:ErrorPrintfx4;dropped:ErrorRaisex4;arity-pad:func_00168b38;arity-pad:func_002eedc0;arity-pad:func_002eedd8;globals:5ppc/0ps2;gdims:__LNst__ZN8worldmap8Libretto9appearObjEij_0;unmapped-global:__LNst__ZN8worldmap8Libretto9appearObjEij_0;gdims:__LNst__ZN8worldmap8Libretto5startEi_3;unmapped-global:__LNst__ZN8worldmap8Libretto5startEi_3;gdims:LS_81_LV_9;unmapped-global:LS_81_LV_9;gdims:__LNst__ZN8worldmap8Libretto11startMotionEiPii_0;unmapped-global:__LNst__ZN8worldmap8Libretto11startMotionEiPii_0;gdims:__LNst__ZN8worldmap8Libretto11startMotionEiPii_1;unmapped-global:__LNst__ZN8worldmap8Libretto11startMotionEiPii_1;fix-arg:func_002eedc0:2;fix-arg:func_002eedd8:2;variant:no_thispad	worldmap::Libretto|Filename|40|40|30
002be428	003d9a20	116	branchy	64.42	compile	0.0	002be428.cpp:550: conversion	simmap:updateAll->002ee040;positional:debugControl->002ee0b0;this-pad:func_001024a8;this-pad:func_002ee040;this-pad:func_00106158;gvote:currentLibretto->003617fc	
002be4b0	003d9514	108	branchy	94.04	compile	0.0	002be4b0.cpp:547: `undefined3'	positional:_sprintf->002fee78;gdims:__LNst__ZN8worldmap8Libretto5flushEv_0;fix-undecl:puVar2	
002be630	003d9800	180	float	72.67	compile	0.0	002be630.cpp:3021: assignment	dropped:ErrorPrintfx1;dropped:ErrorRaisex1;this-pad:func_001c0d38;this-pad:func_0016b070;this-pad:func_0017f488;gvote:Player->0034e948;globals:7ppc/8ps2;gdims:_ZZN8worldmap8toSymbolEPvEs_0;gdims:_ZZN8worldmap8toSymbolEPvEs_2	
002bebd0	006602e8	104	float	64.43	near	34.27		this-pad:func_0017f540;globals:0ppc/2ps2	
002bed48	003da150	192	branchy	64.06	near	33.86		positional:ErrorPrintf->001ad330;positional:ErrorRaise->001ad0f8;this-pad:func_001ad098;this-pad:func_001ad280;globals:4ppc/1ps2;unmapped-global:__LNst__ZN8worldmap13MessageWidgetC1Eii_1;gdims:__LNst__ZN8worldmap13MessageWidgetC1Eii_3;unmapped-global:__LNst__ZN8worldmap13MessageWidgetC1Eii_3;gdims:LS_41_LV_4;unmapped-global:LS_41_LV_4;static-unmapped	menu::Widget|SList|20|20|18
002bf308	003d4f18	140	branchy	79.31	near	36.71		simmap:updateAll->002ee040;this-pad:func_001024a8;this-pad:func_002ee040;gvote:rootWindow->00361998	
002bf650	003de160	600	float	59.37	near	29.99		synth-fields:16;simmap:hideGroup->002c2248;simmap:hideGroup->002c2248;simmap:showGroup->002c2228;unmapped-call:set;unmapped-call:reset;dropped:setx4;dropped:resetx4;this-pad:func_0017f540;this-pad:func_001dc920;this-pad:func_0016abf8;this-pad:func_0016ac38;this-pad:func_002f1900;gvote:stateColorTable->00375480;gdims:stateColorTable	worldmap::Symbol|param_|af8|af8|108
002bf8f0	003de4d4	132	loop	55.39	near	53.42		synth-fields:3;positional:Each->001c3748;positional:is_new->001c3888;this-pad:func_001c3888;this-pad:func_002f1900	
002bf978	003de060	96	loop	99.38	near	55.58		positional:eachAll->002be908;arity-pad:func_002bf8f0	
002bf9d8	003d75dc	280	branchy	12.24	near	3.56		positional:ErrorPrintf->00102c48;positional:ErrorRaise->001050d8;gvote:currentEvent->00361a50;gvote:Player->0034e948;gdims:__LNst__ZN8worldmap5EventC1EP4TASKi_1;gdims:__LNst__ZN8worldmap5EventC1EP4TASKi_3	
002bfb90	003d77f0	360	loop	74.43	compile	0.0	002bfb90.cpp:287: `	stack-locals:1;positional:GetUpdateFlag->001b8d60;positional:Get->001b8800;positional:exec->001b8988;positional:_qsort->002fe0c0;this-pad:func_00102448;this-pad:func_001b8988;arity-pad:func_002bfd48;this-pad:func_002c6280	
002c0370	00661494	168	float	84.02	near	42.16		simmap:initialize->002c6420;dropped:ErrorPrintfx1;dropped:ErrorRaisex1;this-pad:func_002c6420;globals:6ppc/4ps2;gdims:__LNst__ZN8worldmap12LockOnCameraC1EPN2YS6PLAYERERNS1_6TARGETE_0;gdims:__LNst__ZN8worldmap12LockOnCameraD1Ev_3;unmapped-global:__LNst__ZN8worldmap12LockOnCameraD1Ev_3;gdims:LS_52_LV_4;unmapped-global:LS_52_LV_4	worldmap::Camera|firstAtPos_|20|20|18
002c0470	00661340	84	branchy	80.00	near	66.91		simmap:getEyeAt->002c04c8;this-pad:func_00190140;arity-pad:func_002c04c8;this-pad:func_002c6490	worldmap::Camera|firstEyePos_|10|10|8
002c0ca0	003d5f30	1088	loop	77.95	compile	0.0	002c0ca0.cpp:707: redeclaration	byname:ErrorRaise->0031a838;positional:ErrorPrintf->0031a260;this-pad:func_002369a0;this-pad:func_0023c008;this-pad:func_00239700;this-pad:func_0023f800;this-pad:func_0023fa08;this-pad:func_0023f948;this-pad:func_0023f908;arity-pad:func_002c1460;arity-pad:func_0023eea0;this-pad:func_0023ef50;this-pad:func_0023f0c8;this-pad:func_00139570;this-pad:func_0023f1b0;this-pad:func_0023c4b8;this-pad:func_00236ca8;this-pad:func_001396b0;this-pad:func_00139660;this-pad:func_00139688;arity-pad:func_00138c68;this-pad:func_0023aa98;gvote:currentTotalInfo->00361a90;globals:7ppc/5ps2;gdims:__LNst__ZN2dk13WM_TOTAL_INFOC1Ev_0;gdims:__LNst__ZN2dk13WM_TOTAL_INFO10getBaseNumEi_3;unmapped-global:__LNst__ZN2dk13WM_TOTAL_INFO10getBaseNumEi_3;gdims:LS_61_LV_5;unmapped-global:LS_61_LV_5;raw-view:22;fix-hdmember:dk_Sprite.m_Xoffset16x9;fix-hdmember:dk_Sprite.m_Xoffset16x9;fix-arity:func_0023eea0	
002c14e8	003d5a6c	508	loop	95.97	near	56.55		stack-locals:1;this-pad:func_00139538;this-pad:func_0023aa98;this-pad:func_001396c0;arity-pad:func_00138c10;arity-pad:func_00138c68;this-pad:func_00139580;this-pad:func_00139570;this-pad:func_0023f0c0;arity-pad:func_002c1460;this-pad:func_00139510;raw-view:8	dk::WM_TOTAL_INFO|m_total_time|c4|f8|38;dk::WM_TOTAL_INFO|m_total_time|c4|108|48;dk::WM_TOTAL_INFO|m_total_time|c4|110|50;dk::WM_TOTAL_INFO|m_total_time|c4|118|58;dk::WM_TOTAL_INFO|m_total_time|c4|120|60;dk::WM_TOTAL_INFO|m_total_time|c4|138|70;dk::WM_TOTAL_INFO|m_total_time|c4|138|70;dk::WM_TOTAL_INFO|m_total_time|c4|f0|30
002c1860	00660b40	108	float	96.07	near	52.48		synth-fields:1;simmap:exec->002c7060;this-pad:func_002c7060;this-pad:func_0016bd60	
002c1aa0	003ebce4	68	straight	96.41	near	31.07		synth-fields:1;positional:__ZN8worldmap3ObjC2EPKN2YS8OBJENTRYERKN2kn7FVectorEf->002be770;gvote:0xb61988->00361b20	
002c1ae8	003ebf20	96	straight	74.96	near	55.65		simmap:setState->002c1b60;dropped:ErrorPrintfx1;dropped:ErrorRaisex1;arity-pad:func_002c1b48;arity-pad:func_002c1b60;this-pad:func_00190920;globals:4ppc/1ps2;gdims:__LNst__ZN8worldmap4Gumi13getCourseNameEi_1;unmapped-global:__LNst__ZN8worldmap4Gumi13getCourseNameEi_1;gdims:__LNst__ZN8worldmap4Gumi13getCourseNameEi_3;unmapped-global:__LNst__ZN8worldmap4Gumi13getCourseNameEi_3;gdims:LS_161_LV_7;unmapped-global:LS_161_LV_7	
002c1b60	003ec018	128	branchy	62.34	near	25.06		synth-fields:1;positional:reset->002c1cb0;unmapped-call:set;unmapped-call:setState;dropped:setx3;dropped:setStatex1;this-pad:func_002c1cb0	
002c1cb0	003ec134	148	branchy	81.30	near	38.47		synth-fields:6;simmap:showBgObjNumber->00160fd0;simmap:hideBgObjNumber->00161000;simmap:hideBgObjNumber->00161000;simmap:hideBgObjNumber->00161000;simmap:showBgObjNumber->00160fd0;simmap:showBgObjNumber->00160fd0;simmap:hideBgObjNumber->00161000;simmap:hideBgObjNumber->00161000;simmap:hideBgObjNumber->00161000	
002c22b8	003eca8c	52	straight	32.15	compile	0.0	002c22b8.cpp:85: `__compar_fn_t	gvote:KeyTable->01e2bd00	
002c22f0	003ec89c	104	loop	87.69	near	85.38			
002c29d8	003e5fbc	732	loop	84.72	near	48.62		byname:ErrorRaise->0031a838;positional:ErrorPrintf->0028d140;this-pad:func_002369a0;this-pad:func_0023c008;this-pad:func_0028d0f8;this-pad:func_00239700;this-pad:func_002361a0;this-pad:func_0028b9b0;this-pad:func_00190128;gvote:currentLanding->00361c10;globals:10ppc/8ps2;unmapped-global:__LNst__ZN2dk10WM_LANDING21createSelectDepartureEv_3;unmapped-global:LS_163_LV_18;raw-view:16;static-unmapped;variant:no_dims	
002c3638	003e44e4	1620	float	68.33	near	26.74		positional:check->00167f18;dropped:_printfx8;arity-pad:func_002c5130;arity-pad:func_002c3240;this-pad:func_0023f070;this-pad:func_00167f18;this-pad:func_00289380;this-pad:func_00289310;this-pad:func_0028b040;this-pad:func_002891f0;this-pad:func_0028be78;this-pad:func_0028b038;this-pad:func_002891e8;arity-pad:func_002c3da0;this-pad:func_001964d8;this-pad:func_00138d60;this-pad:func_001395e8;this-pad:func_001395f8;this-pad:func_00139620;this-pad:func_0023f618;globals:10ppc/11ps2;gdims:__LNst__ZN2dk10WM_LANDING21createSelectDepartureEv_3;gdims:__LNst__ZN2dk10WM_LANDING10selectListEv_3;gdims:__LNst__ZN2dk10WM_LANDING10selectListEv_4;gdims:__LNst__ZN2dk10WM_LANDING10selectListEv_5;gdims:__LNst__ZN2dk10WM_LANDING10selectListEv_6;gdims:__LNst__ZN2dk10WM_LANDING10selectListEv_1;raw-view:5;fix-arity:func_0023f070;fix-arity:func_0023f070;fix-arity:func_0023f070	dk::Obj2D|SList|4|4|-4290
002c3c90	003e4380	268	branchy	58.91	near	0.0		positional:GetArea->001c3f58;this-pad:func_00289380;this-pad:func_00289310;arity-pad:func_002c3da0;this-pad:func_002891e8;this-pad:func_001964d8	dk::WM_LANDING|m_select|36c|36c|368;dk::WM_LANDING|m_select|36c|36c|368
002c3e58	003e53f0	636	loop	92.26	near	44.45		positional:to_episode_list->0028acc8;arity-pad:func_0028acc8;arity-pad:func_002c3368;this-pad:func_00139538;this-pad:func_00251a08;arity-pad:func_002c5120;this-pad:func_00139510;this-pad:func_0023f0c0;arity-pad:func_002c3240;arity-pad:func_002c3638;arity-pad:func_002c3c90;raw-view:7	dk::WM_LANDING|m_select|36c|36c|368;dk::WM_LANDING|m_select|36c|36c|368;dk::WM_LANDING|m_plateCounter|2084|2084|203c;dk::WM_LANDING|m_mainBG|1c|30|28;dk::WM_LANDING|m_change|208c|208c|2044
002c4390	003e6fe8	296	branchy	84.28	near	49.21		stack-locals:1;this-pad:func_00138cb8;arity-pad:func_0023aa18;arity-pad:func_0023aa38;this-pad:func_0028b160;arity-pad:func_0023aa98;arity-pad:func_0023aa58;this-pad:func_0028b040;gvote:episode_select->00361c0c;gvote:episode_world->01e2bd10	
002c44b8	003e3644	2028	loop	62.88	compile	0.0	002c44b8.cpp: In function `void;    e3_002c44b8(dk_WM_LANDING*)':; 002c44b8.cpp:2958: warning: invalid;    conversion from `const char*' to `const s8*'; 002c44b8.cpp:2992: warning: invalid;    convers	synth-fields:3;positional:check->0028b300;dropped:ErrorPrintfx6;dropped:_printfx2;dropped:ErrorRaisex6;this-pad:func_002889f0;this-pad:func_0028b300;arity-pad:func_002c3268;this-pad:func_00252208;this-pad:func_00139660;this-pad:func_00139688;arity-pad:func_0023aa78;arity-pad:func_0023aa98;this-pad:func_0023aa18;this-pad:func_0023aa38;this-pad:func_00138c68;this-pad:func_002362b0;this-pad:func_002367c8;this-pad:func_001396b0;arity-pad:func_00252098;this-pad:func_00139548;arity-pad:func_002891f0;arity-pad:func_0028b078;arity-pad:func_0028af90;arity-pad:func_00288f48;arity-pad:func_0028d1c0;arity-pad:func_002891d0;this-pad:func_002756f8;this-pad:func_0023f1b0;this-pad:func_0023c4b8;this-pad:func_001395e8;this-pad:func_001395f8;this-pad:func_00139620;this-pad:func_00138c10;gvote:m_pri->0035f3d4;gvote:0x71e2ec->00375598;gvote:0x71e342->003755f0;gvote:episode_world->01e2bd10;gvote:episode_select->00361c0c;globals:22ppc/14ps2;gdims:__LNst__ZN2dk10WM_LANDING21createSelectDepartureEv_1;gdims:__LNst__ZN2dk10WM_LANDING21createSelectDepartureEv_3;gdims:LS_96_LV_10;unmapped-global:LS_96_LV_10;gdims:__LNst__ZN2dk10WM_LANDING12createSelectEv_0;unmapped-global:__LNst__ZN2dk10WM_LANDING12createSelectEv_0;gdims:__LNst__ZN2dk10WM_LANDING12createSelectEv_1;unmapped-global:__LNst__ZN2dk10WM_LANDING12createSelectEv_1;gdims:__LNst__ZN2dk10WM_LANDING12createSelectEv_2;unmapped-global:__LNst__ZN2dk10WM_LANDING12createSelectEv_2;gdims:__LNst__ZN2dk10WM_LANDING12createSelectEv_3;unmapped-global:__LNst__ZN2dk10WM_LANDING12createSelectEv_3;gdims:__LNst__ZN2dk10WM_LANDING12createSelectEv_4;unmapped-global:__LNst__ZN2dk10WM_LANDING12createSelectEv_4;gdims:__LNst__ZN2dk10WM_LANDING12createSelectEv_5;unmapped-global:__LNst__ZN2dk10WM_LANDING12createSelectEv_5;gdims:__LNst__ZN2dk10WM_LANDING12createSelectEv_6;unmapped-global:__LNst__ZN2dk10WM_LANDING12createSelectEv_6;raw-view:23	
002c4ca8	003e2ff0	496	loop	78.06	near	23.96		stack-locals:1;positional:ErrorPrintf->00324bc0;positional:ErrorRaise->00288ce0;this-pad:func_002889f0;this-pad:func_0023aa98;this-pad:func_00138c68;this-pad:func_0023aa18;this-pad:func_0023aa38;this-pad:func_00252098;this-pad:func_00239870;this-pad:func_002891f0;this-pad:func_0028b078;this-pad:func_0028af90;this-pad:func_00288f48;this-pad:func_0028d1c0;this-pad:func_002891d0;this-pad:func_002756f8;this-pad:func_001396b0;gvote:m_pri->0035f3d4;gvote:0x71e2ec->00375598;globals:9ppc/5ps2;gdims:__LNst__ZN2dk10WM_LANDING21createSelectDepartureEv_1;gdims:__LNst__ZN2dk10WM_LANDING21createSelectDepartureEv_3;unmapped-global:msg_landing;unmapped-global:0x745008;unmapped-global:0x71e322;unmapped-global:0x71e32a;raw-view:1;static-unmapped	dk::WM_LANDING|m_light|370|3a8|1a8;dk::WM_LANDING|m_light|370|370|160;dk::WM_LANDING|m_light|370|378|168;dk::WM_LANDING|m_light|370|380|170;dk::WM_LANDING|m_light|370|388|178;dk::WM_LANDING|m_light|370|390|180;dk::WM_LANDING|m_light|370|398|188;dk::WM_LANDING|m_light|370|3a0|190
002c4e98	003e5b50	644	float	97.65	compile	0.0	002c4e98.cpp: In function `void;    e3_002c4e98(dk_WM_LANDING*, char*, YS_TARGET*)':; 002c4e98.cpp:2901: warning: invalid;    conversion from `const char*' to `const s8*'; 002c4e98.cpp:2914: warning: 	dropped:ErrorPrintfx1;dropped:ErrorRaisex1;this-pad:func_002cb200;this-pad:func_0023f800;this-pad:func_0023fa08;this-pad:func_0023f948;this-pad:func_0023f908;arity-pad:func_002c3240;arity-pad:func_0023eea0;this-pad:func_0023ef50;this-pad:func_0023f0c8;this-pad:func_0023f1b0;this-pad:func_0023c4b8;this-pad:func_00236ca8;arity-pad:func_002c5120;arity-pad:func_002c44b8;arity-pad:func_002c4ca8;arity-pad:func_002c3268;this-pad:func_00139620;this-pad:func_001395e8;this-pad:func_001395f8;arity-pad:func_0023f6c0;arity-pad:func_0023f618;this-pad:func_00139638;globals:7ppc/3ps2;gdims:laymsg_table;unmapped-global:laymsg_table;gdims:_ZZN8worldmap8toSymbolEPvEs_0;unmapped-global:_ZZN8worldmap8toSymbolEPvEs_0;gdims:_ZZN8worldmap8toSymbolEPvEs_2;unmapped-global:_ZZN8worldmap8toSymbolEPvEs_2;unmapped-global:LV_2;raw-view:1;fix-arity:func_0023eea0	
002c5fb8	003dcb20	64	float	83.44	compile	0.0	002c5fb8.cpp:2916: pointer	this-pad:func_0016bda8;globals:0ppc/1ps2	
002c6050	003dd68c	168	loop	44.36	near	31.84		simmap:loop_end_kill->002f19c8;simmap:loop_end_kill->002f19c8;simmap:loop_end_kill->002f19c8;this-pad:func_002f1900;this-pad:func_002f19c8	
002c6280	003d6d70	68	branchy	98.82	near	40.39		dropped:ErrorPrintfx1;dropped:ErrorRaisex1;globals:2ppc/0ps2;gdims:__LNst__ZN8worldmap13CameraManager9getCameraEi_1;unmapped-global:__LNst__ZN8worldmap13CameraManager9getCameraEi_1;gdims:__LNst__ZN8worldmap13CameraManager9getCameraEi_3;unmapped-global:__LNst__ZN8worldmap13CameraManager9getCameraEi_3	
002c6420	003eaa1c	108	float	97.78	exact	100.0		this-pad:func_00107368;this-pad:func_00107478;this-pad:func_00106f30;globals:1ppc/0ps2;gdims:projection;unmapped-global:projection	
002c66b8	003db790	196	float	49.79	near	32.92		simmap:initialize->002c6420;this-pad:func_002c6420;globals:5ppc/7ps2	worldmap::Camera|firstEyePos_|10|18|54
002c8028	003e87a8	444	loop	87.47	near	34.65		this-pad:func_00239870;this-pad:func_0023c098;this-pad:func_002369f0;gvote:currentLandingInfo->00361dd8;globals:6ppc/5ps2;unmapped-global:0x74a5f0;raw-view:15;static-unmapped	dk::WM_LANDING_INFO|m_data|c0|c0|bc;dk::WM_LANDING_INFO|m_mainBG|1c|48|20
002c8680	003e855c	376	loop	96.57	near	64.44		simmap:getOpenNum->002c22f0;positional:ErrorPrintf->002c2358;positional:ErrorRaise->0031a260;this-pad:func_002c22f0;this-pad:func_00283a58;this-pad:func_001386e0;this-pad:func_001396b0;this-pad:func_00139660;this-pad:func_00139688;this-pad:func_0023aa18;this-pad:func_0023aa58;this-pad:func_00138c68;globals:3ppc/0ps2;gdims:__LNst__ZN2dk15WM_LANDING_INFO8setupKeyEPKN8worldmap3KeyE_0;unmapped-global:__LNst__ZN2dk15WM_LANDING_INFO8setupKeyEPKN8worldmap3KeyE_0;gdims:__LNst__ZN2dk15WM_LANDING_INFOC1Ei_3;unmapped-global:__LNst__ZN2dk15WM_LANDING_INFOC1Ei_3;gdims:LS_73_LV_4;unmapped-global:LS_73_LV_4;raw-view:7;static-unmapped	dk::Obj2D|m_group|10|10|0;dk::WM_LANDING_INFO|m_mainBG|1c|38|28;dk::WM_LANDING_INFO|flag_|18|18|8;dk::WM_LANDING_INFO|m_mainBG|1c|40|30;dk::WM_LANDING_INFO|m_mainBG|1c|48|38;dk::WM_LANDING_INFO|m_mainBG|1c|50|40;dk::WM_LANDING_INFO|m_mainBG|1c|58|48;dk::Obj2D|m_group|10|10|0;dk::WM_LANDING_INFO|flag_|18|18|8;dk::WM_LANDING_INFO|m_mainBG|1c|20|10;dk::WM_LANDING_INFO|m_mainBG|1c|28|18;dk::WM_LANDING_INFO|m_mainBG|1c|30|20;dk::WM_LANDING_INFO|m_mainBG|1c|38|28;dk::WM_LANDING_INFO|m_mainBG|1c|40|30;dk::WM_LANDING_INFO|m_mainBG|1c|48|38;dk::WM_LANDING_INFO|m_mainBG|1c|50|40;dk::WM_LANDING_INFO|m_mainBG|1c|58|48
002c90c8	003e171c	2256	float	82.77	compile	0.0	002c90c8.cpp:1434: redeclaration	stack-locals:1;byname:ErrorRaise->0031a838;byname:ErrorRaise->0031a838;positional:ErrorPrintf->002c9e90;positional:getBaseNum->002c9e90;positional:get_record->001e09a0;this-pad:func_002369a0;this-pad:func_0023c008;this-pad:func_00239700;this-pad:func_0023f800;this-pad:func_0023fa08;this-pad:func_0023f948;this-pad:func_0023f908;arity-pad:func_0023eea0;this-pad:func_0023ef50;this-pad:func_0023f0c8;this-pad:func_00139570;this-pad:func_0023f1b0;this-pad:func_0023c4b8;this-pad:func_00236ca8;this-pad:func_001e09a0;this-pad:func_00139620;this-pad:func_001396b0;this-pad:func_00139660;this-pad:func_00139688;this-pad:func_0023aa18;arity-pad:func_00138c68;this-pad:func_0023aa58;this-pad:func_0023aa98;this-pad:func_0023aa78;gvote:currentInfo->00361e00;gvote:title_in_table->003757d8;gvote:title_loop_table->003757e8;gvote:rank_table->003757f0;globals:15ppc/10ps2;gdims:__LNst__ZN2dk16WM_GLANDING_INFOC1Ei_1;gdims:__LNst__ZN2dk16WM_GLANDING_INFOC1Ei_3;gdims:LS_66_LV_6;unmapped-global:LS_66_LV_6;unmapped-global:SaveRam;gdims:title_in_table;gdims:__LNst__ZN2dk16WM_GLANDING_INFOC1Ei_4;unmapped-global:__LNst__ZN2dk16WM_GLANDING_INFOC1Ei_4;gdims:rank_table;gdims:__LNst__ZN2dk16WM_GLANDING_INFOC1Ei_5;unmapped-global:__LNst__ZN2dk16WM_GLANDING_INFOC1Ei_5;gdims:__LNst__ZN2dk16WM_GLANDING_INFOC1Ei_6;unmapped-global:__LNst__ZN2dk16WM_GLANDING_INFOC1Ei_6;raw-view:32;fix-hdmember:dk_Sprite.m_Xoffset16x9;fix-hdmember:dk_Sprite.m_Xoffset16x9;fix-arity:func_0023eea0;fix-voidret:func_0023eea0;fix-voidret:func_002c9e90	
002c9998	003e2390	412	loop	82.21	near	38.94		this-pad:func_00239870;this-pad:func_0023c098;this-pad:func_002369f0;gvote:currentInfo->00361e00;globals:6ppc/5ps2;unmapped-global:0x74a5f0;raw-view:9;static-unmapped	dk::WM_GLANDING_INFO|m_data|25e8|25e8|2584;dk::WM_GLANDING_INFO|m_key_icon|27c|27c|270;dk::WM_GLANDING_INFO|m_title|c0|c0|bc;dk::WM_GLANDING_INFO|m_key_icon|27c|27c|270;dk::WM_GLANDING_INFO|m_mainBG|1c|38|18
002ca010	003e15b8	148	branchy	95.53	near	70.31		dropped:ErrorPrintfx1;dropped:ErrorRaisex1;this-pad:func_002c9f20;arity-pad:func_002c87f8;gvote:currentInfo->00361e00;gvote:sm_manager_ptr->00347f80;globals:5ppc/3ps2;gdims:_ZZN2dk5Obj2DnwEjEs_0;gdims:_ZZN2dk5Obj2DnwEjEs_2;unmapped-global:_ZZN2dk5Obj2DnwEjEs_2;unmapped-global:LV_0	
002ca4c0	003e0320	244	branchy	62.41	near	9.8		this-pad:func_00289380;this-pad:func_00289310;arity-pad:func_002ca5b8;this-pad:func_002891e8	dk::WM_GLANDING|m_select|c0|c0|bc;dk::WM_GLANDING|m_select|c0|c0|bc;dk::WM_GLANDING|m_jumpType|28c|28c|284
002ca828	003dfc74	548	loop	77.76	near	26.15		stack-locals:1;positional:ErrorPrintf->00324bc0;positional:ErrorRaise->00288ce0;this-pad:func_002889f0;this-pad:func_0023f1b0;this-pad:func_0023c4b8;this-pad:func_00236ca8;this-pad:func_0023aa98;this-pad:func_00138c68;this-pad:func_0023aa18;this-pad:func_0023aa38;this-pad:func_00252098;this-pad:func_00239870;this-pad:func_002891f0;this-pad:func_0028b078;this-pad:func_0028af90;this-pad:func_00288f48;this-pad:func_0028d1c0;this-pad:func_002891d0;this-pad:func_002756f8;this-pad:func_001396b0;gvote:m_pri->0035f3d4;globals:9ppc/5ps2;gdims:__LNst__ZN2dk11WM_GLANDING21createSelectDepartureEv_1;gdims:__LNst__ZN2dk11WM_GLANDING21createSelectDepartureEv_3;unmapped-global:0x745008;unmapped-global:0x71e04e;unmapped-global:0x71e056;unmapped-global:0x71e048;raw-view:1;static-unmapped	
002caa50	003e094c	244	straight	89.18	compile	0.0	002caa50.cpp:757: `Tz'	this-pad:func_0023f800;this-pad:func_0023fa08;this-pad:func_0023f948;this-pad:func_0023f908;arity-pad:func_002ca3d0;this-pad:func_0023eea0;this-pad:func_0023ef50;this-pad:func_0023f0c8;arity-pad:func_002ca828;fix-arity:func_0023eea0	
002cb200	003e8e68	376	loop	80.19	compile	0.0	002cb200.cpp:641: `ELEMDATA'	positional:GetStatus->00196430;dropped:_printfx1;this-pad:func_001964d8;this-pad:func_00196328;this-pad:func_002f18c8;globals:1ppc/0ps2;gdims:__LNst__ZN2dk15WM_LANDING_LIST17createLandingListEiRi_0;unmapped-global:__LNst__ZN2dk15WM_LANDING_LIST17createLandingListEiRi_0;fix-undecl:pEVar4	
002cb5d8	00654740	160	float	53.70	near	27.85		globals:2ppc/4ps2	
002cb708	0065482c	56	straight	38.14	near	32.74		dropped:ErrorPrintfx1;dropped:ErrorRaisex1;globals:3ppc/1ps2;gdims:_ZZN2YS5SLISTIN2Ti4PathELi0EE6unlinkEPS2_Es_0;unmapped-global:_ZZN2YS5SLISTIN2Ti4PathELi0EE6unlinkEPS2_Es_0;gdims:_ZZN2YS5SLISTIN2Ti4PathELi0EE6unlinkEPS2_Es_2;unmapped-global:_ZZN2YS5SLISTIN2Ti4PathELi0EE6unlinkEPS2_Es_2	Ti::Path|current_t_|18|18|8
002cbca0	00655c08	76	float	64.40	near	50.37		arity-pad:func_002cba88;globals:0ppc/1ps2;fix-arg:func_002cba88:3	
002cd018	00656948	444	float	52.48	near	23.08		stack-locals:1;positional:operator_->002cb828;positional:vrandf->002cc7d0;dropped:_printfx4;arity-pad:func_002cb5d8;arity-pad:func_0018ac80;arity-pad:func_002ce870;arity-pad:func_002cb890;arity-pad:func_002cd910;arity-pad:func_0016ace0;globals:6ppc/2ps2;unmapped-global:__LNst__ZN2Ti4Path6CreateEPN2YS3OBJEPKNS1_14UNIT_DATA_PATHERKN2kn7FVectorEf_1;gdims:__LNst__ZN2Ti4Path9get_pointEi_3;unmapped-global:__LNst__ZN2Ti4Path9get_pointEi_3;gdims:__LNst__ZN2Ti4Path12reset_randomEPN2YS3OBJE_1;unmapped-global:__LNst__ZN2Ti4Path12reset_randomEPN2YS3OBJE_1;gdims:__LNst__ZN2Ti4Path6CreateEPN2YS3OBJEPKNS1_14UNIT_DATA_PATHERKN2kn7FVectorEf_0;unmapped-global:__LNst__ZN2Ti4Path6CreateEPN2YS3OBJEPKNS1_14UNIT_DATA_PATHERKN2kn7FVectorEf_0;fix-arg:func_002cb5d8:1;variant:no_thispad	
002ce2a0	00651ad0	756	float	35.93	near	28.24		stack-locals:1;simmap:calc_curve_pos->002cb890;positional:calc_line_to_point_distance->002cd518;positional:operator_->002cd770;dropped:ErrorPrintfx6;dropped:ErrorRaisex6;arity-pad:func_002cd518;this-pad:func_002cb890;gdims:__LNst__ZN2Ti4Path9get_pointEi_1;gdims:__LNst__ZN2Ti4Path9get_pointEi_3;gdims:LS_57_LV_13	
002cedd0	0064ff98	132	loop	91.15	near	82.22		this-pad:func_00102788;gvote:current_->00361f60;globals:2ppc/1ps2;unmapped-global:param	
002ceef8	006504f0	92	straight	48.61	near	0.0		stack-locals:1;dropped:ErrorPrintfx3;dropped:ErrorRaisex3;this-pad:func_002cec08;gvote:current_->00361f60;globals:5ppc/1ps2;gdims:_ZZN2dk6AabboxC1ERKS0_Es_0;unmapped-global:_ZZN2dk6AabboxC1ERKS0_Es_0;gdims:_ZZN2dk6AabboxC1ERKS0_Es_2;unmapped-global:_ZZN2dk6AabboxC1ERKS0_Es_2;gdims:_ZZN2dk6AabboxC1ERKS0_Es_3;unmapped-global:_ZZN2dk6AabboxC1ERKS0_Es_3;gdims:_ZZN2dk6AabboxC1ERKS0_Es_4;unmapped-global:_ZZN2dk6AabboxC1ERKS0_Es_4	
002cef80	006507b4	216	float	64.04	near	12.94		stack-locals:1;positional:unit->0011b6a8;unmapped-call:operator_;dropped:operator_x0;this-pad:func_001444c8;this-pad:func_0011b6a8;this-pad:func_001449a8;this-pad:func_002cec08;gvote:current_->00361f60;globals:1ppc/4ps2	
002cf320	0064c80c	216	loop	75.56	near	20.27		this-pad:func_002cf268;gvote:live_counter_->00361fa8;gvote:member_buffer_size_->00361fa0;gvote:members_->00361fa4	
002cf4a8	0064ccdc	396	float	43.68	near	0.0		stack-locals:1;dropped:ErrorPrintfx2;dropped:ErrorRaisex2;this-pad:func_0016a020;this-pad:func_0019c768;this-pad:func_002cf270;this-pad:func_00199938;this-pad:func_002cf2d0;this-pad:func_002e3260;this-pad:func_0016ace0;arity-pad:func_002d0d88;gvote:current_->00361f60;gvote:live_counter_->00361fa8;globals:5ppc/3ps2;gdims:__LNst__ZN2Ti5MGObj6appearERNS_11MGObjMemberE_0;gdims:__LNst__ZN2Ti5MGObj12exec_prepareEv_3;unmapped-global:__LNst__ZN2Ti5MGObj12exec_prepareEv_3;gdims:__LNst__ZN2Ti5MGObj6appearERNS_11MGObjMemberE_1;unmapped-global:__LNst__ZN2Ti5MGObj6appearERNS_11MGObjMemberE_1;fix-assign-cast;fix-assign-cast;fix-assign-cast	
002cf638	0064d4b8	276	loop	76.42	near	45.13		dropped:ErrorPrintfx1;dropped:ErrorRaisex1;this-pad:func_002cf270;gvote:members_->00361fa4;gvote:member_buffer_size_->00361fa0;globals:7ppc/2ps2;unmapped-global:first;unmapped-global:count;unmapped-global:__LNst__ZN2Ti5MGObj23find_free_member_bufferEi_0;unmapped-global:__LNst__ZN2Ti5MGObj12exec_prepareEv_3;unmapped-global:LS_199_LV_13;static-unmapped;variant:no_dims	
002cf750	0064d6d8	364	branchy	92.40	near	68.47		dropped:ErrorPrintfx3;dropped:ErrorRaisex3;this-pad:func_002cf2d0;this-pad:func_002cf280;gvote:members_->00361fa4;globals:8ppc/2ps2;gdims:prize_counter_;unmapped-global:prize_counter_;gdims:__LNst__ZN2Ti5MGObj23find_free_member_bufferEi_0;unmapped-global:__LNst__ZN2Ti5MGObj23find_free_member_bufferEi_0;gdims:__LNst__ZN2Ti5MGObj12exec_prepareEv_3;unmapped-global:__LNst__ZN2Ti5MGObj12exec_prepareEv_3;gdims:LS_204_LV_14;unmapped-global:LS_204_LV_14;gdims:__LNst__ZN2Ti5MGObj13append_memberEjPN2YS10UNIT_GROUPEPKNS1_13UNIT_DATA_OBJEPNS_11MGObjMemberES8__0;unmapped-global:__LNst__ZN2Ti5MGObj13append_memberEjPN2YS10UNIT_GROUPEPKNS1_13UNIT_DATA_OBJEPNS_11MGObjMemberES8__0;unmapped-global:__LNst__ZN2Ti5MGObj13append_memberEjPN2YS10UNIT_GROUPEPKNS1_13UNIT_DATA_OBJEPNS_11MGObjMemberES8__1;static-unmapped	
002cf8c0	0064d9c0	116	branchy	78.14	near	25.09		dropped:ErrorPrintfx2;dropped:ErrorRaisex2;this-pad:func_002cf280;gvote:members_->00361fa4;globals:6ppc/1ps2;unmapped-global:member_buffer_size_;gdims:__LNst__ZN2Ti5MGObj23find_free_member_bufferEi_0;unmapped-global:__LNst__ZN2Ti5MGObj23find_free_member_bufferEi_0;gdims:__LNst__ZN2Ti5MGObj12exec_prepareEv_3;unmapped-global:__LNst__ZN2Ti5MGObj12exec_prepareEv_3;gdims:LS_208_LV_15;unmapped-global:LS_208_LV_15;gdims:__LNst__ZN2Ti5MGObj13append_memberEjPN2YS10UNIT_GROUPEPKNS1_13UNIT_DATA_OBJEPNS_11MGObjMemberES8__0;unmapped-global:__LNst__ZN2Ti5MGObj13append_memberEjPN2YS10UNIT_GROUPEPKNS1_13UNIT_DATA_OBJEPNS_11MGObjMemberES8__0;static-unmapped	
002cf938	0064c96c	96	loop	87.80	near	82.59		gvote:members_->00361fa4;gvote:member_buffer_size_->00361fa0	
002cf998	0064c9f0	404	float	67.86	near	39.34		stack-locals:1;dropped:ErrorPrintfx1;dropped:ErrorRaisex1;arity-pad:func_002cf270;this-pad:func_001444c8;this-pad:func_002cec20;arity-pad:func_002cf280;arity-pad:func_002cf2b0;gvote:current_->00361f60;gvote:member_buffer_size_->00361fa0;gvote:members_->00361fa4;globals:7ppc/4ps2;gdims:__LNst__ZN2Ti5MGObj12exec_prepareEv_1;unmapped-global:__LNst__ZN2Ti5MGObj12exec_prepareEv_1;gdims:__LNst__ZN2Ti5MGObj12exec_prepareEv_3;unmapped-global:__LNst__ZN2Ti5MGObj12exec_prepareEv_3;gdims:LS_177_LV_8;unmapped-global:LS_177_LV_8	
002cfb30	0064cfa8	896	float	65.68	compile	0.0	002cfb30.cpp:2305: parse error	stack-locals:1;dropped:ErrorPrintfx2;dropped:ErrorRaisex2;this-pad:func_0019c768;this-pad:func_002cf270;this-pad:func_002e3260;arity-pad:func_002cf280;this-pad:func_001c0d38;this-pad:func_002db208;gvote:current_->00361f60;gvote:member_buffer_size_->00361fa0;gvote:members_->00361fa4;gvote:live_counter_->00361fa8;globals:9ppc/13ps2;gdims:__LNst__ZN2Ti5MGObj12exec_prepareEv_1;gdims:__LNst__ZN2Ti5MGObj12exec_prepareEv_3;gdims:LS_189_LV_10;gdims:__LNst__ZN2Ti5MGObj6appearERNS_11MGObjMemberE_1	
002cffe0	0064dda4	68	straight	84.00	near	9.95		positional:__ZN2YS3OBJD2Ev->00319fb0;this-pad:func_0019f9a8;this-pad:func_001c0248;this-pad:func_001d5718	
002d00e0	0064e354	288	loop	51.73	near	37.42		this-pad:func_0019c768;arity-pad:func_002cf270;this-pad:func_002d0c28;arity-pad:func_002cf2b0;gvote:current_->00361f60	
002d0200	0064d628	140	branchy	76.62	near	44.81			
002d0290	0064e4c8	1156	float	77.27	near	0.0		stack-locals:1;simmap:MGJumpPooh->002dd700;simmap:MGHachimitsuPo->002db858;simmap:MGHachimitsuPod->002db4f0;simmap:MGOarashiPlayer->002d49c0;simmap:MGJumpGimObj->002dda88;simmap:MGHachimitsuGimObj->002daa98;positional:MGOarashiPo->00167f18;positional:MGOarashiBalloon->00167f18;positional:MGJumpPlayer->00167f18;positional:MGHachimitsuPlayer->002d9730;positional:MGHachimitsuYukidama->002cff00;positional:ErrorPrintf->002d5d50;positional:ErrorRaise->002d69c8;this-pad:func_002dd700;this-pad:func_002cfeb0;this-pad:func_002db858;this-pad:func_002db4f0;arity-pad:func_00167f18;this-pad:func_002d41c0;this-pad:func_002d9730;this-pad:func_002d49c0;this-pad:func_002cff00;this-pad:func_002dda88;this-pad:func_002d29a8;this-pad:func_002daa98;this-pad:func_002d2948;this-pad:func_00177dc8;gdims:__LNst__ZN2Ti5MGObj12exec_prepareEv_3;fix-arg:func_00167f18:3;fix-arg:func_00167f18:3;fix-arg:func_00167f18:3;fix-arity:func_00167f18;fix-arity:func_00167f18	
002d0718	0064ed18	412	float	59.86	compile	0.0	002d0718.cpp:2288: cannot	stack-locals:1;dropped:ErrorPrintfx7;dropped:ErrorRaisex7;this-pad:func_001a91f8;this-pad:func_001a92d8;this-pad:func_001a93e8;this-pad:func_001444c8;this-pad:func_001a9350;globals:7ppc/2ps2;gdims:__LNst__ZN2Ti5MGObj25get_bbox_for_appear_checkEPKN2YS13UNIT_DATA_OBJE_0;gdims:__LNst__ZN2Ti5MGObj12exec_prepareEv_3;gdims:LS_234_LV_37;unmapped-global:LS_234_LV_37;gdims:_ZZN2dk6AabboxC1ERKS0_Es_0;unmapped-global:_ZZN2dk6AabboxC1ERKS0_Es_0;gdims:_ZZN2dk6AabboxC1ERKS0_Es_2;unmapped-global:_ZZN2dk6AabboxC1ERKS0_Es_2;gdims:_ZZN2dk6AabboxC1ERKS0_Es_3;unmapped-global:_ZZN2dk6AabboxC1ERKS0_Es_3;gdims:_ZZN2dk6AabboxC1ERKS0_Es_4;unmapped-global:_ZZN2dk6AabboxC1ERKS0_Es_4	
002d0a78	0064ebf4	272	loop	96.47	near	62.0		dropped:_printfx1;arity-pad:func_0016a040;arity-pad:func_0016a060;globals:1ppc/0ps2;gdims:__LNst__ZN2Ti5MGObj16leave_gimobj_allEv_0;unmapped-global:__LNst__ZN2Ti5MGObj16leave_gimobj_allEv_0	
002d0d88	0064cc00	132	float	73.88	near	81.03		synth-fields:1;this-pad:func_002cf2b0;this-pad:func_0017f488	
002d0fb0	002ea0cc	116	straight	90.62	near	36.52		positional:__ZN2YS3OBJD2Ev->00182f28;this-pad:func_0019f9a8;this-pad:func_001c0248;this-pad:func_001d5718;gvote:current_->00362050;globals:3ppc/4ps2	
002d1550	00643798	672	float	61.58	compile	0.0	002d1550.cpp:2420: no match for	synth-fields:12;simmap:getData->002e64b8;simmap:calc_matrix->002e6ab0;simmap:create_task->002cedd0;positional:__ZN2Ti8MiniGameC2ENS0_6MGTypeEii->002ce958;positional:unit->002d1878;unmapped-call:check_local_set;unmapped-call:operator_;unmapped-call:get_po06_obj_count;dropped:check_local_setx1;dropped:ErrorRaisex6;dropped:ErrorPrintfx6;dropped:operator_x0;dropped:get_po06_obj_countx1;dropped:_printfx4;this-pad:func_002d1878;this-pad:func_002ceae8;this-pad:func_00168b38;this-pad:func_002e6ab0;globals:11ppc/5ps2;gdims:__LNst__ZN2Ti9MGOarashi6endianEPN2YS6BINARCE_2;gdims:__LNst__ZN2Ti9MGOarashi6endianEPN2YS6BINARCE_0;gdims:LS_73_LV_10;gdims:__LNst__ZN2Ti9MGOarashi6endianEPN2YS6BINARCE_4;unmapped-global:__LNst__ZN2Ti9MGOarashi6endianEPN2YS6BINARCE_4;gdims:__LNst__ZN2Ti9MGOarashi6endianEPN2YS6BINARCE_5;unmapped-global:__LNst__ZN2Ti9MGOarashi6endianEPN2YS6BINARCE_5;gdims:__LNst__ZN2Ti9MGOarashiC1Eii_1;unmapped-global:__LNst__ZN2Ti9MGOarashiC1Eii_1;gdims:__LNst__ZN2Ti9MGOarashiC1Eii_3;unmapped-global:__LNst__ZN2Ti9MGOarashiC1Eii_3;gdims:__LNst__ZN2Ti9MGOarashiC1Eii_4;unmapped-global:__LNst__ZN2Ti9MGOarashiC1Eii_4;gdims:__LNst__ZN2Ti9MGOarashiC1Eii_5;unmapped-global:__LNst__ZN2Ti9MGOarashiC1Eii_5	
002d25f0	006447f0	112	loop	99.46	near	36.39		dropped:ErrorPrintfx1;dropped:ErrorRaisex1;arity-pad:func_001cb0a8;globals:3ppc/0ps2;unmapped-global:__LNst__ZN2Ti9MGOarashi13task_pre_execEP4TASK_0;gdims:__LNst__ZN2Ti9MGOarashi6endianEPN2YS6BINARCE_0;unmapped-global:__LNst__ZN2Ti9MGOarashi6endianEPN2YS6BINARCE_0;gdims:LS_97_LV_13;unmapped-global:LS_97_LV_13	
002d2870	00645bcc	132	float	69.56	near	56.27		stack-locals:1;synth-fields:2;unmapped-call:operator_;dropped:operator_x0;this-pad:func_002d5c40;this-pad:func_002d3fa8	Ti::MiniGame|view_frustum_|10|30|10;Ti::MiniGame|view_frustum_|10|38|18;Ti::MiniGame|view_frustum_|10|40|28
002d28f8	00645c68	80	straight	81.24	near	5.55		stack-locals:1;globals:0ppc/1ps2	Ti::MGOarashi|camera_offset_|80|80|10
002d2a90	00648704	188	branchy	93.09	near	62.5		stack-locals:1;unmapped-call:operator_;dropped:operator_x0;this-pad:func_0016abf8;this-pad:func_001dc5f8;this-pad:func_0016bda8	Ti::MGOarashiGimObj|reserve_fall_prize_|b84|c48|b6c
002d3128	00647ef8	132	float	78.32	near	53.0		dropped:ErrorPrintfx1;dropped:ErrorRaisex1;this-pad:func_002d1878;gvote:current_->00361f60;globals:4ppc/1ps2;unmapped-global:__LNst__ZN2Ti15MGOarashiGimObj15_OVR_initializeEv_1;gdims:__LNst__ZN2Ti15MGOarashiGimObj15_OVR_initializeEv_3;unmapped-global:__LNst__ZN2Ti15MGOarashiGimObj15_OVR_initializeEv_3;gdims:LS_224_LV_22;unmapped-global:LS_224_LV_22	
002d3568	00647d28	388	float	50.69	near	31.47		stack-locals:2;simmap:AppearForPO06->001cbe30;unmapped-call:operator_;dropped:operator_x0;this-pad:func_002d38e8;globals:1ppc/3ps2	
002d36f0	00646e30	504	float	54.84	near	19.2		stack-locals:3;simmap:AppearForPO06->001cbe30;positional:operator_->002f87c0;dropped:ErrorPrintfx1;dropped:ErrorRaisex1;this-pad:func_002d38e8;this-pad:func_002d1878;gvote:current_->00361f60;gdims:__LNst__ZN2Ti15MGOarashiGimObj15_OVR_initializeEv_3;gdims:LS_135_LV_11	
002d49c0	0064a664	112	float	58.18	near	40.5		positional:__ZN2Ti8MGPlayerC2EPKN2YS8OBJENTRYEPNS1_3PADERKN2kn7FVectorEf->002d0ea8;globals:0ppc/2ps2;fix-assign-cast;fix-assign-cast	
002d54a8	0064a0d8	208	float	70.97	near	63.42		this-pad:func_00178d28;this-pad:func_0017f488;this-pad:func_0017f5e0;globals:0ppc/1ps2	
002d5748	0064a478	328	branchy	93.41	near	71.62		unmapped-call:operator_;dropped:ErrorPrintfx1;dropped:operator_x0;dropped:ErrorRaisex1;this-pad:func_002d6518;this-pad:func_001dc920;this-pad:func_0016abf8;this-pad:func_001dc5f8;this-pad:func_0016bda8;this-pad:func_002d4868;arity-pad:func_002d5af0;gvote:current_->00361f60;globals:3ppc/1ps2;gdims:__LNst__ZN2Ti15MGOarashiPlayer15_OVR_initializeEv_3;unmapped-global:__LNst__ZN2Ti15MGOarashiPlayer15_OVR_initializeEv_3;gdims:LS_198_LV_21;unmapped-global:LS_198_LV_21;fix-assign-cast;fix-assign-cast	
002d5bd8	006f19b8	68	branchy	67.06	compile	0.0	002d5bd8.cpp:2854: `VTABLE' was	simmap:_OVR_is_star->00179b68;this-pad:func_00179b68	
002d5dd0	0064be60	60	straight	81.87	near	34.18		positional:__ZN2Ti5MGObjC2EPKN2YS8OBJENTRYEjRKN2kn7FVectorEf->002e7328;positional:IntervalVoice->002cff98;this-pad:func_002cff98;globals:0ppc/1ps2	
002d60e8	0064b4c8	212	float	81.15	near	37.22		dropped:ErrorPrintfx1;dropped:ErrorRaisex1;this-pad:func_002d1878;gvote:current_->00361f60;gvote:LS_115_LV_8->00375b20;globals:5ppc/2ps2;unmapped-global:speed;unmapped-global:__LNst__ZN2Ti11MGOarashiPo18get_separate_speedEv_1;gdims:__LNst__ZN2Ti11MGOarashiPo18get_separate_speedEv_3;unmapped-global:__LNst__ZN2Ti11MGOarashiPo18get_separate_speedEv_3;gdims:LS_115_LV_8	
002d6518	0064bed8	228	float	99.65	near	85.49		arity-pad:func_0017f540;arity-pad:func_001c0d38;arity-pad:func_002d1878;arity-pad:func_002e7340;gvote:current_->00361f60;gvote:0x8079b6->00362380;gvote:0x8079b8->00362388;globals:3ppc/4ps2;fix-arg:func_002e7340:4;variant:no_thispad	
002d6a00	006f2148	156	float	58.95	compile	0.0	002d6a00.cpp:2915: `VTABLE' was	stack-locals:1;this-pad:func_002d00a0;this-pad:func_0016bd60;this-pad:func_001c0d38;this-pad:func_0016b070;this-pad:func_0016ace0;globals:0ppc/1ps2	
002d6d10	0063235c	116	float	95.00	compile	0.0	002d6d10.cpp:2249: syntax error	simmap:obj_calc_inertia->002d2740;dropped:ErrorPrintfx1;dropped:ErrorRaisex1;this-pad:func_002d1878;this-pad:func_002d2740;gvote:current_->00361f60;globals:4ppc/1ps2;unmapped-global:__LNst__ZN2Ti17ACTION_PO_OARASHI13calc_movementEPN2YS3OBJE_1;gdims:__LNst__ZN2Ti17ACTION_PO_OARASHI13calc_movementEPN2YS3OBJE_3;unmapped-global:__LNst__ZN2Ti17ACTION_PO_OARASHI13calc_movementEPN2YS3OBJE_3;gdims:LS_51_LV_7;unmapped-global:LS_51_LV_7	
002d7128	00636fa0	436	float	89.92	near	49.92		synth-fields:4;simmap:Afp->002e6fc0;simmap:create_task->002cedd0;positional:__ZN2Ti8MiniGameC2ENS0_6MGTypeEii->002ce958;positional:MapPathOpt->002e34b8;positional:unit->002e34c0;positional:check_local_set->002e34c8;positional:set->002d7630;unmapped-call:get_course_count;dropped:get_course_countx1;dropped:ErrorPrintfx5;dropped:_printfx6;dropped:ErrorRaisex5;this-pad:func_002e34b8;this-pad:func_002e34c0;this-pad:func_002ceae8;this-pad:func_00168b38;this-pad:func_002d7630;this-pad:func_002e6fc0;arity-pad:func_002d74c8;this-pad:func_002e34d8;globals:12ppc/4ps2;gdims:__LNst__ZN2Ti12MGHachimitsu6endianEPN2YS6BINARCE_2;gdims:__LNst__ZN2Ti12MGHachimitsu6endianEPN2YS6BINARCE_0;gdims:LS_104_LV_16;unmapped-global:LS_104_LV_16;gdims:__LNst__ZN2Ti12MGHachimitsu6endianEPN2YS6BINARCE_4;unmapped-global:__LNst__ZN2Ti12MGHachimitsu6endianEPN2YS6BINARCE_4;gdims:__LNst__ZN2Ti12MGHachimitsu6endianEPN2YS6BINARCE_5;unmapped-global:__LNst__ZN2Ti12MGHachimitsu6endianEPN2YS6BINARCE_5;gdims:__LNst__ZN2Ti12MGHachimitsu6endianEPN2YS6BINARCE_6;unmapped-global:__LNst__ZN2Ti12MGHachimitsu6endianEPN2YS6BINARCE_6;gdims:__LNst__ZN2Ti12MGHachimitsuC1Eiii_1;unmapped-global:__LNst__ZN2Ti12MGHachimitsuC1Eiii_1;gdims:__LNst__ZN2Ti12MGHachimitsuC1Eiii_2;unmapped-global:__LNst__ZN2Ti12MGHachimitsuC1Eiii_2;gdims:__LNst__ZN2Ti12MGHachimitsuC1Eiii_3;unmapped-global:__LNst__ZN2Ti12MGHachimitsuC1Eiii_3;gdims:__LNst__ZN2Ti12MGHachimitsuC1Eiii_4;unmapped-global:__LNst__ZN2Ti12MGHachimitsuC1Eiii_4;fix-assign-cast;fix-hdmember:Ti_MGHachimitsu.get_prize_counter_	
002d7338	006375b4	88	branchy	88.18	near	88.18		simmap:_Afp->002e70b0;simmap:__ZN2Ti8MiniGameD2Ev->002cea28;this-pad:func_002e70b0	
002d74c8	00636c48	356	float	96.37	near	0.0		this-pad:func_002e34d8;globals:0ppc/1ps2	
002d7698	00637ef8	528	float	60.10	near	0.0		dropped:ErrorPrintfx1;dropped:ErrorRaisex1;this-pad:func_002e34d8;this-pad:func_002daa00;this-pad:func_0014aa80;this-pad:func_0014aa58;gvote:LS_131_LV_34->00375b7c;globals:3ppc/1ps2;unmapped-global:__LNst__ZN2Ti12MGHachimitsu11run_commandEv_0;gdims:__LNst__ZN2Ti12MGHachimitsu6endianEPN2YS6BINARCE_0;unmapped-global:__LNst__ZN2Ti12MGHachimitsu6endianEPN2YS6BINARCE_0;gdims:LS_131_LV_34	
002d84a8	006381d0	452	float	66.99	near	0.0		stack-locals:1;synth-fields:1;this-pad:func_002cf248;arity-pad:func_002d7698;this-pad:func_002da8f0;this-pad:func_002da958;this-pad:func_002e7108;arity-pad:func_002e71a0;arity-pad:func_002d7af0;gvote:Player->0034e948;globals:2ppc/3ps2	Ti::MGHachimitsu|pre_player_center_matrix_|150|150|58;Ti::MGHachimitsu|player_center_matrix_|110|138|48;Ti::MGHachimitsu|pre_player_center_matrix_|150|150|58
002d8670	00638620	332	float	67.11	compile	0.0	002d8670.cpp:2367: redeclaration	stack-locals:1;synth-fields:4;dropped:ErrorPrintfx1;dropped:StatusPrintfx4;dropped:ErrorRaisex1;arity-pad:func_002d94b8;arity-pad:func_002d74c8;globals:3ppc/2ps2;gdims:__LNst__ZN2Ti12MGHachimitsu6configEv_0;gdims:__LNst__ZN2Ti12MGHachimitsu6endianEPN2YS6BINARCE_0;unmapped-global:__LNst__ZN2Ti12MGHachimitsu6endianEPN2YS6BINARCE_0;fix-hdmember:Ti_MGHachimitsu.get_prize_counter_;fix-hdmember:Ti_MGHachimitsu.get_prize_counter_;fix-hdmember:Ti_MGHachimitsu.get_prize_counter_	
002d8d40	00639d28	40	float	96.50	near	19.35		globals:0ppc/1ps2	
002d9220	006366a0	660	float	58.62	near	36.81		stack-locals:1;dropped:ErrorPrintfx2;dropped:ErrorRaisex2;arity-pad:func_001c0cd8;arity-pad:func_002dba28;arity-pad:func_001c0e60;arity-pad:func_0016b070;arity-pad:func_0016ace0;arity-pad:func_001987a8;arity-pad:func_00180378;arity-pad:func_0017f488;arity-pad:func_00194088;gvote:Player->0034e948;globals:7ppc/2ps2;unmapped-global:0x73dac0;gdims:__LNst__ZN2Ti12MGHachimitsu9play_demoEi_0;unmapped-global:__LNst__ZN2Ti12MGHachimitsu9play_demoEi_0;gdims:__LNst__ZN2Ti12MGHachimitsu6endianEPN2YS6BINARCE_0;unmapped-global:__LNst__ZN2Ti12MGHachimitsu6endianEPN2YS6BINARCE_0;gdims:LS_93_LV_13;unmapped-global:LS_93_LV_13;unmapped-global:__LNst__ZN2Ti12MGHachimitsu9play_demoEi_3;variant:no_thispad	Ti::MGHachimitsu|player_center_matrix_|110|128|40;Ti::MGHachimitsu|player_base_matrix_|d0|e0|10;Ti::MGHachimitsu|player_base_matrix_|d0|e8|18;Ti::MGHachimitsu|player_base_matrix_|d0|f0|20;Ti::MGHachimitsu|player_base_matrix_|d0|f8|28;Ti::MGHachimitsu|player_base_matrix_|d0|100|30;Ti::MGHachimitsu|player_center_matrix_|110|130|48
002d94b8	00638438	208	float	78.54	near	33.99		dropped:ErrorPrintfx2;dropped:ErrorRaisex2;this-pad:func_00194070;this-pad:func_001c0d38;this-pad:func_0017f540;this-pad:func_002db968;gvote:Player->0034e948;gvote:LS_138_LV_36->00375cb8;globals:4ppc/2ps2;unmapped-global:__LNst__ZN2Ti12MGHachimitsu11demo_is_endEv_0;gdims:__LNst__ZN2Ti12MGHachimitsu6endianEPN2YS6BINARCE_0;unmapped-global:__LNst__ZN2Ti12MGHachimitsu6endianEPN2YS6BINARCE_0;gdims:LS_138_LV_36	
002d9788	0063af8c	132	float	84.52	near	60.39		stack-locals:1;dropped:ErrorPrintfx1;dropped:ErrorRaisex1;this-pad:func_001780d8;this-pad:func_00198860;this-pad:func_0016bd60;this-pad:func_0016b070;this-pad:func_0017a7d8;globals:4ppc/0ps2;unmapped-global:current_;unmapped-global:__LNst__ZN2Ti18MGHachimitsuPlayer15_OVR_initializeEv_1;gdims:__LNst__ZN2Ti18MGHachimitsuPlayer15_OVR_initializeEv_3;unmapped-global:__LNst__ZN2Ti18MGHachimitsuPlayer15_OVR_initializeEv_3;gdims:LS_90_LV_10;unmapped-global:LS_90_LV_10;static-unmapped	
002da040	0063c820	204	float	68.51	near	75.78		unmapped-call:operator_;dropped:operator_x0;this-pad:func_0017f540;this-pad:func_001c0cd8;this-pad:func_0016c028	Ti::MGHachimitsuPlayer|can_get_prize_pos_|ca0|ccd|c05;Ti::MGHachimitsuPlayer|can_get_prize_pos_|ca0|cc4|bfc;Ti::MGHachimitsuPlayer|can_get_prize_pos_|ca0|cbc|bf4;Ti::MGHachimitsuPlayer|can_get_prize_pos_|ca0|cb8|bf0;Ti::MGHachimitsuPlayer|can_get_prize_pos_|ca0|cb8|bf0
002da670	0063bf30	636	float	63.83	near	0.0		stack-locals:1;this-pad:func_001c0cd8;this-pad:func_002dbf50;this-pad:func_002d8d40;this-pad:func_002dc1b0;this-pad:func_002d8120;arity-pad:func_002da520;this-pad:func_002dc100;gvote:current_->00361f60;globals:1ppc/3ps2	Ti::MGHachimitsuPlayer|can_get_prize_pos_|ca0|cb8|bf0
002daa00	0063caa4	80	branchy	99.00	near	62.33		dropped:_printfx2;this-pad:func_0016c028;globals:2ppc/0ps2;gdims:__LNst__ZN2Ti18MGHachimitsuPlayer15_OVR_initializeEv_3;unmapped-global:__LNst__ZN2Ti18MGHachimitsuPlayer15_OVR_initializeEv_3;gdims:__LNst__ZN2Ti18MGHachimitsuPlayer13player_pod_seEi_1;unmapped-global:__LNst__ZN2Ti18MGHachimitsuPlayer13player_pod_seEi_1	Ti::MGHachimitsuPlayer|can_get_prize_pos_|ca0|cbc|bf4
002dae38	0065e768	176	float	65.06	near	39.16		this-pad:func_001c0d38;this-pad:func_002cf2b0;this-pad:func_0016ace0;this-pad:func_0016b070;gvote:Player->0034e948;globals:2ppc/4ps2	
002db858	0063d6cc	76	straight	75.79	near	31.76		synth-fields:1;positional:__ZN2Ti5MGObjC2EPKN2YS8OBJENTRYEjRKN2kn7FVectorEf->002cfeb0;positional:unit->002e7308;unmapped-call:IntervalVoice;dropped:IntervalVoicex1;this-pad:func_002e7308;globals:0ppc/1ps2	
002db968	0065d460	188	float	38.36	near	14.1		stack-locals:1;dropped:ErrorPrintfx2;dropped:ErrorRaisex2;gdims:__LNst__ZN2Ti3Afp17calc_local_matrixEhh_3;gdims:LS_51_LV_14	
002dba40	0063d37c	148	float	63.70	near	39.9		stack-locals:1;dropped:ErrorPrintfx1;dropped:ErrorRaisex1;this-pad:func_002d00a0;this-pad:func_0016bd60;this-pad:func_0016b070;arity-pad:func_002db968;gvote:voice_table_d->003628f0;globals:5ppc/1ps2;gdims:voice_table_d;unmapped-global:current_;unmapped-global:__LNst__ZN2Ti14MGHachimitsuPo19play_interval_voiceEb_1;gdims:__LNst__ZN2Ti14MGHachimitsuPo19play_interval_voiceEb_3;unmapped-global:__LNst__ZN2Ti14MGHachimitsuPo19play_interval_voiceEb_3;gdims:LS_100_LV_6;unmapped-global:LS_100_LV_6;static-unmapped	
002dbb88	0063d580	280	float	76.54	near	46.7		stack-locals:1;synth-fields:3;positional:config->002d73f0;this-pad:func_00198690;this-pad:func_001c0cd8;this-pad:func_0016b070;this-pad:func_0016ace0;this-pad:func_002d8d68;this-pad:func_002d73f0;gvote:current_->00361f60;globals:1ppc/2ps2	
002dc140	0063da40	108	branchy	47.59	near	6.81			
002dc4e0	0063e9c0	548	float	92.81	compile	0.0	002dc4e0.cpp: In function `void;    e3_002dc4e0(Ti_MGJump*, int, int)':; 002dc4e0.cpp:3441: warning: invalid;    conversion from `Ti_MGJump*' to `unsigned int'; 002dc4e0.cpp:3463: warning: invalid;   	synth-fields:3;simmap:Cord->002e4a08;simmap:Tim2->002e5f70;simmap:init->002e5fb8;simmap:create_task->002cedd0;positional:__ZN2Ti8MiniGameC2ENS0_6MGTypeEii->002ce958;dropped:ErrorPrintfx7;dropped:ErrorRaisex7;this-pad:func_002e4a08;this-pad:func_002e5f70;arity-pad:func_00144450;this-pad:func_002ceae8;this-pad:func_00168b38;arity-pad:func_002dc850;this-pad:func_0016bd60;globals:7ppc/6ps2;gdims:__LNst__ZN2Ti6MGJumpC1Eii_0;gdims:__LNst__ZN2Ti6MGJump6endianEPN2YS6BINARCE_0;gdims:__LNst__ZN2Ti6MGJump6endianEPN2YS6BINARCE_2;gdims:__LNst__ZN2Ti6MGJump6endianEPN2YS6BINARCE_4;unmapped-global:__LNst__ZN2Ti6MGJump6endianEPN2YS6BINARCE_4;fix-arity:func_00144450;fix-assign-cast	
002dc708	0063ef1c	60	straight	81.87	near	81.8		simmap:__ZN2Ti8MiniGameD2Ev->002cea28;positional:_Cord->002e4a90;this-pad:func_002e4a90	
002dc850	0063e70c	312	float	57.91	near	26.38		stack-locals:1;dropped:ErrorPrintfx3;dropped:ErrorRaisex3;this-pad:func_001444c8;this-pad:func_002e4af8;globals:5ppc/7ps2;gdims:_ZZN2dk6AabboxaSERKS0_Es_0;gdims:_ZZN2dk6AabboxaSERKS0_Es_2;gdims:_ZZN2dk6AabboxaSERKS0_Es_3;gdims:_ZZN2dk6AabboxaSERKS0_Es_4	Ti::MGJump|player_pos_|e0|e0|40;Ti::MGJump|prize_info_|74|74|6c;Ti::MGJump|appear_unit_|90|98|74;Ti::MGJump|player_pos_|e0|e0|40;Ti::MGJump|player_pos_|e0|e8|48
002dcc90	0063f400	496	float	89.54	near	39.02		dropped:ErrorPrintfx1;dropped:_printfx6;dropped:ErrorRaisex1;this-pad:func_002e33d8;this-pad:func_002e33f8;this-pad:func_002e3318;globals:6ppc/2ps2;gdims:__LNst__ZN2Ti6MGJump6endianEPN2YS6BINARCE_0;unmapped-global:__LNst__ZN2Ti6MGJump6endianEPN2YS6BINARCE_0;gdims:__LNst__ZN2Ti6MGJump8pre_execEv_1;unmapped-global:__LNst__ZN2Ti6MGJump8pre_execEv_1;gdims:__LNst__ZN2Ti6MGJump8pre_execEv_2;unmapped-global:__LNst__ZN2Ti6MGJump8pre_execEv_2;gdims:__LNst__ZN2Ti6MGJump8pre_execEv_3;unmapped-global:__LNst__ZN2Ti6MGJump8pre_execEv_3;fix-assign-cast;fix-assign-cast	Ti::MiniGame|view_frustum_|10|28|20;Ti::MiniGame|view_frustum_|10|30|28;Ti::MGJump|appear_unit_|90|94|88;Ti::MGJump|appear_unit_|90|9c|90;Ti::MGJump|appear_unit_|90|9c|90;Ti::MGJump|player_pos_|e0|e4|d8;Ti::MGJump|player_pos_|e0|e0|d4;Ti::MiniGame|view_frustum_|10|30|28
002dcf90	0063f920	428	float	52.42	near	37.01		synth-fields:4;dropped:ErrorPrintfx3;dropped:ErrorRaisex3;arity-pad:func_002dc7f8;this-pad:func_00106de8;this-pad:func_00106c08;this-pad:func_0016c028;this-pad:func_00107340;this-pad:func_00107330;globals:3ppc/2ps2;gdims:camera;gdims:__LNst__ZN2Ti6MGJump6endianEPN2YS6BINARCE_0;unmapped-global:__LNst__ZN2Ti6MGJump6endianEPN2YS6BINARCE_0;fix-assign-cast;fix-assign-cast	Ti::MiniGame|view_frustum_|10|40|60;Ti::MiniGame|view_frustum_|10|3c|5c;Ti::MiniGame|view_frustum_|10|38|58;Ti::MiniGame|view_frustum_|10|30|50;Ti::MiniGame|view_frustum_|10|40|60;Ti::MiniGame|view_frustum_|10|3c|5c;Ti::MiniGame|view_frustum_|10|38|58
002dd3a0	0063ff3c	168	branchy	76.74	near	0.0		stack-locals:1;dropped:ErrorPrintfx3;dropped:ErrorRaisex3;this-pad:func_00144d10;this-pad:func_002cf270;this-pad:func_002cf280;globals:4ppc/0ps2;gdims:_ZZN2dk6AabboxC1ERKS0_Es_0;unmapped-global:_ZZN2dk6AabboxC1ERKS0_Es_0;gdims:_ZZN2dk6AabboxC1ERKS0_Es_2;unmapped-global:_ZZN2dk6AabboxC1ERKS0_Es_2;gdims:_ZZN2dk6AabboxC1ERKS0_Es_3;unmapped-global:_ZZN2dk6AabboxC1ERKS0_Es_3;gdims:_ZZN2dk6AabboxC1ERKS0_Es_4;unmapped-global:_ZZN2dk6AabboxC1ERKS0_Es_4	Ti::MGJump|appear_unit_|90|b0|20;Ti::MGJump|appear_unit_|90|c0|30
002dd448	006402b0	92	branchy	84.00	near	0.43		stack-locals:1;globals:0ppc/1ps2	Ti::MGJump|type_|80|80|10;Ti::MGJump|type_|80|80|10
002dd530	006406ec	192	float	70.19	near	73.54		dropped:_printfx2;this-pad:func_0019c768;this-pad:func_0016a060;this-pad:func_002cf280;globals:2ppc/1ps2;gdims:__LNst__ZN2Ti6MGJump6endianEPN2YS6BINARCE_0;gdims:__LNst__ZN2Ti6MGJump18start_special_modeEi_0;unmapped-global:__LNst__ZN2Ti6MGJump18start_special_modeEi_0;drop:Ti::MGJump.prize_info_@0x74	Ti::MGJump|appear_unit_|90|98|8c;Ti::MGJump|appear_unit_|90|9c|90;Ti::MGJump|player_pos_|e0|e0|d4;Ti::MGJump|appear_unit_|90|b4|90;Ti::MGJump|player_pos_|e0|e4|d8
002dd650	006409c0	124	loop	89.03	near	41.09		dropped:ErrorPrintfx1;dropped:ErrorRaisex1;globals:3ppc/0ps2;unmapped-global:__LNst__ZN2Ti6MGJump14get_prize_dataEv_0;gdims:__LNst__ZN2Ti6MGJump6endianEPN2YS6BINARCE_0;unmapped-global:__LNst__ZN2Ti6MGJump6endianEPN2YS6BINARCE_0;gdims:LS_159_LV_18;unmapped-global:LS_159_LV_18	
002dd730	00642c58	96	float	66.25	near	56.32		unmapped-call:operator_;dropped:ErrorPrintfx1;dropped:operator_x0;dropped:ErrorRaisex1;this-pad:func_001780d8;this-pad:func_00198860;this-pad:func_0017a7d8;globals:4ppc/1ps2;unmapped-global:__LNst__ZN2Ti12MGJumpPlayer15_OVR_initializeEv_1;gdims:__LNst__ZN2Ti12MGJumpPlayer15_OVR_initializeEv_3;unmapped-global:__LNst__ZN2Ti12MGJumpPlayer15_OVR_initializeEv_3;gdims:LS_91_LV_3;unmapped-global:LS_91_LV_3	
002dd790	006f01ac	60	branchy	66.35	compile	0.0	002dd790.cpp:2861: `VTABLE' was	unmapped-call:operator_;dropped:operator_x0;this-pad:func_002d10a0	
002dd7d0	00642d48	404	float	81.88	near	31.95		stack-locals:1;positional:ErrorPrintf->002dc808;positional:ErrorRaise->00183768;positional:get_player_speed->002f8870;positional:set_movement->002f8870;this-pad:func_001788b8;arity-pad:func_002f8870;this-pad:func_002dc7c8;gvote:current_->00361f60;globals:4ppc/5ps2;fix-arity:func_002f8870;variant:no_dims	
002dda88	00641da8	164	float	68.73	near	26.14		synth-fields:5;positional:__ZN2Ti5MGObjC2EPKN2YS8OBJENTRYEjRKN2kn7FVectorEf->002cfeb0;dropped:ErrorPrintfx1;dropped:ErrorRaisex1;gvote:LS_224_LV_14->00375dec;globals:3ppc/2ps2;gdims:__LNst__ZN2Ti12MGJumpGimObj9_OVR_execEv_3;unmapped-global:__LNst__ZN2Ti12MGJumpGimObj9_OVR_execEv_3;gdims:LS_224_LV_14	
002ddbb8	00641f6c	32	branchy	92.50	near	0.0		;fix-assign-cast	
002de500	00642070	404	float	66.85	near	33.76		unmapped-call:operator_;dropped:operator_x0;this-pad:func_002dc7c8;this-pad:func_002dd650;gvote:current_->00361f60;globals:3ppc/4ps2	
002de698	00641f94	80	float	83.40	near	66.68		dropped:ErrorPrintfx1;dropped:ErrorRaisex1;this-pad:func_002cf280;this-pad:func_002dc7c8;gvote:current_->00361f60;globals:3ppc/1ps2;unmapped-global:__LNst__ZN2Ti12MGJumpGimObj9_OVR_execEv_1;gdims:__LNst__ZN2Ti12MGJumpGimObj9_OVR_execEv_3;unmapped-global:__LNst__ZN2Ti12MGJumpGimObj9_OVR_execEv_3	
002de8e8	006ef97c	128	float	52.66	compile	0.0	002de8e8.cpp:2105: `VTABLE' was	stack-locals:1;this-pad:func_00198690;this-pad:func_001c0cd8;this-pad:func_0016b070;this-pad:func_0016ace0;globals:0ppc/1ps2	
002deb18	0062ef38	132	float	45.85	near	27.98		stack-locals:1;positional:ErrorPrintf->002df160;positional:ErrorRaise->002df1a0;this-pad:func_0016c028;this-pad:func_0016ace0;globals:3ppc/2ps2;gdims:__LNst__ZN2Ti14ACTION_PO_JUMP5resetEv_3;unmapped-global:__LNst__ZN2Ti14ACTION_PO_JUMP5resetEv_3;static-unmapped	
002deba0	0062e408	448	float	78.14	near	0.0		stack-locals:1;simmap:get_move_range->002dd2d8;positional:vrandf->00106558;dropped:ErrorPrintfx1;dropped:ErrorRaisex1;this-pad:func_002dd2d8;this-pad:func_0016c028;gvote:current_->00361f60;gvote:Player->0034e948;globals:6ppc/4ps2;gdims:__LNst__ZN2Ti14ACTION_PO_JUMP5resetEv_3;unmapped-global:__LNst__ZN2Ti14ACTION_PO_JUMP5resetEv_3;gdims:LS_90_LV_12;unmapped-global:LS_90_LV_12	
002df040	0062f064	144	float	32.11	near	14.94		stack-locals:1;positional:exec_jump->002deda8;this-pad:func_0016aef0;this-pad:func_0016c028;this-pad:func_0016ace0;arity-pad:func_002deda8;globals:0ppc/1ps2	
002df7d8	0062fe40	144	float	91.44	compile	0.0	002df7d8.cpp:2608: syntax error	positional:decide_way->002def70;dropped:ErrorPrintfx1;dropped:ErrorRaisex1;this-pad:func_0017f488;this-pad:func_0017f5e0;this-pad:func_002dc7c8;this-pad:func_002def70;gvote:current_->00361f60;globals:3ppc/1ps2;unmapped-global:__LNst__ZN2Ti14ACTION_PO_JUMP5resetEv_1;gdims:__LNst__ZN2Ti14ACTION_PO_JUMP5resetEv_3;unmapped-global:__LNst__ZN2Ti14ACTION_PO_JUMP5resetEv_3	
002dfba8	00631538	264	float	78.56	near	57.69		positional:start->002deb18;unmapped-call:operator_;dropped:ErrorPrintfx1;dropped:operator_x0;dropped:ErrorRaisex1;this-pad:func_002dd250;this-pad:func_002deb18;this-pad:func_0016c028;this-pad:func_002dc7c8;gvote:current_->00361f60;gdims:__LNst__ZN2Ti14ACTION_PO_JUMP5resetEv_3	Ti::ACTION_PO_JUMP_PLAYER|jump_gravity_|58|58|18
002dfe38	006303e8	296	float	91.89	near	52.78		dropped:ErrorPrintfx1;dropped:ErrorRaisex1;this-pad:func_002de698;this-pad:func_0017f488;this-pad:func_002ddbb8;gdims:_ZZN2YS8TOSTDOBJEPvEs_0;gdims:_ZZN2YS8TOSTDOBJEPvEs_2	
002dff60	00630068	720	float	68.80	near	42.56		dropped:ErrorPrintfx1;dropped:ErrorRaisex1;this-pad:func_002ddbb8;this-pad:func_002dd2b0;this-pad:func_002de738;this-pad:func_002dd530;this-pad:func_002de6e8;this-pad:func_002dd250;this-pad:func_002e0870;this-pad:func_002de3e0;this-pad:func_002dd4a8;this-pad:func_002e0858;gvote:current_->00361f60;gvote:LS_150_LV_23->00375e8c;globals:5ppc/4ps2;gdims:__LNst__ZN2Ti14ACTION_PO_JUMP5resetEv_3;unmapped-global:__LNst__ZN2Ti14ACTION_PO_JUMP5resetEv_3;gdims:LS_150_LV_23	YS::ACTION|Flag|8|8|18
002e0698	00630b50	136	float	85.37	near	77.73		dropped:ErrorPrintfx1;dropped:ErrorRaisex1;this-pad:func_00180c88;this-pad:func_002dd4f8;gvote:current_->00361f60;globals:3ppc/1ps2;unmapped-global:__LNst__ZN2Ti14ACTION_PO_JUMP5resetEv_1;gdims:__LNst__ZN2Ti14ACTION_PO_JUMP5resetEv_3;unmapped-global:__LNst__ZN2Ti14ACTION_PO_JUMP5resetEv_3	
002e0e70	006330a4	88	branchy	88.18	near	88.14		simmap:_Afp->002e70b0;simmap:__ZN2Ti8MiniGameD2Ev->002cea28;this-pad:func_002e70b0	Ti::MG_ALEscape|scroll_speed_|7c|7c|70
002e1288	006332e8	336	float	89.93	near	34.1		synth-fields:3;positional:get_course_count->002e34c8;dropped:StatusPrintfx3;this-pad:func_002e34c8;this-pad:func_002e34d8;arity-pad:func_002e71a0;globals:1ppc/4ps2	Ti::MG_ALEscape|pre_camera_matrix_|90|91|85
002e1878	006331a0	64	float	34.56	near	14.32		arity-pad:func_002e7108;globals:0ppc/2ps2;fix-arg:func_002e7108:1;variant:no_thispad	
002e20d8	00634744	356	straight	92.73	compile	0.0	002e20d8.cpp:3822: `EH_SIDECAR'	synth-fields:2;simmap:Afp->002e6fc0;simmap:create_task->002cedd0;positional:__ZN2Ti8MiniGameC2ENS0_6MGTypeEii->002ce958;positional:MapPathOpt->002e34b8;positional:unit->002e34c0;positional:set->002e2350;unmapped-call:reset;dropped:resetx1;dropped:ErrorPrintfx4;dropped:ErrorRaisex4;this-pad:func_002e34b8;this-pad:func_002e34c0;this-pad:func_002ceae8;this-pad:func_00168b38;this-pad:func_002e2350;this-pad:func_002e6fc0;this-pad:func_0016bd60;gvote:0x8078a4->00362e80;gvote:Player->0034e948;gvote:LS_63_LV_9->00375f18;globals:8ppc/4ps2;gdims:__LNst__ZN2Ti12MG_EHSidecarC1Ei_2;unmapped-global:__LNst__ZN2Ti12MG_EHSidecarC1Ei_2;gdims:__LNst__ZN2Ti12MG_EHSidecarC1Ei_4;unmapped-global:__LNst__ZN2Ti12MG_EHSidecarC1Ei_4;gdims:LS_63_LV_9;gdims:__LNst__ZN2Ti12MG_EHSidecarC1Ei_5;unmapped-global:__LNst__ZN2Ti12MG_EHSidecarC1Ei_5;gdims:__LNst__ZN2Ti12MG_EHSidecarC1Ei_6;unmapped-global:__LNst__ZN2Ti12MG_EHSidecarC1Ei_6	
002e2240	00634af4	88	branchy	88.18	near	88.18		synth-fields:1;simmap:_Afp->002e70b0;simmap:__ZN2Ti8MiniGameD2Ev->002cea28;this-pad:func_002e70b0	
002e2570	00634fa0	236	float	67.80	near	0.0		dropped:StatusPrintfx3;globals:0ppc/2ps2	
002e2728	00634be0	160	float	78.02	near	52.55		synth-fields:3;positional:get_course_count->002e34c8;dropped:ErrorPrintfx1;dropped:ErrorRaisex1;this-pad:func_002e34c8;this-pad:func_002e34d8;globals:3ppc/0ps2;gdims:__LNst__ZN2Ti12MG_EHSidecar9play_pathEib_0;unmapped-global:__LNst__ZN2Ti12MG_EHSidecar9play_pathEib_0;gdims:__LNst__ZN2Ti12MG_EHSidecarC1Ei_4;unmapped-global:__LNst__ZN2Ti12MG_EHSidecarC1Ei_4;gdims:LS_74_LV_11;unmapped-global:LS_74_LV_11	Ti::MiniGame|view_frustum_|10|20|18
002e2d18	00635c90	56	branchy	99.64	near	39.26		synth-fields:1;unmapped-call:get_course_count;dropped:get_course_countx1;dropped:ErrorPrintfx1;dropped:ErrorRaisex1;arity-pad:func_002e26c0;gvote:current_->00361f60;globals:4ppc/1ps2;gdims:__LNst__ZN2Ti12MG_EHSidecar8PlayPathEib_0;unmapped-global:__LNst__ZN2Ti12MG_EHSidecar8PlayPathEib_0;gdims:__LNst__ZN2Ti12MG_EHSidecarC1Ei_4;unmapped-global:__LNst__ZN2Ti12MG_EHSidecarC1Ei_4;gdims:LS_100_LV_23;unmapped-global:LS_100_LV_23	
002e2d88	00635ad8	80	branchy	97.00	near	65.81		dropped:ErrorPrintfx1;dropped:ErrorRaisex1;gvote:current_->00361f60;globals:4ppc/1ps2;gdims:__LNst__ZN2Ti12MG_EHSidecar8PlayPathEib_0;unmapped-global:__LNst__ZN2Ti12MG_EHSidecar8PlayPathEib_0;gdims:__LNst__ZN2Ti12MG_EHSidecarC1Ei_4;unmapped-global:__LNst__ZN2Ti12MG_EHSidecarC1Ei_4;gdims:LS_96_LV_21;unmapped-global:LS_96_LV_21	
002e3540	00658aa8	168	float	92.95	near	31.93		unmapped-call:operator_;dropped:ErrorPrintfx2;dropped:operator_x0;dropped:ErrorRaisex2;this-pad:func_0016c028;arity-pad:func_0016af58;globals:4ppc/2ps2;gdims:_ZZN2YS5ToOBJEPvEs_0;gdims:_ZZN2YS5ToOBJEPvEs_2;unmapped-global:_ZZN2YS5ToOBJEPvEs_2;gdims:_ZZN2YS5ToOBJEPvEs_3;unmapped-global:_ZZN2YS5ToOBJEPvEs_3;fix-arity:func_0016af58	
002e35e8	00658c48	160	float	92.60	near	37.38		unmapped-call:operator_;dropped:ErrorPrintfx2;dropped:operator_x0;dropped:ErrorRaisex2;this-pad:func_0016c028;arity-pad:func_0016af58;globals:4ppc/1ps2;gdims:_ZZN2YS5ToOBJEPvEs_0;unmapped-global:_ZZN2YS5ToOBJEPvEs_0;gdims:_ZZN2YS5ToOBJEPvEs_2;unmapped-global:_ZZN2YS5ToOBJEPvEs_2;gdims:_ZZN2YS5ToOBJEPvEs_3;unmapped-global:_ZZN2YS5ToOBJEPvEs_3;fix-arity:func_0016af58	
002e3a18	0065a02c	92	branchy	87.13	near	40.26		stack-locals:1;unmapped-call:operator_;dropped:ErrorPrintfx2;dropped:operator_x0;dropped:ErrorRaisex2;this-pad:func_002cbed8;globals:4ppc/1ps2;gdims:_ZZN2YS5ToOBJEPvEs_0;unmapped-global:_ZZN2YS5ToOBJEPvEs_0;gdims:_ZZN2YS5ToOBJEPvEs_2;unmapped-global:_ZZN2YS5ToOBJEPvEs_2;gdims:_ZZN2YS5ToOBJEPvEs_3;unmapped-global:_ZZN2YS5ToOBJEPvEs_3	
002e3a78	0065a17c	92	branchy	87.13	near	40.26		stack-locals:1;unmapped-call:operator_;dropped:ErrorPrintfx2;dropped:operator_x0;dropped:ErrorRaisex2;this-pad:func_002cbf08;globals:4ppc/1ps2;gdims:_ZZN2YS5ToOBJEPvEs_0;unmapped-global:_ZZN2YS5ToOBJEPvEs_0;gdims:_ZZN2YS5ToOBJEPvEs_2;unmapped-global:_ZZN2YS5ToOBJEPvEs_2;gdims:_ZZN2YS5ToOBJEPvEs_3;unmapped-global:_ZZN2YS5ToOBJEPvEs_3	
002e3b88	0065a730	96	branchy	87.67	near	36.48		stack-locals:1;positional:get_point_pos->002cb7c8;unmapped-call:operator_;dropped:ErrorPrintfx3;dropped:operator_x0;dropped:ErrorRaisex3;this-pad:func_002cb7c8;globals:7ppc/1ps2;gdims:_ZZN2YS5ToOBJEPvEs_0;unmapped-global:_ZZN2YS5ToOBJEPvEs_0;gdims:_ZZN2YS5ToOBJEPvEs_2;unmapped-global:_ZZN2YS5ToOBJEPvEs_2;gdims:_ZZN2YS5ToOBJEPvEs_3;unmapped-global:_ZZN2YS5ToOBJEPvEs_3;gdims:__LNst__ZN2Ti26trap_set_path_target_pointEP8BD_VALUE_0;unmapped-global:__LNst__ZN2Ti26trap_set_path_target_pointEP8BD_VALUE_0;gdims:__LNst__ZN2Ti22trap_reset_active_pathEP8BD_VALUE_3;unmapped-global:__LNst__ZN2Ti22trap_reset_active_pathEP8BD_VALUE_3;gdims:LS_65_LV_14;unmapped-global:LS_65_LV_14	
002e3ce8	0065b190	92	branchy	98.00	near	32.02		unmapped-call:operator_;dropped:ErrorPrintfx3;dropped:operator_x0;dropped:ErrorRaisex3;this-pad:func_002cb8b8;globals:7ppc/1ps2;gdims:_ZZN2YS5ToOBJEPvEs_0;unmapped-global:_ZZN2YS5ToOBJEPvEs_0;gdims:_ZZN2YS5ToOBJEPvEs_2;unmapped-global:_ZZN2YS5ToOBJEPvEs_2;gdims:_ZZN2YS5ToOBJEPvEs_3;unmapped-global:_ZZN2YS5ToOBJEPvEs_3;gdims:__LNst__ZN2Ti26trap_set_path_target_pointEP8BD_VALUE_0;unmapped-global:__LNst__ZN2Ti26trap_set_path_target_pointEP8BD_VALUE_0;gdims:__LNst__ZN2Ti22trap_reset_active_pathEP8BD_VALUE_3;unmapped-global:__LNst__ZN2Ti22trap_reset_active_pathEP8BD_VALUE_3;gdims:LS_78_LV_21;unmapped-global:LS_78_LV_21	
002e3d48	0065b340	92	branchy	98.00	near	32.02		unmapped-call:operator_;dropped:ErrorPrintfx3;dropped:operator_x0;dropped:ErrorRaisex3;this-pad:func_002cb8e0;globals:7ppc/1ps2;gdims:_ZZN2YS5ToOBJEPvEs_0;unmapped-global:_ZZN2YS5ToOBJEPvEs_0;gdims:_ZZN2YS5ToOBJEPvEs_2;unmapped-global:_ZZN2YS5ToOBJEPvEs_2;gdims:_ZZN2YS5ToOBJEPvEs_3;unmapped-global:_ZZN2YS5ToOBJEPvEs_3;gdims:__LNst__ZN2Ti26trap_set_path_target_pointEP8BD_VALUE_0;unmapped-global:__LNst__ZN2Ti26trap_set_path_target_pointEP8BD_VALUE_0;gdims:__LNst__ZN2Ti22trap_reset_active_pathEP8BD_VALUE_3;unmapped-global:__LNst__ZN2Ti22trap_reset_active_pathEP8BD_VALUE_3;gdims:LS_80_LV_22;unmapped-global:LS_80_LV_22	
002e50f8	002e77a0	184	float	77.81	compile	0.0	002e50f8.cpp:208: `INFINITY'	synth-fields:1;positional:operator_->002e51b0;unmapped-call:operator__;dropped:operator__x1;this-pad:func_002f8870;globals:1ppc/2ps2	
002e5fb8	00657bc4	260	loop	74.69	near	22.25		dropped:ErrorPrintfx4;dropped:_printfx2;dropped:ErrorRaisex4;globals:7ppc/0ps2;gdims:__LNst__ZN2Ti4Tim24initEPv_1;unmapped-global:__LNst__ZN2Ti4Tim24initEPv_1;gdims:__LNst__ZN2Ti4Tim24initEPv_3;unmapped-global:__LNst__ZN2Ti4Tim24initEPv_3;unmapped-global:LS_40_LV_0;gdims:__LNst__ZN2Ti4Tim24initEPv_4;unmapped-global:__LNst__ZN2Ti4Tim24initEPv_4;unmapped-global:__LNst__ZN2Ti4Tim24initEPv_5;gdims:__LNst__ZN2Ti4Tim24initEPv_6;unmapped-global:__LNst__ZN2Ti4Tim24initEPv_6;gdims:__LNst__ZN2Ti4Tim24initEPv_8;unmapped-global:__LNst__ZN2Ti4Tim24initEPv_8	
002e6210	00657f74	672	switch	55.51	near	26.55		positional:makeSendImagePacket->001097e8;positional:addCallPacket->00133c60;dropped:ErrorPrintfx1;dropped:ErrorRaisex1;this-pad:func_00133c60;globals:3ppc/1ps2;gdims:__LNst__ZN2Ti4Tim24initEPv_3;unmapped-global:__LNst__ZN2Ti4Tim24initEPv_3;unmapped-global:LS_46_LV_1	Ti::Tim2|image_packet_|0|58|50
002e6fc0	0065cc2c	152	loop	74.40	near	19.41		positional:unit->002e64b0;this-pad:func_002e64b0;fix-assign-cast;fix-assign-cast	Ti::Afp|matrix_buffer_|4|4|0
002e70b0	0065ccf4	84	loop	95.45	near	0.0			
002e7b10	00624db8	32	straight	87.56	near	66.75			
002e7b88	00624e5c	36	float	98.67	near	40.0		unmapped-call:SetSpec;dropped:SetSpecx1	
002e7be0	00624ed0	32	straight	87.56	near	40.0		unmapped-call:TARGET_SEARCHER;dropped:TARGET_SEARCHERx1	
002e7c18	00624f38	92	straight	77.22	near	21.73		this-pad:func_002e9d08;fix-arg:func_002e9d08:3;fix-arg:func_002e9d08:4	
002e7c78	00624fac	40	float	78.00	near	9.06		dropped:ErrorPrintfx2;dropped:ErrorRaisex2;this-pad:func_0016c568;globals:3ppc/0ps2;gdims:_ZZN2YS5ToOBJEPvEs_0;unmapped-global:_ZZN2YS5ToOBJEPvEs_0;gdims:_ZZN2YS5ToOBJEPvEs_2;unmapped-global:_ZZN2YS5ToOBJEPvEs_2;gdims:_ZZN2YS5ToOBJEPvEs_3;unmapped-global:_ZZN2YS5ToOBJEPvEs_3	
002e7f80	00625c3c	120	straight	67.33	near	35.78		synth-fields:1;this-pad:func_00190128;this-pad:func_002e9d08;fix-arg:func_002e9d08:3;fix-anonidx:Ts_TARGET_SEARCHER_anon_uni_target_h_41.field0;fix-arg:func_002e9d08:4	
002e7ff8	00625cc0	60	float	71.76	near	58.0		this-pad:func_001906f0;fix-arg:func_001906f0:2	
002e8038	00625cfc	52	straight	62.43	near	29.3		dropped:ErrorPrintfx2;dropped:ErrorRaisex2;globals:3ppc/0ps2;gdims:_ZZN2YS5ToOBJEPvEs_0;unmapped-global:_ZZN2YS5ToOBJEPvEs_0;gdims:_ZZN2YS5ToOBJEPvEs_2;unmapped-global:_ZZN2YS5ToOBJEPvEs_2;gdims:_ZZN2YS5ToOBJEPvEs_3;unmapped-global:_ZZN2YS5ToOBJEPvEs_3;fix-arg:func_002e9fe0:3	
002e8070	00625e28	36	straight	98.56	near	75.22		this-pad:func_002e9cb8	
002e8220	0062643c	40	float	78.00	near	9.06		dropped:ErrorPrintfx2;dropped:ErrorRaisex2;globals:3ppc/0ps2;gdims:_ZZN2YS5ToOBJEPvEs_0;unmapped-global:_ZZN2YS5ToOBJEPvEs_0;gdims:_ZZN2YS5ToOBJEPvEs_2;unmapped-global:_ZZN2YS5ToOBJEPvEs_2;gdims:_ZZN2YS5ToOBJEPvEs_3;unmapped-global:_ZZN2YS5ToOBJEPvEs_3	
002e8290	006268b4	40	float	73.00	near	35.91		this-pad:func_002eda90;gvote:Self->003637d0	
002e8390	00627080	84	float	71.05	near	22.95		positional:prepare_hop->001b2210;dropped:ErrorPrintfx4;dropped:ErrorRaisex4;arity-pad:func_001b2210;arity-pad:func_0016bd60;globals:3ppc/0ps2;gdims:_ZZN2YS5ToOBJEPvEs_0;unmapped-global:_ZZN2YS5ToOBJEPvEs_0;gdims:_ZZN2YS5ToOBJEPvEs_2;unmapped-global:_ZZN2YS5ToOBJEPvEs_2;gdims:_ZZN2YS5ToOBJEPvEs_3;unmapped-global:_ZZN2YS5ToOBJEPvEs_3;fix-arg:func_001b2210:2;variant:no_thispad	
002e8400	006272a0	168	float	56.86	near	1.36		dropped:ErrorPrintfx4;dropped:ErrorRaisex4;this-pad:func_0019c6f0;arity-pad:func_0016c568;globals:3ppc/0ps2;gdims:_ZZN2YS5ToOBJEPvEs_0;unmapped-global:_ZZN2YS5ToOBJEPvEs_0;gdims:_ZZN2YS5ToOBJEPvEs_2;unmapped-global:_ZZN2YS5ToOBJEPvEs_2;gdims:_ZZN2YS5ToOBJEPvEs_3;unmapped-global:_ZZN2YS5ToOBJEPvEs_3	
002e8a28	006286b0	136	loop	99.41	near	27.44		dropped:ErrorPrintfx2;dropped:ErrorRaisex2;this-pad:func_0016a070;globals:3ppc/0ps2;gdims:_ZZN2YS5ToOBJEPvEs_0;unmapped-global:_ZZN2YS5ToOBJEPvEs_0;gdims:_ZZN2YS5ToOBJEPvEs_2;unmapped-global:_ZZN2YS5ToOBJEPvEs_2;gdims:_ZZN2YS5ToOBJEPvEs_3;unmapped-global:_ZZN2YS5ToOBJEPvEs_3	
002e8c28	0062341c	44	straight	56.73	near	5.88		simmap:set_pos->002e9610;this-pad:func_002e9610;fix-arg:func_002e9610:2	
002e8d08	00623650	224	float	55.87	near	16.24		stack-locals:1;unmapped-call:operator_;dropped:ErrorPrintfx3;dropped:operator_x0;dropped:ErrorRaisex3;arity-pad:func_0016bba8;arity-pad:func_0016c028;this-pad:func_0018a818;globals:7ppc/3ps2;gdims:_ZZN2YS5ToOBJEPvEs_0;gdims:_ZZN2YS5ToOBJEPvEs_2;gdims:_ZZN2YS5ToOBJEPvEs_3;unmapped-global:_ZZN2YS5ToOBJEPvEs_3;gdims:__LNst__ZN2Ts39trap_limit_aladdin_exclamation_mark_posEP8BD_VALUE_1;unmapped-global:__LNst__ZN2Ts39trap_limit_aladdin_exclamation_mark_posEP8BD_VALUE_1;gdims:__LNst__ZN2Ts39trap_limit_aladdin_exclamation_mark_posEP8BD_VALUE_3;unmapped-global:__LNst__ZN2Ts39trap_limit_aladdin_exclamation_mark_posEP8BD_VALUE_3;gdims:LS_61_LV_2;unmapped-global:LS_61_LV_2;fix-retype:COLLISION->YS::COLLISION	
002e9248	0062b3b4	156	loop	97.12	near	22.83		unmapped-call:calc;dropped:ErrorPrintfx1;dropped:calcx1;dropped:ErrorRaisex1;arity-pad:func_0019ba60;arity-pad:func_0016bba8;this-pad:func_0018a818;gvote:Player->0034e948;globals:6ppc/3ps2;gdims:__LNst__ZN2Ts19CalcPlayerCollisionEv_1;unmapped-global:__LNst__ZN2Ts19CalcPlayerCollisionEv_1;gdims:__LNst__ZN2Ts5FLARE4InitEv_1;unmapped-global:__LNst__ZN2Ts5FLARE4InitEv_1;unmapped-global:LS_64_LV_15;fix-assign-cast	
002e9338	0062b63c	88	loop	95.48	near	0.0		gvote:FlareList->01e2bfa0;gvote:FlareTask->003633c8;fix-assign-cast	
002e95a0	0062ae28	112	float	46.03	near	65.1		this-pad:func_0018a958	
002e9610	0062a838	128	branchy	89.34	compile	0.0	002e9610.cpp:2127: no match for	unmapped-call:operator_;dropped:operator_x0;this-pad:func_001dc9e0;this-pad:func_001dc5f8	
002e9690	0062ae90	296	loop	76.76	near	36.12		dropped:_printfx2;gvote:FlareTask->003633c8;gvote:FlareList->01e2bfa0;gvote:FlareCounter->01e2bfa4;globals:6ppc/5ps2;gdims:__LNst__ZN2Ts5FLARE4InitEv_1;unmapped-global:__LNst__ZN2Ts5FLARE4InitEv_1;fix-assign-cast	
002e9a78	006223d4	148	branchy	72.60	near	68.7		this-pad:func_001c0cd8;this-pad:func_001c0ce8	
002e9b10	006224bc	72	loop	97.50	near	18.56		synth-fields:2;fix-anonidx:Ts_TARGET_SEARCHER_anon_uni_target_h_41.field0	
002e9b58	006224f4	252	loop	96.14	near	20.03		synth-fields:7;this-pad:func_0019ba60;this-pad:func_0016bba8;fix-anonidx:Ts_TARGET_SEARCHER_anon_uni_target_h_41.field0;fix-anonidx:Ts_TARGET_SEARCHER_anon_uni_target_h_41.field0;fix-anonidx:Ts_TARGET_SEARCHER_anon_uni_target_h_41.field0;fix-anonidx:Ts_TARGET_SEARCHER_anon_uni_target_h_41.field0;fix-anonidx:Ts_TARGET_SEARCHER_anon_uni_target_h_41.field0	
002e9c98	00622650	32	straight	66.75	near	40.0		unmapped-call:add;dropped:addx1	
002e9fb8	00622a64	40	straight	35.45	near	29.4		synth-fields:2	
002ea360	00169b00	236	float	48.76	near	17.32		positional:GetPlane->002f8ad0;positional:is_front->002f8ad0;positional:is_back->0017d0e8;unmapped-call:get_speed_rate;dropped:get_speed_ratex1;arity-pad:func_002f8ad0;this-pad:func_0017d0e8;globals:0ppc/1ps2;fix-arity:func_002f8ad0;fix-arity:func_002f8ad0;fix-arity:func_002f8ad0	gb::OBJ|OldPos|20|24|34;gb::OBJ|OldPos|20|20|30;gb::OBJ|pVTable|0|0|10;gb::OBJ|Pos|10|10|20;gb::OBJ|Pos|10|18|28;gb::OBJ|OldPos|20|24|34;gb::OBJ|OldPos|20|20|30
002eabe8	0061b8a0	132	float	35.60	near	30.28		stack-locals:1;this-pad:func_0017c030;this-pad:func_0017c4c8;this-pad:func_0017f488;fix-arg:func_0017c4c8:2	
002eb3b8	0061e048	164	float	66.58	near	66.24		this-pad:func_001c0cd8;this-pad:func_0017f488;arity-pad:func_0019c090;arity-pad:func_0017c430;arity-pad:func_0016bd60;fix-arg:func_0017c430:1	
002eb778	0061e130	120	branchy	48.13	compile	0.0	002eb778.cpp:2102: `Ts' was not		
002eb9d8	0061d8f4	84	branchy	87.33	near	87.33			
002ec4a8	0061f2e0	168	float	64.78	near	44.02		dropped:ErrorPrintfx1;dropped:ErrorRaisex1;this-pad:func_001d14b0;this-pad:func_002cd008;this-pad:func_002edaf8;this-pad:func_002eda90;gvote:IsAddEdgePoint->01e2c064;gvote:Self->003637d0;gdims:_ZZN2YS6TOSORAEPvEs_0;gdims:_ZZN2YS6TOSORAEPvEs_2	
002ec9d0	0061fb78	100	float	90.88	near	75.24		arity-pad:func_0017c4c8	
002eca38	0061fbf0	100	float	90.52	compile	0.0	002eca38.cpp:2110: syntax error	unmapped-call:operator_;dropped:operator_x0;this-pad:func_0016c028	
002ed350	0062929c	228	branchy	75.80	near	58.44		synth-fields:2;positional:alloc->001db888;unmapped-call:operator_;dropped:operator_x0;this-pad:func_001db888;this-pad:func_00190128;this-pad:func_002ed5a8	
002ed4b8	006294dc	80	straight	52.10	near	43.2		dropped:ErrorPrintfx1;dropped:ErrorRaisex1;this-pad:func_002ed350;gvote:ShotObj->00363748;globals:3ppc/1ps2;gdims:__LNst__ZN2Ts16TRINITY_SHOT_OBJ5StartEPN2YS3OBJEPNS1_6TARGETERKN2kn7FVectorES9__1;unmapped-global:__LNst__ZN2Ts16TRINITY_SHOT_OBJ5StartEPN2YS3OBJEPNS1_6TARGETERKN2kn7FVectorES9__1;gdims:__LNst__ZN2Ts16TRINITY_SHOT_OBJ5StartEPN2YS3OBJEPNS1_6TARGETERKN2kn7FVectorES9__3;unmapped-global:__LNst__ZN2Ts16TRINITY_SHOT_OBJ5StartEPN2YS3OBJEPNS1_6TARGETERKN2kn7FVectorES9__3	
002ed738	00629798	248	float	79.76	compile	0.0	002ed738.cpp:2244: `union	synth-fields:1;simmap:exec_move->002ed630;simmap:exec_move->002ed630;this-pad:func_00190140;this-pad:func_001906f0;arity-pad:func_002ed630;fix-arg:func_001906f0:2	
002ed830	00629940	112	float	88.18	near	31.43		simmap:exec_move->002ed630;arity-pad:func_002ed630;globals:1ppc/2ps2	
002ed8e0	0062bda0	288	float	69.17	near	44.66		stack-locals:1;this-pad:func_0016a020;gvote:Random->003638d0;globals:4ppc/2ps2;gdims:count;unmapped-global:result;unmapped-global:SUMMONLIST;static-unmapped	
002eda90	00622158	100	float	81.60	near	32.59		globals:0ppc/1ps2	
002edbf8	0062a0c0	168	loop	38.33	near	23.36		arity-pad:func_0016a070;arity-pad:func_0016c008	
002edca0	00621a08	124	loop	91.67	near	52.87		arity-pad:func_001c0cd8;arity-pad:func_001c1020	
002edd20	0061c1d0	292	float	56.53	near	47.66		stack-locals:1;positional:operator_->00313b80;arity-pad:func_0016c028;globals:0ppc/1ps2	
002edf28	000d5304	64	straight	83.12	near	41.62			
002eea80	0060b3f8	468	float	51.60	near	37.82		simmap:DrawParam->00108698;positional:Projection->00106ab8;positional:unit->002eeee8;positional:Motion->0011b6a8;dropped:ErrorPrintfx1;dropped:ErrorRaisex1;this-pad:func_001a91f8;arity-pad:func_001a92d8;this-pad:func_00106ab8;this-pad:func_002eeee8;this-pad:func_00108698;this-pad:func_0011b6a8;this-pad:func_001a93e8;this-pad:func_001a9420;this-pad:func_0011e260;this-pad:func_00106c08;globals:4ppc/12ps2;gdims:__LNst__ZN4menu9ObjWidgetC1EP9ALLOCATORj_1;gdims:__LNst__ZN4menu9ObjWidgetC1EP9ALLOCATORj_3;gdims:LS_39_LV_1;fix-arity:func_001a92d8;fix-arg:func_001a92d8:2	
002eedf0	0060b8ec	120	float	78.84	near	69.97		positional:update->002ef028;this-pad:func_002ef028;this-pad:func_0011ea40;this-pad:func_0011c4e8	menu::Widget|pos_|10|10|18;menu::ObjWidget|motion_|258|268|10;menu::Widget|pos_|10|10|18
002eee68	0060b974	68	straight	75.26	near	18.93		stack-locals:1;positional:unit->0011cdf0;positional:drawImmediate->002f25a0;this-pad:func_0011cdf0;this-pad:func_002f25a0;this-pad:func_00106ac8	
002ef028	0060cccc	288	float	41.20	near	9.16		synth-fields:1;simmap:each_range->00189f20;positional:each_trigger->002ef180;positional:_start->002eef08;this-pad:func_002ef180;arity-pad:func_002eef08;this-pad:func_00189f20;globals:2ppc/1ps2;unmapped-global:0x7a2070;fix-assign-cast;fix-assign-cast;fix-arg:func_002eef08:2;static-unmapped	menu::Motion|queue_|18|18|10
002eff58	0060e7ac	56	float	52.69	near	1.91		unmapped-call:get_length;unmapped-call:get_loop_top;dropped:get_loop_topx2;dropped:get_lengthx2;globals:2ppc/1ps2;unmapped-global:0x7fffff;static-unmapped	
002f0640	0060de88	112	float	49.59	near	67.25		stack-locals:1;this-pad:func_0017c030;this-pad:func_0017c4c8;this-pad:func_0017f488;fix-arg:func_0017c4c8:2	
002f07f8	00611178	84	branchy	85.90	near	28.67		stack-locals:1;positional:get_shoot_target->0011a900;unmapped-call:operator_;dropped:ErrorPrintfx2;dropped:operator_x0;dropped:ErrorRaisex2;this-pad:func_0010c7e8;this-pad:func_0011a900;globals:4ppc/1ps2;gdims:_ZZN2YS5ToOBJEPvEs_0;unmapped-global:_ZZN2YS5ToOBJEPvEs_0;gdims:_ZZN2YS5ToOBJEPvEs_2;unmapped-global:_ZZN2YS5ToOBJEPvEs_2;gdims:_ZZN2YS5ToOBJEPvEs_3;unmapped-global:_ZZN2YS5ToOBJEPvEs_3	
002f0948	0061193c	40	float	78.00	near	9.06		dropped:ErrorPrintfx2;dropped:ErrorRaisex2;this-pad:func_0016c568;globals:3ppc/0ps2;gdims:_ZZN2YS5ToOBJEPvEs_0;unmapped-global:_ZZN2YS5ToOBJEPvEs_0;gdims:_ZZN2YS5ToOBJEPvEs_2;unmapped-global:_ZZN2YS5ToOBJEPvEs_2;gdims:_ZZN2YS5ToOBJEPvEs_3;unmapped-global:_ZZN2YS5ToOBJEPvEs_3	
002f0af0	00612260	108	branchy	79.19	near	25.33		unmapped-call:operator_;dropped:ErrorPrintfx2;dropped:operator_x0;dropped:ErrorRaisex2;arity-pad:func_00110500;arity-pad:func_0010fa28;arity-pad:func_0010fa58;globals:3ppc/0ps2;gdims:_ZZN2YS5ToOBJEPvEs_0;unmapped-global:_ZZN2YS5ToOBJEPvEs_0;gdims:_ZZN2YS5ToOBJEPvEs_2;unmapped-global:_ZZN2YS5ToOBJEPvEs_2;gdims:_ZZN2YS5ToOBJEPvEs_3;unmapped-global:_ZZN2YS5ToOBJEPvEs_3	
002f0b60	006123b8	108	branchy	79.19	near	25.33		unmapped-call:operator_;dropped:ErrorPrintfx2;dropped:operator_x0;dropped:ErrorRaisex2;arity-pad:func_00110618;arity-pad:func_0010fa28;arity-pad:func_0010fa58;globals:3ppc/0ps2;gdims:_ZZN2YS5ToOBJEPvEs_0;unmapped-global:_ZZN2YS5ToOBJEPvEs_0;gdims:_ZZN2YS5ToOBJEPvEs_2;unmapped-global:_ZZN2YS5ToOBJEPvEs_2;gdims:_ZZN2YS5ToOBJEPvEs_3;unmapped-global:_ZZN2YS5ToOBJEPvEs_3	
002f10c0	006142f4	60	float	91.33	near	20.35		dropped:ErrorPrintfx2;dropped:ErrorRaisex2;this-pad:func_0010c7e8;this-pad:func_0011a938;globals:3ppc/0ps2;gdims:_ZZN2YS5ToOBJEPvEs_0;unmapped-global:_ZZN2YS5ToOBJEPvEs_0;gdims:_ZZN2YS5ToOBJEPvEs_2;unmapped-global:_ZZN2YS5ToOBJEPvEs_2;gdims:_ZZN2YS5ToOBJEPvEs_3;unmapped-global:_ZZN2YS5ToOBJEPvEs_3	
002f12b0	005ea600	252	float	62.23	compile	0.0	002f12b0.cpp:2156: pointer	stack-locals:1;this-pad:func_0016af58;globals:0ppc/3ps2	
002f13b0	005ea6f8	172	float	69.89	near	47.29		dropped:ErrorPrintfx1;dropped:ErrorRaisex1;arity-pad:func_001ba028;arity-pad:func_0016aeb8;globals:4ppc/1ps2;gdims:__LNst__ZN2dk4Turn4execEv_1;unmapped-global:__LNst__ZN2dk4Turn4execEv_1;gdims:__LNst__ZN2dk4Turn4execEv_3;unmapped-global:__LNst__ZN2dk4Turn4execEv_3;unmapped-global:LS_29_LV_0;fix-arg:func_0016aeb8:1;fix-arg:func_0016aeb8:1;variant:no_thispad	
002f1670	005ea4c8	228	float	44.08	near	24.15		dropped:ErrorPrintfx3;dropped:ErrorRaisex1;arity-pad:func_002f1480;globals:1ppc/2ps2;fix-arg:func_002f1480:1	dk::Shake|m_totalTime|10|10|0
0031a3d8	006a7c54	136	straight	92.00	near	91.41		this-pad:func_00239870;this-pad:func_002361d0;raw-view:4;shift:dk::TREASURE_BOX_INFO.m_picImage@0x1d0+184	dk::TREASURE_BOX_INFO|m_picImage|1d0|2c8|380;dk::TREASURE_BOX_INFO|m_picImage|1d0|2c8|380
0031a460	006a7d48	164	straight	99.51	near	64.21		dropped:ErrorPrintfx1;dropped:ErrorRaisex1;this-pad:func_00239870;this-pad:func_002361d0;gvote:sm_manager_ptr->00347f80;globals:8ppc/5ps2;gdims:_ZZN2dk5Obj2DdlEPvEs_0;unmapped-global:_ZZN2dk5Obj2DdlEPvEs_0;gdims:_ZZN2dk5Obj2DdlEPvEs_2;unmapped-global:_ZZN2dk5Obj2DdlEPvEs_2;unmapped-global:LV_1	
0031a508	006a7cf8	60	straight	81.87	near	85.5		this-pad:func_00239870;globals:2ppc/1ps2;unmapped-global:0x743ef8;static-unmapped	
0031a548	006a7e8c	88	straight	99.09	near	61.76		dropped:ErrorPrintfx1;dropped:ErrorRaisex1;this-pad:func_00239870;globals:6ppc/2ps2;unmapped-global:sm_manager_ptr;gdims:_ZZN2dk5Obj2DdlEPvEs_0;unmapped-global:_ZZN2dk5Obj2DdlEPvEs_0;gdims:_ZZN2dk5Obj2DdlEPvEs_2;unmapped-global:_ZZN2dk5Obj2DdlEPvEs_2;unmapped-global:LV_1;static-unmapped;variant:no_gvote	
0031a5a0	006a7f84	136	straight	92.00	near	91.41		this-pad:func_00239870;this-pad:func_002361d0;raw-view:4;shift:dk::TREASURE_EVENT_INFO.m_picImage@0x1d0+184	dk::TREASURE_EVENT_INFO|m_picImage|1d0|2c8|380;dk::TREASURE_EVENT_INFO|m_picImage|1d0|2c8|380
0031a628	006a8028	164	straight	99.51	near	64.21		dropped:ErrorPrintfx1;dropped:ErrorRaisex1;this-pad:func_00239870;this-pad:func_002361d0;gvote:sm_manager_ptr->00347f80;globals:8ppc/5ps2;gdims:_ZZN2dk5Obj2DdlEPvEs_0;unmapped-global:_ZZN2dk5Obj2DdlEPvEs_0;gdims:_ZZN2dk5Obj2DdlEPvEs_2;unmapped-global:_ZZN2dk5Obj2DdlEPvEs_2;unmapped-global:LV_1	
0031a850	006a7628	388	float	54.62	near	5.4			
0031ab78	006a7158	92	straight	99.57	near	58.71		dropped:ErrorPrintfx1;dropped:ErrorRaisex1;this-pad:func_002361d0;gvote:sm_manager_ptr->00347f80;globals:6ppc/4ps2;gdims:_ZZN2dk5Obj2DdlEPvEs_0;gdims:_ZZN2dk5Obj2DdlEPvEs_2;unmapped-global:_ZZN2dk5Obj2DdlEPvEs_2;unmapped-global:LV_0	
0031b130	000a7184	648	loop	98.44	near	0.0		byname:ErrorRaise->0031a838;positional:ErrorPrintf->0031a838;this-pad:func_002361a0;this-pad:func_00239700;arity-pad:func_0014f688;globals:7ppc/8ps2;gdims:_ZZN2dk5Obj2DnwEjEs_0;gdims:_ZZN2dk5Obj2DnwEjEs_2;raw-view:4;fix-arity:func_0031a838	
0031b5c8	006a5c30	128	straight	99.62	near	71.41		dropped:ErrorPrintfx1;dropped:ErrorRaisex1;this-pad:func_002361d0;this-pad:func_00239870;gvote:sm_manager_ptr->00347f80;globals:8ppc/6ps2;gdims:_ZZN2dk5Obj2DdlEPvEs_0;gdims:_ZZN2dk5Obj2DdlEPvEs_2;unmapped-global:_ZZN2dk5Obj2DdlEPvEs_2;unmapped-global:LV_1	
0031b858	006a6b60	136	straight	99.41	near	72.93		dropped:ErrorPrintfx1;dropped:ErrorRaisex1;this-pad:func_00239870;globals:8ppc/4ps2;unmapped-global:sm_manager_ptr;gdims:_ZZN2dk5Obj2DdlEPvEs_0;unmapped-global:_ZZN2dk5Obj2DdlEPvEs_0;gdims:_ZZN2dk5Obj2DdlEPvEs_2;unmapped-global:_ZZN2dk5Obj2DdlEPvEs_2;unmapped-global:LV_1;static-unmapped;variant:no_gvote	
0031c0f8	006aa2a0	180	loop	88.02	near	50.56		dropped:ErrorPrintfx1;dropped:ErrorRaisex1;this-pad:func_00239870;this-pad:func_002361d0;gvote:sm_manager_ptr->00347f80;globals:8ppc/5ps2;gdims:_ZZN2dk5Obj2DdlEPvEs_0;unmapped-global:_ZZN2dk5Obj2DdlEPvEs_0;gdims:_ZZN2dk5Obj2DdlEPvEs_2;unmapped-global:_ZZN2dk5Obj2DdlEPvEs_2;unmapped-global:LV_0	
0031c1b0	006aa1c8	152	loop	93.79	near	50.77		this-pad:func_00239870;this-pad:func_002361d0;globals:4ppc/3ps2;unmapped-global:0x7441f0;static-unmapped	
0031c248	006a9788	128	straight	76.81	near	70.91		this-pad:func_00239870;globals:4ppc/3ps2;unmapped-global:0x744230	
0031c2c8	006a982c	156	straight	80.77	near	62.57		dropped:ErrorPrintfx1;dropped:ErrorRaisex1;this-pad:func_00239870;gvote:sm_manager_ptr->00347f80;globals:8ppc/4ps2;unmapped-global:0x744230;gdims:_ZZN2dk5Obj2DdlEPvEs_0;unmapped-global:_ZZN2dk5Obj2DdlEPvEs_0;gdims:_ZZN2dk5Obj2DdlEPvEs_2;unmapped-global:_ZZN2dk5Obj2DdlEPvEs_2;unmapped-global:LV_0	
0031c368	006aa014	228	loop	81.73	near	42.89		dropped:ErrorPrintfx1;dropped:ErrorRaisex1;this-pad:func_00239870;this-pad:func_002361d0;gvote:sm_manager_ptr->00347f80;globals:8ppc/5ps2;gdims:_ZZN2dk5Obj2DdlEPvEs_0;unmapped-global:_ZZN2dk5Obj2DdlEPvEs_0;gdims:_ZZN2dk5Obj2DdlEPvEs_2;unmapped-global:_ZZN2dk5Obj2DdlEPvEs_2;unmapped-global:LV_0	
0031c450	006a9f00	200	loop	88.51	near	30.3		this-pad:func_00239870;this-pad:func_002361d0;globals:4ppc/3ps2;unmapped-global:0x7441f0;static-unmapped	
0031c518	006a9a48	180	loop	88.02	near	44.71		dropped:ErrorPrintfx1;dropped:ErrorRaisex1;this-pad:func_00239870;this-pad:func_002361d0;gvote:sm_manager_ptr->00347f80;globals:8ppc/5ps2;gdims:_ZZN2dk5Obj2DdlEPvEs_0;unmapped-global:_ZZN2dk5Obj2DdlEPvEs_0;gdims:_ZZN2dk5Obj2DdlEPvEs_2;unmapped-global:_ZZN2dk5Obj2DdlEPvEs_2;unmapped-global:LV_0	
0031c5d0	006a9970	152	loop	93.79	near	50.77		this-pad:func_00239870;this-pad:func_002361d0;globals:4ppc/3ps2;unmapped-global:0x7441f0;static-unmapped	
0031c6f8	006aa4b0	172	loop	93.32	near	53.65		dropped:ErrorPrintfx1;dropped:ErrorRaisex1;this-pad:func_00239870;gvote:sm_manager_ptr->00347f80;globals:7ppc/5ps2;gdims:_ZZN2dk5Obj2DdlEPvEs_0;gdims:_ZZN2dk5Obj2DdlEPvEs_2;unmapped-global:_ZZN2dk5Obj2DdlEPvEs_2;unmapped-global:LV_0	
0031c838	006a9c58	172	loop	93.32	near	53.65		dropped:ErrorPrintfx1;dropped:ErrorRaisex1;this-pad:func_00239870;gvote:sm_manager_ptr->00347f80;globals:7ppc/5ps2;gdims:_ZZN2dk5Obj2DdlEPvEs_0;gdims:_ZZN2dk5Obj2DdlEPvEs_2;unmapped-global:_ZZN2dk5Obj2DdlEPvEs_2;unmapped-global:LV_0	
0031cf18	006a88e8	112	straight	99.64	near	63.88		dropped:ErrorPrintfx1;dropped:ErrorRaisex1;this-pad:func_002361d0;this-pad:func_00239870;gvote:sm_manager_ptr->00347f80;globals:7ppc/5ps2;gdims:_ZZN2dk5Obj2DdlEPvEs_0;gdims:_ZZN2dk5Obj2DdlEPvEs_2;unmapped-global:_ZZN2dk5Obj2DdlEPvEs_2;unmapped-global:LV_0	
0031da48	006a87b4	168	loop	93.33	near	52.3		dropped:ErrorPrintfx1;dropped:ErrorRaisex1;this-pad:func_00239870;gvote:sm_manager_ptr->00347f80;globals:7ppc/5ps2;gdims:_ZZN2dk5Obj2DdlEPvEs_0;gdims:_ZZN2dk5Obj2DdlEPvEs_2;unmapped-global:_ZZN2dk5Obj2DdlEPvEs_2;unmapped-global:LV_0	
0031e158	006345e8	176	float	74.84	near	0.0		synth-fields:1;this-pad:func_002e34d8;globals:0ppc/1ps2	Ti::MG_EHSidecar|reserve_path_play_num_|114|114|0
0031e398	006d459c	196	loop	67.73	near	53.37		positional:__ZN2YS6WINDOWD2Ev->0031e590;positional:__ZN4menu6WindowD2Ev->002ee380;this-pad:func_00239870;globals:6ppc/4ps2;unmapped-global:0x74f4d8;unmapped-global:0x745350;static-unmapped	
0031f590	006ccbd8	164	loop	86.86	near	67.44		this-pad:func_00239870;arity-pad:func_001ac5b8	
0031f6d8	006ccca4	164	loop	86.86	near	67.44		this-pad:func_00239870;arity-pad:func_001ac5b8	
0031f820	006ccd70	164	loop	86.86	near	67.44		this-pad:func_00239870;arity-pad:func_001ac5b8	
00322228	006b6d2c	216	loop	85.49	near	0.0		this-pad:func_00239870	
00322300	006b6de8	244	loop	90.34	near	23.84		dropped:ErrorPrintfx1;dropped:ErrorRaisex1;this-pad:func_00239870;gvote:sm_manager_ptr->00347f80;globals:7ppc/4ps2;gdims:_ZZN2dk5Obj2DdlEPvEs_0;unmapped-global:_ZZN2dk5Obj2DdlEPvEs_0;gdims:_ZZN2dk5Obj2DdlEPvEs_2;unmapped-global:_ZZN2dk5Obj2DdlEPvEs_2;unmapped-global:LV_1	
00322790	002e0ea8	312	loop	99.13	compile	0.0	00322790.cpp:1066: redeclaration	synth-fields:3;byname:ErrorRaise->0031a838;byname:ErrorRaise->0031a838;positional:ErrorPrintf->0031a838;positional:Rect->0013ee88;this-pad:func_00239700;this-pad:func_0013e8c0;this-pad:func_0013ee88;arity-pad:func_0022a7e0;globals:10ppc/5ps2;gdims:_ZZN2dk5Obj2DnwEjEs_0;gdims:_ZZN2dk5Obj2DnwEjEs_2;unmapped-global:0x749dc8;unmapped-global:0x744a90;unmapped-global:0x749da8;gdims:__LNst__ZN2sa13MUSICAL_INPUT5startEi_0;unmapped-global:__LNst__ZN2sa13MUSICAL_INPUT5startEi_0;gdims:__LNst__ZN2sa13MUSICAL_INPUT12createCircleEfiii_1;unmapped-global:__LNst__ZN2sa13MUSICAL_INPUT12createCircleEfiii_1;raw-view:4;fix-arity:func_0031a838;fix-hdmember:dk_Sprite.m_Xoffset16x9;fix-hdmember:dk_Sprite.m_Xoffset16x9;fix-arity:func_0031a838	
00322be0	006bbbe4	184	loop	88.74	near	44.0		arity-pad:func_0023d820;this-pad:func_001ddd88;this-pad:func_001070e8;this-pad:func_00106ac8;globals:4ppc/3ps2;unmapped-global:0x743ef8;static-unmapped	Tz::MenuObj|m_accBlack|dc0|dc0|11a0;Tz::MenuObj|m_copy|10d0|10d0|e90
00322c98	006bbd08	212	loop	84.78	near	47.25		dropped:ErrorPrintfx1;dropped:ErrorRaisex1;arity-pad:func_0023d820;this-pad:func_001ddd88;this-pad:func_001070e8;this-pad:func_00106ac8;gvote:sm_manager_ptr->00347f80;globals:8ppc/5ps2;gdims:_ZZN2dk5Obj2DdlEPvEs_0;unmapped-global:_ZZN2dk5Obj2DdlEPvEs_0;gdims:_ZZN2dk5Obj2DdlEPvEs_2;unmapped-global:_ZZN2dk5Obj2DdlEPvEs_2;unmapped-global:LV_0	
00322e58	0033d8e4	692	loop	93.10	near	27.65		byname:ErrorRaise->0031a838;positional:ErrorPrintf->0031a838;this-pad:func_00239700;arity-pad:func_0023d438;globals:14ppc/3ps2;unmapped-global:m_DicSeq;unmapped-global:sm_manager_ptr;gdims:_ZZN2dk5Obj2DnwEjEs_0;unmapped-global:_ZZN2dk5Obj2DnwEjEs_0;gdims:_ZZN2dk5Obj2DnwEjEs_2;unmapped-global:_ZZN2dk5Obj2DnwEjEs_2;unmapped-global:LV_0;unmapped-global:m_ZoomObj;unmapped-global:m_isResetWorldPos;unmapped-global:m_ZoomYRot;unmapped-global:m_LoadObjNo;unmapped-global:m_ReturnMode;unmapped-global:m_GlowTask;fix-arity:func_0031a838;static-unmapped	
00323110	002e39f8	760	loop	84.69	near	10.63		byname:ErrorRaise->0031a838;byname:ErrorRaise->0031a838;byname:ErrorRaise->0031a838;byname:ErrorRaise->0031a838;byname:ErrorRaise->0031a838;byname:ErrorRaise->0031a838;positional:getComboNowAddress->0031a838;positional:getComboMaxAddress->0031a838;dropped:ErrorPrintfx6;this-pad:func_00239700;arity-pad:func_002294c8;globals:14ppc/3ps2;unmapped-global:0x7fd3b4;unmapped-global:0x7fd3e8;unmapped-global:0x7fd450;unmapped-global:0x7fd41c;gdims:_ZZN2dk5Obj2DnwEjEs_0;unmapped-global:_ZZN2dk5Obj2DnwEjEs_0;gdims:_ZZN2dk5Obj2DnwEjEs_2;unmapped-global:_ZZN2dk5Obj2DnwEjEs_2;unmapped-global:LV_0;gdims:__LNst__ZN2sa14MUSICAL_SCORE24initEv_3;unmapped-global:__LNst__ZN2sa14MUSICAL_SCORE24initEv_3;gdims:LS_34_LV_2;unmapped-global:LS_34_LV_2;gdims:__LNst__ZN2sa14MUSICAL_SCORE24initEv_4;unmapped-global:__LNst__ZN2sa14MUSICAL_SCORE24initEv_4;gdims:__LNst__ZN2sa14MUSICAL_SCORE24initEv_5;unmapped-global:__LNst__ZN2sa14MUSICAL_SCORE24initEv_5;raw-view:6;fix-voidret:func_0031a838;static-unmapped	
00323540	000a63b0	668	loop	91.29	near	19.71		byname:ErrorRaise->0031a838;byname:ErrorRaise->0031a838;byname:ErrorRaise->0031a838;byname:ErrorRaise->0031a838;positional:init->0031a838;positional:Scis->0031a838;dropped:ErrorPrintfx4;arity-pad:func_0031a838;this-pad:func_002361a0;this-pad:func_00239700;globals:15ppc/3ps2;unmapped-global:0x744210;unmapped-global:s_timer;unmapped-global:0x744d18;unmapped-global:0x744cf8;unmapped-global:s_informationWindow;unmapped-global:0x744d58;unmapped-global:s_next_exp;unmapped-global:0x744f78;unmapped-global:s_get_munny;gdims:_ZZN2dk5Obj2DnwEjEs_0;unmapped-global:_ZZN2dk5Obj2DnwEjEs_0;gdims:_ZZN2dk5Obj2DnwEjEs_2;unmapped-global:_ZZN2dk5Obj2DnwEjEs_2;unmapped-global:LV_0;fix-arity:func_0031a838;fix-arity:func_0031a838;fix-arity:func_0031a838;fix-arity:func_0031a838;fix-arity:func_0031a838;static-unmapped	
00324510	002e42e0	508	loop	70.98	near	17.44		byname:ErrorRaise->0031a838;byname:ErrorRaise->0031a838;byname:ErrorRaise->0031a838;byname:ErrorRaise->0031a838;positional:getScoreAddress->0031a838;dropped:ErrorPrintfx4;this-pad:func_00239700;arity-pad:func_002294c8;globals:12ppc/3ps2;unmapped-global:0x7fd454;unmapped-global:0x7fd4bc;unmapped-global:0x7fd488;gdims:_ZZN2dk5Obj2DnwEjEs_0;unmapped-global:_ZZN2dk5Obj2DnwEjEs_0;gdims:_ZZN2dk5Obj2DnwEjEs_2;unmapped-global:_ZZN2dk5Obj2DnwEjEs_2;unmapped-global:LV_0;gdims:__LNst__ZN2sa14MUSICAL_SCORE54initEv_3;unmapped-global:__LNst__ZN2sa14MUSICAL_SCORE54initEv_3;gdims:LS_34_LV_2;unmapped-global:LS_34_LV_2;gdims:__LNst__ZN2sa14MUSICAL_SCORE54initEv_4;unmapped-global:__LNst__ZN2sa14MUSICAL_SCORE54initEv_4;raw-view:4;fix-voidret:func_0031a838;static-unmapped	
003259a0	006cc79c	256	loop	87.17	near	31.69		this-pad:func_00239870;arity-pad:func_001ac5b8;globals:3ppc/4ps2	
