entry	name	thunk	ranges
0010001c	entry	0	0010001c-00100228
00100228	FUN_00100228	0	00100228-0010029c
001002a0	thunk_FUN_0030f468	1	001002a0-001002a8
001002b0	FUN_001002b0	0	001002b0-00100334
00100338	FUN_00100338	0	00100338-0010034c
00100350	FUN_00100350	0	00100350-001003ac
001003b0	FUN_001003b0	0	001003b0-001003c4
001003c8	FUN_001003c8	0	001003c8-0010042c
00100430	FUN_00100430	0	00100430-00100468
00100468	FUN_00100468	0	00100468-001004bc
001004c0	FUN_001004c0	0	001004c0-00100614
00100690	FUN_00100690	0	00100618-0010068c,00100690-001006ac
00100700	FUN_00100700	0	00100700-0010076c
00100770	FUN_00100770	0	00100770-0010078c
001007c0	FUN_001007c0	0	001007c0-001008b4,001008b8-001008d0
001008d0	FUN_001008d0	0	001008d0-001008e4
00100920	FUN_00100920	0	00100920-00100984,00100988-001009a0
001009a0	FUN_001009a0	0	001009a0-00100a74
00100aa0	FUN_00100aa0	0	00100aa0-00100b70
00100b70	FUN_00100b70	0	00100b70-00100c40
00100c40	FUN_00100c40	0	00100c40-00100ec8
00100ec8	FUN_00100ec8	0	00100ec8-0010104c
00101050	FUN_00101050	0	00101050-001011d4,001011d8-001011e0
001011e0	FUN_001011e0	0	001011e0-0010137c,00101380-00101388
00101388	FUN_00101388	0	00101388-001014fc,00101500-00101694
00101698	FUN_00101698	0	00101698-00101848
00101848	FUN_00101848	0	00101848-00101b98
00101b98	FUN_00101b98	0	00101b98-00101ce0
00101ce0	FUN_00101ce0	0	00101ce0-00101d38
00101d38	FUN_00101d38	0	00101d38-00101d4c
00101d50	FUN_00101d50	0	00101d50-00101d64
00101d68	FUN_00101d68	0	00101d68-00101ea8
00102080	FUN_00102080	0	00102080-0010212c
00102158	FUN_00102158	0	00102158-00102180
00102180	FUN_00102180	0	00102180-001021ac,001021b0-001021cc
001021d0	FUN_001021d0	0	001021d0-001021ec
001021f0	FUN_001021f0	0	001021f0-0010220c
00102210	FUN_00102210	0	00102210-00102250
00102278	FUN_00102278	0	00102250-00102294
001022c0	FUN_001022c0	0	001022c0-001022e4
001022e8	FUN_001022e8	0	001022e8-0010234c
00102350	FUN_00102350	0	00102350-00102444
00102448	FUN_00102448	0	00102448-00102470
00102470	FUN_00102470	0	00102470-001024a4
001024a8	FUN_001024a8	0	001024a8-001024b0
001024b0	FUN_001024b0	0	001024b0-00102504
00102508	FUN_00102508	0	00102508-00102528
00102528	FUN_00102528	0	00102528-001025f4
001025f8	FUN_001025f8	0	001025f8-0010266c
00102670	FUN_00102670	0	00102670-00102684
00102688	FUN_00102688	0	00102688-00102730
00102730	FUN_00102730	0	00102730-0010274c
00102750	FUN_00102750	0	00102750-00102788
00102788	FUN_00102788	0	00102788-00102814
00102818	FUN_00102818	0	00102818-001028b0
001028b0	FUN_001028b0	0	001028b0-001029e8
001029e8	FUN_001029e8	0	001029e8-00102a04
00102a08	FUN_00102a08	0	00102a08-00102a2c,00102a30-00102a38
00102a38	FUN_00102a38	0	00102a38-00102a70
00102b58	FUN_00102b58	0	00102b58-00102b68
00102b68	FUN_00102b68	0	00102b68-00102b8c
00102bd8	FUN_00102bd8	0	00102bd8-00102c14
00102c18	FUN_00102c18	0	00102c18-00102c48
00102c48	FUN_00102c48	0	00102c48-00102c80
00102c80	FUN_00102c80	0	00102c80-00102c8c
00102c90	FUN_00102c90	0	00102c90-00102cec
00102cf0	FUN_00102cf0	0	00102cf0-00102d0c
00102e18	FUN_00102e18	0	00102e18-00102e3c
00102e40	FUN_00102e40	0	00102e40-00102e8c
00102e90	FUN_00102e90	0	00102e90-00102e9c
00102ea0	FUN_00102ea0	0	00102ea0-00102ed4
00102ed8	FUN_00102ed8	0	00102ed8-00102f08
00102f08	FUN_00102f08	0	00102f08-00102f38
00102f38	FUN_00102f38	0	00102f38-00102f70
00102f70	FUN_00102f70	0	00102f70-00102f80
00102f80	FUN_00102f80	0	00102f80-00102f98
00102fa0	FUN_00102fa0	0	00102fa0-00102fb0
00103070	FUN_00103070	0	00103070-0010307c
00103080	FUN_00103080	0	00103080-001030dc
001030e0	FUN_001030e0	0	001030e0-001030fc
001031b0	FUN_001031b0	0	001031b0-001031d0
001031d0	FUN_001031d0	0	001031d0-00103398
00103398	FUN_00103398	0	00103398-001033ac
001033b0	FUN_001033b0	0	001033b0-001033d4
001033d8	FUN_001033d8	0	001033d8-00103428
00103428	FUN_00103428	0	00103428-0010345c,00103460-00103480
00103480	FUN_00103480	0	00103480-001034fc
00103500	FUN_00103500	0	00103500-00103550
00103550	FUN_00103550	0	00103550-0010355c
00103560	FUN_00103560	0	00103560-0010356c
00103570	FUN_00103570	0	00103570-0010357c
00103580	FUN_00103580	0	00103580-0010358c
00103590	FUN_00103590	0	00103590-001036cc
001036d0	FUN_001036d0	0	001036d0-00103748
00103748	FUN_00103748	0	00103748-001037b4
001037b8	FUN_001037b8	0	001037b8-001037f8
001037f8	FUN_001037f8	0	001037f8-001039d4,001039d8-001039f8
001039f8	FUN_001039f8	0	001039f8-00103a3c
00103a40	FUN_00103a40	0	00103a40-00103b38
00103b38	FUN_00103b38	0	00103b38-00103b44
00103b48	FUN_00103b48	0	00103b48-00103b78
00103b78	FUN_00103b78	0	00103b78-00103bb0
00103bb0	FUN_00103bb0	0	00103bb0-00103c5c
00103c70	FUN_00103c70	0	00103c70-00103c7c
00103c80	FUN_00103c80	0	00103c80-00103c8c
00103c90	FUN_00103c90	0	00103c90-00103ca0
00103ca0	FUN_00103ca0	0	00103ca0-00103e28
00103e78	FUN_00103e78	0	00103e78-00103e9c
00103ea0	FUN_00103ea0	0	00103ea0-00103eac
00103eb0	FUN_00103eb0	0	00103eb0-00103ebc
00103ec0	FUN_00103ec0	0	00103ec0-00103f48
00103f48	FUN_00103f48	0	00103f48-00103f64
00104018	FUN_00104018	0	00104018-0010407c
00104080	FUN_00104080	0	00104080-001040a4
001040f8	FUN_001040f8	0	001040f8-00104104
00104108	FUN_00104108	0	00104108-0010418c
00104190	FUN_00104190	0	00104190-0010419c
001041a0	FUN_001041a0	0	001041a0-001041ac
001041c0	FUN_001041c0	0	001041c0-001041e0
001041f0	FUN_001041f0	0	001041f0-001041fc
00104288	FUN_00104288	0	00104288-00104294
00104298	FUN_00104298	0	00104298-001042f4
001042f8	FUN_001042f8	0	001042f8-00104314
00104340	FUN_00104340	0	00104340-00104354
00104370	FUN_00104370	0	00104370-001043a0
001043a0	FUN_001043a0	0	001043a0-001043e4
001043e8	FUN_001043e8	0	001043e8-001044f0
001044f0	FUN_001044f0	0	001044f0-00104560
00104560	FUN_00104560	0	00104560-00104584
00104588	FUN_00104588	0	00104588-001045b8
001045b8	FUN_001045b8	0	001045b8-001045f0
001045f0	FUN_001045f0	0	001045f0-001045fc
00104600	FUN_00104600	0	00104600-0010460c
00104640	FUN_00104640	0	00104640-001048cc
001048d0	FUN_001048d0	0	001048d0-001048ec
001048f0	FUN_001048f0	0	001048f0-0010490c
00104910	FUN_00104910	0	00104910-00104a48
00104a48	FUN_00104a48	0	00104a48-00104cbc
00104cf0	FUN_00104cf0	0	00104cf0-00104d2c
00104d30	FUN_00104d30	0	00104d30-00104d9c
00104da0	FUN_00104da0	0	00104da0-00104ddc
00104de0	FUN_00104de0	0	00104de0-00104e18
00104e18	FUN_00104e18	0	00104e18-00104e98
00104e98	FUN_00104e98	0	00104e98-00104f58
00104f58	FUN_00104f58	0	00104f58-001050b8
001050b8	FUN_001050b8	0	001050b8-001050c4
001050c8	FUN_001050c8	0	001050c8-001050d4
001050d8	FUN_001050d8	0	001050d8-0010510c
00105110	FUN_00105110	0	00105110-00105140
00105140	FUN_00105140	0	00105140-0010519c
001051a0	FUN_001051a0	0	001051a0-001051b4
001051b8	FUN_001051b8	0	001051b8-001052a4
001052a8	FUN_001052a8	0	001052a8-00105300
00105300	FUN_00105300	0	00105300-00105310
00105310	FUN_00105310	0	00105310-00105370
00105370	FUN_00105370	0	00105370-001053c0
001053c0	FUN_001053c0	0	001053c0-001053fc
00105400	FUN_00105400	0	00105400-0010552c
00105530	FUN_00105530	0	00105530-0010554c
00105550	FUN_00105550	0	00105550-001055b8
001055b8	FUN_001055b8	0	001055b8-00105620
00105620	FUN_00105620	0	00105620-001056e8
001056e8	FUN_001056e8	0	001056e8-00105710
00105710	FUN_00105710	0	00105710-00105724
00105728	FUN_00105728	0	00105728-00105748
00105748	FUN_00105748	0	00105748-00105860
00105860	FUN_00105860	0	00105860-00105868
00105868	FUN_00105868	0	00105868-00105870
00105870	FUN_00105870	0	00105870-001058d4
001058d8	FUN_001058d8	0	001058d8-001058e8
001058e8	FUN_001058e8	0	001058e8-001058f4
001058f8	FUN_001058f8	0	001058f8-001059d0
001059d0	FUN_001059d0	0	001059d0-001059ec
001059f0	FUN_001059f0	0	001059f0-00105a0c
00105a10	FUN_00105a10	0	00105a10-00105a18
00105a20	FUN_00105a20	0	00105a20-00105af4
00105af8	FUN_00105af8	0	00105af8-00105b58
00105b58	FUN_00105b58	0	00105b58-00105c2c
00105c30	FUN_00105c30	0	00105c30-00105c3c
00105c48	FUN_00105c48	0	00105c48-00105c68
00105c68	FUN_00105c68	0	00105c68-00105d08
00105d50	FUN_00105d50	0	00105d50-00105d74
00105d78	FUN_00105d78	0	00105d78-00105da8
00105da8	FUN_00105da8	0	00105da8-00105de0
00105de0	FUN_00105de0	0	00105de0-00105e48
00105ec8	FUN_00105ec8	0	00105e68-00105ee4
00105ee8	FUN_00105ee8	0	00105ee8-00105f00
00105f00	FUN_00105f00	0	00105f00-00105f80
00105f80	FUN_00105f80	0	00105f80-00105f98
00105f98	FUN_00105f98	0	00105f98-00105fc8
00105fc8	FUN_00105fc8	0	00105fc8-00106044
00106048	FUN_00106048	0	00106048-001060b4
001060b8	FUN_001060b8	0	001060b8-001060e0
001060e0	FUN_001060e0	0	001060e0-00106108
00106108	FUN_00106108	0	00106108-00106134
00106158	FUN_00106158	0	00106158-00106178
00106178	FUN_00106178	0	00106178-001061cc
00106358	FUN_00106358	0	00106358-001063bc
001063c0	FUN_001063c0	0	001063c0-001063f0
001063f0	FUN_001063f0	0	001063f0-00106420
00106420	FUN_00106420	0	00106420-00106450
00106450	FUN_00106450	0	00106450-00106480
00106490	FUN_00106490	0	00106490-001064a4
001064a8	FUN_001064a8	0	001064a8-00106520
00106520	FUN_00106520	0	00106520-00106554
00106558	FUN_00106558	0	00106558-001065a4
001065a8	FUN_001065a8	0	001065a8-001065d8
001065d8	FUN_001065d8	0	001065d8-001067b4
001067b8	FUN_001067b8	0	001067b8-00106994
00106998	FUN_00106998	0	00106998-001069a8
001069a8	FUN_001069a8	0	001069a8-001069b4
001069b8	FUN_001069b8	0	001069b8-001069d0
001069e8	FUN_001069e8	0	001069e8-001069f4
001069f8	FUN_001069f8	0	001069f8-00106a04
00106a08	FUN_00106a08	0	00106a08-00106a14
00106a18	FUN_00106a18	0	00106a18-00106a60
00106a60	FUN_00106a60	0	00106a60-00106ab0
00106ab8	FUN_00106ab8	0	00106ab8-00106ac0
00106ac8	FUN_00106ac8	0	00106ac8-00106ad0
00106ad0	FUN_00106ad0	0	00106ad0-00106adc
00106ae0	FUN_00106ae0	0	00106ae0-00106aec
00106af0	FUN_00106af0	0	00106af0-00106c08
00106c08	FUN_00106c08	0	00106c08-00106d3c
00106d40	FUN_00106d40	0	00106d40-00106de8
00106de8	FUN_00106de8	0	00106de8-00106f2c
00106f30	FUN_00106f30	0	00106f30-00106f40
00106f40	FUN_00106f40	0	00106f40-00106fe8
00106fe8	FUN_00106fe8	0	00106fe8-0010709c
001070a0	FUN_001070a0	0	001070a0-001070a8
001070a8	FUN_001070a8	0	001070a8-001070b0
001070c8	FUN_001070c8	0	001070c8-001070d8
001070e8	FUN_001070e8	0	001070e8-001070f8
001070f8	FUN_001070f8	0	001070f8-00107118
00107118	FUN_00107118	0	00107118-00107284
001072d0	FUN_001072d0	0	001072d0-00107300
00107300	FUN_00107300	0	00107300-00107330
00107330	FUN_00107330	0	00107330-00107340
00107340	FUN_00107340	0	00107340-00107350
00107350	FUN_00107350	0	00107350-00107360
00107360	FUN_00107360	0	00107360-00107368
00107368	FUN_00107368	0	00107368-00107384
00107388	FUN_00107388	0	00107388-00107478
00107478	FUN_00107478	0	00107478-00107494
001074b8	FUN_001074b8	0	001074b8-001074c0
001074c0	FUN_001074c0	0	001074c0-00107648
00107700	FUN_00107700	0	00107700-00107888
00107888	FUN_00107888	0	00107888-00107a8c
00107a90	FUN_00107a90	0	00107a90-00107d20
00107d20	FUN_00107d20	0	00107d20-00108028
00108028	FUN_00108028	0	00108028-00108044
00108068	FUN_00108068	0	00108068-0010807c
00108080	FUN_00108080	0	00108080-00108094,00112568-00112570
001081c8	FUN_001081c8	0	001081c8-001082f4
00108398	FUN_00108398	0	00108398-00108434
001085a8	FUN_001085a8	0	001085a8-00108600
00108600	FUN_00108600	0	00108600-00108694
00108698	FUN_00108698	0	00108698-0010872c
00108730	FUN_00108730	0	00108730-00108930
00108930	FUN_00108930	0	00108930-00108984
00108990	FUN_00108990	0	00108990-00108998
00108998	FUN_00108998	0	00108998-00108a0c
00108a10	FUN_00108a10	0	00108a10-00108a84
00108ae0	FUN_00108ae0	0	00108ae0-00108c00
00108c00	FUN_00108c00	0	00108c00-00108d68
00108d68	FUN_00108d68	0	00108d68-00108dd4
00108dd8	FUN_00108dd8	0	00108dd8-00108e44
00108e48	FUN_00108e48	0	00108e48-00108eb4
00108eb8	FUN_00108eb8	0	00108eb8-00108f24
00108f28	FUN_00108f28	0	00108f28-00108f94
00108f98	FUN_00108f98	0	00108f98-00109004
00109008	FUN_00109008	0	00109008-00109040
00109040	FUN_00109040	0	00109040-00109048
00109048	FUN_00109048	0	00109048-00109050
00109050	FUN_00109050	0	00109050-00109058
00109058	FUN_00109058	0	00109058-00109060
00109060	FUN_00109060	0	00109060-00109068
00109068	FUN_00109068	0	00109068-00109070
00109070	FUN_00109070	0	00109070-0010913c
00109140	FUN_00109140	0	00109140-001091c4
001091c8	FUN_001091c8	0	001091c8-0010927c
00109280	FUN_00109280	0	00109280-0010932c
00109330	FUN_00109330	0	00109330-00109340
00109340	FUN_00109340	0	00109340-00109360
00109360	FUN_00109360	0	00109360-001093c8
001093c8	FUN_001093c8	0	001093c8-0010944c
00109450	FUN_00109450	0	00109450-001094e0
001094e0	FUN_001094e0	0	001094e0-0010966c
00109670	FUN_00109670	0	00109670-00109690
00109690	FUN_00109690	0	00109690-00109704
00109708	FUN_00109708	0	00109708-00109784
00109788	FUN_00109788	0	00109788-001097e8
001097e8	FUN_001097e8	0	001097e8-00109c2c
00109c30	FUN_00109c30	0	00109c30-00109cc0
00109cc0	FUN_00109cc0	0	00109cc0-00109d00
00109d00	FUN_00109d00	0	00109d00-00109e14
00109e18	FUN_00109e18	0	00109e18-00109e2c
00109e30	FUN_00109e30	0	00109e30-00109e8c
00109e90	FUN_00109e90	0	00109e90-00109ea4
00109ea8	FUN_00109ea8	0	00109ea8-00109ed0,00109f30-00109f3c
00109f58	FUN_00109f58	0	00109f58-00109f80,00109fc4-00109fcc
00109fe8	FUN_00109fe8	0	00109fe8-0010a1cc
0010a1d0	FUN_0010a1d0	0	0010a1d0-0010a4cc
0010a4d0	FUN_0010a4d0	0	0010a4d0-0010a580
0010a580	FUN_0010a580	0	0010a580-0010a5f0
0010a5f0	FUN_0010a5f0	0	0010a5f0-0010a614
0010a618	FUN_0010a618	0	0010a618-0010a7d8
0010a7d8	FUN_0010a7d8	0	0010a7d8-0010a7fc
0010a800	FUN_0010a800	0	0010a800-0010a824
0010a828	FUN_0010a828	0	0010a828-0010a884
0010a8a8	FUN_0010a8a8	0	0010a8a8-0010a8bc
0010a8e0	FUN_0010a8e0	0	0010a8e0-0010a914
0010a918	FUN_0010a918	0	0010a918-0010ab08
0010ab08	FUN_0010ab08	0	0010ab08-0010ab80
0010ab80	FUN_0010ab80	0	0010ab80-0010aba4
0010aba8	FUN_0010aba8	0	0010aba8-0010abb4
0010abb8	FUN_0010abb8	0	0010abb8-0010abc8
0010abc8	FUN_0010abc8	0	0010abc8-0010abec
0010abf0	FUN_0010abf0	0	0010abf0-0010ae8c
0010ae90	FUN_0010ae90	0	0010ae90-0010ae9c
0010aed8	FUN_0010aed8	0	0010aed8-0010aef0
0010aef0	FUN_0010aef0	0	0010aef0-0010b414
0010b418	FUN_0010b418	0	0010b418-0010b434
0010b450	FUN_0010b450	0	0010b450-0010b464
0010b468	FUN_0010b468	0	0010b468-0010b54c
0010b550	FUN_0010b550	0	0010b550-0010b564
0010b568	FUN_0010b568	0	0010b568-0010b61c
0010b620	FUN_0010b620	0	0010b620-0010b6e4
0010b978	FUN_0010b978	0	0010b978-0010c078
0010c078	FUN_0010c078	0	0010c078-0010c778
0010c778	FUN_0010c778	0	0010c778-0010c7b0
0010c7b0	FUN_0010c7b0	0	0010c7b0-0010c7e8
0010c7e8	FUN_0010c7e8	0	0010c7e8-0010c7f0
0010c7f0	FUN_0010c7f0	0	0010c7f0-0010c828
0010c828	FUN_0010c828	0	0010c828-0010c850
0010c850	FUN_0010c850	0	0010c850-0010c8d4
0010c940	FUN_0010c940	0	0010c940-0010c9f4
0010c9f8	FUN_0010c9f8	0	0010c9f8-0010cac8
0010cac8	FUN_0010cac8	0	0010cac8-0010cae8
0010cb50	FUN_0010cb50	0	0010cb50-0010cbc8
0010cbc8	FUN_0010cbc8	0	0010cbc8-0010cc60
0010cc70	FUN_0010cc70	0	0010cc70-0010cc7c
0010cc80	FUN_0010cc80	0	0010cc80-0010ccdc
0010cce0	FUN_0010cce0	0	0010cce0-0010cd30
0010ce78	FUN_0010ce78	0	0010ce78-0010cef0
0010cef0	FUN_0010cef0	0	0010cef0-0010d034
0010d038	FUN_0010d038	0	0010d038-0010d178
0010d188	FUN_0010d188	0	0010d188-0010d2b4
0010d2b8	FUN_0010d2b8	0	0010d2b8-0010d468
0010d900	FUN_0010d900	0	0010d900-0010d914
0010d918	FUN_0010d918	0	0010d918-0010da40
0010da40	FUN_0010da40	0	0010da40-0010dc04
0010dee8	FUN_0010dee8	0	0010dee8-0010df14
0010df18	FUN_0010df18	0	0010df18-0010e130
0010e130	FUN_0010e130	0	0010e130-0010e368
0010e368	FUN_0010e368	0	0010e368-0010e6dc
0010e6e0	FUN_0010e6e0	0	0010e6e0-0010e7e0
0010e7e0	FUN_0010e7e0	0	0010e7e0-0010e80c
0010e810	FUN_0010e810	0	0010e810-0010ee84,0010ee88-0010eed4
0010eed8	FUN_0010eed8	0	0010eed8-0010eee4
0010eee8	FUN_0010eee8	0	0010eee8-0010ef28
0010ef28	FUN_0010ef28	0	0010ef28-0010ef48
0010ef48	FUN_0010ef48	0	0010ef48-0010f098
0010f340	FUN_0010f340	0	0010f340-0010f444
0010f448	FUN_0010f448	0	0010f448-0010f5fc
0010f600	FUN_0010f600	0	0010f600-0010f648
0010f648	FUN_0010f648	0	0010f648-0010f65c
0010f660	FUN_0010f660	0	0010f660-0010f6b4
0010f6b8	FUN_0010f6b8	0	0010f6b8-0010f6f4
0010f6f8	FUN_0010f6f8	0	0010f6f8-0010f744
0010f748	FUN_0010f748	0	0010f748-0010f7b0
0010f7b0	FUN_0010f7b0	0	0010f7b0-0010f880
0010f880	FUN_0010f880	0	0010f880-0010f8a8
0010f8a8	FUN_0010f8a8	0	0010f8a8-0010f8b0
0010f8c0	FUN_0010f8c0	0	0010f8c0-0010f8d0
0010f8d0	FUN_0010f8d0	0	0010f8d0-0010f8dc
0010f8e0	FUN_0010f8e0	0	0010f8e0-0010f8f0
0010f8f0	FUN_0010f8f0	0	0010f8f0-0010f904
0010f918	FUN_0010f918	0	0010f918-0010f95c
0010f960	FUN_0010f960	0	0010f960-0010f9a0
0010f9e0	FUN_0010f9e0	0	0010f9e0-0010f9f0
0010f9f0	FUN_0010f9f0	0	0010f9f0-0010fa24
0010fa28	FUN_0010fa28	0	0010fa28-0010fa34
0010fa58	FUN_0010fa58	0	0010fa58-0010fa64
0010fa68	FUN_0010fa68	0	0010fa68-0010fb08
0010fb10	FUN_0010fb10	0	0010fb10-0010fe3c,0010fe40-0010fe84,0010fe88-0010fea0
0010fea0	FUN_0010fea0	0	0010fea0-0010ff04
0010ff08	FUN_0010ff08	0	0010ff08-001104fc
00110500	FUN_00110500	0	00110500-00110618
00110618	FUN_00110618	0	00110618-00110630
00110630	FUN_00110630	0	00110630-001106a0
001106a0	FUN_001106a0	0	001106a0-001108ec
00110960	FUN_00110960	0	00110960-001109c4
00110b00	FUN_00110b00	0	00110b00-00110c90
00110c90	FUN_00110c90	0	00110c90-00111000
00111000	FUN_00111000	0	00111000-00111020
00111020	FUN_00111020	0	00111020-00111040
00111040	FUN_00111040	0	00111040-0011105c
00111060	FUN_00111060	0	00111060-001110e4
001110e8	FUN_001110e8	0	001110e8-001111c8
001111c8	FUN_001111c8	0	001111c8-00111274
00111278	FUN_00111278	0	00111278-001112a4
001112a8	FUN_001112a8	0	001112a8-0011151c
00111808	FUN_00111808	0	00111808-001118a4
001118a8	FUN_001118a8	0	001118a8-00111d18
00111d98	FUN_00111d98	0	00111d98-00111e20
00111e20	FUN_00111e20	0	00111e20-00111e34
00111e38	FUN_00111e38	0	00111e38-00111e50
00111e50	FUN_00111e50	0	00111e50-00111f4c
00111f50	FUN_00111f50	0	00111f50-00112244,00112248-0011229c
00112388	FUN_00112388	0	00112388-001123ec
001123f0	FUN_001123f0	0	001123f0-001124dc
001124e8	FUN_001124e8	0	001124e8-001124f8
001124f8	FUN_001124f8	0	001124f8-00112564
00112570	FUN_00112570	0	00112570-001125b8
001125b8	FUN_001125b8	0	001125b8-001125d8
001125d8	FUN_001125d8	0	001125d8-0011271c
00112720	FUN_00112720	0	00112720-00112730
00112730	FUN_00112730	0	00112730-0011273c
00112740	FUN_00112740	0	00112740-00112748
00112758	FUN_00112758	0	00112758-00112760
00112760	FUN_00112760	0	00112760-0011276c
00112778	FUN_00112778	0	00112778-00112780
00112780	FUN_00112780	0	00112780-001127a0
001127b0	FUN_001127b0	0	001127b0-001127bc
001127c0	FUN_001127c0	0	001127c0-001128d0
001128d0	FUN_001128d0	0	001128d0-001129d8
001129d8	FUN_001129d8	0	001129d8-00112a54
00112ab8	FUN_00112ab8	0	00112ab8-00112c18
00112c28	FUN_00112c28	0	00112c28-00112c34
00112c38	FUN_00112c38	0	00112c38-00112c44
00112c48	FUN_00112c48	0	00112c48-00112c54
00112c58	FUN_00112c58	0	00112c58-00112c6c
00112c80	FUN_00112c80	0	00112c80-00112cc8
00112cc8	FUN_00112cc8	0	00112cc8-00112d24
00112d28	FUN_00112d28	0	00112d28-00112d90
00112d90	FUN_00112d90	0	00112d90-00112dec
00112df0	FUN_00112df0	0	00112df0-00112f84
00112f88	FUN_00112f88	0	00112f88-001130ac
001130b0	FUN_001130b0	0	001130b0-001132d8
001132d8	FUN_001132d8	0	001132d8-00113334
00113338	FUN_00113338	0	00113338-001133f4
001133f8	FUN_001133f8	0	001133f8-00113408
00113450	FUN_00113450	0	00113450-0011346c
00113470	FUN_00113470	0	00113470-001135b0
001135e8	FUN_001135e8	0	001135e8-00113604
00113628	FUN_00113628	0	00113628-00113648
00113648	FUN_00113648	0	00113648-00113668
00113668	FUN_00113668	0	00113668-00113678
00113688	FUN_00113688	0	00113688-001136a8
001136b0	FUN_001136b0	0	001136b0-001136b8
001136b8	FUN_001136b8	0	001136b8-001137dc
001137e0	FUN_001137e0	0	001137e0-001137e8
001137e8	FUN_001137e8	0	001137e8-001137f0
001137f0	FUN_001137f0	0	001137f0-00113808
00113808	FUN_00113808	0	00113808-00113848
00113848	FUN_00113848	0	00113848-0011398c
00113990	FUN_00113990	0	00113990-00113a3c
00113fb0	FUN_00113fb0	0	00113fb0-001140d0
001142a0	FUN_001142a0	0	001142a0-001142ac
001142b0	FUN_001142b0	0	001142b0-001142bc
001142c0	FUN_001142c0	0	001142c0-001142cc
001142d0	FUN_001142d0	0	001142d0-001142dc
001142e0	FUN_001142e0	0	001142e0-00114328
00114328	FUN_00114328	0	00114328-00114370
00114370	FUN_00114370	0	00114370-0011437c
00114380	FUN_00114380	0	00114380-0011438c
00114390	FUN_00114390	0	00114390-0011439c
001143d8	FUN_001143d8	0	001143d8-00114428
00114438	FUN_00114438	0	00114438-0011447c,00114480-00114490
00114490	FUN_00114490	0	00114490-001144d4,001144d8-001144e8
001144e8	FUN_001144e8	0	001144e8-00114550
00114580	FUN_00114580	0	00114580-001145b0
001145b0	FUN_001145b0	0	001145b0-001145fc
00114600	FUN_00114600	0	00114600-00114620
00114620	FUN_00114620	0	00114620-00114654
00114690	FUN_00114690	0	00114690-001146c4
00114738	FUN_00114738	0	00114738-0011476c
00114770	FUN_00114770	0	00114770-001147b4
001147b8	FUN_001147b8	0	001147b8-001147fc
00114800	FUN_00114800	0	00114800-00114824
00114828	FUN_00114828	0	00114828-0011484c
00114850	FUN_00114850	0	00114850-00114884
001148d0	FUN_001148d0	0	001148d0-00114914
00114918	FUN_00114918	0	00114918-0011493c
00114940	FUN_00114940	0	00114940-00114964
00114968	FUN_00114968	0	00114968-0011499c
00114ab0	FUN_00114ab0	0	00114ab0-00114af4
00114af8	FUN_00114af8	0	00114af8-00114b3c
00114b40	FUN_00114b40	0	00114b40-00114b64
00114b68	FUN_00114b68	0	00114b68-00114b8c
00114b90	FUN_00114b90	0	00114b90-00114bc4
00114be8	FUN_00114be8	0	00114be8-00114c2c
00114c30	FUN_00114c30	0	00114c30-00114c74
00114c78	FUN_00114c78	0	00114c78-00114c9c
00114ca0	FUN_00114ca0	0	00114ca0-00114cc4
00114cc8	FUN_00114cc8	0	00114cc8-00114cfc
00114d48	FUN_00114d48	0	00114d48-00114d8c
00114d90	FUN_00114d90	0	00114d90-00114db4
00114db8	FUN_00114db8	0	00114db8-00114ddc
00114de0	FUN_00114de0	0	00114de0-00114e14
00114e38	FUN_00114e38	0	00114e38-00114e54
00114e58	FUN_00114e58	0	00114e58-00114e9c
00114ea0	FUN_00114ea0	0	00114ea0-00114ee4
00114ee8	FUN_00114ee8	0	00114ee8-00114f0c
00114f10	FUN_00114f10	0	00114f10-00114f34
00114f38	FUN_00114f38	0	00114f38-00114f6c
00114f90	FUN_00114f90	0	00114f90-00114fac
00114fb0	FUN_00114fb0	0	00114fb0-00114ff4
00114ff8	FUN_00114ff8	0	00114ff8-0011503c
00115040	FUN_00115040	0	00115040-00115064
00115068	FUN_00115068	0	00115068-0011508c
00115090	FUN_00115090	0	00115090-001150c4
001150e8	FUN_001150e8	0	001150e8-00115104
00115108	FUN_00115108	0	00115108-00115124
00115128	FUN_00115128	0	00115128-001151ac
001151b0	FUN_001151b0	0	001151b0-001151f4
001151f8	FUN_001151f8	0	001151f8-0011523c
00115240	FUN_00115240	0	00115240-00115264
00115268	FUN_00115268	0	00115268-0011528c
00115290	FUN_00115290	0	00115290-001152c4
001152e8	FUN_001152e8	0	001152e8-00115304
00115308	FUN_00115308	0	00115308-0011534c
00115350	FUN_00115350	0	00115350-00115394
00115398	FUN_00115398	0	00115398-001153bc
001153c0	FUN_001153c0	0	001153c0-001153e4
001153e8	FUN_001153e8	0	001153e8-0011541c
00115440	FUN_00115440	0	00115440-0011545c
00115460	FUN_00115460	0	00115460-0011547c
00115480	FUN_00115480	0	00115480-001154c4
001154c8	FUN_001154c8	0	001154c8-0011550c
00115510	FUN_00115510	0	00115510-00115534
00115538	FUN_00115538	0	00115538-0011555c
00115560	FUN_00115560	0	00115560-00115594
001155b8	FUN_001155b8	0	001155b8-001155d4
001155d8	FUN_001155d8	0	001155d8-0011561c
00115620	FUN_00115620	0	00115620-00115664
00115668	FUN_00115668	0	00115668-0011568c
00115690	FUN_00115690	0	00115690-001156b4
001156b8	FUN_001156b8	0	001156b8-001156ec
00115738	FUN_00115738	0	00115738-0011577c
00115780	FUN_00115780	0	00115780-001157a4
001157a8	FUN_001157a8	0	001157a8-001157cc
001157d0	FUN_001157d0	0	001157d0-00115804
00115828	FUN_00115828	0	00115828-00115844
00115848	FUN_00115848	0	00115848-00115c04
00115c08	FUN_00115c08	0	00115c08-001161c8
001161c8	FUN_001161c8	0	001161c8-00116794
00116798	FUN_00116798	0	00116798-001168c0
001168c0	FUN_001168c0	0	001168c0-00116938
00116938	FUN_00116938	0	00116938-0011698c
00116990	FUN_00116990	0	00116990-001169e4
001169e8	FUN_001169e8	0	001169e8-00116d04
00116d08	FUN_00116d08	0	00116d08-00116db0
00116db0	FUN_00116db0	0	00116db0-00117588
00117588	FUN_00117588	0	00117588-00117774
00117778	FUN_00117778	0	00117778-0011778c
00117808	FUN_00117808	0	00117808-001178b8
001178d0	FUN_001178d0	0	001178d0-00117910
00117910	FUN_00117910	0	00117910-0011792c
00117970	FUN_00117970	0	00117970-00117aa4
00117aa8	FUN_00117aa8	0	00117aa8-00117ac4
00117b20	FUN_00117b20	0	00117b20-00117b38
00117b38	FUN_00117b38	0	00117b38-00117c28
00117c28	FUN_00117c28	0	00117c28-00117d18
00117d18	FUN_00117d18	0	00117d18-00117dd8
00117dd8	FUN_00117dd8	0	00117dd8-00117e98
00117e98	FUN_00117e98	0	00117e98-00117f5c
001182d0	FUN_001182d0	0	001182d0-00118328
00118328	FUN_00118328	0	00118328-00118378
00118378	FUN_00118378	0	00118378-0011845c,00118460-001185b0
00118958	FUN_00118958	0	00118958-00118994
00118998	FUN_00118998	0	00118998-00118d10
00118d10	FUN_00118d10	0	00118d10-00118d9c
00118da0	FUN_00118da0	0	00118da0-00119000
001195a8	FUN_001195a8	0	001195a8-001196cc
00119830	FUN_00119830	0	00119830-00119b0c
00119b10	FUN_00119b10	0	00119b10-00119bb4
00119bb8	FUN_00119bb8	0	00119bb8-00119bd4
00119c40	FUN_00119c40	0	00119c40-00119c84
00119c88	FUN_00119c88	0	00119c88-00119cb4
00119ce0	FUN_00119ce0	0	00119ce0-00119d04
00119d08	FUN_00119d08	0	00119d08-00119d3c
00119d70	FUN_00119d70	0	00119d70-00119e60
00119e60	FUN_00119e60	0	00119e60-00119f08
00119f48	FUN_00119f48	0	00119f48-00119fb8
00119fc0	FUN_00119fc0	0	00119fc0-0011a25c
0011a2a8	FUN_0011a2a8	0	0011a2a8-0011a2ec
0011a2f0	FUN_0011a2f0	0	0011a2f0-0011a314
0011a318	FUN_0011a318	0	0011a318-0011a33c
0011a340	FUN_0011a340	0	0011a340-0011a374
0011a408	FUN_0011a408	0	0011a408-0011a42c
0011a430	FUN_0011a430	0	0011a430-0011a460
0011a460	FUN_0011a460	0	0011a460-0011a490
0011a490	FUN_0011a490	0	0011a490-0011a4c0
0011a4c0	FUN_0011a4c0	0	0011a4c0-0011a4e4
0011a4e8	FUN_0011a4e8	0	0011a4e8-0011a50c
0011a510	FUN_0011a510	0	0011a510-0011a544
0011a6b0	FUN_0011a6b0	0	0011a6b0-0011a6fc
0011a700	FUN_0011a700	0	0011a700-0011a74c
0011a750	FUN_0011a750	0	0011a750-0011a79c
0011a7a0	FUN_0011a7a0	0	0011a7a0-0011a7f0
0011a7f0	FUN_0011a7f0	0	0011a7f0-0011a858
0011a858	FUN_0011a858	0	0011a858-0011a900
0011a900	FUN_0011a900	0	0011a900-0011a914
0011a918	FUN_0011a918	0	0011a918-0011a934
0011a938	FUN_0011a938	0	0011a938-0011ac10
0011ac10	FUN_0011ac10	0	0011ac10-0011af3c,0011af40-0011af8c,0011af90-0011b038
0011b038	FUN_0011b038	0	0011b038-0011b0a4
0011b0a8	FUN_0011b0a8	0	0011b0a8-0011b250
0011b250	FUN_0011b250	0	0011b250-0011b3dc
0011b3e0	FUN_0011b3e0	0	001124e0-001124e8,0011b3e0-0011b3f4
0011b408	FUN_0011b408	0	0011b408-0011b554
0011b558	FUN_0011b558	0	0011b558-0011b6a4
0011b6a8	FUN_0011b6a8	0	0011b6a8-0011b6d8
0011b6d8	FUN_0011b6d8	0	0011b6d8-0011b720
0011b720	FUN_0011b720	0	0011b720-0011b768
0011b768	FUN_0011b768	0	0011b768-0011b7b0
0011b7b0	FUN_0011b7b0	0	0011b7b0-0011b864
0011b868	FUN_0011b868	0	0011b868-0011b8cc
0011b8d0	FUN_0011b8d0	0	0011b8d0-0011bac8
0011bac8	FUN_0011bac8	0	0011bac8-0011bd70
0011bd70	FUN_0011bd70	0	0011bd70-0011bdbc
0011bdc0	FUN_0011bdc0	0	0011bdc0-0011be50
0011be50	FUN_0011be50	0	0011be50-0011bfa0
0011bfa0	FUN_0011bfa0	0	0011bfa0-0011c04c
0011c050	FUN_0011c050	0	0011c050-0011c0e8
0011c138	FUN_0011c138	0	0011c138-0011c148
0011c148	FUN_0011c148	0	0011c148-0011c210
0011c210	FUN_0011c210	0	0011c210-0011c228
0011c228	FUN_0011c228	0	0011c228-0011c230
0011c230	FUN_0011c230	0	0011c230-0011c240
0011c2d0	FUN_0011c2d0	0	0011c2d0-0011c328
0011c328	FUN_0011c328	0	0011c328-0011c3b0
0011c3b0	FUN_0011c3b0	0	0011c3b0-0011c438
0011c438	FUN_0011c438	0	0011c438-0011c4b0
0011c4b0	FUN_0011c4b0	0	0011c4b0-0011c4e8
0011c4e8	FUN_0011c4e8	0	0011c4e8-0011c6a8
0011c6a8	FUN_0011c6a8	0	0011c6a8-0011c798
0011c798	FUN_0011c798	0	0011c798-0011c7c8
0011c7c8	FUN_0011c7c8	0	0011c7c8-0011c7f8
0011c7f8	FUN_0011c7f8	0	0011c7f8-0011c828
0011c828	FUN_0011c828	0	0011c828-0011c890
0011c8f8	FUN_0011c8f8	0	0011c8f8-0011ca1c
0011ca20	FUN_0011ca20	0	0011ca20-0011cd7c
0011cd80	FUN_0011cd80	0	0011cd80-0011cdec
0011cdf0	FUN_0011cdf0	0	0011cdf0-0011d3cc
0011d440	FUN_0011d440	0	0011d440-0011d464
0011d468	FUN_0011d468	0	0011d468-0011d500
0011d5e0	FUN_0011d5e0	0	0011d5e0-0011d6c0
0011d6c0	FUN_0011d6c0	0	0011d6c0-0011d710
0011d710	FUN_0011d710	0	0011d710-0011d724
0011d740	FUN_0011d740	0	0011d740-0011dc54,0011dc58-0011dd04
0011dd08	FUN_0011dd08	0	0011dd08-0011de84
0011de88	FUN_0011de88	0	0011de88-0011e25c
0011e260	FUN_0011e260	0	0011e260-0011e350
0011e350	FUN_0011e350	0	0011e350-0011e3c4
0011e3c8	FUN_0011e3c8	0	0011e3c8-0011e400
0011e410	FUN_0011e410	0	0011e410-0011e450
0011e450	FUN_0011e450	0	0011e450-0011e5fc
0011e600	FUN_0011e600	0	0011e600-0011e7e0
0011e7e0	FUN_0011e7e0	0	0011e7e0-0011e880
0011e880	FUN_0011e880	0	0011e880-0011e8fc,0011e900-0011e918
0011e9a8	FUN_0011e9a8	0	0011e9a8-0011ea2c,0011ea30-0011ea40
0011ea40	FUN_0011ea40	0	0011ea40-0011ea94
0011ea98	FUN_0011ea98	0	0011ea98-0011eb08
0011eb08	FUN_0011eb08	0	0011eb08-0011eb78
0011eb78	FUN_0011eb78	0	0011eb78-0011ebe4
0011ec00	FUN_0011ec00	0	0011ec00-0011ec28
0011ec28	FUN_0011ec28	0	0011ec28-0011ecc4
0011ecc8	FUN_0011ecc8	0	0011ecc8-0011ed48
0011ed90	FUN_0011ed90	0	0011ed90-0011ee18
0011ee18	FUN_0011ee18	0	0011ee18-0011ee34
0011ee58	FUN_0011ee58	0	0011ee58-0011ee68
0011ee78	FUN_0011ee78	0	0011ee78-0011ee98
0011ee98	FUN_0011ee98	0	0011ee98-0011eea8
0011eea8	FUN_0011eea8	0	0011eea8-0011eef4
0011eef8	FUN_0011eef8	0	0011eef8-0011ef1c
0011ef20	FUN_0011ef20	0	0011ef20-0011ef68
0011ef70	FUN_0011ef70	0	0011ef70-0011ef88
0011efe8	FUN_0011efe8	0	0011efe8-0011f074
0011f078	FUN_0011f078	0	0011f078-0011f0f4
0011f120	FUN_0011f120	0	0011f120-0011f1a8
0011f1a8	FUN_0011f1a8	0	0011f1a8-0011f230
0011f238	FUN_0011f238	0	0011f238-0011f270
0011f270	FUN_0011f270	0	0011f270-0011f2f0
0011f2f0	FUN_0011f2f0	0	0011f2f0-0011f3b8
0011f3b8	FUN_0011f3b8	0	0011f3b8-0011f3dc
0011f3e0	FUN_0011f3e0	0	0011f3e0-0011f41c
0011f4b8	FUN_0011f4b8	0	0011f4b8-0011f550
0011f550	FUN_0011f550	0	0011f550-0011f574
0011f578	FUN_0011f578	0	0011f578-0011f59c
0011f5a0	FUN_0011f5a0	0	0011f5a0-0011f5d4
0011f6c0	FUN_0011f6c0	0	0011f6c0-0011f6d4
0011f6e8	FUN_0011f6e8	0	0011f6e8-0011f7a4
0011f7a8	FUN_0011f7a8	0	0011f7a8-001204c4,001204c8-00120520
00120550	FUN_00120550	0	00120550-00120578
00120648	FUN_00120648	0	00120648-001206dc
001206e0	FUN_001206e0	0	001206e0-00120774
00120778	FUN_00120778	0	00120778-0012079c
001207a0	FUN_001207a0	0	001207a0-001207c4
001207c8	FUN_001207c8	0	001207c8-001207fc
00120800	FUN_00120800	0	00120800-00120814
001208b8	FUN_001208b8	0	001208b8-001208f8
001208f8	FUN_001208f8	0	001208f8-00120a20
00120a20	FUN_00120a20	0	00120a20-00120cec
00120cf0	FUN_00120cf0	0	00120cf0-00120d8c
00121218	FUN_00121218	0	00121218-0012137c
001213c0	FUN_001213c0	0	001213c0-001214c0
001214c0	FUN_001214c0	0	001214c0-001215b8
001215b8	FUN_001215b8	0	001215b8-001216a8
001216a8	FUN_001216a8	0	001216a8-001217a0
001217a0	FUN_001217a0	0	001217a0-001219b8
001219b8	FUN_001219b8	0	001219b8-00121cc4
00121cc8	FUN_00121cc8	0	00121cc8-00122bac,00122bb0-00123138
001231f8	FUN_001231f8	0	001231f8-00123228
00123228	FUN_00123228	0	00123228-0012364c
001239d8	FUN_001239d8	0	001239d8-00123ac0
00123ac0	FUN_00123ac0	0	00123ac0-00123ba8
00123ba8	FUN_00123ba8	0	00123ba8-00123c1c
00123c20	FUN_00123c20	0	00123c20-00123c94
00123c98	FUN_00123c98	0	00123c98-00123d10
00123d10	FUN_00123d10	0	00123d10-00123d3c
00123d40	FUN_00123d40	0	00123d40-00123d8c
00123d90	FUN_00123d90	0	00123d90-00123dcc
00123dd0	FUN_00123dd0	0	00123dd0-00123e00
00123e00	FUN_00123e00	0	00123e00-00123e30
00123e30	FUN_00123e30	0	00123e30-001240b0
00124100	FUN_00124100	0	00124100-0012413c
00124140	FUN_00124140	0	00124140-001241b4
001241b8	FUN_001241b8	0	001241b8-00124274
00124278	FUN_00124278	0	00124278-00124334
00124338	FUN_00124338	0	00124338-001243f4
001243f8	FUN_001243f8	0	001243f8-001244b4
001244b8	FUN_001244b8	0	001244b8-00124574
00124578	FUN_00124578	0	00124578-00124614
00124618	FUN_00124618	0	00124618-001246b4
001246b8	FUN_001246b8	0	001246b8-00124744
00124748	FUN_00124748	0	00124748-00124788
00124788	FUN_00124788	0	00124788-00124810
00124828	FUN_00124828	0	00124828-00124834
00124840	FUN_00124840	0	00124840-00124848
00124848	FUN_00124848	0	00124848-00124a40
00124a40	FUN_00124a40	0	00124a40-00124b10
00124b10	FUN_00124b10	0	00124b10-00124bb8
00124bb8	FUN_00124bb8	0	00124bb8-00124bdc
00124c08	FUN_00124c08	0	00124c08-00124c18
00124c28	FUN_00124c28	0	00124c28-00124c48
00124c48	FUN_00124c48	0	00124c48-00124ca4
00124ca8	FUN_00124ca8	0	00124ca8-001253c0
001253c0	FUN_001253c0	0	001253c0-001256bc
001256c0	FUN_001256c0	0	001256c0-00125860
00125860	FUN_00125860	0	00125860-00125f78
00125f78	FUN_00125f78	0	00125f78-00127694,00127698-00127a54,00127a58-00127a88
00127a88	FUN_00127a88	0	00127a88-00127c70
00127c70	FUN_00127c70	0	00127c70-00127cf4
00127cf8	FUN_00127cf8	0	00127cf8-00127d40
00127d40	FUN_00127d40	0	00127d40-00127da0
00127da0	FUN_00127da0	0	00127da0-00127dc4
00127dc8	FUN_00127dc8	0	00127dc8-00127ddc
00127de8	FUN_00127de8	0	00127de8-00127e80
00127e88	FUN_00127e88	0	00127de0-00127de8,00127e88-00127ea4
00127f40	FUN_00127f40	0	00127f40-00127fb8
00127fb8	FUN_00127fb8	0	00127fb8-00127fdc
00127fe0	FUN_00127fe0	0	00127fe0-00128004
00128008	FUN_00128008	0	00128008-0012803c
00128040	FUN_00128040	0	00128040-00128480
00128480	FUN_00128480	0	00128480-001285f8
001285f8	FUN_001285f8	0	001285f8-001286d0
001286d0	FUN_001286d0	0	001286d0-00128750
00128750	FUN_00128750	0	00128750-00128b34
00128b38	FUN_00128b38	0	00128b38-00128d40
00128d40	FUN_00128d40	0	00128d40-00128e98
00128e98	FUN_00128e98	0	00128e98-00129004
00129008	FUN_00129008	0	00129008-0012905c
00129060	FUN_00129060	0	00129060-0012995c
00129960	FUN_00129960	0	00129960-00129c34
00129c38	FUN_00129c38	0	00129c38-0012bbb4,0012bbb8-0012cca4,0012cca8-0012d5e4,0012d5e8-0012d728
0012d728	FUN_0012d728	0	0012d728-00130c18
00130c18	FUN_00130c18	0	00130c18-00130d18
00130d28	FUN_00130d28	0	00130d28-00130ea0
00131450	FUN_00131450	0	00131450-00131688
001316c0	FUN_001316c0	0	001316c0-001316f0
001316f0	FUN_001316f0	0	001316f0-00131720
00131720	FUN_00131720	0	00131720-00131744
00131748	FUN_00131748	0	00131748-0013176c
00131770	FUN_00131770	0	00131770-001317a4
001317a8	FUN_001317a8	0	001317a8-00131800
00131810	FUN_00131810	0	00131810-001318d8
00131918	FUN_00131918	0	00131918-0013199c
001319d8	FUN_001319d8	0	001319d8-00131da8
00131da8	FUN_00131da8	0	00131da8-00131e7c
00131e80	FUN_00131e80	0	00131e80-00131f3c
00131f40	FUN_00131f40	0	00131f40-00131f48
00131f48	FUN_00131f48	0	00131f48-00132014
00132018	FUN_00132018	0	00132018-00132068
00132068	FUN_00132068	0	00132068-001320a4
001320b0	FUN_001320b0	0	001320b0-001320f0
001320f0	FUN_001320f0	0	001320f0-00132130
00132130	FUN_00132130	0	00132130-0013216c
00132170	FUN_00132170	0	00132170-0013217c
00132180	FUN_00132180	0	00132180-00132208
00132208	FUN_00132208	0	00132208-00132270
00132270	FUN_00132270	0	00132270-001322ac
001322f0	FUN_001322f0	0	001322f0-00132300
00132310	FUN_00132310	0	00132310-00132330
00132330	FUN_00132330	0	00132330-00132338
00132338	FUN_00132338	0	00132338-00132340
00132348	FUN_00132348	0	00132348-00132350
00132350	FUN_00132350	0	00132350-00132358
00132358	FUN_00132358	0	00132358-00132360
00132360	FUN_00132360	0	00132360-00132368
00132368	FUN_00132368	0	00132368-00132370
00132370	FUN_00132370	0	00132370-00132378
00132390	FUN_00132390	0	00132390-0013242c
00132430	FUN_00132430	0	00132430-001324b4
001324b8	FUN_001324b8	0	001324b8-0013253c
00132540	FUN_00132540	0	00132540-00132564
00132568	FUN_00132568	0	00132568-0013258c
00132590	FUN_00132590	0	00132590-001325c4
001325c8	FUN_001325c8	0	001325c8-00132678
00132720	FUN_00132720	0	00132720-001327b0
00132850	FUN_00132850	0	00132850-00132a5c
00132a70	FUN_00132a70	0	00132a70-00132ab0
00132ab0	FUN_00132ab0	0	00132ab0-00132c68
00132c68	FUN_00132c68	0	00132c68-00132c94
00132c98	FUN_00132c98	0	00132c98-00132cb4
00132cb8	FUN_00132cb8	0	00132cb8-00132ccc
00132cd0	FUN_00132cd0	0	00132cd0-00132cfc
00132d00	FUN_00132d00	0	00132d00-00132d2c
00132d30	FUN_00132d30	0	00132d30-00132d5c
00132d60	FUN_00132d60	0	00132d60-00132d8c
00132d90	FUN_00132d90	0	00132d90-00132e18
00132e28	FUN_00132e28	0	00132e28-00132ec0
00132ec0	FUN_00132ec0	0	00132ec0-00132f34
00132f38	FUN_00132f38	0	00132f38-00132f98
00132f98	FUN_00132f98	0	00132f98-00133074
00133078	FUN_00133078	0	00133078-00133158
00133158	FUN_00133158	0	00133158-00133198
00133198	FUN_00133198	0	00133198-001331d8
001331d8	FUN_001331d8	0	001331d8-001331fc
00133200	FUN_00133200	0	00133200-00133224
00133228	FUN_00133228	0	00133228-0013325c
001332e8	FUN_001332e8	0	001332e8-00133394
001333c8	FUN_001333c8	0	001333c8-001333f4
001333f8	FUN_001333f8	0	001333f8-001334a4
001334a8	FUN_001334a8	0	001334a8-00133554
00133570	FUN_00133570	0	00133570-00133584
00133598	FUN_00133598	0	00133598-0013362c
00133630	FUN_00133630	0	00133630-00133658
00133658	FUN_00133658	0	00133658-0013368c
00133690	FUN_00133690	0	00133690-001336d8
001336d8	FUN_001336d8	0	001336d8-001336e4
001336e8	FUN_001336e8	0	001336e8-001336f8
001336f8	FUN_001336f8	0	001336f8-00133714
00133718	FUN_00133718	0	00133718-00133720
00133720	FUN_00133720	0	00133720-00133768
00133768	FUN_00133768	0	00133768-00133798
001337a0	FUN_001337a0	0	001337a0-001337f0
001337f0	FUN_001337f0	0	001337f0-00133848
00133848	FUN_00133848	0	00133848-00133898
00133898	FUN_00133898	0	00133898-001338e8
001338e8	FUN_001338e8	0	001338e8-00133938
00133938	FUN_00133938	0	00133938-0013397c
00133980	FUN_00133980	0	00133980-001339d0
001339d0	FUN_001339d0	0	001339d0-00133a18
00133a18	FUN_00133a18	0	00133a18-00133ac4
00133ac8	FUN_00133ac8	0	00133ac8-00133ae4
00133ae8	FUN_00133ae8	0	00133ae8-00133b74
00133b78	FUN_00133b78	0	00133b78-00133b88
00133b88	FUN_00133b88	0	00133b88-00133ba0
00133ba0	FUN_00133ba0	0	00133ba0-00133bb8
00133bb8	FUN_00133bb8	0	00133bb8-00133bd0
00133bd0	FUN_00133bd0	0	00133bd0-00133be8
00133be8	FUN_00133be8	0	00133be8-00133c00
00133c00	FUN_00133c00	0	00133c00-00133c18
00133c18	FUN_00133c18	0	00133c18-00133c5c
00133c60	FUN_00133c60	0	00133c60-00133c78
00133c78	FUN_00133c78	0	00133c78-00133c90
00133cf0	FUN_00133cf0	0	00133cf0-00133d18
00133d18	FUN_00133d18	0	00133d18-00133d34
00133d38	FUN_00133d38	0	00133d38-00133de4
00133de8	FUN_00133de8	0	00133de8-00133e4c
00133e50	FUN_00133e50	0	00133e50-00133ea8
00133ea8	FUN_00133ea8	0	00133ea8-00133f1c
00133f20	FUN_00133f20	0	00133f20-00133f3c
00133f40	FUN_00133f40	0	00133f40-00133f5c
00133f60	FUN_00133f60	0	00133f60-00133f7c
00133f80	FUN_00133f80	0	00133f80-0013401c
00134020	FUN_00134020	0	00134020-00134030
00134030	FUN_00134030	0	00134030-001340e4
001340e8	FUN_001340e8	0	001340e8-0013414c
001341e8	FUN_001341e8	0	001341e8-001341f4
00134258	FUN_00134258	0	00134258-00134274
00134278	FUN_00134278	0	00134278-001342a8
001342a8	FUN_001342a8	0	001342a8-001342c4
001342c8	FUN_001342c8	0	001342c8-001342f4
00134320	FUN_00134320	0	00134320-00134348
00134348	FUN_00134348	0	00134348-00134378
00134378	FUN_00134378	0	00134378-001343a8
001343a8	FUN_001343a8	0	001343a8-001343d8
001343d8	FUN_001343d8	0	001343d8-00134408
00134408	FUN_00134408	0	00134408-00134424
00134428	FUN_00134428	0	00134428-00134450
00134450	FUN_00134450	0	00134450-00134470
00134470	FUN_00134470	0	00134470-0013448c
00134490	FUN_00134490	0	00134490-001344b8
001344b8	FUN_001344b8	0	001344b8-001344f4
001344f8	FUN_001344f8	0	001344f8-00134504
00134508	FUN_00134508	0	00133590-00133598,00134508-0013457c
00134580	FUN_00134580	0	00134580-0013459c
00134668	FUN_00134668	0	00134668-00134710
00134730	FUN_00134730	0	00134730-001349a8
001349a8	FUN_001349a8	0	001349a8-00134c00
00134c00	FUN_00134c00	0	00134c00-00134cd0
00134d10	FUN_00134d10	0	00134d10-00134d4c
00134d58	FUN_00134d58	0	00134d58-00134d60
00134d60	FUN_00134d60	0	00134d60-00134d78
00134d78	FUN_00134d78	0	00134d78-00134d90
00134db0	FUN_00134db0	0	00134db0-00134dcc
00134dd0	FUN_00134dd0	0	00134dd0-00134df8
00134df8	FUN_00134df8	0	00134df8-00135624,00135628-00135640
00135640	FUN_00135640	0	00135640-0013564c
00135670	FUN_00135670	0	00135670-00135690
00135690	FUN_00135690	0	00135690-0013574c
00135788	FUN_00135788	0	00135788-001357a4
001357c8	FUN_001357c8	0	001357c8-001357d4
001357d8	FUN_001357d8	0	001357d8-00135818
00135818	FUN_00135818	0	00135818-00135874
00135878	FUN_00135878	0	00135878-001358bc
001358c0	FUN_001358c0	0	001358c0-00135900
00135900	FUN_00135900	0	00135900-00135940
00135aa0	FUN_00135aa0	0	00135aa0-00135ad0
00135ad0	FUN_00135ad0	0	00135ad0-00135bcc
00135bd0	FUN_00135bd0	0	00135bd0-00135c50
00135c50	FUN_00135c50	0	00135c50-00135c7c
00135c80	FUN_00135c80	0	00135c80-00135c88
00135c88	FUN_00135c88	0	00135c88-00135cc4
00135cc8	FUN_00135cc8	0	00135cc8-00135cfc
00135d00	FUN_00135d00	0	00135d00-00135d74
00135d78	FUN_00135d78	0	00135d78-00135d84
00135d88	FUN_00135d88	0	00135d88-00135dc8
00135dc8	FUN_00135dc8	0	00135dc8-00135e0c
00135e10	FUN_00135e10	0	00135e10-00135e50
00135e50	FUN_00135e50	0	00135e50-00135e90
00135ff0	FUN_00135ff0	0	00135ff0-0013601c
00136020	FUN_00136020	0	00136020-00136158
00136158	FUN_00136158	0	00136158-001361fc
00136200	FUN_00136200	0	00136200-00136294
001362a0	FUN_001362a0	0	001362a0-00136328
001363a0	FUN_001363a0	0	001363a0-001364b4
001364b8	FUN_001364b8	0	001364b8-0013655c
00136560	FUN_00136560	0	00136560-001366b4
001366b8	FUN_001366b8	0	001366b8-00136774
00136778	FUN_00136778	0	00136778-0013678c
00136790	FUN_00136790	0	00136790-001367c4
001367c8	FUN_001367c8	0	001367c8-001367dc
001367e0	FUN_001367e0	0	001367e0-0013682c,00136830-00136840
00136840	FUN_00136840	0	00136840-00136878
00136878	FUN_00136878	0	00136878-00136958
00136958	FUN_00136958	0	00136958-00136964
00136968	FUN_00136968	0	00136968-001369b8
001369b8	FUN_001369b8	0	001369b8-001369cc
001369d0	FUN_001369d0	0	001369d0-001369f0
001369f0	FUN_001369f0	0	001369f0-00136a18
00136a18	FUN_00136a18	0	00136a18-00136a3c,00136a40-00136a50
00136a50	FUN_00136a50	0	00136a50-00136a5c
00136a60	FUN_00136a60	0	00136a60-00136a98
00136a98	FUN_00136a98	0	00136a98-00136ab4
00136ab8	FUN_00136ab8	0	00136ab8-00136afc
00136b00	FUN_00136b00	0	00136b00-00136b28
00136b48	FUN_00136b48	0	00136b48-00136b60
00136b60	FUN_00136b60	0	00136b60-00136b78
00136b78	FUN_00136b78	0	00136b78-00136b90
00136b90	FUN_00136b90	0	00136b90-00136ba8
00136ba8	FUN_00136ba8	0	00136ba8-00136cc4
00136cc8	FUN_00136cc8	0	00136cc8-00136cec
00136cf0	FUN_00136cf0	0	00136cf0-00136d40
00136d40	FUN_00136d40	0	00136d40-00136fa4
00136fa8	FUN_00136fa8	0	00136fa8-00136fd0
00136fd0	FUN_00136fd0	0	00136fd0-00137054
00137058	FUN_00137058	0	00137058-0013717c
00137180	FUN_00137180	0	00137180-0013723c,00137240-00137250
001372d8	FUN_001372d8	0	001372d8-0013733c
00137340	FUN_00137340	0	00137340-001373a0
001373a0	FUN_001373a0	0	001373a0-001373d8
001373d8	FUN_001373d8	0	001373d8-00137454
00137458	FUN_00137458	0	00137458-001374a4
001374a8	FUN_001374a8	0	001374a8-001374c4
001374c8	FUN_001374c8	0	001374c8-00137560
00137560	FUN_00137560	0	00137560-001375ec
001375f0	FUN_001375f0	0	001375f0-00137630
00137630	FUN_00137630	0	00137630-001376b4
001376b8	FUN_001376b8	0	001376b8-00137840
00137840	FUN_00137840	0	00137840-00137890
00137890	FUN_00137890	0	00137890-00137930
00137930	FUN_00137930	0	00137930-001379dc
001379e0	FUN_001379e0	0	001379e0-00137b88
00137c50	FUN_00137c50	0	00137c50-00137c88
00137c88	FUN_00137c88	0	00137c88-00137fb8
00137fb8	FUN_00137fb8	0	00137fb8-001380e4
001380e8	FUN_001380e8	0	001380e8-00138128
00138128	FUN_00138128	0	00138128-00138140
00138140	FUN_00138140	0	00138140-0013818c
00138190	FUN_00138190	0	00138190-0013820c
00138210	FUN_00138210	0	00138210-001382b4
001382b8	FUN_001382b8	0	001382b8-001382dc
001382e0	FUN_001382e0	0	001382e0-00138440
00138440	FUN_00138440	0	00138440-00138470
00138470	FUN_00138470	0	00138470-00138480
00138480	FUN_00138480	0	00138480-0013849c
001384a0	FUN_001384a0	0	001384a0-001384c0
001384c0	FUN_001384c0	0	001384c0-001384d0
001384d0	FUN_001384d0	0	001384d0-001385c0
001385c0	FUN_001385c0	0	001385c0-001385f4
001385f8	FUN_001385f8	0	001385f8-0013861c
00138620	FUN_00138620	0	00138620-0013864c
00138650	FUN_00138650	0	00138650-00138698
00138698	FUN_00138698	0	00138698-001386c4
001386e0	FUN_001386e0	0	001386e0-00138744
00138748	FUN_00138748	0	00138748-001387f8
001387f8	FUN_001387f8	0	001387f8-00138840
00138840	FUN_00138840	0	00138840-00138984
00138988	FUN_00138988	0	00138988-00138c0c
00138c10	FUN_00138c10	0	00138c10-00138c40
00138c40	FUN_00138c40	0	00138c40-00138c4c
00138c50	FUN_00138c50	0	00138c50-00138c64
00138c68	FUN_00138c68	0	00138c68-00138c74
00138c78	FUN_00138c78	0	00138c78-00138c8c
00138c90	FUN_00138c90	0	00138c90-00138cb4
00138cb8	FUN_00138cb8	0	00138cb8-00138cd0
00138cd0	FUN_00138cd0	0	00138cd0-00138d30
00138d30	FUN_00138d30	0	00138d30-00138d48
00138d48	FUN_00138d48	0	00138d48-00138d60
00138d60	FUN_00138d60	0	00138d60-00138de0
00138de0	FUN_00138de0	0	00138de0-001390a4
001390a8	FUN_001390a8	0	001390a8-001390bc
001390c0	FUN_001390c0	0	001390c0-001390e8
001390f0	FUN_001390f0	0	001390f0-0013916c
00139170	FUN_00139170	0	00139170-001391a8
001391a8	FUN_001391a8	0	001391a8-001391c4
001391c8	FUN_001391c8	0	001391c8-001391e4
001391f0	FUN_001391f0	0	001391f0-001391f8
001391f8	FUN_001391f8	0	001391f8-00139200
00139200	FUN_00139200	0	00139200-0013927c
00139280	FUN_00139280	0	00139280-00139304
001393c8	FUN_001393c8	0	001393c8-001393e0
001393e0	FUN_001393e0	0	001393e0-001393f8
001393f8	FUN_001393f8	0	001393f8-001394bc
001394c0	FUN_001394c0	0	001394c0-001394d8
001394d8	FUN_001394d8	0	001394d8-00139510
00139510	FUN_00139510	0	00139510-00139520
00139520	FUN_00139520	0	00139520-00139534
00139538	FUN_00139538	0	00139538-00139544
00139548	FUN_00139548	0	00139548-00139558
00139570	FUN_00139570	0	00139570-00139580
00139580	FUN_00139580	0	00139580-00139594
00139598	FUN_00139598	0	00139598-001395a8
001395a8	FUN_001395a8	0	001395a8-001395bc
001395d0	FUN_001395d0	0	001395d0-001395e4
001395e8	FUN_001395e8	0	001395e8-001395f8
001395f8	FUN_001395f8	0	001395f8-0013960c
00139610	FUN_00139610	0	00139610-00139620
00139620	FUN_00139620	0	00139620-00139634
00139638	FUN_00139638	0	00139638-00139648
00139648	FUN_00139648	0	00139648-0013965c
00139660	FUN_00139660	0	00139660-00139670
00139688	FUN_00139688	0	00139688-00139698
001396b0	FUN_001396b0	0	001396b0-001396c0
001396c0	FUN_001396c0	0	001396c0-001396d0
001396d0	FUN_001396d0	0	001396d0-001396e0
001396e0	FUN_001396e0	0	001396e0-001396f4
00139708	FUN_00139708	0	00139708-00139718
00139718	FUN_00139718	0	00139718-0013972c
00139740	FUN_00139740	0	00139740-00139750
00139768	FUN_00139768	0	00139768-001397d8
001397d8	FUN_001397d8	0	001397d8-00139824,00139828-00139854
00139858	FUN_00139858	0	00139858-001398a4,001398a8-001398cc
001398d0	FUN_001398d0	0	001398d0-0013991c,00139920-00139944
00139948	FUN_00139948	0	00139948-00139994,00139998-001399bc
001399c0	FUN_001399c0	0	001399c0-00139a0c,00139a10-00139a34
00139a38	FUN_00139a38	0	00139a38-00139a84,00139a88-00139aac
00139ab0	FUN_00139ab0	0	00139ab0-00139afc,00139b00-00139b24
00139b28	FUN_00139b28	0	00139b28-00139b74,00139b78-00139b9c
00139ba0	FUN_00139ba0	0	00139ba0-00139bec,00139bf0-00139c14
00139c18	FUN_00139c18	0	00139c18-00139c8c
00139c90	FUN_00139c90	0	00139c90-00139d74
00139d78	FUN_00139d78	0	00139d78-00139dc0
00139dc0	FUN_00139dc0	0	00139dc0-00139de8
00139de8	FUN_00139de8	0	00139de8-00139e00
00139e00	FUN_00139e00	0	00139e00-00139f38
00139f38	FUN_00139f38	0	00139f38-0013a178
0013a178	FUN_0013a178	0	0013a178-0013a1d8
0013a1d8	FUN_0013a1d8	0	0013a1d8-0013a1e8
0013a1e8	FUN_0013a1e8	0	0013a1e8-0013a1fc
0013a200	FUN_0013a200	0	0013a200-0013a218
0013a218	FUN_0013a218	0	0013a218-0013a234
0013a240	FUN_0013a240	0	0013a240-0013a328
0013a328	FUN_0013a328	0	0013a328-0013a344
0013a368	FUN_0013a368	0	0013a368-0013a460
0013a460	FUN_0013a460	0	0013a460-0013a4a4
0013a4a8	FUN_0013a4a8	0	0013a4a8-0013a4b4
0013a4b8	FUN_0013a4b8	0	0013a4b8-0013a4c4
0013a4c8	FUN_0013a4c8	0	0013a4c8-0013a5fc
0013a600	FUN_0013a600	0	0013a600-0013a68c
0013a690	FUN_0013a690	0	0013a690-0013a6b8
0013a6b8	FUN_0013a6b8	0	0013a6b8-0013a6d0
0013a6d0	FUN_0013a6d0	0	0013a6d0-0013a6f4
0013a6f8	FUN_0013a6f8	0	0013a6f8-0013a7d0
0013a7d0	FUN_0013a7d0	0	0013a7d0-0013a7e8
0013a7e8	FUN_0013a7e8	0	0013a7e8-0013a800
0013a800	FUN_0013a800	0	0013a800-0013a80c
0013a810	FUN_0013a810	0	0013a810-0013a81c
0013a820	FUN_0013a820	0	0013a820-0013a894
0013a898	FUN_0013a898	0	0013a898-0013a8b4
0013a8b8	FUN_0013a8b8	0	0013a8b8-0013a8f4
0013a8f8	FUN_0013a8f8	0	0013a8f8-0013a958
0013a958	FUN_0013a958	0	0013a958-0013a9cc
0013a9d0	FUN_0013a9d0	0	0013a9d0-0013a9e4
0013a9e8	FUN_0013a9e8	0	0013a9e8-0013a9f8
0013a9f8	FUN_0013a9f8	0	0013a9f8-0013aa38
0013aa78	FUN_0013aa78	0	0013aa78-0013ab20
0013ab58	FUN_0013ab58	0	0013ab58-0013aba4
0013aba8	FUN_0013aba8	0	0013aba8-0013ac60
0013ac60	FUN_0013ac60	0	0013ac60-0013ac9c
0013aca0	FUN_0013aca0	0	0013aca0-0013ad1c
0013ad20	FUN_0013ad20	0	0013ad20-0013aed8
0013aed8	FUN_0013aed8	0	0013aed8-0013afa0
0013afe8	FUN_0013afe8	0	0013afe8-0013b084
0013b088	FUN_0013b088	0	0013b088-0013b124
0013b128	FUN_0013b128	0	0013b128-0013b19c
0013b1a0	FUN_0013b1a0	0	0013b1a0-0013b1d0
0013b1d0	FUN_0013b1d0	0	0013b1d0-0013b254
0013b258	FUN_0013b258	0	0013b258-0013b260
0013b260	FUN_0013b260	0	0013b260-0013b298
0013b298	FUN_0013b298	0	0013b298-0013b2a8
0013b2a8	FUN_0013b2a8	0	0013b2a8-0013b2b8
0013b2b8	FUN_0013b2b8	0	0013b2b8-0013b2c8
0013b2d8	FUN_0013b2d8	0	0013b2d8-0013b2e8
0013b2e8	FUN_0013b2e8	0	0013b2e8-0013b2f8
0013b2f8	FUN_0013b2f8	0	0013b2f8-0013b31c
0013b320	FUN_0013b320	0	0013b320-0013b348
0013b348	FUN_0013b348	0	0013b348-0013b3f8
0013b3f8	FUN_0013b3f8	0	0013b3f8-0013b458
0013b458	FUN_0013b458	0	0013b458-0013b4ac
0013b4b0	FUN_0013b4b0	0	0013b4b0-0013b504
0013b508	FUN_0013b508	0	0013b508-0013b538
0013b538	FUN_0013b538	0	0013b538-0013b56c
0013b570	FUN_0013b570	0	0013b570-0013b5a8
0013b5a8	FUN_0013b5a8	0	0013b5a8-0013b5d0
0013b5d0	FUN_0013b5d0	0	0013b5d0-0013b804
0013b808	FUN_0013b808	0	0013b808-0013b834
0013b838	FUN_0013b838	0	0013b838-0013b8e4
0013b8e8	FUN_0013b8e8	0	0013b8e8-0013b988
0013b988	FUN_0013b988	0	0013b988-0013b9e0
0013b9e0	FUN_0013b9e0	0	0013b9e0-0013ba4c
0013ba50	FUN_0013ba50	0	0013ba50-0013ba60
0013ba60	FUN_0013ba60	0	0013ba60-0013bb54
0013bb58	FUN_0013bb58	0	0013bb58-0013bc3c
0013bc40	FUN_0013bc40	0	0013bc40-0013bc4c
0013bc50	FUN_0013bc50	0	0013bc50-0013c07c
0013c080	FUN_0013c080	0	0013c080-0013c18c
0013c190	FUN_0013c190	0	0013c190-0013c3b4
0013c3b8	FUN_0013c3b8	0	0013c3b8-0013c684
0013c688	FUN_0013c688	0	0013c688-0013c698
0013c698	FUN_0013c698	0	0013c698-0013c6b4
0013c6b8	FUN_0013c6b8	0	0013c6b8-0013c6e8
0013c6e8	FUN_0013c6e8	0	0013c6e8-0013c71c
0013c720	FUN_0013c720	0	0013c720-0013c734
0013c738	FUN_0013c738	0	0013c738-0013c7d0
0013c7d0	FUN_0013c7d0	0	0013c7d0-0013c820
0013c820	FUN_0013c820	0	0013c820-0013c874
0013c878	FUN_0013c878	0	0013c878-0013c884
0013c888	FUN_0013c888	0	0013c888-0013c8b0
0013c8b0	FUN_0013c8b0	0	0013c8b0-0013c8fc
0013c900	FUN_0013c900	0	0013c900-0013c938
0013c938	FUN_0013c938	0	0013c938-0013cafc,0013cb00-0013cb08
0013cb08	FUN_0013cb08	0	0013cb08-0013cb2c
0013cb30	FUN_0013cb30	0	0013cb30-0013cb80
0013cb80	FUN_0013cb80	0	0013cb80-0013cb8c
0013cb90	FUN_0013cb90	0	0013cb90-0013cbb4
0013cbb8	FUN_0013cbb8	0	0013cbb8-0013cdc4
0013cdc8	FUN_0013cdc8	0	0013cdc8-0013ce04
0013ce08	FUN_0013ce08	0	0013ce08-0013d1cc
0013d1d0	FUN_0013d1d0	0	0013d1d0-0013d1fc,0013d200-0013d208
0013d208	FUN_0013d208	0	0013d208-0013d2cc
0013d2d0	FUN_0013d2d0	0	0013d2d0-0013d38c
0013d390	FUN_0013d390	0	0013d390-0013d3f4
0013d3f8	FUN_0013d3f8	0	0013d3f8-0013d498
0013d498	FUN_0013d498	0	0013d498-0013d4c8
0013d4c8	FUN_0013d4c8	0	0013d4c8-0013d54c
0013d550	FUN_0013d550	0	0013d550-0013d620
0013d620	FUN_0013d620	0	0013d620-0013d6b0
0013d6b0	FUN_0013d6b0	0	0013d6b0-0013d750
0013d750	FUN_0013d750	0	0013d750-0013d798
0013d798	FUN_0013d798	0	0013d798-0013d7c0
0013d7c0	FUN_0013d7c0	0	0013d7c0-0013d7d0
0013d7d0	FUN_0013d7d0	0	0013d7d0-0013d7dc
0013d7e0	FUN_0013d7e0	0	0013d7e0-0013d7f0
0013d7f0	FUN_0013d7f0	0	0013d7f0-0013d7fc
0013d810	FUN_0013d810	0	0013d810-0013d81c
0013d820	FUN_0013d820	0	0013d820-0013d9e0
0013d9e0	FUN_0013d9e0	0	0013d9e0-0013dab0
0013dab0	FUN_0013dab0	0	0013dab0-0013dad0
0013dad0	FUN_0013dad0	0	0013dad0-0013daf4
0013daf8	FUN_0013daf8	0	0013daf8-0013db60
0013db60	FUN_0013db60	0	0013db60-0013dbb0
0013dbb0	FUN_0013dbb0	0	0013dbb0-0013dbe0
0013dbe0	FUN_0013dbe0	0	0013dbe0-0013dc08
0013dc08	FUN_0013dc08	0	0013dc08-0013dc38
0013dc38	FUN_0013dc38	0	0013dc38-0013dc54
0013dc58	FUN_0013dc58	0	0013dc58-0013dc74
0013dc78	FUN_0013dc78	0	0013dc78-0013dcac
0013dcb0	FUN_0013dcb0	0	0013dcb0-0013dce8
0013dce8	FUN_0013dce8	0	0013dce8-0013dd18
0013dd18	FUN_0013dd18	0	0013dd18-0013dd28
0013dd28	FUN_0013dd28	0	0013dd28-0013dd44
0013dd48	FUN_0013dd48	0	0013dd48-0013dd74
0013dd78	FUN_0013dd78	0	0013dd78-0013dda0
0013dda0	FUN_0013dda0	0	0013dda0-0013ddc0
0013ddc0	FUN_0013ddc0	0	0013ddc0-0013dde8
0013dde8	FUN_0013dde8	0	0013dde8-0013de08
0013de08	FUN_0013de08	0	0013de08-0013de58
0013de58	FUN_0013de58	0	0013de58-0013dea8
0013dea8	FUN_0013dea8	0	0013dea8-0013def8
0013def8	FUN_0013def8	0	0013def8-0013df48
0013df98	FUN_0013df98	0	0013df48-0013dfb4
0013dfb8	FUN_0013dfb8	0	0013dfb8-0013e024
0013e0f8	FUN_0013e0f8	0	0013e0f8-0013e1c4
0013e2d8	FUN_0013e2d8	0	0013e2d8-0013e374
0013e3b0	FUN_0013e3b0	0	0013e3b0-0013e410
0013e470	FUN_0013e470	0	0013e470-0013e4b8
0013e4b8	FUN_0013e4b8	0	0013e4b8-0013e520
0013e520	FUN_0013e520	0	0013e520-0013e5a4
0013e5a8	FUN_0013e5a8	0	0013e5a8-0013e60c
0013e610	FUN_0013e610	0	0013e610-0013e674
0013e678	FUN_0013e678	0	0013e678-0013e688
0013e688	FUN_0013e688	0	0013e688-0013e804
0013e808	FUN_0013e808	0	0013e808-0013e890
0013e890	FUN_0013e890	0	0013e890-0013e8a8
0013e8a8	FUN_0013e8a8	0	0013e8a8-0013e8c0
0013e8c0	FUN_0013e8c0	0	0013e8c0-0013e900
0013e900	FUN_0013e900	0	0013e900-0013e940
0013e940	FUN_0013e940	0	0013e940-0013ea50
0013ea50	FUN_0013ea50	0	0013ea50-0013eb00
0013eb00	FUN_0013eb00	0	0013eb00-0013ed74
0013edd0	FUN_0013edd0	0	0013edd0-0013edd8
0013edd8	FUN_0013edd8	0	0013edd8-0013ede0
0013ede0	FUN_0013ede0	0	0013ede0-0013edec
0013ee18	FUN_0013ee18	0	0013ee18-0013ee20
0013ee28	FUN_0013ee28	0	0013ee28-0013ee30
0013ee30	FUN_0013ee30	0	0013ee30-0013ee38
0013ee38	FUN_0013ee38	0	0013ee38-0013ee40
0013ee40	FUN_0013ee40	0	0013ee40-0013ee54
0013ee58	FUN_0013ee58	0	0013ee58-0013ee88
0013ee88	FUN_0013ee88	0	0013ee88-0013eeb8
0013eeb8	FUN_0013eeb8	0	0013eeb8-0013ef6c
0013ef70	FUN_0013ef70	0	0013ef70-0013ef80
0013ef80	FUN_0013ef80	0	0013ef80-0013ef8c
0013ef90	FUN_0013ef90	0	0013ef90-0013efe8
0013efe8	FUN_0013efe8	0	0013efe8-0013f020
0013f020	FUN_0013f020	0	0013f020-0013f030
0013f030	FUN_0013f030	0	0013f030-0013f044
0013f048	FUN_0013f048	0	0013f048-0013f050
0013f050	FUN_0013f050	0	0013f050-0013f0d0
0013f0d0	FUN_0013f0d0	0	0013f0d0-0013f15c
0013f160	FUN_0013f160	0	0013f160-0013f198
0013f198	FUN_0013f198	0	0013f198-0013f1e4
0013f1e8	FUN_0013f1e8	0	0013f1e8-0013f230
0013f230	FUN_0013f230	0	0013f230-0013f284
0013f288	FUN_0013f288	0	0013f288-0013f2dc
0013f330	FUN_0013f330	0	0013f330-0013f378
0013f378	FUN_0013f378	0	0013f378-0013f3cc
0013f3d0	FUN_0013f3d0	0	0013f3d0-0013f424
0013f450	FUN_0013f450	0	0013f450-0013f498
0013f498	FUN_0013f498	0	0013f498-0013f4d4
0013f4d8	FUN_0013f4d8	0	0013f4d8-0013f518
0013f538	FUN_0013f538	0	0013f538-0013f554
0013f558	FUN_0013f558	0	0013f558-0013f5ec
0013f5f0	FUN_0013f5f0	0	0013f5f0-0013f604
0013f608	FUN_0013f608	0	0013f608-0013f644
0013f648	FUN_0013f648	0	0013f648-0013f6e4
0013f6e8	FUN_0013f6e8	0	0013f6e8-0013f828
0013f828	FUN_0013f828	0	0013f828-0013f884
0013f888	FUN_0013f888	0	0013f888-0013f9dc
0013f9e0	FUN_0013f9e0	0	0013f9e0-0013fca8
0013fca8	FUN_0013fca8	0	0013fca8-0013fcd4
0013fcd8	FUN_0013fcd8	0	0013fcd8-0013fd0c
0013fd10	FUN_0013fd10	0	0013fd10-0013fd74
0013fd78	FUN_0013fd78	0	0013fd78-0013fd84
0013fd88	FUN_0013fd88	0	0013fd88-0013fd90
0013fd90	FUN_0013fd90	0	0013fd90-0013fd9c
0013fda0	FUN_0013fda0	0	0013fda0-0013fdc4
0013fdc8	FUN_0013fdc8	0	0013fdc8-0013fdec
0013fdf0	FUN_0013fdf0	0	0013fdf0-0013fec0
0013fec0	FUN_0013fec0	0	0013fec0-0013ff08
0013ff08	FUN_0013ff08	0	0013ff08-001400b0
001400b0	FUN_001400b0	0	001400b0-00140150
00140150	FUN_00140150	0	00140150-0014020c
00140210	FUN_00140210	0	00140210-00140370
00140370	FUN_00140370	0	00140370-001403ac
001403b0	FUN_001403b0	0	001403b0-0014047c
00140480	FUN_00140480	0	00140480-00140500
00140500	FUN_00140500	0	00140500-00140614
00140618	FUN_00140618	0	00140618-00140760
00140760	FUN_00140760	0	00140760-001407cc
001407d0	FUN_001407d0	0	001407d0-00140850
00140850	FUN_00140850	0	00140850-001408a0
001408a0	FUN_001408a0	0	001408a0-00140b64
00140b68	FUN_00140b68	0	00140b68-00140cac,00140cb0-00140cc4
00140cc8	FUN_00140cc8	0	00140cc8-00140ce8
00140ce8	FUN_00140ce8	0	00140ce8-00140d34
00140d38	FUN_00140d38	0	00140d38-00140db0
00140db0	FUN_00140db0	0	00140db0-00140dbc
00140dc0	FUN_00140dc0	0	00140dc0-00140dcc
00140dd0	FUN_00140dd0	0	00140dd0-00140dec
00140df0	FUN_00140df0	0	00140df0-00140dfc
00140e00	FUN_00140e00	0	00140e00-00140e18
00140e18	FUN_00140e18	0	00140e18-00140e30
00140e30	FUN_00140e30	0	00140e30-00140ef8
00140ef8	FUN_00140ef8	0	00140ef8-00140f10
00140f10	FUN_00140f10	0	00140f10-00140f1c
00140f20	FUN_00140f20	0	00140f20-00140f2c
00140f30	FUN_00140f30	0	00140f30-00140f74
00140f78	FUN_00140f78	0	00140f78-0014100c
00141010	FUN_00141010	0	00141010-00141070
00141070	FUN_00141070	0	00141070-0014107c
00141080	FUN_00141080	0	00141080-001410b8
001410b8	FUN_001410b8	0	001410b8-001410c8
001410c8	FUN_001410c8	0	001410c8-00141100
00141100	FUN_00141100	0	00141100-00141418
00141418	FUN_00141418	0	00141418-00141434
001415e8	FUN_001415e8	0	001415e8-00141774
00141778	FUN_00141778	0	00141778-00141804
00141808	FUN_00141808	0	00141808-00141850
00141850	FUN_00141850	0	00141850-001418e8
001418e8	FUN_001418e8	0	001418e8-00141928
00141928	FUN_00141928	0	00141928-0014196c
00141970	FUN_00141970	0	00141970-0014197c
00141980	FUN_00141980	0	00141980-00141988
00141988	FUN_00141988	0	00141988-001419f8
001419f8	FUN_001419f8	0	001419f8-00141c18
00141c18	FUN_00141c18	0	00141c18-00141c34
00141c38	FUN_00141c38	0	00141c38-00141e78
00141e78	FUN_00141e78	0	00141e78-00141ff0
00141ff0	FUN_00141ff0	0	00141ff0-00142204
00142208	FUN_00142208	0	00142208-00142278
00142278	FUN_00142278	0	00142278-0014229c
001422a0	FUN_001422a0	0	001422a0-00142394
00142398	FUN_00142398	0	00142398-001423bc
001423c0	FUN_001423c0	0	001423c0-001424c0
001424c0	FUN_001424c0	0	001424c0-00142688
00142688	FUN_00142688	0	00142688-00142848
00142848	FUN_00142848	0	00142848-00142900
00142900	FUN_00142900	0	00142900-00142940
00142940	FUN_00142940	0	00142940-00142b70
00142b70	FUN_00142b70	0	00142b70-00142bf8
00142bf8	FUN_00142bf8	0	00142bf8-00142c84
00142c90	FUN_00142c90	0	00142c90-00142f4c
00142f50	FUN_00142f50	0	00142f50-0014305c
00143060	FUN_00143060	0	00143060-00143110
00143110	FUN_00143110	0	00143110-001431c0
001431c0	FUN_001431c0	0	001431c0-001431d0
001431e8	FUN_001431e8	0	001431e8-00143204
00143208	FUN_00143208	0	00143208-00143224
00143228	FUN_00143228	0	00143228-00143248
00143248	FUN_00143248	0	00143248-00143264
00143268	FUN_00143268	0	00143268-00143278
00143278	FUN_00143278	0	00143278-00143284
00143298	FUN_00143298	0	00143298-001432a8
001432a8	FUN_001432a8	0	001432a8-001432b4
001432f0	FUN_001432f0	0	001432f0-00143314
00143318	FUN_00143318	0	00143318-00143328
00143328	FUN_00143328	0	00143328-00143348
00143348	FUN_00143348	0	00143348-00143394
00143398	FUN_00143398	0	00143398-001433bc
001433c0	FUN_001433c0	0	001433c0-001433e8
001433e8	FUN_001433e8	0	001433e8-00143444
00143448	FUN_00143448	0	00143448-0014346c
00143470	FUN_00143470	0	00143470-001434cc
001434d0	FUN_001434d0	0	001434d0-001434f4
00143520	FUN_00143520	0	00143520-00143598
001435a0	FUN_001435a0	0	001435a0-00143644
00143648	FUN_00143648	0	00143648-0014385c
00143860	FUN_00143860	0	00143860-00143928
00143928	FUN_00143928	0	00143928-00143a44
00143a48	FUN_00143a48	0	00143a48-00143abc
00143ac0	FUN_00143ac0	0	00143ac0-00143ae0
00143ae0	FUN_00143ae0	0	00143ae0-00143b60
00143b60	FUN_00143b60	0	00143b60-00143b88
00143b88	FUN_00143b88	0	00143b88-00143c68
00143c68	FUN_00143c68	0	00143c68-00143d0c
00143d10	FUN_00143d10	0	00143d10-00143dcc
00143dd0	FUN_00143dd0	0	00143dd0-00143e50
00143e50	FUN_00143e50	0	00143e50-00143ea8
00143ea8	FUN_00143ea8	0	00143ea8-00143ec8
00143ec8	FUN_00143ec8	0	00143ec8-00143ee8
00143ee8	FUN_00143ee8	0	00143ee8-00143f24
00143f28	FUN_00143f28	0	00143f28-00143f50
00143f50	FUN_00143f50	0	00143f50-00143f78
00143f78	FUN_00143f78	0	00143f78-00143fc8
00143fc8	FUN_00143fc8	0	00143fc8-00144060
00144060	FUN_00144060	0	00144060-001440dc
001440e0	FUN_001440e0	0	001440e0-0014424c
00144410	FUN_00144410	0	001443c0-0014442c
00144450	FUN_00144450	0	00144450-00144470
00144490	FUN_00144490	0	00144490-001444ac
001444b0	FUN_001444b0	0	001444b0-001444c4
001444c8	FUN_001444c8	0	001444c8-001444dc
001444f8	FUN_001444f8	0	001444f8-0014450c
00144570	FUN_00144570	0	00144570-001445cc
001445d0	FUN_001445d0	0	001445d0-001445e4
001445e8	FUN_001445e8	0	001445e8-001445fc
00144618	FUN_00144618	0	00144618-00144630
00144630	FUN_00144630	0	00144630-001447c0
001447c0	FUN_001447c0	0	001447c0-001447dc
001447e0	FUN_001447e0	0	001447e0-0014485c
00144860	FUN_00144860	0	00144860-00144908
00144908	FUN_00144908	0	00144908-001449a8
001449a8	FUN_001449a8	0	001449a8-00144b38
00144b38	FUN_00144b38	0	00144b38-00144be0
00144be0	FUN_00144be0	0	00144be0-00144d10
00144d10	FUN_00144d10	0	00144d10-00144d90
00144d90	FUN_00144d90	0	00144d90-00144e10
00144e30	FUN_00144e30	0	00144e30-00144e4c
00144e50	FUN_00144e50	0	00144e50-001450e8
001450e8	FUN_001450e8	0	001450e8-001451dc
00145580	FUN_00145580	0	00145580-001455fc
00145680	FUN_00145680	0	00145680-0014582c
00145830	FUN_00145830	0	00145830-001459dc
00145ab8	FUN_00145ab8	0	00145ab8-00145b90
00145b90	FUN_00145b90	0	00145b90-00145c28
00145c28	FUN_00145c28	0	00145c28-00145c68
00145c68	FUN_00145c68	0	00145c68-00145cac
00145cb0	FUN_00145cb0	0	00145cb0-00146070
00146070	FUN_00146070	0	00146070-00146078
00146078	FUN_00146078	0	00146078-00146080
00146080	FUN_00146080	0	00146080-00146088
00146088	FUN_00146088	0	00146088-00146100
00146100	FUN_00146100	0	00146100-00146128
00146128	FUN_00146128	0	00146128-001461ec
001461f0	FUN_001461f0	0	001461f0-00146250
00146250	FUN_00146250	0	00146250-00146390
00146390	FUN_00146390	0	00146390-00146494
00146498	FUN_00146498	0	00146498-0014667c
00146680	FUN_00146680	0	00146680-001466b0
001466b0	FUN_001466b0	0	001466b0-00146730
00146730	FUN_00146730	0	00146730-00146788
00146788	FUN_00146788	0	00146788-001468ec
001468f0	FUN_001468f0	0	001468f0-00146a54
00146ab0	FUN_00146ab0	0	00146ab0-00146bd8
00146bd8	FUN_00146bd8	0	00146bd8-00146bec
00146c08	FUN_00146c08	0	00146c08-00146cac
00146cb0	FUN_00146cb0	0	00146cb0-00146d24
00146d28	FUN_00146d28	0	00146d28-00146d64
00146d68	FUN_00146d68	0	00146d68-00146de0
00146de0	FUN_00146de0	0	00146de0-00146e28
00146e28	FUN_00146e28	0	00146e28-00146e6c
00146e70	FUN_00146e70	0	00146e70-00146e88
00146e88	FUN_00146e88	0	00146e88-00146ed8
00146ed8	FUN_00146ed8	0	00146ed8-00146f28
00146f28	FUN_00146f28	0	00146f28-0014704c
00147050	FUN_00147050	0	00147050-0014713c
00147140	FUN_00147140	0	00147140-001471d8
001471d8	FUN_001471d8	0	001471d8-0014720c
00147210	FUN_00147210	0	00147210-00147240
00147240	FUN_00147240	0	00147240-001472b8
001472b8	FUN_001472b8	0	001472b8-001473e4
001473e8	FUN_001473e8	0	001473e8-00147810
00147810	FUN_00147810	0	00147810-00147a64
00147a68	FUN_00147a68	0	00147a68-00147a94,00147a98-00147aa8
00147aa8	FUN_00147aa8	0	00147aa8-00147c78
00147c78	FUN_00147c78	0	00147c78-00147c9c
00147ca0	FUN_00147ca0	0	00147ca0-00147d7c
00147d80	FUN_00147d80	0	00147d80-00147e7c
00147ed0	FUN_00147ed0	0	00147ed0-00147f04
00147f08	FUN_00147f08	0	00147f08-00148470
00148470	FUN_00148470	0	00148470-00148504,00148508-00148528
00148528	FUN_00148528	0	00148528-00148560
00148560	FUN_00148560	0	00148560-00148598
00148598	FUN_00148598	0	00148598-00148634
00148638	FUN_00148638	0	00148638-0014868c
00148690	FUN_00148690	0	00148690-00148890
00148890	FUN_00148890	0	00148890-00148a08
00148a08	FUN_00148a08	0	00148a08-00148a30
00148a30	FUN_00148a30	0	00148a30-00148a64
00148a68	FUN_00148a68	0	00148a68-00148abc
00148ac0	FUN_00148ac0	0	00148ac0-00148b3c
00148b40	FUN_00148b40	0	00148b40-00148bc8
00148bc8	FUN_00148bc8	0	00148bc8-00148c50
00148c50	FUN_00148c50	0	00148c50-00148e40
00148e40	FUN_00148e40	0	00148e40-00148ed4,00148ed8-00148ef0
00148ef0	FUN_00148ef0	0	00148ef0-00149150
00149150	FUN_00149150	0	00149150-00149188
00149188	FUN_00149188	0	00149188-001491a4
001491c0	FUN_001491c0	0	001491c0-001491d4
001491d8	FUN_001491d8	0	001491d8-0014927c
00149288	FUN_00149288	0	00149288-00149290
00149290	FUN_00149290	0	00149290-00149298
00149298	FUN_00149298	0	00149298-001492a0
001492a0	FUN_001492a0	0	001492a0-001492a8
001492a8	FUN_001492a8	0	001492a8-001492b0
001492b0	FUN_001492b0	0	001492b0-001492b8
001492b8	FUN_001492b8	0	001492b8-001492c0
001492c0	FUN_001492c0	0	001492c0-001492c8
001492c8	FUN_001492c8	0	001492c8-001492d0
001492d0	FUN_001492d0	0	001492d0-001492d8
001492d8	FUN_001492d8	0	001492d8-001492e0
001492e0	FUN_001492e0	0	001492e0-001492e8
001492e8	FUN_001492e8	0	001492e8-001492f8
001492f8	FUN_001492f8	0	001492f8-00149300
00149300	FUN_00149300	0	00149300-00149308
00149308	FUN_00149308	0	00149308-0014931c
00149320	FUN_00149320	0	00149320-00149334
00149338	FUN_00149338	0	00149338-0014934c
00149350	FUN_00149350	0	00149350-0014936c
00149370	FUN_00149370	0	00149370-001493b8
001493b8	FUN_001493b8	0	001493b8-001493e4
001493e8	FUN_001493e8	0	001493e8-00149424
00149428	FUN_00149428	0	00149428-00149444
00149448	FUN_00149448	0	00149448-00149bd0
00149bd0	FUN_00149bd0	0	00149bd0-00149be8
00149be8	FUN_00149be8	0	00149be8-00149c08
00149c08	FUN_00149c08	0	00149c08-00149c40
00149c40	FUN_00149c40	0	00149c40-00149ca0
00149ca0	FUN_00149ca0	0	00149ca0-00149cb4
00149cb8	FUN_00149cb8	0	00149cb8-00149db4
00149db8	FUN_00149db8	0	00149db8-00149ddc
00149de0	FUN_00149de0	0	00149de0-00149ebc
00149ec0	FUN_00149ec0	0	00149ec0-00149f2c
00149f68	FUN_00149f68	0	00149f30-00149f84
00149fa8	FUN_00149fa8	0	00149fa8-00149fdc
00149fe0	FUN_00149fe0	0	00149fe0-0014a09c
0014a0a0	FUN_0014a0a0	0	0014a0a0-0014a134
0014a138	FUN_0014a138	0	0014a138-0014a184
0014a188	FUN_0014a188	0	0014a188-0014a1cc
0014a1e0	FUN_0014a1e0	0	0014a1e0-0014a1ec
0014a1f0	FUN_0014a1f0	0	0014a1f0-0014a234
0014a238	FUN_0014a238	0	0014a238-0014a248
0014a248	FUN_0014a248	0	0014a248-0014a254
0014a258	FUN_0014a258	0	0014a258-0014a264
0014a268	FUN_0014a268	0	0014a268-0014a28c
0014a290	FUN_0014a290	0	0014a290-0014a2c8
0014a2c8	FUN_0014a2c8	0	0014a2c8-0014a2ec
0014a2f0	FUN_0014a2f0	0	0014a2f0-0014a30c
0014a470	FUN_0014a470	0	0014a470-0014a4ac
0014a4b0	FUN_0014a4b0	0	0014a4b0-0014a4c0
0014a4c0	FUN_0014a4c0	0	0014a4c0-0014a4cc
0014a4f0	FUN_0014a4f0	0	0014a4f0-0014a4fc
0014a500	FUN_0014a500	0	0014a500-0014a6dc
0014a6e0	FUN_0014a6e0	0	0014a6e0-0014a764
0014a768	FUN_0014a768	0	0014a768-0014a788
0014a788	FUN_0014a788	0	0014a788-0014a7b8
0014a7b8	FUN_0014a7b8	0	0014a7b8-0014a7e4
0014a7e8	FUN_0014a7e8	0	0014a7e8-0014a7f8
0014a7f8	FUN_0014a7f8	0	0014a7f8-0014a830
0014a830	FUN_0014a830	0	0014a830-0014a868
0014a868	FUN_0014a868	0	0014a868-0014a8d8
0014a8d8	FUN_0014a8d8	0	0014a8d8-0014a8f4
0014a950	FUN_0014a950	0	0014a950-0014a984
0014a988	FUN_0014a988	0	0014a988-0014a9a0
0014a9a0	FUN_0014a9a0	0	0014a9a0-0014aa58
0014aa58	FUN_0014aa58	0	0014aa58-0014aa7c
0014aa80	FUN_0014aa80	0	0014aa80-0014aaa8
0014aaa8	FUN_0014aaa8	0	0014aaa8-0014aba4
0014aba8	FUN_0014aba8	0	0014aba8-0014abb4
0014abb8	FUN_0014abb8	0	0014abb8-0014abc4
0014abc8	FUN_0014abc8	0	0014abc8-0014abd4
0014abd8	FUN_0014abd8	0	0014abd8-0014abe4
0014abe8	FUN_0014abe8	0	0014abe8-0014abf4
0014abf8	FUN_0014abf8	0	0014abf8-0014ac04
0014ac08	FUN_0014ac08	0	0014ac08-0014ac14
0014ac18	FUN_0014ac18	0	0014ac18-0014ac48
0014ac48	FUN_0014ac48	0	0014ac48-0014ac64
0014ac90	FUN_0014ac90	0	0014ac90-0014acac
0014acd8	FUN_0014acd8	0	0014acd8-0014ace8
0014ace8	FUN_0014ace8	0	0014ace8-0014acf4
0014acf8	FUN_0014acf8	0	0014acf8-0014ad1c
0014ad20	FUN_0014ad20	0	0014ad20-0014ad58
0014ad58	FUN_0014ad58	0	0014ad58-0014ae10
0014ae10	FUN_0014ae10	0	0014ae10-0014aed0
0014aed0	FUN_0014aed0	0	0014aed0-0014b110
0014b110	FUN_0014b110	0	0014b110-0014b12c
0014b150	FUN_0014b150	0	0014b150-0014b194
0014b1e0	FUN_0014b1e0	0	0014b1e0-0014b1fc
0014b200	FUN_0014b200	0	0014b200-0014b208
0014b208	FUN_0014b208	0	0014b208-0014b21c
0014b220	FUN_0014b220	0	0014b220-0014b244
0014b248	FUN_0014b248	0	0014b248-0014b254
0014b258	FUN_0014b258	0	0014b258-0014b26c
0014b290	FUN_0014b290	0	0014b290-0014b2c4,0014b300-0014b468
0014b468	FUN_0014b468	0	0014b468-0014b4b0
0014b4b0	FUN_0014b4b0	0	0014b4b0-0014b514
0014b518	FUN_0014b518	0	0014b518-0014b5dc
0014b5e0	FUN_0014b5e0	0	0014b5e0-0014b5e8
0014b5e8	FUN_0014b5e8	0	0014b5e8-0014b5f4
0014b608	FUN_0014b608	0	0014b608-0014b610
0014b610	FUN_0014b610	0	0014b610-0014b618
0014b618	FUN_0014b618	0	0014b618-0014b620
0014b620	FUN_0014b620	0	0014b620-0014b628
0014b628	FUN_0014b628	0	0014b628-0014b630
0014b630	FUN_0014b630	0	0014b630-0014b638
0014b638	FUN_0014b638	0	0014b638-0014b668
0014b668	FUN_0014b668	0	0014b668-0014b698
0014b698	FUN_0014b698	0	0014b698-0014b7a8
0014b7a8	FUN_0014b7a8	0	0014b7a8-0014b7f0
0014b7f0	FUN_0014b7f0	0	0014b7f0-0014b838
0014b838	FUN_0014b838	0	0014b838-0014b8ec
0014b920	FUN_0014b920	0	0014b920-0014b950
0014b950	FUN_0014b950	0	0014b950-0014b9a8
0014b9a8	FUN_0014b9a8	0	0014b9a8-0014ba1c
0014ba20	FUN_0014ba20	0	0014ba20-0014ba8c
0014ba90	FUN_0014ba90	0	0014ba90-0014bafc
0014bb00	FUN_0014bb00	0	0014bb00-0014bb2c
0014bb30	FUN_0014bb30	0	0014bb30-0014bd4c
0014bd50	FUN_0014bd50	0	0014bd50-0014c050
0014c050	FUN_0014c050	0	0014c050-0014c350
0014c350	FUN_0014c350	0	0014c350-0014c404
0014c5a0	FUN_0014c5a0	0	0014c5a0-0014c738
0014c738	FUN_0014c738	0	0014c738-0014c7ec
0014c8e0	FUN_0014c8e0	0	0014c8e0-0014c904
0014c908	FUN_0014c908	0	0014c908-0014c93c
0014c940	FUN_0014c940	0	0014c940-0014c970
0014c970	FUN_0014c970	0	0014c970-0014c99c
0014c9a0	FUN_0014c9a0	0	0014c9a0-0014c9b4
0014c9b8	FUN_0014c9b8	0	0014c9b8-0014c9d8
0014c9d8	FUN_0014c9d8	0	0014c9d8-0014c9f0
0014c9f0	FUN_0014c9f0	0	0014c9f0-0014ca0c
0014ca10	FUN_0014ca10	0	0014ca10-0014ca20
0014ca20	FUN_0014ca20	0	0014ca20-0014ca34
0014ca38	FUN_0014ca38	0	0014ca38-0014ca44
0014ca48	FUN_0014ca48	0	0014ca48-0014ca78
0014ca78	FUN_0014ca78	0	0014ca78-0014ca80
0014ca80	FUN_0014ca80	0	0014ca80-0014cb58
0014cb58	FUN_0014cb58	0	0014cb58-0014cba0
0014cba0	FUN_0014cba0	0	0014cba0-0014cbc0
0014cbc0	FUN_0014cbc0	0	0014cbc0-0014cbe0
0014cbe0	FUN_0014cbe0	0	0014cbe0-0014cc3c
0014cc40	FUN_0014cc40	0	0014cc40-0014ccb4
0014ccb8	FUN_0014ccb8	0	0014ccb8-0014cd94
0014cd98	FUN_0014cd98	0	0014cd98-0014cde0
0014cde0	FUN_0014cde0	0	0014cde0-0014ce1c
0014ce20	FUN_0014ce20	0	0014ce20-0014ce30
0014ce30	FUN_0014ce30	0	0014ce30-0014ce4c
0014ce50	FUN_0014ce50	0	0014ce50-0014ce5c
0014ce60	FUN_0014ce60	0	0014ce60-0014ce78
0014ce78	FUN_0014ce78	0	0014ce78-0014ce84
0014ce88	FUN_0014ce88	0	0014ce88-0014cf18
0014cf18	FUN_0014cf18	0	0014cf18-0014cf80
0014cf80	FUN_0014cf80	0	0014cf80-0014cf88
0014cf88	FUN_0014cf88	0	0014cf88-0014cfc8
0014cfc8	FUN_0014cfc8	0	0014cfc8-0014d004
0014d008	FUN_0014d008	0	0014d008-0014d05c
0014d060	FUN_0014d060	0	0014d060-0014d20c,0014d210-0014d23c
0014d278	FUN_0014d278	0	0014d240-0014d294
0014d2e8	FUN_0014d2e8	0	0014d2e8-0014d308
0014d308	FUN_0014d308	0	0014d308-0014d358
0014d358	FUN_0014d358	0	0014d358-0014d3fc,0014d400-0014d42c
0014d430	FUN_0014d430	0	0014d430-0014d478
0014d478	FUN_0014d478	0	0014d478-0014d4e4
0014d4e8	FUN_0014d4e8	0	0014d4e8-0014d52c
0014d530	FUN_0014d530	0	0014d530-0014d63c
0014d640	FUN_0014d640	0	0014d640-0014d65c
0014d680	FUN_0014d680	0	0014d680-0014d8a4
0014d8a8	FUN_0014d8a8	0	0014d8a8-0014d8cc
0014d8d0	FUN_0014d8d0	0	0014d8d0-0014d910
0014d910	FUN_0014d910	0	0014d910-0014d948
0014d948	FUN_0014d948	0	0014d948-0014da3c
0014da40	FUN_0014da40	0	0014da40-0014db78
0014db78	FUN_0014db78	0	0014db78-0014dbc8
0014dbc8	FUN_0014dbc8	0	0014dbc8-0014dc04
0014dc08	FUN_0014dc08	0	0014dc08-0014dc44
0014dc48	FUN_0014dc48	0	0014dc48-0014dca8
0014dca8	FUN_0014dca8	0	0014dca8-0014dd08
0014dd10	FUN_0014dd10	0	0014dd10-0014dd18
0014dd18	FUN_0014dd18	0	0014dd18-0014dd5c
0014dd60	FUN_0014dd60	0	0014dd60-0014dd7c
0014dda0	FUN_0014dda0	0	0014dda0-0014ddac
0014ddb0	FUN_0014ddb0	0	0014ddb0-0014de30
0014de30	FUN_0014de30	0	0014de30-0014dec0
0014dec0	FUN_0014dec0	0	0014dec0-0014df44
0014df88	FUN_0014df88	0	0014df88-0014df98
0014df98	FUN_0014df98	0	0014df98-0014dfa4
0014dfa8	FUN_0014dfa8	0	0014dfa8-0014e084
0014e088	FUN_0014e088	0	0014e088-0014e094
0014e098	FUN_0014e098	0	0014e098-0014e0d4
0014e0d8	FUN_0014e0d8	0	0014e0d8-0014e104
0014e118	FUN_0014e118	0	0014e118-0014e140
0014e140	FUN_0014e140	0	0014e140-0014e194
0014e1f0	FUN_0014e1f0	0	0014e1f0-0014e27c
0014e280	FUN_0014e280	0	0014e280-0014e29c
0014e2c0	FUN_0014e2c0	0	0014e2c0-0014e5ac
0014e5f0	FUN_0014e5f0	0	0014e5f0-0014e61c
0014e620	FUN_0014e620	0	0014e620-0014e638
0014e638	FUN_0014e638	0	0014e638-0014e644
0014e648	FUN_0014e648	0	0014e648-0014e654
0014e658	FUN_0014e658	0	0014e658-0014e6f4
0014e6f8	FUN_0014e6f8	0	0014e6f8-0014e8b8
0014e8b8	FUN_0014e8b8	0	0014e8b8-0014eb48
0014eb48	FUN_0014eb48	0	0014eb48-0014ebd8
0014ebd8	FUN_0014ebd8	0	0014ebd8-0014ec20
0014ec20	FUN_0014ec20	0	0014ec20-0014ec40
0014ec40	FUN_0014ec40	0	0014ec40-0014ec94
0014ec98	FUN_0014ec98	0	0014ec98-0014ecb4
0014ecb8	FUN_0014ecb8	0	0014ecb8-0014ecf4
0014ecf8	FUN_0014ecf8	0	0014ecf8-0014ed24
0014ed28	FUN_0014ed28	0	0014ed28-0014eda8
0014eda8	FUN_0014eda8	0	0014eda8-0014ee28
0014ee28	FUN_0014ee28	0	0014ee28-0014f02c
0014f030	FUN_0014f030	0	0014f030-0014f068
0014f068	FUN_0014f068	0	0014f068-0014f0ac
0014f0b0	FUN_0014f0b0	0	0014f0b0-0014f0dc
0014f0e0	FUN_0014f0e0	0	0014f0e0-0014f114
0014f118	FUN_0014f118	0	0014f118-0014f144
0014f148	FUN_0014f148	0	0014f148-0014f174,0015b778-0015b780
0014f178	FUN_0014f178	0	0014f178-0014f19c
0014f1a0	FUN_0014f1a0	0	0014f1a0-0014f1c4
0014f1c8	FUN_0014f1c8	0	0014f1c8-0014f1dc
0014f1e0	FUN_0014f1e0	0	0014f1e0-0014f1f4
0014f1f8	FUN_0014f1f8	0	0014f1f8-0014f200
0014f200	FUN_0014f200	0	0014f200-0014f208
0014f208	FUN_0014f208	0	0014f208-0014f21c
0014f220	FUN_0014f220	0	0014f220-0014f234
0014f238	FUN_0014f238	0	0014f238-0014f24c
0014f250	FUN_0014f250	0	0014f250-0014f264
0014f268	FUN_0014f268	0	0014f268-0014f284
0014f288	FUN_0014f288	0	0014f288-0014f2ac
0014f2b0	FUN_0014f2b0	0	0014f2b0-0014f2d4
0014f2d8	FUN_0014f2d8	0	0014f2d8-0014f2fc
0014f300	FUN_0014f300	0	0014f300-0014f428
0014f428	FUN_0014f428	0	0014f428-0014f4d4
0014f4d8	FUN_0014f4d8	0	0014f4d8-0014f528
0014f528	FUN_0014f528	0	0014f528-0014f578
0014f578	FUN_0014f578	0	0014f578-0014f5d0
0014f5d0	FUN_0014f5d0	0	0014f5d0-0014f648
0014f648	FUN_0014f648	0	0014f648-0014f668
0014f668	FUN_0014f668	0	0014f668-0014f688
0014f688	FUN_0014f688	0	0014f688-0014f6c8
0014f6c8	FUN_0014f6c8	0	0014f6c8-0014f708
0014f708	FUN_0014f708	0	0014f708-0014f748
0014f748	FUN_0014f748	0	0014f748-0014f788
0014f788	FUN_0014f788	0	0014f788-0014f82c
0014f830	FUN_0014f830	0	0014f830-0014f86c
0014f870	FUN_0014f870	0	0014f870-0014f88c
0014f890	FUN_0014f890	0	0014f890-0014f8cc
0014f8d0	FUN_0014f8d0	0	0014f8d0-0014f9a4
0014f9a8	FUN_0014f9a8	0	0014f9a8-0014f9e4
0014f9e8	FUN_0014f9e8	0	0014f9e8-0014fa04
0014fa08	FUN_0014fa08	0	0014fa08-0014fa44
0014fa48	FUN_0014fa48	0	0014fa48-0014fafc
0014fb00	FUN_0014fb00	0	0014fb00-0014fb3c
0014fb40	FUN_0014fb40	0	0014fb40-0014fb5c
0014fb60	FUN_0014fb60	0	0014fb60-0014fb9c
0014fba0	FUN_0014fba0	0	0014fba0-0014fbf4
0014fbf8	FUN_0014fbf8	0	0014fbf8-0014fc40
0014fc40	FUN_0014fc40	0	0014fc40-0014fcd4
0014fcd8	FUN_0014fcd8	0	0014fcd8-0014fdd0
0014fdd0	FUN_0014fdd0	0	0014fdd0-0014fdfc
0014fe00	FUN_0014fe00	0	0014fe00-0015025c
00150260	FUN_00150260	0	00150260-001502e8
001502e8	FUN_001502e8	0	001502e8-00150324
00150328	FUN_00150328	0	00150328-00150574
00150578	FUN_00150578	0	00150578-001505b0
001505b0	FUN_001505b0	0	001505b0-0015060c
00150610	FUN_00150610	0	00150610-00150648
00150648	FUN_00150648	0	00150648-0015065c
00150660	FUN_00150660	0	00150660-00150674
00150678	FUN_00150678	0	00150678-001506dc
001506e0	FUN_001506e0	0	001506e0-001507b8
001507b8	FUN_001507b8	0	001507b8-0015089c
001508a0	FUN_001508a0	0	001508a0-00150940
00150940	FUN_00150940	0	00150940-00150a18
00150a18	FUN_00150a18	0	00150a18-00150b64
00150b68	FUN_00150b68	0	00150b68-00150bc0
00150bc0	FUN_00150bc0	0	00150bc0-00150bdc
00150be0	FUN_00150be0	0	00150be0-00150be8
00150be8	FUN_00150be8	0	00150be8-00150dbc
00150dc0	FUN_00150dc0	0	00150dc0-00150ddc
00150de0	FUN_00150de0	0	00150de0-00150dfc
00150e00	FUN_00150e00	0	00150e00-001510ac
00151100	FUN_00151100	0	00151100-00151138
00151138	FUN_00151138	0	00151138-001514b0
001514b0	FUN_001514b0	0	001514b0-001514e8
001514e8	FUN_001514e8	0	001514e8-00151524
00151528	FUN_00151528	0	00151528-0015158c
00151590	FUN_00151590	0	00151590-001515ac
001515b0	FUN_001515b0	0	001515b0-00151690
00151690	FUN_00151690	0	00151690-001516ac
001516b0	FUN_001516b0	0	001516b0-001519b8
001519f8	FUN_001519f8	0	001519f8-00151aa4
00151aa8	FUN_00151aa8	0	00151aa8-00151aec,00151af0-00151b3c
00151b40	FUN_00151b40	0	00151b40-00151b78
00151b78	FUN_00151b78	0	00151b78-00151bd4
00151bd8	FUN_00151bd8	0	00151bd8-00151bec
00151bf0	FUN_00151bf0	0	00151bf0-00151c4c
00151c50	FUN_00151c50	0	00151c50-00151c6c
00151c70	FUN_00151c70	0	00151c70-00151d48
00151d48	FUN_00151d48	0	00151d48-00151dec
00151df0	FUN_00151df0	0	00151df0-00151f40
00151f40	FUN_00151f40	0	00151f40-00151fdc
001520c0	FUN_001520c0	0	001520c0-00152100
00152100	FUN_00152100	0	00152100-0015211c
00152120	FUN_00152120	0	00152120-001521c4
001521c8	FUN_001521c8	0	001521c8-00152318
00152318	FUN_00152318	0	00152318-001523b4
00152498	FUN_00152498	0	00152498-001524e8
001524e8	FUN_001524e8	0	001524e8-00152504
00152508	FUN_00152508	0	00152508-00152598
00152598	FUN_00152598	0	00152598-001525b4
001525b8	FUN_001525b8	0	001525b8-00152684
00152688	FUN_00152688	0	00152688-00152718
00152718	FUN_00152718	0	00152718-001527b4
001527b8	FUN_001527b8	0	001527b8-00152820
00152820	FUN_00152820	0	00152820-0015290c
00152910	FUN_00152910	0	00152910-0015298c
00152990	FUN_00152990	0	00152990-00152a30
00152a30	FUN_00152a30	0	00152a30-00152ab4
00152ab8	FUN_00152ab8	0	00152ab8-00152ae8
00152ae8	FUN_00152ae8	0	00152ae8-00152b50
00152b50	FUN_00152b50	0	00152b50-00152bd8
00152bd8	FUN_00152bd8	0	00152bd8-00152f3c
00152f40	FUN_00152f40	0	00152f40-00153100
00153100	FUN_00153100	0	00153100-00153140
00153140	FUN_00153140	0	00153140-00153158
00153158	FUN_00153158	0	00153158-001531f8
001531f8	FUN_001531f8	0	001531f8-0015330c
00153310	FUN_00153310	0	00153310-00153350
00153350	FUN_00153350	0	00153350-00153464
00153468	FUN_00153468	0	00153468-0015353c
00153540	FUN_00153540	0	00153540-001535b0
001535b0	FUN_001535b0	0	001535b0-001535f0
001535f0	FUN_001535f0	0	001535f0-0015360c
00153610	FUN_00153610	0	00153610-00153674
00153678	FUN_00153678	0	00153678-001537f4
001537f8	FUN_001537f8	0	001537f8-00153840
00153840	FUN_00153840	0	00153840-001538d4
001538d8	FUN_001538d8	0	001538d8-00153944
00153948	FUN_00153948	0	00153948-001539b0
001539c0	FUN_001539c0	0	001539c0-00153c60
00153c60	FUN_00153c60	0	00153c60-00153c80
00153c80	FUN_00153c80	0	00153c80-00153c94
00153cc8	FUN_00153cc8	0	00153cc8-00153d6c
00153d70	FUN_00153d70	0	00153d70-00153e24
00153e28	FUN_00153e28	0	00153e28-00153e6c
00153ea0	FUN_00153ea0	0	00153ea0-00153f04
00153f08	FUN_00153f08	0	00153f08-00153fa0
00153fa0	FUN_00153fa0	0	00153fa0-00154048
00154048	FUN_00154048	0	00154048-00154100
00154100	FUN_00154100	0	00154100-001541d4
001541d8	FUN_001541d8	0	001541d8-00154288
00154288	FUN_00154288	0	00154288-001542c4
001542c8	FUN_001542c8	0	001542c8-00154330
00154330	FUN_00154330	0	00154330-00154354
00154358	FUN_00154358	0	00154358-001543a0
001543a0	FUN_001543a0	0	001543a0-00154408
00154408	FUN_00154408	0	00154408-00154450
00154450	FUN_00154450	0	00154450-001544b0
001544b0	FUN_001544b0	0	001544b0-00154558
00154558	FUN_00154558	0	00154558-001547e0
001547e0	FUN_001547e0	0	001547e0-001548a4
001548a8	FUN_001548a8	0	001548a8-0015490c
00154910	FUN_00154910	0	00154910-00154930
00154930	FUN_00154930	0	00154930-00154950
00154950	FUN_00154950	0	00154950-00154a84
00154a88	FUN_00154a88	0	00154a88-00154aec
00154af0	FUN_00154af0	0	00154af0-00154b18
00154b18	FUN_00154b18	0	00154b18-00154b3c
00154b40	FUN_00154b40	0	00154b40-00154b7c
00154b80	FUN_00154b80	0	00154b80-00154b94
00154b98	FUN_00154b98	0	00154b98-00154c10
00154c10	FUN_00154c10	0	00154c10-00154cd0
00154cd0	FUN_00154cd0	0	00154cd0-00154de4
00154de8	FUN_00154de8	0	00154de8-00154ee8
00154ee8	FUN_00154ee8	0	00154ee8-00154f30
00154f30	FUN_00154f30	0	00154f30-00155300
00155300	FUN_00155300	0	00155300-00155390
00155390	FUN_00155390	0	00155390-00155410
00155410	FUN_00155410	0	00155410-00155460
00155460	FUN_00155460	0	00155460-00155478
00155478	FUN_00155478	0	00155478-00155490
00155490	FUN_00155490	0	00155490-001554a8
001554a8	FUN_001554a8	0	001554a8-001554bc
001554c0	FUN_001554c0	0	001554c0-00155528
00155528	FUN_00155528	0	00155528-00155568
00155568	FUN_00155568	0	00155568-00155658
00155658	FUN_00155658	0	00155658-001556bc
001556f0	FUN_001556f0	0	001556c0-00155758
00155758	FUN_00155758	0	00155758-00155830
00155830	FUN_00155830	0	00155830-001558b8
001558b8	FUN_001558b8	0	001558b8-001559e4
001559e8	FUN_001559e8	0	001559e8-00155aac
00155ab0	FUN_00155ab0	0	00155ab0-00155b54
00155b58	FUN_00155b58	0	00155b58-00155bf0
00155bf0	FUN_00155bf0	0	00155bf0-00155cac
00155cb0	FUN_00155cb0	0	00155cb0-00155d54
00155d58	FUN_00155d58	0	00155d58-00155d80
00155d80	FUN_00155d80	0	00155d80-00155e30
00155e30	FUN_00155e30	0	00155e30-00155ee8
00155ee8	FUN_00155ee8	0	00155ee8-00155f40
00155f40	FUN_00155f40	0	00155f40-00155fbc
00155fc0	FUN_00155fc0	0	00155fc0-00156010
00156010	FUN_00156010	0	00156010-00156030
00156030	FUN_00156030	0	00156030-00156054
00156058	FUN_00156058	0	00156058-0015607c
00156080	FUN_00156080	0	00156080-001560a4
001560a8	FUN_001560a8	0	001560a8-0015612c
00156130	FUN_00156130	0	00156130-00156404
00156408	FUN_00156408	0	00156408-001564ac
001564b0	FUN_001564b0	0	001564b0-0015653c
00156540	FUN_00156540	0	00156540-001565a4
001565a8	FUN_001565a8	0	001565a8-001565c0
001565c0	FUN_001565c0	0	001565c0-00156880
00156880	FUN_00156880	0	00156880-001569d8
001569d8	FUN_001569d8	0	001569d8-00156d20
00156d20	FUN_00156d20	0	00156d20-00156e24,00156e28-00156e48
00156e48	FUN_00156e48	0	00156e48-00157064
00157068	FUN_00157068	0	00157068-0015709c
001570a0	FUN_001570a0	0	001570a0-001570d0
001570d0	FUN_001570d0	0	001570d0-00157100
00157100	FUN_00157100	0	00157100-00157130
00157130	FUN_00157130	0	00157130-00157160
00157160	FUN_00157160	0	00157160-001571bc
001571c0	FUN_001571c0	0	001571c0-001572e4
001572e8	FUN_001572e8	0	001572e8-0015749c
001574a0	FUN_001574a0	0	001574a0-001574d4
001574d8	FUN_001574d8	0	001574d8-001574f8
001574f8	FUN_001574f8	0	001574f8-001575c0
001575c0	FUN_001575c0	0	001575c0-00157684
001576a0	FUN_001576a0	0	001576a0-001576b8
001576b8	FUN_001576b8	0	001576b8-001576d0
001576d0	FUN_001576d0	0	001576d0-001576e4
001576e8	FUN_001576e8	0	001576e8-00157758
00157758	FUN_00157758	0	00157758-001577c8
001577c8	FUN_001577c8	0	001577c8-00157880
00157880	FUN_00157880	0	00157880-001578c4,001578c8-001578d8
001578d8	FUN_001578d8	0	001578d8-0015798c
00157990	FUN_00157990	0	00157990-001579fc
00157a00	FUN_00157a00	0	00157a00-00157aa0
00157aa0	FUN_00157aa0	0	00157aa0-00157adc
00157ae0	FUN_00157ae0	0	00157ae0-00157c84
00157c88	FUN_00157c88	0	00157c88-00157f04
00157f08	FUN_00157f08	0	00157f08-00158000
00158000	FUN_00158000	0	00158000-0015802c
00158030	FUN_00158030	0	00158030-0015804c
00158050	FUN_00158050	0	00158050-00158088
00158088	FUN_00158088	0	00158088-001580dc
001580e0	FUN_001580e0	0	001580e0-00158134
00158138	FUN_00158138	0	00158138-001581a8
001581a8	FUN_001581a8	0	001581a8-001581d0
001581d0	FUN_001581d0	0	001581d0-001581f8
001581f8	FUN_001581f8	0	001581f8-0015824c
00158250	FUN_00158250	0	00158250-00158290
00158290	FUN_00158290	0	00158290-001582a4
001582a8	FUN_001582a8	0	001582a8-00158300
00158300	FUN_00158300	0	00158300-00158450
00158450	FUN_00158450	0	00158450-0015849c
001584a0	FUN_001584a0	0	001584a0-001584f8
001584f8	FUN_001584f8	0	001584f8-00158544
00158548	FUN_00158548	0	00158548-001585a0
001585a0	FUN_001585a0	0	001585a0-001585e4
001585e8	FUN_001585e8	0	001585e8-00158658
00158658	FUN_00158658	0	00158658-001586b8
001586b8	FUN_001586b8	0	001586b8-001586e4
00158708	FUN_00158708	0	00158708-00158870
00158870	FUN_00158870	0	00158870-00158900
00158900	FUN_00158900	0	00158900-0015890c
00158910	FUN_00158910	0	00158910-0015891c
00158920	FUN_00158920	0	00158920-00158940
00158940	FUN_00158940	0	00158940-00158988
00158990	FUN_00158990	0	00158988-001589ac
001589d0	FUN_001589d0	0	001589d0-00158a90
00158a90	FUN_00158a90	0	00158a90-00158ac4
00158ac8	FUN_00158ac8	0	00158ac8-00158b1c
00158b20	FUN_00158b20	0	00158b20-00158b74
00158b78	FUN_00158b78	0	00158b78-00158c84
00158c88	FUN_00158c88	0	00158c88-00158dc0
00158dc0	FUN_00158dc0	0	00158dc0-00158f40
00158f90	FUN_00158f90	0	00158f90-00158fd8
00158fd8	FUN_00158fd8	0	00158fd8-0015902c
00159030	FUN_00159030	0	00159030-0015904c
00159070	FUN_00159070	0	00159070-0015912c
00159130	FUN_00159130	0	00159130-001591a0
001591a0	FUN_001591a0	0	001591a0-001591e8
001591e8	FUN_001591e8	0	001591e8-00159220
00159220	FUN_00159220	0	00159220-0015923c
00159240	FUN_00159240	0	00159240-00159304
00159308	FUN_00159308	0	00159308-00159364
00159368	FUN_00159368	0	00159368-001596fc
00159700	FUN_00159700	0	00159700-00159728
00159728	FUN_00159728	0	00159728-00159754
00159770	FUN_00159770	0	00159770-0015978c
00159790	FUN_00159790	0	00159790-00159afc
00159b00	FUN_00159b00	0	00159b00-00159b3c
00159b40	FUN_00159b40	0	00159b40-00159be0
00159be0	FUN_00159be0	0	00159be0-00159c20
00159c20	FUN_00159c20	0	00159c20-00159c54
00159c58	FUN_00159c58	0	00159c58-00159cb4,00159cb8-00159cc0
00159cc0	FUN_00159cc0	0	00159cc0-00159cdc
00159ce0	FUN_00159ce0	0	00159ce0-00159d30
00159d30	FUN_00159d30	0	00159d30-00159dbc
00159dc0	FUN_00159dc0	0	00159dc0-00159ef4
00159ef8	FUN_00159ef8	0	00159ef8-00159f50
00159f50	FUN_00159f50	0	00159f50-00159f90
00159f90	FUN_00159f90	0	00159f90-00159fd0
00159fd0	FUN_00159fd0	0	00159fd0-0015a098
0015a098	FUN_0015a098	0	0015a098-0015a118
0015a118	FUN_0015a118	0	0015a118-0015a154
0015a158	FUN_0015a158	0	0015a158-0015a260
0015a260	FUN_0015a260	0	0015a260-0015a4dc
0015a4e0	FUN_0015a4e0	0	0015a4e0-0015a524
0015a528	FUN_0015a528	0	0015a528-0015a5a8
0015a5a8	FUN_0015a5a8	0	0015a5a8-0015a634
0015a638	FUN_0015a638	0	0015a638-0015a6c8
0015a6c8	FUN_0015a6c8	0	0015a6c8-0015a708
0015a708	FUN_0015a708	0	0015a708-0015a768
0015a768	FUN_0015a768	0	0015a768-0015a7cc
0015a7d0	FUN_0015a7d0	0	0015a7d0-0015a7ec
0015a810	FUN_0015a810	0	0015a810-0015a84c
0015a850	FUN_0015a850	0	0015a850-0015a89c
0015a8a0	FUN_0015a8a0	0	0015a8a0-0015a8cc
0015a8d0	FUN_0015a8d0	0	0015a8d0-0015aa98
0015aa98	FUN_0015aa98	0	0015aa98-0015aaf4
0015aaf8	FUN_0015aaf8	0	0015aaf8-0015ab70
0015aba8	FUN_0015aba8	0	0015aba8-0015ac68
0015ac68	FUN_0015ac68	0	0015ac68-0015acdc
0015ad28	FUN_0015ad28	0	0015ad28-0015ad80
0015ad80	FUN_0015ad80	0	0015ad80-0015adfc
0015ae00	FUN_0015ae00	0	0015ae00-0015aea4
0015aea8	FUN_0015aea8	0	0015aea8-0015aef0
0015aef0	FUN_0015aef0	0	0015aef0-0015af2c
0015af48	FUN_0015af48	0	0015af48-0015b100
0015b100	FUN_0015b100	0	0015b100-0015b1ac
0015b1b0	FUN_0015b1b0	0	0015b1b0-0015b268
0015b268	FUN_0015b268	0	0015b268-0015b2cc
0015b2d0	FUN_0015b2d0	0	0015b2d0-0015b364
0015b368	FUN_0015b368	0	0015b368-0015b4bc
0015b4c0	FUN_0015b4c0	0	0015b4c0-0015b4f8
0015b4f8	FUN_0015b4f8	0	0015b4f8-0015b578
0015b578	FUN_0015b578	0	0015b578-0015b5d8
0015b5d8	FUN_0015b5d8	0	0015b5d8-0015b67c
0015b680	FUN_0015b680	0	0015b680-0015b76c
0015b770	FUN_0015b770	0	0015b770-0015b778
0015b780	FUN_0015b780	0	0015b780-0015b7a0
0015b7a0	FUN_0015b7a0	0	0015b7a0-0015b7c0
0015b7c0	FUN_0015b7c0	0	0015b7c0-0015b7f4
0015b7f8	FUN_0015b7f8	0	0015b7f8-0015bab4
0015bab8	FUN_0015bab8	0	0015bab8-0015bbc4
0015bbc8	FUN_0015bbc8	0	0015bbc8-0015bc4c
0015bc50	FUN_0015bc50	0	0015bc50-0015bc80
0015bc80	FUN_0015bc80	0	0015bc80-0015c064
0015c068	FUN_0015c068	0	0015c068-0015c0f4
0015c0f8	FUN_0015c0f8	0	0015c0f8-0015c1b0
0015c1b0	FUN_0015c1b0	0	0015c1b0-0015c1f0
0015c1f0	FUN_0015c1f0	0	0015c1f0-0015c20c
0015c210	FUN_0015c210	0	0015c210-0015c228
0015c228	FUN_0015c228	0	0015c228-0015c27c
0015c2a0	FUN_0015c2a0	0	0015c2a0-0015c44c
0015c450	FUN_0015c450	0	0015c450-0015c49c
0015c4a0	FUN_0015c4a0	0	0015c4a0-0015c4b4
0015c4b8	FUN_0015c4b8	0	0015c4b8-0015c500
0015c500	FUN_0015c500	0	0015c500-0015c6d0
0015c6d0	FUN_0015c6d0	0	0015c6d0-0015c880
0015c880	FUN_0015c880	0	0015c880-0015c954
0015c958	FUN_0015c958	0	0015c958-0015ca40
0015ca40	FUN_0015ca40	0	0015ca40-0015cb18
0015cb18	FUN_0015cb18	0	0015cb18-0015cb44
0015cb48	FUN_0015cb48	0	0015cb48-0015cb74
0015cb78	FUN_0015cb78	0	0015cb78-0015cbb4
0015cbb8	FUN_0015cbb8	0	0015cbb8-0015cbe4
0015cc18	FUN_0015cc18	0	0015cc18-0015cc4c
0015cc50	FUN_0015cc50	0	0015cc50-0015cc5c
0015cc60	FUN_0015cc60	0	0015cc60-0015cc6c
0015cc70	FUN_0015cc70	0	0015cc70-0015cc7c
0015cc80	FUN_0015cc80	0	0015cc80-0015ccec
0015ccf0	FUN_0015ccf0	0	0015ccf0-0015cd8c
0015cd90	FUN_0015cd90	0	0015cd90-0015cdac
0015cdb0	FUN_0015cdb0	0	0015cdb0-0015cddc
0015cde0	FUN_0015cde0	0	0015cde0-0015ce7c
0015ce80	FUN_0015ce80	0	0015ce80-0015ce8c
0015ce90	FUN_0015ce90	0	0015ce90-0015ce9c
0015cea0	FUN_0015cea0	0	0015cea0-0015ceb8
0015ceb8	FUN_0015ceb8	0	0015ceb8-0015ced0
0015ced0	FUN_0015ced0	0	0015ced0-0015cedc
0015cee0	FUN_0015cee0	0	0015cee0-0015ceec
0015cef0	FUN_0015cef0	0	0015cef0-0015cfec
0015cff0	FUN_0015cff0	0	0015cff0-0015d058
0015d058	FUN_0015d058	0	0015d058-0015d208
0015d208	FUN_0015d208	0	0015d208-0015d2e8
0015d2e8	FUN_0015d2e8	0	0015d2e8-0015d3f8
0015d400	FUN_0015d400	0	0015d3f8-0015d41c
0015d440	FUN_0015d440	0	0015d440-0015d4e4
0015d540	FUN_0015d540	0	0015d540-0015d5d0
0015d5d0	FUN_0015d5d0	0	0015d5d0-0015d690
0015d690	FUN_0015d690	0	0015d690-0015d730
0015d730	FUN_0015d730	0	0015d730-0015d7e8
0015d7e8	FUN_0015d7e8	0	0015d7e8-0015d804
0015d828	FUN_0015d828	0	0015d828-0015d8ac
0015de58	FUN_0015de58	0	0015de58-0015de94
0015de98	FUN_0015de98	0	0015de98-0015def4
0015def8	FUN_0015def8	0	0015def8-0015df68
0015df68	FUN_0015df68	0	0015df68-0015df98
0015df98	FUN_0015df98	0	0015df98-0015dfd8
0015dfd8	FUN_0015dfd8	0	0015dfd8-0015e018
0015e018	FUN_0015e018	0	0015e018-0015e034
0015e038	FUN_0015e038	0	0015e038-0015e050
0015e070	FUN_0015e070	0	0015e070-0015e3b8
0015e3b8	FUN_0015e3b8	0	0015e3b8-0015e4e0
0015e4e0	FUN_0015e4e0	0	0015e4e0-0015e608
0015e608	FUN_0015e608	0	0015e608-0015e8c4
0015e8c8	FUN_0015e8c8	0	0015e8c8-0015e9e0
0015e9e0	FUN_0015e9e0	0	0015e9e0-0015eaf8
0015eaf8	FUN_0015eaf8	0	0015eaf8-0015eb68
0015eb68	FUN_0015eb68	0	0015eb68-0015eb84
0015eba8	FUN_0015eba8	0	0015eba8-0015edb4
0015edb8	FUN_0015edb8	0	0015edb8-0015ee10
0015ee10	FUN_0015ee10	0	0015ee10-0015ee8c
0015ee90	FUN_0015ee90	0	0015ee90-0015ef18
0015ef18	FUN_0015ef18	0	0015ef18-0015ef24
0015ef28	FUN_0015ef28	0	0015ef28-0015ef34
0015ef38	FUN_0015ef38	0	0015ef38-0015ef4c
0015ef50	FUN_0015ef50	0	0015ef50-0015efa0
0015efa0	FUN_0015efa0	0	0015efa0-0015f264
0015f268	FUN_0015f268	0	0015f268-0015f274
0015f278	FUN_0015f278	0	0015f278-0015f288
0015f288	FUN_0015f288	0	0015f288-0015f294
0015f298	FUN_0015f298	0	0015f298-0015f340
0015f4a0	FUN_0015f4a0	0	0015f4a0-0015f544
0015f548	FUN_0015f548	0	0015f548-0015f618
0015f618	FUN_0015f618	0	0015f618-0015f6e8
0015f6e8	FUN_0015f6e8	0	0015f6e8-0015f6fc
0015f700	FUN_0015f700	0	0015f700-0015f714
0015f718	FUN_0015f718	0	0015f718-0015f734
0015f738	FUN_0015f738	0	0015f738-0015f7ac
0015f7b0	FUN_0015f7b0	0	0015f7b0-0015f7cc
0015f8d8	FUN_0015f8d8	0	0015f8d8-0015f9c0
0015f9c8	FUN_0015f9c8	0	0015f9c8-0015fe14
0015fe18	FUN_0015fe18	0	0015fe18-00160264
00160268	FUN_00160268	0	00160268-001602f4
001602f8	FUN_001602f8	0	001602f8-00160384
00160388	FUN_00160388	0	00160388-0016042c
00160430	FUN_00160430	0	00160430-00160484
00160488	FUN_00160488	0	00160488-001604d4
001604d8	FUN_001604d8	0	001604d8-001604f0,00161538-00161540
001604f0	FUN_001604f0	0	001604f0-001604f8
001604f8	FUN_001604f8	0	001604f8-001605a0
001605a0	FUN_001605a0	0	001605a0-001606dc
001606e0	FUN_001606e0	0	001606e0-001608c0
001608c0	FUN_001608c0	0	001608c0-0016093c
00160940	FUN_00160940	0	00160940-00160960
00160960	FUN_00160960	0	00160960-001609dc
00160ac0	FUN_00160ac0	0	00160ac0-00160b0c
00160b10	FUN_00160b10	0	00160b10-00160b88
00160d18	FUN_00160d18	0	00160d18-00160d28
00160d28	FUN_00160d28	0	00160d28-00160d38
00160d38	FUN_00160d38	0	00160d38-00160d4c
00160d70	FUN_00160d70	0	00160d70-00160dbc,00160dc0-00160ddc
00160de0	FUN_00160de0	0	00160de0-00160e2c,00160e30-00160e4c
00160e50	FUN_00160e50	0	00160e50-00160e9c,00160ea0-00160ebc
00160f10	FUN_00160f10	0	00160f10-00160f5c,00160f60-00160f7c
00160fd0	FUN_00160fd0	0	00160fd0-00161000
00161000	FUN_00161000	0	00161000-00161030
00161030	FUN_00161030	0	00161030-00161078
001611a8	FUN_001611a8	0	001611a8-0016120c,00161210-00161228
00161228	FUN_00161228	0	00161228-00161234
00161248	FUN_00161248	0	00161248-001612b4
001612b8	FUN_001612b8	0	001612b8-00161410
00161488	FUN_00161488	0	00161410-001614a4
001614e8	FUN_001614e8	0	001614e8-00161528
00161530	FUN_00161530	0	00161530-00161538
00161540	FUN_00161540	0	00161540-00161548
00161548	FUN_00161548	0	00161548-00161594
00161598	FUN_00161598	0	00161598-001615e8
001615e8	FUN_001615e8	0	001615e8-00161664
00161668	FUN_00161668	0	00161668-001616d4
001616d8	FUN_001616d8	0	001616d8-001616ec
001616f0	FUN_001616f0	0	001616f0-0016176c
00161770	FUN_00161770	0	00161770-001617c8
001617c8	FUN_001617c8	0	001617c8-001617d8
001617d8	FUN_001617d8	0	001617d8-001617e4
001617e8	FUN_001617e8	0	001617e8-00161814
00161868	FUN_00161868	0	00161868-00161880
00161880	FUN_00161880	0	00161880-0016189c
001618b8	FUN_001618b8	0	001618b8-001618f0
001618f0	FUN_001618f0	0	001618f0-001619e8
001619e8	FUN_001619e8	0	001619e8-00161a10
00161a10	FUN_00161a10	0	00161a10-00161a28
00161a28	FUN_00161a28	0	00161a28-00161a40
00161a40	FUN_00161a40	0	00161a40-00161a54
00161a58	FUN_00161a58	0	00161a58-00161a80
00161a80	FUN_00161a80	0	00161a80-00161aa8
00161aa8	FUN_00161aa8	0	00161aa8-00161c20
00161c20	FUN_00161c20	0	00161c20-00161c6c
00161c70	FUN_00161c70	0	00161c70-00161c84
00161df0	FUN_00161df0	0	00161df0-00161ee4
00161ee8	FUN_00161ee8	0	00161ee8-00161f0c
00161f10	FUN_00161f10	0	00161f10-00161f38
00161f48	FUN_00161f48	0	00161f48-00162054
00162058	FUN_00162058	0	00162058-00162070
00162070	FUN_00162070	0	00162070-00162088
00162088	FUN_00162088	0	00162088-00162094
00162098	FUN_00162098	0	00162098-001620a4
001620a8	FUN_001620a8	0	001620a8-001623ac
001623b0	FUN_001623b0	0	001623b0-001623d8
00162408	FUN_00162408	0	00162408-0016255c
00162560	FUN_00162560	0	00162560-001626dc
001626e0	FUN_001626e0	0	001626e0-00162844
001628d8	FUN_001628d8	0	001628d8-001629e8
00162a20	FUN_00162a20	0	00162a20-00162a54
00162a58	FUN_00162a58	0	00162a58-00162a6c,00162a88-00162b14
00162b18	FUN_00162b18	0	00162b18-00162b68
00162b68	FUN_00162b68	0	00162b68-00162bac
00162bb0	FUN_00162bb0	0	00162bb0-00162c24
00162c28	FUN_00162c28	0	00162c28-00163164
00163168	FUN_00163168	0	00163168-0016320c
00163210	FUN_00163210	0	00163210-00163268
00163268	FUN_00163268	0	00163268-001632bc
001632c0	FUN_001632c0	0	001632c0-00163520
00163568	FUN_00163568	0	00163568-0016364c
00163650	FUN_00163650	0	00163650-00163734
00163828	FUN_00163828	0	00163828-00163894
00163898	FUN_00163898	0	00163898-00164578
00164578	FUN_00164578	0	00164578-00164714
00164718	FUN_00164718	0	00164718-00164c70
00164c70	FUN_00164c70	0	00164c70-00164d60
00164d60	FUN_00164d60	0	00164d60-001652c4
001652c8	FUN_001652c8	0	001652c8-001656b4
001656c0	FUN_001656c0	0	001656c0-001656d0
001656d0	FUN_001656d0	0	001656d0-00165764
00165768	FUN_00165768	0	00165768-0016582c
00165830	FUN_00165830	0	00165830-00165870
00165870	FUN_00165870	0	00165870-00165880
00165898	FUN_00165898	0	00165898-00165968
00165968	FUN_00165968	0	00165968-001659b8
001659b8	FUN_001659b8	0	001659b8-00165a10
00165a10	FUN_00165a10	0	00165a10-00165ad4
00165ad8	FUN_00165ad8	0	00165ad8-00165db4
00165db8	FUN_00165db8	0	00165db8-00165ef0
00165ef0	FUN_00165ef0	0	00165ef0-00165f24
00165f50	FUN_00165f50	0	00165f28-00165f6c
00165f70	FUN_00165f70	0	00165f70-00166144
00166148	FUN_00166148	0	00166148-001664c0
001664c0	FUN_001664c0	0	001664c0-001665d4
001665d8	FUN_001665d8	0	001665d8-00166614
00166618	FUN_00166618	0	00166618-001666a0
001666a0	FUN_001666a0	0	001666a0-001666b4
001666d0	FUN_001666d0	0	001666d0-001666f0
001666f0	FUN_001666f0	0	001666f0-00166710
00166730	FUN_00166730	0	00166730-001667cc
001667d0	FUN_001667d0	0	001667d0-00166804
00166808	FUN_00166808	0	00166808-00166880
00166880	FUN_00166880	0	00166880-001668f8
001668f8	FUN_001668f8	0	001668f8-0016692c
00166930	FUN_00166930	0	00166930-00166964
00166968	FUN_00166968	0	00166968-001669e0
001669e0	FUN_001669e0	0	001669e0-00166c58
00166c80	FUN_00166c80	0	00166c80-00166ca4
00166cc8	FUN_00166cc8	0	00166cc8-00166cec
00166cf0	FUN_00166cf0	0	00166cf0-00166d0c
00166d10	FUN_00166d10	0	00166d10-00166d34
00166d38	FUN_00166d38	0	00166d38-00166d6c
00166d70	FUN_00166d70	0	00166d70-00166da4
00166da8	FUN_00166da8	0	00166da8-001671e4
001671e8	FUN_001671e8	0	001671e8-00167214
00167218	FUN_00167218	0	00167218-00167224
00167228	FUN_00167228	0	00167228-00167268
00167288	FUN_00167288	0	00167268-001672a4
00167358	FUN_00167358	0	00167358-00167434,00167438-00167448
00167448	FUN_00167448	0	00167448-00167464
001674c8	FUN_001674c8	0	001674c8-001675b0
001675b0	FUN_001675b0	0	001675b0-00167618
00167618	FUN_00167618	0	00167618-00167634
00167638	FUN_00167638	0	00167638-00167654
00167658	FUN_00167658	0	00167658-001676ac
001676b0	FUN_001676b0	0	001676b0-00167728
00167728	FUN_00167728	0	00167728-00167774
00167778	FUN_00167778	0	00167778-001678b4,001678b8-001678ec
001678f0	FUN_001678f0	0	001678f0-00167acc
00167ad0	FUN_00167ad0	0	00167ad0-00167b04
00167b08	FUN_00167b08	0	00167b08-00167b60
00167b60	FUN_00167b60	0	00167b60-00167b98
00167b98	FUN_00167b98	0	00167b98-00167bf0
00167bf0	FUN_00167bf0	0	00167bf0-00167c0c
00167c30	FUN_00167c30	0	00167c30-00167c90
00167c90	FUN_00167c90	0	00167c90-00167cd0
00167cd0	FUN_00167cd0	0	00167cd0-00167d64
00167d68	FUN_00167d68	0	00167d68-00167dfc
00167e00	FUN_00167e00	0	00167e00-00167e24
00167e28	FUN_00167e28	0	00167e28-00167e6c
00167e70	FUN_00167e70	0	00167e70-00167ea8
00167ea8	FUN_00167ea8	0	00167ea8-00167ee0
00167ee0	FUN_00167ee0	0	00167ee0-00167f18
00167f18	FUN_00167f18	0	00167f18-00167f34
00167f38	FUN_00167f38	0	00167f38-00167fb4
00167fc8	FUN_00167fc8	0	00167fc8-00168008
00168008	FUN_00168008	0	00168008-00168040
00168068	FUN_00168068	0	00168068-001681d8
001681d8	FUN_001681d8	0	001681d8-001681f4
00168218	FUN_00168218	0	00168218-001682b8
001682b8	FUN_001682b8	0	001682b8-001682ec
001682f0	FUN_001682f0	0	001682f0-00168324
00168328	FUN_00168328	0	00168328-0016836c
00168370	FUN_00168370	0	00168370-00168384,001ae4b8-001ae4c0
00168388	FUN_00168388	0	00168388-00168410
00168410	FUN_00168410	0	00168410-001684bc
001684c0	FUN_001684c0	0	001684c0-00168548
00168548	FUN_00168548	0	00168548-001685ec
001685f0	FUN_001685f0	0	001685f0-00168678
00168808	FUN_00168808	0	00168808-0016889c
001688a0	FUN_001688a0	0	001688a0-001688b4
001688b8	FUN_001688b8	0	001688b8-001688c8
001688c8	FUN_001688c8	0	001688c8-001688dc
00168958	FUN_00168958	0	00168958-001689d0
00168a30	FUN_00168a30	0	00168a30-00168a58
00168a80	FUN_00168a80	0	00168a58-00168a9c
00168aa0	FUN_00168aa0	0	00168aa0-00168ad8
00168ad8	FUN_00168ad8	0	00168ad8-00168b38
00168b38	FUN_00168b38	0	00168b38-00168b88
00168b88	FUN_00168b88	0	00168b88-00168be8
00168be8	FUN_00168be8	0	00168be8-00168d04
00168d08	FUN_00168d08	0	00168d08-00168e30
00168e30	FUN_00168e30	0	00168e30-00168f14
00168f18	FUN_00168f18	0	00168f18-00168fa4
00168fa8	FUN_00168fa8	0	00168fa8-00168fd4
00168fd8	FUN_00168fd8	0	00168fd8-00169030
00169030	FUN_00169030	0	00169030-00169148
00169148	FUN_00169148	0	00169148-00169178
00169178	FUN_00169178	0	00169178-00169210
00169210	FUN_00169210	0	00169210-00169304
00169308	FUN_00169308	0	00169308-0016934c
00169350	FUN_00169350	0	00169350-00169394
00169398	FUN_00169398	0	00169398-00169990
00169f98	FUN_00169f98	0	00169f98-0016a020
0016a020	FUN_0016a020	0	0016a020-0016a02c
0016a040	FUN_0016a040	0	0016a040-0016a060
0016a060	FUN_0016a060	0	0016a060-0016a06c
0016a070	FUN_0016a070	0	0016a070-0016a07c
0016a080	FUN_0016a080	0	0016a080-0016a08c
0016a090	FUN_0016a090	0	0016a090-0016a09c
0016a0a0	FUN_0016a0a0	0	0016a0a0-0016a0cc
0016a0d0	FUN_0016a0d0	0	0016a0d0-0016a104
0016a108	FUN_0016a108	0	0016a108-0016a13c
0016a140	FUN_0016a140	0	0016a140-0016a158
0016a158	FUN_0016a158	0	0016a158-0016a1b8
0016a1b8	FUN_0016a1b8	0	0016a1b8-0016a2ac
0016a2b0	FUN_0016a2b0	0	0016a2b0-0016a2dc
0016a2e0	FUN_0016a2e0	0	0016a2e0-0016a328
0016a328	FUN_0016a328	0	0016a328-0016a354
0016a358	FUN_0016a358	0	0016a358-0016a41c
0016a420	FUN_0016a420	0	0016a420-0016a4e4
0016a4e8	FUN_0016a4e8	0	0016a4e8-0016a5b0
0016a5b0	FUN_0016a5b0	0	0016a5b0-0016a950
0016a950	FUN_0016a950	0	0016a950-0016a99c
0016a9a0	FUN_0016a9a0	0	0016a9a0-0016a9b4
0016a9b8	FUN_0016a9b8	0	0016a9b8-0016abf4
0016abf8	FUN_0016abf8	0	0016abf8-0016ac34
0016ac38	FUN_0016ac38	0	0016ac38-0016ac80
0016ac80	FUN_0016ac80	0	0016ac80-0016acdc
0016ace0	FUN_0016ace0	0	0016ace0-0016ad38
0016ad38	FUN_0016ad38	0	0016ad38-0016ad68
0016ad68	FUN_0016ad68	0	0016ad68-0016adc8
0016adc8	FUN_0016adc8	0	0016adc8-0016ae14
0016ae18	FUN_0016ae18	0	0016ae18-0016ae58
0016ae58	FUN_0016ae58	0	0016ae58-0016aeb4
0016aeb8	FUN_0016aeb8	0	0016aeb8-0016aef0
0016aef0	FUN_0016aef0	0	0016aef0-0016af54
0016af58	FUN_0016af58	0	0016af58-0016afe0
0016afe0	FUN_0016afe0	0	0016afe0-0016b00c
0016b010	FUN_0016b010	0	0016b010-0016b040
0016b040	FUN_0016b040	0	0016b040-0016b06c
0016b070	FUN_0016b070	0	0016b070-0016b09c
0016b0a0	FUN_0016b0a0	0	0016b0a0-0016b0cc
0016b0d0	FUN_0016b0d0	0	0016b0d0-0016b0dc
0016b0e0	FUN_0016b0e0	0	0016b0e0-0016b474
0016b478	FUN_0016b478	0	0016b478-0016b514
0016b518	FUN_0016b518	0	0016b518-0016b554
0016b558	FUN_0016b558	0	0016b558-0016b5b8
0016b5b8	FUN_0016b5b8	0	0016b5b8-0016b634
0016b638	FUN_0016b638	0	0016b638-0016b664
0016b668	FUN_0016b668	0	0016b668-0016b73c
0016b740	FUN_0016b740	0	0016b740-0016b7a0
0016b7a0	FUN_0016b7a0	0	0016b7a0-0016b7fc
0016b800	FUN_0016b800	0	0016b800-0016b85c
0016bae8	FUN_0016bae8	0	0016bae8-0016bb34
0016bb38	FUN_0016bb38	0	0016bb38-0016bb8c,0016bb90-0016bba8
0016bba8	FUN_0016bba8	0	0016bba8-0016bc1c
0016bc20	FUN_0016bc20	0	0016bc20-0016bc94
0016bc98	FUN_0016bc98	0	0016bc98-0016bd0c
0016bd10	FUN_0016bd10	0	0016bd10-0016bd5c
0016bd60	FUN_0016bd60	0	0016bd60-0016bda8
0016bda8	FUN_0016bda8	0	0016bda8-0016bdfc
0016be00	FUN_0016be00	0	0016be00-0016be98
0016be98	FUN_0016be98	0	0016be98-0016bf1c
0016bf20	FUN_0016bf20	0	0016bf20-0016bf38
0016bf38	FUN_0016bf38	0	0016bf38-0016bff0
0016bff0	FUN_0016bff0	0	0016bff0-0016c008
0016c008	FUN_0016c008	0	0016c008-0016c018
0016c018	FUN_0016c018	0	0016c018-0016c028
0016c028	FUN_0016c028	0	0016c028-0016c05c
0016c060	FUN_0016c060	0	0016c060-0016c168
0016c168	FUN_0016c168	0	0016c168-0016c2ac
0016c2b0	FUN_0016c2b0	0	0016c2b0-0016c330
0016c358	FUN_0016c358	0	0016c358-0016c3a4
0016c3a8	FUN_0016c3a8	0	0016c3a8-0016c460
0016c460	FUN_0016c460	0	0016c460-0016c4e8
0016c4e8	FUN_0016c4e8	0	0016c4e8-0016c504
0016c508	FUN_0016c508	0	0016c508-0016c564
0016c568	FUN_0016c568	0	0016c568-0016c59c
0016c5a0	FUN_0016c5a0	0	0016c5a0-0016c5b8
0016c5b8	FUN_0016c5b8	0	0016c5b8-0016c640
0016c640	FUN_0016c640	0	0016c640-0016c684,0016c688-0016c698
0016c698	FUN_0016c698	0	0016c698-0016c6e4
0016c6e8	FUN_0016c6e8	0	0016c6e8-0016c750
0016c750	FUN_0016c750	0	0016c750-0016c76c
0016c770	FUN_0016c770	0	0016c770-0016c79c
0016c7a0	FUN_0016c7a0	0	0016c7a0-0016c7d4
0016c7d8	FUN_0016c7d8	0	0016c7d8-0016c808
0016c808	FUN_0016c808	0	0016c808-0016c8f4
0016c8f8	FUN_0016c8f8	0	0016c8f8-0016c9e4
0016c9e8	FUN_0016c9e8	0	0016c9e8-0016cab4
0016cab8	FUN_0016cab8	0	0016cab8-0016cb84
0016cb88	FUN_0016cb88	0	0016cb88-0016cb9c
0016cba0	FUN_0016cba0	0	0016cba0-0016cbc4
0016cbc8	FUN_0016cbc8	0	0016cbc8-0016cc14
0016cc18	FUN_0016cc18	0	0016cc18-0016cce4
0016cce8	FUN_0016cce8	0	0016cce8-0016cd44
0016cd48	FUN_0016cd48	0	0016cd48-0016ce90
0016ce90	FUN_0016ce90	0	0016ce90-0016cecc
0016ced0	FUN_0016ced0	0	0016ced0-0016cf00
0016cf00	FUN_0016cf00	0	0016cf00-0016cfa0
0016cfa0	FUN_0016cfa0	0	0016cfa0-0016cfec
0016cff0	FUN_0016cff0	0	0016cff0-0016d07c
0016d080	FUN_0016d080	0	0016d080-0016d0d8
0016d0f0	FUN_0016d0f0	0	0016d0d8-0016d10c
0016d110	FUN_0016d110	0	0016d110-0016d194
0016d1a0	FUN_0016d1a0	0	0016d1a0-0016d1d8
0016d1d8	FUN_0016d1d8	0	0016d1d8-0016d1ec
0016d1f0	FUN_0016d1f0	0	0016d1f0-0016d230
0016d230	FUN_0016d230	0	0016d230-0016d27c
0016d280	FUN_0016d280	0	0016d280-0016d29c
0016d2e0	FUN_0016d2e0	0	0016d2e0-0016d30c
0016d310	FUN_0016d310	0	0016d310-0016d33c
0016d340	FUN_0016d340	0	0016d340-0016d3c4
0016d3c8	FUN_0016d3c8	0	0016d3c8-0016d44c
0016d450	FUN_0016d450	0	0016d450-0016d4d0
0016d4d0	FUN_0016d4d0	0	0016d4d0-0016d558
0016d5d0	FUN_0016d5d0	0	0016d5d0-0016d63c
0016d640	FUN_0016d640	0	0016d640-0016d68c
0016d698	FUN_0016d698	0	0016d698-0016d6fc
0016d728	FUN_0016d728	0	0016d728-0016d75c
0016d760	FUN_0016d760	0	0016d760-0016d800
0016d800	FUN_0016d800	0	0016d800-0016d848
0016d888	FUN_0016d888	0	0016d888-0016d8d0
0016d8d0	FUN_0016d8d0	0	0016d8d0-0016d920
0016d920	FUN_0016d920	0	0016d920-0016d968
0016d968	FUN_0016d968	0	0016d968-0016da1c
0016da20	FUN_0016da20	0	0016da20-0016dad8
0016dad8	FUN_0016dad8	0	0016dad8-0016db20
0016db20	FUN_0016db20	0	0016db20-0016db98
0016dbe0	FUN_0016dbe0	0	0016dbe0-0016dc24
0016dc28	FUN_0016dc28	0	0016dc28-0016dc50
0016dc50	FUN_0016dc50	0	0016dc50-0016dc68
0016dc68	FUN_0016dc68	0	0016dc68-0016dc80
0016dc80	FUN_0016dc80	0	0016dc80-0016dcac
0016dcb0	FUN_0016dcb0	0	0016dcb0-0016dcd8
0016dcd8	FUN_0016dcd8	0	0016dcd8-0016dd00
0016dd00	FUN_0016dd00	0	0016dd00-0016dd28
0016dd28	FUN_0016dd28	0	0016dd28-0016dda8
0016de90	FUN_0016de90	0	0016de90-0016debc
0016dec0	FUN_0016dec0	0	0016dec0-0016ded8
0016ded8	FUN_0016ded8	0	0016ded8-0016def0
0016def0	FUN_0016def0	0	0016def0-0016df0c
0016df28	FUN_0016df28	0	0016df28-0016df70
0016df70	FUN_0016df70	0	0016df70-0016dfb8
0016dfb8	FUN_0016dfb8	0	0016dfb8-0016dfd4
0016e000	FUN_0016e000	0	0016e000-0016e048
0016e048	FUN_0016e048	0	0016e048-0016e090
0016e090	FUN_0016e090	0	0016e090-0016e0c4
0016e0c8	FUN_0016e0c8	0	0016e0c8-0016e0f4
0016e130	FUN_0016e130	0	0016e130-0016e168
0016e168	FUN_0016e168	0	0016e168-0016e17c
0016e1c0	FUN_0016e1c0	0	0016e1c0-0016e1fc
0016e200	FUN_0016e200	0	0016e200-0016e23c
0016e240	FUN_0016e240	0	0016e240-0016e290
0016e290	FUN_0016e290	0	0016e290-0016e2a8
0016e2a8	FUN_0016e2a8	0	0016e2a8-0016e2c0
0016e2c0	FUN_0016e2c0	0	0016e2c0-0016e2ec
0016e2f0	FUN_0016e2f0	0	0016e2f0-0016e31c
0016e320	FUN_0016e320	0	0016e320-0016e338
0016e338	FUN_0016e338	0	0016e338-0016e374
0016e3e0	FUN_0016e3e0	0	0016e3e0-0016e4e0
0016e500	FUN_0016e500	0	0016e500-0016e53c
0016e540	FUN_0016e540	0	0016e540-0016e558
0016e568	FUN_0016e568	0	0016e568-0016e594
0016e598	FUN_0016e598	0	0016e598-0016e5c4
0016e5c8	FUN_0016e5c8	0	0016e5c8-0016e5e0
0016e5e0	FUN_0016e5e0	0	0016e5e0-0016e5fc
0016e638	FUN_0016e638	0	0016e638-0016e650
0016e650	FUN_0016e650	0	0016e650-0016e67c
0016e688	FUN_0016e688	0	0016e688-0016e6a8
0016e718	FUN_0016e718	0	0016e718-0016e740
0016e740	FUN_0016e740	0	0016e740-0016e754
0016e7b8	FUN_0016e7b8	0	0016e7b8-0016e7d0
0016e7d0	FUN_0016e7d0	0	0016e7d0-0016e7fc
0016e800	FUN_0016e800	0	0016e800-0016e834
0016e838	FUN_0016e838	0	0016e838-0016e854
0016e858	FUN_0016e858	0	0016e858-0016e878
0016e8b8	FUN_0016e8b8	0	0016e8b8-0016e8d4
0016e8f8	FUN_0016e8f8	0	0016e8f8-0016e91c
0016e920	FUN_0016e920	0	0016e920-0016e9dc,0016e9e0-0016eb18
0016eb18	FUN_0016eb18	0	0016eb18-0016eb44
0016eb48	FUN_0016eb48	0	0016eb48-0016ed50
0016ed50	FUN_0016ed50	0	0016ed50-0016ee64,0016ee68-0016eeec,0016eef0-0016ef28
0016ef28	FUN_0016ef28	0	0016ef28-0016ef54
0016ef58	FUN_0016ef58	0	0016ef58-0016effc
0016f000	FUN_0016f000	0	0016f000-0016f294,0016f298-0016f430
0016f448	FUN_0016f448	0	0016f448-0016f460
0016f460	FUN_0016f460	0	0016f460-0016f46c
0016f470	FUN_0016f470	0	0016f470-0016f4b4
0016f4b8	FUN_0016f4b8	0	0016f4b8-0016f51c
0016f520	FUN_0016f520	0	0016f520-0016f610
0016f610	FUN_0016f610	0	0016f610-0016f6a0
0016f6a0	FUN_0016f6a0	0	0016f6a0-0016f6e0
0016f6f8	FUN_0016f6f8	0	0016f6f8-0016f770
0016f770	FUN_0016f770	0	0016f770-0016f7a0
0016f7a0	FUN_0016f7a0	0	0016f7a0-0016f7b0
0016f7b0	FUN_0016f7b0	0	0016f7b0-0016f7cc
0016f7d0	FUN_0016f7d0	0	0016f7d0-0016f8cc
0016f8d0	FUN_0016f8d0	0	0016f8d0-0016f930
0016f930	FUN_0016f930	0	0016f930-0016f970
0016f970	FUN_0016f970	0	0016f970-0016f9e4
0016f9e8	FUN_0016f9e8	0	0016f9e8-0016fa54
0016fa58	FUN_0016fa58	0	0016fa58-0016fa84
0016fa98	FUN_0016fa98	0	0016fa98-0016fab0
0016fab0	FUN_0016fab0	0	0016fab0-0016fac8
0016fac8	FUN_0016fac8	0	0016fac8-0016fafc
0016fb00	FUN_0016fb00	0	0016fb00-0016fb30
0016fb30	FUN_0016fb30	0	0016fb30-0016fba0
0016fba0	FUN_0016fba0	0	0016fba0-0016fc10
0016fc10	FUN_0016fc10	0	0016fc10-0016fc74,0016fc78-0016fda4
0016fda8	FUN_0016fda8	0	0016fda8-0016ffc4
0016ffc8	FUN_0016ffc8	0	0016ffc8-00170018
00170018	FUN_00170018	0	00170018-001700e4
001700e8	FUN_001700e8	0	001700e8-00170160
00170188	FUN_00170188	0	00170188-0017023c
00170240	FUN_00170240	0	00170240-001702e0
001702e0	FUN_001702e0	0	001702e0-0017031c
00170320	FUN_00170320	0	00170320-0017036c,00170370-001703a8
001703a8	FUN_001703a8	0	001703a8-001703fc
00170400	FUN_00170400	0	00170400-00170514
00170518	FUN_00170518	0	00170518-0017052c
00170530	FUN_00170530	0	00170530-0017056c
00170570	FUN_00170570	0	00170570-001705a4
001705a8	FUN_001705a8	0	001705a8-00170670
00170670	FUN_00170670	0	00170670-001707d4
001707d8	FUN_001707d8	0	001707d8-00170884
00170888	FUN_00170888	0	00170888-001708f8
001708f8	FUN_001708f8	0	001708f8-00170950
00170950	FUN_00170950	0	00170950-00170978
00170978	FUN_00170978	0	00170978-001709d0
001709d0	FUN_001709d0	0	001709d0-00170a50
00170a50	FUN_00170a50	0	00170a50-00170a90
00170a90	FUN_00170a90	0	00170a90-00170ae4,00170ae8-00170b30
00170b30	FUN_00170b30	0	00170b30-00170bfc
00170c00	FUN_00170c00	0	00170c00-00170c38
00170c38	FUN_00170c38	0	00170c38-00170c50
00170c50	FUN_00170c50	0	00170c50-00170ccc
00170cd0	FUN_00170cd0	0	00170cd0-00170d18
00170d18	FUN_00170d18	0	00170d18-00170d38
00170d38	FUN_00170d38	0	00170d38-00170dac
00170db0	FUN_00170db0	0	00170db0-00170dd0
00170dd0	FUN_00170dd0	0	00170dd0-00170e04,00170e08-00170e18
00170e18	FUN_00170e18	0	00170e18-00170e54
00170e58	FUN_00170e58	0	00170e58-00170e80
00170e80	FUN_00170e80	0	00170e80-00170ee4
00170ee8	FUN_00170ee8	0	00170ee8-00170f34
00170f38	FUN_00170f38	0	00170f38-00170f54
00170f98	FUN_00170f98	0	00170f98-0017102c
00171068	FUN_00171068	0	00171068-00171090
00171090	FUN_00171090	0	00171090-001710cc
001710d0	FUN_001710d0	0	001710d0-00171110
00171110	FUN_00171110	0	00171110-00171150
00171150	FUN_00171150	0	00171150-0017117c
00171210	FUN_00171210	0	00171210-00171254
00171268	FUN_00171268	0	00171268-001712b0
001712b0	FUN_001712b0	0	001712b0-001712f8
001712f8	FUN_001712f8	0	001712f8-00171318
00171348	FUN_00171348	0	00171348-00171374
00171378	FUN_00171378	0	00171378-001713a4
001713a8	FUN_001713a8	0	001713a8-001713d8
001713f0	FUN_001713f0	0	001713f0-00171418
00171418	FUN_00171418	0	00171418-00171460
00171460	FUN_00171460	0	00171460-00171480
00171480	FUN_00171480	0	00171480-001714b0
001714b0	FUN_001714b0	0	001714b0-001714d0
001714d0	FUN_001714d0	0	001714d0-00171500
00171518	FUN_00171518	0	00171518-00171564
001715e0	FUN_001715e0	0	001715e0-00171610
00171610	FUN_00171610	0	00171610-00171640
00171640	FUN_00171640	0	00171640-00171690
00171690	FUN_00171690	0	00171690-001716bc
00171740	FUN_00171740	0	00171740-00171794
001717b0	FUN_001717b0	0	001717b0-001717e0
001717e0	FUN_001717e0	0	001717e0-00171810
00171810	FUN_00171810	0	00171810-00171844
00171848	FUN_00171848	0	00171848-00171898
00171898	FUN_00171898	0	00171898-001718cc
001718d0	FUN_001718d0	0	001718d0-001718f0
001718f0	FUN_001718f0	0	001718f0-00171910
00171910	FUN_00171910	0	00171910-00171930
00171930	FUN_00171930	0	00171930-00171960
00171978	FUN_00171978	0	00171978-00171998
00171998	FUN_00171998	0	00171998-001719fc
00171a40	FUN_00171a40	0	00171a40-00171a70
00171a70	FUN_00171a70	0	00171a70-00171ac8
00171ac8	FUN_00171ac8	0	00171ac8-00171b28
00171b28	FUN_00171b28	0	00171b28-00171b44
00171b80	FUN_00171b80	0	00171b80-00171ba0
00171ba0	FUN_00171ba0	0	00171ba0-00171bc0
00171bc0	FUN_00171bc0	0	00171bc0-00171be4
00171c30	FUN_00171c30	0	00171c30-00171c48
00171c48	FUN_00171c48	0	00171c48-00171c60
00171c60	FUN_00171c60	0	00171c60-00171cbc
00171cc0	FUN_00171cc0	0	00171cc0-00171cdc
00171d08	FUN_00171d08	0	00171d08-00171d28
00171d28	FUN_00171d28	0	00171d28-00171d4c
00171dd8	FUN_00171dd8	0	00171dd8-00171dfc
00171e58	FUN_00171e58	0	00171e58-00171e84
00171e88	FUN_00171e88	0	00171e88-00171ea8
00171ea8	FUN_00171ea8	0	00171ea8-00171f00
00171f00	FUN_00171f00	0	00171f00-00171f20
00171f20	FUN_00171f20	0	00171f20-00171f5c
00171f68	FUN_00171f68	0	00171f68-00171fa4
00171fa8	FUN_00171fa8	0	00171fa8-00172008
00172008	FUN_00172008	0	00172008-00172028
00172028	FUN_00172028	0	00172028-00172044
00172078	FUN_00172078	0	00172078-001720a4
001720d0	FUN_001720d0	0	001720d0-001720f4
00172158	FUN_00172158	0	00172158-001721d4
001721d8	FUN_001721d8	0	001721d8-0017220c
00172260	FUN_00172260	0	00172260-001722e4
001722e8	FUN_001722e8	0	001722e8-00172364
00172368	FUN_00172368	0	00172368-0017239c
001723a0	FUN_001723a0	0	001723a0-001723d0
001723d0	FUN_001723d0	0	001723d0-00172408
00172440	FUN_00172440	0	00172440-00172484
001724f8	FUN_001724f8	0	001724f8-00172524
001725b8	FUN_001725b8	0	001725b8-001725dc
00172648	FUN_00172648	0	00172648-00172688
00172688	FUN_00172688	0	00172688-001726c8
001726c8	FUN_001726c8	0	001726c8-0017270c
00172710	FUN_00172710	0	00172710-00172734
00172758	FUN_00172758	0	00172758-00172790
00172790	FUN_00172790	0	00172790-001727c4
001727c8	FUN_001727c8	0	001727c8-001727fc
00172830	FUN_00172830	0	00172830-00172854
00172890	FUN_00172890	0	00172890-001728dc
001728e0	FUN_001728e0	0	001728e0-00172924
00172928	FUN_00172928	0	00172928-00172984
001729d8	FUN_001729d8	0	001729d8-00172a0c
00172a10	FUN_00172a10	0	00172a10-00172a50
00172a80	FUN_00172a80	0	00172a80-00172ae0
00172ae0	FUN_00172ae0	0	00172ae0-00172b28
00172b28	FUN_00172b28	0	00172b28-00172b44
00172b68	FUN_00172b68	0	00172b68-00172b84
00172ba8	FUN_00172ba8	0	00172ba8-00172bd8
00172bd8	FUN_00172bd8	0	00172bd8-00172c08
00172c08	FUN_00172c08	0	00172c08-00172c38
00172c38	FUN_00172c38	0	00172c38-00172c9c
00172d78	FUN_00172d78	0	00172d78-00172da4
00172da8	FUN_00172da8	0	00172da8-00172dd4
00172dd8	FUN_00172dd8	0	00172dd8-00172e04
00172e48	FUN_00172e48	0	00172e48-00172e84
00172e88	FUN_00172e88	0	00172e88-00172ea8
00172ea8	FUN_00172ea8	0	00172ea8-00172ec4
00172f00	FUN_00172f00	0	00172f00-00172f2c
00172fb0	FUN_00172fb0	0	00172fb0-00173004
00173008	FUN_00173008	0	00173008-00173084
001730b0	FUN_001730b0	0	001730b0-001730e0
00173120	FUN_00173120	0	00173120-00173148
001731e0	FUN_001731e0	0	001731e0-00173254
00173270	FUN_00173270	0	00173270-00173298
00173298	FUN_00173298	0	00173298-001732b0
001732b0	FUN_001732b0	0	001732b0-001732c8
001732c8	FUN_001732c8	0	001732c8-00173300
00173300	FUN_00173300	0	00173300-00173344
00173348	FUN_00173348	0	00173348-001733b4
001733b8	FUN_001733b8	0	001733b8-001733f4
001733f8	FUN_001733f8	0	001733f8-00173450
00173450	FUN_00173450	0	00173450-001734b0
001734b0	FUN_001734b0	0	001734b0-00173518
00173518	FUN_00173518	0	00173518-00173558
00173558	FUN_00173558	0	00173558-001735ac
001735b0	FUN_001735b0	0	001735b0-0017360c
00173610	FUN_00173610	0	00173610-0017362c
00173680	FUN_00173680	0	00173680-00173694
00173808	FUN_00173808	0	00173808-0017383c
00173878	FUN_00173878	0	00173878-00173914
00173918	FUN_00173918	0	00173918-00173980
00173980	FUN_00173980	0	00173980-001739b4
001739b8	FUN_001739b8	0	001739b8-00173a20
00173a60	FUN_00173a60	0	00173a60-00173a98
00173a98	FUN_00173a98	0	00173a98-00173ad0
00173b98	FUN_00173b98	0	00173b98-00173bbc
00173c18	FUN_00173c18	0	00173c18-00173c38
00173c38	FUN_00173c38	0	00173c38-00173c70
00173c70	FUN_00173c70	0	00173c70-00173ce4
00173ce8	FUN_00173ce8	0	00173ce8-00173d68
00173d80	FUN_00173d80	0	00173d80-00173da0
00173da0	FUN_00173da0	0	00173da0-00173dc0
00173dc0	FUN_00173dc0	0	00173dc0-00173e0c
00173e10	FUN_00173e10	0	00173e10-00173e38
00173e38	FUN_00173e38	0	00173e38-00173e64
00173e88	FUN_00173e88	0	00173e88-00173eb4
00173eb8	FUN_00173eb8	0	00173eb8-00173ed4
00173f08	FUN_00173f08	0	00173f08-00173f68
00173f68	FUN_00173f68	0	00173f68-00173ff4
00173ff8	FUN_00173ff8	0	00173ff8-00174024
00174060	FUN_00174060	0	00174060-0017408c
001740b8	FUN_001740b8	0	001740b8-001740e0
001740f8	FUN_001740f8	0	001740f8-00174118
00174118	FUN_00174118	0	00174118-00174138
00174138	FUN_00174138	0	00174138-00174168
00174168	FUN_00174168	0	00174168-00174190
00174190	FUN_00174190	0	00174190-001741dc
001741e0	FUN_001741e0	0	001741e0-0017420c
00174230	FUN_00174230	0	00174230-00174258
00174258	FUN_00174258	0	00174258-00174278
00174290	FUN_00174290	0	00174290-001742f8
001742f8	FUN_001742f8	0	001742f8-0017430c
00174388	FUN_00174388	0	00174388-001743dc
00174400	FUN_00174400	0	00174400-00174420
00174420	FUN_00174420	0	00174420-00174444
001744b8	FUN_001744b8	0	001744b8-001744dc
00174518	FUN_00174518	0	00174518-00174558
00174558	FUN_00174558	0	00174558-001745a0
001745a0	FUN_001745a0	0	001745a0-001745c8
001745c8	FUN_001745c8	0	001745c8-001745f4
001745f8	FUN_001745f8	0	001745f8-00174610
00174610	FUN_00174610	0	00174610-0017463c
00174640	FUN_00174640	0	00174640-00174664
00174688	FUN_00174688	0	00174688-0017469c
001746c8	FUN_001746c8	0	001746c8-001746f4
00174728	FUN_00174728	0	00174728-00174754
00174780	FUN_00174780	0	00174780-001747a8
001747a8	FUN_001747a8	0	001747a8-001747bc
00174858	FUN_00174858	0	00174858-0017489c
001748a0	FUN_001748a0	0	001748a0-001748c8
00174988	FUN_00174988	0	00174988-001749b0
001749b0	FUN_001749b0	0	001749b0-001749c8
001749c8	FUN_001749c8	0	001749c8-001749e0
00174a90	FUN_00174a90	0	00174a90-00174abc
00174af8	FUN_00174af8	0	00174af8-00174b28
00174b28	FUN_00174b28	0	00174b28-00174b48
00174b88	FUN_00174b88	0	00174b88-00174ba8
00174ba8	FUN_00174ba8	0	00174ba8-00174bc8
00174bc8	FUN_00174bc8	0	00174bc8-00174be8
00174be8	FUN_00174be8	0	00174be8-00174c2c
00174c30	FUN_00174c30	0	00174c30-00174c4c
00174d18	FUN_00174d18	0	00174d18-00174d38
00174d38	FUN_00174d38	0	00174d38-00174d4c
00174d98	FUN_00174d98	0	00174d98-00174de0
00174de0	FUN_00174de0	0	00174de0-00174df8
00174df8	FUN_00174df8	0	00174df8-00174e10
00174e10	FUN_00174e10	0	00174e10-00174e38
00174e38	FUN_00174e38	0	00174e38-00174f54
00174f58	FUN_00174f58	0	00174f58-00174f70
00174f70	FUN_00174f70	0	00174f70-00174f88
00174f88	FUN_00174f88	0	00174f88-00174fb0
001750b0	FUN_001750b0	0	001750b0-001750d8
001750d8	FUN_001750d8	0	001750d8-00175104
00175108	FUN_00175108	0	00175108-0017512c
00175170	FUN_00175170	0	00175170-0017519c
001751c0	FUN_001751c0	0	001751c0-001751f4
001751f8	FUN_001751f8	0	001751f8-00175218
00175218	FUN_00175218	0	00175218-00175240
00175240	FUN_00175240	0	00175240-0017525c
001752a0	FUN_001752a0	0	001752a0-001752dc
001752e0	FUN_001752e0	0	001752e0-00175300
00175300	FUN_00175300	0	00175300-00175328
00175328	FUN_00175328	0	00175328-0017534c
00175370	FUN_00175370	0	00175370-001753dc
00175438	FUN_00175438	0	00175438-00175460
00175460	FUN_00175460	0	00175460-00175480
00175480	FUN_00175480	0	00175480-001754a4
001754d0	FUN_001754d0	0	001754d0-00175500
00175500	FUN_00175500	0	00175500-0017551c
00175550	FUN_00175550	0	00175520-00175528,00175550-0017556c
001755a4	FUN_001755a4	0	001755a4-00175670
00175670	FUN_00175670	0	00175670-00175790
00175790	FUN_00175790	0	00175790-001758b0
001758b0	FUN_001758b0	0	001758b0-00175924
00175928	FUN_00175928	0	00175928-001759ec
001759f0	FUN_001759f0	0	001759f0-00175a6c
00175a70	FUN_00175a70	0	00175a70-00175af8
00175af8	FUN_00175af8	0	00175af8-00175b68
00175b68	FUN_00175b68	0	00175b68-00175bb8
00175bb8	FUN_00175bb8	0	00175bb8-00175c88
00175c88	FUN_00175c88	0	00175c88-00175f64
00175f68	FUN_00175f68	0	00175f68-00176168
00176168	FUN_00176168	0	00176168-00176258
00176258	FUN_00176258	0	00176258-001762bc
001762c0	FUN_001762c0	0	001762c0-001762f8
001762f8	FUN_001762f8	0	001762f8-00176454
00176458	FUN_00176458	0	00176458-0017661c
00176620	FUN_00176620	0	00176620-0017667c
00176680	FUN_00176680	0	00176680-00176760
00176760	FUN_00176760	0	00176760-001767b4
00176818	FUN_00176818	0	00176818-00176864
00176868	FUN_00176868	0	00176868-00176964,00176968-00176970
00176970	FUN_00176970	0	00176970-00176a5c
00176a60	FUN_00176a60	0	00176a60-00176a68
00176a68	FUN_00176a68	0	00176a68-00176a90
00176a90	FUN_00176a90	0	00176a90-00176b1c
00176b20	FUN_00176b20	0	00176b20-00176b54
00176b58	FUN_00176b58	0	00176b58-00176be0
00176be0	FUN_00176be0	0	00176be0-00176c68
00176c68	FUN_00176c68	0	00176c68-00176ccc
00176cd0	FUN_00176cd0	0	00176cd0-00176d68
00176d68	FUN_00176d68	0	00176d68-00176db0
00176db0	FUN_00176db0	0	00176db0-00176dd4
00176dd8	FUN_00176dd8	0	00176dd8-00176e78
00176e78	FUN_00176e78	0	00176e78-00176ec8
00176ec8	FUN_00176ec8	0	00176ec8-00176f00
00176f00	FUN_00176f00	0	00176f00-00176fac
00176fb0	FUN_00176fb0	0	00176fb0-00177008
00177008	FUN_00177008	0	00177008-001773b8
001773b8	FUN_001773b8	0	001773b8-0017745c
00177460	FUN_00177460	0	00177460-00177494
00177498	FUN_00177498	0	00177498-001774e0
001774e0	FUN_001774e0	0	001774e0-00177540
00177540	FUN_00177540	0	00177540-001775a8
001775a8	FUN_001775a8	0	001775a8-001775f8
001775f8	FUN_001775f8	0	001775f8-00177634
00177638	FUN_00177638	0	00177638-00177674
001776a8	FUN_001776a8	0	001776a8-001776f4
001776f8	FUN_001776f8	0	001776f8-00177710
00177710	FUN_00177710	0	00177710-0017775c
00177760	FUN_00177760	0	00177760-0017784c
00177850	FUN_00177850	0	00177850-0017785c
00177860	FUN_00177860	0	00177860-0017786c
00177870	FUN_00177870	0	00177870-001778c0
001778c0	FUN_001778c0	0	001778c0-00177954
00177958	FUN_00177958	0	00177958-00177998
00177998	FUN_00177998	0	00177998-001779cc
001779d0	FUN_001779d0	0	001779d0-00177a24
00177a28	FUN_00177a28	0	00177a28-00177a38
00177a38	FUN_00177a38	0	00177a38-00177a58
00177a58	FUN_00177a58	0	00177a58-00177a74
00177a78	FUN_00177a78	0	00177a78-00177ab4
00177ab8	FUN_00177ab8	0	00177ab8-00177ba0
00177ba0	FUN_00177ba0	0	00177ba0-00177bf4
00177bf8	FUN_00177bf8	0	00177bf8-00177c4c
00177c50	FUN_00177c50	0	00177c50-00177d30
00177d30	FUN_00177d30	0	00177d30-00177dc4
00177dc8	FUN_00177dc8	0	00177dc8-00177f4c
00177f50	FUN_00177f50	0	00177f50-001780d4
001780d8	FUN_001780d8	0	001780d8-00178100
00178100	FUN_00178100	0	00178100-001781a8
001781a8	FUN_001781a8	0	001781a8-001781e4
001781e8	FUN_001781e8	0	001781e8-00178220
00178220	FUN_00178220	0	00178220-00178280
00178280	FUN_00178280	0	00178280-001782c8
001782c8	FUN_001782c8	0	001782c8-0017832c
00178330	FUN_00178330	0	00178330-001784a8
001784a8	FUN_001784a8	0	001784a8-0017856c
00178570	FUN_00178570	0	00178570-001785b8
001785b8	FUN_001785b8	0	001785b8-001786dc
001786e0	FUN_001786e0	0	001786e0-00178754
00178758	FUN_00178758	0	00178758-00178888
00178888	FUN_00178888	0	00178888-001788b4
001788b8	FUN_001788b8	0	001788b8-001789b4
001789b8	FUN_001789b8	0	001789b8-00178a4c
00178a50	FUN_00178a50	0	00178a50-00178ae4
00178ae8	FUN_00178ae8	0	00178ae8-00178bf0
00178bf0	FUN_00178bf0	0	00178bf0-00178cf4
00178cf8	FUN_00178cf8	0	00178cf8-00178d28
00178d28	FUN_00178d28	0	00178d28-00178e7c
00178fe8	FUN_00178fe8	0	00178fe8-001790bc
001790c0	FUN_001790c0	0	001790c0-00179148
00179148	FUN_00179148	0	00179148-001791e4
001791e8	FUN_001791e8	0	001791e8-00179304
00179308	FUN_00179308	0	00179308-00179444,00179448-00179450
00179450	FUN_00179450	0	00179450-0017952c
00179530	FUN_00179530	0	00179530-00179644
00179648	FUN_00179648	0	00179648-001796e4
001796e8	FUN_001796e8	0	001796e8-00179718
00179718	FUN_00179718	0	00179718-00179898
001798d8	FUN_001798d8	0	001798d8-00179a64
00179a68	FUN_00179a68	0	00179a68-00179b64
00179b68	FUN_00179b68	0	00179b68-00179bc8
00179bc8	FUN_00179bc8	0	00179bc8-00179be4
00179be8	FUN_00179be8	0	00179be8-00179c04
00179c08	FUN_00179c08	0	00179c08-00179c80
00179c80	FUN_00179c80	0	00179c80-00179cb4
00179cb8	FUN_00179cb8	0	00179cb8-00179dcc
00179dd0	FUN_00179dd0	0	00179dd0-00179e18
00179e18	FUN_00179e18	0	00179e18-00179e48
00179e48	FUN_00179e48	0	00179e48-00179e9c
00179ea0	FUN_00179ea0	0	00179ea0-00179eb4
00179eb8	FUN_00179eb8	0	00179eb8-00179f0c
00179f10	FUN_00179f10	0	00179f10-00179f58
00179f58	FUN_00179f58	0	00179f58-00179f80
00179f80	FUN_00179f80	0	00179f80-00179fcc
00179fd0	FUN_00179fd0	0	00179fd0-0017a1b4
0017a1c8	FUN_0017a1c8	0	0017a1c8-0017a204
0017a230	FUN_0017a230	0	0017a230-0017a25c
0017a298	FUN_0017a298	0	0017a298-0017a2cc
0017a2d0	FUN_0017a2d0	0	0017a2d0-0017a3ac
0017a3b0	FUN_0017a3b0	0	0017a3b0-0017a414
0017a418	FUN_0017a418	0	0017a418-0017a47c
0017a480	FUN_0017a480	0	0017a480-0017a538
0017a538	FUN_0017a538	0	0017a538-0017a58c
0017a590	FUN_0017a590	0	0017a590-0017a5fc
0017a600	FUN_0017a600	0	0017a600-0017a67c
0017a680	FUN_0017a680	0	0017a680-0017a6c8
0017a6c8	FUN_0017a6c8	0	0017a6c8-0017a714
0017a718	FUN_0017a718	0	0017a718-0017a794
0017a798	FUN_0017a798	0	0017a798-0017a7d8
0017a7d8	FUN_0017a7d8	0	0017a7d8-0017a7e0
0017a7e0	FUN_0017a7e0	0	0017a7e0-0017a8b4
0017a8b8	FUN_0017a8b8	0	0017a8b8-0017a8d4
0017a8f8	FUN_0017a8f8	0	0017a8f8-0017a938
0017a938	FUN_0017a938	0	0017a938-0017a968
0017a968	FUN_0017a968	0	0017a968-0017a9e4
0017a9e8	FUN_0017a9e8	0	0017a9e8-0017aab4
0017aab8	FUN_0017aab8	0	0017aab8-0017aad0
0017aad0	FUN_0017aad0	0	0017aad0-0017bef8
0017bf00	FUN_0017bf00	0	0017bf00-0017bf1c
0017bf40	FUN_0017bf40	0	0017bf40-0017bf9c
0017bfa0	FUN_0017bfa0	0	0017bfa0-0017c030
0017c030	FUN_0017c030	0	0017c030-0017c0a0
0017c0a0	FUN_0017c0a0	0	0017c0a0-0017c108
0017c108	FUN_0017c108	0	0017c108-0017c160
0017c160	FUN_0017c160	0	0017c160-0017c290
0017c400	FUN_0017c400	0	0017c400-0017c42c
0017c430	FUN_0017c430	0	0017c430-0017c4c4
0017c4c8	FUN_0017c4c8	0	0017c4c8-0017c574
0017c578	FUN_0017c578	0	0017c578-0017c660
0017c660	FUN_0017c660	0	0017c660-0017c690
0017c690	FUN_0017c690	0	0017c690-0017c870
0017c870	FUN_0017c870	0	0017c870-0017c8f0
0017c8f0	FUN_0017c8f0	0	0017c8f0-0017c930
0017c930	FUN_0017c930	0	0017c930-0017ca88
0017ca88	FUN_0017ca88	0	0017ca88-0017cb44
0017cb48	FUN_0017cb48	0	0017cb48-0017cb78
0017cb78	FUN_0017cb78	0	0017cb78-0017cbf4
0017cc30	FUN_0017cc30	0	0017cc30-0017cd04
0017cd20	FUN_0017cd20	0	0017cd20-0017ce10
0017ce10	FUN_0017ce10	0	0017ce10-0017ce80
0017ce80	FUN_0017ce80	0	0017ce80-0017cf00
0017cf00	FUN_0017cf00	0	0017cf00-0017d04c
0017d050	FUN_0017d050	0	0017d050-0017d0e4
0017d0e8	FUN_0017d0e8	0	0017d0e8-0017d130
0017d130	FUN_0017d130	0	0017d130-0017d160
0017d160	FUN_0017d160	0	0017d160-0017d1d4
0017d1d8	FUN_0017d1d8	0	0017d1d8-0017d344
0017d348	FUN_0017d348	0	0017d348-0017d534
0017d538	FUN_0017d538	0	0017d538-0017d5e8
0017d5e8	FUN_0017d5e8	0	0017d5e8-0017d698
0017d698	FUN_0017d698	0	0017d698-0017d744
0017d748	FUN_0017d748	0	0017d748-0017d8c0
0017d8c0	FUN_0017d8c0	0	0017d8c0-0017d930
0017d930	FUN_0017d930	0	0017d930-0017d964
0017d968	FUN_0017d968	0	0017d968-0017da90
0017da90	FUN_0017da90	0	0017da90-0017dbb8
0017dbb8	FUN_0017dbb8	0	0017dbb8-0017dc08
0017dc08	FUN_0017dc08	0	0017dc08-0017dc34
0017dc98	FUN_0017dc98	0	0017dc98-0017dcc0
0017dcc0	FUN_0017dcc0	0	0017dcc0-0017de70
0017de70	FUN_0017de70	0	0017de70-0017debc
0017dec0	FUN_0017dec0	0	0017dec0-0017dee4
0017dee8	FUN_0017dee8	0	0017dee8-0017df3c
0017df58	FUN_0017df58	0	0017df58-0017df70
0017df70	FUN_0017df70	0	0017df70-0017dfc8
0017dfc8	FUN_0017dfc8	0	0017dfc8-0017e02c
0017e030	FUN_0017e030	0	0017e030-0017e0ac
0017e0b0	FUN_0017e0b0	0	0017e0b0-0017e138
0017e138	FUN_0017e138	0	0017e138-0017e20c
0017e210	FUN_0017e210	0	0017e210-0017e280
0017e280	FUN_0017e280	0	0017e280-0017e30c
0017e310	FUN_0017e310	0	0017e310-0017e358
0017e358	FUN_0017e358	0	0017e358-0017e3b8
0017e3b8	FUN_0017e3b8	0	0017e3b8-0017e418
0017e418	FUN_0017e418	0	0017e418-0017e4f4
0017e4f8	FUN_0017e4f8	0	0017e4f8-0017e668
0017e668	FUN_0017e668	0	0017e668-0017e6d8
0017e6d8	FUN_0017e6d8	0	0017e6d8-0017e71c
0017e720	FUN_0017e720	0	0017e720-0017e808
0017e808	FUN_0017e808	0	0017e808-0017e834
0017e838	FUN_0017e838	0	0017e838-0017e854
0017e9d0	FUN_0017e9d0	0	0017e9d0-0017eb64
0017eb68	FUN_0017eb68	0	0017eb68-0017eb94
0017eb98	FUN_0017eb98	0	0017eb98-0017ebc4
0017ebc8	FUN_0017ebc8	0	0017ebc8-0017ebe4
0017ebe8	FUN_0017ebe8	0	0017ebe8-0017ebf0
0017ebf0	FUN_0017ebf0	0	0017ebf0-0017ec28
0017ec30	FUN_0017ec30	0	0017ec28-0017ec7c
0017ec80	FUN_0017ec80	0	0017ec80-0017ec98
0017ec98	FUN_0017ec98	0	0017ec98-0017eda8
0017eda8	FUN_0017eda8	0	0017eda8-0017edf0
0017edf0	FUN_0017edf0	0	0017edf0-0017ee68
0017ee68	FUN_0017ee68	0	0017ee68-0017eee4
0017eee8	FUN_0017eee8	0	0017eee8-0017efa0
0017efa0	FUN_0017efa0	0	0017efa0-0017f174
0017f178	FUN_0017f178	0	0017f178-0017f264
0017f268	FUN_0017f268	0	0017f268-0017f37c
0017f380	FUN_0017f380	0	0017f380-0017f3d8
0017f3d8	FUN_0017f3d8	0	0017f3d8-0017f42c
0017f430	FUN_0017f430	0	0017f430-0017f488
0017f488	FUN_0017f488	0	0017f488-0017f4e0
0017f4e0	FUN_0017f4e0	0	0017f4e0-0017f540
0017f540	FUN_0017f540	0	0017f540-0017f5dc
0017f5e0	FUN_0017f5e0	0	0017f5e0-0017f5f4
0017f5f8	FUN_0017f5f8	0	0017f5f8-0017f620
0017f620	FUN_0017f620	0	0017f620-0017f938
0017f938	FUN_0017f938	0	0017f938-0017fb9c
0017fba0	FUN_0017fba0	0	0017fba0-0017fd1c
0017fd20	FUN_0017fd20	0	0017fd20-0017fd30
0017fd30	FUN_0017fd30	0	0017fd30-0017fd5c
0017fd60	FUN_0017fd60	0	0017fd60-0017fdc0
0017fdf8	FUN_0017fdf8	0	0017fdf8-0017fe0c
0017fe10	FUN_0017fe10	0	0017fe10-0017fef0
0017fef0	FUN_0017fef0	0	0017fef0-0017ff68
0017ff68	FUN_0017ff68	0	0017ff68-0017fff4
0017fff8	FUN_0017fff8	0	0017fff8-00180058
00180058	FUN_00180058	0	00180058-001801ac
001801b0	FUN_001801b0	0	001801b0-001802d8
001802d8	FUN_001802d8	0	001802d8-00180378
00180378	FUN_00180378	0	00180378-00180404
00180408	FUN_00180408	0	00180408-00180448
00180448	FUN_00180448	0	00180448-00180510
00180510	FUN_00180510	0	00180510-001805a8
001805a8	FUN_001805a8	0	001805a8-001805e8
001805e8	FUN_001805e8	0	001805e8-00180614
00180618	FUN_00180618	0	00180618-00180698
00180698	FUN_00180698	0	00180698-001806f8
001806f8	FUN_001806f8	0	001806f8-0018076c
00180770	FUN_00180770	0	00180770-0018079c
001807a0	FUN_001807a0	0	001807a0-001807d0
001807d0	FUN_001807d0	0	001807d0-00180800
00180800	FUN_00180800	0	00180800-00180824
00180828	FUN_00180828	0	00180828-001808bc
001808c0	FUN_001808c0	0	001808c0-00180a10
00180a10	FUN_00180a10	0	00180a10-00180b0c
00180b10	FUN_00180b10	0	00180b10-00180b98
00180b98	FUN_00180b98	0	00180b98-00180c38
00180c38	FUN_00180c38	0	00180c38-00180c88
00180c88	FUN_00180c88	0	00180c88-00180cd0
00180cd0	FUN_00180cd0	0	00180cd0-00180cdc
00180ce0	FUN_00180ce0	0	00180ce0-00180d40
00180d40	FUN_00180d40	0	00180d40-00180d84
00180dc0	FUN_00180dc0	0	00180dc0-00180df4
00180df8	FUN_00180df8	0	00180df8-00180e24
00180e28	FUN_00180e28	0	00180e28-00180ef0
00180ef0	FUN_00180ef0	0	00180ef0-00180f28
00180f28	FUN_00180f28	0	00180f28-00181178
00181178	FUN_00181178	0	00181178-001814b8
001814b8	FUN_001814b8	0	001814b8-001814fc
00181500	FUN_00181500	0	00181500-00181550
00181550	FUN_00181550	0	00181550-0018156c
00181570	FUN_00181570	0	00181570-001815cc
001815d0	FUN_001815d0	0	001815d0-0018166c
00181670	FUN_00181670	0	00181670-00181734,00181738-00181774
00181778	FUN_00181778	0	00181778-001817ec
001817f0	FUN_001817f0	0	001817f0-00181854
00181858	FUN_00181858	0	00181858-001818a0
001818a0	FUN_001818a0	0	001818a0-001818e8
001818e8	FUN_001818e8	0	001818e8-00181930
00181930	FUN_00181930	0	00181930-00181978
00181978	FUN_00181978	0	00181978-001819c0
001819c0	FUN_001819c0	0	001819c0-00181a18
00181a18	FUN_00181a18	0	00181a18-00181a70
00181a70	FUN_00181a70	0	00181a70-00181a8c
00181a90	FUN_00181a90	0	00181a90-00181ad0
00181ad0	FUN_00181ad0	0	00181ad0-00181b9c
00181ba0	FUN_00181ba0	0	00181ba0-00181ba8
00181ba8	FUN_00181ba8	0	00181ba8-00181be4
00181be8	FUN_00181be8	0	00181be8-00181c24
00181c28	FUN_00181c28	0	00181c28-00181c7c
00181c80	FUN_00181c80	0	00181c80-00181cbc
00181cc0	FUN_00181cc0	0	00181cc0-00181d0c,00181d10-00181d30
00181d30	FUN_00181d30	0	00181d30-00181da0
00181da0	FUN_00181da0	0	00181da0-00182280
00182280	FUN_00182280	0	00182280-001823cc
001823d0	FUN_001823d0	0	001823d0-0018268c
00182690	FUN_00182690	0	00182690-001826c4
001826c8	FUN_001826c8	0	001826c8-001826dc
001826e0	FUN_001826e0	0	001826e0-001826f8
001826f8	FUN_001826f8	0	001826f8-0018271c
00182720	FUN_00182720	0	00182720-0018275c
00182760	FUN_00182760	0	00182760-0018277c
00182780	FUN_00182780	0	00182780-001827a8
001827a8	FUN_001827a8	0	001827a8-001827bc
001827e8	FUN_001827e8	0	001827e8-0018280c
00182838	FUN_00182838	0	00182838-00182860
00182860	FUN_00182860	0	00182860-001828b4
001828b8	FUN_001828b8	0	001828b8-0018290c
00182910	FUN_00182910	0	00182910-0018293c
00182940	FUN_00182940	0	00182940-00182980
00182980	FUN_00182980	0	00182980-001829ac
001829b0	FUN_001829b0	0	001829b0-00182a74
00182a78	FUN_00182a78	0	00182a78-00182ab0
00182ab0	FUN_00182ab0	0	00182ab0-00182b14
00182b18	FUN_00182b18	0	00182b18-00182bbc
00182bc0	FUN_00182bc0	0	00182bc0-00182c60
00182c60	FUN_00182c60	0	00182c60-00182d54,00182d58-00182d80
00182d80	FUN_00182d80	0	00182d80-00182dec
00182df0	FUN_00182df0	0	00182df0-00182dfc
00182e08	FUN_00182e08	0	00182e08-00182e94
00182e98	FUN_00182e98	0	00182e98-00182f24
00182f28	FUN_00182f28	0	00182f28-00182f34
00182f38	FUN_00182f38	0	00182f38-00182fa0
00182fa0	FUN_00182fa0	0	00182fa0-00183048
00183048	FUN_00183048	0	00183048-00183064
00183088	FUN_00183088	0	00183088-0018359c
001835a0	FUN_001835a0	0	001835a0-001835f4
001835f8	FUN_001835f8	0	001835f8-00183768
00183768	FUN_00183768	0	00183768-001837bc
001837c0	FUN_001837c0	0	001837c0-00183848
00183848	FUN_00183848	0	00183848-00183894,00183898-00183914
00183918	FUN_00183918	0	00183918-00184014,00184018-001840c0
001840c0	FUN_001840c0	0	001840c0-001841ec
001841f0	FUN_001841f0	0	001841f0-001842bc
001842c0	FUN_001842c0	0	001842c0-00184308
00184308	FUN_00184308	0	00184308-001843d4
001843d8	FUN_001843d8	0	001843d8-00184474
00184478	FUN_00184478	0	00184478-001844e8
001844e8	FUN_001844e8	0	001844e8-0018453c
00184540	FUN_00184540	0	00184540-001846a0
001846a0	FUN_001846a0	0	001846a0-001846f4
001846f8	FUN_001846f8	0	001846f8-00184780
00184780	FUN_00184780	0	00184780-001849b4
001849b8	FUN_001849b8	0	001849b8-001849d8
001849d8	FUN_001849d8	0	001849d8-00184a8c
00184a90	FUN_00184a90	0	00184a90-00184ad0
00184ad0	FUN_00184ad0	0	00184ad0-00184bb0
00184bb0	FUN_00184bb0	0	00184bb0-00184eb4
00184eb8	FUN_00184eb8	0	00184eb8-00184f90
00184f90	FUN_00184f90	0	00184f90-00185050
00185050	FUN_00185050	0	00185050-001850a0
001850a0	FUN_001850a0	0	001850a0-00185118
00185118	FUN_00185118	0	00185118-00185138
00185138	FUN_00185138	0	00185138-00185278
00185278	FUN_00185278	0	00185278-001852b8
001852b8	FUN_001852b8	0	001852b8-0018532c
00185330	FUN_00185330	0	00185330-00185468
00185468	FUN_00185468	0	00185468-001855a0
001855a0	FUN_001855a0	0	001855a0-001855dc
00185770	FUN_00185770	0	00185770-00185880
00185880	FUN_00185880	0	00185880-0018588c
00185890	FUN_00185890	0	00185890-0018590c
00185910	FUN_00185910	0	00185910-0018591c
00185920	FUN_00185920	0	00185920-00185988
00185988	FUN_00185988	0	00185988-00185a28
00185a28	FUN_00185a28	0	00185a28-00185a68
00185a68	FUN_00185a68	0	00185a68-00185a94
00185a98	FUN_00185a98	0	00185a98-00185ac0
00185ac0	FUN_00185ac0	0	00185ac0-00185b00
00185b00	FUN_00185b00	0	00185b00-00185b70
00185b70	FUN_00185b70	0	00185b70-00185be0
00185be0	FUN_00185be0	0	00185be0-00185c44
00185c48	FUN_00185c48	0	00185c48-00185cb4
00185d10	FUN_00185d10	0	00185d10-00185d94
00185d98	FUN_00185d98	0	00185d98-00185da4
00185da8	FUN_00185da8	0	00185da8-00185ddc
00185de0	FUN_00185de0	0	00185de0-00185e20
00185e20	FUN_00185e20	0	00185e20-00185e78
00185e78	FUN_00185e78	0	00185e78-00185ed4
00185ed8	FUN_00185ed8	0	00185ed8-00185f6c
00185f70	FUN_00185f70	0	00185f70-00186004
00186008	FUN_00186008	0	00186008-0018601c
00186020	FUN_00186020	0	00186020-00186078
00186078	FUN_00186078	0	00186078-001860ac
001860b0	FUN_001860b0	0	001860b0-0018610c
00186110	FUN_00186110	0	00186110-00186148
00186148	FUN_00186148	0	00186148-0018615c
00186378	FUN_00186378	0	00186378-001863a8
001863a8	FUN_001863a8	0	001863a8-00186474
00186478	FUN_00186478	0	00186478-00186548
00186548	FUN_00186548	0	00186548-00186590
00186590	FUN_00186590	0	00186590-0018669c
001866a0	FUN_001866a0	0	001866a0-001866ec
001866f0	FUN_001866f0	0	001866f0-0018673c
00186740	FUN_00186740	0	00186740-00186884
00186888	FUN_00186888	0	00186888-00186944
00186948	FUN_00186948	0	00186948-00186984
00186988	FUN_00186988	0	00186988-00186a8c
00186a90	FUN_00186a90	0	00186a90-00186b90
00186b90	FUN_00186b90	0	00186b90-00186c58
00186c58	FUN_00186c58	0	00186c58-00186ce4
00186ce8	FUN_00186ce8	0	00186ce8-00186d14
00186d18	FUN_00186d18	0	00186d18-00186d44
00186d48	FUN_00186d48	0	00186d48-00186ebc
00186ec0	FUN_00186ec0	0	00186ec0-00186fd8
00186fd8	FUN_00186fd8	0	00186fd8-00187018
00187018	FUN_00187018	0	00187018-001871c8
001871c8	FUN_001871c8	0	001871c8-001872e0
001872e0	FUN_001872e0	0	001872e0-001872fc
00187300	FUN_00187300	0	00187300-00187400
00187400	FUN_00187400	0	00187400-0018741c
00187420	FUN_00187420	0	00187420-0018749c
001874a0	FUN_001874a0	0	001874a0-0018751c
00187520	FUN_00187520	0	00187520-00187650
00187650	FUN_00187650	0	00187650-00187728
00187728	FUN_00187728	0	00187728-00187750
00187750	FUN_00187750	0	00187750-0018779c
001877a0	FUN_001877a0	0	001877a0-00187814
00187818	FUN_00187818	0	00187818-0018784c
00187850	FUN_00187850	0	00187850-00187864
00187868	FUN_00187868	0	00187868-00187890
00187890	FUN_00187890	0	00187890-001878e4
001878e8	FUN_001878e8	0	001878e8-0018791c
00187920	FUN_00187920	0	00187920-001879ec
00187a18	FUN_00187a18	0	00187a18-00187ab8
00187ab8	FUN_00187ab8	0	00187ab8-00187b2c
00187b30	FUN_00187b30	0	00187b30-00187b68
00187b68	FUN_00187b68	0	00187b68-00187b8c
00187b90	FUN_00187b90	0	00187b90-00187be4
00187be8	FUN_00187be8	0	00187be8-00187c9c
00187ca0	FUN_00187ca0	0	00187ca0-00187e20
00187e20	FUN_00187e20	0	00187e20-00187e54
00187e58	FUN_00187e58	0	00187e58-00187ef0
00187ef0	FUN_00187ef0	0	00187ef0-00187f90
00187f90	FUN_00187f90	0	00187f90-00187fd4
00187fd8	FUN_00187fd8	0	00187fd8-001880b0
001880b0	FUN_001880b0	0	001880b0-00188120
00188120	FUN_00188120	0	00188120-00188170
00188170	FUN_00188170	0	00188170-001881dc,001881e0-001881f4
001881f8	FUN_001881f8	0	001881f8-0018824c
00188250	FUN_00188250	0	00188250-001882a8
001882a8	FUN_001882a8	0	001882a8-00188340
00188340	FUN_00188340	0	00188340-00188398
00188398	FUN_00188398	0	00188398-001883d4
001883d8	FUN_001883d8	0	001883d8-001883f8
001883f8	FUN_001883f8	0	001883f8-00188430
00188430	FUN_00188430	0	00188430-0018846c
00188470	FUN_00188470	0	00188470-001884cc
001884d0	FUN_001884d0	0	001884d0-00188550
00188550	FUN_00188550	0	00188550-0018866c
00188670	FUN_00188670	0	00188670-001886d0
001886d0	FUN_001886d0	0	001886d0-00188738
00188738	FUN_00188738	0	00188738-00188754
00188758	FUN_00188758	0	00188758-001887d8
001887d8	FUN_001887d8	0	001887d8-00188824
00188828	FUN_00188828	0	00188828-00188844
001888c8	FUN_001888c8	0	001888c8-00188948
00188948	FUN_00188948	0	00188948-00188954
00188958	FUN_00188958	0	00188958-00188a24
00188a28	FUN_00188a28	0	00188a28-00188a64,00188a68-00188aa4,00188aa8-00188ac4
00188ac8	FUN_00188ac8	0	00188ac8-00188b64
00188b68	FUN_00188b68	0	00188b68-00188bb0
00188bb0	FUN_00188bb0	0	00188bb0-00188bf8
00188bf8	FUN_00188bf8	0	00188bf8-00188c0c
00188c10	FUN_00188c10	0	00188c10-00188c30
00188c30	FUN_00188c30	0	00188c30-00188e04
00188e08	FUN_00188e08	0	00188e08-00188fc0
00188fc0	FUN_00188fc0	0	00188fc0-00188fdc
00188fe0	FUN_00188fe0	0	00188fe0-00189024
00189028	FUN_00189028	0	00189028-00189064
00189068	FUN_00189068	0	00189068-001890a8
001890a8	FUN_001890a8	0	001890a8-00189108
00189108	FUN_00189108	0	00189108-00189128
00189170	FUN_00189170	0	00189170-001891b4
001891b8	FUN_001891b8	0	001891b8-001891fc
00189200	FUN_00189200	0	00189200-00189228
00189228	FUN_00189228	0	00189228-00189254
00189258	FUN_00189258	0	00189258-001892b4
001892b8	FUN_001892b8	0	001892b8-001892d8
001892d8	FUN_001892d8	0	001892d8-00189614,00189618-0018973c
00189d18	FUN_00189d18	0	00189d18-00189d38
00189d38	FUN_00189d38	0	00189d38-00189e14
00189e18	FUN_00189e18	0	00189e18-00189f1c
00189f20	FUN_00189f20	0	00189f20-0018a008
0018a008	FUN_0018a008	0	0018a008-0018a100
0018a100	FUN_0018a100	0	0018a100-0018a160
0018a1b8	FUN_0018a1b8	0	0018a1b8-0018a218
0018a218	FUN_0018a218	0	0018a218-0018a250
0018a250	FUN_0018a250	0	0018a250-0018a314
0018a318	FUN_0018a318	0	0018a318-0018a420
0018a420	FUN_0018a420	0	0018a420-0018a4d8
0018a4d8	FUN_0018a4d8	0	0018a4d8-0018a54c
0018a550	FUN_0018a550	0	0018a550-0018a624,0018a628-0018a670
0018a670	FUN_0018a670	0	0018a670-0018a7cc
0018a7d0	FUN_0018a7d0	0	0018a7d0-0018a818
0018a818	FUN_0018a818	0	0018a818-0018a958
0018a958	FUN_0018a958	0	0018a958-0018a96c
0018a970	FUN_0018a970	0	0018a970-0018aac0
0018aba0	FUN_0018aba0	0	0018aba0-0018ac7c
0018ac80	FUN_0018ac80	0	0018ac80-0018aca8
0018aca8	FUN_0018aca8	0	0018aca8-0018acd4
0018acd8	FUN_0018acd8	0	0018acd8-0018ad18
0018ad18	FUN_0018ad18	0	0018ad18-0018ae2c
0018b008	FUN_0018b008	0	0018b008-0018b010
0018b010	FUN_0018b010	0	0018b010-0018b0c4
0018b0c8	FUN_0018b0c8	0	0018b0c8-0018b10c
0018b110	FUN_0018b110	0	0018b110-0018b198
0018b198	FUN_0018b198	0	0018b198-0018b1b8
0018b1b8	FUN_0018b1b8	0	0018b1b8-0018b1d8
0018b1d8	FUN_0018b1d8	0	0018b1d8-0018b200
0018b200	FUN_0018b200	0	0018b200-0018b26c
0018b270	FUN_0018b270	0	0018b270-0018b288
0018b288	FUN_0018b288	0	0018b288-0018b334
0018b338	FUN_0018b338	0	0018b338-0018b474
0018b478	FUN_0018b478	0	0018b478-0018b7f4
0018b7f8	FUN_0018b7f8	0	0018b7f8-0018b8e0
0018b8e0	FUN_0018b8e0	0	0018b8e0-0018b984
0018b988	FUN_0018b988	0	0018b988-0018ba28
0018ba28	FUN_0018ba28	0	0018ba28-0018bae4
0018bae8	FUN_0018bae8	0	0018bae8-0018bb70
0018bb70	FUN_0018bb70	0	0018bb70-0018bbf8
0018bbf8	FUN_0018bbf8	0	0018bbf8-0018bc5c
0018bc60	FUN_0018bc60	0	0018bc60-0018bd50
0018bd50	FUN_0018bd50	0	0018bd50-0018bdfc
0018be00	FUN_0018be00	0	0018be00-0018bf9c
0018bfa0	FUN_0018bfa0	0	0018bfa0-0018c14c
0018c150	FUN_0018c150	0	0018c150-0018c23c
0018c250	FUN_0018c250	0	0018c250-0018c258
0018c258	FUN_0018c258	0	0018c258-0018c408
0018c420	FUN_0018c420	0	0018c420-0018c434
0018c438	FUN_0018c438	0	0018c438-0018c454
0018c458	FUN_0018c458	0	0018c458-0018c47c
0018c480	FUN_0018c480	0	0018c480-0018c48c
0018c490	FUN_0018c490	0	0018c490-0018c524
0018c528	FUN_0018c528	0	0018c528-0018c550,0018c560-0018c568
0018c570	FUN_0018c570	0	0018c570-0018c598
0018c598	FUN_0018c598	0	0018c598-0018c650
0018c650	FUN_0018c650	0	0018c650-0018c868
0018c868	FUN_0018c868	0	0018c868-0018c894
0018c898	FUN_0018c898	0	0018c898-0018c8b4
0018c8b8	FUN_0018c8b8	0	0018c8b8-0018c8ec
0018c8f0	FUN_0018c8f0	0	0018c8f0-0018c960
0018c960	FUN_0018c960	0	0018c960-0018ca0c
0018ca10	FUN_0018ca10	0	0018ca10-0018ca48
0018ca48	FUN_0018ca48	0	0018ca48-0018ca70,0018ca78-0018ca80
0018ca90	FUN_0018ca90	0	0018ca90-0018cac0
0018cac0	FUN_0018cac0	0	0018cac0-0018cadc
0018cae0	FUN_0018cae0	0	0018cae0-0018caf8
0018caf8	FUN_0018caf8	0	0018caf8-0018cb30
0018cb30	FUN_0018cb30	0	0018cb30-0018cd24
0018cd28	FUN_0018cd28	0	0018cd28-0018cdcc
0018cdd0	FUN_0018cdd0	0	0018cdd0-0018ce04
0018ce08	FUN_0018ce08	0	0018ce08-0018cef8
0018cef8	FUN_0018cef8	0	0018cef8-0018cf18
0018cf18	FUN_0018cf18	0	0018cf18-0018d010
0018d010	FUN_0018d010	0	0018d010-0018d02c
0018d050	FUN_0018d050	0	0018d050-0018d234
0018d238	FUN_0018d238	0	0018d238-0018d41c
0018d420	FUN_0018d420	0	0018d420-0018d500
0018d590	FUN_0018d590	0	0018d590-0018d620
0018d620	FUN_0018d620	0	0018d620-0018d738
0018d738	FUN_0018d738	0	0018d738-0018d78c
0018d790	FUN_0018d790	0	0018d790-0018d804
0018d808	FUN_0018d808	0	0018d808-0018d83c
0018d840	FUN_0018d840	0	0018d840-0018d940
0018d940	FUN_0018d940	0	0018d940-0018da14
0018da18	FUN_0018da18	0	0018da18-0018db38
0018db38	FUN_0018db38	0	0018db38-0018dbd4
0018dbd8	FUN_0018dbd8	0	0018dbd8-0018dc28
0018dc28	FUN_0018dc28	0	0018dc28-0018ddc0
0018ddc0	FUN_0018ddc0	0	0018ddc0-0018df8c
0018df90	FUN_0018df90	0	0018df90-0018e040
0018e040	FUN_0018e040	0	0018e040-0018e0d8
0018e0d8	FUN_0018e0d8	0	0018e0d8-0018e108
0018e108	FUN_0018e108	0	0018e108-0018e140
0018e140	FUN_0018e140	0	0018e140-0018e160
0018e160	FUN_0018e160	0	0018e160-0018e294
0018e298	FUN_0018e298	0	0018e298-0018e41c
0018e420	FUN_0018e420	0	0018e420-0018e694
0018e698	FUN_0018e698	0	0018e698-0018e7c0
0018e7c0	FUN_0018e7c0	0	0018e7c0-0018e8ec
0018e8f0	FUN_0018e8f0	0	0018e8f0-0018ea3c
0018ea40	FUN_0018ea40	0	0018ea40-0018eadc,0018eae0-0018eaf4
0018eaf8	FUN_0018eaf8	0	0018eaf8-0018eb94
0018eb98	FUN_0018eb98	0	0018eb98-0018ed18
0018ed18	FUN_0018ed18	0	0018ed18-0018ed6c,0018ed70-0018ee0c
0018ee10	FUN_0018ee10	0	0018ee10-0018ee28
0018ee28	FUN_0018ee28	0	0018ee28-0018ee5c
0018ee60	FUN_0018ee60	0	0018ee60-0018ef64
0018ef68	FUN_0018ef68	0	0018ef68-0018ef94
0018ef98	FUN_0018ef98	0	0018ef98-0018efe8
0018efe8	FUN_0018efe8	0	0018efe8-0018f010
0018f010	FUN_0018f010	0	0018f010-0018f028
0018f028	FUN_0018f028	0	0018f028-0018f070
0018f070	FUN_0018f070	0	0018f070-0018f0b0
0018f0b0	FUN_0018f0b0	0	0018f0b0-0018f100
0018f100	FUN_0018f100	0	0018f100-0018f11c
0018f1c0	FUN_0018f1c0	0	0018f1c0-0018f1e0
0018f1e0	FUN_0018f1e0	0	0018f1e0-0018f200
0018f218	FUN_0018f218	0	0018f218-0018f248
0018f248	FUN_0018f248	0	0018f248-0018f27c
0018f2a8	FUN_0018f2a8	0	0018f2a8-0018f2d0
0018f2d0	FUN_0018f2d0	0	0018f2d0-0018f2f8
0018f2f8	FUN_0018f2f8	0	0018f2f8-0018f324
0018f348	FUN_0018f348	0	0018f348-0018f378
0018f380	FUN_0018f380	0	0018f380-0018f3a8
0018f3a8	FUN_0018f3a8	0	0018f3a8-0018f40c
0018f428	FUN_0018f428	0	0018f428-0018f478
0018f478	FUN_0018f478	0	0018f478-0018f49c
0018f4c0	FUN_0018f4c0	0	0018f4c0-0018f504
0018f600	FUN_0018f600	0	0018f600-0018f62c
0018f630	FUN_0018f630	0	0018f630-0018f65c
0018f660	FUN_0018f660	0	0018f660-0018f68c
0018f690	FUN_0018f690	0	0018f690-0018f6bc
0018f6c0	FUN_0018f6c0	0	0018f6c0-0018f718
0018f718	FUN_0018f718	0	0018f718-0018f770
0018f770	FUN_0018f770	0	0018f770-0018f790
0018f790	FUN_0018f790	0	0018f790-0018f7a8
0018f7a8	FUN_0018f7a8	0	0018f7a8-0018f7d4
0018f7d8	FUN_0018f7d8	0	0018f7d8-0018f7f0
0018f830	FUN_0018f830	0	0018f830-0018f858
0018f858	FUN_0018f858	0	0018f858-0018f888
0018f8a0	FUN_0018f8a0	0	0018f8a0-0018f8c0
0018f940	FUN_0018f940	0	0018f940-0018f9a8
0018f9b8	FUN_0018f9b8	0	0018f9b8-0018f9e4
0018f9f8	FUN_0018f9f8	0	0018f9f8-0018fa4c,001a4d70-001a4d78
0018fa50	FUN_0018fa50	0	0018fa50-0018faac
0018fab0	FUN_0018fab0	0	0018fab0-0018fb38
0018fb38	FUN_0018fb38	0	0018fb38-0018fb6c
0018fb70	FUN_0018fb70	0	0018fb70-0018fb94
0018fbf8	FUN_0018fbf8	0	0018fbf8-0018fc20
0018fc20	FUN_0018fc20	0	0018fc20-0018fc40
0018fc80	FUN_0018fc80	0	0018fc80-0018fcbc
0018fcc0	FUN_0018fcc0	0	0018fcc0-0018fce0
0018fce0	FUN_0018fce0	0	0018fce0-0018fd0c
0018fd10	FUN_0018fd10	0	0018fd10-0018fd40
0018fd40	FUN_0018fd40	0	0018fd40-0018fd6c
0018fde0	FUN_0018fde0	0	0018fde0-0018fe0c
0018fe48	FUN_0018fe48	0	0018fe48-0018fe80
0018fe80	FUN_0018fe80	0	0018fe80-0018fee8
0018fee8	FUN_0018fee8	0	0018fee8-0018ff24
0018ff48	FUN_0018ff48	0	0018ff48-0018ff60
0018ff60	FUN_0018ff60	0	0018ff60-0018ff78
0018ff78	FUN_0018ff78	0	0018ff78-0018ff90
0018ff90	FUN_0018ff90	0	0018ff90-0018ffb8
0018ffb8	FUN_0018ffb8	0	0018ffb8-00190000
00190000	FUN_00190000	0	00190000-00190038
001900d0	FUN_001900d0	0	001900d0-00190124
00190128	FUN_00190128	0	00190128-00190140
00190140	FUN_00190140	0	00190140-00190180
00190180	FUN_00190180	0	00190180-001901c0
001901c0	FUN_001901c0	0	001901c0-00190208
00190208	FUN_00190208	0	00190208-001902a4
001902a8	FUN_001902a8	0	001902a8-00190388
00190388	FUN_00190388	0	00190388-001903d0
001903d0	FUN_001903d0	0	001903d0-00190494,00190498-001904a8
001904a8	FUN_001904a8	0	001904a8-001904f0
001904f0	FUN_001904f0	0	001904f0-0019056c
00190570	FUN_00190570	0	00190570-00190680
00190680	FUN_00190680	0	00190680-001906c0
001906c0	FUN_001906c0	0	001906c0-001906f0
001906f0	FUN_001906f0	0	001906f0-00190730
00190730	FUN_00190730	0	00190730-001907dc
001907e0	FUN_001907e0	0	001907e0-0019083c
00190840	FUN_00190840	0	00190840-00190878
00190878	FUN_00190878	0	00190878-001908bc
001908c0	FUN_001908c0	0	001908c0-00190904
00190908	FUN_00190908	0	00190908-00190920
00190920	FUN_00190920	0	00190920-00190968,00190970-00190990
00190a28	FUN_00190a28	0	00190a28-00190a7c
00190a80	FUN_00190a80	0	00190a80-00190b30
00190b30	FUN_00190b30	0	00190b30-00190d0c
00190d10	FUN_00190d10	0	00190d10-00190f7c
00190f80	FUN_00190f80	0	00190f80-00191218
00191218	FUN_00191218	0	00191218-00191398
001913b8	FUN_001913b8	0	001913b8-001913d4
001913d8	FUN_001913d8	0	001913d8-00191658
00191738	FUN_00191738	0	00191658-00191754
00191758	FUN_00191758	0	00191758-001917b0
001917b0	FUN_001917b0	0	001917b0-001917bc
001917c0	FUN_001917c0	0	001917c0-001917d0
001917d0	FUN_001917d0	0	001917d0-001918c8
001918c8	FUN_001918c8	0	001918c8-00191934
00191938	FUN_00191938	0	00191938-00191990
00191990	FUN_00191990	0	00191990-001919a8
001919a8	FUN_001919a8	0	001919a8-001919cc
001919d0	FUN_001919d0	0	001919d0-001919f8
001919f8	FUN_001919f8	0	001919f8-00191a20
00191a20	FUN_00191a20	0	00191a20-00191a34
00191a38	FUN_00191a38	0	00191a38-00191a50
00191a50	FUN_00191a50	0	00191a50-00191ab8
00191ab8	FUN_00191ab8	0	00191ab8-00191b60
00191b60	FUN_00191b60	0	00191b60-00191b6c
00191b70	FUN_00191b70	0	00191b70-00191bf0
00191bf0	FUN_00191bf0	0	00191bf0-00191c20
00191c20	FUN_00191c20	0	00191c20-00191c2c
00191c30	FUN_00191c30	0	00191c30-00191c3c
00191c40	FUN_00191c40	0	00191c40-00191c4c
00191c50	FUN_00191c50	0	00191c50-00191c84
00191c88	FUN_00191c88	0	00191c88-00191cd4
00191cd8	FUN_00191cd8	0	00191cd8-00191de4,00191de8-00191e40
00191e40	FUN_00191e40	0	00191e40-00191edc
00191f00	FUN_00191f00	0	00191ee0-00191f1c
00191f20	FUN_00191f20	0	00191f20-00191f78
00191f78	FUN_00191f78	0	00191f78-00192024
00192028	FUN_00192028	0	00192028-00192044
00192048	FUN_00192048	0	00192048-001920ec
001920f0	FUN_001920f0	0	001920f0-001921d8
001921d8	FUN_001921d8	0	001921d8-00192260
00192260	FUN_00192260	0	00192260-00192290
00192290	FUN_00192290	0	00192290-001922c8
001922c8	FUN_001922c8	0	001922c8-00192320
00192320	FUN_00192320	0	00192320-00192388
00192388	FUN_00192388	0	00192388-001923c8
001923c8	FUN_001923c8	0	001923c8-00192414,00192418-00192440
00192440	FUN_00192440	0	00192440-00192450
00192450	FUN_00192450	0	00192450-00192498
00192498	FUN_00192498	0	00192498-001924bc
001924c0	FUN_001924c0	0	001924c0-00192528
00192528	FUN_00192528	0	00192528-001927fc
00192800	FUN_00192800	0	00192800-00192814
00192818	FUN_00192818	0	00192818-00192868
00192868	FUN_00192868	0	00192868-0019293c
00192940	FUN_00192940	0	00192940-00192990
00192990	FUN_00192990	0	00192990-00192a80
00192a80	FUN_00192a80	0	00192a80-00192b30
00192b30	FUN_00192b30	0	00192b30-00192b7c
00192b80	FUN_00192b80	0	00192b80-00192c3c
00192c40	FUN_00192c40	0	00192c40-00192c90
00192c90	FUN_00192c90	0	00192c90-00192cc0
00192cc0	FUN_00192cc0	0	00192cc0-00192de8
00192e50	FUN_00192e50	0	00192e50-00192f54
00192f78	FUN_00192f78	0	00192f78-00192f98
00192f98	FUN_00192f98	0	00192f98-00192fb4
00192fb8	FUN_00192fb8	0	00192fb8-00192fc8
00192fc8	FUN_00192fc8	0	00192fc8-00193014
00193018	FUN_00193018	0	00193018-00193034
00193038	FUN_00193038	0	00193038-0019332c
00193330	FUN_00193330	0	00193330-00193608
00193608	FUN_00193608	0	00193608-00193b9c,00193ba0-00193be4
00193be8	FUN_00193be8	0	00193be8-00193d38
00193d38	FUN_00193d38	0	00193d38-00193e88
00193e88	FUN_00193e88	0	00193e88-0019400c
00194010	FUN_00194010	0	00194010-0019406c
00194070	FUN_00194070	0	00194070-00194088
00194088	FUN_00194088	0	00194088-001940a0
001940a0	FUN_001940a0	0	001940a0-001940b8
001940b8	FUN_001940b8	0	001940b8-001940ec
001940f0	FUN_001940f0	0	001940f0-00194108
00194108	FUN_00194108	0	00194108-00194120
00194120	FUN_00194120	0	00194120-00194218
00194218	FUN_00194218	0	00194218-001942b4
001942b8	FUN_001942b8	0	001942b8-00194314
00194318	FUN_00194318	0	00194318-001943e4
001943e8	FUN_001943e8	0	001943e8-00194464
00194468	FUN_00194468	0	00194468-001945a0
001945a0	FUN_001945a0	0	001945a0-0019460c
00194610	FUN_00194610	0	00194610-00194648
00194648	FUN_00194648	0	00194648-00194668
00194668	FUN_00194668	0	00194668-00194690
00194690	FUN_00194690	0	00194690-001946f0
001946f0	FUN_001946f0	0	001946f0-00194710
00194750	FUN_00194750	0	00194710-0019476c
00194790	FUN_00194790	0	00194790-0019479c
001947a0	FUN_001947a0	0	001947a0-001947c0
001947c0	FUN_001947c0	0	001947c0-0019482c
00194830	FUN_00194830	0	00194830-00194874
00194878	FUN_00194878	0	00194878-00194894
00194898	FUN_00194898	0	00194898-001948bc
001948c0	FUN_001948c0	0	001948c0-001948dc
001948e0	FUN_001948e0	0	001948e0-00194904
00194908	FUN_00194908	0	00194908-0019492c
00194930	FUN_00194930	0	00194930-00194980
00194980	FUN_00194980	0	00194980-001949d0
001949d0	FUN_001949d0	0	001949d0-001949f4
00194a08	FUN_00194a08	0	00194a08-00194a2c
00194a30	FUN_00194a30	0	00194a30-00195314
00195328	FUN_00195328	0	00195328-00195360
00195360	FUN_00195360	0	00195360-00195430
00195430	FUN_00195430	0	00195430-00195468
00195468	FUN_00195468	0	00195468-0019549c
001954a0	FUN_001954a0	0	001954a0-001954f4
001954f8	FUN_001954f8	0	001954f8-0019552c
00195530	FUN_00195530	0	00195530-00195554
00195558	FUN_00195558	0	00195558-001955a8
001955a8	FUN_001955a8	0	001955a8-001956d0
001956d0	FUN_001956d0	0	001956d0-001956e8
001956e8	FUN_001956e8	0	001956e8-00195700
00195700	FUN_00195700	0	00195700-0019571c
00195720	FUN_00195720	0	00195720-00195738
00195738	FUN_00195738	0	00195738-0019574c
00195750	FUN_00195750	0	00195750-00195778
001957e8	FUN_001957e8	0	001957e8-00195858
00195858	FUN_00195858	0	00195858-001958d0
001958d0	FUN_001958d0	0	001958d0-00195c08
00195c58	FUN_00195c58	0	00195c58-00195c80
00195c80	FUN_00195c80	0	00195c80-00195d00
00195d00	FUN_00195d00	0	00195d00-00195dc8
00195e28	FUN_00195e28	0	00195e28-00195ed4
00195ed8	FUN_00195ed8	0	00195ed8-00195f84
00195f88	FUN_00195f88	0	00195f88-00195fb4
00196028	FUN_00196028	0	00196028-0019616c
00196170	FUN_00196170	0	00196170-00196198
00196198	FUN_00196198	0	00196198-0019620c
00196288	FUN_00196288	0	00196288-00196300
00196300	FUN_00196300	0	00196300-00196328
00196328	FUN_00196328	0	00196328-00196388
00196388	FUN_00196388	0	00196388-001963c8
001963c8	FUN_001963c8	0	001963c8-001963f8
001963f8	FUN_001963f8	0	001963f8-0019642c
00196430	FUN_00196430	0	00196430-001964d8
001964d8	FUN_001964d8	0	001964d8-0019653c
00196540	FUN_00196540	0	00196540-00196608
00196608	FUN_00196608	0	00196608-00196614
00196618	FUN_00196618	0	00196618-00196670
00196670	FUN_00196670	0	00196670-00196694
00196698	FUN_00196698	0	00196698-001966b0
001966b0	FUN_001966b0	0	001966b0-0019670c
00196710	FUN_00196710	0	00196710-00196768
00196768	FUN_00196768	0	00196768-001967f0
001967f0	FUN_001967f0	0	001967f0-00196884
00196888	FUN_00196888	0	00196888-00196904
00196908	FUN_00196908	0	00196908-001969c0
001969c0	FUN_001969c0	0	001969c0-00196a04
00196a08	FUN_00196a08	0	00196a08-00196a3c
00196a40	FUN_00196a40	0	00196a40-00196aa0
00196aa0	FUN_00196aa0	0	00196aa0-00196b28
00196b28	FUN_00196b28	0	00196b28-00196b54
00196b58	FUN_00196b58	0	00196b58-00196b84
00196b88	FUN_00196b88	0	00196b88-00196bec
00196ca8	FUN_00196ca8	0	00196ca8-00196d74
00196d78	FUN_00196d78	0	00196d78-00196e00
00196e00	FUN_00196e00	0	00196e00-00196e88
00196e88	FUN_00196e88	0	00196e88-00196e98
00196e98	FUN_00196e98	0	00196e98-00196f00
00196f00	FUN_00196f00	0	00196f00-00197028
00197028	FUN_00197028	0	00197028-00197144
00197148	FUN_00197148	0	00197148-00197280
00197280	FUN_00197280	0	00197280-00197314
00197318	FUN_00197318	0	00197318-0019738c
00197390	FUN_00197390	0	00197390-001973ec
001973f0	FUN_001973f0	0	001973f0-0019742c
00197430	FUN_00197430	0	00197430-00197544,00197548-00197568
00197568	FUN_00197568	0	00197568-0019759c
001975a0	FUN_001975a0	0	001975a0-00197734
00197738	FUN_00197738	0	00197738-00197760
00197760	FUN_00197760	0	00197760-00197780
00197780	FUN_00197780	0	00197780-001977a0
001977a0	FUN_001977a0	0	001977a0-001977d4
001977d8	FUN_001977d8	0	001977d8-001977fc
00197800	FUN_00197800	0	00197800-00197824
00197828	FUN_00197828	0	00197828-001978ec
001978f0	FUN_001978f0	0	001978f0-00197920
00197920	FUN_00197920	0	00197920-00197930
00197930	FUN_00197930	0	00197930-001979d4
001979d8	FUN_001979d8	0	001979d8-00197a00
00197a00	FUN_00197a00	0	00197a00-00197abc
00197ac0	FUN_00197ac0	0	00197ac0-00197af4
00197b98	FUN_00197b98	0	00197b98-00197be8
00197be8	FUN_00197be8	0	00197be8-00197c24
00197c28	FUN_00197c28	0	00197c28-00197c8c
00197c90	FUN_00197c90	0	00197c90-00197cbc
00197cc0	FUN_00197cc0	0	00197cc0-00197cec
00197d18	FUN_00197d18	0	00197d18-00197d3c
00197df8	FUN_00197df8	0	00197df8-00197e08
00197e08	FUN_00197e08	0	00197e08-00197e40
00197e40	FUN_00197e40	0	00197e40-00197e64
00197e68	FUN_00197e68	0	00197e68-00197e80
00197e80	FUN_00197e80	0	00197e80-00197ea4
00197f60	FUN_00197f60	0	00197ea8-00197f7c
00197fe0	FUN_00197fe0	0	00197fe0-0019803c
00198040	FUN_00198040	0	00198040-001980d0
001980d0	FUN_001980d0	0	001980d0-00198290
00198290	FUN_00198290	0	00198290-00198450
00198450	FUN_00198450	0	00198450-001984b4
001984b8	FUN_001984b8	0	001984b8-0019850c
00198510	FUN_00198510	0	00198510-00198580
00198580	FUN_00198580	0	00198580-00198630
00198630	FUN_00198630	0	00198630-00198660
00198660	FUN_00198660	0	00198660-0019868c
00198690	FUN_00198690	0	00198690-001986fc
00198700	FUN_00198700	0	00198700-00198738
00198738	FUN_00198738	0	00198738-001987a4
001987a8	FUN_001987a8	0	001987a8-00198828
00198828	FUN_00198828	0	00198828-00198860
00198860	FUN_00198860	0	00198860-00198970
00198970	FUN_00198970	0	00198970-001989d4
001989d8	FUN_001989d8	0	001989d8-00198a8c
00198aa8	FUN_00198aa8	0	00198aa8-00198ae0
00198ae0	FUN_00198ae0	0	00198ae0-00198b84
00198b88	FUN_00198b88	0	00198b88-00198bcc
00198bd0	FUN_00198bd0	0	00198bd0-00198c28
00198c28	FUN_00198c28	0	00198c28-00198cb8
00198cb8	FUN_00198cb8	0	00198cb8-00198d00
00198d00	FUN_00198d00	0	00198d00-00198d20
00198d20	FUN_00198d20	0	00198d20-00198d4c
00198dc0	FUN_00198dc0	0	00198dc0-00198e40
00198e40	FUN_00198e40	0	00198e40-00198e48
00198e48	FUN_00198e48	0	00198e48-00198e50
00198e50	FUN_00198e50	0	00198e50-00198e5c
00198e60	FUN_00198e60	0	00198e60-00198e6c
00198e70	FUN_00198e70	0	00198e70-00198ea4
00198ea8	FUN_00198ea8	0	00198ea8-00198ee4
00198ee8	FUN_00198ee8	0	00198ee8-0019902c
00199030	FUN_00199030	0	00199030-00199098
00199098	FUN_00199098	0	00199098-0019911c
00199120	FUN_00199120	0	00199120-00199188
00199188	FUN_00199188	0	00199188-001991a4
001991a8	FUN_001991a8	0	001991a8-00199280
001993a0	FUN_001993a0	0	001993a0-00199464
00199468	FUN_00199468	0	00199468-001994d4
00199548	FUN_00199548	0	00199548-001995b4
001995b8	FUN_001995b8	0	001995b8-001995dc,001995e0-001995f4
00199668	FUN_00199668	0	001995f8-00199684
00199688	FUN_00199688	0	00199688-00199714
00199718	FUN_00199718	0	00199718-001997bc
001997c0	FUN_001997c0	0	001997c0-0019980c
00199810	FUN_00199810	0	00199810-00199890
00199890	FUN_00199890	0	00199890-00199938
00199938	FUN_00199938	0	00199938-00199970
00199970	FUN_00199970	0	00199970-00199998
00199998	FUN_00199998	0	00199998-001999ac
00199aa0	FUN_00199aa0	0	00199aa0-00199c68
00199cd0	FUN_00199cd0	0	00199cd0-00199d34
00199d38	FUN_00199d38	0	00199d38-00199dbc
00199dc0	FUN_00199dc0	0	00199dc0-00199f8c
00199f90	FUN_00199f90	0	00199f90-0019a01c,0019a020-0019a048
0019a048	FUN_0019a048	0	0019a048-0019a19c
0019a1a0	FUN_0019a1a0	0	0019a1a0-0019a288
0019a308	FUN_0019a308	0	0019a308-0019a47c
0019a480	FUN_0019a480	0	0019a480-0019a60c
0019a610	FUN_0019a610	0	0019a610-0019a6c0
0019a6c0	FUN_0019a6c0	0	0019a6c0-0019a804
0019a808	FUN_0019a808	0	0019a808-0019a9e0
0019a9e0	FUN_0019a9e0	0	0019a9e0-0019aa00
0019aa00	FUN_0019aa00	0	0019aa00-0019aa60
0019aa60	FUN_0019aa60	0	0019aa60-0019ab30
0019ab30	FUN_0019ab30	0	0019ab30-0019ab80
0019ab80	FUN_0019ab80	0	0019ab80-0019abe4
0019abe8	FUN_0019abe8	0	0019abe8-0019ac2c
0019ac30	FUN_0019ac30	0	0019ac30-0019ac80
0019ac80	FUN_0019ac80	0	0019ac80-0019acfc
0019ad00	FUN_0019ad00	0	0019ad00-0019ad58
0019ad58	FUN_0019ad58	0	0019ad58-0019ae5c
0019ae60	FUN_0019ae60	0	0019ae60-0019aeac,0019aeb0-0019aebc
0019aec0	FUN_0019aec0	0	0019aec0-0019af94
0019af98	FUN_0019af98	0	0019af98-0019afd4
0019afd8	FUN_0019afd8	0	0019afd8-0019b0e4
0019b0e8	FUN_0019b0e8	0	0019b0e8-0019b180
0019b180	FUN_0019b180	0	0019b180-0019b1cc,0019b1d0-0019b260
0019b260	FUN_0019b260	0	0019b260-0019b2ac
0019b2b0	FUN_0019b2b0	0	0019b2b0-0019b2d8
0019b2d8	FUN_0019b2d8	0	0019b2d8-0019b304
0019b308	FUN_0019b308	0	0019b308-0019b328
0019b328	FUN_0019b328	0	0019b328-0019b37c
0019b380	FUN_0019b380	0	0019b380-0019b3d0
0019b3d0	FUN_0019b3d0	0	0019b3d0-0019b444,0019b448-0019b478
0019b4d0	FUN_0019b4d0	0	0019b4d0-0019b500
0019b500	FUN_0019b500	0	0019b500-0019b5d4
0019b5d8	FUN_0019b5d8	0	0019b5d8-0019b664
0019b668	FUN_0019b668	0	0019b668-0019b96c
0019b970	FUN_0019b970	0	0019b970-0019ba1c
0019ba20	FUN_0019ba20	0	0019ba20-0019ba3c
0019ba60	FUN_0019ba60	0	0019ba60-0019baa8
0019baa8	FUN_0019baa8	0	0019baa8-0019bad8
0019bad8	FUN_0019bad8	0	0019bad8-0019bb18
0019bb18	FUN_0019bb18	0	0019bb18-0019bb54
0019bb58	FUN_0019bb58	0	0019bb58-0019bb94
0019bb98	FUN_0019bb98	0	0019bb98-0019bc38
0019bc38	FUN_0019bc38	0	0019bc38-0019bd08
0019bd08	FUN_0019bd08	0	0019bd08-0019bdc4
0019bdc8	FUN_0019bdc8	0	0019bdc8-0019be88
0019be88	FUN_0019be88	0	0019be88-0019befc
0019bf00	FUN_0019bf00	0	0019bf00-0019bf50
0019bf50	FUN_0019bf50	0	0019bf50-0019bfd0
0019bfd0	FUN_0019bfd0	0	0019bfd0-0019c08c
0019c090	FUN_0019c090	0	0019c090-0019c0f8
0019c0f8	FUN_0019c0f8	0	0019c0f8-0019c154
0019c170	FUN_0019c170	0	0019c170-0019c218
0019c218	FUN_0019c218	0	0019c218-0019c3a8
0019c400	FUN_0019c400	0	0019c400-0019c410
0019c410	FUN_0019c410	0	0019c410-0019c440
0019c440	FUN_0019c440	0	0019c440-0019c470
0019c470	FUN_0019c470	0	0019c470-0019c494
0019c498	FUN_0019c498	0	0019c498-0019c4d0
0019c4d0	FUN_0019c4d0	0	0019c4d0-0019c4e4
0019c4e8	FUN_0019c4e8	0	0019c4e8-0019c4f8
0019c4f8	FUN_0019c4f8	0	0019c4f8-0019c58c
0019c590	FUN_0019c590	0	0019c590-0019c5d0
0019c5d0	FUN_0019c5d0	0	0019c5d0-0019c64c
0019c650	FUN_0019c650	0	0019c650-0019c6f0
0019c6f0	FUN_0019c6f0	0	0019c6f0-0019c764
0019c768	FUN_0019c768	0	0019c768-0019c778
0019c778	FUN_0019c778	0	0019c778-0019c834
0019c838	FUN_0019c838	0	0019c838-0019c894
0019c898	FUN_0019c898	0	0019c898-0019c8a8
0019c8a8	FUN_0019c8a8	0	0019c8a8-0019c8cc
0019c8d0	FUN_0019c8d0	0	0019c8d0-0019c920
0019c920	FUN_0019c920	0	0019c920-0019c970
0019c970	FUN_0019c970	0	0019c970-0019c9a8
0019c9a8	FUN_0019c9a8	0	0019c9a8-0019c9e0
0019c9e0	FUN_0019c9e0	0	0019c9e0-0019ca20
0019ca20	FUN_0019ca20	0	0019ca20-0019ca28
0019ca28	FUN_0019ca28	0	0019ca28-0019ca90
0019ca90	FUN_0019ca90	0	0019ca90-0019cb48
0019cb48	FUN_0019cb48	0	0019cb48-0019cbe8
0019cbe8	FUN_0019cbe8	0	0019cbe8-0019cc20
0019cc20	FUN_0019cc20	0	0019cc20-0019cc88
0019cc88	FUN_0019cc88	0	0019cc88-0019cd24,0019cd28-0019cd40
0019cd40	FUN_0019cd40	0	0019cd40-0019ce44
0019ce48	FUN_0019ce48	0	0019ce48-0019cf54,0019cf58-0019d024,0019d028-0019d188
0019d188	FUN_0019d188	0	0019d188-0019d224
0019d228	FUN_0019d228	0	0019d228-0019d260
0019d260	FUN_0019d260	0	0019d260-0019d354
0019d358	FUN_0019d358	0	0019d358-0019d380
0019d380	FUN_0019d380	0	0019d380-0019d3b4
0019d3b8	FUN_0019d3b8	0	0019d3b8-0019d3f8
0019d3f8	FUN_0019d3f8	0	0019d3f8-0019d438
0019d438	FUN_0019d438	0	0019d438-0019d47c
0019d480	FUN_0019d480	0	0019d480-0019d4a8
0019d4a8	FUN_0019d4a8	0	0019d4a8-0019d4f8
0019d4f8	FUN_0019d4f8	0	0019d4f8-0019d514,0019d518-0019d548
0019d548	FUN_0019d548	0	0019d548-0019d584
0019d588	FUN_0019d588	0	0019d588-0019d5f8
0019d5f8	FUN_0019d5f8	0	0019d5f8-0019d720
0019d720	FUN_0019d720	0	0019d720-0019d748
0019d748	FUN_0019d748	0	0019d748-0019d790
0019d790	FUN_0019d790	0	0019d790-0019d9d8
0019da20	FUN_0019da20	0	0019da20-0019da68
0019da68	FUN_0019da68	0	0019da68-0019dbbc
0019dbc0	FUN_0019dbc0	0	0019dbc0-0019dd0c
0019dd10	FUN_0019dd10	0	0019dd10-0019df04
0019df08	FUN_0019df08	0	0019df08-0019e170
0019e170	FUN_0019e170	0	0019e170-0019e1cc,0019e1d0-0019e210
0019e210	FUN_0019e210	0	0019e210-0019e400
0019e400	FUN_0019e400	0	0019e400-0019e49c,0019e4a0-0019e5f4
0019e5f8	FUN_0019e5f8	0	0019e5f8-0019e698
0019e698	FUN_0019e698	0	0019e698-0019e6e8
0019e6e8	FUN_0019e6e8	0	0019e6e8-0019e754
0019e758	FUN_0019e758	0	0019e758-0019e844
0019e848	FUN_0019e848	0	0019e848-0019ea0c
0019ea10	FUN_0019ea10	0	0019ea10-0019eacc
0019ead0	FUN_0019ead0	0	0019ead0-0019eb5c
0019eb60	FUN_0019eb60	0	0019eb60-0019ebc0
0019ebc0	FUN_0019ebc0	0	0019ebc0-0019ec20
0019ec20	FUN_0019ec20	0	0019ec20-0019ec64
0019ec88	FUN_0019ec88	0	0019ec88-0019ecb0
0019ecb0	FUN_0019ecb0	0	0019ecb0-0019ed48
0019ed48	FUN_0019ed48	0	0019ed48-0019ed74
0019ed78	FUN_0019ed78	0	0019ed78-0019eda0
0019eda0	FUN_0019eda0	0	0019eda0-0019ee24
0019ee28	FUN_0019ee28	0	0019ee28-0019ee5c
0019ee60	FUN_0019ee60	0	0019ee60-0019ee7c
0019ee80	FUN_0019ee80	0	0019ee80-0019eeb8
0019eeb8	FUN_0019eeb8	0	0019eeb8-0019ef30
0019ef30	FUN_0019ef30	0	0019ef30-0019ef60
0019ef60	FUN_0019ef60	0	0019ef60-0019ef70
0019ef70	FUN_0019ef70	0	0019ef70-0019ef8c
0019ef90	FUN_0019ef90	0	0019ef90-0019f05c
0019f060	FUN_0019f060	0	0019f060-0019f06c
0019f070	FUN_0019f070	0	0019f070-0019f2a8
0019f2a8	FUN_0019f2a8	0	0019f2a8-0019f454,0019f458-0019f480
0019f480	FUN_0019f480	0	0019f480-0019f48c
0019f490	FUN_0019f490	0	0019f490-0019f4b8
0019f4b8	FUN_0019f4b8	0	0019f4b8-0019f4e4
0019f528	FUN_0019f528	0	0019f528-0019f550
0019f550	FUN_0019f550	0	0019f550-0019f578
0019f578	FUN_0019f578	0	0019f578-0019f5a4
0019f5a8	FUN_0019f5a8	0	0019f5a8-0019f5d4
0019f5d8	FUN_0019f5d8	0	0019f5d8-0019f610
0019f610	FUN_0019f610	0	0019f610-0019f66c
0019f670	FUN_0019f670	0	0019f670-0019f6c8
0019f6c8	FUN_0019f6c8	0	0019f6c8-0019f6ec
0019f6f0	FUN_0019f6f0	0	0019f6f0-0019f740
0019f740	FUN_0019f740	0	0019f740-0019f790
0019f790	FUN_0019f790	0	0019f790-0019f7cc
0019f7d0	FUN_0019f7d0	0	0019f7d0-0019f87c
0019f880	FUN_0019f880	0	0019f880-0019f8c0
0019f8c0	FUN_0019f8c0	0	0019f8c0-0019f8f4
0019f8f8	FUN_0019f8f8	0	0019f8f8-0019f94c
0019f950	FUN_0019f950	0	0019f950-0019f9a4
0019f9a8	FUN_0019f9a8	0	0019f9a8-0019fa08
0019fa08	FUN_0019fa08	0	0019fa08-0019fa58
0019fa58	FUN_0019fa58	0	0019fa58-0019fb44
0019fb48	FUN_0019fb48	0	0019fb48-0019fb70
0019fb70	FUN_0019fb70	0	0019fb70-0019fbc4
0019fbc8	FUN_0019fbc8	0	0019fbc8-0019fbe0
0019fbe0	FUN_0019fbe0	0	0019fbe0-0019fd00
0019fd00	FUN_0019fd00	0	0019fd00-0019fd88
0019fd88	FUN_0019fd88	0	0019fd88-0019fdac
0019fdb0	FUN_0019fdb0	0	0019fdb0-0019fdbc
0019fdc0	FUN_0019fdc0	0	0019fdc0-0019fe48
0019fe48	FUN_0019fe48	0	0019fe48-0019fe7c
0019fe80	FUN_0019fe80	0	0019fe80-0019fe8c
0019fe90	FUN_0019fe90	0	0019fe90-0019fee4
0019fee8	FUN_0019fee8	0	0019fee8-0019ff78
0019ff78	FUN_0019ff78	0	0019ff78-0019ff8c
0019ff90	FUN_0019ff90	0	0019ff90-0019ffb8
0019ffb8	FUN_0019ffb8	0	0019ffb8-0019ffcc
0019ffe8	FUN_0019ffe8	0	0019ffe8-001a0000
001a0000	FUN_001a0000	0	001a0000-001a0018
001a0018	FUN_001a0018	0	001a0018-001a002c
001a0048	FUN_001a0048	0	001a0048-001a005c
001a00b8	FUN_001a00b8	0	001a00b8-001a00cc
001a00f0	FUN_001a00f0	0	001a00f0-001a0124
001a0128	FUN_001a0128	0	001a0128-001a0144
001a0170	FUN_001a0170	0	001a0170-001a0188
001a0188	FUN_001a0188	0	001a0188-001a01a0
001a01a0	FUN_001a01a0	0	001a01a0-001a01cc
001a01d0	FUN_001a01d0	0	001a01d0-001a01fc
001a0200	FUN_001a0200	0	001a0200-001a0218
001a0218	FUN_001a0218	0	001a0218-001a0230
001a0230	FUN_001a0230	0	001a0230-001a024c
001a0268	FUN_001a0268	0	001a0268-001a0284
001a02f0	FUN_001a02f0	0	001a02f0-001a031c
001a0320	FUN_001a0320	0	001a0320-001a033c
001a0358	FUN_001a0358	0	001a0358-001a0374
001a0400	FUN_001a0400	0	001a0400-001a0420
001a0420	FUN_001a0420	0	001a0420-001a0440
001a0440	FUN_001a0440	0	001a0440-001a046c
001a0470	FUN_001a0470	0	001a0470-001a0498
001a0498	FUN_001a0498	0	001a0498-001a04c4
001a04c8	FUN_001a04c8	0	001a04c8-001a04f4
001a04f8	FUN_001a04f8	0	001a04f8-001a051c
001a0540	FUN_001a0540	0	001a0540-001a0558
001a0558	FUN_001a0558	0	001a0558-001a0584
001a0588	FUN_001a0588	0	001a0588-001a05b4
001a05b8	FUN_001a05b8	0	001a05b8-001a05d8
001a05d8	FUN_001a05d8	0	001a05d8-001a05f4
001a0620	FUN_001a0620	0	001a0620-001a0638
001a0638	FUN_001a0638	0	001a0638-001a0654
001a0678	FUN_001a0678	0	001a0678-001a06ac
001a06b0	FUN_001a06b0	0	001a06b0-001a06dc
001a06e0	FUN_001a06e0	0	001a06e0-001a0710
001a0710	FUN_001a0710	0	001a0710-001a0798
001a0798	FUN_001a0798	0	001a0798-001a07ac
001a07b0	FUN_001a07b0	0	001a07b0-001a0800
001a0800	FUN_001a0800	0	001a0800-001a0920
001a0920	FUN_001a0920	0	001a0920-001a09ec
001a0a48	FUN_001a0a48	0	001a0a48-001a0b3c
001a0bc0	FUN_001a0bc0	0	001a0bc0-001a0c14
001a0c18	FUN_001a0c18	0	001a0c18-001a0d48
001a0d48	FUN_001a0d48	0	001a0d48-001a0e78
001a0e78	FUN_001a0e78	0	001a0e78-001a0edc
001a0ee0	FUN_001a0ee0	0	001a0ee0-001a1018
001a1018	FUN_001a1018	0	001a1018-001a1060
001a1060	FUN_001a1060	0	001a1060-001a11b0
001a11b0	FUN_001a11b0	0	001a11b0-001a11e0
001a11e0	FUN_001a11e0	0	001a11e0-001a1460
001a1460	FUN_001a1460	0	001a1460-001a148c
001a1490	FUN_001a1490	0	001a1490-001a153c
001a1540	FUN_001a1540	0	001a1540-001a15d0
001a15d0	FUN_001a15d0	0	001a15d0-001a1658
001a1658	FUN_001a1658	0	001a1658-001a16ac
001a1728	FUN_001a1728	0	001a1728-001a17c8
001a17c8	FUN_001a17c8	0	001a17c8-001a1840
001a1840	FUN_001a1840	0	001a1840-001a1910
001a1910	FUN_001a1910	0	001a1910-001a1950
001a1950	FUN_001a1950	0	001a1950-001a198c
001a1990	FUN_001a1990	0	001a1990-001a1a20
001a1a20	FUN_001a1a20	0	001a1a20-001a1a50
001a1a50	FUN_001a1a50	0	001a1a50-001a1a9c
001a1aa0	FUN_001a1aa0	0	001a1aa0-001a1b2c
001a1b30	FUN_001a1b30	0	001a1b30-001a1b68
001a1b68	FUN_001a1b68	0	001a1b68-001a1c30
001a1c30	FUN_001a1c30	0	001a1c30-001a1c6c
001a1c70	FUN_001a1c70	0	001a1c70-001a1c8c
001a1c90	FUN_001a1c90	0	001a1c90-001a1cc0
001a1cc0	FUN_001a1cc0	0	001a1cc0-001a1d3c
001a1d40	FUN_001a1d40	0	001a1d40-001a1d50
001a1d50	FUN_001a1d50	0	001a1d50-001a1db8
001a1db8	FUN_001a1db8	0	001a1db8-001a1de0
001a1de0	FUN_001a1de0	0	001a1de0-001a1e00
001a1e00	FUN_001a1e00	0	001a1e00-001a1e1c
001a1e20	FUN_001a1e20	0	001a1e20-001a20ec,001a20f0-001a2108
001a2108	FUN_001a2108	0	001a2108-001a21fc
001a2200	FUN_001a2200	0	001a2200-001a22b0
001a22b0	FUN_001a22b0	0	001a22b0-001a233c
001a2340	FUN_001a2340	0	001a2340-001a2438
001a2438	FUN_001a2438	0	001a2438-001a2474
001a2478	FUN_001a2478	0	001a2478-001a249c
001a24a0	FUN_001a24a0	0	001a24a0-001a2578
001a2578	FUN_001a2578	0	001a2578-001a25c8
001a25c8	FUN_001a25c8	0	001a25c8-001a2618
001a2618	FUN_001a2618	0	001a2618-001a2668
001a2668	FUN_001a2668	0	001a2668-001a26b8
001a26b8	FUN_001a26b8	0	001a26b8-001a2710
001a2710	FUN_001a2710	0	001a2710-001a2754
001a2758	FUN_001a2758	0	001a2758-001a2778
001a2778	FUN_001a2778	0	001a2778-001a2798
001a2798	FUN_001a2798	0	001a2798-001a27b8
001a27b8	FUN_001a27b8	0	001a27b8-001a27d8
001a27d8	FUN_001a27d8	0	001a27d8-001a27f0
001a27f0	FUN_001a27f0	0	001a27f0-001a2898
001a2898	FUN_001a2898	0	001a2898-001a28b4
001a28f8	FUN_001a28f8	0	001a28f8-001a2910
001a2910	FUN_001a2910	0	001a2910-001a29ec
001a2a18	FUN_001a2a18	0	001a2a18-001a2a4c
001a2a50	FUN_001a2a50	0	001a2a50-001a2b4c
001a2b50	FUN_001a2b50	0	001a2b50-001a2d78
001a2d78	FUN_001a2d78	0	001a2d78-001a2e50
001a2e50	FUN_001a2e50	0	001a2e50-001a3014
001a3018	FUN_001a3018	0	001a3018-001a3114,001a3118-001a3164
001a3168	FUN_001a3168	0	001a3168-001a3188
001a3188	FUN_001a3188	0	001a3188-001a32c8
001a32c8	FUN_001a32c8	0	001a32c8-001a3454
001a3458	FUN_001a3458	0	001a3458-001a34dc
001a34e0	FUN_001a34e0	0	001a34e0-001a3570
001a3570	FUN_001a3570	0	001a3570-001a35f4
001a35f8	FUN_001a35f8	0	001a35f8-001a36e0
001a36e0	FUN_001a36e0	0	001a36e0-001a36f8
001a36f8	FUN_001a36f8	0	001a36f8-001a3710
001a3710	FUN_001a3710	0	001a3710-001a3788
001a3788	FUN_001a3788	0	001a3788-001a37e8
001a37e8	FUN_001a37e8	0	001a37e8-001a3820
001a3820	FUN_001a3820	0	001a3820-001a3868
001a3868	FUN_001a3868	0	001a3868-001a3888
001a3888	FUN_001a3888	0	001a3888-001a38b4
001a38b8	FUN_001a38b8	0	001a38b8-001a3954
001a3958	FUN_001a3958	0	001a3958-001a39c8
001a39c8	FUN_001a39c8	0	001a39c8-001a3a4c
001a3a50	FUN_001a3a50	0	001a3a50-001a3a74
001a3a78	FUN_001a3a78	0	001a3a78-001a3a84
001a3a88	FUN_001a3a88	0	001a3a88-001a3b04
001a3b08	FUN_001a3b08	0	001a3b08-001a3b44
001a3b48	FUN_001a3b48	0	001a3b48-001a3bf0
001a3bf0	FUN_001a3bf0	0	001a3bf0-001a3c88
001a3c88	FUN_001a3c88	0	001a3c88-001a3ce0
001a3ce0	FUN_001a3ce0	0	001a3ce0-001a3d6c
001a3d70	FUN_001a3d70	0	001a3d70-001a3e2c
001a3e30	FUN_001a3e30	0	001a3e30-001a3e4c
001a3f08	FUN_001a3f08	0	001a3f08-001a3fa0
001a4060	FUN_001a4060	0	001a4060-001a40cc
001a4388	FUN_001a4388	0	001a4388-001a43cc,001a43d0-001a4420
001a4498	FUN_001a4498	0	001a4498-001a4510
001a4530	FUN_001a4530	0	001a4530-001a4550
001a4550	FUN_001a4550	0	001a4550-001a45b8
001a45b8	FUN_001a45b8	0	001a45b8-001a48bc
001a48c0	FUN_001a48c0	0	001a48c0-001a49a0
001a49a0	FUN_001a49a0	0	001a49a0-001a49d8
001a49d8	FUN_001a49d8	0	001a49d8-001a49f4
001a49f8	FUN_001a49f8	0	001a49f8-001a4b78
001a4b78	FUN_001a4b78	0	001a4b78-001a4d3c
001a4d40	FUN_001a4d40	0	001a4d40-001a4d6c
001a4d78	FUN_001a4d78	0	001a4d78-001a4dac
001a4db0	FUN_001a4db0	0	001a4db0-001a4df0
001a4df0	FUN_001a4df0	0	001a4df0-001a4e30
001a4e30	FUN_001a4e30	0	001a4e30-001a4ec4
001a4ff8	FUN_001a4ff8	0	001a4ff8-001a513c
001a5140	FUN_001a5140	0	001a5140-001a528c,001a5290-001a52a8
001a52a8	FUN_001a52a8	0	001a52a8-001a537c
001a5380	FUN_001a5380	0	001a5380-001a53d0
001a53d0	FUN_001a53d0	0	001a53d0-001a5420
001a5420	FUN_001a5420	0	001a5420-001a55a8
001a55a8	FUN_001a55a8	0	001a55a8-001a5880
001a5880	FUN_001a5880	0	001a5880-001a58f4
001a58f8	FUN_001a58f8	0	001a58f8-001a5924
001a5928	FUN_001a5928	0	001a5928-001a5970
001a5970	FUN_001a5970	0	001a5970-001a5990
001a5990	FUN_001a5990	0	001a5990-001a5a44
001a5a48	FUN_001a5a48	0	001a5a48-001a5a9c,001a5aa0-001a5ac4
001a5ac8	FUN_001a5ac8	0	001a5ac8-001a5aec
001a5af0	FUN_001a5af0	0	001a5af0-001a5b04
001a5b08	FUN_001a5b08	0	001a5b08-001a5b34
001a5b38	FUN_001a5b38	0	001a5b38-001a5b54
001a5b58	FUN_001a5b58	0	001a5b58-001a5b64
001a5b68	FUN_001a5b68	0	001a5b68-001a5bd0
001a5bd0	FUN_001a5bd0	0	001a5bd0-001a5c08
001a5c48	FUN_001a5c48	0	001a5c48-001a5c84
001a5c88	FUN_001a5c88	0	001a5c88-001a5d48
001a5d48	FUN_001a5d48	0	001a5d48-001a5db4
001a5e38	FUN_001a5e38	0	001a5e38-001a5ebc
001a5ec0	FUN_001a5ec0	0	001a5ec0-001a5f4c
001a5f50	FUN_001a5f50	0	001a5f50-001a60b4,001a60b8-001a60c4
001a60c8	FUN_001a60c8	0	001a60c8-001a6118
001a6118	FUN_001a6118	0	001a6118-001a6178
001a6178	FUN_001a6178	0	001a6178-001a6440
001a6440	FUN_001a6440	0	001a6440-001a648c
001a6490	FUN_001a6490	0	001a6490-001a64bc
001a64c0	FUN_001a64c0	0	001a64c0-001a650c
001a6510	FUN_001a6510	0	001a6510-001a6544
001a6548	FUN_001a6548	0	001a6548-001a6598
001a6598	FUN_001a6598	0	001a6598-001a6600
001a6600	FUN_001a6600	0	001a6600-001a6644
001a6648	FUN_001a6648	0	001a6648-001a6654
001a6658	FUN_001a6658	0	001a6658-001a6780
001a67b0	FUN_001a67b0	0	001a67b0-001a67dc
001a67e0	FUN_001a67e0	0	001a67e0-001a684c
001a6850	FUN_001a6850	0	001a6850-001a68e0
001a68e0	FUN_001a68e0	0	001a68e0-001a69cc
001a69d0	FUN_001a69d0	0	001a69d0-001a69ec
001a6a10	FUN_001a6a10	0	001a6a10-001a6a1c
001a6a20	FUN_001a6a20	0	001a6a20-001a6ae4
001a6ae8	FUN_001a6ae8	0	001a6ae8-001a6b58
001a6b58	FUN_001a6b58	0	001a6b58-001a6bc4
001a6bc8	FUN_001a6bc8	0	001a6bc8-001a6c34
001a6c38	FUN_001a6c38	0	001a6c38-001a6c60
001a6c60	FUN_001a6c60	0	001a6c60-001a6c8c
001a6c90	FUN_001a6c90	0	001a6c90-001a6cd0
001a6cd0	FUN_001a6cd0	0	001a6cd0-001a6d04
001a6d08	FUN_001a6d08	0	001a6d08-001a6d38
001a6d38	FUN_001a6d38	0	001a6d38-001a6d64
001a6d68	FUN_001a6d68	0	001a6d68-001a6d94
001a6d98	FUN_001a6d98	0	001a6d98-001a6dd4
001a6dd8	FUN_001a6dd8	0	001a6dd8-001a6e88
001a6e88	FUN_001a6e88	0	001a6e88-001a6eec
001a6fe8	FUN_001a6fe8	0	001a6fe8-001a709c
001a70a0	FUN_001a70a0	0	001a70a0-001a7104
001a74f8	FUN_001a74f8	0	001a74f8-001a752c
001a7530	FUN_001a7530	0	001a7530-001a7568
001a7568	FUN_001a7568	0	001a7568-001a7584
001a7588	FUN_001a7588	0	001a7588-001a75d8
001a75d8	FUN_001a75d8	0	001a75d8-001a760c
001a7610	FUN_001a7610	0	001a7610-001a76c4
001a76c8	FUN_001a76c8	0	001a76c8-001a778c
001a7790	FUN_001a7790	0	001a7790-001a7888
001a7888	FUN_001a7888	0	001a7888-001a78c0
001a78c0	FUN_001a78c0	0	001a78c0-001a7918
001a7a48	FUN_001a7a48	0	001a7a48-001a7b78
001a7b78	FUN_001a7b78	0	001a7b78-001a7da4
001a7da8	FUN_001a7da8	0	001a7da8-001a801c
001a8020	FUN_001a8020	0	001a8020-001a8054
001a8058	FUN_001a8058	0	001a8058-001a8074
001a8098	FUN_001a8098	0	001a8098-001a80c8
001a80c8	FUN_001a80c8	0	001a80c8-001a810c
001a8110	FUN_001a8110	0	001a8110-001a8154
001a8190	FUN_001a8190	0	001a8190-001a81dc
001a81e0	FUN_001a81e0	0	001a81e0-001a81ec
001a81f0	FUN_001a81f0	0	001a81f0-001a8258
001a8258	FUN_001a8258	0	001a8258-001a82ac
001a82b0	FUN_001a82b0	0	001a82b0-001a82f0
001a82f0	FUN_001a82f0	0	001a82f0-001a8418
001a8418	FUN_001a8418	0	001a8418-001a8438
001a8438	FUN_001a8438	0	001a8438-001a844c
001a8450	FUN_001a8450	0	001a8450-001a8494
001a8498	FUN_001a8498	0	001a8498-001a84ac
001a84b0	FUN_001a84b0	0	001a84b0-001a84f0
001a84f0	FUN_001a84f0	0	001a84f0-001a850c
001a8510	FUN_001a8510	0	001a8510-001a8544
001a8548	FUN_001a8548	0	001a8548-001a856c
001a8598	FUN_001a8598	0	001a8570-001a85b4
001a8618	FUN_001a8618	0	001a8618-001a8678
001a8678	FUN_001a8678	0	001a8678-001a86b4
001a86b8	FUN_001a86b8	0	001a86b8-001a8778
001a8778	FUN_001a8778	0	001a8778-001a8908
001a8908	FUN_001a8908	0	001a8908-001a8930
001a8930	FUN_001a8930	0	001a8930-001a89ec
001a89f0	FUN_001a89f0	0	001a89f0-001a8b28
001a8b28	FUN_001a8b28	0	001a8b28-001a8b34
001a8b38	FUN_001a8b38	0	001a8b38-001a8b68
001a8b68	FUN_001a8b68	0	001a8b68-001a8ba0
001a8bb8	FUN_001a8bb8	0	001a8bb8-001a8bd0
001a8bd0	FUN_001a8bd0	0	001a8bd0-001a8bf4
001a8bf8	FUN_001a8bf8	0	001a8bf8-001a8c0c
001a8c10	FUN_001a8c10	0	001a8c10-001a8c60
001a8c60	FUN_001a8c60	0	001a8c60-001a8c74
001a8c78	FUN_001a8c78	0	001a8c78-001a8ccc
001a8cd0	FUN_001a8cd0	0	001a8cd0-001a8d3c
001a8d40	FUN_001a8d40	0	001a8d40-001a8f10
001a8f10	FUN_001a8f10	0	001a8f10-001a8f64
001a8f68	FUN_001a8f68	0	001a8f68-001a8ff8
001a8ff8	FUN_001a8ff8	0	001a8ff8-001a9014
001a9018	FUN_001a9018	0	001a9018-001a907c
001a9080	FUN_001a9080	0	001a9080-001a90a4
001a90a8	FUN_001a90a8	0	001a90a8-001a90ec
001a90f0	FUN_001a90f0	0	001a90f0-001a9110
001a9110	FUN_001a9110	0	001a9110-001a9130
001a9130	FUN_001a9130	0	001a9130-001a913c
001a9140	FUN_001a9140	0	001a9140-001a915c
001a9190	FUN_001a9190	0	001a9190-001a91c4
001a91c8	FUN_001a91c8	0	001a91c8-001a91f8
001a91f8	FUN_001a91f8	0	001a91f8-001a9214
001a9218	FUN_001a9218	0	001a9218-001a92d8
001a92d8	FUN_001a92d8	0	001a92d8-001a9350
001a9350	FUN_001a9350	0	001a9350-001a93b0
001a93b0	FUN_001a93b0	0	001a93b0-001a93e8
001a93e8	FUN_001a93e8	0	001a93e8-001a941c
001a9420	FUN_001a9420	0	001a9420-001a9454
001a9458	FUN_001a9458	0	001a9458-001a9524
001a9528	FUN_001a9528	0	001a9528-001a955c
001a9560	FUN_001a9560	0	001a9560-001a9754
001a9758	FUN_001a9758	0	001a9758-001a9780
001a9780	FUN_001a9780	0	001a9780-001a9798
001a9798	FUN_001a9798	0	001a9798-001a97b4
001a97b8	FUN_001a97b8	0	001a97b8-001a97e8
001a97e8	FUN_001a97e8	0	001a97e8-001a97f4
001a9808	FUN_001a9808	0	001a9808-001a9860
001a9860	FUN_001a9860	0	001a9860-001a98e8
001a98e8	FUN_001a98e8	0	001a98e8-001a9970
001a9970	FUN_001a9970	0	001a9970-001a9a28
001a9a28	FUN_001a9a28	0	001a9a28-001a9a4c,001a9a60-001a9a68
001a9ae8	FUN_001a9ae8	0	001a9ae8-001a9c20
001a9c20	FUN_001a9c20	0	001a9c20-001aa02c,001aa030-001aa0a4
001aa0a8	FUN_001aa0a8	0	001aa0a8-001aa310
001aa310	FUN_001aa310	0	001aa310-001aa388
001aa388	FUN_001aa388	0	001aa388-001aa554
001aa558	FUN_001aa558	0	001aa558-001aa664
001aa668	FUN_001aa668	0	001aa668-001aa684
001aa688	FUN_001aa688	0	001aa688-001aa6d0
001aa6d0	FUN_001aa6d0	0	001aa6d0-001aa6ec
001aa6f0	FUN_001aa6f0	0	001aa6f0-001aa728
001aa728	FUN_001aa728	0	001aa728-001aa790
001aa790	FUN_001aa790	0	001aa790-001aa7ec
001aa7f0	FUN_001aa7f0	0	001aa7f0-001aa84c
001aa850	FUN_001aa850	0	001aa850-001aa8a4
001aa8a8	FUN_001aa8a8	0	001aa8a8-001aa8f0
001aa8f0	FUN_001aa8f0	0	001aa8f0-001aa93c
001aa940	FUN_001aa940	0	001aa940-001aa980
001aa980	FUN_001aa980	0	001aa980-001aaa08
001aaa08	FUN_001aaa08	0	001aaa08-001aabd4
001aabd8	FUN_001aabd8	0	001aabd8-001aad24
001aad28	FUN_001aad28	0	001aad28-001aadac
001aadb0	FUN_001aadb0	0	001aadb0-001aade4
001aae28	FUN_001aae28	0	001aae28-001aae64
001aae68	FUN_001aae68	0	001aae68-001aae80
001aae80	FUN_001aae80	0	001aae80-001aae90
001aae90	FUN_001aae90	0	001aae90-001aaea4
001aaea8	FUN_001aaea8	0	001aaea8-001aaf98
001aaf98	FUN_001aaf98	0	001aaf98-001aafe4
001aafe8	FUN_001aafe8	0	001aafe8-001ab25c
001ab260	FUN_001ab260	0	001ab260-001ab598
001ab598	FUN_001ab598	0	001ab598-001ab74c
001ab750	FUN_001ab750	0	001ab750-001ab7fc
001ab800	FUN_001ab800	0	001ab800-001ab80c
001ab810	FUN_001ab810	0	001ab810-001ab81c
001ab820	FUN_001ab820	0	001ab820-001ab890
001ab890	FUN_001ab890	0	001ab890-001aba94
001aba98	FUN_001aba98	0	001aba98-001abab4
001abb28	FUN_001abb28	0	001abb28-001abb78
001abb78	FUN_001abb78	0	001abb78-001abba4
001abba8	FUN_001abba8	0	001abba8-001abbf0
001abbf0	FUN_001abbf0	0	001abbf0-001abcfc
001abd10	FUN_001abd10	0	001abd10-001abd30
001abd30	FUN_001abd30	0	001abd30-001abd90
001abd90	FUN_001abd90	0	001abd90-001abdf0
001abdf0	FUN_001abdf0	0	001abdf0-001abe48
001abe48	FUN_001abe48	0	001abe48-001abe80
001abe80	FUN_001abe80	0	001abe80-001abf00
001abf00	FUN_001abf00	0	001abf00-001abf34
001abf38	FUN_001abf38	0	001abf38-001abfd8
001abfd8	FUN_001abfd8	0	001abfd8-001ac028
001ac028	FUN_001ac028	0	001ac028-001ac078
001ac078	FUN_001ac078	0	001ac078-001ac0d0
001ac0d0	FUN_001ac0d0	0	001ac0d0-001ac108
001ac108	FUN_001ac108	0	001ac108-001ac1d0
001ac1d0	FUN_001ac1d0	0	001ac1d0-001ac204
001ac208	FUN_001ac208	0	001ac208-001ac258
001ac258	FUN_001ac258	0	001ac258-001ac2a8
001ac2a8	FUN_001ac2a8	0	001ac2a8-001ac30c
001ac310	FUN_001ac310	0	001ac310-001ac378
001ac378	FUN_001ac378	0	001ac378-001ac4bc
001ac5b8	FUN_001ac5b8	0	001ac5b8-001ac62c
001ac660	FUN_001ac660	0	001ac660-001ac6a0
001ac6a0	FUN_001ac6a0	0	001ac6a0-001ac6cc
001ac6d0	FUN_001ac6d0	0	001ac6d0-001ac6fc
001ac700	FUN_001ac700	0	001ac700-001ac728
001ac728	FUN_001ac728	0	001ac728-001ac778
001ac778	FUN_001ac778	0	001ac778-001ac78c
001ac7c8	FUN_001ac7c8	0	001ac7c8-001ac7fc
001ac858	FUN_001ac858	0	001ac858-001ac8b0
001ac8b0	FUN_001ac8b0	0	001ac8b0-001ac908
001ac908	FUN_001ac908	0	001ac908-001ac96c
001ac970	FUN_001ac970	0	001ac970-001aca98
001aca98	FUN_001aca98	0	001aca98-001acbc0
001acbc0	FUN_001acbc0	0	001acbc0-001acd74
001acd78	FUN_001acd78	0	001acd78-001acda8
001acda8	FUN_001acda8	0	001acda8-001acdbc
001acdc0	FUN_001acdc0	0	001acdc0-001acf38
001acf38	FUN_001acf38	0	001acf38-001acfb0
001acfb0	FUN_001acfb0	0	001acfb0-001ad020
001ad020	FUN_001ad020	0	001ad020-001ad098
001ad098	FUN_001ad098	0	001ad098-001ad0f4
001ad0f8	FUN_001ad0f8	0	001ad0f8-001ad154
001ad158	FUN_001ad158	0	001ad158-001ad1cc
001ad1d0	FUN_001ad1d0	0	001ad1d0-001ad228
001ad228	FUN_001ad228	0	001ad228-001ad280
001ad280	FUN_001ad280	0	001ad280-001ad330
001ad330	FUN_001ad330	0	001ad330-001ad3e0
001ad3e0	FUN_001ad3e0	0	001ad3e0-001ad430
001ad430	FUN_001ad430	0	001ad430-001ad4a8
001ad4a8	FUN_001ad4a8	0	001ad4a8-001ad520
001ad520	FUN_001ad520	0	001ad520-001ad5a8
001ad5a8	FUN_001ad5a8	0	001ad5a8-001ad5f0
001ad5f0	FUN_001ad5f0	0	001ad5f0-001ad638
001ad638	FUN_001ad638	0	001ad638-001ad734
001ad738	FUN_001ad738	0	001ad738-001ad834
001ad838	FUN_001ad838	0	001ad838-001ad938
001ad938	FUN_001ad938	0	001ad938-001ad944
001ad948	FUN_001ad948	0	001ad948-001ad970
001ad970	FUN_001ad970	0	001ad970-001ad98c
001ad990	FUN_001ad990	0	001ad990-001ad9c4
001ad9c8	FUN_001ad9c8	0	001ad9c8-001ada34
001ada38	FUN_001ada38	0	001ada38-001adb7c
001adb80	FUN_001adb80	0	001adb80-001adbbc
001adbc0	FUN_001adbc0	0	001adbc0-001adc08
001adc08	FUN_001adc08	0	001adc08-001adc44
001adc48	FUN_001adc48	0	001adc48-001adcf8
001adcf8	FUN_001adcf8	0	001adcf8-001adea4
001adea8	FUN_001adea8	0	001adea8-001adefc
001adf00	FUN_001adf00	0	001adf00-001ae00c
001ae010	FUN_001ae010	0	001ae010-001ae09c
001ae0a0	FUN_001ae0a0	0	001ae0a0-001ae1ac
001ae1b0	FUN_001ae1b0	0	001ae1b0-001ae1dc
001ae1e0	FUN_001ae1e0	0	001ae1e0-001ae20c
001ae210	FUN_001ae210	0	001ae210-001ae270
001ae270	FUN_001ae270	0	001ae270-001ae304
001ae308	FUN_001ae308	0	001ae308-001ae45c
001ae460	FUN_001ae460	0	001ae460-001ae4b8
001ae4c0	FUN_001ae4c0	0	001ae4c0-001ae58c
001ae590	FUN_001ae590	0	001ae590-001ae61c
001ae620	FUN_001ae620	0	001ae620-001ae650
001ae650	FUN_001ae650	0	001ae650-001ae678
001ae678	FUN_001ae678	0	001ae678-001ae690
001ae690	FUN_001ae690	0	001ae690-001ae6a8
001ae6a8	FUN_001ae6a8	0	001ae6a8-001ae784
001ae7d0	FUN_001ae7d0	0	001ae7d0-001ae8d8
001ae8d8	FUN_001ae8d8	0	001ae8d8-001ae990
001ae990	FUN_001ae990	0	001ae990-001ae99c
001ae9a0	FUN_001ae9a0	0	001ae9a0-001aea00
001aea00	FUN_001aea00	0	001aea00-001aea60
001aea60	FUN_001aea60	0	001aea60-001aeadc
001aeae0	FUN_001aeae0	0	001aeae0-001aeafc
001aeb00	FUN_001aeb00	0	001aeb00-001aeb3c
001aeb40	FUN_001aeb40	0	001aeb40-001aeb7c
001aeb80	FUN_001aeb80	0	001aeb80-001aebf0
001aebf0	FUN_001aebf0	0	001aebf0-001aec40
001aec40	FUN_001aec40	0	001aec40-001aec4c
001aedf8	FUN_001aedf8	0	001aedf8-001aefa0
001aefa0	FUN_001aefa0	0	001aefa0-001af0bc
001af0c0	FUN_001af0c0	0	001af0c0-001af190
001af210	FUN_001af210	0	001af210-001af28c
001af290	FUN_001af290	0	001af290-001af2e4
001af2e8	FUN_001af2e8	0	001af2e8-001af328
001af328	FUN_001af328	0	001af328-001af35c
001af360	FUN_001af360	0	001af360-001af394
001af3e0	FUN_001af3e0	0	001af3e0-001af41c
001af420	FUN_001af420	0	001af420-001af524,001af528-001af5bc,001af5c0-001af638
001af778	FUN_001af778	0	001af778-001af7bc
001af7c0	FUN_001af7c0	0	001af7c0-001af8d4
001af8d8	FUN_001af8d8	0	001af8d8-001af938
001af938	FUN_001af938	0	001af938-001af9e4
001af9e8	FUN_001af9e8	0	001af9e8-001af9f8
001af9f8	FUN_001af9f8	0	001af9f8-001afa2c
001afa30	FUN_001afa30	0	001afa30-001afa4c
001afa50	FUN_001afa50	0	001afa50-001afa88
001afa88	FUN_001afa88	0	001afa88-001afae0
001afae0	FUN_001afae0	0	001afae0-001afaec
001afaf0	FUN_001afaf0	0	001afaf0-001afb7c
001afb80	FUN_001afb80	0	001afb80-001afbfc
001afc00	FUN_001afc00	0	001afc00-001afdcc
001afe30	FUN_001afe30	0	001afe30-001afe6c
001afe70	FUN_001afe70	0	001afe70-001afee4
001afee8	FUN_001afee8	0	001afee8-001aff90
001aff90	FUN_001aff90	0	001aff90-001affe0
001affe0	FUN_001affe0	0	001affe0-001b0144
001b0148	FUN_001b0148	0	001b0148-001b0184
001b0188	FUN_001b0188	0	001b0188-001b01ac
001b01b0	FUN_001b01b0	0	001b01b0-001b01d4
001b01d8	FUN_001b01d8	0	001b01d8-001b020c
001b0210	FUN_001b0210	0	001b0210-001b024c
001b0250	FUN_001b0250	0	001b0250-001b030c,001b0310-001b0320
001b0320	FUN_001b0320	0	001b0320-001b032c
001b0330	FUN_001b0330	0	001b0330-001b0370
001b0370	FUN_001b0370	0	001b0370-001b038c
001b03b0	FUN_001b03b0	0	001b03b0-001b0424
001b0428	FUN_001b0428	0	001b0428-001b0444
001b0448	FUN_001b0448	0	001b0448-001b0498
001b0498	FUN_001b0498	0	001b0498-001b04d8
001b04d8	FUN_001b04d8	0	001b04d8-001b0580
001b0580	FUN_001b0580	0	001b0580-001b06fc
001b0700	FUN_001b0700	0	001b0700-001b0728
001b0728	FUN_001b0728	0	001b0728-001b0794
001b0798	FUN_001b0798	0	001b0798-001b0858
001b0858	FUN_001b0858	0	001b0858-001b08c4
001b08e8	FUN_001b08e8	0	001b08e8-001b093c
001b0940	FUN_001b0940	0	001b0940-001b1100
001b1100	FUN_001b1100	0	001b1100-001b1324
001b1328	FUN_001b1328	0	001b1328-001b135c
001b1360	FUN_001b1360	0	001b1360-001b13ac,001b13b0-001b13cc
001b13d8	FUN_001b13d8	0	001b13d8-001b13ec
001b13f0	FUN_001b13f0	0	001b13f0-001b13fc
001b1400	FUN_001b1400	0	001b1400-001b1448
001b1448	FUN_001b1448	0	001b1448-001b1490
001b1490	FUN_001b1490	0	001b1490-001b14d8
001b14d8	FUN_001b14d8	0	001b14d8-001b155c
001b1560	FUN_001b1560	0	001b1560-001b18e8
001b1928	FUN_001b1928	0	001b1928-001b19a8
001b1a30	FUN_001b1a30	0	001b1a30-001b1ab8
001b1ab8	FUN_001b1ab8	0	001b1ab8-001b1b54
001b1b58	FUN_001b1b58	0	001b1b58-001b1b98
001b1bb8	FUN_001b1bb8	0	001b1bb8-001b1be0
001b1be0	FUN_001b1be0	0	001b1be0-001b1c0c
001b1c10	FUN_001b1c10	0	001b1c10-001b1c38
001b1c38	FUN_001b1c38	0	001b1c38-001b1cfc
001b1d00	FUN_001b1d00	0	001b1d00-001b1d1c
001b1d20	FUN_001b1d20	0	001b1d20-001b1d5c
001b1d60	FUN_001b1d60	0	001b1d60-001b1d9c
001b1da0	FUN_001b1da0	0	001b1da0-001b1dfc
001b1e58	FUN_001b1e58	0	001b1e58-001b1e6c
001b1e70	FUN_001b1e70	0	001b1e70-001b1e7c
001b1e80	FUN_001b1e80	0	001b1e80-001b1ee4
001b1ee8	FUN_001b1ee8	0	001b1ee8-001b1fc8
001b1fc8	FUN_001b1fc8	0	001b1fc8-001b1ff0
001b1ff0	FUN_001b1ff0	0	001b1ff0-001b2028
001b2028	FUN_001b2028	0	001b2028-001b204c
001b2050	FUN_001b2050	0	001b2050-001b20a0
001b20a0	FUN_001b20a0	0	001b20a0-001b20f0
001b20f0	FUN_001b20f0	0	001b20f0-001b2104
001b2170	FUN_001b2170	0	001b2170-001b220c
001b2210	FUN_001b2210	0	001b2210-001b2304
001b2308	FUN_001b2308	0	001b2308-001b2380
001b2380	FUN_001b2380	0	001b2380-001b23f8
001b2488	FUN_001b2488	0	001b2488-001b24bc
001b24c0	FUN_001b24c0	0	001b24c0-001b24c8
001b24c8	FUN_001b24c8	0	001b24c8-001b251c
001b2520	FUN_001b2520	0	001b2520-001b2574
001b2578	FUN_001b2578	0	001b2578-001b2614
001b2618	FUN_001b2618	0	001b2618-001b26dc
001b26e0	FUN_001b26e0	0	001b26e0-001b2708
001b2708	FUN_001b2708	0	001b2708-001b2724
001b2780	FUN_001b2780	0	001b2780-001b27c0
001b27c0	FUN_001b27c0	0	001b27c0-001b27f0
001b27f0	FUN_001b27f0	0	001b27f0-001b2860
001b2860	FUN_001b2860	0	001b2860-001b2a7c,001b2a80-001b2a90
001b2b58	FUN_001b2b58	0	001b2b58-001b2b80
001b2b80	FUN_001b2b80	0	001b2b80-001b2bd4
001b2c18	FUN_001b2c18	0	001b2c18-001b2c48
001b2c48	FUN_001b2c48	0	001b2c48-001b2cf8
001b2cf8	FUN_001b2cf8	0	001b2cf8-001b2d10
001b2d10	FUN_001b2d10	0	001b2d10-001b2dac
001b2db8	FUN_001b2db8	0	001b2db8-001b2f0c
001b2f10	FUN_001b2f10	0	001b2f10-001b2f38
001b2f38	FUN_001b2f38	0	001b2f38-001b3018
001b3018	FUN_001b3018	0	001b3018-001b3098
001b3098	FUN_001b3098	0	001b3098-001b3118
001b3118	FUN_001b3118	0	001b3118-001b3204
001b3208	FUN_001b3208	0	001b3208-001b326c
001b3270	FUN_001b3270	0	001b3270-001b32c4
001b3330	FUN_001b3330	0	001b3330-001b3388
001b3388	FUN_001b3388	0	001b3388-001b340c,001b3410-001b3428
001b3428	FUN_001b3428	0	001b3428-001b3740
001b3748	FUN_001b3748	0	001b3748-001b3a0c
001b3a90	FUN_001b3a90	0	001b3a90-001b3b0c
001b3b10	FUN_001b3b10	0	001b3b10-001b3b70
001b3b70	FUN_001b3b70	0	001b3b70-001b3bb4
001b3bb8	FUN_001b3bb8	0	001b3bb8-001b3bfc
001b3c00	FUN_001b3c00	0	001b3c00-001b3c54
001b3c58	FUN_001b3c58	0	001b3c58-001b3cac
001b3cb0	FUN_001b3cb0	0	001b3cb0-001b3cfc
001b3d00	FUN_001b3d00	0	001b3d00-001b3e84
001b3e88	FUN_001b3e88	0	001b3e88-001b3f84
001b4098	FUN_001b4098	0	001b4098-001b40dc
001b40e0	FUN_001b40e0	0	001b40e0-001b4198
001b4198	FUN_001b4198	0	001b4198-001b4300
001b4300	FUN_001b4300	0	001b4300-001b433c
001b4340	FUN_001b4340	0	001b4340-001b43b4,001b43b8-001b43e0
001b43e0	FUN_001b43e0	0	001b43e0-001b4430
001b4430	FUN_001b4430	0	001b4430-001b45b0
001b47d8	FUN_001b47d8	0	001b47d8-001b49fc
001b4a00	FUN_001b4a00	0	001b4a00-001b4c48
001b4c48	FUN_001b4c48	0	001b4c48-001b4d0c
001b4d10	FUN_001b4d10	0	001b4d10-001b4d70
001b4d70	FUN_001b4d70	0	001b4d70-001b4dd0
001b4dd0	FUN_001b4dd0	0	001b4dd0-001b4f3c
001b4f40	FUN_001b4f40	0	001b4f40-001b50ac
001b50b0	FUN_001b50b0	0	001b50b0-001b50dc
001b50e0	FUN_001b50e0	0	001b50e0-001b5250
001b5250	FUN_001b5250	0	001b5250-001b52b4,001b52b8-001b53ac,001b53b0-001b53fc
001b5400	FUN_001b5400	0	001b5400-001b545c
001b5460	FUN_001b5460	0	001b5460-001b5554,001b5558-001b5588
001b5588	FUN_001b5588	0	001b5588-001b55e4
001b55e8	FUN_001b55e8	0	001b55e8-001b5680
001b5680	FUN_001b5680	0	001b5680-001b5708
001b5708	FUN_001b5708	0	001b5708-001b57f4
001b57f8	FUN_001b57f8	0	001b57f8-001b5858
001b5858	FUN_001b5858	0	001b5858-001b5874
001b5878	FUN_001b5878	0	001b5878-001b58a8
001b58a8	FUN_001b58a8	0	001b58a8-001b58b8
001b58b8	FUN_001b58b8	0	001b58b8-001b58ec
001b58f0	FUN_001b58f0	0	001b58f0-001b5914
001b5918	FUN_001b5918	0	001b5918-001b5970
001b5970	FUN_001b5970	0	001b5970-001b59c0
001b59c0	FUN_001b59c0	0	001b59c0-001b5a0c
001b5a10	FUN_001b5a10	0	001b5a10-001b5a60
001b5a60	FUN_001b5a60	0	001b5a60-001b5aac
001b5ab0	FUN_001b5ab0	0	001b5ab0-001b5af0
001b5af0	FUN_001b5af0	0	001b5af0-001b5b20
001b5b20	FUN_001b5b20	0	001b5b20-001b5c60
001b5c60	FUN_001b5c60	0	001b5c60-001b5c78
001b5c78	FUN_001b5c78	0	001b5c78-001b5cb8
001b5cb8	FUN_001b5cb8	0	001b5cb8-001b5cd4
001b5ce8	FUN_001b5ce8	0	001b5ce8-001b5cf8
001b5cf8	FUN_001b5cf8	0	001b5cf8-001b5eec
001b5ef0	FUN_001b5ef0	0	001b5ef0-001b5f64
001b5f68	FUN_001b5f68	0	001b5f68-001b5fe0
001b5fe0	FUN_001b5fe0	0	001b5fe0-001b6034
001b6038	FUN_001b6038	0	001b6038-001b6070
001b6070	FUN_001b6070	0	001b6070-001b60dc
001b60e0	FUN_001b60e0	0	001b60e0-001b6294
001b6298	FUN_001b6298	0	001b6298-001b644c
001b6450	FUN_001b6450	0	001b6450-001b6514
001b6518	FUN_001b6518	0	001b6518-001b65dc
001b65e0	FUN_001b65e0	0	001b65e0-001b6a3c,001b6a40-001b6a50
001b6ab8	FUN_001b6ab8	0	001b6ab8-001b6b0c
001b6b10	FUN_001b6b10	0	001b6b10-001b6bd8
001b6bd8	FUN_001b6bd8	0	001b6bd8-001b6c1c
001b6c20	FUN_001b6c20	0	001b6c20-001b6c5c
001b6c60	FUN_001b6c60	0	001b6c60-001b6ca8
001b6ca8	FUN_001b6ca8	0	001b6ca8-001b6cc4
001b6d00	FUN_001b6d00	0	001b6d00-001b6d40
001b6d40	FUN_001b6d40	0	001b6d40-001b6d70
001b6d70	FUN_001b6d70	0	001b6d70-001b6d88
001b6d88	FUN_001b6d88	0	001b6d88-001b6dd0
001b6dd0	FUN_001b6dd0	0	001b6dd0-001b6e08
001b6e08	FUN_001b6e08	0	001b6e08-001b6e90
001b6e90	FUN_001b6e90	0	001b6e90-001b6f48
001b6f48	FUN_001b6f48	0	001b6f48-001b6f88
001b6f88	FUN_001b6f88	0	001b6f88-001b6fa0
001b6fa0	FUN_001b6fa0	0	001b6fa0-001b6fac
001b6fb0	FUN_001b6fb0	0	001b6fb0-001b7034
001b7038	FUN_001b7038	0	001b7038-001b70cc
001b70d0	FUN_001b70d0	0	001b70d0-001b71e4
001b71e8	FUN_001b71e8	0	001b71e8-001b72bc
001b72c0	FUN_001b72c0	0	001b72c0-001b73e8
001b73e8	FUN_001b73e8	0	001b73e8-001b7428
001b7428	FUN_001b7428	0	001b7428-001b7464
001b7468	FUN_001b7468	0	001b7468-001b74a4
001b74b8	FUN_001b74b8	0	001b74b8-001b74c8
001b74c8	FUN_001b74c8	0	001b74c8-001b7508
001b7508	FUN_001b7508	0	001b7508-001b7534
001b7538	FUN_001b7538	0	001b7538-001b75b0
001b75b0	FUN_001b75b0	0	001b75b0-001b75e8
001b75e8	FUN_001b75e8	0	001b75e8-001b7654
001b7658	FUN_001b7658	0	001b7658-001b76c4
001b76c8	FUN_001b76c8	0	001b76c8-001b7764
001b7768	FUN_001b7768	0	001b7768-001b77a8
001b77a8	FUN_001b77a8	0	001b77a8-001b77d0
001b77d0	FUN_001b77d0	0	001b77d0-001b77e8
001b77e8	FUN_001b77e8	0	001b77e8-001b7800
001b7800	FUN_001b7800	0	001b7800-001b7818
001b7818	FUN_001b7818	0	001b7818-001b7850
001b7850	FUN_001b7850	0	001b7850-001b78b4
001b78b8	FUN_001b78b8	0	001b78b8-001b78cc
001b78d0	FUN_001b78d0	0	001b78d0-001b7954
001b7958	FUN_001b7958	0	001b7958-001b7994
001b7998	FUN_001b7998	0	001b7998-001b7a18
001b7a18	FUN_001b7a18	0	001b7a18-001b7b0c
001b7b10	FUN_001b7b10	0	001b7b10-001b7c7c
001b7c80	FUN_001b7c80	0	001b7c80-001b7dec
001b7df0	FUN_001b7df0	0	001b7df0-001b7e68
001b7e68	FUN_001b7e68	0	001b7e68-001b7f30
001b7f30	FUN_001b7f30	0	001b7f30-001b7f88
001b7f88	FUN_001b7f88	0	001b7f88-001b7fd0
001b7fd0	FUN_001b7fd0	0	001b7fd0-001b7ff8
001b7ff8	FUN_001b7ff8	0	001b7ff8-001b800c
001b8010	FUN_001b8010	0	001b8010-001b80d4
001b80d8	FUN_001b80d8	0	001b80d8-001b81e4
001b81e8	FUN_001b81e8	0	001b81e8-001b8218
001b8218	FUN_001b8218	0	001b8218-001b8224
001b8228	FUN_001b8228	0	001b8228-001b8258
001b8258	FUN_001b8258	0	001b8258-001b828c
001b82b8	FUN_001b82b8	0	001b8290-001b82d4
001b82d8	FUN_001b82d8	0	001b82d8-001b8314
001b8318	FUN_001b8318	0	001b8318-001b8344
001b8348	FUN_001b8348	0	001b8348-001b83cc
001b83d0	FUN_001b83d0	0	001b83d0-001b83ec
001b83f0	FUN_001b83f0	0	001b83f0-001b8420
001b8420	FUN_001b8420	0	001b8420-001b844c
001b8450	FUN_001b8450	0	001b8450-001b84b4
001b84b8	FUN_001b84b8	0	001b84b8-001b851c
001b8520	FUN_001b8520	0	001b8520-001b867c
001b8680	FUN_001b8680	0	001b8680-001b86dc
001b86e0	FUN_001b86e0	0	001b86e0-001b8718
001b8718	FUN_001b8718	0	001b8718-001b8780
001b8780	FUN_001b8780	0	001b8780-001b879c
001b87a0	FUN_001b87a0	0	001b87a0-001b87ac
001b87b0	FUN_001b87b0	0	001b87b0-001b87fc
001b8800	FUN_001b8800	0	001b8800-001b8834
001b8838	FUN_001b8838	0	001b8838-001b8944,001b8948-001b8958
001b8958	FUN_001b8958	0	001b8958-001b8988
001b8988	FUN_001b8988	0	001b8988-001b89d0
001b89d0	FUN_001b89d0	0	001b89d0-001b8bf4
001b8bf8	FUN_001b8bf8	0	001b8bf8-001b8c70
001b8c70	FUN_001b8c70	0	001b8c70-001b8cdc
001b8ce0	FUN_001b8ce0	0	001b8ce0-001b8d60
001b8d60	FUN_001b8d60	0	001b8d60-001b8da0
001b8da0	FUN_001b8da0	0	001b8da0-001b8e00
001b8e00	FUN_001b8e00	0	001b8e00-001b8e78
001b8e78	FUN_001b8e78	0	001b8e78-001b8e84
001b8e88	FUN_001b8e88	0	001b8e88-001b8f10
001b8f10	FUN_001b8f10	0	001b8f10-001b8fd4
001b8fd8	FUN_001b8fd8	0	001b8fd8-001b8ff8
001b8ff8	FUN_001b8ff8	0	001b8ff8-001b90a8
001b90a8	FUN_001b90a8	0	001b90a8-001b90c4
001b90c8	FUN_001b90c8	0	001b90c8-001b90f0
001b90f0	FUN_001b90f0	0	001b90f0-001b91cc
001b91d0	FUN_001b91d0	0	001b91d0-001b922c
001b9230	FUN_001b9230	0	001b9230-001b92d0
001b92d0	FUN_001b92d0	0	001b92d0-001b92f8
001b92f8	FUN_001b92f8	0	001b92f8-001b9380
001b9380	FUN_001b9380	0	001b9380-001b9420
001b9420	FUN_001b9420	0	001b9420-001b964c,001b9650-001b9670
001b99d0	FUN_001b99d0	0	001b99d0-001b9b24
001b9b28	FUN_001b9b28	0	001b9b28-001b9bc4
001b9bc8	FUN_001b9bc8	0	001b9bc8-001b9c24
001b9c28	FUN_001b9c28	0	001b9c28-001b9c58
001b9c58	FUN_001b9c58	0	001b9c58-001b9c8c
001b9c90	FUN_001b9c90	0	001b9c90-001b9d3c
001b9d40	FUN_001b9d40	0	001b9d40-001b9db0
001b9db0	FUN_001b9db0	0	001b9db0-001b9ebc,001b9ec0-001b9ee8
001b9ee8	FUN_001b9ee8	0	001b9ee8-001b9f3c,001b9f40-001b9f7c
001b9f80	FUN_001b9f80	0	001b9f80-001ba01c
001ba028	FUN_001ba028	0	001ba028-001ba060
001ba0f8	FUN_001ba0f8	0	001ba060-001ba114
001ba138	FUN_001ba138	0	001ba138-001ba158
001ba158	FUN_001ba158	0	001ba158-001ba164
001ba168	FUN_001ba168	0	001ba168-001ba1f4
001ba1f8	FUN_001ba1f8	0	001ba1f8-001ba284
001ba310	FUN_001ba310	0	001ba310-001ba340
001ba340	FUN_001ba340	0	001ba340-001ba408
001ba408	FUN_001ba408	0	001ba408-001ba528
001ba528	FUN_001ba528	0	001ba528-001ba594
001ba598	FUN_001ba598	0	001ba598-001ba650
001ba650	FUN_001ba650	0	001ba650-001ba6ac
001ba6b0	FUN_001ba6b0	0	001ba6b0-001ba718
001ba718	FUN_001ba718	0	001ba718-001ba73c
001ba740	FUN_001ba740	0	001ba740-001ba794
001ba7c0	FUN_001ba7c0	0	001ba798-001ba7dc
001baa58	FUN_001baa58	0	001baa58-001bacd0
001bacd0	FUN_001bacd0	0	001bacd0-001badd8
001badd8	FUN_001badd8	0	001badd8-001bae08
001bae08	FUN_001bae08	0	001bae08-001bae34
001bae38	FUN_001bae38	0	001bae38-001bb01c
001bb020	FUN_001bb020	0	001bb020-001bb08c
001bb090	FUN_001bb090	0	001bb090-001bb21c
001bb270	FUN_001bb270	0	001bb270-001bb284
001bb288	FUN_001bb288	0	001bb288-001bb2c4
001bb2c8	FUN_001bb2c8	0	001bb2c8-001bb438
001bb438	FUN_001bb438	0	001bb438-001bb468
001bb468	FUN_001bb468	0	001bb468-001bb4a0
001bb4a0	FUN_001bb4a0	0	001bb4a0-001bb4b0
001bb4b0	FUN_001bb4b0	0	001bb4b0-001bb4ec
001bb4f0	FUN_001bb4f0	0	001bb4f0-001bb62c
001bb630	FUN_001bb630	0	001bb630-001bb6d0
001bb6d0	FUN_001bb6d0	0	001bb6d0-001bb740
001bb740	FUN_001bb740	0	001bb740-001bb764
001bb768	FUN_001bb768	0	001bb768-001bb7f8
001bb7f8	FUN_001bb7f8	0	001bb7f8-001bb854
001bb858	FUN_001bb858	0	001bb858-001bb88c
001bb890	FUN_001bb890	0	001bb890-001bb8f0
001bb8f0	FUN_001bb8f0	0	001bb8f0-001bb954
001bb958	FUN_001bb958	0	001bb958-001bb9b0
001bb9b0	FUN_001bb9b0	0	001bb9b0-001bb9f0
001bb9f0	FUN_001bb9f0	0	001bb9f0-001bba30
001bba30	FUN_001bba30	0	001bba30-001bba88
001bba88	FUN_001bba88	0	001bba88-001bbabc
001bbac0	FUN_001bbac0	0	001bbac0-001bbb04
001bbb08	FUN_001bbb08	0	001bbb08-001bbb24
001bbb28	FUN_001bbb28	0	001bbb28-001bbb50
001bbb50	FUN_001bbb50	0	001bbb50-001bbba8
001bbba8	FUN_001bbba8	0	001bbba8-001bbc30
001bbc30	FUN_001bbc30	0	001bbc30-001bbcac
001bbcb0	FUN_001bbcb0	0	001bbcb0-001bbcbc
001bbcc0	FUN_001bbcc0	0	001bbcc0-001bbcf4
001bbcf8	FUN_001bbcf8	0	001bbcf8-001bbd58
001bbd58	FUN_001bbd58	0	001bbd58-001bbdb8
001bbdb8	FUN_001bbdb8	0	001bbdb8-001bbe14
001bbe18	FUN_001bbe18	0	001bbe18-001bbe38
001bbe38	FUN_001bbe38	0	001bbe38-001bbe78
001bbe78	FUN_001bbe78	0	001bbe78-001bbebc
001bbec0	FUN_001bbec0	0	001bbec0-001bbf00
001bbf00	FUN_001bbf00	0	001bbf00-001bbf40
001bbf40	FUN_001bbf40	0	001bbf40-001bbf80
001bbf80	FUN_001bbf80	0	001bbf80-001bbfcc
001bbfd0	FUN_001bbfd0	0	001bbfd0-001bc00c
001bc010	FUN_001bc010	0	001bc010-001bc050
001bc050	FUN_001bc050	0	001bc050-001bc090
001bc090	FUN_001bc090	0	001bc090-001bc0cc
001bc0d0	FUN_001bc0d0	0	001bc0d0-001bc0dc
001bc0e0	FUN_001bc0e0	0	001bc0e0-001bc12c
001bc130	FUN_001bc130	0	001bc130-001bc188
001bc188	FUN_001bc188	0	001bc188-001bc268
001bc268	FUN_001bc268	0	001bc268-001bc284
001bc2a8	FUN_001bc2a8	0	001bc2a8-001bc568
001bc568	FUN_001bc568	0	001bc568-001bc684
001bc688	FUN_001bc688	0	001bc688-001bc6a8
001bc6a8	FUN_001bc6a8	0	001bc6a8-001bc6fc
001bc700	FUN_001bc700	0	001bc700-001bc70c
001bc710	FUN_001bc710	0	001bc710-001bc720
001bc720	FUN_001bc720	0	001bc720-001bc730
001bc730	FUN_001bc730	0	001bc730-001bc774
001bc778	FUN_001bc778	0	001bc778-001bc780
001bc780	FUN_001bc780	0	001bc780-001bc944
001bc948	FUN_001bc948	0	001bc948-001bc98c
001bc990	FUN_001bc990	0	001bc990-001bc9e4
001bc9e8	FUN_001bc9e8	0	001bc9e8-001bcb24,001bcb28-001bcc28
001bcc28	FUN_001bcc28	0	001bcc28-001bcd04
001bcd08	FUN_001bcd08	0	001bcd08-001bcde0
001bce00	FUN_001bce00	0	001bce00-001bce90
001bce90	FUN_001bce90	0	001bce90-001bcf18
001bcf18	FUN_001bcf18	0	001bcf18-001bcf38
001bcf38	FUN_001bcf38	0	001bcf38-001bcf80
001bcf80	FUN_001bcf80	0	001bcf80-001bd124
001bd2d0	FUN_001bd2d0	0	001bd2d0-001bd370
001bd370	FUN_001bd370	0	001bd370-001bd39c
001bd3a0	FUN_001bd3a0	0	001bd3a0-001bd3e0
001bd3e0	FUN_001bd3e0	0	001bd3e0-001bd414
001bd418	FUN_001bd418	0	001bd418-001bd4e8
001bd4e8	FUN_001bd4e8	0	001bd4e8-001bd570
001bd570	FUN_001bd570	0	001bd570-001bd590
001bd590	FUN_001bd590	0	001bd590-001bd5b0
001bd5b0	FUN_001bd5b0	0	001bd5b0-001bd614
001bd618	FUN_001bd618	0	001bd618-001bd668
001bd668	FUN_001bd668	0	001bd668-001bd6a8
001bd6a8	FUN_001bd6a8	0	001bd6a8-001bd894
001bd8c8	FUN_001bd8c8	0	001bd8c8-001bd918
001bd918	FUN_001bd918	0	001bd918-001bd988
001bd988	FUN_001bd988	0	001bd988-001bdab0
001bdab0	FUN_001bdab0	0	001bdab0-001bdb10
001bdb10	FUN_001bdb10	0	001bdb10-001bdb6c
001bdb70	FUN_001bdb70	0	001bdb70-001bdc18
001bdc18	FUN_001bdc18	0	001bdc18-001bdc44
001bdc48	FUN_001bdc48	0	001bdc48-001bdc88
001bdc88	FUN_001bdc88	0	001bdc88-001bdccc
001bdcd0	FUN_001bdcd0	0	001bdcd0-001bdd20
001bdd20	FUN_001bdd20	0	001bdd20-001bdd4c
001bdd50	FUN_001bdd50	0	001bdd50-001bde54
001bde58	FUN_001bde58	0	001bde58-001bde84
001bde88	FUN_001bde88	0	001bde88-001bded8
001bded8	FUN_001bded8	0	001bded8-001bdf38
001bdf38	FUN_001bdf38	0	001bdf38-001bdf68
001bdf68	FUN_001bdf68	0	001bdf68-001bdfe0
001bdfe0	FUN_001bdfe0	0	001bdfe0-001bdfec
001bdff0	FUN_001bdff0	0	001bdff0-001be05c
001be060	FUN_001be060	0	001be060-001be13c,001be140-001be164
001be410	FUN_001be410	0	001be410-001be4b0
001be4b0	FUN_001be4b0	0	001be4b0-001be4dc
001be4e0	FUN_001be4e0	0	001be4e0-001be53c
001be540	FUN_001be540	0	001be540-001be5ec
001be5f0	FUN_001be5f0	0	001be5f0-001be778
001be778	FUN_001be778	0	001be778-001be88c
001be890	FUN_001be890	0	001be890-001be900
001be900	FUN_001be900	0	001be900-001be940
001be940	FUN_001be940	0	001be940-001be9a0
001be9a0	FUN_001be9a0	0	001be9a0-001beafc
001beb00	FUN_001beb00	0	001beb00-001bec64
001bec68	FUN_001bec68	0	001bec68-001bed30
001bed30	FUN_001bed30	0	001bed30-001bed48
001bed48	FUN_001bed48	0	001bed48-001bee5c,001bee60-001bee78
001bee78	FUN_001bee78	0	001bee78-001befa8
001befa8	FUN_001befa8	0	001befa8-001befd8
001befd8	FUN_001befd8	0	001befd8-001bf010
001bf010	FUN_001bf010	0	001bf010-001bf0c4
001bf0c8	FUN_001bf0c8	0	001bf0c8-001bf0fc
001bf100	FUN_001bf100	0	001bf100-001bf118
001bf140	FUN_001bf140	0	001bf140-001bf164
001bf168	FUN_001bf168	0	001bf168-001bf270
001bf270	FUN_001bf270	0	001bf270-001bf378
001bf378	FUN_001bf378	0	001bf378-001bf4e4
001bf620	FUN_001bf620	0	001bf620-001bf6a4
001bf6a8	FUN_001bf6a8	0	001bf6a8-001bf710
001bf930	FUN_001bf930	0	001bf930-001bf9d8
001bfa08	FUN_001bfa08	0	001bfa08-001bfbd8
001bfbd8	FUN_001bfbd8	0	001bfbd8-001bfc28
001bfc28	FUN_001bfc28	0	001bfc28-001bfc7c,001bfc80-001bfca0
001bfca0	FUN_001bfca0	0	001bfca0-001bfcc4
001bfcc8	FUN_001bfcc8	0	001bfcc8-001bfd60
001bfd60	FUN_001bfd60	0	001bfd60-001bfd9c
001bfda0	FUN_001bfda0	0	001bfda0-001bff88
001bff88	FUN_001bff88	0	001bff88-001bffd8
001bffd8	FUN_001bffd8	0	001bffd8-001c0054
001c0058	FUN_001c0058	0	001c0058-001c008c
001c0090	FUN_001c0090	0	001c0090-001c00bc
001c0150	FUN_001c0150	0	001c0150-001c01dc
001c0248	FUN_001c0248	0	001c0248-001c0268
001c0268	FUN_001c0268	0	001c0268-001c0294
001c0298	FUN_001c0298	0	001c0298-001c031c
001c0320	FUN_001c0320	0	001c0320-001c040c
001c0410	FUN_001c0410	0	001c0410-001c043c,001c0440-001c0454
001c0458	FUN_001c0458	0	001c0458-001c048c
001c0490	FUN_001c0490	0	001c0490-001c055c
001c0560	FUN_001c0560	0	001c0560-001c05b0
001c05b0	FUN_001c05b0	0	001c05b0-001c0614
001c0618	FUN_001c0618	0	001c0618-001c0634
001c0638	FUN_001c0638	0	001c0638-001c0644
001c0648	FUN_001c0648	0	001c0648-001c068c
001c0690	FUN_001c0690	0	001c0690-001c088c
001c0890	FUN_001c0890	0	001c0890-001c09bc
001c09c0	FUN_001c09c0	0	001c09c0-001c09f0
001c09f0	FUN_001c09f0	0	001c09f0-001c09fc
001c0a00	FUN_001c0a00	0	001c0a00-001c0a7c
001c0a80	FUN_001c0a80	0	001c0a80-001c0aac
001c0ab0	FUN_001c0ab0	0	001c0ab0-001c0ae0
001c0ae0	FUN_001c0ae0	0	001c0ae0-001c0b9c
001c0ba0	FUN_001c0ba0	0	001c0ba0-001c0c14
001c0c18	FUN_001c0c18	0	001c0c18-001c0c24
001c0c38	FUN_001c0c38	0	001c0c38-001c0c6c
001c0c70	FUN_001c0c70	0	001c0c70-001c0c7c
001c0c80	FUN_001c0c80	0	001c0c80-001c0c9c
001c0ca0	FUN_001c0ca0	0	001c0ca0-001c0cc4
001c0cc8	FUN_001c0cc8	0	001c0cc8-001c0cd4
001c0cd8	FUN_001c0cd8	0	001c0cd8-001c0ce4
001c0ce8	FUN_001c0ce8	0	001c0ce8-001c0d34
001c0d38	FUN_001c0d38	0	001c0d38-001c0e5c
001c0e60	FUN_001c0e60	0	001c0e60-001c101c
001c1020	FUN_001c1020	0	001c1020-001c1060
001c1060	FUN_001c1060	0	001c1060-001c1094,001c1098-001c10b8
001c10b8	FUN_001c10b8	0	001c10b8-001c10c4
001c10c8	FUN_001c10c8	0	001c10c8-001c10f8
001c10f8	FUN_001c10f8	0	001c10f8-001c112c
001c1130	FUN_001c1130	0	001c1130-001c11a8
001c11a8	FUN_001c11a8	0	001c11a8-001c11dc
001c11e0	FUN_001c11e0	0	001c11e0-001c1218
001c1218	FUN_001c1218	0	001c1218-001c1264
001c1268	FUN_001c1268	0	001c1268-001c1304
001c1308	FUN_001c1308	0	001c1308-001c13a4
001c13a8	FUN_001c13a8	0	001c13a8-001c13e4
001c13e8	FUN_001c13e8	0	001c13e8-001c1424
001c1428	FUN_001c1428	0	001c1428-001c14dc
001c14e0	FUN_001c14e0	0	001c14e0-001c169c
001c16a0	FUN_001c16a0	0	001c16a0-001c16ec
001c16f0	FUN_001c16f0	0	001c16f0-001c1708
001c1708	FUN_001c1708	0	001c1708-001c1748
001c1748	FUN_001c1748	0	001c1748-001c17a8
001c1808	FUN_001c1808	0	001c1808-001c1890
001c1890	FUN_001c1890	0	001c1890-001c18d0
001c18d0	FUN_001c18d0	0	001c18d0-001c1938
001c1938	FUN_001c1938	0	001c1938-001c1a30
001c1a30	FUN_001c1a30	0	001c1a30-001c1b08
001c1b08	FUN_001c1b08	0	001c1b08-001c1cc8
001c1d90	FUN_001c1d90	0	001c1d90-001c1df4
001c1df8	FUN_001c1df8	0	001c1df8-001c1fe0
001c1fe0	FUN_001c1fe0	0	001c1fe0-001c20d8
001c20d8	FUN_001c20d8	0	001c20d8-001c20e4
001c20e8	FUN_001c20e8	0	001c20e8-001c22c8
001c2338	FUN_001c2338	0	001c2338-001c23a8
001c23a8	FUN_001c23a8	0	001c23a8-001c2490
001c2490	FUN_001c2490	0	001c2490-001c2578
001c2578	FUN_001c2578	0	001c2578-001c25a0
001c25a0	FUN_001c25a0	0	001c25a0-001c25e8
001c25e8	FUN_001c25e8	0	001c25e8-001c278c
001c2858	FUN_001c2858	0	001c2858-001c28f8
001c28f8	FUN_001c28f8	0	001c28f8-001c2ad4
001c2b18	FUN_001c2b18	0	001c2ad8-001c2b34
001c2b58	FUN_001c2b58	0	001c2b58-001c2b6c
001c2b70	FUN_001c2b70	0	001c2b70-001c2ba4
001c2ba8	FUN_001c2ba8	0	001c2ba8-001c2c00
001c2c00	FUN_001c2c00	0	001c2c00-001c2c94
001c2c98	FUN_001c2c98	0	001c2c98-001c2ce4
001c2ce8	FUN_001c2ce8	0	001c2ce8-001c2d34
001c2d38	FUN_001c2d38	0	001c2d38-001c2d44
001c2d48	FUN_001c2d48	0	001c2d48-001c2d78
001c2d78	FUN_001c2d78	0	001c2d78-001c2d84
001c2d88	FUN_001c2d88	0	001c2d88-001c2eb8
001c2eb8	FUN_001c2eb8	0	001c2eb8-001c2f90
001c2f90	FUN_001c2f90	0	001c2f90-001c3060
001c3060	FUN_001c3060	0	001c3060-001c3150
001c3150	FUN_001c3150	0	001c3150-001c359c
001c35a0	FUN_001c35a0	0	001c35a0-001c3614
001c3618	FUN_001c3618	0	001c3618-001c365c
001c3660	FUN_001c3660	0	001c3660-001c366c
001c3670	FUN_001c3670	0	001c3670-001c36e8
001c36e8	FUN_001c36e8	0	001c36e8-001c3748
001c3748	FUN_001c3748	0	001c3748-001c3850
001c3850	FUN_001c3850	0	001c3850-001c3884
001c3888	FUN_001c3888	0	001c3888-001c38bc
001c38c0	FUN_001c38c0	0	001c38c0-001c3974
001c39d0	FUN_001c39d0	0	001c39d0-001c3aa0
001c3aa0	FUN_001c3aa0	0	001c3aa0-001c3b20
001c3b20	FUN_001c3b20	0	001c3b20-001c3ba4
001c3ba8	FUN_001c3ba8	0	001c3ba8-001c3ca4
001c3ca8	FUN_001c3ca8	0	001c3ca8-001c3cd8
001c3cd8	FUN_001c3cd8	0	001c3cd8-001c3cf8
001c3cf8	FUN_001c3cf8	0	001c3cf8-001c3e1c
001c3e20	FUN_001c3e20	0	001c3e20-001c3f44
001c3f48	FUN_001c3f48	0	001c3f48-001c3f54
001c3f58	FUN_001c3f58	0	001c3f58-001c402c,001c4030-001c404c
001c4080	FUN_001c4080	0	001c4080-001c40bc
001c40c0	FUN_001c40c0	0	001c40c0-001c40dc
001c4120	FUN_001c4120	0	001c4120-001c415c
001c4160	FUN_001c4160	0	001c4160-001c416c
001c4170	FUN_001c4170	0	001c4170-001c4188
001c4188	FUN_001c4188	0	001c4188-001c41fc,001c4200-001c42a0
001c42a0	FUN_001c42a0	0	001c42a0-001c42bc
001c42c0	FUN_001c42c0	0	001c42c0-001c4410
001c4498	FUN_001c4498	0	001c4498-001c451c
001c4520	FUN_001c4520	0	001c4520-001c48a4
001c4918	FUN_001c4918	0	001c4918-001c4dc8
001c4e30	FUN_001c4e30	0	001c4e30-001c4fec
001c5128	FUN_001c5128	0	001c5060-001c5144
001c51a0	FUN_001c51a0	0	001c51a0-001c51d8
001c51d8	FUN_001c51d8	0	001c51d8-001c557c
001c5c08	FUN_001c5c08	0	001c5c08-001c5c5c
001c5c60	FUN_001c5c60	0	001c5c60-001c5e18
001c5e88	FUN_001c5e88	0	001c5e88-001c5f38
001c5f38	FUN_001c5f38	0	001c5f38-001c5f78
001c5f78	FUN_001c5f78	0	001c5f78-001c5f8c
001c5f90	FUN_001c5f90	0	001c5f90-001c6108
001c6310	FUN_001c6310	0	001c6310-001c6320
001c6320	FUN_001c6320	0	001c6320-001c63fc
001c6400	FUN_001c6400	0	001c6400-001c645c
001c6460	FUN_001c6460	0	001c6460-001c6744
001c6748	FUN_001c6748	0	001c6748-001c6760
001c6760	FUN_001c6760	0	001c6760-001c6850
001c6850	FUN_001c6850	0	001c6850-001c68e0
001c6900	FUN_001c6900	0	001c6900-001c6a24
001c6c60	FUN_001c6c60	0	001c6c60-001c6c74
001c6c78	FUN_001c6c78	0	001c6c78-001c6e14
001c6e18	FUN_001c6e18	0	001c6e18-001c6e34
001c6e58	FUN_001c6e58	0	001c6e58-001c6e9c
001c6ea0	FUN_001c6ea0	0	001c6ea0-001c6ee4
001c6ee8	FUN_001c6ee8	0	001c6ee8-001c6f10
001c6f10	FUN_001c6f10	0	001c6f10-001c6fa4
001c6fa8	FUN_001c6fa8	0	001c6fa8-001c7044
001c7048	FUN_001c7048	0	001c7048-001c70e4
001c70e8	FUN_001c70e8	0	001c70e8-001c7148
001c7148	FUN_001c7148	0	001c7148-001c71b4
001c71b8	FUN_001c71b8	0	001c71b8-001c71f4
001c71f8	FUN_001c71f8	0	001c71f8-001c73e0
001c73e0	FUN_001c73e0	0	001c73e0-001c741c
001c7420	FUN_001c7420	0	001c7420-001c743c
001c7440	FUN_001c7440	0	001c7440-001c751c
001c7540	FUN_001c7540	0	001c7540-001c76fc
001c7720	FUN_001c7720	0	001c7720-001c78dc
001c7900	FUN_001c7900	0	001c7900-001c7930
001c7930	FUN_001c7930	0	001c7930-001c794c
001c7950	FUN_001c7950	0	001c7950-001c799c
001c79a0	FUN_001c79a0	0	001c79a0-001c7ab4
001c7b48	FUN_001c7b48	0	001c7ab8-001c7b64
001c7bc8	FUN_001c7bc8	0	001c7bc8-001c7c08
001c7c08	FUN_001c7c08	0	001c7c08-001c7c34
001c7c38	FUN_001c7c38	0	001c7c38-001c7c64
001c7c68	FUN_001c7c68	0	001c7c68-001c7ca4
001c7ca8	FUN_001c7ca8	0	001c7ca8-001c7d8c
001c7d90	FUN_001c7d90	0	001c7d90-001c7ea8
001c7ea8	FUN_001c7ea8	0	001c7ea8-001c7edc
001c7ee0	FUN_001c7ee0	0	001c7ee0-001c7f0c
001c7f10	FUN_001c7f10	0	001c7f10-001c7fb8
001c7fb8	FUN_001c7fb8	0	001c7fb8-001c8060
001c8118	FUN_001c8118	0	001c8118-001c81cc
001c81d0	FUN_001c81d0	0	001c81d0-001c8290
001c8290	FUN_001c8290	0	001c8290-001c82fc
001c8300	FUN_001c8300	0	001c8300-001c83f8
001c8710	FUN_001c8710	0	001c8710-001c8750
001c8750	FUN_001c8750	0	001c8750-001c8788
001c8788	FUN_001c8788	0	001c8788-001c8838
001c8838	FUN_001c8838	0	001c8838-001c88a4
001c88a8	FUN_001c88a8	0	001c88a8-001c8944
001c8948	FUN_001c8948	0	001c8948-001c89a8
001c89a8	FUN_001c89a8	0	001c89a8-001c8a6c
001c8a90	FUN_001c8a90	0	001c8a90-001c8aac
001c8ab0	FUN_001c8ab0	0	001c8ab0-001c8abc
001c8ad8	FUN_001c8ad8	0	001c8ad8-001c8b2c
001c8b30	FUN_001c8b30	0	001c8b30-001c8b44
001c8b48	FUN_001c8b48	0	001c8b48-001c8ba4
001c8ba8	FUN_001c8ba8	0	001c8ba8-001c8bb4
001c8bb8	FUN_001c8bb8	0	001c8bb8-001c8c34
001c8c38	FUN_001c8c38	0	001c8c38-001c8cc0
001c8cc0	FUN_001c8cc0	0	001c8cc0-001c8cd8
001c8cd8	FUN_001c8cd8	0	001c8cd8-001c8cf4
001c8cf8	FUN_001c8cf8	0	001c8cf8-001c8d08
001c8d08	FUN_001c8d08	0	001c8d08-001c8d40
001c8d60	FUN_001c8d60	0	001c8d40-001c8d7c
001c8d80	FUN_001c8d80	0	001c8d80-001c8d98
001c8d98	FUN_001c8d98	0	001c8d98-001c8db4
001c8db8	FUN_001c8db8	0	001c8db8-001c8de0
001c8de0	FUN_001c8de0	0	001c8de0-001c8dfc
001c8e60	FUN_001c8e60	0	001c8e00-001c8e7c
001c8e80	FUN_001c8e80	0	001c8e80-001c8e8c
001c8e90	FUN_001c8e90	0	001c8e90-001c8ec0
001c8ec0	FUN_001c8ec0	0	001c8ec0-001c8f68
001c8fe8	FUN_001c8fe8	0	001c8fe8-001c9080
001c9080	FUN_001c9080	0	001c9080-001c90c0
001c90c0	FUN_001c90c0	0	001c90c0-001c90f0
001c90f0	FUN_001c90f0	0	001c90f0-001c9100
001c9100	FUN_001c9100	0	001c9100-001c9110
001c9110	FUN_001c9110	0	001c9110-001c91c8
001c91c8	FUN_001c91c8	0	001c91c8-001c9284
001c92a0	FUN_001c92a0	0	001c92a0-001c946c,001c9470-001c94c8
001c96c8	FUN_001c96c8	0	001c96c8-001c976c
001c9770	FUN_001c9770	0	001c9770-001c977c
001c9780	FUN_001c9780	0	001c9780-001c97ac
001c97b0	FUN_001c97b0	0	001c97b0-001c9860
001c9860	FUN_001c9860	0	001c9860-001c98ec
001c98f0	FUN_001c98f0	0	001c98f0-001c9958
001c9958	FUN_001c9958	0	001c9958-001c99b0
001c99b0	FUN_001c99b0	0	001c99b0-001c9aac,001c9ab0-001c9ab8
001c9ab8	FUN_001c9ab8	0	001c9ab8-001c9b34
001c9b38	FUN_001c9b38	0	001c9b38-001c9b90
001c9b90	FUN_001c9b90	0	001c9b90-001c9c00
001c9c00	FUN_001c9c00	0	001c9c00-001c9c78
001c9c78	FUN_001c9c78	0	001c9c78-001c9d84
001c9d88	FUN_001c9d88	0	001c9d88-001c9db0
001c9db0	FUN_001c9db0	0	001c9db0-001c9df8
001c9df8	FUN_001c9df8	0	001c9df8-001c9e4c
001c9e50	FUN_001c9e50	0	001c9e50-001c9ea0
001c9ee8	FUN_001c9ee8	0	001c9ee8-001ca05c
001ca148	FUN_001ca148	0	001ca148-001ca444
001ca448	FUN_001ca448	0	001ca448-001ca494
001ca498	FUN_001ca498	0	001ca498-001ca4a8
001ca4a8	FUN_001ca4a8	0	001ca4a8-001ca634
001ca678	FUN_001ca678	0	001ca678-001ca6b8
001ca6b8	FUN_001ca6b8	0	001ca6b8-001ca6e4
001ca6e8	FUN_001ca6e8	0	001ca6e8-001ca714
001ca718	FUN_001ca718	0	001ca718-001ca754
001ca758	FUN_001ca758	0	001ca758-001ca830
001ca830	FUN_001ca830	0	001ca830-001ca8c4,001ca8c8-001ca8dc
001ca8e0	FUN_001ca8e0	0	001ca8e0-001ca8f8
001ca8f8	FUN_001ca8f8	0	001ca8f8-001ca90c
001ca910	FUN_001ca910	0	001ca910-001ca950
001ca950	FUN_001ca950	0	001ca950-001ca988
001ca988	FUN_001ca988	0	001ca988-001ca9c0
001ca9c0	FUN_001ca9c0	0	001ca9c0-001ca9dc
001ca9e0	FUN_001ca9e0	0	001ca9e0-001cab08
001cab28	FUN_001cab28	0	001cab28-001cad3c
001cad60	FUN_001cad60	0	001cad60-001caedc
001caf00	FUN_001caf00	0	001caf00-001cb088
001cb0a8	FUN_001cb0a8	0	001cb0a8-001cb17c
001cb180	FUN_001cb180	0	001cb180-001cb19c
001cb1a0	FUN_001cb1a0	0	001cb1a0-001cb274
001cb278	FUN_001cb278	0	001cb278-001cb470
001cb470	FUN_001cb470	0	001cb470-001cb6bc
001cb6e0	FUN_001cb6e0	0	001cb6e0-001cb6fc
001cb700	FUN_001cb700	0	001cb700-001cb71c
001cb720	FUN_001cb720	0	001cb720-001cb89c
001cb8c0	FUN_001cb8c0	0	001cb8c0-001cba90
001cbab0	FUN_001cbab0	0	001cbab0-001cbb18
001cbb18	FUN_001cbb18	0	001cbb18-001cbb58
001cbb58	FUN_001cbb58	0	001cbb58-001cbb98
001cbb98	FUN_001cbb98	0	001cbb98-001cbbc4
001cbbc8	FUN_001cbbc8	0	001cbbc8-001cbbf4
001cbbf8	FUN_001cbbf8	0	001cbbf8-001cbc34
001cbc50	FUN_001cbc50	0	001cbc50-001cbcec
001cbcf0	FUN_001cbcf0	0	001cbcf0-001cbe30
001cbe30	FUN_001cbe30	0	001cbe30-001cbeb8
001cbeb8	FUN_001cbeb8	0	001cbeb8-001cbf1c
001cbf50	FUN_001cbf50	0	001cbf50-001cbfe8
001cc048	FUN_001cc048	0	001cc048-001cc088
001cc088	FUN_001cc088	0	001cc088-001cc0b4
001cc0b8	FUN_001cc0b8	0	001cc0b8-001cc0e4
001cc0e8	FUN_001cc0e8	0	001cc0e8-001cc124
001cc128	FUN_001cc128	0	001cc128-001cc15c
001cc160	FUN_001cc160	0	001cc160-001cc220
001cc220	FUN_001cc220	0	001cc220-001cc27c,001cc280-001cc30c,001cc310-001cc354
001cc3b8	FUN_001cc3b8	0	001cc3b8-001cc5c8
001cc888	FUN_001cc888	0	001cc888-001cc920
001cc920	FUN_001cc920	0	001cc920-001cc9c8
001cc9c8	FUN_001cc9c8	0	001cc9c8-001cca3c,001cca40-001ccaa0
001ccac0	FUN_001ccac0	0	001ccac0-001ccc38
001ccc38	FUN_001ccc38	0	001ccc38-001ccd78
001ccd78	FUN_001ccd78	0	001ccd78-001ccd9c
001ccda0	FUN_001ccda0	0	001ccda0-001ccdec
001ccdf8	FUN_001ccdf8	0	001ccdf8-001cce38
001cce38	FUN_001cce38	0	001cce38-001cce78
001cce78	FUN_001cce78	0	001cce78-001ccea4
001ccea8	FUN_001ccea8	0	001ccea8-001cced4
001cced8	FUN_001cced8	0	001cced8-001ccf14
001ccf18	FUN_001ccf18	0	001ccf18-001ccfa0
001ccfa0	FUN_001ccfa0	0	001ccfa0-001cd074
001cd078	FUN_001cd078	0	001cd078-001cd168
001cd168	FUN_001cd168	0	001cd168-001cd2b8
001cd2b8	FUN_001cd2b8	0	001cd2b8-001cd388
001cd388	FUN_001cd388	0	001cd388-001cd4bc
001cd4c0	FUN_001cd4c0	0	001cd4c0-001cd520
001cd520	FUN_001cd520	0	001cd520-001cd548
001cd548	FUN_001cd548	0	001cd548-001cd620
001cd620	FUN_001cd620	0	001cd620-001cd63c
001cd660	FUN_001cd660	0	001cd660-001cd68c
001cd690	FUN_001cd690	0	001cd690-001cd7a8
001cd7a8	FUN_001cd7a8	0	001cd7a8-001cd948
001cda88	FUN_001cda88	0	001cda88-001cdbc8
001cdbc8	FUN_001cdbc8	0	001cdbc8-001cddb8
001cddb8	FUN_001cddb8	0	001cddb8-001cde58
001cde58	FUN_001cde58	0	001cde58-001ce0a4
001ce0a8	FUN_001ce0a8	0	001ce0a8-001ce19c
001ce1a0	FUN_001ce1a0	0	001ce1a0-001ce244
001ce248	FUN_001ce248	0	001ce248-001ce2a0
001ce2a0	FUN_001ce2a0	0	001ce2a0-001ce2d8
001ce2d8	FUN_001ce2d8	0	001ce2d8-001ce2fc
001ce300	FUN_001ce300	0	001ce300-001ce324
001ce328	FUN_001ce328	0	001ce328-001ce34c
001ce350	FUN_001ce350	0	001ce350-001ce374
001ce378	FUN_001ce378	0	001ce378-001ce3e4
001ce3e8	FUN_001ce3e8	0	001ce3e8-001ce454
001ce458	FUN_001ce458	0	001ce458-001ce484
001ce488	FUN_001ce488	0	001ce488-001ce508
001ce508	FUN_001ce508	0	001ce508-001ce618
001ce668	FUN_001ce668	0	001ce668-001ce6c8
001ce6c8	FUN_001ce6c8	0	001ce6c8-001ce6e4
001ce820	FUN_001ce820	0	001ce820-001ce838
001ce838	FUN_001ce838	0	001ce838-001ce84c
001ce880	FUN_001ce880	0	001ce880-001ce8b8
001ce8b8	FUN_001ce8b8	0	001ce8b8-001ce8f0
001ce8f0	FUN_001ce8f0	0	001ce8f0-001ce90c
001ce910	FUN_001ce910	0	001ce910-001ce92c
001ce930	FUN_001ce930	0	001ce930-001cea48
001cea48	FUN_001cea48	0	001cea48-001ceb3c
001ceb40	FUN_001ceb40	0	001ceb40-001cebac
001cebb0	FUN_001cebb0	0	001cebb0-001cec08
001cec08	FUN_001cec08	0	001cec08-001cec24
001cec70	FUN_001cec70	0	001cec70-001cecc4
001cecc8	FUN_001cecc8	0	001cecc8-001ced0c
001ced10	FUN_001ced10	0	001ced10-001ced68
001ced68	FUN_001ced68	0	001ced68-001cedc0
001cedc0	FUN_001cedc0	0	001cedc0-001cee7c
001ceef8	FUN_001ceef8	0	001ceef8-001cefac
001cf0b0	FUN_001cf0b0	0	001cf0b0-001cf0d4
001cf0d8	FUN_001cf0d8	0	001cf0d8-001cf320
001cf320	FUN_001cf320	0	001cf320-001cf4f4
001cf560	FUN_001cf560	0	001cf560-001cf5b0
001cf5b0	FUN_001cf5b0	0	001cf5b0-001cf694
001cf698	FUN_001cf698	0	001cf698-001cf77c
001cf7d8	FUN_001cf7d8	0	001cf7d8-001cf8a8
001cf8d0	FUN_001cf8d0	0	001cf8d0-001cf998
001cf998	FUN_001cf998	0	001cf998-001cf9dc
001cf9e0	FUN_001cf9e0	0	001cf9e0-001cfac0
001cfac0	FUN_001cfac0	0	001cfac0-001cfaf0
001cfaf0	FUN_001cfaf0	0	001cfaf0-001cfbd8
001cfbd8	FUN_001cfbd8	0	001cfbd8-001cfcf8
001cfcf8	FUN_001cfcf8	0	001cfcf8-001cfe18
001cfe18	FUN_001cfe18	0	001cfe18-001cfeac
001cfeb0	FUN_001cfeb0	0	001cfeb0-001cff44
001cff48	FUN_001cff48	0	001cff48-001cffe0
001cffe0	FUN_001cffe0	0	001cffe0-001d0064
001d0068	FUN_001d0068	0	001d0068-001d00a4
001d00a8	FUN_001d00a8	0	001d00a8-001d01e0
001d01e0	FUN_001d01e0	0	001d01e0-001d0200
001d0200	FUN_001d0200	0	001d0200-001d0228
001d0228	FUN_001d0228	0	001d0228-001d02c4
001d02c8	FUN_001d02c8	0	001d02c8-001d039c
001d03a0	FUN_001d03a0	0	001d03a0-001d0554
001d0558	FUN_001d0558	0	001d0558-001d05b4
001d05b8	FUN_001d05b8	0	001d05b8-001d0674
001d0678	FUN_001d0678	0	001d0678-001d07e0
001d07e0	FUN_001d07e0	0	001d07e0-001d0820
001d0820	FUN_001d0820	0	001d0820-001d0870
001d0878	FUN_001d0878	0	001d0878-001d097c
001d0980	FUN_001d0980	0	001d0980-001d0a84
001d0ce8	FUN_001d0ce8	0	001d0ce8-001d0d04
001d0d60	FUN_001d0d60	0	001d0d60-001d0eb4
001d0eb8	FUN_001d0eb8	0	001d0eb8-001d0f08
001d0f08	FUN_001d0f08	0	001d0f08-001d1024,001d1028-001d1070
001d1070	FUN_001d1070	0	001d1070-001d118c
001d1408	FUN_001d1408	0	001d1408-001d1438
001d1438	FUN_001d1438	0	001d1438-001d14a0
001d14a0	FUN_001d14a0	0	001d14a0-001d14ac
001d14b0	FUN_001d14b0	0	001d14b0-001d14b8
001d14b8	FUN_001d14b8	0	001d14b8-001d14e0
001d14e0	FUN_001d14e0	0	001d14e0-001d153c
001d1540	FUN_001d1540	0	001d1540-001d159c
001d1678	FUN_001d1678	0	001d1678-001d1694
001d1698	FUN_001d1698	0	001d1698-001d16e8
001d16e8	FUN_001d16e8	0	001d16e8-001d16f4
001d16f8	FUN_001d16f8	0	001d16f8-001d1708
001d1708	FUN_001d1708	0	001d1708-001d171c
001d1720	FUN_001d1720	0	001d1720-001d175c
001d1760	FUN_001d1760	0	001d1760-001d17ac
001d17b0	FUN_001d17b0	0	001d17b0-001d1820
001d1878	FUN_001d1878	0	001d1878-001d18c0
001d18c0	FUN_001d18c0	0	001d18c0-001d190c
001d1950	FUN_001d1950	0	001d1950-001d1994
001d1998	FUN_001d1998	0	001d1998-001d19ac
001d19e8	FUN_001d19e8	0	001d19e8-001d1a14
001d1a18	FUN_001d1a18	0	001d1a18-001d1a4c
001d1a50	FUN_001d1a50	0	001d1a50-001d1ae8
001d1ae8	FUN_001d1ae8	0	001d1ae8-001d1b24
001d1b28	FUN_001d1b28	0	001d1b28-001d1b60
001d1b60	FUN_001d1b60	0	001d1b60-001d1bec
001d1c28	FUN_001d1c28	0	001d1c28-001d1c6c
001d1c70	FUN_001d1c70	0	001d1c70-001d1ca8
001d1ca8	FUN_001d1ca8	0	001d1ca8-001d1cd8
001d1cd8	FUN_001d1cd8	0	001d1cd8-001d1d00
001d1d00	FUN_001d1d00	0	001d1d00-001d1d68
001d1d68	FUN_001d1d68	0	001d1d68-001d1da0
001d1da0	FUN_001d1da0	0	001d1da0-001d1e50
001d1e88	FUN_001d1e88	0	001d1e88-001d1ecc
001d1ed0	FUN_001d1ed0	0	001d1ed0-001d1f08
001d1f08	FUN_001d1f08	0	001d1f08-001d1f38
001d1f38	FUN_001d1f38	0	001d1f38-001d1fa8
001d1fa8	FUN_001d1fa8	0	001d1fa8-001d2020
001d2020	FUN_001d2020	0	001d2020-001d2044
001d2048	FUN_001d2048	0	001d2048-001d206c
001d2070	FUN_001d2070	0	001d2070-001d20a4
001d20a8	FUN_001d20a8	0	001d20a8-001d210c
001d2110	FUN_001d2110	0	001d2110-001d2130
001d2130	FUN_001d2130	0	001d2130-001d217c
001d2180	FUN_001d2180	0	001d2180-001d21bc
001d21c0	FUN_001d21c0	0	001d21c0-001d2210
001d2210	FUN_001d2210	0	001d2210-001d2244
001d2248	FUN_001d2248	0	001d2248-001d2298
001d2298	FUN_001d2298	0	001d2298-001d22a4
001d22a8	FUN_001d22a8	0	001d22a8-001d22dc
001d22e0	FUN_001d22e0	0	001d22e0-001d2398
001d23d0	FUN_001d23d0	0	001d23d0-001d23dc
001d23e0	FUN_001d23e0	0	001d23e0-001d2414
001d2418	FUN_001d2418	0	001d2418-001d2574
001d2648	FUN_001d2648	0	001d2648-001d2668
001d2668	FUN_001d2668	0	001d2668-001d2690
001d2690	FUN_001d2690	0	001d2690-001d2710
001d2710	FUN_001d2710	0	001d2710-001d2750
001d2750	FUN_001d2750	0	001d2750-001d2810
001d2810	FUN_001d2810	0	001d2810-001d2850
001d2850	FUN_001d2850	0	001d2850-001d2890
001d2890	FUN_001d2890	0	001d2890-001d28bc
001d28c0	FUN_001d28c0	0	001d28c0-001d28ec
001d28f0	FUN_001d28f0	0	001d28f0-001d292c
001d2930	FUN_001d2930	0	001d2930-001d29a0
001d29a0	FUN_001d29a0	0	001d29a0-001d29c8
001d29c8	FUN_001d29c8	0	001d29c8-001d2a4c
001d2a68	FUN_001d2a68	0	001d2a68-001d2bb0
001d2c78	FUN_001d2c78	0	001d2c78-001d2e28
001d2e28	FUN_001d2e28	0	001d2e28-001d2e64
001d2e68	FUN_001d2e68	0	001d2e68-001d2ffc
001d3000	FUN_001d3000	0	001d3000-001d305c
001d3060	FUN_001d3060	0	001d3060-001d308c
001d3090	FUN_001d3090	0	001d3090-001d30ac
001d30b0	FUN_001d30b0	0	001d30b0-001d30bc
001d30c0	FUN_001d30c0	0	001d30c0-001d30f4
001d30f8	FUN_001d30f8	0	001d30f8-001d3104
001d3148	FUN_001d3148	0	001d3148-001d32e4
001d32e8	FUN_001d32e8	0	001d32e8-001d32fc
001d3328	FUN_001d3328	0	001d3328-001d3350
001d3350	FUN_001d3350	0	001d3350-001d3380
001d3388	FUN_001d3388	0	001d3388-001d3390
001d3390	FUN_001d3390	0	001d3390-001d33dc
001d33e0	FUN_001d33e0	0	001d33e0-001d3408
001d3408	FUN_001d3408	0	001d3408-001d3494
001d3498	FUN_001d3498	0	001d3498-001d34cc
001d34d0	FUN_001d34d0	0	001d34d0-001d3558
001d3558	FUN_001d3558	0	001d3558-001d3588
001d3588	FUN_001d3588	0	001d3588-001d35c0
001d35c0	FUN_001d35c0	0	001d35c0-001d35dc
001d35e0	FUN_001d35e0	0	001d35e0-001d3698
001d3698	FUN_001d3698	0	001d3698-001d36e4
001d36e8	FUN_001d36e8	0	001d36e8-001d372c
001d37a0	FUN_001d37a0	0	001d37a0-001d3810
001d3878	FUN_001d3878	0	001d3878-001d389c
001d38a0	FUN_001d38a0	0	001d38a0-001d3abc
001d3ac0	FUN_001d3ac0	0	001d3ac0-001d3b60
001d3b60	FUN_001d3b60	0	001d3b60-001d3b68
001d3b68	FUN_001d3b68	0	001d3b68-001d3bbc
001d3be8	FUN_001d3be8	0	001d3bc0-001d3c04
001d3c08	FUN_001d3c08	0	001d3c08-001d3c14
001d3c18	FUN_001d3c18	0	001d3c18-001d3c74
001d3c78	FUN_001d3c78	0	001d3c78-001d3de0
001d3de0	FUN_001d3de0	0	001d3de0-001d3e40
001d3e40	FUN_001d3e40	0	001d3e40-001d3f34
001d3f38	FUN_001d3f38	0	001d3f38-001d3f7c
001d3f80	FUN_001d3f80	0	001d3f80-001d3f94
001d3f98	FUN_001d3f98	0	001d3f98-001d3fdc
001d3fe0	FUN_001d3fe0	0	001d3fe0-001d4074
001d4078	FUN_001d4078	0	001d4078-001d4164,001d4168-001d4180
001d4180	FUN_001d4180	0	001d4180-001d42cc
001d42d0	FUN_001d42d0	0	001d42d0-001d441c
001d4420	FUN_001d4420	0	001d4420-001d44d4
001d44d8	FUN_001d44d8	0	001d44d8-001d4528
001d4528	FUN_001d4528	0	001d4528-001d454c
001d4550	FUN_001d4550	0	001d4550-001d456c
001d4570	FUN_001d4570	0	001d4570-001d45a0
001d45a0	FUN_001d45a0	0	001d45a0-001d4804
001d4808	FUN_001d4808	0	001d4808-001d4814
001d4818	FUN_001d4818	0	001d4818-001d48ac
001d48b0	FUN_001d48b0	0	001d48b0-001d48e8
001d48e8	FUN_001d48e8	0	001d48e8-001d4940
001d4940	FUN_001d4940	0	001d4940-001d4adc
001d4ae0	FUN_001d4ae0	0	001d4ae0-001d4bb8
001d4bb8	FUN_001d4bb8	0	001d4bb8-001d4bd4
001d4bd8	FUN_001d4bd8	0	001d4bd8-001d4c98
001d4c98	FUN_001d4c98	0	001d4c98-001d4d24
001d4d28	FUN_001d4d28	0	001d4d28-001d4dbc
001d4dc0	FUN_001d4dc0	0	001d4dc0-001d4dfc
001d4e00	FUN_001d4e00	0	001d4e00-001d4e4c
001d4e50	FUN_001d4e50	0	001d4e50-001d4ef0
001d4ef0	FUN_001d4ef0	0	001d4ef0-001d4f40
001d4f40	FUN_001d4f40	0	001d4f40-001d4fa8
001d4fa8	FUN_001d4fa8	0	001d4fa8-001d4fd0
001d4fd0	FUN_001d4fd0	0	001d4fd0-001d4ff0
001d4ff0	FUN_001d4ff0	0	001d4ff0-001d5030
001d5030	FUN_001d5030	0	001d5030-001d5064
001d5068	FUN_001d5068	0	001d5068-001d50b4
001d50b8	FUN_001d50b8	0	001d50b8-001d5194
001d5198	FUN_001d5198	0	001d5198-001d51f4,001d51f8-001d5214
001d5218	FUN_001d5218	0	001d5218-001d529c
001d52a0	FUN_001d52a0	0	001d52a0-001d52c0
001d52c0	FUN_001d52c0	0	001d52c0-001d5370
001d5370	FUN_001d5370	0	001d5370-001d53e4
001d53e8	FUN_001d53e8	0	001d53e8-001d544c
001d5458	FUN_001d5458	0	001d5458-001d5460
001d5460	FUN_001d5460	0	001d5460-001d5470
001d5470	FUN_001d5470	0	001d5470-001d5518
001d5518	FUN_001d5518	0	001d5518-001d5668
001d5668	FUN_001d5668	0	001d5668-001d5698
001d5698	FUN_001d5698	0	001d5698-001d56c8
001d56c8	FUN_001d56c8	0	001d56c8-001d56e0
001d56f0	FUN_001d56f0	0	001d56f0-001d5700
001d5700	FUN_001d5700	0	001d5700-001d5714
001d5718	FUN_001d5718	0	001d5718-001d572c
001d5730	FUN_001d5730	0	001d5730-001d5770
001d5770	FUN_001d5770	0	001d5770-001d57fc
001d5800	FUN_001d5800	0	001d5800-001d5868
001d5868	FUN_001d5868	0	001d5868-001d58dc
001d58e0	FUN_001d58e0	0	001d58e0-001d58ec
001d58f0	FUN_001d58f0	0	001d58f0-001d595c
001d5960	FUN_001d5960	0	001d5960-001d59ac
001d59b0	FUN_001d59b0	0	001d59b0-001d5a1c
001d5a20	FUN_001d5a20	0	001d5a20-001d5a34
001d5a38	FUN_001d5a38	0	001d5a38-001d5a48
001d5a48	FUN_001d5a48	0	001d5a48-001d5a54
001d5a58	FUN_001d5a58	0	001d5a58-001d5af8
001d5af8	FUN_001d5af8	0	001d5af8-001d5b64
001d5b68	FUN_001d5b68	0	001d5b68-001d5b74
001d5b78	FUN_001d5b78	0	001d5b78-001d5bb8
001d5bb8	FUN_001d5bb8	0	001d5bb8-001d5c0c
001d5c10	FUN_001d5c10	0	001d5c10-001d5c70
001d5c70	FUN_001d5c70	0	001d5c70-001d5cd0
001d5cd0	FUN_001d5cd0	0	001d5cd0-001d5d1c
001d5d20	FUN_001d5d20	0	001d5d20-001d5d80
001d5d80	FUN_001d5d80	0	001d5d80-001d5ec0
001d5ec0	FUN_001d5ec0	0	001d5ec0-001d5f2c
001d5f30	FUN_001d5f30	0	001d5f30-001d6020
001d6020	FUN_001d6020	0	001d6020-001d6088
001d6088	FUN_001d6088	0	001d6088-001d610c
001d6110	FUN_001d6110	0	001d6110-001d6148
001d6148	FUN_001d6148	0	001d6148-001d61b4
001d61b8	FUN_001d61b8	0	001d61b8-001d62b0
001d62b0	FUN_001d62b0	0	001d62b0-001d63a4
001d63a8	FUN_001d63a8	0	001d63a8-001d64f4
001d6538	FUN_001d6538	0	001d6538-001d6574
001d6578	FUN_001d6578	0	001d6578-001d65f8
001d65f8	FUN_001d65f8	0	001d65f8-001d6790
001d6790	FUN_001d6790	0	001d6790-001d67e4,001d67e8-001d6850
001d68c0	FUN_001d68c0	0	001d6850-001d68dc
001d68e0	FUN_001d68e0	0	001d68e0-001d68f4
001d68f8	FUN_001d68f8	0	001d68f8-001d6934
001d6938	FUN_001d6938	0	001d6938-001d69cc
001d69d0	FUN_001d69d0	0	001d69d0-001d6a28
001d6a28	FUN_001d6a28	0	001d6a28-001d6a7c
001d6a80	FUN_001d6a80	0	001d6a80-001d6aac
001d6ab0	FUN_001d6ab0	0	001d6ab0-001d6ae0
001d6ae0	FUN_001d6ae0	0	001d6ae0-001d6b40
001d6b40	FUN_001d6b40	0	001d6b40-001d6b9c
001d6ba0	FUN_001d6ba0	0	001d6ba0-001d6c48
001d6c58	FUN_001d6c58	0	001d6c58-001d6c88
001d6c88	FUN_001d6c88	0	001d6c88-001d6cb8
001d6cb8	FUN_001d6cb8	0	001d6cb8-001d6cc4
001d6cc8	FUN_001d6cc8	0	001d6cc8-001d6d00
001d6d00	FUN_001d6d00	0	001d6d00-001d6d58
001d6d58	FUN_001d6d58	0	001d6d58-001d6d88
001d6d88	FUN_001d6d88	0	001d6d88-001d6da4
001d6da8	FUN_001d6da8	0	001d6da8-001d6e08
001d6e08	FUN_001d6e08	0	001d6e08-001d6e5c
001d6e60	FUN_001d6e60	0	001d6e60-001d6ec4
001d6ec8	FUN_001d6ec8	0	001d6ec8-001d6f28
001d6f28	FUN_001d6f28	0	001d6f28-001d7000
001d7000	FUN_001d7000	0	001d7000-001d7094
001d7098	FUN_001d7098	0	001d7098-001d71f0
001d71f0	FUN_001d71f0	0	001d71f0-001d7214
001d7218	FUN_001d7218	0	001d7218-001d7380
001d7380	FUN_001d7380	0	001d7380-001d7414
001d7458	FUN_001d7458	0	001d7458-001d7498
001d7498	FUN_001d7498	0	001d7498-001d74c4
001d74c8	FUN_001d74c8	0	001d74c8-001d74f4
001d74f8	FUN_001d74f8	0	001d74f8-001d7534
001d7538	FUN_001d7538	0	001d7538-001d7634
001d7638	FUN_001d7638	0	001d7638-001d76c8
001d76c8	FUN_001d76c8	0	001d76c8-001d76e8
001d76e8	FUN_001d76e8	0	001d76e8-001d7730
001d7730	FUN_001d7730	0	001d7730-001d7774
001d7778	FUN_001d7778	0	001d7778-001d779c
001d77a0	FUN_001d77a0	0	001d77a0-001d7828
001d7828	FUN_001d7828	0	001d7828-001d786c,001d7870-001d787c
001d7880	FUN_001d7880	0	001d7880-001d7924,001d7928-001d793c
001d7940	FUN_001d7940	0	001d7940-001d7970
001d7970	FUN_001d7970	0	001d7970-001d797c
001d7980	FUN_001d7980	0	001d7980-001d79b4
001d79b8	FUN_001d79b8	0	001d79b8-001d7a08
001d7a08	FUN_001d7a08	0	001d7a08-001d7a34,001d7a38-001d7a4c
001d7a50	FUN_001d7a50	0	001d7a50-001d7a88
001d7a88	FUN_001d7a88	0	001d7a88-001d7b10
001d7b10	FUN_001d7b10	0	001d7b10-001d7b80
001d7b80	FUN_001d7b80	0	001d7b80-001d7b8c
001d7b90	FUN_001d7b90	0	001d7b90-001d7ba4
001d7ba8	FUN_001d7ba8	0	001d7ba8-001d7bb8
001d7bd0	FUN_001d7bd0	0	001d7bd0-001d7bfc
001d7c00	FUN_001d7c00	0	001d7c00-001d7c34
001d7c38	FUN_001d7c38	0	001d7c38-001d7c8c
001d7c90	FUN_001d7c90	0	001d7c90-001d7ccc
001d7cd0	FUN_001d7cd0	0	001d7cd0-001d7d68
001d7d68	FUN_001d7d68	0	001d7d68-001d7e00
001d7e00	FUN_001d7e00	0	001d7e00-001d7e34
001d7e78	FUN_001d7e78	0	001d7e78-001d7eb4
001d7eb8	FUN_001d7eb8	0	001d7eb8-001d7ec4
001d7ec8	FUN_001d7ec8	0	001d7ec8-001d7f10
001d7f10	FUN_001d7f10	0	001d7f10-001d7f40
001d7f40	FUN_001d7f40	0	001d7f40-001d7f7c
001d7f80	FUN_001d7f80	0	001d7f80-001d800c
001d8010	FUN_001d8010	0	001d8010-001d8070
001d8070	FUN_001d8070	0	001d8070-001d80ec
001d80f0	FUN_001d80f0	0	001d80f0-001d8158
001d8158	FUN_001d8158	0	001d8158-001d8190
001d8190	FUN_001d8190	0	001d8190-001d8244
001d8248	FUN_001d8248	0	001d8248-001d8270
001d8270	FUN_001d8270	0	001d8270-001d8310
001d8310	FUN_001d8310	0	001d8310-001d83c0
001d83c0	FUN_001d83c0	0	001d83c0-001d8434
001d8438	FUN_001d8438	0	001d8438-001d846c
001d8470	FUN_001d8470	0	001d8470-001d84e0
001d84e0	FUN_001d84e0	0	001d84e0-001d8550
001d8550	FUN_001d8550	0	001d8550-001d8578
001d8578	FUN_001d8578	0	001d8578-001d8618
001d8618	FUN_001d8618	0	001d8618-001d869c
001d86a0	FUN_001d86a0	0	001d86a0-001d8718
001d8718	FUN_001d8718	0	001d8718-001d87b8
001d87b8	FUN_001d87b8	0	001d87b8-001d881c
001d8820	FUN_001d8820	0	001d8820-001d8894
001d8898	FUN_001d8898	0	001d8898-001d8904
001d8908	FUN_001d8908	0	001d8908-001d8978
001d8978	FUN_001d8978	0	001d8978-001d89e8
001d89e8	FUN_001d89e8	0	001d89e8-001d8ad4
001d8ad8	FUN_001d8ad8	0	001d8ad8-001d8b68
001d8b68	FUN_001d8b68	0	001d8b68-001d8bd0
001d8bd0	FUN_001d8bd0	0	001d8bd0-001d8c70
001d8c70	FUN_001d8c70	0	001d8c70-001d8d08
001d8d08	FUN_001d8d08	0	001d8d08-001d8d9c
001d8da0	FUN_001d8da0	0	001d8da0-001d8e38
001d8e38	FUN_001d8e38	0	001d8e38-001d8eb4
001d8eb8	FUN_001d8eb8	0	001d8eb8-001d8f38
001d8f38	FUN_001d8f38	0	001d8f38-001d8fa4
001d8fa8	FUN_001d8fa8	0	001d8fa8-001d9024
001d9028	FUN_001d9028	0	001d9028-001d904c
001d9050	FUN_001d9050	0	001d9050-001d90e0
001d90e0	FUN_001d90e0	0	001d90e0-001d9148
001d9148	FUN_001d9148	0	001d9148-001d91a4
001d91a8	FUN_001d91a8	0	001d91a8-001d9224
001d9228	FUN_001d9228	0	001d9228-001d9284
001d9288	FUN_001d9288	0	001d9288-001d9320
001d9320	FUN_001d9320	0	001d9320-001d9384
001d9388	FUN_001d9388	0	001d9388-001d93f0
001d93f0	FUN_001d93f0	0	001d93f0-001d9418
001d9418	FUN_001d9418	0	001d9418-001d9488
001d9488	FUN_001d9488	0	001d9488-001d94f8
001d94f8	FUN_001d94f8	0	001d94f8-001d961c,001d9620-001d9630
001d9630	FUN_001d9630	0	001d9630-001d9688
001d9688	FUN_001d9688	0	001d9688-001d96bc
001d96c0	FUN_001d96c0	0	001d96c0-001d96e8
001d96e8	FUN_001d96e8	0	001d96e8-001d9708
001d9768	FUN_001d9768	0	001d9768-001d97c4
001d97c8	FUN_001d97c8	0	001d97c8-001d97f0
001d97f0	FUN_001d97f0	0	001d97f0-001d9820
001d9820	FUN_001d9820	0	001d9820-001d9850
001d9850	FUN_001d9850	0	001d9850-001d98a0
001d98a0	FUN_001d98a0	0	001d98a0-001d997c
001d9980	FUN_001d9980	0	001d9980-001d9a18
001d9a18	FUN_001d9a18	0	001d9a18-001d9ad8
001d9ad8	FUN_001d9ad8	0	001d9ad8-001d9af8
001d9af8	FUN_001d9af8	0	001d9af8-001d9b40
001d9b40	FUN_001d9b40	0	001d9b40-001d9c68
001d9c68	FUN_001d9c68	0	001d9c68-001d9c9c
001d9ca0	FUN_001d9ca0	0	001d9ca0-001d9cd4,001d9cd8-001d9ce0
001d9ce0	FUN_001d9ce0	0	001d9ce0-001d9cfc
001d9d00	FUN_001d9d00	0	001d9d00-001d9d28
001d9d28	FUN_001d9d28	0	001d9d28-001d9d44
001d9d48	FUN_001d9d48	0	001d9d48-001d9d88
001d9d88	FUN_001d9d88	0	001d9d88-001d9dcc
001d9dd0	FUN_001d9dd0	0	001d9dd0-001d9e2c
001d9e30	FUN_001d9e30	0	001d9e30-001d9e74
001d9e78	FUN_001d9e78	0	001d9e78-001d9eb0
001d9eb0	FUN_001d9eb0	0	001d9eb0-001d9ef0
001d9ef0	FUN_001d9ef0	0	001d9ef0-001d9f30
001d9f30	FUN_001d9f30	0	001d9f30-001d9fd8
001da070	FUN_001da070	0	001da070-001da158
001da158	FUN_001da158	0	001da158-001da194
001da1d8	FUN_001da1d8	0	001da1d8-001da218
001da218	FUN_001da218	0	001da218-001da244
001da248	FUN_001da248	0	001da248-001da274
001da278	FUN_001da278	0	001da278-001da2b4
001da340	FUN_001da340	0	001da340-001da3d4
001da3d8	FUN_001da3d8	0	001da3d8-001da3f8
001da3f8	FUN_001da3f8	0	001da3f8-001da41c
001da420	FUN_001da420	0	001da420-001da458
001da458	FUN_001da458	0	001da458-001da4d4
001da4d8	FUN_001da4d8	0	001da4d8-001da554
001da558	FUN_001da558	0	001da558-001daa5c,001daa60-001daef8
001daef8	FUN_001daef8	0	001daef8-001db044
001db198	FUN_001db198	0	001db198-001db200
001db200	FUN_001db200	0	001db200-001db250
001db250	FUN_001db250	0	001db250-001db294
001db298	FUN_001db298	0	001db298-001db368
001db368	FUN_001db368	0	001db368-001db43c
001db440	FUN_001db440	0	001db440-001db510
001db510	FUN_001db510	0	001db510-001db598
001db598	FUN_001db598	0	001db598-001db5a4
001db5a8	FUN_001db5a8	0	001db5a8-001db610
001db610	FUN_001db610	0	001db610-001db688
001db688	FUN_001db688	0	001db688-001db70c
001db710	FUN_001db710	0	001db710-001db794
001db7d0	FUN_001db7d0	0	001db7d0-001db808
001db808	FUN_001db808	0	001db808-001db850
001db850	FUN_001db850	0	001db850-001db888
001db888	FUN_001db888	0	001db888-001db8b8
001db8b8	FUN_001db8b8	0	001db8b8-001db8f4
001db8f8	FUN_001db8f8	0	001db8f8-001db94c
001db950	FUN_001db950	0	001db950-001db9a4
001db9a8	FUN_001db9a8	0	001db9a8-001dba18
001dba18	FUN_001dba18	0	001dba18-001dba84
001dba88	FUN_001dba88	0	001dba88-001dba98
001dba98	FUN_001dba98	0	001dba98-001dbacc
001dbad0	FUN_001dbad0	0	001dbad0-001dbb38
001dbb38	FUN_001dbb38	0	001dbb38-001dbb94
001dbba0	FUN_001dbba0	0	001dbb98-001dbbbc
001dbc58	FUN_001dbc58	0	001dbc58-001dbccc
001dbcd0	FUN_001dbcd0	0	001dbcd0-001dbd38
001dbd38	FUN_001dbd38	0	001dbd38-001dbd64
001dbd68	FUN_001dbd68	0	001dbd68-001dbe78
001dbe78	FUN_001dbe78	0	001dbe78-001dbf74
001dbf90	FUN_001dbf90	0	001dbf78-001dbf80,001dbf90-001dbfac
001dbfd8	FUN_001dbfd8	0	001dbfd8-001dbfec
001dc010	FUN_001dc010	0	001dc010-001dc018
001dc018	FUN_001dc018	0	001dc018-001dc06c
001dc098	FUN_001dc098	0	001dc098-001dc13c
001dc140	FUN_001dc140	0	001dc140-001dc1f4
001dc278	FUN_001dc278	0	001dc278-001dc2f4
001dc418	FUN_001dc418	0	001dc418-001dc484
001dc488	FUN_001dc488	0	001dc488-001dc4b8
001dc4b8	FUN_001dc4b8	0	001dc4b8-001dc4e8
001dc4e8	FUN_001dc4e8	0	001dc4e8-001dc540
001dc540	FUN_001dc540	0	001dc540-001dc558
001dc558	FUN_001dc558	0	001dc558-001dc5f0
001dc5f0	FUN_001dc5f0	0	001dc5f0-001dc5f8
001dc5f8	FUN_001dc5f8	0	001dc5f8-001dc620,001e6cd0-001e6cd8
001dc620	FUN_001dc620	0	001dc620-001dc648
001dc648	FUN_001dc648	0	001dc648-001dc670
001dc670	FUN_001dc670	0	001dc670-001dc698
001dc698	FUN_001dc698	0	001dc698-001dc6cc
001dc700	FUN_001dc700	0	001dc700-001dc734
001dc738	FUN_001dc738	0	001dc738-001dc78c
001dc790	FUN_001dc790	0	001dc790-001dc7e4
001dc7e8	FUN_001dc7e8	0	001dc7e8-001dc818
001dc818	FUN_001dc818	0	001dc818-001dc840
001dc840	FUN_001dc840	0	001dc840-001dc874
001dc878	FUN_001dc878	0	001dc878-001dc8c8
001dc8c8	FUN_001dc8c8	0	001dc8c8-001dc91c
001dc920	FUN_001dc920	0	001dc920-001dc974
001dc978	FUN_001dc978	0	001dc978-001dc9d0
001dc9d0	FUN_001dc9d0	0	001dc9d0-001dc9e0
001dc9e0	FUN_001dc9e0	0	001dc9e0-001dc9ec
001dc9f0	FUN_001dc9f0	0	001dc9f0-001dca20
001dca20	FUN_001dca20	0	001dca20-001dca30
001dca30	FUN_001dca30	0	001dca30-001dca4c
001dca50	FUN_001dca50	0	001dca50-001dca6c
001dca70	FUN_001dca70	0	001dca70-001dcae0
001dcae0	FUN_001dcae0	0	001dcae0-001dcb98
001dcb98	FUN_001dcb98	0	001dcb98-001dcc00
001dcc00	FUN_001dcc00	0	001dcc00-001dcc18
001dcc18	FUN_001dcc18	0	001dcc18-001dcc30
001dcc30	FUN_001dcc30	0	001dcc30-001dcc44
001dcc48	FUN_001dcc48	0	001dcc48-001dcc60
001dcc60	FUN_001dcc60	0	001dcc60-001dccc8
001dccc8	FUN_001dccc8	0	001dccc8-001dcd20
001dcd38	FUN_001dcd38	0	001dcd38-001dcd50
001dcd50	FUN_001dcd50	0	001dcd50-001dcd58
001dcd58	FUN_001dcd58	0	001dcd58-001dcd68
001dcd68	FUN_001dcd68	0	001dcd68-001dcd84
001dcd88	FUN_001dcd88	0	001dcd88-001dcdb8
001dcdb8	FUN_001dcdb8	0	001dcdb8-001dced0
001dced0	FUN_001dced0	0	001dced0-001dcf58
001dcf58	FUN_001dcf58	0	001dcf58-001dcfac
001dcfb0	FUN_001dcfb0	0	001dcfb0-001dcfec
001dcff0	FUN_001dcff0	0	001dcff0-001dd094
001dd098	FUN_001dd098	0	001dd098-001dd13c
001dd140	FUN_001dd140	0	001dd140-001dd198
001dd198	FUN_001dd198	0	001dd198-001dd1b0
001dd1b0	FUN_001dd1b0	0	001dd1b0-001dd1c4
001dd1c8	FUN_001dd1c8	0	001dd1c8-001dd1e8
001dd1e8	FUN_001dd1e8	0	001dd1e8-001dd204
001dd208	FUN_001dd208	0	001dd208-001dd220
001dd2b8	FUN_001dd2b8	0	001dd2b8-001dd320
001dd320	FUN_001dd320	0	001dd320-001dd564
001dd568	FUN_001dd568	0	001dd568-001dd6a0
001dd6a0	FUN_001dd6a0	0	001dd6a0-001dd920
001dd920	FUN_001dd920	0	001dd920-001dda78
001dda78	FUN_001dda78	0	001dda78-001ddb2c
001ddb58	FUN_001ddb58	0	001ddb58-001ddb68
001ddb68	FUN_001ddb68	0	001ddb68-001ddb74
001ddb78	FUN_001ddb78	0	001ddb78-001ddc04
001ddc08	FUN_001ddc08	0	001ddc08-001ddc44
001ddc48	FUN_001ddc48	0	001ddc48-001ddc88
001ddcb0	FUN_001ddcb0	0	001ddc88-001ddccc
001ddd10	FUN_001ddd10	0	001ddd10-001ddd2c
001ddd30	FUN_001ddd30	0	001ddd30-001ddd84
001ddd88	FUN_001ddd88	0	001ddd88-001dddd0
001dddd0	FUN_001dddd0	0	001dddd0-001dde3c
001dde40	FUN_001dde40	0	001dde40-001ddeec
001ddef0	FUN_001ddef0	0	001ddef0-001de0a0
001de168	FUN_001de168	0	001de168-001de1c0
001de228	FUN_001de228	0	001de228-001de2e0
001de2e0	FUN_001de2e0	0	001de2e0-001de30c,001de310-001de324
001de328	FUN_001de328	0	001de328-001de3bc,001de3c0-001de3d8
001de3d8	FUN_001de3d8	0	001de3d8-001de450
001de450	FUN_001de450	0	001de450-001de4b0
001de4b0	FUN_001de4b0	0	001de4b0-001de4ec,001de4f0-001de508
001de508	FUN_001de508	0	001de508-001de564
001de568	FUN_001de568	0	001de568-001de58c
001de590	FUN_001de590	0	001de590-001de610
001de610	FUN_001de610	0	001de610-001de690
001de690	FUN_001de690	0	001de690-001de6cc
001de6d0	FUN_001de6d0	0	001de6d0-001de70c
001de710	FUN_001de710	0	001de710-001de74c
001de750	FUN_001de750	0	001de750-001de770
001de770	FUN_001de770	0	001de770-001de794
001de7b0	FUN_001de7b0	0	001de7b0-001de7d8
001de7d8	FUN_001de7d8	0	001de7d8-001de808
001de808	FUN_001de808	0	001de808-001de8a8
001de8a8	FUN_001de8a8	0	001de8a8-001de910
001de910	FUN_001de910	0	001de910-001de93c
001de948	FUN_001de948	0	001de948-001de978
001de978	FUN_001de978	0	001de978-001de9a8
001de9a8	FUN_001de9a8	0	001de9a8-001dea7c
001dea80	FUN_001dea80	0	001dea80-001deb54
001deb58	FUN_001deb58	0	001deb58-001dec78
001dec78	FUN_001dec78	0	001dec78-001ded98
001ded98	FUN_001ded98	0	001ded98-001dee10
001dee10	FUN_001dee10	0	001dee10-001dee88
001dee88	FUN_001dee88	0	001dee88-001df2c0
001df2c0	FUN_001df2c0	0	001df2c0-001df670
001df670	FUN_001df670	0	001df670-001df89c,001df8a0-001df9c8
001df9c8	FUN_001df9c8	0	001df9c8-001dfa34
001dfa38	FUN_001dfa38	0	001dfa38-001dfca4
001dfca8	FUN_001dfca8	0	001dfca8-001dfdb4
001dfdb8	FUN_001dfdb8	0	001dfdb8-001dfe84
001dfe88	FUN_001dfe88	0	001dfe88-001dffd8
001dffd8	FUN_001dffd8	0	001dffd8-001e0054
001e0058	FUN_001e0058	0	001e0058-001e00ac
001e00b0	FUN_001e00b0	0	001e00b0-001e0128
001e0128	FUN_001e0128	0	001e0128-001e0158
001e0158	FUN_001e0158	0	001e0158-001e0188
001e0188	FUN_001e0188	0	001e0188-001e01b8
001e01b8	FUN_001e01b8	0	001e01b8-001e01e8
001e01e8	FUN_001e01e8	0	001e01e8-001e0230
001e0230	FUN_001e0230	0	001e0230-001e029c
001e02a0	FUN_001e02a0	0	001e02a0-001e02b8
001e02f8	FUN_001e02f8	0	001e02f8-001e030c
001e0328	FUN_001e0328	0	001e0328-001e0344
001e0348	FUN_001e0348	0	001e0348-001e0370
001e0370	FUN_001e0370	0	001e0370-001e0378
001e0378	FUN_001e0378	0	001e0378-001e0394
001e03b0	FUN_001e03b0	0	001e03b0-001e03c4,001e03d8-001e0400
001e0400	FUN_001e0400	0	001e0400-001e0428
001e0428	FUN_001e0428	0	001e0428-001e0444
001e0448	FUN_001e0448	0	001e0448-001e0670
001e0670	FUN_001e0670	0	001e0670-001e068c
001e06b8	FUN_001e06b8	0	001e06b8-001e0750
001e0750	FUN_001e0750	0	001e0750-001e07c4
001e07c8	FUN_001e07c8	0	001e03d0-001e03d8,001e07c8-001e07e4
001e0868	FUN_001e0868	0	001e0868-001e08c8
001e08c8	FUN_001e08c8	0	001e08c8-001e0958
001e0958	FUN_001e0958	0	001e0958-001e0998
001e0998	FUN_001e0998	0	001e0998-001e09a0
001e09a0	FUN_001e09a0	0	001e09a0-001e09cc
001e09d0	FUN_001e09d0	0	001e09d0-001e0a90
001e0a90	FUN_001e0a90	0	001e0a90-001e0abc
001e0ac0	FUN_001e0ac0	0	001e0ac0-001e0b20
001e0b20	FUN_001e0b20	0	001e0b20-001e0b40
001e0b60	FUN_001e0b60	0	001e0b60-001e0b7c
001e0c58	FUN_001e0c58	0	001e0c50-001e0c74
001e0cb8	FUN_001e0cb8	0	001e0cb8-001e0cc8
001e0cc8	FUN_001e0cc8	0	001e0cc8-001e0ce8
001e0ce8	FUN_001e0ce8	0	001e0ce8-001e0d08
001e0d08	FUN_001e0d08	0	001e0d08-001e0d64
001e0d68	FUN_001e0d68	0	001e0d68-001e0dc4
001e0dc8	FUN_001e0dc8	0	001e0dc8-001e0de8
001e0de8	FUN_001e0de8	0	001e0de8-001e0e3c
001e0e40	FUN_001e0e40	0	001e0e40-001e0e4c
001e0e50	FUN_001e0e50	0	001e0e50-001e0f90
001e0f90	FUN_001e0f90	0	001e0f90-001e0fd0
001e0fd0	FUN_001e0fd0	0	001e0fd0-001e0fe0
001e0fe8	FUN_001e0fe8	0	001e0fe8-001e1064
001e1070	FUN_001e1070	0	001e1070-001e1160
001e1160	FUN_001e1160	0	001e1160-001e134c
001e1350	FUN_001e1350	0	001e1350-001e14b4,001e14b8-001e14f4,001e14f8-001e1500
001e1500	FUN_001e1500	0	001e1500-001e15a8
001e15a8	FUN_001e15a8	0	001e15a8-001e1638
001e16c0	FUN_001e16c0	0	001e16c0-001e1724
001e1728	FUN_001e1728	0	001e0fe0-001e0fe8,001e1728-001e17b8
001e17b8	FUN_001e17b8	0	001e17b8-001e18d4
001e18d8	FUN_001e18d8	0	001e18d8-001e1988
001e1988	FUN_001e1988	0	001e1988-001e1cdc
001e1ce0	FUN_001e1ce0	0	001e1ce0-001e1d1c
001e1d20	FUN_001e1d20	0	001e1d20-001e1dd4,001e1dd8-001e1dec
001e1df0	FUN_001e1df0	0	001e1df0-001e1df8
001e1df8	FUN_001e1df8	0	001e1df8-001e1e40
001e1e40	FUN_001e1e40	0	001e1e40-001e2104,001e2108-001e2130
001e2130	FUN_001e2130	0	001e2130-001e21ec
001e21f0	FUN_001e21f0	0	001e21f0-001e21f8
001e21f8	FUN_001e21f8	0	001e21f8-001e2234
001e2238	FUN_001e2238	0	001e2238-001e2298
001e2298	FUN_001e2298	0	001e2298-001e23ac
001e23b0	FUN_001e23b0	0	001e23b0-001e2450
001e2450	FUN_001e2450	0	001e2450-001e2620
001e2620	FUN_001e2620	0	001e2620-001e263c
001e2640	FUN_001e2640	0	001e2640-001e265c
001e2660	FUN_001e2660	0	001e2660-001e26b4
001e26b8	FUN_001e26b8	0	001e26b8-001e275c
001e2760	FUN_001e2760	0	001e2760-001e2774
001e2778	FUN_001e2778	0	001e2778-001e2788
001e2788	FUN_001e2788	0	001e2788-001e27bc
001e27c0	FUN_001e27c0	0	001e27c0-001e27f4
001e2898	FUN_001e2898	0	001e2898-001e2938
001e2938	FUN_001e2938	0	001e2938-001e2994
001e2998	FUN_001e2998	0	001e2998-001e29e0
001e29e0	FUN_001e29e0	0	001e29e0-001e2a50
001e2a50	FUN_001e2a50	0	001e2a50-001e2a74
001e2ad8	FUN_001e2ad8	0	001e2ad8-001e2b4c
001e2b50	FUN_001e2b50	0	001e2b50-001e2b64
001e2b68	FUN_001e2b68	0	001e2b68-001e2b74
001e2b78	FUN_001e2b78	0	001e2b78-001e2b8c
001e2b90	FUN_001e2b90	0	001e2b90-001e2bc4
001e2bc8	FUN_001e2bc8	0	001e2bc8-001e2bfc
001e2c00	FUN_001e2c00	0	001e2c00-001e2c5c
001e2c70	FUN_001e2c70	0	001e2c70-001e2c78
001e2c78	FUN_001e2c78	0	001e2c78-001e2c80
001e2c80	FUN_001e2c80	0	001e2c80-001e2c8c
001e2c90	FUN_001e2c90	0	001e2c90-001e3040
001e3040	FUN_001e3040	0	001e3040-001e3330
001e3330	FUN_001e3330	0	001e3330-001e3464
001e3468	FUN_001e3468	0	001e3468-001e34dc
001e34e0	FUN_001e34e0	0	001e34e0-001e3504,001e3508-001e3510,001e3530-001e3538
001e3538	FUN_001e3538	0	001e3538-001e355c,001e3560-001e3568,001e3588-001e3590
001e3590	FUN_001e3590	0	001e3590-001e35f0
001e35f0	FUN_001e35f0	0	001e35f0-001e3650
001e3650	FUN_001e3650	0	001e3650-001e365c
001e3660	FUN_001e3660	0	001e3660-001e368c
001e3690	FUN_001e3690	0	001e3690-001e3898
001e3898	FUN_001e3898	0	001e3898-001e38f8
001e38f8	FUN_001e38f8	0	001e38f8-001e3a88
001e3a88	FUN_001e3a88	0	001e3a88-001e3c18
001e3c18	FUN_001e3c18	0	001e3c18-001e3c98
001e3c98	FUN_001e3c98	0	001e3c98-001e3e44
001e3e48	FUN_001e3e48	0	001e3e48-001e4024
001e4028	FUN_001e4028	0	001e4028-001e41dc
001e41e0	FUN_001e41e0	0	001e41e0-001e4248
001e4248	FUN_001e4248	0	001e4248-001e4320
001e4320	FUN_001e4320	0	001e4320-001e4e18
001e4e18	FUN_001e4e18	0	001e4e18-001e4efc
001e4f00	FUN_001e4f00	0	001e4f00-001e4f3c
001e4f40	FUN_001e4f40	0	001e4f40-001e50a4
001e50a8	FUN_001e50a8	0	001e50a8-001e51f0
001e51f0	FUN_001e51f0	0	001e51f0-001e521c
001e5220	FUN_001e5220	0	001e5220-001e52b4
001e52b8	FUN_001e52b8	0	001e52b8-001e5454
001e5458	FUN_001e5458	0	001e5458-001e5610
001e5610	FUN_001e5610	0	001e5610-001e5714
001e5718	FUN_001e5718	0	001e5718-001e5898
001e5898	FUN_001e5898	0	001e5898-001e596c
001e5970	FUN_001e5970	0	001e5970-001e598c
001e5990	FUN_001e5990	0	001e5990-001e59fc
001e5a00	FUN_001e5a00	0	001e5a00-001e5eec,001e5ef0-001e5f40
001e5f40	FUN_001e5f40	0	001e5f40-001e5f88
001e5f88	FUN_001e5f88	0	001e5f88-001e5fd4
001e5fd8	FUN_001e5fd8	0	001e5fd8-001e5ffc
001e6000	FUN_001e6000	0	001e6000-001e6038
001e6038	FUN_001e6038	0	001e6038-001e60ac
001e60b0	FUN_001e60b0	0	001e60b0-001e6100
001e6100	FUN_001e6100	0	001e6100-001e6188
001e6188	FUN_001e6188	0	001e6188-001e622c
001e6250	FUN_001e6250	0	001e6250-001e6280
001e6280	FUN_001e6280	0	001e6280-001e657c,001e6580-001e65c8
001e65c8	FUN_001e65c8	0	001e65c8-001e65d0
001e65d0	FUN_001e65d0	0	001e65d0-001e6630
001e6630	FUN_001e6630	0	001e6630-001e6644
001e6648	FUN_001e6648	0	001e6648-001e6684
001e6688	FUN_001e6688	0	001e6688-001e66e4
001e66e8	FUN_001e66e8	0	001e66e8-001e6af4
001e6af8	FUN_001e6af8	0	001e6af8-001e6b00
001e6b00	FUN_001e6b00	0	001e6b00-001e6b90
001e6b90	FUN_001e6b90	0	001e6b90-001e6bd4
001e6c00	FUN_001e6c00	0	001e6c00-001e6c3c
001e6c40	FUN_001e6c40	0	001e6c40-001e6ccc
001e6cd8	FUN_001e6cd8	0	001e6cd8-001e6ce4
001e6ce8	FUN_001e6ce8	0	001e6ce8-001e6cf4
001e6cf8	FUN_001e6cf8	0	001e6cf8-001e6d04
001e6d08	FUN_001e6d08	0	001e6d08-001e6d28
001e6d28	FUN_001e6d28	0	001e6d28-001e6d34
001e6d38	FUN_001e6d38	0	001e6d38-001e6ed4
001e6ed8	FUN_001e6ed8	0	001e6ed8-001e7008
001e7008	FUN_001e7008	0	001e7008-001e7014
001e7018	FUN_001e7018	0	001e7018-001e702c
001e7030	FUN_001e7030	0	001e7030-001e7050
001e7050	FUN_001e7050	0	001e7050-001e706c
001e7070	FUN_001e7070	0	001e7070-001e7084
001e7088	FUN_001e7088	0	001e7088-001e709c
001e70a0	FUN_001e70a0	0	001e70a0-001e70ac
001e7188	FUN_001e7188	0	001e7188-001e71bc
001e7230	FUN_001e7230	0	001e7230-001e7298
001e72a8	FUN_001e72a8	0	001e72a8-001e73e8
001e7470	FUN_001e7470	0	001e7470-001e74d8
001e74d8	FUN_001e74d8	0	001e74d8-001e7538
001e7538	FUN_001e7538	0	001e7538-001e75a4
001e75a8	FUN_001e75a8	0	001e75a8-001e7648
001e7650	FUN_001e7650	0	001e7650-001e7694
001e7698	FUN_001e7698	0	001e7698-001e7798
001e7798	FUN_001e7798	0	001e7798-001e780c
001e7810	FUN_001e7810	0	001e7810-001e7878
001e7878	FUN_001e7878	0	001e7878-001e78e0
001e78e0	FUN_001e78e0	0	001e78e0-001e7948
001e7948	FUN_001e7948	0	001e7948-001e79ec
001e79f0	FUN_001e79f0	0	001e79f0-001e7a94
001e7a98	FUN_001e7a98	0	001e7a98-001e7be0
001e7be0	FUN_001e7be0	0	001e7be0-001e7cc0
001e7cc0	FUN_001e7cc0	0	001e7cc0-001e7d20
001e7d20	FUN_001e7d20	0	001e7d20-001e7da8
001e7da8	FUN_001e7da8	0	001e7da8-001e8048
001e8048	FUN_001e8048	0	001e8048-001e8180
001e8180	FUN_001e8180	0	001e8180-001e8288
001e8288	FUN_001e8288	0	001e8288-001e8330
001e8330	FUN_001e8330	0	001e8330-001e8554
001e8558	FUN_001e8558	0	001e8558-001e89c4,001e89c8-001e8ac4
001e8ac8	FUN_001e8ac8	0	001e8ac8-001e8bb8
001e8bb8	FUN_001e8bb8	0	001e8bb8-001e8c24
001e8c28	FUN_001e8c28	0	001e8c28-001e8d34
001e8e28	FUN_001e8e28	0	001e8e28-001e8f94
001e8fe0	FUN_001e8fe0	0	001e8fe0-001e9074
001e9078	FUN_001e9078	0	001e9078-001e90d4
001e9c28	FUN_001e9c28	0	001e9c28-001e9d2c
001e9d48	FUN_001e9d48	0	001e9d48-001e9e44
001e9e48	FUN_001e9e48	0	001e9e48-001ea0d4
001ea100	FUN_001ea100	0	001ea100-001ea1b0
001ea1b0	FUN_001ea1b0	0	001ea1b0-001ea43c
001ea458	FUN_001ea458	0	001ea458-001ea4d8
001ea4d8	FUN_001ea4d8	0	001ea4d8-001ea65c,001ea660-001ea6bc
001ea758	FUN_001ea758	0	001ea758-001ea8d8
001ea928	FUN_001ea928	0	001ea928-001ea970
001ea970	FUN_001ea970	0	001ea970-001eaa58
001eaa58	FUN_001eaa58	0	001eaa58-001eab40
001eab40	FUN_001eab40	0	001eab40-001eac28
001eac28	FUN_001eac28	0	001eac28-001ead10
001ead10	FUN_001ead10	0	001ead10-001eadf8
001eadf8	FUN_001eadf8	0	001eadf8-001eaee0
001eaee0	FUN_001eaee0	0	001eaee0-001eaf4c
001eaf50	FUN_001eaf50	0	001eaf50-001eaffc
001eb000	FUN_001eb000	0	001eb000-001eb030
001eb030	FUN_001eb030	0	001eb030-001eb0c4
001eb0c8	FUN_001eb0c8	0	001eb0c8-001eb13c
001eb140	FUN_001eb140	0	001eb140-001eb1b0
001eb1b0	FUN_001eb1b0	0	001eb1b0-001eb228
001eb228	FUN_001eb228	0	001eb228-001eb2a0
001eb2a0	FUN_001eb2a0	0	001eb2a0-001eb2cc
001eb368	FUN_001eb368	0	001eb368-001eb454
001eb460	FUN_001eb460	0	001eb460-001eb504
001eb528	FUN_001eb528	0	001eb528-001eb668
001eb668	FUN_001eb668	0	001eb668-001eb7a0
001eb8a8	FUN_001eb8a8	0	001eb8a8-001eba20
001ebb30	FUN_001ebb30	0	001ebb30-001ebc2c
001ebcf0	FUN_001ebcf0	0	001ebcf0-001ebe24
001ebe40	FUN_001ebe40	0	001ebe40-001ec098
001ed130	FUN_001ed130	0	001ed130-001ed13c
001ed140	FUN_001ed140	0	001ed140-001ed2d4
001ed2d8	FUN_001ed2d8	0	001ed2d8-001ed2e0
001ed2e0	FUN_001ed2e0	0	001ed2e0-001ed484
001ed488	FUN_001ed488	0	001ed488-001ed490
001ed490	FUN_001ed490	0	001ed490-001ed634
001ed638	FUN_001ed638	0	001ed638-001ed654
001ed658	FUN_001ed658	0	001ed658-001ed7d4
001ed7d8	FUN_001ed7d8	0	001ed7d8-001ed7f0
001ed7f0	FUN_001ed7f0	0	001ed7f0-001ed978
001ed978	FUN_001ed978	0	001ed978-001ed990
001ed990	FUN_001ed990	0	001ed990-001edb18
001edb18	FUN_001edb18	0	001edb18-001edb44
001edb48	FUN_001edb48	0	001edb48-001edcdc
001edce0	FUN_001edce0	0	001edce0-001edd08
001edd08	FUN_001edd08	0	001edd08-001edea8
001edea8	FUN_001edea8	0	001edea8-001eded0
001eded0	FUN_001eded0	0	001eded0-001ee070
001ee070	FUN_001ee070	0	001ee070-001ee09c
001ee0a0	FUN_001ee0a0	0	001ee0a0-001ee234
001ee238	FUN_001ee238	0	001ee238-001ee260
001ee260	FUN_001ee260	0	001ee260-001ee400
001ee400	FUN_001ee400	0	001ee400-001ee428
001ee428	FUN_001ee428	0	001ee428-001ee5c8
001ee5c8	FUN_001ee5c8	0	001ee5c8-001ee5d4
001ee5d8	FUN_001ee5d8	0	001ee5d8-001ee670
001ee670	FUN_001ee670	0	001ee670-001ee7a0
001ee7a0	FUN_001ee7a0	0	001ee7a0-001ee7a8
001ee7a8	FUN_001ee7a8	0	001ee7a8-001ee84c
001ee850	FUN_001ee850	0	001ee850-001ee980
001ee980	FUN_001ee980	0	001ee980-001ee988
001ee988	FUN_001ee988	0	001ee988-001eea30
001eea30	FUN_001eea30	0	001eea30-001eeb60
001eeb60	FUN_001eeb60	0	001eeb60-001eeb8c
001eeb90	FUN_001eeb90	0	001eeb90-001eec28
001eec28	FUN_001eec28	0	001eec28-001eed60
001eed60	FUN_001eed60	0	001eed60-001eed88
001eed88	FUN_001eed88	0	001eed88-001eee2c
001eee30	FUN_001eee30	0	001eee30-001eef68
001eef68	FUN_001eef68	0	001eef68-001eef90
001eef90	FUN_001eef90	0	001eef90-001ef038
001ef038	FUN_001ef038	0	001ef038-001ef170
001ef170	FUN_001ef170	0	001ef170-001ef19c
001ef1a0	FUN_001ef1a0	0	001ef1a0-001ef238
001ef238	FUN_001ef238	0	001ef238-001ef370
001ef370	FUN_001ef370	0	001ef370-001ef398
001ef398	FUN_001ef398	0	001ef398-001ef43c
001ef440	FUN_001ef440	0	001ef440-001ef578
001ef578	FUN_001ef578	0	001ef578-001ef5a0
001ef5a0	FUN_001ef5a0	0	001ef5a0-001ef648
001ef648	FUN_001ef648	0	001ef648-001ef780
001ef8e0	FUN_001ef8e0	0	001ef8e0-001efae4
001efb18	FUN_001efb18	0	001efb18-001efb3c
001efb40	FUN_001efb40	0	001efb40-001efb54
001efc28	FUN_001efc28	0	001efc28-001efc48
001efc48	FUN_001efc48	0	001efc48-001efc5c
001efd38	FUN_001efd38	0	001efd38-001efd5c
001efd60	FUN_001efd60	0	001efd60-001efd74
001efe48	FUN_001efe48	0	001efe48-001eff30
001eff30	FUN_001eff30	0	001eff30-001eff48
001effa8	FUN_001effa8	0	001effa8-001f007c
001f0080	FUN_001f0080	0	001f0080-001f0094
001f00f8	FUN_001f00f8	0	001f00f8-001f01b4
001f01b8	FUN_001f01b8	0	001f01b8-001f02ac
001f02b0	FUN_001f02b0	0	001f02b0-001f02c8
001f0328	FUN_001f0328	0	001f0328-001f03fc
001f0400	FUN_001f0400	0	001f0400-001f042c
001f0430	FUN_001f0430	0	001f0430-001f045c
001f04a8	FUN_001f04a8	0	001f04a8-001f0600
001f0600	FUN_001f0600	0	001f0600-001f0868
001f0868	FUN_001f0868	0	001f0868-001f0894
001f08e0	FUN_001f08e0	0	001f08e0-001f0a38
001f0a38	FUN_001f0a38	0	001f0a38-001f0cd8
001f0dc0	FUN_001f0dc0	0	001f0dc0-001f0ea8
001f0ea8	FUN_001f0ea8	0	001f0ea8-001f0f90
001f0f90	FUN_001f0f90	0	001f0f90-001f1078
001f1078	FUN_001f1078	0	001f1078-001f1160
001f1160	FUN_001f1160	0	001f1160-001f1248
001f1248	FUN_001f1248	0	001f1248-001f1408
001f1488	FUN_001f1488	0	001f1488-001f1728
001f45f8	FUN_001f45f8	0	001f45f8-001f4640
001f46f8	FUN_001f46f8	0	001f46f8-001f4d8c
001f4e18	FUN_001f4e18	0	001f4e18-001f4e78
001f4eb8	FUN_001f4eb8	0	001f4eb8-001f4f94
001f4fe0	FUN_001f4fe0	0	001f4fe0-001f500c
001f59b0	FUN_001f59b0	0	001f59b0-001f5cb0
001f5cc8	FUN_001f5cc8	0	001f5cc8-001f5df4
001f5df8	FUN_001f5df8	0	001f5df8-001f5ef8
001f5f10	FUN_001f5f10	0	001f5f10-001f602c
001f6030	FUN_001f6030	0	001f6030-001f6130
001f6148	FUN_001f6148	0	001f6148-001f6294
001f6298	FUN_001f6298	0	001f6298-001f6630
001f6648	FUN_001f6648	0	001f6648-001f6774
001f6778	FUN_001f6778	0	001f6778-001f684c
001f6868	FUN_001f6868	0	001f6868-001f69c0
001f6b68	FUN_001f6b68	0	001f6b68-001f6c3c
001f6c58	FUN_001f6c58	0	001f6c58-001f6e38
001f6eb8	FUN_001f6eb8	0	001f6eb8-001f7010
001f7180	FUN_001f7180	0	001f7180-001f7374
001f7398	FUN_001f7398	0	001f7398-001f761c
001f7660	FUN_001f7660	0	001f7660-001f7854
001f7878	FUN_001f7878	0	001f7878-001f7afc
001f7b40	FUN_001f7b40	0	001f7b40-001f7e60
001f7e90	FUN_001f7e90	0	001f7e90-001f8594
001f85b8	FUN_001f85b8	0	001f85b8-001f87f0
001f8dd0	FUN_001f8dd0	0	001f8dd0-001f900c
001f95d8	FUN_001f95d8	0	001f95d8-001f99ec
001fa2b0	FUN_001fa2b0	0	001fa2b0-001fa5f8
001fa668	FUN_001fa668	0	001fa668-001fa74c
001fa7b0	FUN_001fa7b0	0	001fa7b0-001fa82c
001fa830	FUN_001fa830	0	001fa830-001fa844
001fa928	FUN_001fa928	0	001fa928-001fa94c
001fa950	FUN_001fa950	0	001fa950-001faa00
001fab08	FUN_001fab08	0	001fab08-001fab44
001fab48	FUN_001fab48	0	001fab48-001fabc8
001fabc8	FUN_001fabc8	0	001fabc8-001fabdc
001facd0	FUN_001facd0	0	001facd0-001facf4
001facf8	FUN_001facf8	0	001facf8-001fad74
001fad78	FUN_001fad78	0	001fad78-001fad8c
001fae80	FUN_001fae80	0	001fae80-001faea4
001faea8	FUN_001faea8	0	001faea8-001fb350
001fb3c8	FUN_001fb3c8	0	001fb3c8-001fb478
001fb478	FUN_001fb478	0	001fb478-001fb4dc
001fb508	FUN_001fb508	0	001fb508-001fb554
001fb558	FUN_001fb558	0	001fb558-001fb5b4
001fb5b8	FUN_001fb5b8	0	001fb5b8-001fb698
001fb698	FUN_001fb698	0	001fb698-001fb6bc
001fb6c8	FUN_001fb6c8	0	001fb6c8-001fb71c
001fb720	FUN_001fb720	0	001fb720-001fb78c
001fb790	FUN_001fb790	0	001fb790-001fb870
001fb870	FUN_001fb870	0	001fb870-001fb8ac
001fb8b8	FUN_001fb8b8	0	001fb8b8-001fb924
001fb928	FUN_001fb928	0	001fb928-001fb9a4
001fb9a8	FUN_001fb9a8	0	001fb9a8-001fba88
001fba88	FUN_001fba88	0	001fba88-001fbaac
001fbab8	FUN_001fbab8	0	001fbab8-001fbb1c
001fbb20	FUN_001fbb20	0	001fbb20-001fbb94
001fbb98	FUN_001fbb98	0	001fbb98-001fbc78
001fbc78	FUN_001fbc78	0	001fbc78-001fbc9c
001fbd78	FUN_001fbd78	0	001fbd78-001fbf68
001fbfd8	FUN_001fbfd8	0	001fbfd8-001fc14c
001fc1a0	FUN_001fc1a0	0	001fc1a0-001fc308
001fc320	FUN_001fc320	0	001fc320-001fc530
001fc5b8	FUN_001fc5b8	0	001fc5b8-001fc658
001fc678	FUN_001fc678	0	001fc678-001fc71c
001fc720	FUN_001fc720	0	001fc720-001fcaf8
001fcb18	FUN_001fcb18	0	001fcb18-001fcb90
001fcb90	FUN_001fcb90	0	001fcb90-001fcc54
001fcd70	FUN_001fcd70	0	001fcd70-001fce2c
001fd368	FUN_001fd368	0	001fd368-001fd52c
001fded0	FUN_001fded0	0	001fded0-001fe158
001fe398	FUN_001fe398	0	001fe398-001fe644
001fe798	FUN_001fe798	0	001fe798-001fe8d4
001ff110	FUN_001ff110	0	001ff110-001ff34c
001ff958	FUN_001ff958	0	001ff958-001ffd6c
00200608	FUN_00200608	0	00200608-00200638
00200638	FUN_00200638	0	00200638-002006ac
002006b0	FUN_002006b0	0	002006b0-002006fc
00200700	FUN_00200700	0	00200700-002007e0
002007e0	FUN_002007e0	0	002007e0-0020082c
00200830	FUN_00200830	0	00200830-00200950
00200950	FUN_00200950	0	00200950-00200a78
00200a78	FUN_00200a78	0	00200a78-00200b78
00200b78	FUN_00200b78	0	00200b78-00200c50
00200c50	FUN_00200c50	0	00200c50-00200da8
00200da8	FUN_00200da8	0	00200da8-00200e80
00200e80	FUN_00200e80	0	00200e80-00200fd8
00200fd8	FUN_00200fd8	0	00200fd8-002010b0
002010b0	FUN_002010b0	0	002010b0-00201208
00201208	FUN_00201208	0	00201208-002012e0
002012e0	FUN_002012e0	0	002012e0-00201438
00201438	FUN_00201438	0	00201438-00201510
00201510	FUN_00201510	0	00201510-00201668
00201668	FUN_00201668	0	00201668-00201740
00201740	FUN_00201740	0	00201740-00201898
00201898	FUN_00201898	0	00201898-00201978
00201978	FUN_00201978	0	00201978-00201b30
00201b30	FUN_00201b30	0	00201b30-00201bac
00201bb0	FUN_00201bb0	0	00201bb0-00201ca0
00201ca0	FUN_00201ca0	0	00201ca0-00201d5c
00201d60	FUN_00201d60	0	00201d60-00202414,00202418-00202424
002029a0	FUN_002029a0	0	002029a0-002029e8
002029e8	FUN_002029e8	0	002029e8-00202ba0
00202ba0	FUN_00202ba0	0	00202ba0-00202c1c
00202c20	FUN_00202c20	0	00202c20-00202cdc
00202ce0	FUN_00202ce0	0	00202ce0-002033fc
00203408	FUN_00203408	0	00203408-0020373c
002039f8	FUN_002039f8	0	002039f8-00203a40
00203a40	FUN_00203a40	0	00203a40-00203a84
00203a88	FUN_00203a88	0	00203a88-00203ae4
00203ae8	FUN_00203ae8	0	00203ae8-00203b44
00203b48	FUN_00203b48	0	00203b48-00204304,00204308-0020431c,00204320-0020484c
00204850	FUN_00204850	0	00204850-00204b94,00204b98-00204bd0
00204bd0	FUN_00204bd0	0	00204bd0-00204d84,00204d88-00204dd4
00204fe0	FUN_00204fe0	0	00204fe0-0020503c
00205040	FUN_00205040	0	00205040-00205178
00205178	FUN_00205178	0	00205178-002056b8
00205718	FUN_00205718	0	00205718-00205798
00205798	FUN_00205798	0	00205798-00205d1c
00205d60	FUN_00205d60	0	00205d60-002061d8
002061f0	FUN_002061f0	0	002061f0-002061f8
002061f8	FUN_002061f8	0	002061f8-002062bc
002062c0	FUN_002062c0	0	002062c0-00206384
00206388	FUN_00206388	0	00206388-00206470
002065b0	FUN_002065b0	0	002065b0-002068d0
00207050	FUN_00207050	0	00207050-002070d0
002070d0	FUN_002070d0	0	002070d0-00207124
00207150	FUN_00207150	0	00207150-002071a4
002071d8	FUN_002071d8	0	002071d8-0020722c
00207260	FUN_00207260	0	00207260-002072a4
002072a8	FUN_002072a8	0	002072a8-00207308
00207308	FUN_00207308	0	00207308-00207350
00207350	FUN_00207350	0	00207350-00208298
00208298	FUN_00208298	0	00208298-0020863c,00208640-002086e0
002086e0	FUN_002086e0	0	002086e0-00208828
00208978	FUN_00208978	0	00208978-00208a30
002090f8	FUN_002090f8	0	002090f8-00209178
00209178	FUN_00209178	0	00209178-002092e0
002092e0	FUN_002092e0	0	002092e0-00209324
00209328	FUN_00209328	0	00209328-00209d68
00209dc0	FUN_00209dc0	0	00209dc0-00209df0
00209df0	FUN_00209df0	0	00209df0-00209e80
00209e80	FUN_00209e80	0	00209e80-00209ecc
00209ed0	FUN_00209ed0	0	00209ed0-00209fb8
00209fb8	FUN_00209fb8	0	00209fb8-00209ffc
0020a000	FUN_0020a000	0	0020a000-0020a05c
0020a060	FUN_0020a060	0	0020a060-0020a08c
0020a090	FUN_0020a090	0	0020a090-0020a444,0020a448-0020a4f4,0020a4f8-0020a50c
0020a658	FUN_0020a658	0	0020a658-0020ab44
0020aec0	FUN_0020aec0	0	0020aec0-0020aec8
0020aec8	FUN_0020aec8	0	0020aec8-0020aff4
0020aff8	FUN_0020aff8	0	0020aff8-0020b2fc
0020b3a0	FUN_0020b3a0	0	0020b3a0-0020b40c
0020b410	FUN_0020b410	0	0020b410-0020b454
0020b458	FUN_0020b458	0	0020b458-0020b4b4
0020b4b8	FUN_0020b4b8	0	0020b4b8-0020b4e4
0020b4e8	FUN_0020b4e8	0	0020b4e8-0020baac,0020bab0-0020bb5c,0020bb60-0020bc74,0020bc78-0020bdb0
0020bef8	FUN_0020bef8	0	0020bef8-0020c57c
0020c858	FUN_0020c858	0	0020c858-0020c860
0020c860	FUN_0020c860	0	0020c860-0020c9cc
0020c9d0	FUN_0020c9d0	0	0020c9d0-0020cd50
0020cdf0	FUN_0020cdf0	0	0020cdf0-0020ce5c
0020ce60	FUN_0020ce60	0	0020ce60-0020ceac
0020ced0	FUN_0020ced0	0	0020ced0-0020cf40
0020cf60	FUN_0020cf60	0	0020cf60-0020cfb8
0020d178	FUN_0020d178	0	0020d178-0020d1a0
0020d1d0	FUN_0020d1d0	0	0020d1d0-0020d528
0020d528	FUN_0020d528	0	0020d528-0020ddd4,0020ddd8-0020dde4
0020dde8	FUN_0020dde8	0	0020dde8-0020de04
0020de08	FUN_0020de08	0	0020de08-0020de2c
0020de30	FUN_0020de30	0	0020de30-0020df6c
0020df70	FUN_0020df70	0	0020df70-0020dff0
0020dff0	FUN_0020dff0	0	0020dff0-0020e09c
0020e0a0	FUN_0020e0a0	0	0020e0a0-0020e134
0020e138	FUN_0020e138	0	0020e138-0020e160
0020e198	FUN_0020e198	0	0020e198-0020e2e8
0020e2e8	FUN_0020e2e8	0	0020e2e8-0020e490
0020e490	FUN_0020e490	0	0020e490-0020e548
0020e548	FUN_0020e548	0	0020e548-0020e58c
0020e758	FUN_0020e758	0	0020e758-0020e7a8
0020e7a8	FUN_0020e7a8	0	0020e7a8-0020e7fc
0020e800	FUN_0020e800	0	0020e800-0020e854
0020e858	FUN_0020e858	0	0020e858-0020e8ac
0020e8b0	FUN_0020e8b0	0	0020e8b0-0020e95c
0020e960	FUN_0020e960	0	0020e960-0020e9f8
0020e9f8	FUN_0020e9f8	0	0020e9f8-0020ea44
0020ea48	FUN_0020ea48	0	0020ea48-0020ea6c
0020ea70	FUN_0020ea70	0	0020ea70-0020ea9c
0020eac0	FUN_0020eac0	0	0020eac0-0020eaf0
0020eaf8	FUN_0020eaf8	0	0020eaf8-0020eb6c
0020ebd8	FUN_0020ebd8	0	0020ebd8-0020ec18
0020ecc8	FUN_0020ecc8	0	0020ecc8-0020ed68
0020edd0	FUN_0020edd0	0	0020edd0-0020efe4
0020efe8	FUN_0020efe8	0	0020efe8-0020f004
0020f118	FUN_0020f118	0	0020f118-0020f14c
0020f150	FUN_0020f150	0	0020f150-0020f184
0020f188	FUN_0020f188	0	0020f188-0020f1e0
0020f1e0	FUN_0020f1e0	0	0020f1e0-0020f338
0020f338	FUN_0020f338	0	0020f338-0020f5c0,0020f5cc-0020f658,0020f680-0020fca4,0020fca8-00210694,00210698-00212338
00212338	FUN_00212338	0	00212338-002125e4,00212620-002126b0,00212708-0021287c,00212880-00213ea4
00213ea8	FUN_00213ea8	0	00213ea8-00214128,00214134-002141c0,002141e8-00214884,00214888-002148d8,00214908-00214fd0,00214fd4-00215024,00215054-002154c0,002154c4-00215514,00215544-00215b84,00215b88-00215bd8,00215c08-00215f28
00215f28	FUN_00215f28	0	00215f28-002161d4,00216210-002162a0,002162f8-002168e8,002168ec-0021693c,0021696c-00216f5c,00216f60-00216fb0,00216fe0-0021749c,002174a0-002174f0,00217520-00217bb0,00217bb4-00217c04,00217c34-00217d80
00217d80	FUN_00217d80	0	00217d80-00217fe0,00217fec-00218058,00218080-0021941c,00219420-00219bfc,00219c00-0021ab44,0021ab50-0021abdc,0021ac04-0021aee4
0021aee8	FUN_0021aee8	0	0021aee8-0021b180,0021b1bc-0021b24c,0021b2a4-0021c810
0021c810	FUN_0021c810	0	0021c810-0021c8b4,0021c8b8-0021c8c4
0021c8c8	FUN_0021c8c8	0	0021c8c8-0021c99c,0021c9a0-0021c9ac
0021c9b0	FUN_0021c9b0	0	0021c9b0-0021cd9c
0021cda0	FUN_0021cda0	0	0021cda0-0021cdcc
0021cdd0	FUN_0021cdd0	0	0021cdd0-0021d048
0021d048	FUN_0021d048	0	0021d048-0021e984
0021e988	FUN_0021e988	0	0021e988-0021e994
0021e998	FUN_0021e998	0	0021e998-0021e9a4
0021e9a8	FUN_0021e9a8	0	0021e9a8-0021e9d0
0021e9d0	FUN_0021e9d0	0	0021e9d0-0021ea50
0021ea50	FUN_0021ea50	0	0021ea50-0021ead0
0021ead0	FUN_0021ead0	0	0021ead0-0021eb50
0021eb50	FUN_0021eb50	0	0021eb50-0021ebe4
0021ebe8	FUN_0021ebe8	0	0021ebe8-0021ec7c
0021ec80	FUN_0021ec80	0	0021ec80-0021ed14
0021ed18	FUN_0021ed18	0	0021ed18-0021edac
0021edb0	FUN_0021edb0	0	0021edb0-0021ee44
0021ee48	FUN_0021ee48	0	0021ee48-0021efa8
0021efa8	FUN_0021efa8	0	0021efa8-0021efbc
0021efc0	FUN_0021efc0	0	0021efc0-0021f05c
0021f060	FUN_0021f060	0	0021f060-0021f0d8
0021f0d8	FUN_0021f0d8	0	0021f0d8-0021f5d4
0021f5d8	FUN_0021f5d8	0	0021f5d8-0021f620
0021f620	FUN_0021f620	0	0021f620-0021f904
0021f908	FUN_0021f908	0	0021f908-0021fa0c
0021fa10	FUN_0021fa10	0	0021fa10-0021fa28
0021fa28	FUN_0021fa28	0	0021fa28-0021fbbc
0021fbc0	FUN_0021fbc0	0	0021fbc0-0021fbd4
0021fbd8	FUN_0021fbd8	0	0021fbd8-0021fe04
0021fe08	FUN_0021fe08	0	0021fe08-0021fe24
0021fe28	FUN_0021fe28	0	0021fe28-0021fe3c
0021fe40	FUN_0021fe40	0	0021fe40-00220070
00220070	FUN_00220070	0	00220070-00220084
00220088	FUN_00220088	0	00220088-002200bc
002200c0	FUN_002200c0	0	002200c0-002204c4
002204c8	FUN_002204c8	0	002204c8-002209f0
002209f0	FUN_002209f0	0	002209f0-00220c84
00220c88	FUN_00220c88	0	00220c88-00220cf0
00220cf0	FUN_00220cf0	0	00220cf0-00220da0
00220da0	FUN_00220da0	0	00220da0-002212c4,002212c8-00221348
00221348	FUN_00221348	0	00221348-00221e24
00221e28	FUN_00221e28	0	00221e28-00221ecc
00221ed0	FUN_00221ed0	0	00221ed0-00221f98
00221f98	FUN_00221f98	0	00221f98-00221fb8
00221fb8	FUN_00221fb8	0	00221fb8-00222018
00222018	FUN_00222018	0	00222018-00222080
00222080	FUN_00222080	0	00222080-0022216c
00222170	FUN_00222170	0	00222170-002222b4
002223e0	FUN_002223e0	0	002223e0-002223ec
002223f0	FUN_002223f0	0	002223f0-00222548
00222568	FUN_00222568	0	00222568-002225a4
002225a8	FUN_002225a8	0	002225a8-00222674
00222678	FUN_00222678	0	00222678-0022269c
002226a0	FUN_002226a0	0	002226a0-002226b8
002226b8	FUN_002226b8	0	002226b8-002226d0
00222710	FUN_00222710	0	00222710-0022272c
00222730	FUN_00222730	0	00222730-0022274c
00222750	FUN_00222750	0	00222750-0022276c
00222770	FUN_00222770	0	00222770-0022278c
00222790	FUN_00222790	0	00222790-00222800
00222800	FUN_00222800	0	00222800-00222868
00222868	FUN_00222868	0	00222868-00222898
00222898	FUN_00222898	0	00222898-00222918
00222978	FUN_00222978	0	00222978-0022299c
002229a0	FUN_002229a0	0	002229a0-002229d4
002229d8	FUN_002229d8	0	002229d8-002229fc
00222a00	FUN_00222a00	0	00222a00-00222a2c
00222aa8	FUN_00222aa8	0	00222aa8-00222d3c
00222d40	FUN_00222d40	0	00222d40-00222f88
00222f88	FUN_00222f88	0	00222f88-002231b8
002231b8	FUN_002231b8	0	002231b8-002233f0
002233f0	FUN_002233f0	0	002233f0-00223448
00223448	FUN_00223448	0	00223448-002234bc
002234c0	FUN_002234c0	0	002234c0-00223604
00223608	FUN_00223608	0	00223608-00223694
002236d0	FUN_002236d0	0	002236d0-00223af8
00223af8	FUN_00223af8	0	00223af8-00223e94
00223e98	FUN_00223e98	0	00223e98-00224354
00224358	FUN_00224358	0	00224358-00224600
00224600	FUN_00224600	0	00224600-0022477c
00224780	FUN_00224780	0	00224780-002247d8
002247d8	FUN_002247d8	0	002247d8-002247e4
002247e8	FUN_002247e8	0	002247e8-00224824
00224828	FUN_00224828	0	00224828-0022485c
00224860	FUN_00224860	0	00224860-0022486c
00224870	FUN_00224870	0	00224870-0022487c
00224880	FUN_00224880	0	00224880-0022488c
00224890	FUN_00224890	0	00224890-002248c0
002248c0	FUN_002248c0	0	002248c0-002248cc
002248d0	FUN_002248d0	0	002248d0-002248f4
002248f8	FUN_002248f8	0	002248f8-0022490c
00224910	FUN_00224910	0	00224910-0022491c
00224920	FUN_00224920	0	00224920-0022492c
00224930	FUN_00224930	0	00224930-0022493c
00224940	FUN_00224940	0	00224940-0022494c
00224950	FUN_00224950	0	00224950-00224968
00224968	FUN_00224968	0	00224968-00224974
00224978	FUN_00224978	0	00224978-00224984
00224988	FUN_00224988	0	00224988-00224994
00224998	FUN_00224998	0	00224998-002249a8
002249a8	FUN_002249a8	0	002249a8-002249b4
002249b8	FUN_002249b8	0	002249b8-002249c4
002249c8	FUN_002249c8	0	002249c8-002249d8
002249d8	FUN_002249d8	0	002249d8-002249e4
002249e8	FUN_002249e8	0	002249e8-002249f4
002249f8	FUN_002249f8	0	002249f8-00224a54,00224a68-00224aac
00224b08	FUN_00224b08	0	00224b08-00224b5c
00224b60	FUN_00224b60	0	00224b60-00224b88
00224b88	FUN_00224b88	0	00224b88-00224bd0
00224bd0	FUN_00224bd0	0	00224bd0-00224c1c
00224c20	FUN_00224c20	0	00224c20-00224cf0
00224cf0	FUN_00224cf0	0	00224cf0-00224d24,00224d30-00224d3c
00224d48	FUN_00224d48	0	00224d48-00224db4,00224dd0-00224de8
00224e28	FUN_00224e28	0	00224e28-00224e90
00224e90	FUN_00224e90	0	00224e90-00224e9c
00224ea0	FUN_00224ea0	0	00224ea0-00224f04
00224f08	FUN_00224f08	0	00224f08-00224f34
00224f38	FUN_00224f38	0	00224f38-00224fa0
00224fa0	FUN_00224fa0	0	00224fa0-002251c4
002251c8	FUN_002251c8	0	002251c8-00225204
00225208	FUN_00225208	0	00225208-00225248
00225248	FUN_00225248	0	00225248-00225260
00225260	FUN_00225260	0	00225260-0022527c
00225280	FUN_00225280	0	00225280-00225298
00225298	FUN_00225298	0	00225298-002252b0
002252b0	FUN_002252b0	0	002252b0-00225324
00225328	FUN_00225328	0	00225328-0022539c
002253a0	FUN_002253a0	0	002253a0-002254bc,002254c0-00225530
00225530	FUN_00225530	0	00225530-00225540
00225540	FUN_00225540	0	00225540-0022554c
00225550	FUN_00225550	0	00225550-002255ec
002255f0	FUN_002255f0	0	002255f0-0022563c
00225640	FUN_00225640	0	00225640-00225690
00225690	FUN_00225690	0	00225690-002256c4
002256c8	FUN_002256c8	0	002256c8-00225738
00225788	FUN_00225788	0	00225788-00225898
00225898	FUN_00225898	0	00225898-002259ec
002259f0	FUN_002259f0	0	002259f0-00225a00
00225a00	FUN_00225a00	0	00225a00-00225a0c
00225a10	FUN_00225a10	0	00225a10-00225a20
00225a20	FUN_00225a20	0	00225a20-00225a2c
00225a30	FUN_00225a30	0	00225a30-00225a64
00225a68	FUN_00225a68	0	00225a68-00225aa8
00225aa8	FUN_00225aa8	0	00225aa8-00225afc
00225b00	FUN_00225b00	0	00225b00-00225b4c
00225b50	FUN_00225b50	0	00225b50-00225b84
00225b88	FUN_00225b88	0	00225b88-00225cd8
00225cd8	FUN_00225cd8	0	00225cd8-00225d30
00225d30	FUN_00225d30	0	00225d30-00225e28
00225e28	FUN_00225e28	0	00225e28-00225e48
00225e48	FUN_00225e48	0	00225e48-00225e54
00225e70	FUN_00225e70	0	00225e70-00225eb8
00225eb8	FUN_00225eb8	0	00225eb8-00225fa0
00225fa0	FUN_00225fa0	0	00225fa0-00226030
00226030	FUN_00226030	0	00226030-0022604c
00226050	FUN_00226050	0	00226050-00226090
00226090	FUN_00226090	0	00226090-00226268
00226268	FUN_00226268	0	00226268-002263ec
002263f0	FUN_002263f0	0	002263f0-00226464
00226478	FUN_00226478	0	00226478-002267a0
002267a0	FUN_002267a0	0	002267a0-00226968
00226968	FUN_00226968	0	00226968-00226974
00226978	FUN_00226978	0	00226978-00226a6c
00226a70	FUN_00226a70	0	00226a70-00226a78
00226a78	FUN_00226a78	0	00226a78-00226aac
00226ac0	FUN_00226ac0	0	00226ac0-00226bcc
00226bd0	FUN_00226bd0	0	00226bd0-00226ce4
00226ce8	FUN_00226ce8	0	00226ce8-00226d84
00226d88	FUN_00226d88	0	00226d88-00226da8
00226da8	FUN_00226da8	0	00226da8-00226dc4
00226dc8	FUN_00226dc8	0	00226dc8-00226e5c
00226e60	FUN_00226e60	0	00226e60-00226ea0
00226ea0	FUN_00226ea0	0	00226ea0-00226ecc
00226ed0	FUN_00226ed0	0	00226ed0-00226ee4
00226ee8	FUN_00226ee8	0	00226ee8-00226f1c,00226f20-00226f78
00226f78	FUN_00226f78	0	00226f78-00226f90
00226f90	FUN_00226f90	0	00226f90-00226fa8
00226fa8	FUN_00226fa8	0	00226fa8-00226fc4
00226fc8	FUN_00226fc8	0	00226fc8-00227078
00227078	FUN_00227078	0	00227078-002270f8
00227108	FUN_00227108	0	00227108-00227114
00227118	FUN_00227118	0	00227118-00227120
00227120	FUN_00227120	0	00227120-0022712c
00227130	FUN_00227130	0	00227130-002271fc
00227200	FUN_00227200	0	00227200-002272a4
002272a8	FUN_002272a8	0	002272a8-002272b8
002272b8	FUN_002272b8	0	002272b8-00227814
00227818	FUN_00227818	0	00227818-00227858
00227858	FUN_00227858	0	00227858-0022786c
00227870	FUN_00227870	0	00227870-002278dc
002278e0	FUN_002278e0	0	002278e0-00227930
00227930	FUN_00227930	0	00227930-0022794c
00227950	FUN_00227950	0	00227950-00227a08
00227a08	FUN_00227a08	0	00227a08-00227a28
00227a28	FUN_00227a28	0	00227a28-00227a60
00227a60	FUN_00227a60	0	00227a60-00227b00
00227b00	FUN_00227b00	0	00227b00-00227bd4
00227bd8	FUN_00227bd8	0	00227bd8-00227c28
00227c78	FUN_00227c78	0	00227c78-00227ca8
00227ca8	FUN_00227ca8	0	00227ca8-00227cd8
00227cd8	FUN_00227cd8	0	00227cd8-00227d10
00227d10	FUN_00227d10	0	00227d10-00227d54
00227d58	FUN_00227d58	0	00227d58-00227da8
00227da8	FUN_00227da8	0	00227da8-00227e2c
00227e30	FUN_00227e30	0	00227e30-00228058
002280f8	FUN_002280f8	0	002280f8-0022814c
00228150	FUN_00228150	0	00228150-00228240
00228240	FUN_00228240	0	00228240-002282d8
002282d8	FUN_002282d8	0	002282d8-002282f0
002282f0	FUN_002282f0	0	002282f0-00228378
00228378	FUN_00228378	0	00228378-002283ac
002283b0	FUN_002283b0	0	002283b0-002283c4
002283c8	FUN_002283c8	0	002283c8-002283dc
002283e0	FUN_002283e0	0	002283e0-002283f4
002283f8	FUN_002283f8	0	002283f8-00228420
00228420	FUN_00228420	0	00228420-0022844c
00228450	FUN_00228450	0	00228450-0022846c
00228490	FUN_00228490	0	00228490-002284e8
002284e8	FUN_002284e8	0	002284e8-00228514
00228518	FUN_00228518	0	00228518-0022858c
00228590	FUN_00228590	0	00228590-00228614
00228618	FUN_00228618	0	00228618-00228784
00228788	FUN_00228788	0	00228788-00228914
00228918	FUN_00228918	0	00228918-002289bc
002289c0	FUN_002289c0	0	002289c0-002289f0
002289f0	FUN_002289f0	0	002289f0-00228aac
00228ab0	FUN_00228ab0	0	00228ab0-00228bd4
00228bd8	FUN_00228bd8	0	00228bd8-00228e28
00228e28	FUN_00228e28	0	00228e28-00228e58
00228e58	FUN_00228e58	0	00228e58-00228f14
00228f18	FUN_00228f18	0	00228f18-00229120
00229120	FUN_00229120	0	00229120-002291d0
002291d0	FUN_002291d0	0	002291d0-00229370
00229370	FUN_00229370	0	00229370-0022942c
00229430	FUN_00229430	0	00229430-00229448
00229448	FUN_00229448	0	00229448-00229494
002294c8	FUN_002294c8	0	002294c8-00229674
00229678	FUN_00229678	0	00229678-002296f4
002296f8	FUN_002296f8	0	002296f8-00229724
00229728	FUN_00229728	0	00229728-0022982c
00229830	FUN_00229830	0	00229830-00229840
00229840	FUN_00229840	0	00229840-002298a4
002298a8	FUN_002298a8	0	002298a8-00229b28
00229b28	FUN_00229b28	0	00229b28-00229bd8,00229c08-00229d10
00229d40	FUN_00229d40	0	00229d40-00229d68
00229d68	FUN_00229d68	0	00229d68-00229d90
00229d90	FUN_00229d90	0	00229d90-00229e08
00229e28	FUN_00229e28	0	00229e28-00229e40
00229e40	FUN_00229e40	0	00229e40-00229e58
00229e58	FUN_00229e58	0	00229e58-0022a0f4
0022a0f8	FUN_0022a0f8	0	0022a0f8-0022a1fc
0022a368	FUN_0022a368	0	0022a368-0022a3cc
0022a3d0	FUN_0022a3d0	0	0022a3d0-0022a5c4
0022a5c8	FUN_0022a5c8	0	0022a5c8-0022a678,0022a6a8-0022a7b0
0022a7e0	FUN_0022a7e0	0	0022a7e0-0022ab80
0022ab80	FUN_0022ab80	0	0022ab80-0022ab90
0022ab90	FUN_0022ab90	0	0022ab90-0022abd4
0022abd8	FUN_0022abd8	0	0022abd8-0022ac30
0022ac60	FUN_0022ac60	0	0022ac60-0022accc
0022acd0	FUN_0022acd0	0	0022acd0-0022acf8
0022acf8	FUN_0022acf8	0	0022acf8-0022ad88
0022ad88	FUN_0022ad88	0	0022ad88-0022ae94
0022ae98	FUN_0022ae98	0	0022ae98-0022aeec
0022aef0	FUN_0022aef0	0	0022aef0-0022af44
0022af48	FUN_0022af48	0	0022af48-0022af9c
0022afa0	FUN_0022afa0	0	0022afa0-0022afe4
0022afe8	FUN_0022afe8	0	0022afe8-0022b028
0022b028	FUN_0022b028	0	0022b028-0022b09c
0022b0a0	FUN_0022b0a0	0	0022b0a0-0022b104
0022b558	FUN_0022b558	0	0022b558-0022b5c0
0022b5c0	FUN_0022b5c0	0	0022b5c0-0022b5ec
0022b5f0	FUN_0022b5f0	0	0022b5f0-0022b638
0022b638	FUN_0022b638	0	0022b638-0022b688
0022b688	FUN_0022b688	0	0022b688-0022b71c
0022b720	FUN_0022b720	0	0022b720-0022b730
0022b730	FUN_0022b730	0	0022b730-0022b7ac
0022b7b0	FUN_0022b7b0	0	0022b7b0-0022b7f0
0022b7f0	FUN_0022b7f0	0	0022b7f0-0022b838
0022b838	FUN_0022b838	0	0022b838-0022b898
0022b898	FUN_0022b898	0	0022b898-0022b930
0022b930	FUN_0022b930	0	0022b930-0022b948
0022b948	FUN_0022b948	0	0022b948-0022b964
0022b968	FUN_0022b968	0	0022b968-0022b9b4
0022b9b8	FUN_0022b9b8	0	0022b9b8-0022b9dc
0022b9e0	FUN_0022b9e0	0	0022b9e0-0022ba04
0022ba08	FUN_0022ba08	0	0022ba08-0022ba88
0022ba88	FUN_0022ba88	0	0022ba88-0022bb24,0022bb28-0022bb38
0022bb38	FUN_0022bb38	0	0022bb38-0022bb60
0022bb60	FUN_0022bb60	0	0022bb60-0022bbc4
0022bbc8	FUN_0022bbc8	0	0022bbc8-0022bc04
0022bc08	FUN_0022bc08	0	0022bc08-0022bd80
0022bd80	FUN_0022bd80	0	0022bd80-0022bd8c
0022bd90	FUN_0022bd90	0	0022bd90-0022bd9c
0022bda0	FUN_0022bda0	0	0022bda0-0022be28
0022be28	FUN_0022be28	0	0022be28-0022be54
0022beb0	FUN_0022beb0	0	0022beb0-0022bef4
0022bef8	FUN_0022bef8	0	0022bef8-0022c0b4,0022c0b8-0022c108
0022c108	FUN_0022c108	0	0022c108-0022c1f8
0022c1f8	FUN_0022c1f8	0	0022c1f8-0022c410
0022c410	FUN_0022c410	0	0022c410-0022c43c
0022c440	FUN_0022c440	0	0022c440-0022c4b8
0022c4b8	FUN_0022c4b8	0	0022c4b8-0022c504
0022c508	FUN_0022c508	0	0022c508-0022c530
0022c530	FUN_0022c530	0	0022c530-0022c590
0022c590	FUN_0022c590	0	0022c590-0022c68c,0022c690-0022c754
0022c758	FUN_0022c758	0	0022c758-0022c7bc
0022c7c0	FUN_0022c7c0	0	0022c7c0-0022c83c
0022c840	FUN_0022c840	0	0022c840-0022c8f4
0022c8f8	FUN_0022c8f8	0	0022c8f8-0022c994
0022c998	FUN_0022c998	0	0022c998-0022c9f0
0022c9f0	FUN_0022c9f0	0	0022c9f0-0022c9fc
0022ca00	FUN_0022ca00	0	0022ca00-0022cae8
0022cae8	FUN_0022cae8	0	0022cae8-0022cb9c
0022cba0	FUN_0022cba0	0	0022cba0-0022cc08
0022cc08	FUN_0022cc08	0	0022cc08-0022cc38
0022cc38	FUN_0022cc38	0	0022cc38-0022cd48
0022cd48	FUN_0022cd48	0	0022cd48-0022cdfc
0022ce00	FUN_0022ce00	0	0022ce00-0022ce50
0022ce50	FUN_0022ce50	0	0022ce50-0022cea0
0022cea0	FUN_0022cea0	0	0022cea0-0022cf18
0022cf18	FUN_0022cf18	0	0022cf18-0022cf5c
0022cf60	FUN_0022cf60	0	0022cf60-0022d000
0022d000	FUN_0022d000	0	0022d000-0022d068
0022d068	FUN_0022d068	0	0022d068-0022d094
0022d098	FUN_0022d098	0	0022d098-0022d1d8
0022d1d8	FUN_0022d1d8	0	0022d1d8-0022d238
0022d238	FUN_0022d238	0	0022d238-0022d288
0022d288	FUN_0022d288	0	0022d288-0022d2e0
0022d318	FUN_0022d318	0	0022d2e0-0022d334
0022d358	FUN_0022d358	0	0022d358-0022d3a8
0022d3a8	FUN_0022d3a8	0	0022d3a8-0022d3b8
0022d3b8	FUN_0022d3b8	0	0022d3b8-0022d3c8
0022d3c8	FUN_0022d3c8	0	0022d3c8-0022d440
0022d440	FUN_0022d440	0	0022d440-0022d4e4
0022d4e8	FUN_0022d4e8	0	0022d4e8-0022d598
0022d598	FUN_0022d598	0	0022d598-0022d618
0022d618	FUN_0022d618	0	0022d618-0022d684
0022d688	FUN_0022d688	0	0022d688-0022d6d4
0022d6d8	FUN_0022d6d8	0	0022d6d8-0022d728
0022d728	FUN_0022d728	0	0022d728-0022d778
0022d778	FUN_0022d778	0	0022d778-0022d7c8
0022d7c8	FUN_0022d7c8	0	0022d7c8-0022d7d4
0022d7d8	FUN_0022d7d8	0	0022d7d8-0022d7e4
0022d7e8	FUN_0022d7e8	0	0022d7e8-0022d81c
0022d820	FUN_0022d820	0	0022d820-0022d87c
0022d880	FUN_0022d880	0	0022d880-0022d9b0
0022d9b0	FUN_0022d9b0	0	0022d9b0-0022dae4,0022dae8-0022dbbc,0022dbc0-0022dc2c
0022dd40	FUN_0022dd40	0	0022dd40-0022dd80
0022dd80	FUN_0022dd80	0	0022dd80-0022de84,0022de88-0022e0a8
0022e0a8	FUN_0022e0a8	0	0022e0a8-0022e10c
0022e110	FUN_0022e110	0	0022e110-0022e160
0022e160	FUN_0022e160	0	0022e160-0022e188
0022e188	FUN_0022e188	0	0022e188-0022e1f4
0022e1f8	FUN_0022e1f8	0	0022e1f8-0022e288
0022e288	FUN_0022e288	0	0022e288-0022e330
0022e330	FUN_0022e330	0	0022e330-0022e368
0022e368	FUN_0022e368	0	0022e368-0022e3e8
0022e3e8	FUN_0022e3e8	0	0022e3e8-0022e464
0022e468	FUN_0022e468	0	0022e468-0022e4ec
0022e4f0	FUN_0022e4f0	0	0022e4f0-0022e5f4
0022e5f8	FUN_0022e5f8	0	0022e5f8-0022e6b0
0022e6b0	FUN_0022e6b0	0	0022e6b0-0022e724
0022e7e8	FUN_0022e7e8	0	0022e7e8-0022e814
0022e818	FUN_0022e818	0	0022e818-0022e998
0022e998	FUN_0022e998	0	0022e998-0022e9f8
0022e9f8	FUN_0022e9f8	0	0022e9f8-0022ea24
0022ea28	FUN_0022ea28	0	0022ea28-0022eb80
0022eb80	FUN_0022eb80	0	0022eb80-0022ed6c
0022ee00	FUN_0022ee00	0	0022ee00-0022ee2c
0022ee30	FUN_0022ee30	0	0022ee30-0022ef50
0022ef50	FUN_0022ef50	0	0022ef50-0022efb8
0022efb8	FUN_0022efb8	0	0022efb8-0022f018
0022f018	FUN_0022f018	0	0022f018-0022f1fc
0022f200	FUN_0022f200	0	0022f200-0022f27c
0022f280	FUN_0022f280	0	0022f280-0022f308
0022f308	FUN_0022f308	0	0022f308-0022f3a8
0022f3a8	FUN_0022f3a8	0	0022f3a8-0022f4ec
0022f4f0	FUN_0022f4f0	0	0022f4f0-0022f528
0022f528	FUN_0022f528	0	0022f528-0022f5a0
0022f5a0	FUN_0022f5a0	0	0022f5a0-0022f5e8
0022f5e8	FUN_0022f5e8	0	0022f5e8-0022f6b4
0022f6b8	FUN_0022f6b8	0	0022f6b8-0022f7bc
0022f7c0	FUN_0022f7c0	0	0022f7c0-0022f8e8
0022f8f0	FUN_0022f8f0	0	0022f8f0-0022f924
0022f928	FUN_0022f928	0	0022f928-0022fb94
0022fb98	FUN_0022fb98	0	0022fb98-0022fe04
0022fe08	FUN_0022fe08	0	0022fe08-0023025c
00230260	FUN_00230260	0	00230260-002302c0
002302c0	FUN_002302c0	0	002302c0-002306a8
002306a8	FUN_002306a8	0	002306a8-00230834
00230838	FUN_00230838	0	00230838-00230874
00230878	FUN_00230878	0	00230878-002308c4
002308c8	FUN_002308c8	0	002308c8-002309c4
002309c8	FUN_002309c8	0	002309c8-00230ae8
00230b50	FUN_00230b50	0	00230b50-00230d68
00230d78	FUN_00230d78	0	00230d78-00230ddc
00230de0	FUN_00230de0	0	00230de0-00230f0c
00230f10	FUN_00230f10	0	00230f10-002311ac,002311b0-002311c0
002311c0	FUN_002311c0	0	002311c0-0023138c
00231390	FUN_00231390	0	00231390-002314c0
002314c0	FUN_002314c0	0	002314c0-002314fc
00231500	FUN_00231500	0	00231500-0023185c,00231860-00231924
00231928	FUN_00231928	0	00231928-00231944
00231948	FUN_00231948	0	00231948-002319bc
002319c0	FUN_002319c0	0	002319c0-0023206c
00232070	FUN_00232070	0	00232070-00232100
00232100	FUN_00232100	0	00232100-00232110
00232110	FUN_00232110	0	00232110-0023214c
00232150	FUN_00232150	0	00232150-002322b8
002322b8	FUN_002322b8	0	002322b8-00232328
00232328	FUN_00232328	0	00232328-00232344
00232348	FUN_00232348	0	00232348-00232398
00232398	FUN_00232398	0	00232398-00232498
00232498	FUN_00232498	0	00232498-0023250c
00232510	FUN_00232510	0	00232510-00232590
00232590	FUN_00232590	0	00232590-002325ec
002325f0	FUN_002325f0	0	002325f0-002326cc
002326d0	FUN_002326d0	0	002326d0-00232718
00232718	FUN_00232718	0	00232718-00232734
00232738	FUN_00232738	0	00232738-002328c0
002328c0	FUN_002328c0	0	002328c0-00232988
00232988	FUN_00232988	0	00232988-00232a48
00232a48	FUN_00232a48	0	00232a48-00232c88
00232c88	FUN_00232c88	0	00232c88-00232d5c
00232d60	FUN_00232d60	0	00232d60-00232db0
00232db0	FUN_00232db0	0	00232db0-00232e14
00232e18	FUN_00232e18	0	00232e18-00232e5c
00232e60	FUN_00232e60	0	00232e60-00232e9c
00232ea0	FUN_00232ea0	0	00232ea0-00232f08
00232f08	FUN_00232f08	0	00232f08-002330ac
002330b0	FUN_002330b0	0	002330b0-002330c4
002330c8	FUN_002330c8	0	002330c8-002331a0
002331a0	FUN_002331a0	0	002331a0-0023327c
00233280	FUN_00233280	0	00233280-002332a4
002332a8	FUN_002332a8	0	002332a8-0023340c
00233410	FUN_00233410	0	00233410-0023348c
00233490	FUN_00233490	0	00233490-0023357c
00233580	FUN_00233580	0	00233580-002335cc
00233708	FUN_00233708	0	00233708-002337d4
002338a8	FUN_002338a8	0	002338a8-0023391c
00233a18	FUN_00233a18	0	00233a18-00233a90
00233ac0	FUN_00233ac0	0	00233ac0-00233b1c
00233c98	FUN_00233c98	0	00233c98-00233cdc
00233ce0	FUN_00233ce0	0	00233ce0-00233e58
00233e58	FUN_00233e58	0	00233e58-00233e60
00233e60	FUN_00233e60	0	00233e60-00233e70
00233e70	FUN_00233e70	0	00233e70-00233f14
00234098	FUN_00234098	0	00234098-002340ec
002340f0	FUN_002340f0	0	002340f0-00234184
00234188	FUN_00234188	0	00234188-002341e8
002341e8	FUN_002341e8	0	002341e8-0023423c
00234298	FUN_00234298	0	00234298-002342f0
002342f0	FUN_002342f0	0	002342f0-00234348
00234348	FUN_00234348	0	00234348-002343a8
002343a8	FUN_002343a8	0	002343a8-00234400
00234400	FUN_00234400	0	00234400-00234460
00234460	FUN_00234460	0	00234460-002344c0
002344c0	FUN_002344c0	0	002344c0-0023451c
00234570	FUN_00234570	0	00234570-0023458c
00234590	FUN_00234590	0	00234590-002345c0
002345c0	FUN_002345c0	0	002345c0-002345f0
002345f0	FUN_002345f0	0	002345f0-0023460c
00234630	FUN_00234630	0	00234630-00234650
00234650	FUN_00234650	0	00234650-00234670
00234670	FUN_00234670	0	00234670-002346a0
002346a0	FUN_002346a0	0	002346a0-002346c0
002346c0	FUN_002346c0	0	002346c0-002346f0
002346f0	FUN_002346f0	0	002346f0-00234720
00234720	FUN_00234720	0	00234720-00234748
00234758	FUN_00234758	0	00234758-00234764
00234778	FUN_00234778	0	00234778-00234784
00234798	FUN_00234798	0	00234798-002347a4
002347a8	FUN_002347a8	0	002347a8-002347b4
002347b8	FUN_002347b8	0	002347b8-002347c4
002347c8	FUN_002347c8	0	002347c8-002347d4
002347d8	FUN_002347d8	0	002347d8-002347e4
002347e8	FUN_002347e8	0	002347e8-002347f4
00234848	FUN_00234848	0	00234848-00234868
00234868	FUN_00234868	0	00234868-00234888
00234888	FUN_00234888	0	00234888-002348a8
002348a8	FUN_002348a8	0	002348a8-002348c8
002349c8	FUN_002349c8	0	002349c8-002349e8
002349e8	FUN_002349e8	0	002349e8-00234a2c
00234f60	FUN_00234f60	0	00234f60-002351f4
00236148	FUN_00236148	0	00236148-00236180
002361a0	FUN_002361a0	0	002361a0-002361c0
002361d0	FUN_002361d0	0	002361d0-002361e0
002361e0	FUN_002361e0	0	002361e0-00236200
00236200	FUN_00236200	0	00236200-002362b0
002362b0	FUN_002362b0	0	002362b0-0023640c
00236410	FUN_00236410	0	00236410-00236428
00236428	FUN_00236428	0	00236428-00236440
00236440	FUN_00236440	0	00236440-0023645c
00236478	FUN_00236478	0	00236478-00236490
00236490	FUN_00236490	0	00236490-002364f4
002364f8	FUN_002364f8	0	002364f8-0023655c
00236560	FUN_00236560	0	00236560-00236788
00236788	FUN_00236788	0	00236788-0023679c
002367a0	FUN_002367a0	0	002367a0-002367c8
002367c8	FUN_002367c8	0	002367c8-0023682c
00236830	FUN_00236830	0	00236830-002368b0
002368b0	FUN_002368b0	0	002368b0-002368e8
002368e8	FUN_002368e8	0	002368e8-00236978
002369a0	FUN_002369a0	0	002369a0-002369c4
002369c8	FUN_002369c8	0	002369c8-002369ec
002369f0	FUN_002369f0	0	002369f0-00236a14
00236a18	FUN_00236a18	0	00236a18-00236a4c
00236a50	FUN_00236a50	0	00236a50-00236a58
00236a58	FUN_00236a58	0	00236a58-00236bb4
00236bb8	FUN_00236bb8	0	00236bb8-00236c34
00236c38	FUN_00236c38	0	00236c38-00236ca4
00236ca8	FUN_00236ca8	0	00236ca8-00236cbc
00236cc0	FUN_00236cc0	0	00236cc0-00236cdc
00236ce0	FUN_00236ce0	0	00236ce0-00236cf4
00236d10	FUN_00236d10	0	00236d10-00236d5c
00236d60	FUN_00236d60	0	00236d60-00236d94
00236d98	FUN_00236d98	0	00236d98-00237068
00237068	FUN_00237068	0	00237068-00237150
00237238	FUN_00237238	0	00237238-00237248
00237258	FUN_00237258	0	00237258-00237278
00237278	FUN_00237278	0	00237278-00237280
00237280	FUN_00237280	0	00237280-00237394
002373a8	FUN_002373a8	0	002373a8-002373b0
00237458	FUN_00237458	0	00237458-00237498
002374c8	FUN_002374c8	0	002374c8-00237508
00237508	FUN_00237508	0	00237508-0023753c
00237540	FUN_00237540	0	00237540-00237574
00237578	FUN_00237578	0	00237578-002375ac
002375b0	FUN_002375b0	0	002375b0-002375e4
00237640	FUN_00237640	0	00237640-00237680
00237680	FUN_00237680	0	00237680-00237694,00237698-002376d8
002376d8	FUN_002376d8	0	002376d8-0023771c
00237740	FUN_00237740	0	00237740-00237804
00237808	FUN_00237808	0	00237808-002378c4
002378c8	FUN_002378c8	0	002378c8-00237988
00237988	FUN_00237988	0	00237988-00237a48
00237a68	FUN_00237a68	0	00237a68-00237a88
00237ad8	FUN_00237ad8	0	00237ad8-00237ae0
00237ae8	FUN_00237ae8	0	00237ae8-00237d38
002384f8	FUN_002384f8	0	002384f8-00238570
00238570	FUN_00238570	0	00238570-00238c90
00238c90	FUN_00238c90	0	00238c90-0023922c
00239250	FUN_00239250	0	00239250-00239554
00239558	FUN_00239558	0	00239558-002395a0
002395b8	FUN_002395b8	0	002395b8-002396fc
00239700	FUN_00239700	0	00239700-00239844
00239848	FUN_00239848	0	00239848-0023986c
00239870	FUN_00239870	0	00239870-00239894
00239898	FUN_00239898	0	00239898-002398cc
002398d0	FUN_002398d0	0	002398d0-00239988
00239988	FUN_00239988	0	00239988-00239af4
00239af8	FUN_00239af8	0	00239af8-00239b4c
00239b50	FUN_00239b50	0	00239b50-00239bb4
00239bb8	FUN_00239bb8	0	00239bb8-00239bf8
00239bf8	FUN_00239bf8	0	00239bf8-00239c34
00239c38	FUN_00239c38	0	00239c38-00239c68
00239c68	FUN_00239c68	0	00239c68-00239cf0
00239cf0	FUN_00239cf0	0	00239cf0-00239d10
00239d10	FUN_00239d10	0	00239d10-00239d20
00239d20	FUN_00239d20	0	00239d20-00239d2c
00239d30	FUN_00239d30	0	00239d30-00239d4c
00239d50	FUN_00239d50	0	00239d50-00239da0
00239da0	FUN_00239da0	0	00239da0-00239df0
00239df0	FUN_00239df0	0	00239df0-00239e3c
00239e60	FUN_00239e60	0	00239e60-00239eb8
00239eb8	FUN_00239eb8	0	00239eb8-00239f14
00239f18	FUN_00239f18	0	00239f18-00239f74
00239f78	FUN_00239f78	0	00239f78-00239fd0
00239fd0	FUN_00239fd0	0	00239fd0-0023a0d8
0023a0d8	FUN_0023a0d8	0	0023a0d8-0023a88c,0023a890-0023a8a4
0023a8e0	FUN_0023a8e0	0	0023a8e0-0023a914
0023a918	FUN_0023a918	0	0023a918-0023a94c
0023a950	FUN_0023a950	0	0023a950-0023a984
0023a988	FUN_0023a988	0	0023a988-0023a9bc
0023a9c0	FUN_0023a9c0	0	0023a9c0-0023aa18
0023aa18	FUN_0023aa18	0	0023aa18-0023aa34
0023aa38	FUN_0023aa38	0	0023aa38-0023aa54
0023aa58	FUN_0023aa58	0	0023aa58-0023aa74
0023aa78	FUN_0023aa78	0	0023aa78-0023aa94
0023aa98	FUN_0023aa98	0	0023aa98-0023aab4
0023aab8	FUN_0023aab8	0	0023aab8-0023acd8
0023acd8	FUN_0023acd8	0	0023acd8-0023ade0
0023ade0	FUN_0023ade0	0	0023ade0-0023b794
0023bc58	FUN_0023bc58	0	0023bc58-0023bf9c
0023c008	FUN_0023c008	0	0023c008-0023c070
0023c070	FUN_0023c070	0	0023c070-0023c094
0023c098	FUN_0023c098	0	0023c098-0023c0bc
0023c0c0	FUN_0023c0c0	0	0023c0c0-0023c0f4
0023c0f8	FUN_0023c0f8	0	0023c0f8-0023c100
0023c100	FUN_0023c100	0	0023c100-0023c300
0023c300	FUN_0023c300	0	0023c300-0023c3b0
0023c3e0	FUN_0023c3e0	0	0023c3e0-0023c4b4
0023c4b8	FUN_0023c4b8	0	0023c4b8-0023c4d4
0023c4d8	FUN_0023c4d8	0	0023c4d8-0023c4f0
0023c598	FUN_0023c598	0	0023c598-0023c5a0
0023c5a0	FUN_0023c5a0	0	0023c5a0-0023c5ec
0023c5f0	FUN_0023c5f0	0	0023c5f0-0023c6b4
0023c6b8	FUN_0023c6b8	0	0023c6b8-0023c6f8
0023c6f8	FUN_0023c6f8	0	0023c6f8-0023c728
0023c728	FUN_0023c728	0	0023c728-0023c900
0023c900	FUN_0023c900	0	0023c900-0023c93c
0023c978	FUN_0023c978	0	0023c978-0023ca30
0023ca30	FUN_0023ca30	0	0023ca30-0023ca54
0023ca70	FUN_0023ca70	0	0023ca70-0023ca7c
0023ca80	FUN_0023ca80	0	0023ca80-0023cc18
0023cc18	FUN_0023cc18	0	0023cc18-0023cd54
0023cd68	FUN_0023cd68	0	0023cd68-0023cd78
0023cd98	FUN_0023cd98	0	0023cd98-0023cdb8
0023cdb8	FUN_0023cdb8	0	0023cdb8-0023cdd8
0023cde8	FUN_0023cde8	0	0023cde8-0023cf5c
0023cfb8	FUN_0023cfb8	0	0023cfb8-0023d174,0023d178-0023d184,0023d188-0023d1ac
0023d1d0	FUN_0023d1d0	0	0023d1d0-0023d1e0
0023d1e0	FUN_0023d1e0	0	0023d1e0-0023d1ec
0023d230	FUN_0023d230	0	0023d230-0023d23c
0023d240	FUN_0023d240	0	0023d240-0023d250
0023d260	FUN_0023d260	0	0023d260-0023d2b0
0023d2b0	FUN_0023d2b0	0	0023d2b0-0023d2c8
0023d2c8	FUN_0023d2c8	0	0023d2c8-0023d2dc
0023d2e0	FUN_0023d2e0	0	0023d2e0-0023d300
0023d300	FUN_0023d300	0	0023d300-0023d320
0023d320	FUN_0023d320	0	0023d320-0023d368
0023d368	FUN_0023d368	0	0023d368-0023d3cc
0023d3d0	FUN_0023d3d0	0	0023d3d0-0023d40c
0023d410	FUN_0023d410	0	0023d410-0023d438
0023d438	FUN_0023d438	0	0023d438-0023d4f8
0023d4f8	FUN_0023d4f8	0	0023d4f8-0023d5b8
0023d5b8	FUN_0023d5b8	0	0023d5b8-0023d7c4
0023d7c8	FUN_0023d7c8	0	0023d7c8-0023d804
0023d808	FUN_0023d808	0	0023d808-0023d820
0023d820	FUN_0023d820	0	0023d820-0023da00
0023da00	FUN_0023da00	0	0023da00-0023dd24
0023dd28	FUN_0023dd28	0	0023dd28-0023de00
0023de00	FUN_0023de00	0	0023de00-0023e184
0023e5d0	FUN_0023e5d0	0	0023e5d0-0023e660
0023e660	FUN_0023e660	0	0023e660-0023e690
0023e690	FUN_0023e690	0	0023e690-0023e6fc
0023e700	FUN_0023e700	0	0023e700-0023e738
0023e738	FUN_0023e738	0	0023e738-0023e760
0023e788	FUN_0023e788	0	0023e788-0023e7b0
0023e858	FUN_0023e858	0	0023e858-0023e874
0023e8b8	FUN_0023e8b8	0	0023e8b8-0023e8d4
0023e8d8	FUN_0023e8d8	0	0023e8d8-0023e8f4
0023e918	FUN_0023e918	0	0023e918-0023e958
0023e958	FUN_0023e958	0	0023e958-0023e98c
0023e990	FUN_0023e990	0	0023e990-0023e9b0
0023e9b0	FUN_0023e9b0	0	0023e9b0-0023e9c4
0023e9c8	FUN_0023e9c8	0	0023e9c8-0023e9dc
0023e9e0	FUN_0023e9e0	0	0023e9e0-0023e9f0
0023e9f0	FUN_0023e9f0	0	0023e9f0-0023eac0
0023eac0	FUN_0023eac0	0	0023eac0-0023eacc
0023eae0	FUN_0023eae0	0	0023eae0-0023eb50
0023eb50	FUN_0023eb50	0	0023eb50-0023ebd0
0023ebd0	FUN_0023ebd0	0	0023ebd0-0023ebdc
0023ebe0	FUN_0023ebe0	0	0023ebe0-0023ec14
0023ec18	FUN_0023ec18	0	0023ec18-0023ec34
0023ec38	FUN_0023ec38	0	0023ec38-0023ec44
0023ec48	FUN_0023ec48	0	0023ec48-0023ecfc
0023ed00	FUN_0023ed00	0	0023ed00-0023ed38
0023ed38	FUN_0023ed38	0	0023ed38-0023ed74
0023ed90	FUN_0023ed90	0	0023ed90-0023eda0
0023edb0	FUN_0023edb0	0	0023edb0-0023ede4
0023ede8	FUN_0023ede8	0	0023ede8-0023ee30
0023ee30	FUN_0023ee30	0	0023ee30-0023ee64
0023ee68	FUN_0023ee68	0	0023ee68-0023ee9c
0023eea0	FUN_0023eea0	0	0023eea0-0023ef4c
0023ef50	FUN_0023ef50	0	0023ef50-0023efb4
0023efb8	FUN_0023efb8	0	0023efb8-0023f054
0023f070	FUN_0023f070	0	0023f070-0023f0bc
0023f0c0	FUN_0023f0c0	0	0023f0c0-0023f0c8
0023f0c8	FUN_0023f0c8	0	0023f0c8-0023f0fc
0023f100	FUN_0023f100	0	0023f100-0023f108
0023f108	FUN_0023f108	0	0023f108-0023f13c
0023f140	FUN_0023f140	0	0023f140-0023f168
0023f168	FUN_0023f168	0	0023f168-0023f1b0
0023f1b0	FUN_0023f1b0	0	0023f1b0-0023f1dc
0023f1e0	FUN_0023f1e0	0	0023f1e0-0023f33c
0023f5b8	FUN_0023f5b8	0	0023f5b8-0023f614
0023f618	FUN_0023f618	0	0023f618-0023f628
0023f628	FUN_0023f628	0	0023f628-0023f65c
0023f660	FUN_0023f660	0	0023f660-0023f688
0023f688	FUN_0023f688	0	0023f688-0023f6bc
0023f6c0	FUN_0023f6c0	0	0023f6c0-0023f6f4
0023f6f8	FUN_0023f6f8	0	0023f6f8-0023f740
0023f740	FUN_0023f740	0	0023f740-0023f774
0023f778	FUN_0023f778	0	0023f778-0023f7a4
0023f7a8	FUN_0023f7a8	0	0023f7a8-0023f7d4
0023f7d8	FUN_0023f7d8	0	0023f7d8-0023f7e0
0023f7e0	FUN_0023f7e0	0	0023f7e0-0023f800
0023f800	FUN_0023f800	0	0023f800-0023f820
0023f820	FUN_0023f820	0	0023f820-0023f844
0023f848	FUN_0023f848	0	0023f848-0023f86c
0023f870	FUN_0023f870	0	0023f870-0023f8a4
0023f8a8	FUN_0023f8a8	0	0023f8a8-0023f8c4
0023f8c8	FUN_0023f8c8	0	0023f8c8-0023f8fc
0023f900	FUN_0023f900	0	0023f900-0023f908
0023f908	FUN_0023f908	0	0023f908-0023f944
0023f948	FUN_0023f948	0	0023f948-0023f984
0023f988	FUN_0023f988	0	0023f988-0023f9c4
0023f9c8	FUN_0023f9c8	0	0023f9c8-0023fa04
0023fa08	FUN_0023fa08	0	0023fa08-0023fa6c
0023fa70	FUN_0023fa70	0	0023fa70-0023fa90
0023fa90	FUN_0023fa90	0	0023fa90-0023fad0
0023fad0	FUN_0023fad0	0	0023fad0-0023fb00
0023fb00	FUN_0023fb00	0	0023fb00-0023fb28
0023fb28	FUN_0023fb28	0	0023fb28-0023fb54
0023fb58	FUN_0023fb58	0	0023fb58-0023fb8c
0023fb90	FUN_0023fb90	0	0023fb90-0023fbc4
0023fbc8	FUN_0023fbc8	0	0023fbc8-0023fc04
0023fc08	FUN_0023fc08	0	0023fc08-0023fc3c
0023fc40	FUN_0023fc40	0	0023fc40-0023fccc
0023fcd0	FUN_0023fcd0	0	0023fcd0-0023fd30
0023fd30	FUN_0023fd30	0	0023fd30-0023fd40
0023fd40	FUN_0023fd40	0	0023fd40-0023fdbc
0023fdc0	FUN_0023fdc0	0	0023fdc0-0023fdec
0023fdf0	FUN_0023fdf0	0	0023fdf0-0023fe24
0023fe28	FUN_0023fe28	0	0023fe28-0023fe5c
0023fe60	FUN_0023fe60	0	0023fe60-00240000
00240000	FUN_00240000	0	00240000-002400f4
002400f8	FUN_002400f8	0	002400f8-00240104
00240108	FUN_00240108	0	00240108-00240114
00240118	FUN_00240118	0	00240118-00240240
00240240	FUN_00240240	0	00240240-002402dc
002402e0	FUN_002402e0	0	002402e0-0024035c
00240360	FUN_00240360	0	00240360-0024042c
00240430	FUN_00240430	0	00240430-0024043c
00240440	FUN_00240440	0	00240440-00240450
00240450	FUN_00240450	0	00240450-002405a4
002405a8	FUN_002405a8	0	002405a8-002408cc
002408d0	FUN_002408d0	0	002408d0-002409b8
002409b8	FUN_002409b8	0	002409b8-00240a04
00240a08	FUN_00240a08	0	00240a08-00240a6c
00240a70	FUN_00240a70	0	00240a70-00240b48
00240b48	FUN_00240b48	0	00240b48-00240b8c
00240b90	FUN_00240b90	0	00240b90-00240ba0
00240ba0	FUN_00240ba0	0	00240ba0-00240bb0
00240bb0	FUN_00240bb0	0	00240bb0-00240bc0
00240bc0	FUN_00240bc0	0	00240bc0-00240bd0
00240bd0	FUN_00240bd0	0	00240bd0-00240be0
00240be0	FUN_00240be0	0	00240be0-00240c08
00240c08	FUN_00240c08	0	00240c08-00240df8
00240e10	FUN_00240e10	0	00240e10-00240e50
00240e50	FUN_00240e50	0	00240e50-00240fd4
00240fd8	FUN_00240fd8	0	00240fd8-00241004
00241008	FUN_00241008	0	00241008-00241160
00241160	FUN_00241160	0	00241160-0024131c
00241320	FUN_00241320	0	00241320-00241358
00241358	FUN_00241358	0	00241358-002413ec
002413f0	FUN_002413f0	0	002413f0-00241450
00241450	FUN_00241450	0	00241450-002414bc
002414c0	FUN_002414c0	0	002414c0-00241528
00241528	FUN_00241528	0	00241528-00241564
00241568	FUN_00241568	0	00241568-0024159c
002415a0	FUN_002415a0	0	002415a0-00241604
00241608	FUN_00241608	0	00241608-0024166c
00241670	FUN_00241670	0	00241670-002416c4
002416d8	FUN_002416d8	0	002416d8-00241740
00241740	FUN_00241740	0	00241740-0024176c
00241770	FUN_00241770	0	00241770-0024179c
002417a0	FUN_002417a0	0	002417a0-0024184c
00241850	FUN_00241850	0	00241850-002418b8
002418b8	FUN_002418b8	0	002418b8-002419cc
002419d0	FUN_002419d0	0	002419d0-002419e4
002419e8	FUN_002419e8	0	002419e8-002419fc
00241a00	FUN_00241a00	0	00241a00-00241a44
00241a48	FUN_00241a48	0	00241a48-00241a5c
00241a60	FUN_00241a60	0	00241a60-00241a70
00241a70	FUN_00241a70	0	00241a70-00241a84
00241a88	FUN_00241a88	0	00241a88-00241c1c
00241c20	FUN_00241c20	0	00241c20-00241c40
00241c40	FUN_00241c40	0	00241c40-00241dfc,00241e00-00241e14
00241e18	FUN_00241e18	0	00241e18-00241ed8
00241ed8	FUN_00241ed8	0	00241ed8-00241f10
00241f10	FUN_00241f10	0	00241f10-00241f1c
00241f78	FUN_00241f78	0	00241f20-00241f94
00241fd0	FUN_00241fd0	0	00241fd0-00242004
00242048	FUN_00242048	0	00242048-00242084
00242088	FUN_00242088	0	00242088-002420cc
002420d0	FUN_002420d0	0	002420d0-002420d8
002420d8	FUN_002420d8	0	002420d8-0024210c
00242110	FUN_00242110	0	00242110-0024217c
00242180	FUN_00242180	0	00242180-0024219c
002421a0	FUN_002421a0	0	002421a0-002421bc
002421c0	FUN_002421c0	0	002421c0-002421e8
002421e8	FUN_002421e8	0	002421e8-00242238
00242238	FUN_00242238	0	00242238-00242254
00242258	FUN_00242258	0	00242258-002422a0
002422a0	FUN_002422a0	0	002422a0-002422b8
002422b8	FUN_002422b8	0	002422b8-002422ec
002422f0	FUN_002422f0	0	002422f0-00242330
00242330	FUN_00242330	0	00242330-00242364
00242368	FUN_00242368	0	00242368-0024239c
002423a0	FUN_002423a0	0	002423a0-00242408
00242408	FUN_00242408	0	00242408-00242418
00242418	FUN_00242418	0	00242418-00242474
00242478	FUN_00242478	0	00242478-002424a0
002424a0	FUN_002424a0	0	002424a0-002424c0
002424c0	FUN_002424c0	0	002424c0-002424fc
00242500	FUN_00242500	0	00242500-0024255c
00242560	FUN_00242560	0	00242560-00242590
00242590	FUN_00242590	0	00242590-002425d0
002425d0	FUN_002425d0	0	002425d0-00242614
00242618	FUN_00242618	0	00242618-00242660
00242660	FUN_00242660	0	00242660-00242678
00242678	FUN_00242678	0	00242678-0024269c
002426a0	FUN_002426a0	0	002426a0-00242704
00242708	FUN_00242708	0	00242708-0024273c
00242740	FUN_00242740	0	00242740-0024278c
00242790	FUN_00242790	0	00242790-002427bc
002427c0	FUN_002427c0	0	002427c0-002427d4
002427d8	FUN_002427d8	0	002427d8-00242810
00242810	FUN_00242810	0	00242810-00242848
00242848	FUN_00242848	0	00242848-00242880
00242880	FUN_00242880	0	00242880-00242904
00242908	FUN_00242908	0	00242908-0024296c,00242970-00242980
00242980	FUN_00242980	0	00242980-002429c0
002429c0	FUN_002429c0	0	002429c0-002429fc
00242a00	FUN_00242a00	0	00242a00-00242a24
00242a28	FUN_00242a28	0	00242a28-00242a68
00242a68	FUN_00242a68	0	00242a68-00242a90
00242a90	FUN_00242a90	0	00242a90-00242ae8
00242ae8	FUN_00242ae8	0	00242ae8-00242b10
00242b10	FUN_00242b10	0	00242b10-00242b54
00242b58	FUN_00242b58	0	00242b58-00242b84
00242b88	FUN_00242b88	0	00242b88-00242bcc
00242bd0	FUN_00242bd0	0	00242bd0-00242bfc
00242c00	FUN_00242c00	0	00242c00-00242c6c
00242c70	FUN_00242c70	0	00242c70-00242c9c
00242ca0	FUN_00242ca0	0	00242ca0-00242ce4
00242ce8	FUN_00242ce8	0	00242ce8-00242d10
00242d10	FUN_00242d10	0	00242d10-00242d54
00242d58	FUN_00242d58	0	00242d58-00242d80
00242d80	FUN_00242d80	0	00242d80-00242dc4
00242dc8	FUN_00242dc8	0	00242dc8-00242df0
00242df0	FUN_00242df0	0	00242df0-00242e48
00242e48	FUN_00242e48	0	00242e48-00242e58
00242ea8	FUN_00242ea8	0	00242ea8-00242ebc
00242ee8	FUN_00242ee8	0	00242ee8-00242efc
00242f00	FUN_00242f00	0	00242f00-00242fa0
00242fa0	FUN_00242fa0	0	00242fa0-00242fc8
00242fc8	FUN_00242fc8	0	00242fc8-0024301c
00243020	FUN_00243020	0	00243020-002430ac
002430b0	FUN_002430b0	0	002430b0-002430d4
002430d8	FUN_002430d8	0	002430d8-0024312c
00243130	FUN_00243130	0	00243130-00243150
00243150	FUN_00243150	0	00243150-00243190
00243190	FUN_00243190	0	00243190-002431c0
002431c0	FUN_002431c0	0	002431c0-002431cc
002431d0	FUN_002431d0	0	002431d0-0024322c
00243230	FUN_00243230	0	00243230-00243298
00243298	FUN_00243298	0	00243298-002434fc
002436d0	FUN_002436d0	0	002436d0-00243740
00243740	FUN_00243740	0	00243740-00243cd8
00243cd8	FUN_00243cd8	0	00243cd8-00243e2c
00243e30	FUN_00243e30	0	00243e30-00243f48
00243f48	FUN_00243f48	0	00243f48-00244058
00244068	FUN_00244068	0	00244068-00244148
00244148	FUN_00244148	0	00244148-002442b4
002442b8	FUN_002442b8	0	002442b8-002443a4,002443a8-002444b8
002444b8	FUN_002444b8	0	002444b8-002446fc,00244700-00244708
00244708	FUN_00244708	0	00244708-0024486c,00244870-00244888
00244888	FUN_00244888	0	00244888-00244934
00244938	FUN_00244938	0	00244938-00244988
00244988	FUN_00244988	0	00244988-002449c0
002449c0	FUN_002449c0	0	002449c0-00244a10
00244a10	FUN_00244a10	0	00244a10-00244a60
00244a60	FUN_00244a60	0	00244a60-00244b34
00244b38	FUN_00244b38	0	00244b38-00244c2c
00244c30	FUN_00244c30	0	00244c30-00244db8
00244db8	FUN_00244db8	0	00244db8-00244e24
00244e28	FUN_00244e28	0	00244e28-00244ee8
00244ee8	FUN_00244ee8	0	00244ee8-00244f10
00244f10	FUN_00244f10	0	00244f10-002450c8
002450c8	FUN_002450c8	0	002450c8-002453fc
00245400	FUN_00245400	0	00245400-00245488
00245488	FUN_00245488	0	00245488-00245964
00245968	FUN_00245968	0	00245968-00245a90
00245a90	FUN_00245a90	0	00245a90-00245be4
00245be8	FUN_00245be8	0	00245be8-00245ce8
00245ce8	FUN_00245ce8	0	00245ce8-00245dc0
00245dd0	FUN_00245dd0	0	00245dd0-00245eb8
00245eb8	FUN_00245eb8	0	00245eb8-00246070
00246070	FUN_00246070	0	00246070-00246324
00246328	FUN_00246328	0	00246328-00246490
00246490	FUN_00246490	0	00246490-00246704
00246708	FUN_00246708	0	00246708-002467b4
002467b8	FUN_002467b8	0	002467b8-002467f0
002467f0	FUN_002467f0	0	002467f0-00246840
00246840	FUN_00246840	0	00246840-00246864
00246868	FUN_00246868	0	00246868-0024689c
002468a0	FUN_002468a0	0	002468a0-002468e8
002468e8	FUN_002468e8	0	002468e8-00246968
00246968	FUN_00246968	0	00246968-002469a0
002469a0	FUN_002469a0	0	002469a0-00246a04
00246a08	FUN_00246a08	0	00246a08-00246ab8
00246ab8	FUN_00246ab8	0	00246ab8-00246f7c
00246f80	FUN_00246f80	0	00246f80-00247194
00247198	FUN_00247198	0	00247198-002474dc
002474e0	FUN_002474e0	0	002474e0-00247580
00247580	FUN_00247580	0	00247580-00247870
00247870	FUN_00247870	0	00247870-002479fc,00247a00-00247a20
00247a20	FUN_00247a20	0	00247a20-00247bb0
00247bb0	FUN_00247bb0	0	00247bb0-00247c1c
00247c20	FUN_00247c20	0	00247c20-00247cf0
00247cf0	FUN_00247cf0	0	00247cf0-00247e80
00247e80	FUN_00247e80	0	00247e80-00247fec
00247ff0	FUN_00247ff0	0	00247ff0-00248060
00248060	FUN_00248060	0	00248060-002485c4
002485c8	FUN_002485c8	0	002485c8-0024871c
00248720	FUN_00248720	0	00248720-00248824
00248828	FUN_00248828	0	00248828-002488f0
00248900	FUN_00248900	0	00248900-002489d8
002489d8	FUN_002489d8	0	002489d8-00248b34
00248b38	FUN_00248b38	0	00248b38-00248c1c,00248c20-00248d28
00248d28	FUN_00248d28	0	00248d28-00248f44,00248f48-00248f50
00248f50	FUN_00248f50	0	00248f50-00249098
00249098	FUN_00249098	0	00249098-00249144
00249148	FUN_00249148	0	00249148-00249180
00249180	FUN_00249180	0	00249180-002491d0
002491d0	FUN_002491d0	0	002491d0-00249358
00249358	FUN_00249358	0	00249358-002493c4
002493c8	FUN_002493c8	0	002493c8-0024947c
00249480	FUN_00249480	0	00249480-00249504
00249940	FUN_00249940	0	00249940-002499b8
002499b8	FUN_002499b8	0	002499b8-00249eec
00249ef0	FUN_00249ef0	0	00249ef0-0024a044
0024a048	FUN_0024a048	0	0024a048-0024a14c
0024a270	FUN_0024a270	0	0024a270-0024a348
0024a348	FUN_0024a348	0	0024a348-0024a4d0
0024a4d0	FUN_0024a4d0	0	0024a4d0-0024a710
0024a710	FUN_0024a710	0	0024a710-0024a93c,0024a940-0024a948
0024a948	FUN_0024a948	0	0024a948-0024ab00
0024ab00	FUN_0024ab00	0	0024ab00-0024abac
0024abb0	FUN_0024abb0	0	0024abb0-0024abe8
0024abe8	FUN_0024abe8	0	0024abe8-0024ac38
0024ac38	FUN_0024ac38	0	0024ac38-0024ac88
0024ac88	FUN_0024ac88	0	0024ac88-0024ad4c
0024ad50	FUN_0024ad50	0	0024ad50-0024ada0
0024ada0	FUN_0024ada0	0	0024ada0-0024aef0
0024aef0	FUN_0024aef0	0	0024aef0-0024b078
0024b078	FUN_0024b078	0	0024b078-0024b0e4
0024b0e8	FUN_0024b0e8	0	0024b0e8-0024b19c
0024b1a0	FUN_0024b1a0	0	0024b1a0-0024b1f4
0024b210	FUN_0024b210	0	0024b210-0024b3a0
0024b3a0	FUN_0024b3a0	0	0024b3a0-0024b50c
0024b510	FUN_0024b510	0	0024b510-0024b588
0024b588	FUN_0024b588	0	0024b588-0024ba58
0024ba58	FUN_0024ba58	0	0024ba58-0024bbac
0024bbb0	FUN_0024bbb0	0	0024bbb0-0024bcb4
0024bcb8	FUN_0024bcb8	0	0024bcb8-0024bd80
0024bd90	FUN_0024bd90	0	0024bd90-0024be68
0024be68	FUN_0024be68	0	0024be68-0024bfb4
0024bfb8	FUN_0024bfb8	0	0024bfb8-0024c09c,0024c0a0-0024c1a8
0024c1a8	FUN_0024c1a8	0	0024c1a8-0024c420
0024c420	FUN_0024c420	0	0024c420-0024c568
0024c568	FUN_0024c568	0	0024c568-0024c614
0024c618	FUN_0024c618	0	0024c618-0024c650
0024c650	FUN_0024c650	0	0024c650-0024c6a0
0024c6a0	FUN_0024c6a0	0	0024c6a0-0024c828
0024c828	FUN_0024c828	0	0024c828-0024c894
0024c898	FUN_0024c898	0	0024c898-0024c94c
0024c950	FUN_0024c950	0	0024c950-0024cbd4
0024cda8	FUN_0024cda8	0	0024cda8-0024ce18
0024ce18	FUN_0024ce18	0	0024ce18-0024d348
0024d348	FUN_0024d348	0	0024d348-0024d49c
0024d4a0	FUN_0024d4a0	0	0024d4a0-0024d5a4
0024d6c8	FUN_0024d6c8	0	0024d6c8-0024d7a0
0024d7a0	FUN_0024d7a0	0	0024d7a0-0024d90c
0024d910	FUN_0024d910	0	0024d910-0024d9fc,0024da00-0024db24
0024db28	FUN_0024db28	0	0024db28-0024dd5c,0024dd60-0024dd68
0024dd68	FUN_0024dd68	0	0024dd68-0024de8c,0024de90-0024dea8
0024dea8	FUN_0024dea8	0	0024dea8-0024df54
0024df58	FUN_0024df58	0	0024df58-0024df90
0024df90	FUN_0024df90	0	0024df90-0024dfe0
0024dfe0	FUN_0024dfe0	0	0024dfe0-0024e004
0024e008	FUN_0024e008	0	0024e008-0024e058
0024e058	FUN_0024e058	0	0024e058-0024e07c
0024e080	FUN_0024e080	0	0024e080-0024e158
0024e158	FUN_0024e158	0	0024e158-0024e228
0024e228	FUN_0024e228	0	0024e228-0024e3a4
0024e3a8	FUN_0024e3a8	0	0024e3a8-0024e530
0024e530	FUN_0024e530	0	0024e530-0024e5ac
0024e5b0	FUN_0024e5b0	0	0024e5b0-0024e674
0024e678	FUN_0024e678	0	0024e678-0024e754
0024e7e8	FUN_0024e7e8	0	0024e7e8-0024e850
0024e850	FUN_0024e850	0	0024e850-0024e9c0
0024e9c0	FUN_0024e9c0	0	0024e9c0-0024eac0
0024eac0	FUN_0024eac0	0	0024eac0-0024eb50
0024eb50	FUN_0024eb50	0	0024eb50-0024ebbc
0024ebc0	FUN_0024ebc0	0	0024ebc0-0024ec50
0024ec50	FUN_0024ec50	0	0024ec50-0024edd8
0024edd8	FUN_0024edd8	0	0024edd8-0024efc0
0024efc0	FUN_0024efc0	0	0024efc0-0024eff8
0024eff8	FUN_0024eff8	0	0024eff8-0024f06c
0024f070	FUN_0024f070	0	0024f070-0024f1a0
0024f1a0	FUN_0024f1a0	0	0024f1a0-0024f240
0024f240	FUN_0024f240	0	0024f240-0024f2b4
0024f2b8	FUN_0024f2b8	0	0024f2b8-0024f2d0
0024f2d0	FUN_0024f2d0	0	0024f2d0-0024f310
0024f310	FUN_0024f310	0	0024f310-0024f348
0024f348	FUN_0024f348	0	0024f348-0024f398
0024f398	FUN_0024f398	0	0024f398-0024f528
0024f528	FUN_0024f528	0	0024f528-0024f694
0024f698	FUN_0024f698	0	0024f698-0024f710
0024f710	FUN_0024f710	0	0024f710-0024fbd0
0024fbd0	FUN_0024fbd0	0	0024fbd0-0024fd24
0024fd28	FUN_0024fd28	0	0024fd28-0024fe2c
0024fe30	FUN_0024fe30	0	0024fe30-0024fef8
0024ff08	FUN_0024ff08	0	0024ff08-0024ffe0
0024ffe0	FUN_0024ffe0	0	0024ffe0-0025012c
00250130	FUN_00250130	0	00250130-00250214,00250218-00250328
00250328	FUN_00250328	0	00250328-00250544,00250548-00250550
00250550	FUN_00250550	0	00250550-00250698
00250698	FUN_00250698	0	00250698-00250744
00250748	FUN_00250748	0	00250748-002507a0
002507a0	FUN_002507a0	0	002507a0-00250928
00250928	FUN_00250928	0	00250928-00250994
00250998	FUN_00250998	0	00250998-00250a4c
00250a50	FUN_00250a50	0	00250a50-00250da4
00250fb8	FUN_00250fb8	0	00250fb8-002510cc
002510d0	FUN_002510d0	0	002510d0-00251148
00251148	FUN_00251148	0	00251148-00251318
00251318	FUN_00251318	0	00251318-002513b0
002513b0	FUN_002513b0	0	002513b0-002515a0
002515a0	FUN_002515a0	0	002515a0-0025177c
00251780	FUN_00251780	0	00251780-0025183c,00251840-00251934,00251938-002519ac
002519b0	FUN_002519b0	0	002519b0-002519d0
002519d0	FUN_002519d0	0	002519d0-00251a04
00251a08	FUN_00251a08	0	00251a08-00251a6c
00251a70	FUN_00251a70	0	00251a70-00251d44,00251d48-00251d7c,00251d80-00251e8c
00251e90	FUN_00251e90	0	00251e90-00251ec4
00251ec8	FUN_00251ec8	0	00251ec8-00251f3c
00251f40	FUN_00251f40	0	00251f40-00251fdc
00251fe0	FUN_00251fe0	0	00251fe0-00252000
00252000	FUN_00252000	0	00252000-00252020
00252020	FUN_00252020	0	00252020-0025207c,00252080-00252094
00252098	FUN_00252098	0	00252098-002520ec
002520f0	FUN_002520f0	0	002520f0-0025210c
00252110	FUN_00252110	0	00252110-00252148
00252148	FUN_00252148	0	00252148-00252180
00252180	FUN_00252180	0	00252180-00252208
00252208	FUN_00252208	0	00252208-0025231c
00252320	FUN_00252320	0	00252320-00252428
00252428	FUN_00252428	0	00252428-0025253c
00252540	FUN_00252540	0	00252540-00252618
00252618	FUN_00252618	0	00252618-00252660
00252660	FUN_00252660	0	00252660-0025270c
00252710	FUN_00252710	0	00252710-0025275c
00252760	FUN_00252760	0	00252760-00252810
00252810	FUN_00252810	0	00252810-00252890
00252890	FUN_00252890	0	00252890-00252900
00252900	FUN_00252900	0	00252900-002529a4
002529a8	FUN_002529a8	0	002529a8-00252ad4
00252ad8	FUN_00252ad8	0	00252ad8-00252ba4
00252ba8	FUN_00252ba8	0	00252ba8-00252bec
00252bf0	FUN_00252bf0	0	00252bf0-00252c20
00252c20	FUN_00252c20	0	00252c20-00252cdc
00252ce0	FUN_00252ce0	0	00252ce0-00252d84
00252d88	FUN_00252d88	0	00252d88-00252e4c
00252e50	FUN_00252e50	0	00252e50-00252f98
00252f98	FUN_00252f98	0	00252f98-00252fe4
00252fe8	FUN_00252fe8	0	00252fe8-002530c8
002530c8	FUN_002530c8	0	002530c8-002530f0
002530f0	FUN_002530f0	0	002530f0-00253180
00253180	FUN_00253180	0	00253180-002532cc,002532d0-00253330
00253330	FUN_00253330	0	00253330-0025337c
00253380	FUN_00253380	0	00253380-002533b4,002533b8-002533d8
002533e0	FUN_002533e0	0	002533e0-00253410
00253410	FUN_00253410	0	00253410-00253480
00253480	FUN_00253480	0	00253480-002534a0
002534a0	FUN_002534a0	0	002534a0-002534dc
002534e0	FUN_002534e0	0	002534e0-00253538
00253538	FUN_00253538	0	00253538-00253564
00253578	FUN_00253578	0	00253578-00253584
00253598	FUN_00253598	0	00253598-002535ac
002535b0	FUN_002535b0	0	002535b0-002535bc
002535d0	FUN_002535d0	0	002535d0-00253638
00253638	FUN_00253638	0	00253638-00253764
00253768	FUN_00253768	0	00253768-002537c8
002537c8	FUN_002537c8	0	002537c8-002537e0
002537e0	FUN_002537e0	0	002537e0-00253818
00253818	FUN_00253818	0	00253818-00253884
00253888	FUN_00253888	0	00253888-002538f4
002538f8	FUN_002538f8	0	002538f8-00253918
00253918	FUN_00253918	0	00253918-00253924
00253928	FUN_00253928	0	00253928-00253948
00253948	FUN_00253948	0	00253948-00253974
00253978	FUN_00253978	0	00253978-002539cc
002539d0	FUN_002539d0	0	002539d0-002539e4
002539e8	FUN_002539e8	0	002539e8-00253b00
00253b00	FUN_00253b00	0	00253b00-00253b18
00253b18	FUN_00253b18	0	00253b18-00253b30
00253b30	FUN_00253b30	0	00253b30-00253ba8
00254020	FUN_00254020	0	00254020-00254504
00254550	FUN_00254550	0	00254550-00254564
00254648	FUN_00254648	0	00254648-0025476c
00254770	FUN_00254770	0	00254770-00254ab4
00254ab8	FUN_00254ab8	0	00254ab8-00254e5c
00254e60	FUN_00254e60	0	00254e60-00254f04
00254f08	FUN_00254f08	0	00254f08-00254f7c
00254f80	FUN_00254f80	0	00254f80-002550e4
002550e8	FUN_002550e8	0	002550e8-002551a4
002551b8	FUN_002551b8	0	002551b8-00255588
00255588	FUN_00255588	0	00255588-00255900
00255900	FUN_00255900	0	00255900-00255abc,00255ac0-00255ae4,00255ae8-00255b34,00255b38-00255c6c,00255c70-00255cd0,00255d68-00255dec
00255df0	FUN_00255df0	0	00255df0-0025665c,00256660-002566f0
002566f0	FUN_002566f0	0	002566f0-00256a24,00256a28-00256a54
00256a58	FUN_00256a58	0	00256a58-00256a9c
00256aa0	FUN_00256aa0	0	00256aa0-00256b3c
00256b40	FUN_00256b40	0	00256b40-00256b68
00256b68	FUN_00256b68	0	00256b68-00256b80
00256b80	FUN_00256b80	0	00256b80-00256bac
00256bb0	FUN_00256bb0	0	00256bb0-00256c3c
00256c40	FUN_00256c40	0	00256c40-00256cc0
00256cc0	FUN_00256cc0	0	00256cc0-00256e2c
00256e30	FUN_00256e30	0	00256e30-00256e7c
00256e80	FUN_00256e80	0	00256e80-00256ea4
00256ea8	FUN_00256ea8	0	00256ea8-00256ef0
00256ef0	FUN_00256ef0	0	00256ef0-00256f14
00256f18	FUN_00256f18	0	00256f18-00256fec,00256ff0-00257000
00257000	FUN_00257000	0	00257000-0025704c
00257050	FUN_00257050	0	00257050-0025706c
00257070	FUN_00257070	0	00257070-00257088
00257088	FUN_00257088	0	00257088-002570a0
002570a0	FUN_002570a0	0	002570a0-002570e0
002570e0	FUN_002570e0	0	002570e0-002570ec
002570f0	FUN_002570f0	0	002570f0-002570fc
00257100	FUN_00257100	0	00257100-00257118
00257118	FUN_00257118	0	00257118-00257130
00257130	FUN_00257130	0	00257130-0025713c
00257140	FUN_00257140	0	00257140-00257158
00257158	FUN_00257158	0	00257158-002571dc
002571e0	FUN_002571e0	0	002571e0-00257384
00257388	FUN_00257388	0	00257388-00257458
00257458	FUN_00257458	0	00257458-00257530
00257530	FUN_00257530	0	00257530-002575a8
002575a8	FUN_002575a8	0	002575a8-0025760c
00257610	FUN_00257610	0	00257610-00257670
00257670	FUN_00257670	0	00257670-002576cc
002576d0	FUN_002576d0	0	002576d0-00257704
00257708	FUN_00257708	0	00257708-00257718
00257718	FUN_00257718	0	00257718-00257728
00257728	FUN_00257728	0	00257728-0025776c
00257770	FUN_00257770	0	00257770-0025777c
00257780	FUN_00257780	0	00257780-002577ac
002577b0	FUN_002577b0	0	002577b0-00257910
00257910	FUN_00257910	0	00257910-00257970
00257970	FUN_00257970	0	00257970-002579dc
002579e0	FUN_002579e0	0	002579e0-002579fc
00257a00	FUN_00257a00	0	00257a00-00257be0
00257be0	FUN_00257be0	0	00257be0-00257c78
00257c78	FUN_00257c78	0	00257c78-00257e00
00257e00	FUN_00257e00	0	00257e00-00257fa4
00257fa8	FUN_00257fa8	0	00257fa8-00257ff8
00257ff8	FUN_00257ff8	0	00257ff8-00258048
00258048	FUN_00258048	0	00258048-00258068
00258068	FUN_00258068	0	00258068-00258080
00258080	FUN_00258080	0	00258080-00258104
00258108	FUN_00258108	0	00258108-00258114
00258120	FUN_00258120	0	00258120-00258158
00258158	FUN_00258158	0	00258158-00258190
00258190	FUN_00258190	0	00258190-002581ac
002584c8	FUN_002584c8	0	002584c8-0025859c
00258a30	FUN_00258a30	0	00258a30-00258a88
00258a88	FUN_00258a88	0	00258a88-00258ab0
00258ac0	FUN_00258ac0	0	00258ac0-00258aec
00258af0	FUN_00258af0	0	00258af0-00258afc
00258b00	FUN_00258b00	0	00258b00-00258b28
00258b38	FUN_00258b38	0	00258b38-00258bbc
00258bc0	FUN_00258bc0	0	00258bc0-00258c14
00258c18	FUN_00258c18	0	00258c18-00258c48
00258c48	FUN_00258c48	0	00258c48-00258c80
00258c80	FUN_00258c80	0	00258c80-00258cd8
00258cd8	FUN_00258cd8	0	00258cd8-00258ce8
00258ce8	FUN_00258ce8	0	00258ce8-00258d40
00258d40	FUN_00258d40	0	00258d40-00258d54
00258d58	FUN_00258d58	0	00258d58-00258d74
00258d78	FUN_00258d78	0	00258d78-00258dc4
00258dc8	FUN_00258dc8	0	00258dc8-00258df0
00258df0	FUN_00258df0	0	00258df0-00258eb4
00258eb8	FUN_00258eb8	0	00258eb8-0025900c,00259010-0025901c
00259020	FUN_00259020	0	00259020-002590b0
002590b0	FUN_002590b0	0	002590b0-00259108
00259108	FUN_00259108	0	00259108-00259350
00259350	FUN_00259350	0	00259350-002593b8
002593b8	FUN_002593b8	0	002593b8-00259460
00259460	FUN_00259460	0	00259460-0025949c,002594a0-002594b4
002594b8	FUN_002594b8	0	002594b8-002594ec,002594f0-00259510
00259510	FUN_00259510	0	00259510-0025954c,00259550-00259570
00259570	FUN_00259570	0	00259570-002595b4
002595b8	FUN_002595b8	0	002595b8-002595dc
002595e0	FUN_002595e0	0	002595e0-002595e8
002595e8	FUN_002595e8	0	002595e8-00259618
00259618	FUN_00259618	0	00259618-0025967c
00259690	FUN_00259690	0	00259690-00259710
00259710	FUN_00259710	0	00259710-0025972c
002597f0	FUN_002597f0	0	002597f0-002598b4
00259998	FUN_00259998	0	00259998-00259c5c
00259c60	FUN_00259c60	0	00259c60-00259e90
00259e90	FUN_00259e90	0	00259e90-00259fb4
00259fb8	FUN_00259fb8	0	00259fb8-0025a1cc
0025a1d0	FUN_0025a1d0	0	0025a1d0-0025a200
0025a200	FUN_0025a200	0	0025a200-0025a304,0025a308-0025a468
0025a468	FUN_0025a468	0	0025a468-0025a4d8,0025a544-0025a574
0025a660	FUN_0025a660	0	0025a660-0025aa0c
0025aa10	FUN_0025aa10	0	0025aa10-0025aad4,0025aad8-0025adbc,0025adc0-0025adec
0025adf0	FUN_0025adf0	0	0025adf0-0025af70
0025af70	FUN_0025af70	0	0025af70-0025b04c
0025b050	FUN_0025b050	0	0025b050-0025b218
0025b218	FUN_0025b218	0	0025b218-0025b5dc
0025b5e0	FUN_0025b5e0	0	0025b5e0-0025b67c,0025b680-0025b7b4
0025b7b8	FUN_0025b7b8	0	0025b7b8-0025bbdc
0025bbe0	FUN_0025bbe0	0	0025bbe0-0025bd98
0025bd98	FUN_0025bd98	0	0025bd98-0025be6c,0025be70-0025c0b4,0025c0b8-0025c314,0025c318-0025c3bc
0025c3c0	FUN_0025c3c0	0	0025c3c0-0025c464,0025c468-0025c5ec,0025c5f0-0025c6f4,0025c6f8-0025c954,0025c958-0025c994,0025c998-0025ca74
0025ca78	FUN_0025ca78	0	0025ca78-0025caec
0025caf0	FUN_0025caf0	0	0025caf0-0025cba4,0025cba8-0025ccbc
0025ccc0	FUN_0025ccc0	0	0025ccc0-0025ccf0
0025ccf0	FUN_0025ccf0	0	0025ccf0-0025cd40
0025cd40	FUN_0025cd40	0	0025cd40-0025cd78
0025cd78	FUN_0025cd78	0	0025cd78-0025cddc
0025cde0	FUN_0025cde0	0	0025cde0-0025d334,0025d338-0025d3ac,0025d3b0-0025d3c4,0025d3c8-0025d4cc,0025d4d0-0025d4e8
0025d4e8	FUN_0025d4e8	0	0025d4e8-0025d560
0025d560	FUN_0025d560	0	0025d560-0025d620
0025d620	FUN_0025d620	0	0025d620-0025d6a0
0025d6b0	FUN_0025d6b0	0	0025d6b0-0025d728
0025d728	FUN_0025d728	0	0025d728-0025d744
0025d748	FUN_0025d748	0	0025d748-0025d7f4
0025d918	FUN_0025d918	0	0025d918-0025da1c
0025da20	FUN_0025da20	0	0025da20-0025dba4
0025dba8	FUN_0025dba8	0	0025dba8-0025dbd8
0025dbd8	FUN_0025dbd8	0	0025dbd8-0025dcb4,0025dcb8-0025dde8
0025dde8	FUN_0025dde8	0	0025dde8-0025de58,0025deb8-0025dee8
0025dfb0	FUN_0025dfb0	0	0025dfb0-0025e370
0025e370	FUN_0025e370	0	0025e370-0025e44c
0025e450	FUN_0025e450	0	0025e450-0025e7c4,0025e7c8-0025e89c
0025e8a0	FUN_0025e8a0	0	0025e8a0-0025ebb0
0025ebb0	FUN_0025ebb0	0	0025ebb0-0025ee0c,0025ee10-0025ee88
0025ee88	FUN_0025ee88	0	0025ee88-0025eee4
0025eee8	FUN_0025eee8	0	0025eee8-0025f1f0,0025f220-0025f2ec,0025f2f0-0025f42c
0025f550	FUN_0025f550	0	0025f550-0025f564
0025f588	FUN_0025f588	0	0025f588-0025f60c
0025f698	FUN_0025f698	0	0025f698-0025f6b0
0025f6b0	FUN_0025f6b0	0	0025f6b0-0025f6b8
0025f6b8	FUN_0025f6b8	0	0025f6b8-0025f74c
0025f750	FUN_0025f750	0	0025f750-0025f7d8
0025f7d8	FUN_0025f7d8	0	0025f7d8-0025f7ec
0025f7f0	FUN_0025f7f0	0	0025f7f0-0025fb44
0025fb48	FUN_0025fb48	0	0025fb48-0025ffd0
0025ffd0	FUN_0025ffd0	0	0025ffd0-00260418
00260418	FUN_00260418	0	00260418-002605e4,002605e8-00260804
00260808	FUN_00260808	0	00260808-00260cdc
00260ce0	FUN_00260ce0	0	00260ce0-00261000
00261000	FUN_00261000	0	00261000-002612c4
002612c8	FUN_002612c8	0	002612c8-002615ac
002615b0	FUN_002615b0	0	002615b0-00261664
00261668	FUN_00261668	0	00261668-0026173c,00261740-0026181c
00261820	FUN_00261820	0	00261820-002618d4
002618d8	FUN_002618d8	0	002618d8-00261b2c
00261b30	FUN_00261b30	0	00261b30-00261ce8
00261ce8	FUN_00261ce8	0	00261ce8-00261d44
00261d48	FUN_00261d48	0	00261d48-00261fb8
00261fb8	FUN_00261fb8	0	00261fb8-0026209c
002620a0	FUN_002620a0	0	002620a0-00262118
00262118	FUN_00262118	0	00262118-0026215c
00262160	FUN_00262160	0	00262160-002621a0
002621a0	FUN_002621a0	0	002621a0-00262208
00262208	FUN_00262208	0	00262208-00262290
00262290	FUN_00262290	0	00262290-002622fc
00262300	FUN_00262300	0	00262300-0026235c
00262360	FUN_00262360	0	00262360-002623c4
002623c8	FUN_002623c8	0	002623c8-00262538
00262538	FUN_00262538	0	00262538-00262584
00262588	FUN_00262588	0	00262588-0026264c
00262650	FUN_00262650	0	00262650-002626ec
00262730	FUN_00262730	0	00262730-00262768
00262768	FUN_00262768	0	00262768-00262820
00262820	FUN_00262820	0	00262820-00262a30
00262a30	FUN_00262a30	0	00262a30-00262af4
00262af8	FUN_00262af8	0	00262af8-00262c3c
00262c40	FUN_00262c40	0	00262c40-00262cb4
00262cb8	FUN_00262cb8	0	00262cb8-00262e2c
00262e30	FUN_00262e30	0	00262e30-00262f14
00262f18	FUN_00262f18	0	00262f18-00262f58
00262f58	FUN_00262f58	0	00262f58-00262f9c
00262fa0	FUN_00262fa0	0	00262fa0-00262ff4
00262ff8	FUN_00262ff8	0	00262ff8-002630d4
002630d8	FUN_002630d8	0	002630d8-00263160
00263160	FUN_00263160	0	00263160-00263188
00263188	FUN_00263188	0	00263188-002631ac
002631b0	FUN_002631b0	0	002631b0-002631d8
002631d8	FUN_002631d8	0	002631d8-002631f4
002631f8	FUN_002631f8	0	002631f8-0026320c
002632d0	FUN_002632d0	0	002632d0-0026333c
00263340	FUN_00263340	0	00263340-002633a4
002633a8	FUN_002633a8	0	002633a8-002634c8
002634c8	FUN_002634c8	0	002634c8-002634d4
002634d8	FUN_002634d8	0	002634d8-00263518,0026351c-00263558
00263570	FUN_00263570	0	00263570-002635d8
002635d8	FUN_002635d8	0	002635d8-0026365c
00263660	FUN_00263660	0	00263660-00263684
00263688	FUN_00263688	0	00263688-002636ac
002636b0	FUN_002636b0	0	002636b0-00263720
00263720	FUN_00263720	0	00263720-00263778
00263778	FUN_00263778	0	00263778-002637e4
002637e8	FUN_002637e8	0	002637e8-00263858
00263858	FUN_00263858	0	00263858-002638dc
002638e0	FUN_002638e0	0	002638e0-0026395c
00263960	FUN_00263960	0	00263960-002639f4
002639f8	FUN_002639f8	0	002639f8-00263a54
00263a58	FUN_00263a58	0	00263a58-00263a90
00263a90	FUN_00263a90	0	00263a90-00263bac
00263bb0	FUN_00263bb0	0	00263bb0-00263c60
00263c60	FUN_00263c60	0	00263c60-00263cbc
00263cc0	FUN_00263cc0	0	00263cc0-00263d24
00263d28	FUN_00263d28	0	00263d28-00263d60
00263d70	FUN_00263d70	0	00263d70-00263da4
00263db0	FUN_00263db0	0	00263db0-00263e10
00263e10	FUN_00263e10	0	00263e10-00263e18
00263e18	FUN_00263e18	0	00263e18-00263e98
00263e98	FUN_00263e98	0	00263e98-00263ea0
00263ea0	FUN_00263ea0	0	00263ea0-00263ea8
00263ea8	FUN_00263ea8	0	00263ea8-00263eb4
00263eb8	FUN_00263eb8	0	00263eb8-00263ee0
00263ee0	FUN_00263ee0	0	00263ee0-0026408c,00264090-002641c4
002641c8	FUN_002641c8	0	002641c8-002642a4
002642a8	FUN_002642a8	0	002642a8-00264314
00264318	FUN_00264318	0	00264318-00264324
00264328	FUN_00264328	0	00264328-00264388
002643d0	FUN_002643d0	0	002643d0-00264408
00264408	FUN_00264408	0	00264408-00264458
00264458	FUN_00264458	0	00264458-0026449c
002644a0	FUN_002644a0	0	002644a0-002646d0,002646e4-002647b4,00264898-002648b4
002648b8	FUN_002648b8	0	002648b8-00264bdc
00264be0	FUN_00264be0	0	00264be0-00265018
00265018	FUN_00265018	0	00265018-00265124,00265128-002651dc,002651e0-002653a0
002653a0	FUN_002653a0	0	002653a0-0026557c
00265580	FUN_00265580	0	00265580-002655e8
002655e8	FUN_002655e8	0	002655e8-002656c0
002656c0	FUN_002656c0	0	002656c0-0026573c
00265740	FUN_00265740	0	00265740-0026577c
00265780	FUN_00265780	0	00265780-002657a4
002657a8	FUN_002657a8	0	002657a8-00265868,00265894-002659c8
00265a30	FUN_00265a30	0	00265a30-00265aa4,00265aa8-00265ab8
00265ab8	FUN_00265ab8	0	00265ab8-00265b88
00265b88	FUN_00265b88	0	00265b88-00265c10
00265c10	FUN_00265c10	0	00265c10-00265c4c
00265c50	FUN_00265c50	0	00265c50-00265c74
00265c78	FUN_00265c78	0	00265c78-00265cfc,00266010-00266040,00266238-00266248
00266248	FUN_00266248	0	00266248-002662b4,002662e0-00266610
00266678	FUN_00266678	0	00266678-002666a8
002666a8	FUN_002666a8	0	002666a8-002667d4,002667d8-00266984
00266988	FUN_00266988	0	00266988-00266a00,00266a04-00266ac8,00266ae8-00266b58
00266b58	FUN_00266b58	0	00266b58-00266ba4,00266bd0-00266be0
00266c00	FUN_00266c00	0	00266c00-00266c70
00266c70	FUN_00266c70	0	00266c70-00266c8c
00266c90	FUN_00266c90	0	00266c90-00266df4
00266df8	FUN_00266df8	0	00266df8-00266e30,00266f44-00266f50
002670a0	FUN_002670a0	0	002670a0-002670dc,002670e0-002670f8
002670f8	FUN_002670f8	0	002670f8-00267134,00267138-00267150
00267150	FUN_00267150	0	00267150-002671e8
002671e8	FUN_002671e8	0	002671e8-00267248
00267248	FUN_00267248	0	00267248-00267270
00267270	FUN_00267270	0	00267270-0026727c
00267280	FUN_00267280	0	00267280-00267320
00267320	FUN_00267320	0	00267320-00267398
00267398	FUN_00267398	0	00267398-00267408
00267408	FUN_00267408	0	00267408-002674b8
002674b8	FUN_002674b8	0	002674b8-002674f4
002674f8	FUN_002674f8	0	002674f8-0026758c
002675e8	FUN_002675e8	0	002675e8-00267604
00267608	FUN_00267608	0	00267608-0026761c
00267620	FUN_00267620	0	00267620-00267690
00267690	FUN_00267690	0	00267690-002676e8
002676e8	FUN_002676e8	0	002676e8-00267764
00267768	FUN_00267768	0	00267768-002677d8
002677d8	FUN_002677d8	0	002677d8-002677ec
002677f0	FUN_002677f0	0	002677f0-002678a8
002678a8	FUN_002678a8	0	002678a8-00267dfc
00267e00	FUN_00267e00	0	00267e00-00268b30
00268b30	FUN_00268b30	0	00268b30-00268c68
00268c68	FUN_00268c68	0	00268c68-00268db4
00268db8	FUN_00268db8	0	00268db8-002691c8
002691c8	FUN_002691c8	0	002691c8-002691f4
002691f8	FUN_002691f8	0	002691f8-00269374
00269378	FUN_00269378	0	00269378-002693a4
002693a8	FUN_002693a8	0	002693a8-00269508
00269508	FUN_00269508	0	00269508-0026959c
002695a0	FUN_002695a0	0	002695a0-00269654
00269658	FUN_00269658	0	00269658-00269a60
00269a60	FUN_00269a60	0	00269a60-00269df4,00269df8-00269e1c
00269e20	FUN_00269e20	0	00269e20-00269ef4
00269ef8	FUN_00269ef8	0	00269ef8-00269f58
00269f58	FUN_00269f58	0	00269f58-00269fbc
00269fc0	FUN_00269fc0	0	00269fc0-0026a05c
0026a060	FUN_0026a060	0	0026a060-0026a174
0026a178	FUN_0026a178	0	0026a178-0026a234
0026a238	FUN_0026a238	0	0026a238-0026a3b4
0026a3b8	FUN_0026a3b8	0	0026a3b8-0026a5a0
0026a5a0	FUN_0026a5a0	0	0026a5a0-0026a804,0026a808-0026a900
0026a900	FUN_0026a900	0	0026a900-0026a9f4
0026a9f8	FUN_0026a9f8	0	0026a9f8-0026aaf8
0026aaf8	FUN_0026aaf8	0	0026aaf8-0026ab18
0026ab18	FUN_0026ab18	0	0026ab18-0026abd0,0026abdc-0026ac20
0026acb8	FUN_0026acb8	0	0026acb8-0026ad64
0026ad68	FUN_0026ad68	0	0026ad68-0026ae1c
0026ae20	FUN_0026ae20	0	0026ae20-0026aea4
0026aea8	FUN_0026aea8	0	0026aea8-0026af2c
0026af30	FUN_0026af30	0	0026af30-0026b004
0026b008	FUN_0026b008	0	0026b008-0026b0f4
0026b0f8	FUN_0026b0f8	0	0026b0f8-0026b1fc
0026b200	FUN_0026b200	0	0026b200-0026b2c0
0026b2c0	FUN_0026b2c0	0	0026b2c0-0026b444
0026b448	FUN_0026b448	0	0026b448-0026b470
0026b470	FUN_0026b470	0	0026b470-0026b504
0026b508	FUN_0026b508	0	0026b508-0026b59c
0026b5a0	FUN_0026b5a0	0	0026b5a0-0026b850
0026b850	FUN_0026b850	0	0026b850-0026b85c
0026b860	FUN_0026b860	0	0026b860-0026b8f0
0026bab8	FUN_0026bab8	0	0026bab8-0026bbdc
0026bbe0	FUN_0026bbe0	0	0026bbe0-0026bbf4
0026bbf8	FUN_0026bbf8	0	0026bbf8-0026bc0c
0026bc10	FUN_0026bc10	0	0026bc10-0026c048
0026c048	FUN_0026c048	0	0026c048-0026c140
0026c140	FUN_0026c140	0	0026c140-0026c44c
0026c450	FUN_0026c450	0	0026c450-0026c470
0026c470	FUN_0026c470	0	0026c470-0026c5d4,0026c5d8-0026c760
0026c760	FUN_0026c760	0	0026c760-0026c818
0026c818	FUN_0026c818	0	0026c818-0026c9ac,0026c9b0-0026c9c4
0026c9c8	FUN_0026c9c8	0	0026c9c8-0026c9ec
0026c9f0	FUN_0026c9f0	0	0026c9f0-0026cb34
0026cb38	FUN_0026cb38	0	0026cb38-0026cb8c
0026cb90	FUN_0026cb90	0	0026cb90-0026cc2c
0026cc30	FUN_0026cc30	0	0026cc30-0026cd9c
0026cda0	FUN_0026cda0	0	0026cda0-0026ceb0
0026ceb0	FUN_0026ceb0	0	0026ceb0-0026d168
0026d168	FUN_0026d168	0	0026d168-0026d180
0026d180	FUN_0026d180	0	0026d180-0026d208
0026d208	FUN_0026d208	0	0026d208-0026d560
0026d560	FUN_0026d560	0	0026d560-0026d5bc
0026d5c0	FUN_0026d5c0	0	0026d5c0-0026d61c
0026d620	FUN_0026d620	0	0026d620-0026d744
0026d748	FUN_0026d748	0	0026d748-0026d804
0026d808	FUN_0026d808	0	0026d808-0026d814
0026d828	FUN_0026d828	0	0026d828-0026d894,0026d898-0026d8bc
0026d8c0	FUN_0026d8c0	0	0026d8c0-0026d95c
0026d968	FUN_0026d968	0	0026d968-0026db60
0026db60	FUN_0026db60	0	0026db60-0026dcb4
0026dcb8	FUN_0026dcb8	0	0026dcb8-0026dd00
0026dd00	FUN_0026dd00	0	0026dd00-0026dd14
0026dd18	FUN_0026dd18	0	0026dd18-0026dd3c
0026dd40	FUN_0026dd40	0	0026dd40-0026dda0
0026dda0	FUN_0026dda0	0	0026dda0-0026df2c
0026df30	FUN_0026df30	0	0026df30-0026e13c
0026e140	FUN_0026e140	0	0026e140-0026e1e0
0026e1e0	FUN_0026e1e0	0	0026e1e0-0026e340
0026e340	FUN_0026e340	0	0026e340-0026e3ac
0026e3b0	FUN_0026e3b0	0	0026e3b0-0026e5b4
0026e5b8	FUN_0026e5b8	0	0026e5b8-0026e638
0026e638	FUN_0026e638	0	0026e638-0026e83c
0026e840	FUN_0026e840	0	0026e840-0026e8a0
0026e8a0	FUN_0026e8a0	0	0026e8a0-0026e93c
0026e940	FUN_0026e940	0	0026e940-0026eae4
0026eae8	FUN_0026eae8	0	0026eae8-0026ebbc
0026ebc0	FUN_0026ebc0	0	0026ebc0-0026ec6c
0026ec70	FUN_0026ec70	0	0026ec70-0026ec98
0026ed20	FUN_0026ed20	0	0026ed20-0026ed48
0026ed48	FUN_0026ed48	0	0026ed48-0026eda4
0026eda8	FUN_0026eda8	0	0026eda8-0026ede0
0026ede0	FUN_0026ede0	0	0026ede0-0026ee30
0026ee30	FUN_0026ee30	0	0026ee30-0026ee74
0026ee78	FUN_0026ee78	0	0026ee78-0026f0a0
0026f0a0	FUN_0026f0a0	0	0026f0a0-0026f384
0026f388	FUN_0026f388	0	0026f388-0026f920
0026f920	FUN_0026f920	0	0026f920-0026fa2c,0026fa30-0026fb24,0026fb28-0026fde4,0026fde8-0026ff2c
0026ff30	FUN_0026ff30	0	0026ff30-0026ff74
0026ff78	FUN_0026ff78	0	0026ff78-0026ffdc,0026ffe0-002700ec
002700f0	FUN_002700f0	0	002700f0-00270624,00270628-00270648
00270648	FUN_00270648	0	00270648-002706b0,002706e0-00270768
002708c0	FUN_002708c0	0	002708c0-002709dc,002709e0-00270c70
00270c70	FUN_00270c70	0	00270c70-00270f34,00270f38-00271094,00271098-002712d4
002713a0	FUN_002713a0	0	002713a0-002713c8
002713c8	FUN_002713c8	0	002713c8-0027170c
00271710	FUN_00271710	0	00271710-00271828
00271828	FUN_00271828	0	00271828-00271870
00271870	FUN_00271870	0	00271870-002718fc
00271900	FUN_00271900	0	00271900-00271b54
00271b58	FUN_00271b58	0	00271b58-00271b74
00271b78	FUN_00271b78	0	00271b78-00271e04
00271e08	FUN_00271e08	0	00271e08-00271e80
00271e80	FUN_00271e80	0	00271e80-00271ec4
00271ec8	FUN_00271ec8	0	00271ec8-00271ee4
00271ee8	FUN_00271ee8	0	00271ee8-0027233c
00272340	FUN_00272340	0	00272340-002723e0
002723e0	FUN_002723e0	0	002723e0-00272424
00272428	FUN_00272428	0	00272428-00272468
00272468	FUN_00272468	0	00272468-00272538
00272538	FUN_00272538	0	00272538-002725d8
002725d8	FUN_002725d8	0	002725d8-0027273c,00272740-002728c4,002728c8-00272938
00272938	FUN_00272938	0	00272938-00272a00
00272a00	FUN_00272a00	0	00272a00-00272a6c
00272a70	FUN_00272a70	0	00272a70-00272adc
00272ae0	FUN_00272ae0	0	00272ae0-00272b4c,00272b50-00272b60
00272b60	FUN_00272b60	0	00272b60-00272c1c
00272c20	FUN_00272c20	0	00272c20-00272c48,00272c84-00272c8c
00272c90	FUN_00272c90	0	00272c90-00272e34,00272e38-00272efc,00272f00-00272f44
00273078	FUN_00273078	0	00273078-00273140
00273140	FUN_00273140	0	00273140-00273180
00273180	FUN_00273180	0	00273180-00273224
00273228	FUN_00273228	0	00273228-00273364
00273368	FUN_00273368	0	00273368-0027352c
00273530	FUN_00273530	0	00273530-00273678
00273678	FUN_00273678	0	00273678-002736f8
002736f8	FUN_002736f8	0	002736f8-00273814
00273818	FUN_00273818	0	00273818-00273a24,00273a28-00273b2c
00273b30	FUN_00273b30	0	00273b30-00273c2c,00273c30-00273c40
00273c40	FUN_00273c40	0	00273c40-00273cb4
00273cb8	FUN_00273cb8	0	00273cb8-00273de0
00273de0	FUN_00273de0	0	00273de0-00273e88
002748a0	FUN_002748a0	0	002748a0-002749f0
002749f0	FUN_002749f0	0	002749f0-00274ac8
00274ac8	FUN_00274ac8	0	00274ac8-00274b40
00274b40	FUN_00274b40	0	00274b40-00274ccc,00274cd0-00274cf0
00274cf0	FUN_00274cf0	0	00274cf0-00274db8
00274db8	FUN_00274db8	0	00274db8-00274e04
00274e08	FUN_00274e08	0	00274e08-00274e50
00274e50	FUN_00274e50	0	00274e50-00274ea0
00274ea0	FUN_00274ea0	0	00274ea0-00274ee8
00274ee8	FUN_00274ee8	0	00274ee8-00274f4c
00274f50	FUN_00274f50	0	00274f50-00274f98
00274f98	FUN_00274f98	0	00274f98-00274fa4
00274fa8	FUN_00274fa8	0	00274fa8-0027510c,00275110-0027517c
00275180	FUN_00275180	0	00275180-0027525c,00275260-00275434
00275438	FUN_00275438	0	00275438-00275630,00275654-0027567c,00275680-002756f4
00275980	FUN_00275980	0	00275980-002759e4
002759e8	FUN_002759e8	0	002759e8-00275a7c
00275a80	FUN_00275a80	0	00275a80-00275af4
00275af8	FUN_00275af8	0	00275af8-00275b60
00275b60	FUN_00275b60	0	00275b60-00275c74
00275c78	FUN_00275c78	0	00275c78-00275cb8
00275cb8	FUN_00275cb8	0	00275cb8-00275d10
00275d10	FUN_00275d10	0	00275d10-00275dd0
00275dd0	FUN_00275dd0	0	00275dd0-00275e08
00275e08	FUN_00275e08	0	00275e08-00275e68
00275e68	FUN_00275e68	0	00275e68-00275ec4
00275ec8	FUN_00275ec8	0	00275ec8-00275f08
00275f08	FUN_00275f08	0	00275f08-00275f64
00275f68	FUN_00275f68	0	00275f68-00276084
00276088	FUN_00276088	0	00276088-0027614c
00276150	FUN_00276150	0	00276150-00276220
00276220	FUN_00276220	0	00276220-002762fc
00276300	FUN_00276300	0	00276300-00276348
00276348	FUN_00276348	0	00276348-00276354
00276358	FUN_00276358	0	00276358-00276364
00276368	FUN_00276368	0	00276368-00276398
00276398	FUN_00276398	0	00276398-002763c8
002763c8	FUN_002763c8	0	002763c8-00276410
00276410	FUN_00276410	0	00276410-00276438
00276438	FUN_00276438	0	00276438-00276494,00276498-002764ac
002764b0	FUN_002764b0	0	002764b0-002764e4,00276548-00276550
00276568	FUN_00276568	0	00276568-00276574
00276578	FUN_00276578	0	00276578-00276588
00276588	FUN_00276588	0	00276588-00276598
00276598	FUN_00276598	0	00276598-002765e4
002765e8	FUN_002765e8	0	002765e8-00276604
00276608	FUN_00276608	0	00276608-00276620
00276620	FUN_00276620	0	00276620-00276638
00276638	FUN_00276638	0	00276638-00276678
00276678	FUN_00276678	0	00276678-00276684
00276690	FUN_00276690	0	00276690-002766b0
002766b0	FUN_002766b0	0	002766b0-002766c0
002766d0	FUN_002766d0	0	002766d0-002766dc
002766e0	FUN_002766e0	0	002766e0-00276888
00276888	FUN_00276888	0	00276888-00276a18
00276a18	FUN_00276a18	0	00276a18-00276a8c
00276a90	FUN_00276a90	0	00276a90-00276b0c
00276b10	FUN_00276b10	0	00276b10-00276b90
00276b90	FUN_00276b90	0	00276b90-00276c18
00276c18	FUN_00276c18	0	00276c18-00276c34
00276c38	FUN_00276c38	0	00276c38-00276c50
00276c50	FUN_00276c50	0	00276c50-00276c88
00276c88	FUN_00276c88	0	00276c88-00276dbc
00276dc0	FUN_00276dc0	0	00276dc0-00276df4
00276df8	FUN_00276df8	0	00276df8-00276e28
00276e28	FUN_00276e28	0	00276e28-00276e78
00276e78	FUN_00276e78	0	00276e78-00276f38
00276f38	FUN_00276f38	0	00276f38-00276f5c
00276f60	FUN_00276f60	0	00276f60-00276fa8
00276fa8	FUN_00276fa8	0	00276fa8-00276fd0
00276fd0	FUN_00276fd0	0	00276fd0-00276fe4
00277008	FUN_00277008	0	00277008-0027701c
00277070	FUN_00277070	0	00277070-002770a8
002770a8	FUN_002770a8	0	002770a8-00277124
00277128	FUN_00277128	0	00277128-00277174
00277178	FUN_00277178	0	00277178-002772c4
002772c8	FUN_002772c8	0	002772c8-00277704
00277708	FUN_00277708	0	00277708-00277938
00277938	FUN_00277938	0	00277938-00277acc,00277ad0-00277d1c
00277d20	FUN_00277d20	0	00277d20-00278314
00278318	FUN_00278318	0	00278318-002788bc
002788c0	FUN_002788c0	0	002788c0-00278dd0
00278dd0	FUN_00278dd0	0	00278dd0-00278ebc,00278ec0-00279040
00279040	FUN_00279040	0	00279040-002793ac
002793b0	FUN_002793b0	0	002793b0-00279620
00279620	FUN_00279620	0	00279620-0027985c
00279860	FUN_00279860	0	00279860-002799b0
002799b0	FUN_002799b0	0	002799b0-00279a10
00279a10	FUN_00279a10	0	00279a10-00279cd4
00279cd8	FUN_00279cd8	0	00279cd8-00279ec8
00279ec8	FUN_00279ec8	0	00279ec8-0027a104
0027a108	FUN_0027a108	0	0027a108-0027a180
0027a180	FUN_0027a180	0	0027a180-0027a1c4
0027a1c8	FUN_0027a1c8	0	0027a1c8-0027a208
0027a208	FUN_0027a208	0	0027a208-0027a64c,0027a650-0027a6d4
0027a6d8	FUN_0027a6d8	0	0027a6d8-0027a7dc
0027a7e0	FUN_0027a7e0	0	0027a7e0-0027a87c,0027a880-0027a894
0027a898	FUN_0027a898	0	0027a898-0027a908
0027a908	FUN_0027a908	0	0027a908-0027a98c
0027a990	FUN_0027a990	0	0027a990-0027aa10
0027aa10	FUN_0027aa10	0	0027aa10-0027aa78
0027aa78	FUN_0027aa78	0	0027aa78-0027aaa0
0027aaa0	FUN_0027aaa0	0	0027aaa0-0027ac34
0027ac38	FUN_0027ac38	0	0027ac38-0027ace4,0027ace8-0027acf8
0027acf8	FUN_0027acf8	0	0027acf8-0027ad80
0027ad80	FUN_0027ad80	0	0027ad80-0027ae1c
0027ae20	FUN_0027ae20	0	0027ae20-0027ae78
0027ae78	FUN_0027ae78	0	0027ae78-0027aed4
0027aed8	FUN_0027aed8	0	0027aed8-0027af54
0027af58	FUN_0027af58	0	0027af58-0027afdc
0027afe0	FUN_0027afe0	0	0027afe0-0027b0f8
0027b0f8	FUN_0027b0f8	0	0027b0f8-0027b244
0027b248	FUN_0027b248	0	0027b248-0027b4d4,0027b4d8-0027b4e8
0027b4e8	FUN_0027b4e8	0	0027b4e8-0027b510
0027b510	FUN_0027b510	0	0027b510-0027b524
0027b528	FUN_0027b528	0	0027b528-0027b544
0027b548	FUN_0027b548	0	0027b548-0027b5d0
0027b5d0	FUN_0027b5d0	0	0027b5d0-0027b69c,0027b6a0-0027b6b8
0027b6b8	FUN_0027b6b8	0	0027b6b8-0027b960
0027bba0	FUN_0027bba0	0	0027bba0-0027bbe0
0027bbe0	FUN_0027bbe0	0	0027bbe0-0027bd1c,0027bd20-0027bd40
0027bd40	FUN_0027bd40	0	0027bd40-0027bf20
0027bf20	FUN_0027bf20	0	0027bf20-0027bf64
0027bf68	FUN_0027bf68	0	0027bf68-0027c114
0027c118	FUN_0027c118	0	0027c118-0027c1bc
0027c1c0	FUN_0027c1c0	0	0027c1c0-0027c2f8
0027c2f8	FUN_0027c2f8	0	0027c2f8-0027c3b8
0027c3b8	FUN_0027c3b8	0	0027c3b8-0027c3e0
0027c3e0	FUN_0027c3e0	0	0027c3e0-0027c4d4
0027c508	FUN_0027c508	0	0027c508-0027c540
0027c540	FUN_0027c540	0	0027c540-0027c56c
0027c570	FUN_0027c570	0	0027c570-0027c59c
0027c5a0	FUN_0027c5a0	0	0027c5a0-0027c6fc
0027c700	FUN_0027c700	0	0027c700-0027c7e4,0027c7e8-0027c9a4
0027c9a8	FUN_0027c9a8	0	0027c9a8-0027ca1c,0027ca20-0027cb0c,0027cb10-0027cb48
0027cb48	FUN_0027cb48	0	0027cb48-0027cbb4,0027cbb8-0027ccf4
0027ccf8	FUN_0027ccf8	0	0027ccf8-0027cfd4,0027cfd8-0027d008
0027d008	FUN_0027d008	0	0027d008-0027d2e4
0027d2e8	FUN_0027d2e8	0	0027d2e8-0027d350
0027d350	FUN_0027d350	0	0027d350-0027d3b0
0027d3b0	FUN_0027d3b0	0	0027d3b0-0027d408
0027d408	FUN_0027d408	0	0027d408-0027d450
0027d450	FUN_0027d450	0	0027d450-0027d488
0027d488	FUN_0027d488	0	0027d488-0027d4f0
0027d4f0	FUN_0027d4f0	0	0027d4f0-0027d53c
0027d540	FUN_0027d540	0	0027d540-0027d594
0027d598	FUN_0027d598	0	0027d598-0027d5d8
0027d5d8	FUN_0027d5d8	0	0027d5d8-0027d7ac,0027d7b0-0027d80c
0027d810	FUN_0027d810	0	0027d810-0027d868
0027d868	FUN_0027d868	0	0027d868-0027d96c,0027d970-0027d9e4
0027d9f0	FUN_0027d9f0	0	0027d9f0-0027da60
0027da60	FUN_0027da60	0	0027da60-0027dab4
0027dab8	FUN_0027dab8	0	0027dab8-0027db24
0027db28	FUN_0027db28	0	0027db28-0027db58
0027db58	FUN_0027db58	0	0027db58-0027dbd4
0027dbd8	FUN_0027dbd8	0	0027dbd8-0027dc08
0027dc08	FUN_0027dc08	0	0027dc08-0027dc1c
0027dc20	FUN_0027dc20	0	0027dc20-0027dc3c
0027dc40	FUN_0027dc40	0	0027dc40-0027dd18
0027dd18	FUN_0027dd18	0	0027dd18-0027dee4
0027dee8	FUN_0027dee8	0	0027dee8-0027e6dc
0027e6e0	FUN_0027e6e0	0	0027e6e0-0027e754,0027e758-0027e76c
0027e770	FUN_0027e770	0	0027e770-0027e91c
0027e920	FUN_0027e920	0	0027e920-0027ea78
0027ea78	FUN_0027ea78	0	0027ea78-0027ead0
0027ead0	FUN_0027ead0	0	0027ead0-0027eb0c
0027eb10	FUN_0027eb10	0	0027eb10-0027ed48
0027ed48	FUN_0027ed48	0	0027ed48-0027ee44
0027f2b0	FUN_0027f2b0	0	0027f2b0-0027f2f8
0027f2f8	FUN_0027f2f8	0	0027f2f8-0027f370
0027f370	FUN_0027f370	0	0027f370-0027f3d4
0027f3d8	FUN_0027f3d8	0	0027f3d8-0027f4a4
0027f4a8	FUN_0027f4a8	0	0027f4a8-0027f7ec
0027f7f0	FUN_0027f7f0	0	0027f7f0-0027f9ac
0027f9b0	FUN_0027f9b0	0	0027f9b0-0027f9d8
0027f9d8	FUN_0027f9d8	0	0027f9d8-0027fb9c
0027fba0	FUN_0027fba0	0	0027fba0-0027fcc0
0027fcc0	FUN_0027fcc0	0	0027fcc0-0027fd38
0027fd38	FUN_0027fd38	0	0027fd38-0027ff00
0027ff00	FUN_0027ff00	0	0027ff00-002800cc
002800d0	FUN_002800d0	0	002800d0-00280148
00280148	FUN_00280148	0	00280148-0028023c
00280240	FUN_00280240	0	00280240-0028028c
00280290	FUN_00280290	0	00280290-002802e4
002802e8	FUN_002802e8	0	002802e8-00280368
00280368	FUN_00280368	0	00280368-002803e0
002803e0	FUN_002803e0	0	002803e0-0028041c
00280420	FUN_00280420	0	00280420-00280454
00280458	FUN_00280458	0	00280458-002804f0
002804f0	FUN_002804f0	0	002804f0-00280524
00280528	FUN_00280528	0	00280528-002805cc
002805d0	FUN_002805d0	0	002805d0-00280678
00280678	FUN_00280678	0	00280678-0028069c
002806a0	FUN_002806a0	0	002806a0-002806c4
002806c8	FUN_002806c8	0	002806c8-002806f0
00280720	FUN_00280720	0	00280720-002808e4
002809d8	FUN_002809d8	0	002809d8-00280a50
00280a50	FUN_00280a50	0	00280a50-00280c38
00280c38	FUN_00280c38	0	00280c38-00280d3c
00280d40	FUN_00280d40	0	00280d40-00280e98
00280eb0	FUN_00280eb0	0	00280eb0-00280ec8
00280ec8	FUN_00280ec8	0	00280ec8-00280edc
00280ee0	FUN_00280ee0	0	00280ee0-00280ef4
00280ef8	FUN_00280ef8	0	00280ef8-00281004
00281008	FUN_00281008	0	00281008-00281058
00281058	FUN_00281058	0	00281058-002810c4
002810c8	FUN_002810c8	0	002810c8-00281100
00281100	FUN_00281100	0	00281100-00281108
00281108	FUN_00281108	0	00281108-00281128
00281128	FUN_00281128	0	00281128-0028113c
00281140	FUN_00281140	0	00281140-00281154
00281158	FUN_00281158	0	00281158-0028117c
00281180	FUN_00281180	0	00281180-00281194
00281198	FUN_00281198	0	00281198-002811ac
002811b0	FUN_002811b0	0	002811b0-002811e0
002811e0	FUN_002811e0	0	002811e0-002811f4
002811f8	FUN_002811f8	0	002811f8-00281234
00281238	FUN_00281238	0	00281238-002812c4
002812c8	FUN_002812c8	0	002812c8-002812e0
002812e0	FUN_002812e0	0	002812e0-0028133c
00281340	FUN_00281340	0	00281340-00281388
00281388	FUN_00281388	0	00281388-002813b4
002813b8	FUN_002813b8	0	002813b8-0028141c
00281420	FUN_00281420	0	00281420-0028147c
00281480	FUN_00281480	0	00281480-002814ac
002814b0	FUN_002814b0	0	002814b0-002814f0
002814f0	FUN_002814f0	0	002814f0-00281534
00281538	FUN_00281538	0	00281538-002815b8
002815b8	FUN_002815b8	0	002815b8-002815d8
002815d8	FUN_002815d8	0	002815d8-002816ec
002816f0	FUN_002816f0	0	002816f0-002817b8
002817b8	FUN_002817b8	0	002817b8-002817d8
002817d8	FUN_002817d8	0	002817d8-0028189c,002818a0-002818b4
002818b8	FUN_002818b8	0	002818b8-00281b2c
00281b30	FUN_00281b30	0	00281b30-00281be0
00281be0	FUN_00281be0	0	00281be0-00281c2c
00281c30	FUN_00281c30	0	00281c30-00281c50
00281c50	FUN_00281c50	0	00281c50-00281cec
00281cf0	FUN_00281cf0	0	00281cf0-00281d38
00281d48	FUN_00281d48	0	00281d48-00281e20
00281e20	FUN_00281e20	0	00281e20-00281e70
00281e70	FUN_00281e70	0	00281e70-00281e84
00281e88	FUN_00281e88	0	00281e88-00281ec4
00281ec8	FUN_00281ec8	0	00281ec8-00281f04
00281f10	FUN_00281f10	0	00281f10-00281f18
00281f18	FUN_00281f18	0	00281f18-00281f20
00281f20	FUN_00281f20	0	00281f20-00281f2c
00281f30	FUN_00281f30	0	00281f30-00281f3c
00281f40	FUN_00281f40	0	00281f40-00281f48
00281f48	FUN_00281f48	0	00281f48-00281f70
00281f70	FUN_00281f70	0	00281f70-00281f90
00281f90	FUN_00281f90	0	00281f90-00281fe0
00281fe0	FUN_00281fe0	0	00281fe0-00282204,00282208-00282228
00282228	FUN_00282228	0	00282228-00282240
00282240	FUN_00282240	0	00282240-002822bc,002822c0-002823ac
002823b0	FUN_002823b0	0	002823b0-002825c4,002825c8-00282620
00282620	FUN_00282620	0	00282620-002826f4
002826f8	FUN_002826f8	0	002826f8-002827dc
002827e0	FUN_002827e0	0	002827e0-002827f0
002827f0	FUN_002827f0	0	002827f0-00282858
00282858	FUN_00282858	0	00282858-0028293c
00282940	FUN_00282940	0	00282940-00282afc
00282b00	FUN_00282b00	0	00282b00-00282c68
00282c68	FUN_00282c68	0	00282c68-00282cb8
00282cb8	FUN_00282cb8	0	00282cb8-00282d54
00282d58	FUN_00282d58	0	00282d58-00282d64
00282d68	FUN_00282d68	0	00282d68-00282d70
00282d70	FUN_00282d70	0	00282d70-00282ebc
00282ec0	FUN_00282ec0	0	00282ec0-00282f68
002830b8	FUN_002830b8	0	002830b8-00283180
00283180	FUN_00283180	0	00283180-002831ac
002831b0	FUN_002831b0	0	002831b0-002831dc
002831e0	FUN_002831e0	0	002831e0-00283230
00283230	FUN_00283230	0	00283230-0028332c,00283330-002833f8
002833f8	FUN_002833f8	0	002833f8-002835a8
002835a8	FUN_002835a8	0	002835a8-002835d4
002835d8	FUN_002835d8	0	002835d8-00283618
00283618	FUN_00283618	0	00283618-00283668
00283668	FUN_00283668	0	00283668-00283730
00283730	FUN_00283730	0	00283730-0028378c
00283790	FUN_00283790	0	00283790-00283900
00283900	FUN_00283900	0	00283900-0028395c
00283960	FUN_00283960	0	00283960-002839f0
002839f0	FUN_002839f0	0	002839f0-00283a54
00283a58	FUN_00283a58	0	00283a58-00283ab4
00283ab8	FUN_00283ab8	0	00283ab8-00283b78
00283c50	FUN_00283c50	0	00283c50-00283d00
00283d00	FUN_00283d00	0	00283d00-00283e48
00283e48	FUN_00283e48	0	00283e48-00283eb8
00283eb8	FUN_00283eb8	0	00283eb8-00283f50
00283f50	FUN_00283f50	0	00283f50-00283fb0
00283fb0	FUN_00283fb0	0	00283fb0-00284044
00284048	FUN_00284048	0	00284048-00284084
00284220	FUN_00284220	0	00284220-002843bc
002843c0	FUN_002843c0	0	002843c0-002843e8
002843e8	FUN_002843e8	0	002843e8-00284538
00284538	FUN_00284538	0	00284538-0028464c
00284650	FUN_00284650	0	00284650-00284734
00284738	FUN_00284738	0	00284738-002847e0
002847e0	FUN_002847e0	0	002847e0-00284e40
00284e40	FUN_00284e40	0	00284e40-00284ea4
00284ea8	FUN_00284ea8	0	00284ea8-00284eec
00284ef0	FUN_00284ef0	0	00284ef0-00284fd4
00284fd8	FUN_00284fd8	0	00284fd8-00285070
00285070	FUN_00285070	0	00285070-00285154,00285158-002851dc
002851e0	FUN_002851e0	0	002851e0-0028535c,00285360-002853b8
002853b8	FUN_002853b8	0	002853b8-00285414
00285418	FUN_00285418	0	00285418-0028545c
00285460	FUN_00285460	0	00285460-002854ac
002854c0	FUN_002854c0	0	002854c0-002854d4
002854d8	FUN_002854d8	0	002854d8-002856c8
002856c8	FUN_002856c8	0	002856c8-00285728
00285728	FUN_00285728	0	00285728-0028575c
00285760	FUN_00285760	0	00285760-00285828
00285910	FUN_00285910	0	00285910-002859a0
002859a0	FUN_002859a0	0	002859a0-002859c0
002859c0	FUN_002859c0	0	002859c0-002859ec
002859f0	FUN_002859f0	0	002859f0-00285d14
00285d18	FUN_00285d18	0	00285d18-00285d54
00285d58	FUN_00285d58	0	00285d58-00285e24,00285e28-00285e30
00285e30	FUN_00285e30	0	00285e30-00285f4c
00285f50	FUN_00285f50	0	00285f50-00285fa0
00285fa0	FUN_00285fa0	0	00285fa0-00286054
00286058	FUN_00286058	0	00286058-00286068
00286068	FUN_00286068	0	00286068-00286154,00286158-00286160
00286160	FUN_00286160	0	00286160-0028627c
00286280	FUN_00286280	0	00286280-00286294
00286298	FUN_00286298	0	00286298-00286418
00286418	FUN_00286418	0	00286418-002864f4
002864f8	FUN_002864f8	0	002864f8-002865d0
002865d0	FUN_002865d0	0	002865d0-00286624
00286628	FUN_00286628	0	00286628-00286a84,00286a88-00286c74,00286c78-00286ca4,00286ca8-00286d28
00286d28	FUN_00286d28	0	00286d28-00286ec8
00286ec8	FUN_00286ec8	0	00286ec8-00287024
00287028	FUN_00287028	0	00287028-00287218
00287218	FUN_00287218	0	00287218-00287358
00287358	FUN_00287358	0	00287358-0028742c
00287430	FUN_00287430	0	00287430-002874ac
002874b0	FUN_002874b0	0	002874b0-002875e8
002875e8	FUN_002875e8	0	002875e8-00287720
00287720	FUN_00287720	0	00287720-00287760
00287760	FUN_00287760	0	00287760-002877a0
002877a0	FUN_002877a0	0	002877a0-00287880
00287880	FUN_00287880	0	00287880-002878c8
002878c8	FUN_002878c8	0	002878c8-00287910
00287910	FUN_00287910	0	00287910-00287a24
00287a28	FUN_00287a28	0	00287a28-00287acc
00287ad0	FUN_00287ad0	0	00287ad0-00287b04
00287b08	FUN_00287b08	0	00287b08-00287b14
00287b18	FUN_00287b18	0	00287b18-00287b2c
00287b30	FUN_00287b30	0	00287b30-00287b6c
00287b98	FUN_00287b98	0	00287b98-00287bc0
00287bc0	FUN_00287bc0	0	00287bc0-00287bcc
00287bd0	FUN_00287bd0	0	00287bd0-00287c00
00287c00	FUN_00287c00	0	00287c00-00287c0c
00287c10	FUN_00287c10	0	00287c10-00287c1c
00287c20	FUN_00287c20	0	00287c20-00287c30
00287c30	FUN_00287c30	0	00287c30-00287c50
00287c50	FUN_00287c50	0	00287c50-00287c78
00287c78	FUN_00287c78	0	00287c78-00287c90
00287c90	FUN_00287c90	0	00287c90-00287ca4
00287cc0	FUN_00287cc0	0	00287cc0-00287ccc
00287cd0	FUN_00287cd0	0	00287cd0-00287cdc
00287d08	FUN_00287d08	0	00287d08-00287d20
00287d20	FUN_00287d20	0	00287d20-00287d2c
00287d30	FUN_00287d30	0	00287d30-00287d3c
00287d68	FUN_00287d68	0	00287d68-00287d9c
00287da0	FUN_00287da0	0	00287da0-00287db0
00287db0	FUN_00287db0	0	00287db0-00287dbc
00287dc0	FUN_00287dc0	0	00287dc0-00287dcc
00287df0	FUN_00287df0	0	00287df0-00287eb8
00287eb8	FUN_00287eb8	0	00287eb8-00287ec8
00287ec8	FUN_00287ec8	0	00287ec8-00287ed4
00287ed8	FUN_00287ed8	0	00287ed8-00287f2c
00287f30	FUN_00287f30	0	00287f30-00287f8c
00287f90	FUN_00287f90	0	00287f90-00288008
00288008	FUN_00288008	0	00288008-00288014
00288018	FUN_00288018	0	00288018-00288040
00288040	FUN_00288040	0	00288040-00288088
00288088	FUN_00288088	0	00288088-002880b4
002880b8	FUN_002880b8	0	002880b8-002881c0
002881c0	FUN_002881c0	0	002881c0-00288308
00288370	FUN_00288370	0	00288370-002883f4
002883f8	FUN_002883f8	0	002883f8-00288400
00288400	FUN_00288400	0	00288400-00288474
00288478	FUN_00288478	0	00288478-002885cc
002885d0	FUN_002885d0	0	002885d0-00288610
00288610	FUN_00288610	0	00288610-00288638
00288648	FUN_00288648	0	00288648-00288654
00288658	FUN_00288658	0	00288658-0028866c
00288670	FUN_00288670	0	00288670-00288750
00288750	FUN_00288750	0	00288750-002887c4
002887c8	FUN_002887c8	0	002887c8-0028881c
00288820	FUN_00288820	0	00288820-00288870
00288870	FUN_00288870	0	00288870-002888c8
002888c8	FUN_002888c8	0	002888c8-002888f8
002888f8	FUN_002888f8	0	002888f8-002889ec
002889f0	FUN_002889f0	0	002889f0-00288ae4
00288b00	FUN_00288b00	0	00288b00-00288b14
00288b18	FUN_00288b18	0	00288b18-00288b78
00288b78	FUN_00288b78	0	00288b78-00288be8
00288be8	FUN_00288be8	0	00288be8-00288c1c
00288c20	FUN_00288c20	0	00288c20-00288c54
00288c58	FUN_00288c58	0	00288c58-00288ca8
00288ca8	FUN_00288ca8	0	00288ca8-00288cdc
00288ce0	FUN_00288ce0	0	00288ce0-00288d7c
00288d80	FUN_00288d80	0	00288d80-00288e08
00288e08	FUN_00288e08	0	00288e08-00288e84
00288e88	FUN_00288e88	0	00288e88-00288f44
00288f48	FUN_00288f48	0	00288f48-00288f5c
00288f60	FUN_00288f60	0	00288f60-00288fcc,00288fd0-00288fd8
00288fd8	FUN_00288fd8	0	00288fd8-00289034
00289038	FUN_00289038	0	00289038-002890e0
002890e0	FUN_002890e0	0	002890e0-00289178
002891b8	FUN_002891b8	0	002891b8-002891cc
002891d0	FUN_002891d0	0	002891d0-002891e8
002891e8	FUN_002891e8	0	002891e8-002891f0
002891f0	FUN_002891f0	0	002891f0-002892f8
002892f8	FUN_002892f8	0	002892f8-00289300
00289300	FUN_00289300	0	00289300-0028930c
00289310	FUN_00289310	0	00289310-00289354
00289358	FUN_00289358	0	00289358-0028937c
00289380	FUN_00289380	0	00289380-002899dc
002899e0	FUN_002899e0	0	002899e0-00289b2c
00289b30	FUN_00289b30	0	00289b30-00289d28
00289d28	FUN_00289d28	0	00289d28-00289ef8
00289ef8	FUN_00289ef8	0	00289ef8-0028a52c,0028a530-0028a58c,0028a590-0028a5a4
0028a5a8	FUN_0028a5a8	0	0028a5a8-0028a754,0028a758-0028a7cc,0028a7d0-0028a890
0028a908	FUN_0028a908	0	0028a908-0028a980
0028a980	FUN_0028a980	0	0028a980-0028aa3c
0028aa40	FUN_0028aa40	0	0028aa40-0028ab20
0028ab20	FUN_0028ab20	0	0028ab20-0028abe0
0028abe0	FUN_0028abe0	0	0028abe0-0028ac98
0028ac98	FUN_0028ac98	0	0028ac98-0028acb8
0028acb8	FUN_0028acb8	0	0028acb8-0028acc4
0028acc8	FUN_0028acc8	0	0028acc8-0028ad50
0028ad50	FUN_0028ad50	0	0028ad50-0028ae28
0028ae28	FUN_0028ae28	0	0028ae28-0028ae98
0028ae98	FUN_0028ae98	0	0028ae98-0028af14
0028af18	FUN_0028af18	0	0028af18-0028af24
0028af28	FUN_0028af28	0	0028af28-0028af3c
0028af40	FUN_0028af40	0	0028af40-0028af5c
0028af78	FUN_0028af78	0	0028af78-0028af88
0028af88	FUN_0028af88	0	0028af88-0028af90
0028af90	FUN_0028af90	0	0028af90-0028afa4
0028afa8	FUN_0028afa8	0	0028afa8-0028afb0
0028afd0	FUN_0028afd0	0	0028afd0-0028b038
0028b038	FUN_0028b038	0	0028b038-0028b040
0028b040	FUN_0028b040	0	0028b040-0028b078
0028b078	FUN_0028b078	0	0028b078-0028b0dc
0028b0e0	FUN_0028b0e0	0	0028b0e0-0028b120
0028b120	FUN_0028b120	0	0028b120-0028b160
0028b160	FUN_0028b160	0	0028b160-0028b1ac
0028b1b0	FUN_0028b1b0	0	0028b1b0-0028b1b8
0028b1b8	FUN_0028b1b8	0	0028b1b8-0028b1c0
0028b1c0	FUN_0028b1c0	0	0028b1c0-0028b1e4
0028b1e8	FUN_0028b1e8	0	0028b1e8-0028b1f4
0028b200	FUN_0028b200	0	0028b200-0028b20c
0028b210	FUN_0028b210	0	0028b210-0028b218
0028b218	FUN_0028b218	0	0028b218-0028b244
0028b248	FUN_0028b248	0	0028b248-0028b250
0028b258	FUN_0028b258	0	0028b258-0028b2fc
0028b300	FUN_0028b300	0	0028b300-0028b3c0
0028b3c0	FUN_0028b3c0	0	0028b3c0-0028b4bc
0028b4c0	FUN_0028b4c0	0	0028b4c0-0028b4ec
0028b4f0	FUN_0028b4f0	0	0028b4f0-0028b51c
0028b520	FUN_0028b520	0	0028b520-0028b5f0
0028b6f0	FUN_0028b6f0	0	0028b6f0-0028b71c
0028b720	FUN_0028b720	0	0028b720-0028b74c
0028b750	FUN_0028b750	0	0028b750-0028b784
0028b788	FUN_0028b788	0	0028b788-0028b7bc
0028b7f8	FUN_0028b7f8	0	0028b7f8-0028b830
0028b830	FUN_0028b830	0	0028b830-0028b86c
0028b870	FUN_0028b870	0	0028b870-0028b89c
0028b8a0	FUN_0028b8a0	0	0028b8a0-0028b8cc
0028b8d0	FUN_0028b8d0	0	0028b8d0-0028b8d8
0028b8d8	FUN_0028b8d8	0	0028b8d8-0028b8e0
0028b8e0	FUN_0028b8e0	0	0028b8e0-0028b940
0028b940	FUN_0028b940	0	0028b940-0028b9b0
0028b9b0	FUN_0028b9b0	0	0028b9b0-0028ba20
0028ba20	FUN_0028ba20	0	0028ba20-0028ba7c
0028ba80	FUN_0028ba80	0	0028ba80-0028badc
0028bae0	FUN_0028bae0	0	0028bae0-0028bd60
0028bd60	FUN_0028bd60	0	0028bd60-0028bdb8
0028bdb8	FUN_0028bdb8	0	0028bdb8-0028be14
0028be18	FUN_0028be18	0	0028be18-0028be58
0028be58	FUN_0028be58	0	0028be58-0028be74
0028be78	FUN_0028be78	0	0028be78-0028bfbc
0028bfc0	FUN_0028bfc0	0	0028bfc0-0028c0a0
0028c0a0	FUN_0028c0a0	0	0028c0a0-0028c11c
0028c170	FUN_0028c170	0	0028c170-0028c198
0028c198	FUN_0028c198	0	0028c198-0028c2c4
0028c2c8	FUN_0028c2c8	0	0028c2c8-0028c380
0028c3f0	FUN_0028c3f0	0	0028c3f0-0028c4f4
0028c4f8	FUN_0028c4f8	0	0028c4f8-0028c5d8
0028c7c0	FUN_0028c7c0	0	0028c7c0-0028c834
0028c838	FUN_0028c838	0	0028c838-0028c854
0028c878	FUN_0028c878	0	0028c878-0028ca74
0028ca78	FUN_0028ca78	0	0028ca78-0028cbf4
0028cbf8	FUN_0028cbf8	0	0028cbf8-0028cc08
0028cc08	FUN_0028cc08	0	0028cc08-0028cc3c
0028cc40	FUN_0028cc40	0	0028cc40-0028cc74
0028cc78	FUN_0028cc78	0	0028cc78-0028cdb8
0028cdb8	FUN_0028cdb8	0	0028cdb8-0028ce34
0028ce38	FUN_0028ce38	0	0028ce38-0028ce94
0028ce98	FUN_0028ce98	0	0028ce98-0028cf10
0028cf10	FUN_0028cf10	0	0028cf10-0028cf28
0028cf28	FUN_0028cf28	0	0028cf28-0028cf98
0028cf98	FUN_0028cf98	0	0028cf98-0028d008
0028d008	FUN_0028d008	0	0028d008-0028d064
0028d068	FUN_0028d068	0	0028d068-0028d0c8
0028d0c8	FUN_0028d0c8	0	0028d0c8-0028d0e0
0028d0e0	FUN_0028d0e0	0	0028d0e0-0028d0f8
0028d0f8	FUN_0028d0f8	0	0028d0f8-0028d140
0028d140	FUN_0028d140	0	0028d140-0028d188
0028d188	FUN_0028d188	0	0028d188-0028d1bc
0028d1c0	FUN_0028d1c0	0	0028d1c0-0028d2a0
0028d2a0	FUN_0028d2a0	0	0028d2a0-0028d320
0028d320	FUN_0028d320	0	0028d320-0028d5d0
0028d5d0	FUN_0028d5d0	0	0028d5d0-0028d61c
0028d620	FUN_0028d620	0	0028d620-0028d65c
0028d660	FUN_0028d660	0	0028d660-0028d6e4
0028d6e8	FUN_0028d6e8	0	0028d6e8-0028d704
0028d708	FUN_0028d708	0	0028d708-0028d730
0028d730	FUN_0028d730	0	0028d730-0028d7f0
0028d7f0	FUN_0028d7f0	0	0028d7f0-0028d8c0
0028d8c0	FUN_0028d8c0	0	0028d8c0-0028d980
0028d980	FUN_0028d980	0	0028d980-0028da70
0028da70	FUN_0028da70	0	0028da70-0028dac4
0028dac8	FUN_0028dac8	0	0028dac8-0028dadc
0028dae0	FUN_0028dae0	0	0028dae0-0028db44
0028db48	FUN_0028db48	0	0028db48-0028db9c
0028dba0	FUN_0028dba0	0	0028dba0-0028dbf4
0028dbf8	FUN_0028dbf8	0	0028dbf8-0028dcc0
0028dcc0	FUN_0028dcc0	0	0028dcc0-0028dd28
0028dd28	FUN_0028dd28	0	0028dd28-0028dd90
0028dd90	FUN_0028dd90	0	0028dd90-0028ddd4
0028ddd8	FUN_0028ddd8	0	0028ddd8-0028de08
0028de08	FUN_0028de08	0	0028de08-0028def0
0028def0	FUN_0028def0	0	0028def0-0028dfcc
0028dfe8	FUN_0028dfe8	0	0028dfe8-0028e000
0028e000	FUN_0028e000	0	0028e000-0028e03c
0028e040	FUN_0028e040	0	0028e040-0028e07c
0028e080	FUN_0028e080	0	0028e080-0028e0d8
0028e0d8	FUN_0028e0d8	0	0028e0d8-0028e190
0028e190	FUN_0028e190	0	0028e190-0028e2a4
0028e2a8	FUN_0028e2a8	0	0028e2a8-0028e34c
0028e350	FUN_0028e350	0	0028e350-0028e3b4
0028e3b8	FUN_0028e3b8	0	0028e3b8-0028e438
0028e438	FUN_0028e438	0	0028e438-0028e4c4
0028e4c8	FUN_0028e4c8	0	0028e4c8-0028e50c
0028e510	FUN_0028e510	0	0028e510-0028e560
0028e560	FUN_0028e560	0	0028e560-0028e5e0
0028e5e0	FUN_0028e5e0	0	0028e5e0-0028e650
0028e650	FUN_0028e650	0	0028e650-0028e678
0028e678	FUN_0028e678	0	0028e678-0028e6bc
0028e6c0	FUN_0028e6c0	0	0028e6c0-0028e70c
0028e710	FUN_0028e710	0	0028e710-0028e744
0028e748	FUN_0028e748	0	0028e748-0028e798
0028e798	FUN_0028e798	0	0028e798-0028e7d8
0028e7d8	FUN_0028e7d8	0	0028e7d8-0028e81c
0028e820	FUN_0028e820	0	0028e820-0028e86c
0028e870	FUN_0028e870	0	0028e870-0028e8b4
0028e8b8	FUN_0028e8b8	0	0028e8b8-0028e920
0028e920	FUN_0028e920	0	0028e920-0028e96c
0028e970	FUN_0028e970	0	0028e970-0028e9cc
0028e9d0	FUN_0028e9d0	0	0028e9d0-0028ea30
0028ea30	FUN_0028ea30	0	0028ea30-0028eab4
0028eab8	FUN_0028eab8	0	0028eab8-0028eafc
0028eb00	FUN_0028eb00	0	0028eb00-0028eb34
0028eb38	FUN_0028eb38	0	0028eb38-0028eb88
0028eb88	FUN_0028eb88	0	0028eb88-0028ebf0
0028ebf0	FUN_0028ebf0	0	0028ebf0-0028ebf8
0028ebf8	FUN_0028ebf8	0	0028ebf8-0028edec
0028f1e0	FUN_0028f1e0	0	0028f1e0-0028f27c
0028f280	FUN_0028f280	0	0028f280-0028f3e4
0028f3e8	FUN_0028f3e8	0	0028f3e8-0028f49c
0028f4a0	FUN_0028f4a0	0	0028f4a0-0028f4d4
0028f4d8	FUN_0028f4d8	0	0028f4d8-0028f68c
0028f690	FUN_0028f690	0	0028f690-0028f6ec
0028f6f0	FUN_0028f6f0	0	0028f6f0-0028f7a0
0028f7a0	FUN_0028f7a0	0	0028f7a0-0028f7e4
0028f7e8	FUN_0028f7e8	0	0028f7e8-0028f874
0028f878	FUN_0028f878	0	0028f878-0028f92c
0028f930	FUN_0028f930	0	0028f930-0028f9d8
0028fa98	FUN_0028fa98	0	0028fa98-0028fb28
0028fb28	FUN_0028fb28	0	0028fb28-0028fb64
0028fb68	FUN_0028fb68	0	0028fb68-0028fb84
0028fb88	FUN_0028fb88	0	0028fb88-0028fc78
0028fc78	FUN_0028fc78	0	0028fc78-0028fd68
0028fd68	FUN_0028fd68	0	0028fd68-0028fdcc
0028fdd0	FUN_0028fdd0	0	0028fdd0-0028fe34
0028fe38	FUN_0028fe38	0	0028fe38-0028fefc
0028ff00	FUN_0028ff00	0	0028ff00-0028ff18
0028ff18	FUN_0028ff18	0	0028ff18-0028ff68
0028ff68	FUN_0028ff68	0	0028ff68-0028ffe8
0028ffe8	FUN_0028ffe8	0	0028ffe8-00290060
00290060	FUN_00290060	0	00290060-00290098
00290098	FUN_00290098	0	00290098-00290198
00290198	FUN_00290198	0	00290198-00290298
00290298	FUN_00290298	0	00290298-002902fc
00290300	FUN_00290300	0	00290300-00290364
00290368	FUN_00290368	0	00290368-0029041c
00290420	FUN_00290420	0	00290420-00290438
00290438	FUN_00290438	0	00290438-00290488
00290488	FUN_00290488	0	00290488-00290508
00290508	FUN_00290508	0	00290508-00290580
00290580	FUN_00290580	0	00290580-002905b8
002905b8	FUN_002905b8	0	002905b8-0029060c
00290610	FUN_00290610	0	00290610-00290664
00290668	FUN_00290668	0	00290668-00290704
00290708	FUN_00290708	0	00290708-0029071c
00290738	FUN_00290738	0	00290738-00290740
00290740	FUN_00290740	0	00290740-0029075c
00290760	FUN_00290760	0	00290760-002907c0
002907c0	FUN_002907c0	0	002907c0-00290820
00290820	FUN_00290820	0	00290820-00290844
00290848	FUN_00290848	0	00290848-0029086c
00290870	FUN_00290870	0	00290870-002908a4
002908a8	FUN_002908a8	0	002908a8-002908ec
002908f0	FUN_002908f0	0	002908f0-0029093c
00290940	FUN_00290940	0	00290940-00290948
00290948	FUN_00290948	0	00290948-0029095c
00290960	FUN_00290960	0	00290960-002909f0
002909f0	FUN_002909f0	0	002909f0-00290a10
00290a10	FUN_00290a10	0	00290a10-00290a60
00290a60	FUN_00290a60	0	00290a60-00290a90
00290a90	FUN_00290a90	0	00290a90-00290b00
00290b00	FUN_00290b00	0	00290b00-00290b70
00290b70	FUN_00290b70	0	00290b70-00290c30
00290c30	FUN_00290c30	0	00290c30-00290cf0
00290cf0	FUN_00290cf0	0	00290cf0-00290d68
00290d68	FUN_00290d68	0	00290d68-00290f74
00290f78	FUN_00290f78	0	00290f78-00291064
00291068	FUN_00291068	0	00291068-0029110c
00291110	FUN_00291110	0	00291110-002911f4
002911f8	FUN_002911f8	0	002911f8-00291284
00291288	FUN_00291288	0	00291288-00291354
00291358	FUN_00291358	0	00291358-0029136c
00291370	FUN_00291370	0	00291370-00291380
00291380	FUN_00291380	0	00291380-002914a4
002914a8	FUN_002914a8	0	002914a8-00291510
00291510	FUN_00291510	0	00291510-00291918
00291918	FUN_00291918	0	00291918-00291ba8
00291ba8	FUN_00291ba8	0	00291ba8-00291de0
00291de0	FUN_00291de0	0	00291de0-002920ac,002920b0-002920c0
002920c0	FUN_002920c0	0	002920c0-00292148
00292148	FUN_00292148	0	00292148-002921d0
002921d0	FUN_002921d0	0	002921d0-00292258
00292258	FUN_00292258	0	00292258-002922e0
002922e0	FUN_002922e0	0	002922e0-002924d0
002924d0	FUN_002924d0	0	002924d0-0029251c
00292520	FUN_00292520	0	00292520-0029253c
00292550	FUN_00292550	0	00292550-00292568
00292568	FUN_00292568	0	00292568-002925c0
002925c0	FUN_002925c0	0	002925c0-00292608
00292608	FUN_00292608	0	00292608-0029261c
00292630	FUN_00292630	0	00292630-0029268c
00292690	FUN_00292690	0	00292690-002926a4
002926a8	FUN_002926a8	0	002926a8-002926c0
002926c0	FUN_002926c0	0	002926c0-002927b4
002927b8	FUN_002927b8	0	002927b8-00292870
00292870	FUN_00292870	0	00292870-002928ec
00292998	FUN_00292998	0	00292998-00292a58
00292a58	FUN_00292a58	0	00292a58-00292a90
00292a90	FUN_00292a90	0	00292a90-00292aec
00292af0	FUN_00292af0	0	00292af0-00292b24,00292b28-00292b40
00292b40	FUN_00292b40	0	00292b40-00292e60
00292eb0	FUN_00292eb0	0	00292eb0-00292f14
00292f18	FUN_00292f18	0	00292f18-00292fe4
00292fe8	FUN_00292fe8	0	00292fe8-002930d4
002930d8	FUN_002930d8	0	002930d8-00293144
00293148	FUN_00293148	0	00293148-0029318c,00293190-002931a4
002931a8	FUN_002931a8	0	002931a8-002931fc
00293200	FUN_00293200	0	00293200-0029323c
00293240	FUN_00293240	0	00293240-002932f4
002932f8	FUN_002932f8	0	002932f8-0029334c
00293350	FUN_00293350	0	00293350-002933b8
002933b8	FUN_002933b8	0	002933b8-002933d8
002933d8	FUN_002933d8	0	002933d8-002934b4,002934b8-002934e4,002934e8-002934fc
00293520	FUN_00293520	0	00293520-00293644,00293648-00293664
00293668	FUN_00293668	0	00293668-002936d8
002936e8	FUN_002936e8	0	002936e8-002936f4
002936f8	FUN_002936f8	0	002936f8-00293704
00293780	FUN_00293780	0	00293780-002937c0
002937c0	FUN_002937c0	0	002937c0-00293848
002938e0	FUN_002938e0	0	002938e0-002938ec
002938f0	FUN_002938f0	0	002938f0-00293948
00293948	FUN_00293948	0	00293948-00293b08
00293b70	FUN_00293b70	0	00293b70-00293b9c
00293ba0	FUN_00293ba0	0	00293ba0-00293bac
00293bb0	FUN_00293bb0	0	00293bb0-00293bc0
00293bc0	FUN_00293bc0	0	00293bc0-00293bcc
00293bd0	FUN_00293bd0	0	00293bd0-00293c3c
00293c40	FUN_00293c40	0	00293c40-00293cb4
00293cb8	FUN_00293cb8	0	00293cb8-00293d80
00293d80	FUN_00293d80	0	00293d80-00293da0
00293da0	FUN_00293da0	0	00293da0-00293db4
00293db8	FUN_00293db8	0	00293db8-00293de4
00293de8	FUN_00293de8	0	00293de8-00293e00
00293e00	FUN_00293e00	0	00293e00-00293eb0
00293eb0	FUN_00293eb0	0	00293eb0-00293f3c
00293f40	FUN_00293f40	0	00293f40-00293f74
00293f78	FUN_00293f78	0	00293f78-00293fac
00293fb0	FUN_00293fb0	0	00293fb0-00293fc0
00293fc0	FUN_00293fc0	0	00293fc0-00294000
00294000	FUN_00294000	0	00294000-00294020
00294020	FUN_00294020	0	00294020-002941a8
002941a8	FUN_002941a8	0	002941a8-002941d4
002941d8	FUN_002941d8	0	002941d8-00294204
00294208	FUN_00294208	0	00294208-00294268
00294268	FUN_00294268	0	00294268-00294288
00294288	FUN_00294288	0	00294288-00294344
00294348	FUN_00294348	0	00294348-00294368
00294368	FUN_00294368	0	00294368-002943b0
002943b0	FUN_002943b0	0	002943b0-002943e4
002943e8	FUN_002943e8	0	002943e8-00294408
00294408	FUN_00294408	0	00294408-0029447c
00294480	FUN_00294480	0	00294480-002944d0
002944d0	FUN_002944d0	0	002944d0-002944f8
002944f8	FUN_002944f8	0	002944f8-0029454c
00294550	FUN_00294550	0	00294550-002945a0
002945a0	FUN_002945a0	0	002945a0-002945a8
002945a8	FUN_002945a8	0	002945a8-002945e4
002945e8	FUN_002945e8	0	002945e8-00294998
00294998	FUN_00294998	0	00294998-00294b80
00294b80	FUN_00294b80	0	00294b80-00294cac,00294cb0-00294e44
00294e48	FUN_00294e48	0	00294e48-00294ea4
00294ea8	FUN_00294ea8	0	00294ea8-00294efc
00294f00	FUN_00294f00	0	00294f00-00294f74
00294f78	FUN_00294f78	0	00294f78-00295154
00295158	FUN_00295158	0	00295158-00295224
00295228	FUN_00295228	0	00295228-00295270
00295270	FUN_00295270	0	00295270-002952f4
002952f8	FUN_002952f8	0	002952f8-002953c8
002953c8	FUN_002953c8	0	002953c8-0029542c
00295430	FUN_00295430	0	00295430-002954dc
002954e0	FUN_002954e0	0	002954e0-00295504
00295508	FUN_00295508	0	00295508-002955a4
002955a8	FUN_002955a8	0	002955a8-00295668
00295668	FUN_00295668	0	00295668-0029569c
002956a0	FUN_002956a0	0	002956a0-002956bc
002956c0	FUN_002956c0	0	002956c0-0029570c
00295710	FUN_00295710	0	00295710-002957b8
00295810	FUN_00295810	0	00295810-00295860
00295860	FUN_00295860	0	00295860-00295868
00295868	FUN_00295868	0	00295868-002958ac
002958b0	FUN_002958b0	0	002958b0-00295d28
00295d28	FUN_00295d28	0	00295d28-002960d0
002960d0	FUN_002960d0	0	002960d0-00296164
00296168	FUN_00296168	0	00296168-0029633c,00296340-00296588
00296588	FUN_00296588	0	00296588-002968d4
002968d8	FUN_002968d8	0	002968d8-002969dc
002969e0	FUN_002969e0	0	002969e0-00296aac
00296ab0	FUN_00296ab0	0	00296ab0-00296b04
00296b08	FUN_00296b08	0	00296b08-00296b7c
00296b80	FUN_00296b80	0	00296b80-00296da4
00296da8	FUN_00296da8	0	00296da8-00296ea8
00296ea8	FUN_00296ea8	0	00296ea8-00296ed0
00296ed0	FUN_00296ed0	0	00296ed0-00296f28
00296f80	FUN_00296f80	0	00296f80-00296f8c
00296f90	FUN_00296f90	0	00296f90-00296f9c
00296fa0	FUN_00296fa0	0	00296fa0-00296fd0
00296fd0	FUN_00296fd0	0	00296fd0-00297008
00297008	FUN_00297008	0	00297008-00297010
00297010	FUN_00297010	0	00297010-0029704c
00297050	FUN_00297050	0	00297050-00297478
00297478	FUN_00297478	0	00297478-00297630
00297630	FUN_00297630	0	00297630-00297764,00297768-00297874
002978d0	FUN_002978d0	0	002978d0-002978ec
00297b30	FUN_00297b30	0	00297b30-00297cf8
00297d78	FUN_00297d78	0	00297d78-00297df8
00297df8	FUN_00297df8	0	00297df8-00297e00
00297e00	FUN_00297e00	0	00297e00-00297e64
00297e68	FUN_00297e68	0	00297e68-002982ec
002982f0	FUN_002982f0	0	002982f0-002983d4
002983d8	FUN_002983d8	0	002983d8-00298410
00298410	FUN_00298410	0	00298410-00298574,00298578-002986e0
002986e0	FUN_002986e0	0	002986e0-00298984
00298988	FUN_00298988	0	00298988-00298b04,00298b08-00298c60
00298c60	FUN_00298c60	0	00298c60-00298e1c
00298e48	FUN_00298e48	0	00298e48-00298edc
00298ee0	FUN_00298ee0	0	00298ee0-00298f8c
00298f90	FUN_00298f90	0	00298f90-00298fe4
00298fe8	FUN_00298fe8	0	00298fe8-00299090
00299090	FUN_00299090	0	00299090-00299238
00299238	FUN_00299238	0	00299238-0029925c
00299260	FUN_00299260	0	00299260-00299290
00299290	FUN_00299290	0	00299290-00299404
00299550	FUN_00299550	0	00299550-002995a0
002995a0	FUN_002995a0	0	002995a0-002995a8
002995a8	FUN_002995a8	0	002995a8-002995e8
002995e8	FUN_002995e8	0	002995e8-0029991c
00299920	FUN_00299920	0	00299920-00299c74,00299c78-00299e6c
00299e70	FUN_00299e70	0	00299e70-0029a044,0029a048-0029a29c
0029a2a0	FUN_0029a2a0	0	0029a2a0-0029a310
0029a310	FUN_0029a310	0	0029a310-0029a364
0029a368	FUN_0029a368	0	0029a368-0029a3dc
0029a3e0	FUN_0029a3e0	0	0029a3e0-0029a5ec
0029a5f0	FUN_0029a5f0	0	0029a5f0-0029a714
0029a718	FUN_0029a718	0	0029a718-0029a740
0029a740	FUN_0029a740	0	0029a740-0029a780
0029a780	FUN_0029a780	0	0029a780-0029a820
0029a8e0	FUN_0029a8e0	0	0029a8e0-0029aa30
0029aa30	FUN_0029aa30	0	0029aa30-0029aabc
0029aac0	FUN_0029aac0	0	0029aac0-0029abfc
0029ac00	FUN_0029ac00	0	0029ac00-0029ad3c
0029ad40	FUN_0029ad40	0	0029ad40-0029ae2c
0029ae30	FUN_0029ae30	0	0029ae30-0029ae40
0029ae40	FUN_0029ae40	0	0029ae40-0029af20
0029af20	FUN_0029af20	0	0029af20-0029b374
0029b378	FUN_0029b378	0	0029b378-0029b694
0029b698	FUN_0029b698	0	0029b698-0029ba88
0029ba88	FUN_0029ba88	0	0029ba88-0029be04
0029be08	FUN_0029be08	0	0029be08-0029c098
0029c098	FUN_0029c098	0	0029c098-0029c2f4,0029c2f8-0029c5c8
0029c5c8	FUN_0029c5c8	0	0029c5c8-0029c880
0029c880	FUN_0029c880	0	0029c880-0029c954
0029c958	FUN_0029c958	0	0029c958-0029c9d4
0029c9d8	FUN_0029c9d8	0	0029c9d8-0029ca50
0029ca50	FUN_0029ca50	0	0029ca50-0029cb24
0029cb28	FUN_0029cb28	0	0029cb28-0029cd6c
0029cdf8	FUN_0029cdf8	0	0029cdf8-0029d008
0029d008	FUN_0029d008	0	0029d008-0029d318
0029d318	FUN_0029d318	0	0029d318-0029da68
0029da68	FUN_0029da68	0	0029da68-0029daa0
0029daa0	FUN_0029daa0	0	0029daa0-0029db84,0029db88-0029dba0
0029dba0	FUN_0029dba0	0	0029dba0-0029dd00
0029dd00	FUN_0029dd00	0	0029dd00-0029dd60
0029dd60	FUN_0029dd60	0	0029dd60-0029dda8
0029dda8	FUN_0029dda8	0	0029dda8-0029de14
0029de18	FUN_0029de18	0	0029de18-0029df98
0029df98	FUN_0029df98	0	0029df98-0029dfbc
0029dfc0	FUN_0029dfc0	0	0029dfc0-0029e04c
0029e050	FUN_0029e050	0	0029e050-0029e074
0029e0d0	FUN_0029e0d0	0	0029e0d0-0029e0f4
0029e0f8	FUN_0029e0f8	0	0029e0f8-0029e148
0029e148	FUN_0029e148	0	0029e148-0029e16c
0029e170	FUN_0029e170	0	0029e170-0029e254
0029e258	FUN_0029e258	0	0029e258-0029e294
0029e298	FUN_0029e298	0	0029e298-0029e2f8
0029e2f8	FUN_0029e2f8	0	0029e2f8-0029e334
0029e338	FUN_0029e338	0	0029e338-0029e39c
0029e3a0	FUN_0029e3a0	0	0029e3a0-0029e3dc
0029e3e0	FUN_0029e3e0	0	0029e3e0-0029e430
0029e430	FUN_0029e430	0	0029e430-0029e4c4
0029e4c8	FUN_0029e4c8	0	0029e4c8-0029e7ac
0029e7b0	FUN_0029e7b0	0	0029e7b0-0029e7e4,0029e7e8-0029e808
0029e808	FUN_0029e808	0	0029e808-0029e950
0029e950	FUN_0029e950	0	0029e950-0029e960
0029e960	FUN_0029e960	0	0029e960-0029e9cc
0029e9d0	FUN_0029e9d0	0	0029e9d0-0029ea2c
0029ea30	FUN_0029ea30	0	0029ea30-0029eaa4
0029eaa8	FUN_0029eaa8	0	0029eaa8-0029ec40
0029ec40	FUN_0029ec40	0	0029ec40-0029ec74,0029ec78-0029ec98
0029ec98	FUN_0029ec98	0	0029ec98-0029eccc,0029ecd0-0029ecf0
0029ecf0	FUN_0029ecf0	0	0029ecf0-0029edb4
0029ee30	FUN_0029ee30	0	0029ee30-0029ee38
0029ee38	FUN_0029ee38	0	0029ee38-0029ee68
0029ee68	FUN_0029ee68	0	0029ee68-0029f220
0029f220	FUN_0029f220	0	0029f220-0029f36c,0029f370-0029f51c
0029f520	FUN_0029f520	0	0029f520-0029f934
0029f938	FUN_0029f938	0	0029f938-0029fbec
0029fbf0	FUN_0029fbf0	0	0029fbf0-0029fcb0
0029fcb0	FUN_0029fcb0	0	0029fcb0-0029fee4
0029fee8	FUN_0029fee8	0	0029fee8-002a00ec
002a00f0	FUN_002a00f0	0	002a00f0-002a0168
002a0168	FUN_002a0168	0	002a0168-002a01c4
002a01c8	FUN_002a01c8	0	002a01c8-002a01fc
002a0200	FUN_002a0200	0	002a0200-002a0360
002a0360	FUN_002a0360	0	002a0360-002a039c
002a03a0	FUN_002a03a0	0	002a03a0-002a03d0
002a03d0	FUN_002a03d0	0	002a03d0-002a04e4,002a04e8-002a0518
002a0780	FUN_002a0780	0	002a0780-002a07ec
002a07f0	FUN_002a07f0	0	002a07f0-002a0860
002a0860	FUN_002a0860	0	002a0860-002a0908
002a0908	FUN_002a0908	0	002a0908-002a0cb8
002a0cb8	FUN_002a0cb8	0	002a0cb8-002a10dc
002a10e0	FUN_002a10e0	0	002a10e0-002a121c
002a1220	FUN_002a1220	0	002a1220-002a1398
002a1398	FUN_002a1398	0	002a1398-002a13e0
002a13e0	FUN_002a13e0	0	002a13e0-002a16b4
002a16b8	FUN_002a16b8	0	002a16b8-002a17e4
002a17e8	FUN_002a17e8	0	002a17e8-002a18cc
002a18d0	FUN_002a18d0	0	002a18d0-002a1a4c,002a1a50-002a1acc,002a1ad0-002a1b14
002a1b18	FUN_002a1b18	0	002a1b18-002a1bbc
002a1bc0	FUN_002a1bc0	0	002a1bc0-002a1bf8
002a1bf8	FUN_002a1bf8	0	002a1bf8-002a1c64
002a1c68	FUN_002a1c68	0	002a1c68-002a1cd4
002a1cd8	FUN_002a1cd8	0	002a1cd8-002a1d38
002a1d38	FUN_002a1d38	0	002a1d38-002a1ec8
002a1ec8	FUN_002a1ec8	0	002a1ec8-002a1f40
002a1f40	FUN_002a1f40	0	002a1f40-002a1f7c
002a1f88	FUN_002a1f88	0	002a1f88-002a200c
002a2010	FUN_002a2010	0	002a2010-002a2144
002a2148	FUN_002a2148	0	002a2148-002a2150
002a2150	FUN_002a2150	0	002a2150-002a21b0
002a21b0	FUN_002a21b0	0	002a21b0-002a239c
002a23a0	FUN_002a23a0	0	002a23a0-002a24d4,002a24d8-002a2600
002a2600	FUN_002a2600	0	002a2600-002a2814
002a2818	FUN_002a2818	0	002a2818-002a294c,002a2950-002a2a80
002a2a80	FUN_002a2a80	0	002a2a80-002a2c0c,002a2c10-002a2c40
002a2c40	FUN_002a2c40	0	002a2c40-002a2db4,002a2db8-002a2de8
002a2de8	FUN_002a2de8	0	002a2de8-002a2ff8
002a2ff8	FUN_002a2ff8	0	002a2ff8-002a3318
002a3318	FUN_002a3318	0	002a3318-002a3644
002a3648	FUN_002a3648	0	002a3648-002a3908
002a3910	FUN_002a3910	0	002a3910-002a394c
002a3950	FUN_002a3950	0	002a3950-002a3aa4
002a3aa8	FUN_002a3aa8	0	002a3aa8-002a3ba8
002a3ba8	FUN_002a3ba8	0	002a3ba8-002a40c4
002a40c8	FUN_002a40c8	0	002a40c8-002a41f0
002a41f0	FUN_002a41f0	0	002a41f0-002a437c
002a4380	FUN_002a4380	0	002a4380-002a4390
002a4390	FUN_002a4390	0	002a4390-002a43ac
002a43b0	FUN_002a43b0	0	002a43b0-002a43d0
002a43d0	FUN_002a43d0	0	002a43d0-002a43ec
002a43f0	FUN_002a43f0	0	002a43f0-002a442c
002a4430	FUN_002a4430	0	002a4430-002a446c
002a4470	FUN_002a4470	0	002a4470-002a45a0
002a45a0	FUN_002a45a0	0	002a45a0-002a461c
002a4620	FUN_002a4620	0	002a4620-002a498c
002a4990	FUN_002a4990	0	002a4990-002a49fc
002a4a00	FUN_002a4a00	0	002a4a00-002a4ad4
002a4ad8	FUN_002a4ad8	0	002a4ad8-002a4b78
002a4b78	FUN_002a4b78	0	002a4b78-002a4c64
002a4d48	FUN_002a4d48	0	002a4d48-002a4dec
002a4df0	FUN_002a4df0	0	002a4df0-002a4df8
002a4df8	FUN_002a4df8	0	002a4df8-002a4e34
002a4e38	FUN_002a4e38	0	002a4e38-002a52b0
002a52b0	FUN_002a52b0	0	002a52b0-002a5324,002a5328-002a558c
002a5590	FUN_002a5590	0	002a5590-002a5a8c
002a5a90	FUN_002a5a90	0	002a5a90-002a5b04,002a5b08-002a5bb4,002a5bb8-002a5d2c
002a5d30	FUN_002a5d30	0	002a5d30-002a5df0
002a5df0	FUN_002a5df0	0	002a5df0-002a6084
002a6088	FUN_002a6088	0	002a6088-002a628c
002a6290	FUN_002a6290	0	002a6290-002a6308
002a6308	FUN_002a6308	0	002a6308-002a6364
002a6368	FUN_002a6368	0	002a6368-002a639c
002a63a0	FUN_002a63a0	0	002a63a0-002a6500
002a6500	FUN_002a6500	0	002a6500-002a659c
002a65a0	FUN_002a65a0	0	002a65a0-002a65d0
002a65d0	FUN_002a65d0	0	002a65d0-002a66e4,002a66e8-002a6718
002a6718	FUN_002a6718	0	002a6718-002a67a8
002a67a8	FUN_002a67a8	0	002a67a8-002a6878
002a6878	FUN_002a6878	0	002a6878-002a68e8
002a6970	FUN_002a6970	0	002a6970-002a6a0c
002a6a10	FUN_002a6a10	0	002a6a10-002a6a18
002a6a18	FUN_002a6a18	0	002a6a18-002a6a50
002a6a50	FUN_002a6a50	0	002a6a50-002a6bdc
002a6be0	FUN_002a6be0	0	002a6be0-002a6e4c
002a6e50	FUN_002a6e50	0	002a6e50-002a7304
002a73d0	FUN_002a73d0	0	002a73d0-002a746c
002a7470	FUN_002a7470	0	002a7470-002a748c
002a7490	FUN_002a7490	0	002a7490-002a74c0
002a74c0	FUN_002a74c0	0	002a74c0-002a752c
002a7530	FUN_002a7530	0	002a7530-002a7584
002a7588	FUN_002a7588	0	002a7588-002a75c0
002a75c0	FUN_002a75c0	0	002a75c0-002a7678
002a7678	FUN_002a7678	0	002a7678-002a76d4
002a76d8	FUN_002a76d8	0	002a76d8-002a7758
002a7758	FUN_002a7758	0	002a7758-002a7760
002a7760	FUN_002a7760	0	002a7760-002a77a0
002a77a0	FUN_002a77a0	0	002a77a0-002a7a5c
002a7a60	FUN_002a7a60	0	002a7a60-002a7bbc,002a7bc0-002a7d10
002a7d10	FUN_002a7d10	0	002a7d10-002a7dc8
002a7dc8	FUN_002a7dc8	0	002a7dc8-002a7f20
002a7f20	FUN_002a7f20	0	002a7f20-002a7f54
002a7f58	FUN_002a7f58	0	002a7f58-002a81a8
002a81a8	FUN_002a81a8	0	002a81a8-002a8258
002a8258	FUN_002a8258	0	002a8258-002a82f4
002a8330	FUN_002a8330	0	002a8330-002a8744
002a8748	FUN_002a8748	0	002a8748-002a8764
002a8768	FUN_002a8768	0	002a8768-002a8870
002a8870	FUN_002a8870	0	002a8870-002a8920
002a8920	FUN_002a8920	0	002a8920-002a8948
002a8948	FUN_002a8948	0	002a8948-002a8a00
002a8a00	FUN_002a8a00	0	002a8a00-002a8a80
002a8a80	FUN_002a8a80	0	002a8a80-002a8a88
002a8a88	FUN_002a8a88	0	002a8a88-002a8ac8
002a8ac8	FUN_002a8ac8	0	002a8ac8-002a8d94
002a8d98	FUN_002a8d98	0	002a8d98-002a8ef4,002a8ef8-002a9048
002a9048	FUN_002a9048	0	002a9048-002a9100
002a9100	FUN_002a9100	0	002a9100-002a929c
002a92a0	FUN_002a92a0	0	002a92a0-002a92d4
002a92d8	FUN_002a92d8	0	002a92d8-002a9470
002a9470	FUN_002a9470	0	002a9470-002a94f8
002a94f8	FUN_002a94f8	0	002a94f8-002a956c
002a95a8	FUN_002a95a8	0	002a95a8-002a9888
002a9888	FUN_002a9888	0	002a9888-002a98a4
002a98a8	FUN_002a98a8	0	002a98a8-002a99c4
002a99c8	FUN_002a99c8	0	002a99c8-002a9b74,002a9b78-002a9b88
002a9b88	FUN_002a9b88	0	002a9b88-002a9c40
002a9c40	FUN_002a9c40	0	002a9c40-002a9ce8
002a9ce8	FUN_002a9ce8	0	002a9ce8-002a9d2c
002a9d30	FUN_002a9d30	0	002a9d30-002a9d68
002a9d68	FUN_002a9d68	0	002a9d68-002a9d88
002a9d88	FUN_002a9d88	0	002a9d88-002a9dec
002a9df0	FUN_002a9df0	0	002a9df0-002a9e98
002a9e98	FUN_002a9e98	0	002a9e98-002a9f50
002a9f50	FUN_002a9f50	0	002a9f50-002aa044
002aa048	FUN_002aa048	0	002aa048-002aa098
002aa098	FUN_002aa098	0	002aa098-002aa144
002aa148	FUN_002aa148	0	002aa148-002aa21c
002aa220	FUN_002aa220	0	002aa220-002aa2f8
002aa2f8	FUN_002aa2f8	0	002aa2f8-002aa378
002aa378	FUN_002aa378	0	002aa378-002aa450
002aa450	FUN_002aa450	0	002aa450-002aa4a4
002aa4a8	FUN_002aa4a8	0	002aa4a8-002aa5b8
002aa5b8	FUN_002aa5b8	0	002aa5b8-002aa668
002aa668	FUN_002aa668	0	002aa668-002aa784
002aa788	FUN_002aa788	0	002aa788-002aa8dc
002aa8e0	FUN_002aa8e0	0	002aa8e0-002aa960
002aa960	FUN_002aa960	0	002aa960-002aaa38
002aaa38	FUN_002aaa38	0	002aaa38-002aaab8
002aaab8	FUN_002aaab8	0	002aaab8-002aab90
002aab90	FUN_002aab90	0	002aab90-002aabe4
002aabe8	FUN_002aabe8	0	002aabe8-002aacd4
002aacd8	FUN_002aacd8	0	002aacd8-002aad58
002aad58	FUN_002aad58	0	002aad58-002aae30
002aae30	FUN_002aae30	0	002aae30-002aae84
002aae88	FUN_002aae88	0	002aae88-002aaf3c
002aaf40	FUN_002aaf40	0	002aaf40-002ab01c
002ab020	FUN_002ab020	0	002ab020-002ab100
002ab100	FUN_002ab100	0	002ab100-002ab180
002ab180	FUN_002ab180	0	002ab180-002ab258
002ab258	FUN_002ab258	0	002ab258-002ab2ac
002ab2b0	FUN_002ab2b0	0	002ab2b0-002ab364
002ab368	FUN_002ab368	0	002ab368-002ab444
002ab448	FUN_002ab448	0	002ab448-002ab540
002ab540	FUN_002ab540	0	002ab540-002ab61c
002ab620	FUN_002ab620	0	002ab620-002ab728
002ab728	FUN_002ab728	0	002ab728-002ab814
002ab818	FUN_002ab818	0	002ab818-002ab8e8
002ab8e8	FUN_002ab8e8	0	002ab8e8-002ab96c,002ab970-002ab9c4
002ab9c8	FUN_002ab9c8	0	002ab9c8-002abac4
002abac8	FUN_002abac8	0	002abac8-002abba8
002abba8	FUN_002abba8	0	002abba8-002abc5c
002abc60	FUN_002abc60	0	002abc60-002abce4
002abce8	FUN_002abce8	0	002abce8-002abdc4
002abdc8	FUN_002abdc8	0	002abdc8-002abe28
002abe28	FUN_002abe28	0	002abe28-002abf40
002abf40	FUN_002abf40	0	002abf40-002abff0
002abff0	FUN_002abff0	0	002abff0-002ac10c
002ac110	FUN_002ac110	0	002ac110-002ac264
002ac268	FUN_002ac268	0	002ac268-002ac2e8
002ac2e8	FUN_002ac2e8	0	002ac2e8-002ac35c,002ac360-002ac41c
002ac420	FUN_002ac420	0	002ac420-002ac538
002ac538	FUN_002ac538	0	002ac538-002ac678
002ac678	FUN_002ac678	0	002ac678-002ac748
002ac748	FUN_002ac748	0	002ac748-002ac800
002ac800	FUN_002ac800	0	002ac800-002ac8e0
002ac8e0	FUN_002ac8e0	0	002ac8e0-002ac9b0
002ac9b0	FUN_002ac9b0	0	002ac9b0-002acb1c
002acb20	FUN_002acb20	0	002acb20-002acc98
002acc98	FUN_002acc98	0	002acc98-002acda8
002acda8	FUN_002acda8	0	002acda8-002aceac
002aceb0	FUN_002aceb0	0	002aceb0-002acf48
002acf48	FUN_002acf48	0	002acf48-002ad014
002ad018	FUN_002ad018	0	002ad018-002ad110
002ad110	FUN_002ad110	0	002ad110-002ad1ac
002ad1b0	FUN_002ad1b0	0	002ad1b0-002ad258
002ad258	FUN_002ad258	0	002ad258-002ad334
002ad338	FUN_002ad338	0	002ad338-002ad390
002ad390	FUN_002ad390	0	002ad390-002ad4a4
002ad4a8	FUN_002ad4a8	0	002ad4a8-002ad580
002ad580	FUN_002ad580	0	002ad580-002ad65c
002ad660	FUN_002ad660	0	002ad660-002ad6e4
002ad6e8	FUN_002ad6e8	0	002ad6e8-002ad7d0
002ad7d0	FUN_002ad7d0	0	002ad7d0-002ad878
002ad878	FUN_002ad878	0	002ad878-002ad950
002ad950	FUN_002ad950	0	002ad950-002ad9f8
002ad9f8	FUN_002ad9f8	0	002ad9f8-002adaf0
002adaf0	FUN_002adaf0	0	002adaf0-002adbd0
002adbd0	FUN_002adbd0	0	002adbd0-002adcac
002adcb0	FUN_002adcb0	0	002adcb0-002add34,002add38-002add8c
002add90	FUN_002add90	0	002add90-002adf60
002adf60	FUN_002adf60	0	002adf60-002adfb4,002adfb8-002adfcc
002adfd0	FUN_002adfd0	0	002adfd0-002ae0c0
002ae0c0	FUN_002ae0c0	0	002ae0c0-002ae1ac
002ae1b0	FUN_002ae1b0	0	002ae1b0-002ae280
002ae280	FUN_002ae280	0	002ae280-002ae320
002ae320	FUN_002ae320	0	002ae320-002ae660
002ae660	FUN_002ae660	0	002ae660-002ae764
002ae768	FUN_002ae768	0	002ae768-002ae88c
002ae890	FUN_002ae890	0	002ae890-002ae908
002ae908	FUN_002ae908	0	002ae908-002aea94
002aeb28	FUN_002aeb28	0	002aeb28-002aeba0
002aeba0	FUN_002aeba0	0	002aeba0-002aece8
002aece8	FUN_002aece8	0	002aece8-002aecf0
002aecf0	FUN_002aecf0	0	002aecf0-002aed60
002aed60	FUN_002aed60	0	002aed60-002af010
002af010	FUN_002af010	0	002af010-002af09c
002af0a0	FUN_002af0a0	0	002af0a0-002af254,002af258-002af414
002af418	FUN_002af418	0	002af418-002af744
002af748	FUN_002af748	0	002af748-002afaec
002afaf0	FUN_002afaf0	0	002afaf0-002afe14
002afe18	FUN_002afe18	0	002afe18-002aff8c,002aff90-002b01d4
002b01d8	FUN_002b01d8	0	002b01d8-002b05f4
002b05f8	FUN_002b05f8	0	002b05f8-002b094c
002b0950	FUN_002b0950	0	002b0950-002b0de0
002b0de0	FUN_002b0de0	0	002b0de0-002b0e74
002b0e78	FUN_002b0e78	0	002b0e78-002b0fc4
002b0fc8	FUN_002b0fc8	0	002b0fc8-002b1208
002b1208	FUN_002b1208	0	002b1208-002b12a0
002b12a0	FUN_002b12a0	0	002b12a0-002b14ec
002b14f0	FUN_002b14f0	0	002b14f0-002b1660
002b1660	FUN_002b1660	0	002b1660-002b16d8
002b16d8	FUN_002b16d8	0	002b16d8-002b1704
002b1708	FUN_002b1708	0	002b1708-002b182c,002b1830-002b1850
002b1850	FUN_002b1850	0	002b1850-002b19fc
002b1a00	FUN_002b1a00	0	002b1a00-002b1a9c
002b1aa0	FUN_002b1aa0	0	002b1aa0-002b1af0
002b1af0	FUN_002b1af0	0	002b1af0-002b1bd0
002b1bd0	FUN_002b1bd0	0	002b1bd0-002b1db8
002b1db8	FUN_002b1db8	0	002b1db8-002b20b4
002b20b8	FUN_002b20b8	0	002b20b8-002b2220
002b2220	FUN_002b2220	0	002b2220-002b2338
002b2338	FUN_002b2338	0	002b2338-002b2380
002b2380	FUN_002b2380	0	002b2380-002b23dc
002b23e0	FUN_002b23e0	0	002b23e0-002b2428
002b2428	FUN_002b2428	0	002b2428-002b24c8
002b24c8	FUN_002b24c8	0	002b24c8-002b27c8
002b27c8	FUN_002b27c8	0	002b27c8-002b2840
002b2840	FUN_002b2840	0	002b2840-002b28ac
002b28b0	FUN_002b28b0	0	002b28b0-002b2a18
002b2a18	FUN_002b2a18	0	002b2a18-002b2c80
002b2c80	FUN_002b2c80	0	002b2c80-002b2d44
002b2d48	FUN_002b2d48	0	002b2d48-002b2da4
002b2da8	FUN_002b2da8	0	002b2da8-002b2f24
002b2f28	FUN_002b2f28	0	002b2f28-002b304c
002b3050	FUN_002b3050	0	002b3050-002b31c0
002b31c0	FUN_002b31c0	0	002b31c0-002b3314
002b3318	FUN_002b3318	0	002b3318-002b3420
002b3420	FUN_002b3420	0	002b3420-002b3440
002b3440	FUN_002b3440	0	002b3440-002b3854,002b3858-002b3904
002b3ac8	FUN_002b3ac8	0	002b3ac8-002b3ae8
002b3ae8	FUN_002b3ae8	0	002b3ae8-002b3b60
002b3b60	FUN_002b3b60	0	002b3b60-002b3b78
002b3b78	FUN_002b3b78	0	002b3b78-002b3c38
002b3c38	FUN_002b3c38	0	002b3c38-002b3d00
002b3d00	FUN_002b3d00	0	002b3d00-002b3df8
002b3df8	FUN_002b3df8	0	002b3df8-002b3ef0
002b3ef0	FUN_002b3ef0	0	002b3ef0-002b3fb0
002b3fb0	FUN_002b3fb0	0	002b3fb0-002b4070
002b4070	FUN_002b4070	0	002b4070-002b4370
002b4370	FUN_002b4370	0	002b4370-002b4388
002b4388	FUN_002b4388	0	002b4388-002b4440
002b4440	FUN_002b4440	0	002b4440-002b47a0
002b47a0	FUN_002b47a0	0	002b47a0-002b4ac4
002b4ac8	FUN_002b4ac8	0	002b4ac8-002b4adc
002b4ae0	FUN_002b4ae0	0	002b4ae0-002b4aec
002b4af0	FUN_002b4af0	0	002b4af0-002b4afc
002b4b00	FUN_002b4b00	0	002b4b00-002b4c0c
002b4c10	FUN_002b4c10	0	002b4c10-002b4c84
002b4c88	FUN_002b4c88	0	002b4c88-002b4dcc
002b4dd0	FUN_002b4dd0	0	002b4dd0-002b4ee0
002b4ee0	FUN_002b4ee0	0	002b4ee0-002b4f4c
002b4f50	FUN_002b4f50	0	002b4f50-002b4fb4
002b4fb8	FUN_002b4fb8	0	002b4fb8-002b4ff8
002b4ff8	FUN_002b4ff8	0	002b4ff8-002b5074
002b5078	FUN_002b5078	0	002b5078-002b50e4
002b50e8	FUN_002b50e8	0	002b50e8-002b50f8
002b50f8	FUN_002b50f8	0	002b50f8-002b5104
002b5108	FUN_002b5108	0	002b5108-002b5184
002b5188	FUN_002b5188	0	002b5188-002b5490
002b5490	FUN_002b5490	0	002b5490-002b54f8
002b54f8	FUN_002b54f8	0	002b54f8-002b5558
002b5558	FUN_002b5558	0	002b5558-002b55e0
002b55e0	FUN_002b55e0	0	002b55e0-002b5654
002b5658	FUN_002b5658	0	002b5658-002b56e8
002b56e8	FUN_002b56e8	0	002b56e8-002b5764
002b5768	FUN_002b5768	0	002b5768-002b57e0
002b57e0	FUN_002b57e0	0	002b57e0-002b5978
002b5978	FUN_002b5978	0	002b5978-002b5a20
002b5a20	FUN_002b5a20	0	002b5a20-002b5a4c
002b5a50	FUN_002b5a50	0	002b5a50-002b5aec
002b5af0	FUN_002b5af0	0	002b5af0-002b5b0c
002b5b10	FUN_002b5b10	0	002b5b10-002b5b34
002b5b38	FUN_002b5b38	0	002b5b38-002b5c14,002b5c18-002b5c30
002b5c30	FUN_002b5c30	0	002b5c30-002b60e4
002b60e8	FUN_002b60e8	0	002b60e8-002b6118
002b6118	FUN_002b6118	0	002b6118-002b6134
002b6138	FUN_002b6138	0	002b6138-002b6238
002b6298	FUN_002b6298	0	002b6298-002b6338
002b6338	FUN_002b6338	0	002b6338-002b63a4
002b63a8	FUN_002b63a8	0	002b63a8-002b6414
002b6418	FUN_002b6418	0	002b6418-002b64c4
002b64c8	FUN_002b64c8	0	002b64c8-002b64d4
002b64d8	FUN_002b64d8	0	002b64d8-002b652c
002b6530	FUN_002b6530	0	002b6530-002b6550
002b6550	FUN_002b6550	0	002b6550-002b6678
002b6678	FUN_002b6678	0	002b6678-002b6708
002b6708	FUN_002b6708	0	002b6708-002b691c
002b691c	FUN_002b691c	0	002b691c-002b6ab8
002b6ab8	FUN_002b6ab8	0	002b6ab8-002b6adc
002b6adc	FUN_002b6adc	0	002b6adc-002b6b24
002b6b24	FUN_002b6b24	0	002b6b24-002b6b84
002b6b84	FUN_002b6b84	0	002b6b84-002b6bc4
002b6bc4	FUN_002b6bc4	0	002b6bc4-002b6c04
002b6c04	FUN_002b6c04	0	002b6c04-002b6c44
002b6c44	FUN_002b6c44	0	002b6c44-002b6d34
002b6d34	FUN_002b6d34	0	002b6d34-002b6e24
002b6e24	FUN_002b6e24	0	002b6e24-002b6f28
002b6f28	FUN_002b6f28	0	002b6f28-002b6f78
002b6f78	FUN_002b6f78	0	002b6f78-002b7010
002b7010	FUN_002b7010	0	002b7010-002b7078
002b7078	FUN_002b7078	0	002b7078-002b70b8
002b70b8	FUN_002b70b8	0	002b70b8-002b7108
002b7108	FUN_002b7108	0	002b7108-002b7148
002b7148	FUN_002b7148	0	002b7148-002b726c
002b726c	FUN_002b726c	0	002b726c-002b72e4
002b72e4	FUN_002b72e4	0	002b72e4-002b7334
002b7334	FUN_002b7334	0	002b7334-002b73ac
002b73ac	FUN_002b73ac	0	002b73ac-002b740c
002b740c	FUN_002b740c	0	002b740c-002b7440
002b7440	FUN_002b7440	0	002b7440-002b788c
002b788c	FUN_002b788c	0	002b788c-002b78ec
002b78ec	FUN_002b78ec	0	002b78ec-002b792c
002b792c	FUN_002b792c	0	002b792c-002b797c
002b797c	FUN_002b797c	0	002b797c-002b79cc
002b79cc	FUN_002b79cc	0	002b79cc-002b7c34
002b7c34	FUN_002b7c34	0	002b7c34-002b7ca4
002b7ca4	FUN_002b7ca4	0	002b7ca4-002b7cec
002b7cec	FUN_002b7cec	0	002b7cec-002b7d5c
002b7d5c	FUN_002b7d5c	0	002b7d5c-002b7db4
002b7db4	FUN_002b7db4	0	002b7db4-002b7e34
002b7e34	FUN_002b7e34	0	002b7e34-002b7e74
002b7e74	FUN_002b7e74	0	002b7e74-002b7ebc
002b7ebc	FUN_002b7ebc	0	002b7ebc-002b7efc
002b7efc	FUN_002b7efc	0	002b7efc-002b7f3c
002b7f3c	FUN_002b7f3c	0	002b7f3c-002b7f84
002b7f84	FUN_002b7f84	0	002b7f84-002b7fbc
002b7fbc	FUN_002b7fbc	0	002b7fbc-002b7ffc
002b7ffc	FUN_002b7ffc	0	002b7ffc-002b803c
002b803c	FUN_002b803c	0	002b803c-002b807c
002b807c	FUN_002b807c	0	002b807c-002b81b8
002b81b8	FUN_002b81b8	0	002b81b8-002b81ec
002b81ec	FUN_002b81ec	0	002b81ec-002b8214
002b8214	FUN_002b8214	0	002b8214-002b823c
002b823c	FUN_002b823c	0	002b823c-002b8274
002b8274	FUN_002b8274	0	002b8274-002b82f8
002b82f8	FUN_002b82f8	0	002b82f8-002b8374
002b8374	FUN_002b8374	0	002b8374-002b83b4
002b83b4	FUN_002b83b4	0	002b83b4-002b83ec
002b83ec	FUN_002b83ec	0	002b83ec-002b8434
002b8434	FUN_002b8434	0	002b8434-002b84b8
002b84b8	FUN_002b84b8	0	002b84b8-002b8534
002b8534	FUN_002b8534	0	002b8534-002b85e4
002b85e4	FUN_002b85e4	0	002b85e4-002b8694
002b8694	FUN_002b8694	0	002b8694-002b871c
002b871c	FUN_002b871c	0	002b871c-002b8824
002b8824	FUN_002b8824	0	002b8824-002b8984
002b8984	FUN_002b8984	0	002b8984-002b89e4
002b89e4	FUN_002b89e4	0	002b89e4-002b8a70
002b8a70	FUN_002b8a70	0	002b8a70-002b8ac0
002b8ac0	FUN_002b8ac0	0	002b8ac0-002b8c78
002b8c78	FUN_002b8c78	0	002b8c78-002b9404
002b9404	FUN_002b9404	0	002b9404-002b95e8
002b95e8	FUN_002b95e8	0	002b95e8-002b96a4
002b96a4	FUN_002b96a4	0	002b96a4-002b9728
002b9728	FUN_002b9728	0	002b9728-002b97d8
002b97d8	FUN_002b97d8	0	002b97d8-002b986c
002b986c	FUN_002b986c	0	002b986c-002b9968
002b9968	FUN_002b9968	0	002b9968-002b99a0
002b99a0	FUN_002b99a0	0	002b99a0-002b99c8
002b99c8	FUN_002b99c8	0	002b99c8-002b9a00
002b9a00	FUN_002b9a00	0	002b9a00-002b9a38
002b9a38	FUN_002b9a38	0	002b9a38-002b9a78
002b9a78	FUN_002b9a78	0	002b9a78-002b9ab8
002b9ab8	FUN_002b9ab8	0	002b9ab8-002b9acc
002b9ad0	FUN_002b9ad0	0	002b9ad0-002b9b74
002b9b78	FUN_002b9b78	0	002b9b78-002b9bd0
002b9bd0	FUN_002b9bd0	0	002b9bd0-002b9c30
002b9c30	FUN_002b9c30	0	002b9c30-002b9c5c
002b9c80	FUN_002b9c80	0	002b9c80-002b9e80
002b9e80	FUN_002b9e80	0	002b9e80-002b9ecc
002b9ed0	FUN_002b9ed0	0	002b9ed0-002b9f24
002b9f28	FUN_002b9f28	0	002b9f28-002b9fb0
002b9fb0	FUN_002b9fb0	0	002b9fb0-002ba03c
002ba040	FUN_002ba040	0	002ba040-002ba0ac
002ba0b0	FUN_002ba0b0	0	002ba0b0-002ba0f4
002ba0f8	FUN_002ba0f8	0	002ba0f8-002ba13c
002ba140	FUN_002ba140	0	002ba140-002ba188
002ba188	FUN_002ba188	0	002ba188-002ba1a0
002ba1a0	FUN_002ba1a0	0	002ba1a0-002ba1b4
002ba1b8	FUN_002ba1b8	0	002ba1b8-002ba200
002ba200	FUN_002ba200	0	002ba200-002ba21c
002ba220	FUN_002ba220	0	002ba220-002ba298
002ba298	FUN_002ba298	0	002ba298-002ba2ac
002ba2b0	FUN_002ba2b0	0	002ba2b0-002ba2d0
002ba2d0	FUN_002ba2d0	0	002ba2d0-002ba2e4
002ba2e8	FUN_002ba2e8	0	002ba2e8-002ba310
002ba310	FUN_002ba310	0	002ba310-002ba330
002ba330	FUN_002ba330	0	002ba330-002ba354
002ba358	FUN_002ba358	0	002ba358-002ba364
002ba368	FUN_002ba368	0	002ba368-002ba390
002ba390	FUN_002ba390	0	002ba390-002ba3b8
002ba3b8	FUN_002ba3b8	0	002ba3b8-002ba3e4
002ba3e8	FUN_002ba3e8	0	002ba3e8-002ba5d0
002ba5d0	FUN_002ba5d0	0	002ba5d0-002ba5fc
002ba600	FUN_002ba600	0	002ba600-002ba610
002ba610	FUN_002ba610	0	002ba610-002ba61c
002ba620	FUN_002ba620	0	002ba620-002ba62c
002ba630	FUN_002ba630	0	002ba630-002ba6f0
002ba6f0	FUN_002ba6f0	0	002ba6f0-002ba7c4
002ba7c8	FUN_002ba7c8	0	002ba7c8-002ba7fc,002ba800-002ba810
002ba810	FUN_002ba810	0	002ba810-002ba830
002ba830	FUN_002ba830	0	002ba830-002ba848
002ba848	FUN_002ba848	0	002ba848-002ba8a8
002ba8a8	FUN_002ba8a8	0	002ba8a8-002ba8e4
002ba8e8	FUN_002ba8e8	0	002ba8e8-002ba914
002ba948	FUN_002ba948	0	002ba948-002ba978
002ba978	FUN_002ba978	0	002ba978-002ba9c0
002ba9c0	FUN_002ba9c0	0	002ba9c0-002baa08
002baa08	FUN_002baa08	0	002baa08-002baa1c
002baa20	FUN_002baa20	0	002baa20-002baa48
002baa48	FUN_002baa48	0	002baa48-002baa5c
002baa60	FUN_002baa60	0	002baa60-002baa74
002baa78	FUN_002baa78	0	002baa78-002baba4
002baba8	FUN_002baba8	0	002baba8-002babbc
002bac08	FUN_002bac08	0	002bac08-002bac54
002bac58	FUN_002bac58	0	002bac58-002bac74
002bac78	FUN_002bac78	0	002bac78-002bacc0
002bacc0	FUN_002bacc0	0	002bacc0-002bad14
002bad20	FUN_002bad20	0	002bad20-002baf34
002baf38	FUN_002baf38	0	002baf38-002baf48
002baf48	FUN_002baf48	0	002baf48-002bafac
002bafb0	FUN_002bafb0	0	002bafb0-002bb04c
002bb050	FUN_002bb050	0	002bb050-002bb06c
002bb070	FUN_002bb070	0	002bb070-002bb0a0
002bb0a0	FUN_002bb0a0	0	002bb0a0-002bb0c4
002bb0c8	FUN_002bb0c8	0	002bb0c8-002bb0e0
002bb0e0	FUN_002bb0e0	0	002bb0e0-002bb0fc
002bb100	FUN_002bb100	0	002bb100-002bb180
002bb180	FUN_002bb180	0	002bb180-002bb1c8
002bb1c8	FUN_002bb1c8	0	002bb1c8-002bb228
002bb228	FUN_002bb228	0	002bb228-002bb270
002bb270	FUN_002bb270	0	002bb270-002bb2b8
002bb2b8	FUN_002bb2b8	0	002bb2b8-002bb310
002bb310	FUN_002bb310	0	002bb310-002bb378
002bb378	FUN_002bb378	0	002bb378-002bb3f0
002bb3f0	FUN_002bb3f0	0	002bb3f0-002bb464
002bb468	FUN_002bb468	0	002bb468-002bb510
002bb510	FUN_002bb510	0	002bb510-002bb5a4
002bb5a8	FUN_002bb5a8	0	002bb5a8-002bb5f4
002bb5f8	FUN_002bb5f8	0	002bb5f8-002bb8b0
002bb8b0	FUN_002bb8b0	0	002bb8b0-002bb94c
002bb950	FUN_002bb950	0	002bb950-002bb9b8
002bb9b8	FUN_002bb9b8	0	002bb9b8-002bbbc4
002bbbc8	FUN_002bbbc8	0	002bbbc8-002bbc90
002bbc90	FUN_002bbc90	0	002bbc90-002bbd58
002bbd58	FUN_002bbd58	0	002bbd58-002bbda0
002bbda0	FUN_002bbda0	0	002bbda0-002bbddc
002bbde0	FUN_002bbde0	0	002bbde0-002bbe30
002bbe30	FUN_002bbe30	0	002bbe30-002bbe38
002bbe38	FUN_002bbe38	0	002bbe38-002bbe7c
002bbe80	FUN_002bbe80	0	002bbe80-002bbeac,002bbeb0-002bbecc
002bbed0	FUN_002bbed0	0	002bbed0-002bbf14
002bbf18	FUN_002bbf18	0	002bbf18-002bbf44,002bbf48-002bbf64
002bbf68	FUN_002bbf68	0	002bbf68-002bbf94
002bbf98	FUN_002bbf98	0	002bbf98-002bc0dc,002bc0e0-002bc0ec
002bc0f0	FUN_002bc0f0	0	002bc0f0-002bc154
002bc158	FUN_002bc158	0	002bc158-002bc188
002bc188	FUN_002bc188	0	002bc188-002bc1e4
002bc1e8	FUN_002bc1e8	0	002bc1e8-002bc234
002bc238	FUN_002bc238	0	002bc238-002bc284
002bc288	FUN_002bc288	0	002bc288-002bc2e8
002bc2e8	FUN_002bc2e8	0	002bc2e8-002bc354
002bc358	FUN_002bc358	0	002bc358-002bc398
002bc398	FUN_002bc398	0	002bc398-002bc3ec
002bc3f0	FUN_002bc3f0	0	002bc3f0-002bc41c
002bc420	FUN_002bc420	0	002bc420-002bc458
002bc458	FUN_002bc458	0	002bc458-002bc46c
002bc470	FUN_002bc470	0	002bc470-002bc4d4,002bc4d8-002bc514
002bc518	FUN_002bc518	0	002bc518-002bc564,002bc568-002bc584
002bc588	FUN_002bc588	0	002bc588-002bc604
002bc608	FUN_002bc608	0	002bc608-002bc688
002bc708	FUN_002bc708	0	002bc708-002bc788
002bc788	FUN_002bc788	0	002bc788-002bc798
002bc798	FUN_002bc798	0	002bc798-002bc7a4
002bc7a8	FUN_002bc7a8	0	002bc7a8-002bc7d4,002bc7d8-002bc7ec
002bc938	FUN_002bc938	0	002bc7f0-002bc954
002bc978	FUN_002bc978	0	002bc978-002bc988
002bc988	FUN_002bc988	0	002bc988-002bc990
002bc990	FUN_002bc990	0	002bc990-002bc9a8
002bc9a8	FUN_002bc9a8	0	002bc9a8-002bc9d4
002bc9d8	FUN_002bc9d8	0	002bc9d8-002bc9f4,002bc9f8-002bca0c
002bca10	FUN_002bca10	0	002bca10-002bca48
002bca48	FUN_002bca48	0	002bca48-002bca74
002bca78	FUN_002bca78	0	002bca78-002bcb60
002bcb60	FUN_002bcb60	0	002bcb60-002bcbec
002bcbf0	FUN_002bcbf0	0	002bcbf0-002bcc60
002bcc60	FUN_002bcc60	0	002bcc60-002bccd8
002bccd8	FUN_002bccd8	0	002bccd8-002bcd60
002bcd60	FUN_002bcd60	0	002bcd60-002bcda4
002bcda8	FUN_002bcda8	0	002bcda8-002bcde0
002bce10	FUN_002bce10	0	002bce10-002bce40
002bce40	FUN_002bce40	0	002bce40-002bce4c
002bce50	FUN_002bce50	0	002bce50-002bced4
002bced8	FUN_002bced8	0	002bced8-002bcee8
002bcee8	FUN_002bcee8	0	002bcee8-002bcf58
002bcf58	FUN_002bcf58	0	002bcf58-002bcfa0
002bcfa0	FUN_002bcfa0	0	002bcfa0-002bcfe8
002bcfe8	FUN_002bcfe8	0	002bcfe8-002bd030
002bd030	FUN_002bd030	0	002bd030-002bd078
002bd078	FUN_002bd078	0	002bd078-002bd0b8
002bd0b8	FUN_002bd0b8	0	002bd0b8-002bd100
002bd100	FUN_002bd100	0	002bd100-002bd140
002bd140	FUN_002bd140	0	002bd140-002bd188
002bd188	FUN_002bd188	0	002bd188-002bd1bc
002bd1c0	FUN_002bd1c0	0	002bd1c0-002bd218
002bd218	FUN_002bd218	0	002bd218-002bd22c
002bd230	FUN_002bd230	0	002bd230-002bd250
002bd250	FUN_002bd250	0	002bd250-002bd25c
002bd260	FUN_002bd260	0	002bd260-002bd2a4
002bd2a8	FUN_002bd2a8	0	002bd2a8-002bd2ec
002bd2f0	FUN_002bd2f0	0	002bd2f0-002bd30c
002bd310	FUN_002bd310	0	002bd310-002bd538
002bd538	FUN_002bd538	0	002bd538-002bd56c
002bd570	FUN_002bd570	0	002bd570-002bd588
002bd588	FUN_002bd588	0	002bd588-002bd59c
002bd5c8	FUN_002bd5c8	0	002bd5c8-002bd5dc
002bd680	FUN_002bd680	0	002bd680-002bd6d0
002bd6d0	FUN_002bd6d0	0	002bd6d0-002bd71c
002bd730	FUN_002bd730	0	002bd730-002bd760
002bd760	FUN_002bd760	0	002bd760-002bd784
002bd788	FUN_002bd788	0	002bd788-002bd7d8
002bd7d8	FUN_002bd7d8	0	002bd7d8-002bd834
002bd838	FUN_002bd838	0	002bd838-002bd86c
002bd870	FUN_002bd870	0	002bd870-002bd8f4
002bd8f8	FUN_002bd8f8	0	002bd8f8-002bd994
002bd998	FUN_002bd998	0	002bd998-002bda34
002bda38	FUN_002bda38	0	002bda38-002bdac8
002bdac8	FUN_002bdac8	0	002bdac8-002bdb58
002bdb58	FUN_002bdb58	0	002bdb58-002bdb70
002bdb70	FUN_002bdb70	0	002bdb70-002be020
002be020	FUN_002be020	0	002be020-002be0ac
002be0b0	FUN_002be0b0	0	002be0b0-002be148
002be148	FUN_002be148	0	002be148-002be190
002be190	FUN_002be190	0	002be190-002be254
002be258	FUN_002be258	0	002be258-002be2d8
002be2d8	FUN_002be2d8	0	002be2d8-002be314
002be318	FUN_002be318	0	002be318-002be340
002be340	FUN_002be340	0	002be340-002be3a8
002be3a8	FUN_002be3a8	0	002be3a8-002be3c8
002be3c8	FUN_002be3c8	0	002be3c8-002be404
002be408	FUN_002be408	0	002be408-002be428
002be428	FUN_002be428	0	002be428-002be49c
002be4a0	FUN_002be4a0	0	002be4a0-002be4b0
002be4b0	FUN_002be4b0	0	002be4b0-002be51c
002be520	FUN_002be520	0	002be520-002be568
002be568	FUN_002be568	0	002be568-002be5b8
002be5b8	FUN_002be5b8	0	002be5b8-002be5f4
002be5f8	FUN_002be5f8	0	002be5f8-002be62c
002be630	FUN_002be630	0	002be630-002be6e4
002be6f0	FUN_002be6f0	0	002be6f0-002be71c
002be720	FUN_002be720	0	002be720-002be74c
002be760	FUN_002be760	0	002be760-002be76c
002be770	FUN_002be770	0	002be770-002be7b8
002be7b8	FUN_002be7b8	0	002be7b8-002be800
002be800	FUN_002be800	0	002be800-002be908
002be908	FUN_002be908	0	002be908-002be95c
002be960	FUN_002be960	0	002be960-002be994,002be998-002be9b0
002be9b0	FUN_002be9b0	0	002be9b0-002be9fc
002bea00	FUN_002bea00	0	002bea00-002bea0c
002bea10	FUN_002bea10	0	002bea10-002bea20
002bea20	FUN_002bea20	0	002bea20-002bea60
002bea60	FUN_002bea60	0	002bea60-002bea88
002bea88	FUN_002bea88	0	002bea88-002beb28
002beb28	FUN_002beb28	0	002beb28-002beb7c
002beb90	FUN_002beb90	0	002beb90-002bebd0
002bebd0	FUN_002bebd0	0	002bebd0-002bec38
002bec38	FUN_002bec38	0	002bec38-002bec70
002bec88	FUN_002bec88	0	002bec88-002bed48
002bed48	FUN_002bed48	0	002bed48-002bee08
002bee58	FUN_002bee58	0	002bee58-002beea4
002beea8	FUN_002beea8	0	002beea8-002beef8
002beef8	FUN_002beef8	0	002beef8-002bef78
002bef78	FUN_002bef78	0	002bef78-002befa8
002befa8	FUN_002befa8	0	002befa8-002befbc
002befc0	FUN_002befc0	0	002befc0-002bf094
002bf098	FUN_002bf098	0	002bf098-002bf16c
002bf1f0	FUN_002bf1f0	0	002bf1f0-002bf270
002bf270	FUN_002bf270	0	002bf270-002bf2f4
002bf2f8	FUN_002bf2f8	0	002bf2f8-002bf304
002bf308	FUN_002bf308	0	002bf308-002bf394
002bf468	FUN_002bf468	0	002bf468-002bf534
002bf5a0	FUN_002bf5a0	0	002bf5a0-002bf614
002bf618	FUN_002bf618	0	002bf618-002bf64c
002bf650	FUN_002bf650	0	002bf650-002bf8a8
002bf8f0	FUN_002bf8f0	0	002bf8f0-002bf974
002bf978	FUN_002bf978	0	002bf978-002bf9d8
002bf9d8	FUN_002bf9d8	0	002bf9d8-002bfa3c,002bfa98-002bfaf0
002bfaf0	FUN_002bfaf0	0	002bfaf0-002bfb40
002bfb40	FUN_002bfb40	0	002bfb40-002bfb90
002bfb90	FUN_002bfb90	0	002bfb90-002bfcf8
002bfd48	FUN_002bfd48	0	002bfd48-002bfd90
002bfdf8	FUN_002bfdf8	0	002bfdf8-002bfe08
002bfe08	FUN_002bfe08	0	002bfe08-002bff98
002bff98	FUN_002bff98	0	002bff98-002c0130
002c0130	FUN_002c0130	0	002c0130-002c01a4
002c0370	FUN_002c0370	0	002c0370-002c0418
002c0448	FUN_002c0448	0	002c0448-002c0470
002c0470	FUN_002c0470	0	002c0470-002c04c4
002c04c8	FUN_002c04c8	0	002c04c8-002c0688
002c0688	FUN_002c0688	0	002c0688-002c06fc
002c0700	FUN_002c0700	0	002c0700-002c0724
002c0738	FUN_002c0738	0	002c0738-002c081c
002c0820	FUN_002c0820	0	002c0820-002c083c
002c0ca0	FUN_002c0ca0	0	002c0ca0-002c10e0
002c10e0	FUN_002c10e0	0	002c10e0-002c1200
002c1200	FUN_002c1200	0	002c1200-002c1320
002c1320	FUN_002c1320	0	002c1320-002c145c
002c1460	FUN_002c1460	0	002c1460-002c1478
002c1478	FUN_002c1478	0	002c1478-002c14a4
002c14a8	FUN_002c14a8	0	002c14a8-002c14e8
002c14e8	FUN_002c14e8	0	002c14e8-002c16e4
002c1750	FUN_002c1750	0	002c1750-002c17a0
002c17a0	FUN_002c17a0	0	002c17a0-002c17d8
002c17d8	FUN_002c17d8	0	002c17d8-002c1844
002c1860	FUN_002c1860	0	002c1860-002c18cc
002c18e0	FUN_002c18e0	0	002c18e0-002c1950
002c1950	FUN_002c1950	0	002c1950-002c1990
002c1990	FUN_002c1990	0	002c1990-002c19ac
002c1a18	FUN_002c1a18	0	002c1a18-002c1a54
002c1a58	FUN_002c1a58	0	002c1a58-002c1a9c
002c1aa0	FUN_002c1aa0	0	002c1aa0-002c1ae4
002c1ae8	FUN_002c1ae8	0	002c1ae8-002c1b48
002c1b48	FUN_002c1b48	0	002c1b48-002c1b60
002c1b60	FUN_002c1b60	0	002c1b60-002c1be0
002c1c50	FUN_002c1c50	0	002c1c50-002c1c84
002c1c88	FUN_002c1c88	0	002c1c88-002c1cb0
002c1cb0	FUN_002c1cb0	0	002c1cb0-002c1d44
002c1dc0	FUN_002c1dc0	0	002c1dc0-002c1e4c,002c1e50-002c1e80
002c1f08	FUN_002c1f08	0	002c1f08-002c1f8c
002c1f90	FUN_002c1f90	0	002c1f90-002c20f8
002c20f8	FUN_002c20f8	0	002c20f8-002c2164
002c2168	FUN_002c2168	0	002c2168-002c21d4
002c21e8	FUN_002c21e8	0	002c21e0-002c2204
002c2228	FUN_002c2228	0	002c2228-002c2248
002c2248	FUN_002c2248	0	002c2248-002c2268
002c2268	FUN_002c2268	0	002c2268-002c2288
002c2288	FUN_002c2288	0	002c2288-002c22a8
002c22a8	FUN_002c22a8	0	002c22a8-002c22b4
002c22b8	FUN_002c22b8	0	002c22b8-002c22ec
002c22f0	FUN_002c22f0	0	002c22f0-002c2358
002c2358	FUN_002c2358	0	002c2358-002c23d8
002c23d8	FUN_002c23d8	0	002c23d8-002c23ec
002c23f0	FUN_002c23f0	0	002c23f0-002c2454
002c2458	FUN_002c2458	0	002c2458-002c24a8
002c24a8	FUN_002c24a8	0	002c24a8-002c24e0
002c24e0	FUN_002c24e0	0	002c24e0-002c2514
002c2518	FUN_002c2518	0	002c2518-002c254c
002c2550	FUN_002c2550	0	002c2550-002c2598
002c2598	FUN_002c2598	0	002c2598-002c25e4,002c25e8-002c260c
002c2610	FUN_002c2610	0	002c2610-002c265c,002c2660-002c2684
002c2688	FUN_002c2688	0	002c2688-002c26f4
002c29d8	FUN_002c29d8	0	002c29d8-002c2cb4
002c3240	FUN_002c3240	0	002c3240-002c3264
002c3268	FUN_002c3268	0	002c3268-002c3280
002c3280	FUN_002c3280	0	002c3280-002c3364
002c3368	FUN_002c3368	0	002c3368-002c34cc
002c34d0	FUN_002c34d0	0	002c34d0-002c3634
002c3638	FUN_002c3638	0	002c3638-002c3bdc,002c3be0-002c3c8c
002c3c90	FUN_002c3c90	0	002c3c90-002c3d9c
002c3da0	FUN_002c3da0	0	002c3da0-002c3e58
002c3e58	FUN_002c3e58	0	002c3e58-002c40d4
002c40d8	FUN_002c40d8	0	002c40d8-002c423c
002c4240	FUN_002c4240	0	002c4240-002c42f8
002c42f8	FUN_002c42f8	0	002c42f8-002c438c
002c4390	FUN_002c4390	0	002c4390-002c44b8
002c44b8	FUN_002c44b8	0	002c44b8-002c4ca4
002c4ca8	FUN_002c4ca8	0	002c4ca8-002c4e98
002c4e98	FUN_002c4e98	0	002c4e98-002c511c
002c5120	FUN_002c5120	0	002c5120-002c512c
002c5130	FUN_002c5130	0	002c5130-002c5140
002c5140	FUN_002c5140	0	002c5140-002c5150
002c5150	FUN_002c5150	0	002c5150-002c518c
002c5190	FUN_002c5190	0	002c5190-002c5234
002c5238	FUN_002c5238	0	002c5238-002c5294
002c5298	FUN_002c5298	0	002c5298-002c5378
002c5388	FUN_002c5388	0	002c5388-002c53a4
002c5418	FUN_002c5418	0	002c5418-002c545c
002c5460	FUN_002c5460	0	002c5460-002c5484
002c54c8	FUN_002c54c8	0	002c54c8-002c5504
002c5508	FUN_002c5508	0	002c5508-002c5558
002c5558	FUN_002c5558	0	002c5558-002c55a8
002c55b0	FUN_002c55b0	0	002c55b0-002c55f0
002c55f0	FUN_002c55f0	0	002c55f0-002c5604
002c5608	FUN_002c5608	0	002c5608-002c5624
002c5628	FUN_002c5628	0	002c5628-002c5654
002c5658	FUN_002c5658	0	002c5658-002c56cc
002c56d0	FUN_002c56d0	0	002c56d0-002c570c
002c5850	FUN_002c5850	0	002c5850-002c58c8
002c58c8	FUN_002c58c8	0	002c58c8-002c5900
002c5900	FUN_002c5900	0	002c5900-002c597c
002c5b20	FUN_002c5b20	0	002c5b20-002c5c4c
002c5c50	FUN_002c5c50	0	002c5c50-002c5d38
002c5d38	FUN_002c5d38	0	002c5d38-002c5dc0
002c5dc0	FUN_002c5dc0	0	002c5dc0-002c5ed8
002c5ed8	FUN_002c5ed8	0	002c5ed8-002c5f48
002c5f48	FUN_002c5f48	0	002c5f48-002c5f60
002c5f60	FUN_002c5f60	0	002c5f60-002c5f78
002c5f78	FUN_002c5f78	0	002c5f78-002c5f9c
002c5fa0	FUN_002c5fa0	0	002c5fa0-002c5fb8
002c5fb8	FUN_002c5fb8	0	002c5fb8-002c5ff8
002c5ff8	FUN_002c5ff8	0	002c5ff8-002c604c
002c6050	FUN_002c6050	0	002c6050-002c60a4,002c60a8-002c60f8
002c60f8	FUN_002c60f8	0	002c60f8-002c6118
002c6158	FUN_002c6158	0	002c6158-002c618c
002c6190	FUN_002c6190	0	002c6190-002c61bc
002c61c0	FUN_002c61c0	0	002c61c0-002c6208
002c6218	FUN_002c6218	0	002c6218-002c6224
002c6228	FUN_002c6228	0	002c6228-002c627c
002c6280	FUN_002c6280	0	002c6280-002c62c4
002c62c8	FUN_002c62c8	0	002c62c8-002c6380
002c63c8	FUN_002c63c8	0	002c63c8-002c6400
002c6400	FUN_002c6400	0	002c6400-002c641c
002c6420	FUN_002c6420	0	002c6420-002c648c
002c6490	FUN_002c6490	0	002c6490-002c65f8
002c65f8	FUN_002c65f8	0	002c65f8-002c660c
002c6610	FUN_002c6610	0	002c6610-002c66b8
002c66b8	FUN_002c66b8	0	002c66b8-002c677c
002c6780	FUN_002c6780	0	002c6780-002c684c
002c68f0	FUN_002c68f0	0	002c68f0-002c6c60
002c6c60	FUN_002c6c60	0	002c6c60-002c6cc4
002c6cd8	FUN_002c6cd8	0	002c6cd8-002c6e74
002c6e78	FUN_002c6e78	0	002c6e78-002c6e94
002c6eb8	FUN_002c6eb8	0	002c6eb8-002c705c
002c7060	FUN_002c7060	0	002c7060-002c7104
002c77b8	FUN_002c77b8	0	002c77b8-002c7e64
002c7e68	FUN_002c7e68	0	002c7e68-002c8024
002c8028	FUN_002c8028	0	002c8028-002c81e4
002c81e8	FUN_002c81e8	0	002c81e8-002c83a8
002c83a8	FUN_002c83a8	0	002c83a8-002c83c0
002c83c0	FUN_002c83c0	0	002c83c0-002c8474
002c8490	FUN_002c8490	0	002c8490-002c8520
002c8520	FUN_002c8520	0	002c8520-002c854c
002c8550	FUN_002c8550	0	002c8550-002c85c8
002c85c8	FUN_002c85c8	0	002c85c8-002c8644
002c8648	FUN_002c8648	0	002c8648-002c8680
002c8680	FUN_002c8680	0	002c8680-002c87f8
002c90c8	FUN_002c90c8	0	002c90c8-002c9998
002c9998	FUN_002c9998	0	002c9998-002c9b34
002c9b38	FUN_002c9b38	0	002c9b38-002c9cd4
002c9cd8	FUN_002c9cd8	0	002c9cd8-002c9e90
002c9e90	FUN_002c9e90	0	002c9e90-002c9ea8
002c9ea8	FUN_002c9ea8	0	002c9ea8-002c9ed4
002c9ed8	FUN_002c9ed8	0	002c9ed8-002c9f20
002c9f20	FUN_002c9f20	0	002c9f20-002c9f60
002c9f60	FUN_002c9f60	0	002c9f60-002c9ff4
002ca010	FUN_002ca010	0	002ca010-002ca0a4
002ca0a8	FUN_002ca0a8	0	002ca0a8-002ca0e0
002ca0e0	FUN_002ca0e0	0	002ca0e0-002ca170
002ca170	FUN_002ca170	0	002ca170-002ca200
002ca320	FUN_002ca320	0	002ca320-002ca3cc
002ca3d0	FUN_002ca3d0	0	002ca3d0-002ca3f4
002ca410	FUN_002ca410	0	002ca410-002ca4c0
002ca4c0	FUN_002ca4c0	0	002ca4c0-002ca5b4
002ca5b8	FUN_002ca5b8	0	002ca5b8-002ca630
002ca630	FUN_002ca630	0	002ca630-002ca6f4
002ca6f8	FUN_002ca6f8	0	002ca6f8-002ca7b0
002ca7b0	FUN_002ca7b0	0	002ca7b0-002ca80c,002ca810-002ca824
002ca828	FUN_002ca828	0	002ca828-002caa4c
002caa50	FUN_002caa50	0	002caa50-002cab44
002cab48	FUN_002cab48	0	002cab48-002cab54
002cab58	FUN_002cab58	0	002cab58-002cab94
002cab98	FUN_002cab98	0	002cab98-002cac3c
002cac40	FUN_002cac40	0	002cac40-002cac54
002cae60	FUN_002cae60	0	002cae60-002cb070
002cb0c0	FUN_002cb0c0	0	002cb0c0-002cb0e8
002cb0e8	FUN_002cb0e8	0	002cb0e8-002cb160
002cb160	FUN_002cb160	0	002cb160-002cb184
002cb188	FUN_002cb188	0	002cb188-002cb1dc
002cb1e0	FUN_002cb1e0	0	002cb1e0-002cb1fc
002cb200	FUN_002cb200	0	002cb200-002cb378
002cb4a0	FUN_002cb4a0	0	002cb4a0-002cb504,002cb508-002cb524
002cb530	FUN_002cb530	0	002cb530-002cb538
002cb5d8	FUN_002cb5d8	0	002cb5d8-002cb678
002cb678	FUN_002cb678	0	002cb678-002cb704
002cb708	FUN_002cb708	0	002cb708-002cb740
002cb748	FUN_002cb748	0	002cb748-002cb79c
002cb7a0	FUN_002cb7a0	0	002cb7a0-002cb7c0
002cb7c8	FUN_002cb7c8	0	002cb7c8-002cb800
002cb800	FUN_002cb800	0	002cb800-002cb824
002cb828	FUN_002cb828	0	002cb828-002cb88c
002cb890	FUN_002cb890	0	002cb890-002cb8b4
002cb8b8	FUN_002cb8b8	0	002cb8b8-002cb8e0
002cb8e0	FUN_002cb8e0	0	002cb8e0-002cb914
002cb918	FUN_002cb918	0	002cb918-002cb920
002cb920	FUN_002cb920	0	002cb920-002cb934
002cb938	FUN_002cb938	0	002cb938-002cba4c
002cba50	FUN_002cba50	0	002cba50-002cba88
002cba88	FUN_002cba88	0	002cba88-002cbc9c
002cbca0	FUN_002cbca0	0	002cbca0-002cbcec
002cbcf0	FUN_002cbcf0	0	002cbcf0-002cbd08
002cbd08	FUN_002cbd08	0	002cbd08-002cbd20
002cbd20	FUN_002cbd20	0	002cbd20-002cbebc
002cbec0	FUN_002cbec0	0	002cbec0-002cbed4
002cbed8	FUN_002cbed8	0	002cbed8-002cbf04
002cbf08	FUN_002cbf08	0	002cbf08-002cbf6c
002cbf70	FUN_002cbf70	0	002cbf70-002cc2ac,002cc2b0-002cc620
002cc620	FUN_002cc620	0	002cc620-002cc7cc
002cc7d0	FUN_002cc7d0	0	002cc7d0-002ccf80
002ccf98	FUN_002ccf98	0	002ccf98-002cd004
002cd008	FUN_002cd008	0	002cd008-002cd018
002cd018	FUN_002cd018	0	002cd018-002cd1d4
002cd1d8	FUN_002cd1d8	0	002cd1d8-002cd260
002cd260	FUN_002cd260	0	002cd260-002cd290
002cd290	FUN_002cd290	0	002cd290-002cd3dc
002cd3e0	FUN_002cd3e0	0	002cd3e0-002cd424
002cd428	FUN_002cd428	0	002cd428-002cd518
002cd518	FUN_002cd518	0	002cd518-002cd770
002cd770	FUN_002cd770	0	002cd770-002cd874
002cd878	FUN_002cd878	0	002cd878-002cd910
002cd910	FUN_002cd910	0	002cd910-002cd94c
002cd950	FUN_002cd950	0	002cd950-002cda68
002cda68	FUN_002cda68	0	002cda68-002cdb00
002cdb00	FUN_002cdb00	0	002cdb00-002cdb5c
002cdb60	FUN_002cdb60	0	002cdb60-002cdcd4
002cdcd8	FUN_002cdcd8	0	002cdcd8-002cdfac
002cdfb0	FUN_002cdfb0	0	002cdfb0-002ce29c
002ce2a0	FUN_002ce2a0	0	002ce2a0-002ce594
002ce598	FUN_002ce598	0	002ce598-002ce6b8
002ce6b8	FUN_002ce6b8	0	002ce6b8-002ce86c
002ce870	FUN_002ce870	0	002ce870-002ce90c
002ce938	FUN_002ce938	0	002ce910-002ce954
002ce958	FUN_002ce958	0	002ce958-002ce9bc
002cea28	FUN_002cea28	0	002cea28-002cea64
002cea68	FUN_002cea68	0	002cea68-002ceaa4
002ceaa8	FUN_002ceaa8	0	002ceaa8-002ceae8
002ceae8	FUN_002ceae8	0	002ceae8-002ceb08
002ceb08	FUN_002ceb08	0	002ceb08-002ceb24
002ceb28	FUN_002ceb28	0	002ceb28-002ceb44
002ceb48	FUN_002ceb48	0	002ceb48-002cebb0
002cebb0	FUN_002cebb0	0	002cebb0-002cebc0
002cebc8	FUN_002cebc8	0	002cebc8-002cec08
002cec08	FUN_002cec08	0	002cec08-002cec20
002cec20	FUN_002cec20	0	002cec20-002cec4c
002cec50	FUN_002cec50	0	002cec50-002cec88
002cec88	FUN_002cec88	0	002cec88-002cedb8
002cedb8	FUN_002cedb8	0	002cedb8-002cedcc
002cedd0	FUN_002cedd0	0	002cedd0-002cee54
002cee58	FUN_002cee58	0	002cee58-002ceef8
002ceef8	FUN_002ceef8	0	002ceef8-002cef54
002cef58	FUN_002cef58	0	002cef58-002cef7c
002cef80	FUN_002cef80	0	002cef80-002cf058
002cf058	FUN_002cf058	0	002cf058-002cf170
002cf170	FUN_002cf170	0	002cf170-002cf1b4
002cf1b8	FUN_002cf1b8	0	002cf1b8-002cf1f8
002cf1f8	FUN_002cf1f8	0	002cf1f8-002cf244
002cf248	FUN_002cf248	0	002cf248-002cf25c
002cf268	FUN_002cf268	0	002cf268-002cf270
002cf270	FUN_002cf270	0	002cf270-002cf280
002cf280	FUN_002cf280	0	002cf280-002cf2ac
002cf2b0	FUN_002cf2b0	0	002cf2b0-002cf2cc
002cf2d0	FUN_002cf2d0	0	002cf2d0-002cf2d8
002cf2d8	FUN_002cf2d8	0	002cf2d8-002cf308
002cf308	FUN_002cf308	0	002cf308-002cf320
002cf320	FUN_002cf320	0	002cf320-002cf3f8
002cf3f8	FUN_002cf3f8	0	002cf3f8-002cf438
002cf4a8	FUN_002cf4a8	0	002cf4a8-002cf634
002cf638	FUN_002cf638	0	002cf638-002cf74c
002cf750	FUN_002cf750	0	002cf750-002cf8bc
002cf8c0	FUN_002cf8c0	0	002cf8c0-002cf934
002cf938	FUN_002cf938	0	002cf938-002cf998
002cf998	FUN_002cf998	0	002cf998-002cfb2c
002cfb30	FUN_002cfb30	0	002cfb30-002cfe64,002cfe68-002cfeb0
002cfeb0	FUN_002cfeb0	0	002cfeb0-002cff00
002cff00	FUN_002cff00	0	002cff00-002cff50
002cff50	FUN_002cff50	0	002cff50-002cff94
002cff98	FUN_002cff98	0	002cff98-002cffdc
002cffe0	FUN_002cffe0	0	002cffe0-002d0024
002d0028	FUN_002d0028	0	002d0028-002d0070
002d0070	FUN_002d0070	0	002d0070-002d009c
002d00a0	FUN_002d00a0	0	002d00a0-002d00d4
002d00d8	FUN_002d00d8	0	002d00d8-002d00e0
002d00e0	FUN_002d00e0	0	002d00e0-002d0200
002d0200	FUN_002d0200	0	002d0200-002d028c
002d0290	FUN_002d0290	0	002d0290-002d0714
002d0718	FUN_002d0718	0	002d0718-002d08b4
002d08b8	FUN_002d08b8	0	002d08b8-002d0a74
002d0a78	FUN_002d0a78	0	002d0a78-002d0b88
002d0b88	FUN_002d0b88	0	002d0b88-002d0bd4
002d0bd8	FUN_002d0bd8	0	002d0bd8-002d0c24
002d0c28	FUN_002d0c28	0	002d0c28-002d0cf0
002d0cf0	FUN_002d0cf0	0	002d0cf0-002d0d44
002d0d48	FUN_002d0d48	0	002d0d48-002d0d84
002d0d88	FUN_002d0d88	0	002d0d88-002d0e0c
002d0e10	FUN_002d0e10	0	002d0e10-002d0ea8
002d0ea8	FUN_002d0ea8	0	002d0ea8-002d0ef0
002d0ef0	FUN_002d0ef0	0	002d0ef0-002d0f38
002d0f38	FUN_002d0f38	0	002d0f38-002d0fac
002d0fb0	FUN_002d0fb0	0	002d0fb0-002d1024
002d1028	FUN_002d1028	0	002d1028-002d10a0
002d10a0	FUN_002d10a0	0	002d10a0-002d1228
002d1228	FUN_002d1228	0	002d1228-002d123c
002d1260	FUN_002d1260	0	002d1260-002d126c
002d1270	FUN_002d1270	0	002d1270-002d12b0
002d12b0	FUN_002d12b0	0	002d12b0-002d1550
002d1550	FUN_002d1550	0	002d1550-002d17f0
002d17f0	FUN_002d17f0	0	002d17f0-002d1814
002d1818	FUN_002d1818	0	002d1818-002d183c
002d1840	FUN_002d1840	0	002d1840-002d1874
002d1878	FUN_002d1878	0	002d1878-002d1880
002d1880	FUN_002d1880	0	002cebc0-002cebc8,002d1880-002d1894
002d18e8	FUN_002d18e8	0	002d18e8-002d1904
002d1908	FUN_002d1908	0	002d1908-002d1b90
002d1b90	FUN_002d1b90	0	002d1b90-002d1bf8
002d1bf8	FUN_002d1bf8	0	002d1bf8-002d1d2c
002d1d30	FUN_002d1d30	0	002d1d30-002d1e04
002d1e08	FUN_002d1e08	0	002d1e08-002d1efc
002d1f00	FUN_002d1f00	0	002d1f00-002d1f0c
002d1f10	FUN_002d1f10	0	002d1f10-002d1f1c
002d1f20	FUN_002d1f20	0	002d1f20-002d1f2c
002d1f30	FUN_002d1f30	0	002d1f30-002d1f3c
002d1f40	FUN_002d1f40	0	002d1f40-002d1f4c
002d1f50	FUN_002d1f50	0	002d1f50-002d1f68
002d1f68	FUN_002d1f68	0	002d1f68-002d1f80
002d1f88	FUN_002d1f88	0	002d1f88-002d2054
002d2058	FUN_002d2058	0	002d2058-002d2070
002d2070	FUN_002d2070	0	002d2070-002d20c4
002d2140	FUN_002d2140	0	002d2140-002d2154
002d24e8	FUN_002d24e8	0	002d24e8-002d25ec
002d25f0	FUN_002d25f0	0	002d25f0-002d2660
002d2660	FUN_002d2660	0	002d2660-002d273c
002d2740	FUN_002d2740	0	002d2740-002d286c
002d2870	FUN_002d2870	0	002d2870-002d28f4
002d28f8	FUN_002d28f8	0	002d28f8-002d2948
002d2948	FUN_002d2948	0	002d2948-002d29a4
002d29a8	FUN_002d29a8	0	002d29a8-002d2a04
002d2a08	FUN_002d2a08	0	002d2a08-002d2a2c
002d2a30	FUN_002d2a30	0	002d2a30-002d2a54
002d2a58	FUN_002d2a58	0	002d2a58-002d2a8c
002d2a90	FUN_002d2a90	0	002d2a90-002d2b4c
002d2b50	FUN_002d2b50	0	002d2b50-002d3124
002d3128	FUN_002d3128	0	002d3128-002d31ac
002d31b0	FUN_002d31b0	0	002d31b0-002d34d8
002d3568	FUN_002d3568	0	002d3568-002d36ec
002d36f0	FUN_002d36f0	0	002d36f0-002d38e8
002d38e8	FUN_002d38e8	0	002d38e8-002d39c8
002d39c8	FUN_002d39c8	0	002d39c8-002d3b74
002d3b78	FUN_002d3b78	0	002d3b78-002d3f14
002d3f18	FUN_002d3f18	0	002d3f18-002d3fa4
002d3fa8	FUN_002d3fa8	0	002d3fa8-002d41c0
002d4200	FUN_002d4200	0	002d4200-002d423c
002d4290	FUN_002d4290	0	002d4290-002d42cc
002d4548	FUN_002d4548	0	002d4548-002d479c
002d47a8	FUN_002d47a8	0	002d47a8-002d47e4
002d47e8	FUN_002d47e8	0	002d47e8-002d4824
002d4828	FUN_002d4828	0	002d4828-002d4868
002d4868	FUN_002d4868	0	002d4868-002d48b4
002d48b8	FUN_002d48b8	0	002d48b8-002d4950
002d49c0	FUN_002d49c0	0	002d49c0-002d4a30
002d4a30	FUN_002d4a30	0	002d4a30-002d4aa0
002d4aa0	FUN_002d4aa0	0	002d4aa0-002d4b3c
002d4b40	FUN_002d4b40	0	002d4b40-002d4e30
002d4f60	FUN_002d4f60	0	002d4f60-002d5084
002d5088	FUN_002d5088	0	002d5088-002d51f0
002d51f0	FUN_002d51f0	0	002d51f0-002d5200
002d5200	FUN_002d5200	0	002d5200-002d54a8
002d54a8	FUN_002d54a8	0	002d54a8-002d5578
002d5578	FUN_002d5578	0	002d5578-002d5588
002d5588	FUN_002d5588	0	002d5588-002d55b4
002d55b8	FUN_002d55b8	0	002d55b8-002d56a0
002d56a0	FUN_002d56a0	0	002d56a0-002d5744
002d5748	FUN_002d5748	0	002d5748-002d5890
002d5950	FUN_002d5950	0	002d5950-002d5958
002d5958	FUN_002d5958	0	002d5958-002d5aac,002d5ab0-002d5af0
002d5af0	FUN_002d5af0	0	002d5af0-002d5b44
002d5b48	FUN_002d5b48	0	002d5b48-002d5ba4
002d5bd8	FUN_002d5bd8	0	002d5bd8-002d5c1c
002d5c20	FUN_002d5c20	0	002d5c20-002d5c3c
002d5c40	FUN_002d5c40	0	002d5c40-002d5c94
002d5c98	FUN_002d5c98	0	002d5c98-002d5cc8
002d5cc8	FUN_002d5cc8	0	002d5cc8-002d5d10
002d5d10	FUN_002d5d10	0	002d5d10-002d5d4c
002d5d50	FUN_002d5d50	0	002d5d50-002d5d8c
002d5dd0	FUN_002d5dd0	0	002d5dd0-002d5e0c
002d5e10	FUN_002d5e10	0	002d5e10-002d5e50
002d5e50	FUN_002d5e50	0	002d5e50-002d5f44
002d5f48	FUN_002d5f48	0	002d5f48-002d60e4
002d60e8	FUN_002d60e8	0	002d60e8-002d61bc
002d62d0	FUN_002d62d0	0	002d62d0-002d6514
002d6518	FUN_002d6518	0	002d6518-002d65fc
002d6600	FUN_002d6600	0	002d6600-002d6750
002d6750	FUN_002d6750	0	002d6750-002d6948
002d6990	FUN_002d6990	0	002d6990-002d69c8
002d69c8	FUN_002d69c8	0	002d69c8-002d6a00
002d6a00	FUN_002d6a00	0	002d6a00-002d6a9c
002d6aa0	FUN_002d6aa0	0	002d6aa0-002d6ac4
002d6ac8	FUN_002d6ac8	0	002d6ac8-002d6aec
002d6af0	FUN_002d6af0	0	002d6af0-002d6b24
002d6b30	FUN_002d6b30	0	002d6b30-002d6cd0
002d6cd8	FUN_002d6cd8	0	002d6cd8-002d6d0c
002d6d10	FUN_002d6d10	0	002d6d10-002d6d84
002d6d88	FUN_002d6d88	0	002d6d88-002d6dd0
002d6dd0	FUN_002d6dd0	0	002d6dd0-002d6e04
002d6e08	FUN_002d6e08	0	002d6e08-002d6e5c
002d6e60	FUN_002d6e60	0	002d6e60-002d6ea8
002d6ec8	FUN_002d6ec8	0	002d6ec8-002d6f28
002d6f28	FUN_002d6f28	0	002d6f28-002d6f6c
002d7128	FUN_002d7128	0	002d7128-002d72dc
002d72e0	FUN_002d72e0	0	002d72e0-002d7338
002d7338	FUN_002d7338	0	002d7338-002d7390
002d7390	FUN_002d7390	0	002d7390-002d73ec
002d73f0	FUN_002d73f0	0	002d73f0-002d7408
002d7408	FUN_002d7408	0	002d7408-002d741c
002d7420	FUN_002d7420	0	002d7420-002d74c4
002d74c8	FUN_002d74c8	0	002d74c8-002d762c
002d7630	FUN_002d7630	0	002d7630-002d7694
002d7698	FUN_002d7698	0	002d7698-002d78a8
002d78a8	FUN_002d78a8	0	002d78a8-002d7a80
002d7af0	FUN_002d7af0	0	002d7af0-002d810c
002d8110	FUN_002d8110	0	002d8110-002d811c
002d8120	FUN_002d8120	0	002d8120-002d814c
002d8150	FUN_002d8150	0	002d8150-002d845c
002d84a8	FUN_002d84a8	0	002d84a8-002d866c
002d8670	FUN_002d8670	0	002d8670-002d87bc
002d8898	FUN_002d8898	0	002d8898-002d88a4
002d88a8	FUN_002d88a8	0	002d88a8-002d88fc
002d8900	FUN_002d8900	0	002d8900-002d8910
002d8910	FUN_002d8910	0	002d8910-002d89b0
002d89b0	FUN_002d89b0	0	002d89b0-002d8a74
002d8a78	FUN_002d8a78	0	002d8a78-002d8b58
002d8cf0	FUN_002d8cf0	0	002d8cf0-002d8d08
002d8d08	FUN_002d8d08	0	002d8d08-002d8d20
002d8d28	FUN_002d8d28	0	002d8d28-002d8d40
002d8d40	FUN_002d8d40	0	002d8d40-002d8d68
002d8d68	FUN_002d8d68	0	002d8d68-002d9208
002d9208	FUN_002d9208	0	002d9208-002d9210
002d9210	FUN_002d9210	0	002d9210-002d9218
002d9218	FUN_002d9218	0	002d9218-002d9220
002d9220	FUN_002d9220	0	002d9220-002d94b4
002d94b8	FUN_002d94b8	0	002d94b8-002d9588
002d96d8	FUN_002d96d8	0	002d96d8-002d972c
002d9730	FUN_002d9730	0	002d9730-002d9784
002d9788	FUN_002d9788	0	002d9788-002d980c
002d9810	FUN_002d9810	0	002d9810-002d9ad8
002da040	FUN_002da040	0	002da040-002da10c
002da110	FUN_002da110	0	002da110-002da120
002da120	FUN_002da120	0	002da120-002da234
002da238	FUN_002da238	0	002da238-002da308
002da308	FUN_002da308	0	002da308-002da3d4
002da3d8	FUN_002da3d8	0	002da3d8-002da51c
002da520	FUN_002da520	0	002da520-002da66c
002da670	FUN_002da670	0	002da670-002da8ec
002da8f0	FUN_002da8f0	0	002da8f0-002da954
002da958	FUN_002da958	0	002da958-002daa00
002daa00	FUN_002daa00	0	002daa00-002daa50
002daa50	FUN_002daa50	0	002daa50-002daa94
002daa98	FUN_002daa98	0	002daa98-002daadc
002dab08	FUN_002dab08	0	002dab08-002dab2c
002dab30	FUN_002dab30	0	002dab30-002dab64
002dabd0	FUN_002dabd0	0	002dabd0-002dabe4
002dac50	FUN_002dac50	0	002dac50-002daca0
002daca0	FUN_002daca0	0	002daca0-002dacf0
002dacf0	FUN_002dacf0	0	002dacf0-002dad14
002dad18	FUN_002dad18	0	002dad18-002dad3c
002dad40	FUN_002dad40	0	002dad40-002dad74
002dae38	FUN_002dae38	0	002dae38-002daee8
002daee8	FUN_002daee8	0	002daee8-002dafcc
002dafd0	FUN_002dafd0	0	002dafd0-002db188
002db208	FUN_002db208	0	002db208-002db210
002db210	FUN_002db210	0	002db210-002db4ac
002db4b0	FUN_002db4b0	0	002db4b0-002db4f0
002db4f0	FUN_002db4f0	0	002db4f0-002db530
002db530	FUN_002db530	0	002db530-002db554
002db558	FUN_002db558	0	002db558-002db57c
002db580	FUN_002db580	0	002db580-002db5b4
002db610	FUN_002db610	0	002db610-002db680
002db680	FUN_002db680	0	002db680-002db6b0
002db6b0	FUN_002db6b0	0	002db6b0-002db6e0
002db6e0	FUN_002db6e0	0	002db6e0-002db704
002db708	FUN_002db708	0	002db708-002db72c
002db730	FUN_002db730	0	002db730-002db764
002db7d0	FUN_002db7d0	0	002db7d0-002db808
002db808	FUN_002db808	0	002db808-002db854
002db858	FUN_002db858	0	002db858-002db8a4
002db8a8	FUN_002db8a8	0	002db8a8-002db8e4
002db8e8	FUN_002db8e8	0	002db8e8-002db924
002db928	FUN_002db928	0	002db928-002db968
002db968	FUN_002db968	0	002db968-002dba24
002dba28	FUN_002dba28	0	002dba28-002dba40
002dba40	FUN_002dba40	0	002dba40-002dbad4
002dbad8	FUN_002dbad8	0	002dbad8-002dbb88
002dbb88	FUN_002dbb88	0	002dbb88-002dbca0
002dbca0	FUN_002dbca0	0	002dbca0-002dbd2c
002dbd30	FUN_002dbd30	0	002dbd30-002dbf34
002dbf50	FUN_002dbf50	0	002dbf50-002dc0fc
002dc100	FUN_002dc100	0	002dc100-002dc140
002dc140	FUN_002dc140	0	002dc140-002dc1ac
002dc1b0	FUN_002dc1b0	0	002dc1b0-002dc1b8
002dc1b8	FUN_002dc1b8	0	002dc1b8-002dc248
002dc248	FUN_002dc248	0	002dc248-002dc278
002dc278	FUN_002dc278	0	002dc278-002dc2b8
002dc2b8	FUN_002dc2b8	0	002dc2b8-002dc4dc
002dc4e0	FUN_002dc4e0	0	002dc4e0-002dc704
002dc708	FUN_002dc708	0	002dc708-002dc744
002dc748	FUN_002dc748	0	002dc748-002dc784
002dc788	FUN_002dc788	0	002dc788-002dc7c8
002dc7c8	FUN_002dc7c8	0	002dc7c8-002dc7d0
002dc7d0	FUN_002dc7d0	0	002dc7d0-002dc7e4
002dc7e8	FUN_002dc7e8	0	002dc7e8-002dc7f4
002dc7f8	FUN_002dc7f8	0	002dc7f8-002dc804
002dc808	FUN_002dc808	0	002dc808-002dc84c
002dc850	FUN_002dc850	0	002dc850-002dc988
002dc988	FUN_002dc988	0	002dc988-002dcc38
002dcc90	FUN_002dcc90	0	002dcc90-002dce80
002dce80	FUN_002dce80	0	002dce80-002dcea8
002dceb0	FUN_002dceb0	0	002dceb0-002dcf14
002dcf18	FUN_002dcf18	0	002dcf18-002dcf8c
002dcf90	FUN_002dcf90	0	002dcf90-002dd13c
002dd140	FUN_002dd140	0	002dd140-002dd194
002dd198	FUN_002dd198	0	002dd198-002dd1b0
002dd1b0	FUN_002dd1b0	0	002dd1b0-002dd1c8
002dd1d0	FUN_002dd1d0	0	002dcea8-002dceb0,002dd1d0-002dd1e8
002dd1e8	FUN_002dd1e8	0	002dd1e8-002dd200
002dd200	FUN_002dd200	0	002dd200-002dd218
002dd218	FUN_002dd218	0	002dd218-002dd248
002dd250	FUN_002dd250	0	002dd250-002dd280
002dd280	FUN_002dd280	0	002dd280-002dd2b0
002dd2b0	FUN_002dd2b0	0	002dd2b0-002dd2d0
002dd2d8	FUN_002dd2d8	0	002dd2d8-002dd348
002dd348	FUN_002dd348	0	002dd348-002dd398
002dd3a0	FUN_002dd3a0	0	002dd3a0-002dd448
002dd448	FUN_002dd448	0	002dd448-002dd4a4
002dd4a8	FUN_002dd4a8	0	002dd4a8-002dd4f8
002dd4f8	FUN_002dd4f8	0	002dd4f8-002dd52c
002dd530	FUN_002dd530	0	002dd530-002dd5f0
002dd650	FUN_002dd650	0	002dd650-002dd6cc
002dd6d0	FUN_002dd6d0	0	002dd6d0-002dd700
002dd700	FUN_002dd700	0	002dd700-002dd730
002dd730	FUN_002dd730	0	002dd730-002dd790
002dd790	FUN_002dd790	0	002dd790-002dd7cc
002dd7d0	FUN_002dd7d0	0	002dd7d0-002dd964
002dd968	FUN_002dd968	0	002dd968-002dd9bc
002dd9e0	FUN_002dd9e0	0	002dd9e0-002dda84
002dda88	FUN_002dda88	0	002dda88-002ddb2c
002ddb58	FUN_002ddb58	0	002ddb58-002ddb7c
002ddb80	FUN_002ddb80	0	002ddb80-002ddbb4
002ddbb8	FUN_002ddbb8	0	002ddbb8-002ddbd8
002ddbd8	FUN_002ddbd8	0	002ddbd8-002ddbec
002de3e0	FUN_002de3e0	0	002de3e0-002de500
002de500	FUN_002de500	0	002de500-002de694
002de698	FUN_002de698	0	002de698-002de6e8
002de6e8	FUN_002de6e8	0	002de6e8-002de734
002de738	FUN_002de738	0	002de738-002de750
002de750	FUN_002de750	0	002de750-002de788
002de788	FUN_002de788	0	002de788-002de7c0
002de7c0	FUN_002de7c0	0	002de7c0-002de7e4
002de7e8	FUN_002de7e8	0	002de7e8-002de80c
002de810	FUN_002de810	0	002de810-002de844
002de888	FUN_002de888	0	002de888-002de8e8
002de8e8	FUN_002de8e8	0	002de8e8-002de968
002de968	FUN_002de968	0	002de968-002dea00
002dea00	FUN_002dea00	0	002dea00-002dea40
002dea80	FUN_002dea80	0	002dea80-002dea90
002deaa0	FUN_002deaa0	0	002deaa0-002deac0
002deac0	FUN_002deac0	0	002deac0-002deb14
002deb18	FUN_002deb18	0	002deb18-002deb9c
002deba0	FUN_002deba0	0	002deba0-002ded60
002deda8	FUN_002deda8	0	002deda8-002def70
002def70	FUN_002def70	0	002def70-002defec
002df040	FUN_002df040	0	002df040-002df0d0
002df0d8	FUN_002df0d8	0	002df0d8-002df140
002df140	FUN_002df140	0	002df140-002df15c
002df160	FUN_002df160	0	002df160-002df188
002df198	FUN_002df198	0	002df198-002df1a0
002df1a0	FUN_002df1a0	0	002df1a0-002df1a8
002df1a8	FUN_002df1a8	0	002df1a8-002df1c4
002df470	FUN_002df470	0	002df470-002df500
002df500	FUN_002df500	0	002df500-002df6d4
002df6d8	FUN_002df6d8	0	002df6d8-002df758
002df758	FUN_002df758	0	002df758-002df7d4
002df7d8	FUN_002df7d8	0	002df7d8-002df868
002df868	FUN_002df868	0	002df868-002dfa3c
002dfa40	FUN_002dfa40	0	002dfa40-002dfac0
002dfac0	FUN_002dfac0	0	002dfac0-002dfb0c
002dfb10	FUN_002dfb10	0	002dfb10-002dfb5c
002dfba8	FUN_002dfba8	0	002dfba8-002dfcb0
002dfcb0	FUN_002dfcb0	0	002dfcb0-002dfe34
002dfe38	FUN_002dfe38	0	002dfe38-002dff60
002dff60	FUN_002dff60	0	002dff60-002e0230
002e0230	FUN_002e0230	0	002e0230-002e05a8
002e0698	FUN_002e0698	0	002e0698-002e0720
002e0720	FUN_002e0720	0	002e0720-002e0764
002e0858	FUN_002e0858	0	002e0858-002e0870
002e0870	FUN_002e0870	0	002e0870-002e0894
002e0898	FUN_002e0898	0	002e0898-002e0bac
002e0bb0	FUN_002e0bb0	0	002e0bb0-002e0be0
002e0be0	FUN_002e0be0	0	002e0be0-002e0d24
002e0d28	FUN_002e0d28	0	002e0d28-002e0e6c
002e0e70	FUN_002e0e70	0	002e0e70-002e0ec8
002e0ec8	FUN_002e0ec8	0	002e0ec8-002e0f20
002e0f20	FUN_002e0f20	0	002e0f20-002e0f7c
002e0fa0	FUN_002e0fa0	0	002e0fa0-002e0fe4
002e0fe8	FUN_002e0fe8	0	002e0fe8-002e1020
002e1020	FUN_002e1020	0	002e1020-002e10c0
002e10c0	FUN_002e10c0	0	002e10c0-002e10cc
002e10d0	FUN_002e10d0	0	002e10d0-002e1108
002e1108	FUN_002e1108	0	002e1108-002e1140
002e1140	FUN_002e1140	0	002e1140-002e1178
002e1178	FUN_002e1178	0	002e1178-002e1284
002e1288	FUN_002e1288	0	002e1288-002e13d8
002e13d8	FUN_002e13d8	0	002e13d8-002e13f4
002e1440	FUN_002e1440	0	002e1440-002e1664
002e1668	FUN_002e1668	0	002e1668-002e1754
002e1758	FUN_002e1758	0	002e1758-002e1770
002e1770	FUN_002e1770	0	002e1770-002e1788
002e1788	FUN_002e1788	0	002e1788-002e17a0
002e17a0	FUN_002e17a0	0	002e17a0-002e1878
002e1878	FUN_002e1878	0	002e1878-002e18b8
002e18b8	FUN_002e18b8	0	002e18b8-002e18d4
002e1908	FUN_002e1908	0	002e1908-002e1994
002e1998	FUN_002e1998	0	002e1998-002e1d10
002e1d28	FUN_002e1d28	0	002e1d28-002e1f3c
002e1f40	FUN_002e1f40	0	002e1f40-002e1f70
002e1f70	FUN_002e1f70	0	002e1f70-002e20d4
002e20d8	FUN_002e20d8	0	002e20d8-002e223c
002e2240	FUN_002e2240	0	002e2240-002e2298
002e2298	FUN_002e2298	0	002e2298-002e22f0
002e22f0	FUN_002e22f0	0	002e22f0-002e234c
002e2350	FUN_002e2350	0	002e2350-002e2424
002e2428	FUN_002e2428	0	002e2428-002e243c
002e2440	FUN_002e2440	0	002e2440-002e24e0
002e24e0	FUN_002e24e0	0	002e24e0-002e256c
002e2570	FUN_002e2570	0	002e2570-002e265c
002e2660	FUN_002e2660	0	002e2660-002e26bc
002e26c0	FUN_002e26c0	0	002e26c0-002e2724
002e2728	FUN_002e2728	0	002e2728-002e27c8
002e27c8	FUN_002e27c8	0	002e27c8-002e2920
002e2920	FUN_002e2920	0	002e2920-002e292c
002e2930	FUN_002e2930	0	002e2930-002e293c
002e2940	FUN_002e2940	0	002e2940-002e2a2c
002e2a30	FUN_002e2a30	0	002e2a30-002e2c50
002e2c50	FUN_002e2c50	0	002e2c50-002e2c68
002e2c68	FUN_002e2c68	0	002e2c68-002e2c80
002e2c80	FUN_002e2c80	0	002e2c80-002e2c98
002e2d18	FUN_002e2d18	0	002e2d18-002e2d50
002e2d50	FUN_002e2d50	0	002e2d50-002e2d88
002e2d88	FUN_002e2d88	0	002e2d88-002e2dd8
002e2dd8	FUN_002e2dd8	0	002e2dd8-002e2e14
002e2e18	FUN_002e2e18	0	002e2e18-002e2e50
002e2e50	FUN_002e2e50	0	002e2e50-002e2e90
002e2e90	FUN_002e2e90	0	002e2e90-002e2eac
002e2f08	FUN_002e2f08	0	002e2f08-002e2f8c
002e2f90	FUN_002e2f90	0	002e2f90-002e31f0
002e31f0	FUN_002e31f0	0	002e31f0-002e3250
002e3260	FUN_002e3260	0	002e3260-002e32bc
002e3318	FUN_002e3318	0	002e3318-002e33d4
002e33d8	FUN_002e33d8	0	002e33d8-002e33f4
002e33f8	FUN_002e33f8	0	002e33f8-002e3414
002e3418	FUN_002e3418	0	002e3418-002e34ac
002e34b8	FUN_002e34b8	0	002e34b8-002e34c0
002e34c0	FUN_002e34c0	0	002e34c0-002e34c8
002e34c8	FUN_002e34c8	0	002e34c8-002e34d4
002e34d8	FUN_002e34d8	0	002e34d8-002e350c
002e3510	FUN_002e3510	0	002e3510-002e3540
002e3540	FUN_002e3540	0	002e3540-002e35e8
002e35e8	FUN_002e35e8	0	002e35e8-002e3688
002e3688	FUN_002e3688	0	002e3688-002e36ec
002e36f0	FUN_002e36f0	0	002e36f0-002e374c
002e37c0	FUN_002e37c0	0	002e37c0-002e380c
002e3810	FUN_002e3810	0	002e3810-002e3840
002e3840	FUN_002e3840	0	002e3840-002e388c
002e3890	FUN_002e3890	0	002e3890-002e38b4
002e3980	FUN_002e3980	0	002e3980-002e39c0
002e39c0	FUN_002e39c0	0	002e39c0-002e3a14
002e3a18	FUN_002e3a18	0	002e3a18-002e3a74
002e3a78	FUN_002e3a78	0	002e3a78-002e3ad4
002e3ad8	FUN_002e3ad8	0	002e3ad8-002e3b08
002e3b08	FUN_002e3b08	0	002e3b08-002e3b48
002e3b48	FUN_002e3b48	0	002cb7c0-002cb7c8,002e3b48-002e3b88
002e3b88	FUN_002e3b88	0	002e3b88-002e3be8
002e3be8	FUN_002e3be8	0	002e3be8-002e3c28
002e3c28	FUN_002e3c28	0	002e3c28-002e3c6c
002e3c70	FUN_002e3c70	0	002e3c70-002e3ca4
002e3ca8	FUN_002e3ca8	0	002e3ca8-002e3cc8
002e3cc8	FUN_002e3cc8	0	002e3cc8-002e3ce8
002e3ce8	FUN_002e3ce8	0	002e3ce8-002e3d44
002e3d48	FUN_002e3d48	0	002e3d48-002e3da4
002e3da8	FUN_002e3da8	0	002e3da8-002e3ddc
002e3de0	FUN_002e3de0	0	002e3de0-002e3e38
002e3e50	FUN_002e3e50	0	002e3e50-002e3e64
002e3ea8	FUN_002e3ea8	0	002e3ea8-002e3ed0
002e3ed0	FUN_002e3ed0	0	002e3ed0-002e3ef0
002e3ef8	FUN_002e3ef8	0	002e3ef0-002e3f14
002e3f58	FUN_002e3f58	0	002e3f58-002e3f78
002e3f78	FUN_002e3f78	0	002e3f78-002e3f9c
002e3fa0	FUN_002e3fa0	0	002e3fa0-002e400c
002e4010	FUN_002e4010	0	002e4010-002e407c
002e40a8	FUN_002e40a8	0	002e40a8-002e40cc
002e4100	FUN_002e4100	0	002e4100-002e42d4
002e42d8	FUN_002e42d8	0	002e42d8-002e44ac
002e44b8	FUN_002e44b8	0	002e44b8-002e44c0
002e44c0	FUN_002e44c0	0	002e44c0-002e44f8
002e4588	FUN_002e4588	0	002e4588-002e46cc
002e46d0	FUN_002e46d0	0	002e46d0-002e47a8
002e47a8	FUN_002e47a8	0	002e47a8-002e49a8
002e49a8	FUN_002e49a8	0	002e49a8-002e49dc
002e4a08	FUN_002e4a08	0	002e4a08-002e4a2c
002e4a90	FUN_002e4a90	0	002e4a90-002e4af0
002e4af0	FUN_002e4af0	0	002e4af0-002e4af8
002e4af8	FUN_002e4af8	0	002e4af8-002e4d24,002e4d28-002e4d30
002e4d30	FUN_002e4d30	0	002e4d30-002e500c
002e5010	FUN_002e5010	0	002e5010-002e50f8
002e50f8	FUN_002e50f8	0	002e50f8-002e51b0
002e51b0	FUN_002e51b0	0	002e51b0-002e527c
002e5350	FUN_002e5350	0	002e5350-002e5518
002e5518	FUN_002e5518	0	002e5518-002e5f28
002e5f70	FUN_002e5f70	0	002e5f70-002e5fb4
002e5fb8	FUN_002e5fb8	0	002e5fb8-002e60bc
002e60c0	FUN_002e60c0	0	002e60c0-002e6210
002e6210	FUN_002e6210	0	002e6210-002e64b0
002e64b0	FUN_002e64b0	0	002e64b0-002e64b8
002e64b8	FUN_002e64b8	0	002e64b8-002e64e4
002e64e8	FUN_002e64e8	0	002e64e8-002e653c
002e66f0	FUN_002e66f0	0	002e66f0-002e67e8
002e6930	FUN_002e6930	0	002e6930-002e6aac
002e6ab0	FUN_002e6ab0	0	002e6ab0-002e6f28
002e6fc0	FUN_002e6fc0	0	002e6fc0-002e7058
002e7058	FUN_002e7058	0	002e7058-002e70ac
002e70b0	FUN_002e70b0	0	002e70b0-002e7104
002e7108	FUN_002e7108	0	002e7108-002e7190
002e71a0	FUN_002e71a0	0	002e71a0-002e72fc
002e7308	FUN_002e7308	0	002e7308-002e7310
002e7310	FUN_002e7310	0	002e7310-002e7324
002e7328	FUN_002e7328	0	002e7328-002e733c
002e7340	FUN_002e7340	0	002e7340-002e73a4,002e73a8-002e73d8
002e73d8	FUN_002e73d8	0	002e73d8-002e7454
002e7458	FUN_002e7458	0	002e7458-002e74ec,002e74f0-002e7500
002e7500	FUN_002e7500	0	002e7500-002e7514
002e7518	FUN_002e7518	0	002e7518-002e7568
002e7568	FUN_002e7568	0	002e7568-002e7610
002e7638	FUN_002e7638	0	002e7610-002e7654
002e7670	FUN_002e7670	0	002e7670-002e7684
002e7688	FUN_002e7688	0	002e7688-002e7694
002e7698	FUN_002e7698	0	002e7698-002e76ac
002e76b0	FUN_002e76b0	0	002e76b0-002e76c4
002e76c8	FUN_002e76c8	0	002e76c8-002e7734
002e7738	FUN_002e7738	0	002e7738-002e7768
002e7768	FUN_002e7768	0	002e7768-002e7798
002e77a0	FUN_002e77a0	0	002e77a0-002e77a8
002e77a8	FUN_002e77a8	0	002e77a8-002e77f8
002e7850	FUN_002e7850	0	002e7850-002e7870
002e7870	FUN_002e7870	0	002e7870-002e7aa0
002e7aa0	FUN_002e7aa0	0	002e7aa0-002e7abc
002e7b10	FUN_002e7b10	0	002e7b10-002e7b30
002e7b48	FUN_002e7b48	0	002e7b48-002e7b68
002e7b68	FUN_002e7b68	0	002e7b68-002e7b88
002e7b88	FUN_002e7b88	0	002e7b88-002e7bac
002e7be0	FUN_002e7be0	0	002e7be0-002e7c00
002e7c00	FUN_002e7c00	0	002e7c00-002e7c18
002e7c18	FUN_002e7c18	0	002e7c18-002e7c74
002e7c78	FUN_002e7c78	0	002e7c78-002e7ca0
002e7ca0	FUN_002e7ca0	0	002e7ca0-002e7cd0
002e7cd0	FUN_002e7cd0	0	002e7cd0-002e7cf0
002e7cf0	FUN_002e7cf0	0	002e7cf0-002e7d20
002e7d20	FUN_002e7d20	0	002e7d20-002e7e24
002e7e58	FUN_002e7e58	0	002e7e58-002e7ef4
002e7f38	FUN_002e7f38	0	002e7f38-002e7f5c
002e7f80	FUN_002e7f80	0	002e7f80-002e7ff8
002e7ff8	FUN_002e7ff8	0	002e7ff8-002e8034
002e8038	FUN_002e8038	0	002e8038-002e806c
002e8070	FUN_002e8070	0	002e8070-002e8094
002e80b0	FUN_002e80b0	0	002e80b0-002e80d4
002e80e8	FUN_002e80e8	0	002e80e8-002e8104
002e8138	FUN_002e8138	0	002e8138-002e8150
002e8150	FUN_002e8150	0	002e8150-002e8164
002e81b0	FUN_002e81b0	0	002e81b0-002e81cc
002e8220	FUN_002e8220	0	002e8220-002e8248
002e8248	FUN_002e8248	0	002e8248-002e8264
002e8290	FUN_002e8290	0	002e8290-002e82b8
002e82b8	FUN_002e82b8	0	002e82b8-002e82d8
002e82d8	FUN_002e82d8	0	002e82d8-002e82f4
002e8318	FUN_002e8318	0	002e8318-002e8338
002e8338	FUN_002e8338	0	002e8338-002e8358
002e8358	FUN_002e8358	0	002e8358-002e8378
002e8390	FUN_002e8390	0	002e8390-002e83e4
002e83e8	FUN_002e83e8	0	002e83e8-002e8400
002e8400	FUN_002e8400	0	002e8400-002e845c,002e8460-002e84a8
002e84c0	FUN_002e84c0	0	002e84c0-002e84dc
002e8578	FUN_002e8578	0	002e8578-002e85c0
002e8600	FUN_002e8600	0	002e8600-002e862c
002e8630	FUN_002e8630	0	002e8630-002e865c
002e86a0	FUN_002e86a0	0	002e86a0-002e86c0
002e86c0	FUN_002e86c0	0	002e86c0-002e86f0
002e86f0	FUN_002e86f0	0	002e86f0-002e870c
002e8770	FUN_002e8770	0	002e8770-002e87dc
002e87e0	FUN_002e87e0	0	002e87e0-002e8a24
002e8a28	FUN_002e8a28	0	002e8a28-002e8ab0
002e8ae8	FUN_002e8ae8	0	002e8ae8-002e8b04
002e8b10	FUN_002e8b10	0	002e8b08-002e8b2c
002e8b68	FUN_002e8b68	0	002e8b68-002e8b80
002e8bd0	FUN_002e8bd0	0	002e8bd0-002e8be4
002e8c10	FUN_002e8c10	0	002e8c10-002e8c28
002e8c28	FUN_002e8c28	0	002e8c28-002e8c54
002e8c58	FUN_002e8c58	0	002e8c58-002e8c7c
002e8ca8	FUN_002e8ca8	0	002e8ca8-002e8cdc
002e8ce0	FUN_002e8ce0	0	002e8ce0-002e8d08
002e8d08	FUN_002e8d08	0	002e8d08-002e8de8
002e8f58	FUN_002e8f58	0	002e8f58-002e8f8c
002e8f90	FUN_002e8f90	0	002e8f90-002e8fc0
002e8fc0	FUN_002e8fc0	0	002e8fc0-002e8ff8
002e8ff8	FUN_002e8ff8	0	002e8ff8-002e9010
002e9010	FUN_002e9010	0	002e9010-002e9024
002e9080	FUN_002e9080	0	002e9080-002e9094
002e90a8	FUN_002e90a8	0	002e90a8-002e90c4
002e9120	FUN_002e9120	0	002e9120-002e9148
002e9158	FUN_002e9158	0	002e9158-002e9188
002e91a0	FUN_002e91a0	0	002e91a0-002e91cc
002e91d0	FUN_002e91d0	0	002e91d0-002e91fc
002e9208	FUN_002e9208	0	002e9200-002e9224
002e9248	FUN_002e9248	0	002e9248-002e92e4
002e9338	FUN_002e9338	0	002e9338-002e9390
002e93a0	FUN_002e93a0	0	002e93a0-002e93b0
002e93b0	FUN_002e93b0	0	002e93b0-002e959c
002e95a0	FUN_002e95a0	0	002e95a0-002e9610
002e9610	FUN_002e9610	0	002e9610-002e9690
002e9690	FUN_002e9690	0	002e9690-002e97b8
002e97b8	FUN_002e97b8	0	002e97b8-002e9838
002e9838	FUN_002e9838	0	002e9838-002e9850
002e9850	FUN_002e9850	0	002e9850-002e98b0
002e98b0	FUN_002e98b0	0	002e98b0-002e98ec
002e98f0	FUN_002e98f0	0	002e98f0-002e9984
002e9988	FUN_002e9988	0	002e9988-002e99a4
002e9a00	FUN_002e9a00	0	002e9a00-002e9a38
002e9a38	FUN_002e9a38	0	002e9a38-002e9a78
002e9a78	FUN_002e9a78	0	002e9a78-002e9b0c
002e9b10	FUN_002e9b10	0	002e9b10-002e9b58
002e9b58	FUN_002e9b58	0	002e9b58-002e9c54
002e9c58	FUN_002e9c58	0	002e9c58-002e9c94
002e9c98	FUN_002e9c98	0	002e9c98-002e9cb8
002e9cb8	FUN_002e9cb8	0	002e9cb8-002e9d08
002e9d08	FUN_002e9d08	0	002e9d08-002e9fa8
002e9fa8	FUN_002e9fa8	0	002e9fa8-002e9fb4
002e9fb8	FUN_002e9fb8	0	002e9fb8-002e9fe0
002e9fe0	FUN_002e9fe0	0	002e9fe0-002ea0f0
002ea2d8	FUN_002ea2d8	0	002ea2d8-002ea2f8
002ea360	FUN_002ea360	0	002ea360-002ea44c
002eaa70	FUN_002eaa70	0	002eaa70-002eaaac
002eaab0	FUN_002eaab0	0	002eaab0-002eaaec
002eaaf0	FUN_002eaaf0	0	002eaaf0-002eab1c
002eab70	FUN_002eab70	0	002eab70-002eab8c
002eaba8	FUN_002eaba8	0	002eaba8-002eabe8
002eabe8	FUN_002eabe8	0	002eabe8-002eac6c
002eac70	FUN_002eac70	0	002eac70-002eac94
002eac98	FUN_002eac98	0	002eac98-002eacb4
002eacd0	FUN_002eacd0	0	002eacd0-002eace8
002eace8	FUN_002eace8	0	002eace8-002ead04
002ead20	FUN_002ead20	0	002ead20-002ead44
002ead48	FUN_002ead48	0	002ead48-002ead74
002ead78	FUN_002ead78	0	002ead78-002ead94
002eae08	FUN_002eae08	0	002eae08-002eaea4
002eaee8	FUN_002eaee8	0	002eaee8-002eaf14
002eaf18	FUN_002eaf18	0	002eaf18-002eaf34
002eaf38	FUN_002eaf38	0	002eaf38-002eaf40
002eaf40	FUN_002eaf40	0	002eaf40-002eaf48
002eaf48	FUN_002eaf48	0	002eaf48-002eb068
002eb068	FUN_002eb068	0	002eb068-002eb094
002eb098	FUN_002eb098	0	002eb098-002eb19c
002eb1a0	FUN_002eb1a0	0	002eb1a0-002eb1e4
002eb1e8	FUN_002eb1e8	0	002eb1e8-002eb3b8
002eb3b8	FUN_002eb3b8	0	002eb3b8-002eb45c
002eb460	FUN_002eb460	0	002eb460-002eb4ac
002eb4b0	FUN_002eb4b0	0	002eb4b0-002eb4ec
002eb4f0	FUN_002eb4f0	0	002eb4f0-002eb6f8
002eb6f8	FUN_002eb6f8	0	002eb6f8-002eb778
002eb778	FUN_002eb778	0	002eb778-002eb7f0
002eb7f0	FUN_002eb7f0	0	002eb7f0-002eb864
002eb920	FUN_002eb920	0	002eb920-002eb990
002eb990	FUN_002eb990	0	002eb990-002eb9d8
002eb9d8	FUN_002eb9d8	0	002eb9d8-002eba2c
002eba30	FUN_002eba30	0	002eba30-002eba78
002eba78	FUN_002eba78	0	002eba78-002ebabc
002ebac0	FUN_002ebac0	0	002ebac0-002ebb04
002ebc00	FUN_002ebc00	0	002ebc00-002ebc1c
002ebc38	FUN_002ebc38	0	002ebc38-002ebc78
002ebc80	FUN_002ebc80	0	002ebc80-002ebe44,002ebe48-002ebf0c
002ebf50	FUN_002ebf50	0	002ebf50-002ec088
002ec088	FUN_002ec088	0	002ec088-002ec0f4
002ec138	FUN_002ec138	0	002ec138-002ec154
002ec170	FUN_002ec170	0	002ec170-002ec1cc
002ec1d0	FUN_002ec1d0	0	002ec1d0-002ec244
002ec4a8	FUN_002ec4a8	0	002ec4a8-002ec550
002ec560	FUN_002ec560	0	002ec560-002ec57c
002ec5b0	FUN_002ec5b0	0	002ec5b0-002ec5f4
002ec5f8	FUN_002ec5f8	0	002ec5f8-002ec814
002ec850	FUN_002ec850	0	002ec850-002ec960
002ec960	FUN_002ec960	0	002ec960-002ec9d0
002ec9d0	FUN_002ec9d0	0	002ec9d0-002eca34
002eca38	FUN_002eca38	0	002eca38-002eca9c
002ecaa8	FUN_002ecaa8	0	002ecaa8-002ecac4
002ecb10	FUN_002ecb10	0	002ecb10-002ecb8c
002ecb90	FUN_002ecb90	0	002ecb90-002eccc8
002eccd0	FUN_002eccd0	0	002eccd0-002ecd54
002ecd58	FUN_002ecd58	0	002ecd58-002ecd74
002ecdb0	FUN_002ecdb0	0	002ecdb0-002ecdd4
002ecdd8	FUN_002ecdd8	0	002ecdd8-002ecdf8
002ecdf8	FUN_002ecdf8	0	002ecdf8-002ece44
002ece48	FUN_002ece48	0	002ece48-002ece94
002ece98	FUN_002ece98	0	002ece98-002eced8
002eced8	FUN_002eced8	0	002eced8-002ecef8
002ecef8	FUN_002ecef8	0	002ecef8-002ed01c
002ed068	FUN_002ed068	0	002ed068-002ed1d8
002ed1d8	FUN_002ed1d8	0	002ed1d8-002ed268
002ed268	FUN_002ed268	0	002ed268-002ed2ac
002ed2b0	FUN_002ed2b0	0	002ed2b0-002ed2fc
002ed300	FUN_002ed300	0	002ed300-002ed34c
002ed350	FUN_002ed350	0	002ed350-002ed434
002ed438	FUN_002ed438	0	002ed438-002ed474
002ed478	FUN_002ed478	0	002ed478-002ed4b8
002ed4b8	FUN_002ed4b8	0	002ed4b8-002ed508
002ed508	FUN_002ed508	0	002ed508-002ed554
002ed558	FUN_002ed558	0	002ed558-002ed5a4
002ed5a8	FUN_002ed5a8	0	002ed5a8-002ed630
002ed630	FUN_002ed630	0	002ed630-002ed720
002ed720	FUN_002ed720	0	002ed720-002ed738
002ed738	FUN_002ed738	0	002ed738-002ed830
002ed830	FUN_002ed830	0	002ed830-002ed8a0
002ed8a0	FUN_002ed8a0	0	002ed8a0-002ed8bc
002ed8c0	FUN_002ed8c0	0	002ed8c0-002ed8dc
002ed8e0	FUN_002ed8e0	0	002ed8e0-002eda00
002eda10	FUN_002eda10	0	002eda10-002eda20
002eda30	FUN_002eda30	0	002eda30-002eda3c
002eda40	FUN_002eda40	0	002eda40-002eda90
002eda90	FUN_002eda90	0	002eda90-002edaf4
002edaf8	FUN_002edaf8	0	002edaf8-002edb38
002edb38	FUN_002edb38	0	002edb38-002edb8c
002edb90	FUN_002edb90	0	002edb90-002edbb0
002edbb0	FUN_002edbb0	0	002edbb0-002edbf8
002edbf8	FUN_002edbf8	0	002edbf8-002edc8c,002edc90-002edca0
002edca0	FUN_002edca0	0	002edca0-002edcec,002edcf0-002edd1c
002edd20	FUN_002edd20	0	002edd20-002ede44
002ede48	FUN_002ede48	0	002ede48-002edf28
002edf28	FUN_002edf28	0	002edf28-002edf68
002edf68	FUN_002edf68	0	002edf68-002edfa8
002edfa8	FUN_002edfa8	0	002edfa8-002edfd8
002edfd8	FUN_002edfd8	0	002edfd8-002ee03c
002ee040	FUN_002ee040	0	002ee040-002ee0ac
002ee0b0	FUN_002ee0b0	0	002ee0b0-002ee220
002ee220	FUN_002ee220	0	002ee220-002ee2d0
002ee380	FUN_002ee380	0	002ee380-002ee400
002ee448	FUN_002ee448	0	002ee448-002ee494
002ee530	FUN_002ee530	0	002ee530-002ee540
002ee568	FUN_002ee568	0	002ee540-002ee584
002ee5d8	FUN_002ee5d8	0	002ee5d8-002ee624
002ee6d8	FUN_002ee6d8	0	002ee6d8-002ee6e8
002ee730	FUN_002ee730	0	002ee730-002ee774
002ee778	FUN_002ee778	0	002ee778-002ee7bc
002ee7c0	FUN_002ee7c0	0	002ee7c0-002ee808
002ee808	FUN_002ee808	0	002ee808-002ee83c
002ee840	FUN_002ee840	0	002ee840-002ee84c
002ee850	FUN_002ee850	0	002ee850-002ee888
002ee888	FUN_002ee888	0	002ee888-002ee8a4
002ee8a8	FUN_002ee8a8	0	002ee8a8-002eea7c
002eea80	FUN_002eea80	0	002eea80-002eec54
002eec58	FUN_002eec58	0	002eec58-002eeccc
002eecd0	FUN_002eecd0	0	002eecd0-002eed44
002eed48	FUN_002eed48	0	002eed48-002eedc0
002eedc0	FUN_002eedc0	0	002eedc0-002eedd8
002eedd8	FUN_002eedd8	0	002eedd8-002eedf0
002eedf0	FUN_002eedf0	0	002eedf0-002eee68
002eee68	FUN_002eee68	0	002eee68-002eeeac
002eeeb0	FUN_002eeeb0	0	002eeeb0-002eeec8
002eeee8	FUN_002eeee8	0	002eeee8-002eef08
002eef08	FUN_002eef08	0	002eef08-002eefa8
002eefa8	FUN_002eefa8	0	002eefa8-002eefc4
002eefc8	FUN_002eefc8	0	002eefc8-002ef028
002ef028	FUN_002ef028	0	002ef028-002ef148
002ef180	FUN_002ef180	0	002ef180-002ef1b8
002ef1b8	FUN_002ef1b8	0	002ef1b8-002ef1f4
002ef1f8	FUN_002ef1f8	0	002ef1f8-002ef258
002ef258	FUN_002ef258	0	002ef258-002ef328
002ef328	FUN_002ef328	0	002ef328-002ef340
002ef340	FUN_002ef340	0	002ef340-002ef36c
002ef370	FUN_002ef370	0	002ef370-002ef3c8
002ef3c8	FUN_002ef3c8	0	002ef3c8-002ef434
002ef5a8	FUN_002ef5a8	0	002ef5a8-002ef5c4,002ef5c8-002ef5e0
002ef618	FUN_002ef618	0	002ef618-002ef624
002ef628	FUN_002ef628	0	002ef628-002ef660
002ef660	FUN_002ef660	0	002ef660-002ef6b0
002ef6b0	FUN_002ef6b0	0	002ef6b0-002ef704
002ef708	FUN_002ef708	0	002ef708-002ef750
002ef750	FUN_002ef750	0	002ef750-002ef778
002ef778	FUN_002ef778	0	002ef778-002ef7a0
002ef7a0	FUN_002ef7a0	0	002ef7a0-002ef7b4
002ef7b8	FUN_002ef7b8	0	002ef7b8-002ef7c4
002ef7c8	FUN_002ef7c8	0	002ef7c8-002ef7f0
002ef7f0	FUN_002ef7f0	0	002ef7f0-002ef890
002ef8b0	FUN_002ef8b0	0	002ef890-002ef8cc
002ef8d0	FUN_002ef8d0	0	002ef8d0-002ef924
002ef938	FUN_002ef938	0	002ef938-002ef984
002ef988	FUN_002ef988	0	002ef988-002ef9e0
002ef9e0	FUN_002ef9e0	0	002ef9e0-002efa40
002efa40	FUN_002efa40	0	002efa40-002efa88
002efa88	FUN_002efa88	0	002efa88-002efa98
002efa98	FUN_002efa98	0	002efa98-002efb04
002efb08	FUN_002efb08	0	002efb08-002efb5c
002efb60	FUN_002efb60	0	002efb60-002efb88
002efb88	FUN_002efb88	0	002efb88-002efbb8
002efbb8	FUN_002efbb8	0	002efbb8-002efc10
002efc10	FUN_002efc10	0	002efc10-002efc70
002efc70	FUN_002efc70	0	002efc70-002efcbc
002efcc0	FUN_002efcc0	0	002efcc0-002efd64
002efe18	FUN_002efe18	0	002efe18-002eff58
002eff58	FUN_002eff58	0	002eff58-002eff90
002eff90	FUN_002eff90	0	002eff90-002f03b4
002f04e0	FUN_002f04e0	0	002f04e0-002f0584
002f0598	FUN_002f0598	0	002f0598-002f05d4
002f05d8	FUN_002f05d8	0	002f05d8-002f0604
002f0640	FUN_002f0640	0	002f0640-002f06b0
002f06b0	FUN_002f06b0	0	002f06b0-002f06cc
002f06e8	FUN_002f06e8	0	002f06e8-002f0700
002f0708	FUN_002f0708	0	002f0708-002f073c
002f0798	FUN_002f0798	0	002f0798-002f07c8
002f07c8	FUN_002f07c8	0	002f07c8-002f07f8
002f07f8	FUN_002f07f8	0	002f07f8-002f084c
002f0850	FUN_002f0850	0	002f0850-002f0870
002f0870	FUN_002f0870	0	002f0870-002f088c
002f08d8	FUN_002f08d8	0	002f08d8-002f090c
002f0948	FUN_002f0948	0	002f0948-002f0970
002f0970	FUN_002f0970	0	002f0970-002f09d4
002f09d8	FUN_002f09d8	0	002f09d8-002f0a0c
002f0a38	FUN_002f0a38	0	002f0a38-002f0a68
002f0a68	FUN_002f0a68	0	002f0a68-002f0a9c
002f0af0	FUN_002f0af0	0	002f0af0-002f0b5c
002f0b60	FUN_002f0b60	0	002f0b60-002f0bcc
002f0c20	FUN_002f0c20	0	002f0c20-002f0c58
002f0c58	FUN_002f0c58	0	002f0c58-002f0c90
002f0c90	FUN_002f0c90	0	002f0c90-002f0cdc
002f0ce0	FUN_002f0ce0	0	002f0ce0-002f0cfc
002f0da8	FUN_002f0da8	0	002f0da8-002f0ddc
002f0e40	FUN_002f0e40	0	002f0e40-002f0e60
002f0e60	FUN_002f0e60	0	002f0e60-002f0e9c
002f0f00	FUN_002f0f00	0	002f0f00-002f0f2c
002f0f30	FUN_002f0f30	0	002f0f30-002f0f54
002f0f98	FUN_002f0f98	0	002f0f98-002f0fb4
002f1030	FUN_002f1030	0	002f1030-002f104c
002f10c0	FUN_002f10c0	0	002f10c0-002f10fc
002f1130	FUN_002f1130	0	002f1130-002f1164
002f11b0	FUN_002f11b0	0	002f11b0-002f11d0
002f11d0	FUN_002f11d0	0	002f11d0-002f11ec
002f1208	FUN_002f1208	0	002f1208-002f1230
002f1230	FUN_002f1230	0	002f1230-002f1264
002f1270	FUN_002f1270	0	002f1268-002f128c
002f12b0	FUN_002f12b0	0	002f12b0-002f13ac
002f13b0	FUN_002f13b0	0	002f13b0-002f145c
002f1460	FUN_002f1460	0	002f1460-002f147c
002f1480	FUN_002f1480	0	002f1480-002f1670
002f1670	FUN_002f1670	0	002f1670-002f1754
002f17e0	FUN_002f17e0	0	002f17e0-002f1804
002f1808	FUN_002f1808	0	002f1808-002f1850
002f1850	FUN_002f1850	0	002f1850-002f1888
002f1888	FUN_002f1888	0	002f1888-002f1894
002f1898	FUN_002f1898	0	002f1898-002f18c4
002f18c8	FUN_002f18c8	0	002f18c8-002f1900
002f1900	FUN_002f1900	0	002f1900-002f1940
002f1940	FUN_002f1940	0	002f1940-002f198c
002f1990	FUN_002f1990	0	002f1990-002f19c8
002f19c8	FUN_002f19c8	0	002f19c8-002f1a00
002f1a00	FUN_002f1a00	0	002f1a00-002f1a38
002f1a38	FUN_002f1a38	0	002f1a38-002f1a64
002f1a80	FUN_002f1a80	0	002f1a80-002f1ab8
002f1ab8	FUN_002f1ab8	0	002f1ab8-002f1ac8
002f1ac8	FUN_002f1ac8	0	002f1ac8-002f1ae0
002f1ae0	FUN_002f1ae0	0	002f1ae0-002f1b10
002f1b48	FUN_002f1b48	0	002f1b48-002f1ba4,002f1ba8-002f1c04,002f1c08-002f1c44,002f1c48-002f1c60
002f1c60	FUN_002f1c60	0	002f1c60-002f1cc0
002f1cc0	FUN_002f1cc0	0	002f1cc0-002f1d30
002f1d30	FUN_002f1d30	0	002f1d30-002f1da0
002f1da0	FUN_002f1da0	0	002f1da0-002f1dec,002f1df0-002f1dfc
002f1e00	FUN_002f1e00	0	002f1e00-002f1e18
002f1e18	FUN_002f1e18	0	002f1e18-002f1fa8
002f1fa8	FUN_002f1fa8	0	002f1fa8-002f1fb4
002f1fb8	FUN_002f1fb8	0	002f1fb8-002f2020
002f2020	FUN_002f2020	0	002f2020-002f20c0
002f20c0	FUN_002f20c0	0	002f20c0-002f20d0
002f20d0	FUN_002f20d0	0	002f20d0-002f2444
002f2448	FUN_002f2448	0	002f2448-002f2504
002f2508	FUN_002f2508	0	002f2508-002f259c
002f25a0	FUN_002f25a0	0	002f25a0-002f28b4
002f28b8	FUN_002f28b8	0	002f28b8-002f2a9c
002f2aa0	FUN_002f2aa0	0	002f2aa0-002f2be0
002f2be0	FUN_002f2be0	0	002f2be0-002f2d5c
002f2d60	FUN_002f2d60	0	002f2d60-002f33ec
002f33f0	FUN_002f33f0	0	002f33f0-002f3490
002f3490	FUN_002f3490	0	002f3490-002f3500
002f3500	FUN_002f3500	0	002f3500-002f3584
002f3588	FUN_002f3588	0	002f3588-002f35b0
002f35b0	FUN_002f35b0	0	002f35b0-002f35e4
002f35e8	FUN_002f35e8	0	002f35e8-002f3610
002f3610	FUN_002f3610	0	002f3610-002f36ec
002f36f0	FUN_002f36f0	0	002f36f0-002f38c8
002f3918	FUN_002f3918	0	002f3918-002f3980
002f3980	FUN_002f3980	0	002f3980-002f39f4
002f39f8	FUN_002f39f8	0	002f39f8-002f3a6c
002f3a70	FUN_002f3a70	0	002f3a70-002f3ab8
002f3ab8	FUN_002f3ab8	0	002f3ab8-002f3b34
002f3b38	FUN_002f3b38	0	002f3b38-002f3bb8
002f3bb8	FUN_002f3bb8	0	002f3bb8-002f3bf0
002f3bf0	FUN_002f3bf0	0	002f3bf0-002f3c24
002f3c28	FUN_002f3c28	0	002f3c28-002f3cc0
002f3cd8	FUN_002f3cd8	0	002f3cd8-002f3d04
002f3d08	FUN_002f3d08	0	002f3d08-002f3d4c
002f3d50	FUN_002f3d50	0	002f3d50-002f3d6c
002f3d70	FUN_002f3d70	0	002f3d70-002f3d94
002f3d98	FUN_002f3d98	0	002f3d98-002f3dd4
002f3dd8	FUN_002f3dd8	0	002f3dd8-002f3e1c
002f3e20	FUN_002f3e20	0	002f3e20-002f3e8c
002f3e90	FUN_002f3e90	0	002f3e90-002f3eb0
002f3ed0	FUN_002f3ed0	0	002f3ed0-002f3ef8
002f3ef8	FUN_002f3ef8	0	002f3ef8-002f3f0c
002f3f10	FUN_002f3f10	0	002f3f10-002f3f24
002f3f28	FUN_002f3f28	0	002f3f28-002f3f3c
002f3f40	FUN_002f3f40	0	002f3f40-002f3f58
002f3f58	FUN_002f3f58	0	002f3f58-002f3f84
002f3f88	FUN_002f3f88	0	002f3f88-002f3f94
002f3f98	FUN_002f3f98	0	002f3f98-002f3fbc
002f3fc0	FUN_002f3fc0	0	002f3fc0-002f3fd0
002f3fd0	FUN_002f3fd0	0	002f3fd0-002f3fe0
002f4000	FUN_002f4000	0	002f4000-002f4028
002f4028	FUN_002f4028	0	002f4028-002f409c
002f40a0	FUN_002f40a0	0	002f40a0-002f4144
002f4148	FUN_002f4148	0	002f4148-002f41f0
002f41f0	FUN_002f41f0	0	002f41f0-002f4298
002f4298	FUN_002f4298	0	002f4298-002f42e8
002f42e8	FUN_002f42e8	0	002f42e8-002f430c
002f4310	FUN_002f4310	0	002f4310-002f43c0
002f43c0	FUN_002f43c0	0	002f43c0-002f4480
002f4480	FUN_002f4480	0	002f4480-002f44e8
002f44e8	FUN_002f44e8	0	002f44e8-002f45ec
002f47d8	FUN_002f47d8	0	002f47d8-002f481c
002f4870	FUN_002f4870	0	002f4870-002f4888
002f4888	FUN_002f4888	0	002f4888-002f48d0
002f49c0	FUN_002f49c0	0	002f49c0-002f4a1c
002f4a20	FUN_002f4a20	0	002f4a20-002f4a74
002f4a78	FUN_002f4a78	0	002f4a78-002f4ad4,002f4ad8-002f4bec,002f4bf0-002f4d18
002f4d18	FUN_002f4d18	0	002f4d18-002f4d60
002f4d60	FUN_002f4d60	0	002f4d60-002f4dc0
002f4dc0	FUN_002f4dc0	0	002f4dc0-002f4e2c
002f4e30	FUN_002f4e30	0	002f4e30-002f4f60
002f4f60	FUN_002f4f60	0	002f4f60-002f501c
002f5020	FUN_002f5020	0	002f5020-002f518c
002f5190	FUN_002f5190	0	002f5190-002f5284
002f5288	FUN_002f5288	0	002f5288-002f5334
002f5338	FUN_002f5338	0	002f5338-002f53e4
002f53e8	FUN_002f53e8	0	002f53e8-002f5494
002f5498	FUN_002f5498	0	002f5498-002f5558
002f5558	FUN_002f5558	0	002f5558-002f56e4
002f56e8	FUN_002f56e8	0	002f56e8-002f5818
002f5818	FUN_002f5818	0	002f5818-002f59c8
002f59c8	FUN_002f59c8	0	002f59c8-002f5b20
002f5b20	FUN_002f5b20	0	002f5b20-002f5c44
002f5c48	FUN_002f5c48	0	002f5c48-002f5c70
002f5c70	FUN_002f5c70	0	002f5c70-002f5cb0
002f5cb0	FUN_002f5cb0	0	002f5cb0-002f5d18
002f5d18	FUN_002f5d18	0	002f5d18-002f5e20
002f5e20	FUN_002f5e20	0	002f5e20-002f5e74
002f5e78	FUN_002f5e78	0	002f5e78-002f5f4c
002f5f50	FUN_002f5f50	0	002f5f50-002f601c
002f6020	FUN_002f6020	0	002f6020-002f6160
002f6240	FUN_002f6240	0	002f6240-002f62b8
002f62b8	FUN_002f62b8	0	002f62b8-002f630c
002f6310	FUN_002f6310	0	002f6310-002f6374
002f6378	FUN_002f6378	0	002f6378-002f63dc
002f63e0	FUN_002f63e0	0	002f63e0-002f643c
002f6440	FUN_002f6440	0	002f6440-002f64f0
002f65a8	FUN_002f65a8	0	002f65a8-002f6694
002f6698	FUN_002f6698	0	002f6698-002f6700
002f6700	FUN_002f6700	0	002f6700-002f67a0
002f67a0	FUN_002f67a0	0	002f67a0-002f6870
002f6870	FUN_002f6870	0	002f6870-002f690c
002f69c8	FUN_002f69c8	0	002f69c8-002f6aac
002f6ab0	FUN_002f6ab0	0	002f6ab0-002f6b50
002f6b50	FUN_002f6b50	0	002f6b50-002f6bd0
002f6bd0	FUN_002f6bd0	0	002f6bd0-002f6c24
002f6c28	FUN_002f6c28	0	002f6c28-002f6ca0
002f6ca0	FUN_002f6ca0	0	002f6ca0-002f6f9c
002f6fa0	FUN_002f6fa0	0	002f6fa0-002f6fbc
002f6fc0	FUN_002f6fc0	0	002f6fc0-002f7118
002f7118	FUN_002f7118	0	002f7118-002f71b0
002f71b0	FUN_002f71b0	0	002f71b0-002f7250
002f7250	FUN_002f7250	0	002f7250-002f72bc
002f72c0	FUN_002f72c0	0	002f72c0-002f7418
002f74c8	FUN_002f74c8	0	002f74c8-002f77b0
002f77b0	FUN_002f77b0	0	002f77b0-002f7864,002f7868-002f79c8
002f79c8	FUN_002f79c8	0	002f79c8-002f7be8
002f7be8	FUN_002f7be8	0	002f7be8-002f7dc8
002f7dc8	FUN_002f7dc8	0	002f7dc8-002f7e60
002f7e60	FUN_002f7e60	0	002f7e60-002f7f18
002f7f18	FUN_002f7f18	0	002f7f18-002f7fe8
002f7fe8	FUN_002f7fe8	0	002f7fe8-002f800c
002f8010	FUN_002f8010	0	002f8010-002f83f0
002f83f0	FUN_002f83f0	0	002f83f0-002f841c
002f8420	FUN_002f8420	0	002f8420-002f86f0
002f86f0	FUN_002f86f0	0	002f86f0-002f87c0
002f87c0	FUN_002f87c0	0	002f87c0-002f8870
002f8870	FUN_002f8870	0	002f8870-002f8888
002f8888	FUN_002f8888	0	002f8888-002f895c
002f8960	FUN_002f8960	0	002f8960-002f8a18
002f8a18	FUN_002f8a18	0	002f8a18-002f8a84
002f8aa0	FUN_002f8aa0	0	002f8aa0-002f8ab4
002f8ab8	FUN_002f8ab8	0	002f8ab8-002f8acc
002f8ad0	FUN_002f8ad0	0	002f8ad0-002f8ae4
002f8ae8	FUN_002f8ae8	0	002f8ae8-002f8afc
002f8b00	FUN_002f8b00	0	002f8b00-002f8b14
002f8b18	FUN_002f8b18	0	002f8b18-002f8b2c
002f8b30	FUN_002f8b30	0	002f8b30-002f8b44
002f8e58	FUN_002f8e58	0	002f8e58-002f9268
002f9268	FUN_002f9268	0	002f9268-002f9600
002f9600	FUN_002f9600	0	002f9600-002f97c8
002f97c8	FUN_002f97c8	0	002f97c8-002f9a38
002f9a38	FUN_002f9a38	0	002f9a38-002f9bbc
002f9bc0	FUN_002f9bc0	0	002f9bc0-002f9e78
002f9e78	FUN_002f9e78	0	002f9e78-002fa01c,002fa020-002fa09c,002fa0a0-002fa3ec,002fa3f0-002fa674
002fa678	FUN_002fa678	0	002fa678-002fa7d4,002fa7d8-002faa10
002faa10	FUN_002faa10	0	002faa10-002faaec
002faaf0	FUN_002faaf0	0	002faaf0-002fac3c
002fac40	FUN_002fac40	0	002fac40-002fb374,002fb378-002fb460
002fb460	FUN_002fb460	0	002fb460-002fb554
002fb558	FUN_002fb558	0	002fb558-002fb850
002fb850	FUN_002fb850	0	002fb850-002fb8fc
002fb900	FUN_002fb900	0	002fb900-002fb928
002fb928	FUN_002fb928	0	002fb928-002fb9f4,002fb9f8-002fbb50
002fbb50	FUN_002fbb50	0	002fbb50-002fbba8
002fbc78	FUN_002fbc78	0	002fbc78-002fbd38
002fbd38	FUN_002fbd38	0	002fbd38-002fbe60
002fbe60	FUN_002fbe60	0	002fbe60-002fbe94
002fbe98	FUN_002fbe98	0	002fbe98-002fbf54
002fbf58	FUN_002fbf58	0	002fbf58-002fc038
002fc0e8	FUN_002fc0e8	0	002fc0e8-002fc1fc
002fc200	FUN_002fc200	0	002fc200-002fc378
002fc378	FUN_002fc378	0	002fc378-002fc43c
002fc498	FUN_002fc498	0	002fc498-002fc614
002fc618	FUN_002fc618	0	002fc618-002fc688
002fc688	FUN_002fc688	0	002fc688-002fc7d4
002fc7d8	FUN_002fc7d8	0	002fc7d8-002fc864
002fc868	FUN_002fc868	0	002fc868-002fc9a8
002fc9a8	FUN_002fc9a8	0	002fc9a8-002fca74
002fca78	FUN_002fca78	0	002fca78-002fcb94
002fcb98	FUN_002fcb98	0	002fcb98-002fcc54
002fcc58	FUN_002fcc58	0	002fcc58-002fce24
002fce28	FUN_002fce28	0	002fce28-002fcf80
002fcf80	FUN_002fcf80	0	002fcf80-002fd04c
002fd050	FUN_002fd050	0	002fd050-002fd15c
002fd160	FUN_002fd160	0	002fd160-002fd178
002fd178	FUN_002fd178	0	002fd178-002fd188
002fd188	FUN_002fd188	0	002fd188-002fd220
002fd220	FUN_002fd220	0	002fd220-002fd248
002fd248	FUN_002fd248	0	002fd248-002fd310
002fd310	FUN_002fd310	0	002fd310-002fd344
002fd348	FUN_002fd348	0	002fd348-002fd3d0
002fd3d0	FUN_002fd3d0	0	002fd3d0-002fd3e4
002fd3e8	FUN_002fd3e8	0	002fd3e8-002fd408
002fd408	FUN_002fd408	0	002fd408-002fd428
002fd428	FUN_002fd428	0	002fd428-002fd67c
002fd680	FUN_002fd680	0	002fd680-002fd9bc,002fd9c0-002fdd68
002fdd68	FUN_002fdd68	0	002fdd68-002fde18
002fde18	FUN_002fde18	0	002fde18-002fded8
002fded8	FUN_002fded8	0	002fded8-002fdf30
002fdf30	FUN_002fdf30	0	002fdf30-002fdf84
002fdf88	FUN_002fdf88	0	002fdf88-002fdfc4
002fdfc8	FUN_002fdfc8	0	002fdfc8-002fe014
002fe018	FUN_002fe018	0	002fe018-002fe09c
002fe0a0	FUN_002fe0a0	0	002fe0a0-002fe0c0
002fe0c0	FUN_002fe0c0	0	002fe0c0-002fe244,002fe248-002fe594,002fe598-002fe604,002fe608-002fe69c,002fe6a0-002fe7d4,002fe7d8-002fe8bc,002fe8c0-002fe9ec,002fe9f0-002fe9fc
002fea00	FUN_002fea00	0	002fea00-002fea18
002fea18	FUN_002fea18	0	002fea18-002fea70
002fea70	FUN_002fea70	0	002fea70-002feac0
002feac0	FUN_002feac0	0	002feac0-002feb24
002feb28	FUN_002feb28	0	002feb28-002febac
002febb0	FUN_002febb0	0	002febb0-002fec78
002fed10	FUN_002fed10	0	002fed10-002fed30
002fed30	FUN_002fed30	0	002fed30-002fed58
002fed58	FUN_002fed58	0	002fed58-002fed74
002fed98	FUN_002fed98	0	002fed98-002fedec
002fedf0	FUN_002fedf0	0	002fedf0-002fee04,00305df0-00305df8
002fee78	FUN_002fee78	0	002fee78-002feee8
002feee8	FUN_002feee8	0	002feee8-002ff014
002ff014	FUN_002ff014	0	002ff014-002ff1a4
002ff1a4	FUN_002ff1a4	0	002ff1a4-002ff2e8
002ff2e8	FUN_002ff2e8	0	002ff2e8-002ff3fc
002ff3fc	FUN_002ff3fc	0	002ff3fc-002ff534
002ff538	FUN_002ff538	0	002ff538-002ff6b4,002ff6b8-002ff6f0
002ff6f0	FUN_002ff6f0	0	002ff6f0-002ff8ac
002ff8b0	FUN_002ff8b0	0	002ff8b0-002ff914
002ff918	FUN_002ff918	0	002ff918-002ff96c
002ff970	FUN_002ff970	0	002ff970-002ffbb0
002ffbb0	FUN_002ffbb0	0	002ffbb0-002ffbe0
002ffbe0	FUN_002ffbe0	0	002ffbe0-002ffc04
002ffc08	FUN_002ffc08	0	002ffc08-002ffc4c
002ffc50	FUN_002ffc50	0	002ffc50-002ffd00
002ffd00	FUN_002ffd00	0	002ffd00-002ffd74
002ffd78	FUN_002ffd78	0	002ffd78-002ffffc,00300000-003010f4,003010f8-003012bc,003012c0-003012d4
003012d8	FUN_003012d8	0	003012d8-00301480
00301480	FUN_00301480	0	00301480-00301550
00301550	FUN_00301550	0	00301550-003015a4
003015a8	FUN_003015a8	0	003015a8-003015f4
003015f8	FUN_003015f8	0	003015f8-00301708
00301708	FUN_00301708	0	00301708-00301938
00301938	FUN_00301938	0	00301938-003020d4,003020d8-003023e4,003023e8-003026ec,003026f0-00302974,00302978-00302b18
00302b18	FUN_00302b18	0	00302b18-00302b5c,00302b60-00302c24
00302c28	FUN_00302c28	0	00302c28-00302c84
00302c88	FUN_00302c88	0	00302c88-00302cf8
00302cf8	FUN_00302cf8	0	00302cf8-00302dd0
00302e10	FUN_00302e10	0	00302e10-00302e90
00302e90	FUN_00302e90	0	00302e90-0030312c,00303130-0030316c
00303170	FUN_00303170	0	00303170-003032cc
003032d0	FUN_003032d0	0	003032d0-003034dc,003034e0-00303514,00303518-0030362c,00303630-00303694
00303698	FUN_00303698	0	00303698-00303728
00303728	FUN_00303728	0	00303728-003037b0
003037b0	FUN_003037b0	0	003037b0-003037bc
003037c0	FUN_003037c0	0	003037c0-003037e8
003037e8	FUN_003037e8	0	003037e8-00303804
00303808	FUN_00303808	0	00303808-00303954
00303958	FUN_00303958	0	00303958-00303988
00303988	FUN_00303988	0	00303988-00303a68
00303a68	FUN_00303a68	0	00303a68-00303b6c
00303b70	FUN_00303b70	0	00303b70-00303c18
00303c18	FUN_00303c18	0	00303c18-00303c44
00303c48	FUN_00303c48	0	00303c48-00303d4c
00303e80	FUN_00303e80	0	00303e80-00303efc
00303f00	FUN_00303f00	0	00303f00-00303fbc
00303fc0	FUN_00303fc0	0	00303fc0-00303ff4
00303ff8	FUN_00303ff8	0	00303ff8-003041fc
00304200	FUN_00304200	0	00304200-00304304
00304308	FUN_00304308	0	00304308-00304464
00304468	FUN_00304468	0	00304468-003044cc
003044d0	FUN_003044d0	0	003044d0-0030464c
003048b8	FUN_003048b8	0	003048b8-00304a34
00304b60	FUN_00304b60	0	00304b60-00304ba8
00304ba8	FUN_00304ba8	0	00304ba8-00304c5c,00304c60-00304cc8
00304d68	FUN_00304d68	0	00304d68-00304db0
00304db0	FUN_00304db0	0	00304db0-00304de8
00304de8	FUN_00304de8	0	00304de8-00304e48
00304ec8	FUN_00304ec8	0	00304ec8-00304f2c
00304f50	FUN_00304f50	0	00304f50-00304fac
00304fb0	FUN_00304fb0	0	00304fb0-00305064
00305068	FUN_00305068	0	00305068-003050b8
003050b8	FUN_003050b8	0	003050b8-0030510c
00305110	FUN_00305110	0	00305110-00305168
00305168	FUN_00305168	0	00305168-003051c4
00305220	SetGsCrt	0	00305220-00305230
00305240	_Exit	0	00305240-00305250
00305260	_LoadExecPS2	0	00305260-00305270
003052d0	SetVTLBRefillHandler	0	003052d0-003052e0
00305300	AddIntcHandler	0	00305300-00305310
00305310	AddIntcHandler	0	00305310-00305320
00305320	RemoveIntcHandler	0	00305320-00305330
00305330	AddDmacHandler	0	00305330-00305340
00305350	RemoveDmacHandler	0	00305350-00305360
00305360	_EnableIntc	0	00305360-00305370
00305370	_DisableIntc	0	00305370-00305380
00305380	_EnableDmac	0	00305380-00305390
00305390	_DisableDmac	0	00305390-003053a0
003053c0	_iEnableIntc	0	003053c0-003053d0
003053d0	_iDisableIntc	0	003053d0-003053e0
003053e0	_iEnableDmac	0	003053e0-003053f0
003053f0	_iDisableDmac	0	003053f0-00305400
00305420	CreateThread	0	00305420-00305430
00305440	_StartThread	0	00305440-00305450
00305460	ExitDeleteThread	0	00305460-00305470
003054b0	ChangeThreadPriority	0	003054b0-003054c0
003054d0	RotateThreadReadyQueue	0	003054d0-003054e0
00305510	GetThreadId	0	00305510-00305520
00305520	ReferThreadStatus	0	00305520-00305530
00305540	SleepThread	0	00305540-00305550
00305550	WakeupThread	0	00305550-00305560
00305560	_iWakeupThread	0	00305560-00305570
00305590	SuspendThread	0	00305590-003055a0
003055a0	_iSuspendThread	0	003055a0-003055b0
00305600	EndOfHeap	0	00305600-00305610
00305620	CreateSema	0	00305620-00305630
00305630	DeleteSema	0	00305630-00305640
00305640	SignalSema	0	00305640-00305650
00305650	iSignalSema	0	00305650-00305660
00305660	WaitSema	0	00305660-00305670
00305670	PollSema	0	00305670-00305680
00305690	ReferSemaStatus	0	00305690-003056a0
003056a0	iReferSemaStatus	0	003056a0-003056b0
003056c0	SetOsdConfigParam	0	003056c0-003056d0
003056d0	GetOsdConfigParam	0	003056d0-003056e0
003058a0	FlushCache	0	003058a0-003058b0
003058d0	iFlushCache	0	003058d0-003058e0
003058f0	sceSifStopDma	0	003058f0-00305900
00305940	GsGetIMR	0	00305940-00305950
00305960	GsPutIMR	0	00305960-00305970
00305990	SetVSyncFlag	0	00305990-003059a0
003059c0	sceSifDmaStat	0	003059c0-003059d0
003059e0	sceSifSetDma	0	003059e0-003059f0
003059f0	isceSifSetDma	0	003059f0-00305a00
00305a00	sceSifSetDChain	0	00305a00-00305a10
00305a10	isceSifSetDChain	0	00305a10-00305a20
00305a20	sceSifSetReg	0	00305a20-00305a30
00305a30	sceSifGetReg	0	00305a30-00305a40
00305a40	_ExecOSD	0	00305a40-00305a50
00305a50	Deci2Call	0	00305a50-00305a60
00305a80	GetMemorySize	0	00305a80-00305a90
00305a90	_InitTLB	0	00305a90-00305aa0
00305aa0	FUN_00305aa0	0	00305aa0-00305aac
00305ab0	FUN_00305ab0	0	00305ab0-00305b40
00305b40	FUN_00305b40	0	00305b40-00305be4
00305be8	FUN_00305be8	0	00305be8-00305c64
00305c68	FUN_00305c68	0	00305c68-00305cdc
00305ce0	FUN_00305ce0	0	00305ce0-00305d08
00305d08	FUN_00305d08	0	00305d08-00305d10
00305d18	FUN_00305d18	0	00305d18-00305d20
00305d20	FUN_00305d20	0	00305d20-00305dcc
00305dd0	FUN_00305dd0	0	00305dd0-00305dd8
00305dd8	FUN_00305dd8	0	00305dd8-00305dec
00305df8	FUN_00305df8	0	00305df8-00305e20
00305e20	FUN_00305e20	0	00305e20-00305e48
00305e48	FUN_00305e48	0	00305e48-00305e70
00305e70	FUN_00305e70	0	00305e70-00305f14
00305f18	FUN_00305f18	0	00305f18-00305f94
00305fb0	FUN_00305fb0	0	00305fb0-00306054
00306058	FUN_00306058	0	00306058-003060d4
003060f0	FUN_003060f0	0	003060f0-00306100
00306100	FUN_00306100	0	00306100-00306168
00306168	FUN_00306168	0	00306168-003061d0
003061d0	FUN_003061d0	0	003061d0-00306238
00306238	FUN_00306238	0	00306238-003062a0
003062a0	FUN_003062a0	0	003062a0-003062c0
003062c0	FUN_003062c0	0	003062c0-003062e0
003062e0	FUN_003062e0	0	003062e0-00306300
00306300	FUN_00306300	0	00306300-00306320
00306320	FUN_00306320	0	00306320-003063f8
003063f8	FUN_003063f8	0	003063f8-003064e4
003064e8	FUN_003064e8	0	003064e8-0030657c
00306580	FUN_00306580	0	00306580-003065fc
00306600	FUN_00306600	0	00306600-00306698
00306698	FUN_00306698	0	00306698-00306760
00306760	FUN_00306760	0	00306760-003068d8
003068d8	FUN_003068d8	0	003068d8-00306900
00306900	FUN_00306900	0	00306900-00306924
00306928	FUN_00306928	0	00306928-00306964
00306968	FUN_00306968	0	00306968-003069a4
003069a8	FUN_003069a8	0	003069a8-00306a74,00306a78-00306b3c
00306b40	FUN_00306b40	0	00306b40-00306cb4
00306cb8	FUN_00306cb8	0	00306cb8-00306d88
00306d88	FUN_00306d88	0	00306d88-00306e44
00306e48	FUN_00306e48	0	00306e48-00306e80
00306e80	FUN_00306e80	0	00306e80-00306f30
00306f30	FUN_00306f30	0	00306f30-00306f64
00306f68	FUN_00306f68	0	00306f68-00306ff8
00306ff8	FUN_00306ff8	0	00306ff8-003070fc,00307100-003071d0
003071d0	FUN_003071d0	0	003071d0-00307ee4
00307f40	FUN_00307f40	0	00307f40-00307f68
00307f68	FUN_00307f68	0	00307f68-00307f90
00307f90	FUN_00307f90	0	00307f90-00307fdc
00307fe0	FUN_00307fe0	0	00307fe0-00308018
00308018	FUN_00308018	0	00308018-00308060
00308060	FUN_00308060	0	00308060-003080d0
003080d0	FUN_003080d0	0	003080d0-00308150
00308150	FUN_00308150	0	00308150-003081d0
00308200	FUN_00308200	0	00308200-00308218
00308248	FUN_00308248	0	00308248-00308310
00308310	FUN_00308310	0	00308310-00308398
00308398	FUN_00308398	0	00308398-003083d0
003083d0	FUN_003083d0	0	003083d0-00308650
00308650	FUN_00308650	0	00308650-00308684
003086b8	FUN_003086b8	0	003086b8-00308730
00308730	FUN_00308730	0	00308730-0030877c
00308780	FUN_00308780	0	00308780-003088b4
003088b8	FUN_003088b8	0	003088b8-003088f4
003088f8	FUN_003088f8	0	003088f8-00308934
00308938	FUN_00308938	0	00308938-00308a80
00308a80	FUN_00308a80	0	00308a80-00308b2c
00308b30	FUN_00308b30	0	00308b30-00308ccc
00308cd0	FUN_00308cd0	0	00308cd0-00308cf4
00308cf8	FUN_00308cf8	0	00308cf8-00308da0
00308da0	FUN_00308da0	0	00308da0-00308dbc
00308dc0	FUN_00308dc0	0	00308dc0-00308df0
00308df0	FUN_00308df0	0	00308df0-00308e30
00308e30	FUN_00308e30	0	00308e30-00308efc
00308f00	FUN_00308f00	0	00308f00-00308f40
00308f40	FUN_00308f40	0	00308f40-00309010
00309010	FUN_00309010	0	00309010-00309174
00309178	FUN_00309178	0	00309178-003091c4
003091c8	FUN_003091c8	0	003091c8-00309208
00309208	FUN_00309208	0	00309208-003092d4
003092d8	FUN_003092d8	0	003092d8-00309424
003094b8	FUN_003094b8	0	003094b8-003096b8
003096b8	FUN_003096b8	0	003096b8-003096f4
003096f8	FUN_003096f8	0	003096f8-0030978c
00309860	FUN_00309860	0	00309860-003098f4
003098f8	FUN_003098f8	0	003098f8-00309988
00309988	FUN_00309988	0	00309988-003099e0
003099e0	FUN_003099e0	0	003099e0-00309ba4
00309ba8	FUN_00309ba8	0	00309ba8-00309bbc,00309bc0-00309be8
00309be8	FUN_00309be8	0	00309be8-00309c58
00309c58	FUN_00309c58	0	00309c58-00309cd4
00309cd8	FUN_00309cd8	0	00309cd8-00309d60
00309d60	FUN_00309d60	0	00309d60-00309e4c
00309e50	FUN_00309e50	0	00309e50-00309ebc
00309ec0	FUN_00309ec0	0	00309ec0-0030a224,0030a228-0030a274
0030a278	FUN_0030a278	0	0030a278-0030a2cc
0030a2d0	FUN_0030a2d0	0	0030a2d0-0030a2fc
0030a300	FUN_0030a300	0	0030a300-0030a30c
0030a3b0	FUN_0030a3b0	0	0030a3b0-0030a3f4
0030a3f8	FUN_0030a3f8	0	0030a3f8-0030a600
0030a600	FUN_0030a600	0	0030a600-0030a68c
0030a690	FUN_0030a690	0	0030a690-0030a6c4
0030a6c8	FUN_0030a6c8	0	0030a6c8-0030a808
0030a808	FUN_0030a808	0	0030a808-0030a8f8
0030a8f8	FUN_0030a8f8	0	0030a8f8-0030ab88
0030ab88	FUN_0030ab88	0	0030ab88-0030ad00
0030ad00	FUN_0030ad00	0	0030ad00-0030af3c
0030af40	FUN_0030af40	0	0030af40-0030b05c,0030b060-0030b1ac
0030b1b0	FUN_0030b1b0	0	0030b1b0-0030b2cc,0030b2d0-0030b470
0030b470	FUN_0030b470	0	0030b470-0030b7f8
0030b7f8	FUN_0030b7f8	0	0030b7f8-0030b9e0
0030b9e0	FUN_0030b9e0	0	0030b9e0-0030bb90
0030bb90	FUN_0030bb90	0	0030bb90-0030bbac
0030bbb0	FUN_0030bbb0	0	0030bbb0-0030bd68
0030bd68	FUN_0030bd68	0	0030bd68-0030bd84
0030bd88	FUN_0030bd88	0	0030bd88-0030c008
0030c008	FUN_0030c008	0	0030c008-0030c134
0030c138	FUN_0030c138	0	0030c138-0030c154
0030c158	FUN_0030c158	0	0030c158-0030c220
0030c220	FUN_0030c220	0	0030c220-0030c384
0030c388	FUN_0030c388	0	0030c388-0030c4dc
0030c4e0	FUN_0030c4e0	0	0030c4e0-0030c694
0030c698	FUN_0030c698	0	0030c698-0030c8e4
0030c8e8	FUN_0030c8e8	0	0030c8e8-0030caf0
0030caf0	FUN_0030caf0	0	0030caf0-0030cb0c
0030cb10	FUN_0030cb10	0	0030cb10-0030ccbc
0030ccc0	FUN_0030ccc0	0	0030ccc0-0030cf40
0030cf40	FUN_0030cf40	0	0030cf40-0030cf5c
0030cf60	FUN_0030cf60	0	0030cf60-0030d19c
0030d1a0	FUN_0030d1a0	0	0030d1a0-0030d448
0030d448	FUN_0030d448	0	0030d448-0030d640
0030d640	FUN_0030d640	0	0030d640-0030d820
0030d820	FUN_0030d820	0	0030d820-0030d8a8
0030d8a8	FUN_0030d8a8	0	0030d8a8-0030d918
0030d918	FUN_0030d918	0	0030d918-0030d998
0030d998	FUN_0030d998	0	0030d998-0030da10
0030da10	FUN_0030da10	0	0030da10-0030da2c
0030da30	FUN_0030da30	0	0030da30-0030db20
0030db20	FUN_0030db20	0	0030db20-0030db90
0030db90	FUN_0030db90	0	0030db90-0030dc00
0030dc00	FUN_0030dc00	0	0030dc00-0030dc70
0030dc70	FUN_0030dc70	0	0030dc70-0030dcec
0030dcf0	FUN_0030dcf0	0	0030dcf0-0030dd6c
0030dd70	FUN_0030dd70	0	0030dd70-0030de70
0030de70	FUN_0030de70	0	0030de70-0030defc
0030df00	FUN_0030df00	0	0030df00-0030df38
0030df38	FUN_0030df38	0	0030df38-0030e140
0030e140	FUN_0030e140	0	0030e140-0030e348
0030e348	FUN_0030e348	0	0030e348-0030e3d8
0030e3d8	FUN_0030e3d8	0	0030e3d8-0030e478
0030e478	FUN_0030e478	0	0030e478-0030e508
0030e508	FUN_0030e508	0	0030e508-0030e524
0030e528	FUN_0030e528	0	0030e528-0030e544
0030e548	FUN_0030e548	0	0030e548-0030e76c
0030e770	FUN_0030e770	0	0030e770-0030e790
0030e790	FUN_0030e790	0	0030e790-0030e7ac
0030e7b0	FUN_0030e7b0	0	0030e7b0-0030e8b4
0030e8b8	FUN_0030e8b8	0	0030e8b8-0030e8d4
0030e900	FUN_0030e900	0	0030e900-0030e9ec
0030e9f0	FUN_0030e9f0	0	0030e9f0-0030eacc
0030ead0	FUN_0030ead0	0	0030ead0-0030ec24
0030ec28	FUN_0030ec28	0	0030ec28-0030ec50
0030ec50	FUN_0030ec50	0	0030ec50-0030eca0
0030eca0	FUN_0030eca0	0	0030eca0-0030edb0
0030edb0	FUN_0030edb0	0	0030edb0-0030ee00
0030ee00	FUN_0030ee00	0	0030ee00-0030ee18
0030ee18	FUN_0030ee18	0	0030ee18-0030ee78
0030ee88	FUN_0030ee88	0	0030ee88-0030ee98
0030ef10	FUN_0030ef10	0	0030ef10-0030ef20
0030ef20	FUN_0030ef20	0	0030ef20-0030ef54
0030ef58	FUN_0030ef58	0	0030ef58-0030f054
0030f058	RFU116_SetSyscall	0	0030f058-0030f068
0030f068	FUN_0030f068	0	0030f068-0030f0bc
0030f0c0	RFU116_SetSyscall	0	0030f0c0-0030f0d0
0030f0d0	FUN_0030f0d0	0	0030f0d0-0030f0e0
0030f118	RFU091	0	0030f118-0030f128
0030f128	FUN_0030f128	0	0030f128-0030f190
0030f190	FUN_0030f190	0	0030f190-0030f23c
0030f240	FUN_0030f240	0	0030f240-0030f250
0030f280	RFU116_SetSyscall	0	0030f280-0030f290
0030f290	FUN_0030f290	0	0030f290-0030f3a8
0030f3a8	thunk_FUN_003114f0	1	0030f3a8-0030f3b0
0030f420	FUN_0030f420	0	0030f420-0030f468
0030f468	FUN_0030f468	0	0030f468-0030f490
0030f490	FUN_0030f490	0	0030f490-0030f4dc
0030f4e0	RFU116_SetSyscall	0	0030f4e0-0030f4f0
0030f4f0	FUN_0030f4f0	0	0030f4f0-0030f500
0030f538	RFU091	0	0030f538-0030f548
0030f548	FUN_0030f548	0	0030f548-0030f61c
0030f620	FUN_0030f620	0	0030f620-0030f688
0030f690	FUN_0030f690	0	0030f690-0030f6a0
0030f6a0	FUN_0030f6a0	0	0030f6a0-0030f6b0
0030f6b0	FUN_0030f6b0	0	0030f6b0-0030f6c0
0030f6c0	FUN_0030f6c0	0	0030f6c0-0030f814
0030f818	FUN_0030f818	0	0030f818-0030f8d0
0030f900	FUN_0030f900	0	0030f900-0030f990
0030f990	FUN_0030f990	0	0030f990-0030fa0c
0030fa10	FUN_0030fa10	0	0030fa10-0030fba0
0030fba0	FUN_0030fba0	0	0030fba0-0030fbcc,0030fbd0-0030fc24
0030fc28	FUN_0030fc28	0	0030fc28-0030fc60
0030fc60	FUN_0030fc60	0	0030fc60-0030ff04
0030ff08	FUN_0030ff08	0	0030ff08-0030ff54
0030ff58	FUN_0030ff58	0	0030ff58-0030ffd4
0030ffd8	FUN_0030ffd8	0	0030ffd8-00310048
00310048	FUN_00310048	0	00310048-00310090
00310090	FUN_00310090	0	00310090-00310130
00310130	FUN_00310130	0	00310130-0031017c
00310180	FUN_00310180	0	00310180-003101d0
003101d0	FUN_003101d0	0	003101d0-0031022c
00310230	FUN_00310230	0	00310230-003102dc
003102e0	FUN_003102e0	0	003102e0-0031032c
00310330	FUN_00310330	0	00310330-003103f4
003103f8	FUN_003103f8	0	003103f8-00310444
00310448	FUN_00310448	0	00310448-00310514
00310518	FUN_00310518	0	00310518-00310560
00310560	FUN_00310560	0	00310560-003105ac
003105b0	FUN_003105b0	0	003105b0-0031061c
00310620	FUN_00310620	0	00310620-0031066c
00310670	FUN_00310670	0	00310670-00310764
00310768	FUN_00310768	0	00310768-003107e4
003107e8	FUN_003107e8	0	003107e8-00310890
00310890	FUN_00310890	0	00310890-00310900
00310900	FUN_00310900	0	00310900-00310954
00310990	FUN_00310990	0	00310990-003109dc
003109e0	FUN_003109e0	0	003109e0-00310a3c
00310a40	FUN_00310a40	0	00310a40-00310b6c
00310b70	FUN_00310b70	0	00310b70-00310c60
00310c60	FUN_00310c60	0	00310c60-00310d08
00310d08	FUN_00310d08	0	00310d08-00310d80
00310d80	FUN_00310d80	0	00310d80-00310da4
00310e28	FUN_00310e28	0	00310e28-00310ee0
00310f38	FUN_00310f38	0	00310f38-00310fe0
00310fe0	FUN_00310fe0	0	00310fe0-00311024
00311028	FUN_00311028	0	00311028-0031104c
00311050	FUN_00311050	0	00311050-00311080
00311080	FUN_00311080	0	00311080-003110a4
003110a8	FUN_003110a8	0	003110a8-003110d8
003110d8	FUN_003110d8	0	003110d8-003110fc
00311100	FUN_00311100	0	00311100-00311134
00311138	FUN_00311138	0	00311138-0031116c
003111a0	FUN_003111a0	0	003111a0-003111c4
003111c8	FUN_003111c8	0	003111c8-003111ec
003111f0	FUN_003111f0	0	003111f0-00311214
00311218	FUN_00311218	0	00311218-00311278
00311300	FUN_00311300	0	00311300-00311310
00311348	RFU091	0	00311348-00311358
00311358	RFU116_SetSyscall	0	00311358-00311368
00311368	FUN_00311368	0	00311368-0031142c
00311450	RFU086_WaitEvnetFlag	0	00311450-00311460
00311460	FUN_00311460	0	00311460-00311490
003114f0	FUN_003114f0	0	003114f0-00311530
00311530	FUN_00311530	0	00311530-00311724
00311aa0	FUN_00311aa0	0	00311aa0-00311aec
00311af0	FUN_00311af0	0	00311af0-00311bb8
00311bb8	FUN_00311bb8	0	00311bb8-00311cc0
00311dd0	FUN_00311dd0	0	00311dd0-00311ef8
00311ef8	FUN_00311ef8	0	00311ef8-003125c0
003125c0	FUN_003125c0	0	003125c0-003126f0
003126f0	FUN_003126f0	0	003126f0-00312db8
00312db8	FUN_00312db8	0	00312db8-00313498
00313498	FUN_00313498	0	00313498-003134b8
003134b8	FUN_003134b8	0	003134b8-00313b80
00313b80	FUN_00313b80	0	00313b80-00313bbc
00313bc0	FUN_00313bc0	0	00313bc0-00313c54
00313c58	FUN_00313c58	0	00313c58-00313e7c
00313e80	FUN_00313e80	0	00313e80-00313ed8
00313ed8	FUN_00313ed8	0	00313ed8-00313f3c
00313f40	FUN_00313f40	0	00313f40-00313f98
00313f98	FUN_00313f98	0	00313f98-0031418c
00314190	FUN_00314190	0	00314190-003141e4
003141e8	FUN_003141e8	0	003141e8-003142e0
003142e0	FUN_003142e0	0	003142e0-0031432c
00314330	FUN_00314330	0	00314330-003143e0
003143e0	FUN_003143e0	0	003143e0-0031447c
00314480	FUN_00314480	0	00314480-003144ac
003144b0	FUN_003144b0	0	003144b0-00314504
00314508	FUN_00314508	0	00314508-003145a4
003145a8	FUN_003145a8	0	003145a8-00314640
00314640	FUN_00314640	0	00314640-00314694
00314698	FUN_00314698	0	00314698-003146c4
003146c8	FUN_003146c8	0	003146c8-0031479c
003147a0	FUN_003147a0	0	003147a0-00314804,00314808-00314830
00314830	FUN_00314830	0	00314830-0031492c
00314930	FUN_00314930	0	00314930-003149e4
003149e8	FUN_003149e8	0	003149e8-00314a4c
00314a50	FUN_00314a50	0	00314a50-00314afc
00314b00	FUN_00314b00	0	00314b00-00314b38
00314b38	FUN_00314b38	0	00314b38-00314b8c
00314b90	FUN_00314b90	0	00314b90-00314ce8
00314ce8	FUN_00314ce8	0	00314ce8-00314dd8
00314dd8	FUN_00314dd8	0	00314dd8-00314e44
00314e48	FUN_00314e48	0	00314e48-00314ee4
00314ee8	FUN_00314ee8	0	00314ee8-003152b4,003152b8-0031530c,00315310-00315334,00315338-00315340
00315418	FUN_00315418	0	00315418-00315430,00315438-00315440
00315440	FUN_00315440	0	00315440-00315458
00315458	FUN_00315458	0	00315458-00315498
003154a8	FUN_003154a8	0	003154a8-00315500
00315500	FUN_00315500	0	00315500-003155c0
003155c0	FUN_003155c0	0	003155c0-003155e8
003155e8	FUN_003155e8	0	003155e8-003155f8
00315608	FUN_00315608	0	00315608-00315628
00315628	FUN_00315628	0	00315628-0031564c
00315650	FUN_00315650	0	00315650-00315674
00315678	FUN_00315678	0	00315678-003156b0
003156b0	FUN_003156b0	0	003156b0-003156d4
003156d8	FUN_003156d8	0	003156d8-003156fc
00315700	FUN_00315700	0	00315700-00315738
00315768	FUN_00315768	0	00315768-0031578c
00315790	FUN_00315790	0	00315790-003157b4
003157b8	FUN_003157b8	0	003157b8-003157ec
00315818	FUN_00315818	0	00315818-0031583c
00315840	FUN_00315840	0	00315840-00315874
003158a0	FUN_003158a0	0	003158a0-003158c4
003158c8	FUN_003158c8	0	003158c8-003158fc
00315948	FUN_00315948	0	00315948-003159b0
003159c8	FUN_003159c8	0	003159c8-00315a08
00315a08	FUN_00315a08	0	00315a08-00315b40
003160e0	FUN_003160e0	0	003160e0-00316110
00316110	FUN_00316110	0	00316110-00316188
00316188	FUN_00316188	0	00316188-00316418
00316658	FUN_00316658	0	00316658-003166ec
003166f0	FUN_003166f0	0	003166f0-00316750
003167f8	FUN_003167f8	0	003167f8-00316808
00316818	FUN_00316818	0	00316818-0031683c
00316840	FUN_00316840	0	00316840-00316864
00316868	FUN_00316868	0	00316868-0031688c
00316890	FUN_00316890	0	00316890-003168c8
003168d8	FUN_003168d8	0	003168d8-00316998
00316998	FUN_00316998	0	00316998-003169cc
003169d0	FUN_003169d0	0	003169d0-00316a4c
00316a50	FUN_00316a50	0	00316a50-00316af4
00316af8	FUN_00316af8	0	00316af8-00316c68
00316c68	FUN_00316c68	0	00316c68-00316d08
00316d08	FUN_00316d08	0	00316d08-00316d14
00316d18	FUN_00316d18	0	00316d18-00316d64
00316d68	FUN_00316d68	0	00316d68-00316dfc
00316e00	FUN_00316e00	0	00316e00-00316e0c
00316e10	FUN_00316e10	0	00316e10-00316e1c
00316e20	FUN_00316e20	0	00316e20-00316e84
00316e88	FUN_00316e88	0	00316e88-00316f34,00317130-00317140
00316f38	FUN_00316f38	0	00316f38-00316f70
00316f70	FUN_00316f70	0	00316f70-00316fc4
00316fc8	FUN_00316fc8	0	00316fc8-0031711c
00317120	FUN_00317120	0	00317120-00317128
00317128	FUN_00317128	0	00317128-00317130
00317140	FUN_00317140	0	00317140-003172ec
003172f0	FUN_003172f0	0	003172f0-00317868
00317868	FUN_00317868	0	00317868-00317d80
00317d80	FUN_00317d80	0	00317d80-00317ee8
00317ee8	FUN_00317ee8	0	00317ee8-00317fc4
00317fc8	FUN_00317fc8	0	00317fc8-0031819c
003181a0	FUN_003181a0	0	003181a0-003181f8
003181f8	FUN_003181f8	0	003181f8-00318290
00318290	FUN_00318290	0	00318290-00318908
00318908	FUN_00318908	0	00318908-003189e0
003189e0	FUN_003189e0	0	003189e0-00318c94,00318c98-00318ca0
00318ca0	FUN_00318ca0	0	00318ca0-00318ddc
00318fc0	FUN_00318fc0	0	00318fc0-003190ec,003190f0-00319190
003191d0	FUN_003191d0	0	003191d0-003191e4
003191e8	FUN_003191e8	0	003191e8-003191f0
003191f0	FUN_003191f0	0	003191f0-003191f8
003191f8	FUN_003191f8	0	003191f8-00319788
00319788	FUN_00319788	0	00319788-003197ac
003197d0	FUN_003197d0	0	003197d0-003197f8
003197f8	FUN_003197f8	0	003197f8-00319820
00319820	FUN_00319820	0	00319820-00319848
00319848	FUN_00319848	0	00319848-00319870
00319870	FUN_00319870	0	00319870-0031992c
00319930	FUN_00319930	0	00319930-003199cc
003199d0	FUN_003199d0	0	003199d0-00319a5c
00319a60	FUN_00319a60	0	00319a60-00319bd0
00319bd0	FUN_00319bd0	0	00319bd0-00319d1c
00319d20	FUN_00319d20	0	00319d20-00319d2c
00319d30	FUN_00319d30	0	00319d30-00319d58
00319d58	FUN_00319d58	0	00319d58-00319d60
00319d68	FUN_00319d68	0	00319d68-00319df8
00319df8	FUN_00319df8	0	00319df8-00319e8c
00319e90	FUN_00319e90	0	00319e90-00319f44
00319f60	FUN_00319f60	0	00319f60-00319f84
00319f88	FUN_00319f88	0	00319f88-00319fac
00319fb0	FUN_00319fb0	0	00319fb0-0031a030
0031a030	FUN_0031a030	0	0031a030-0031a048
0031a048	FUN_0031a048	0	0031a048-0031a060
0031a060	FUN_0031a060	0	0031a060-0031a068
0031a068	FUN_0031a068	0	0031a068-0031a1a0
0031a1a0	FUN_0031a1a0	0	0031a1a0-0031a25c
0031a260	FUN_0031a260	0	0031a260-0031a2ac
0031a2b0	FUN_0031a2b0	0	0031a2b0-0031a2f0
0031a2f0	FUN_0031a2f0	0	0031a2f0-0031a34c
0031a350	FUN_0031a350	0	0031a350-0031a3d4
0031a3d8	FUN_0031a3d8	0	0031a3d8-0031a460
0031a460	FUN_0031a460	0	0031a460-0031a504
0031a508	FUN_0031a508	0	0031a508-0031a544
0031a548	FUN_0031a548	0	0031a548-0031a5a0
0031a5a0	FUN_0031a5a0	0	0031a5a0-0031a628
0031a628	FUN_0031a628	0	0031a628-0031a6cc
0031a6d0	FUN_0031a6d0	0	0031a6d0-0031a78c
0031a790	FUN_0031a790	0	0031a790-0031a830
0031a830	FUN_0031a830	0	0031a830-0031a838
0031a838	FUN_0031a838	0	0031a838-0031a840
0031a840	FUN_0031a840	0	0031a840-0031a850
0031a850	FUN_0031a850	0	0031a850-0031a9d4
0031a9d8	FUN_0031a9d8	0	0031a9d8-0031ab38
0031ab38	FUN_0031ab38	0	0031ab38-0031ab78
0031ab78	FUN_0031ab78	0	0031ab78-0031abd4
0031abd8	FUN_0031abd8	0	0031abd8-0031ac18
0031ac18	FUN_0031ac18	0	0031ac18-0031ac74
0031ac78	FUN_0031ac78	0	0031ac78-0031acc0
0031acc0	FUN_0031acc0	0	0031acc0-0031ad00
0031ad00	FUN_0031ad00	0	0031ad00-0031ad5c
0031ad60	FUN_0031ad60	0	0031ad60-0031ada0
0031ada0	FUN_0031ada0	0	0031ada0-0031adfc
0031ae00	FUN_0031ae00	0	0031ae00-0031ae08
0031ae18	FUN_0031ae18	0	0031ae18-0031ae58
0031ae58	FUN_0031ae58	0	0031ae58-0031af08
0031af68	FUN_0031af68	0	0031af68-0031afa8
0031afa8	FUN_0031afa8	0	0031afa8-0031affc
0031b000	FUN_0031b000	0	0031b000-0031b070
0031b070	FUN_0031b070	0	0031b070-0031b0c0
0031b0c0	FUN_0031b0c0	0	0031b0c0-0031b12c
0031b130	FUN_0031b130	0	0031b130-0031b3b8
0031b3b8	FUN_0031b3b8	0	0031b3b8-0031b4f0
0031b4f0	FUN_0031b4f0	0	0031b4f0-0031b5c8
0031b5c8	FUN_0031b5c8	0	0031b5c8-0031b648
0031b648	FUN_0031b648	0	0031b648-0031b6ac
0031b7c8	FUN_0031b7c8	0	0031b7c8-0031b7e8
0031b7e8	FUN_0031b7e8	0	0031b7e8-0031b854
0031b858	FUN_0031b858	0	0031b858-0031b8e0
0031b8f0	FUN_0031b8f0	0	0031b8f0-0031b910
0031b910	FUN_0031b910	0	0031b910-0031b920
0031b920	FUN_0031b920	0	0031b920-0031b940
0031b940	FUN_0031b940	0	0031b940-0031b964,0031b9cc-0031b9d4
0031b9e0	FUN_0031b9e0	0	0031b9e0-0031ba78
0031ba88	FUN_0031ba88	0	0031ba88-0031baa8
0031baa8	FUN_0031baa8	0	0031baa8-0031bab8
0031bab8	FUN_0031bab8	0	0031bab8-0031badc
0031bae0	FUN_0031bae0	0	0031bae0-0031bb08
0031bb08	FUN_0031bb08	0	0031bb08-0031bb18
0031bb28	FUN_0031bb28	0	0031bb28-0031bb48
0031bb58	FUN_0031bb58	0	0031bb58-0031bb78
0031bb78	FUN_0031bb78	0	0031bb78-0031bb98
0031bba8	FUN_0031bba8	0	0031bba8-0031bbc8
0031bbc8	FUN_0031bbc8	0	0031bbc8-0031bbd8
0031bbd8	FUN_0031bbd8	0	0031bbd8-0031bbf8
0031bc08	FUN_0031bc08	0	0031bc08-0031bc28
0031bc38	FUN_0031bc38	0	0031bc38-0031bc58
0031bc58	FUN_0031bc58	0	0031bc58-0031bcf4
0031bcf8	FUN_0031bcf8	0	0031bcf8-0031bd94
0031bd98	FUN_0031bd98	0	0031bd98-0031be6c
0031be70	FUN_0031be70	0	0031be70-0031bed8
0031bed8	FUN_0031bed8	0	0031bed8-0031bf50
0031bf50	FUN_0031bf50	0	0031bf50-0031bfc8
0031bfc8	FUN_0031bfc8	0	0031bfc8-0031c024
0031c028	FUN_0031c028	0	0031c028-0031c068
0031c068	FUN_0031c068	0	0031c068-0031c0a4
0031c0b8	FUN_0031c0b8	0	0031c0b8-0031c0f8
0031c0f8	FUN_0031c0f8	0	0031c0f8-0031c1ac
0031c1b0	FUN_0031c1b0	0	0031c1b0-0031c248
0031c248	FUN_0031c248	0	0031c248-0031c2c8
0031c2c8	FUN_0031c2c8	0	0031c2c8-0031c364
0031c368	FUN_0031c368	0	0031c368-0031c44c
0031c450	FUN_0031c450	0	0031c450-0031c518
0031c518	FUN_0031c518	0	0031c518-0031c5cc
0031c5d0	FUN_0031c5d0	0	0031c5d0-0031c668
0031c668	FUN_0031c668	0	0031c668-0031c6f8
0031c6f8	FUN_0031c6f8	0	0031c6f8-0031c7a4
0031c7a8	FUN_0031c7a8	0	0031c7a8-0031c838
0031c838	FUN_0031c838	0	0031c838-0031c8e4
0031c8e8	FUN_0031c8e8	0	0031c8e8-0031c924
0031c928	FUN_0031c928	0	0031c928-0031c980
0031c980	FUN_0031c980	0	0031c980-0031c9a4
0031c9a8	FUN_0031c9a8	0	0031c9a8-0031c9f4
0031c9f8	FUN_0031c9f8	0	0031c9f8-0031ca1c
0031ca20	FUN_0031ca20	0	0031ca20-0031ca6c
0031ca70	FUN_0031ca70	0	0031ca70-0031cb58
0031cb58	FUN_0031cb58	0	0031cb58-0031cc24
0031cc28	FUN_0031cc28	0	0031cc28-0031cc30
0031cc30	FUN_0031cc30	0	0031cc30-0031cd4c
0031cd50	FUN_0031cd50	0	0031cd50-0031cd90
0031cd90	FUN_0031cd90	0	0031cd90-0031cdd8
0031cdd8	FUN_0031cdd8	0	0031cdd8-0031ce24
0031ce70	FUN_0031ce70	0	0031ce70-0031cebc
0031cec0	FUN_0031cec0	0	0031cec0-0031cf14
0031cf18	FUN_0031cf18	0	0031cf18-0031cf88
0031cf88	FUN_0031cf88	0	0031cf88-0031d030
0031d030	FUN_0031d030	0	0031d030-0031d0f4
0031d0f8	FUN_0031d0f8	0	0031d0f8-0031d1b4
0031d1b8	FUN_0031d1b8	0	0031d1b8-0031d290
0031d290	FUN_0031d290	0	0031d290-0031d490
0031d490	FUN_0031d490	0	0031d490-0031d6ac
0031d6b0	FUN_0031d6b0	0	0031d6b0-0031d6c0
0031d6c0	FUN_0031d6c0	0	0031d6c0-0031d700
0031d700	FUN_0031d700	0	0031d700-0031d75c
0031d770	FUN_0031d770	0	0031d770-0031d7b0
0031d7c0	FUN_0031d7c0	0	0031d7c0-0031d800
0031d800	FUN_0031d800	0	0031d800-0031d840
0031d840	FUN_0031d840	0	0031d840-0031d89c
0031d8a0	FUN_0031d8a0	0	0031d8a0-0031d8f4
0031d8f8	FUN_0031d8f8	0	0031d8f8-0031d968
0031d978	FUN_0031d978	0	0031d978-0031d9b8
0031d9b8	FUN_0031d9b8	0	0031d9b8-0031da44
0031da48	FUN_0031da48	0	0031da48-0031daf0
0031daf0	FUN_0031daf0	0	0031daf0-0031db7c
0031db80	FUN_0031db80	0	0031db80-0031dc74
0031dc78	FUN_0031dc78	0	0031dc78-0031dd50
0031dd50	FUN_0031dd50	0	0031dd50-0031ddec
0031dee8	FUN_0031dee8	0	0031dee8-0031dff4
0031e008	FUN_0031e008	0	0031e008-0031e044
0031e068	FUN_0031e068	0	0031e068-0031e098
0031e0b8	FUN_0031e0b8	0	0031e0b8-0031e0e4
0031e110	FUN_0031e110	0	0031e110-0031e158
0031e158	FUN_0031e158	0	0031e158-0031e208
0031e208	FUN_0031e208	0	0031e208-0031e268
0031e268	FUN_0031e268	0	0031e268-0031e2b4
0031e2b8	FUN_0031e2b8	0	0031e2b8-0031e2c0
0031e2c0	FUN_0031e2c0	0	0031e2c0-0031e2c8
0031e2c8	FUN_0031e2c8	0	0031e2c8-0031e324
0031e328	FUN_0031e328	0	0031e328-0031e384
0031e398	FUN_0031e398	0	0031e398-0031e45c
0031e520	FUN_0031e520	0	0031e520-0031e58c
0031e590	FUN_0031e590	0	0031e590-0031e630
0031e630	FUN_0031e630	0	0031e630-0031e664
0031e668	FUN_0031e668	0	0031e668-0031e68c
0031e690	FUN_0031e690	0	0031e690-0031e740
0031e740	FUN_0031e740	0	0031e740-0031e7f4
0031e7f8	FUN_0031e7f8	0	0031e7f8-0031e81c
0031e820	FUN_0031e820	0	0031e820-0031e878
0031e878	FUN_0031e878	0	0031e878-0031e8d4
0031e8e0	FUN_0031e8e0	0	0031e8e0-0031e908
0031e938	FUN_0031e938	0	0031e938-0031e940
0031e948	FUN_0031e948	0	0031e948-0031e9a0
0031e9a0	FUN_0031e9a0	0	0031e9a0-0031e9fc
0031ea80	FUN_0031ea80	0	0031ea80-0031eb04
0031eb18	FUN_0031eb18	0	0031eb18-0031eb5c
0031eb68	FUN_0031eb68	0	0031eb68-0031ebac
0031ebb0	FUN_0031ebb0	0	0031ebb0-0031ebf8
0031ebf8	FUN_0031ebf8	0	0031ebf8-0031ec94
0031ec98	FUN_0031ec98	0	0031ec98-0031ed38
0031ed48	FUN_0031ed48	0	0031ed48-0031edc8
0031edc8	FUN_0031edc8	0	0031edc8-0031ee4c
0031ee68	FUN_0031ee68	0	0031ee68-0031eec4
0031eed8	FUN_0031eed8	0	0031eed8-0031ef58
0031ef58	FUN_0031ef58	0	0031ef58-0031efdc
0031f008	FUN_0031f008	0	0031f008-0031f03c
0031f0c0	FUN_0031f0c0	0	0031f0c0-0031f144
0031f168	FUN_0031f168	0	0031f168-0031f20c
0031f238	FUN_0031f238	0	0031f238-0031f26c
0031f298	FUN_0031f298	0	0031f298-0031f2f4
0031f340	FUN_0031f340	0	0031f340-0031f388
0031f388	FUN_0031f388	0	0031f388-0031f408
0031f408	FUN_0031f408	0	0031f408-0031f48c
0031f4b8	FUN_0031f4b8	0	0031f4b8-0031f4ec
0031f590	FUN_0031f590	0	0031f590-0031f634
0031f6d8	FUN_0031f6d8	0	0031f6d8-0031f77c
0031f820	FUN_0031f820	0	0031f820-0031f8c4
0031f910	FUN_0031f910	0	0031f910-0031f93c
0031f940	FUN_0031f940	0	0031f940-0031f968
0031f968	FUN_0031f968	0	0031f968-0031f9bc
0031f9c0	FUN_0031f9c0	0	0031f9c0-0031fa18
0031fa18	FUN_0031fa18	0	0031fa18-0031fabc
0031fb60	FUN_0031fb60	0	0031fb60-0031fb78
0031fb78	FUN_0031fb78	0	0031fb78-0031fb90
0031fb90	FUN_0031fb90	0	0031fb90-0031fc78
0031fc78	FUN_0031fc78	0	0031fc78-0031fd5c
0031fd60	FUN_0031fd60	0	0031fd60-0031fd78
0031fd78	FUN_0031fd78	0	0031fd78-0031fdac
0031fe00	FUN_0031fe00	0	0031fe00-0031fe5c
0031fe88	FUN_0031fe88	0	0031fe88-0031febc
0031fec0	FUN_0031fec0	0	0031fec0-0031ff5c
0031ff60	FUN_0031ff60	0	0031ff60-0031ff84
0031ff88	FUN_0031ff88	0	0031ff88-0031ffbc
0031ffc0	FUN_0031ffc0	0	0031ffc0-00320050
00320050	FUN_00320050	0	00320050-00320084
003200c0	FUN_003200c0	0	003200c0-003200f0
003200f0	FUN_003200f0	0	003200f0-00320114
00320118	FUN_00320118	0	00320118-0032014c
00320198	FUN_00320198	0	00320198-003201e0
003201e8	FUN_003201e8	0	003201e8-00320244
00320290	FUN_00320290	0	00320290-003202d8
003202d8	FUN_003202d8	0	003202d8-00320368
00320368	FUN_00320368	0	00320368-003203fc
00320400	FUN_00320400	0	00320400-00320408
00320418	FUN_00320418	0	00320418-00320448
00320468	FUN_00320468	0	00320468-003204c4
003204c8	FUN_003204c8	0	003204c8-00320524
00320528	FUN_00320528	0	00320528-003206c0
003206c0	FUN_003206c0	0	003206c0-003206ec
003206f0	FUN_003206f0	0	003206f0-00320728
00320730	FUN_00320730	0	00320730-00320738
00320738	FUN_00320738	0	00320738-00320764
00320768	FUN_00320768	0	00320768-003207a0
003207a0	FUN_003207a0	0	003207a0-003207c4
003207c8	FUN_003207c8	0	003207c8-003207fc
00320828	FUN_00320828	0	00320828-00320884
003208a8	FUN_003208a8	0	003208a8-00320904
00320938	FUN_00320938	0	00320938-00320964
00320968	FUN_00320968	0	00320968-003209e8
003209e8	FUN_003209e8	0	003209e8-00320a6c
00320af0	FUN_00320af0	0	00320af0-00320b74
00320bc0	FUN_00320bc0	0	00320bc0-00320c08
00320c18	FUN_00320c18	0	00320c18-00320c54
00320c58	FUN_00320c58	0	00320c58-00320c7c
00320c80	FUN_00320c80	0	00320c80-00320cb4
00320d30	FUN_00320d30	0	00320d30-00320da8
00320da8	FUN_00320da8	0	00320da8-00320e1c
00320e20	FUN_00320e20	0	00320e20-00320e98
00320e98	FUN_00320e98	0	00320e98-00320f18
00320f18	FUN_00320f18	0	00320f18-00320f9c
00320fa8	FUN_00320fa8	0	00320fa8-00321058
00321068	FUN_00321068	0	00321068-00321194
00321198	FUN_00321198	0	00321198-003211c0
003211c0	FUN_003211c0	0	003211c0-00321240
00321240	FUN_00321240	0	00321240-003212c4
00321338	FUN_00321338	0	00321338-003213a8
003213a8	FUN_003213a8	0	003213a8-00321400
00321400	FUN_00321400	0	00321400-0032145c
00321468	FUN_00321468	0	00321468-00321490
00321498	FUN_00321498	0	00321498-003214f0
003214f0	FUN_003214f0	0	003214f0-0032154c
003215a8	FUN_003215a8	0	003215a8-00321604
00321620	FUN_00321620	0	00321620-00321644
00321648	FUN_00321648	0	00321648-0032167c
003216c8	FUN_003216c8	0	003216c8-00321724
00321728	FUN_00321728	0	00321728-00321790
003217b0	FUN_003217b0	0	003217b0-00321830
00321830	FUN_00321830	0	00321830-003218b4
003218c8	FUN_003218c8	0	003218c8-0032190c
00321910	FUN_00321910	0	00321910-00321958
00321958	FUN_00321958	0	00321958-003219d8
003219d8	FUN_003219d8	0	003219d8-00321a5c
00321a70	FUN_00321a70	0	00321a70-00321a90
00321aa0	FUN_00321aa0	0	00321aa0-00321ac0
00321ad0	FUN_00321ad0	0	00321ad0-00321af0
00321b00	FUN_00321b00	0	00321b00-00321b20
00321b48	FUN_00321b48	0	00321b48-00321bc8
00321bc8	FUN_00321bc8	0	00321bc8-00321c4c
00321c50	FUN_00321c50	0	00321c50-00321cac
00321cb0	FUN_00321cb0	0	00321cb0-00321ce4
00321ce8	FUN_00321ce8	0	00321ce8-00321d44
00321da8	FUN_00321da8	0	00321da8-00321de8
00321de8	FUN_00321de8	0	00321de8-00321e60
00321e60	FUN_00321e60	0	00321e60-00321ef4
00321ef8	FUN_00321ef8	0	00321ef8-00321f70
00321f70	FUN_00321f70	0	00321f70-00322004
00322008	FUN_00322008	0	00322008-00322080
00322080	FUN_00322080	0	00322080-00322114
00322118	FUN_00322118	0	00322118-003221ac
003221b0	FUN_003221b0	0	003221b0-00322228
00322228	FUN_00322228	0	00322228-00322300
00322300	FUN_00322300	0	00322300-003223f4
00322418	FUN_00322418	0	00322418-0032252c
00322608	FUN_00322608	0	00322608-003226fc
00322790	FUN_00322790	0	00322790-003228c8
003228c8	FUN_003228c8	0	003228c8-00322908
00322908	FUN_00322908	0	00322908-00322964
00322968	FUN_00322968	0	00322968-0032298c
003229a0	FUN_003229a0	0	003229a0-00322a0c
00322a10	FUN_00322a10	0	00322a10-00322a98
00322a98	FUN_00322a98	0	00322a98-00322b10
00322b10	FUN_00322b10	0	00322b10-00322ba4
00322ba8	FUN_00322ba8	0	00322ba8-00322bdc
00322be0	FUN_00322be0	0	00322be0-00322c98
00322c98	FUN_00322c98	0	00322c98-00322d6c
00322d70	FUN_00322d70	0	00322d70-00322db8
00322db8	FUN_00322db8	0	00322db8-00322e04
00322e18	FUN_00322e18	0	00322e18-00322e58
00322e58	FUN_00322e58	0	00322e58-0032310c
00323110	FUN_00323110	0	00323110-00323408
00323408	FUN_00323408	0	00323408-0032353c
00323540	FUN_00323540	0	00323540-003237dc
003237e0	FUN_003237e0	0	003237e0-00323974
00323978	FUN_00323978	0	00323978-00323acc
00323af8	FUN_00323af8	0	00323af8-00323b50
00323b50	FUN_00323b50	0	00323b50-00323b90
00323b90	FUN_00323b90	0	00323b90-00323bec
00323bf0	FUN_00323bf0	0	00323bf0-00323c30
00323c30	FUN_00323c30	0	00323c30-00323c8c
00323c90	FUN_00323c90	0	00323c90-00323cd0
00323cd0	FUN_00323cd0	0	00323cd0-00323d2c
00323d30	FUN_00323d30	0	00323d30-00323d70
00323d70	FUN_00323d70	0	00323d70-00323dcc
00323dd0	FUN_00323dd0	0	00323dd0-00323e24
00323e28	FUN_00323e28	0	00323e28-00323e98
00323e98	FUN_00323e98	0	00323e98-00323fd8
00323fd8	FUN_00323fd8	0	00323fd8-003241a0
003241a0	FUN_003241a0	0	003241a0-00324380
00324380	FUN_00324380	0	00324380-00324444
00324448	FUN_00324448	0	00324448-0032450c
00324510	FUN_00324510	0	00324510-0032470c
00324710	FUN_00324710	0	00324710-00324718
00324718	FUN_00324718	0	00324718-0032474c
00324750	FUN_00324750	0	00324750-00324808
00324808	FUN_00324808	0	00324808-00324898
00324898	FUN_00324898	0	00324898-0032492c
00324938	FUN_00324938	0	00324938-0032497c
00324980	FUN_00324980	0	00324980-003249c8
00324a30	FUN_00324a30	0	00324a30-00324abc
00324b08	FUN_00324b08	0	00324b08-00324b50
00324b50	FUN_00324b50	0	00324b50-00324b74
00324b78	FUN_00324b78	0	00324b78-00324bac
00324bc0	FUN_00324bc0	0	00324bc0-00324d4c
00324d50	FUN_00324d50	0	00324d50-00324eb8
00324eb8	FUN_00324eb8	0	00324eb8-00324f38
00324f38	FUN_00324f38	0	00324f38-00324fbc
00325040	FUN_00325040	0	00325040-003250c4
00325158	FUN_00325158	0	00325158-003251e8
003251f8	FUN_003251f8	0	003251f8-00325218
00325218	FUN_00325218	0	00325218-00325298
00325298	FUN_00325298	0	00325298-0032531c
00325320	FUN_00325320	0	00325320-0032537c
003253e0	FUN_003253e0	0	003253e0-00325404
00325408	FUN_00325408	0	00325408-0032543c
00325498	FUN_00325498	0	00325498-003254fc
00325528	FUN_00325528	0	00325528-0032554c
00325550	FUN_00325550	0	00325550-00325584
00325590	FUN_00325590	0	00325590-003255b4
003255b8	FUN_003255b8	0	003255b8-003255ec
00325618	FUN_00325618	0	00325618-0032564c
00325678	FUN_00325678	0	00325678-003256ac
003256c0	FUN_003256c0	0	003256c0-003256e0
00325700	FUN_00325700	0	00325700-00325780
00325780	FUN_00325780	0	00325780-00325804
00325818	FUN_00325818	0	00325818-00325838
00325840	FUN_00325840	0	00325840-0032589c
003259a0	FUN_003259a0	0	003259a0-00325aa0
00325aa0	FUN_00325aa0	0	00325aa0-00325ae8
00325ae8	FUN_00325ae8	0	00325ae8-00325b34
00325b80	FUN_00325b80	0	00325b80-00325bcc
0035ebb8	FUN_0035ebb8	0	0035ebb8-0035ebb9
00366390	FUN_00366390	0	00366390-00366450
00366570	FUN_00366570	0	00366570-00366640
00366640	FUN_00366640	0	00366640-00366824
003669c8	FUN_003669c8	0	003669c8-00366acc
00366ad0	FUN_00366ad0	0	00366ad0-00366c0c
00366c10	FUN_00366c10	0	00366c10-00366db0
00366db0	FUN_00366db0	0	00366db0-00366dd0
00366df8	FUN_00366df8	0	00366df8-00366fd8
003672e8	FUN_003672e8	0	003672e8-00367418
01f18014	FUN_01f18014	0	01f18014-01f18015
01f1801c	FUN_01f1801c	0	01f1801c-01f1801d
