ee	ppc	ppc_name	tier	score	gap	round	why
00101ea8	00039bfc	_ZN9GAME_MODE8ExecTaskEP4TASK	med	7.12	10.24	0	cal2/2,icall-,disp0.40,wid0.69
00102350	00040370	_ZN4TASK4execEv	rerun-med	0	0	rerun	callee:0x1028b0;loc:0x0
001024b0	000404b0	_ZN12TASK_MANAGER6CreateEP9ALLOCATOR	rerun-high	0	0	rerun	callee:0x1612b8;callee:0x1b9230;cu:0x0;loc:0x0
001025f8	00040964	_ZN12TASK_MANAGER7_unlinkEP4TASK	low	4.28	1.88	0	disp0.42,wid0.48
00102670	00040d7c	_ZN12TASK_MANAGER6unlinkEP4TASK	low	3.33	2.00	1	cal1/1,size,wid0.00
00102688	00040e2c	_ZN12TASK_MANAGER13masked_unlinkEii	low	4.62	1.57	0	disp0.27,wid1.00
00102730	00040f0c	_ZN12TASK_MANAGER10unlink_allEv	low	3.00	1.67	0	
001028b0	00040ad4	_ZN12TASK_MANAGER11masked_execEii	low	4.66	2.70	1	cal1/1,neg1,disp0.16,wid0.80
00102e18	0003ed68	_ZN5TITLE4InitEv	low	3.81	1.85	1	disp1.00,wid1.00
00102f08	0003eefc	_ZN5TITLE10CreateTaskEiiPFvP4TASKE	rerun-med	0	0	rerun	callee:0x139f38;loc:0x0;selfweak:0x0
00103398	0003badc	_ZN4MENU13Type2MenuModeEi	rerun-med	0	0	rerun	callee:0x288478;loc:0x0
00103500	0031a7a4	_ZN2Tz8DbgSMenu13PauseCallbackEi	low	4.50	2.50	1	cal1/1,wid0.50
001036d0	0003c15c	_ZN4MENU15CreateAllocatorEPcj	high	10.30	6.23	0	cal2/2,wid1.00
001040a8	0003a0f0	_ZN10GUMIBATTLE13SetPauseParamEcccPFvvE	low	4.81	3.78	0	disp0.59,wid0.83
00105748	0003dcfc	_ZN7SAVERAM8new_gameEv	low	4.41	7.23	0	cal1/1,call-,imm0.60,disp0.12,wid0.67
00105d08	0003e728	_ZN4SHOP6EnsureEP4TASK	low	4.10	4.53	0	cal1/1,neg1,wid0.60
00105de0	0003e894	_ZN4SHOP9StartMenuEi	med	5.30	3.67	0	cal1/1,wid1.00
00105fc8	0003f898	_ZN8WORLDMAP14gumiToWorldMapEv	high	15.91	7.40	0	cal4/4,icall-,imm1.00,disp1.00,wid0.71
001060e0	000ecc48	_ZN2kn15MemoryAllocatorC1Ejj	rerun-med	0	0	rerun	callee:0x106178;loc:0x0
00106158	000ecd0c	_ZN2kn15MemoryAllocatorD0Ev	med	7.04	3.54	1	cal1/1,disp1.00,wid1.00
00106a08	000da2ec	_ZN2kn15getCameraNumberEv	rerun-med	0	0	rerun	callee:0x1473e8;loc:0x0
00106af0	000d8f18	_ZN2kn10Projection14calcClipMatrixERNS_7FMatrixEff	low	3.37	3.25	0	cal0/1,disp0.95,wid0.94
00106fe8	000d9248	_ZN2kn10Projection10setScreenZEf	med	5.41	2.91	0	disp1.00,wid0.89
001070a8	000d9718	_ZNK2kn10Projection7getNearEv	low	4.22	3.72	0	disp1.00,wid1.00
001070f8	000d9854	_ZN2kn6CameraD0Ev	med	7.45	5.69	0	cal1/1,disp1.00,wid1.00
00107388	000d9c70	_ZNK2kn6Camera17getMatrixPositionEv	sandwich	2.96	0.00	0	sandwich,brn-,imm1.00,disp1.00,wid0.11
00107a90	0019b550	_ZN2gb13PLAYER_CAMERA4execEv	high	12.96	14.32	0	cal10/14,neg5,fp-,disp1.00,flt1.00,loc-,wid0.28
00107d20	00124178	_ZN2kn8ModelObj11drawShadow_ERKNS_16ProjectionCameraEPNS_9DrawParamEPsS3_S3_PPN2dk11ObjDrawListENS_11SHADOW_SIZEE	med	7.28	2.73	1	cal3/3,brn-,icall-,disp1.00,wid0.05
00108048	00117fb8	_ZN2kn7VU1Draw12flush_ShadowEv	low	3.00	3.00	2	cal1/1,size,wid0.00
00108080	00116410	_ZN2kn5GSEnvC1Ev	high	9.16	3.08	1	call-,imm0.56,disp0.44,wid0.85
001081c8	000da744	__sti___10_camera_cpp_ce921689	low	3.57	2.10	0	imm0.06,disp0.19,wid0.27
00108398	00118dc8	_ZN2kn15SendImageStructC1Ev	med	6.24	2.26	1	imm0.91,disp1.00,wid0.83
001084f0	001165e8	_ZN2kn16TextureEnvStructC1Ev	med	7.44	3.06	2	imm0.62,disp0.45,wid0.91
001085a8	001166f0	_ZN2kn10PartsColor9setPacketEPNS_16Vif1PacketBufferEPh	med	7.11	3.85	1	imm1.00,disp1.00,wid1.00
00108698	00116a98	_ZN2kn9DrawParamC1Ev	med	6.23	3.62	2	call-,disp1.00,wid0.68
00108730	00116770	_ZN2kn9DrawParam9setPacketEPNS_16Vif1PacketBufferE	med	6.47	4.70	0	cal1/1,call-,imm0.39,disp0.90,loc-,wid0.54
00108930	00116a08	_ZN2kn9DrawParam13getPartsColorEi	med	5.82	2.75	1	imm1.00,disp1.00,wid0.75
00108998	00116b1c	_ZN2kn14VU1DrawContext20setVU1DrawDefaultEnvEv	rerun-med	0	0	rerun	callee:0x11cdf0;cu:0x0;loc:0x0
00108a10	00116bcc	_ZN2kn14VU1DrawContext19setSystemDefaultEnvEv	rerun-med	0	0	rerun	callee:0x11cdf0;cu:0x0;loc:0x0
00108ae0	00116cc8	_ZN2kn14VU1DrawContext14setPacketForceEjyyyyyy	high	8.59	10.42	2	imm0.87,disp1.00,wid0.78
00108c00	00116e68	_ZN2kn14VU1DrawContext9setPacketEjyyyyyy	high	8.28	3.01	1	imm0.87,disp1.00,wid0.87
00108d68	00117050	_ZN2kn14VU1DrawContext8setFRAMEEy	med	6.76	1.53	1	imm1.00,disp1.00,wid1.00
00108dd8	001170cc	_ZN2kn14VU1DrawContext7setZBUFEy	med	6.86	1.53	1	imm1.00,disp1.00,wid1.00
00108e48	00117150	_ZN2kn14VU1DrawContext7setTESTEy	med	6.84	1.53	1	imm1.00,disp1.00,wid1.00
00108eb8	001171d4	_ZN2kn14VU1DrawContext8setALPHAEy	med	6.88	1.53	1	imm1.00,disp1.00,wid1.00
00108f98	0011725c	_ZN2kn14VU1DrawContext8setRGBAQEy	med	6.12	3.14	2	disp1.00,wid1.00
00109008	00116c80	_ZN2kn14VU1DrawContext5flushEv	low	4.72	1.89	3	disp1.00,wid1.00
00109040	001172e0	_ZNK2kn14VU1DrawContext8getFRAMEEv	low	4.04	1.54	1	disp1.00,wid1.00
00109048	001172e8	_ZNK2kn14VU1DrawContext7getZBUFEv	low	4.08	1.58	1	disp1.00,wid1.00
00109050	001172f0	_ZNK2kn14VU1DrawContext7getTESTEv	low	4.08	1.58	1	disp1.00,wid1.00
00109058	001172f8	_ZNK2kn14VU1DrawContext8getALPHAEv	low	4.13	1.63	1	disp1.00,wid1.00
00109060	00117300	_ZNK2kn14VU1DrawContext9getFOGCOLEv	low	4.15	1.65	1	disp1.00,wid1.00
00109068	00117308	_ZNK2kn14VU1DrawContext8getRGBAQEv	low	4.16	1.66	1	disp1.00,wid1.00
001091c8	001184d0	_ZN2kn7VU1Draw11allocBufferEP9ALLOCATORjj	rerun-med	0	0	rerun	callee:0x105370;cu:0x0;loc:0x0
00109280	001186d0	_ZN2kn7VU1Draw10freeBufferEP9ALLOCATOR	rerun-med	0	0	rerun	callee:0x1053c0;cu:0x0;loc:0x0
001093c8	001187ec	_ZN2kn7VU1Draw13setModePacketEPNS_16Vif1PacketBufferEjjjjj	med	5.93	1.57	3	imm0.51,disp1.00,wid0.80
001094e0	001188a8	_ZN2kn7VU1Draw9checkVRAMEPNS_15SendImagePacketEPv	low	4.61	2.99	2	sw-,imm0.37,disp0.75,wid0.28
00109788	00118d50	_ZN2kn7VU1Draw10entryImageEPNS_16Vif1PacketBufferEPNS_15SendImagePacketE	med	5.87	5.83	3	cal1/1
001097e8	00118e48	_ZN2kn7VU1Draw19makeSendImagePacketEPNS_15SendImagePacketEjjjjjjjPv	low	3.25	9.29	1	sw-,imm0.39,disp1.00,wid0.91
00109e18	0011a258	_ZN2kn7VU1Draw5closeEv	rerun-med	0	0	rerun	callee:0x149cb8;cu:0x0;loc:0x0
00109e30	0011a27c	_ZN2kn7VU1Draw4kickEb	rerun-med	0	0	rerun	callee:0x161818;cu:0x0;loc:0x0
00109e90	0011a35c	_ZN2kn7VU1Draw4waitEv	rerun-med	0	0	rerun	callee:0x1618a0;cu:0x0;loc:0x0
0010a7d8	0011828c	_ZN2kn7VU1Draw11setFogColorEhhh	rerun-high	0	0	rerun	callee:0x15c958;callee:0x15ca40;cu:0x0;loc:0x0
0010a800	00116a74	_ZN2kn7VU1Draw11getFogColorEPhS1_S1_	rerun-med	0	0	rerun	callee:0x11cdf0;cu:0x0;loc:0x0
0010a828	00118230	_ZN2kn7VU1Draw11setFogRangeEff	rerun-high	0	0	rerun	callee:0x15c958;callee:0x15ca40;cu:0x0;loc:0x0
0010a8a8	00118208	_ZN2kn7VU1Draw13setFogLimiterEff	rerun-high	0	0	rerun	callee:0x15c958;callee:0x15ca40;cu:0x0;loc:0x0
0010ab80	0011ad88	_ZN2kn7VU1Draw19frameBuffer2TextureEv	rerun-med	0	0	rerun	callee:0x123650;loc:0x0
0010abb8	0011adc0	_ZN2kn7VU1Draw8setPhaseENS0_5PHASEE	rerun-med	0	0	rerun	callee:0x11cdf0;loc:0x0
0010ae90	0011add4	_ZN2kn7VU1Draw10getContextEv	rerun-high	0	0	rerun	callee:0x11f7a8;callee:0x121cc8;callee:0x123228;callee:0x123650;loc:0x0
0010b468	000e0de8	_ZN2kn14PositionBuffer5entryERKNS_7FVectorE	low	3.22	2.22	0	brn-,imm1.00,disp1.00,wid0.50
0010c078	000e24f4	_ZN2kn6FriendC1EPKN2YS8OBJENTRYERKNS_7FVectorEf	high	89.76	55.78	0	cal25/26,imm0.88,disp0.52,wid0.59
0010c7b0	000e31d8	_ZN2kn6Friend17getEffectObserverEv	low	4.30	2.93	0	wid1.00
0010c7f0	000dcb9c	_ZN2kn6Friend15_OVR_initializeEv	low	4.88	2.62	1	cal1/1,icall-,disp0.33,wid0.60
0010c850	000ddcc8	_ZN2kn6Friend13_OVR__destroyEv	med	5.19	10.00	2	cal1/1,icall-,disp0.72,wid0.67
0010c8d8	000de1a4	_ZN2kn6Friend18_OVR_force_destroyEv	low	4.51	2.13	0	cal1/1,icall-,disp0.43,wid0.78
0010c940	000dd848	_ZN2kn6Friend4jumpEfi	high	11.04	4.12	0	cal2/2,brn-,fp-,imm1.00,disp0.89,flt1.00,wid0.64
0010c9f8	00665c28	_ZN2YS11TEST_ACTION9ActionHopEi	med	6.38	6.36	2	cal2/2,call-,fp-,imm1.00,disp0.61,flt1.00,loc-,wid0.36
0010cae8	000e516c	_ZN2kn6Friend16setCommandAttackEPNS_17FriendActionParamE	low	3.40	2.63	0	disp0.33,wid0.94
0010cdc4	000e34c4	_ZN2kn6Friend20checkLostTarget_freeEv	high	11.55	3.28	1	cal3/3,brn-,icall-,imm1.00,disp0.28,wid0.43
0010ce78	000e35c0	_ZN2kn6Friend24checkLostTarget_togetherEv	med	7.11	6.16	0	cal1/1,disp0.41,wid0.67
0010cef0	000e3638	_ZN2kn6Friend20checkLostTarget_nearEv	high	22.47	5.17	1	cal7/7,brn-,fp-,imm1.00,disp0.05,wid0.38
0010d038	000e37fc	_ZN2kn6Friend19checkLostTarget_farEv	high	19.45	36.17	2	cal6/6,brn-,fp-,imm1.00,disp0.03,wid0.38
0010d524	000e4184	_ZN2kn6Friend16searchEnemy_nearEPN2YS6TARGETES3_	high	8.44	18.96	1	cal6/8,neg4,wid0.19
0010d638	000e43d0	_ZN2kn6Friend15searchEnemy_farEPN2YS6TARGETES3_	high	17.66	2.26	0	cal7/8,neg2,brn-,fp-,disp0.35,flt1.00,wid0.44
0010dee8	000e477c	_ZN2kn6Friend17searchEnemy_limitEPN2YS6TARGETES3_	low	4.35	2.36	0	disp1.00,wid1.00
0010e7e0	000ddfc0	_ZN2kn6Friend12getMoveSpeedENS0_9MOVE_MODEE	rerun-med	0	0	rerun	callee:0x114a20;cu:0x0;loc:0x0
0010f098	000e4dd8	_ZN2kn6Friend9canAttackEv	high	8.01	13.43	1	cal3/3,call-,icall-,imm0.14,disp0.11,loc-,wid0.76
0010f6f8	000e33f4	_ZN2kn6Friend12checkMpRatioEPN2YS5PARTYEf	med	5.11	4.46	0	disp1.00,wid0.75
0010f748	000e48a8	_ZN2kn6Friend13canItemActionEi	high	12.28	11.94	0	cal2/2,imm1.00,disp1.00,wid1.00
0010f8a8	000e4fdc	_ZN2kn6Friend14getActionTimerEv	rerun-med	0	0	rerun	callee:0x113848;cu:0x0;loc:0x0
0010f8d0	000e5000	_ZN2kn6Friend15isTargetChangedEv	sandwich	3.50	0.00	0	sandwich,wid1.00
0010f8e0	000e5018	_ZN2kn6Friend19enableSystemWishDirEv	sandwich	3.00	0.00	0	sandwich,wid0.50
0010f960	000e503c	_ZN2kn6Friend13enableInertiaEv	high	9.55	7.37	0	cal1/1,imm1.00,disp0.32,wid1.00
0010f9e0	000e50d0	_ZN2kn6Friend12isSameActionEPNS_12FriendActionE	low	3.46	1.96	1	wid1.00
0010fb08	000e3458	_ZN2kn6Friend18getEmergencyTargetEv	rerun-high	0	0	rerun	callee:0x113d44;callee:0x114140;cu:0x0;loc:0x0
0010fb10	000df554	_ZN2kn6Friend15emergencyActionEv	med	6.61	9.19	0	cal4/6,call-,brn-,icall-,imm0.33,disp0.34,wid0.85
0010ff08	000dfd98	_ZN2kn6Friend12battleActionEv	low	4.17	17.91	0	cal7/13,neg4,icall-,imm0.26,disp0.30,wid0.86
001106a0	000df090	_ZN2kn6Friend11adjustSpeedEv	rerun-med	0	0	rerun	callee:0x1112a8;cu:0x0;loc:0x0
001109c8	000de008	_ZN2kn6Friend11_OVR_attackEv	high	10.83	5.47	0	cal2/2,icall-,fp-,imm0.41,disp0.46,flt1.00,wid0.62
00110b00	000dcc08	_ZN2kn6Friend7canWarpERKNS_7FVectorERKN2dk6AabboxE	low	4.81	4.99	2	cal2/3,neg1,brn-,fp-,imm0.35,disp0.29,flt1.00,wid0.36
00110c90	000dce78	_ZN2kn6Friend15searchWarpPointEv	high	9.30	10.02	0	cal3/4,neg1,brn-,imm0.77,disp0.14,flt1.00,wid0.13
001110e8	000dd6f0	_ZN2kn6Friend9warpCntrlEv	rerun-med	0	0	rerun	caller:0x110c90;cu:0x0;fp:0x1110e8;loc:0x0;self:0x0
001118a8	000e05a8	_ZN2kn6Friend14calc_formationEv	low	3.26	5.14	3	cal2/2,neg2,brn-,imm0.84,disp0.17,wid0.19
001129d8	000e5400	_ZN2kn6Friend14callFromScriptEi	low	3.02	2.72	0	disp0.06,wid0.60
00113628	000e6aec	_ZN2kn17FriendPersonalityC2EPNS_6FriendEPNS_11FriendParamE	rerun-high	0	0	rerun	callee:0x1147b8;callee:0x114af8;callee:0x114c30;callee:0x114ea0;callee:0x114ff8;callee:0x1151f8;callee:0x115350;callee:0
00113648	000e6ac8	_ZN2kn17FriendPersonalityC1EPNS_6FriendEPNS_11FriendParamE	rerun-high	0	0	rerun	ctorvt:_ZTVN2kn17FriendPersonalityE;cu:0x0;loc:0x0
001137e0	000e6d04	_ZNK2kn17FriendPersonality16getActionTblSizeEv	med	5.09	1.76	0	disp1.00,wid1.00
001137e8	000e6d10	_ZNK2kn17FriendPersonality12getActionTblEv	med	5.08	1.75	0	disp1.00,wid1.00
001137f0	000e6d18	_ZNK2kn17FriendPersonality14getHopParamNumEv	sandwich	5.60	0.00	0	sandwich,disp1.00,wid1.00
00113808	000e6d38	_ZNK2kn17FriendPersonality11getHopParamEi	med	5.85	3.40	0	disp1.00,wid1.00
00113d44	000e73d0	_ZN2kn17FriendPersonality6mpItemEPNS_12FriendActionEPN2YS6TARGETEPPvb	high	40.87	22.45	0	cal12/12,fp-,imm1.00,disp1.00,wid0.76
00114140	000e77cc	_ZN2kn17FriendPersonality4cureEPNS_12FriendActionEPN2YS6TARGETEPPvb	high	50.76	32.43	0	cal16/16,fp-,disp0.77,wid0.92
001142a0	000e79f8	_ZNK2kn17FriendPersonality13getMagicRatioEv	sandwich	5.29	0.00	0	sandwich,disp1.00,wid1.00
001142b0	000e7a04	_ZNK2kn17FriendPersonality11getHopRatioEv	sandwich	5.30	0.00	0	sandwich,disp1.00,wid1.00
001142d0	000e7a1c	_ZNK2kn17FriendPersonality21getLostTargetDistanceEv	med	5.30	1.65	0	disp1.00,wid1.00
001142e0	000e7a28	_ZNK2kn17FriendPersonality15getMoveRangeLowENS_6Friend9MOVE_MODEEbb	sandwich	5.02	0.00	0	sandwich,disp1.00,wid0.80
00114328	000e7a84	_ZNK2kn17FriendPersonality14getMoveRangeHiENS_6Friend9MOVE_MODEEbb	sandwich	4.75	0.00	0	sandwich,disp0.69,wid0.83
00114380	000e7af4	_ZNK2kn17FriendPersonality15getStayDistanceEv	sandwich	5.32	0.00	0	sandwich,disp1.00,wid1.00
00114390	000e7b00	_ZNK2kn17FriendPersonality15getAwayDistanceEv	med	5.20	1.51	0	disp1.00,wid1.00
00114490	000e7bf8	_ZN2kn17FriendPersonality15getSpecialParamEi	med	5.39	4.10	0	disp1.00,wid0.75
00114580	000e8398	_ZN2kn13FriendSaveRamC1Ev	med	7.25	5.85	0	imm1.00,disp1.00,wid1.00
001147b8	001341a4	_ZN2kn6DonaldC1EPNS_6FriendEPNS_11FriendParamE	med	6.40	1.69	0	imm1.00,disp1.00,wid1.00
00114828	001341f4	_ZN2kn6DonaldD1Ev	vt-med	0	0	vt	globals;run2-edge;cal1/1,disp1.00,wid1.00
00114850	00134224	_ZN2kn6DonaldD0Ev	vt-med	0	0	vt	globals;run2-edge;cal2/2,disp1.00,wid1.00
00114940	00131f40	_ZN2kn5BeastD1Ev	vt-med	0	0	vt	order-rev;run2-edge;cal1/1,disp1.00,wid1.00
00114968	00131f70	_ZN2kn5BeastD0Ev	vt-med	0	0	vt	order-rev;run2-edge;cal2/2,disp1.00,wid1.00
00114a20	000e98d0	_ZN2kn5Goofy4rushEPNS_12FriendActionEPN2YS6TARGETEPPvb	high	13.96	11.85	0	cal5/6,imm0.45,disp0.94,loc-,wid0.67
00114af8	0013174c	_ZN2kn5AuronC1EPNS_6FriendEPNS_11FriendParamE	vt-med	0	0	vt	callsite-imm via 0010c078->000e24f4;imm1.00,disp1.00,wid1.00
00114b68	0013179c	_ZN2kn5AuronD1Ev	vt-med	0	0	vt	vt_store;run2-edge;cal1/1,disp1.00,wid1.00
00114b90	001317cc	_ZN2kn5AuronD0Ev	vt-med	0	0	vt	vt_store;run2-edge;cal2/2,disp1.00,wid1.00
00114c30	00105a70	_ZN2kn3PinC1EPNS_6FriendEPNS_11FriendParamE	vt-med	0	0	vt	callsite-imm via 0010c078->000e24f4;imm1.00,disp1.00,wid1.00
00114ca0	00105ac0	_ZN2kn3PinD1Ev	vt-med	0	0	vt	vt_store;run2-edge;cal1/1,disp1.00,wid1.00
00114cc8	00105af0	_ZN2kn3PinD0Ev	vt-med	0	0	vt	vt_store;run2-edge;cal2/2,disp1.00,wid1.00
00114ea0	00103648	_ZN2kn5MulanC1EPNS_6FriendEPNS_11FriendParamE	med	6.40	1.69	0	imm1.00,disp1.00,wid1.00
00114f10	00103698	_ZN2kn5MulanD1Ev	vt-med	0	0	vt	globals;run2-edge;cal1/1,disp1.00,wid1.00
00114f38	001036c8	_ZN2kn5MulanD0Ev	vt-med	0	0	vt	globals;run2-edge;cal2/2,disp1.00,wid1.00
00114ff8	00107184	_ZN2kn7SparrowC1EPNS_6FriendEPNS_11FriendParamE	vt-callsite	6.89	2.31	4	callsite-imm correction
001151b0	0010de44	_ZN2kn10TEXAnmData14destroySurfaceEv	low	4.61	2.02	5	imm1.00,disp0.40,wid0.23
001151f8	00131ef0	_ZN2kn5BeastC1EPNS_6FriendEPNS_11FriendParamE	vt-callsite	6.40	3.00	6	callsite-imm correction
00115240	00112600	_ZN2kn4TronC1EPNS_6FriendEPNS_11FriendParamE	rerun-high	0	0	rerun	ctorvt:_ZTVN2kn4TronE;loc:0x0
00115268	00112650	_ZN2kn4TronD1Ev	vt-med	0	0	vt	globals;run2-edge;cal1/1,disp1.00,wid1.00
00115290	00112680	_ZN2kn4TronD0Ev	vt-med	0	0	vt	globals;run2-edge;cal2/2,disp1.00,wid1.00
00115350	000ea0e8	_ZN2kn4JackC1EPNS_6FriendEPNS_11FriendParamE	vt-med	0	0	vt	callsite-imm via 0010c078->000e24f4;imm1.00,disp1.00,wid1.00
001153c0	000ea138	_ZN2kn4JackD1Ev	vt-med	0	0	vt	vt_store;run2-edge;cal1/1,disp1.00,wid1.00
001153e8	000ea168	_ZN2kn4JackD0Ev	vt-med	0	0	vt	vt_store;run2-edge;cal2/2,disp1.00,wid1.00
00115738	001061ec	_ZN2kn4RikuC1EPNS_6FriendEPNS_11FriendParamE	med	6.41	1.70	0	imm1.00,disp1.00,wid1.00
001157a8	0010623c	_ZN2kn4RikuD1Ev	vt-med	0	0	vt	globals;run2-edge;cal1/1,disp1.00,wid1.00
001157d0	0010626c	_ZN2kn4RikuD0Ev	vt-med	0	0	vt	globals;run2-edge;cal2/2,disp1.00,wid1.00
001169e8	001084b0	_ZN2kn6Stitch16calc_move_targetEi	high	11.67	22.80	0	cal3/3,brn-,sw-,fp-,imm0.89,disp0.10,flt1.00,wid0.54
00117790	0010a584	_ZN2kn6Stitch15effect_observerEv	vt-high	0	0	vt	globals;run2;imm1.00,disp1.00,wid0.25
00117930	00109b34	_ZN2kn6Stitch10killEffectEi	low	4.77	3.35	2	imm0.30,disp1.00,wid0.33
00117ac8	0010a6b8	_ZN2kn6Stitch19get_screen_positionEv	low	4.18	2.57	0	disp1.00,wid0.25
00117af8	00107184	_ZN2kn7SparrowC1EPNS_6FriendEPNS_11FriendParamE	low	3.05	3.53	3	disp1.00,wid0.33
00117c28	00108ccc	_ZN2kn6StitchC1EPNS_6FriendEPNS_11FriendParamE	low	3.39	4.14	1	cal1/2,neg3,imm0.58,disp1.00,wid0.20
00117dd8	00109038	_ZN2kn6StitchD1Ev	high	13.72	14.98	0	cal3/3,imm0.46,disp1.00,wid0.50
00117f60	0010ac08	_ZN2kn6Stitch4moveEPNS_12FriendActionEPN2YS6TARGETEPPvb	high	13.85	16.40	0	cal4/4,neg2,disp0.57,flt1.00,wid0.19
0011931c	0010cb80	_ZN2kn6Stitch11start_limitEv	high	55.15	76.22	0	cal20/25,call-,fp-,imm0.62,disp0.88,flt1.00,wid0.68
00119c40	000e8cc8	_ZN2kn5GenieC1EPNS_6FriendEPNS_11FriendParamE	vt-med	0	0	vt	callsite-imm via 0010c078->000e24f4;disp1.00,wid1.00
00119f08	000e90c8	_ZN2kn5Genie15getLimitCommandEv	rerun-med	0	0	rerun	callee:0x2f0910;loc:0x0
00119fc0	00104da0	_ZN2kn6Friend20searchEnemy_peterpanEPN2YS6TARGETES3_	high	42.43	19.15	0	cal13/13,brn-,fp-,disp0.58,flt1.00,wid0.67
0011a2a8	00105160	_ZN2kn8PeterpanC1EPNS_6FriendEPNS_11FriendParamE	vt-med	0	0	vt	callsite-imm via 0010c078->000e24f4;disp1.00,wid1.00
0011a318	001051b0	_ZN2kn8PeterpanD1Ev	vt-med	0	0	vt	vt_store;run2-edge;cal1/1,disp1.00,wid1.00
0011a340	001051e0	_ZN2kn8PeterpanD0Ev	vt-med	0	0	vt	vt_store;run2-edge;cal2/2,disp1.00,wid1.00
0011a490	00111e98	_ZN2kn4TinkC1EPNS_6FriendEPNS_11FriendParamE	vt-med	0	0	vt	callsite-imm via 0010c078->000e24f4;disp1.00,wid1.00
0011a4e8	00111ed4	_ZN2kn4TinkD1Ev	vt-med	0	0	vt	vt_store;run2-edge;cal1/1,disp1.00,wid1.00
0011a510	00111f04	_ZN2kn4TinkD0Ev	vt-med	0	0	vt	vt_store;run2-edge;cal2/2,disp1.00,wid1.00
0011a858	001326c8	_ZN2kn13ChickenLittle11calc_centerEv	med	6.13	9.40	1	cal2/2,brn-,disp0.48,wid0.40
0011a900	00133504	_ZN2kn13ChickenLittle16get_shoot_targetEv	low	4.11	2.50	0	imm1.00,wid0.00
0011b558	000eb0a8	_ZNK2kn5Light16calcShadowMatrixEPKNS_7FVectorEPNS_16ProjectionCameraES5_NS_11SHADOW_SIZEE	low	3.21	1.67	1	cal1/1,neg1,size,disp1.00,wid0.14
0011bd70	000db214	_ZN2kn7FMatrix13determinant33EPA3_f	rerun-med	0	0	rerun	callee:0x11bdc0;loc:0x0
0011bdc0	000db260	_ZN2kn7FMatrix8cofactorEii	med	5.56	2.98	0	imm0.68,disp1.00,wid1.00
0011be50	000db318	_ZN2kn7FMatrix9inverse44Ev	med	7.06	3.46	1	cal1/1,brn-,fp-,imm1.00,disp1.00,flt1.00,wid0.17
0011c148	000ed82c	_ZN2kn8IKAdjust3setEPNS_5ModelEjbbf	low	3.71	2.68	0	disp1.00,wid0.27
0011c210	000ed9ac	_ZN2kn8IKAdjust9terminateEv	sandwich	1.50	0.00	0	sandwich,wid0.00
0011c278	000ed9e0	_ZN2kn8ModelObjC1Ev	med	5.87	2.23	0	disp0.50,wid1.00
0011c8f8	000edd30	_ZN2kn8ModelObj5draw_EPNS_9DrawParamEbPNS_5ModelEPPN3Axa11DMA_SET_TAGEPc	med	7.85	3.35	0	cal1/1,icall-,imm1.00,disp1.00,wid0.79
0011ca20	000ee488	_ZN2kn8ModelObj4drawERKNS_16ProjectionCameraERKNS_7FMatrixEPNS_9DrawParamEi	med	6.05	3.79	0	cal2/2,neg1,brn-,icall-,fp-,imm0.65,disp0.77,wid0.42
0011cd80	000eeca8	_ZN2kn8ModelObj4drawERKNS_16ProjectionCameraERKNS_7FMatrixEPNS_9DrawParamEPsi	rerun-med	0	0	rerun	caller:0x11ca20;fp:0x11cd80;loc:0x0;self:0x0
0011cdf0	00124ce8	_ZN2kn8ModelObj13drawImmediateERKNS_16ProjectionCameraERKNS_7FMatrixEPNS_9DrawParamEi	low	4.37	2.92	0	cal2/2,neg1,brn-,icall-,fp-,imm0.67,disp0.85,loc-,wid0.62
0011d6c0	000eef50	_ZN2kn8ModelObj13getPartMatrixEiRNS_7FMatrixE	low	3.24	1.70	1	icall-,disp0.84,wid0.67
0011dd08	000eefc0	_ZN2kn16mergeBoundingBoxEPNS_7FVectorEPPN2dk11ObjDrawListE	low	3.62	3.39	0	brn-,imm0.66,disp1.00,wid0.82
0011de88	000ef190	_ZN2kn8ModelObj10drawShadowEPNS_9DrawParamEPsPPN2dk11ObjDrawListENS_11SHADOW_SIZEE	low	3.23	11.62	2	cal2/2,neg2,brn-,fp-,imm0.22,disp1.00,wid0.13
0011e260	000f033c	_ZN2kn8ModelObj11bindTextureEPv	low	4.58	5.19	0	cal1/1,neg1,disp1.00,wid0.42
0011e600	000efe54	_ZN2kn8ModelObj20synchronizeAnimationEPvS1_	high	24.22	7.85	0	cal7/7,icall-,disp1.00,wid0.64
0011e9a8	000f06a4	_ZN2kn8ModelObj22setAnimationSpeedRatioENS_13AnimationWork4TYPEEjjf	rerun-high	0	0	rerun	callee:0x15ef50;callee:0x1734b0;caller:0x132370;cu:0x0;fp:0x11e9a8;loc:0x0;self:0x0
0011ea98	000f080c	_ZN2kn8ModelObj9setTexanmEj	high	9.10	2.36	0	cal1/1,icall-,imm1.00,disp1.00,wid0.60
0011ebe8	000f09e8	_ZNK2kn8ModelObj17getDrawPolygonNumEv	low	3.40	2.24	0	wid1.00
0011ed48	000f09f8	_ZN2kn8ModelObj11getPropertyENS0_13PROPERTY_TYPEEPPvPj	med	5.57	2.93	0	imm1.00,disp0.38,wid0.88
0011ed90	000f0a44	_ZN2kn8ModelHRC12setHierarchyEPS0_i	med	5.67	5.41	0	imm1.00,disp0.29,wid0.88
0011ee38	000f0c00	_ZN2kn5ModelC2EPv	med	5.23	2.04	1	disp1.00,wid1.00
0011ee98	000f0ea0	_ZN2kn5Model12initModelObjEPNS_8ModelObjE	low	3.55	2.01	2	disp1.00,wid0.50
0011ef20	000f0ec0	_ZN2kn5Model15destroyModelObjEP9ALLOCATORPNS_8ModelObjE	low	3.29	1.88	0	icall-,disp1.00,wid0.40
0011f2f0	000f1334	_ZN2kn10modelSetupEPv	low	4.46	2.74	0	icall-,imm1.00,disp0.70,wid0.90
0011f3e0	000f14e0	_ZN2kn10modelShiftEPvS0_	low	3.45	2.35	0	call-,disp1.00,wid0.33
0011f4b8	000f1c1c	_ZN2kn7ModelBGC1EPv	med	6.26	3.11	0	imm0.38,disp1.00,wid0.83
0011f5d8	000f1d44	_ZN2kn7ModelBG14createModelObjEP9ALLOCATOR	low	3.89	3.02	0	icall-,imm0.27,disp0.59,wid0.83
0011f7a8	0011ef40	_ZN2kn7ModelBG10drawCommonEPNS_16ProjectionCameraEPNS_9DrawParamEPcPNS_13AnimationWorkEbPNS_7FMatrixE	high	28.67	52.48	2	cal9/9,brn-,fp-,imm0.46,disp0.67,loc-,wid0.63
001206e0	000f3f00	_ZN2kn8ModelSKLC1EPv	med	6.58	1.58	0	imm1.00,disp1.00,wid0.91
00120778	000f3fa8	_ZN2kn8ModelSKLD1Ev	med	5.54	1.75	1	disp1.00,wid1.00
001207a0	000f4020	_ZN2kn8ModelSKL15setDMATagBufferEPNS_8ModelObjEPv	low	3.87	1.75	2	disp1.00,wid0.08
001207c8	000f3fd8	_ZN2kn8ModelSKLD0Ev	high	8.37	5.75	1	cal1/1,disp1.00,wid1.00
00120800	000f40f8	_ZNK2kn8ModelSKL13getShadowDataEv	rerun-high	0	0	rerun	callee:0x1208f8;callee:0x123228;loc:0x0
00120818	000f411c	_ZN2kn8ModelSKL23getDistanceFromSkeletonEv	vt-high	0	0	vt	globals;run11;disp0.84,wid1.00
00120830	000f4138	_ZN2kn8ModelSKL14getBoundingBoxERNS_7FVectorES2_	vt-high	0	0	vt	globals;run11;brn-,imm1.00,disp1.00,wid1.00
00120868	000f419c	_ZN2kn8ModelSKL9getIKBiasEi	vt-high	0	0	vt	globals;run11;size,disp0.61,wid0.75
00120888	000f4264	_ZNK2kn8ModelSKL17partName2matrixNoENS_9PART_NAMEE	vt-high	0	0	vt	globals;run11;disp0.84,wid1.00
001208a8	000f428c	_ZNK2kn8ModelSKL9getHrcNumEv	low	4.14	1.64	0	disp1.00,wid1.00
001208f8	00123108	_ZN2kn8ModelSKL19getDMATagBufferSizeEv	vt-high	0	0	vt	globals;run11;imm1.00,disp1.00,wid1.00
00120a20	00120800	_ZN2kn8ModelSKL15setDMATagBufferEPNS_8ModelObjEPPN3Axa11DMA_SET_TAGEPvi	rerun-med	0	0	rerun	caller:0x120800;fp:0x120a20;loc:0x0;self:0x0
00120fc0	000f45d8	_ZN2kn8ModelSKL4calcEPNS_8ModelObjE	med	7.11	5.98	0	cal2/2,brn-,icall-,imm1.00,disp1.00,wid0.71
00121128	000f2ea4	_ZN2kn10ModelMulti14createModelObjEP9ALLOCATOR	low	3.12	1.51	0	disp1.00,wid0.08
00121218	000f484c	_ZN2kn8ModelSKL14setDisplayFlagEPcPs	med	6.00	4.95	0	cal1/1,call-,imm1.00,disp1.00,wid0.76
00121380	000f49c4	_ZNK2kn8ModelSKL8getPartsEv	vt-high	0	0	vt	globals;run6;imm1.00,disp1.00,wid1.00
001213c0	000f4a0c	_ZN2kn8ModelSKL8showPartEPci	vt-high	0	0	vt	globals;run6;call-,imm1.00,disp1.00,wid0.69
001214c0	000f4af8	_ZN2kn8ModelSKL8hidePartEPci	vt-high	0	0	vt	globals;run6;call-,imm1.00,disp1.00,wid0.69
001215b8	000f4bdc	_ZN2kn8ModelSKL10setStealthEPci	vt-high	0	0	vt	globals;run6;call-,imm1.00,disp1.00,wid0.69
001216a8	000f4cc0	_ZN2kn8ModelSKL12resetStealthEPci	vt-high	0	0	vt	globals;run6;call-,imm1.00,disp1.00,wid0.69
001217a0	00120c54	_ZN2kn8ModelSKL10setTextureEPNS_16Vif1PacketBufferEiPNS_13AnimationWorkEPNS_7TextureE	high	8.55	6.18	1	cal1/1,imm0.32,disp1.00,wid0.73
001219b8	00120f40	_ZN2kn8ModelSKL10setTexfadeEPNS_16Vif1PacketBufferEiPNS_9DrawParamEPNS_13AnimationWorkEbPNS_7TextureES8_	med	6.75	2.03	1	imm0.56,disp0.32,wid0.93
00121cc8	00121568	_ZN2kn8ModelSKL10drawNormalEPNS_16ProjectionCameraEPPN3Axa11DMA_SET_TAGEPNS_9DrawParamEPcPNS_13AnimationWorkEbPNS_7FMatrixE	high	10.06	2.52	1	cal1/1,brn-,fp-,imm0.42,disp0.83,wid0.86
00123138	000f4da0	_ZN2kn8ModelSKL4drawEPNS_16ProjectionCameraEPPN3Axa11DMA_SET_TAGEPNS_9DrawParamEPcPNS_13AnimationWorkEbPNS_7FMatrixE	vt-high	0	0	vt	globals;run6;cal1/1,icall-,disp1.00,wid0.50
001231f8	000f4e80	_ZN2kn8ModelSKL12drawOnShadowEPNS_16ProjectionCameraEPPN3Axa11DMA_SET_TAGEPNS_9DrawParamEPcbPNS_7FMatrixE	rerun-high	0	0	rerun	loc:0x0;vt:_ZTVN2kn8ModelSKLE
00123228	00123288	_ZN2kn8ModelSKL14drawSilhouetteEPNS_16ProjectionCameraEPPN3Axa11DMA_SET_TAGEPNS_9DrawParamEPcPNS_13AnimationWorkEbPNS_7FMatrixE	high	10.52	1.62	1	cal2/2,imm0.21,disp1.00,wid0.32
00123650	00122b68	_ZN2kn8ModelSKL11drawStealthEPNS_16ProjectionCameraEPPN3Axa11DMA_SET_TAGEPNS_9DrawParamEPcPNS_13AnimationWorkEbPNS_7FMatrixE	high	9.17	3.41	1	cal1/1,imm0.52,disp1.00,wid0.48
00123990	000f4ec8	_ZNK2kn8ModelSKL17getDrawPolygonNumEPc	vt-med	0	0	vt	globals;run2-edge;imm1.00,disp1.00,wid0.75
00123ba8	00410d0c	_ZN2YS6BINARC10beforeMoveEv	med	5.22	2.13	0	cal1/1,imm1.00,disp1.00,loc-,wid0.33
00124be0	000f55d8	_ZN2kn6MotionC2EPv	low	4.47	1.93	0	disp1.00,wid1.00
00124c08	000f5640	_ZN2kn6MotionD2Ev	rerun-high	0	0	rerun	callee:0x127fb8;callee:0x128008;callee:0x131748;callee:0x131770;ctorvt:_ZTVN2kn6MotionE;loc:0x0
00124c18	000f5600	_ZN2kn6MotionD1Ev	vt-med	0	0	vt	globals;run8-edge;disp1.00,wid1.00
00124c28	000f5610	_ZN2kn6MotionD0Ev	vt-med	0	0	vt	globals;run8-edge;cal1/1,disp1.00,wid1.00
00124ca8	001e1018	_ZN2gm4GRID4drawERKN2kn7FVectorERKNS_7IVectorE	high	8.18	2.13	0	cal4/4,neg2,brn-,disp0.31,flt1.00,loc-,wid0.23
00125f78	000f6b10	_ZN2kn6Motion4calcEPNS_8ModelObjEPKNS_7FMatrixEPNS_13MotionContextES7_fPKNS_6ToFaceEPNS_8IKAdjustE	high	10.30	9.92	0	cal1/1,brn-,icall-,fp-,imm0.48,disp0.84,flt1.00,wid0.84
00127a88	000f892c	_ZN2kn6Motion22duplicateMotionContextEPNS_8ModelObjEP9ALLOCATOR	low	3.82	2.65	1	icall-,imm0.36,disp1.00,wid0.71
00127c70	000f8cf4	_ZN2kn6Motion20destroyMotionContextEPNS_8ModelObjEP9ALLOCATORPNS_13MotionContextE	rerun-med	0	0	rerun	callee:0x17ee68;loc:0x0
00127cf8	000f5650	_ZN2kn6Motion19clearIKAdjustResultEPNS_8IKAdjustE	rerun-high	0	0	rerun	callee:0x130d28;callee:0x131810;loc:0x0
00127ea8	000f96b0	_ZN2kn16MotionPrototype0C1EPv	med	6.62	5.95	1	cal1/1,neg1,disp1.00,wid0.90
00127fb8	000f97d0	_ZN2kn16MotionPrototype0D1Ev	med	5.48	1.81	1	disp1.00,wid1.00
00128008	000f9800	_ZN2kn16MotionPrototype0D0Ev	high	8.40	1.77	1	cal1/1,disp1.00,wid1.00
00128480	000fa658	_ZN2kn16MotionPrototype016setConstantValueEPNS_8ModelObjE	med	5.12	1.76	1	sw-,icall-,imm0.72,disp1.00,wid0.82
001285f8	000fa028	_ZN2kn16MotionPrototype012getTimeIndexEfRiS1_	med	5.20	3.65	1	disp1.00,wid0.81
00128750	000fa118	_ZN2kn16MotionPrototype015calcFcurveValueEPNS_25MotionPrototype0RAWFcurveEiif	med	6.48	6.10	1	brn-,imm0.33,disp0.84,flt1.00,wid0.69
00128b38	000fa8ec	_ZN2kn16MotionPrototype014setFcurveValueEPNS_8ModelObjEf	high	10.74	20.35	2	cal3/3,sw-,fp-,imm0.45,disp1.00,wid0.73
00128e98	000fada0	_ZN2kn16MotionPrototype09getCnsPosEPNS_8ModelObjEiiPNS_7FVectorEPNS_7FMatrixES4_	low	3.46	2.18	2	brn-,imm1.00,disp1.00,wid0.41
00129008	000faf8c	_ZN2kn16MotionPrototype09getCnsPosEPNS_8ModelObjEPNS_29MotionPrototype0RAWConstraintEPNS_7FVectorEPNS_7FMatrixES6_	med	6.84	4.30	1	imm1.00,disp1.00,wid1.00
00129060	000fb048	_ZN2kn16MotionPrototype014evalExpressionEPNS_8ModelObjEt	high	8.51	6.42	0	cal1/2,brn-,sw-,imm0.80,disp0.82,flt1.00,wid0.63
00129960	0024a7a8	_ZN2gm4GUMI6updateEv	low	3.01	2.42	3	cal1/1,neg1,imm0.13,disp1.00,flt1.00,loc-,wid0.02
00130c18	00101cd4	_ZN2kn16MotionPrototype023setConstraintActivationEf	med	5.44	4.07	1	brn-,imm1.00,disp1.00,wid0.79
00130d18	00101e0c	_ZNK2kn16MotionPrototype09getLengthEv	med	5.03	2.50	1	disp1.00,wid1.00
00130d28	00101e28	_ZN2kn16MotionPrototype04calcEPNS_8ModelObjEPKNS_7FMatrixEfPKNS_6ToFaceEPNS_8IKAdjustE	low	3.08	1.77	1	fp-,disp0.61,wid0.30
00130ea0	001020d0	_ZN2kn16MotionPrototype011allocIKInfoEPNS_8ModelObjEP9ALLOCATOR	low	3.40	2.45	1	brn-,icall-,imm0.49,disp1.00,wid0.73
00131418	001027b4	_ZN2kn16MotionPrototype014getBoundingBoxERNS_7FVectorES2_	med	6.19	3.59	1	imm1.00,disp1.00,wid0.07
00131450	001028c0	_ZN2kn16MotionPrototype011getPositionERNS_7FMatrixEf	high	13.72	6.01	0	cal4/4,brn-,fp-,imm0.59,disp1.00,wid1.00
00131688	00102b28	_ZNK2kn16MotionPrototype010getLoopTopEv	med	5.99	3.46	3	disp1.00,wid1.00
00131748	00103254	_ZN2kn9MotionRAWD1Ev	med	5.49	2.08	3	disp1.00,wid1.00
00131770	00103284	_ZN2kn9MotionRAWD0Ev	high	8.45	4.42	3	cal1/1,disp1.00,wid1.00
001317a8	00103568	_ZN2kn9MotionRAW11getPositionERNS_7FMatrixEf	low	3.50	2.16	3	fp-,disp1.00,wid0.83
00131800	001032d0	_ZNK2kn9MotionRAW9getLengthEv	low	3.70	2.60	2	disp1.00,wid1.00
00131810	001032e8	_ZN2kn9MotionRAW4calcEPNS_8ModelObjEPKNS_7FMatrixEfPKNS_6ToFaceEPNS_8IKAdjustE	vt-med	0	0	vt	globals;run6-edge;disp1.00,wid0.21
001318d8	001034fc	_ZN2kn9MotionRAW11allocIKInfoEPNS_8ModelObjEP9ALLOCATOR	vt-med	0	0	vt	globals;run6-edge;
001318e0	00103504	_ZN2kn9MotionRAW14getBoundingBoxERNS_7FVectorES2_	vt-med	0	0	vt	globals;run6-edge;brn-,imm1.00,disp1.00,wid1.00
001319a0	00103618	_ZNK2kn9MotionRAW10getLoopTopEv	vt-med	0	0	vt	globals;run6-edge;disp1.00,wid1.00
00131e80	00111384	_ZN2kn8rgb2grayEPNS_7TextureE	low	4.85	1.62	6	imm1.00,disp1.00,wid0.45
00131f48	00111444	_ZN2kn12textureSetupEPv	med	5.98	2.26	1	imm1.00,disp1.00,wid0.82
00132018	00110be8	_ZN2kn17getTextureDataEndEPNS_7TextureE	rerun-high	0	0	rerun	callee:0x11e260;callee:0x11f7a8;callee:0x1217a0;callee:0x121cc8;loc:0x0
001322b0	0013150c	_ZN2kn13AnimationWorkC2EPv	low	4.49	1.68	0	disp1.00,wid0.80
001322f0	00131584	_ZN2kn13AnimationWorkD2Ev	rerun-high	0	0	rerun	callee:0x132540;callee:0x132590;callee:0x133200;callee:0x133228;ctorvt:_ZTVN2kn13AnimationWorkE;loc:0x0
00132300	00131544	_ZN2kn13AnimationWorkD1Ev	vt-med	0	0	vt	vt_store;run1-edge;disp1.00,wid1.00
00132310	00131554	_ZN2kn13AnimationWorkD0Ev	med	7.54	3.47	0	cal1/1,disp1.00,wid1.00
00132330	00131594	_ZNK2kn13AnimationWork8getOuterEv	low	4.06	1.56	0	disp1.00,wid1.00
00132338	0013159c	_ZNK2kn13AnimationWork7getTypeEv	low	4.08	1.58	0	disp1.00,wid1.00
00132348	0013167c	_ZN2kn13AnimationWork7setDataEPNS_5ChunkE	low	4.08	1.58	0	disp1.00,wid1.00
00132360	001315b8	_ZNK2kn13AnimationWork7getSyncEv	low	4.15	1.65	0	disp1.00,wid1.00
00132370	00131674	_ZN2kn13AnimationWork8setRatioEf	low	4.13	2.50	0	disp1.00,wid1.00
00132380	00131684	_ZNK2kn13AnimationWork12isSameTargetEPS0_	vt-med	0	0	vt	globals;run7-edge;
001324b8	0010e014	_ZN2kn10TEXAnmWorkC1EPv	high	8.25	6.35	2	cal1/1,neg1,imm0.47,disp1.00,wid1.00
00132540	0010e0ac	_ZN2kn10TEXAnmWorkD1Ev	med	5.48	3.01	3	disp1.00,wid1.00
00132590	0010e0dc	_ZN2kn10TEXAnmWorkD0Ev	med	7.54	3.47	2	cal1/1,disp1.00,wid1.00
001325c8	0010df50	_ZNK2kn10TEXAnmWork13getSequenceNoEjj	low	4.42	2.11	1	disp0.94,wid0.83
00132678	0010e124	_ZN2kn10TEXAnmWork7setDataEPNS_5ChunkE	med	7.71	5.87	1	cal1/1,disp0.95,wid1.00
001326e0	0010e1b0	_ZNK2kn10TEXAnmWork7isMatchENS_13AnimationWork4TYPEEjj	med	5.97	1.67	2	cal1/1
001327b0	0010e200	_ZN2kn10TEXAnmWork5startEjj	med	6.48	7.03	3	cal1/1,disp0.80,wid0.18
00132850	0010e300	_ZN2kn10TEXAnmWork4playEf	med	5.93	7.81	2	fp-,imm0.11,disp1.00,wid0.79
00132a60	0010e624	_ZN2kn10TEXAnmWork4stopEv	low	4.42	2.52	1	disp1.00,wid1.00
00132a70	0010e634	_ZNK2kn10TEXAnmWork6isBusyEv	low	4.34	1.54	1	disp1.00,wid0.50
00132ab0	0010e69c	_ZNK2kn10TEXAnmWork12isSameTargetEPNS_13AnimationWorkE	med	7.94	7.79	1	cal1/1,disp1.00,wid0.56
00132c98	0010e9dc	_ZN2kn10TEXAnmWork18getSendImagePacketEv	med	6.00	2.15	1	imm1.00,disp1.00,wid1.00
00132cb8	0010e9fc	_ZN2kn10TEXAnmWork4swapEv	sandwich	5.35	0.00	1	sandwich,disp1.00,wid1.00
00132cd0	0010ea18	_ZNK2kn10TEXAnmWork4getXEv	sandwich	5.08	0.00	1	sandwich,disp1.00,wid0.50
00132d00	0010ea60	_ZNK2kn10TEXAnmWork4getYEv	low	4.23	1.73	1	disp1.00,wid0.50
00132d30	0010eaa4	_ZNK2kn10TEXAnmWork4getWEv	sandwich	4.32	0.00	2	sandwich,disp1.00,wid0.20
00132d60	0010eb28	_ZNK2kn10TEXAnmWork4getHEv	low	4.37	1.78	2	disp1.00,wid0.17
00132d90	0010ebb8	_ZNK2kn10TEXAnmWork12getPixelDataEi	med	5.39	3.06	3	disp1.00,wid0.39
00132e28	0010ed80	_ZN2kn10TEXAnmWork3setEj	high	8.68	3.23	2	cal1/1,imm1.00,disp0.88,wid0.33
00132ec0	0010ee80	_ZN2kn10TEXAnmWork18setDefaultSequenceEj	med	5.10	104.10	0	imm1.00,disp0.93,wid1.00
00132f38	0010ef18	_ZN2kn10TEXAnmWork20resetDefaultSequenceEv	low	3.59	102.59	0	disp0.95,wid1.00
00132f98	0010efc8	_ZN2kn10TEXAnmWork19getActiveTEXAnmWorkEPNS_13AnimationWorkEjPPS0_jPv	med	5.29	1.51	0	cal1/1,disp0.94,wid0.60
00133078	0010f178	_ZN2kn10TEXAnmWork19getActiveTEXAnmWorkEPNS_13AnimationWorkEPPvjjS3_	med	6.94	4.19	1	cal1/1,imm1.00,disp0.39,wid0.75
00133198	00112d84	_ZN2kn12UVScrollWorkC1EPv	low	3.43	2.25	0	disp1.00,wid1.00
00133200	00112dd4	_ZN2kn12UVScrollWorkD1Ev	vt-med	0	0	vt	globals;run1-edge;disp1.00,wid1.00
00133228	00112e04	_ZN2kn12UVScrollWorkD0Ev	med	7.54	4.50	1	cal1/1,disp1.00,wid1.00
00133260	00112e50	_ZNK2kn12UVScrollWork7isMatchENS_13AnimationWork4TYPEEjj	sandwich	5.34	0.00	1	sandwich,disp1.00,wid0.50
001332c8	00112ee4	_ZN2kn12UVScrollWork5startEjj	low	4.53	1.83	1	disp1.00,wid1.00
001332e8	00112f04	_ZN2kn12UVScrollWork4playEf	low	4.01	2.72	1	fp-,disp1.00,wid0.92
00133398	00112fd0	_ZN2kn12UVScrollWork4stopEv	vt-med	0	0	vt	globals;run7-edge;disp1.00,wid1.00
001333a8	00112fe0	_ZNK2kn12UVScrollWork6isBusyEv	vt-med	0	0	vt	globals;run7-edge;disp1.00,wid1.00
001349a8	000fc2a0	_ZN2kn14align_VerticalERKNS_7FMatrixERS0_	low	3.37	1.76	2	brn-,imm1.00,disp1.00,wid0.50
00134df8	005ecb30	_ZN2gm7CONVERT11CreateModelEPN2kn15MemoryAllocatorEPNS_4PLANE	high	11.57	1.90	2	cal4/4,fp-,imm0.70,disp0.38,loc-,wid0.05
00135940	00104154	_ZN2kn11ObjObserverD1Ev	low	3.24	2.79	0	disp0.30,wid0.82
00135ad0	001042a0	_ZN2kn11ObjObserver11removeEntryEPN2YS3OBJE	high	9.38	6.17	2	cal1/1,imm1.00,disp0.60,wid0.75
00135bd0	00104430	_ZN2kn11ObjObserver8addEntryEPN2YS3OBJE	low	3.88	2.54	1	neg1,imm1.00,disp1.00,wid0.40
00135d78	00134920	_ZN2kn14EffectObserver4InitEv	rerun-med	0	0	rerun	callee:0x1123f0;loc:0x0
00135dc8	00134adc	_ZN2kn14EffectObserver6CreateEPPS0_	med	6.49	3.46	0	cal1/1,call-,imm1.00,disp1.00,wid0.13
00136878	00045d58	_ZN2dk4BGSE16playBackGroundSeEv	low	3.53	3.07	1	cal1/1,neg1,disp0.25,wid0.27
00136958	00045bf8	_ZN2dk4BGSE19getBackGroundSeBankEv	low	3.14	3.00	1	wid1.00
001369b8	00045fb0	_ZN2dk4BGSE9fieldExitEv	rerun-med	0	0	rerun	callee:0x102b90;loc:0x0
001369f0	00045f4c	_ZN2dk4BGSE9fieldInitEv	low	4.54	2.63	0	disp1.00,wid0.38
00136a18	00046030	_ZN2dk4BGSE9terminateEv	rerun-high	0	0	rerun	callee:0x1373a0;callee:0x284088;loc:0x0
00137058	00043dd8	_ZN2dk3BGM8typeHoldEPi	low	3.46	2.12	0	imm0.55,disp0.12,wid0.72
00137180	0004400c	_ZN2dk3BGM10typeChangeEPi	med	5.01	4.76	1	imm0.73,disp0.15,wid0.85
001372d8	00044240	_ZN2dk3BGM13checkFieldBgmEP4TASK	med	5.19	3.57	1	cal1/1,neg1,imm1.00,wid0.27
001373d8	00044d88	_ZN2dk3BGM8ContinueEv	high	9.75	7.76	0	cal2/2,imm1.00,wid0.62
00137890	0007fcdc	_ZN2dk13TREASURE_INFO6updateEv	low	4.11	3.40	0	cal2/2,neg2,size,imm0.67,disp0.11,wid0.02
00137930	0007f884	_ZN2dk19TREASURE_EVENT_INFO7destroyEv	high	8.43	3.45	0	cal2/2,icall-,disp0.09,wid0.73
00137c50	00080820	_ZN2dk13TREASURE_INFO6createEv	high	9.14	9.62	0	cal1/1,imm1.00,disp0.31,wid0.60
00137fb8	000808a0	_ZN2dk13TREASURE_INFO4initEv	low	4.84	3.41	0	cal1/1,neg1,icall-,imm0.27,disp0.17,wid0.47
00138128	00080bdc	_ZN2dk13TREASURE_INFO2onEv	med	7.24	6.24	0	cal1/1,imm1.00
00138190	00080d0c	_ZN2dk13TREASURE_INFO11openBoxInfoEPKN2YS7MESSAGEEi	low	3.88	2.55	0	imm0.24,wid0.75
00138210	00080e9c	_ZN2dk13TREASURE_INFO13openPrizeInfoEPKN2YS7MESSAGEE	high	9.93	4.99	0	cal2/2,imm0.18,disp0.09,wid0.67
001384c0	00070c2c	_ZN2dk5Pause9isDisableEv	low	3.42	1.86	0	wid1.00
001387f8	0007b2c8	_ZN2dk6Sprite7initSqdEPvPN2YI5IMAGEEi	low	3.16	4.66	0	cal0/1,imm1.00,disp1.00,wid0.25
001393f8	00064f2c	_ZN2dk5Obj2D11DestroyLoopEPNS0_7MANAGERE	med	6.04	4.28	0	icall-,imm1.00,disp1.00,wid0.84
00139698	000653f8	_ZN2dk5Obj2D23resetParentSeqAlphaOnlyEv	low	3.50	2.17	0	wid1.00
00139b28	00065c88	_ZN2dk5Obj2D18setLocalPauseGroupEi	rerun-med	0	0	rerun	callee:0x154b18;cu:0x0;loc:0x0
0013a1e8	00065ef4	_ZN2dk5Obj2D11pushManagerEv	sandwich	1.00	0.00	0	sandwich,size,wid0.50
0013a200	00065f94	_ZN2dk5Obj2D10popManagerEv	sandwich	1.10	0.00	0	sandwich,size,wid0.60
0013a6f8	000517d0	_ZN2dk8Field2DD8initAreaEv	med	5.22	3.90	0	imm0.78,disp0.34,wid0.48
0013aed8	0004b0b0	_ZN2dk11COMMAND_ONE4exitEv	low	4.37	11.16	0	cal2/2,neg1,icall-,disp0.08,wid0.67
0013afa0	0004b2a4	_ZN2dk11COMMAND_ONE10debugStockEv	low	3.42	3.50	0	wid1.00
0013afb0	0004a528	_ZN2dk20ReactionDecideSprite7destroyEv	vt-med	0	0	vt	globals;run1-edge;size,wid0.67
0013b088	0004dce0	_ZN2dk12COMMAND_DRAWC1Ev	high	13.16	11.42	0	cal1/1,imm1.00,disp0.82,wid0.83
0013b838	0004d900	_ZN2dk12COMMAND_DRAW18initSpecialCommandEv	low	3.02	2.33	1	icall-,imm1.00,disp0.55,wid0.25
0013b988	0004a7bc	_ZN2dk11COMMAND_ONE7destroyEv	low	3.29	2.84	2	disp1.00,wid0.33
0013b9e0	0004ca80	_ZN2dk12COMMAND_DRAW11getTitleSeqEiiRbiRiS2_	low	3.94	3.77	0	call-,imm1.00,disp1.00,wid0.17
0013c080	0004c54c	_ZN2dk12COMMAND_DRAW13checkOverRideEPN2YS12COMMAND_SLOTEiiRbiRiS5_	sandwich	1.49	0.00	0	sandwich,call-,disp1.00,wid0.73
0013c3b8	0004cb60	_ZN2dk12COMMAND_DRAW15drawCommandPageEPN2YS12COMMAND_MENUEiib	high	19.86	13.91	0	cal4/4,imm0.90,disp0.88,wid0.89
0013c938	0004dda8	_ZN2dk12COMMAND_DRAW6updateEv	high	12.52	15.83	0	cal3/3,call-,imm0.50,disp0.80,wid0.38
0013cbb8	0004d538	_ZN2dk12COMMAND_DRAW8shortCutEPN2YS12COMMAND_MENUEb	high	19.83	6.79	0	cal5/5,neg1,imm0.86,disp0.90,wid0.71
0013d3f8	0004d3a8	_ZN2dk12COMMAND_DRAW6drawBGEv	med	7.10	9.46	0	cal3/3,neg3,fp-,imm1.00,disp1.00,wid0.33
0013dad0	00055428	_ZN2dk10GAUGE_DRAW7drawEndEv	rerun-med	0	0	rerun	callee:0x1a2710;loc:0x0
0013e028	00063ee0	_ZN2dk11SECTOR_MASK4drawEv	high	19.27	2.63	0	cal4/4,imm1.00,disp1.00,wid0.67
0013e1c8	00064104	_ZN2dk11CIRCLE_MASK4drawEv	high	22.17	6.57	0	cal5/5,imm1.00,disp1.00,wid0.80
0013e2d8	0005ec94	_ZN2dk6LockOn5startEi	high	24.02	29.07	0	cal6/6,imm1.00,disp1.00,wid0.12
0013e378	0005e90c	_ZN2dk6LockOn7destroyEv	vt-med	0	0	vt	slots3;run1-edge;size,disp0.41,wid0.67
0013e5a8	0005ee74	_ZN2dk6LockOn6changeEv	high	9.29	7.28	0	cal1/1,icall-,imm1.00,disp1.00,wid0.60
0013e8a8	0005f41c	_ZN2dk6LockOn4hideEv	low	3.25	1.50	1	imm1.00
0013e900	0009d4a4	_ZN2dk3Ft4C1Ev	low	4.67	2.63	0	disp1.00,wid0.80
0013e940	0009d200	_ZN2dk7Ft4Base12createPacketEv	high	10.01	2.21	0	imm0.47,disp0.68,wid0.84
0013ea50	0009cdc8	_ZN2dk7Ft4Base7calcRotERKN2kn7FMatrixERKNS1_7FVectorERiS8_	med	5.44	4.16	1	fp-,imm1.00,disp1.00,wid0.82
0013eb00	0009cee8	_ZN2dk7Ft4Base7calcXYZEv	high	13.70	22.47	2	cal4/5,neg1,disp0.97,wid0.72
0013eeb8	000854c0	_ZN2dk3Ft410drawPacketEv	low	4.70	3.45	3	cal1/1,size,imm0.16,disp1.00,wid0.10
0013ef80	00059598	_ZN2dk10JumpEffect10outIsExistEv	rerun-high	0	0	rerun	callee:0x104a48;callee:0x15d5d0;loc:0x0
0013f198	000595f8	_ZN2dk19FadeBlackJumpEffect18jumpEffectOut_taskEP4TASK	rerun-med	0	0	rerun	callee:0x13f230;loc:0x0;selfweak:0x0
0013f230	0005917c	_ZN2dk10JumpEffect3outEj	high	12.18	10.38	0	cal4/5,size,imm0.54,disp1.00,wid0.09
0013f288	000593b0	_ZN2dk10JumpEffect2inEv	high	15.04	7.41	0	cal5/5,neg2,imm0.32,disp1.00,wid0.20
001400b0	00067f98	_ZN2dk9ObjCamera10springDampERKN2kn7FVectorES4_S4_ffff	low	4.38	2.67	0	cal1/1,disp0.13,wid0.17
00140210	00066768	_ZN2dk9ObjCamera11auto_cameraEPN2YS3PADEf	med	6.40	3.84	1	cal2/4,neg1,fp-,disp0.64,flt1.00,wid0.85
00141438	0008f550	_ZN2dk11OctCollFileC1EPvy	low	4.66	1.98	1	cal0/1,size,imm0.70,disp1.00,wid0.58
00141778	00091c48	_ZN2dk11OctCollFile14isExistPolygonEt	med	6.17	3.01	0	imm1.00,disp1.00,wid0.86
00141970	0008f534	_ZNK2dk11OctCollFile10getBoxTypeEv	low	3.63	1.51	0	disp1.00,wid1.00
00141988	0008ec84	_ZN2dk11OctCollFile13createPolygonERKNS_11CollPolygonERNS_7PolygonE	med	6.07	1.65	0	imm1.00,disp1.00,wid0.72
00141c38	0009096c	_ZN2dk11OctCollFile13selectPolygonEiRNS_7SAabboxERti	high	9.84	4.80	0	imm0.80,disp1.00,wid0.69
00141e78	0008eee0	_ZN2dk11OctCollFile19getLineCrossPolygonERNS_3RayEiRN2kn7FVectorE	med	5.44	2.66	1	cal1/1,neg1,fp-,imm1.00,disp1.00,wid0.58
00141ff0	00091154	_ZN2dk11OctCollFile13intersectLineERNS_4LineERN2kn7FVectorERti	med	5.96	6.15	0	cal1/2,brn-,imm1.00,disp1.00,wid0.31
001422a0	00091cdc	_ZN2dk11OctCollFile9getNormalEt	low	3.92	2.65	2	brn-,imm1.00,disp1.00,wid0.31
00142688	000917c8	_ZN2dk11OctCollFile12getOnPolygonERfiPNS_14CollisionParamE	med	6.97	1.97	0	cal0/1,imm1.00,disp1.00,flt1.00,wid0.70
00142bf8	0009012c	_ZN2dk11OctCollFile15createPolygonSeEv	med	7.41	6.14	2	cal1/1,disp1.00,wid0.78
00142c90	0006be64	_ZN2dk6Octree6createEPNS_7MapFileEP9ALLOCATORby	high	26.19	15.31	0	cal8/9,icall-,imm0.55,disp0.20,wid0.83
00142f50	0006c3fc	_ZN2dk6Octree7destroyEv	high	23.23	36.93	0	cal7/7,icall-,disp0.15,wid0.53
001431e8	0006ee10	_ZN2dk6Octree7showSkyEv	low	4.33	2.08	3	cal1/1,wid0.33
00143268	0006f5a8	_ZN2dk6Octree10setSkipAllEv	rerun-med	0	0	rerun	callee:0x22ba08;cu:0x0;loc:0x0
001432a8	0006f5d0	_ZN2dk6Octree11wallClipOffEv	rerun-med	0	0	rerun	callee:0x22d778;cu:0x0;loc:0x0
001432f0	0006f440	_ZN2dk6Octree8setColorEhhh	low	4.26	2.51	0	disp0.72,wid0.67
00143348	0006c824	_ZN2dk6Octree14findDrawObjectEPNS_11ObjDrawListE	low	3.81	2.14	1	disp0.66,wid0.60
00143398	0006c770	_ZN2dk6Octree16insertDrawObjectEPNS_11ObjDrawListE	med	5.61	5.17	2	cal1/1,wid0.33
00143448	0006e680	_ZN2dk6Octree14isExistPolygonEt	low	4.33	4.27	1	cal1/1,wid0.33
00143470	0006e730	_ZN2dk6Octree14getDanglePointERN2kn7FVectorERNS_6AabboxES3_S3_S3_S3_Pt	low	4.33	4.73	1	cal1/1,wid0.33
00143928	0006d0c8	_ZN2dk6Octree14collisionToMapEPNS_14CollisionParamE	high	13.80	22.83	1	cal4/4,neg2,imm1.00,disp0.77,wid0.22
00144060	0006b748	_ZN2dk6Octree21buildOcclusionFrustumEv	high	11.17	6.54	2	cal3/3,wid0.67
001440e0	0006b888	_ZN2dk6Octree12calcSpotSizeEv	med	6.01	4.24	1	cal2/2,brn-,disp0.02,wid0.70
001445e8	00087f50	_ZN2dk6AabboxC1ERNS_7PolygonE	med	6.00	5.83	1	cal1/1
00144630	00087c18	_ZN2dk6Aabbox3setERNS_7PolygonE	med	5.14	3.91	0	brn-,imm1.00,disp1.00,wid0.84
00144908	000884c0	_ZN2dk6Aabbox9getCenterERN2kn7FVectorE	low	3.45	4.11	2	brn-,disp1.00,wid0.87
00144d90	000881b8	_ZN2dk6Aabbox9fitsInBoxERKS0_	med	5.85	2.72	1	disp1.00,wid1.00
00144e30	000887a4	_ZN2dk7SAabboxC1Ev	low	4.68	2.00	0	disp1.00,wid1.00
001451e0	000887d8	_ZN2dk7SAabbox3setERKNS_6AabboxEi	low	3.01	1.52	0	disp1.00,wid0.02
00145600	00088a2c	_ZN2dk7SAabbox14intersectInBoxERKS0_	low	4.68	1.85	0	disp1.00,wid1.00
00145830	000b0d18	_ZN2dk11OctDrawFileC1EPvby	high	8.97	11.38	2	cal3/3,neg1,fp-,imm0.26,disp0.26,wid0.61
001459e0	000b3228	_ZN2dk7Polygon8drawLineERN2kn11BoundingBoxEhhhRKNS1_7FMatrixE	rerun-med	0	0	rerun	caller:0x1070e8;cuweak:0x0;fp:0x1459e0;loc:0x0;self:0x0
00145ab8	000b1388	_ZN2dk11OctDrawFileD1Ev	low	3.78	5.98	1	cal2/2,call-,brn-,icall-,imm0.09,disp0.05,wid0.60
00145cb0	000b1424	_ZN2dk11OctDrawFile21calcViewFrustumMatrixEv	high	12.99	9.43	0	cal4/4,neg1,brn-,imm0.66,disp0.61,loc-,wid0.29
00146078	000b2008	_ZN2dk11OctDrawFile15setDrawMapModelEPN2kn8ModelObjE	rerun-med	0	0	rerun	callee:0x144250;loc:0x0
00146080	000b0ca8	_ZN2dk11OctDrawFile18sethitTableAddressEPs	rerun-med	0	0	rerun	callee:0x148ef0;cu:0x0;loc:0x0
00146088	000b0434	_ZN2dk11OctDrawFile16occlusionCullingERNS_6AabboxE	rerun-med	0	0	rerun	callee:0x148ef0;cu:0x0;loc:0x0
00146250	000b0810	_ZN2dk11OctDrawFile10drawObjectERKNS_8DrawNodeE	med	6.04	9.71	0	cal1/1,imm0.23,disp1.00,wid0.38
00146390	000b04ec	_ZN2dk11OctDrawFile15setNotScisGroupEiRi	low	3.41	1.90	2	neg1,imm0.74,disp1.00,wid0.30
00146498	000b1bf0	_ZN2dk11OctDrawFile8drawTreeEiRi	med	5.83	6.30	1	cal1/1,neg1,imm0.55,disp1.00,wid0.25
00146cb0	000b2b98	_ZN2dk7Polygon16testInPointYAxisERKN2kn7FVectorE	low	3.79	2.15	2	fp-,disp1.00,flt1.00,wid0.06
00146d28	000ad990	_ZN2dk11OctDrawFile20clearNodeObjDrawListEv	low	4.68	2.22	1	imm1.00,disp0.19,wid0.80
00146d68	000adb6c	_ZN2dk11OctDrawFile16clearObjDrawListEv	low	4.16	5.09	0	imm1.00,disp0.52,wid0.88
00146f28	000adeac	_ZN2dk11OctDrawFile16insertDrawObjectEPNS_11ObjDrawListEb	med	5.27	4.05	1	disp0.70,wid0.68
00147050	000ad2d4	_ZN2dk11OctDrawFile14findDrawObjectEiPNS_11ObjDrawListEiRi	med	7.95	6.88	2	cal1/1,imm0.76,disp1.00,wid0.50
00147140	000ad574	_ZN2dk11OctDrawFile19cacheFindDrawObjectEPNS_11ObjDrawListE	med	5.85	1.71	1	imm0.70,disp1.00,wid0.75
00147240	000ac648	_ZN2dk11OctDrawFile13drawOneObjectEPNS_11ObjDrawListEf	low	4.48	5.18	1	cal1/1,disp0.24,wid0.12
001472b8	000ab2c8	_ZN2dk11OctDrawFile9quickSortEPPvPfii	rerun-med	0	0	rerun	callee:0x1473e8;cu:0x0;loc:0x0
001473e8	000ae130	_ZN2dk11OctDrawFile13drawObjectAllEv	high	16.02	19.76	0	cal4/4,fp-,imm0.15,disp0.25,flt1.00,wid0.80
00147810	000ab46c	_ZN2dk11OctDrawFile18calcCameraRelativeEPNS_11ObjDrawListE	high	8.90	3.38	0	cal2/2,brn-,imm0.82,disp1.00,wid0.20
00147a68	000ab408	_ZN2dk11OctDrawFile13isAlphaSpriteEPNS_11ObjDrawListE	low	4.47	1.91	1	disp1.00,wid0.67
00147f08	000ab960	_ZN2dk11OctDrawFile13drawModelBaseEPNS_11ObjDrawListE	med	7.03	6.32	0	cal2/2,brn-,fp-,imm0.22,disp0.49,wid0.69
00148470	000ac0e0	_ZN2dk11OctDrawFile9drawModelEPNS_11ObjDrawListE	high	10.00	7.98	1	cal1/1,imm1.00,disp0.68,wid0.70
00148528	000ae9ac	_ZN2dk11OctDrawFile7showSkyEv	low	3.31	1.62	2	imm1.00,wid0.86
00148598	000ab7c4	_ZN2dk11OctDrawFile13drawSkyObjectEPNS_11ObjDrawListE	rerun-med	0	0	rerun	caller:0x11cd80;cu:0x0;fp:0x148598;loc:0x0;self:0x0
00148638	000acf7c	_ZN2dk11OctDrawFile12calcLODLevelEPNS_11ObjDrawListEf	med	6.04	5.53	1	disp1.00,wid0.70
00148690	000acce0	_ZN2dk11OctDrawFile12calcPartsLODEPNS_11ObjDrawListEf	high	20.54	20.79	0	cal6/6,fp-,disp0.95,wid0.86
00148890	000ad090	_ZN2dk11OctDrawFile8calcObjZEPNS_11ObjDrawListERKN2kn7FVectorE	med	6.54	8.93	1	cal1/1,brn-,fp-,imm0.45,disp1.00,flt1.00,wid0.18
00148a08	000ab918	_ZN2dk11OctDrawFile20drawRequestOneObjectEPNS_11ObjDrawListE	low	3.64	1.60	3	disp0.89,wid1.00
00148c50	000b40c4	_ZN2dk11OctDrawFile17selectShadowGroupEiRNS_6AabboxERiiPPNS_11ObjDrawListE	low	4.11	5.79	0	cal2/2,neg2,imm0.65,disp0.53,loc-,wid0.57
00148e40	000b3fa0	_ZN2dk11OctDrawFile16drawShadowObjectEPNS_11ObjDrawListEPS2_Ri	low	4.96	3.52	2	disp0.87,wid0.71
00148ef0	000b45e0	_ZN2dk11OctDrawFile15drawShadowModelEPPNS_11ObjDrawListEi	low	4.97	2.51	1	cal1/1,neg2,imm0.32,disp0.39,wid0.67
001491d8	000621f8	_ZN2dk7MapFileC1Ev	med	5.11	3.77	0	disp0.47,wid0.81
00149288	000622e0	_ZNK2dk7MapFile18getMapModelAddressEv	rerun-med	0	0	rerun	callee:0x142c90;loc:0x0
00149290	000622e8	_ZNK2dk7MapFile16getMapTexAddressEv	rerun-med	0	0	rerun	callee:0x142c90;loc:0x0
00149298	000622f0	_ZNK2dk7MapFile13getOcdAddressEv	rerun-med	0	0	rerun	callee:0x142c90;cu:0x0;loc:0x0
001492a0	000622f8	_ZNK2dk7MapFile13getOccAddressEv	rerun-med	0	0	rerun	callee:0x142c90;cu:0x0;loc:0x0
001492a8	00062300	_ZNK2dk7MapFile13getOchAddressEv	rerun-med	0	0	rerun	callee:0x142c90;loc:0x0
001492b0	00062308	_ZNK2dk7MapFile13getOclAddressEv	rerun-med	0	0	rerun	callee:0x142c90;cu:0x0;loc:0x0
001492d8	00062328	_ZNK2dk7MapFile13getPlxAddressEv	rerun-med	0	0	rerun	callee:0x142c90;cu:0x0;loc:0x0
001492e0	00062340	_ZNK2dk7MapFile13getPaxAddressEv	rerun-med	0	0	rerun	callee:0x15eba8;loc:0x0
00149db8	00043408	_ZN2dk4Area4exitEv	sandwich	2.64	0.00	0	sandwich,wid0.14
0014a988	0004f9f0	_ZN2dk8fadeInitEv	med	5.16	2.12	0	disp1.00,wid0.83
0014ace8	0004f9e0	_ZN2dk13allFadeEnableEv	low	3.50	2.83	1	wid1.00
0014ad20	0004fa1c	_ZN2dk14createFadeTaskEv	low	4.64	2.64	1	cal1/1,call-,wid0.14
0014ad58	0004fa84	_ZN2dk8initWideEv	high	25.03	4.03	0	cal8/8,imm0.43
0014ae10	0004fc18	_ZN2dk19createFieldFadeTaskEv	high	10.00	3.00	0	cal4/4,call-,wid0.00
0014b150	0007664c	_ZN2dk8RectBaseC2Ev	low	4.70	2.88	2	neg1,imm0.78,disp1.00,wid1.00
0014b198	00076320	_ZN2dk13RectParamBaseC2Ev	med	6.70	2.00	1	imm0.78,disp1.00,wid1.00
0014b290	000763c8	_ZN2dk8RectBase12createPacketEv	high	9.69	4.71	0	call-,imm0.48,disp0.71,wid0.83
0014b5f8	000766cc	_ZN2dk8RectBase5setUVEtt	low	3.17	1.83	0	wid1.00
0014b8f0	00076964	_ZN2dk4ScisC1Ev	low	4.89	1.87	0	imm1.00,disp0.45,wid1.00
0014ba90	000769fc	_ZN2dk8RectScisC1Ev	med	6.65	4.66	0	imm0.53,disp0.84,wid0.50
0014bb00	00076afc	_ZN2dk8RectScis7setScisEsstt	low	3.15	1.78	1	size,disp1.00,wid1.00
0014c838	0007f3c8	_ZN2dk9timerTaskEP4TASK	low	3.09	1.95	0	imm0.43,wid0.82
0014c908	0007f1e8	_ZN2dk5Timer4initEv	low	4.29	1.69	0	cal1/1,call-,wid0.20
0014cb58	00049990	_ZN2dk5Clock7newGameEv	high	8.48	2.54	0	cal1/1,imm0.13,disp0.90,wid0.75
0014cba0	00049a98	_ZN2dk5Clock11getPlayTimeEv	high	8.72	3.39	0	cal1/1,disp1.00,wid1.00
0014ccb8	0004979c	_ZN2dk5Clock15iupdatePlayTimeEv	med	6.91	1.84	0	cal1/1,imm0.16,disp0.57,wid0.89
0014cf18	00081eec	_ZN2dk5Vsync13vSyncCallbackEi	low	3.50	3.50	1	cal1/1,call-,wid1.00
0014cf88	00081e58	_ZN2dk5Vsync10vsync_taskEP4TASK	rerun-med	0	0	rerun	callee:0x14d008;cu:0x0;loc:0x0
0014d008	000820e0	_ZN2dk5Vsync4initEv	med	7.08	6.92	1	cal2/2,wid0.08
0014df48	00055c7c	_ZN2dk14drawClear_taskEP4TASK	med	7.98	5.00	0	cal1/1,imm1.00,wid1.00
0014dfa8	00085f14	_ZN2dk10createDbufEv	med	5.38	3.88	0	cal1/1,call-,imm0.71,wid0.25
0014ecb8	00072734	_ZN2dk9POLYGONSE4initEv	rerun-med	0	0	rerun	callee:0x142c90;loc:0x0
0014ed28	000727f8	_ZN2dk9POLYGONSE8createSeEii	low	4.85	3.81	1	cal1/1,wid0.60
0014eda8	00072770	_ZN2dk9POLYGONSE7destroyEv	med	5.30	2.91	0	cal1/1,wid0.50
0014ee28	00072990	_ZN2dk9POLYGONSE4calcEiRN2kn7FVectorERb	high	8.89	2.49	0	cal2/2,brn-,fp-,disp1.00,flt1.00,wid0.69
0014f030	000616c8	_ZN2dk8MapColor10setCalcFogEffiiiff	low	4.96	1.83	1	disp0.53,flt1.00,wid0.17
0014f0b0	000615a0	_ZN2dk8MapColor8blackFogEf	low	3.47	2.40	2	disp1.00,wid0.13
0014f178	0005abb4	_ZN2dk9LAYER_ETC2onEv	sandwich	11.50	0.00	0	sandwich,cal3/3
0014f238	0005b708	_ZN2dk13LAYER_MISSION2onEv	sandwich	5.50	0.00	0	sandwich,cal1/1
0014f428	000a6998	_ZN2dk11INFORMATION4exitEv	rerun-med	0	0	rerun	callee:0x14f220;loc:0x0
0014f4d8	000a6aa8	_ZN2dk11INFORMATION2onEv	high	27.15	4.65	0	cal8/8,imm1.00
0014f528	000a6b34	_ZN2dk11INFORMATION3offEv	high	15.15	4.65	0	cal4/4,imm1.00
0014f578	000a6bc0	_ZN2dk11INFORMATION21openInformationWindowEPKN2YS7MESSAGEE	high	10.60	14.05	0	cal3/3,wid0.60
0014f5d0	000a6cc8	_ZN2dk11INFORMATION22closeInformationWindowEPKN2YS7MESSAGEE	high	10.67	13.98	0	cal3/3,wid0.67
0014f648	000a6dc4	_ZN2dk11INFORMATION11openNextExpEi	med	5.80	5.17	1	cal1/1,wid0.33
0014f668	000a6e74	_ZN2dk11INFORMATION12openGetMunnyEi	med	5.79	5.58	2	cal1/1,wid0.33
0014f708	000a70cc	_ZN2dk11INFORMATION10alertTimerEv	med	5.85	4.57	4	cal1/1,wid0.50
0014f9a8	000a7648	_ZN2dk11INFORMATION12closeCounterEPNS_7COUNTERE	med	6.22	6.47	3	cal1/1
0014f9e8	000a768c	_ZN2dk11INFORMATION13isOpenCounterEPNS_7COUNTERE	sandwich	3.00	0.00	3	sandwich,
0014fb00	000a7904	_ZN2dk11INFORMATION17closeMissionGaugeEPNS_13MISSION_GAUGEE	med	6.30	5.67	1	cal1/1
0014fb40	000a7948	_ZN2dk11INFORMATION18isOpenMissionGaugeEPNS_13MISSION_GAUGEE	sandwich	3.00	0.00	1	sandwich,
0014fe00	000b8890	_ZN2dk7COUNTER6createEPvS1_NS_9INFO_BASE5ALIGNEiiPiS4_i	high	122.60	34.82	0	cal39/39,imm0.37,disp0.13,wid0.89
001502e8	000b82e0	_ZN2dk7COUNTER7destroyEv	med	6.79	1.59	0	cal1/1,icall-,disp1.00,wid0.50
00150678	000b9114	_ZN2dk7COUNTER5closeEv	high	9.86	2.86	2	cal2/2,imm0.34,wid1.00
00150be8	000b7224	_ZN2dk5TIMER4initEv	high	67.33	12.75	0	cal22/22,call-,imm0.04,disp0.25,wid0.88
001510b0	000b6b90	_ZN2dk5TIMER7destroyEv	med	5.06	5.97	2	cal1/1,icall-,disp0.23,wid0.60
001514b0	000b7a6c	_ZN2dk5TIMER5alertEv	high	8.67	11.23	3	cal2/2,imm0.17
00151528	000b7a00	_ZN2dk5TIMER5closeEv	high	9.87	2.87	1	cal2/2,imm0.34,wid1.00
001515b0	000b6bfc	_ZN2dk5TIMER10forceLeaveEv	low	3.42	3.96	0	cal1/1,icall-,imm0.12,disp0.74,wid0.67
001516b0	000a9490	_ZN2dk13MISSION_GAUGE6createEPvS1_NS_9INFO_BASE5ALIGNEfPfi	high	90.21	34.71	0	cal28/28,imm0.47,disp0.25,wid0.78
001519b8	000a9030	_ZN2dk13MISSION_GAUGE7destroyEv	med	6.12	2.27	1	cal1/1,icall-,disp1.00,wid0.50
00151b40	000a99d0	_ZN2dk13MISSION_GAUGE5alertEv	high	9.29	12.21	2	cal2/2,imm0.16
00151b78	000a9a20	_ZN2dk13MISSION_GAUGE12releaseAlertEv	high	10.53	2.53	1	cal2/2,imm0.28,wid1.00
00151bf0	000a9a84	_ZN2dk13MISSION_GAUGE5closeEv	high	9.84	1.51	0	cal2/2,imm0.32,wid1.00
00151d48	000b951c	_ZN2dk9GET_MUNNY10initNumberEv	high	10.12	14.77	1	cal3/3,imm0.48,disp0.34,loc-,wid0.62
00151df0	000b986c	_ZN2dk9GET_MUNNY6createEi	high	31.70	47.90	1	cal10/10,neg1,imm0.79,disp0.42,loc-,wid0.88
00151f40	000b968c	_ZN2dk9GET_MUNNY6updateEv	high	13.56	21.04	1	cal4/4,icall-,imm0.59,disp0.52,loc-,wid0.71
00151fe0	000b9760	_ZN2dk9GET_MUNNY4drawEv	high	15.23	19.68	1	cal4/4,imm0.45,disp0.68,loc-,wid1.00
00152120	000aaa0c	_ZN2dk8NEXT_EXP10initNumberEv	high	9.60	2.38	0	cal2/2,imm0.48,disp0.34,wid0.62
001521c8	000aad5c	_ZN2dk8NEXT_EXP6createEi	high	30.97	3.68	0	cal9/9,neg1,imm0.80,disp0.42,wid0.88
00152318	000aab7c	_ZN2dk8NEXT_EXP6updateEv	high	16.04	2.38	0	cal4/4,icall-,imm0.59,disp0.52,wid0.71
001523b8	000aac50	_ZN2dk8NEXT_EXP4drawEv	high	17.71	2.37	0	cal4/4,imm0.45,disp0.68,wid1.00
00152688	0005cc24	_ZN2dk15LEVEL_UP_SUMMON4drawEv	high	8.05	4.21	0	cal3/3,neg2,disp0.50,wid0.50
00152820	0005c250	_ZN2dk8LEVEL_UP7calcPosERiS1_S1_S1_Rj	high	15.38	15.02	0	cal3/3,imm1.00,disp0.70,wid1.00
00152bd8	0005cee4	_ZN2dk12LEVELUP_INFO6updateEv	med	6.07	7.95	0	imm0.21,disp0.29,wid0.96
00153140	0005d988	_ZN2dk12LEVELUP_INFO2onEv	med	7.22	6.22	0	cal1/1,imm1.00
00153d70	0005bbf0	_ZN2dk6Layout6createEPvi	med	5.41	4.76	0	cal3/4,neg3,imm0.71,disp0.28,wid0.67
001547e0	0009d890	_ZN2dk11GAUGE_ENEMY8updateHPEv	high	8.09	10.11	0	cal3/3,neg2,disp1.00,wid0.05
00154b18	0009e1b0	_ZN2dk11GAUGE_ENEMY3endEv	low	4.54	3.11	0	imm1.00,wid1.00
00154ee8	0009ef24	_ZN2dk12GAUGE_FRIEND12getBaseSqNumEv	med	6.36	7.29	0	imm1.00,disp1.00,wid1.00
00155e30	000a1204	_ZN2dk12GAUGE_PLAYER15getDriveCounterEv	high	17.68	27.07	0	cal6/6,call-,sw-,disp0.95,wid0.33
001574a0	000a416c	_ZN2dk12GAUGE_PLAYER19checkSummonFaceTaskEP4TASK	low	4.70	7.05	0	cal1/1,neg1,imm1.00,wid0.50
00157688	000a3658	_ZN2dk12GAUGE_PLAYER11damageSmallEv	med	7.61	2.03	0	cal1/1,imm1.00
001576a0	000a367c	_ZN2dk12GAUGE_PLAYER12damageMiddleEv	med	7.68	1.68	0	cal1/1,imm1.00
001576b8	000a36a0	_ZN2dk12GAUGE_PLAYER11damageLargeEv	med	7.79	1.88	0	cal1/1,imm1.00
001576e8	000a2cdc	_ZN2dk12GAUGE_PLAYER7setFaceEv	high	12.13	21.71	0	cal4/4,call-,imm0.11,disp1.00,wid0.17
00157758	000a06bc	_ZN2dk11GAUGE_PARTY12updateActionEv	med	6.02	12.55	0	cal2/3,disp1.00,wid0.09
001578d8	000a2bac	_ZN2dk12GAUGE_PLAYER4skipEv	rerun-med	0	0	rerun	caller:0x13c7d0;caller:0x155f40;fp:0x1578d8;loc:0x0;self:0x0
00158870	000779c4	_ZN2dk11ScopeCamera6createEPN2YS3OBJEf	med	7.88	3.64	0	cal2/2,imm1.00,disp0.09,wid0.40
00158920	00077ae4	_ZN2dk11ScopeCamera12setTargetPosERKN2kn7FVectorE	rerun-med	0	0	rerun	callee:0x174e10;loc:0x0
00158f40	00096260	_ZN2dk12DangleCamera6createEv	high	13.51	7.02	0	cal3/3,imm1.00,disp0.29,wid0.75
00158f90	00096344	_ZN2dk12DangleCamera7destroyEv	high	12.44	14.14	1	cal3/3,imm1.00
00159368	00090288	_ZN2dk11OctCollFile9calcOnPosEtPNS_14CollisionParamERKN2kn7FVectorE	med	5.42	3.82	0	cal1/1,neg1,icall-,imm0.42,disp0.13,flt1.00,wid0.40
00159b40	0007c560	_ZN2dk10TalkCamera6createEPN2YS6TARGETEb	high	9.35	2.52	0	cal2/2,neg1,imm0.36,disp0.29,wid1.00
0015a708	0007deb0	_ZN2dk12TargetCamera7destroyEv	high	15.43	8.49	0	cal3/3,imm1.00,disp1.00,wid1.00
0015ad80	00046cf8	_ZN2dk9BILLBOARD17DrawDisableReasonEPKN2YS7MESSAGEEf	high	9.79	4.56	0	cal3/3,neg1,imm1.00,wid0.18
0015b4f8	00098e38	_ZN2dk3Exp12getSeqNumberEPiiS1_	med	6.83	7.79	0	imm1.00,disp1.00,wid0.67
0015b780	00099474	_ZN2dk3Exp2onEv	high	10.19	6.19	0	cal2/2,imm1.00
0015bc80	00073fd8	_ZN2dk5Radar4drawEv	high	66.90	59.55	0	cal19/19,icall-,fp-,imm0.76,disp0.78,wid0.74
0015c2a0	00069798	_ZN2dk8ObjEntry6createEiy	med	6.39	3.83	0	icall-,imm1.00,disp0.45,wid0.88
0015c450	00069934	_ZN2dk8ObjEntry4showEj	med	5.80	4.93	1	cal1/1,wid1.00
0015c4a0	0006998c	_ZN2dk8ObjEntry4hideEj	rerun-med	0	0	rerun	callee:0x15ee10;loc:0x0
0015c500	00071b68	_ZN2dk10PointLight8getColorEPhRN2kn7FVectorE	low	3.72	2.37	1	imm0.27,disp0.20,wid0.72
0015c6d0	000751c0	_ZNK2dk3Ray16intersectPolygonERNS_7PolygonERKNS_5PlaneERN2kn7FVectorE	med	7.69	2.26	0	imm1.00,disp1.00,flt1.00,wid0.55
0015c880	00060fc8	_ZN2dk8MapColor4initEv	rerun-med	0	0	rerun	caller:0x1dd1b0;caller:0x1dd1c8;caller:0x1dd1e8;loc:0x0;self:0x0
0015c958	00061450	_ZN2dk8MapColor6setFogEiiiiii	low	3.92	2.22	3	fp-,imm0.46,disp0.32,wid0.91
0015ca40	000611f8	_ZN2dk8MapColor5setupEPS0_	med	5.42	1.79	2	imm0.46,disp0.60,wid0.57
0015d440	00059b9c	_ZN2dk17KeyHoleJumpEffect18jumpEffectOut_taskEP4TASK	high	23.35	7.75	0	cal7/7,neg1,disp1.00,wid0.50
0015d540	00059e08	_ZN2dk17KeyHoleJumpEffect3outEv	high	23.32	17.26	0	cal6/6,imm0.35,disp1.00,wid1.00
0015d5d0	00059d20	_ZN2dk17KeyHoleJumpEffect17jumpEffectIn_taskEP4TASK	high	16.92	7.10	0	cal5/7,disp1.00,wid1.00
0015d690	00059ec4	_ZN2dk17KeyHoleJumpEffect2inEv	high	23.56	15.30	0	cal7/8,disp1.00,wid1.00
0015dfd8	000581bc	_ZN2dk4Glow7destroyEv	rerun-med	0	0	rerun	callee:0x149db8;loc:0x0
0015e050	00058214	_ZN2dk4Glow6isGlowEv	low	3.01	1.64	0	disp0.12,wid1.00
0015e070	000b5580	_ZN2dk9SpotBlend4drawEv	high	45.53	36.15	0	cal15/15,brn-,imm0.59,disp0.26,loc-,wid0.72
0015e3b8	000b5218	_ZN2dk9SpotBlendC1Ev	high	36.00	8.23	0	cal12/12,imm0.28,disp0.08,loc-,wid0.43
0015e4e0	00202ea0	_ZN2gm12SPRITEFROM3D11draw_commonERKN2kn16ProjectionCameraERKNS1_7FVectorE	high	14.46	5.13	2	cal10/12,neg4,imm0.07,disp0.07,loc-,wid0.00
0015e608	000b5f40	_ZN2dk11ModelSprite4drawEv	high	24.49	12.92	0	cal8/8,brn-,imm0.61,disp0.71,loc-,wid0.76
0015e8c8	002459d8	_ZN2gm11FRAMEBUFFER4InitEv	high	19.11	12.90	3	cal9/11,call-,imm0.53,loc-,wid0.00
0015e9e0	000b5c4c	_ZN2dk11ModelSpriteC1Ev	high	35.16	15.92	1	cal11/11,neg1,imm0.25,disp0.51,wid0.33
0015ef38	0005fe44	_ZN2dk3Map11getModelObjEv	low	3.00	1.50	0	
0015f6e8	000606a0	_ZN2dk3Map7showSkyEv	sandwich	3.00	0.00	0	sandwich,
0015f700	000606c4	_ZN2dk3Map7hideSkyEv	sandwich	3.00	0.00	0	sandwich,
0015f8d8	00078200	_ZN2dk3SkyC1EjRKN2kn7FVectorES4_S4_ii	low	4.70	2.32	0	imm0.24,disp0.88,loc-,wid0.92
0015f9c0	000782ec	_ZN2dk3Sky4drawEv	rerun-high	0	0	rerun	loc:0x0;vt:_ZTVN2dk3SkyE
0015fe18	00089c10	_ZN2dk5BgObjC1EPNS_8BgObjPosEjRKN2kn7FVectorES6_S6_iiijj	med	7.78	16.64	0	cal4/4,neg6,icall-,imm0.73,disp0.51,flt1.00,loc-,wid0.47
00160268	0008a630	_ZN2dk5BgObjD2Ev	rerun-high	0	0	rerun	callee:0x31e0e8;callee:0x31e110;loc:0x0
00160430	00089a00	_ZN2dk5BgObj10calcMotionEv	med	5.85	3.25	0	cal1/1,imm1.00,disp0.53,loc-,wid1.00
00160488	00089510	_ZN2dk5BgObj8setColorEhhh	low	3.19	2.47	1	disp0.25,wid1.00
001604f0	00089a70	_ZN2dk5BgObj4moveEv	vt-med	0	0	vt	globals;run4-edge;size
001605a0	0008918c	_ZN2dk5BgObj14setBoundingBoxERKN2kn7FMatrixE	med	5.24	7.54	1	cal1/1,brn-,imm1.00
001606e0	00089370	_ZN2dk5BgObj21calcMotionBoundingBoxEv	high	9.35	11.76	0	cal3/3,brn-,icall-,fp-,imm1.00,disp1.00,loc-,wid0.92
001608c0	00089a74	_ZN2dk5BgObj4drawEv	high	9.59	5.96	0	cal2/2,imm1.00,disp1.00,loc-,wid0.33
00160b88	00089994	_ZN2dk5BgObj11ExecAllTaskEP4TASK	rerun-high	0	0	rerun	callee:0x1612b8;cu:0x0;loc:0x0;self:0x0
00160de0	0008a8a8	_ZN2dk5BgObj9hideGroupEj	rerun-med	0	0	rerun	callee:0x15f618;cu:0x0;loc:0x0
00160e50	0008a904	_ZN2dk5BgObj9showGroupEj	rerun-med	0	0	rerun	callee:0x15c450;cu:0x0;loc:0x0
00160f10	0008a964	_ZN2dk5BgObj19initMotionTimeGroupEj	low	4.71	1.57	1	disp0.41,wid1.00
00160fd0	0008aca4	_ZN2dk5BgObj15showBgObjNumberEi	rerun-med	0	0	rerun	callee:0x2c1cb0;cu:0x0;loc:0x0
00161000	0008ad20	_ZN2dk5BgObj15hideBgObjNumberEi	rerun-med	0	0	rerun	callee:0x2c1cb0;cu:0x0;loc:0x0
001610a0	0008ac40	_ZN2dk5BgObj6getBopEj	med	5.50	2.11	1	imm1.00,disp0.56,wid1.00
00161130	0008a9ec	_ZN2dk5BgObj15setBaseColorAllEhhh	med	5.32	6.46	0	cal1/1,imm0.34,disp0.62,loc-,wid0.71
001611a8	0008ab44	_ZN2dk5BgObj11setColorAllEhhh	med	6.00	5.33	2	cal1/1,wid1.00
00161248	0008abc4	_ZN2dk5BgObj25setAnimationSpeedRatioAllEN2kn13AnimationWork4TYPEEf	rerun-med	0	0	rerun	callee:0x15ef50;loc:0x0
001612b8	0008a6fc	_ZN2dk5BgObj4initEP9ALLOCATORPNS_7MapFileE	high	26.44	19.40	0	cal8/8,imm1.00,disp0.04,loc-,wid0.92
001614e8	000a9f9c	_ZN2dk6MotionC1EPNS_5BgObjE	med	6.75	6.71	0	cal1/1,imm1.00,disp1.00,loc-,wid1.00
00161538	000aa010	_ZN2dk6Motion14initMotionTimeEv	low	4.21	4.00	1	disp1.00,wid1.00
00161598	000aa0c4	_ZN2dk6Motion4calcEv	med	7.42	5.56	1	imm1.00,disp1.00,wid1.00
001615e8	000aa12c	_ZN2dk6Motion5startEif	med	6.77	6.02	1	cal1/1,icall-,disp1.00,wid0.56
00161770	000a9e88	_ZN2dk6Motion14setBoundingBoxEv	low	4.54	5.61	0	cal1/1,icall-,imm1.00,disp1.00,loc-,wid0.43
00161868	00048008	_ZN2dk6Camera11packet_kickEP4TASK	rerun-high	0	0	rerun	callee:0x1620a8;caller:0x109e30;loc:0x0;self:0x0
00161880	00048030	_ZN2dk6Camera16draw_queue_flushEP4TASK	rerun-high	0	0	rerun	callee:0x1618f0;caller:0x109e18;loc:0x0;self:0x0
00161de0	00048ddc	_ZN2dk6Camera22crossFadeTaskFinalizerEP4TASK	low	3.50	2.52	0	wid1.00
00161ee8	0004863c	_ZN2dk6Camera13crossFadeInitEv	rerun-high	0	0	rerun	callee:0x149cb8;callee:0x227200;loc:0x0
00162b18	00048ca0	_ZN2dk6Camera19singleCrossFadeTaskEP4TASK	low	4.85	5.36	0	disp0.57,flt1.00,wid0.23
00163210	00060e88	_ZN2dk3Fog12checkDisableEv	low	4.41	1.66	1	disp1.00,wid0.22
001637b0	00087610	_ZN2dk6Aabbox3setERKS0_S2_	low	4.21	1.66	1	disp1.00,wid0.30
00163898	000933a0	_ZN2dk11OctCollFile16collideWithWorldEiRNS_6SphereERNS_6AabboxERN2kn7FVectorEPNS_14CollisionParamE	med	7.19	10.78	0	cal3/3,neg2,brn-,imm0.63,disp1.00,loc-,wid0.36
00164578	00094af4	_ZN2dk11OctCollFile15collisionSphereEPNS_14CollisionParamERNS_6SphereEftRiRKN2kn7FVectorE	sandwich	7.39	0.00	0	sandwich,cal2/2,brn-,fp-,imm0.32,disp0.46,wid0.60
00164718	00094cc8	_ZN2dk11OctCollFile15collisionSphereEPNS_14CollisionParamE	high	10.05	11.57	0	cal3/3,brn-,fp-,imm0.62,disp1.00,loc-,wid0.70
00164c70	0008f320	_ZN2dk11OctCollFile9setMatrixERKN2kn7FMatrixE	low	3.14	1.83	1	disp1.00,wid0.10
001652c8	0008de80	_ZN2dk11OctCollFile14getDanglePointERKN2kn7FVectorERKNS_6AabboxERS2_S8_S8_S4_Pt	high	9.35	8.31	0	cal3/3,brn-,imm0.77,disp0.82,loc-,wid0.33
001656d0	0006a6e4	_ZN2dk6ObjOcc5setupEPvi	med	7.38	4.85	0	cal1/1,imm1.00,disp0.09,wid0.91
00165768	0006a98c	_ZN2dk6ObjOcc7destroyEv	med	6.09	5.84	0	cal1/1,disp0.28,wid0.84
001659b8	0006ae58	_ZN2dk6ObjOcc6createEPvi	low	3.96	2.29	0	disp0.37,wid0.57
00165a10	0006b018	_ZN2dk6ObjOcc15collisionSphereEPNS_14CollisionParamE	sandwich	13.77	0.00	0	sandwich,cal3/3,brn-,imm1.00,disp1.00,wid0.38
00165ad8	0006b144	_ZN2dk6ObjOcc13collisionDownEPNS_14CollisionParamERf	high	14.08	9.29	0	cal2/2,brn-,imm1.00,disp0.93,wid0.92
00165f70	000af880	_ZN2dk11OctCollFile22selectOcclusionFrustumERN2kn7FVectorEPNS_16OcclusionFrustumERiRNS_11ViewFrustumE	med	6.96	4.43	1	cal1/1,fp-,imm0.61,disp1.00,flt1.00,loc-,wid0.52
00166148	0007e6d8	_ZN2dk4Tim29loadImageEPvii	low	3.46	1.85	0	sw-,imm0.30,disp1.00,wid0.47
001665d8	0007e640	_ZN2dk4Tim214getWidthHeightEPvRiS2_RjS3_S2_S2_	med	5.71	2.67	0	imm1.00,disp1.00,wid0.68
001666b8	0009be00	_ZN2dk5Frame8setFrameEtjtt	low	3.83	1.79	2	disp1.00,wid1.00
00166710	0009bde8	_ZN2dk5FrameC2Ev	low	3.83	1.69	1	disp1.00,wid1.00
001667d0	0009be14	_ZN2dk5Frame9widthToTWEj	rerun-med	0	0	rerun	callee:0x15d8b0;loc:0x0
00166da8	003f4028	__sti___9_model_cpp_9c2e5057	med	6.15	1.52	1	brn-,disp0.61,wid0.00
00167618	00474304	_ZN2YS3PAD4InitEv	rerun-med	0	0	rerun	caller:0x167b60;cu:0x0;fp:0x167618;loc:0x0;self:0x0
00167778	00473da8	_ZN2YS7HARDPAD15get_stick_valueEPKh	rerun-med	0	0	rerun	callee:0x1678f0;cu:0x0;loc:0x0
001678f0	00473f88	_ZN2YS7HARDPAD4readERKN3Axa7PADDATAE	med	7.97	6.87	0	cal4/4,call-,brn-,disp0.63,loc-,wid0.67
00167b60	00474124	_ZN2YS3PAD8ReadTaskEP4TASK	med	7.50	9.50	1	cal2/2,wid0.00
00167c30	00474588	_ZN2YS7SOFTPAD7DisableEv	low	3.50	1.50	2	disp1.00,wid0.33
00167cd0	00473b68	_ZN2YS7SOFTPAD8read_subEv	low	4.70	1.53	1	imm1.00,disp0.30,wid0.25
00167d68	00473cc8	_ZN2YS7SOFTPAD4readEv	med	7.83	5.27	2	cal1/1,disp1.00,wid0.91
00167e28	004745f0	_ZN2YS7SOFTPAD6EnableEv	med	7.54	7.22	3	cal1/1,disp1.00,wid1.00
00167f18	0046c67c	_ZNK2YS13OBJENTRY_DATA4eachEPKNS_8OBJENTRYE	low	3.20	1.70	1	imm1.00,wid0.00
00168040	0046c944	_ZN2YS13OBJENTRY_DATA4EachEPKNS_8OBJENTRYE	low	4.20	1.70	2	imm1.00,wid1.00
00168410	0042d66c	_ZN2YS4FILE8ReadBackEPKcPvjtPFvS3_jS3_ES3_	med	5.62	2.79	0	icall-,imm0.57,disp0.76,wid0.73
00168958	0042d4a4	_ZN2YS4FILE5QUEUEC1ENS1_4TYPEEPKc	med	5.33	1.97	0	imm1.00,disp0.67,wid0.80
00168fa8	00435610	_ZN2YS9FieldInitEv	low	3.44	2.72	0	wid1.00
00169398	0045eda4	_ZN2YS3OBJC1EjPKNS_8OBJENTRYEjRKN2kn7FVectorEf	high	73.56	99.02	0	cal15/15,neg1,icall-,fp-,imm0.54,disp0.79,wid0.37
0016a090	00461650	_ZN2YS3OBJ15get_target_typeEv	low	4.42	2.81	0	disp1.00,wid1.00
0016a0a0	00461618	_ZN2YS3OBJ10get_weightEv	low	4.96	3.57	0	disp1.00,wid1.00
0016a2e0	00460324	_ZN2YS3OBJ7destroyEv	low	3.83	2.85	0	icall-,imm1.00,disp0.68,wid0.62
0016a4e8	0045f85c	_ZN2YS3OBJD1Ev	high	31.44	39.97	0	cal8/8,call-,imm1.00,disp1.00,wid0.80
0016a5b0	0045fae8	_ZN2YS3OBJ13_OVR_pre_execEv	high	14.49	10.31	0	cal4/6,brn-,imm0.27,disp0.87,flt1.00,wid0.55
0016a9a0	0045ff78	_ZN2YS3OBJ9_OVR_execEv	med	5.83	4.33	1	cal1/1
0016b040	0046128c	_ZN2YS3OBJ12get_wish_dirEv	med	7.85	6.10	0	cal1/1,disp1.00,wid1.00
0016b0e0	0045e240	_ZN2YS3OBJ15get_bone_matrixEiRN2kn7FMatrixE	high	8.25	19.81	1	cal4/5,neg3,brn-,sw-,icall-,fp-,imm0.67,disp1.00,flt1.00,wid0.52
0016b478	00461660	_ZN2YS3OBJ12get_bone_posEif	rerun-high	0	0	rerun	callee:0x1b3748;callee:0x1df670;callee:0x229e58;loc:0x0;self:0x0
0016b518	0045e9ac	_ZN2YS3OBJ22get_bone_matrix_weaponEiRN2kn7FMatrixE	low	4.13	4.21	0	disp1.00,wid1.00
0016b638	00460444	_ZN2YS3OBJ16_OVR_check_leaveEv	high	8.83	4.50	0	cal1/1,disp1.00,wid1.00
0016b7a0	00460704	_ZN2YS3OBJ14SearchBySerialEi	low	3.50	1.83	0	cal1/2,wid0.00
0016b860	00460c64	_ZN2YS3OBJ6SignalEii	med	5.81	2.66	1	cal1/1,wid0.20
0016b8b8	00460838	_ZN2YS3OBJ14SearchByCameraEjRKN2kn7FVectorEb	high	11.11	11.66	0	cal2/2,neg1,imm1.00,disp1.00,flt1.00,wid0.08
0016be98	0045e070	_ZN2YS3OBJ14get_center_posEv	rerun-high	0	0	rerun	callee:0x1bfa08;callee:0x1c1b08;callee:0x1c1df8;callee:0x1c1fe0;callee:0x1c7540;callee:0x1c7720;callee:0x1c79a0;callee:0
0016bf38	00461d7c	_ZN2YS3OBJ18_OVR_set_unit_dataEPNS_10UNIT_GROUPEPKNS_13UNIT_DATA_OBJE	med	6.77	11.40	0	cal1/2,neg1,imm1.00,disp0.85,wid0.75
0016c168	00462218	_ZN2YS3OBJ8footstepEi	low	3.93	8.45	2	cal2/5,neg1,sw-,imm0.87,disp0.77,wid0.85
0016c330	004623d0	_ZN2YS3OBJ22_OVR_get_data_priorityEv	low	4.58	2.80	0	disp1.00,wid1.00
0016c3a8	00460cf0	_ZN2YS3OBJ18MakeBlindCollisionEPNS_9COLLISIONEi	rerun-high	0	0	rerun	callee:0x15a8a0;cu:0x0;loc:0x0;self:0x0
0016cab8	004b50ac	_ZN2YS2VMD1Ev	med	7.15	4.55	1	cal2/2,icall-,disp0.61,wid0.38
0016cc18	004b5aa8	_ZN2YS2VM11syscallbackEiP8BD_VALUEiPS0_	low	4.18	1.81	0	disp0.32,wid0.88
0016cd48	004b5770	_ZN2YS2VM4execEPS0_	high	8.98	2.65	0	cal2/2,disp0.27,wid0.69
0016d5d0	004b7318	_ZN2YS16trap_vector_rotyEP8BD_VALUE	med	6.89	5.75	0	cal1/1,disp0.16,wid0.67
0016d920	004b7810	_ZN2YS17trap_vector_angleEP8BD_VALUE	med	7.59	5.50	0	cal1/1,disp1.00,wid1.00
0016d968	0024ed24	_ZN2gm4GUMI12GetPlaneInfoEiiRKN2kn7FMatrixERKNS1_7FVectorE	med	5.10	2.30	0	cal1/1,imm1.00,disp1.00,loc-,wid0.12
0016dad8	004b79f4	_ZN2YS20trap_vector_to_angleEP8BD_VALUE	med	6.37	3.53	0	cal1/1,disp1.00,wid0.67
0016dc80	004b7cc4	_ZN2YS24trap_progress_check_flagEP8BD_VALUE	sandwich	5.54	0.00	1	sandwich,disp1.00,wid1.00
0016dcb0	004b7d00	_ZN2YS23trap_progress_is_secondEP8BD_VALUE	high	8.54	5.17	1	cal1/1,disp1.00,wid1.00
0016dcd8	004b7d34	_ZN2YS29trap_progress_is_secret_movieEP8BD_VALUE	sandwich	8.54	0.00	1	sandwich,cal1/1,disp1.00,wid1.00
0016dd00	004b7d68	_ZN2YS32trap_progress_is_fm_secret_movieEP8BD_VALUE	high	8.54	5.17	1	cal1/1,disp1.00,wid1.00
0016de64	004b7f38	_ZN2YS18trap_worldflag_setEP8BD_VALUE	med	6.04	3.76	2	cal1/1,fp-,disp1.00,wid1.00
0016e200	004b8644	_ZN2YS19trap_effect_set_rotEP8BD_VALUE	high	8.09	2.17	0	cal1/1,disp1.00,wid1.00
0016e240	004b8684	_ZN2YS19trap_effect_set_dirEP8BD_VALUE	high	11.09	4.67	0	cal2/2,disp1.00,wid1.00
0016e378	004b89c4	_ZN2YS15trap_effect_posEP8BD_VALUE	med	6.76	5.72	0	cal1/1,disp0.07,wid0.62
0016e3e0	004b8a54	_ZN2YS15trap_effect_dirEP8BD_VALUE	low	4.28	2.20	0	cal2/3,brn-,disp0.15,wid0.50
0016e4e0	004b8b84	_ZN2YS17trap_effect_pauseEP8BD_VALUE	med	5.59	2.16	0	disp1.00,wid1.00
0016f448	0046c5f0	_ZN2YS13OBJENTRY_DATAC1Ev	low	3.54	2.17	2	disp1.00,wid0.50
0016f460	0046a838	_ZNK2YS8OBJENTRY13is_exist_msetEv	low	4.16	3.66	0	disp1.00,wid1.00
0016f520	0046a84c	_ZNK2YS8OBJENTRY8get_msetEjPc	med	5.68	6.12	0	cal1/1,call-,imm1.00,disp1.00,wid0.50
0016f970	00416978	_ZN2YS10CACHE_BUFF4InitEv	med	6.04	3.95	0	cal1/1,disp0.43,wid0.80
0016fab0	00416b20	_ZN2YS10CACHE_BUFF18SetPlayerBlockSizeEii	low	4.25	3.09	1	disp1.00,wid1.00
0016fc10	00416348	_ZN2YS10CACHE_BUFF6HEADER5flushEv	high	13.15	16.67	0	cal3/3,imm0.71,disp0.12,wid0.64
00170160	00417e00	_ZN2YS10CACHE_BUFF6HEADER12ReadCallbackEPNS_6BINARCEjPv	low	3.45	4.45	1	cal1/1,wid0.00
00170530	00416d10	_ZN2YS10CACHE_BUFF15ReadRequestApdxEPKciij	med	6.13	3.78	0	cal1/1,disp0.06,wid1.00
00170570	00416d54	_ZN2YS10CACHE_BUFF15ReadRequestPackEPKcPPcj	rerun-med	0	0	rerun	caller:0x170400;cu:0x0;fp:0x170570;loc:0x0;self:0x0
00170670	00415890	_ZN2YS10CACHE_BUFF15FlushCompactionEv	med	5.35	4.61	0	cal1/1,neg1,imm0.61,disp0.02,wid0.69
001707d8	004166d4	_ZN2YS10CACHE_BUFF9FlushReadEv	low	3.22	3.81	1	cal1/1,neg1,wid0.47
00170e18	00417d6c	_ZN2YS10CACHE_BUFF7GetFreeEv	low	3.53	1.53	0	imm1.00,wid0.57
00170f98	004f71c8	_ZN2YS18trap_sysobj_appearEP8BD_VALUE	low	4.12	4.80	0	cal1/1,call-,disp0.24,wid0.50
00171030	004f6a70	_ZN2YS23trap_struggle_incrementEP8BD_VALUE	low	4.01	1.92	1	disp1.00,wid0.50
00171150	004f7510	_ZN2YS24trap_sysobj_motion_startEP8BD_VALUE	high	11.12	2.09	0	cal1/1,imm1.00,disp1.00,flt1.00,wid0.75
00171180	004d2190	_ZN2YS13ACTION_LKDASH13calc_movementEPNS_3OBJE	med	6.53	2.98	3	cal2/3,imm1.00,disp0.13,flt1.00,loc-,wid0.48
00171258	004f7710	_ZN2YS21trap_sysobj_motion_idEP8BD_VALUE	med	5.33	2.73	0	disp1.00,wid1.00
00171268	004f7728	_ZN2YS19trap_sysobj_fadeoutEP8BD_VALUE	sandwich	8.94	0.00	0	sandwich,imm1.00,disp1.00,flt1.00,wid0.80
001712b0	004f7788	_ZN2YS18trap_sysobj_fadeinEP8BD_VALUE	sandwich	8.94	0.00	0	sandwich,imm1.00,disp1.00,flt1.00,wid0.80
001713d8	004f7e74	_ZN2YS19trap_obj_touch_zoneEP8BD_VALUE	low	3.11	1.84	1	size,disp1.00,wid0.67
00171418	004f8178	_ZN2YS12trap_obj_posEP8BD_VALUE	med	6.59	2.14	2	cal1/1,disp1.00,wid0.75
00171500	004f8724	_ZN2YS22trap_obj_lockon_targetEP8BD_VALUE	low	4.66	3.29	0	size,imm1.00,disp1.00,wid0.67
00171518	004f88a4	_ZN2YS12trap_obj_dirEP8BD_VALUE	med	7.59	4.60	0	cal1/1,disp1.00,wid0.75
00171798	004f97e0	_ZN2YS17trap_obj_set_teamEP8BD_VALUE	low	3.20	2.87	0	size,disp1.00,wid0.80
00171910	004fa49c	_ZN2YS16trap_obj_set_rotEP8BD_VALUE	med	5.80	6.32	0	cal1/1,size,disp1.00,wid0.75
00171930	004fa5b8	_ZN2YS17trap_obj_wish_dirEP8BD_VALUE	med	7.76	6.48	0	cal1/1,disp1.00,wid0.75
00171a00	004fad58	_ZN2YS33trap_obj_set_cannon_camera_offsetEP8BD_VALUE	med	7.48	3.39	0	imm1.00,disp1.00,wid0.80
00171a40	004fae94	_ZN2YS25trap_obj_set_cannon_paramEP8BD_VALUE	sandwich	6.20	0.00	0	sandwich,cal1/1,size,disp1.00,wid0.86
00171a70	004fafbc	_ZN2YS25trap_obj_is_equip_abilityEP8BD_VALUE	med	5.92	3.57	0	cal1/1,size,disp1.00,wid0.83
00171be8	004fbb38	_ZN2YS24trap_obj_enable_occ_boneEP8BD_VALUE	med	7.70	5.40	1	cal1/1,imm1.00,disp0.52,wid0.33
00171c60	004fbdd0	_ZN2YS15trap_obj_attachEP8BD_VALUE	med	7.72	5.58	0	cal1/1,disp0.55,wid0.92
00171e00	004fc900	_ZN2YS14trap_obj_leaveEP8BD_VALUE	med	7.21	6.02	0	fp-,imm1.00,disp1.00,flt1.00,wid0.75
00171ea8	004fcc84	_ZN2YS32trap_obj_get_lightcycle_movementEP8BD_VALUE	sandwich	5.89	0.00	0	sandwich,cal1/1,size,disp1.00,wid0.86
00171f60	004fd0ec	_ZN2YS25trap_obj_scatter_prize_ttEP8BD_VALUE	sandwich	2.50	0.00	0	sandwich,
00172078	004fd85c	_ZN2YS24trap_obj_set_parts_colorEP8BD_VALUE	med	6.04	6.48	1	cal1/1,size,disp1.00,wid0.83
00172158	004fde28	_ZN2YS15method_obj_jumpEP8BD_VALUE	high	14.39	3.73	0	cal2/2,imm1.00,disp1.00,flt1.00,wid0.82
00172260	004fe420	_ZN2YS12trap_obj_hopEP8BD_VALUE	high	11.78	2.45	1	cal1/1,imm1.00,disp1.00,flt1.00,wid0.85
001722e8	004fe598	_ZN2YS16trap_obj_flyjumpEP8BD_VALUE	high	14.50	5.29	1	cal2/2,imm1.00,disp1.00,flt1.00,wid0.82
00172368	004fe700	_ZN2YS14trap_obj_hoverEP8BD_VALUE	low	4.97	1.63	0	disp1.00,wid0.80
00172408	004feb80	_ZN2YS22trap_obj_is_action_airEP8BD_VALUE	sandwich	5.10	0.00	0	sandwich,disp1.00,wid0.83
00172488	004feebc	_ZN2YS27trap_obj_motion_check_rangeEP8BD_VALUE	low	3.22	1.68	0	size,disp1.00,wid0.83
001724b0	004feff4	_ZN2YS29trap_obj_motion_check_triggerEP8BD_VALUE	low	3.31	1.70	0	size,disp1.00,wid0.83
00172528	004ff638	_ZN2YS26trap_obj_motion_is_captureEP8BD_VALUE	med	7.26	3.10	0	cal1/1,disp1.00,wid0.60
001725e0	004ffbf4	_ZN2YS21trap_obj_effect_startEP8BD_VALUE	med	6.60	4.19	0	cal1/1,disp1.00,wid0.67
001727c8	005008fc	_ZN2YS23trap_obj_look_start_posEP8BD_VALUE	med	6.43	1.60	0	imm1.00,disp1.00,wid0.80
00172890	00500c74	_ZN2YS26trap_obj_get_path_movementEP8BD_VALUE	sandwich	7.59	0.00	0	sandwich,cal1/1,disp1.00,wid0.75
00172988	00501038	_ZN2YS30trap_obj_set_bg_collision_typeEP8BD_VALUE	low	3.25	2.17	1	size,disp1.00,wid0.83
00172a50	00501158	_ZN2YS19trap_obj_unit_groupEP8BD_VALUE	low	4.95	1.57	0	disp1.00,wid0.71
00172a80	005016d0	_ZN2YS21trap_obj_levelup_unitEP8BD_VALUE	med	5.98	2.97	1	cal1/1,neg1,disp1.00,wid0.80
00172b88	00413b20	_ZN2YS6BTLOBJ13start_mpdriveEf	med	5.00	2.41	0	cal1/1,wid1.00
00172ca0	00502088	_ZN2YS25trap_obj_search_by_glanceEP8BD_VALUE	sandwich	4.34	0.00	0	sandwich,cal1/1,call-,disp0.25,wid0.45
00172d34	0050210c	_ZN2YS25trap_obj_search_by_cameraEP8BD_VALUE	sandwich	8.59	0.00	0	sandwich,cal1/1,disp1.00,wid1.00
00172e48	00502710	_ZN2YS18trap_obj_get_medalEP8BD_VALUE	med	6.10	3.79	0	cal1/1,size,disp1.00,wid0.75
00172f00	00502e4c	_ZN2YS18trap_act_table_addEP8BD_VALUE	med	7.27	3.29	0	imm1.00,disp1.00,wid1.00
00172fb0	00502f3c	_ZN2YS14trap_area_jumpEP8BD_VALUE	high	9.01	6.08	1	cal1/1,imm1.00,disp1.00,wid0.33
00173008	00502fa4	_ZN2YS17trap_area_setjumpEP8BD_VALUE	high	10.22	1.89	0	cal1/1,imm1.00,disp1.00,wid1.00
00173088	00503054	_ZN2YS14trap_area_initEP8BD_VALUE	low	4.74	1.70	0	disp1.00,wid0.50
001730e0	005030b0	_ZN2YS27trap_area_set_next_entranceEP8BD_VALUE	sandwich	4.55	0.00	0	sandwich,disp1.00,wid0.33
00173148	0050312c	_ZN2YS23trap_area_set_return_trEP8BD_VALUE	med	7.51	7.73	0	imm1.00,disp0.28,wid0.57
001734b0	005035f4	_ZN2YS31trap_bg_set_uvscroll_speed_taskEP4TASK	low	4.30	2.04	0	wid1.00
00173518	00503668	_ZN2YS26trap_bg_set_uvscroll_speedEP8BD_VALUE	med	7.27	4.97	0	cal1/1,imm1.00,disp0.21,wid0.50
001737e8	00504140	_ZN2YS16trap_obj_is_jumpEP8BD_VALUE	low	3.10	1.65	3	size,disp1.00,wid0.83
00173808	00504270	_ZN2YS12trap_obj_flyEP8BD_VALUE	med	7.97	5.72	2	cal1/1,disp1.00,wid0.80
00173840	00504390	_ZN2YS15trap_obj_is_flyEP8BD_VALUE	sandwich	5.37	0.00	2	sandwich,disp1.00,wid0.86
00173878	005044d0	_ZN2YS15trap_obj_is_airEP8BD_VALUE	high	8.11	4.53	0	cal1/1,disp1.00,wid0.80
00173918	005046f8	_ZN2YS18trap_obj_get_movedEP8BD_VALUE	sandwich	4.45	0.00	0	sandwich,imm0.42,disp0.19,wid0.60
00173ce8	00505e28	_ZN2YS26trap_obj_apply_bone_matrixEP8BD_VALUE	med	5.98	6.53	2	cal1/1,brn-,disp1.00,wid0.83
00173dc0	0050649c	_ZN2YS19trap_obj_target_posEP8BD_VALUE	med	7.56	5.77	0	cal1/1,disp1.00,wid0.75
00173e10	005065e0	_ZN2YS21trap_obj_move_requestEP8BD_VALUE	sandwich	5.97	0.00	0	sandwich,cal1/1,size,disp1.00,wid0.80
00173e38	00506700	_ZN2YS18trap_obj_act_shoutEP8BD_VALUE	low	4.63	1.73	0	size,imm1.00,disp1.00,wid0.80
00173ed8	00506c1c	_ZN2YS19trap_obj_get_actionEP8BD_VALUE	low	3.02	1.51	0	size,disp1.00,wid0.83
00173ef0	00506d38	_ZN2YS13trap_obj_specEP8BD_VALUE	low	4.61	2.18	0	size,imm1.00,disp1.00,wid0.75
00173f08	00506e50	_ZN2YS17trap_obj_step_posEP8BD_VALUE	high	10.81	2.02	0	cal2/2,disp1.00,wid0.86
00173f68	00507060	_ZN2YS21trap_obj_float_heightEP8BD_VALUE	high	17.45	3.55	0	cal4/4,fp-,disp1.00,flt1.00,wid0.71
00174028	00507218	_ZN2YS26trap_obj_shadow_move_startEP8BD_VALUE	low	3.83	1.83	0	size,imm1.00,disp0.52,wid0.80
00174168	00507b50	_ZN2YS21trap_obj_set_movementEP8BD_VALUE	sandwich	5.97	0.00	0	sandwich,cal1/1,size,disp1.00,wid0.80
00174310	00508488	_ZN2YS21trap_command_overrideEP8BD_VALUE	high	15.63	9.23	0	cal3/3,imm1.00,disp0.66,wid0.88
001743e0	00508738	_ZN2YS24trap_command_enable_itemEP8BD_VALUE	sandwich	4.49	0.00	0	sandwich,disp0.47,wid1.00
001746f8	0050936c	_ZN2YS21trap_obj_is_entry_flyEP8BD_VALUE	med	6.34	4.25	1	cal1/1,disp1.00,wid0.75
00174728	00509488	_ZN2YS23trap_obj_tex_fade_startEP8BD_VALUE	sandwich	5.01	0.00	1	sandwich,size,imm1.00,disp1.00,wid0.83
00174758	005095b4	_ZN2YS18trap_event_is_execEP8BD_VALUE	med	7.04	5.00	1	cal1/1,disp1.00,wid1.00
00174970	00509930	_ZN2YS29trap_status_force_leave_startEP8BD_VALUE	med	5.11	1.71	0	imm1.00,wid1.00
00174a10	00509a30	_ZN2YS30trap_status_begin_free_abilityEP8BD_VALUE	med	5.18	1.74	0	imm1.00,wid1.00
00174a28	00509a44	_ZN2YS28trap_status_end_free_abilityEP8BD_VALUE	sandwich	3.50	0.00	0	sandwich,wid1.00
00174a40	00509a5c	_ZN2YS23trap_status_no_gameoverEP8BD_VALUE	sandwich	3.50	0.00	0	sandwich,wid1.00
00174a58	00509a70	_ZN2YS30trap_status_close_pete_curtainEP8BD_VALUE	sandwich	3.50	0.00	0	sandwich,wid1.00
00174a70	00509a84	_ZN2YS29trap_status_open_pete_curtainEP8BD_VALUE	sandwich	3.50	0.00	0	sandwich,wid1.00
00174ac0	00509ad8	_ZN2YS19trap_light_set_flagEP8BD_VALUE	sandwich	5.54	0.00	0	sandwich,imm0.35,disp1.00,wid0.80
00174af8	00509ba8	_ZN2YS20trap_light_set_colorEP8BD_VALUE	med	7.49	3.28	0	imm1.00,disp1.00,wid1.00
00174d18	00509ffc	_ZN2YS23trap_camera_begin_scopeEP8BD_VALUE	med	5.79	3.97	1	cal1/1,size,disp1.00,wid0.75
00174d50	0050a13c	_ZN2YS15trap_camera_eyeEP8BD_VALUE	high	11.54	5.44	0	cal2/2,disp1.00,wid1.00
00174e10	0050a234	_ZN2YS32trap_camera_set_scope_target_posEP8BD_VALUE	sandwich	5.54	0.00	0	sandwich,disp1.00,wid1.00
00174e38	0050a270	_ZN2YS30trap_camera_get_projection_posEP8BD_VALUE	med	7.65	3.46	0	cal2/2,brn-,fp-,imm0.24,disp0.41,wid0.60
00175010	0050a6e0	_ZN2YS18trap_sheet_hp_rateEP8BD_VALUE	low	4.12	2.97	0	disp1.00,wid0.50
00175048	0050a7dc	_ZN2YS17trap_sheet_set_hpEP8BD_VALUE	sandwich	4.92	0.00	0	sandwich,disp1.00,wid0.75
00175090	0050a8c4	_ZN2YS21trap_sheet_set_min_hpEP8BD_VALUE	sandwich	2.84	0.00	0	sandwich,size,disp1.00,wid0.67
00175108	0050a9f8	_ZN2YS27trap_sheet_set_element_rateEP8BD_VALUE	sandwich	5.67	0.00	0	sandwich,disp1.00,wid1.00
00175130	0050aa34	_ZN2YS26trap_sheet_set_prize_rangeEP8BD_VALUE	med	5.32	1.67	0	disp1.00,wid1.00
00175140	0050aa44	_ZN2YS31trap_sheet_set_hitback_additionEP8BD_VALUE	med	5.33	3.16	1	disp1.00,wid1.00
00175160	0050aa64	_ZN2YS27trap_sheet_set_attack_levelEP8BD_VALUE	low	4.55	2.04	1	disp1.00,wid0.67
00175328	0050b6d8	_ZN2YS21trap_prize_appear_numEP8BD_VALUE	sandwich	5.67	0.00	0	sandwich,disp1.00,wid1.00
00175350	0050b714	_ZN2YS24trap_prize_appear_xaldinEP8BD_VALUE	sandwich	5.59	0.00	0	sandwich,disp1.00,wid1.00
001753e0	0050b7dc	_ZN2YS18trap_tutorial_openEP8BD_VALUE	high	16.62	7.25	0	cal3/3,imm1.00,disp1.00,wid1.00
001754a8	0050b904	_ZN2YS18trap_worldwork_getEP8BD_VALUE	high	8.54	5.00	0	cal1/1,disp1.00,wid1.00
00175790	00476ab0	_ZN2YS5PARTYC1EPKNS_8OBJENTRYEjRKN2kn7FVectorEf	high	14.11	10.51	0	cal1/1,imm0.67,disp0.85,wid1.00
00175a70	00475d58	_ZN2YS5PARTY10_OVR_leaveEv	med	6.53	4.78	0	cal1/1,icall-,imm1.00,disp0.48,wid0.58
00175bb8	00476cb8	_ZN2YS5PARTY16_OVR_is_wish_dirEv	low	4.84	3.04	0	call-,disp1.00,flt1.00,wid0.50
00176258	00478100	_ZN2YS5PARTY11have_weaponEv	high	9.78	7.09	0	cal1/1,imm1.00,disp1.00,wid0.50
00176458	004763b0	_ZN2YS5PARTY17_OVR_exec_reflectEPNS_11ATTACK_WORKES2_	high	20.44	28.74	0	cal7/7,neg4,imm0.71,disp0.84,wid0.67
001767b8	00476c38	_ZN2YS5PARTY12_OVR_abilityEv	high	9.64	2.07	0	cal2/2,fp-,imm1.00,flt1.00,wid0.00
00176818	00475e30	_ZN2YS5PARTY9_OVR_fallEv	high	10.72	3.00	0	cal1/1,imm1.00,disp1.00,flt1.00,wid0.67
00176868	0047764c	_ZN2YS5PARTY16check_blow_recovERNS_7COMMANDE	med	6.73	15.55	1	cal3/6,neg1,imm0.37,disp1.00,wid0.53
00176970	00476970	_ZN2YS5PARTY10blow_recovEv	high	13.35	7.77	0	cal3/3,brn-,icall-,fp-,imm1.00,disp0.92,flt1.00,wid0.57
00176a90	00476140	_ZN2YS5PARTY12_OVR_is_starEv	high	9.31	9.78	0	cal1/1,disp0.67,flt1.00,wid0.75
00176cd0	00475efc	_ZN2YS5PARTY10_OVR_voiceEii	high	13.19	2.28	0	cal3/3,disp1.00,wid1.00
00177540	00478248	_ZN2YS5PARTY17get_weapon_matrixEiRN2kn7FMatrixE	low	3.42	2.91	1	icall-,imm0.78,disp0.29,wid0.50
001775f8	0047848c	_ZN2YS5PARTY9show_hiltEv	high	13.41	6.41	0	cal3/3,imm1.00
00177678	00477e20	_ZN2YS5PARTY13_OVR_menu_outEv	med	7.55	3.00	0	cal1/1,disp1.00,wid1.00
001776f8	00477df8	_ZN2YS5PARTY12_OVR_menu_inEv	med	7.25	3.00	0	cal1/1,disp1.00,wid1.00
00177d30	00475fb8	_ZN2YS5PARTY17_OVR_is_withstandEPNS_6DAMAGEE	low	4.89	4.97	0	cal1/2,disp1.00,wid0.86
00177f50	0047eb7c	_ZN2YS6PLAYERC1EPKNS_8OBJENTRYEiPNS_3PADERKN2kn7FVectorEf	high	27.10	17.80	0	cal7/7,neg1,imm0.41,disp0.92,wid0.93
00178100	0047e758	_ZN2YS6PLAYER19start_player_cameraEv	low	4.70	8.67	0	cal3/4,neg2,wid1.00
001784a8	0047e548	_ZN2YS6PLAYER18_OVR_make_movementEv	high	12.28	2.91	0	cal1/1,imm1.00,disp1.00,flt1.00,wid0.30
001785b8	0047e408	_ZN2YS6PLAYER20make_movement_carpetEv	high	8.85	15.59	1	cal1/1,brn-,fp-,imm1.00,disp1.00,flt1.00,wid0.68
00178ae8	0047ede8	_ZN2YS6PLAYER24_OVR_exec_command_playerEPKNS_12COMMAND_ELEME	high	12.26	22.55	0	cal3/5,imm0.86,disp1.00,wid0.28
00178fe8	0047db90	_ZN2YS6PLAYER14ability_attackEi	high	15.99	17.00	0	cal3/3,imm1.00,disp1.00,wid0.71
001790c0	0047df08	_ZN2YS6PLAYER12_OVR_abilityEv	rerun-med	0	0	rerun	caller:0x176fb0;caller:0x1a0920;cu:0x0;fp:0x1790c0;loc:0x0;self:0x0
00179898	0047d384	_ZN2YS6PLAYER17_OVR_exec_reflectEPNS_11ATTACK_WORKES2_	med	5.49	3.84	0	disp1.00,wid1.00
00179b68	0047d288	_ZN2YS6PLAYER12_OVR_is_starEv	med	6.79	4.55	0	imm1.00,disp1.00,wid1.00
00179bc8	0047f304	_ZN2YS6PLAYER9FieldInitEv	low	4.50	5.50	2	cal1/1
00179cb8	0047c338	_ZN2YS6PLAYER18exec_lkdash_effectEv	high	31.88	21.21	0	cal9/9,brn-,imm1.00,disp1.00,wid0.80
0017a208	0047d350	_ZN2YS6PLAYER25_OVR_exec_damage_reactionEPNS_6DAMAGEE	vt-med	0	0	vt	slots6;run2;thunk->callee;neg1,disp1.00,wid1.00;shared5
0017a230	0047e178	_ZN2YS6PLAYER12_OVR_menu_inEv	vt-med	0	0	vt	slots6;run6;thunk->callee;cal2/2,disp1.00,wid1.00;shared3
0017a260	0047e1b8	_ZN2YS6PLAYER13_OVR_menu_outEv	vt-med	0	0	vt	slots6;run6;thunk->callee;cal2/2,disp1.00,wid1.00;shared3
0017a680	0047d118	_ZN2YS6PLAYER15_OVR_is_controlEv	low	3.58	2.08	0	cal1/1
0017a718	0047f918	_ZN2YS6PLAYER10CheckCrownEv	med	6.23	3.00	0	cal2/2,neg1,imm1.00,wid0.00
0017a8f8	004c60b8	_ZN2YS6ACTION4jumpEPNS_3OBJERKN2kn7FVectorE	vt-med	0	0	vt	slots4;run4;cal2/2;shared10
0017a938	004c6100	_ZN2YS6ACTION11jump_heightEPNS_3OBJEf	vt-med	0	0	vt	slots4;run4;cal2/2;shared10
0017a9e8	004c61a4	_ZN2YS6ACTION4blowEPNS_3OBJE	med	5.88	3.99	0	cal1/1,brn-,imm1.00,disp0.81,loc-,wid0.91
0017aad0	004c65c0	__sti___10_action_cpp_23cfd07e	high	9.62	9.35	1	size,brn-,fp-,imm0.22,disp0.01,flt1.00,wid0.25
0017c030	004cfdfc	_ZN2YS11ACTION_IDLE4JumpEPNS_3OBJERib	low	3.04	2.28	0	cal1/1,imm0.41,disp0.21,loc-,wid0.43
0017c0a0	004cfea8	_ZN2YS11ACTION_IDLE10party_jumpEPNS_3OBJEb	med	7.52	3.50	2	cal2/3,neg1,fp-,imm0.70,disp1.00,flt1.00,wid0.40
0017c108	004cf9e8	_ZN2YS11ACTION_IDLE13change_motionEPNS_3OBJEi	high	10.57	3.00	1	cal1/1,imm1.00,disp1.00,flt1.00,wid0.67
0017c160	004cfa60	_ZN2YS11ACTION_IDLE7controlEPNS_3OBJE	high	13.01	12.42	0	cal2/2,imm1.00,disp0.97,flt1.00,loc-,wid0.90
0017c400	00403824	_ZN2YS3OBJ16set_prepare_jumpEi	med	6.72	4.58	0	imm1.00,disp0.97,wid1.00
0017c578	00402ac8	_ZN2YS11ACTION_JUMP5startEPNS_3OBJE	high	10.08	3.26	0	cal1/1,imm0.41,disp0.97,flt1.00,wid0.94
0017c660	00402be4	_ZN2YS11ACTION_JUMP3endEPNS_3OBJE	low	3.47	2.29	2	wid1.00
0017c930	004031b0	_ZN2YS11ACTION_JUMP15calc_movement_yEPNS_3OBJE	high	10.28	5.70	0	cal2/2,brn-,fp-,disp0.86,flt1.00,wid1.00
0017ca88	00402ce0	_ZN2YS11ACTION_JUMP7CanHoldEPNS_3OBJE	med	6.66	2.81	0	disp1.00,flt1.00,wid1.00
0017cb48	00402c9c	_ZN2YS11ACTION_JUMP21is_change_fall_motionEPNS_3OBJE	med	5.46	3.77	1	disp1.00,wid1.00
0017cb78	00402c10	_ZN2YS11ACTION_JUMP18change_fall_motionEPNS_3OBJE	rerun-med	0	0	rerun	callee:0x1b2108;loc:0x0
0017cbf8	004035b0	_ZN2YS11ACTION_JUMP4fallEPNS_3OBJE	rerun-high	0	0	rerun	loc:0x0;vt:_ZTVN2YS10ACTION_HOPE;vt:_ZTVN2YS12ACTION_GLIDEE;vt:_ZTVN2YS14ACTION_FLYJUMPE;vt:_ZTVN2YS14ACTION_TORNADOE;vt
0017cc30	00403460	_ZN2YS11ACTION_JUMP5_landEPNS_3OBJENS_6ACTION2IDE	high	16.82	3.43	0	cal4/4,fp-,imm0.72,disp0.94,flt1.00,wid0.80
0017cd08	00403580	_ZN2YS11ACTION_JUMP4landEPNS_3OBJE	med	5.92	4.42	1	cal1/1
0017cd20	00403658	_ZN2YS11ACTION_JUMP10party_jumpEPNS_3OBJEb	high	11.98	5.69	0	cal2/2,icall-,fp-,imm1.00,disp0.81,flt1.00,wid0.71
0017d748	004c19b8	_ZN2YS4MATH7Bezier4EPKN2kn7FVectorEf	rerun-high	0	0	rerun	callee:0x2c01a8;callee:0x2c7060;loc:0x0
0017da90	00431010	_ZN2YS6FRIENDC1EPKNS_8OBJENTRYERKN2kn7FVectorEf	high	19.24	14.86	0	cal4/4,imm0.53,disp0.82,wid0.82
0017dbb8	004307d0	_ZN2YS6FRIEND15_OVR_initializeEv	high	11.35	3.00	0	cal2/2,disp1.00,wid1.00
0017dc08	00430b30	_ZN2YS6FRIEND13_OVR__destroyEv	med	7.67	4.33	1	cal1/1,disp1.00,wid0.50
0017dee8	00430f98	_ZN2YS6FRIEND7attack_Ev	high	9.59	2.52	0	cal2/2,fp-,imm1.00,flt1.00,wid0.00
0017e210	00431324	_ZN2YS6FRIEND18_OVR_force_destroyEv	med	5.28	3.00	1	cal1/1,icall-,imm0.25,disp0.14,wid0.57
0017e858	0045b450	_ZN2YS6MOTIONC1EPNS_3OBJE	med	6.56	2.10	0	cal1/1,call-,brn-,fp-,imm0.38,disp0.86,wid0.48
0017ebf0	0045b7ec	_ZN2YS6MOTION9free_msetEv	med	6.96	2.96	0	cal1/1,disp1.00,wid1.00
0017ec30	0045b830	_ZN2YS6MOTION4hookEi	low	4.24	4.07	2	cal1/2,disp1.00,wid0.20
0017ec98	004593e8	_ZN2YS6MOTION9id_to_numEi	high	14.48	9.98	0	cal3/3,imm1.00,disp1.00,wid0.75
0017edf0	0045aab0	_ZN2YS6MOTION8start_idEiff	med	6.01	7.67	1	cal2/2,neg2,disp1.00,wid0.33
0017ee68	0045b6a4	_ZN2YS6MOTIOND1Ev	high	10.90	5.87	0	cal2/2,disp1.00,wid1.00
0017f4e0	0045c4f8	_ZN2YS6MOTION9is_changeEi	med	6.27	1.94	0	imm1.00,disp1.00,wid0.40
0017f620	0045ba18	_ZN2YS6MOTION8add_timeEf	high	16.81	37.02	0	cal6/8,neg1,icall-,fp-,imm0.22,disp0.96,flt1.00,wid0.58
0017fd20	0045c3e8	_ZN2YS6MOTION13is_magic_execEv	low	4.62	2.79	0	disp1.00,wid1.00
0017fd60	0045c8d0	_ZN2YS6MOTION6unsyncEPS0_	low	3.19	1.96	1	disp0.44,wid0.90
00180058	0045afb0	_ZN2YS6MOTION8_captureEPNS_6BINARCEPKcfPN3ryj3PAXEPNS_3OBJEPi	high	10.43	14.59	0	cal2/3,fp-,imm1.00,disp0.91,flt1.00,wid0.70
00180448	0045ad34	_ZN2YS6MOTION11walk_to_runEiff	low	3.11	2.34	0	icall-,disp0.69,wid0.50
00180510	0045cbcc	_ZN2YS6MOTION14is_loop_motionEi	low	3.94	2.49	1	cal1/1,icall-,disp1.00,wid0.33
00180698	0045aed4	_ZN2YS6MOTION10get_motionEi	med	6.21	1.61	1	cal1/1,disp1.00,wid0.50
001806f8	0045cd9c	_ZN2YS6MOTION10get_lengthEi	high	8.74	8.18	2	cal2/2,icall-,disp1.00,wid0.57
00180770	0045cea8	_ZN2YS6MOTION12get_loop_topEi	med	5.68	4.83	2	cal1/1,icall-,disp1.00,wid0.50
00180b10	0045ceec	_ZN2YS6MOTION7play_seEi	low	4.01	1.67	0	cal1/1,neg1,imm0.37,disp0.47,wid0.56
00180dc0	0045d24c	_ZN2YS6MOTION17is_disable_effectEi	rerun-med	0	0	rerun	callee:0x189d38;loc:0x0
00180e28	0045964c	_ZN2YS6MOTION11exec_effectEv	low	4.67	4.99	0	cal1/1,disp0.53,wid0.92
00181550	0048f66c	_ZN2YS8PROGRESS8IsSecondEv	low	4.33	2.37	0	imm1.00
00181858	00490478	_ZN2YS8PROGRESS5CanRcEv	med	5.48	2.86	0	imm1.00
00181ba8	004043d4	_ZN2YS8AREADATA11GetUnitDataEj	med	6.21	5.38	0	imm1.00,disp0.17,wid1.00
00182280	0040446c	_ZNK2YS8AREADATA8SETINDEX11signal_hookEPKNS0_4CODEE	med	5.46	5.45	0	sw-,imm0.74,disp0.92,wid0.90
001823d0	00405388	_ZN2YS8AREADATA7InitSetEPKN4AREA3SETE	low	3.42	2.32	0	neg1,imm1.00,disp0.04,wid0.76
00182838	004ae2d4	_ZN2YS4UNITC1EjPvb	rerun-med	0	0	rerun	callee:0x182a78;cu:0x0;loc:0x0
00182910	004aea68	_ZN2YS4UNIT11ReadRequestEv	rerun-med	0	0	rerun	caller:0x199d38;cu:0x0;fp:0x182910;loc:0x0;self:0x0
001829b0	004ae694	_ZN2YS4UNIT5EntryEjb	med	5.64	1.72	0	imm0.53,disp1.00,wid0.33
00182a78	004ae984	_ZN2YS4UNIT11EntryScriptEPv	sandwich	2.50	0.00	0	sandwich,wid0.00
00182f28	004aef10	_ZN2YS4UNIT9SetPlayerEPNS_3OBJE	low	3.50	1.88	0	wid1.00
00183768	00470f90	_ZN2YS3OBJ12set_movementERKN2kn7FVectorEf	low	4.60	2.30	0	imm1.00,disp1.00,wid0.33
001840c0	0046ef44	_ZN2YS3OBJ18calc_land_movementERKN2kn7FVectorE	rerun-med	0	0	rerun	callee:0x1cde58;loc:0x0
001842c0	00470ce8	_ZN2YS3OBJ9_OVR_fallEv	low	3.79	1.86	0	icall-,disp0.42,flt1.00,wid0.62
001843d8	00470d60	_ZN2YS3OBJ9_OVR_landEv	high	18.74	5.96	0	cal4/4,fp-,imm0.72,disp0.90,flt1.00,wid0.75
00184478	00470c50	_ZN2YS3OBJ11is_moved_xzEv	low	4.83	3.59	0	icall-,disp0.90,wid0.67
00184540	000f9878	_ZN2kn16MotionPrototype014calcLimitValueEPNS_26MotionPrototype0RAWLimiterERKNS_7FVectorERS3_	high	12.73	2.08	0	cal3/3,imm1.00,disp0.71,flt1.00,loc-,wid0.12
001846a0	0047144c	_ZN2YS3OBJ12move_requestERKN2kn7FVectorEf	low	4.48	1.94	0	brn-,imm1.00,disp1.00,wid1.00
001850a0	00471bd4	_ZN2YS3OBJ17get_path_movementEv	med	5.95	6.21	0	cal1/1,brn-,imm1.00,disp1.00,wid0.11
00185468	004bb468	_ZN2YS6WEAPONC1EPKNS_8OBJENTRYEPNS_5PARTYEiii	high	14.58	17.23	0	cal4/4,imm0.69,disp0.69,loc-,wid0.63
001855a0	006cc15c	_ZN2YS3OBJ6VTABLEINS_6WEAPONEE9leave_reqEPS0_	high	8.11	1.81	0	cal2/2,disp1.00,loc-,wid1.00
001855e0	004bb068	_ZN2YS6WEAPON9_OVR_execEv	low	4.33	2.75	0	cal4/7,call-,brn-,icall-,imm1.00,disp0.70,flt1.00,loc-,wid0.85
00185770	004baf10	_ZN2YS6WEAPON6appearEv	low	4.67	4.40	0	cal1/1,icall-,fp-,imm0.67,disp0.70,flt1.00,loc-,wid0.88
00185880	004bb2ac	_ZN2YS12WEAPON_ENTRY7SysInitEPj	rerun-med	0	0	rerun	callee:0x194a30;loc:0x0
00185910	004bb3cc	_ZN2YS11WEAPON_MSET7SysInitEPv	rerun-med	0	0	rerun	callee:0x194a30;loc:0x0
00185920	004bb3d8	_ZN2YS11WEAPON_MSET11GetFilenameEiiPc	rerun-med	0	0	rerun	callee:0x16ef58;loc:0x0
00185988	004bae30	_ZN2YS6WEAPON5locusEv	high	18.60	21.06	0	cal5/5,imm1.00,disp1.00,loc-,wid0.86
00185a28	004bb6a0	_ZN2YS6WEAPON13force_destroyEv	low	3.49	3.67	2	cal1/1,icall-,disp0.09,wid0.40
00185ac0	004bb724	_ZN2YS6WEAPON8is_equipEv	high	8.08	4.21	1	cal1/1,disp1.00,wid1.00
00185b70	00425904	_ZN2YS5ENEMYC1EPKNS_8OBJENTRYERKN2kn7FVectorEf	med	7.20	3.86	0	imm1.00,disp1.00,wid0.75
00185cb8	0042588c	_ZN2YS5ENEMY16_OVR_exec_damageEPNS_6DAMAGEE	high	9.30	4.25	0	cal1/1,disp1.00,wid1.00
00185f70	00411c84	_ZN2YS6BTLOBJC1EPKNS_8OBJENTRYEjRKN2kn7FVectorEf	high	9.81	6.90	0	cal1/1,imm0.41,disp0.87,wid0.75
00186008	004114b4	_ZN2YS6BTLOBJ13_OVR__destroyEv	med	5.00	3.00	0	cal1/1
001863a8	00412bf8	_ZN2YS6BTLOBJ17exec_damage_smallEPNS_6DAMAGEEf	low	3.98	6.43	2	cal2/2,neg2,fp-,disp1.00,wid0.31
00186478	00411790	_ZN2YS6BTLOBJ22exec_damage_small_spotEPNS_6DAMAGEE	high	11.87	2.97	1	cal3/3,neg1,fp-,imm1.00,disp1.00,flt1.00,wid0.50
00186590	00411560	_ZN2YS6BTLOBJ22_exec_damage_small_airEPNS_6DAMAGEEfi	high	12.30	3.43	1	cal4/4,neg1,brn-,fp-,imm1.00,disp0.39,flt1.00,wid0.60
001866a0	00411b48	_ZN2YS6BTLOBJ25exec_damage_small_tornadoEPNS_6DAMAGEEf	low	3.17	3.57	2	cal1/1,neg1,wid0.00
00186c58	00412d40	_ZN2YS6BTLOBJ19exec_damage_hitbackEPNS_6DAMAGEEf	low	4.06	2.26	2	cal1/1,icall-,disp0.29,wid0.25
00186ec0	00411d54	_ZN2YS6BTLOBJ17_OVR_is_withstandEPNS_6DAMAGEE	med	5.52	7.20	0	disp0.91,wid0.81
00186fd8	004131d4	_ZN2YS6BTLOBJ20_OVR_exec_reflect_bgEPNS_6ATTACKE	high	10.23	3.94	0	cal1/1,imm1.00,disp1.00,wid1.00
001871c8	00412240	_ZN2YS6BTLOBJ15_turn_to_targetEfRKNS_6TARGETE	high	15.46	9.66	0	cal4/4,brn-,fp-,imm1.00,disp1.00,flt1.00,wid0.13
001872e0	004137bc	_ZN2YS6BTLOBJ14turn_to_targetEf	med	6.30	6.33	1	cal1/1,imm1.00
00187300	00412098	_ZN2YS6BTLOBJ21_turn_to_target_rangeEfRKNS_6TARGETE	high	12.80	6.48	0	cal4/4,brn-,fp-,imm1.00,disp1.00,wid0.14
00187400	004137e4	_ZN2YS6BTLOBJ20turn_to_target_rangeEf	med	6.28	6.28	1	cal1/1,imm1.00
00187420	0041380c	_ZN2YS6BTLOBJ14turn_to_lockonEf	high	12.47	7.00	1	cal3/3,fp-,imm1.00,disp0.52,wid1.00
001874a0	00413898	_ZN2YS6BTLOBJ20turn_to_lockon_rangeEf	high	13.14	6.83	1	cal3/3,fp-,imm1.00,disp0.52,wid1.00
00187868	006c0e30	_ZN2YS6BTLOBJ6VTABLEIS0_E5_deadEPS0_	low	4.46	6.73	1	cal1/1,imm1.00,loc-,wid1.00
001878e8	0041336c	_ZN2YS6BTLOBJ13reset_tornadoEv	med	6.14	4.56	0	imm1.00,disp1.00,wid1.00
00187a18	00401710	_ZN2YS3ACT5TABLE3addEPKciiPi	med	5.57	1.88	0	imm1.00,disp1.00,wid0.62
001881f8	0040099c	_ZN2YS3ACT4pushEPKc	low	3.88	1.68	0	disp1.00,wid0.40
00188250	00400abc	_ZN2YS3ACT10child_pushEPKc	med	6.29	5.73	1	cal1/1,imm0.43,disp0.28,wid0.50
00188398	00400b90	_ZN2YS3ACT5wedgeEPKc	low	4.91	3.74	1	cal1/1,size,disp1.00,wid0.14
001888c8	00495d80	_ZN2YS7PARTRAMC1Ev	high	8.80	5.94	0	imm0.72,disp1.00,wid0.68
00188a28	0049638c	_ZN2YS7PARTRAM8add_itemEi	low	3.57	2.86	0	brn-,imm0.61,disp0.76,wid0.75
00188c10	004962ec	_ZN2YS7PARTRAM10pop_weaponEi	med	7.18	2.22	0	imm1.00,disp1.00,wid1.00
00188c30	004966f8	_ZN2YS14SAVERAM_BATTLEC1Ev	high	14.06	14.74	0	cal1/1,call-,brn-,imm0.86,disp0.92,wid0.27
00188fc0	00496a80	_ZN2YS14SAVERAM_BATTLE8new_gameEv	med	5.94	6.50	2	cal1/1
00189068	004965a4	_ZN2YS14SAVERAM_BATTLE17get_kill_count_ptEi	low	4.69	2.52	0	imm0.82,wid0.00
00189108	00496ca0	_ZN2YS14SAVERAM_BATTLE14get_kill_countEi	med	6.54	5.17	1	cal1/1,disp1.00,wid0.50
00189258	004d8ce4	_ZN2YS6ANMATR5ResetEPNS_6MOTIONE	high	10.45	11.12	0	cal2/2,imm1.00,disp0.91,loc-,wid1.00
001892d8	004d7500	_ZN2YS6ANMATR18CheckRangeCallbackEPKNS0_5RANGEEPv	high	18.77	25.86	1	cal4/4,sw-,imm0.68,disp0.66,wid0.73
001897d4	004d7ec8	_ZN2YS6ANMATR19ExecTriggerCallbackEPKNS0_7TRIGGEREPv	high	45.11	67.30	0	cal12/12,icall-,fp-,imm0.80,disp0.93,flt1.00,loc-,wid0.77
00189d38	004d72c8	_ZN2YS6ANMATR13TriggerEffectEPNS_6MOTIONEPKNS0_7TRIGGERE	high	10.38	9.14	0	cal2/2,imm1.00,disp1.00,loc-,wid1.00
00189e18	004d73c4	_ZN2YS6ANMATR15ReactionCommandEPNS_3OBJEii	high	15.81	12.01	0	cal5/5,brn-,imm0.54,disp0.66,loc-,wid1.00
00189f20	004d8898	_ZNK2YS6ANMATR10each_rangeEfPFvPKNS0_5RANGEEPvES4_	med	5.34	2.81	1	icall-,imm1.00,disp1.00,wid0.71
0018a008	004d8ab8	_ZNK2YS6ANMATR12each_triggerEffPFvPKNS0_7TRIGGEREPvES4_	med	5.70	3.48	1	icall-,fp-,imm1.00,disp1.00,flt1.00,wid0.62
0018a250	00419c18	_ZNK2YS9COLLISION5checkERKS0_	low	4.96	1.65	0	imm1.00,disp1.00,wid0.17
0018a318	0018bfb8	_ZN2gb4PATH6searchERff	low	4.96	2.15	1	cal1/1,imm1.00,disp1.00,loc-,wid0.17
0018aba0	004efc48	_ZN2YS3NPCC1EPKNS_8OBJENTRYEiRKN2kn7FVectorEf	low	4.91	1.56	2	call-,imm0.08,disp0.91,wid0.17
0018aca8	004efd90	_ZN2YS3NPC15set_option_flagEj	low	4.84	2.80	2	imm0.65,disp1.00,wid0.67
0018ad18	004eed0c	_ZN2YS3NPC15_OVR_initializeEv	high	8.48	6.77	0	cal1/1,neg1,imm0.51,disp0.97,wid0.89
0018ae30	004efa58	_ZN2YS3NPC13_OVR_pre_execEv	high	9.93	20.19	0	cal2/3,neg1,icall-,imm0.47,disp0.76,flt1.00,wid0.67
0018b1d8	004f0928	_ZN2YS3NPC8talk_eyeEv	med	5.47	3.83	0	disp1.00,wid1.00
0018b7f8	004ef1e0	_ZN2YS3NPC13check_in_zoneEv	high	13.60	9.72	0	cal3/4,call-,imm1.00,disp0.91,wid0.55
0018c150	004f0020	_ZN2YS3NPC14end_rtn_actionEv	med	5.21	5.75	1	cal0/1,brn-,imm1.00,disp0.32,wid0.80
0018c240	004f0104	_ZN2YS3NPC14get_rtn_actionEv	low	4.28	2.17	0	imm1.00
0018c258	004f0124	_ZN2YS3NPC18get_rtn_action_dirEv	high	17.69	9.22	0	cal5/5,brn-,imm0.65,disp0.79,wid0.11
0018c650	004eef38	_ZN2YS3NPC10RTN_ACTION3lotERN2kn7FVectorEiPKNS_19UNIT_DATA_RTN_PARAMEPKNS_4ZONEEff	high	9.71	10.48	0	cal2/2,brn-,fp-,imm1.00,disp1.00,wid0.77
0018ca10	00421f20	_ZN2YS6DAMAGE4FreeEPS0_	low	3.02	1.68	2	wid0.60
0018cae0	00422234	_ZNK2YS6DAMAGE11is_killbossEv	med	5.38	4.38	0	disp1.00,wid1.00
0018d238	00407fcc	_ZN2YS6ATTACKC1EPNS_6BTLOBJEPNS_6STDOBJEiiii	high	14.11	14.98	0	cal2/2,imm0.50,disp0.74,wid0.87
0018d500	004077c4	_ZN2YS6ATTACKD1Ev	med	5.56	6.78	1	cal1/1,neg1,imm0.19,disp1.00,wid0.39
0018d808	004082fc	_ZN2YS6ATTACK7get_posEv	med	6.69	4.56	0	cal1/1,disp1.00,wid0.11
0018d840	00408358	_ZN2YS6ATTACK7get_dirEPNS_3OBJE	med	7.41	2.93	0	cal2/2,brn-,fp-,imm1.00,disp1.00,wid0.29
0018e040	0040770c	_ZN2YS6ATTACK7refreshEv	med	7.87	2.10	1	cal1/1,brn-,imm1.00,disp0.45,wid1.00
0018e0d8	00407fa0	_ZN2YS6ATTACK8set_teamEi	med	6.45	5.65	0	imm1.00,disp1.00,wid1.00
0018ee10	00408860	_ZN2YS6ATTACK4EachEPS0_	rerun-med	0	0	rerun	callee:0x1c5580;loc:0x0
0018ee28	00408884	_ZN2YS6ATTACK9EachMagicEPS0_	rerun-med	0	0	rerun	callee:0x19e400;loc:0x0
0018ef68	0020c348	_ZN2gm2VM8callbackEiP8BD_VALUEi	low	3.04	1.53	1	cal1/1,disp1.00,loc-,wid0.50
0018f200	004f2db8	_ZN2YS25trap_btlobj_lockon_targetEP8BD_VALUE	low	4.66	2.73	0	size,imm1.00,disp1.00,wid0.67
0018f2a8	004f33fc	_ZN2YS28trap_enemy_exec_damage_smallEP8BD_VALUE	med	5.84	6.68	3	cal1/1,size,disp1.00,wid0.67
0018f4a0	004f405c	_ZN2YS20trap_damage_reactionEP8BD_VALUE	med	5.31	1.77	0	disp1.00,wid1.00
0018f4b0	004f406c	_ZN2YS25trap_damage_orig_reactionEP8BD_VALUE	med	5.37	1.83	0	disp1.00,wid1.00
0018f930	004f4794	_ZN2YS22trap_attack_hit_bg_posEP8BD_VALUE	med	6.75	2.19	0	imm1.00,disp1.00,wid1.00
0018f9a8	004f4844	_ZN2YS21trap_attack_reflecterEP8BD_VALUE	sandwich	5.27	0.00	0	sandwich,disp1.00,wid1.00
0018f9b8	004f4854	_ZN2YS18trap_attack_set_rcEP8BD_VALUE	med	5.76	1.97	0	disp1.00,wid1.00
0018fb70	004f4e90	_ZN2YS20trap_attack_set_lineEP8BD_VALUE	med	5.67	3.75	1	disp1.00,wid1.00
0018fb98	004f4ec4	_ZN2YS23trap_attack_set_obj_paxEP8BD_VALUE	low	4.69	1.60	2	size,imm1.00,disp1.00,wid0.80
0018fbe8	004f501c	_ZN2YS29trap_attack_get_reflect_countEP8BD_VALUE	med	5.01	1.85	0	disp1.00,wid1.00
0018fc40	004f5090	_ZN2YS32trap_attack_set_reflect_callbackEP8BD_VALUE	low	4.62	1.56	0	disp0.51,wid1.00
0018fcc0	004f5128	_ZN2YS19trap_magic_set_costEP8BD_VALUE	med	5.51	1.50	0	disp1.00,wid1.00
0018fd10	004f5190	_ZN2YS19trap_teamwork_allocEP8BD_VALUE	med	5.59	1.58	0	disp1.00,wid1.00
0018fdb0	004f53d4	_ZN2YS17trap_limit_playerEP8BD_VALUE	sandwich	5.13	0.00	0	sandwich,disp1.00,wid1.00
0018fdc0	004f53e4	_ZN2YS17trap_limit_friendEP8BD_VALUE	sandwich	5.09	0.00	0	sandwich,disp1.00,wid1.00
0018fe10	004f544c	_ZN2YS23trap_limit_start_threadEP8BD_VALUE	med	5.63	1.62	0	imm1.00,disp1.00,wid0.25
0018fe48	004f5494	_ZN2YS23trap_limit_effect_startEP8BD_VALUE	med	5.50	1.58	0	disp1.00,wid1.00
0018fe80	004f54e0	_ZN2YS27trap_limit_effect_start_posEP8BD_VALUE	med	7.76	4.62	0	cal1/1,disp1.00,wid0.83
0018fee8	004f5558	_ZN2YS28trap_limit_effect_start_bindEP8BD_VALUE	sandwich	8.12	0.00	0	sandwich,cal1/1,disp1.00,wid0.86
0018ff28	004f56ac	_ZN2YS15trap_limit_timeEP8BD_VALUE	med	5.14	2.10	0	disp1.00,wid1.00
00190a28	004aa4c8	_ZN2YS6TARGET15SetBeforePlayerEPNS_3OBJEi	rerun-med	0	0	rerun	caller:0x1cd7a8;cu:0x0;loc:0x0;self:0x0
00190a80	004a8200	_ZN2YS6TARGET14search_revengeEPNS_3OBJE	low	4.96	4.75	0	cal1/2,disp0.75,wid0.45
001913d8	004a9210	_ZN2YS6TARGET10change_dirEPNS_6PLAYERERKN2kn7FVectorE	med	6.29	16.79	0	cal5/8,neg1,brn-,icall-,fp-,disp0.56,wid0.56
001919d0	004a1108	_ZN2YS6STATUS12IsPrizeDrainEv	rerun-med	0	0	rerun	callee:0x1a5140;loc:0x0
001919f8	004a1138	_ZN2YS6STATUS20IsPeterpanPrizeDrainEv	rerun-med	0	0	rerun	callee:0x1a5140;loc:0x0
00191a20	004a1168	_ZN2YS6STATUS9StopStartEv	med	5.14	1.81	0	imm1.00,wid1.00
00191a38	004a117c	_ZN2YS6STATUS7StopEndEv	sandwich	3.50	0.00	0	sandwich,wid1.00
00191c50	004a1370	_ZN2YS6STATUS13IsFreeAbilityEv	rerun-med	0	0	rerun	callee:0x1c3618;loc:0x0
00191cd8	004a0a50	_ZN2YS6STATUS10CheckEnemyEv	high	12.56	6.23	0	cal4/4,brn-,disp0.48,wid0.50
00191f20	004a36e4	_ZN2YS10STOP_TABLE3GetEi	rerun-med	0	0	rerun	caller:0x31eec8;cuweak:0x0;fp:0x191f20;loc:0x0;self:0x0
00191f78	0044cedc	_ZN2YS7MESSAGE3SetEiPv	med	7.07	5.73	1	cal1/1,imm0.21,disp1.00,wid0.71
001920f0	0044d304	_ZN2YS7MESSAGE7GetDataEi	low	4.93	2.63	0	cal1/1,imm0.08,wid0.00
00192818	0044c810	_ZNK2YS7MESSAGE14_get_page_sizeEPKNS_4FONTERNS0_5STYLEERNS0_4SIZEE	low	3.48	1.56	2	disp1.00,wid0.50
00192e20	0044d5b0	_ZN2YS7MESSAGE13CodeToMessageEPtiPc	med	5.56	1.98	0	imm0.81,disp1.00,wid0.50
001940a0	004696f4	_ZN2YS3OBJ10texanm_setEi	sandwich	5.65	0.00	0	sandwich,cal1/1,size,disp1.00,wid0.33
001940b8	004697ac	_ZN2YS3OBJ7set_fogEiiiff	med	6.94	6.33	0	fp-,imm1.00,disp1.00,wid1.00
00194468	004697f4	_ZN2YS3OBJ11show_shadowEv	low	3.22	5.94	1	brn-,sw-,imm0.38,disp1.00,wid0.74
001945a0	00469bc8	_ZN2YS3OBJ15set_parts_colorEjjf	med	5.35	6.25	0	fp-,imm1.00,disp0.16,flt1.00,wid0.83
00194898	00406108	_ZN2YS8AREAINFO8IsIndoorEv	rerun-med	0	0	rerun	callee:0x178100;loc:0x0
00194908	00406184	_ZN2YS8AREAINFO6IsGlowEv	med	6.60	1.60	0	cal1/1,imm1.00
001949d0	004061b0	_ZN2YS8AREAINFO13IsShowNavimapEv	rerun-med	0	0	rerun	callee:0x15bc80;loc:0x0
001958d0	004ce5b8	_ZN2YS11ACTION_HANG5CheckEPNS_5PARTYE	high	26.51	30.68	0	cal8/8,brn-,fp-,imm1.00,disp0.63,flt1.00,loc-,wid0.35
00195c08	004ce2f0	_ZN2YS11ACTION_HANG5startEPNS_3OBJE	med	6.97	1.66	0	cal1/1,fp-,imm1.00,disp1.00,flt1.00,loc-,wid0.50
00195c58	004ce354	_ZN2YS11ACTION_HANG3endEPNS_3OBJE	high	8.95	8.68	2	cal1/1,disp1.00,wid1.00
00195d00	004ce390	_ZN2YS11ACTION_HANG7controlEPNS_3OBJE	high	10.26	4.89	1	cal2/2,icall-,fp-,imm1.00,disp0.80,flt1.00,wid0.46
00195dc8	004ce510	_ZN2YS11ACTION_HANG10party_jumpEPNS_3OBJEb	high	8.82	1.81	1	cal1/1,icall-,imm1.00,disp0.61,flt1.00,wid0.57
00195ed8	004952f0	_ZN2YS9SAVEPOINTC1EPKNS_8OBJENTRYERKN2kn7FVectorEf	high	10.49	7.60	0	cal2/2,imm1.00,disp0.80,loc-,wid0.90
00196008	006c9654	_ZN2YS3OBJ6VTABLEINS_9SAVEPOINTEE4execEPS0_	low	4.64	3.64	1	cal1/1,neg1,disp1.00,wid0.33
00196028	00495548	_ZN2YS9SAVEPOINT7recoverEv	high	28.84	41.41	0	cal8/8,imm1.00,disp1.00,loc-,wid1.00
00196170	004b6a50	_ZN2YS8VMCOMMON4InitEv	low	4.00	2.50	1	cal1/1,wid0.50
00196198	004b6a9c	_ZN2YS8VMCOMMON7NewGameEv	high	16.82	18.13	0	cal5/5,neg1,imm1.00,wid0.67
00196288	0015f40c	_ZN2gb3OBJ7vm_execEv	low	4.10	5.90	2	cal4/5,neg2,loc-,wid0.10
00196300	004bf7c0	_ZN2YS10WORLDPOINT7SysInitEv	low	4.50	4.33	2	cal1/1,wid0.50
00196328	004bf7f4	_ZN2YS10WORLDPOINT7GetAreaEi	low	4.15	1.82	1	imm1.00,disp0.49,wid0.60
00196388	004bf850	_ZN2YS10WORLDPOINT9AreaToNumEii	rerun-med	0	0	rerun	callee:0x195ed8;loc:0x0
00196540	004bfba0	_ZN2YS10WORLDPOINT16ProgressCallbackEi	med	7.00	4.34	0	brn-,imm0.92
00196888	004b2ec0	_ZN2YS10UNITSCRIPT8ExecTaskEP4TASK	med	7.00	4.86	1	cal2/2,wid0.25
00196a08	004b2fdc	_ZN2YS10UNITSCRIPT9FinalizerEP4TASK	med	5.61	2.83	1	cal1/2,imm1.00
00196b88	00428b0c	_ZN2YS5EVENT4InitEv	rerun-med	0	0	rerun	callee:0x169030;loc:0x0
00196ca8	00427958	_ZN2YS5EVENTC1EiPv	high	12.16	11.93	0	cal2/3,imm0.82,disp0.84,wid0.94
00196e00	00427b3c	_ZN2YS5EVENTD1Ev	high	19.24	24.72	0	cal5/5,imm0.60,disp0.47,wid0.71
00196f00	00427c48	_ZN2YS5EVENT5startEv	high	12.37	28.09	1	cal7/9,neg5,imm0.33,disp0.76,wid0.90
00197c28	00428230	_ZN2YS5EVENT15phase_wait_fadeEv	med	5.87	2.84	0	cal1/1,neg1,imm0.36,disp1.00,wid0.27
00197cc0	00427dc0	_ZN2YS5EVENT7LayerOnEv	med	5.67	1.67	0	cal1/1
00197d18	00428fac	_ZN2YS5EVENT16StartLayerOnTaskEv	med	6.70	5.20	0	cal1/1,imm1.00
00197d40	0042888c	_ZN2YS5EVENT11TagCallbackEi	med	7.54	7.84	0	cal2/3,imm0.80,disp0.05,wid0.89
00197e40	004292c8	_ZN2YS5EVENT7IsSceneEv	low	4.54	1.84	0	disp0.47,wid1.00
00197e68	004292f8	_ZN2YS5EVENT11SetSkipFlagEv	sandwich	2.89	0.00	0	sandwich,size,imm1.00,disp0.09,wid0.60
00198450	004a1c38	_ZN2YS6STDOBJ15_OVR_initializeEv	high	11.11	3.00	0	cal3/3,neg1,fp-,imm1.00,flt1.00,wid0.00
00198510	004a1df0	_ZN2YS6STDOBJ16_OVR_check_leaveEv	rerun-med	0	0	rerun	caller:0x16b638;cu:0x0;loc:0x0;self:0x0
00198630	004a20dc	_ZN2YS6STDOBJ10_OVR_voiceEii	med	5.14	2.97	0	disp1.00,wid1.00
00198738	004a21f8	_ZN2YS6STDOBJ15get_camera_dataEPKc	med	7.97	5.82	0	imm1.00,disp1.00,wid1.00
00198aa8	004a2930	_ZN2YS6STDOBJ17play_singleton_seEiii	sandwich	6.08	0.00	0	sandwich,imm0.64,disp0.75,wid0.75
00198ae0	004a2a34	_ZN2YS6STDOBJ16motion_attack_onEiii	med	5.38	3.62	0	icall-,imm1.00,disp1.00,wid0.40
00198bd0	0049cd74	_ZN2YS11SIGNAL_HOOK6SearchEii	rerun-med	0	0	rerun	callee:0x1bb6d0;loc:0x0
00198d50	0049c5d4	_ZN2YS11SIGNAL_HOOKC1Ev	med	7.64	5.69	0	cal1/1,imm0.50,disp0.75,loc-,wid1.00
00198ee8	0049c428	_ZN2YS11SIGNAL_HOOK4execEv	high	17.16	26.77	0	cal5/5,imm0.45,disp1.00,loc-,wid0.59
00199030	0049ce00	_ZN2YS11SIGNAL_HOOK10SignalCallEii	high	12.57	16.48	0	cal3/3,imm1.00,disp1.00,loc-,wid1.00
00199098	0049d068	_ZN2YS11SIGNAL_HOOK9GetJumperEi	med	7.38	6.18	1	cal1/1,imm0.58,disp1.00,wid0.11
001991a8	0049b708	_ZN2YS6SIGNAL4CallEii	low	3.06	8.78	1	cal2/3,neg1,sw-,imm0.40,wid0.50
001992e0	0049b888	_ZN2YS6SIGNAL4ExecEP4TASK	med	7.15	1.51	0	cal2/2,disp1.00,loc-,wid0.69
00199548	0049b9cc	_ZN2YS6SIGNAL4InitEv	med	6.24	4.43	1	cal1/1,imm0.30,disp0.06,wid0.57
001995b8	0049bcc0	_ZN2YS6SIGNAL7ReplaceEPNS_3OBJES2_	rerun-med	0	0	rerun	callee:0x1b65e0;loc:0x0
00199688	0049f590	_ZN2YS9SOUNDINFO4InitEv	med	5.55	3.12	1	cal1/1,imm0.18,disp0.49,wid0.50
001997c0	004b09d8	_ZN2YS10UNIT_GROUP14get_level_costEv	med	5.95	1.69	0	cal1/1,disp1.00,wid0.18
00199810	004afdf4	_ZN2YS10UNIT_GROUP15init_appear_subEPKNS_13UNIT_DATA_OBJE	med	5.84	5.91	1	cal1/1,neg1,imm1.00,disp0.41,wid0.35
001999b0	004afa4c	_ZN2YS10UNIT_GROUPC1EjPKNS_15UNIT_DATA_GROUPE	high	9.75	7.12	0	imm0.83,disp1.00,wid0.89
00199c68	004af770	_ZN2YS10UNIT_GROUPD1Ev	low	3.30	1.81	0	icall-,disp1.00,wid0.80
00199d38	004afcec	_ZN2YS10UNIT_GROUP12read_requestEv	med	6.57	5.47	0	cal1/1,neg1,imm1.00,disp0.43,wid0.50
0019a6c0	004b1270	_ZN2YS10UNIT_GROUP9jump_areaEPKNS_4ZONEE	high	8.63	5.33	0	cal3/3,neg2,fp-,disp0.57,flt1.00,wid0.26
0019ab80	004af950	_ZN2YS10UNIT_GROUP11init_signalEv	low	3.15	2.15	1	disp0.53,wid0.33
0019ae60	004b0984	_ZN2YS10UNIT_GROUP7levelupEv	med	5.99	1.67	0	neg1,imm1.00,disp1.00,wid1.00
0019aec0	004b0b18	_ZN2YS10UNIT_GROUP13check_levelupEv	med	6.88	5.21	0	cal1/1,disp0.41,wid0.46
0019b3d0	004b2388	_ZN2YS10UNIT_GROUP22get_in_rtn_appeal_zoneERN2kn7FVectorE	low	4.92	2.86	0	icall-,imm1.00,disp0.92,wid0.80
0019b500	004b0688	_ZN2YS10UNIT_GROUP10appear_npcEv	med	5.29	7.51	1	cal1/2,neg1,imm0.67,disp0.72,flt1.00,wid0.67
0019b668	0062ebf0	_ZN2Ti14ACTION_PO_JUMP9exec_jumpEPN2YS3OBJE	high	15.55	1.75	1	cal10/14,call-,brn-,icall-,fp-,disp0.36,loc-,wid0.65
0019bb18	004648cc	_ZN2YS3OBJ10is_hit_objEv	low	4.82	3.02	0	disp1.00,wid1.00
0019bb98	004649e8	_ZN2YS3OBJ8is_heavyEv	high	13.41	11.95	0	cal2/2,disp1.00,flt1.00,wid0.80
0019be88	00464fe0	_ZN2YS3OBJ21check_battle_to_relaxEv	med	7.24	6.91	0	cal1/1,icall-,disp0.72,wid0.67
0019bf50	004650f4	_ZN2YS3OBJ7is_fallERKN2kn7FVectorE	high	8.42	2.95	0	cal1/1,brn-,imm1.00,disp1.00,wid0.25
0019bfd0	00465240	_ZN2YS3OBJ10check_hangERKN2kn7FVectorE	med	7.31	3.92	0	cal1/1,brn-,imm1.00,disp1.00,wid0.12
0019c090	004653d0	_ZN2YS3OBJ7is_jumpEv	low	3.88	2.13	1	neg1,disp1.00,wid1.00
0019c0f8	00465670	_ZN2YS3OBJ8can_landEv	low	4.81	1.86	0	disp1.00,wid1.00
0019c158	004653b4	_ZN2YS3OBJ12is_entry_flyEv	low	4.72	2.92	0	disp1.00,wid1.00
0019c4f8	0046582c	_ZN2YS3OBJ13is_disable_rcEv	high	8.73	4.24	0	cal1/1,disp1.00,wid1.00
0019c590	00464b44	_ZN2YS3OBJ14is_hide_shadowEv	low	4.41	4.08	0	cal1/1,neg1,disp1.00,wid0.20
0019c8a8	00465a30	_ZN2YS3OBJ9is_kinokoEv	rerun-high	0	0	rerun	callee:0x191cd8;callee:0x1d7d68;loc:0x0;selfweak:0x0
0019d4f8	00490ed8	_ZN2YS5RECOM4initEv	high	12.50	2.83	0	cal2/2,imm1.00,disp1.00,wid1.00
0019d5f8	00490f30	_ZN2YS5RECOM5startERNS_12COMMAND_SLOTE	high	10.45	9.91	0	cal2/2,neg1,imm0.62,disp0.92,wid0.71
0019d790	00492864	_ZN2YS5RECOM4execEv	high	26.22	32.41	0	cal8/8,neg2,brn-,icall-,imm0.72,disp0.76,wid0.80
0019da20	0049116c	_ZN2YS5RECOM7releaseEv	med	5.97	6.40	1	cal2/2,neg1,disp0.41,wid0.40
0019da68	004911d4	_ZN2YS11RC_SEARCHER3setEPKNS_12COMMAND_ELEMERKNS_6TARGETEii	high	14.74	12.63	0	cal3/3,brn-,imm1.00,disp1.00,wid0.84
0019dbc0	00491ae4	_ZN2YS11RC_SEARCHER9check_setEiRKNS_6TARGETEii	high	16.81	19.52	0	cal3/3,imm0.82,disp1.00,wid0.89
0019dd10	00492454	_ZN2YS11RC_SEARCHER4execEv	high	28.76	32.29	0	cal7/7,neg1,imm1.00,disp0.82,wid0.79
0019df08	004917f8	_ZN2YS11RC_SEARCHER8get_distEPKNS_12COMMAND_ELEMERKNS_6TARGETERKN2kn7FVectorEi	high	20.60	24.28	0	cal5/5,brn-,imm1.00,disp1.00,wid0.80
0019e170	004923b4	_ZN2YS11RC_SEARCHER13check_all_objEv	high	8.35	3.70	0	cal1/1,disp1.00,wid1.00
0019e210	00492038	_ZN2YS11RC_SEARCHER9check_objEPNS_3OBJE	high	24.52	31.19	0	cal6/6,fp-,imm1.00,disp1.00,wid0.41
0019e400	00491cf4	_ZN2YS11RC_SEARCHER11check_magicEv	high	15.39	19.70	0	cal4/4,brn-,icall-,fp-,imm1.00,disp1.00,wid0.31
0019e5f8	00491c34	_ZN2YS11RC_SEARCHER16get_command_elemEi	high	11.69	8.12	0	cal2/2,disp1.00,wid0.88
0019e758	004916d4	_ZN2YS11RC_SEARCHER17check_auto_summonEPNS_6PLAYERE	high	14.78	13.44	0	cal3/3,brn-,imm1.00,disp1.00,wid1.00
0019e848	004914e8	_ZN2YS11RC_SEARCHER10check_autoEPNS_6PLAYEREPKti	high	11.75	13.45	0	cal3/3,imm0.15,disp0.42,wid0.44
0019ea10	00491380	_ZN2YS11RC_SEARCHER16CheckAutoCommandEPNS_6PLAYEREPKNS_10ITEM_TABLEEPKNS_12COMMAND_ELEME	high	10.49	10.37	0	cal2/2,imm0.54,disp1.00,wid0.75
0019eb60	0050d810	_ZN2YS7BARRIER5AllOnEv	med	5.20	3.80	2	cal1/1,imm0.49,wid0.50
0019ebc0	0050d8dc	_ZN2YS7BARRIER6AllOffEv	low	3.46	3.04	1	cal1/1,imm1.00,loc-,wid0.50
0019ef60	0043aeec	_ZN2YS6JUMPER9FieldInitEv	rerun-med	0	0	rerun	callee:0x168fa8;loc:0x0
0019f950	00463d54	_ZN2YS10OBJ_ATTACKC1EPNS_6BTLOBJE	high	8.20	5.90	2	cal1/1,imm0.60,disp1.00,wid0.30
0019fb48	0046404c	_ZN2YS10OBJ_ATTACK11combo_startEv	med	7.56	4.56	0	cal1/1,disp1.00,wid1.00
0019fb70	004c7a08	_ZN2YS11ACTION_BLOW5startEPNS_3OBJE	rerun-med	0	0	rerun	callee:0x1c8f68;loc:0x0
0019fbc8	004c7a84	_ZN2YS11ACTION_BLOW3endEPNS_3OBJE	vt-high	0	0	vt	slots2;run7;cal1/1,size,wid0.00
0019fd00	004c7db8	_ZN2YS11ACTION_BLOW5_landEPNS_3OBJENS_6ACTION2IDE	high	11.56	8.02	4	cal3/3,fp-,imm1.00,flt1.00,wid0.25
0019fdb0	004c7cf8	_ZN2YS11ACTION_BLOW13GetLandMotionEPNS_3OBJE	rerun-med	0	0	rerun	callee:0x1a2910;loc:0x0
0019fdc0	004cb228	_ZN2YS3OBJ3flyERKN2kn7FVectorEf	low	3.41	2.99	1	cal1/1,brn-,imm1.00,disp1.00,loc-,wid0.17
0019fee8	0040be60	_ZNK2YS11ATTACKPARAM15get_combo_paramEi	med	5.46	2.06	0	imm1.00,disp0.48,wid0.50
0019ff90	004f5f88	_ZN2YS18trap_event_is_execEP8BD_VALUE	med	7.04	3.00	0	cal1/1,disp1.00,wid1.00
0019ffd0	004f5fe0	_ZN2YS24trap_mission_informationEP8BD_VALUE	med	5.54	1.83	0	disp1.00,wid1.00
001a00d0	004f6178	_ZN2YS17trap_mission_lockEP8BD_VALUE	med	5.92	5.33	0	cal1/1
001a0148	004f621c	_ZN2YS28trap_mission_set_timer_paramEP8BD_VALUE	med	5.76	1.78	0	disp1.00,wid1.00
001a0250	004f63b8	_ZN2YS26trap_mission_disable_watchEP8BD_VALUE	high	8.37	6.08	1	cal1/1,disp1.00,wid1.00
001a0288	004f6418	_ZN2YS28trap_mission_increment_countEP8BD_VALUE	med	5.04	2.97	0	cal2/2,size,call-,disp1.00,wid0.17
001a04f8	004f67bc	_ZN2YS26trap_mission_warning_gaugeEP8BD_VALUE	high	8.54	6.44	1	cal1/1,disp1.00,wid1.00
001a0658	004f69d0	_ZN2YS15trap_score_typeEP8BD_VALUE	sandwich	5.04	0.00	0	sandwich,disp1.00,wid1.00
001a0668	004f69e0	_ZN2YS16trap_score_scoreEP8BD_VALUE	sandwich	5.09	0.00	0	sandwich,disp1.00,wid1.00
001a0678	004f69f0	_ZN2YS17trap_score_updateEP8BD_VALUE	sandwich	5.67	0.00	0	sandwich,disp1.00,wid1.00
001a0710	004cf224	_ZN2YS3OBJ5hoverERKN2kn7FVectorEf	low	4.22	1.56	2	cal1/1,brn-,fp-,imm1.00,disp1.00,wid0.22
001a0800	004798b0	_ZNK2YS11PARTYATTACK5is_inEPNS_5PARTYEfffRKNS_9COLLISIONE	med	5.83	6.22	1	cal1/1,brn-,fp-,disp1.00,wid0.90
001a0920	004799c8	_ZNK2YS11PARTYATTACK9is_activeEPNS_5PARTYE	med	7.25	8.59	0	cal2/2,disp0.90,loc-,wid0.83
001a09f0	004ca8f0	_ZN2YS15ACTION_DUSKJUMP7controlEPNS_3OBJE	high	11.33	5.16	0	cal1/1,fp-,imm1.00,disp0.82,flt1.00,wid0.80
001a0a48	004ca968	_ZN2YS15ACTION_DUSKJUMP13calc_movementEPNS_3OBJE	med	7.74	7.58	1	cal2/3,brn-,imm1.00,disp0.64,wid0.65
001a0b40	004caa98	_ZN2YS15ACTION_DUSKJUMP4landEPNS_3OBJE	high	13.36	2.34	3	cal3/3,fp-,imm1.00,flt1.00,wid0.67
001a0ee0	00497be4	_ZN2YS5SHEET3setEPKNS_10ENEMYPARAME	med	7.56	5.63	0	brn-,imm0.51,disp0.92,wid0.96
001a1018	00499dd0	_ZN2YS5SHEET10AllocEnemyEi	low	3.53	2.13	0	cal1/1,wid0.00
001a1a20	004979e0	_ZN2YS5SHEET6add_mpEib	high	10.63	2.01	0	cal2/2,disp1.00,wid1.00
001a1b30	00498b50	_ZN2YS5SHEET15sub_drive_countEi	med	5.73	3.98	0	disp1.00,wid0.80
001a1b68	00498c38	_ZN2YS5SHEET14add_drive_timeEf	high	10.63	8.63	0	cal1/1,neg1,imm1.00,disp1.00,flt1.00,wid0.39
001a1c70	00498e40	_ZN2YS5SHEET9max_driveEv	high	8.23	4.95	0	imm1.00,disp1.00,wid1.00
001a1e00	00498a68	_ZN2YS5SHEET13mpdrive_ratioEv	low	4.84	4.67	0	disp1.00,wid0.33
001a22b0	00498038	_ZNK2YS5SHEET22adjust_element_abilityEiPKS0_PKNS_11ATTACKPARAME	med	5.32	2.41	0	brn-,imm0.55,disp1.00,wid1.00
001a2340	004980f4	_ZNK2YS5SHEET19adjust_combo_damageEiPKS0_PKNS_11ATTACKPARAME	med	5.46	4.87	0	brn-,imm0.28,disp1.00,wid0.69
001a2438	00499938	_ZN2YS5SHEET16set_element_rateEii	low	3.76	2.92	1	imm0.36,disp0.58,wid0.60
001a2578	00498f8c	_ZN2YS5SHEET10add_attackEi	med	6.34	1.87	0	imm1.00,disp1.00,wid0.88
001a25c8	00498fd0	_ZN2YS5SHEET10add_wisdomEi	med	6.79	1.95	0	imm1.00,disp1.00,wid0.88
001a2618	00499014	_ZN2YS5SHEET11add_defenceEi	med	7.52	1.59	0	imm1.00,disp1.00,wid0.88
001a2668	00499058	_ZN2YS5SHEET6add_apEi	med	7.38	2.16	0	imm1.00,disp1.00,wid0.88
001a2710	00499a9c	_ZN2YS5SHEET4hideEv	med	5.16	3.29	0	disp1.00,wid1.00
001a27d8	00499af0	_ZNK2YS5SHEET9get_levelEv	low	4.60	1.78	0	disp1.00,wid1.00
001a28b8	0048c000	_ZN2YS15ACTION_PRIZEBOX13calc_movementEPNS_3OBJE	low	3.59	1.50	0	imm1.00,wid0.15
001a28f8	004cbaa4	_ZN2YS14ACTION_FLYBLOW3endEPNS_3OBJE	rerun-med	0	0	rerun	caller:0x1878e8;fp:0x1a28f8;loc:0x0;self:0x0
001a2910	004cbbb0	_ZN2YS14ACTION_FLYBLOW7controlEPNS_3OBJE	med	5.94	1.73	2	cal2/3,neg1,brn-,fp-,imm1.00,disp0.60,flt1.00,wid0.33
001a29f0	004cbcc0	_ZN2YS14ACTION_FLYBLOW13calc_movementEPNS_3OBJE	vt-med	0	0	vt	slotscore8/4;run2-edge;brn-,imm1.00,wid0.08
001a2a18	004cbb4c	_ZN2YS14ACTION_FLYBLOW5BreakEPNS_3OBJE	med	5.09	2.12	0	cal1/1,imm1.00,disp1.00,loc-,wid0.20
001a34e0	00436610	_ZN2YS4ITEM14ReduceBackyardEii	low	4.59	6.79	1	disp1.00,wid0.88
001a3570	00436730	_ZN2YS4ITEM14GetNumBackyardEi	low	3.99	1.67	0	imm0.44,disp0.86,wid0.67
001a36f8	00437778	_ZN2YS4ITEM11MagicToItemEi	sandwich	-0.50	0.00	0	sandwich,size,wid0.00
001a3958	00280130	_ZN7OvlShop8ItemShop12GetStockItemEv	med	6.87	2.20	1	cal2/2,disp1.00,loc-,wid0.40
001a3f08	0040af80	_ZN2YS10ATTACK_OBJC1EPNS_6BTLOBJEPNS_6STDOBJEiPPS0_ii	med	6.06	2.75	0	neg1,imm1.00,disp1.00,wid0.53
001a4000	0040b07c	_ZN2YS10ATTACK_OBJD1Ev	vt-med	0	0	vt	globals;run1-edge;size,brn-,disp1.00,wid1.00
001a4060	0040b0b8	_ZN2YS10ATTACK_OBJD0Ev	med	6.67	4.14	0	cal1/1,brn-,disp1.00,wid1.00
001a40d0	0040b118	_ZN2YS10ATTACK_OBJ9make_workEPNS_19ATTACK_WORK_MANAGERE	high	14.91	14.32	0	cal5/5,neg3,imm1.00,disp1.00,wid0.39
001a4498	0050c3ac	_ZN2YS12ATTACK_MAGICC1EPNS_6BTLOBJEiiii	low	3.82	2.53	1	cal1/1,call-,imm0.67,disp0.83,loc-,wid0.22
001a45b8	0050c8b8	_ZN2YS12ATTACK_MAGIC9make_workEPNS_19ATTACK_WORK_MANAGERE	high	25.90	33.76	0	cal7/7,brn-,fp-,imm0.80,disp0.61,flt1.00,wid0.62
001a49a0	0050cca4	_ZN2YS12ATTACK_MAGIC8set_lineERKN2kn7FVectorES4_	rerun-med	0	0	rerun	callee:0x18fb70;loc:0x0
001a49f8	0050c478	_ZN2YS12ATTACK_MAGIC7get_dirEPNS_3OBJE	high	13.31	6.53	0	cal3/3,brn-,fp-,imm1.00,disp1.00,flt1.00,wid0.28
001a4d40	0050d018	_ZN2YS12ATTACK_MAGIC20set_reaction_commandEPviff	high	8.36	8.67	0	disp1.00,flt1.00,wid0.86
001a4db0	00483144	_ZN2YS5PRIZEC2EPKNS_8OBJENTRYEij	rerun-med	0	0	rerun	callee:0x1cbb58;loc:0x0
001a4ec8	00483198	_ZN2YS5PRIZED2Ev	low	4.62	1.79	0	imm0.84,wid0.75
001a5140	00482f68	_ZN2YS5PRIZE14_OVR_check_getEPNS_11PRIZEEFFECTE	high	10.41	10.27	0	cal3/3,neg2,fp-,imm0.41,disp0.81,flt1.00,wid0.92
001a53d0	00483bb0	_ZN2YS5PRIZE12AladdinDrainEv	med	5.17	3.17	0	cal2/2,neg1,wid0.00
001a5b58	0048c5c0	__std___12_prizebox_cpp_11c90c17	low	3.50	1.50	0	wid1.00
001a5c88	00446c28	_ZN2YS5MAGIC8set_costEf	med	8.00	3.36	0	cal2/2,brn-,disp0.58,flt1.00,wid0.08
001a5db8	004468a8	_ZN2YS5MAGIC8ExecTaskEP4TASK	high	9.61	2.84	0	cal2/2,disp0.05,wid1.00
001a67e0	00447a0c	_ZN2YS5MAGIC6DeleteEPS0_	high	8.83	1.61	0	cal2/2,wid0.67
001a6a10	004aad68	_ZN2YS8TEAMWORK4InitEv	rerun-med	0	0	rerun	callee:0x169210;loc:0x0
001a6a20	004aae08	_ZN2YS8TEAMWORK5AllocEii	med	5.48	3.88	1	cal1/1,imm0.20,disp0.18,wid0.70
001a6ae8	004aad78	_ZN2YS8TEAMWORK6EnsureEv	med	5.30	3.70	3	cal1/1,wid0.75
001a6bc8	004e7ce0	_ZN2YS8FIELDOBJC1EPKNS_8OBJENTRYERKN2kn7FVectorEf	high	8.82	4.50	0	cal1/1,imm0.37,disp1.00,wid1.00
001a6c90	0044b7c8	_ZN2YS8MENUFLAG3SetEi	med	6.70	4.50	4	cal1/1,disp1.00,wid0.67
001a6d98	00669748	_ZN2YS13TEST_LIBRETTO10ExecThreadEP4TASK	rerun-med	0	0	rerun	caller:0x1b84b8;fp:0x1a6d98;loc:0x0;self:0x0
001a6e88	004a7874	_ZN2YS5SYSRC5checkEPNS_6PLAYERERNS_6TARGETE	rerun-med	0	0	rerun	caller:0x1a6ef0;fp:0x1a6e88;loc:0x0;self:0x0
001a6ef0	004a6ef0	_ZN2YS5SYSRC11CheckThreadEP4TASK	high	22.37	26.56	0	cal8/8,brn-,imm0.22,disp0.28,loc-,wid0.50
001a6fe8	006697a8	_ZN2YS13TEST_LIBRETTO8CallbackEPKNS_4CODEEPNS_8LIBRETTOE	high	10.98	3.43	0	cal3/3,icall-,imm0.72,disp1.00,loc-,wid0.80
001a70a0	004a7954	_ZN2YS5SYSRC4talkEPNS_6PLAYERERNS_6TARGETE	rerun-med	0	0	rerun	caller:0x1a7108;fp:0x1a70a0;loc:0x0;self:0x0
001a7108	004a7090	_ZN2YS5SYSRC10TalkThreadEP4TASK	high	51.91	64.83	0	cal17/17,brn-,fp-,imm0.52,disp0.48,flt1.00,loc-,wid0.73
001a7530	004443ac	_ZN2YS6LOCKONC1Ev	med	5.00	1.70	0	cal1/1,wid0.00
001a8498	004aaf60	_ZN2YS8TREASURE4InitEv	rerun-med	0	0	rerun	callee:0x169030;loc:0x0
001a84b0	004aaf78	_ZN2YS8TREASURE7GetInfoEv	low	3.46	1.79	1	disp1.00,wid0.40
001a8548	004ab050	_ZN2YS8TREASURE8ShowInfoEv	low	4.70	4.67	1	cal1/1,size,disp1.00,wid0.29
001a8618	004abf90	_ZN2YS12TREASURE_BOXC1EPKNS_8OBJENTRYERKN2kn7FVectorEf	med	6.99	4.39	0	imm1.00,disp1.00,wid0.83
001a89f0	0044ada4	_ZN2YS6MEMBER5TABLE8InitAreaEv	rerun-med	0	0	rerun	caller:0x16fab0;fp:0x1a89f0;loc:0x0;self:0x0
001a8ba0	0044a02c	_ZN2YS6MEMBER6changeEi	low	3.47	2.75	0	size,imm1.00,disp1.00,wid0.20
001a92d8	00467394	_ZN2YS7OBJDATA3setEjPKNS_8OBJENTRYE	med	5.08	10.03	0	cal3/5,neg2,disp1.00,wid0.27
001a93b0	0046753c	_ZN2YS7OBJDATA5resetEi	low	3.08	3.90	0	cal1/2,neg1,disp1.00,wid0.12
001a9970	0044ebf8	_ZN2YS11MESSAGEDRAW13set_font_sizeEi	med	7.18	9.01	0	imm1.00,disp0.73,wid0.79
001aa388	0044de7c	_ZN2YS11MESSAGEDRAW8set_pageEPKNS_7MESSAGEE	high	18.39	35.93	0	cal5/5,sw-,icall-,imm0.43,disp0.90,wid0.91
001aa668	0044f180	_ZN2YS11MESSAGEDRAW10set_windowEPNS_6WINDOWE	low	4.72	2.55	0	disp1.00,wid1.00
001aa7f0	0044ef04	_ZN2YS11MESSAGEDRAW3ENVC1EPKNS_4FONTE	med	7.18	3.47	0	imm1.00,disp0.93,wid1.00
001aa940	0044d788	_ZNK2YS7MESSAGE12get_max_sizeEPKNS_4FONTENS0_5STYLEERNS0_4SIZEE	med	5.29	1.63	1	imm1.00,disp1.00,wid0.09
001aadb0	0042efdc	_ZN2YS4FONT8SetImageEPv	low	4.93	3.93	0	cal1/1
001aae80	0042eb28	_ZNK2YS4FONT9get_widthEi	low	3.14	1.64	1	disp1.00,wid0.50
001aaf98	0042dce4	_ZNK2YS4FONT7is_clipEiiii	low	4.37	2.97	0	imm1.00,wid0.00
001ab810	0042efc0	_ZN2YS4FONT11GetSequenceEv	rerun-med	0	0	rerun	callee:0x1ac258;loc:0x0
001abbf0	004bbe68	_ZN2YS6CURSOR4execEPNS_6WINDOWEPNS_3PADE	high	23.00	17.62	0	cal6/6,imm0.54,disp1.00,wid0.65
001abdf0	004bbff4	_ZN2YS8TURNPAGE3setENS0_4TYPEE	med	7.92	3.86	0	cal1/1,imm0.56,disp1.00,wid0.33
001abe80	004bc074	_ZN2YS8TURNPAGE4execEPNS_6WINDOWEPNS_3PADE	high	11.86	7.12	0	cal2/2,imm1.00,disp1.00,wid0.29
001abf38	004bc13c	_ZN2YS8TURNPAGE4drawEii	high	9.29	4.58	0	cal2/2,imm0.23,disp0.53,wid0.43
001ac078	006ccaa0	_ZN2YS11WINDOW_BASE8set_tailEiii	low	3.73	2.71	1	cal1/1,imm0.57,loc-,wid1.00
001ac258	004bd7fc	_ZN2YS15WINDOW_TUTORIALC1Ei	high	10.28	2.12	0	cal2/2,imm1.00,disp1.00,wid0.17
001ac4c0	004bc200	_ZN2YS6WINDOWC1ENS_4FONT4TYPEEiiiii	high	10.22	12.40	0	cal2/2,call-,imm0.27,disp0.82,wid0.44
001ac5b8	004bc3b4	_ZN2YS6WINDOWD1Ev	sandwich	3.69	0.00	0	sandwich,disp0.19,wid0.91
001ac630	004bc50c	_ZN2YS6WINDOWD2Ev	sandwich	0.00	0.00	0	sandwich,size,wid0.00
001ac8b0	004bc948	_ZN2YS13WINDOW_CREDITC1Ei	med	5.75	2.38	0	imm1.00,disp1.00,wid0.40
001aca98	004bccc8	_ZN2YS11WINDOW_BASEC1ENS_4FONT4TYPEEiiiiii	high	19.98	13.34	0	cal4/4,imm0.61,disp1.00,wid0.67
001ad098	004bd3e8	_ZN2YS14WINDOW_BALLOONC1Eii	med	6.41	2.71	0	imm1.00,disp1.00,wid0.33
001ad228	004bd794	_ZN2YS12WINDOW_CHECKC1Ei	med	7.73	3.15	0	imm1.00,disp1.00,wid1.00
001ad430	004bd570	_ZN2YS11WINDOW_TALKC1Ei	med	5.36	5.51	1	cal1/1,neg2,imm0.67,disp0.84,wid0.57
001ad520	004bd610	_ZN2YS11WINDOW_TALK11open_windowEiii	med	6.43	3.70	2	cal2/3,neg2,imm1.00,disp1.00,wid0.27
001ad5a8	004bd9b0	_ZN2YS22WINDOW_SYSTEM_TUTORIALC1Ei	low	3.49	2.99	0	cal1/1,neg2,imm1.00,disp0.08,wid0.20
001ad638	004bdb58	_ZN2YS22WINDOW_SYSTEM_TUTORIALD1Ev	high	18.84	14.18	0	cal6/6,neg1,brn-,icall-,imm0.79,disp0.08,wid0.50
001ad738	006cc49c	_ZN2YS11WINDOW_BASED1Ev	vt-med	0	0	vt	vt_store;run3-edge;cal4/6,call-,brn-,icall-,imm0.84,disp0.13,wid0.25
001ad838	006ccf28	_ZN2YS15WINDOW_TUTORIALD0Ev	high	8.65	3.56	1	cal6/9,neg1,brn-,icall-,imm0.88,disp0.13,loc-,wid0.38
001adf00	0049750c	_ZN2YS8SELECTOR3GetEi	low	3.40	2.48	0	disp0.37,wid0.50
001ae010	0049b468	_ZN2YS6SIGNAL12ClearReserveEi	low	3.98	2.12	1	imm1.00,disp0.18,wid0.22
001ae1e0	0049c664	_ZN2YS11SIGNAL_HOOK17set_progress_flagEi	low	3.71	1.58	1	disp1.00,wid0.33
001aeb80	00443180	_ZN2YS8LOCALSET7SysInitEv	med	6.27	5.47	2	cal1/1,imm0.19,disp0.58,wid0.67
001aedf8	00432b4c	_ZN2YS8GAMEOVERC1EPNS_3OBJEi	high	38.56	55.52	0	cal10/10,imm0.75,disp0.77,wid0.93
001afe30	004ba0f0	_ZN2YS5VOICE7GetBankEi	rerun-med	0	0	rerun	callee:0x175790;cu:0x0;loc:0x0
001aff90	004ba5a4	_ZN2YS5VOICE11GetTableNumEiiiPi	low	4.85	2.85	0	imm1.00,disp0.38,wid0.67
001b0188	004b99b8	_ZN2YS5VOICED2Ev	rerun-high	0	0	rerun	callee:0x1b4dd0;callee:0x319f88;callee:0x31e7f8;callee:0x31ef58;callee:0x31f0c0;callee:0x31f388;callee:0x31fec0;callee:0
001b01b0	004b98f4	_ZN2YS5VOICED1Ev	vt-med	0	0	vt	globals;run3-edge;neg1,disp1.00,wid0.25
001b01d8	004b9950	_ZN2YS5VOICED0Ev	low	4.79	3.58	0	cal1/1,neg1,disp1.00,wid0.25
001b0210	004b9a14	_ZN2YS5VOICE7requestEiiPNS_3OBJE	low	4.18	1.63	0	disp1.00,wid0.75
001b0370	004ba6a0	_ZN2YS9VOICE_IOP4playEiRKN2kn7FVectorE	vt-med	0	0	vt	order-rev;run3-edge;disp1.00,wid1.00
001b0390	004ba6d4	_ZN2YS8VOICE_EE4playEiRKN2kn7FVectorE	vt-med	0	0	vt	vt_store;run3-edge;disp1.00,wid1.00
001b0448	00444f10	_ZN2YS6LOOKAT8set_boneEPNS_3OBJE	med	5.54	1.87	2	imm1.00,disp1.00,wid0.60
001b0728	004451f8	_ZN2YS6LOOKAT5startERKN2kn7FVectorEfj	med	5.97	3.05	0	fp-,imm1.00,disp1.00,flt1.00,wid0.80
001b0798	00445290	_ZN2YS6LOOKAT5startEPNS_3OBJEfj	med	7.56	5.75	0	cal1/1,fp-,imm1.00,disp1.00,wid0.91
001b14d8	0043e788	_ZN2YS5LIGHT4InitEv	med	5.97	4.37	2	cal1/1,imm0.23,disp0.04,wid0.62
001b1560	0043e2c8	_ZN2YS5LIGHT4ExecEP4TASK	high	15.10	20.61	0	cal4/4,brn-,fp-,imm0.69,disp0.57,wid0.84
001b18e8	0043e644	_ZN2YS5LIGHT9FinalizerEP4TASK	med	7.22	6.93	1	cal1/1,wid1.00
001b1a30	0043e980	_ZN2YS5LIGHT6CreateENS0_4TYPEE	med	7.87	4.71	0	cal1/1,imm0.44,disp0.68,wid0.62
001b1ab8	0043e064	_ZN2YS5LIGHT7destroyEv	low	4.14	1.62	0	disp0.64,wid0.93
001b1b58	004597f8	_ZN2YS6MOTION16get_trans_directEf	med	6.39	1.63	1	imm1.00,disp1.00,flt1.00,wid0.05
001b1bb8	0043e6e8	_ZN2YS5LIGHT9set_colorEiiifi	rerun-high	0	0	rerun	callee:0x174af8;callee:0x1b65e0;loc:0x0
001b1d20	004c1da4	_ZN2YS4ZAKOC2EPKNS_8OBJENTRYERKN2kn7FVectorEf	rerun-med	0	0	rerun	callee:0x1c4120;loc:0x0
001b1da0	004c1cd0	_ZN2YS4ZAKO10_OVR__deadEv	high	15.29	3.00	0	cal3/3,fp-,imm0.67,disp1.00,flt1.00,wid0.67
001b1e00	004c1c50	_ZN2YS4ZAKO14_OVR_leave_reqEv	high	17.77	21.84	0	cal4/4,disp1.00,wid1.00
001b20f0	00402028	_ZN2YS10ACTION_HOP5startEPNS_3OBJE	med	5.00	3.00	2	cal1/1
001b2108	00402058	_ZN2YS10ACTION_HOP7controlEPNS_3OBJE	high	9.16	7.09	2	cal1/1,fp-,disp1.00,flt1.00,wid0.75
001b2170	004020d0	_ZN2YS10ACTION_HOP13calc_movementEPNS_3OBJE	vt-high	0	0	vt	slots2;run1;cal0/1,brn-,fp-,disp0.79,wid0.67
001b2210	00402190	_ZN2YS3OBJ11prepare_hopERKN2kn7FVectorEff	low	4.63	4.39	1	cal1/1,brn-,imm1.00,disp1.00,loc-,wid0.47
001b2488	0047a52c	_ZN2YS4PATH9FinalizerEv	low	3.00	1.50	4	cal1/1,neg1,wid0.50
001b24c8	004b35f4	_ZN2YS6VACUUM4ExitEv	med	5.50	1.83	2	cal1/1,wid1.00
001b2728	004c85a0	_ZN2YS13ACTION_CARPET5startEPNS_3OBJE	low	4.89	2.60	3	imm0.83,disp0.53,wid0.58
001b2778	004c86e4	_ZN2YS13ACTION_CARPET3endEPNS_3OBJE	sandwich	2.50	0.00	3	sandwich,
001b2780	004c86e8	_ZN2YS13ACTION_CARPET4jumpEPNS_3OBJERKN2kn7FVectorE	sandwich	10.69	0.00	3	sandwich,cal2/2,imm1.00
001b27c0	004c8730	_ZN2YS13ACTION_CARPET11jump_heightEPNS_3OBJEf	sandwich	10.69	0.00	3	sandwich,cal2/2,imm1.00
001b27f0	004c8778	_ZN2YS13ACTION_CARPET10party_jumpEPNS_3OBJEb	high	16.15	11.59	1	cal3/3,fp-,imm1.00,disp1.00,flt1.00,wid0.75
001b2860	004c8830	_ZN2YS13ACTION_CARPET7controlEPNS_3OBJE	high	11.96	6.38	0	cal3/3,brn-,fp-,imm1.00,disp0.63,flt1.00,loc-,wid0.82
001b2b58	004c8a54	_ZN2YS13ACTION_CARPET13calc_movementEPNS_3OBJE	low	4.72	3.34	1	disp0.62,wid0.38
001b2b80	004c8b2c	_ZN2YS17ACTION_CARPETJUMP5startEPNS_3OBJE	high	12.01	6.27	1	cal2/2,disp1.00,wid1.00
001b2bd8	004c8bc0	_ZN2YS17ACTION_CARPETJUMP4jumpEPNS_3OBJERKN2kn7FVectorE	vt-high	0	0	vt	slots2;run4;cal2/2,imm1.00
001b2c18	004c8c08	_ZN2YS17ACTION_CARPETJUMP11jump_heightEPNS_3OBJEf	vt-high	0	0	vt	slots2;run4;cal2/2,imm1.00
001b2c48	004c97f0	_ZN2YS17ACTION_CARPETBLOW13calc_movementEPNS_3OBJE	low	3.71	1.83	1	icall-,disp0.43,flt1.00,wid0.45
001b2cf8	004c8b98	_ZN2YS17ACTION_CARPETJUMP4landEPNS_3OBJE	med	7.14	3.81	1	cal1/1,imm1.00
001b2d10	004c8c50	_ZN2YS17ACTION_CARPETJUMP9CheckLandEPNS_3OBJERN2kn7FVectorE	rerun-med	0	0	rerun	callee:0x1b2c48;loc:0x0;selfweak:0x0
001b2db0	004c8e74	_ZN2YS16ACTION_CARPETOBJ5startEPNS_3OBJE	med	5.24	3.86	1	disp1.00,wid1.00
001b2db8	004c8e88	_ZN2YS16ACTION_CARPETOBJ7controlEPNS_3OBJE	high	33.15	39.28	0	cal12/13,icall-,fp-,disp0.38,flt1.00,loc-,wid0.35
001b3018	00472650	_ZN2YS6OBJOCCD1Ev	high	10.17	6.91	0	cal1/1,imm1.00,disp1.00,wid0.89
001b32c8	00472b34	_ZN2YS6OBJOCC6enableEi	med	5.87	1.81	0	imm1.00,disp0.52,wid0.89
001b3748	004e86c8	_ZN2YS3OBJ9footprintEi	high	41.80	30.78	0	cal13/13,sw-,fp-,imm0.94,disp1.00,wid0.36
001b3a90	004de754	_ZN2YS6BTLNPCC1EPKNS_8OBJENTRYERKN2kn7FVectorEf	high	11.55	7.88	0	cal2/2,imm0.51,disp0.60,wid1.00
001b4098	0047b790	_ZN2YS7PIERROT20_OVR_attack_callbackEPNS_6BTLOBJEPNS_6ATTACKEPKNS_11ATTACKPARAME	high	9.81	3.00	0	cal1/1,imm1.00,disp1.00,wid1.00
001b47d8	004402b0	_ZN2YS5LIMITC1EPKNS_11LIMIT_TABLEEPNS_6PLAYEREf	high	31.85	44.46	0	cal9/9,neg1,fp-,imm0.68,disp0.77,wid0.84
001b4c48	0043f690	_ZN2YS5LIMIT9set_imageERNS_10IMAGE_DATAEPKc	med	6.96	6.13	0	imm1.00,disp1.00,wid0.82
001b4dd0	0043fbe8	_ZN2YS5LIMITD1Ev	high	24.34	28.78	0	cal8/9,neg3,imm0.74,disp0.72,wid0.95
001b58f0	00440800	_ZN2YS5LIMIT12start_effectEiiPNS_3OBJE	med	7.13	5.63	0	cal1/1,imm1.00
001b5918	00440ca8	_ZN2YS5LIMIT12AnmatrEffectEPN3ryj3PAXEPNS_3OBJEiPNS1_6EFFECTE	high	8.97	7.76	0	cal1/1,imm1.00,disp0.34,wid0.67
001b5a10	00440de8	_ZN2YS5LIMIT6GetPaxEv	high	8.25	7.13	0	cal1/1,imm1.00,disp0.20,wid0.60
001b5a60	00440f18	_ZN2YS5LIMIT9PlayVoiceEiiPNS_3OBJE	low	4.93	2.20	0	disp0.36,wid1.00
001b5ab0	00440f68	_ZN2YS5LIMIT8ComboHitEv	low	3.14	4.19	0	cal0/1,call-,imm1.00,flt1.00,wid0.50
001b5af0	00440fb4	_ZN2YS5LIMIT14GetExecCommandEv	low	4.92	2.00	0	disp0.52,wid1.00
001b6c20	004dfbec	_ZN2YS10CHANGEFORM10CaptureEndEPNS_4SORAE	high	10.64	4.50	0	cal2/2,imm1.00,wid1.00
001b6c60	004dfc40	_ZN2YS10CHANGEFORM4DeadEPNS_4SORAE	high	9.68	2.55	0	cal2/2,neg1,imm1.00,disp0.47,wid1.00
001b6dd0	004cc700	_ZN2YS3OBJ15prepare_flyjumpERKN2kn7FVectorE	med	7.83	3.36	0	cal1/1,disp1.00,wid1.00
001b6e08	004cc420	_ZN2YS14ACTION_FLYJUMP5startEPNS_3OBJE	high	19.93	6.16	1	cal5/5,fp-,disp1.00,flt1.00,wid0.60
001b6e90	004cc550	_ZN2YS14ACTION_FLYJUMP7controlEPNS_3OBJE	high	15.55	27.71	2	cal4/4,neg1,icall-,fp-,disp0.88,flt1.00,wid0.70
001b6f48	004cc640	_ZN2YS14ACTION_FLYJUMP13calc_movementEPNS_3OBJE	sandwich	4.00	0.00	2	sandwich,wid1.00
001b6f88	004cc674	_ZN2YS14ACTION_FLYJUMP4landEPNS_3OBJE	med	6.76	2.76	1	cal1/1,disp1.00,wid0.50
001b77d0	004737e0	_ZN2YS7OBJPART12GetMessageIdEi	sandwich	-0.50	0.00	0	sandwich,size,wid0.00
001b77e8	00473890	_ZN2YS7OBJPART16GetTargetCommandEi	sandwich	-0.50	0.00	0	sandwich,size,wid0.00
001b7800	00473940	_ZN2YS7OBJPART18GetChangeinCommandEi	sandwich	-0.50	0.00	0	sandwich,size,wid0.00
001b78b8	0046642c	_ZN2YS7OBJCLSN4freeEv	med	6.00	4.50	0	cal1/1
001b7958	0046691c	_ZN2YS7OBJCLSN10make_spaceERKNS_9COLLISIONE	med	5.89	2.28	0	imm1.00,disp1.00,wid0.50
001b7b10	00466140	_ZN2YS7OBJCLSN5avoidEPS0_RKN2kn7FVectorERS3_	high	13.04	30.04	1	cal5/7,brn-,fp-,imm1.00,disp1.00,wid0.30
001b84b8	0043d564	_ZN2YS8LIBRETTO4execEP4TASK	rerun-med	0	0	rerun	caller:0x1b8520;fp:0x1b84b8;loc:0x0;self:0x0
001b8520	0043d2e8	_ZN2YS8LIBRETTO10CodeParserEPKNS_4CODEEPv	high	19.55	12.52	0	cal6/6,sw-,icall-,disp1.00,wid0.74
001b87b0	004bee8c	_ZN2YS9WORLDFLAG7NewGameEv	med	6.65	4.49	2	cal1/1,disp1.00,wid0.22
001b8838	004beae0	_ZN2YS9WORLDFLAG3SetEi	low	4.51	7.31	1	cal1/3,imm0.40,disp1.00,wid0.50
001b8c70	004be0f8	_ZN2YS9WORLDFLAG10CodeParserEPKNS_4CODEEPv	med	5.84	2.55	0	cal1/1,size,imm1.00,disp1.00,wid0.07
001b8ce0	004beeec	_ZN2YS9WORLDFLAG16ProgressCallbackEi	high	8.12	6.06	2	cal1/1,imm1.00,disp0.19,wid0.86
001b8d60	004be800	_ZN2YS9WORLDFLAG13GetUpdateFlagEPh	low	4.45	2.36	3	disp1.00,wid0.75
001b8e00	004bef78	_ZN2YS9WORLDFLAG14ClearGumiStageEi	low	4.50	6.65	2	cal2/3,wid0.00
001b8ff8	0041b938	_ZNK2YS12COMMAND_ELEM10is_invalidEPNS_3OBJE	med	7.51	6.78	0	cal1/1,disp0.23,wid1.00
001b9380	0046d928	_ZN2YS3OBJ4linkEv	low	3.58	1.92	3	disp0.53,wid0.84
001b9880	0046d5e0	_ZN2YS3OBJ11DestroyTaskEP4TASK	low	4.97	5.96	1	cal1/1,icall-,disp0.27,wid0.72
001b9974	0046d820	_ZN2YS3OBJ20DestroyTaskFinalizerEP4TASK	low	3.20	4.74	2	cal2/2,size,brn-,wid0.00
001b9c90	0046e16c	_ZN2YS3OBJ15_OVR_is_controlEv	high	13.44	16.95	0	cal3/3,disp0.94,wid0.67
001b9ee8	0046de54	_ZN2YS3OBJ4HideEi	rerun-med	0	0	rerun	callee:0x22d288;loc:0x0
001b9f80	0046df1c	_ZN2YS3OBJ4ShowEi	rerun-med	0	0	rerun	callee:0x22d288;loc:0x0
001ba138	004c0e0c	_ZN2YS9WORLDWORK5ClearEv	rerun-med	0	0	rerun	callee:0x1cd388;loc:0x0
001ba340	004383d0	_ZN2YS11ITEM_EFFECT4execEv	high	12.34	8.73	0	cal6/6,neg5,imm1.00,disp1.00,wid0.19
001baa58	0045238c	_ZN2YS7MISSIONC1EiPKc	high	9.19	4.64	0	cal2/6,call-,imm0.97,disp0.77,wid0.92
001bbb08	00453150	_ZN2YS7MISSION12GetCurrentIdEv	rerun-med	0	0	rerun	callee:0x1d50b8;loc:0x0
001bbba8	00452ef8	_ZN2YS7MISSION4QuitEi	med	7.21	12.88	0	cal3/4,neg2,imm1.00,wid0.25
001bc130	00456780	_ZN2YS7MISSION12IsActivate2dEv	high	9.86	1.57	0	cal2/2,disp1.00,wid0.50
001bc990	0041cf54	_ZN2YS12COMMAND_MENU4makeEPKt	high	8.50	7.34	2	cal1/1,disp1.00,wid1.00
001bce90	0041cfc0	_ZN2YS12COMMAND_MENU13make_by_tableEPKNS0_5TABLEEjPKNS_6TARGETE	low	4.48	1.97	1	cal1/2,call-,imm1.00,disp0.70,wid0.67
001bcf80	00480234	_ZN2YS14PLAYER_COMMANDC1Ev	high	47.94	43.32	0	cal13/13,imm0.81,disp0.63,wid0.54
001bd370	004801f8	_ZN2YS14PLAYER_COMMAND10clear_menuEv	rerun-med	0	0	rerun	callee:0x1bded8;loc:0x0
001bdc88	00481638	_ZN2YS14PLAYER_COMMAND4hideEv	low	4.95	3.11	0	disp1.00,wid1.00
001bde58	00480188	_ZN2YS14PLAYER_COMMAND14clear_overrideEv	high	9.66	3.00	0	cal2/2,imm1.00
001bde88	0042b994	_ZN2YS13FIELD_COMMAND10init_fieldEv	high	9.74	7.39	0	cal1/1,imm0.74,disp1.00,wid1.00
001bded8	0042baa8	_ZN2YS13FIELD_COMMAND9init_areaEv	high	8.99	4.14	0	cal2/2,neg2,imm1.00,disp1.00,wid0.43
001bdf38	0042bdb0	_ZN2YS13FIELD_COMMAND10initializeEPNS_6PLAYEREPNS_3PADE	high	10.84	11.84	0	cal2/2,disp1.00,wid1.00
001bdf68	004369e8	_ZN2YS4ITEM14KnowBattleItemEi	low	4.90	1.86	0	cal1/1,disp0.09,wid0.22
001bdff0	0042ba04	_ZN2YS13FIELD_COMMAND12InitShortcutEv	high	9.99	3.07	0	cal2/2,disp1.00,wid0.50
001be9a0	0042b358	_ZN2YS13FIELD_COMMAND9make_itemEv	high	16.43	8.84	0	cal3/3,imm0.77,disp0.95,wid0.85
001bec68	0042bdf8	_ZN2YS13FIELD_COMMAND4makeEv	med	7.68	8.26	0	cal5/5,neg6,imm1.00,disp0.56,wid0.44
001bed48	0042b6b0	_ZN2YS13FIELD_COMMAND13make_shortcutEv	high	20.76	8.31	0	cal4/4,imm1.00,disp1.00,wid0.80
001bf4e8	0048b968	_ZN2YS8PRIZEBOX9_OVR_execEv	high	12.37	7.65	0	cal4/4,neg2,fp-,disp0.64,flt1.00,wid0.75
001bf710	0048bf08	_ZN2YS15ACTION_PRIZEBOX5startEPNS_3OBJE	rerun-med	0	0	rerun	caller:0x17c578;fp:0x1bf710;loc:0x0;self:0x0
001bf860	0048cff0	_ZN2YS11PRIZEEFFECT11_phase_moveEf	low	3.73	4.74	1	disp0.04,flt1.00,wid0.24
001bf930	0048c108	_ZN2YS15ACTION_PRIZEBOX4landEPNS_3OBJE	med	8.00	8.01	0	cal1/1,imm0.62,disp0.50,wid0.71
001bf9d8	0048c248	_ZN2YS19ACTION_PRIZEBOX_GET5startEPNS_3OBJE	med	7.68	5.95	0	cal1/1,imm1.00,wid1.00
001bfa08	0048c2b8	_ZN2YS19ACTION_PRIZEBOX_GET7controlEPNS_3OBJE	high	16.71	8.85	0	cal4/4,brn-,icall-,fp-,imm1.00,disp0.82,flt1.00,wid0.51
001bfda0	00474d20	_ZN2YS11PARTS_COLOR15make_draw_colorERKNS_5COLORE	med	5.62	2.42	0	brn-,fp-,imm0.72,disp0.75,flt1.00,wid0.57
001bffd8	0040a4e4	_ZN2YS12ATTACK_CHECK11NewAttackIdEv	sandwich	3.84	0.00	0	sandwich,imm0.19,disp0.08,wid0.71
001c0058	0040a748	_ZN2YS12ATTACK_CHECK12FreeAttackIdEi	sandwich	4.70	0.00	0	sandwich,disp1.00,wid0.67
001c0150	00409d5c	_ZN2YS12ATTACK_CHECKC1EPNS_6BTLOBJE	low	3.32	1.73	1	brn-,imm0.39,disp0.58,wid0.62
001c0298	0040a078	_ZN2YS12ATTACK_CHECK6is_hitEPNS_6ATTACKE	med	7.31	5.16	1	imm0.25,disp1.00,flt1.00,wid0.78
001c0320	0040a1c8	_ZN2YS12ATTACK_CHECK3hitEPNS_6ATTACKERb	high	8.42	7.09	1	cal1/1,imm0.30,disp1.00,wid0.78
001c0410	00409c38	_ZN2YS12ATTACK_CHECK19hit_interval_attackEPNS_6ATTACKEPKNS_11ATTACKPARAME	med	5.76	3.43	1	imm1.00,disp0.78,wid0.71
001c0490	00409a80	_ZN2YS12ATTACK_CHECK4execEv	med	7.56	4.82	0	cal1/1,fp-,imm0.62,disp0.51,flt1.00,wid0.86
001c0560	0040a840	_ZN2YS12ATTACK_CHECK4ExecEv	med	5.50	5.00	1	cal1/1,wid1.00
001c1130	004976d0	_ZN2YS8SELECTOR12SetPauseModeEi	low	4.51	2.68	0	disp1.00,wid0.06
001c11e0	004978c8	_ZN2YS8SELECTOR10GetCurrentEv	sandwich	2.14	0.00	0	sandwich,imm0.13,wid0.00
001c1308	00448924	_ZN2YS10MASSEFFECT7MANAGERC1EPN3ryj6EFFECTEijj	high	12.28	9.59	0	cal2/2,imm1.00,disp1.00,wid0.78
001c13e8	00448a68	_ZN2YS10MASSEFFECT7MANAGERD1Ev	high	12.39	7.75	0	cal2/2,imm1.00,disp1.00,wid1.00
001c17a8	00448588	_ZN2YS10MASSEFFECTC1EPNS0_7MANAGERERKN2kn7FVectorEPFbPS0_E	med	5.04	2.90	1	disp0.98,wid0.59
001c17fc	00448e9c	__sti___14_masseffect_cpp_14d4de2c	low	3.24	2.24	0	wid1.00
001c1808	00448420	_ZN2YS10MASSEFFECTD1Ev	low	4.81	3.01	0	imm1.00,disp0.63,wid0.92
001c18d0	00448630	_ZN2YS10MASSEFFECT4execEv	med	5.02	4.30	1	icall-,disp1.00,wid0.78
001c1938	004486d4	_ZN2YS10MASSEFFECT15link_zsort_listERNS_5SLISTINS0_5ZSORTELi0EEEPS2_RKN2kn7FMatrixE	low	3.21	2.38	1	brn-,disp1.00,wid0.81
001c1a30	0044885c	_ZN2YS10MASSEFFECT14make_referenceERNS0_9REFERENCEE	med	7.71	4.50	0	imm1.00,disp1.00,wid0.74
001c1b08	004d5b60	_ZN2YS6BTLOBJ7tornadoEPNS_6ATTACKEb	high	8.82	7.86	0	cal2/2,brn-,icall-,fp-,imm1.00,disp0.88,flt1.00,loc-,wid0.74
001c1cc8	004d5dc8	_ZN2YS14ACTION_TORNADO7controlEPNS_3OBJE	med	5.85	2.59	1	cal1/1,icall-,fp-,imm0.45,disp0.59,flt0.23,wid0.64
001c1d90	004d6228	_ZN2YS17ACTION_FLYTORNADO7controlEPNS_3OBJE	high	12.73	2.40	1	cal2/2,imm1.00,disp1.00,flt1.00,wid0.40
001c1df8	004d5f18	_ZN2YS14ACTION_TORNADO12CalcMovementEPNS_6BTLOBJE	low	4.54	3.85	1	cal1/1,brn-,icall-,fp-,imm1.00,disp0.82,wid0.26
001c1fe0	004d59c0	_ZN2YS14ACTION_TORNADO6SetDirEPNS_6BTLOBJE	low	4.18	6.48	1	cal1/1,brn-,icall-,fp-,imm1.00,disp1.00,wid0.38
001c20e8	0047a65c	_ZN2YS7PATTERN7ConvertEjPNS_6DAMAGEEPNS_6BTLOBJE	high	8.68	7.66	2	cal2/2,brn-,imm0.80,disp0.84,loc-,wid0.85
001c2338	0049ad08	_ZN2YS9SHOPPOINTC1EPKNS_8OBJENTRYERKN2kn7FVectorEf	med	7.15	7.69	0	cal1/1,imm1.00,disp1.00,loc-,wid1.00
001c2490	00448f60	_ZN2YS7MASSOBJC1EPKNS_8OBJENTRYEiiijj	high	13.89	12.85	0	cal2/2,imm0.58,disp1.00,flt1.00,wid0.80
001c25a0	00448efc	_ZN2YS7MASSOBJ14_OVR_leave_reqEv	high	11.08	3.00	0	cal2/2,disp1.00,wid1.00
001c25e8	004490ac	_ZN2YS7MASSOBJ6CreateEPKNS_8OBJENTRYERKN2kn7FVectorEf	high	26.71	4.86	0	cal8/8,sw-,imm0.57,disp0.87,wid0.50
001c28f8	00449548	_ZN2YS7MASSOBJ11APPEAR_ITER4execERN2kn7FVectorEb	rerun-high	0	0	rerun	callee:0x1c51d8;callee:0x1ce508;callee:0x1d65f8;loc:0x0
001c2d88	00481dd0	_ZNK2YS11PLAYERPARAM5applyEv	high	18.41	21.28	0	cal5/5,brn-,imm0.53,disp1.00,loc-,wid1.00
001c2eb8	00481fd8	_ZN2YS11PLAYERPARAM5ApplyEi	med	6.29	5.54	1	cal1/1,imm1.00,disp0.16,wid0.60
001c2f90	004c5238	_ZN2YS7ABILITY4initEPNS_5SHEETE	med	7.53	5.57	0	brn-,imm1.00,disp1.00,loc-,wid0.55
001c3060	004c5818	_ZN2YS7ABILITY5checkEv	high	12.82	14.99	1	cal2/2,imm0.43,disp0.82,wid0.88
001c3150	004c5310	_ZN2YS7ABILITY8set_itemEi	high	24.55	28.07	0	brn-,imm0.89,disp0.98,loc-,wid0.89
001c35a0	004c50b0	_ZN2YS7ABILITY9set_levelEv	low	4.03	2.40	2	imm0.51,disp0.81,wid0.33
001c3618	004c5918	_ZNK2YS7ABILITY9get_levelEi	med	6.21	2.17	1	imm1.00,disp1.00,wid0.50
001c38c0	004c71a0	_ZN2YS15ACTION_AIRSLIDE7controlEPNS_3OBJE	high	11.31	4.99	0	cal2/2,fp-,imm1.00,disp0.81,flt1.00,loc-,wid1.00
001c3978	004c7264	_ZN2YS15ACTION_AIRSLIDE13calc_movementEPNS_3OBJE	vt-high	0	0	vt	slots2;run1;brn-,fp-,imm1.00,disp0.50,wid0.09
001c39d0	004cd858	_ZN2YS17ACTION_GLIDEHOVER8_controlEPNS_3OBJE	high	18.50	7.36	0	cal5/5,icall-,fp-,imm1.00,disp1.00,flt1.00,loc-,wid0.69
001c3aa0	004cd970	_ZN2YS17ACTION_GLIDEHOVER7controlEPNS_3OBJE	high	10.94	6.74	0	cal2/2,fp-,imm1.00,disp1.00,flt1.00,loc-,wid0.67
001c3b20	004cdb40	_ZN2YS17ACTION_GLIDEHOVER13calc_movementEPNS_3OBJE	low	3.50	6.15	2	cal1/1,brn-,fp-,imm1.00,disp0.12,wid0.20
001c3ba8	004cda08	_ZN2YS17ACTION_GLIDEHOVER15calc_movement_yEPNS_3OBJE	high	26.87	2.82	0	cal8/8,fp-,disp1.00,flt1.00,loc-,wid0.91
001c3ca8	004cce08	_ZN2YS12ACTION_GLIDE5startEPNS_3OBJE	med	7.75	3.59	1	cal1/1,disp1.00,wid1.00
001c3cd8	004cce44	_ZN2YS12ACTION_GLIDE3endEPNS_3OBJE	sandwich	6.18	0.00	1	sandwich,disp1.00,wid1.00
001c3cf8	004cce80	_ZN2YS12ACTION_GLIDE7controlEPNS_3OBJE	high	17.26	15.44	1	cal4/4,brn-,fp-,imm1.00,disp1.00,flt1.00,wid0.75
001c3e20	004ccff0	_ZN2YS12ACTION_GLIDE13calc_movementEPNS_3OBJE	high	8.83	9.29	1	cal2/2,brn-,imm1.00,disp0.70,wid0.33
001c4120	004ec1b0	_ZN2YS9LARGEZAKOC1EPKNS_8OBJENTRYERKN2kn7FVectorEf	low	4.99	1.64	0	imm1.00,disp1.00,wid1.00
001c4188	004e3418	_ZN2YS11DEADREQUEST3AddEPNS_11CROWDEFFECTEf	low	4.14	2.67	2	imm0.40,disp0.29,wid0.67
001c4520	004e3930	_ZN2YS13CROWD_M_EX6606CreateEPKNS_8OBJENTRYERKN2kn7FVectorEf	med	6.70	7.42	1	cal2/2,brn-,fp-,imm0.60,disp0.38,loc-,wid0.71
001c48a8	006d0994	_ZN2YS3OBJ6VTABLEINS_13CROWD_M_EX660EE13set_unit_dataEPS0_PNS_10UNIT_GROUPEPKNS_13UNIT_DATA_OBJE	high	12.53	3.23	0	cal3/3,imm1.00,wid1.00
001c4918	004e2d08	_ZN2YS13CROWD_M_EX6609_OVR_execEv	high	32.70	45.82	0	cal10/10,brn-,fp-,imm0.59,disp0.26,flt1.00,wid0.69
001c4e30	004e35c8	_ZN2YS13CROWD_M_EX66010ActionIdleEPNS_11CROWDEFFECTE	low	4.00	6.68	3	cal1/1,brn-,fp-,imm0.10,disp1.00,wid0.29
001c4ff0	004e5ed0	_ZN2YS13CROWD_M_EX76010ActionBlowEPNS_11CROWDEFFECTE	low	3.83	1.99	1	imm0.49,disp0.66,wid0.17
001c51d8	004e6308	_ZN2YS13CROWD_M_EX7606CreateEPKNS_8OBJENTRYERKN2kn7FVectorEf	low	4.55	4.23	0	cal2/3,fp-,imm0.30,disp0.26,loc-,wid0.82
001c5580	004e44e0	_ZN2YS13CROWD_M_EX7609_OVR_execEv	high	14.71	17.23	0	cal5/5,brn-,fp-,imm0.15,disp0.17,flt1.00,loc-,wid0.84
001c5b44	006d0d90	_ZN2YS3OBJ6VTABLEINS_13CROWD_M_EX760EE13set_unit_dataEPS0_PNS_10UNIT_GROUPEPKNS_13UNIT_DATA_OBJE	high	8.87	1.76	0	cal4/4,brn-,loc-,wid0.33
001c5c60	004e4f50	_ZN2YS13CROWD_M_EX76011CheckAttackEPNS_11CROWDEFFECTE	high	8.37	7.68	1	cal2/2,brn-,fp-,disp0.57,flt1.00,wid0.27
001c5e18	004e627c	_ZN2YS13CROWD_M_EX76010ActionDeadEPNS_11CROWDEFFECTE	med	6.47	1.61	1	imm1.00,disp1.00,wid0.80
001c5e88	004e55f0	_ZN2YS13CROWD_M_EX76011ActionLeaveEPNS_11CROWDEFFECTE	high	8.03	3.99	2	cal1/1,imm0.28,disp1.00,wid0.22
001c5f90	004e4b90	_ZN2YS13CROWD_M_EX7609AppearObjEPNS_11CROWDEFFECTE	med	7.72	11.17	0	cal3/3,brn-,fp-,imm0.68,disp0.39,loc-,wid0.18
001c6108	004e51a8	_ZN2YS13CROWD_M_EX76010ActionIdleEPNS_11CROWDEFFECTE	high	10.77	3.53	1	cal3/3,brn-,disp1.00,wid0.08
001c6320	005992c0	_ZN4SQEX4CDev6Engine2Sd6Driver14CompressorBaseC1EPNS3_31SEnvDspBusCompressorEffectParamE	low	4.33	4.24	0	disp0.14,flt1.00,wid0.62
001c6400	004e3248	_ZN2YS11DEADREQUEST4DeadEv	med	5.20	1.50	3	imm1.00,disp1.00,wid0.17
001c6460	004e5838	_ZN2YS13CROWD_M_EX76012ActionAppearEPNS_11CROWDEFFECTE	low	3.76	7.12	2	cal2/2,brn-,fp-,imm0.14,disp0.76,loc-,wid0.30
001c6850	00599050	_ZN4SQEX4CDev6Engine2Sd6Driver14CompressorBase9SetAttackEfi	low	4.13	2.45	1	disp0.17,flt1.00,wid0.33
001c6900	004e4db0	_ZN2YS13CROWD_M_EX7605_BlowEPNS_11CROWDEFFECTERKN2kn7FVectorE	high	12.10	14.68	0	cal3/3,brn-,imm1.00,disp0.31,wid0.55
001c6a28	004e6080	_ZN2YS13CROWD_M_EX76015ActionLastStageEPNS_11CROWDEFFECTE	med	5.85	6.57	0	cal2/2,brn-,fp-,imm0.25,disp0.18,wid0.48
001c6e58	0048e224	_ZN2YS8PRIZEOBJC2EPKNS_8OBJENTRYEij	rerun-med	0	0	rerun	callee:0x1a4db0;loc:0x0
001c6f10	0048e274	_ZN2YS8PRIZEOBJ6appearEPKNS_11PRIZEEFFECT5PARAMERKN2kn7FVectorEPFbPNS_10MASSEFFECTEE	med	5.49	1.53	0	imm1.00,disp0.78,wid0.67
001c7048	0048ce38	_ZN2YS11PRIZEEFFECT10phase_landEb	med	7.74	2.13	0	imm1.00,disp0.63,flt1.00,wid0.41
001c71b8	00473a30	_ZN2YS3PAD12make_triggerEy	med	6.07	2.30	6	imm1.00,disp0.31,flt1.00,wid0.17
001c71f8	002d0108	_ZN2sa5EVENT14get_spline_posEPNS_16BIN_SPLINE_POINTEfRN2kn7FVectorES5_	low	3.66	1.58	5	cal2/3,neg1,disp0.41,flt1.00,loc-,wid0.58
001c73e0	0048d988	_ZN2YS11PRIZEEFFECT9PhaseMoveEPNS_10MASSEFFECTE	low	4.54	2.80	0	disp1.00,wid1.00
001c7540	0048d2c8	_ZN2YS11PRIZEEFFECT9phase_getEv	high	8.18	2.47	0	cal2/3,brn-,fp-,imm1.00,disp0.54,flt1.00,wid0.50
001c7700	0048d9f4	_ZN2YS11PRIZEEFFECT8PhaseGetEPNS_10MASSEFFECTE	low	4.92	4.50	1	cal1/1
001c7ea8	006c7be0	_ZN2YS8PRIZEOBJ6VTABLEINS_8PRIZE_MUEE9check_getEPS0_PNS_11PRIZEEFFECTE	low	3.12	3.60	1	cal1/1,disp1.00,loc-,wid0.50
001c81d0	0047a344	_ZN2YS4PATHD1Ev	low	3.24	3.04	1	cal1/1,brn-,disp0.08,wid0.45
001c8290	006cb010	_ZN2YS6BTLOBJ6VTABLEINS_6SUMMONEE6add_hpEPS0_iib	low	3.77	4.12	1	cal1/1,disp0.46,loc-,wid0.88
001c8a70	004a4b9c	_ZN2YS6SUMMON18EndThreadFinalizerEP4TASK	med	5.92	4.92	0	cal1/1
001c8de0	0045dc14	_ZN2YS5MUTEX4InitEv	rerun-med	0	0	rerun	callee:0x169030;loc:0x0
001c8e90	00422fc0	_ZN2YS8DARKNESS4InitEv	med	6.30	6.05	1	cal1/1,wid1.00
001c8ec0	00422eb0	_ZN2YS8DARKNESS3SetEi	med	7.54	2.54	0	cal2/2,imm0.72,disp0.34,loc-,wid1.00
001c8f68	004c9740	_ZN2YS17ACTION_CARPETBLOW5startEPNS_3OBJE	med	5.63	5.65	2	cal2/2,icall-,disp1.00,loc-,wid0.50
001c9080	004c98f8	_ZN2YS17ACTION_CARPETBLOW4jumpEPNS_3OBJERKN2kn7FVectorE	vt-high	0	0	vt	slots2;run7;cal2/2,imm1.00
001c90c0	004c9940	_ZN2YS17ACTION_CARPETBLOW11jump_heightEPNS_3OBJEf	vt-high	0	0	vt	slots2;run7;cal2/2,imm1.00
001c90f0	0047a218	_ZNK2YS17PARTYATTACK_TABLE7get_numEi	low	4.59	1.74	0	imm1.00,wid0.50
001c9110	004d1a84	_ZN2YS13ACTION_LKDASH12check_cancelEPNS_3OBJE	med	6.90	8.41	1	cal2/3,icall-,imm0.63,disp0.68,wid0.36
001c91c8	004d1bf0	_ZN2YS13ACTION_LKDASH5startEPNS_3OBJE	high	10.94	4.45	2	cal2/2,brn-,fp-,imm0.81,disp0.63,flt1.00,wid0.44
001c9288	004d1d1c	_ZN2YS13ACTION_LKDASH3endEPNS_3OBJE	low	3.42	2.58	3	wid1.00
001c92a0	004d1e38	_ZN2YS13ACTION_LKDASH7controlEPNS_3OBJE	high	15.67	11.29	0	cal4/4,brn-,fp-,imm0.80,disp0.85,flt1.00,loc-,wid0.78
001c9538	004d1d40	_ZN2YS13ACTION_LKDASH4fallEPNS_3OBJE	rerun-med	0	0	rerun	fp:0x1c9538;loc:0x0;self:0x0
001c96c8	004d2328	_ZN2YS13ACTION_LKDASH10party_jumpEPNS_3OBJEb	high	12.97	2.94	0	cal3/3,fp-,imm1.00,disp1.00,flt1.00,loc-,wid0.86
001c9ea0	004d0a20	_ZN2YS17ACTION_LIGHTCYCLE5startEPNS_3OBJE	med	5.35	2.56	1	imm1.00,disp0.36,wid1.00
001c9ee8	004d0ac8	_ZN2YS17ACTION_LIGHTCYCLE7controlEPNS_3OBJE	med	5.14	3.32	0	cal1/1,brn-,fp-,imm1.00,disp0.69,flt1.00,loc-,wid0.40
001ca060	004d0c88	_ZN2YS17ACTION_LIGHTCYCLE13calc_movementEPNS_3OBJE	med	5.76	4.22	1	cal1/1,brn-,fp-,imm1.00,disp0.55,wid0.32
001ca148	004d0e30	_ZN2YS3OBJ23get_lightcycle_movementEPS0_f	high	13.06	4.12	0	cal5/5,brn-,fp-,disp0.29,flt1.00,loc-,wid0.13
001ca448	004d0a74	_ZN2YS17ACTION_LIGHTCYCLE5IsRunEPNS_3OBJE	med	6.99	7.19	1	imm1.00,disp1.00,wid1.00
001ca4a8	004d0670	_ZN2YS17ACTION_LIGHTCYCLE10CheckCrashEPNS_3OBJE	high	23.53	27.88	0	cal7/7,fp-,imm0.91,disp1.00,loc-,wid0.47
001ca8f8	00488d80	_ZN2YS14PRIZEEFFECT_PO13set_get_paramEff	rerun-med	0	0	rerun	callee:0x2d1550;loc:0x0
001ca9e0	004875d8	_ZN2YS14PRIZEEFFECT_PO10phase_stopEv	rerun-med	0	0	rerun	caller:0x1cad40;cu:0x0;fp:0x1ca9e0;loc:0x0;self:0x0
001cab08	00488c80	_ZN2YS14PRIZEEFFECT_PO9PhaseStopEPNS_10MASSEFFECTE	rerun-med	0	0	rerun	callee:0x1cbcf0;cu:0x0;loc:0x0
001cab28	004877d0	_ZN2YS14PRIZEEFFECT_PO9phase_getEv	high	8.51	5.41	0	cal3/4,brn-,icall-,imm1.00,disp0.42,flt1.00,loc-,wid0.47
001cad40	00488ca0	_ZN2YS14PRIZEEFFECT_PO8PhaseGetEPNS_10MASSEFFECTE	low	4.75	4.83	1	cal1/1
001cad60	00487b90	_ZN2YS14PRIZEEFFECT_PO18phase_get_po06_rotEv	rerun-high	0	0	rerun	callee:0x1caee0;cu:0x0;loc:0x0;self:0x0
001caee0	00488cc0	_ZN2YS14PRIZEEFFECT_PO15PhaseGetPO06RotEPNS_10MASSEFFECTE	rerun-med	0	0	rerun	callee:0x1cb278;cu:0x0;loc:0x0
001caf00	00487e20	_ZN2YS14PRIZEEFFECT_PO19phase_get_po06_fallEv	high	9.99	5.05	0	cal3/4,brn-,icall-,imm1.00,disp0.36,flt1.00,wid0.50
001cb180	00488ce0	_ZN2YS14PRIZEEFFECT_PO16PhaseGetPO06FallEPNS_10MASSEFFECTE	med	5.00	5.00	1	cal1/1
001cb278	00488090	_ZN2YS14PRIZEEFFECT_PO19phase_move_po06_rotEv	high	8.15	4.94	1	cal2/2,neg1,brn-,icall-,imm1.00,disp0.74,wid0.63
001cb470	0048839c	_ZN2YS14PRIZEEFFECT_PO20phase_move_po06_fallEv	low	3.92	4.28	2	cal2/2,neg2,brn-,icall-,fp-,imm1.00,disp0.57,wid0.38
001cb6e0	00488d00	_ZN2YS14PRIZEEFFECT_PO16PhaseMovePO06RotEPNS_10MASSEFFECTE	low	4.88	4.33	2	cal1/1
001cb700	00488d20	_ZN2YS14PRIZEEFFECT_PO17PhaseMovePO06FallEPNS_10MASSEFFECTE	med	5.00	5.00	3	cal1/1
001cb720	00488758	_ZN2YS14PRIZEEFFECT_PO14phase_get_po08Ev	rerun-high	0	0	rerun	callee:0x1cb8a0;cu:0x0;loc:0x0;self:0x0
001cb8a0	00488d40	_ZN2YS14PRIZEEFFECT_PO12PhaseGetPO08EPNS_10MASSEFFECTE	rerun-med	0	0	rerun	callee:0x1cb8c0;cu:0x0;loc:0x0
001cb8c0	004889c8	_ZN2YS14PRIZEEFFECT_PO15phase_move_po08Ev	med	6.95	1.72	1	cal1/1,neg1,icall-,imm1.00,disp0.74,wid0.64
001cba90	00488d60	_ZN2YS14PRIZEEFFECT_PO13PhaseMovePO08EPNS_10MASSEFFECTE	low	4.85	3.87	2	cal1/1
001cbb58	00488e9c	_ZN2YS8PRIZE_POC1EPKNS_8OBJENTRYE	low	4.13	2.48	2	imm1.00,disp0.08,wid0.50
001cbc50	00488d94	_ZN2YS8PRIZE_PO6appearEPKNS_11PRIZEEFFECT5PARAMERKN2kn7FVectorEPKNS_14UNIT_DATA_ZONEE	med	5.12	2.90	1	imm1.00,disp0.78,wid0.12
001cbcf0	00488f60	_ZN2YS8PRIZE_PO6AppearERKN2kn7FVectorES4_i	med	7.39	6.48	2	cal3/4,brn-,disp0.09,wid0.47
001cbe30	004891ec	_ZN2YS8PRIZE_PO13AppearForPO06ERKN2kn7FVectorEii	rerun-high	0	0	rerun	callee:0x2d3568;callee:0x2d36f0;caller:0x1cb6e0;caller:0x1cbc50;fp:0x1cbe30;loc:0x0;self:0x0
001cbeb8	0048937c	_ZN2YS8PRIZE_PO13AppearForPO08ERKN2kn7FVectorEi	rerun-high	0	0	rerun	callee:0x2de500;caller:0x1cba90;caller:0x1cbc50;fp:0x1cbeb8;loc:0x0;self:0x0
001cc220	004846c8	_ZN2YS8PRIZE_CA14_OVR_check_getEPNS_11PRIZEEFFECTE	high	24.70	12.42	0	cal6/6,imm0.34,disp0.67,flt1.00,wid0.83
001cc838	00484c20	_ZN2YS8PRIZE_CA6ReturnEPNS_6BTLOBJES2_i	rerun-med	0	0	rerun	caller:0x1cc888;fp:0x1cc838;loc:0x0;self:0x0
001cc888	004850e0	_ZN2YS8PRIZE_CA11PhaseReturnEPNS_10MASSEFFECTE	low	3.63	6.91	0	brn-,fp-,imm1.00,disp0.51,flt1.00,wid0.32
001ccda0	006c6b7c	_ZN2YS3OBJ6VTABLEINS_8PRIZE_CAEE4execEPS0_	low	4.18	4.60	0	cal2/3,disp1.00,loc-,wid0.40
001ccfa0	0048a4b0	_ZN2YS8PRIZE_TT14_OVR_check_getEPNS_11PRIZEEFFECTE	high	22.07	9.25	0	cal6/6,fp-,disp1.00,flt1.00,wid0.75
001cd078	0048a680	_ZN2YS8PRIZE_TT10ExecDamageEPNS_6DAMAGEE	high	13.29	20.81	0	cal4/4,neg1,sw-,imm0.57,disp0.62,wid0.67
001cd388	0041ebac	_ZN2YS8CONTINUE4LoadEv	med	7.45	8.75	1	cal2/2,imm0.03,wid0.00
001cd4c0	0041e374	_ZN2YS8CONTINUE4SaveEv	low	3.72	2.37	0	cal1/1,imm1.00,disp0.13,loc-,wid0.14
001cd548	004c03fc	_ZN2YS10WORLDSTART7GetAreaEi	low	3.02	2.01	0	imm0.13,disp0.29,wid0.32
001cd640	004c0560	_ZN2YS10WORLDSTART12SetStartAreaEi	low	4.50	4.81	1	cal1/1,wid0.00
001cd660	004f1210	_ZN2YS14PRIORITYTARGET5clearEv	rerun-med	0	0	rerun	callee:0x1913b8;loc:0x0
001cd690	004f1480	_ZN2YS14PRIORITYTARGET6searchEv	high	14.54	4.10	3	cal4/4,call-,imm0.26,disp1.00,wid0.44
001cd7a8	004f1270	_ZN2YS14PRIORITYTARGET3setEiPNS_3OBJE	med	6.49	1.59	2	cal3/3,brn-,imm0.15,disp0.52,loc-,wid0.54
001cdbc8	004e03d0	_ZN2YS13CHOOSE_ATTACK15check_collisionERKNS_9COLLISIONEi	med	7.57	11.32	1	cal1/1,brn-,fp-,imm0.82,disp0.67,flt1.00,wid0.55
001cddb8	004e0698	_ZN2YS13CHOOSE_ATTACK11check_enemyEv	high	13.71	15.45	0	cal3/3,disp1.00,wid1.00
001cde58	004e0b44	_ZN2YS13CHOOSE_ATTACK10get_attackEv	med	7.56	3.48	0	imm0.77,disp0.85,wid0.68
001ce328	004827d4	_ZN2YS4PREF5PartyEi	rerun-med	0	0	rerun	callee:0x1c9ea0;loc:0x0
001ce3e8	004e2260	_ZN2YS11CROWD_EVENTC1EPNS_8CROWDOBJEPKNS_8OBJENTRYERKN2kn7FVectorEf	low	4.98	2.51	3	imm0.17,disp1.00,wid1.00
001ce458	004e2220	_ZN2YS11CROWD_EVENT14_OVR_leave_reqEv	med	7.28	3.00	3	cal1/1,disp1.00,wid1.00
001ce488	004e250c	_ZN2YS11CROWD_EVENT6CreateEPKNS_8OBJENTRYERKN2kn7FVectorEf	low	4.60	3.45	3	cal1/1,fp-,imm1.00
001ce508	004e2378	_ZN2YS11CROWD_EVENT11_OVR_appearERKN2kn7FVectorEi	high	10.82	10.50	2	cal3/3,brn-,imm1.00,disp1.00,loc-,wid0.64
001ce618	004e2300	_ZN2YS11CROWD_EVENT10ActionIdleEPNS_11CROWDEFFECTE	low	4.07	2.20	3	brn-,imm1.00,disp1.00,wid1.00
001ce668	004db8c0	_Z8BdCallVMP11_BD_PROCESSiP8BD_VALUEi	low	3.26	1.74	3	disp1.00,wid0.45
001ce794	004d2b38	_ZN2YS18ACTION_LKDASH_JUMP7controlEPNS_3OBJE	high	9.06	3.64	1	cal1/1,neg1,imm1.00,disp0.96,flt1.00,wid1.00
001ce820	004d2c14	_ZN2YS18ACTION_LKDASH_JUMP4landEPNS_3OBJE	med	6.25	1.75	1	cal1/1,imm1.00
001ce838	004d2c3c	_ZN2YS18ACTION_LKDASH_JUMP4jumpEPNS_3OBJERKN2kn7FVectorE	sandwich	3.00	0.00	1	sandwich,
001ce850	004d2c60	_ZN2YS18ACTION_LKDASH_JUMP11jump_heightEPNS_3OBJEf	med	6.26	1.76	0	cal2/2,imm1.00,loc-
001ce930	004ec9f4	_ZN2YS10LIGHTCYCLE4execEv	low	3.31	4.57	0	cal1/1,imm0.45,disp0.56,loc-,wid0.64
001cea48	004ec8d0	_ZN2YS10LIGHTCYCLE10check_turnEPNS_8TRPLAYEREPKNS_3PADE	high	19.11	28.40	1	cal4/4,imm1.00,disp1.00,wid0.78
001cebb0	004ecd2c	_ZN2YS10LIGHTCYCLE4InitEv	med	6.95	4.20	0	cal2/2,imm1.00,loc-,wid0.25
001cec08	004ecc3c	_ZN2YS10LIGHTCYCLE4ExecEP4TASK	med	6.00	5.00	1	cal1/1,wid1.00
001ced68	004acbcc	_ZN2YS8TRPLAYERC1EPKNS_8OBJENTRYEPNS_3PADERKN2kn7FVectorEf	med	7.15	4.43	0	imm1.00,disp1.00,wid1.00
001cedc0	006cb6a8	_ZN2YS3OBJ6VTABLEINS_8TRPLAYEREE10initializeEPS0_	high	28.31	29.92	0	cal8/8,fp-,imm1.00,disp1.00,flt1.00,loc-,wid0.67
001cf000	004aca20	_ZN2YS8TRPLAYER24_OVR_exec_command_playerEPKNS_12COMMAND_ELEME	high	9.77	5.88	0	cal2/2,neg1,brn-,fp-,imm1.00,flt1.00,wid0.00
001cf4f8	006cbb28	_ZN2YS6BTLOBJ6VTABLEINS_8TRPLAYEREE5_deadEPS0_	med	7.68	3.97	0	cal2/2,fp-,imm1.00,flt1.00,loc-,wid0.50
001cf780	006d38c0	_ZN2YS3OBJ6VTABLEINS_8NMPLAYEREE10initializeEPS0_	high	15.89	19.39	1	cal5/5,imm1.00,loc-
001cf7d8	004ee224	_ZN2YS8NMPLAYER12_OVR_controlEv	high	19.07	14.60	0	cal6/6,neg3,imm1.00,disp1.00,wid1.00
001cf8a8	006d3ef8	_ZN2YS6PLAYER6VTABLEINS_8NMPLAYEREE13make_movementEPS0_	vt-high	0	0	vt	slots4;run6;imm1.00,disp1.00,wid1.00
001cf8d0	004ee370	_ZN2YS8NMPLAYER24_OVR_exec_command_playerEPKNS_12COMMAND_ELEME	high	20.90	13.65	0	cal5/5,fp-,imm1.00,disp1.00,flt1.00,wid0.33
001cf9e0	004ee104	_ZN2YS8NMPLAYER8set_lampEi	high	27.06	30.17	0	cal7/7,imm1.00,disp1.00,wid0.80
001cfac0	004ee5a8	_ZN2YS8NMPLAYER9set_paramEffff	med	5.33	1.79	0	disp1.00,wid1.00
001cfaf0	004d5218	_ZN2YS12ACTION_NMGUN7controlEPNS_3OBJE	high	10.25	10.15	0	cal2/2,brn-,fp-,disp0.88,flt1.00,wid0.69
001cfcf8	0044fcfc	_ZN2YS6MICKEYC1EPKNS_8OBJENTRYEPNS_3PADERKN2kn7FVectorEf	high	10.43	13.67	0	cal2/3,call-,imm0.90,disp0.83,loc-,wid0.93
001d0678	0044fae8	_ZN2YS6MICKEY24_OVR_exec_command_playerEPKNS_12COMMAND_ELEME	high	14.00	2.62	0	cal4/5,neg1,brn-,fp-,imm1.00,disp0.82,flt1.00,wid0.50
001d0a88	00402d98	_ZN2YS11ACTION_JUMP7controlEPNS_3OBJE	low	3.99	1.86	0	cal2/4,imm0.29,disp0.28,flt1.00,loc-,wid0.07
001d0d08	006c9efc	_ZN2YS3OBJ6VTABLEINS_4SORAEE8_destroyEPS0_	med	5.65	3.37	0	cal1/1,imm0.47,disp1.00,loc-,wid1.00
001d14b8	006ca244	_ZN2YS6STDOBJ6VTABLEINS_4SORAEE5voiceEPS0_ii	med	6.23	5.09	1	cal1/1,imm1.00,disp1.00,loc-,wid1.00
001d1540	004ed9b0	_ZN2YS8LMPLAYERC1EPKNS_8OBJENTRYEPNS_3PADERKN2kn7FVectorEf	med	6.43	4.26	0	cal1/1,imm1.00,disp1.00,loc-,wid1.00
001d1620	004ed8e0	_ZN2YS8LMPLAYER24_OVR_exec_command_playerEPKNS_12COMMAND_ELEME	med	7.84	2.06	0	cal1/1,imm1.00,disp0.88,flt1.00,loc-,wid0.87
001d1678	00453ba8	_ZN2YS9MISSION2D4initEi	vt-med	0	0	vt	globals;uneq1/3:s2.5;disp0.92,wid0.71
001d1720	00453c90	_ZN2YS9MISSION2D10deactivateEv	low	4.51	2.01	0	disp1.00,wid0.50
001d1760	00453dbc	_ZN2YS9MISSION2D9set_paramEiii	low	3.35	2.48	0	brn-,disp1.00,wid0.29
001d1820	00453d4c	_ZN2YS9MISSION2D11set_warningEv	high	9.48	8.47	0	cal1/1,imm0.54,disp1.00,wid1.00
001d1910	00454038	_ZN2YS13MISSION_TIMER10deactivateEv	high	8.77	6.67	0	cal1/1,disp1.00,wid1.00
001d1950	00453f50	_ZN2YS13MISSION_TIMER5startEi	high	17.17	2.89	0	cal4/4,disp1.00,wid1.00
001d19b0	00454088	_ZN2YS13MISSION_TIMER11set_warningEv	med	5.61	2.67	0	disp1.00,wid1.00
001d1b28	004544d8	_ZN2YS13MISSION_COUNT16limit_deactivateEv	low	3.13	2.67	2	neg1,disp1.00,wid1.00
001d1cd8	00454560	_ZN2YS13MISSION_GAUGE4initEi	low	3.12	2.12	1	call-,disp1.00,wid0.12
001d1d68	00454650	_ZN2YS13MISSION_GAUGE10deactivateEv	med	6.80	5.67	2	cal1/1,neg1,disp1.00,wid1.00
001d1e50	00454694	_ZN2YS13MISSION_GAUGE11set_warningEv	med	7.97	7.00	1	cal1/1,disp1.00,wid1.00
001d1e88	004546d8	_ZN2YS13MISSION_GAUGE13reset_warningEv	low	4.70	1.57	0	disp0.82,wid1.00
001d1f38	004e1768	_ZN2YS12COMBOCOUNTERC1Ev	high	12.36	12.39	1	cal2/2,imm1.00,disp1.00,wid1.00
001d2048	004e180c	_ZN2YS12COMBOCOUNTERD1Ev	rerun-med	0	0	rerun	callee:0x1b4dd0;loc:0x0
001d2070	004e187c	_ZN2YS12COMBOCOUNTERD0Ev	med	5.60	3.60	2	cal1/1,call-,disp1.00,wid0.17
001d22e0	004d3398	_ZN2YS9ACTION_LM7controlEPNS_3OBJE	high	9.49	4.95	0	cal1/1,fp-,imm1.00,disp1.00,flt1.00,loc-,wid1.00
001d2398	004d3468	_ZN2YS9ACTION_LM13calc_movementEPNS_3OBJE	vt-med	0	0	vt	slotscore5/2;run2-edge;cal0/1,disp1.00,wid1.00
001d2418	004d4a18	_ZN2YS8LMPLAYER4swimEv	high	14.64	8.22	0	cal4/4,brn-,fp-,imm1.00,disp0.72,flt1.00,loc-,wid0.70
001d25cc	004d4928	_ZN2YS14ACTION_LM_SWIM7controlEPNS_3OBJE	low	3.17	1.79	0	cal1/1,neg1,fp-,disp0.43,flt1.00,loc-,wid0.55
001d2648	004ea964	_ZN2YS13INTERVAL_INFO5startEif	rerun-med	0	0	rerun	callee:0x1cfcf8;loc:0x0
001d2750	004ea9f0	_ZN2YS13INTERVAL_INFO4execEv	high	8.34	5.27	0	cal1/1,disp0.61,flt1.00,wid0.59
001d2850	00486354	_ZN2YS8PRIZE_HEC1EPKNS_8OBJENTRYE	rerun-high	0	0	rerun	callee:0x1c25e8;cuweak:0x0;self:0x0
001d29a0	006c8470	_ZN2YS8PRIZEOBJ6VTABLEINS_8PRIZE_TREE9check_getEPS0_PNS_11PRIZEEFFECTE	low	4.54	2.50	0	cal1/1,disp1.00,loc-,wid1.00
001d2a68	004ca088	_ZN2YS15ACTION_DEADSORA13calc_movementEPNS_3OBJE	high	12.48	4.03	1	cal4/4,brn-,fp-,imm1.00,disp0.26,wid0.45
001d2bb0	004d3d40	_ZN2YS17ACTION_LM_DOLPHIN5startEPNS_3OBJE	high	8.21	8.89	1	cal1/1,imm1.00,disp0.78,wid0.26
001d2c78	004d3f68	_ZN2YS17ACTION_LM_DOLPHIN7controlEPNS_3OBJE	high	22.68	27.18	0	cal7/7,brn-,fp-,imm1.00,disp0.52,flt1.00,loc-,wid0.22
001d2e28	004d4220	_ZN2YS17ACTION_LM_DOLPHIN13calc_movementEPNS_3OBJE	vt-med	0	0	vt	slots2;run2-edge;cal0/1,disp0.49,wid1.00
001d2e68	004d3b58	_ZN2YS17ACTION_LM_DOLPHIN13GetNearVectorEPNS_8LMPLAYERE	high	18.04	22.29	0	cal5/5,brn-,imm1.00,disp0.74,flt1.00,loc-,wid0.60
001d3148	00429bbc	_ZN2YS12EVENT_CAMERA11make_matrixEv	high	23.21	16.88	0	cal7/7,brn-,sw-,imm0.90,disp0.17,wid0.86
001d32e8	00429d78	_ZN2YS12EVENT_CAMERA7replaceEPNS_3OBJES2_	rerun-med	0	0	rerun	callee:0x197e08;loc:0x0
001d37a0	004b3388	_ZN2YS6VACUUMC1ERKN2kn7FVectorEf	rerun-med	0	0	rerun	callee:0x18ffb8;loc:0x0
001d38a0	004b3670	_ZN2YS6VACUUM12add_movementERN2kn7FVectorEPNS_3OBJE	high	8.92	9.75	0	cal3/3,brn-,fp-,disp1.00,flt1.00,loc-,wid0.41
001d3ac0	00419a38	_ZN2YS9COLLISION8get_distERKN2kn7FVectorE	low	3.62	2.28	0	flt1.00,wid0.18
001d3c18	00442418	_ZN2YS11LIMIT_TABLE10SummonReadEi	low	3.72	3.46	0	cal1/1,neg1,size,imm1.00,disp1.00,wid0.07
001d3f38	00441b8c	_ZNK2YS11LIMIT_TABLE14is_change_idleEv	rerun-med	0	0	rerun	callee:0x1b47d8;loc:0x0
001d4570	00441bb8	_ZNK2YS11LIMIT_TABLE12update_scoreEi	low	3.00	1.59	0	disp1.00,wid0.33
001d4ae0	0049fbac	_ZN2YS15SPECIAL_COMMAND20make_skateboard_menuEPNS_4SORAEPNS_12COMMAND_MENUE	med	6.55	8.37	0	cal1/1,neg1,imm0.51,disp1.00,wid1.00
001d4c98	0045899c	_ZN2YS13MISSION_SCOREC1Ev	high	11.94	3.16	0	cal2/2,imm0.55,disp1.00,wid0.50
001d50b8	00414380	_ZN2YS7CA_SHIP10IsSkipAreaERK4AREARNS_6JUMPERE	med	6.01	8.03	0	cal1/1,imm1.00,disp1.00,loc-,wid0.33
001d5198	0041447c	_ZN2YS7CA_SHIP10ArriveAreaERK4AREA	high	9.04	7.60	0	cal2/2,imm1.00,disp1.00,loc-,wid0.83
001d5218	0041450c	_ZN2YS7CA_SHIP16ProgressCallbackEi	med	5.09	2.67	0	cal1/1,imm1.00,disp1.00,loc-,wid0.33
001d5470	00458018	_ZN2YS14MISSION_CAMERA3setEPKNS_6BINARCEPKNS_4CODEE	low	4.84	2.89	0	imm0.70,disp0.59,wid0.80
001d56f0	0049da70	_ZN2YS12SINGLETON_SEC1Ev	rerun-high	0	0	rerun	callee:0x198290;callee:0x1ced68;loc:0x0
001d5718	0049da84	_ZN2YS12SINGLETON_SED1Ev	rerun-high	0	0	rerun	callee:0x1a4ec8;callee:0x31ef58;callee:0x31f0c0;callee:0x31f388;callee:0x31fec0;callee:0x320fa8;loc:0x0
001d5770	0049dad4	_ZN2YS12SINGLETON_SE4execERKN2kn7FVectorE	low	4.63	3.03	1	cal1/1,neg1,disp1.00,wid0.57
001d5800	004ed69c	_ZNK2YS9LINK_FLAG4FLAG3setEv	low	4.97	3.64	0	cal1/1,disp1.00,loc-,wid1.00
001d5868	004ed5b8	_ZNK2YS9LINK_FLAG5is_okEv	high	10.77	2.60	1	cal2/2,disp1.00,wid0.80
001d5960	004ed710	_ZNK2YS9LINK_FLAG4execEv	low	3.50	5.20	2	cal2/2,neg2,wid0.00
001d59b0	004ed860	_ZN2YS9LINK_FLAG5CheckEv	high	8.39	6.27	3	cal1/1,imm1.00,disp0.11,wid1.00
001d5a20	0042a46c	_ZN2YS10EVENT_SKIP9FieldInitEv	rerun-med	0	0	rerun	callee:0x168fa8;loc:0x0
001d5a48	0042a45c	_ZN2YS10EVENT_SKIP13ResetSkipFlagEv	rerun-med	0	0	rerun	callee:0x169210;loc:0x0
001d5a58	0042a47c	_ZN2YS10EVENT_SKIP6IsSkipERK4AREARNS_6JUMPERE	med	5.44	5.85	2	cal2/2,brn-,disp0.04,wid0.27
001d5bb8	0042f8c4	_ZN2YS10FORM_LEVEL8GetTableEiPKNS_7FORMRAME	low	4.50	3.36	0	cal1/1,wid0.00
001d5cd0	0042fbb4	_ZN2YS10FORM_LEVEL14GetSummonTableEv	low	3.66	1.83	0	disp1.00,wid0.25
001d5d20	0042ff98	_ZN2YS10FORM_LEVEL12GetSummonExpEv	med	6.08	1.77	0	imm1.00,disp1.00,wid0.50
001d6020	0042fca4	_ZN2YS10FORM_LEVEL10CheckBraveEPNS_5ENEMYEPNS_6DAMAGEE	high	12.36	9.40	0	cal2/2,disp1.00,wid1.00
001d6148	0042fdd4	_ZN2YS10FORM_LEVEL10CheckLimitEPNS_6PLAYEREi	high	9.33	7.17	0	cal1/1,brn-,imm1.00,disp1.00,wid1.00
001d61b8	004d9740	_ZN2YS9ANTI_FORM9CheckFormEPNS_4SORAEi	high	14.38	17.41	0	cal3/3,imm1.00,disp0.63,wid0.83
001d62b0	004d9438	_ZN2YS9ANTI_FORM6IsAntiEPNS_4SORAEPNS_7FORMRAME	high	10.44	10.89	0	cal2/2,imm0.65,disp0.53,wid0.82
001d63a8	004d9590	_ZN2YS9ANTI_FORM7IsFinalEPNS_4SORAE	high	12.58	16.54	0	cal3/3,brn-,fp-,imm0.73,disp0.71,wid0.88
001d6578	0041fda0	_ZN2YS13CROWD_N_MU0606CreateEPKNS_8OBJENTRYERKN2kn7FVectorEf	med	5.20	2.70	3	cal1/1,fp-,imm1.00,wid0.00
001d65f8	0041fb98	_ZN2YS13CROWD_N_MU06011_OVR_appearERKN2kn7FVectorEi	high	9.43	2.22	0	cal3/3,brn-,imm0.41,disp0.75,loc-,wid0.67
001d6790	0041fe64	_ZN2YS13CROWD_N_MU0607MakeBowERKN2dk6AabboxE	high	9.66	9.54	0	cal2/2,imm0.72,disp1.00,loc-,wid0.92
001d68e0	004e9ad0	_ZN2YS10INDICATION10init_fieldEv	low	4.50	5.00	1	cal1/1
001d68f8	004e9bb0	_ZN2YS10INDICATION9init_areaEv	low	4.77	4.67	1	cal1/1,neg2,imm1.00,disp0.95,wid1.00
001d6b40	004ea084	_ZN2YS10INDICATION4hideEv	med	5.72	3.50	0	disp1.00,wid1.00
001d6cc8	004a648c	_ZN2YS12SUMMON_TABLE4EachEPKS0_	rerun-med	0	0	rerun	callee:0x1d6ec8;loc:0x0
001d6da8	004a64d8	_ZN2YS12SUMMON_TABLE8MakeListEPt	rerun-med	0	0	rerun	callee:0x1bded8;loc:0x0;selfweak:0x0
001d6ec8	004a5c28	_ZN2YS12SUMMON_LEVEL6GetMaxEv	med	6.27	2.53	0	imm1.00,disp1.00,wid1.00
001d7098	00456fe0	_ZN2YS7MISSION10OptionInitEi	high	19.88	21.10	0	cal5/5,brn-,imm0.65,wid1.00
001d71f0	00457164	_ZN2YS7MISSION10OptionReadEi	med	6.96	5.00	0	cal1/1,imm1.00
001d7218	00457190	_ZN2YS7MISSION11OptionStartEi	med	7.98	8.29	0	cal1/1,brn-,imm0.89
001d7380	00457340	_ZN2YS7MISSION9OptionEndEi	high	9.19	8.34	0	cal2/2,imm0.28
001d7538	004859b8	_ZN2YS15PRIZE_COLOSSEUM11AppearTableERKN2kn7FVectorEPKNS_10PRIZETABLEE	high	9.97	15.97	0	cal4/4,neg2,fp-,imm0.69,disp0.22,wid0.13
001d76e8	006c72f8	_ZN2YS8PRIZEOBJ6VTABLEINS_15PRIZE_COLOSSEUMEE9check_getEPS0_PNS_11PRIZEEFFECTE	med	6.44	4.43	0	cal1/1,disp0.57,flt1.00,loc-,wid0.75
001d7a50	004a3434	_ZN2YS4STOP7end_allEv	med	6.36	2.82	0	imm1.00,disp1.00,wid0.11
001d7b10	004a320c	_ZN2YS4STOP5startEif	med	5.96	2.84	1	imm1.00,disp1.00,wid0.67
001d7b90	004a3608	_ZN2YS4STOP18is_damage_reactionEv	med	5.04	3.39	0	disp1.00,wid1.00
001d7bd0	00457b64	_ZN2YS13MISSION_WATCH4initEi	low	4.85	1.83	1	disp1.00,wid1.00
001d7c00	00457ba0	_ZN2YS13MISSION_WATCH9set_paramEiii	low	3.67	3.00	2	neg1,disp1.00,wid1.00
001d7c38	00457be0	_ZN2YS13MISSION_WATCH8activateEv	high	8.68	6.19	0	cal1/1,disp1.00,wid1.00
001d7c90	00457c48	_ZN2YS13MISSION_WATCH10deactivateEv	vt-high	0	0	vt	vt_store;run1;disp1.00,wid1.00
001d7d68	00426334	_ZN2YS9ENEMYBASEC1EPKNS_8OBJENTRYERKN2kn7FVectorEf	med	5.36	2.56	0	cal1/1,disp1.00,loc-,wid1.00
001d7e00	00426250	_ZN2YS9ENEMYBASE15_OVR_initializeEv	low	4.28	3.00	1	cal1/1,neg1,imm1.00
001d7e38	0042629c	_ZN2YS9ENEMYBASE10_OVR_leaveEv	high	10.64	3.00	1	cal2/2,disp1.00,wid1.00
001d7e78	004262e8	_ZN2YS9ENEMYBASE10_OVR__deadEv	high	10.64	3.00	1	cal2/2,disp1.00,wid1.00
001d80f0	00456690	_ZN2YS7MISSION12Deactivate2dEv	high	12.96	1.82	1	cal4/4,call-,disp1.00,wid0.25
001d8270	004552c8	_ZN2YS7MISSION13SetTimerParamEiiii	high	9.04	4.48	0	cal2/2,icall-,imm1.00,wid0.33
001d8718	004557f0	_ZN2YS7MISSION13AddCountForceEii	high	19.98	2.32	0	cal5/5,imm0.47,wid1.00
001d89e8	00455c60	_ZN2YS7MISSION17SetCountFigureNumEiii	high	17.17	3.46	0	cal4/4,imm0.46,disp0.67,wid1.00
001d8ad8	00455d60	_ZN2YS7MISSION12WarningCountEib	high	9.76	1.87	0	cal2/2,icall-,imm1.00,disp0.21,wid0.56
001d8fa8	004563d4	_ZN2YS7MISSION12WarningGaugeEbi	high	10.41	2.70	0	cal2/2,icall-,imm1.00,disp0.21,wid0.44
001d9028	00455204	_ZN2YS7MISSION11start_comboEPKNS_9MISSION2D5TABLEE	med	5.54	1.83	0	cal1/1,imm1.00,wid0.33
001d9288	00456a84	_ZN2YS7MISSION20SetComboCounterParamEiiii	med	7.19	2.05	0	cal2/2,neg1,icall-,imm1.00,wid0.33
001d9488	0045652c	_ZN2YS7MISSION12DisableWatchEi	high	17.19	8.10	0	cal4/4,imm1.00,wid1.00
001d94f8	004ad960	_ZN2YS7UNDRESS4ExecENS_6MEMBEREPKS1_	low	3.03	4.67	0	cal2/2,neg1,call-,imm0.39,loc-,wid0.50
001d9768	0040cbd4	_ZN2YS13BATTLE_REPORTC1Ev	rerun-med	0	0	rerun	callee:0x188c30;loc:0x0
001d97c8	0040cc38	_ZN2YS13BATTLE_REPORT20IncrementFriendRecovEv	med	6.27	2.18	1	imm1.00,disp1.00,wid1.00
001d97f0	0040cc60	_ZN2YS13BATTLE_REPORT18IncrementFormCountEi	sandwich	5.09	0.00	1	sandwich,imm0.64,wid1.00
001d9820	0040cc90	_ZN2YS13BATTLE_REPORT20IncrementSummonCountEi	sandwich	4.46	0.00	1	sandwich,imm0.64,wid0.67
001d9850	0040cd58	_ZN2YS13BATTLE_REPORT13IsSecretMovieEv	low	4.87	2.57	1	imm1.00
001d98a0	0040cdc4	_ZN2YS13BATTLE_REPORT15IsFMSecretMovieEv	high	19.49	23.79	0	cal6/6,imm1.00,loc-,wid0.00
001d9d48	00439e68	_ZNK2YS6JIGSAW6is_getEv	low	4.56	1.96	0	disp1.00,wid0.67
001d9dd0	0043a058	_ZN2YS6JIGSAW8GetTableEiii	med	6.75	4.61	0	imm1.00,disp0.52,wid1.00
001d9ef0	004eb34c	_ZN2YS11JIGSAWPIECEC1EPKNS_8OBJENTRYERKN2kn7FVectorEf	med	6.31	2.59	1	imm1.00,disp1.00,wid1.00
001d9f30	004eb058	_ZN2YS11JIGSAWPIECE15_OVR_initializeEv	med	5.86	6.80	0	cal2/2,icall-,disp0.63,loc-,wid0.60
001d9fd8	004eb1b8	_ZN2YS11JIGSAWPIECE9_OVR_execEv	low	3.85	5.48	0	cal3/3,neg2,icall-,disp0.84,loc-,wid0.35
001da158	006d2240	_ZN2YS3OBJ6VTABLEINS_11JIGSAWPIECEEE9leave_reqEPS0_	high	8.08	1.78	0	cal2/2,disp1.00,loc-,wid1.00
001daef8	004c24d0	_ZN2YS4ZONEC1EPKNS_14UNIT_DATA_ZONEE	rerun-med	0	0	rerun	callee:0x1db440;loc:0x0;selfweak:0x0
001db250	004c2758	_ZNK2YS4ZONE7is_jumpEi	med	5.59	6.31	1	cal2/2,neg2,disp0.59,wid0.80
001db298	004c296c	_ZNK2YS8ZONE_BOX5is_inERN2kn7FVectorE	vt-med	0	0	vt	globals;uneq3/4:s2.4;brn-,imm1.00,disp1.00,wid0.60
001db440	004c2844	_ZN2YS4ZONE6CreateEPKNS_14UNIT_DATA_ZONEE	high	13.50	5.36	0	cal3/3,imm1.00,disp1.00,wid0.50
001db808	0049dd14	_ZN2YS9SIZEBLOCKD0Ev	med	6.31	5.21	1	cal1/1,icall-,disp1.00,wid0.62
001db950	0042146c	_ZN2YS8CROWDOBJC2EPKNS_8OBJENTRYEii	med	6.54	2.50	1	imm1.00,disp1.00,wid1.00
001db9a8	00421328	_ZN2YS8CROWDOBJ6CreateEPKNS_8OBJENTRYEii	med	7.83	5.02	3	cal2/3,imm1.00,wid0.00
001dba18	004212bc	_ZN2YS8CROWDOBJ6SearchEPKNS_8OBJENTRYE	med	7.79	4.14	2	cal1/1,disp1.00,wid1.00
001dba88	00421254	_ZN2YS8CROWDOBJ9inc_childEv	rerun-med	0	0	rerun	callee:0x1ce3e8;loc:0x0
001dba98	00421264	_ZN2YS8CROWDOBJ9dec_childEv	rerun-med	0	0	rerun	callee:0x1ce458;loc:0x0
001dbad0	004211d0	_ZN2YS8CROWDOBJ9_OVR_execEv	high	14.50	3.00	1	cal4/4,wid1.00
001dbb38	004213f0	_ZN2YS8CROWDOBJ13LeaveSomebodyEv	med	5.02	6.59	0	cal2/2,icall-,disp0.19,loc-,wid0.40
001dbc58	004206c8	_ZN2YS11CROWDEFFECTC1EPNS_10MASSEFFECT7MANAGERERKN2kn7FVectorEPKNS0_5PARAME	med	7.01	5.07	1	imm1.00,disp1.00,wid0.35
001dbcd0	00420a20	_ZN2YS11CROWDEFFECT7PreExecEv	med	5.75	3.03	0	cal2/2,loc-,wid1.00
001dbd68	004208b0	_ZN2YS11CROWDEFFECT10is_cullingEv	med	5.50	11.44	1	cal2/2,brn-,disp0.15,wid0.29
001dbe78	00420790	_ZN2YS11CROWDEFFECT10appear_objERKN2kn7FVectorE	low	3.31	4.84	0	cal2/2,brn-,fp-,disp0.44,loc-,wid0.92
001dc018	002b05b8	_ZN3ryj11EFFECT_DATA9no_searchEjRPvRj	med	6.74	2.53	2	imm1.00,disp1.00,wid1.00
001dc088	002b0724	_ZN3ryj11EFFECT_DATA7get_numEv	low	4.98	2.21	0	disp1.00,wid1.00
001dc098	002b0828	_ZN3ryj11EFFECT_DATA5ShiftEPvS1_	med	6.67	2.17	1	imm1.00,disp1.00,wid0.86
001dc140	002b0734	_ZN3ryj11EFFECT_DATA5SetupEPv	low	4.11	1.76	3	neg1,imm1.00,disp1.00,wid0.86
001dc278	002b1328	_ZN3ryj6EFFECTC1Ejj	low	4.93	1.56	1	disp0.58,wid0.85
001dc2f8	002b13ac	_ZN3ryj6EFFECTD1Ev	med	5.37	3.97	0	cal1/1,disp0.22,wid0.80
001dca30	002b2484	_ZN3ryj6EFFECT17set_reference_posEPN2kn7FVectorEi	rerun-high	0	0	rerun	callee:0x1dea80;callee:0x1e1988;cu:0x0;loc:0x0
001dca50	002b249c	_ZN3ryj6EFFECT20set_reference_matrixEPN2kn7FMatrixEi	rerun-med	0	0	rerun	callee:0x1e1988;cu:0x0;loc:0x0
001dcc18	002b2620	_ZN3ryj6EFFECT14set_draw_firstEj	med	5.59	4.39	0	disp1.00,wid1.00
001dccc8	002b23b0	_ZN3ryj6EFFECT9is_deleteEv	low	3.01	2.82	1	disp0.59,wid0.67
001dcd20	002b26e8	_ZN3ryj6EFFECT15set_no_viewclipEv	low	4.91	1.67	0	disp1.00,wid1.00
001dcdb8	002b282c	_ZN3ryj6EFFECT4InitEP9ALLOCATORii	low	4.40	6.45	1	cal1/1,icall-,imm0.40,disp0.04,wid0.52
001dcfb0	002b2b78	_ZN3ryj6EFFECT4FreeEj	med	5.67	3.05	0	cal1/1,wid0.67
001dd1b0	002b2ee4	_ZN3ryj6EFFECT11SetFogRangeEff	rerun-high	0	0	rerun	callee:0x15c958;callee:0x15ca40;cu:0x0;loc:0x0
001dd1c8	002b2f08	_ZN3ryj6EFFECT11SetFogColorEhhh	rerun-high	0	0	rerun	callee:0x15c958;callee:0x15ca40;cu:0x0;loc:0x0
001dd1e8	002b2f38	_ZN3ryj6EFFECT11SetFogClampEhh	rerun-high	0	0	rerun	callee:0x15c958;callee:0x15ca40;cu:0x0;loc:0x0
001dd260	002b2fa4	_ZN3ryj6EFFECT4PrevEPS0_	low	3.63	2.63	0	wid1.00
001dd568	002b0ed4	_ZN3ryj12qsort_effectEPPNS_6EFFECTEPfii	low	3.05	2.35	0	imm1.00,wid0.00
001de750	002b7f10	_ZN3ryj3PAX5ShiftEPvS1_	med	7.59	5.00	2	cal1/1,disp1.00,wid1.00
001de770	002b7ee0	_ZN3ryj3PAX5SetupEPv	med	7.59	5.00	4	cal1/1,disp1.00,wid1.00
001dea80	002b5268	_ZN3ryj3PAX7MANAGERC1EPNS_6EFFECTEPNS0_4ELEMEPvf	med	5.57	3.12	0	imm0.70,disp0.87,wid0.43
001dec78	002b595c	_ZN3ryj3PAX7MANAGERC1EPNS_6EFFECTEPNS0_4ELEMEPNS0_14USER_BIND_ARGSEf	high	8.26	6.62	0	imm1.00,disp0.90,wid0.87
001ded98	002b47c8	_ZN3ryj3PAX7MANAGERD1Ev	low	3.63	5.49	1	disp1.00,wid0.20
001dee88	002b6f98	_ZN3ryj3PAX7MANAGER4bindEv	high	52.31	14.31	0	cal16/17,brn-,imm0.50,disp0.96,wid0.91
001df9c8	002b68d4	_ZN3ryj3PAX7MANAGER13system_deleteEv	high	12.51	14.09	0	cal2/2,imm0.35,disp1.00,wid0.88
001dffd8	002b6968	_ZN3ryj3PAX7MANAGER15bind_effect_offEv	med	7.59	4.75	0	cal1/1,disp0.46,wid1.00
001e0058	002b641c	_ZN3ryj3PAX5watchEv	med	5.52	3.52	0	cal1/1,size,imm1.00,disp1.00,wid0.05
001e02b8	002b63d0	_ZN3ryj3PAX8get_elemEi	med	6.67	4.63	0	imm1.00,disp1.00,wid0.80
001e03b0	002b9754	_ZN3ryj5SHAKE9FinalizerEP4TASK	low	4.29	1.64	0	disp0.96,wid1.00
001e0400	002b96f8	_ZN3ryj5SHAKE5StartEfffffff	low	4.79	2.98	1	disp0.96,wid1.00
001e07e8	002b8850	_ZN3ryj18SAVERAM_GUMIBATTLEC1Ev	low	3.52	2.57	0	imm0.49,disp0.03,wid0.26
001e09a0	002b8a10	_ZN3ryj18SAVERAM_GUMIBATTLE10get_recordEiib	low	3.57	1.93	1	imm0.62
001e09d0	002b8b00	_ZN3ryj18SAVERAM_GUMIBATTLE25get_all_treasure_completeEv	med	5.54	1.61	2	cal0/1,fp-,imm0.67,disp1.00,flt1.00,wid1.00
001e0e50	00617dd8	_ZN3ryj5LASER6attackEv	high	8.21	4.76	0	cal2/2,brn-,imm0.73,disp0.49,wid0.29
001e0fe8	0061802c	_ZN3ryj5LASER9explosionEv	low	4.37	2.64	0	disp0.69,wid0.62
001e1070	00618124	_ZN3ryj5LASER6strikeEPN2YS6BTLOBJE	high	12.95	17.15	0	cal3/3,icall-,imm1.00,disp0.79,wid0.50
001e1350	0061826c	_ZN3ryj5LASER13check_obj_hitEPN2YS6BTLOBJE	high	10.33	10.27	0	cal2/2,imm0.44,disp0.45,wid0.23
001e1500	006185a8	_ZN3ryj5LASER4moveEv	rerun-med	0	0	rerun	callee:0x1e15a8;cu:0x0;loc:0x0
001e15a8	00618828	_ZN3ryj5LASER4execEv	med	5.83	5.60	0	cal1/1,imm1.00,disp0.39,wid0.25
001e17b8	006189f4	_ZN3ryj17LAST_XEMNUS_LASER4initEv	high	15.19	11.39	0	cal3/3,call-,imm0.71,disp1.00,wid0.83
001e18d8	00619bb4	_ZN3ryj17LAST_XEMNUS_LASER17ExecTaskFinalizerEP4TASK	high	22.57	12.14	0	cal6/6,disp1.00,wid0.82
001e1988	00618cc0	_ZN3ryj17LAST_XEMNUS_LASER5setupEv	high	17.25	18.46	0	cal5/7,brn-,fp-,imm1.00,disp1.00,wid0.70
001e1e40	006190f0	_ZN3ryj17LAST_XEMNUS_LASER11exec_attackEv	low	3.56	10.46	0	cal1/1,call-,brn-,disp0.85,wid0.82
001e2450	00619374	_ZN3ryj17LAST_XEMNUS_LASER13sort_pos_listEPN2kn7FVectorEi	low	4.36	1.82	0	cal1/1,brn-,imm0.66,disp0.56,wid0.92
001e2788	00618b90	_ZN3ryj17LAST_XEMNUS_LASERC1Ev	high	9.76	8.09	1	cal1/1,disp1.00,wid0.23
001e2938	00619b5c	_ZN3ryj17LAST_XEMNUS_LASER8ExecTaskEP4TASK	med	6.17	2.00	1	imm1.00,disp0.49,wid1.00
001e29e0	0061997c	_ZN3ryj17LAST_XEMNUS_LASER5StartEPN2YS6BTLOBJE	high	11.71	10.62	0	cal3/3,imm1.00,disp0.45,loc-,wid0.80
001e2a50	00619a3c	_ZN3ryj17LAST_XEMNUS_LASER8OptimizeEv	med	5.00	7.00	0	cal2/2,loc-
001e2a78	00619a74	_ZN3ryj17LAST_XEMNUS_LASER11OptimizeEndEv	low	4.00	5.00	0	cal2/2,loc-,wid0.00
001e2c70	002abc7c	_Z15pppStopParticlePvi	low	4.28	3.78	0	disp1.00,wid1.00
001e3330	002abc98	_Z8pppSetUpPv	med	5.47	4.71	0	disp1.00,wid1.00
001e34e0	002abea4	_Z15pppSetDrawFirstPvi	low	4.57	2.93	0	sw-,imm1.00,disp1.00,wid0.17
001e3650	002af8bc	_Z7lmemsetPvii	low	3.10	1.60	0	imm1.00,wid0.00
001e3690	002abfec	_Z11pppGetPdataP9_pppMngSt	med	5.61	1.58	0	call-,imm0.41,disp1.00,wid0.88
001e3898	002ad35c	_Z10pppMoveDpdPci	low	3.95	2.80	1	cal0/1,imm1.00,disp1.00,wid0.80
001e3c98	002add24	_Z11pppInitVramv	low	3.21	1.59	3	imm0.04,disp0.67,wid0.30
001e3e48	002ad698	_Z19dpd_set_object_dataP9_pppMngSt	low	4.36	2.62	1	imm0.09,disp1.00,wid0.44
001e4028	002ae554	_Z17dpd_set_shape_texPiPhss	low	4.01	1.92	2	imm0.09,disp0.74,wid0.43
001e4320	002ac1d0	_Z27dpd_set_monochrome_rsd_dataPi	med	5.07	8.17	0	call-,sw-,imm0.61,disp0.95,wid0.88
001e4e18	002ad068	_Z10pppInitDpdPc	med	6.63	2.93	0	imm0.70,disp1.00,wid0.71
001e51f0	002ad4bc	_Z19pppDisposeTexCommonv	low	3.33	1.99	1	wid0.50
001e5458	005ca3c8	pppRyjMegaBirth	low	3.04	2.80	1	cal1/1,imm0.13,disp1.00,loc-,wid0.04
001e5fd8	002ad65c	_Z20pppGetWorkMemoryInfoPiS_	low	4.42	1.89	1	disp1.00,wid0.75
001e6280	002ada78	_Z11pppPartCalcPvi	low	4.56	6.80	1	call-,brn-,fp-,disp0.66,flt1.00,wid0.55
001e6648	002adfb0	_Z11pppInitDrawv	low	3.17	2.47	1	wid0.67
001e66e8	002aebf0	_Z11pppPartDrawP9_pppMngSt	high	9.18	10.01	0	imm0.15,disp0.57,flt1.00,wid0.57
001e6c40	002af39c	_Z15pppStartPartMngPvS_jif	med	5.29	3.38	0	call-,disp1.00,wid1.00
001e6d38	002af478	_Z17pppInitPartRenderPviS_iiiiiiiiyyyyyyy	low	3.55	2.31	0	disp0.05,wid0.69
001e7008	002af7f8	_Z15pppSetFrameTimef	low	3.50	2.17	0	wid1.00
001e7018	002af804	_Z14pppSetFogParamff	rerun-med	0	0	rerun	callee:0x1dd1b0;cu:0x0;loc:0x0
001e7030	002af828	_Z14pppSetFogColorhhh	rerun-med	0	0	rerun	callee:0x1dd1c8;cu:0x0;loc:0x0
001e7050	002af858	_Z14pppSetFogClamphh	rerun-med	0	0	rerun	callee:0x1dd1e8;cu:0x0;loc:0x0
001e7230	002af8ec	_Z11pppMemClearPvi	med	5.93	1.63	0	imm1.00,disp1.00,wid1.00
001e7798	005a634c	_Z7pppFreeP9pppMemMngPv	rerun-high	0	0	rerun	callee:0x1e6c00;callee:0x1e7be0;callee:0x20b3a0;callee:0x20cdf0;cuweak:0x0;loc:0x0
001e7a98	005a63c8	_Z16pppCreatePObjectP9_pppMngStP12_pppPDataVal	med	5.29	2.01	2	call-,imm0.31,disp0.89,wid0.72
001e7be0	005a65ec	_Z17pppAllFreePObjectP9_pppMngSt	med	5.51	1.82	3	icall-,imm1.00,disp0.61,wid0.67
001e7da8	005a6768	_Z12pppSetMatrixP9_pppMngSt	low	3.76	5.50	1	brn-,imm0.20,disp0.92,loc-,wid0.65
001e8048	005a6b34	_Z12pppStartPartP9_pppMngStPxi	med	7.62	2.66	2	call-,imm1.00,disp0.86,wid0.88
001e8180	005a6cf4	_Z10pppInitPdtPxP7pppProg	med	6.82	2.21	3	imm0.66,disp1.00,wid0.82
001e8288	005a6e80	_Z10pppMovePdtPxi	med	6.98	3.49	4	imm0.81,disp1.00,wid0.83
001e8330	005a732c	_Z14pppRunPartDrawP9_pppMngSti	med	5.22	3.74	3	icall-,imm0.42,disp0.60,wid0.19
001e8ac8	005a6f44	_Z14pppRunPartExecP9_pppMngSt	med	5.71	2.47	2	imm0.46,disp1.00,wid0.20
001e8d38	005a7d50	_Z10pppRunPartP9_pppMngSti	med	5.07	2.08	2	imm0.23,disp0.62,wid0.42
001e90d8	005ac198	pppKeLnsLpT	low	4.54	1.66	3	imm1.00,disp0.39,wid0.55
001e9c28	005c38d8	pppVertexAttend	med	5.70	1.63	6	imm0.61,disp0.68,wid0.90
001e9d48	005c2f14	_Z4apeaP11_pppPObjectP9PVertexApP10pppSVECTOR	high	8.24	2.68	5	cal1/1,imm1.00,disp0.55,wid0.92
001e9e48	005c304c	pppVertexAp	high	10.05	11.49	6	cal2/2,fp-,imm0.49,disp0.36,wid0.81
001ea100	005c3544	pppVertexApLc	high	8.50	5.66	7	cal1/1,imm1.00,disp0.59,wid0.23
001ea458	005c32dc	pppVertexApAt	low	4.85	2.07	6	cal1/1,disp0.48,wid0.19
001eb000	005be7d8	pppParMatrix	med	5.08	1.87	4	imm1.00,disp0.16,wid1.00
001ebcf0	005be9a8	pppPointAp	med	7.67	1.72	3	cal1/1,imm1.00,disp0.49,wid0.91
001ebe40	005bec28	pppPointRAp	med	7.33	1.75	4	cal1/1,fp-,imm1.00,disp0.51,wid0.79
001f4520	005aa5e8	_KeGetDeg2	low	3.79	2.32	4	disp0.51,flt1.00,wid0.28
001f4e18	005b4b40	pppKeThCon	med	5.50	1.50	9	imm0.42,disp1.00,wid1.00
001f55b8	005b5398	pppKeThHitBorn	low	3.52	3.83	8	cal1/1,imm0.47,disp0.31,loc-,wid0.34
001f5670	005b55dc	pppKeThSft	high	14.71	9.82	9	imm0.60,disp0.91,wid0.98
001f59b0	005a9398	pppKeBornRnd	high	8.96	3.46	3	cal1/1,imm0.77,disp0.53,wid0.91
001f5cb0	005a97a0	pppKeBornRndCon	sandwich	5.13	0.00	4	sandwich,disp1.00,wid1.00
001f5cc8	005a97c0	pppKeBornRnd2_Born	high	11.13	1.50	4	cal1/1,imm1.00,disp0.61,wid0.92
001f5df8	005a9954	pppKeBornRnd2	med	7.19	1.75	4	imm1.00,disp0.44,wid0.86
001f5ef8	005a9a50	pppKeBornRnd2Con	sandwich	5.13	0.00	4	sandwich,disp1.00,wid1.00
001f5f10	005a9a70	pppKeBornRnd3_Born	sandwich	10.94	0.00	4	sandwich,cal1/1,imm1.00,disp0.57,wid0.92
001f6030	005a9be8	pppKeBornRnd3	sandwich	6.92	0.00	4	sandwich,imm1.00,disp0.38,wid0.86
001f6130	005a9ce4	pppKeBornRnd3Con	sandwich	5.13	0.00	4	sandwich,disp1.00,wid1.00
001f6148	005a9d04	pppKeBornRnd4_Born	high	11.36	2.36	4	cal1/1,imm1.00,disp0.65,wid0.93
001f6298	005a9ec0	pppKeBornRnd4	high	9.29	7.19	3	cal1/1,imm0.77,disp0.52,wid0.93
001f6630	005aa318	pppKeBornRnd4Con	med	5.13	1.52	5	disp1.00,wid1.00
001f6648	005aa338	pppKeBornRnd5_Born	high	11.13	9.38	5	cal1/1,imm1.00,disp0.61,wid0.92
001f6778	005aa4cc	pppKeBornRnd5	med	7.24	1.88	5	imm1.00,disp0.47,wid0.88
001f69c0	005aa6f0	pppKeBornRnd6_Born	med	5.84	3.71	4	cal1/1,call-,imm1.00,disp0.73,wid0.76
001f6b68	005aa8d0	pppKeBornRnd6	med	5.98	3.51	6	imm1.00,disp0.42,wid0.88
001f6c58	005a90e0	KeBornPtCmlp	high	11.58	2.09	3	cal2/2,fp-,imm1.00,disp0.64,flt1.00,wid0.92
001f6e38	005a930c	pppKeBornPtCmpl	med	5.89	5.19	4	cal1/1,disp0.18,wid0.67
001f6eb8	005ac258	_Z17pppKeLnsLpTOtFuncP9VKeLnsLpTii	low	3.37	1.89	4	size,disp1.00,flt1.00,wid0.14
001f7e90	005a8b58	_Z13op_shape_drawP13tagOSHAPE_VU1P9OSHAPE_INi	med	5.68	2.63	4	brn-,imm0.28,disp0.62,wid0.78
001fbd78	005aae48	pppKeHmgEff	low	3.66	2.31	4	fp-,imm0.19,disp0.45,wid0.85
001fbf68	005ab09c	pppKeHmgEffCon	sandwich	2.50	0.00	4	sandwich,
001fbf70	005ab0a0	pppKeGrvTgt	sandwich	7.06	0.00	4	sandwich,imm1.00,disp1.00,wid0.91
001fbfc0	005ab0e8	pppKeGrvTgtCon	sandwich	4.62	0.00	4	sandwich,disp0.65,wid1.00
001fbfd8	005ab110	pppKeGrvEff	med	5.34	2.00	4	imm0.30,disp0.51,wid0.91
001fc150	005ab2c4	pppKeGrvEffCon	sandwich	2.50	0.00	4	sandwich,
001fc158	005ab2c8	pppKeHitBall	sandwich	7.16	0.00	4	sandwich,imm1.00,disp1.00,wid1.00
001fc198	005ab308	pppKeHitBallCon	sandwich	2.50	0.00	4	sandwich,
001fc1a0	005ab30c	pppKeHitBorn	med	6.88	1.57	3	cal1/1,imm1.00,disp0.36,wid0.90
001fc308	005ab490	pppKeHitBornCon	sandwich	4.91	0.00	4	sandwich,disp0.83,wid1.00
001fc320	005ab4c0	pppKeHitChkPxB	med	7.77	3.97	4	imm0.30,disp0.57,flt1.00,wid0.88
001fc5b8	005adac0	pppKeMatSN	med	5.31	1.51	4	imm0.42,disp0.58,wid0.71
001fc678	005af3e8	pppKeParMatR	med	5.22	1.74	5	imm1.00,disp0.16,wid1.00
001fc720	005adbe8	pppKeMdlDttDraw	low	4.61	2.49	5	imm0.27,disp0.46,wid0.14
001fe398	005b42a8	pppKeTh	med	5.67	2.89	5	imm0.35,disp0.46,wid0.36
001fe798	005b4c48	pppKeThTp	low	3.46	2.52	7	imm0.23,disp0.20,wid0.58
001fe8d8	005b3970	pppKeShpTailX	med	5.64	2.94	6	imm0.44,disp0.51,wid0.84
001feacc	005b3c00	pppKeShpTailXDraw	med	6.54	2.83	6	neg1,brn-,fp-,imm0.56,disp0.74,flt1.00,wid0.89
001ff350	005b0d78	pppKeShpTail2XDraw	med	7.59	2.83	7	neg1,brn-,imm0.68,disp0.67,flt1.00,wid0.96
001ff958	005b23a0	pppKeShpTail3X	high	15.45	12.54	6	imm0.57,disp0.90,wid0.94
001ffd70	005b2810	pppKeShpTail3XDraw	high	9.37	7.10	6	neg1,brn-,imm0.72,disp0.58,flt1.00,wid0.17
00209178	005c3de0	_Z6get_stP14PRyjDrawKekotoP14VRyjDrawKekoto	high	9.40	6.16	4	fp-,disp1.00,flt1.00,wid0.68
002092e0	005c3f10	pppRyjDrawKekoto	sandwich	10.68	0.00	4	sandwich,cal1/1,imm1.00,disp1.00,wid1.00
00209328	005c3f78	pppRyjDrawDrawKekoto	high	8.12	4.07	4	brn-,fp-,imm0.56,disp0.59,flt1.00,wid0.40
00209df0	005c5358	pppRyjDrawDrawMatrixWorldDtt	med	5.68	1.70	5	imm0.37,disp0.34,wid1.00
00209e80	005c5418	pppRyjDrawMatrixWorldDttFrCon	med	6.66	2.02	3	imm1.00,disp1.00,wid1.00
00209ed0	005c5478	pppRyjDrawDrawMatrixWorldDttFr	high	8.05	2.40	3	imm0.68,disp0.82,wid1.00
0020a090	005c93d8	_Z5birthP11_pppPObjectP13VRyjMegaBirthP13PRyjMegaBirthP6VColorP14_PARTICLE_DATAP14_PARTICLE_WMATP15_PARTICLE_COLOR	high	9.33	5.42	7	neg1,imm0.36,disp0.63,flt1.00,wid0.51
0020a658	005cb318	_Z10init_paramP19PRyjMegaBirthFilterP14_PARTICLE_DATAP15_PARTICLE_COLOR	high	10.63	2.03	5	imm0.54,disp0.73,flt1.00,wid0.78
0020ab48	005cb8e0	_Z4calcP19VRyjMegaBirthFilterP19PRyjMegaBirthFilterP14_PARTICLE_DATAP6VColorP15_PARTICLE_COLOR	sandwich	6.06	0.00	5	sandwich,cal1/1,imm0.47,disp0.25,wid0.06
0020ace8	005cbe38	pppRyjMegaBirthFilter	med	6.40	2.44	3	imm0.55,disp0.87,wid0.30
0020aec8	005cc2b8	_Z10set_matrixPA4_fS0_P19PRyjMegaBirthFilterP19VRyjMegaBirthFilterP14_PARTICLE_DATA	med	7.64	1.82	3	fp-,imm0.18,disp0.82,flt1.00,wid0.95
0020aff8	005ca878	pppRyjDrawMegaBirth	high	9.07	2.21	3	imm0.82,disp0.68,wid0.47
0020b358	005cc848	pppRyjMegaBirthFilterCon	med	6.03	1.63	4	imm1.00,disp0.78,wid0.82
0020b3a0	005cc890	pppRyjMegaBirthFilterDes	med	6.76	2.57	5	imm1.00,disp0.41,wid1.00
0020b4e8	005ccdd0	_Z5birthP18VRyjMegaBirthModelP18PRyjMegaBirthModelP6VColorP14_PARTICLE_DATAP14_PARTICLE_WMATP15_PARTICLE_COLOR	high	16.63	1.62	4	imm0.52,disp0.69,flt1.00,wid0.70
0020bdb0	005ce120	pppRyjMegaBirthModel	low	4.52	2.50	5	cal1/1,fp-,imm0.44,disp0.34,wid0.13
0020c580	005ce7a8	pppRyjDrawMegaBirthModel	low	4.04	2.28	5	imm0.71,disp0.53,wid0.15
0020c67c	005cff78	pppRyjMegaBirthModelFilter	med	6.03	1.67	2	imm0.43,disp0.79,wid0.42
0020c860	005d0348	_Z10set_matrixPA4_fS0_P24PRyjMegaBirthModelFilterP24VRyjMegaBirthModelFilterP14_PARTICLE_DATA	med	6.83	2.53	2	imm0.43,disp1.00,wid0.77
0020c9d0	005d0528	pppRyjDrawMegaBirthModelFilter	high	10.80	6.26	3	cal1/1,call-,fp-,imm0.69,disp0.72,wid0.96
0020cd50	005d0960	pppRyjMegaBirthModelFilterSta	sandwich	3.59	0.00	3	sandwich,disp1.00,wid0.00
0020cda8	005d09c0	pppRyjMegaBirthModelFilterCon	med	6.78	1.66	3	imm1.00,disp0.78,wid0.82
0020cdf0	005d0a08	pppRyjMegaBirthModelFilterDes	med	6.63	1.58	3	imm1.00,disp0.41,wid1.00
0020ce60	005d0f50	pppRyjDrawMegaBirthUserCtrl	med	6.75	4.17	3	imm1.00,disp0.34,wid1.00
0020ceb0	005d0fb8	pppRyjMegaBirthUserCtrlCon	sandwich	5.12	0.00	3	sandwich,disp0.69,wid1.00
0020ced0	005d0fd8	pppRyjDrawMegaBirthUserCtrl2	med	6.36	3.16	2	imm1.00,disp0.43,wid1.00
0020cf40	005d1060	pppRyjMegaBirthUserCtrl2Con	sandwich	5.12	0.00	2	sandwich,disp0.69,wid1.00
0020cf60	005d1080	pppRyjDrawMegaBirthUserCtrl3	med	6.50	2.03	2	imm1.00,disp0.50,wid1.00
0020cfd8	005d48d8	pppSnoScaleAll	med	6.20	1.78	3	imm1.00,disp0.66,wid0.68
0020d178	005d4a38	pppSnoScaleAllCon	high	8.05	107.05	1	cal1/1,imm1.00,disp1.00,wid1.00
0020d528	005d3750	pppSnoMdlDttNormDraw	high	18.91	9.58	2	brn-,imm0.66,disp0.90,wid0.48
0020ed68	005c3d64	pppVtMimeDes	low	4.04	1.54	9	disp1.00,wid0.20
00212338	005c5c40	_Z7shipolyP10pppModelStP15PRyjDrawShipolyP15VRyjDrawShipoly	low	3.88	1.52	8	size,brn-,imm0.40,disp0.41,wid0.17
0021cdd0	005c6e68	_Z7shipolyP10pppModelStP19PRyjDrawShipolyBoneP19VRyjDrawShipolyBone	low	4.32	3.72	9	imm0.18,disp0.54,wid0.25
0021ee48	005d6194	KeBornRnd2	rerun-high	0	0	rerun	callee:0x1f5df8;callee:0x1f6030;callee:0x1f6298;callee:0x1f6778;callee:0x1f6b68;caller:0x222568;fp:0x21ee48;self:0x0
0021efc0	005c6ac4	pppRyjDrawDrawShipoly	low	3.28	1.58	7	imm0.75,disp0.24,wid0.25
002200c0	005cc918	_Z4calcP18VRyjMegaBirthModelP18PRyjMegaBirthModelP14_PARTICLE_DATAP6VColorP15_PARTICLE_COLOR	low	3.48	1.58	8	call-,imm0.05,disp0.21,flt1.00,wid0.50
002209f0	005cee18	_Z10init_paramP24PRyjMegaBirthModelFilterP14_PARTICLE_DATAP15_PARTICLE_COLOR	med	5.36	2.97	6	imm0.06,disp0.43,flt1.00,wid0.22
00220c88	005ced60	pppRyjMegaBirthModelDes	low	4.55	3.71	7	imm1.00,wid0.55
00221f98	005ced20	pppRyjMegaBirthModelCon	low	3.09	1.68	8	disp0.39,wid0.30
002223f0	005cf8d0	_Z4calcP24VRyjMegaBirthModelFilterP24PRyjMegaBirthModelFilterP14_PARTICLE_DATAP6VColorP15_PARTICLE_COLOR	med	5.30	2.02	6	disp1.00,flt1.00,wid0.06
00222568	005d5dd4	_Z9KeVu0RndIv	rerun-high	0	0	rerun	callee:0x1f59b0;callee:0x1f5df8;callee:0x1f6030;callee:0x1f6298;loc:0x0
002225a8	005d5e18	_Z17KeVu0ItrsBallLineP19_KeaVu0ItrsBallLine	low	4.58	6.68	5	call-,disp1.00,flt1.00,wid0.82
002226b8	005d5ee4	_Z15KeVu0CopyVecXYZPfS_	rerun-high	0	0	rerun	callee:0x1f55b8;callee:0x1f5cc8;callee:0x1f5f10;callee:0x1f6648;callee:0x1f6c58;callee:0x1fc1a0;loc:0x0
00222730	005d5f2c	_Z14KeVu0SubVecXYZPfS_S_	rerun-high	0	0	rerun	callee:0x1f59b0;callee:0x1fc320;loc:0x0
002247e8	002da1d8	_ZN2sa7MUSICAL12setSuccessNgEv	low	4.44	1.64	0	imm1.00,wid1.00
00224828	002da210	_ZN2sa7MUSICAL10setSuccessEv	sandwich	3.80	0.00	0	sandwich,wid1.00
002249f8	002da2bc	_ZN2sa7MUSICAL6resultEv	med	7.60	25.67	1	cal5/8,call-,sw-,imm0.75,wid0.07
00224ea0	002d9544	_ZN2sa5EVENT21set_bin_musical_sceneERNS_17BIN_MUSICAL_SCENEEP4TASK	low	4.30	3.25	1	cal1/1,call-,disp1.00,wid0.29
00224f08	002da478	_ZN2sa18printTaskFinalizerEP4TASK	med	5.80	2.62	0	cal1/1,wid1.00
00225328	002c1b3c	_ZN2sa5EVENT23set_bgm_volume_continueERNS_11BIN_SEQ_BGMEP4TASK	low	3.86	2.97	0	disp0.96,wid0.30
00226f78	002b9c98	_ZN2sa5EVENT11setJumpModeEi	rerun-med	0	0	rerun	callee:0x224ea0;cu:0x0;loc:0x0
00227200	002bda10	_ZN2sa5EVENT10event_initEi	rerun-med	0	0	rerun	caller:0x22bd80;caller:0x2bbe38;cu:0x0;fp:0x227200;loc:0x0;self:0x0
00227a08	002ba6f4	_ZN2sa5EVENT17setDeleteMarkTaskEP4TASK	med	5.15	1.99	0	imm1.00,disp1.00,wid0.50
00228518	002db864	_ZN2sa13MUSICAL_CLEAR10startClearEv	low	4.64	1.68	0	cal2/2,neg3,icall-,imm0.80,disp0.31,wid0.54
00228590	002db9c4	_ZN2sa13MUSICAL_CLEAR11startFailedEv	low	4.55	1.64	0	cal2/2,neg3,icall-,imm0.80,disp0.37,wid0.54
00228788	002de9c0	_ZN2sa14MUSICAL_GAUGE46createEv	high	39.07	30.66	0	cal12/12,call-,imm0.77,disp0.34,wid1.00
00228918	002de8e8	_ZN2sa14MUSICAL_GAUGE46updateEv	med	7.81	13.59	0	cal2/2,brn-,fp-,disp1.00,flt1.00,wid0.43
002289f0	002deb90	_ZN2sa14MUSICAL_GAUGE44initEv	med	5.31	3.20	0	cal1/1,icall-,imm0.34,disp0.31,wid0.57
00229b28	002dc1f8	_ZN2sa13MUSICAL_COMBO12createCircleEfiii	high	28.30	29.11	1	cal10/10,sw-,fp-,imm0.33,wid0.17
00229d40	002dc7b0	_ZN2sa13MUSICAL_COMBO11updateGaugeEv	med	6.09	9.39	2	cal1/1,size,imm1.00,disp1.00,wid0.00
00229d90	002dc91c	_ZN2sa13MUSICAL_COMBO5closeEv	med	6.70	3.54	0	cal1/1,icall-,imm1.00,disp0.74,wid0.57
00229e58	002dd148	_ZN2sa13MUSICAL_COMBO9printTaskEP4TASK	high	19.79	26.73	0	cal5/5,icall-,imm1.00,disp0.87,wid0.76
0022a3d0	002df820	_ZN2sa13MUSICAL_INPUT16createCircleSizeEifRiS1_S1_S1_S1_S1_S1_S1_Rf	high	8.49	6.15	0	cal1/1,brn-,fp-,imm1.00,disp1.00,wid0.90
0022a5c8	002dfa40	_ZN2sa13MUSICAL_INPUT12createCircleEfiii	high	25.54	1.86	0	cal9/9,sw-,fp-,imm0.15,wid0.17
0022ac60	002dfff4	_ZN2sa13MUSICAL_INPUT11updateGaugeEv	high	9.98	18.31	1	cal3/3,size,imm1.00,wid0.00
0022acf8	002e09a0	_ZN2sa13MUSICAL_INPUT5closeEv	low	4.57	5.57	1	cal1/1,icall-,imm0.40,disp0.74,wid0.50
0022ae98	002e0dc0	_ZN2sa13MUSICAL_INPUT14ExcellentPrintERN2kn7FVectorE	high	11.18	2.20	0	cal2/2,imm1.00
0022aef0	002e1168	_ZN2sa13MUSICAL_INPUT9GoodPrintERN2kn7FVectorE	high	10.82	1.86	0	cal2/2,imm1.00
0022af48	002e0d64	_ZN2sa13MUSICAL_INPUT8BadPrintERN2kn7FVectorE	high	10.86	2.10	0	cal2/2,imm1.00
0022afa0	002e1220	_ZN2sa13MUSICAL_INPUT14ExcellentScoreEi	med	5.15	10.06	1	cal1/1,neg1,disp1.00,wid1.00
0022afe8	002e11c4	_ZN2sa13MUSICAL_INPUT9GoodScoreEi	med	7.03	3.67	1	cal1/1,imm1.00
0022b028	002e0e1c	_ZN2sa13MUSICAL_INPUT8BadScoreEi	high	9.50	2.58	0	cal2/2,imm1.00
0022b558	002e4ab0	_ZN2sa14MUSICAL_TARGET5startEi	high	8.40	8.27	0	cal2/2,neg1,imm1.00,disp1.00,wid0.00
0022b948	002db05c	_ZN2sa10MUSICAL_2D4exitEv	sandwich	2.83	0.00	0	sandwich,wid0.33
0022bd80	002d0ff8	_ZN2sa5EVENT15initSecretMovieEv	low	3.17	3.15	0	wid1.00
0022c508	002ca728	_ZN2sa5EVENT15layout_read_setEPc	med	5.84	4.34	0	cal1/1,imm1.00
0022c590	002cc6c0	_ZN2sa5EVENT26set_bin_seq_mission_effectERNS_22BIN_SEQ_MISSION_EFFECTEP4TASK	high	41.52	9.70	0	cal13/13,neg1,imm1.00,disp0.29,wid0.81
0022c840	002d7d60	_ZN2sa9mu060TaskEP4TASK	high	8.48	7.56	0	cal1/1,disp0.39,flt1.00,wid0.77
0022ce00	002c6a7c	_ZN2sa5EVENT21set_bin_seq_obj_pauseERNS_17BIN_SEQ_OBJ_PAUSEEP4TASK	high	8.01	1.58	0	cal1/1,disp1.00,wid0.50
0022cea0	002c6b94	_ZN2sa5EVENT17set_bin_seq_focusERNS_13BIN_SEQ_FOCUSEP4TASK	high	12.00	12.23	1	cal2/2,imm1.00,disp1.00,wid0.50
0022d000	002c7040	_ZN2sa5EVENT12blackFogTaskEP4TASK	med	7.18	4.02	0	cal1/1,disp0.31,wid1.00
0022d068	002c70c4	_ZN2sa5EVENT21blackFogTaskFinalizerEP4TASK	med	6.30	7.16	1	cal1/1,wid1.00
0022d098	002c6c90	_ZN2sa5EVENT17set_bin_black_fogERNS_13BIN_BLACK_FOGEP4TASK	high	30.21	4.36	0	cal9/9,fp-,imm1.00,disp0.66,wid0.73
0022d1d8	002c6e60	_ZN2sa5EVENT11set_bin_fogERNS_7BIN_FOGEP4TASK	sandwich	13.40	0.00	0	sandwich,cal2/2,imm1.00,disp1.00,wid0.50
0022d238	002c6f30	_ZN2sa5EVENT15set_bin_sky_offERNS_11BIN_SKY_OFFEP4TASK	sandwich	8.01	0.00	0	sandwich,cal1/1,disp1.00,wid0.50
0022d288	002c6fb4	_ZN2sa5EVENT17set_bin_hide_fobjERNS_13BIN_HIDE_FOBJEP4TASK	high	8.31	1.80	0	cal1/1,imm1.00,disp1.00,wid0.50
0022d778	002c0a20	_ZN2sa5EVENT17set_bin_wall_clipERNS_13BIN_WALL_CLIPEP4TASK	high	8.01	2.55	0	cal1/1,disp1.00,wid0.50
0022d7c8	002c0ab8	_ZN2sa5EVENT8initWideEv	low	3.50	3.15	0	wid1.00
0022dd40	002c89dc	_ZN2sa5EVENT21set_bin_effect_deleteERNS_17BIN_EFFECT_DELETEEP4TASK	rerun-high	0	0	rerun	callee:0x2272b8;fp:0x22dd40;loc:0x0;self:0x0
0022dd80	002c83dc	_ZN2sa5EVENT14set_effect_seqERNS_14BIN_EFFECT_SEQEP4TASK	high	33.77	3.59	0	cal14/20,neg1,imm0.70,disp0.50,wid0.71
0022e160	002c7828	_ZN2sa5EVENT14effectCallbackEPvjS1_	low	4.12	3.17	0	disp1.00,wid1.00
0022e1f8	002c7a24	_ZN2sa5EVENT15effect_read_setEPci	high	10.04	2.01	0	cal2/2,disp1.00,wid1.00
0022e368	002c8234	_ZN2sa5EVENT13set_effect_wkERNS_14BIN_EFFECT_SEQE	low	4.99	2.27	1	imm1.00,disp0.50,wid0.88
0022e4f0	002d3ecc	_ZN2sa5EVENT14set_mirror_seqERNS_10BIN_MIRROREP4TASK	high	13.35	11.82	0	cal3/3,disp1.00,wid0.73
0022e6b0	002d31b8	_ZN2sa5EVENT8setScaleEiPN2YS3OBJEf	med	5.78	3.31	0	cal1/1,disp1.00,wid0.75
0022e728	002d4564	_ZN2sa5EVENT12objScaleTaskEP4TASK	high	9.04	2.95	0	cal2/2,disp0.13,wid1.00
0022e7e8	002d4620	_ZN2sa5EVENT21objScaleTaskFinalizerEP4TASK	rerun-med	0	0	rerun	callee:0x22e818;loc:0x0
0022e818	002d3300	_ZN2sa5EVENT13set_scale_seqERNS_9BIN_SCALEEP4TASK	high	36.66	13.44	0	cal11/11,fp-,imm1.00,disp0.72,wid0.73
0022ed70	002d4650	_ZN2sa5EVENT15shadowAlphaTaskEP4TASK	high	10.83	2.42	0	cal2/2,disp0.75,wid1.00
0022ee00	002d46ec	_ZN2sa5EVENT24shadowAlphaTaskFinalizerEP4TASK	rerun-med	0	0	rerun	callee:0x22ee30;cu:0x0;loc:0x0
0022ee30	002d3c40	_ZN2sa5EVENT20set_shadow_alpha_seqERNS_16BIN_SHADOW_ALPHAEP4TASK	high	30.55	5.89	0	cal8/8,imm1.00,disp0.88,wid0.71
0022f4f0	002d4a50	_ZN2sa5EVENT14getSkeltonNameEi	low	4.01	1.75	0	imm1.00,wid0.67
00230878	002cf610	_ZN2sa5EVENT25set_spline_point_data_setERNS_16BIN_SPLINE_POINTE	low	4.17	1.67	0	imm1.00,disp0.19,wid0.67
002308c8	002cf6fc	_ZN2sa5EVENT18set_bin_spline_seqERNS_14BIN_SPLINE_SEQE	low	4.18	4.28	0	imm0.61,disp0.20,wid0.81
00230d78	002c2998	_ZN2sa5EVENT14set_camera_seqERNS_14BIN_CAMERA_SEQE	low	4.20	1.51	0	imm1.00,disp0.43,wid0.55
00230de0	002c3b68	_ZN2sa5EVENT9calcValueEifPNS_22BIN_CAMERA_DATA_ENC_WKES2_	med	5.94	2.55	0	fp-,imm0.46,disp1.00,flt1.00,wid0.82
00230f10	002c3cf0	_ZN2sa5EVENT9calcValueEfPNS_22BIN_CAMERA_DATA_ENC_WKEiS2_	med	6.54	10.07	1	cal1/1,neg1,brn-,fp-,imm0.56,disp0.81,flt1.00,wid0.90
002311c0	002c4100	_ZN2sa5EVENT13calcValue_encERNS_18BIN_CAMERA_DATA_WKEPNS_19BIN_CAMERA_DATA_ENCEf	high	8.05	6.72	0	fp-,imm1.00,disp1.00,wid1.00
00231390	002c3fb0	_ZN2sa5EVENT20calcValue_objDefaultERNS_18BIN_CAMERA_DATA_WKERNS_23OBJ_DEFAULT_CAMERA_DATAEf	med	6.54	3.42	0	fp-,imm1.00,disp1.00,wid1.00
00232110	002c37b4	_ZN2sa5EVENT27set_bin_seq_cameraCollisionERNS_24BIN_SEQ_CAMERA_COLLISIONEP4TASK	low	3.55	1.71	0	disp0.15,wid0.67
00232510	002bf858	_ZN2sa5EVENT14audio_read_setEPcNS_11EVENT_ALLOC10ALLOC_TYPEE	high	11.27	2.75	0	cal2/2,imm1.00,disp1.00,wid0.50
002325f0	002bf978	_ZN2sa5EVENT18isTTPacheVoicePlayEPNS_7READ_WKE	low	4.64	2.37	0	neg1,imm1.00,disp0.40,wid1.00
002347c8	000cc0dc	_ZN2YI5MCARD15GetResultDeleteEv	low	3.50	2.50	0	wid1.00
00234c7c	000cc1e0	_ZN2YI12command_idleEv	med	5.29	2.02	0	imm0.71,disp0.15,wid0.26
002361e0	000ba190	_ZN2YI5IMAGED0Ev	high	8.49	7.16	0	cal1/1,disp1.00,wid1.00
002362b0	000ba3c8	_ZN2YI5IMAGE4InitEPv	high	10.44	7.08	0	imm1.00,disp0.81,wid0.88
00236490	000ba614	_ZN2YI5IMAGE10GetTexSizeEv	med	6.02	1.65	0	imm1.00,disp1.00,wid0.60
002364f8	000ba68c	_ZN2YI5IMAGE11GetClutSizeEv	med	6.23	2.15	0	imm1.00,disp1.00,wid0.60
00236a18	000baf24	_ZN2YI12IMAGE_FREEZED0Ev	low	3.66	6.40	1	cal1/2,neg1,disp1.00,wid0.12
00236d10	000bb8d8	_ZN2YI11IMAGE_CACHE5ResetEv	med	6.17	3.48	0	imm0.61,disp0.46,wid0.83
00236d98	000ba704	_ZN2YI11IMAGE_CACHE4LoadEPNS_5IMAGEE	low	4.35	4.04	0	imm0.71,disp0.31,wid0.75
00237068	000c6a28	_ZN2YI6SPRITE4InitEPvPNS_5IMAGEE	med	5.29	2.33	1	neg1,imm0.11,disp0.87,wid0.67
00237150	000c6670	_ZN2YI6SPRITEC1Ev	high	9.60	2.02	0	disp1.00,wid1.00
00237248	000c675c	_ZN2YI6SPRITED1Ev	low	4.59	1.83	0	disp1.00,wid1.00
00237258	000c676c	_ZN2YI6SPRITED0Ev	high	8.15	7.87	0	cal1/1,disp1.00,wid1.00
002373a8	000c6a14	_ZN2YI6SPRITE13SetNormalModeEv	low	4.67	2.15	0	disp1.00,wid1.00
00237740	000c67e0	_ZN2YI6SPRITE9SetRotateEfff	med	5.62	3.79	0	disp1.00,wid0.86
00237a68	000c67b8	_ZN2YI6SPRITE8SetScaleEfff	med	5.28	3.82	0	disp1.00,wid1.00
00238368	000c71c0	_ZN2YI6SPRITE4DrawEv	high	12.89	2.26	0	imm1.00,disp1.00,wid0.37
00238570	000c7c60	_ZN2YI6SPRITE5_DrawEiiii	high	18.24	3.06	0	imm0.63,disp1.00,flt1.00,wid0.64
00238c90	000c8d80	_ZN2YI6SPRITE6_Draw2Eiiii	high	15.37	1.93	0	imm0.59,disp1.00,wid0.56
00239988	000c23d8	_ZN2YI8SEQUENCE4InitEPvPNS_5IMAGEE	high	11.08	7.83	0	cal0/1,fp-,imm0.37,disp1.00,flt1.00,wid0.67
00239b50	000c2674	_ZN2YI8SEQUENCE11GetAllFrameEi	med	6.11	3.22	0	imm0.35,disp1.00,wid0.75
00239c68	000c27a8	_ZN2YI8SEQUENCE12ChangeNumberEi	med	6.73	2.69	0	disp1.00,wid0.72
00239e60	000c2240	_ZN2YI8SEQUENCE8SetScaleEfff	low	4.75	1.69	0	disp1.00,wid0.86
0023a0d8	000c2d20	_ZN2YI8SEQUENCE12UpdateActiveEv	high	15.67	15.46	0	call-,brn-,fp-,imm0.44,disp1.00,flt1.00,wid0.96
0023c0c0	000c08d0	_ZN2YI6LAYOUTD0Ev	high	11.26	13.26	0	cal2/2,disp1.00,wid1.00
0023c3b0	000c143c	_ZN2YI6LAYOUT16GetEntrySequenceEi	low	3.27	2.14	2	size,imm1.00,disp1.00,wid0.33
0023c4d8	000c1620	_ZN2YI6LAYOUT12GetImageUnitEi	low	4.66	3.66	0	disp1.00,wid1.00
0023c5f0	000c0a08	_ZN2YI6LAYOUT11GetAllFrameEi	high	9.14	7.96	1	cal1/1,imm0.72,disp1.00,wid0.82
0023c900	000c1904	_ZN2YI6LAYOUT11GetPlayModeEv	low	4.52	3.90	0	disp1.00,wid1.00
0023c978	000c0920	_ZN2YI6LAYOUT11GetLoopModeEv	high	10.94	6.50	0	cal1/1,imm1.00,disp1.00,wid0.90
0023ca80	000c1950	_ZN2YI6LAYOUT7ControlEv	high	12.22	11.89	0	cal2/2,call-,icall-,imm1.00,disp0.84,wid0.93
0023cd78	000ca9c8	_ZN2YI9VIBRATIOND1Ev	low	4.98	2.17	0	disp1.00,wid1.00
0023cd98	000ca9d8	_ZN2YI9VIBRATIOND0Ev	high	8.54	8.67	0	cal1/1,disp1.00,wid1.00
0023cdb8	000caa08	_ZN2YI9VIBRATION5ResetEv	low	3.44	2.91	0	wid1.00
0023cf60	000cb020	_ZN2YI9VIBRATION3RunEP4TASK	med	6.72	7.84	1	cal1/1,wid1.00
0023cfb8	000cadc8	_ZN2YI9VIBRATION10ManagementEv	low	4.79	3.39	0	brn-,imm0.16,disp0.25,flt1.00,wid0.87
0023d438	00374680	_ZN2Tz7MenuObjC1Ei	low	3.61	4.36	1	cal1/1,neg1,imm0.26,disp0.28,wid0.20
0023d4f8	00371dc0	_ZN2Tz8MenuItem7destroyEv	low	3.10	2.01	0	imm0.06,disp0.08,wid0.30
0023d5b8	00374178	_ZN2Tz7MenuObj4InitEv	high	55.85	9.63	0	cal18/19,call-,imm0.23,disp0.23,wid0.88
0023e818	0037537c	_ZN2Tz7MenuObj9SetTransYEif	low	3.47	3.12	0	wid1.00
0023ebe0	003757a8	_ZN2Tz7MenuObj7SwapObjEii	low	3.50	1.92	0	wid1.00
0023ec48	003730f8	_ZN2Tz7DrawObj13GetBoneMatrixEi	med	6.07	3.72	2	cal1/1,brn-,imm1.00,disp1.00,wid0.06
0023f168	00365f70	_ZN2Tz6Layout6updateEv	med	5.96	4.16	0	cal1/1,neg1,imm1.00,disp0.66,wid0.21
0023f590	00364be8	_ZN2Tz6LayMsg6updateEv	low	4.59	2.59	0	cal2/2,neg1,size,disp0.28,wid0.10
0023f5b8	00365360	_ZN2Tz6LayMsg6setMsgEii	low	4.78	3.06	0	disp1.00,wid0.75
0023f778	00365494	_ZN2Tz6LayMsg9SetLayNumEPKs	med	5.50	1.88	0	imm1.00,disp1.00,wid0.33
0023f7a8	00365460	_ZN2Tz6LayMsg9SetSeqNumEPKs	med	5.35	1.61	0	imm1.00,disp1.00,wid0.33
0023f820	0036438c	_ZN2Tz7LayFileC2Ev	low	3.18	1.50	0	call-,disp1.00,wid0.14
0023f870	00364484	_ZN2Tz7LayFileD0Ev	med	5.14	5.17	0	cal1/1,neg1,disp1.00,wid0.14
0023f8a8	003641d0	_ZN2Tz7LayFile4InitEv	low	4.45	4.48	1	disp1.00,wid1.00
0023f908	00364630	_ZNK2Tz7LayFile13getImzAddressEi	sandwich	6.60	0.00	0	sandwich,imm1.00,disp1.00,wid0.60
0023f948	003646f4	_ZNK2Tz7LayFile13getLadAddressEi	sandwich	6.44	0.00	0	sandwich,imm1.00,disp1.00,wid0.60
0023fa08	00364940	_ZN2Tz7LayFile9buildDataEPv	med	7.72	2.86	0	imm1.00,disp1.00,wid0.89
00240000	00368e4c	_ZN2Tz5MCard3EndEv	high	24.24	4.69	0	cal7/7,wid0.94
00240450	0036995c	_ZN2Tz5MCard11MakeIconsysEPci	med	6.12	5.85	0	cal0/1,imm0.97,disp0.18,wid0.41
002405a8	0036953c	_ZN2Tz5MCard9MakeTitleEPci	high	8.61	14.76	0	cal4/6,call-,brn-,imm0.34,disp0.57,wid0.64
00240a70	00369e34	_ZN2Tz5MCard20CopySaveRam2DataBuffEPv	med	6.00	6.09	0	cal1/2,imm0.45,disp0.42,wid0.35
00240df8	0036a6ec	_ZN2Tz5MCard13ResetFileInfoEi	sandwich	1.17	0.00	0	sandwich,size,wid0.67
00240fd8	0036ac18	_ZN2Tz5MCard14AddDirInfoStatEii	low	4.00	1.72	0	disp0.31,wid0.83
00241160	0036af44	_ZN2Tz5MCard12ChkLocalInfoEv	low	4.84	6.05	0	cal0/1,imm1.00,disp0.03,wid0.89
00241320	0036b210	_ZN2Tz5MCard12ClrLocalInfoEv	med	6.06	2.60	0	imm1.00,disp0.12,wid1.00
00241358	0036b260	_ZN2Tz5MCard13GetErrorFnameEv	sandwich	4.27	0.00	0	sandwich,imm0.36,disp0.10,wid0.88
00241770	0036be38	_ZN2Tz5MCard9isFileUseEi	low	4.50	2.04	0	disp0.34,wid1.00
00241850	0036bf34	_ZN2Tz5MCard11SetSaveTimeEii	low	4.54	1.91	0	imm1.00,wid0.15
00241a60	0036c4a8	_ZN2Tz5MCard15ResetFindSystemEv	low	4.34	3.25	0	disp0.40,wid1.00
00241c20	0036c6fc	_ZN2Tz5MCard12isBrokenDataEi	sandwich	1.17	0.00	0	sandwich,size,wid0.67
00242008	00368640	_ZN2Tz5McSysD1Ev	high	8.77	5.30	0	cal1/1,disp1.00,wid1.00
00242110	00368718	_ZN2Tz5McSys6UpdateEv	rerun-med	0	0	rerun	caller:0x2efa88;fp:0x242110;loc:0x0;self:0x0
00242180	003687fc	_ZN2Tz5McSys15isEnableDataKH2Ev	high	8.12	7.33	2	cal1/1,disp1.00,wid1.00
002421c0	00368824	_ZN2Tz5McSys7InitKH2Ev	rerun-med	0	0	rerun	caller:0x2ef938;fp:0x2421c0;loc:0x0;self:0x0
002422f0	003b71d0	_ZN2Tz3Crc3EndEv	med	6.30	3.80	3	cal1/1,wid1.00
00242708	00376430	_ZN2Tz9MenuSound8isDecideEi	low	3.56	2.81	0	imm1.00,wid0.50
00242b10	00318cfc	_ZN2Tz6Config11SetNaviModeEb	sandwich	10.41	0.00	0	sandwich,cal1/1,imm1.00,disp1.00,wid1.00
00242b88	00318d8c	_ZN2Tz6Config13SetCameraAutoEb	sandwich	10.41	0.00	0	sandwich,cal1/1,imm1.00,disp1.00,wid1.00
00242c00	00318e14	_ZN2Tz6Config19SetRightStickCameraEb	med	6.04	3.83	0	cal1/3,imm1.00,disp1.00,wid0.33
00242ca0	00318efc	_ZN2Tz6Config13SetCommandKH2Eb	sandwich	10.41	0.00	0	sandwich,cal1/1,imm1.00,disp1.00,wid1.00
00242d10	00318f88	_ZN2Tz6Config13SetCameraHRevEb	sandwich	10.41	0.00	0	sandwich,cal1/1,imm1.00,disp1.00,wid1.00
00242d80	0031901c	_ZN2Tz6Config13SetCameraVRevEb	sandwich	10.41	0.00	0	sandwich,cal1/1,imm1.00,disp1.00,wid1.00
00242df0	003190a4	_ZN2Tz6Config15SetSummonEffectEi	high	10.41	1.82	1	cal1/1,imm1.00,disp1.00,wid1.00
00242e80	003191e0	_ZN2Tz6Config18SetEventViewerModeEb	low	3.50	2.50	1	wid1.00
00242ec0	00319220	_ZN2Tz6Config13SetChapterAllEb	sandwich	3.50	0.00	0	sandwich,wid1.00
00242fa0	00385794	_ZN2Tz7SubMenu12InitPriorityEv	med	5.88	4.88	0	imm1.00,wid1.00
00243190	0038723c	_ZN2Tz8TimeDraw7isExistEv	low	3.26	2.17	2	disp1.00,wid1.00
00243500	003c1a48	_ZN2Tz4HEFT4ExitEv	high	9.29	1.88	0	cal3/3,icall-,imm0.27,disp0.06,wid0.84
00243f48	003c081c	_ZN2Tz4HEFT8LeaveAllEv	med	6.69	3.16	1	cal2/2,icall-,disp0.05,wid0.62
00244938	003cc158	_ZN2Tz4TRTE9GetLayPicEi	med	6.22	1.72	5	cal2/2,loc-
00244f10	003c5b78	_ZN2Tz4HECO4InitEv	high	22.79	8.31	0	cal7/7,icall-,imm0.48,disp0.04,wid0.28
002450c8	003c612c	_ZN2Tz4HECO4ExitEv	high	9.44	4.63	0	cal4/4,brn-,icall-,imm0.06,disp0.06,wid0.66
00245ce8	003c59ac	_ZN2Tz4HECO8LeaveAllEv	med	6.19	9.29	0	cal2/2,icall-,disp0.07,wid0.59
00247198	003c45b0	_ZN2Tz4HECO11UpdateScoreEv	high	55.07	27.09	0	cal18/18,neg1,brn-,fp-,imm0.24,disp0.12,flt1.00,wid0.82
00247580	003c24fc	_ZN2Tz4HECO11UpdateMakerEb	high	61.97	46.51	0	cal20/20,neg1,imm0.35,disp0.03,wid0.56
00247cf0	003cb5bc	_ZN2Tz4MUMI4InitEv	high	17.94	2.19	0	cal5/5,icall-,imm0.74,disp0.05,wid0.71
002491d0	003ca5f4	_ZN2Tz4MUMI13CreateNewMarkEv	high	24.30	2.50	0	cal8/8,neg2,imm0.51,wid0.69
0024ac88	003cd7b4	_ZN2Tz4TRTE10GetSeqInfoEi	high	10.54	3.26	0	cal2/2,brn-,imm1.00,disp0.81,wid0.67
0024bfb8	003bd79c	_ZN2Tz4HBTE7CtrlSelEv	high	36.53	1.70	0	cal12/12,sw-,wid0.76
0024c6a0	003bdbb0	_ZN2Tz4HBTE13CreateNewMarkEv	high	22.90	24.23	2	cal8/8,neg2,imm0.51,wid0.69
0024c950	003d2d2c	_ZN2Tz4TTPT4InitEv	rerun-med	0	0	rerun	caller:0x24cda8;fp:0x24c950;loc:0x0;self:0x0
0024dea8	0027ecbc	_ZN7OvlShop8ItemShop18DeleteSelectorItemEv	med	6.30	3.40	0	cal2/2,loc-,wid1.00
0024e3a8	003d194c	_ZN2Tz4TTPT13CreateNewMarkEv	high	23.36	2.71	1	cal8/8,neg2,imm0.51,wid0.65
0024e758	003d0438	_ZN2Tz4TTMY4ExitEv	low	3.97	1.64	0	cal1/1,icall-,disp0.09,wid0.71
0024eac0	003cf238	_ZN2Tz4TTMY12CloseHelpWinEv	med	7.55	8.64	0	cal1/1,disp0.93,wid0.75
00250a50	003bbdfc	_ZN2Tz4CANA4InitEv	high	35.14	4.65	0	cal11/11,icall-,imm0.65,disp0.04,wid0.63
00250fb8	003b9c38	_ZN2Tz4CANA10isExistAllEv	low	3.02	2.87	1	imm0.27,wid0.91
002515a0	003babc4	_ZN2Tz4CANA8SetupSelEv	high	33.44	22.02	0	cal9/9,imm0.94,disp0.10,wid0.86
00252208	003bb3f0	_ZN2Tz4CANA13CreateNewMarkEv	med	6.27	2.72	0	cal1/1,neg1,imm0.73,disp0.17,wid0.88
00252320	003bb6a0	_ZN2Tz4CANA18CreateMapBlackPerlEv	med	6.14	1.68	0	cal1/1,imm0.27,disp0.17,wid0.70
00252760	003b9348	_ZN2Tz4ALCA4InitEv	high	15.51	4.63	0	cal4/4,icall-,imm0.76,disp0.09,wid0.68
00252810	003b94c8	_ZN2Tz4ALCA4ExitEv	low	3.97	1.67	1	cal1/1,icall-,disp0.09,wid0.71
002530c8	002ea984	_ZN2Tz8CampMenu12InitPriorityEv	med	5.46	4.21	0	imm1.00,wid1.00
00253578	002eb644	_ZN2Tz8CampMenu15GetWorldMapTypeEv	rerun-med	0	0	rerun	callee:0x25d620;loc:0x0
00253818	002edef4	_ZN2Tz6CMData11FreeDataIdxEi	med	5.40	1.76	0	imm1.00,disp0.72,wid0.25
00254020	00314a6c	_ZN2Tz5CmTop4ExitEv	high	24.92	18.39	0	cal8/8,icall-,imm0.05,disp0.04,wid0.62
00254508	0031531c	_ZN2Tz5CmTop9InitPartyEv	low	3.91	3.69	0	neg1,imm1.00,wid1.00
00254f80	00311af0	_ZN2Tz5CmTop8LeaveAllEv	high	18.95	44.01	0	cal10/11,neg5,icall-,disp0.05,wid0.39
00256f18	002a9a8c	_ZN5Title7NewGame8CtrlModeEP4TASK	med	5.60	3.07	0	cal3/3,neg1,loc-,wid0.60
00257388	0031575c	_ZN2Tz5CmTop15SetupWarningWinEii	sandwich	12.17	0.00	0	sandwich,cal2/2,icall-,imm1.00,disp0.22,wid0.94
00257458	0031586c	_ZN2Tz5CmTop15SetupWarningWinEPKN2YS7MESSAGEEi	sandwich	12.14	0.00	0	sandwich,cal2/2,icall-,imm1.00,disp0.19,wid0.95
00257610	00315adc	_ZN2Tz5CmTop16isLoopWarningWinEi	low	3.98	2.06	0	disp0.44,wid0.60
002576d0	00315a98	_ZN2Tz5CmTop17isExistWarningWinEv	med	6.88	5.55	3	cal1/1,wid1.00
00257a00	00311764	_ZN2Tz5CmTop9LeaveListEv	high	19.94	2.79	0	cal7/7,icall-,imm0.04,wid0.71
00257be0	00311670	_ZN2Tz5CmTop15LeaveListSubWinEv	high	11.80	1.53	0	cal3/3,wid1.00
002581b0	00300d74	_ZN2Tz5Pause4InitEv	high	11.58	10.74	0	cal7/11,call-,icall-,imm0.70,disp0.07,wid0.65
002588e8	00300840	_ZN2Tz5Pause8CreateBgEi	high	11.08	5.48	0	cal2/2,imm1.00,disp0.24,wid0.36
00258ab0	00300d64	_ZN2Tz5Pause12ExitCallbackEv	low	3.15	3.15	0	wid1.00
00258dc8	002ec0f4	_ZN2Tz6CmComm17ResetMunnyAndTimeEv	low	3.47	2.67	0	wid1.00
00259460	002ecbe4	_ZN2Tz6CmComm11GetItemIconEib	sandwich	4.78	0.00	0	sandwich,imm0.61,disp0.30,wid0.60
002594b8	002ecc74	_ZN2Tz6CmComm16GetItemIconMsgIdEi	sandwich	2.00	0.00	0	sandwich,wid0.25
00259690	002fc7cc	_ZN2Tz6CmLoad4InitEv	high	16.36	1.58	0	cal4/4,imm1.00,disp0.06,wid0.75
00259710	002fc86c	_ZN2Tz6CmLoad4ExitEv	low	4.50	1.58	0	cal1/1
00259730	00308964	_ZN2Tz6CmSave9InitClearEv	high	13.34	4.77	0	cal5/6,call-,imm1.00,disp0.04,loc-,wid0.80
00259fb8	00307704	_ZN2Tz6CmSave7CtrlTopEv	high	28.28	3.34	0	cal15/16,neg8,sw-,imm0.42,wid0.48
0025a200	003070e4	_ZN2Tz6CmSave8CtrlSlotEv	high	44.50	4.05	0	cal22/23,neg10,sw-,wid0.50
0025adf0	00306dc4	_ZN2Tz6CmSave13CtrlSlotCheckEv	high	39.76	37.65	0	cal15/17,neg1,imm0.07,wid0.00
0025b7b8	00304ca8	_ZN2Tz6CmSave8CtrlListEv	high	112.35	10.61	0	cal44/44,neg14,imm0.96,disp0.38,wid0.28
0025caf0	0030328c	_ZN2Tz6CmSave15CtrlWMapConfirmEv	high	15.55	2.46	0	cal8/8,neg6,imm1.00,wid0.79
0025cde0	00302808	_ZN2Tz6CmSave4DrawEv	high	148.69	4.09	0	cal53/58,call-,sw-,imm0.88,wid0.98
0025d620	00308784	_ZN2Tz6CmSave8SelCheckEi	med	5.92	5.72	2	cal1/1,imm1.00,wid0.00
0025d6b0	00308888	_ZN2Tz6CmSave4InitEv	high	16.09	17.32	1	cal4/4,imm1.00,disp0.06,wid0.75
0025e8a0	002fa080	_ZN2Tz6CmLoad8CtrlListEv	high	104.39	38.47	0	cal37/37,neg6,imm1.00,wid0.43
0025eee8	002f95dc	_ZN2Tz6CmLoad4DrawEv	high	160.76	130.98	1	cal53/53,sw-,imm0.81,wid0.95
0025f430	002f9418	_ZN2Tz6CmLoad12DrawSelectorEPNS_6SelectEii	rerun-high	0	0	rerun	callee:0x25eee8;loc:0x0;self:0x0
0025f588	00292f94	_ZN7OvlShop8CmSynthe14UpdateHelpMessEv	med	5.09	3.64	0	cal3/5,imm0.12,loc-,wid0.75
00261668	003aba38	_ZN2Tz6CmItem18CtrlItemUseWarningEv	high	48.06	21.46	0	cal15/15,sw-,imm0.64,wid0.83
00262118	00280f04	_ZN7OvlShop8ItemShop16LeaveItemCntInfoEv	low	4.60	1.93	3	cal2/2,loc-,wid0.10
00262160	0029593c	_ZN7OvlShop8CmSynthe14isExistItemWinEb	low	4.17	2.04	5	cal1/1,wid0.17
00262a30	003ac474	_ZN2Tz6CmItem10DrawUpdateEPNS_6SelectEii	high	10.79	11.01	0	cal6/6,neg4,wid0.57
00262cb8	003a8f84	_ZN2Tz6CmItem12LeaveUseListEv	high	14.50	7.38	0	cal5/5,icall-,wid0.60
002630d8	003a9148	_ZN2Tz6CmItem14isExistUseListEv	med	5.98	2.50	0	cal1/1,wid0.67
002632d0	003a7aec	_ZN2Tz6CmItem10isSoraOnlyEi	high	14.57	2.94	0	cal4/4,disp1.00,wid0.33
00263bb0	002f1eb8	_ZN2Tz9CMenuHelp12SetLaySeqNumEPKsS2_	low	4.88	3.54	0	imm1.00,disp0.08,wid0.75
00263d70	002f29d0	_ZN2Tz7ItemGet4InitEv	high	12.43	3.33	0	cal2/2,imm1.00,disp1.00,wid1.00
00263eb8	00320c20	_ZN2Tz9IShopInfo7ChkDataEPv	med	5.71	2.82	0	imm1.00,disp1.00,wid1.00
00263ee0	00321140	_ZN2Tz9IShopInfo10GetShopTblEiPNS0_7ShopTblE	high	12.97	6.62	0	cal3/3,brn-,imm0.61,disp1.00,wid0.63
002641c8	00320e18	_ZN2Tz9IShopInfo11AddItemDataEPNS0_7ShopTblEPtit	low	3.96	1.81	0	imm0.38,disp1.00,wid0.71
00264318	00321390	_ZN2Tz9IShopInfo10SetDataPtrEPv	rerun-med	0	0	rerun	callee:0x194a30;loc:0x0
00264388	003b4fac	_ZN2Tz6CmStat4InitEv	high	10.41	2.51	0	cal2/2,imm1.00,wid1.00
002643d0	003b5000	_ZN2Tz6CmStat4ExitEv	med	7.30	4.50	1	cal1/1,wid1.00
00264458	003b517c	_ZN2Tz6CmStat8LeaveAllEv	med	5.50	10.35	1	cal3/3,neg3,wid0.00
002655e8	003b404c	_ZN2Tz6CmStat12LeaveTopListEv	med	6.41	1.74	0	cal2/2,icall-,wid0.33
00265a30	003936a8	_ZN2Tz9CmAbility10FadeOutAllEv	high	9.00	2.10	2	cal6/6,neg4,loc-,wid0.50
00266f50	003b32a8	_ZN2Tz6CmStat15GetHelpSelectorEi	med	5.91	6.10	0	imm0.92,disp0.53,wid0.46
002671e8	003b1b84	_ZN2Tz6CmStat14Cur2HelpSelPosEi	low	4.21	2.48	1	imm1.00,disp0.43,wid0.60
002674b8	003b1d20	_ZN2Tz6CmStat10Cur2SelPosEi	low	3.43	2.73	0	imm1.00,disp0.28,wid0.50
00267e00	0039f7f0	_ZN2Tz7CmEquip10SetupEquipEv	high	94.74	183.21	0	cal68/121,neg1,call-,brn-,sw-,imm0.33,disp0.10,wid0.73
002693a8	003a4c54	_ZN2Tz7CmEquip18CtrlAbilityWarningEv	high	35.80	12.67	0	cal11/11,wid1.00
00269fc0	003a0d50	_ZN2Tz7CmEquip10isBaseLoopEv	high	13.91	2.27	0	cal4/4,neg1,disp1.00,wid0.60
0026a060	003a0f54	_ZN2Tz7CmEquip11SetLoopListEv	high	19.19	7.08	0	cal6/6,neg1,disp0.48,wid0.67
0026a3b8	003a5270	_ZN2Tz7CmEquip18UpdateTopSelActiveEib	high	57.91	10.94	0	cal19/19,neg1,imm0.30,wid0.58
0026b0f8	003a4940	_ZN2Tz7CmEquip15CtrlAutoConfirmEv	high	9.96	14.22	0	cal10/10,neg12,imm0.74,disp0.37,wid0.75
0026b508	003a2658	_ZN2Tz7CmEquip9SortEquipEv	high	8.21	9.54	0	cal2/2,neg1,disp0.57,wid0.50
0026b960	003a27b8	_ZN2Tz7CmEquip8SelCheckEi	high	20.78	8.03	0	cal8/8,neg3,imm0.66,wid0.33
0026bab8	002fe658	_ZN2Tz7CmParty4ExitEv	med	7.15	3.38	0	cal3/3,brn-,icall-,imm0.05,disp0.02,wid0.57
0026dd18	0030b1b0	_ZN2Tz8Selector15SetSelectorDataEPKN2YS8SELECTOREPKNS2_4ARGSEi	rerun-med	0	0	rerun	callee:0x2581b0;cu:0x0;loc:0x0
0026e140	0030a6c0	_ZN2Tz8Selector9CreateSeqEiii	med	6.11	4.26	0	cal1/1,wid0.86
0026eae8	002a6b70	_ZN5Title9BootMcChk7SelDrawEv	high	13.12	1.87	0	cal7/7,neg3,loc-,wid0.12
0026ebc0	00309928	_ZN2Tz8Selector8LeaveAllEv	low	4.71	2.72	3	cal3/3,neg2,icall-,disp0.11,wid0.38
0026ed48	0039bc90	_ZN2Tz8CmCustom4InitEv	high	8.99	3.35	1	cal2/2,imm1.00,wid0.20
0026eda8	0039bd50	_ZN2Tz8CmCustom4ExitEv	med	6.69	10.06	2	cal1/1,wid0.67
00270768	003a7124	_ZN2Tz6CmItem9GetUseSelEi	med	5.23	1.77	0	cal4/4,neg2,brn-,wid0.06
00271b78	0039a16c	_ZN2Tz8CmCustom13UpdateTopListEv	high	25.40	13.96	0	cal9/9,neg2,imm0.08,disp0.02,wid0.74
00271e80	00396078	_ZN2Tz8CmConfig8LeaveAllEv	low	4.50	1.83	4	cal2/2,neg2,wid1.00
00272340	0039dee4	_ZN2Tz8CmCustom10FadeOutAllEv	med	6.08	11.86	1	cal4/4,neg4,imm0.21,disp0.28,wid0.38
00272468	0039a5b8	_ZN2Tz8CmCustom11SetLoopListEv	high	18.29	10.95	0	cal5/5,imm0.24,disp0.48,wid1.00
002725d8	00398608	_ZN2Tz8CmCustom20UpdateIndiCustomListEv	high	44.75	6.79	0	cal18/23,sw-,imm0.22,disp0.04,wid0.62
00272938	003982a4	_ZN2Tz8CmCustom14UpdateItemListEv	high	21.04	15.21	0	cal6/6,imm0.29,wid0.50
00273368	0039e3dc	_ZN2Tz8CmCustom18UpdateTopSelActiveEib	high	57.82	13.96	0	cal18/18,imm0.41,wid0.88
002756f8	0027e9f0	_ZN7OvlShop8ItemShop12DrawSelectorEPN2Tz6SelectEii	high	12.55	4.27	0	cal9/12,neg3,sw-,disp0.09,loc-,wid0.38
00275d10	002f5b34	_ZN2Tz6Jiminy16SetupMainFrameLREv	high	9.61	5.47	0	cal2/2,imm0.35,wid0.70
002766e0	002f31e4	_ZN2Tz6Jiminy11LeaveSeqTblEv	high	26.03	1.60	0	cal9/9,icall-,wid0.96
00276888	002f6c60	_ZN2Tz6Jiminy13isExistSeqTblEv	low	3.38	3.58	0	imm0.04,wid0.92
00276c88	002f6f1c	_ZN2Tz6Jiminy10CreateHelpEPKN2YS7MESSAGEEb	high	26.12	15.37	0	cal7/7,imm0.54,disp0.20,wid0.87
00277020	00391494	_ZN2Tz9CmAbility4InitEv	high	8.88	1.88	0	cal2/2,imm1.00,wid0.25
00277070	003914ec	_ZN2Tz9CmAbility4ExitEv	med	5.80	5.26	3	cal1/1,wid1.00
0027a7e0	0027efcc	_ZN7OvlShop8ItemShop10FadeOutAllEv	med	6.69	4.39	3	cal4/6,loc-,wid0.19
0027acf8	002a29f8	_ZN5Title6EvView9LeavePageEv	low	3.72	1.96	1	cal3/5,loc-,wid0.22
0027ad80	002a28b0	_ZN5Title6EvView11isExistPageEv	med	5.22	4.89	3	cal2/3,wid0.22
0027bd40	00393bf8	_ZN2Tz9CmAbility18UpdateTopSelActiveEib	high	54.69	9.41	0	cal17/17,imm0.46,wid0.90
0027bf68	00390de8	_ZN2Tz9CmAbility8ChgEquipEv	high	23.94	3.87	0	cal6/6,imm1.00,disp0.39,wid0.91
0027c118	00390bd0	_ZN2Tz9CmAbility8SetEquipEib	high	9.26	7.97	0	cal2/2,imm0.21,disp0.23,wid0.62
0027c1c0	00391044	_ZN2Tz9CmAbility15ChgEquipAbilityEv	high	33.03	2.91	0	cal9/9,imm1.00,disp0.37,wid0.91
0027c4d8	003957fc	_ZN2Tz8CmConfig4InitEv	high	8.47	8.14	2	cal2/2,wid1.00
0027c508	00395834	_ZN2Tz8CmConfig4ExitEv	med	5.75	2.78	2	cal1/1,wid1.00
0027cb48	00394824	_ZN2Tz8CmConfig9SetConfigEv	high	18.86	33.81	1	cal6/6,sw-,wid0.47
0027d2e8	00395fa0	_ZN2Tz8CmConfig10FadeOutAllEv	med	7.23	3.98	0	cal2/2,imm0.35,wid0.00
0027d350	0030d9ec	_ZN2Tz8CmSLBase9LeaveListEv	low	3.09	2.62	0	cal1/1,loc-,wid0.27
0027da60	002f1478	_ZN2Tz5CmGra4ExitEv	med	5.01	6.46	2	cal1/1,icall-,disp0.09,wid0.75
0027db28	002f1134	_ZN2Tz5CmGra5SetupEv	low	3.70	2.52	1	cal1/1,size,wid0.50
0027dd18	00383984	_ZN2Tz10SimpleStat4ExitEv	low	4.34	3.85	0	cal2/2,brn-,icall-,imm0.08,disp0.05,wid0.54
0027e770	00384bb0	_ZN2Tz10SimpleStat5LeaveEv	med	6.46	4.04	0	cal2/2,icall-,imm0.04,disp0.15,wid0.75
0027ee48	0031da24	_ZN2Tz9GumiPause4InitEv	high	39.71	23.08	0	cal17/22,call-,brn-,icall-,imm0.42,disp0.09,wid0.75
0027fba0	0031bda4	_ZN2Tz9GumiPause4DrawEv	low	4.00	12.66	0	cal4/5,neg3,icall-,disp0.12,wid0.67
0027ff00	0031d688	_ZN2Tz9GumiPause13GetAdviceInfoEv	med	6.56	5.81	0	imm1.00,disp0.72,wid0.95
00280148	0031caf0	_ZN2Tz9GumiPause12CreateAdviceEv	high	22.59	9.26	0	cal6/6,imm0.55,wid0.56
00280368	0031b6f8	_ZN2Tz8DbgTitle9draw_funcERKN2YW4RECTEPKNS1_5COLORE	low	3.13	1.56	1	imm0.27,wid1.00
002808e8	0031ebe0	_ZN2Tz12GumiGameOver4ExitEv	low	3.42	1.67	0	cal1/1,icall-,imm0.24,disp0.17,wid0.70
00281008	0037b28c	_ZN2Tz9PartyInfoD1Ev	high	9.45	2.70	0	cal1/1,imm1.00,disp1.00,wid0.50
00281158	0037b588	_ZN2Tz9PartyInfo9GetNameIdEi	sandwich	2.83	0.00	0	sandwich,wid0.33
002812e0	0037b9ac	_ZN2Tz9PartyInfo14isIllegalWorldEv	med	5.25	2.67	0	cal1/1,disp0.16,wid0.50
00281340	0037ba24	_ZN2Tz9PartyInfo10isHaveFormEi	low	4.50	6.50	1	cal2/3,neg1,wid0.00
002815d8	0031fa7c	_ZN2Tz11ItemPicDraw4InitEv	high	15.83	5.16	0	cal5/5,icall-,imm0.23,disp0.03,wid0.62
002816f0	0031fd90	_ZN2Tz11ItemPicDraw4ExitEv	rerun-high	0	0	rerun	callee:0x254020;callee:0x2aeba0;loc:0x0
00281d48	00320768	_ZN2Tz11ItemPicDraw12ChkLoadEntryEv	med	5.63	8.95	0	cal1/1,call-,flt1.00,wid0.75
00281e70	00320884	_ZN2Tz11ItemPicDraw10SetBaseGraEPN2dk6SpriteE	low	3.11	2.79	0	wid1.00
00281f90	00322a24	_ZN2Tz8ItemInfoC1Ev	med	6.88	5.20	0	imm0.85,disp1.00,wid0.12
00281fe0	00321b48	_ZN2Tz8ItemInfo15GetItemTypeMaskEii	high	9.80	12.66	0	cal1/1,imm0.84,disp0.54,wid0.67
002823b0	00322180	_ZN2Tz8ItemInfo8SetEquipEij	high	22.39	12.84	0	cal5/5,brn-,imm0.90,disp0.96,wid0.92
002826f8	0032200c	_ZN2Tz8ItemInfo12CalcEquipMaxEii	high	16.47	3.79	0	cal4/4,sw-,imm1.00,disp1.00,wid0.86
00282f68	003177f0	_ZN2Tz10CmTutorial4InitEv	high	35.44	2.77	0	cal13/13,call-,imm0.11,loc-,wid0.79
002831b0	00317b20	_ZN2Tz10CmTutorial10FadeOutAllEv	med	6.59	6.61	1	cal1/1,imm1.00,wid0.00
00283230	00317d40	_ZN2Tz10CmTutorial4CtrlEv	high	9.77	28.75	1	cal8/10,neg7,disp0.62,wid0.49
002833f8	00316860	_ZN2Tz10CmTutorial10CreateListEv	high	25.43	13.73	0	cal8/8,imm0.50,disp0.14,loc-,wid0.89
00283730	0037f110	_ZN2Tz7SelHist4LoopEi	high	13.67	3.10	0	cal4/4,wid0.67
00283790	00316d94	_ZN2Tz10CmTutorial9CreateGraEv	high	19.50	14.86	0	cal6/6,imm0.26,disp0.44,loc-,wid0.76
00283900	00315c84	_ZN2Tz5CmTop13isExistSubWinEv	low	3.30	1.53	3	wid1.00
00283960	00316b38	_ZN2Tz10CmTutorial9LeaveListEv	high	11.05	1.55	1	cal3/3,wid0.75
00283ab8	00318154	_ZN2Tz10CmTutorial10isDrawTypeEi	low	4.71	1.99	1	disp1.00,wid1.00
00283e48	003174d8	_ZN2Tz10CmTutorial10SetFadeOutEv	low	3.15	2.31	2	disp0.59,wid0.26
00283f50	00317c18	_ZN2Tz10CmTutorial5SetupEii	med	6.69	4.69	0	cal2/3,neg1,imm1.00,disp0.42,wid0.43
002843e8	002ee6c0	_ZN2Tz6Ending8LeaveAllEv	high	8.70	3.43	1	cal3/3,icall-,disp0.09,wid0.96
002856c8	002a86a4	_ZN5Title7NewGame10FadeOutWinEv	med	7.90	2.25	3	cal3/3,loc-,wid0.40
00285728	002a8370	_ZN5Title7NewGame10isExistWinEv	low	4.33	2.52	4	cal1/1,wid0.33
00285760	002eef50	_ZN2Tz6Ending7SelCtrlEv	high	11.36	8.16	0	cal3/3,wid0.86
00285828	0032e118	_ZN2Tz8JmBattle4InitEv	low	4.78	1.53	1	cal2/3,neg1,imm0.05,disp0.05,wid0.41
00285fa0	003ae1bc	_ZN2Tz8CmNewFlg10CheckMagicEv	low	4.74	5.93	2	cal2/3,neg1,disp0.31,wid0.75
00286298	003addb8	_ZN2Tz8CmNewFlg9CheckStatEv	med	7.98	6.68	1	cal3/4,neg1,imm0.44,disp0.03,wid0.67
00286418	003afcbc	_ZN2Tz8CmNewFlg9isStatNewEi	high	8.54	5.97	1	cal2/2,imm0.60,wid0.40
00286d28	003b0348	_ZN2Tz8CmNewFlg18isAbilityNewMemberEii	high	12.18	1.53	2	cal3/3,imm0.76,wid0.50
00286ec8	003b06cc	_ZN2Tz8CmNewFlg16isAbilityNewFormEii	high	12.27	6.17	1	cal3/3,imm0.71,wid0.50
00287028	003b08e4	_ZN2Tz8CmNewFlg19isAbilityHistMemberEii	high	9.82	3.57	3	cal3/4,neg1,imm0.76,disp0.07,wid0.67
00287218	003b0df8	_ZN2Tz8CmNewFlg17isAbilityHistFormEii	med	5.58	8.34	2	cal2/3,neg1,imm0.68,disp0.09,wid0.67
00287358	003b1094	_ZN2Tz8CmNewFlg19SetAbilityFlgMemberEii	high	8.59	1.63	3	cal3/4,neg1,imm0.24,disp1.00,wid0.50
002875e8	0065f020	_ZN2Tz8Mg2DTronC1Ev	high	17.23	20.47	0	cal6/6,icall-,imm0.49,disp0.20,loc-,wid0.62
00287760	0065f408	_ZN2Tz8Mg2DTronD1Ev	low	4.91	3.98	0	cal1/1,icall-,imm1.00,disp1.00,loc-,wid0.60
002877a0	0065f48c	_ZN2Tz8Mg2DTron9CreateSeqEii	high	10.71	8.16	0	cal3/3,imm1.00,disp0.39,loc-,wid0.67
00287bd0	0036d788	_ZN2Tz8MenuBase7SetModeEii	sandwich	2.67	0.00	0	sandwich,wid0.17
00287df0	0036dc2c	_ZN2Tz8MenuBase5PadSEEibbPFbiEb	med	5.82	8.15	0	cal1/1,icall-,imm0.31,wid0.00
002880b8	0036ecd0	_ZN2Tz9MenuBasic4InitEv	high	39.55	13.80	0	cal12/12,icall-,imm0.67,disp0.06,wid0.70
00288478	0036e864	_ZN2Tz9MenuBasic10MenuThreadEP4TASK	rerun-med	0	0	rerun	caller:0x242fa0;caller:0x2530c8;fp:0x288478;loc:0x0;self:0x0
00288ce0	00381488	_ZN2Tz6Select3SetEPNS_8MenuItemEiPKsS4_	med	7.15	2.20	0	imm1.00,disp0.97,wid0.67
00289038	00381b5c	_ZN2Tz6Select9SetSeqNumEibbibi	med	7.24	3.42	1	cal1/1,disp0.96,wid0.71
0028ab20	0038275c	_ZN2Tz6Select4LoopEv	high	8.32	3.43	0	cal1/1,disp1.00,wid0.79
0028abe0	00382904	_ZN2Tz6Select5LeaveEv	low	4.50	2.76	0	icall-,disp1.00,wid0.82
0028acc8	0038256c	_ZN2Tz6Select7isExistEv	low	4.49	3.06	2	disp1.00,wid0.60
0028ae28	00382a44	_ZN2Tz6Select6isLoopEi	low	4.17	1.62	1	disp1.00,wid0.67
0028afd0	00382c14	_ZN2Tz6Select12SetSelectTopEi	med	6.64	4.46	0	imm1.00,disp1.00,wid0.38
0028b1b8	00382e54	_ZN2Tz6Select16GetSelectDisableEv	low	3.65	1.96	0	disp1.00,wid1.00
0028b200	00382d98	_ZN2Tz6Select9Set2DModeEii	low	3.38	1.77	0	disp1.00,wid0.10
0028b300	00366e0c	_ZN2Tz6LaySeq6createEiiiPNS_6LayoutEPKsS4_ii	high	12.70	5.37	0	cal5/5,call-,disp0.22,loc-,wid0.37
0028b3c0	00366bd8	_ZN2Tz6LaySeq6updateEv	high	17.33	7.03	0	cal6/6,icall-,disp0.40,loc-,wid0.74
0028b4c0	00366da4	_ZN2Tz6LaySeq9SetSeqNumEPKs	sandwich	3.10	0.00	1	sandwich,disp0.16,wid0.33
0028b4f0	00366dd8	_ZN2Tz6LaySeq9SetLayNumEPKs	med	5.83	1.52	1	imm1.00,disp1.00,wid0.33
0028b520	0036718c	_ZN2Tz10LaySeqMess6createEiiiPNS_6LayoutEPKsS4_iii	high	15.35	9.91	0	cal5/5,disp0.48,loc-,wid0.40
0028b640	00366f58	_ZN2Tz10LaySeqMess6updateEv	high	18.38	7.54	0	cal6/6,disp0.46,loc-,wid0.58
0028b6f0	00367158	_ZN2Tz10LaySeqMess9SetLayNumEPKs	rerun-med	0	0	rerun	callee:0x263bb0;loc:0x0
0028b720	00367124	_ZN2Tz10LaySeqMess9SetSeqNumEPKs	rerun-med	0	0	rerun	callee:0x263bb0;loc:0x0
0028b7c0	0037d154	_ZN2Tz8SaveFileC1Ev	med	6.37	5.00	1	cal1/1,disp1.00,wid0.33
0028b830	0037d1fc	_ZN2Tz8SaveFileD0Ev	med	6.87	5.77	0	cal1/1,disp1.00,wid0.33
0028b870	0037d1a8	_ZN2Tz8SaveFileD1Ev	low	4.69	1.79	1	disp1.00,wid0.67
0028b8e0	0037d394	_ZN2Tz8SaveFile9buildDataEPv	med	6.09	2.37	0	imm1.00,disp1.00,wid0.88
0028b9b0	0037d490	_ZN2Tz9ScrollBarC1Ev	med	5.14	2.75	0	icall-,imm1.00,disp0.79,wid0.69
0028ba80	0037d5dc	_ZN2Tz9ScrollBarD1Ev	low	3.32	2.52	1	icall-,disp1.00,wid0.58
0028bd60	0037dac4	_ZN2Tz9ScrollBar4LoopEv	med	6.53	3.90	0	imm1.00,disp1.00,wid0.60
0028be58	0037d5b4	_ZN2Tz9ScrollBar7isExistEv	low	4.62	3.20	2	disp1.00,wid1.00
0028c0a0	00372460	_ZN2Tz8MenuItem5startEPvPN2YI5IMAGEEiii	med	6.85	6.75	0	cal1/1,imm1.00,wid0.32
0028d008	00371708	_ZN2Tz10MenuCursor7isExistEi	sandwich	3.00	0.00	0	sandwich,wid0.50
0028d068	00371800	_ZN2Tz10MenuCursor6SetPriEii	sandwich	2.64	0.00	0	sandwich,wid0.57
0028d0f8	00367ad8	_ZN2Tz8LightCurC1Ev	med	5.84	1.58	0	cal1/1,call-,imm1.00,disp0.28,wid0.23
0028d2a0	003676e0	_ZN2Tz8LightCur6updateEv	low	3.91	8.61	0	cal1/1,call-,disp0.18,wid0.86
0028d660	00367e18	_ZN2Tz8LightCur9setParentEPN2dk6SpriteE	med	7.02	6.76	0	cal2/3,disp0.27,wid0.86
0028dbf8	00376bcc	_ZN2Tz8MenuUtil9GetLaySeqEPNS_6LayoutEPKsS4_	high	12.43	5.49	0	cal3/3,disp0.85,wid0.25
0028dd90	00376e94	_ZN2Tz8MenuUtil12GetAlignTypeEi	sandwich	2.80	0.00	0	sandwich,
0028def0	0037712c	_ZN2Tz8MenuUtil15MakeQuestionStrEPci	high	15.85	13.60	0	cal4/4,imm0.55
0028dfe8	00378880	_ZN2Tz8MultiSeqC1Ev	low	3.72	2.71	0	disp1.00,wid1.00
0028e2a8	00378ad4	_ZN2Tz8MultiSeq6createEiPvPN2YI5IMAGEEPsii	high	10.88	11.06	0	cal3/3,neg2,imm1.00,disp0.90,wid1.00
0028e350	003788a8	_ZN2Tz8MultiSeqD1Ev	high	12.65	2.19	0	cal2/2,imm1.00,disp0.84,wid0.60
0028e438	00377bd0	_ZN2Tz8MultiSeq6setNumEiii	med	5.82	2.79	0	cal1/1,disp0.43,wid0.88
0028e560	00378ea0	_ZN2Tz8MultiSeq11setMultiNumEPsii	low	3.00	1.78	1	cal1/1,wid0.00
0028e710	003784c8	_ZN2Tz8MultiSeq9setParentEPN2dk6SpriteE	low	3.86	2.27	1	disp1.00,wid0.50
0028e870	00379164	_ZN2Tz8MultiSeq12setOffsetPosEii	low	4.77	1.78	0	disp1.00,wid0.67
0028edf0	00378030	_ZN2Tz8MultiSeq4drawEv	high	22.42	31.50	0	cal7/7,call-,brn-,fp-,imm0.29,disp0.99,wid0.97
0028f4a0	0037e618	_ZN2Tz7SelHist11SetSeqList2EPKs	low	4.45	2.05	0	disp1.00,wid0.29
0028f930	0037efe0	_ZN2Tz7SelHist7isExistEi	med	5.59	3.87	0	cal1/1,imm0.13,wid0.50
0028fc78	0037a310	_ZN2Tz9MunnyDrawC1EiiPKs	med	5.49	2.30	0	cal1/1,icall-,imm0.62,disp0.51,wid0.52
0028fe38	0037a798	_ZN2Tz9MunnyDraw6CreateEiPvPN2YI5IMAGEEi	med	6.88	8.92	0	cal2/3,neg1,imm0.50,disp1.00,wid0.50
00290198	00386d08	_ZN2Tz8TimeDrawC1EiiiPKs	med	7.99	10.00	1	cal2/2,icall-,imm0.62,disp0.51,wid0.52
00290610	0031f654	_ZN2Tz7HelpGraC1Ev	med	6.87	3.28	0	cal2/2,call-,imm1.00,disp0.28,loc-,wid0.60
00290668	0031f528	_ZN2Tz7HelpGra6createEPvS1_i	med	6.75	6.35	0	cal2/2,imm0.71,loc-,wid0.80
00290708	0031f4bc	_ZN2Tz7HelpGra6updateEv	low	4.50	5.00	1	cal1/1
00290720	0031f4e0	_ZN2Tz7HelpGra4drawEv	low	4.50	5.00	1	cal1/1
00290738	0031f64c	_ZN2Tz7HelpGra6SetPriEi	rerun-med	0	0	rerun	callee:0x26e840;loc:0x0
00290870	0037782c	_ZN2Tz8MenuFileD0Ev	low	4.92	5.42	0	cal1/1,wid0.00
002908f0	00377744	_ZN2Tz8MenuFileD1Ev	low	3.46	2.08	0	cal1/2,neg1,disp1.00,wid0.44
002911f8	003265d8	_ZN2Tz8ItemStat7isExistEv	low	4.16	2.67	0	imm0.29
00291de0	003258f4	_ZN2Tz8ItemStat14UpdateNextStatEiiiiii	high	24.90	25.00	0	cal8/8,sw-,imm0.26,disp0.06,wid0.50
002922e0	00325238	_ZN2Tz8ItemStat8CalcElemERiiiiPKN2YS5SHEETE	low	4.86	4.49	0	neg1,imm1.00,disp1.00,wid0.88
002926c0	00388078	_ZN2Tz8UnitLoad4InitEi	high	21.38	6.63	0	cal6/6,imm1.00,wid0.87
002927b8	0038827c	_ZN2Tz8UnitLoad4ExitEv	high	10.60	2.05	0	cal3/3,wid0.60
00292eb0	00387ea8	_ZN2Tz8UnitLoad12ReadCallbackEPvjS1_	low	3.63	2.08	2	cal2/3,neg1,wid0.13
00292fe8	0038787c	_ZN2Tz8UnitLoad12BackReadFaceEv	med	5.33	4.31	1	cal1/1,disp0.01,wid0.61
00293240	0038a5f8	_ZN2Tz9ChgWeapon4InitEv	high	11.67	8.10	1	cal4/5,call-,imm0.66,disp0.03,wid0.50
002932f8	0038a6d0	_ZN2Tz9ChgWeapon4ExitEv	med	5.10	1.86	1	cal2/3,call-,wid0.80
002933d8	0038a740	_ZN2Tz9ChgWeapon3SetEiiiPNS0_4InfoE	low	4.28	2.40	0	imm1.00,disp0.04,wid0.59
00293780	003898dc	_ZN2Tz9ChgMember4ExitEv	med	6.30	1.55	0	cal1/1,wid1.00
00294020	00347214	_ZN2Tz9JmNewInfo10isAlbumNewEii	low	4.73	1.74	2	cal2/3,imm0.38,disp0.16,wid0.35
00294208	00340b30	_ZN2Tz6JmInfo11GetStoryLogEiRiS1_	med	5.98	4.85	1	cal1/2,imm1.00,disp1.00,wid0.08
00294408	003414a0	_ZN2Tz6JmInfo15isEnableDiagramEPKNS_17JmDiagramDataInfoE	rerun-med	0	0	rerun	callee:0x2a18d0;loc:0x0;selfweak:0x0
00294480	00340cf4	_ZN2Tz6JmInfo20isEnableDiagramCharaEPKNS_17JmDiagramDataInfoE	rerun-med	0	0	rerun	callee:0x2ae1b0;loc:0x0;selfweak:0x0
00294ea8	00362c00	_ZN2Tz10JmWorldSel8LeaveAllEv	med	7.71	1.56	0	cal2/2,neg1,imm1.00,wid0.80
00295270	00362908	_ZN2Tz10JmWorldSel15UpdateWorldNameEv	med	5.81	9.57	0	cal4/4,neg4,brn-,imm0.41,wid0.50
002955a8	00363a0c	_ZN2Tz10JmWorldSel10DrawUpdateEPNS_6SelectEii	high	24.29	12.67	0	cal7/7,neg1,imm1.00,disp0.46,wid0.86
002968d8	003597e4	_ZN2Tz8JmReport12ControlRoxasEv	high	20.63	17.20	0	cal7/7,neg2,imm1.00,wid0.43
00296ab0	00358654	_ZN2Tz8JmReport8LeaveAllEv	high	8.05	2.26	0	cal2/2,neg1,imm1.00,wid0.80
00296fd0	0035a8bc	_ZN2Tz7JmStory4ExitEv	med	7.30	5.13	0	cal1/1,wid1.00
00297cf8	0032806c	_ZN2Tz7JmAlbum4InitEv	high	19.89	3.69	0	cal5/5,imm1.00,wid1.00
00297d78	00328120	_ZN2Tz7JmAlbum4ExitEv	sandwich	5.98	0.00	0	sandwich,cal1/1,icall-,disp0.04,wid0.83
00298c60	0032726c	_ZN2Tz7JmAlbum8MovePageEi	high	17.33	5.29	0	cal5/5,neg1,imm1.00,disp0.04,wid0.81
00298e20	00329688	_ZN2Tz7JmAlbum10DrawUpdateEPNS_6SelectEii	med	6.90	5.80	0	cal1/1,imm1.00
00299458	00327d9c	_ZN2Tz7JmAlbum8SelCheckEi	med	6.78	14.78	1	cal3/3,neg2,disp0.08,wid0.64
002994f8	00330934	_ZN2Tz12JmCollection4InitEv	high	13.21	3.00	1	cal3/3,imm1.00,wid1.00
00299550	003309ac	_ZN2Tz12JmCollection4ExitEv	sandwich	2.44	0.00	1	sandwich,icall-,disp0.07,wid0.75
002995a8	00330a20	_ZN2Tz12JmCollection8LeaveAllEv	high	8.44	6.24	0	cal2/2,neg1,imm1.00,wid0.20
0029a820	00342d34	_ZN2Tz10JmMiniGame4InitEv	med	5.98	2.07	4	cal4/5,neg1,call-,icall-,disp0.03,wid0.42
0029a8e0	0033dc48	_ZN2Tz5JmDic4ExitEv	med	5.93	5.20	1	cal3/3,brn-,icall-,imm0.04,disp0.04,wid0.45
0029aa30	0033de98	_ZN2Tz5JmDic10FadeOutAllEv	low	4.97	4.27	0	cal1/1,neg1,imm0.82,wid0.00
0029dba0	0033d004	_ZN2Tz5JmDic8DrawMessEiijjPN2dk13SpriteMessageE	high	29.04	2.82	0	cal8/8,imm1.00,disp0.06,wid1.00
0029edb8	0032b304	_ZN2Tz7JmAnsem4InitEv	high	10.69	3.81	0	cal2/2,imm1.00,wid1.00
0029edf8	0032b34c	_ZN2Tz7JmAnsem4ExitEv	med	6.30	3.69	0	cal1/1,wid1.00
002a00f0	00329d80	_ZN2Tz7JmAnsem12GetEnableCntEv	low	3.41	1.81	0	cal1/1,neg1,disp0.34,wid0.71
002a0200	0032b018	_ZN2Tz7JmAnsem8DrawMessEiijjPN2dk13SpriteMessageE	high	29.87	3.10	0	cal8/8,imm1.00,disp0.22,wid1.00
002a06b8	0033812c	_ZN2Tz9JmDiagram4ExitEv	high	12.10	2.96	0	cal3/3,icall-,imm0.15,disp0.04,wid0.57
002a07f0	00338300	_ZN2Tz9JmDiagram8LeaveAllEi	med	7.57	5.44	0	cal3/3,neg3,imm1.00,wid0.00
002a0860	00339a58	_ZN2Tz5JmDic11LeaveDicSeqEv	high	14.37	2.95	0	cal4/4,wid0.64
002a17e8	00337560	_ZN2Tz9JmDiagram12SetCharaNameEv	high	8.20	9.85	0	cal2/2,neg1,imm0.30,disp0.32,wid0.94
002a1f88	0036031c	_ZN2Tz10JmTreasure4InitEv	high	13.37	6.20	0	cal4/4,neg1,imm0.64,disp0.11,wid0.11
002a2010	003605b8	_ZN2Tz10JmTreasure4ExitEv	sandwich	6.56	0.00	0	sandwich,cal3/3,brn-,icall-,disp0.03,wid0.29
002a23a0	00360bd8	_ZN2Tz10JmTreasure7ControlEv	high	61.34	7.74	0	cal22/25,neg3,imm0.91,disp1.00,wid0.33
002a2818	003613f8	_ZN2Tz10JmTreasure13CtrlPieceInfoEv	high	63.09	7.50	0	cal23/26,neg3,imm0.90,disp1.00,wid0.33
002a40c8	0035f6a4	_ZN2Tz10JmTreasure11isExistListEv	sandwich	3.72	0.00	0	sandwich,imm0.08,wid0.89
002a41f0	0035f888	_ZN2Tz10JmTreasure9LeaveListEv	high	11.44	2.08	0	cal4/4,icall-,imm0.08,wid0.75
002a4990	0035e338	_ZN2Tz10JmTreasure11Cur2WorldIdEi	med	5.60	3.67	0	imm0.69,disp0.68,wid0.83
002a4d48	0032e2b8	_ZN2Tz8JmBattle4ExitEv	low	4.41	2.59	0	cal1/1,icall-,imm0.24,disp0.21,wid0.72
002a6290	0032c964	_ZN2Tz8JmBattle12GetEnableCntEv	low	3.39	5.50	0	cal1/1,neg1,disp0.32,wid0.71
002a68e8	0035c18c	_ZN2Tz8JmSynthe4InitEv	high	18.94	5.83	0	cal6/6,neg1,imm0.43,wid0.44
002a6a18	0035c3e0	_ZN2Tz8JmSynthe8LeaveAllEv	high	8.31	3.89	0	cal2/2,neg1,imm1.00,wid0.00
002a6be0	0035c6b0	_ZN2Tz8JmSynthe7ControlEv	high	84.34	2.85	0	cal28/29,neg1,imm1.00,wid0.64
002a7760	00342f10	_ZN2Tz10JmMiniGame8LeaveAllEv	high	8.43	5.38	0	cal2/2,neg1,imm1.00,wid0.00
002a7a60	00343378	_ZN2Tz10JmMiniGame7ControlEv	high	87.55	3.54	0	cal29/30,neg1,imm1.00,wid0.64
002a7f20	003409e8	_ZN2Tz6JmInfo15GetWorldOpenCntEv	low	4.45	1.95	0	cal1/1,imm0.44,wid0.00
002a8948	00356688	_ZN2Tz7JmQuest4InitEv	high	18.60	11.13	5	cal5/5,imm0.40,disp0.03,wid0.86
002a8a00	00356780	_ZN2Tz7JmQuest4ExitEv	med	5.93	12.96	6	cal2/2,neg1,icall-,disp0.04,wid0.67
002a8a88	00356864	_ZN2Tz7JmQuest8LeaveAllEv	high	8.49	3.86	0	cal2/2,neg1,imm1.00,wid0.00
002a8d98	00356c94	_ZN2Tz7JmQuest7ControlEv	high	87.64	3.56	0	cal29/30,neg1,imm1.00,wid0.64
002aa220	00345b28	_ZN2Tz9JmNewInfo10CheckAnsemEv	med	6.29	3.19	0	cal2/3,neg1,imm0.75,disp0.26,wid0.86
002aa2f8	00346afc	_ZN2Tz9JmNewInfo10isAnsemNewEi	low	4.15	2.79	0	imm0.72,wid0.50
002aa4a8	00345874	_ZN2Tz9JmNewInfo10CheckAlbumEv	med	5.15	1.68	0	cal2/3,neg1,imm0.71,disp0.22,wid0.56
002aa960	0034562c	_ZN2Tz9JmNewInfo11CheckBattleEv	med	5.65	2.44	0	cal2/3,neg1,imm0.74,disp0.26,wid0.86
002aaa38	00347e30	_ZN2Tz9JmNewInfo11isBattleNewEi	low	3.84	1.82	0	imm0.64,wid0.50
002aacd8	0034847c	_ZN2Tz9JmNewInfo10isQuestNewEi	low	4.00	2.08	0	imm0.70,wid0.50
002ab020	00345184	_ZN2Tz9JmNewInfo13CheckMiniGameEv	med	5.64	4.95	0	cal2/3,neg1,imm0.78,disp0.26,wid0.89
002ab100	00348ec8	_ZN2Tz9JmNewInfo13isMiniGameNewEi	low	3.94	2.36	0	imm0.69,wid0.50
002ab448	00344ef8	_ZN2Tz9JmNewInfo13CheckTreasureEv	high	8.98	3.17	0	cal3/4,neg1,imm0.72,disp0.55,wid0.88
002ab818	00344cb4	_ZN2Tz9JmNewInfo9CheckNaviEv	med	5.33	5.22	0	cal2/3,neg1,imm0.72,disp0.34,wid0.86
002abba8	00344a70	_ZN2Tz9JmNewInfo14CheckSynthesisEv	low	4.11	5.03	0	cal2/3,neg1,imm0.54,disp0.10,wid0.80
002ac2e8	00344444	_ZN2Tz9JmNewInfo11CheckPuzzleEv	med	5.10	6.14	1	cal2/3,neg1,imm0.76,disp0.43,wid0.65
002ac420	0034b9d4	_ZN2Tz9JmNewInfo16isPuzzlePieceNewEi	high	11.43	1.84	0	cal2/2,imm0.62,disp0.49,wid0.70
002ac678	0034be84	_ZN2Tz9JmNewInfo17SetPuzzlePieceFlgEi	med	7.42	7.51	2	cal2/3,neg1,imm0.61,disp0.35,wid0.75
002ac9b0	0034c7dc	_ZN2Tz9JmNewInfo10isWorldNewEi	high	43.19	16.13	0	cal13/13,imm1.00
002acc98	0034caec	_ZN2Tz9JmNewInfo8isAnyNewEv	high	13.19	34.00	1	cal10/11,neg9,imm1.00
002ad338	00334690	_ZN2Tz10JmComplete11isAnsemCompEv	low	3.17	1.97	0	imm0.72,wid0.50
002aeba0	00353c7c	_ZN2Tz8JmPuzzle4ExitEv	high	11.18	11.48	0	cal5/5,brn-,icall-,disp0.02,wid0.22
002af748	00350b28	_ZN2Tz8JmPuzzle7CtrlSelEv	high	128.25	19.95	0	cal42/44,imm1.00,disp0.59,wid0.87
002b05f8	00352dc8	_ZN2Tz8JmPuzzle12CtrlTutorialEv	high	99.61	18.43	0	cal32/33,imm0.89,disp0.39,wid0.78
002b20b8	0034e6b8	_ZN2Tz8JmPuzzle11LeaveSeqTblEv	high	25.33	2.92	0	cal8/8,icall-,wid0.83
002b2840	0034e988	_ZN2Tz8JmPuzzle8LeaveAllEb	high	8.10	2.40	0	cal2/2,neg1,imm0.37,disp0.34,wid1.00
002b28b0	0034ef9c	_ZN2Tz8JmPuzzle6CalcUVEiiiPNS0_6SprtUVE	med	5.88	5.76	0	cal1/1,brn-,disp1.00,wid0.76
002b3440	00353ffc	_ZN2Tz8JmPuzzle8SetPieceEv	high	14.89	18.35	0	cal4/5,imm0.49,disp0.34,wid0.73
002b3908	0034bbd8	_ZN2Tz9JmNewInfo17isPuzzlePieceHistEi	low	4.40	2.07	1	cal2/3,neg1,imm0.22,disp0.54,wid0.50
002b3c38	00351fa0	_ZN2Tz8JmPuzzle12GameSelCheckEj	high	9.67	7.32	0	cal2/2,disp0.45,wid0.89
002b4ac8	0030b8a8	_ZN2Tz8CmSLBase11InitLayUnitEii	rerun-high	0	0	rerun	callee:0x259690;callee:0x259730;callee:0x25d6b0;loc:0x0
002b4ae0	0030b8bc	_ZN2Tz8CmSLBase12InitDummySeqEi	rerun-high	0	0	rerun	callee:0x259690;callee:0x259730;callee:0x25d6b0;loc:0x0
002b4af0	0030b8c8	_ZN2Tz8CmSLBase13InitSeqNumTblEPKNS_11SLSeqNumTblE	rerun-high	0	0	rerun	callee:0x259690;callee:0x259730;callee:0x25d6b0;loc:0x0
002b4b00	002818a4	_ZN7OvlShop8ItemShop12SetupConfirmEv	high	12.10	6.38	0	cal7/8,neg3,loc-,wid0.69
002b4f50	0030c270	_ZN2Tz8CmSLBase15LeaveWarningWinEv	low	3.12	2.28	0	icall-,disp0.12,wid0.78
002b4fb8	0030c300	_ZN2Tz8CmSLBase17isExistWarningWinEv	low	4.30	1.74	0	wid1.00
002b5078	0030c484	_ZN2Tz8CmSLBase14LoopWarningWinEv	med	6.34	4.56	0	cal1/1,disp0.13,wid0.88
002b5978	0030c56c	_ZN2Tz8CmSLBase11SetListMessEiiiPKN2YS7MESSAGEE	low	4.74	2.09	2	imm1.00,disp1.00,wid0.33
002b5a50	0030d858	_ZN2Tz8CmSLBase12LeaveListGraEv	med	5.42	3.49	1	icall-,imm1.00,disp1.00,wid0.67
002b6238	0030ddc8	_ZN2Tz8CmSLBase12DataLoadWaitEP4TASK	high	8.42	10.17	0	cal2/2
002b7010	00386f74	_ZN2Tz8TimeDraw5LeaveEv	low	4.18	1.62	1	disp1.00,wid0.50
002b7148	0038701c	_ZN2Tz8TimeDrawD1Ev	low	3.14	1.55	0	disp0.53,wid0.71
002b73ac	00388408	_ZN2Tz8UnitLoad14DeleteEntryAllEv	low	4.48	2.34	2	disp1.00,wid0.53
002b740c	00388570	_ZN2Tz8UnitLoad11ResetBufferEv	low	3.63	1.53	1	disp1.00,wid0.36
002b9ad0	0013aadc	_ZN5SOUND10initCommonEv	med	6.27	10.10	1	cal2/3,imm0.12,wid0.40
002b9ed0	0013b264	_ZN5SOUND9worldInitEv	med	5.56	5.11	1	cal1/1
002ba040	0013b6bc	_ZN5SOUND9bgSeClearEv	rerun-med	0	0	rerun	caller:0x2bcfe8;caller:0x2bd030;cu:0x0;loc:0x0;self:0x0
002ba298	0013aa54	_ZN5SOUND7bgmStopEi	rerun-med	0	0	rerun	callee:0x2bd310;cu:0x0;loc:0x0
002ba6f0	0013c3ac	_ZN5SOUND9setGumiSeENS_16SE_SET_GUMI_BANKEiiRi	low	4.41	1.95	1	disp1.00,wid0.57
002baa78	0013b068	_ZN5SOUND10worldClearEv	low	4.79	2.11	0	imm1.00
002bb310	00138e34	_ZN4SE3D13playPolygonSeEiii	med	5.39	2.74	0	imm1.00,disp1.00,wid0.33
002bb8b0	001383e0	_ZN4SE3D11checkVolumeEv	med	5.50	3.47	0	disp1.00,wid1.00
002bb9b8	00138660	_ZN4SE3D6calcSeEv	high	13.59	3.64	1	cal4/5,neg1,imm0.27,disp1.00,wid0.51
002bbe38	0013981c	_ZN5SOUND10muteBgSeOnEv	med	5.70	2.09	1	imm1.00,disp0.44,wid1.00
002bbf68	00139754	_ZN5SOUND14destroyEventSeEv	low	4.93	2.00	0	imm1.00,disp1.00,wid0.17
002bbf98	00139084	_ZN5SOUND8calcSe3DEv	low	4.18	3.01	0	imm0.07,disp0.39,wid0.90
002bc188	00139adc	_ZN5SOUND8createSeEiRKN2kn7FVectorE	med	6.70	6.35	1	cal1/1,disp1.00,wid0.17
002bc288	00139e48	_ZN5SOUND14createBgLoopSeEii	sandwich	7.29	0.00	0	sandwich,cal1/1,disp1.00,wid0.17
002bc2e8	00139f70	_ZN5SOUND15createPolygonSeEiii	med	7.92	1.63	0	cal1/1,disp1.00,wid1.00
002bc3f0	0013a078	_ZN5SOUND10setVolume0Ej	low	3.51	1.61	0	call-,imm1.00,wid0.40
002bc588	0013a14c	_ZN5SOUND14createIopVoiceEiiRKN2kn7FVectorEi	rerun-med	0	0	rerun	callee:0x1b0370;loc:0x0
002bc688	0013a248	_ZN5SOUND14createVsbVoiceEiiRKN2kn7FVectorEi	rerun-med	0	0	rerun	callee:0x1b0390;loc:0x0
002bc978	0013a488	__std___6_se_cpp_3f78209c	low	3.16	1.66	1	disp1.00,wid0.50
002bcbf0	0013e234	_ZN7SE_BANK17getBackGroundBankEiRiS0_	med	5.09	2.08	0	imm1.00,disp1.00,wid0.67
002bcdf8	0013d540	_ZN10VAG_STREAM7fadeOutEi	low	3.84	1.84	1	disp1.00,wid0.50
002bce40	0013d6bc	_ZN7SE_BANK12setFieldModeEv	low	4.40	2.28	0	disp1.00,wid1.00
002bce50	0013d6e0	_ZN7SE_BANK10clearFieldEv	high	9.60	2.49	0	cal1/1,imm0.70,disp1.00,wid0.88
002bcfe8	0013d9cc	_ZN7SE_BANK15backGroundClearEv	rerun-med	0	0	rerun	callee:0x2b9ed0;loc:0x0
002bd030	0013da4c	_ZN7SE_BANK17backGroundDestroyEv	rerun-med	0	0	rerun	callee:0x2b9ed0;cu:0x0;loc:0x0
002bd078	0013dac4	_ZN7SE_BANK13footStepClearEv	rerun-med	0	0	rerun	callee:0x2b9ed0;cu:0x0;loc:0x0
002bd0b8	0013db40	_ZN7SE_BANK15footStepDestroyEv	rerun-med	0	0	rerun	callee:0x2b9ed0;cu:0x0;loc:0x0
002bd100	0013dbb8	_ZN7SE_BANK11weaponClearEv	rerun-med	0	0	rerun	callee:0x2b9ed0;loc:0x0
002bd140	0013dc54	_ZN7SE_BANK13weaponDestroyEv	rerun-med	0	0	rerun	callee:0x2b9ed0;loc:0x0
002bd310	001363e4	_ZN5SOUND13readBgmThreadEP4TASK	high	16.15	7.89	0	cal8/8,call-,brn-,icall-,disp0.24,loc-,wid0.25
002bd788	003d6fa4	_ZN8worldmap13CameraManager8execTaskEP4TASK	rerun-med	0	0	rerun	caller:0x2bd870;loc:0x0;self:0x0
002bd870	003d6ec8	_ZN8worldmap13CameraManager6updateEv	low	3.78	1.52	0	imm1.00,wid0.50
002bd998	003d8300	_ZN8worldmap8LibrettoC1Ei	med	5.87	1.65	0	imm1.00,disp0.63,wid1.00
002bdac8	003d83d8	_ZN8worldmap8LibrettoD1Ev	high	14.32	15.44	0	cal3/3,icall-,imm1.00,disp0.54,wid0.90
002be190	003d8cf0	_ZN8worldmap8Libretto11startMotionEiPii	sandwich	6.57	0.00	0	sandwich,fp-,imm1.00,disp0.80,flt1.00,wid0.80
002be258	003d9000	_ZN8worldmap8Libretto10pushMotionEiPii	med	6.24	1.97	0	imm1.00,disp0.80,flt1.00,wid0.67
002be568	003d96ac	_ZN8worldmap8Libretto9playVoiceEi	low	4.99	5.32	0	cal0/1,imm1.00,disp1.00,wid0.60
002be750	003d53cc	_ZN2dk9WM_COMMON10isWorldMapEv	low	3.42	2.67	1	wid1.00
002be760	003d5a60	_ZN2dk10WM_SAVERAM8new_gameEv	low	4.28	1.78	0	disp1.00,wid1.00
002be7b8	003da804	_ZN8worldmap3ObjC1EPKN2YS8OBJENTRYERKN2kn7FVectorEf	med	5.63	1.78	1	imm1.00,disp1.00,wid1.00
002be800	003da8ac	_ZN8worldmap3Obj6appearEPKN2YS8OBJENTRYERKN2kn7FVectorEf	high	15.25	9.22	0	cal4/4,fp-,imm1.00,disp1.00,loc-,wid1.00
002be9b0	003daa0c	_ZN8worldmap3Obj13applyStateAllEv	rerun-high	0	0	rerun	callee:0x2be0b0;caller:0x2c1dc0;fp:0x2be9b0;loc:0x0;self:0x0
002bea88	003d3d30	_ZN8worldmap7Manager10initializeEv	med	7.11	12.44	0	cal2/3,fp-,disp0.25,wid1.00
002beb80	003d3e6c	_ZN8worldmap7Manager6isExecEv	low	3.50	1.88	0	wid1.00
002bebd0	006602e8	_ZN8worldmap10ActionShip7controlEPN2YS3OBJE	high	8.03	5.04	1	cal1/1,fp-,imm1.00,disp1.00,flt1.00,loc-,wid0.83
002bee58	003da2cc	_ZN8worldmap13MessageWidgetD1Ev	low	4.00	1.70	0	icall-,disp1.00,wid0.71
002beea8	003da330	_ZN8worldmap13MessageWidgetD0Ev	low	3.42	1.69	0	cal1/1,icall-,wid0.00
002bf098	003d4b30	_ZN8worldmap10RootWindowC1Ev	high	28.77	37.71	0	cal8/8,imm0.66,disp0.29,wid0.71
002bf170	003d6534	_ZN2dk13WM_TOTAL_INFOD1Ev	low	3.88	2.75	1	cal2/2,neg1,icall-,disp0.04,wid0.40
002bf1f0	003d4d9c	_ZN8worldmap10RootWindowD1Ev	high	9.48	4.73	0	cal2/2,icall-,imm1.00,disp0.22,wid0.62
002bf308	003d4f18	_ZN8worldmap10RootWindow8execTaskEP4TASK	high	9.92	5.73	0	cal2/2,icall-,imm1.00,disp0.24,wid0.71
002bf398	003dde08	_ZN8worldmap6SymbolC1EPKN2YS8OBJENTRYERKN2kn7FVectorEf	med	6.41	3.81	0	imm0.38,disp0.86,wid0.85
002bf538	003de0bc	_ZN8worldmap6Symbol9_OVR_execEv	med	5.80	3.58	0	icall-,imm1.00,disp1.00,wid0.57
002bf5a0	003ddf90	_ZN8worldmap6Symbol15_OVR_checkStateEv	high	8.26	6.12	0	cal1/1,disp1.00,wid1.00
002bf618	003de010	_ZN8worldmap6Symbol15_OVR_applyStateEv	low	4.38	2.31	0	disp1.00,wid1.00
002bf650	003de160	_ZN8worldmap6Symbol8setStateEPKN2YS10WORLDSTATEE	high	26.87	32.93	0	cal7/7,brn-,fp-,imm0.76,disp0.69,flt1.00,wid0.67
002bf8a8	003de458	_ZN8worldmap6Symbol20_OVR_attack_callbackEPN2YS6BTLOBJEPNS1_6ATTACKEPKNS1_11ATTACKPARAME	med	7.50	5.00	0	cal2/2
002bf8f0	003de4d4	_ZN8worldmap6Symbol13appearEpisodeEv	high	9.52	6.14	0	cal1/1,imm1.00,disp1.00,wid0.75
002bf978	003de060	_ZN8worldmap6Symbol16appearEpisodeAllEv	low	4.21	2.41	0	disp1.00,wid1.00
002bf9d8	003d75dc	_ZN8worldmap5EventC1EP4TASKi	high	8.17	12.77	0	cal4/6,call-,imm0.48,disp0.34,wid0.53
002bfaf0	003d76f4	_ZN8worldmap5EventD1Ev	high	13.41	17.41	0	cal3/3,imm1.00,disp0.27,wid0.71
002bfb90	003d77f0	_ZN8worldmap5Event4execEv	high	8.37	9.05	0	cal1/1,imm1.00,disp1.00,wid0.80
002bfcf8	003d7aac	_ZN8worldmap5Event11CompareFlagEPKvS2_	med	5.09	4.32	1	disp1.00,wid1.00
002bfd48	003d79b8	_ZN8worldmap5Event12execLibrettoEi	high	10.04	10.12	0	cal2/2,disp1.00,wid1.00
002bfd90	003d7a50	_ZN8worldmap5Event14finalizeThreadEP4TASK	low	3.30	1.62	0	cal1/1,call-,wid0.50
002bff98	003eb978	_ZN8worldmap11EventCameraC1ERKN2kn7FVectorES4_f	med	5.14	6.53	1	cal1/1,brn-,fp-,imm1.00,disp1.00,wid0.16
002c01a8	003eb730	_ZN8worldmap11EventCamera6updateEv	med	7.18	2.46	1	cal1/1,brn-,fp-,imm1.00,disp0.64,flt1.00,wid0.47
002c0370	00661494	_ZN8worldmap12LockOnCameraC1EPN2YS6PLAYERERNS1_6TARGETE	med	7.37	5.05	2	cal1/1,imm1.00,disp0.34,wid0.43
002c0470	00661340	_ZN8worldmap12LockOnCamera6updateEv	med	6.84	4.93	0	cal1/1,imm1.00
002c04c8	00661630	_ZN8worldmap12LockOnCamera8getEyeAtERN2kn7FVectorES3_	high	9.74	14.80	1	cal2/2,brn-,fp-,imm0.14,disp1.00,flt1.00,wid0.29
002c0728	00661fb0	_ZN2YS15CHECK_CACHEBUFF6IsExecEv	low	3.33	1.83	3	wid1.00
002c0820	006625ec	_ZN2YS15CHECK_CACHEBUFF17CheckAllSetThreadEP4TASK	low	3.69	1.50	2	imm1.00,wid0.00
002c0ca0	003d5f30	_ZN2dk13WM_TOTAL_INFOC1Ev	high	142.66	18.25	0	cal45/45,call-,imm0.60,disp0.27,wid0.85
002c1750	003d6770	_ZN2dk13WM_TOTAL_INFO5startEv	low	4.94	4.71	1	cal1/1,icall-,disp0.19,wid0.50
002c17d8	00660a68	_ZN8worldmap10ActionWarp5startEPN2YS3OBJE	high	9.14	3.28	3	cal2/2,fp-,imm0.79,flt1.00,wid0.29
002c1848	00660b1c	_ZN8worldmap10ActionWarp3endEPN2YS3OBJE	sandwich	3.50	0.00	3	sandwich,wid1.00
002c1860	00660b40	_ZN8worldmap10ActionWarp7controlEPN2YS3OBJE	med	8.00	4.22	0	cal1/1,imm1.00,disp1.00,flt1.00,loc-,wid0.50
002c18e0	0065f9e0	_ZN8worldmap10ActionDash5startEPN2YS3OBJE	med	6.25	5.44	0	cal2/2,brn-,fp-,imm1.00,disp1.00,flt1.00,loc-,wid0.18
002c1950	0065fae8	_ZN8worldmap10ActionDash3endEPN2YS3OBJE	high	13.68	8.52	1	cal2/2,imm1.00,disp1.00,flt1.00,wid0.50
002c1990	0065fc34	_ZN8worldmap10ActionDash10party_jumpEPN2YS3OBJEb	low	3.28	1.78	0	cal1/1,imm1.00,loc-
002c19b0	0065fb4c	_ZN8worldmap10ActionDash7controlEPN2YS3OBJE	med	6.82	4.30	0	cal1/1,imm1.00,disp1.00,loc-,wid0.80
002c1aa0	003ebce4	_ZN8worldmap4GumiC1EPKN2YS8OBJENTRYERKN2kn7FVectorEf	low	4.75	1.52	0	disp1.00,wid1.00
002c1ae8	003ebf20	_ZN8worldmap4Gumi15_OVR_initializeEv	high	12.34	5.34	0	cal3/3,disp1.00,wid0.50
002c1b60	003ec018	_ZN8worldmap4Gumi8setStateEPKN2YS6COURSEE	med	7.17	8.54	1	cal1/1,disp1.00,wid0.62
002c1be0	003ebd98	_ZN8worldmap4Gumi15_OVR_checkStateEv	high	15.13	9.75	0	cal3/3,disp1.00,wid1.00
002c1c50	003ebe0c	_ZN8worldmap4Gumi15_OVR_applyStateEv	sandwich	9.00	0.00	0	sandwich,cal2/2
002c1cb0	003ec134	_ZNK8worldmap4Gumi5Table8setStateEi	low	4.86	2.60	0	disp1.00,wid1.00
002c1d48	003daae4	_ZN8worldmap3Obj7eachAllEPN2YS3OBJE	med	5.00	3.00	0	cal1/1,wid0.00
002c1dc0	003d7014	_ZN8worldmap6Course13applyStateAllEv	med	7.16	6.11	0	cal1/1,disp1.00,wid0.80
002c1f08	003dc020	_ZN8worldmap9ObjWidgetC1Ej	rerun-med	0	0	rerun	callee:0x2be020;loc:0x0;selfweak:0x0
002c1f90	003dc0a4	_ZN8worldmap9ObjWidget4drawEN4menu8PositionEN2YS5COLORE	low	3.60	3.40	2	cal2/3,brn-
002c2228	003e9fe8	_ZN8worldmap2BG9showGroupEi	med	5.30	3.00	0	cal1/1
002c2248	003ea024	_ZN8worldmap2BG9hideGroupEi	med	5.30	3.30	0	cal1/1
002c2268	003ea060	_ZN8worldmap2BG7showObjEi	rerun-med	0	0	rerun	callee:0x2c1dc0;loc:0x0
002c2288	003ea09c	_ZN8worldmap2BG7hideObjEi	rerun-high	0	0	rerun	callee:0x2c1dc0;caller:0x161000;fp:0x2c2288;loc:0x0;self:0x0
002c22b8	003eca8c	_ZN8worldmap3Key3getEi	low	4.53	3.47	1	imm1.00,disp0.12,wid1.00
002c22f0	003ec89c	_ZNK8worldmap3Key10getOpenNumEv	med	5.13	1.50	0	imm1.00,disp1.00,wid0.50
002c29d8	003e5fbc	_ZN2dk10WM_LANDINGC1Ev	high	29.23	17.84	0	cal10/11,call-,imm0.19,disp0.04,wid0.86
002c2cb8	003e6380	_ZN2dk10WM_LANDINGD1Ev	high	12.30	6.85	0	cal5/5,brn-,icall-,imm0.07,disp0.10,wid0.57
002c3e58	003e53f0	_ZN2dk10WM_LANDING6updateEv	high	29.99	42.38	0	cal10/10,icall-,imm0.17,disp0.05,wid0.77
002c53a8	003ecb3c	_ZN2dk7WM_EXIT17execGumiMenu_taskEP4TASK	high	10.19	12.65	0	cal3/3,call-,icall-,disp1.00,wid0.60
002c5418	003ecbb8	_ZN2dk7WM_EXIT12jumpGumiMenuEi	med	6.15	2.04	0	cal1/1,disp0.40,wid1.00
002c5460	003ecc0c	_ZN2dk7WM_EXIT9jumpFieldER4AREA	low	4.50	2.50	0	cal1/1
002c55b0	003e986c	_ZN2dk6WM_OBJ13_OVR_pre_execEv	high	8.11	7.10	0	cal1/1,disp1.00,wid1.00
002c55f0	003e98c4	_ZN2dk6WM_OBJ14_OVR_post_execEv	med	5.00	3.00	0	cal1/1
002c5608	003e96d8	_ZN2dk6WM_OBJ8hide_objEv	rerun-med	0	0	rerun	callee:0x2cb4a0;loc:0x0
002c5628	003e9740	_ZN2dk6WM_OBJ8show_objEv	rerun-med	0	0	rerun	callee:0x2cb4a0;loc:0x0
002c56d0	003e98f4	_ZN2dk6WM_OBJ13_OVR__destroyEv	high	11.11	10.00	0	cal2/2,disp1.00,wid1.00
002c5fa0	003dcbc4	_ZN8worldmap6Player7endDashEv	low	4.55	3.39	0	imm1.00
002c5fb8	003dcb20	_ZN8worldmap6Player19_OVR_get_lockon_posEv	med	7.70	7.52	0	cal1/1,disp1.00,wid1.00
002c6050	003dd68c	_ZN8worldmap6Player9checkDarkEi	high	10.80	5.02	0	cal2/2,imm1.00
002c6158	003d6bfc	_ZN8worldmap13CameraManagerC1Ev	med	6.65	3.12	0	imm1.00,disp1.00,wid1.00
002c6190	003d6c50	_ZN8worldmap13CameraManager10initializeEv	med	6.88	1.93	1	imm1.00,disp1.00,wid1.00
002c6228	003d6c78	_ZN8worldmap13CameraManager6appendEiPNS_6CameraE	med	5.47	4.59	1	cal1/1,disp0.48,wid0.67
002c6280	003d6d70	_ZN8worldmap13CameraManager6removeEi	low	3.66	1.54	2	icall-,disp1.00,wid0.57
002c63c8	003d6fec	__sti___17_cameramanager_cpp_7dfa8113	low	3.30	3.80	1	cal1/1,brn-
002c6420	003eaa1c	_ZN8worldmap6Camera10initializeEv	high	18.62	14.83	0	cal5/5,imm1.00,disp0.92,loc-,wid1.00
002c6490	003ea740	_ZN8worldmap6Camera6updateEv	high	15.38	15.26	0	cal4/4,brn-,imm1.00,disp0.77,flt1.00,loc-,wid0.32
002c66b8	003db790	_ZN8worldmap9ObjCameraC1EPNS_6PlayerEPN2YS3PADE	low	4.60	1.80	0	imm0.26,disp0.65,wid0.32
002c68f0	003db260	_ZN8worldmap9ObjCamera6updateEv	high	16.08	17.02	0	cal4/4,brn-,fp-,imm0.28,disp1.00,flt1.00,wid0.50
002c7060	003dee24	_ZN8worldmap4Warp4execEPNS_6PlayerE	high	9.60	7.28	0	cal2/2,brn-,imm1.00,disp0.60,wid0.56
002c7108	003e7860	_ZN2dk15WM_LANDING_INFOC1Ei	high	192.40	11.90	0	cal61/61,call-,imm0.50,disp0.25,wid0.87
002c8028	003e87a8	_ZN2dk15WM_LANDING_INFOD1Ev	high	15.67	14.54	2	cal6/6,brn-,icall-,imm0.10,disp0.08,wid0.62
002c83c0	003e81e8	_ZN2dk15WM_LANDING_INFO6updateEv	high	18.74	3.71	0	cal5/5,icall-,imm0.16,disp1.00,wid0.71
002c8478	003e82e0	_ZN2dk15WM_LANDING_INFO4drawEv	low	3.75	2.08	1	wid1.00
002c8680	003e855c	_ZN2dk15WM_LANDING_INFO8setupKeyEPKN8worldmap3KeyE	high	33.11	27.57	0	cal10/10,neg1,imm0.53,disp0.13,wid0.89
002c90c8	003e171c	_ZN2dk16WM_GLANDING_INFOC1Ei	high	225.45	31.31	0	cal71/71,imm0.57,disp0.38,wid0.91
002c9998	003e2390	_ZN2dk16WM_GLANDING_INFOD1Ev	high	10.70	2.60	1	cal4/4,brn-,icall-,imm0.10,disp0.11,wid0.50
002c9f60	003e26a0	_ZN2dk16WM_GLANDING_INFO6updateEv	high	13.63	1.73	0	cal3/3,icall-,imm0.41,disp1.00,wid0.71
002c9ff8	003e2768	_ZN2dk16WM_GLANDING_INFO4drawEv	low	3.00	2.25	0	wid1.00
002ca170	003e0ac4	_ZN2dk11WM_GLANDINGC1Ev	high	12.65	9.96	0	cal3/4,imm0.76,disp0.37,wid0.85
002ca290	003e0c0c	_ZN2dk11WM_GLANDINGD1Ev	high	11.00	1.74	0	cal2/2,imm0.74,disp0.22,wid0.89
002cae60	003ead10	_ZN8worldmap13CloseUpCameraC1ERKN2YS6TARGETERKN2kn7FVectorEf	high	11.51	15.71	0	cal3/3,neg1,brn-,fp-,imm1.00,disp0.38,flt1.00,wid0.33
002cb070	003eacd0	_ZN8worldmap13CloseUpCamera6updateEv	low	4.91	3.91	0	disp1.00,wid1.00
002cb460	003ed418	_ZN2dk7WM_GUMI13_OVR_pre_execEv	rerun-med	0	0	rerun	caller:0x2c55b0;cuweak:0x0;loc:0x0;self:0x0
002cb4a0	003ed2c8	_ZN2dk7WM_GUMI9showCheckEv	rerun-med	0	0	rerun	callee:0x2cb460;loc:0x0;selfweak:0x0
002cb890	00651828	_ZN2Ti4Path14calc_curve_posEfRNS0_5PointES2_	rerun-med	0	0	rerun	callee:0x2ce598;cu:0x0;loc:0x0
002cbca0	00655c08	_ZN2Ti4Path17get_next_movementERKN2kn7FVectorES4_	high	8.52	7.73	0	cal1/1,disp1.00,wid1.00
002cbf70	006536f0	_ZN2Ti4Path12get_next_posERN2kn7FVectorES3_f	med	6.15	5.86	0	cal1/2,brn-,fp-,imm1.00,disp1.00,wid0.46
002cc620	00656290	_ZN2Ti4Path15reset_leave_wayEPN2YS3OBJES3_	high	9.58	7.80	0	cal3/3,brn-,fp-,disp1.00,wid0.25
002cd260	00655c58	_ZN2Ti4Path17clear_active_pathEv	low	4.30	2.66	0	disp0.97,wid0.62
002ce2a0	00651ad0	_ZN2Ti4Path17search_near_pointERiRfRKN2kn7FVectorE	med	5.79	4.45	3	fp-,imm1.00,disp1.00,flt1.00,wid0.30
002ce598	00653200	_ZN2Ti4Path22calc_current_conditionERN2kn7FVectorEf	low	4.89	2.10	1	brn-,imm1.00,disp1.00,wid0.14
002ce6b8	00652144	_ZN2Ti4Path13reset_currentERKN2kn7FVectorE	med	5.53	5.91	4	cal1/1,brn-,fp-,imm1.00,disp1.00,wid0.26
002ce9c0	00650044	_ZN2Ti8MiniGameC1ENS0_6MGTypeEii	low	3.23	2.85	0	cal1/1,neg2,disp0.80,wid0.40
002cea28	006502b4	_ZN2Ti8MiniGameD2Ev	rerun-high	0	0	rerun	callee:0x2d7338;callee:0x2d7390;callee:0x2dc708;callee:0x2dc788;callee:0x2e0e70;callee:0x2e0f20;callee:0x2e2240;callee:0
002cea68	00650210	_ZN2Ti8MiniGameD1Ev	rerun-med	0	0	rerun	caller:0x2cf3f8;fp:0x2cea68;loc:0x0;self:0x0
002ceaa8	0065025c	_ZN2Ti8MiniGameD0Ev	med	6.93	3.73	0	cal1/1,disp0.46,wid1.00
002ceb48	0064febc	_ZN2Ti8MiniGame10_finalizerEP4TASK	low	4.15	2.83	0	cal1/1,icall-,disp0.51,wid0.62
002cec88	0064fce8	_ZN2Ti8MiniGame19task_proc_view_infoEP4TASK	high	12.30	10.48	0	cal3/3,brn-,imm1.00,disp0.48,wid1.00
002cedd0	0064ff98	_ZN2Ti8MiniGame11create_taskEiPNS0_9TaskParamE	high	11.98	2.88	0	cal2/2,imm1.00,disp0.37,wid1.00
002ceef8	006504f0	_ZN2Ti8MiniGame14obj_is_visibleEPN2YS3OBJE	med	5.45	4.99	0	cal1/1,imm1.00,disp0.41,wid0.12
002cef80	006507b4	_ZN2Ti8MiniGame16prize_is_visibleEPN2YS14PRIZEEFFECT_POE	med	7.30	11.12	1	cal3/4,wid0.25
002cf058	00650328	_ZN2Ti8MiniGame13_prepare_zoneEPN2YS4ZONEE	high	13.46	8.57	0	cal4/4,brn-,disp1.00,wid0.82
002cf1f8	00650a58	_ZN2Ti8MiniGame22check_obj_collision_okEPN2YS3OBJES3_	low	4.33	1.83	0	disp0.65,wid1.00
002cf3f8	0064c924	_ZN2Ti5MGObj12release_workEv	med	7.19	4.39	0	cal1/1,wid1.00
002cff00	0064db90	_ZN2Ti5MGObjC1EPKN2YS8OBJENTRYEjRKN2kn7FVectorEf	high	8.35	9.17	0	cal2/2,neg1,imm1.00,disp0.14,wid0.30
002cffe0	0064dda4	_ZN2Ti5MGObjD2Ev	med	7.28	3.39	0	cal1/1,imm1.00,wid1.00
002d0070	0064c788	_ZN2Ti5MGObj13_OVR__destroyEv	med	6.00	3.00	1	cal1/1,wid1.00
002d00d8	0064de4c	_ZN2Ti5MGObj10_OVR_beginEv	low	3.87	1.87	0	disp1.00,wid1.00
002d0290	0064e4c8	_ZN2Ti5MGObj6createEPKN2YS8OBJENTRYERKN2kn7FVectorEf	high	66.10	20.28	0	cal18/18,neg1,fp-,imm0.94,disp1.00,flt1.00,wid0.64
002d0d48	0064c7bc	_ZN2Ti5MGObj14_OVR_leave_reqEv	high	11.17	3.00	0	cal2/2,disp1.00,wid1.00
002d0ef0	002e9fbc	_ZN2Ti8MGPlayerC1EPKN2YS8OBJENTRYEPNS1_3PADERKN2kn7FVectorEf	med	6.89	3.72	1	cal1/1,imm1.00,disp0.09,wid0.50
002d0fb0	002ea0cc	_ZN2Ti8MGPlayerD2Ev	high	10.39	5.00	1	cal2/2,imm1.00,wid0.75
002d1028	006b7c84	_ZN2YS3OBJ6VTABLEIN2Ti8MGPlayerEE7_deleteEPS0_	high	10.39	2.00	1	cal3/3,imm1.00,loc-,wid0.75
002d1228	002e9f98	_ZN2Ti8MGPlayer14_OVR_post_execEv	med	5.96	4.46	0	cal1/1
002d1270	006450c8	_ZN2Ti9MGOarashi4initEii	med	7.17	5.17	1	cal2/2
002d1550	00643798	_ZN2Ti9MGOarashiC1Eii	high	23.26	24.31	0	cal5/6,fp-,imm1.00,disp0.97,flt1.00,wid0.47
002d1d30	006455b0	_ZN2Ti9MGOarashi19to_screen_ratio_posERKN2kn7FVectorE	rerun-med	0	0	rerun	callee:0x2d42d0;cu:0x0;loc:0x0
002d1f00	0064556c	_ZN2Ti9MGOarashi13camera_matrixEv	low	3.95	1.71	1	imm1.00
002d1f10	00645578	_ZN2Ti9MGOarashi17pre_camera_matrixEv	low	4.04	1.58	0	imm1.00
002d1f30	00645590	_ZN2Ti9MGOarashi19pre_camera_movementEv	low	3.27	1.77	0	imm1.00
002d1f88	00644968	_ZN2Ti9MGOarashi18task_update_cameraEP4TASK	med	6.17	3.60	0	cal1/1,neg1,imm1.00,disp1.00,wid0.17
002d2128	00645140	_ZN2Ti9MGOarashi21is_appear_mass_obj_okEPN2YS4ZONEES3_	low	4.94	3.55	0	disp1.00,wid1.00
002d2140	00645184	_ZN2Ti9MGOarashi13_prepare_zoneEPN2YS4ZONEE	sandwich	6.00	0.00	0	sandwich,cal1/1
002d2158	006451a8	_ZN2Ti9MGOarashi13obj_appear_okEPNS_11MGObjMemberE	med	7.33	8.07	0	cal1/1,neg1,imm1.00,disp1.00,wid0.33
002d24e8	00643dd4	_ZN2Ti9MGOarashi19set_current_tornadoEPNS_5MGObjE	high	13.88	4.50	0	cal4/4,brn-,fp-,imm0.84,disp1.00,wid0.22
002d25f0	006447f0	_ZN2Ti9MGOarashi13task_pre_execEP4TASK	med	5.91	2.20	0	cal1/1,disp1.00,wid0.20
002d2740	0064597c	_ZN2Ti9MGOarashi16obj_calc_inertiaEPN2YS3OBJEff	sandwich	1.70	0.00	0	sandwich,brn-,fp-,imm1.00,disp0.35,wid0.07
002d28f8	00645c68	_ZN2Ti9MGOarashi12on_get_prizeEii	low	4.58	1.61	0	cal1/1,wid0.25
002d2a58	00643d8c	_ZN2Ti9MGOarashiD0Ev	med	6.04	1.83	0	cal1/1,disp1.00,wid1.00
002d3568	00647d28	_ZN2Ti15MGOarashiGimObj16appear_rot_prizeERKNS_9MGOarashi13RotPrizeParamEi	high	11.09	6.44	0	cal1/1,imm1.00,disp1.00,wid0.85
002d36f0	00646e30	_ZN2Ti15MGOarashiGimObj17appear_fall_prizeEv	high	11.98	10.84	0	cal2/2,fp-,imm1.00,disp0.78,wid0.88
002d4200	00648b74	_ZN2Ti15MGOarashiPigletC1EPKN2YS8OBJENTRYERKN2kn7FVectorEf	high	9.44	8.86	0	cal1/1,imm1.00,disp1.00,wid1.00
002d4240	006f0c4c	_ZN2YS3OBJ6VTABLEIN2Ti15MGOarashiPigletEE10initializeEPS0_	med	7.25	7.95	0	cal2/2,disp1.00,loc-,wid0.50
002d4290	006f0e30	_ZN2YS3OBJ6VTABLEIN2Ti15MGOarashiPigletEE8_destroyEPS0_	med	5.30	3.80	1	cal1/1
002d49c0	0064a664	_ZN2Ti15MGOarashiPlayerC1EPKN2YS8OBJENTRYEPNS1_3PADERKN2kn7FVectorEf	med	5.82	4.35	0	disp0.93,wid0.44
002d4f60	0064a908	_ZN2Ti15MGOarashiPlayer14get_attack_dirEv	med	5.82	5.98	0	cal1/1,brn-,fp-,imm1.00,disp0.96,wid0.50
002d5578	0064a890	_ZN2Ti15MGOarashiPlayer14is_attack_moveEv	med	5.62	5.12	0	imm1.00,disp1.00,wid0.50
002d56a0	00649644	_ZN2Ti15MGOarashiPlayer23is_contact_piglet_readyEv	med	7.94	4.56	0	cal1/1,brn-,imm1.00,disp1.00,wid0.23
002d5890	006f1cb0	_ZN2Ti8MGPlayer6VTABLEINS_15MGOarashiPlayerEE13can_get_prizeEPS0_PKN2YS11PRIZEEFFECTE	med	6.22	4.23	0	cal2/2,brn-,imm1.00,disp0.64,loc-,wid0.25
002d5b48	0064a7c8	_ZN2Ti15MGOarashiPlayer19stop_tornado_attackEv	high	8.93	8.09	0	cal1/1,icall-,imm1.00,disp0.85,wid0.67
002d5ba8	006f1804	_ZN2YS3OBJ6VTABLEIN2Ti15MGOarashiPlayerEE10is_controlEPS0_	low	4.45	3.82	1	cal1/1,disp1.00,loc-,wid1.00
002d5bd8	006f19b8	_ZN2YS6BTLOBJ6VTABLEIN2Ti15MGOarashiPlayerEE7is_starEPS0_	low	4.15	3.56	1	cal1/1,disp1.00,loc-,wid1.00
002d5d90	0064bfdc	_ZN2Ti16MGOarashiBalloonC1EPKN2YS8OBJENTRYERKN2kn7FVectorEf	low	3.34	2.09	1	call-,disp1.00,wid1.00
002d5dd0	0064be60	_ZN2Ti11MGOarashiPoC1EPKN2YS8OBJENTRYERKN2kn7FVectorEf	med	5.27	2.73	0	imm1.00,disp1.00,wid0.20
002d60e8	0064b4c8	_ZN2Ti11MGOarashiPo18get_separate_speedEv	high	16.49	5.96	0	cal4/4,disp0.52,wid0.90
002d62d0	006523e8	_ZN2Ti4Path40search_near_point_from_pre_point_nocycleERiRfRKN2kn7FVectorEf	high	16.07	1.55	2	cal6/7,fp-,disp0.04,flt1.00,loc-,wid0.23
002d6948	006f2910	_ZN2Ti5MGObj6VTABLEINS_11MGOarashiPoEE19correct_draw_matrixEPS0_RN2kn7FMatrixE	med	5.09	2.55	0	cal1/1,disp1.00,loc-,wid1.00
002d6a00	006f2148	_ZN2YS3OBJ6VTABLEIN2Ti16MGOarashiBalloonEE10initializeEPS0_	high	16.81	12.77	0	cal6/6,imm1.00,loc-,wid0.00
002d6af0	006d4760	_ZN2YS12ATTACK_MAGICD0Ev	med	7.54	1.50	1	cal1/1,disp1.00,wid1.00
002d6b30	00631fb0	_ZN2Ti17ACTION_PO_OARASHI13calc_movementEPN2YS3OBJE	high	18.79	11.41	1	cal7/7,neg1,brn-,fp-,imm1.00,disp0.42,loc-,wid0.60
002d6d10	0063235c	_ZN2Ti27ACTION_PO_OARASHI_TORNADO_S13calc_movementEPN2YS3OBJE	high	9.55	5.56	1	cal3/3,loc-,wid0.75
002d6e08	00633dd0	_ZN2Ti11MG_ALEscape13PadToMovementERKN2kn7FVectorE	low	3.07	2.05	3	disp1.00,wid0.15
002d7128	00636fa0	_ZN2Ti12MGHachimitsuC1Eiii	high	22.56	7.38	0	cal5/5,neg1,imm1.00,disp1.00,wid0.46
002d7338	006375b4	_ZN2Ti12MGHachimitsuD1Ev	high	11.05	2.50	2	cal2/2,disp1.00,wid1.00
002d7390	00637624	_ZN2Ti12MGHachimitsuD0Ev	high	14.05	6.50	2	cal3/3,disp1.00,wid1.00
002d78a8	00638a00	_ZN2Ti12MGHachimitsu13update_cameraEv	high	19.95	6.17	0	cal5/5,brn-,imm1.00,disp1.00,wid1.00
002d87c0	00638f20	_ZN2Ti12MGHachimitsu15_is_enable_unitEj	low	3.80	2.62	0	disp0.81,wid0.54
002d8898	006376a0	_ZN2Ti12MGHachimitsu19is_player_operationEv	low	4.35	3.79	0	disp1.00,wid1.00
002d8900	00639d0c	_ZN2Ti12MGHachimitsu18is_reverse_controlEv	low	3.43	2.73	0	disp1.00,wid1.00
002d8910	0063922c	_ZN2Ti12MGHachimitsu21is_appear_mass_obj_okEPN2YS4ZONEES3_	low	3.90	2.38	2	cal0/1,imm1.00,disp1.00,wid0.33
002d89b0	006393b4	_ZN2Ti12MGHachimitsu13obj_appear_okEPNS_11MGObjMemberE	med	5.07	5.63	0	cal1/2,imm0.36,disp1.00,wid0.33
002d8a78	00639558	_ZN2Ti12MGHachimitsu12obj_leave_okEPNS_5MGObjE	low	3.65	5.99	0	cal1/2,brn-,imm1.00,disp0.65,wid0.33
002d8b58	00639718	_ZN2Ti12MGHachimitsu15_prize_leave_okEPN2YS14PRIZEEFFECT_POE	med	5.12	8.55	2	cal1/2,brn-,imm1.00,disp1.00,wid0.17
002d8d08	00638d50	_ZN2Ti12MGHachimitsu18task_update_cameraEP4TASK	low	3.94	4.50	1	cal1/1,size,wid0.50
002d96d8	0063c740	_ZN2Ti18MGHachimitsuPlayerC1EPKN2YS8OBJENTRYEPNS1_3PADERKN2kn7FVectorEf	med	6.09	5.12	0	disp1.00,wid0.53
002d9788	0063af8c	_ZN2Ti18MGHachimitsuPlayer15_OVR_initializeEv	high	19.28	7.78	0	cal5/5,imm1.00,disp0.22,wid0.71
002d9e80	0063c1fc	_ZN2Ti18MGHachimitsuPlayer14_OVR_post_execEv	med	5.00	9.05	0	cal3/4,neg2,brn-,icall-,fp-,imm0.68,disp0.52,wid0.55
002da520	0063bd08	_ZN2Ti18MGHachimitsuPlayer10set_matrixERKN2kn7FMatrixE	med	7.22	8.63	0	cal1/1,brn-,fp-,imm0.82,disp1.00,wid0.09
002daa98	0065e248	_ZN2Ti18MGHachimitsuGimObjC1EPKN2YS8OBJENTRYERKN2kn7FVectorEf	high	8.83	6.80	1	cal1/1,imm1.00,disp1.00,wid1.00
002dab68	006f30d0	_ZN2YS3OBJ6VTABLEIN2Ti18MGHachimitsuGimObjEE10initializeEPS0_	high	11.23	3.23	0	cal3/3,disp1.00,loc-,wid1.00
002dabd0	006f3184	_ZN2YS3OBJ6VTABLEIN2Ti18MGHachimitsuGimObjEE4execEPS0_	med	6.00	2.38	2	cal1/1
002dabe8	006f31fc	_ZN2YS3OBJ6VTABLEIN2Ti18MGHachimitsuGimObjEE9leave_reqEPS0_	high	9.79	11.79	0	cal3/3,imm1.00,loc-
002daca0	0065e2a4	_ZN2Ti18MGHachimitsuGopherC1EPKN2YS8OBJENTRYERKN2kn7FVectorEf	high	9.07	1.74	0	cal1/1,imm1.00,disp1.00,wid0.20
002dad78	0065da80	_ZN2Ti18MGHachimitsuGopher15_OVR_initializeEv	high	13.19	10.41	0	cal2/2,fp-,imm1.00,disp0.71,flt1.00,wid0.86
002daee8	0065db80	_ZN2Ti18MGHachimitsuGopher13_OVR_pre_execEv	med	5.19	4.24	0	cal1/2,call-,icall-,fp-,disp0.81,flt1.00,wid0.71
002db188	006f3538	_ZN2YS3OBJ6VTABLEIN2Ti18MGHachimitsuGopherEE9leave_reqEPS0_	med	5.24	5.97	0	cal2/2,icall-,disp0.46,loc-,wid0.67
002db4f0	0065e844	_ZN2Ti15MGHachimitsuPodC1EPKN2YS8OBJENTRYERKN2kn7FVectorEf	rerun-med	0	0	rerun	callee:0x2d0290;loc:0x0
002db5b8	0065df38	_ZN2Ti15MGHachimitsuPod15_OVR_initializeEv	med	5.81	6.42	1	cal1/1,fp-,flt1.00,wid0.67
002db858	0063d6cc	_ZN2Ti14MGHachimitsuPoC1EPKN2YS8OBJENTRYERKN2kn7FVectorEf	med	5.44	1.90	0	imm1.00,disp1.00,wid0.20
002db968	0065d460	_ZN2Ti3Afp17calc_local_matrixEhh	high	13.32	4.35	0	cal4/4,imm0.25,wid0.07
002dba40	0063d37c	_ZN2Ti14MGHachimitsuPo15_OVR_initializeEv	high	13.51	8.51	0	cal3/3,imm1.00,disp0.68,wid0.50
002dbad8	0063d4a8	_ZN2Ti14MGHachimitsuPo13_OVR_pre_execEv	med	6.22	3.34	0	cal1/2,call-,fp-,disp0.85,flt1.00,wid0.73
002dc140	0063da40	_ZN2Ti14MGHachimitsuPo10set_matrixERKN2kn7FMatrixE	med	5.52	2.47	0	cal1/1,brn-,imm1.00
002dc278	006401d4	_ZN2Ti6MGJump4initEii	med	7.10	8.10	1	cal2/2
002dc4e0	0063e9c0	_ZN2Ti6MGJumpC1Eii	high	40.82	23.46	0	cal10/10,imm0.84,disp1.00,wid0.52
002dc708	0063ef1c	_ZN2Ti6MGJumpD1Ev	med	7.17	2.67	0	imm1.00,disp1.00,wid1.00
002dc788	0063ef6c	_ZN2Ti6MGJumpD0Ev	high	10.08	5.82	0	cal1/1,imm1.00,disp1.00,wid1.00
002dce80	0063fcb8	_ZN2Ti6MGJump9task_execEP4TASK	med	5.65	1.65	0	imm1.00,disp1.00,wid0.33
002dd2d8	00640540	_ZN2Ti6MGJump14get_move_rangeERfS1_	rerun-high	0	0	rerun	callee:0x2deba0;callee:0x2df500;callee:0x2df868;caller:0x2e4af0;fp:0x2dd2d8;loc:0x0;self:0x0
002dd448	006402b0	_ZN2Ti6MGJump12on_get_prizeEii	med	6.99	4.44	0	cal1/1,disp0.51,wid0.40
002dd650	006409c0	_ZN2Ti6MGJump14get_prize_dataEv	low	4.76	2.47	0	imm0.65,disp0.82,wid0.43
002dd730	00642c58	_ZN2Ti12MGJumpPlayer15_OVR_initializeEv	high	13.35	9.41	0	cal3/3,imm1.00,disp0.91,wid0.00
002dd790	006f01ac	_ZN2YS3OBJ6VTABLEIN2Ti12MGJumpPlayerEE8pre_execEPS0_	low	3.24	2.80	0	cal1/1,imm1.00,loc-
002dd7d0	00642d48	_ZN2Ti12MGJumpPlayer9_OVR_execEv	high	11.18	5.77	0	cal4/7,brn-,fp-,imm1.00,disp0.68,flt1.00,wid0.81
002dda88	00641da8	_ZN2Ti12MGJumpGimObjC1EPKN2YS8OBJENTRYERKN2kn7FVectorEf	med	5.70	5.82	0	brn-,imm1.00,disp1.00,wid0.08
002de848	006ef88c	_ZN2YS3OBJ6VTABLEIN2Ti10MGJumpPoohEE10initializeEPS0_	high	8.50	4.59	0	cal2/2,wid1.00
002deb18	0062ef38	_ZN2Ti14ACTION_PO_JUMP5startEPN2YS3OBJE	low	3.77	2.70	0	cal2/2,fp-,disp0.08,loc-,wid0.12
002deba0	0062e408	_ZN2Ti14ACTION_PO_JUMP10decide_wayEPN2YS3OBJEff	high	10.43	2.39	1	cal3/3,fp-,disp0.52,wid0.92
002ded78	0062f110	_ZN2Ti14ACTION_PO_JUMP13calc_movementEPN2YS3OBJE	low	3.57	1.94	1	brn-,imm1.00,disp1.00,wid0.22
002def70	0062ea00	_ZN2Ti14ACTION_PO_JUMP7on_landEPN2YS3OBJE	high	8.50	1.78	1	cal2/2,icall-,fp-,imm1.00,disp0.56,flt1.00,wid0.44
002deff0	0062ead8	_ZN2Ti14ACTION_PO_JUMP7on_fallEPN2YS3OBJE	med	7.45	2.83	1	cal1/1,icall-,imm1.00,disp0.16,flt1.00,wid0.50
002df040	0062f064	_ZN2Ti14ACTION_PO_JUMP7controlEPN2YS3OBJE	high	9.06	1.83	0	cal3/3,disp1.00,loc-,wid0.40
002df1c8	0062e680	_ZN2Ti14ACTION_PO_JUMP4stepEPN2YS3OBJEf	low	3.16	4.27	1	icall-,disp0.89,flt1.00,wid0.37
002df328	0062f1c8	_ZN2Ti21ACTION_PO_JUMP_TIGGER5startEPN2YS3OBJE	med	7.65	6.33	2	cal3/3,brn-,icall-,fp-,disp0.67,wid0.25
002df470	0062f720	_ZN2Ti21ACTION_PO_JUMP_TIGGER7on_landEPN2YS3OBJE	high	11.61	2.32	2	cal5/6,neg2,disp0.80,wid0.29
002df500	0062f2e0	_ZN2Ti21ACTION_PO_JUMP_TIGGER7controlEPN2YS3OBJE	high	9.52	14.53	2	cal5/6,neg3,brn-,fp-,imm1.00,disp0.68,wid0.40
002df758	0062f8e8	_ZN2Ti18ACTION_PO_JUMP_ROO5startEPN2YS3OBJE	high	12.81	2.00	1	cal3/3,disp0.71,wid0.57
002df7d8	0062fe40	_ZN2Ti18ACTION_PO_JUMP_ROO7on_landEPN2YS3OBJE	high	12.62	2.07	2	cal5/6,neg2,disp0.79,wid0.29
002df868	0062fa00	_ZN2Ti18ACTION_PO_JUMP_ROO7controlEPN2YS3OBJE	high	12.29	1.65	1	cal5/6,neg2,brn-,fp-,imm1.00,disp0.67,wid0.40
002dfb60	00630000	_ZN2Ti21ACTION_PO_JUMP_PLAYER15get_jump_motionEv	med	6.16	1.85	0	imm1.00,disp1.00,wid1.00
002dfb78	0063001c	_ZN2Ti21ACTION_PO_JUMP_PLAYER15get_fall_motionEv	med	6.25	1.94	0	imm1.00,disp1.00,wid1.00
002dfb90	00630038	_ZN2Ti21ACTION_PO_JUMP_PLAYER15get_land_motionEv	med	6.23	1.92	0	imm1.00,disp1.00,wid1.00
002dfba8	00631538	_ZN2Ti21ACTION_PO_JUMP_PLAYER5startEPN2YS3OBJE	high	23.39	10.58	0	cal5/5,imm1.00,disp0.90,wid0.89
002e05a8	00631078	_ZN2Ti21ACTION_PO_JUMP_PLAYER4stepEPN2YS3OBJEf	low	3.31	6.71	0	disp0.54,wid0.07
002e0720	00630c80	_ZN2Ti21ACTION_PO_JUMP_PLAYER7on_fallEPN2YS3OBJE	high	8.60	2.15	0	cal1/1,icall-,imm1.00,disp0.16,flt1.00,wid0.50
002e0bb0	00633eb0	_ZN2Ti11MG_ALEscape4initEi	med	6.76	1.76	0	cal1/1,imm1.00
002e0d28	00632d48	_ZN2Ti11MG_ALEscapeC1Ei	high	31.04	9.26	0	cal8/8,imm1.00,disp0.64,wid0.48
002e0e70	006330a4	_ZN2Ti11MG_ALEscapeD1Ev	high	12.01	2.67	1	cal2/2,disp1.00,wid1.00
002e0f20	00633114	_ZN2Ti11MG_ALEscapeD0Ev	high	14.95	3.32	1	cal3/3,disp1.00,wid1.00
002e10c0	00633d58	_ZN2Ti11MG_ALEscape17pre_camera_matrixEv	low	3.23	1.73	0	imm1.00
002e1178	00633a80	_ZN2Ti11MG_ALEscape18task_update_cameraEP4TASK	high	17.74	2.92	0	cal4/4,imm1.00,disp0.55,wid0.71
002e1288	006332e8	_ZN2Ti11MG_ALEscape9post_execEv	med	6.54	3.38	0	brn-,imm1.00,disp0.88,wid0.88
002e1668	00633820	_ZN2Ti11MG_ALEscape16_check_collisionEPN2YS3OBJERN2kn7FVectorES6_	high	9.70	1.99	0	cal2/2,brn-,imm1.00,disp1.00,wid0.09
002e1788	00633c64	_ZN2Ti11MG_ALEscape14task_post_execEP4TASK	low	3.00	2.44	1	cal1/1,size,wid0.50
002e17a0	0062cb60	_ZN2Ti16ACTION_AL_ESCAPE13calc_movementEPN2YS3OBJE	rerun-med	0	0	rerun	caller:0x2e0fe8;fp:0x2e17a0;loc:0x0;self:0x0
002e1878	006331a0	_ZN2Ti11MG_ALEscape4execEv	low	4.41	1.85	1	disp0.24,flt1.00,wid0.23
002e18b8	006339e0	_ZN2Ti11MG_ALEscape9task_execEP4TASK	low	4.50	4.50	2	cal1/1,wid0.00
002e18d8	0062c5c8	_ZN2Ti16ACTION_AL_ESCAPE5startEPN2YS3OBJE	low	4.67	2.67	1	imm0.46,disp1.00,wid0.50
002e1998	0062c678	_ZN2Ti16ACTION_AL_ESCAPE7controlEPN2YS3OBJE	high	20.30	9.33	0	cal8/9,brn-,imm1.00,disp0.05,loc-,wid0.43
002e1d28	0062cc84	_ZN2Ti23ACTION_AL_ESCAPE_CARPET7controlEPN2YS3OBJE	high	14.64	8.10	0	cal7/8,brn-,fp-,loc-,wid0.67
002e1f40	00635a94	_ZN2Ti12MG_EHSidecar4initEi	high	8.77	9.77	1	cal2/2,imm1.00
002e20d8	00634744	_ZN2Ti12MG_EHSidecarC1Ei	high	30.94	9.20	0	cal8/8,imm1.00,disp0.59,wid0.46
002e2240	00634af4	_ZN2Ti12MG_EHSidecarD1Ev	high	12.00	2.67	1	cal2/2,disp1.00,wid1.00
002e22f0	00634b64	_ZN2Ti12MG_EHSidecarD0Ev	high	15.06	3.45	1	cal3/3,disp1.00,wid1.00
002e2440	00634d38	_ZN2Ti12MG_EHSidecar4execEv	high	8.62	8.48	0	cal2/2,neg1,imm1.00,disp0.74,wid0.15
002e24e0	00633558	_ZN2Ti11MG_ALEscape11correct_posERN2kn7FVectorERKS2_S5_	low	3.67	1.90	0	imm1.00,disp0.38,wid0.20
002e2570	00634fa0	_ZN2Ti12MG_EHSidecar9post_execEv	med	6.05	2.40	0	cal1/1,fp-,imm1.00,disp0.44,wid0.50
002e26c0	00635ba4	_ZN2Ti12MG_EHSidecar15MoveToNextPointEv	med	6.45	5.61	1	cal1/1,neg1,imm1.00,disp1.00,wid0.50
002e2728	00634be0	_ZN2Ti12MG_EHSidecar9play_pathEib	med	6.04	3.64	0	imm0.61,disp1.00,wid0.73
002e2920	00635a78	_ZN2Ti12MG_EHSidecar17pre_camera_matrixEv	rerun-med	0	0	rerun	callee:0x2e2f90;loc:0x0
002e2930	00635a84	_ZN2Ti12MG_EHSidecar13camera_matrixEv	rerun-med	0	0	rerun	callee:0x2e2f90;loc:0x0
002e2940	00635678	_ZN2Ti12MG_EHSidecar16_check_collisionEPN2YS3OBJERN2kn7FVectorES6_	high	10.76	4.00	0	cal2/2,brn-,imm1.00,disp1.00,wid0.09
002e2c80	00635970	_ZN2Ti12MG_EHSidecar14task_post_execEP4TASK	low	3.00	2.94	1	cal1/1,size,wid0.50
002e2c98	006353e8	_ZN2Ti12MG_EHSidecar11correct_posERN2kn7FVectorERKS2_S5_	low	3.35	2.52	0	disp1.00,wid0.41
002e2dd8	00635d80	_ZN2Ti12MG_EHSidecar13IsPointMovingEv	med	6.66	1.58	1	cal1/1,disp0.48,wid0.67
002e2eb0	0062d618	_ZN2Ti17ACTION_EH_SIDECAR5startEPN2YS3OBJE	med	5.05	4.38	0	cal1/1,imm0.67,disp1.00,loc-,wid0.40
002e2f90	0062d740	_ZN2Ti17ACTION_EH_SIDECAR7controlEPN2YS3OBJE	high	12.67	13.23	0	cal5/5,brn-,loc-,wid1.00
002e31f0	0062dc28	_ZN2Ti25ACTION_EH_SIDECAR_MACHINE7controlEPN2YS3OBJE	high	11.39	10.87	0	cal4/4,disp0.11,loc-,wid0.67
002e3540	00658aa8	_ZN2Ti17trap_get_path_dirEP8BD_VALUE	sandwich	13.89	0.00	0	sandwich,cal3/3,disp1.00,wid0.75
002e35e8	00658c48	_ZN2Ti19trap_get_path_dir_rEP8BD_VALUE	sandwich	13.97	0.00	0	sandwich,cal3/3,disp1.00,wid0.75
002e3750	0065949c	_ZN2Ti19trap_get_rtn_actionEP8BD_VALUE	med	6.62	5.94	1	cal1/1,disp0.28,wid0.82
002e37c0	006595d8	_ZN2Ti23trap_get_rtn_action_dirEP8BD_VALUE	med	7.54	5.72	1	cal1/1,disp1.00,wid0.75
002e3840	00659830	_ZN2Ti21trap_get_obj_head_posEP8BD_VALUE	sandwich	4.59	0.00	0	sandwich,disp1.00,wid0.75
002e38b8	00659b58	_ZN2Ti26trap_get_path_dir_from_objEP8BD_VALUE	high	14.66	2.83	0	cal3/3,disp1.00,wid0.91
002e3b88	0065a730	_ZN2Ti23trap_get_path_point_posEP8BD_VALUE	low	4.93	2.64	0	disp1.00,wid0.71
002e3c28	0065aa90	_ZN2Ti20trap_reset_leave_wayEP8BD_VALUE	med	6.10	6.58	1	cal1/1,size,disp1.00,wid0.71
002e3e38	0065b768	_ZN2Ti20trap_set_rtn_partnerEP8BD_VALUE	low	3.18	1.77	1	size,disp1.00,wid0.83
002e3e68	0065b988	_ZN2Ti24trap_eh22_path_is_movingEP8BD_VALUE	sandwich	4.04	0.00	0	sandwich,call-,disp1.00,wid1.00
002e4a08	002e7690	_ZN2Ti4CordC1Ev	rerun-med	0	0	rerun	callee:0x2dc4e0;loc:0x0
002e4af0	002e80c0	_ZN2Ti4Cord10get_lengthEv	low	4.04	3.54	0	disp1.00,wid1.00
002e50f8	002e77a0	_ZN2Ti4Cord4initEv	high	8.03	1.54	0	cal2/2,disp0.18,wid0.17
002e51b0	002e7ff0	_ZN2Ti4Cord16get_vertical_posEf	rerun-med	0	0	rerun	callee:0x2df1c8;loc:0x0
002e5350	002e7b20	_ZN2Ti4Cord4stepEfi	rerun-med	0	0	rerun	callee:0x2dce80;loc:0x0
002e5f28	005ebbbc	_ZN2gm7CONVERT13CreateTextureEPN2kn15MemoryAllocatorEPvS4_PNS_4PLANE	med	5.62	2.66	2	cal2/2,size,imm0.30,wid0.06
002e5f70	00657b60	_ZN2Ti4Tim2C1Ev	med	7.58	4.36	0	imm1.00,disp1.00,wid1.00
002e5fb8	00657bc4	_ZN2Ti4Tim24initEPv	med	6.51	2.72	0	imm0.73,disp0.80,wid0.31
002e6210	00657f74	_ZN2Ti4Tim211make_packetERN2kn16Vif1PacketBufferEi	low	4.64	1.53	0	brn-,sw-,imm0.65,disp0.98,wid0.94
002e64b8	0065cbfc	_ZN2Ti3Afp7getDataEiPv	med	6.01	2.85	5	imm1.00,disp1.00,wid1.00
002e68f8	0065c350	_ZN2Ti13IntervalVoice8exec_allEv	low	3.64	1.99	0	disp1.00,wid0.17
002e6ab0	0065ce80	_ZN2Ti3Afp4Data11calc_matrixERN2kn7FMatrixEf	high	26.76	7.70	4	cal8/8,brn-,fp-,imm1.00,disp0.88,wid0.79
002e6fc0	0065cc2c	_ZN2Ti3AfpC1EPv	high	10.21	10.78	0	cal2/3,imm1.00,disp1.00,wid0.83
002e70b0	0065ccf4	_ZN2Ti3AfpD1Ev	high	8.31	4.70	0	cal1/1,imm1.00,disp1.00,wid0.50
002e7108	0065d3ac	_ZN2Ti3Afp15calc_all_matrixEf	low	4.17	2.28	5	cal1/1,call-,fp-,disp1.00,wid1.00
002e71a0	005c78fc	_Z4calcP11_pppPObjectP19PRyjDrawShipolyBoneP13_pppCtrlTable	med	5.04	1.73	5	imm1.00,disp1.00,wid0.14
002e7340	0065c2ac	_ZN2Ti13IntervalVoice5startEPN2YS6STDOBJEiPhff	rerun-high	0	0	rerun	callee:0x2d6518;callee:0x2d6600;cuweak:0x0;loc:0x0
002e7500	0065c430	_ZN2Ti13IntervalVoice9clear_allEv	rerun-med	0	0	rerun	callee:0x2ce9c0;loc:0x0
002e7568	0065c450	_ZN2Ti15play_voice_randEPN2YS6STDOBJEiPhf	rerun-high	0	0	rerun	callee:0x2d42d0;callee:0x2d4868;callee:0x2d6518;callee:0x2d6600;callee:0x2dad78;callee:0x2dae38;callee:0x2dbca0;callee:0
002e7638	005abd70	pppKeLnsCrn	low	3.69	1.50	1	imm1.00,wid0.00
002e77f8	002e6208	_ZN2Ts8EDITSAVE17get_gumiship_planEi	med	5.66	2.13	1	imm1.00,disp1.00,wid0.50
002e7820	002e62cc	_ZN2Ts8EDITSAVE17get_tinyship_planEi	med	5.73	2.20	1	imm1.00,disp1.00,wid0.50
002e7850	002e63a0	_ZN2Ts8EDITSAVE3GetEv	low	3.90	1.90	0	cal1/1,imm1.00,loc-
002e7b30	00624de8	_ZN2Ts20trap_player_get_formEP8BD_VALUE	low	4.63	2.01	0	disp0.54,wid1.00
002e7b88	00624e5c	_ZN2Ts18trap_dice_set_specEP8BD_VALUE	sandwich	5.76	0.00	0	sandwich,disp1.00,wid1.00
002e7bb0	00624e90	_ZN2Ts18trap_card_set_specEP8BD_VALUE	sandwich	6.10	0.00	0	sandwich,disp1.00,wid1.00
002e7be0	00624ed0	_ZN2Ts25trap_target_searcher_initEP8BD_VALUE	med	5.59	1.78	0	disp1.00,wid1.00
002e7c18	00624f38	_ZN2Ts27trap_target_seracher_searchEP8BD_VALUE	high	9.10	5.89	0	cal1/1,disp1.00,wid1.00
002e7d20	00625430	_ZN2Ts19trap_obj_near_partsEP8BD_VALUE	high	12.41	6.52	0	cal3/3,brn-,fp-,disp1.00,flt1.00,wid0.31
002e7e28	006256dc	_ZN2Ts21trap_obj_get_bg_pressEP8BD_VALUE	sandwich	3.83	0.00	0	sandwich,size,imm0.43,disp1.00,wid0.75
002e7e58	00625814	_ZN2Ts21trap_obj_tt_ball_blowEP8BD_VALUE	med	6.88	4.50	0	cal1/1,brn-,fp-,imm1.00,disp1.00,wid0.64
002e7f60	00625c0c	_ZN2Ts31trap_target_searcher_add_targetEP8BD_VALUE	high	8.51	8.33	1	cal1/1,disp1.00,wid1.00
002e7f80	00625c3c	_ZN2Ts35trap_target_searcher_get_target_numEP8BD_VALUE	high	11.91	9.61	0	cal2/2,disp1.00,wid1.00
002e7ff8	00625cc0	_ZN2Ts16trap_target_distEP8BD_VALUE	high	8.55	5.92	0	cal1/1,disp1.00,wid1.00
002e80d8	00625ebc	_ZN2Ts21trap_target_get_groupEP8BD_VALUE	med	5.01	1.67	0	disp1.00,wid1.00
002e8108	00626154	_ZN2Ts15trap_friend_getEP8BD_VALUE	high	8.54	5.25	0	cal1/1,disp1.00,wid1.00
002e8390	00627080	_ZN2Ts19trap_obj_hop_directEP8BD_VALUE	high	9.84	4.56	0	cal1/1,imm1.00,disp1.00,wid0.88
002e85c0	00627788	_ZN2Ts17trap_bghit_is_hitEP8BD_VALUE	med	5.10	2.26	0	disp1.00,wid1.00
002e8ab0	00628828	_ZN2Ts21trap_obj_play_se_loopEP8BD_VALUE	low	3.54	2.44	0	cal1/1,neg1,size,disp1.00,wid0.44
002e8be8	006233c0	_ZN2Ts14trap_flare_newEP8BD_VALUE	med	5.45	1.83	0	disp1.00,wid1.00
002e8c28	0062341c	_ZN2Ts18trap_flare_set_posEP8BD_VALUE	med	5.59	2.00	1	disp1.00,wid1.00
002e8c58	0062344c	_ZN2Ts21trap_flare_set_radiusEP8BD_VALUE	high	8.67	6.00	1	cal1/1,disp1.00,wid1.00
002e8c80	00623480	_ZN2Ts21trap_flare_set_effectEP8BD_VALUE	med	5.29	3.78	2	disp1.00,wid1.00
002e8c90	00623490	_ZN2Ts21trap_flare_set_targetEP8BD_VALUE	low	3.06	2.05	3	size,disp1.00,wid0.80
002e8f38	006235a4	_ZN2Ts18trap_flare_get_posEP8BD_VALUE	low	3.21	1.53	2	disp1.00,wid0.33
002e9098	00624068	_ZN2Ts31trap_trinity_shot_set_effect_idEP8BD_VALUE	low	3.97	1.52	0	disp0.31,wid1.00
002e9148	006243e8	_ZN2Ts31trap_vacuum_set_effective_rangeEP8BD_VALUE	med	5.13	2.18	0	disp1.00,wid1.00
002e9248	0062b3b4	_ZN2Ts12ExecAllFlareEP4TASK	high	10.69	1.64	0	cal3/3,imm0.17,wid0.33
002e95a0	0062ae28	_ZN2Ts5FLARE10set_radiusEff	med	6.45	9.01	0	cal1/1,call-,fp-,imm1.00,disp1.00,wid0.67
002e9610	0062a838	_ZN2Ts5FLARE7set_posERKN2kn7FVectorE	high	9.95	2.31	1	cal2/2,brn-,imm1.00,disp1.00,wid0.67
002e9b10	006224bc	_ZN2Ts15TARGET_SEARCHERC1Ei	sandwich	2.22	0.00	0	sandwich,brn-,disp1.00,wid0.12
002e9b58	006224f4	_ZN2Ts15TARGET_SEARCHER3addEPN2YS3OBJEi	high	8.68	5.39	0	cal2/2,call-,disp1.00,wid0.57
002e9c98	00622650	_ZN2Ts15TARGET_SEARCHER3addEPN2YS6TARGETE	med	5.56	1.79	0	disp1.00,wid1.00
002ea0f0	0061a3c0	_ZN2Ts22ACTION_AL_PRIZEBOX_GET7controlEPN2YS3OBJE	high	11.71	2.25	0	cal3/3,brn-,fp-,imm1.00,disp0.69,flt1.00,loc-,wid0.40
002ea338	006208d8	_ZN2Ts19ACTION_TT_BALL_BLOW5startEPN2YS3OBJE	med	6.31	3.00	1	cal1/1,fp-,imm1.00,flt1.00,wid0.00
002ea360	00169b00	_ZN2gb6PLAYER12calc_postureEv	low	3.24	2.02	6	cal2/3,disp0.44,loc-,wid0.38
002eaa68	006212f4	_ZN2Ts19ACTION_TT_BALL_BLOW7controlEPN2YS3OBJE	sandwich	2.50	0.00	0	sandwich,
002eaa70	006212f8	_ZN2Ts19ACTION_TT_BALL_BLOW4landEPN2YS3OBJE	med	6.00	2.67	0	cal1/1,wid1.00
002eabe8	0061b8a0	_ZN2Ts11ACTION_DICE10party_jumpEPN2YS3OBJEb	high	12.35	3.00	0	cal2/2,fp-,imm1.00,disp0.66,flt1.00,wid0.80
002eac70	0061b954	_ZN2Ts11ACTION_DICE7SetSpecEffff	low	3.11	1.54	1	wid1.00
002eacd0	0061ba04	_ZN2Ts15ACTION_DICEJUMP4landEPN2YS3OBJE	med	6.26	4.76	1	cal1/1,imm1.00
002eaea8	0061b00c	_ZN2Ts11ACTION_CARD7SetSpecEfffffff	rerun-med	0	0	rerun	callee:0x2e7bb0;cuweak:0x0;loc:0x0
002eb098	0061ff28	_ZN2Ts25ACTION_SKATEBOARDRIDEEDGE13calc_movementEPN2YS3OBJE	high	12.71	13.50	0	cal4/4,brn-,fp-,disp1.00,wid0.24
002eb9d8	0061d8f4	_ZN2Ts17ACTION_SKATEBOARD13change_motionEPN2YS3OBJEif	high	9.39	9.49	0	cal1/1,imm1.00,disp0.67,wid1.00
002ebb08	0061d968	_ZN2Ts17ACTION_SKATEBOARD5startEPN2YS3OBJE	med	7.82	6.34	0	cal1/1,imm1.00,disp0.43,wid0.25
002ebc38	0061dc60	_ZN2Ts17ACTION_SKATEBOARD4fallEPN2YS3OBJE	low	3.17	2.81	1	icall-,disp0.17,flt1.00,wid0.57
002ec088	0061eca8	_ZN2Ts21ACTION_SKATEBOARDJUMP5startEPN2YS3OBJE	med	7.10	2.59	0	cal1/1,disp0.81,wid0.38
002ec0f8	0061ed88	_ZN2Ts21ACTION_SKATEBOARDJUMP3endEPN2YS3OBJE	med	6.31	3.60	0	disp1.00,wid1.00
002ec170	0061ef58	_ZN2Ts21ACTION_SKATEBOARDJUMP4fallEPN2YS3OBJE	high	8.37	2.34	0	cal1/1,disp1.00,wid1.00
002ec550	0061f408	_ZN2Ts21ACTION_SKATEBOARDEDGE3endEPN2YS3OBJE	low	3.47	2.33	0	wid1.00
002ec5b0	0061f4e0	_ZN2Ts21ACTION_SKATEBOARDEDGE4landEPN2YS3OBJE	high	9.65	4.67	0	cal1/1,imm1.00,flt1.00,wid0.67
002ec850	0061f878	_ZN2Ts21ACTION_SKATEBOARDEDGE10party_jumpEPN2YS3OBJEb	high	12.50	12.40	0	cal2/2,brn-,fp-,imm1.00,disp1.00,flt1.00,wid0.56
002ec9d0	0061fb78	_ZN2Ts21ACTION_SKATEBOARDEDGE4JumpEPN2YS3OBJERKN2kn7FVectorEi	high	13.87	6.67	0	cal2/2,imm1.00,disp1.00,flt1.00,wid0.75
002eca38	0061fbf0	_ZN2Ts25ACTION_SKATEBOARDRIDEEDGE5startEPN2YS3OBJE	high	8.52	8.37	0	cal2/2,fp-,imm1.00,flt1.00,wid0.00
002ece98	0061cd98	_ZN2Ts21ACTION_LIMIT_PETERPAN5startEPN2YS3OBJE	med	6.49	3.72	1	imm1.00,disp1.00,wid0.33
002ecef8	0061cc20	_ZN2Ts21ACTION_LIMIT_PETERPAN13calc_movementEPN2YS3OBJE	high	11.35	10.37	0	cal2/2,brn-,imm1.00,disp0.82,flt1.00,wid0.58
002ed068	0061ce70	_ZN2Ts18ACTION_LIMIT_HOVER13calc_movementEPN2YS3OBJE	med	5.59	6.52	0	cal1/1,brn-,fp-,imm1.00,disp1.00,flt1.00,loc-,wid0.73
002ed1d8	0061cfe0	_ZN2Ts18ACTION_LIMIT_HOVER5StartEPN2YS3OBJERKN2kn7FVectorEff	low	4.19	3.17	1	cal1/1,brn-,fp-,imm1.00,disp1.00,wid0.30
002ed268	0061d0cc	_ZN2Ts18ACTION_LIMIT_HOVER7SetSpecEPNS0_4SPECE	rerun-med	0	0	rerun	callee:0x2e8ff8;loc:0x0
002ed630	006295d0	_ZN2Ts19TRINITY_SHOT_EFFECT9exec_moveEv	med	5.12	6.96	0	cal1/1,brn-,fp-,imm1.00,disp0.71,wid0.25
002ed738	00629798	_ZN2Ts19TRINITY_SHOT_EFFECT4mainEv	high	8.49	12.66	0	cal2/2,call-,imm0.46,disp0.77,wid0.55
002ed830	00629940	_ZN2Ts19TRINITY_SHOT_EFFECT11PhaseEnsureEPN2YS10MASSEFFECTE	med	6.17	3.34	0	call-,disp1.00,flt1.00,wid0.57
002eda40	00623890	_ZN2Ts21trap_magic_calc_speedEP8BD_VALUE	low	3.52	1.66	1	call-,disp0.13,flt1.00,wid0.33
002edb90	006222b0	_ZN2Ts15SKATEBOARDSCORE8ExecTaskEP4TASK	sandwich	-0.36	0.00	0	sandwich,size,wid0.14
002edd20	0061c1d0	_ZN2Ts10ACTION_LIB15HeightFromFloorEPN2YS3OBJE	high	8.52	4.60	0	cal3/3,call-,brn-,disp1.00,wid0.40
002edf68	000d52bc	_ZN4menu6WidgetC1Ev	med	5.81	2.83	0	imm0.60,disp0.55,wid1.00
002ee040	000d55e8	_ZN4menu6Widget9updateAllEv	rerun-high	0	0	rerun	callee:0x2be428;callee:0x2bf308;callee:0x2ee4e4;loc:0x0
002ee0b0	000d56a4	_ZN4menu6Widget7drawAllENS_8PositionEN2YS5COLORE	rerun-high	0	0	rerun	callee:0x2be428;loc:0x0;vt:_ZTVN2YS14TUTORIAL_PAUSEE
002ee220	000d48e8	_ZN4menu6WindowC1Ev	high	9.31	11.16	0	cal2/2,icall-,imm0.41,disp0.09,wid0.86
002ee448	000d4b48	_ZN4menu6WindowD0Ev	low	4.00	2.74	0	cal1/1,wid0.00
002ee4e4	000d4bb8	_ZN4menu6Window8execTaskEP4TASK	low	3.99	1.70	0	icall-,imm1.00,disp1.00,wid0.22
002ee628	0060c204	_ZN4menu14TutorialWidget6updateEv	med	5.44	3.17	0	cal1/1,neg1,imm1.00,disp0.44,wid0.40
002ee6d8	0060c1f0	_ZN4menu14TutorialWidget7isCloseEv	rerun-med	0	0	rerun	callee:0x31e520;loc:0x0
002eea80	0060b3f8	_ZN4menu9ObjWidgetC1EP9ALLOCATORj	high	15.89	24.88	0	cal6/7,icall-,fp-,imm0.22,disp0.23,wid0.75
002eec58	0060b7c4	_ZN4menu9ObjWidgetD2Ev	rerun-high	0	0	rerun	callee:0x324b50;callee:0x324b78;loc:0x0;self:0x0
002eecd0	0060b670	_ZN4menu9ObjWidgetD1Ev	rerun-med	0	0	rerun	caller:0x1a9350;caller:0x1a93e8;fp:0x2eecd0;loc:0x0;self:0x0
002eed48	0060b714	_ZN4menu9ObjWidgetD0Ev	high	17.06	6.50	0	cal4/4,icall-,imm1.00,disp1.00,wid0.75
002eedc0	0060b868	_ZN4menu9ObjWidget11startMotionEPN2YS6BINARCEf	med	5.94	5.17	2	cal1/1
002eedd8	0060b894	_ZN4menu9ObjWidget10pushMotionEPN2YS6BINARCEf	rerun-high	0	0	rerun	callee:0x2be190;callee:0x2be258;loc:0x0
002eedf0	0060b8ec	_ZN4menu9ObjWidget6updateEv	low	3.87	1.50	0	cal1/1,fp-,disp0.32,wid1.00
002eee68	0060b974	_ZN4menu9ObjWidget4drawENS_8PositionEN2YS5COLORE	med	6.71	7.57	1	cal1/1,neg1,imm0.26,disp1.00,wid1.00
002eeeb0	0060b8c0	_ZN4menu9ObjWidget9setTexanmEi	high	8.05	7.73	1	cal1/1,disp1.00,wid1.00
002eeec8	0060d600	_ZN2kn11BoundingBoxC1Ev	low	3.03	1.92	2	disp0.65,wid0.88
002eeee8	0060ca08	_ZN4menu6MotionC1EPNS_9ObjWidgetE	low	4.95	1.93	1	disp1.00,wid1.00
002eef08	0060cbd0	_ZN4menu6Motion4pushEPN2YS6BINARCEf	rerun-med	0	0	rerun	caller:0x2ef180;fp:0x2eef08;loc:0x0;self:0x0
002eefa8	0060cba4	_ZN4menu6Motion5startEPN2YS6BINARCEf	med	5.23	1.88	1	disp1.00,wid1.00
002ef028	0060cccc	_ZN4menu6Motion6updateEf	low	4.09	7.01	2	cal1/1,neg1,icall-,fp-,disp1.00,wid0.85
002ef148	0060ce9c	_ZN4menu6Motion13RangeCallbackEPKN2YS6ANMATR5RANGEEPv	med	6.72	4.78	1	imm1.00,disp0.61,wid1.00
002ef180	0060ca30	_ZN4menu6Motion6_startEPN2YS6BINARCEf	low	3.41	1.53	2	cal1/1,size,disp1.00,wid0.07
002ef1b8	0060cee4	_ZN4menu6Motion15TriggerCallbackEPKN2YS6ANMATR7TRIGGEREPv	high	8.31	4.06	0	cal1/1,imm1.00,disp0.79,wid1.00
002ef328	0060afec	_ZN4menu12LayoutWidget6updateEv	low	3.66	1.66	0	imm1.00
002ef340	0060b01c	_ZN4menu12LayoutWidget4drawENS_8PositionEN2YS5COLORE	med	6.66	5.16	0	cal1/1,imm1.00
002ef8d0	005dbd98	_ZN14SINGLETON_TASK5startEP12TASK_MANAGER	high	8.15	5.26	0	cal1/1,disp0.61,wid0.88
002ef928	005dbe00	_ZN14SINGLETON_TASK9FinalizerEP4TASK	low	4.45	1.72	0	disp0.62,wid1.00
002ef938	005dc4e0	_ZN10SysDataKH24InitEv	med	6.59	4.44	0	call-,imm1.00,disp1.00,wid1.00
002ef9e0	005dc530	_ZN10SysDataKH212isEnableDataEv	low	4.12	1.98	1	size,call-,imm1.00,disp1.00,wid1.00
002efa88	005dc5b8	_ZN10SysDataKH212SetGameClearEv	med	5.03	2.25	1	disp1.00,wid1.00
002efa98	005dc6b8	_ZN10SysDataKH213MergeProgressEPv	low	3.79	2.24	1	disp1.00,wid0.29
002efb08	005dc5c8	_ZN10SysDataKH26UpdateEv	med	7.63	2.18	0	cal1/1,imm0.71,disp1.00,wid0.33
002efc10	005f6c84	_ZN2gm7PLANSET4DumpEv	low	4.50	1.52	0	disp1.00,wid0.43
002efc70	005f7100	_ZN2gm8PLANINFO5SetupEPN2YS6BINARCE	low	4.17	2.58	1	cal1/1,wid0.17
002efe18	0060e7ac	_ZN2kn24calc_motion_start_offsetEPN2YS3OBJEif	rerun-med	0	0	rerun	caller:0x1806f8;caller:0x180770;cuweak:0x0;fp:0x2efe18;loc:0x0;self:0x0
002f04e0	0060f638	_ZN2kn22ACTION_FRIEND_FLY_BLOW7controlEPN2YS3OBJE	high	11.08	4.17	0	cal2/2,brn-,fp-,imm1.00,disp0.60,flt1.00,wid0.38
002f0640	0060de88	_ZN2kn24ACTION_CHICKENLITTLE_FPS10party_jumpEPN2YS3OBJEb	high	12.85	1.76	0	cal2/2,fp-,imm1.00,disp1.00,flt1.00,wid0.75
002f06e8	0060dfb4	_ZN2kn29ACTION_CHICKENLITTLE_FPS_JUMP4landEPN2YS3OBJE	low	3.33	2.20	0	imm1.00
002f07f8	00611178	_ZN2kn35trap_chickenlittle_get_shoot_targetEP8BD_VALUE	high	10.56	5.81	1	cal2/2,disp1.00,wid0.75
002f0910	00611818	_ZN2kn28trap_genie_get_limit_commandEP8BD_VALUE	sandwich	7.84	0.00	0	sandwich,cal1/1,disp1.00,wid0.75
002f0bf8	006125f0	_ZN2kn27trap_enemy_is_attacked_fromEP8BD_VALUE	low	3.29	2.25	0	size,disp1.00,wid0.86
002f1000	00613d74	_ZN2kn19trap_obj_is_tornadoEP8BD_VALUE	low	3.03	1.56	0	size,disp1.00,wid0.83
002f1020	00613ea4	_ZN2kn25trap_sheet_get_drive_timeEP8BD_VALUE	med	5.26	3.68	0	disp1.00,wid1.00
002f1758	005ea138	_ZN2dk11BattlePause4initEv	low	4.90	3.13	1	cal2/2,size,call-,brn-,imm1.00,disp1.00,wid0.50
002f1888	0043b810	_ZN2YS7LANDING7GetListEv	sandwich	3.50	0.00	0	sandwich,wid1.00
002f1898	0043b81c	_ZN2YS7LANDING6GetSqdEv	low	4.08	1.70	0	imm1.00,disp0.16,wid0.50
002f19c8	0049d2d4	_ZN2YS16SINGLETON_EFFECT13loop_end_killEv	med	7.84	4.51	0	cal1/1,disp1.00,wid1.00
002f1a38	0049d38c	_ZN2YS16SINGLETON_EFFECT8loop_endEv	low	4.84	1.84	0	cal1/1,disp1.00,loc-,wid1.00
003157b8	006a4dd4	_ZN12TASK_MANAGERD0Ev	low	4.54	103.54	2	cal1/1,call-,disp1.00,wid1.00
00315900	0058bbd4	_ZN4SQEX4CDev6Engine2Sd6Driver3PS39FilterPS39SetBypassEb	rerun-high	0	0	rerun	vt:_ZTVN4SQEX4CDev6Engine2Sd6Driver3PS316LowpassFilterPS3E;vt:_ZTVN4SQEX4CDev6Engine2Sd6Driver3PS316PeakingFilterPS3E;vt
00315b40	006a4d84	_ZNK12TASK_MANAGER4infoEv	rerun-high	0	0	rerun	loc:0x0;vt:_ZTV12TASK_MANAGER
00319f88	006aadf8	_ZN2YS9VOICE_IOPD1Ev	vt-med	0	0	vt	order-rev;run3-edge;disp1.00,wid1.00
0031a2b0	006a7398	_ZN2dk13SpriteMessageD1Ev	vt-high	0	0	vt	slotscore11/2;run2;cal1/1,imm1.00,disp1.00,wid1.00
0031a2f0	006a73e8	_ZN2dk13SpriteMessageD0Ev	vt-high	0	0	vt	slotscore11/2;run2;cal1/1,icall-,imm1.00,disp0.44,wid0.55
0031a3d8	006a7c54	_ZN2dk17TREASURE_BOX_INFOD1Ev	vt-high	0	0	vt	slots2;run2;cal3/3,call-,imm0.19,disp0.05,wid0.86
0031a460	006a7d48	_ZN2dk17TREASURE_BOX_INFOD0Ev	vt-high	0	0	vt	slots2;run2;cal3/3,icall-,imm0.19,disp0.19,wid0.62
0031a508	006a7cf8	_ZN2dk19TREASURE_PRIZE_INFOD1Ev	vt-high	0	0	vt	order-rev;run2;cal1/1,call-,imm1.00,disp1.00,wid0.50
0031a548	006a7e8c	_ZN2dk19TREASURE_PRIZE_INFOD0Ev	vt-high	0	0	vt	order-rev;run2;cal1/1,icall-,imm1.00,disp0.44,wid0.45
0031a5a0	006a7f84	_ZN2dk19TREASURE_EVENT_INFOD1Ev	vt-high	0	0	vt	globals;run2;cal3/3,call-,imm0.19,disp0.05,wid0.86
0031a628	006a8028	_ZN2dk19TREASURE_EVENT_INFOD0Ev	vt-high	0	0	vt	globals;run2;cal3/3,icall-,imm0.19,disp0.19,wid0.62
0031a850	006a7628	_ZN2dk18TREASURE_INFO_BASEaSERKS0_	high	8.81	7.33	0	call-,disp0.61,wid0.36
0031ab78	006a7158	_ZN2dk11SpriteImageD0Ev	med	6.56	3.05	0	cal1/1,icall-,imm1.00,disp0.44,wid0.55
0031abd8	006a7250	_ZN2dk6SpriteD1Ev	vt-high	0	0	vt	vt_store;run2;cal1/1,imm1.00,disp1.00,wid1.00
0031ac18	006a72a0	_ZN2dk6SpriteD0Ev	vt-high	0	0	vt	vt_store;run2;cal1/1,icall-,imm1.00,disp0.44,wid0.55
0031ad60	006a74e0	_ZN2dk8Sprite3DD1Ev	vt-high	0	0	vt	slotscore14/3;run2;cal1/1,imm1.00,disp1.00,wid1.00
0031ada0	006a7530	_ZN2dk8Sprite3DD0Ev	vt-high	0	0	vt	slotscore14/3;run2;cal1/1,icall-,imm1.00,disp0.44,wid0.55
0031ae08	006a6f68	_ZN2dk5Obj2DD1Ev	vt-high	0	0	vt	vt_store;run2;disp1.00,wid1.00
0031af08	006a5360	_ZN2dk20ReactionDecideSpriteD0Ev	vt-high	0	0	vt	globals;run2;cal1/1,icall-,imm1.00,disp0.44,wid0.55
0031af68	006a52a4	_ZN2dk20ReactionDecideSpriteD1Ev	vt-high	0	0	vt	globals;run2;cal1/1,imm1.00,disp1.00,wid1.00
0031afa8	006a52f4	_ZN2dk11COMMAND_ONED1Ev	vt-high	0	0	vt	globals;run2;cal2/2,imm0.38,disp1.00,wid1.00
0031b000	006a5458	_ZN2dk11COMMAND_ONED0Ev	vt-high	0	0	vt	globals;run2;cal2/2,icall-,imm0.38,disp0.44,wid0.58
0031b070	006a556c	_ZN2dk12COMMAND_DRAWD1Ev	vt-high	0	0	vt	slotscore15/3;run2;cal1/1,imm1.00,disp1.00,wid1.00
0031b0c0	006a55cc	_ZN2dk12COMMAND_DRAWD0Ev	vt-high	0	0	vt	slotscore15/3;run2;cal1/1,icall-,imm1.00,disp0.64,wid0.62
0031b130	000a7184	_ZN2dk11INFORMATION11openHiTimerEPvS1_NS_9INFO_BASE5ALIGNEij	high	27.93	2.07	1	cal11/11,call-,brn-,imm0.15,disp0.03,loc-,wid0.38
0031b5c8	006a5c30	_ZN2dk11GAUGE_PARTYD0Ev	vt-high	0	0	vt	slots5;run2;cal2/2,icall-,imm1.00,disp0.60,wid0.64
0031b648	006a5b90	_ZN2dk11GAUGE_PARTYD1Ev	vt-high	0	0	vt	slots5;run2;cal2/2,imm1.00,disp1.00,wid1.00
0031b6d8	006a6ca0	_ZN2dk11SECTOR_MASKD1Ev	rerun-high	0	0	rerun	ctorvt:_ZTVN2dk5Obj2DE;loc:0x0;vt:_ZTVN2dk11SECTOR_MASKE
0031b748	006a6cd0	_ZN2dk11CIRCLE_MASKD1Ev	rerun-high	0	0	rerun	ctorvt:_ZTVN2dk5Obj2DE;loc:0x0;vt:_ZTVN2dk11CIRCLE_MASKE
0031b7b8	006a56d4	_ZN2dk13RectParamBaseD1Ev	vt-med	0	0	vt	vt_store;run2-edge;disp1.00,wid1.00
0031b7c8	006a5704	_ZN2dk13RectParamBaseD0Ev	vt-med	0	0	vt	vt_store;run2-edge;cal1/1,disp1.00,wid1.00
0031b7e8	006a6ac0	_ZN2dk6LockOnD1Ev	vt-high	0	0	vt	slots3;run2;cal2/2,imm1.00,disp1.00,wid0.83
0031b858	006a6b60	_ZN2dk6LockOnD0Ev	vt-high	0	0	vt	slots3;run2;cal2/2,icall-,imm1.00,disp0.66,wid0.60
0031b910	006a85d0	_ZN2dk3Ft4D1Ev	rerun-high	0	0	rerun	loc:0x0;vt:_ZTVN2dk3Ft4E
0031b920	006a85e0	_ZN2dk3Ft4D0Ev	rerun-high	0	0	rerun	vt:_ZTVN2dk3Ft4E
0031bfc8	006a9690	_ZN2dk17ScisSpriteMessageD0Ev	vt-high	0	0	vt	slotscore14/3;run2;cal1/1,icall-,imm1.00,disp0.44,wid0.55
0031c028	006a95e4	_ZN2dk17ScisSpriteMessageD1Ev	vt-high	0	0	vt	slotscore14/3;run2;cal1/1,imm1.00,disp1.00,wid1.00
0031c0f8	006aa2a0	_ZN2dk7COUNTERD0Ev	vt-high	0	0	vt	slots2;run2;cal2/2,icall-,imm0.10,disp0.64,wid0.67
0031c1b0	006aa1c8	_ZN2dk7COUNTERD1Ev	vt-high	0	0	vt	slots2;run2;cal2/2,brn-,icall-,imm0.10,disp1.00,wid0.67
0031c248	006a9788	_ZN2dk18INFORMATION_WINDOWD1Ev	vt-high	0	0	vt	slotscore15/3;run2;cal2/2,call-,imm1.00,disp1.00,wid0.71
0031c2c8	006a982c	_ZN2dk18INFORMATION_WINDOWD0Ev	vt-high	0	0	vt	slotscore15/3;run2;cal2/2,icall-,imm1.00,disp0.73,wid0.56
0031c368	006aa014	_ZN2dk5TIMERD0Ev	vt-high	0	0	vt	slots2;run2;cal2/2,brn-,icall-,imm0.08,disp0.64,wid0.71
0031c450	006a9f00	_ZN2dk5TIMERD1Ev	vt-high	0	0	vt	slots2;run2;cal2/2,brn-,icall-,imm0.08,disp1.00,wid0.50
0031c518	006a9a48	_ZN2dk13MISSION_GAUGED0Ev	vt-high	0	0	vt	slots2;run2;cal2/2,icall-,imm0.10,disp0.64,wid0.67
0031c5d0	006a9970	_ZN2dk13MISSION_GAUGED1Ev	vt-high	0	0	vt	slots2;run2;cal2/2,brn-,icall-,imm0.12,disp1.00,wid0.67
0031c668	006aa418	_ZN2dk9GET_MUNNYD1Ev	vt-high	0	0	vt	slots2;run2;cal1/1,brn-,icall-,imm0.42,disp1.00,wid0.67
0031c6f8	006aa4b0	_ZN2dk9GET_MUNNYD0Ev	vt-high	0	0	vt	slots2;run2;cal1/1,icall-,imm0.34,disp0.59,wid0.77
0031c7a8	006a9bc0	_ZN2dk8NEXT_EXPD1Ev	vt-high	0	0	vt	slots2;run2;cal1/1,brn-,icall-,imm0.42,disp1.00,wid0.67
0031c838	006a9c58	_ZN2dk8NEXT_EXPD0Ev	vt-high	0	0	vt	slots2;run2;cal1/1,icall-,imm0.34,disp0.59,wid0.77
0031cec0	006a5b24	_ZN2dk4FACED1Ev	vt-high	0	0	vt	slots2;run2;cal2/2,imm1.00,disp1.00,wid1.00
0031cf18	006a88e8	_ZN2dk4FACED0Ev	vt-high	0	0	vt	slots2;run2;cal2/2,icall-,imm1.00,disp0.44,wid0.58
0031d6c0	006a8c64	_ZN2dk9GAUGE_ONED1Ev	vt-high	0	0	vt	slotscore14/3;run2;cal1/1,imm1.00,disp1.00,wid1.00
0031d700	006a8f34	_ZN2dk9GAUGE_ONED0Ev	vt-high	0	0	vt	slotscore14/3;run2;cal1/1,icall-,imm1.00,disp0.44,wid0.55
0031d800	006a4ef0	_ZN2dk24BILLBOARD_DISABLE_REASOND1Ev	vt-high	0	0	vt	globals;run2;cal1/1,imm1.00,disp1.00,wid1.00
0031d840	006a4f40	_ZN2dk24BILLBOARD_DISABLE_REASOND0Ev	vt-high	0	0	vt	globals;run2;cal1/1,icall-,imm1.00,disp0.44,wid0.55
0031d8a0	006a5038	_ZN2dk15BILLBOARD_PLACED1Ev	vt-high	0	0	vt	globals;run2;cal2/2,imm1.00,disp1.00,wid1.00
0031d8f8	006a50a4	_ZN2dk15BILLBOARD_PLACED0Ev	vt-high	0	0	vt	globals;run2;cal2/2,icall-,imm1.00,disp0.44,wid0.58
0031d9b8	006a8720	_ZN2dk3ExpD1Ev	vt-high	0	0	vt	vt_store;run2;cal1/1,brn-,icall-,imm0.62,disp1.00,wid0.60
0031da48	006a87b4	_ZN2dk3ExpD0Ev	vt-high	0	0	vt	vt_store;run2;cal1/1,icall-,imm0.51,disp0.44,wid0.75
0031e048	006a9d90	_ZN2dk9SpotBlendD1Ev	vt-med	0	0	vt	vt_store;run2-edge;disp0.50,wid0.60
0031e068	006a9e48	_ZN2dk9SpotBlendD0Ev	vt-med	0	0	vt	vt_store;run2-edge;cal1/1,disp0.50,wid0.60
0031e098	006a9dd8	_ZN2dk11ModelSpriteD1Ev	vt-med	0	0	vt	vt_store;run2-edge;disp1.00,wid0.67
0031e0b8	006a9eb0	_ZN2dk11ModelSpriteD0Ev	vt-med	0	0	vt	vt_store;run2-edge;cal1/1,disp1.00,wid0.67
0031e0e8	006a7070	_ZN2dk3SkyD1Ev	rerun-high	0	0	rerun	ctorvt:_ZTVN2dk3SkyE;vt:_ZTVN2dk3SkyE
0031e110	006a70a0	_ZN2dk3SkyD0Ev	rerun-high	0	0	rerun	ctorvt:_ZTVN2dk3SkyE;vt:_ZTVN2dk3SkyE
0031e158	006345e8	_ZN2Ti12MG_EHSidecar5resetEv	med	6.90	3.66	0	cal2/3,disp0.57,wid0.25
0031e398	006d459c	_ZN2YS14TUTORIAL_PAUSED0Ev	med	5.20	2.30	0	cal2/2,neg1,icall-,imm0.39,disp1.00,loc-,wid0.67
0031e460	006d43bc	_ZN2YS14TUTORIAL_PAUSED1Ev	vt-med	0	0	vt	globals;run1-edge;cal1/1,icall-,imm0.39,disp1.00,wid0.67
0031e520	006d4508	_ZN2YS14TUTORIAL_PAUSE6updateEv	med	5.10	2.31	1	icall-,imm1.00,disp1.00,wid0.50
0031e630	006cd0c4	_ZN2YI7WIN_SEQD0Ev	med	7.54	5.30	0	cal2/2,disp1.00,loc-,wid1.00
0031e668	006cc46c	_ZN2YI7WIN_SEQD1Ev	low	4.54	2.50	0	cal1/1,disp1.00,loc-,wid1.00
0031e7f8	006aadc8	_ZN2YS8VOICE_EED1Ev	vt-med	0	0	vt	vt_store;run3-edge;disp1.00,wid1.00
0031e910	006c8db0	_ZN2YS6ACTION3endEPNS_3OBJE	vt-med	0	0	vt	slots4;run5;;shared4
0031e918	006c8db4	_ZN2YS6ACTION4fallEPNS_3OBJE	vt-med	0	0	vt	slots4;run4;;shared5
0031e920	006c8db8	_ZN2YS6ACTION4landEPNS_3OBJE	vt-med	0	0	vt	slots4;run4;;shared6
0031e930	006c8dbc	_ZN2YS6ACTION10party_jumpEPNS_3OBJEb	vt-med	0	0	vt	slots2;run2-edge;;shared5
0031ea80	006c9168	_ZN2YS3OBJ6VTABLEINS_8PRIZEOBJEE7_deleteEPS0_	rerun-high	0	0	rerun	ctorvt:_ZTVN2YS8VOICE_EEE;loc:0x0;selfweak:0x0
0031eb60	006cc2a8	_ZN2YS3OBJ6VTABLEINS_6WEAPONEE17get_data_priorityEPS0_	vt-high	0	0	vt	slotscore7/8;run1;disp1.00,wid1.00
0031ed38	006bf858	_ZN2YS6BTLOBJ6VTABLEIN8worldmap4GumiEE12exec_reflectEPS0_PNS_11ATTACK_WORKES7_	vt-high	0	0	vt	slots2;run2;
0031ed40	006bf8ac	_ZN2YS6BTLOBJ6VTABLEIN8worldmap4GumiEE15attack_callbackEPS0_S5_PNS_6ATTACKEPKNS_11ATTACKPARAME	vt-high	0	0	vt	slots2;run1;
0031ee60	006c0964	_ZN2YS6ATTACK9make_workEPNS_19ATTACK_WORK_MANAGERE	vt-med	0	0	vt	globals;run1-edge;
0031eec8	006cab10	_ZN2YS8ELEMDATAINS_10STOP_TABLEEE7CompareEPKvS4_	low	4.04	2.00	2	disp1.00,wid1.00
0031ef58	006ca59c	_ZN2YS3OBJ6VTABLEINS_6STDOBJEE7_deleteEPS0_	high	8.91	1.61	2	cal1/1,imm0.84,disp1.00,wid0.50
0031f0c0	006cb204	_ZN2YS3OBJ6VTABLEINS_12TREASURE_BOXEE7_deleteEPS0_	high	8.91	1.85	1	cal1/1,imm0.84,disp1.00,wid0.50
0031f210	006d4704	_ZN2YS12ATTACK_MAGICD1Ev	vt-med	0	0	vt	slots2;run3-edge;disp1.00,wid1.00
0031f270	006d4734	_ZN2YS12ATTACK_MAGIC7get_posEv	vt-med	0	0	vt	slots2;run3-edge;imm1.00,wid0.00
0031f388	006cbfdc	_ZN2YS3OBJ6VTABLEINS_6WEAPONEE7_deleteEPS0_	low	3.41	1.55	0	neg1,imm0.84,disp1.00,wid0.50
0031f4f0	006cc55c	_ZN2YS14WINDOW_BALLOOND1Ev	vt-high	0	0	vt	vt_store;run2;cal4/4,brn-,icall-,imm0.84,disp1.00,wid0.50
0031f590	006ccbd8	_ZN2YS14WINDOW_BALLOOND0Ev	vt-high	0	0	vt	vt_store;run2;cal5/5,brn-,icall-,imm0.84,disp1.00,wid0.50
0031f638	006cc61c	_ZN2YS11WINDOW_TALKD1Ev	vt-high	0	0	vt	globals;run2;cal4/4,brn-,icall-,imm0.84,disp1.00,wid0.50
0031f6d8	006ccca4	_ZN2YS11WINDOW_TALKD0Ev	vt-high	0	0	vt	globals;run2;cal5/5,brn-,icall-,imm0.84,disp1.00,wid0.50
0031f780	006cc6dc	_ZN2YS12WINDOW_CHECKD1Ev	vt-high	0	0	vt	globals;run2;cal4/4,brn-,icall-,imm0.84,disp1.00,wid0.50
0031f820	006ccd70	_ZN2YS12WINDOW_CHECKD0Ev	vt-high	0	0	vt	globals;run2;cal5/5,brn-,icall-,imm0.84,disp1.00,wid0.50
0031fe88	006cab30	_ZN2YS3OBJ6VTABLEINS_6SUMMONEE7_deleteEPS0_	med	7.00	2.96	1	cal2/2,wid0.00
0031fec0	004a4138	_ZN2YS6SUMMOND1Ev	high	9.59	1.57	0	cal1/1,imm0.70,disp0.89,wid1.00
00320050	006cbefc	_ZN2YS9VOICE_IOPD0Ev	vt-med	0	0	vt	order-rev;run3-edge;cal1/1,neg1,disp1.00,wid0.25
00320088	006cbf64	_ZN2YS8VOICE_EED0Ev	vt-med	0	0	vt	vt_store;run3-edge;cal1/1,neg1,disp1.00,wid0.25
003201e0	006c0900	_ZN2YS10ACTION_HOP3endEPNS_3OBJE	vt-high	0	0	vt	slots2;run4;
00320738	006c2e00	_ZN2YS13FIELD_COMMANDD1Ev	med	5.88	2.50	0	cal1/1,imm1.00,disp1.00,loc-,wid1.00
00320768	006c2e38	_ZN2YS13FIELD_COMMANDD0Ev	high	8.88	4.42	0	cal2/2,imm1.00,disp1.00,loc-,wid1.00
003207c8	006c3770	_ZN2YS3OBJ6VTABLEINS_7MASSOBJEE7_deleteEPS0_	med	5.00	2.00	2	cal1/1,wid1.00
00320800	006c9104	_ZN2YS19ACTION_PRIZEBOX_GET13calc_movementEPNS_3OBJE	vt-med	0	0	vt	slots2;run2-edge;
00320888	006c665c	_ZN2YS8PRIZEOBJ6VTABLEINS_5PRIZEEED1Ev	low	3.01	1.82	0	disp1.00,wid0.00
00320c08	006c5fac	_ZN2YS3OBJ6VTABLEINS_6PLAYEREE4hideEPS0_	low	3.54	1.50	5	disp1.00,wid0.50
00320fa8	006c5a34	_ZN2YS3OBJ6VTABLEINS_6PLAYEREE7_deleteEPS0_	med	7.32	2.06	4	cal1/1,neg1,imm0.92,disp0.91,wid0.50
00321198	006c4490	_ZN2YS9MISSION2D13reset_warningEv	low	3.54	1.50	2	disp1.00,wid0.50
00321460	006d3e78	_ZN2YS5PARTY6VTABLEINS_8NMPLAYEREE7abilityEPS0_	vt-high	0	0	vt	slots4;run6;
003215a8	006c499c	_ZN2YS3OBJ6VTABLEINS_5PARTYEE7_deleteEPS0_	high	10.16	1.82	3	cal2/2,imm1.00,wid1.00
00321680	006d02f0	_ZN2YS12COMBOCOUNTER13reset_warningEv	vt-high	0	0	vt	globals;run1;
00321910	006c5354	_ZN2YS3OBJ6VTABLEINS_7PIERROTEE7_deleteEPS0_	high	10.28	2.72	5	cal2/2,imm1.00,wid1.00
00321a60	006cd750	_ZN2YS8ZONE_BOXD1Ev	vt-med	0	0	vt	globals;uneq3/4:s2.5;disp1.00,wid1.00
00321a70	006cd7c4	_ZN2YS8ZONE_BOXD0Ev	vt-med	0	0	vt	globals;uneq3/4:s6.0;cal1/1,disp1.00,wid1.00
00321a90	006cd770	_ZN2YS13ZONE_INFINITYD1Ev	vt-med	0	0	vt	globals;uneq3/4:s2.5;disp1.00,wid1.00
00321aa0	006cd82c	_ZN2YS13ZONE_INFINITYD0Ev	vt-med	0	0	vt	globals;uneq3/4:s6.0;cal1/1,disp1.00,wid1.00
00321ac0	006cd760	_ZN2YS13ZONE_CYLINDERD1Ev	vt-med	0	0	vt	globals;uneq3/4:s2.5;disp1.00,wid1.00
00321ad0	006cd7f4	_ZN2YS13ZONE_CYLINDERD0Ev	vt-med	0	0	vt	globals;uneq3/4:s6.0;cal1/1,disp1.00,wid1.00
00321d48	006b6bdc	_ZN2sa13MUSICAL_CLEARD0Ev	vt-high	0	0	vt	slotscore14/3;run2;cal1/1,icall-,imm1.00,disp0.44,wid0.55
00321da8	006b6b8c	_ZN2sa13MUSICAL_CLEARD1Ev	vt-high	0	0	vt	slotscore14/3;run2;cal1/1,imm1.00,disp1.00,wid1.00
00322228	006b6d2c	_ZN2sa13MUSICAL_COMBOD1Ev	vt-high	0	0	vt	slots11;run2;cal2/2,brn-,icall-,imm1.00,disp1.00,wid0.50
00322300	006b6de8	_ZN2sa13MUSICAL_COMBOD0Ev	vt-high	0	0	vt	slots11;run2;cal2/2,brn-,icall-,imm0.74,disp0.71,wid0.75
00322790	002e0ea8	_ZN2sa13MUSICAL_INPUT5startEi	med	7.05	3.66	3	cal3/3,neg2,imm0.60,disp0.38,loc-,wid0.46
003228c8	006b7a68	_ZN2sa14MUSICAL_TARGETD1Ev	vt-high	0	0	vt	slots11;run2;cal1/1,imm1.00,disp1.00,wid1.00
00322908	006b7ab8	_ZN2sa14MUSICAL_TARGETD0Ev	vt-high	0	0	vt	slots11;run2;cal1/1,icall-,imm1.00,disp0.44,wid0.55
003229a0	006b67f4	_ZN2sa9COUNTDOWND1Ev	vt-high	0	0	vt	slots2;run2;cal2/2,imm1.00,disp1.00,wid1.00
00322a10	006b6878	_ZN2sa9COUNTDOWND0Ev	vt-high	0	0	vt	slots2;run2;cal2/2,icall-,imm1.00,disp0.66,wid0.64
00322e58	0033d8e4	_ZN2Tz5JmDic4InitEv	high	25.94	1.53	3	cal10/10,neg3,brn-,imm0.07,disp0.05,wid0.60
00323110	002e39f8	_ZN2sa14MUSICAL_SCORE24initEv	high	44.69	3.19	1	cal15/15,neg1,imm0.12,disp0.04,wid0.30
00323540	000a63b0	_ZN2dk11INFORMATION4initEv	high	44.16	3.21	0	cal15/15,imm0.02,disp0.01,loc-,wid0.52
00324448	00246818	_ZN2gm11FRONTDIROBJ6CreateEPN2kn15MemoryAllocatorE	med	6.08	2.25	1	cal1/1,disp1.00,wid0.29
00324510	002e42e0	_ZN2sa14MUSICAL_SCORE54initEv	high	33.90	3.64	2	cal12/12,neg1,call-,imm0.06,disp0.04,wid0.28
00324bb0	006bd068	_ZN2YS3OBJ6VTABLEIN8worldmap6PlayerEE4showEPS0_	low	3.54	1.50	0	disp1.00,wid0.50
003258a0	006a68f0	_ZN2dk12LEVELUP_INFOD0Ev	high	11.58	1.63	0	cal4/4,icall-,imm0.07,disp0.16,wid0.47
003259a0	006cc79c	_ZN2YS15WINDOW_TUTORIALD1Ev	high	9.64	1.51	1	cal5/7,neg1,brn-,icall-,imm0.76,disp0.16,wid0.38
00325aa0	006eda50	_ZN4menu12LayoutWidgetD1Ev	med	7.91	2.50	0	cal1/1,imm1.00,disp1.00,wid1.00
00325ae8	006edab0	_ZN4menu12LayoutWidgetD0Ev	high	10.91	3.37	0	cal2/2,imm1.00,disp1.00,wid1.00
00325b80	003179b4	_ZN2Tz10CmTutorial4ExitEv	high	10.64	4.27	0	cal3/3,disp1.00,wid0.10
00102e40	0003ed8c	_ZN5TITLE8BootInitEv	sandwich	1.90	0.00	0	sandwich,call-,wid0.40
00102e90	0003edd0	_ZN5TITLE12GetAllocatorEv	sandwich	3.50	0.00	0	sandwich,wid1.00
00102ea0	0003eddc	_ZN5TITLE5AllocEj	sandwich	2.08	0.00	0	sandwich,icall-,disp0.08,wid0.43
00102ed8	0003eeb4	_ZN5TITLE4FreeEPv	sandwich	2.45	0.00	0	sandwich,icall-,disp0.17,wid0.60
00103b48	0003bf84	_ZN4MENU10CreateTaskEiiPFvP4TASKE	med	6.00	3.50	0	cal1/1,wid1.00
00106148	000eccfc	_ZN2kn15MemoryAllocatorD1Ev	low	4.99	3.22	0	disp1.00,wid1.00
001069d0	000da2c8	_ZN2kn15resetCameraModeEv	low	3.44	3.17	0	wid1.00
00109450	0011a104	_ZN2kn7VU1Draw11unlinkModelEPKNS_8ModelObjE	low	3.32	2.14	1	imm0.29,disp1.00,wid0.22
00109c30	001193e4	_ZN2kn7VU1Draw12getDrawQueueEv	med	6.21	1.80	0	imm1.00,disp0.43,wid0.75
00109cc0	0011948c	_ZN2kn7VU1Draw13linkDrawQueueENS0_15DRAW_QUEUE_TYPEEPNS_9DrawQueueE	low	3.47	1.55	2	disp1.00,wid0.25
00109d00	001195e4	_ZN2kn7VU1Draw4drawEPNS_8ModelObjEPNS_9DrawParamEPNS_5ModelEPPN3Axa11DMA_SET_TAGEPc	high	8.60	1.80	3	cal2/3,neg1,imm1.00,disp0.57,wid0.67
00114918	00130d90	_ZN2kn7AladdinD1Ev	med	6.91	2.38	0	cal1/1,disp1.00,wid1.00
00114ab0	00130d40	_ZN2kn7AladdinC1EPNS_6FriendEPNS_11FriendParamE	high	8.90	1.69	0	cal1/1,imm1.00,disp1.00,wid1.00
00114b40	00130dc0	_ZN2kn7AladdinD0Ev	low	4.09	2.55	1	cal1/1,neg1,disp1.00,wid1.00
00114de0	00106a38	_ZN2kn5SimbaD0Ev	high	10.54	3.00	0	cal2/2,disp1.00,wid1.00
00114fb0	001069b8	_ZN2kn5SimbaC1EPNS_6FriendEPNS_11FriendParamE	high	9.64	5.43	0	cal1/1,imm1.00,disp1.00,wid1.00
00115040	00106a08	_ZN2kn5SimbaD1Ev	med	7.62	2.33	0	cal1/1,disp1.00,wid1.00
00115308	000e97e8	_ZN2kn5GoofyC1EPNS_6FriendEPNS_11FriendParamE	med	7.14	5.82	1	cal1/1,disp1.00,wid0.43
00115398	000e9850	_ZN2kn5GoofyD1Ev	med	7.62	2.33	0	cal1/1,disp1.00,wid1.00
001156b8	000e9880	_ZN2kn5GoofyD0Ev	high	10.04	3.00	1	cal2/2,disp1.00,wid1.00
00123ac0	000f2868	_ZN2kn10ModelMultiC1EPv	low	3.21	1.87	0	cal1/1,neg1,icall-,imm1.00,disp1.00,wid0.70
00124748	000f2b80	_ZNK2kn10ModelMulti8getModelEj	low	4.93	2.83	2	imm1.00,disp1.00,wid0.75
00124788	000f3e14	_ZNK2kn10ModelMulti17getGroupNumOffsetEi	low	3.84	3.06	1	call-,icall-,imm1.00,disp1.00,wid0.45
00127d40	000f6268	_ZN2kn13MotionContext18calcEnvelopeMatrixEiPNS_7FMatrixE	low	4.11	2.89	0	imm1.00,wid0.08
00127dc8	000f64a0	_ZN2kn13MotionContext18calcEnvelopeMatrixEv	low	3.60	3.69	1	cal1/1,size,wid0.00
001316f0	00103214	_ZN2kn9MotionRAWC1EPv	low	3.45	2.58	0	neg1,disp1.00,wid1.00
00142208	00091f70	_ZN2dk11OctCollFile10getPolygonEt	med	7.31	6.46	1	cal1/1,imm1.00,disp0.17,wid0.60
001423c0	00092420	_ZN2dk11OctCollFile9getVertexEtPN2kn7FVectorE	med	7.33	2.75	0	cal1/1,brn-,imm1.00,disp0.93,wid0.67
00143ea8	0006e430	_ZN2dk6Octree10getPolygonEt	low	4.83	4.83	2	cal1/1,wid0.33
00143f50	0006e5c0	_ZN2dk6Octree9getVertexEtPN2kn7FVectorE	low	4.33	3.08	1	cal1/1,wid0.33
001492b8	00062310	_ZNK2dk7MapFile13getOwaAddressEv	sandwich	3.50	0.00	0	sandwich,wid1.00
001492c0	00062318	_ZNK2dk7MapFile13getMonAddressEv	sandwich	3.50	0.00	0	sandwich,wid1.00
0015cc80	000793e0	_ZNK2dk6Sphere9testPlaneERNS_5PlaneERf	med	5.11	2.86	0	disp1.00,flt1.00,wid0.50
00160d18	00089668	_ZN2dk5BgObj17ExecTaskFinalizerEP4TASK	low	3.29	1.62	0	disp1.00,wid0.50
00167ee0	00287040	_ZN7OvlShop8ItemShop6RuningEP4TASK	low	4.50	2.00	0	cal2/2,loc-,wid0.00
0016c508	00461b08	_ZN2YS3OBJ25get_subjective_camera_posEv	low	3.82	4.79	0	cal1/2,neg1,disp1.00,wid0.36
00170b30	00417778	_ZN2YS10CACHE_BUFF8FixAllocEj	low	4.78	2.38	0	imm0.43,disp0.11,wid0.76
001759f0	00475ca4	_ZN2YS5PARTY16_OVR_check_leaveEv	med	7.92	4.50	0	cal1/1,icall-,imm1.00,disp0.18,wid0.67
0017a298	0047e128	_ZN2YS6PLAYER16_OVR_is_wish_dirEv	med	5.00	3.00	0	cal1/1
0017a968	004c6144	_ZN2YS6ACTION13calc_movementEPNS_3OBJE	sandwich	1.54	0.00	0	sandwich,call-,disp0.25,wid0.43
0017aab8	004c7b2c	_ZN2YS11ACTION_BLOW4landEPNS_3OBJE	low	3.04	2.76	1	disp1.00,wid0.25
00185890	004bb2b8	_ZN2YS12WEAPON_ENTRY3GetEii	low	3.20	1.76	0	disp0.18,wid0.67
00194878	004060e4	_ZN2YS8AREAINFO7IsKnownEii	med	5.67	5.50	1	cal1/1
001948c0	00406134	_ZN2YS8AREAINFO12IsMonochromeEii	sandwich	6.00	0.00	0	sandwich,cal1/1
00195858	0049f77c	_ZN2YS4SPEC3setEi	med	5.46	5.12	0	cal1/1,disp1.00,loc-,wid1.00
0019fbe0	004c7b70	_ZN2YS11ACTION_BLOW13calc_movementEPNS_3OBJE	med	6.21	8.58	0	brn-,fp-,imm1.00,disp0.73,flt1.00,wid0.59
001ae1b0	0049c714	_ZN2YS11SIGNAL_HOOK13set_menu_flagEi	low	4.00	1.84	0	disp1.00,wid0.33
001b1d60	004c1d54	_ZN2YS4ZAKOC1EPKNS_8OBJENTRYERKN2kn7FVectorEf	med	6.28	5.00	0	imm1.00,disp1.00,wid1.00
001b7a18	004665a8	_ZN2YS7OBJCLSN5checkEPS0_RN2kn7FVectorE	low	3.36	13.66	0	cal1/3,imm1.00,disp1.00,wid0.27
001b83f0	0043d4d0	_ZN2YS8LIBRETTO4initEiPFbPKNS_4CODEEPS0_E	low	4.09	2.57	0	imm1.00,disp0.11,wid0.25
001bb958	004515f0	_ZN2YS7MISSION15ShowInformationEi	low	3.33	3.80	0	cal1/2,disp0.41,wid1.00
001c0ce8	00462db4	_ZN2YS3OBJ23attach_parent_is_playerEv	low	3.12	2.97	0	cal0/1,disp1.00,wid0.67
001c27b8	004493d0	_ZN2YS7MASSOBJ11APPEAR_ITERC1ERKN2kn7FVectorES5_i	med	6.37	6.62	0	imm1.00,disp0.72,wid0.27
001cbab0	006c8000	_ZN2YS8PRIZEOBJ6VTABLEINS_8PRIZE_POEE9check_getEPS0_PNS_11PRIZEEFFECTE	low	4.89	5.19	0	cal2/2,icall-,disp0.46,loc-,wid0.50
001d2690	004ea858	_ZN2YS13INTERVAL_INFO4pushEif	med	5.02	3.66	0	imm1.00,disp0.53,wid0.71
001d3810	004b3418	_ZN2YS6VACUUMD1Ev	low	3.41	1.70	0	disp0.10,wid0.70
001d5730	0045a0e4	_ZN2YS6MOTION3endEv	med	5.09	4.00	0	cal1/1,imm1.00,disp1.00,loc-,wid0.24
001db368	004c2bd8	_ZNK2YS13ZONE_CYLINDER5is_inERN2kn7FVectorE	low	4.06	2.71	0	brn-,imm1.00,disp1.00,wid0.80
001db510	004c2680	_ZN2YS4ZONE21calc_rtn_action_pointERN2kn7FVectorE	low	3.63	1.91	1	brn-,imm1.00,disp1.00,wid0.67
001e7070	002af884	_Z18pppSetReferencePosPvi	sandwich	3.50	0.00	0	sandwich,wid1.00
001e7088	002af898	_Z21pppSetReferenceMatrixPvi	sandwich	3.50	0.00	0	sandwich,wid1.00
001fa610	005ab750	pppKeLnsLp	med	7.94	3.95	1	imm1.00,disp1.00,wid1.00
001fa668	005ab7a8	pppKeLnsLpDraw	high	8.22	4.13	0	cal1/1,imm0.34,disp0.86,wid0.87
001fa750	005ab89c	pppKeLnsLpCon	med	7.74	2.12	2	imm1.00,disp1.00,wid1.00
001fa790	005ab8ec	pppKeLnsLpCon2	med	7.23	1.80	3	imm1.00,disp1.00,wid1.00
001fa950	005abb08	pppKeLnsClm	med	6.69	2.43	2	cal0/1,imm1.00,disp0.85,wid0.95
001fb3c8	005accb8	pppKeLnsLpTDraw	med	5.87	5.35	1	cal1/1,neg1,imm0.61,disp0.31,wid1.00
001fb478	005acd8c	pppKeLnsLpTCon	med	7.55	2.06	1	imm1.00,disp0.81,wid0.91
001fb4e0	005ace00	pppKeLnsLpTCon2	med	7.23	2.12	3	imm1.00,disp1.00,wid1.00
001fb720	005ad070	pppKeLnsClmT	med	6.40	1.63	2	imm1.00,disp1.00,wid0.33
001fb790	005ad180	pppKeLnsClmTDraw	med	6.59	1.81	2	fp-,imm0.42,disp0.92,wid0.86
001fb928	005ad340	pppKeLnsCrnT	med	6.61	1.63	2	imm1.00,disp1.00,wid0.53
001fbca8	005ad8b0	pppKeLnsLpSft	med	6.20	4.63	3	imm1.00,disp0.58,wid0.91
001fcc58	005ad994	pppKeMatPht	low	3.20	2.23	4	brn-,imm0.38,disp0.78,wid0.88
001fcd70	005aee20	_ZNK15KeDttMdl_Packet4sendEv	low	3.23	4.38	5	imm0.40,disp0.17,wid0.33
001fd0a8	005af4c8	pppKeShpDttDraw	low	4.44	1.74	3	imm0.19,disp0.40,wid0.36
001fd22c	005af170	__KeGetDeg2	low	4.58	2.22	4	disp1.00,flt1.00,wid0.10
001fd530	005b1430	pppKeShpTail3	med	5.20	1.80	0	imm0.57,disp0.68,wid0.06
001fd5f8	005b18a0	pppKeShpTail3Draw	low	3.00	1.92	1	neg1,imm0.29,disp0.54,wid0.20
001fdd90	005af280	pppKeMvYpEff	low	4.95	3.29	2	imm1.00,disp0.38,flt1.00,wid0.21
00203740	005c7c48	pppRyjDrawDrawShipolyBone	med	5.44	2.22	1	neg1,imm0.45,disp0.52,wid0.89
002056b8	005cb1bc	pppRyjMegaBirthCon	med	6.48	3.38	1	imm0.27,disp1.00,wid0.80
00205718	005cb240	pppRyjMegaBirthDes	high	14.35	1.57	0	cal3/3,imm1.00,disp0.73,wid1.00
00205d20	005d2314	pppRyjMngFlag	med	5.54	2.45	1	disp0.85,wid1.00
00206388	005d123c	entry_megaplace_lamp	med	5.64	3.32	3	call-,brn-,imm0.56,disp1.00,wid0.87
00206470	005d12f4	pppRyjMegaPlace	sandwich	1.32	0.00	3	sandwich,call-,brn-,imm1.00,disp0.62,wid0.77
002065b0	005d1414	_Z10draw_shapeP13VRyjMegaPlace	high	8.94	2.33	1	neg1,imm0.61,disp0.73,wid0.90
002068d0	005d17bc	_Z10draw_modelP13VRyjMegaPlace	high	9.86	5.27	2	brn-,imm0.52,disp0.83,wid0.89
00206be8	005d1b64	_Z9draw_lampP13VRyjMegaPlace	high	10.61	7.60	2	neg1,fp-,imm0.61,disp0.79,wid0.92
00206fc8	005d1ff4	pppRyjDrawMegaPlace	high	8.38	6.28	2	cal1/1,brn-,imm1.00,disp1.00,wid0.67
00207020	005d2044	pppRyjMegaPlaceCon	med	7.12	1.90	2	imm1.00,disp1.00,wid1.00
00207050	005d2078	pppRyjMegaPlaceDes	high	14.09	4.81	1	cal3/3,imm1.00,disp0.53,wid1.00
002071d8	005d211c	pppRyjMegaPlaceLamp	high	9.66	5.00	4	cal1/1,imm1.00,disp1.00,wid1.00
00208a30	005ce418	_Z10set_matrixPA4_fS0_P18PRyjMegaBirthModelP14_PARTICLE_DATAP14_PARTICLE_WMATS0_h	low	4.90	4.49	2	sw-,imm0.46,disp1.00,wid0.70
0020e2e8	005db338	_Z11KeThCp_DrawP7_KeThCpPA4_A4_fPfP11_KetThBp_PrPPN3Axa6UQWORDEyy	low	3.07	1.86	1	imm0.07,disp0.46,wid0.22
0021f0d8	005d75b8	_Z14KeLnsLp_UpdateP17_KeWkLnsLp_Update	med	5.96	11.02	1	brn-,imm0.34,disp0.93,flt1.00,loc-,wid0.72
0021f5d8	005d7b9c	_Z12KeLnsLp_InitP8_KeLnsLp	med	5.08	2.85	2	imm1.00,disp0.63,wid0.50
0021f908	005c8fb8	_Z4calcP13VRyjMegaBirthP13PRyjMegaBirthP14_PARTICLE_DATAP6VColorP15_PARTICLE_COLOR	low	3.13	1.61	0	imm0.64,disp0.40,wid0.12
002204c8	005d8978	_Z4betwv	high	18.43	4.85	0	cal4/4,fp-,imm0.03,disp0.73,flt1.00,loc-,wid0.88
00220da0	005d9938	_Z14KeThBP_MkGifPkP16_KeaThBp_MkGifPk	med	5.54	14.04	1	cal2/7,brn-,fp-,imm0.61,disp0.87,flt1.00,wid0.55
00221348	005da298	_Z13KeThBP_UpdateP15_KeaThBp_Update	high	31.54	17.91	0	cal10/11,call-,brn-,icall-,fp-,imm0.63,disp0.74,flt1.00,loc-,wid0.87
00221e28	005da1ac	_Z11KeThBP_InitP15_KeWrkThBP_Init	med	5.41	2.56	1	imm0.58,disp0.43,wid0.80
00221fb8	005daff8	_Z14KeThResHd_InitP10_KeThResHdhh	low	4.85	1.93	1	imm0.34,disp1.00,wid1.00
00222080	005db068	_Z12KeThCp_AddBpP7_KeThCpP10_KeThResHdPA4_fS4_	med	5.54	1.84	0	cal2/3,call-,imm0.78,disp0.30,loc-,wid0.69
00222170	005db194	_Z13KeThCp_UpdateP15_KeaThCp_Update	high	13.59	8.58	1	cal3/3,imm0.23,disp0.47,wid0.96
00249508	003ce320	_ZN2Tz4TRTE4InitEv	high	25.60	35.98	0	cal10/13,icall-,imm0.58,disp0.05,wid0.69
002642a8	00320d08	_ZN2Tz9IShopInfo11GetItemStatEi	low	3.39	2.36	0	sw-,imm0.57,disp1.00,wid0.50
00276c50	002f7184	_ZN2Tz6Jiminy10CreateHelpEib	low	4.50	5.00	0	cal1/1,wid0.00
00288638	0036ecc0	_ZN2Tz9MenuBasic12ExitCallbackEv	low	3.30	3.82	0	wid1.00
002b5108	0030ba8c	_ZN2Tz8CmSLBase14SetWarningMessEii	low	3.61	3.38	0	imm1.00,wid0.88
002b5b38	003025ec	_ZN2Tz6CmSave12DrawSelectorEPNS_6SelectEii	high	23.72	20.08	0	cal10/10,neg4,imm1.00,loc-,wid0.17
002c2598	003e6a78	_ZN2dk17get_episode_titleEii	low	3.06	1.50	0	disp1.00,wid0.50
002c2610	003e6c48	_ZN2dk19get_episode_contentEii	low	3.15	1.65	0	disp1.00,wid0.50
002cb828	00654394	_ZN2Ti4Path16calc_curve_speedEif	low	3.50	1.67	0	disp1.00,wid0.56
002cda68	00653528	_ZN2Ti4Path14calc_curve_posEif	med	7.19	2.09	0	cal2/2,fp-,disp1.00,wid0.11
002cdfb0	00652a90	_ZN2Ti4Path32search_near_point_from_pre_pointERiRfRKN2kn7FVectorEf	high	12.17	4.47	0	cal4/4,neg1,fp-,disp0.77,wid0.73
002d1818	00643d5c	_ZN2Ti9MGOarashiD1Ev	med	7.54	5.00	0	cal1/1,disp1.00,wid1.00
002d2a30	0064551c	_ZN2Ti9MGOarashi13PadToMovementERKN2kn7FVectorE	low	3.68	2.68	2	disp1.00,wid0.14
002db4b0	0065e894	_ZN2Ti20MGHachimitsuYukidamaC1EPKN2YS8OBJENTRYERKN2kn7FVectorEf	med	5.54	3.81	0	disp1.00,wid1.00
002dd6d0	00642f50	_ZN2Ti12MGJumpPlayerC1EPKN2YS8OBJENTRYEPNS1_3PADERKN2kn7FVectorEf	low	3.24	1.70	1	disp1.00,wid0.20
002dd700	00642504	_ZN2Ti10MGJumpPoohC1EPKN2YS8OBJENTRYERKN2kn7FVectorEf	med	5.26	1.63	0	disp1.00,wid1.00
002e5280	002e7e28	_ZN2Ti4Cord18add_vertical_forceEff	low	4.33	4.25	0	disp0.15,flt1.00,wid0.43
002ead20	0061bab8	_ZN2Ts15ACTION_DICEBLOW4landEPN2YS3OBJE	low	3.06	1.76	0	icall-,imm1.00,disp0.18,wid0.50
002edfd8	000d5430	_ZN4menu6Widget6unlinkEPS0_	low	4.73	3.08	0	disp0.52,wid0.92
00315948	00693924	_ZNK10__cxxabiv117__class_type_info11__do_upcastEPKS0_PPv	med	5.89	2.07	0	imm1.00,disp1.00,wid0.67
003159c8	00693fd8	_ZNK10__cxxabiv120__si_class_type_info20__do_find_public_srcEiPKvPKNS_17__class_type_infoES2_	med	5.82	2.58	1	imm1.00,disp1.00,wid0.86
00319f50	006ab1fc	_ZN2YS3OBJ6VTABLEIN2kn6FriendEE4hideEPS0_	low	4.26	2.76	1	imm1.00,wid1.00
00319f60	006ab214	_ZN2YS3OBJ6VTABLEIN2kn6FriendEE4showEPS0_	low	4.80	1.80	0	cal1/1,wid1.00
0031a048	006ab258	_ZN2YS6STDOBJ6VTABLEIN2kn6FriendEE18attack_combo_startEPS0_	med	5.51	1.75	0	cal1/1,imm1.00
0031d490	006a8ae0	_ZN2dk11GAUGE_ENEMYD0Ev	low	3.17	2.68	0	cal2/3,brn-,icall-,imm0.13,disp0.46,wid0.50
0031d7c0	006a4e14	_ZN2dk15BILLBOARD_GUIDED0Ev	sandwich	2.88	0.00	0	sandwich,icall-,disp0.44,wid0.50
0031e878	006aaeb8	_ZN2YS3OBJ6VTABLEIN2kn6FriendEE7_deleteEPS0_	low	4.09	2.20	0	cal2/3,neg2,imm1.00,wid1.00
0031fb90	006ccb0c	_ZN2YS11WINDOW_BASED0Ev	high	23.70	19.45	0	cal7/7,brn-,icall-,imm0.84,disp1.00,wid0.29
0031fc78	006edb1c	_ZN4menu14TutorialWidgetD1Ev	med	6.25	1.94	1	cal5/6,neg1,brn-,icall-,imm0.09,disp0.13,loc-,wid0.43
00320528	0045334c	__sti___11_mission_cpp_fcee223a	high	10.45	23.94	0	cal5/9,neg2,imm0.05,disp1.00,wid0.29
00321468	006cef9c	_ZN2YS12ACTION_NMGUN13calc_movementEPNS_3OBJE	med	5.00	5.00	1	cal1/1
003217a0	006cd10c	_ZN2YS8ELEMDATAINS_9WORLDFLAGEE7CompareEPKvS4_	low	4.04	2.00	0	disp1.00,wid1.00
00102dc0	0003f2d4	_ZN5TITLE6EnsureEP4TASK	gap-med	5.12	5.46	0	cal2/2,neg1,wid0.60
001117d8	000de168	_ZN2kn6Friend16_OVR_is_wish_dirEv	gap-med	7.13	4.33	0	cal1/1,wid1.00
0011a3e0	001052ac	_ZN2kn8Peterpan15startWarpEffectEv	gap-med	7.00	7.86	0	cal1/1,wid1.00
00160bb8	000899d4	_ZN2dk5BgObj20ExecAllTaskFinalizerEP4TASK	gap-med	6.00	3.00	0	cal1/1,wid1.00
0016baa8	00461754	_ZN2YS3OBJ20_OVR_signal_callbackEii	gap-med	5.80	3.00	0	cal1/1,wid1.00
0016e79c	004b9084	_ZN2YS17trap_menuflag_setEP8BD_VALUE	gap-med	6.94	6.77	0	cal1/1,wid1.00
001711ac	004f75a0	_ZN2YS25trap_sysobj_motion_changeEP8BD_VALUE	gap-med	6.40	5.92	0	cal1/1,flt1.00,wid0.75
001711dc	004f75f0	_ZN2YS23trap_sysobj_motion_pushEP8BD_VALUE	gap-med	6.40	5.92	0	cal1/1,flt1.00,wid0.75
00173630	00503854	_ZN2YS16trap_signal_callEP8BD_VALUE	gap-med	6.96	7.17	0	cal1/1,wid1.00
001747d4	00509664	_ZN2YS20trap_event_layer_offEP8BD_VALUE	gap-high	9.00	12.00	0	cal2/2
001747f4	00509690	_ZN2YS19trap_event_layer_onEP8BD_VALUE	gap-high	9.00	12.00	0	cal2/2
00185658	006cc118	_ZN2YS3OBJ6VTABLEINS_6WEAPONEE8_destroyEPS0_	gap-med	5.00	6.50	0	cal2/2,loc-
001a0074	004f60fc	_ZN2YS25trap_mission_deactivate2dEP8BD_VALUE	gap-med	6.00	5.33	0	cal1/1
001a0378	004f6590	_ZN2YS33trap_mission_set_count_figure_numEP8BD_VALUE	gap-med	6.87	5.57	0	cal1/1,wid1.00
001a039c	004f65d0	_ZN2YS26trap_mission_warning_countEP8BD_VALUE	gap-sandwich	7.00	0.00	0	sandwich,cal1/1,wid1.00
001a03bc	004f6600	_ZN2YS32trap_mission_reset_warning_countEP8BD_VALUE	gap-sandwich	7.00	0.00	0	sandwich,cal1/1,wid1.00
001a03dc	004f6630	_ZN2YS22trap_mission_set_gaugeEP8BD_VALUE	gap-med	6.97	6.60	0	cal1/1,wid1.00
001ce6e8	004d2ab8	_ZN2YS18ACTION_LKDASH_JUMP5startEPNS_3OBJE	gap-med	6.00	5.50	0	cal1/1,wid1.00
001ce718	004d2af8	_ZN2YS18ACTION_LKDASH_JUMP3endEPNS_3OBJE	gap-med	6.00	5.50	0	cal1/1,wid1.00
001d15a0	006d312c	_ZN2YS3OBJ6VTABLEINS_8LMPLAYEREE10initializeEPS0_	gap-med	5.00	2.50	0	cal2/2,loc-
001e0bac	006175d0	_ZN3ryj39trap_special_last_xemnus_laser_optimizeEP8BD_VALUE	gap-med	5.52	4.67	0	cal1/1
001e0bc4	006175f4	_ZN3ryj43trap_special_last_xemnus_laser_optimize_endEP8BD_VALUE	gap-med	5.42	4.50	0	cal1/1
002582f8	003010c0	_ZN2Tz5Pause4ExitEv	gap-high	11.74	24.75	0	cal4/4,icall-,wid0.74
002597bc	00308a14	_ZN2Tz6CmSave9ExitClearEv	gap-med	6.00	2.00	0	cal1/1,wid1.00
0026b9c8	003a6fc8	_ZN2Tz6CmItem11isEnableUseEi	gap-med	7.18	2.26	0	cal3/4,wid0.00
00274460	002f800c	_ZN2Tz6Jiminy4ExitEv	gap-high	64.25	96.41	0	cal25/28,neg1,brn-,icall-,wid0.55
0027f10c	0031df0c	_ZN2Tz9GumiPause4ExitEv	gap-high	12.07	13.27	0	cal5/6,icall-,wid0.57
002ee6b0	0060c2a8	_ZN4menu14TutorialWidget4drawENS_8PositionEN2YS5COLORE	gap-med	5.00	7.28	0	cal1/1
0031ea00	006c9558	_ZN2YS3OBJ6VTABLEINS_9SAVEPOINTEE7_deleteEPS0_	gap-med	5.33	1.62	0	cal2/2,neg1,wid1.00
00171480	004f83d0	_ZN2YS18trap_obj_reset_posEP8BD_VALUE	sib-high	8.00	8.00	table	fptr-table-slot
00171ce0	004fc0f8	_ZN2YS28trap_obj_set_detach_callbackEP8BD_VALUE	sib-high	8.00	8.00	table	fptr-table-slot
00172f30	00502e94	_ZN2YS14trap_act_shoutEP8BD_VALUE	sib-high	8.00	8.00	table	fptr-table-slot
001744e0	00508968	_ZN2YS25trap_command_enable_groupEP8BD_VALUE	sib-high	8.00	8.00	table	fptr-table-slot
001747c0	00509640	_ZN2YS21trap_event_control_onEP8BD_VALUE	sib-high	8.00	8.00	table	fptr-table-slot
001748c8	005098b4	_ZN2YS29trap_status_secure_mode_startEP8BD_VALUE	sib-high	8.00	8.00	table	fptr-table-slot
00174b48	00509c24	_ZN2YS23trap_light_set_fog_nearEP8BD_VALUE	sib-high	8.00	8.00	table	fptr-table-slot
00174b58	00509c34	_ZN2YS22trap_light_set_fog_farEP8BD_VALUE	sib-high	8.00	8.00	table	fptr-table-slot
00174b68	00509c44	_ZN2YS22trap_light_set_fog_minEP8BD_VALUE	sib-high	8.00	8.00	table	fptr-table-slot
00174b78	00509c54	_ZN2YS22trap_light_set_fog_maxEP8BD_VALUE	sib-high	8.00	8.00	table	fptr-table-slot
0018f560	004f4140	_ZN2YS25trap_damage_exec_reactionEP8BD_VALUE	sib-high	8.00	8.00	table	fptr-table-slot
0018f578	004f415c	_ZN2YS28trap_damage_is_exec_reactionEP8BD_VALUE	sib-high	8.00	8.00	table	fptr-table-slot
0018f590	004f4180	_ZN2YS27trap_damage_attack_param_idEP8BD_VALUE	sib-high	8.00	8.00	table	fptr-table-slot
0018f5a8	004f4194	_ZN2YS18trap_damage_damageEP8BD_VALUE	sib-high	8.00	8.00	table	fptr-table-slot
0018f5b8	004f41a4	_ZN2YS17trap_damage_partsEP8BD_VALUE	sib-high	8.00	8.00	table	fptr-table-slot
0018f5c8	004f41b4	_ZN2YS19trap_damage_is_cureEP8BD_VALUE	sib-high	8.00	8.00	table	fptr-table-slot
002d6cd0	00631fac	_ZN2Ti17ACTION_PO_OARASHI7controlEPN2YS3OBJE	sib-high	8.00	8.00	table	fptr-table-slot
002ded60	0062e9e0	_ZN2Ti14ACTION_PO_JUMP15get_jump_motionEv	sib-high	8.00	8.00	table	fptr-table-slot
002ded68	0062e9e8	_ZN2Ti14ACTION_PO_JUMP15get_fall_motionEv	sib-high	8.00	8.00	table	fptr-table-slot
002ded70	0062e9f0	_ZN2Ti14ACTION_PO_JUMP15get_land_motionEv	sib-high	8.00	8.00	table	fptr-table-slot
002e2428	006353b4	_ZN2Ti12MG_EHSidecar4stopEv	sib-high	8.00	8.00	table	fptr-table-slot
002ebc78	0061dcc8	_ZN2Ts17ACTION_SKATEBOARD4landEPN2YS3OBJE	sib-high	8.00	8.00	table	fptr-table-slot
00315b80	00693d38	_ZNK10__cxxabiv120__si_class_type_info12__do_dyncastEiNS_17__class_type_info10__sub_kindEPKS1_PKvS4_S6_RNS1_16__dyncast_resultE	sib-high	8.00	8.00	table	fptr-table-slot
00316110	00693c9c	_ZNK10__cxxabiv120__si_class_type_info11__do_upcastEPKNS_17__class_type_infoEPKvRNS1_15__upcast_resultE	sib-high	8.00	8.00	table	fptr-table-slot
00323dd0	006bac84	_ZN2Tz7HelpGraD1Ev	sib-high	8.00	8.00	table	fptr-table-slot
00323e28	006bacf0	_ZN2Tz7HelpGraD0Ev	sib-high	8.00	8.00	table	fptr-table-slot
00102a38	00040fc4	_ZN12TASK_MANAGER8is_existEPFvP4TASKE	sib-high	4.50	0.00	callsite	pos@002938f0;pos@00293b70;pos@00292630;pos@00293520;pos@00293668
00102ff0	0003f124	_ZN5TITLE15SetFindClearKH2Eb	sib-med	0.64	0.00	callsite	sig1@00284088
00105f98	0003f77c	_ZN8WORLDMAP20getGumiStageEntranceEv	sib-med	1.00	0.00	callsite	pos@00105fc8
001065a8	00116390	_ZN2kn6vrandfEff	sib-high	2.26	0.00	callsite	pos@0018b478;pos@0018b478;pos@0018b478;pos@0018b478;pos@0010f880
0011d468	000eed44	_ZN2kn8ModelObj10getGMatrixEiRNS_7FMatrixE	sib-med	1.00	0.00	callsite	pos@0011d6c0
00132068	00110a84	_ZN2kn14getTextureDataEPNS_7TextureEi	sib-high	8.00	0.00	callsite	pos@0011e260;pos@0011e260;pos@0011e260;pos@0011e260;pos@0011e260
00132180	001340c0	_ZN2kn5Chunk15searchChunkDataEPvj	sib-high	4.00	0.00	callsite	pos@0011e450;pos@0011e450;pos@0011e450;pos@0011e450;pos@0011e450
001339d0	00113880	_ZN2kn16Vif1PacketBuffer12addRefPacketENS_9VIF1LABELEPPN3Axa11DMA_SET_TAGEPvjjj	sib-med	1.60	0.00	callsite	pos@00120a20;pos@00120a20;pos@00120a20;pos@00120a20;pos@00120a20
00133cf0	00114604	_ZN2kn4Vif115setPacketBufferEPvj	sib-med	0.50	0.00	callsite	pos@001091c8
00146c08	0009c520	_ZN2dk16OcclusionFrustum7cullingERNS_6AabboxE	sib-med	1.00	0.00	callsite	pos@00146088
0014b698	000866b8	_ZN2dk4Rect10drawPacketEv	sib-high	5.09	0.00	callsite	pos@0022a200;pos@0022a200;pos@0022a200;pos@0022a200;pos@0013e1c8
0014e620	00096ae4	_ZN2dk4Dbuf14clearDrawFrameEv	sib-med	1.00	0.00	callsite	pos@0014df48
0014f1f8	0005b004	_ZN2dk9LAYER_MAP2onEv	sib-med	1.00	0.00	callsite	pos@00197cc0
0014f6c8	000a7014	_ZN2dk11INFORMATION10closeTimerEv	sib-med	0.50	0.00	callsite	pos@001d1910
0014f830	000a73d4	_ZN2dk11INFORMATION12closeHiTimerEPNS_5TIMERE	sib-med	0.50	0.00	callsite	pos@001d7c90
0015c228	00069688	_ZN2dk8ObjEntry5setupEPv	sib-med	1.00	0.00	callsite	pos@00149c40
0015de98	00057f4c	_ZN2dk4Glow6createEv	sib-med	1.00	0.00	callsite	pos@0015df68
00161530	000aa00c	_ZN2dk6MotionD1Ev	sib-med	1.00	0.00	callsite	pos@00160268
00161668	000aa1fc	_ZN2dk6Motion7addTimeEf	sib-med	1.00	0.00	callsite	pos@00160430
00167658	00473c6c	_ZN2YS3PAD5clearEy	sib-med	1.75	0.00	callsite	pos@00287ed8;pos@001678f0;pos@00167d68;pos@00167e28
00167f38	00474210	_ZN2YS7SOFTPAD10ChangeModeEi	sib-high	5.28	0.00	callsite	sig1@002ca410;sig1@00102a70;sig1@002c3280;sig1@00103f68;sig1@001043e8
00168ad8	00410f54	_ZN2YS6BINARC12get_file_numERjjj	sib-high	5.68	0.00	callsite	sig1@00149448;sig1@00149448;sig1@00149448;sig1@00149448;sig1@00149448
00168b88	00411030	_ZNK2YS6BINARC15get_info_by_tagEjji	sib-high	404.10	0.00	callsite	sig1@00181c80;sig1@00198860;conf@00198860;conf@00198860;sig1@00198860
00170240	00414bcc	_ZN2YS10CACHE_BUFF12SearchByNameEPKci	sib-high	3.44	0.00	callsite	pos@001708f8;sig1@00170978;pos@00170400;pos@00170400;pos@00170400
0017f3d8	0045a8a0	_ZN2YS6MOTION10push_queueEiffPFvPNS_3OBJEE	sib-med	1.00	0.00	callsite	pos@0017f5f8
00192f78	0044da50	_ZN2YS7MESSAGE5STYLEC1Ev	sib-med	1.35	0.00	callsite	pos@001a9860;pos@001a98e8;pos@001aa7f0
001956d0	00434eb0	_ZN2YS7HISTORY3setEi	sib-med	1.00	0.00	callsite	pos@00199890
001957e8	0049f728	_ZN2YS4SPECC1Ev	sib-med	0.61	0.00	callsite	sig1@00169398
00199970	004afb7c	_ZN2YS10UNIT_GROUPnwEj	sib-med	0.66	0.00	callsite	sig1@001829b0
0019f480	0041aac0	_ZN2YS14COLLISION_FLAG5clearEv	sib-med	1.00	0.00	callsite	pos@00189258
0019f490	0041aad8	_ZN2YS14COLLISION_FLAG6enableEi	sib-high	1.71	0.00	callsite	pos@00198ae0;sig1@002bf538
001a7a48	0040de10	_ZN2YS2BG10RANDOM_POSC1ERKN2kn7FVectorEffi	sib-med	1.25	0.00	callsite	pos@001a7888;pos@001a78c0
001a80c8	00439a84	_ZN2YS10ITEM_TABLE3GetEi	sib-high	20.37	0.00	callsite	pos@001a3868;pos@001b76c8;pos@001b90c8;pos@00259618;pos@001a3188
001ad990	0042aa40	_ZN2YS4FADE5startEfff	sib-high	9.29	0.00	callsite	pos@0011b0a8;pos@0011b0a8;pos@0011b0a8;pos@0011b0a8;pos@0013ff08
001ad9c8	0042aa78	_ZN2YS4FADE4execEv	sib-high	2.25	0.00	callsite	pos@001b04d8;pos@0019eda0;pos@001bfda0
001b0320	004b9890	_ZN2YS5VOICE7is_playEv	sib-med	1.00	0.00	callsite	pos@00198510
001b86e0	0043da9c	_ZN2YS8LIBRETTO4FreeEPS0_	sib-med	1.00	0.00	callsite	pos@002bdac8
001b8800	004be73c	_ZN2YS9WORLDFLAG3GetEi	sib-high	4.25	0.00	callsite	pos@002bfb90;pos@002bfb90;pos@002bfb90;pos@002bfb90;pos@002bfcf8
001b8988	004be638	_ZNK2YS9WORLDFLAG4execEb	sib-med	0.66	0.00	callsite	sig1@002bfb90
001bfd60	00474bb8	_ZN2YS11PARTS_COLOR8get_workEj	sib-high	4.50	0.00	callsite	pos@00194610;pos@00194318;pos@00194318;pos@00194318;pos@00194318
001c0268	00409f8c	_ZN2YS12ATTACK_CHECK9is_strikeEPNS_6ATTACKE	sib-med	1.00	0.00	callsite	pos@0018d940
001c0458	0040a340	_ZN2YS12ATTACK_CHECK5unhitEPNS_6ATTACKE	sib-high	4.00	0.00	callsite	pos@0018e040;pos@0018e040;pos@0018e040;pos@0018e040
001ce248	00482834	_ZN2YS4PREF3GetEjPKc	sib-high	21.25	0.00	callsite	sig1@001ce1a0;sig1@001ce1a0;sig1@001ce1a0;sig1@001ce1a0;sig1@001ce1a0
001ce2d8	00482b14	_ZN2YS4PREF6PlayerEi	sib-med	1.00	0.00	callsite	pos@00195858
001d5370	004e9944	_ZN2YS10IMAGE_DATA10set_by_barEPKNS_6BINARCEi	sib-med	1.37	0.00	callsite	pos@001d8190;pos@001bb2c8;pos@001bba30
001d5af8	0050dfec	_ZN2YS5SCORE6updateEij	sib-med	1.00	0.00	callsite	pos@001a0678
001d8898	00455ab4	_ZN2YS7MISSION14IsCountWarningEi	sib-med	1.10	0.00	callsite	sig1@001cf7d8
001db5a8	004e7c00	_ZN2YS10ENEMYPARAM3GetEi	sib-med	0.67	0.00	callsite	pos@001a1018;pos@001c6900;pos@001c6900
001db7d0	0049dca8	_ZN2YS9SIZEBLOCKD1Ev	sib-med	1.00	0.00	callsite	pos@001c13e8
001e8fe0	005d3238	_Z18pppGetRotMatrixXYZPA4_fP10pppIVECTOR	sib-med	1.05	0.00	callsite	pos@001fc5b8;pos@002068d0
002223e0	005db744	_Z11KeThCp_InitP7_KeThCp	sib-med	1.00	0.00	callsite	pos@001f4e18
002248f8	002da258	_ZN2sa7MUSICAL8addScoreEi	sib-high	3.00	0.00	callsite	pos@0022afe8;pos@0022b028;pos@0022b028
00227a60	002ba8e4	_ZN2sa5EVENT11get_read_wkEPcNS_9READ_TYPEE	sib-med	0.77	0.00	callsite	sig1@00225898;conf@00225898;sig1@00232510
0023ed00	00375ec0	_ZN2Tz7MenuPad4PushEi	sib-med	0.65	0.00	callsite	sig1@00287910
0023ed90	00375f84	_ZN2Tz7MenuPad10PushEnableEv	sib-med	0.61	0.00	callsite	sig1@001037f8
0023f0c8	00365cd8	_ZN2Tz6Layout10setNextNumEi	sib-high	1.94	0.00	callsite	pos@002c4e98;pos@002caa50;sig1@002584c8;pos@002c0ca0;pos@002c7108
002423a0	003b7080	_ZN2Tz3Crc9MakeTableEv	sib-med	0.50	0.00	callsite	pos@002422b8
002425d0	0037606c	_ZN2Tz9MenuSound11SetCommonSEEi	sib-med	1.45	0.00	callsite	sig1@00252fe8;sig1@00242f00
00273180	003972b4	_ZN2Tz8CmCustom13GetFriendInfoEii	sib-high	8.45	0.00	callsite	pos@002713c8;pos@00272c90;pos@00272c90;sig1@00272c90;conf@00272c90
00276150	002f66e8	_ZN2Tz6Jiminy18GetMainFrameLRModeEiRiS1_	sib-med	1.03	0.00	callsite	pos@00294b80;pos@00296168;pos@00299e70;pos@0029a780
002817d8	0031fea8	_ZN2Tz11ItemPicDraw7SetDataEiiiPNS_6LayoutEiPKsS4_	sib-med	1.28	0.00	callsite	pos@00260808;sig1@0025ffd0;sig1@002b12a0
002878c8	0065f318	_ZN2Tz8Mg2DTron5LeaveEi	sib-med	1.00	0.00	callsite	pos@00287760
00288be8	0037f688	_ZN2Tz6Select5AllocEj	sib-high	30.22	0.00	callsite	sig2@002c44b8;conf@002c44b8;sig1@00280720;sig1@00243298;sig1@00243298
00288c20	0037fa98	_ZN2Tz6Select4FreeEPv	sib-high	3.83	0.00	callsite	pos@002ca410;pos@002c3280;pos@002c3280;pos@002c3280;pos@002c3280
0028e5e0	00379008	_ZN2Tz8MultiSeq15setMultiNextNumEPsi	sib-med	0.62	0.00	callsite	sig1@0028bae0
00290960	003779f0	_ZN2Tz8MenuFile9buildDataEPvi	sib-med	1.00	0.00	callsite	pos@00290a10
00292a90	00388758	_ZN2Tz8UnitLoad6isLoadEi	sib-med	1.32	0.00	callsite	pos@00281e20;pos@0029dda8;pos@0029de18;pos@00281d48
002abc60	0034a620	_ZN2Tz9JmNewInfo14isSynthesisNewEi	sib-high	1.95	0.00	callsite	sig1@002ac9b0;sig1@002acc98
002adf60	00335184	_ZN2Tz10JmComplete15isSynthesisCompEi	sib-high	1.60	0.00	callsite	sig1@002ae908
002b3df8	003c6c90	_ZN2Tz9SmHelpMsgC1Ev	sib-high	4.54	0.00	callsite	sig1@00243298;sig1@0024b210;sig1@0024f398;sig1@00244f10;sig1@00247cf0
002b9ab8	001352a0	_Z17SslSetReverbDepthi	sib-med	0.62	0.00	callsite	sig1@002b9ad0
002ba2b0	0013bae0	_ZN5SOUND10bgmFadeOutEii	sib-high	5.75	0.00	callsite	sig2@00137058;sig1@00137058;sig1@00137058;sig1@00137058;sig2@00137180
002e3318	0064f9f0	_ZN2Ti9MGUnitSeq9find_unitEPjiiii	sib-med	0.66	0.00	callsite	sig1@002dcc90
002e34c8	0065d90c	_ZN2Ti10MapPathOpt16get_course_countEv	sib-med	1.14	0.00	callsite	pos@002d7128;pos@002e1288;pos@002e1288;pos@002e1288;pos@002e1288
002e7458	0065c120	_ZN2Ti13IntervalVoice4stopEv	sib-med	1.00	0.00	callsite	pos@002d4868
002e9850	0062b0e0	_ZN2Ts5FLARE5AllocEv	sib-med	1.00	0.00	callsite	pos@002e8be8
002ee840	000d4d04	_ZN4menu4Mode3getEv	sib-med	1.00	0.00	callsite	pos@002ee220
002ef618	0060c674	_ZN4menu11ImageWidget10clearCacheEv	sib-med	1.00	0.00	callsite	pos@002ef340
002fde18	0068b71c	memset	sib-high	45.96	0.00	callsite	sig1@00227870;sig1@00253768;sig1@002aeb28;sig1@00253638;sig1@0026d208
002fee78	006896a8	sprintf	sib-high	15.18	0.00	callsite	pos@00105140;pos@00149370;pos@00150260;pos@0019f790;pos@002430d8
002ff538	00688e58	strncmp	sib-high	43.77	0.00	callsite	sig1@0022bc08;conf@0022bc08;conf@0022bc08;sig1@0022bc08;sig1@00224c20
00301550	00689760	vsprintf	sib-med	1.00	0.00	callsite	pos@00192cc0
003160e0	00693c28	_ZNK10__cxxabiv117__class_type_info11__do_upcastEPKS0_PKvRNS0_15__upcast_resultE	sib-med	1.00	0.00	callsite	pos@00316110
001320b0	00133fc8	_ZN2kn5Chunk11isChunkDataEPv	sib-med	1.33	0.00	callsite	pos@00132180;pos@00132180;pos@00132180;pos@00132180
00132130	00134048	_ZNK2kn5Chunk7getNextEv	sib-high	4.00	0.00	callsite	pos@0011e450;pos@0011e450;pos@0011e450;pos@0011e450
00133d18	00114634	_ZN2kn4Vif119releasePacketBufferEv	sib-med	1.00	0.00	callsite	pos@00109280
001342c8	00115cb4	_ZN2kn4Vif117addGsDirectPacketENS_9VIF1LABELEPvjj	sib-high	2.00	0.00	callsite	pos@00108998;pos@00108a10
001a8c78	00449f4c	_ZNK2YS6MEMBER6is_fixEi	sib-high	4.30	0.00	callsite	pos@0026d208;pos@0026d208;pos@0026d208;pos@0026d208;pos@0026bc10
001ca988	0048cd5c	_ZN2YS11PRIZEEFFECTC2EPNS_8PRIZEOBJEPKNS0_5PARAMERKN2kn7FVectorEPFbPNS_10MASSEFFECTEE	sib-med	1.00	0.00	callsite	pos@001cbc50
00232348	00319104	_ZN2Tz6Config9isVoiceJPEv	sib-high	4.00	0.00	callsite	pos@002325f0;pos@002325f0;pos@002325f0;pos@002325f0
00236148	000cbb60	_ZN2YI5MCARD7ControlEv	sib-med	1.17	0.00	callsite	pos@002598b8;pos@0025d7f8;pos@0025d7f8;pos@0025d7f8;pos@0025d7f8
00134450	00115db8	_ZN2kn4Vif121closeGsRegisterPacketEb	sib-high	6.96	0.00	callsite	sig1@00108ae0;sig1@00108ae0;sig1@00108c00;sig1@00108c00;sig1@00109008
00102210	00039ba8	_ZN9GAME_MODE10getCurrentEv	sib-med	3.01	0.00	cu-dp	common/gamemode.cpp|2.4
00103560	0003bb70	_ZN4MENU14getReserveTypeEv	sib-med	3.17	0.00	cu-dp	common/menu.cpp|2.7
00103c60	0003c48c	_ZN4MENU11GetGameModeEv	sib-med	3.44	0.00	cu-dp	common/menu.cpp|2.0
00107288	000d9884	_ZN2kn6Camera6lookAtERKNS_7FVectorES3_S3_	sib-med	2.76	0.00	cu-equal	naka/libkn/camera.cpp|1
0010a918	0011a9d0	_ZN2kn7VU1Draw9shadowEnvENS_11SHADOW_SIZEE	sib-high	11.14	0.00	cu-dp	unknown/tu_00109ea8.cpp|4.1
0011bfa0	000dc930	_ZN2kn12RotTransPersERNS_7FVectorERKNS_7FMatrixERKS0_i	sib-med	5.59	0.00	cu-dp	naka/libkn/fmatrix.cpp|2.4
0011c828	000ee2b4	_ZN2kn8ModelObj10setStealthEi	sib-med	2.39	0.00	cu-equal	naka/libkn/model.cpp|2
0011c890	000ee39c	_ZN2kn8ModelObj12resetStealthEi	sib-med	2.48	0.00	cu-equal	naka/libkn/model.cpp|2
0011d500	000eee28	_ZN2kn8ModelObj10setGMatrixEiRNS_7FMatrixE	sib-med	5.05	0.00	cu-dp	naka/libkn/model.cpp|3.2
0011f120	000f1070	_ZN2kn5Model15pushDisplayFlagEPc	sib-med	4.82	0.00	cu-equal	naka/libkn/model.cpp|2
0011f1a8	000f1128	_ZN2kn5Model14popDisplayFlagEPc	sib-med	5.04	0.00	cu-equal	naka/libkn/model.cpp|2
001205c0	000f20ec	_ZNK2kn7ModelBG19getShadowPolygonNumEPs	sib-med	3.11	0.00	cu-dp	naka/libkn/model_bg.cpp|2.7
00120fd0	000f45b4	_ZN2kn8ModelSKL15destroyModelObjEP9ALLOCATORPNS_8ModelObjE	sib-high	6.00	0.00	cu-dp	yasui/libys/action.cpp|6.8
00139d78	00065cec	_ZN2dk5Obj2D20resetLocalPauseGroupEi	sib-med	4.14	0.00	cu-dp	harata/libdk/obj2d.cpp|2.3
00140db0	00068d34	_ZN2dk9ObjCamera7destroyEv	sib-med	3.00	0.00	cu-equal	harata/libdk/objcamera.cpp|1
00143ec8	0006e4e0	_ZN2dk6Octree8getPlaneEt	sib-med	2.83	0.00	cu-equal	harata/libdk/octree.cpp|1
0014a1d0	0005f7e0	_ZN2dk8LoopDemo3setEv	sib-med	2.50	0.00	cu-equal	harata/libdk/loopdemo.cpp|1
00168370	0042d480	_ZN2YS4FILE5WriteEPKcPvj	sib-med	2.92	0.00	cu-equal	yasui/libys/file.cpp|1
00168aa0	00410f10	_ZNK2YS6BINARC12get_file_numEj	sib-med	5.71	0.00	cu-dp	yasui/libys/binarc.cpp|2.9
00168b38	00410fc0	_ZNK2YS6BINARC8get_infoEji	sib-med	7.01	0.00	cu-equal	yasui/libys/binarc.cpp|1
0016a030	0045dc70	_ZN2YS3OBJ14get_entry_nameEv	sib-med	5.69	0.00	cu-dp	yasui/libys/obj.cpp|5.6
0016d640	004b73bc	_ZN2YS16trap_vector_rotxEP8BD_VALUE	sib-med	4.54	0.00	cu-dp	yasui/libys/vmtrap.cpp|4.1
0016df28	004b8058	_ZN2YS20func_screen_whiteoutEP8BD_VALUE	sib-high	11.40	0.00	cu-dp	yasui/libys/vmtrap.cpp|7.1
0016df70	004b80d0	_ZN2YS19func_screen_whiteinEP8BD_VALUE	sib-high	11.34	0.00	cu-dp	yasui/libys/vmtrap.cpp|7.0
0016e000	004b81c0	_ZN2YS19trap_screen_fadeoutEP8BD_VALUE	sib-high	11.37	0.00	cu-dp	yasui/libys/vmtrap.cpp|7.0
0016e048	004b8238	_ZN2YS18trap_screen_fadeinEP8BD_VALUE	sib-high	11.41	0.00	cu-dp	yasui/libys/vmtrap.cpp|7.0
0016e61c	004b8d84	_ZN2YS17trap_saveflag_setEP8BD_VALUE	sib-med	5.54	0.00	cu-equal	yasui/libys/vmtrap.cpp|1
0016f430	0046a7fc	_ZN2YS8OBJENTRY6IsMenuEj	sib-med	1.50	0.00	cu-equal	yasui/libys/objentry.cpp|1
001709d0	00417248	_ZN2YS10CACHE_BUFF7DestroyEi	sib-med	3.07	0.00	cu-equal	yasui/libys/cachebuff.cpp|1
00170db0	00417c40	_ZN2YS10CACHE_BUFF11GetPriorityEPKc	sib-high	6.00	0.00	cu-dp	yasui/libys/cachebuff.cpp|5.8
00172f50	00502ec8	_ZN2YS15trap_area_worldEP8BD_VALUE	sib-med	3.69	0.00	cu-equal	yasui/libys/trapfield.cpp|6
00172f60	00502ed8	_ZN2YS14trap_area_areaEP8BD_VALUE	sib-med	3.77	0.00	cu-equal	yasui/libys/trapfield.cpp|6
00172f70	00502eec	_ZN2YS17trap_area_map_setEP8BD_VALUE	sib-med	4.12	0.00	cu-equal	yasui/libys/trapfield.cpp|6
00172f80	00502f00	_ZN2YS20trap_area_battle_setEP8BD_VALUE	sib-med	3.81	0.00	cu-equal	yasui/libys/trapfield.cpp|6
00172f90	00502f14	_ZN2YS19trap_area_event_setEP8BD_VALUE	sib-med	3.99	0.00	cu-equal	yasui/libys/trapfield.cpp|6
00172fa0	00502f28	_ZN2YS18trap_area_entranceEP8BD_VALUE	sib-med	3.85	0.00	cu-equal	yasui/libys/trapfield.cpp|6
001739b8	0050498c	_ZN2YS26trap_obj_get_wish_movementEP8BD_VALUE	sib-med	4.43	0.00	cu-dp	yasui/libys/trapfield.cpp|3.4
001746b0	005090e0	_ZN2YS18trap_target_attackEP8BD_VALUE	sib-med	5.02	0.00	cu-dp	yasui/libys/trapfield.cpp|2.6
00174814	005096bc	_ZN2YS14trap_pax_startEP8BD_VALUE	sib-med	8.76	0.00	cu-equal	yasui/libys/trapfield.cpp|2
00174858	00509714	_ZN2YS19trap_pax_start_bindEP8BD_VALUE	sib-med	8.22	0.00	cu-equal	yasui/libys/trapfield.cpp|2
00174b28	00509bf4	_ZN2YS18trap_light_fadeoutEP8BD_VALUE	sib-med	3.59	0.00	cu-dp	yasui/libys/trapfield.cpp|102.6
00174b88	00509c64	_ZN2YS17trap_light_fadeinEP8BD_VALUE	sib-med	3.59	0.00	cu-dp	yasui/libys/trapfield.cpp|102.6
0017d8c0	004c1b0c	_ZN2YS4MATH10MakeMatrixERKN2kn7FVectorES4_	sib-med	4.74	0.00	cu-dp	yasui/libys/ys_math.cpp|6.4
00180618	0045cd10	_ZN2YS6MOTION10is_in_loopEv	sib-med	3.69	0.00	cu-dp	yasui/libys/motion.cpp|102.7
0018f508	004f40d4	_ZN2YS19trap_damage_blow_upEP8BD_VALUE	sib-med	5.52	0.00	cu-equal	yasui/libys/trapbattle.cpp|3
0018f528	004f4100	_ZN2YS22trap_damage_blow_speedEP8BD_VALUE	sib-med	5.66	0.00	cu-equal	yasui/libys/trapbattle.cpp|3
0018f548	004f412c	_ZN2YS23trap_damage_attack_typeEP8BD_VALUE	sib-med	5.24	0.00	cu-equal	yasui/libys/trapbattle.cpp|3
0018fe34	004f5484	_ZN2YS16trap_limit_lightEP8BD_VALUE	sib-med	5.22	0.00	cu-equal	yasui/libys/trapbattle.cpp|1
001903d0	004a8ba4	_ZNK2YS6TARGET21make_camera_collisionEPNS_9COLLISIONE	sib-high	17.47	0.00	cu-dp	yasui/libys/target.cpp|23.0
001a02c4	004f6478	_ZN2YS28trap_mission_set_count_paramEP8BD_VALUE	sib-med	5.76	0.00	cu-dp	yasui/libys/trapevent.cpp|3.1
001a8450	004ab694	_ZNK2YS8TREASURE5TABLE6is_getEv	sib-med	3.01	0.00	cu-dp	yasui/libys/treasure.cpp|5.7
001c01e0	00409e40	_ZN2YS12ATTACK_CHECKD1Ev	sib-med	3.34	0.00	cu-dp	yasui/libys/attackcheck.cpp|2.9
001d3878	004b3564	_ZN2YS6VACUUM4InitEv	sib-med	2.42	0.00	cu-equal	yasui/libys/vacuum.cpp|1
001d8578	004556a8	_ZN2YS7MISSION13SetCountParamEiiii	sib-high	7.22	0.00	cu-dp	yasui/libys/mission_2d.cpp|10.0
001fab08	005abd24	pppKeLnsClmCon	sib-high	7.42	0.00	cu-dp	unknown/tu_001fa950.cpp|1.0
001facf8	005abf88	pppKeLnsFls	sib-high	7.57	0.00	cu-dp	unknown/tu_001fa950.cpp|2.7
001fb5b8	005acecc	pppKeLnsArndTDraw	sib-high	7.35	0.00	cu-dp	unknown/tu_001fa950.cpp|2.4
001fb698	005ad034	pppKeLnsArndTCon	sib-high	7.26	0.00	cu-dp	unknown/tu_001fa950.cpp|2.6
001fb870	005ad2f0	pppKeLnsClmTCon	sib-high	7.44	0.00	cu-dp	unknown/tu_001fa950.cpp|7.0
002259f0	002c9468	_ZN2sa5EVENT11waitSoundOnEv	sib-med	2.50	0.00	cu-equal	sasa/event_frame.cpp|2
00225a00	002c9478	_ZN2sa5EVENT12waitSoundOffEv	sib-med	2.50	0.00	cu-equal	sasa/event_frame.cpp|2
0022c4b8	002ca570	_ZN2sa5EVENT17getLayoutFileNameEPc	sib-med	3.00	0.00	cu-dp	sasa/event_layout.cpp|9.3
00232498	002bf57c	_ZN2sa5EVENT16getAudioFileNameEPc	sib-high	6.00	0.00	cu-dp	sasa/event_audio.cpp|12.6
00236a50	000bb000	_ZN2YI12IMAGE_FREEZE5ResetEv	sib-med	0.50	0.00	cu-equal	ishi/image.cpp|1
0023c0f8	000c0918	_ZN2YI6LAYOUT5ResetEv	sib-med	0.08	0.00	cu-equal	ishi/layout.cpp|1
0023d250	000cb078	_ZN2YI14task_finalizerEP4TASK	sib-med	0.50	0.00	cu-equal	ishi/vibration.cpp|1
0023f140	003666f0	_ZN2Tz6Layout9isChgNextEv	sib-med	3.00	0.00	cu-equal	tozawa/layout.cpp|1
00242478	003799f0	_ZN2Tz5Munny3SetEj	sib-med	6.88	0.00	cu-equal	tozawa/munny.cpp|1
00253568	002eb638	_ZN2Tz8CampMenu15SetWorldMapTypeEi	sib-med	3.25	0.00	cu-equal	tozawa/camp_menu.cpp|1
00276088	002f6570	_ZN2Tz6Jiminy18GetMainFrameLRMessEiRiS1_	sib-med	4.79	0.00	cu-equal	tozawa/cmenu_jiminy.cpp|1
00281f48	00322b48	_ZN2Tz8ItemInfo11SetItemInfoEii	sib-med	3.96	0.00	cu-dp	tozawa/item_info.cpp|4.5
00283c50	00316fd8	_ZN2Tz10CmTutorial10UpdateSramEv	sib-high	8.30	0.00	cu-dp	worldmap/key.cpp|1.5
0028b258	00382f0c	_ZN2Tz6Select11PressAnyKeyEj	sib-med	3.54	0.00	cu-dp	tozawa/select.cpp|7.0
0028fd68	0037a56c	_ZN2Tz9MunnyDraw5LeaveEv	sib-med	1.62	0.00	cu-equal	tozawa/munnydraw.cpp|2
0028fdd0	0037a614	_ZN2Tz9MunnyDrawD1Ev	sib-med	2.51	0.00	cu-equal	tozawa/munnydraw.cpp|2
002936d8	0038ac78	_ZN2Tz9ChgWeapon8SetPauseEv	sib-med	3.50	0.00	cu-equal	tozawa/chg_weapon.cpp|1
002aa148	00346884	_ZN2Tz9JmNewInfo16isWorldCharaHistEi	sib-med	3.51	0.00	cu-dp	tozawa/jm_newinfo.cpp|102.5
002aaf40	00348c74	_ZN2Tz9JmNewInfo16isWorldQuestHistEi	sib-med	3.94	0.00	cu-dp	tozawa/jm_newinfo.cpp|102.9
002ab368	003496c0	_ZN2Tz9JmNewInfo19isWorldMiniGameHistEi	sib-med	4.14	0.00	cu-dp	tozawa/jm_newinfo.cpp|103.1
002ba630	0013c2d4	_ZN5SOUND14setSeEventBankEii	sib-med	3.13	0.00	cu-dp	ohori/sound.cpp|4.8
002c0448	00661304	_ZN8worldmap12LockOnCameraD0Ev	sib-med	3.50	0.00	cu-dp	worldmap/lockoncamera.cpp|3.4
002c8520	003e8314	_ZN2dk15WM_LANDING_INFO7destroyEv	sib-med	3.62	0.00	cu-equal	worldmap/wm_landing_info.cpp|1
002cb0c0	003eabb4	_ZN8worldmap13CloseUpCameraD0Ev	sib-med	3.50	0.00	cu-dp	worldmap/closeupcamera.cpp|3.4
002df6d8	0062f5bc	_ZN2Ti21ACTION_PO_JUMP_TIGGER7on_jumpEPN2YS3OBJEi	sib-med	14.47	0.00	cu-equal	unknown/tu_002df3f0.cpp|1
002dfa40	0062fcdc	_ZN2Ti18ACTION_PO_JUMP_ROO7on_jumpEPN2YS3OBJEi	sib-high	14.51	0.00	cu-dp	unknown/tu_002df3f0.cpp|19.2
002e7adc	00624d78	_ZN2Ts17trap_camera_shakeEP8BD_VALUE	sib-med	3.10	0.00	cu-dp	sugi/trapfield.cpp|3.1
002e8f08	00623924	_ZN2Ts27trap_friend_get_target_sizeEP8BD_VALUE	sib-med	4.84	0.00	cu-dp	sugi/trapbattle.cpp|7.1
002eaab0	0061b75c	_ZN2Ts11ACTION_DICE4jumpEPN2YS3OBJERKN2kn7FVectorE	sib-high	9.72	0.00	cu-dp	unknown/tu_002eaa68.cpp|7.0
002eaaf0	0061b7a4	_ZN2Ts11ACTION_DICE11jump_heightEPN2YS3OBJEf	sib-high	9.72	0.00	cu-dp	unknown/tu_002eaa68.cpp|7.0
002ebbd8	0061db84	_ZN2Ts17ACTION_SKATEBOARD3endEPN2YS3OBJE	sib-high	6.68	0.00	cu-dp	sugi/action_skateboard.cpp|5.4
002ec468	0061f2a8	_ZN2Ts21ACTION_SKATEBOARDJUMP13calc_movementEPN2YS3OBJE	sib-med	5.54	0.00	cu-equal	sugi/action_skateboard.cpp|1
002ec598	0061f4c4	_ZN2Ts21ACTION_SKATEBOARDEDGE4fallEPN2YS3OBJE	sib-med	3.50	0.00	cu-dp	sugi/action_skateboard.cpp|2.2
002ee808	000d4e2c	_ZN4menu4Mode8finalizeEP4TASK	sib-med	3.83	0.00	cu-dp	menu/mode.cpp|2.0
002f10ac	006142e4	_ZN2kn17trap_sheet_get_mpEP8BD_VALUE	sib-med	5.32	0.00	cu-dp	naka/libkn/trapfunctions.cpp|4.3
001039f8	0003bb80	_ZN4MENU9pauseExitEv	sib-high	4.33	0.00	callsite	pos@00288400;pos@00263e18;pos@00244068;pos@00248900;pos@0024a270
001b2028	00439504	_ZN2YS7ITEMPIC13FreeImageDataEPv	sib-med	1.33	0.00	callsite	pos@00137630;pos@00137930
0021fa10	005d8070	_Z13KeLnsClm_InitP9_KeLnsClm	sib-high	2.00	0.00	callsite	pos@001fab08;pos@001fb870
0028ce38	00371014	_ZN2Tz10MenuCursor9DeleteAllEv	sib-high	5.32	0.00	callsite	pos@00257728;pos@002597f0;pos@002c3da0;pos@002ca5b8;pos@002444b8
0010ab08	0011ace8	_ZN2kn7VU1Draw17shadowTextureSoftENS_11SHADOW_SIZEE	sib-med	6.08	0.00	cu-equal	unknown/tu_00109ea8.cpp|1
001208b8	000f4298	_ZNK2kn8ModelSKL6getHrcEv	sib-med	3.94	0.00	cu-dp	yasui/libys/action.cpp|8.6
0017211c	004fdce8	_ZN2YS16trap_obj_sysjumpEP8BD_VALUE	sib-med	3.79	0.00	cu-dp	yasui/libys/trapfield.cpp|3.2
0017d930	004c1b90	_ZN2YS4MATH9GetFigureEi	sib-med	1.50	0.00	cu-equal	yasui/libys/ys_math.cpp|1
001b1ff0	00439440	_ZN2YS7ITEMPIC12GetImageDataEi	sib-med	3.10	0.00	cu-equal	yasui/libys/itempic.cpp|1
001faa14	005abbd8	pppKeLnsClmDraw	sib-high	6.13	0.00	cu-dp	unknown/tu_001fa950.cpp|8.2
001fabe0	005abe10	pppKeLnsCrnDraw	sib-high	6.34	0.00	cu-dp	unknown/tu_001fa950.cpp|3.1
001facd0	005abf50	pppKeLnsCrnCon	sib-high	7.27	0.00	cu-dp	unknown/tu_001fa950.cpp|4.0
001fad90	005ac018	pppKeLnsFlsDraw	sib-high	6.04	0.00	cu-dp	unknown/tu_001fa950.cpp|2.9
001fae80	005ac160	pppKeLnsFlsCon	sib-high	7.22	0.00	cu-dp	unknown/tu_001fa950.cpp|4.0
001fb558	005ace28	pppKeLnsArndT	sib-med	5.23	0.00	cu-dp	unknown/tu_001fa950.cpp|2.8
00276398	002f692c	_ZN2Tz6Jiminy12isLoopParentEv	sib-med	3.68	0.00	cu-dp	tozawa/cmenu_jiminy.cpp|3.1
00283d00	00317204	_ZN2Tz10CmTutorial11GetDrawListEi	sib-high	6.08	0.00	cu-dp	worldmap/key.cpp|105.1
001fa7b0	005ab910	pppKeLnsArnd	sib-high	6.62	0.00	cu-dp	unknown/tu_001f85a0.cpp|1.8
0010d8f8	000e4620	_ZN2kn6Friend19searchEnemy_supportEPN2YS6TARGETES3_	sib-med	2.00	0.00	tab-equal	1
0016d2d0	004b6ed8	_ZN2YS14trap_frametimeEP8BD_VALUE	sib-med	3.71	0.00	tab-dp	2.2
0016d8d0	004b77a0	_ZN2YS15trap_vector_rotEP8BD_VALUE	sib-med	4.77	0.00	tab-dp	4.1
0016dd28	004b7da8	_ZN2YS15trap_random_getEP8BD_VALUE	sib-med	0.06	0.00	tab-equal	3
0016dda8	004b7df8	_ZN2YS16trap_random_getfEP8BD_VALUE	sib-med	4.61	0.00	tab-equal	3
0016de08	004b7e48	_ZN2YS17trap_random_rangeEP8BD_VALUE	sib-med	0.88	0.00	tab-equal	3
0018f8c0	004f4704	_ZN2YS28trap_attack_set_hit_callbackEP8BD_VALUE	sib-med	5.56	0.00	tab-dp	4.1
00190078	004f5884	_ZN2YS21trap_vacuum_set_speedEP8BD_VALUE	sib-med	5.68	0.00	tab-dp	6.0
001ce7e8	004d2ca4	_ZN2YS18ACTION_LKDASH_JUMP13calc_movementEPNS_3OBJE	sib-high	6.07	0.00	tab-dp	3.1
0020b300	005cc7e8	pppRyjMegaBirthFilterSta	sib-med	3.59	0.00	tab-dp	3.9
00247e80	003cb878	_ZN2Tz4MUMI4ExitEv	sib-med	8.96	0.00	tab-equal	1
0024b3a0	003bebd0	_ZN2Tz4HBTE4ExitEv	sib-med	8.87	0.00	tab-equal	1
0024cbd8	003d323c	_ZN2Tz4TTPT4ExitEv	sib-med	12.31	0.00	tab-equal	1
0024f528	003c931c	_ZN2Tz4LMMU4ExitEv	sib-med	9.37	0.00	tab-equal	1
00250da8	003bc650	_ZN2Tz4CANA4ExitEv	sib-med	9.23	0.00	tab-equal	1
003155f8	00693b10	_ZNSt9type_infoD1Ev	sib-med	4.04	0.00	tab-dp	2.0
00315608	00693ae0	_ZNSt9type_infoD0Ev	sib-high	7.54	0.00	tab-dp	1.5
00322530	006b7314	_ZN2sa13MUSICAL_INPUTD1Ev	sib-med	1.77	0.00	tab-equal	2
00322608	006b7514	_ZN2sa13MUSICAL_INPUTD0Ev	sib-med	1.56	0.00	tab-equal	2
0018f8e8	004f4728	_ZN2YS22trap_attack_is_reflectEP8BD_VALUE	sib-med	5.09	0.00	cu-equal	yasui/libys/trapbattle.cpp|3
0018f900	004f474c	_ZN2YS23trap_attack_is_hit_wallEP8BD_VALUE	sib-med	5.09	0.00	cu-equal	yasui/libys/trapbattle.cpp|3
0018f918	004f4770	_ZN2YS24trap_attack_is_hit_floorEP8BD_VALUE	sib-med	5.09	0.00	cu-equal	yasui/libys/trapbattle.cpp|3
00190038	004f5834	_ZN2YS27trap_vacuum_set_ignore_typeEP8BD_VALUE	sib-med	5.18	0.00	cu-equal	yasui/libys/trapbattle.cpp|2
00190058	004f5854	_ZN2YS19trap_vacuum_set_posEP8BD_VALUE	sib-med	5.09	0.00	cu-equal	yasui/libys/trapbattle.cpp|2
00315738	0069390c	_ZNKSt9type_info14__is_pointer_pEv	sib-med	1.50	0.00	tab-equal	4
00315740	00693914	_ZNKSt9type_info15__is_function_pEv	sib-med	1.50	0.00	tab-equal	4
00315748	00693bd8	_ZNKSt9type_info10__do_catchEPKS_PPvj	sib-med	4.06	0.00	tab-equal	4
00315760	0069391c	_ZNKSt9type_info11__do_upcastEPKN10__cxxabiv117__class_type_infoEPPv	sib-med	1.50	0.00	tab-equal	4
00102d10	0003f1e4	_ZN5TITLE5StartEP4TASK	rerun2-med	6.30	8.24	0	cal3/4,neg1,wid0.50
001051b8	00041308	_ZNK4AREA4to_sEv	rerun2-high	8.35	1.65	0	cal2/3,neg1,imm1.00,disp1.00,wid0.83
00133a18	00113a80	_ZN2kn16Vif1PacketBuffer20openGsRegisterPacketEv	rerun2-med	6.00	1.69	0	imm0.46,disp1.00,wid0.68
00134408	00115d60	_ZN2kn4Vif120openGsRegisterPacketEv	rerun2-med	5.85	4.87	1	cal1/1
00134428	00115d88	_ZN2kn4Vif119setGsRegisterPacketEyy	rerun2-sandwich	3.00	0.00	1	sandwich,
00146a58	0009c638	_ZN2dk16OcclusionFrustum7cullingEPN2kn7FVectorE	rerun2-med	5.54	1.53	0	fp-,imm0.46,disp1.00,flt1.00,wid0.50
00147e80	000aea3c	_ZN2dk17set_screen_offsetEPN2kn9DrawQueueEb	rerun2-med	6.60	2.02	0	cal1/1,imm1.00,disp1.00,wid0.00
00147ed0	000aeaac	_ZN2dk25set_default_screen_offsetEPN2kn9DrawQueueEb	rerun2-med	6.66	3.00	1	cal1/1,imm1.00,wid0.00
0016a108	0045d9e0	_ZNK2YS9MOTIONSET10get_motionEi	rerun2-med	6.28	3.72	0	cal1/1,disp1.00,wid0.50
00172ee4	00502e24	_ZN2YS19trap_act_table_initEP8BD_VALUE	rerun2-med	5.54	4.49	0	disp1.00,wid1.00
001781e8	006c5d30	_ZN2YS3OBJ6VTABLEINS_6PLAYEREE9leave_reqEPS0_	rerun2-med	5.62	7.62	0	cal3/3,neg2,disp1.00,loc-,wid0.29
001a6d68	004a7844	_ZN2YS5SYSRCD1Ev	rerun2-med	7.36	5.00	0	cal1/1,disp1.00,wid1.00
001af6f0	00433780	_ZN2YS8GAMEOVER24SelectorGameOverCallbackEiP4TASK	rerun2-med	6.61	5.81	0	cal1/1,imm1.00,wid0.00
001bbf80	00455bd4	_ZN2YS7MISSION17SetCountWarningSeEii	rerun2-high	11.00	16.17	0	cal3/3,wid0.50
001c6fa8	0048ccb8	_ZN2YS11PRIZEEFFECTC1EPNS_8PRIZEOBJEPKNS0_5PARAMERKN2kn7FVectorEPFbPNS_10MASSEFFECTEE	rerun2-med	5.81	5.12	0	imm0.63,disp0.85,wid0.56
001fa848	005ab9a0	pppKeLnsArndDraw	rerun2-med	5.96	4.90	0	fp-,imm0.35,disp0.86,wid0.86
001fa928	005abad0	pppKeLnsArndCon	rerun2-med	7.26	3.62	0	imm1.00,disp1.00,wid1.00
001fb8b8	005ad450	pppKeLnsCrnTDraw	rerun2-high	8.06	5.67	1	cal1/1,imm0.26,disp1.00,wid0.18
001fbb98	005ad6ec	pppKeLnsFlsTDraw	rerun2-med	7.21	2.17	1	fp-,imm0.42,disp0.91,wid0.82
001fc558	005aaddc	pppKeDrct	rerun2-med	5.44	1.74	0	imm1.00,disp1.00,wid1.00
00200830	005c57b0	pppRyjDrawDrawMatrixWorldNoRot	rerun2-med	7.66	3.80	1	imm0.68,disp0.79,wid1.00
00200950	005c5914	pppRyjDrawMatrixWorldWoodCon	rerun2-med	5.04	1.64	2	imm0.09,disp1.00,wid0.33
00200c50	005c8210	pppRyjMatrixWorldXYZ	rerun2-high	10.24	3.78	1	cal2/2,brn-,imm1.00,disp0.56,wid0.88
00202974	005c6da0	pppRyjDrawShipolyCon	rerun2-med	6.03	1.84	1	imm1.00,disp0.93,wid1.00
002039bc	005c7fa4	pppRyjDrawShipolyBoneCon	rerun2-med	6.97	1.57	0	imm1.00,disp0.73,wid1.00
0021fa28	005d80a8	_Z14KeLnsArnd_DrawP17_KeWkLnsArnd_Drawi	rerun2-med	6.91	4.00	2	cal0/1,fp-,imm0.14,disp1.00,flt1.00,wid0.79
0021fbd8	005d8320	_Z13KeLnsCrn_DrawP16_KeWkLnsCrn_Drawi	rerun2-med	7.40	3.10	0	cal0/1,fp-,imm0.54,disp1.00,flt1.00,wid0.85
0021fe40	005d8670	_Z13KeLnsFls_DrawP16_KeWkLnsFls_Drawi	rerun2-med	5.37	3.07	1	cal0/1,brn-,fp-,imm0.10,disp1.00,flt1.00,wid0.84
002424c0	00379b74	_ZN2Tz5Munny3SubEj	rerun2-med	7.33	5.33	0	cal1/1,disp1.00,wid0.20
0024976c	003ce80c	_ZN2Tz4TRTE4ExitEv	rerun2-high	15.31	19.21	0	cal5/5,icall-,imm0.26,disp0.08,wid0.71
002577b0	0009e06c	_ZN2dk11GAUGE_ENEMY5startEii	rerun2-high	24.00	1.80	0	cal11/11,neg1,call-,brn-,loc-,wid0.38
0025d728	00308938	_ZN2Tz6CmSave4ExitEv	rerun2-med	5.00	6.50	0	cal1/1
00283b78	0031820c	_ZN2Tz10CmTutorial8isNewGetEv	rerun2-med	5.68	6.90	0	cal1/2,imm0.55,disp1.00,wid0.75
002d2330	00644d78	_ZN2Ti9MGOarashi16_check_collisionEPN2YS3OBJERN2kn7FVectorES6_	rerun2-med	5.93	7.78	0	cal1/1,brn-,imm1.00,disp1.00,wid0.28
002d6f70	002a0c4c	_ZN5Title7CHAPTER4InitEv	rerun2-high	8.30	2.02	1	cal9/16,call-,disp0.11,loc-,wid0.26
002d8c30	00639098	_ZN2Ti12MGHachimitsu13_prepare_zoneEPN2YS4ZONEE	rerun2-med	5.39	9.07	0	cal1/2,brn-,imm0.74,disp1.00,wid0.40
002d9f10	0063c5f0	_ZN2Ti18MGHachimitsuPlayer18_OVR_make_movementEv	rerun2-med	5.93	14.61	0	cal2/3,brn-,fp-,imm0.55,disp0.47,wid0.60
002e0670	00630f00	_ZN2Ti21ACTION_PO_JUMP_PLAYER13is_release_okEPN2YS3OBJEf	rerun2-med	5.06	5.81	0	disp1.00,wid1.00
002e0fa0	00633d04	_ZN2Ti11MG_ALEscape17player_control_okEv	rerun2-med	5.81	7.09	1	cal1/1,imm1.00,disp0.74,wid0.00
002e34d8	0065d91c	_ZN2Ti10MapPathOpt15get_course_infoEi	rerun2-med	5.04	2.55	0	imm0.67,disp1.00,wid0.50
002e60c0	0011a388	_ZN2kn12clearZBufferEv	rerun2-med	5.95	5.19	0	cal2/2,call-,imm0.18,disp0.47,loc-,wid0.65
002e817c	00626204	_ZN2Ts38trap_status_peterpan_prize_drain_startEP8BD_VALUE	rerun2-med	5.16	1.75	0	imm1.00,wid1.00
002e8198	00626218	_ZN2Ts36trap_status_peterpan_prize_drain_endEP8BD_VALUE	rerun2-sandwich	3.50	0.00	0	sandwich,wid1.00
002eab40	0061b72c	_ZN2Ts11ACTION_DICE3endEPN2YS3OBJE	rerun2-med	5.45	1.69	0	disp1.00,wid1.00
00321830	006c99a0	_ZN2YS3OBJ6VTABLEINS_9SHOPPOINTEE7_deleteEPS0_	rerun2-high	14.91	2.05	0	cal3/3,imm0.84,disp1.00,wid0.50
00102a08	00040f34	_ZN12TASK_MANAGER5countEv	rerun2-med	0.00	0.00	rerun2	callee:0x101ea8;loc:0x0
00103428	0003bb04	_ZN4MENU11isPauseMenuEi	rerun2-med	0.00	0.00	rerun2	callee:0x253180;loc:0x0
00103ea0	0003b924	_ZN4MENU20SetPauseExitCallBackEPFvvE	rerun2-med	0.00	0.00	rerun2	callee:0x288478;loc:0x0
001041a0	00039ed8	_Z20getGumiBattleStageNov	rerun2-med	0.00	0.00	rerun2	callee:0x105f98;cu:0x0;loc:0x0
001064a8	001161f0	_ZN2kn5vrandEj	rerun2-high	0.00	0.00	rerun2	callee:0x10f648;callee:0x10f660;callee:0x18c650;callee:0x23de00;callee:0x2b3440;callee:0x2e7568;loc:0x0
00106558	00116328	_ZN2kn6vrandfEf	rerun2-high	0.00	0.00	rerun2	callee:0x18c650;callee:0x2deba0;callee:0x2e7568;loc:0x0
001337a0	00113500	_ZN2kn16Vif1PacketBuffer17addGsDirectPacketENS_9VIF1LABELEPPN3Axa11DMA_SET_TAGEPvjj	rerun2-med	0.00	0.00	rerun2	callee:0x1097e8;cu:0x0;loc:0x0
001342a8	00115c60	_ZN2kn4Vif120closeImmediatePacketEv	rerun2-med	0.00	0.00	rerun2	callee:0x11cdf0;cu:0x0;loc:0x0
001344f8	00115df0	_ZN2kn4Vif115getPacketBufferEv	rerun2-high	0.00	0.00	rerun2	callee:0x11f7a8;callee:0x121cc8;callee:0x123228;callee:0x123650;callee:0x2dc988;loc:0x0
0016f470	0046aa68	_ZNK2YS8OBJENTRY8get_mdlxEPc	rerun2-high	0.00	0.00	rerun2	callee:0x16c330;callee:0x1a9218;callee:0x293c40;loc:0x0;selfweak:0x0;str:obj/%s.mdlx
0016f770	0046ab70	_ZN2YS8OBJENTRY19AllocFriendPriorityEj	rerun2-med	0.00	0.00	rerun2	callee:0x16eb48;loc:0x0
0017d5e8	004c1824	_ZN2YS4MATH10VectorRotXERKN2kn7FVectorEf	rerun2-high	0.00	0.00	rerun2	callee:0x16d640;loc:0x0;self:0x0
0017d698	004c18e0	_ZN2YS4MATH9VectorRotERKN2kn7FVectorES4_f	rerun2-med	0.00	0.00	rerun2	callee:0x16d8d0;loc:0x0;selfweak:0x0
0017ebc8	0045d9b8	_ZNK2YS9MOTIONSET6is_rawEv	rerun2-med	0.00	0.00	rerun2	callee:0x17eda8;cuweak:0x0;loc:0x0
00191938	004a0dd8	_ZN2YS6STATUS4InitEv	rerun2-med	0.00	0.00	rerun2	caller:0x1c11a8;loc:0x0;self:0x0
001955a8	00434b0c	_ZN2YS7HISTORY4nextEi	rerun2-med	0.00	0.00	rerun2	callee:0x1823d0;loc:0x0
001a9a80	00143428	_ZN2gb3GUND0Ev	rerun2-high	0.00	0.00	rerun2	vt:_ZTVN2gb3GUNE
001c9db0	00494afc	_ZN2YS9SACRIFICE11IsSacrificeEi	rerun2-med	0.00	0.00	rerun2	callee:0x1a8c78;loc:0x0
001d3f98	00441868	_ZNK2YS11LIMIT_TABLE12get_filenameEv	rerun2-med	0.00	0.00	rerun2	callee:0x1b4a00;loc:0x0;selfweak:0x0
001e7698	005a622c	_Z8pppAllocP9pppMemMngj	rerun2-high	0.00	0.00	rerun2	callee:0x1e6b90;callee:0x1e7a98;callee:0x1e8048;callee:0x206470;callee:0x20ace8;callee:0x20c67c;loc:0x0
001fba88	005ad5e0	pppKeLnsCrnTCon	rerun2-med	0.00	0.00	rerun2	caller:0x21fe28;fp:0x1fba88;loc:0x0;self:0x0
001fbc78	005ad870	pppKeLnsFlsTCon	rerun2-med	0.00	0.00	rerun2	caller:0x220070;fp:0x1fbc78;loc:0x0;self:0x0
0021fbc0	005d82e4	_Z14KeLnsArnd_InitP10_KeLnsArnd	rerun2-high	0.00	0.00	rerun2	callee:0x1fa928;callee:0x1fb698;loc:0x0
0021fe28	005d8638	_Z13KeLnsCrn_InitP9_KeLnsCrn	rerun2-med	0.00	0.00	rerun2	callee:0x1facd0;loc:0x0
00220070	005d894c	_Z13KeLnsFls_InitP9_KeLnsFls	rerun2-med	0.00	0.00	rerun2	callee:0x1fae80;loc:0x0
00221ed0	005daef8	_Z11KeThBP_QuitP7_KeThBP	rerun2-med	0.00	0.00	rerun2	callee:0x222170;loc:0x0
002248c0	002da440	_ZN2sa7MUSICAL10clearComboEv	rerun2-med	0.00	0.00	rerun2	callee:0x22b0a0;cu:0x0;loc:0x0
00227b00	002babd8	_ZN2sa5EVENT11get_read_wkEPcNS_9READ_TYPEES1_	rerun2-med	0.00	0.00	rerun2	callee:0x2332a8;cu:0x0;loc:0x0;selfweak:0x0
00253978	002ed6f8	_ZN2Tz6CMData12ReadCallbackEPN2YS6BINARCEjPv	rerun2-med	0.00	0.00	rerun2	callee:0x2539e8;loc:0x0
00258b28	002fc898	_ZN2Tz6CmLoad17isDataLoadSuccessEv	rerun2-med	0.00	0.00	rerun2	callee:0x258698;cuweak:0x0;loc:0x0
00285d58	003af088	_ZN2Tz8CmNewFlg9isItemNewEi	rerun2-high	0.00	0.00	rerun2	callee:0x2551b8;callee:0x262820;callee:0x262a30;callee:0x26a5a0;loc:0x0;selfweak:0x0
00286068	003af778	_ZN2Tz8CmNewFlg10isMagicNewEi	rerun2-high	0.00	0.00	rerun2	callee:0x26ee78;callee:0x271ee8;cu:0x0;loc:0x0;selfweak:0x0
002ab9c8	0034a12c	_ZN2Tz9JmNewInfo10isNaviHistEi	rerun2-high	0.00	0.00	rerun2	callee:0x295d28;callee:0x299920;callee:0x2a2c40;callee:0x2acb20;caller:0x1a82b0;cu:0x0;loc:0x0;self:0x0
002abac8	0034a374	_ZN2Tz9JmNewInfo10SetNaviFlgEi	rerun2-med	0.00	0.00	rerun2	caller:0x1a82b0;cu:0x0;fp:0x2abac8;loc:0x0;self:0x0
002bd260	00136318	_ZN5SOUND14getBgmFileNameEi	rerun2-high	0.00	0.00	rerun2	callee:0x136d40;callee:0x225898;loc:0x0;selfweak:0x0
002cebc0	00650324	_ZN2Ti8MiniGame4stopEv	rerun2-med	0.00	0.00	rerun2	callee:0x2e2428;loc:0x0
002dc7d0	0064022c	_ZN2Ti6MGJump4stopEv	rerun2-med	0.00	0.00	rerun2	caller:0x2cebc0;cu:0x0;loc:0x0;self:0x0
002e0f80	006337fc	_ZN2Ti11MG_ALEscape4stopEv	rerun2-med	0.00	0.00	rerun2	caller:0x2cebc0;cu:0x0;loc:0x0;self:0x0
002e34b8	0065d8f8	_ZN2Ti10MapPathOptC1Ev	rerun2-high	0.00	0.00	rerun2	callee:0x2d7128;callee:0x2e0d28;callee:0x2e20d8;loc:0x0
002e34c0	0065d904	_ZN2Ti10MapPathOpt3setEPv	rerun2-high	0.00	0.00	rerun2	callee:0x2d7128;callee:0x2e0d28;callee:0x2e20d8;loc:0x0
002feee8	0068877c	strcat	rerun2-high	0.00	0.00	rerun2	callee:0x232498;callee:0x241450;callee:0x2414c0;callee:0x298ee0;callee:0x298fe8;loc:0x0
002ff1a4	00688ab4	strcmp	rerun2-high	0.00	0.00	rerun2	callee:0x170240;callee:0x227a60;callee:0x241008;callee:0x241a88;loc:0x0
002ff2e8	00688c08	strcpy	rerun2-high	0.00	0.00	rerun2	callee:0x168958;callee:0x16f520;callee:0x16fba0;callee:0x22e1f8;callee:0x22f528;callee:0x232510;callee:0x2331a0;callee:0x240240;callee:0x240360;callee:0x240450;callee:0x241008;callee:0x241358;callee:0x298ee0;callee:0x298fe8;loc:0x0
00321490	006cefc0	_ZN2YS12ACTION_NMGUN10party_jumpEPNS_3OBJEb	rerun2-high	0.00	0.00	rerun2	loc:0x0;vt:_ZTVN2YS12ACTION_NMGUNE
00133718	00113278	_ZNK2kn16Vif1PacketBuffer10getCurrentEv	sib-med	4.13	0.00	cu-dp	unknown/tu_001333f8.cpp|2.0
001493e8	00062a7c	_ZN2dk7MapFile10setMapFileEPKc	sib-med	5.50	0.00	cu-dp	harata/libdk/mapfile.cpp|5.9
00170a90	004174c8	_ZN2YS10CACHE_BUFF12DestroyUnuseEPKc	sib-high	7.82	0.00	cu-dp	yasui/libys/cachebuff.cpp|6.1
001d4818	0049f804	_ZN2YS15SPECIAL_COMMAND3setEiPvS1_PNS_6STDOBJE	sib-med	4.62	0.00	cu-dp	yasui/libys/specialcommand.cpp|7.0
001e7650	005a61ec	_Z13pppCreateHeapP9pppMemMngPN3Axa5QWORDEj	sib-med	5.55	0.00	cu-dp	unknown/tu_001e70ac.cpp|3.5
001fb8b0	005ad33c	pppKeLnsClmTDes	sib-med	2.50	0.00	cu-equal	unknown/tu_001fa950.cpp|1
001fbb20	005ad61c	pppKeLnsFlsT	sib-med	4.25	0.00	cu-dp	unknown/tu_001fa950.cpp|3.1
0022e188	002c7864	_ZN2sa5EVENT14getPaxFileNameEPc	sib-med	11.83	0.00	cu-equal	sasa/event_effect.cpp|1
002330c8	002cd21c	_ZN2sa5EVENT17getMotionFileNameEPcS1_	sib-high	15.36	0.00	cu-dp	sasa/event_motion.cpp|22.2
00242e58	00319160	_ZN2Tz6Config10SetVoiceJPEb	sib-med	3.17	0.00	cu-dp	tozawa/config.cpp|2.5
00285e30	003af2c0	_ZN2Tz8CmNewFlg10isItemHistEi	sib-med	3.01	0.00	cu-dp	tozawa/cmenu_newflg.cpp|6.6
00286160	003af990	_ZN2Tz8CmNewFlg11isMagicHistEi	sib-med	3.01	0.00	cu-dp	tozawa/cmenu_newflg.cpp|6.7
00286280	003afc9c	_ZN2Tz8CmNewFlg11SetMagicFlgEi	sib-med	3.00	0.00	cu-dp	tozawa/cmenu_newflg.cpp|6.7
002931a8	00389174	_ZN2Tz8UnitLoad8SetFnameEPKc	sib-med	5.83	0.00	cu-dp	tozawa/unit_load.cpp|14.3
00133e50	00113280	_ZN2kn16Vif1PacketBuffer12addEndPacketENS_9VIF1LABELEjjj	sib-med	0.50	0.00	callsite	pos@001342a8
001363a0	00189114	_ZN2gb2SE4LoadEP4TASK	rerun2-high	12.80	2.31	0	cal6/7,neg1,brn-,wid0.00
00149be8	00042f98	_ZN2dk4Area10setMapFileEPKc	rerun2-med	5.00	3.50	0	cal1/1
001aafe8	004c3a58	_ZNK2YS4FONT18make_packet_italicEPNS_10DRAWPACKETEiijiiff	rerun2-med	5.78	5.07	1	cal2/2,imm0.34,disp0.61,loc-,wid0.18
001ab820	0042eb34	_ZNK2YS4FONT15get_space_widthEv	rerun2-med	5.88	3.69	1	cal1/1,brn-,disp1.00,wid1.00
001ea6c0	005c3a38	pppVtMime	rerun2-med	5.81	2.68	1	imm1.00,disp0.32,wid0.85
001ea758	005c3ae4	pppDrawVtMime	rerun2-med	7.49	3.59	0	cal1/1,fp-,imm0.73,disp0.55,wid0.93
001f1870	005b9560	_Z6get_stP14PEiDrawShipolyPfS1_S1_S1_	rerun2-med	6.48	2.20	1	disp1.00,flt1.00,wid0.44
001f1978	005b9668	drawShipoly	rerun2-high	8.13	2.20	1	sw-,imm0.34,disp0.84,flt1.00,wid0.21
001f25d0	005ba4c8	drawDistShipoly	rerun2-high	11.91	1.58	1	brn-,imm0.44,disp0.63,flt1.00,wid0.56
001f2f74	005bbb58	pppEiDrawDrawShipoly	rerun2-high	8.67	1.85	1	imm0.31,disp0.68,flt1.00,wid0.44
001f3ab8	005bc680	pppEiDrawShipoly	rerun2-high	16.68	19.82	0	cal1/1,brn-,fp-,imm0.61,disp0.91,flt1.00,loc-,wid0.92
00200700	005c5620	pppRyjDrawDrawMatrixWorldFront	rerun2-med	6.50	3.47	1	imm0.68,disp0.64,wid1.00
002007e0	005c574c	pppRyjDrawMatrixWorldNoRotCon	rerun2-sandwich	6.45	0.00	1	sandwich,imm0.42,disp1.00,wid1.00
00200a78	005c5aa0	pppRyjDrawDrawMatrixWorldWood	rerun2-med	6.77	1.91	0	imm0.56,disp0.64,wid0.78
00200b78	005c8148	pppRyjMatrixWorldXYZCon	rerun2-med	7.90	5.33	0	cal1/1,fp-,imm1.00,disp0.51,wid1.00
0021fe08	005d861c	_Z15KeLnsCrn_SetShpP9_KeLnsCrnP10pppShapeSt	rerun2-sandwich	3.26	0.00	0	sandwich,call-,disp1.00,wid0.20
00293cb8	003362d8	_ZN2Tz6JMData9MakeFnameEPciPKc	rerun2-high	9.82	4.11	0	cal3/4,imm1.00,wid0.00
002fedf0	00689598	snprintf	rerun2-med	6.04	2.54	0	cal1/1,call-,disp1.00,wid1.00
002ff014	006888a8	strchr	rerun2-sandwich	3.64	0.00	0	sandwich,disp1.00,wid0.30
002ff3fc	00688cf4	strncat	rerun2-sandwich	4.63	0.00	0	sandwich,imm0.12,disp1.00,wid0.30
002ff8b0	0068549c	strstr	rerun2-med	5.32	1.52	2	cal2/2,call-,wid0.00
00303728	00693ee8	_ZNK10__cxxabiv117__class_type_info12__do_dyncastEiNS0_10__sub_kindEPKS0_PKvS3_S5_RNS0_16__dyncast_resultE	rerun2-med	7.10	2.01	0	cal2/2,wid0.25
00133b88	00113e34	_ZN2kn16Vif1PacketBuffer17addGsDirectPacketENS_9VIF1LABELEPvjj	rerun2-high	0.00	0.00	rerun2	callee:0x1342c8;caller:0x1337a0;cu:0x0;fp:0x133b88;loc:0x0;self:0x0
002e33d8	0064faec	_ZN2Ti9MGUnitSeq13find_loop_endEii	rerun2-med	0.00	0.00	rerun2	callee:0x2dcc90;loc:0x0
002e33f8	0064fba4	_ZN2Ti9MGUnitSeq15find_return_endEii	rerun2-med	0.00	0.00	rerun2	callee:0x2dcc90;loc:0x0
00171c0c	004fbc60	_ZN2YS18trap_obj_clear_occEP8BD_VALUE	gap-sandwich	1.36	0.00	0	sandwich,size,wid0.86
00171b64	004fb6c4	_ZN2YS16trap_obj_is_rideEP8BD_VALUE	sib-med	3.23	0.00	cu-dp	yasui/libys/trapfield.cpp|102.2
001720f8	004fdbc4	_ZN2YS22trap_obj_reset_stealthEP8BD_VALUE	sib-high	6.13	0.00	cu-dp	yasui/libys/trapfield.cpp|7.0
00172b48	00501b40	_ZN2YS16trap_obj_is_deadEP8BD_VALUE	sib-med	3.16	0.00	cu-dp	yasui/libys/trapfield.cpp|102.2
00172e2c	00502598	_ZN2YS18trap_obj_set_medalEP8BD_VALUE	sib-med	3.10	0.00	cu-dp	yasui/libys/trapfield.cpp|102.1
00174278	00508040	_ZN2YS18trap_player_get_rcEP8BD_VALUE	sib-med	3.52	0.00	cu-dp	yasui/libys/trapfield.cpp|102.5
0018f328	004f3744	_ZN2YS24trap_enemy_is_no_controlEP8BD_VALUE	sib-med	3.01	0.00	cu-dp	yasui/libys/trapbattle.cpp|102.0
0018f410	004f3b08	_ZN2YS26trap_enemy_set_karma_limitEP8BD_VALUE	sib-med	3.09	0.00	cu-dp	yasui/libys/trapbattle.cpp|102.1
001a6510	004475a4	_ZN2YS5MAGIC13MpDriveEnableEi	sib-med	2.62	0.00	cu-equal	yasui/libys/magic.cpp|1
001a9160	004f1d28	_ZN2YS8SAVEFLAG3SetEj	sib-med	3.42	0.00	cu-dp	yasui/libys/saveflag.cpp|3.9
001dc070	002b069c	_ZN3ryj11EFFECT_DATA9idx_to_noEi	sib-med	1.54	0.00	cu-equal	rikeda/effect.cpp|1
001f45f8	005bd3ac	pppEiDrawShipolyDes	sib-high	8.71	0.00	cu-dp	unknown/tu_001f0430.cpp|6.6
00227a28	002ba75c	_ZN2sa5EVENT11get_read_wkEiNS_9READ_TYPEE	sib-med	1.77	0.00	cu-equal	sasa/event.cpp|1
002e8378	00626f68	_ZN2Ts20trap_obj_hide_shadowEP8BD_VALUE	sib-med	3.90	0.00	cu-dp	sugi/trapfield.cpp|102.9
002e8688	00627998	_ZN2Ts16trap_obj_is_hookEP8BD_VALUE	sib-med	3.06	0.00	cu-dp	sugi/trapfield.cpp|2.8
002f1808	0043b618	_ZN2YS7LANDING4InitEv	sib-med	6.27	0.00	cu-equal	yasui/libys/landing.cpp|1
00102448	0003fff0	_ZN4TASK5sleepEi	sib-high	58.46	0.00	callsite	pos@0013f450;pos@0013f450;pos@0013f450;pos@0013f450;sig1@00224b08
00102470	0004018c	_ZN4TASK5sleepEf	sib-med	1.16	0.00	callsite	pos@001b65e0;pos@002bdb70;pos@002bdb70;pos@002bdb70;pos@002bdb70
0013dc08	00053750	_ZN2dk5GAUGE8psetFlagEii	sib-med	0.50	0.00	callsite	pos@0013def8
00166cf0	000a4fdc	_ZN2dk12GAUGE_STATUS6isDeadEPN2YS3OBJE	sib-med	1.00	0.00	callsite	pos@001581f8
001db888	0049dd8c	_ZN2YS9SIZEBLOCK5allocEjPv	sib-high	4.73	0.00	callsite	sig1@002ed350;sig1@001c6f10;sig1@001cbc50;sig1@001ce508
002baa08	0013ca20	_ZN5SOUND9voicePlayEiiii	sib-high	4.90	0.00	callsite	sig1@002325f0;sig1@002325f0;conf@002325f0;sig2@002325f0
00173ad0	00504f84	_ZN2YS24trap_obj_motion_get_timeEP8BD_VALUE	sib-med	3.20	0.00	tab-dp	3.3
00173bc0	005056c0	_ZN2YS22trap_obj_motion_unhookEP8BD_VALUE	sib-med	3.92	0.00	tab-dp	6.2
00174040	00507330	_ZN2YS24trap_obj_shadow_move_endEP8BD_VALUE	sib-med	3.13	0.00	tab-dp	4.8
00174060	0050744c	_ZN2YS22trap_signal_reserve_hpEP8BD_VALUE	sib-med	4.01	0.00	tab-dp	5.7
00174090	00507578	_ZN2YS26trap_signal_reserve_min_hpEP8BD_VALUE	sib-med	1.47	0.00	tab-equal	1
00174ff0	0050a618	_ZN2YS17trap_sheet_min_hpEP8BD_VALUE	sib-med	2.06	0.00	tab-equal	1
002d7408	00638efc	_ZN2Ti12MGHachimitsu4stopEv	sib-high	8.00	8.00	table	fptr-table-slot
00133c78	00114474	_ZN2kn16Vif1PacketBuffer12addRefPacketENS_9VIF1LABELEPvjjj	rerun2-med	5.16	5.17	0	cal1/1,size,imm1.00,wid0.00
0017373c	00503cac	_ZN2YS27method_obj_enable_collisionEP8BD_VALUE	rerun2-med	7.13	4.67	0	cal1/1,size,imm1.00,disp1.00,wid0.75
002ff970	006875d0	_Stoulx	rerun2-med	5.76	1.52	0	call-,imm0.61,disp1.00,wid0.53
