ee_addr	dwarf_linkage	tier	static	arity	ret	text	decl_file
00101ea8	_ZN9GAME_MODE8ExecTaskEP4TASK	sim-med	1	1		GAME_MODE::ExecTask(TASK *) [DWARF: static -- no implicit `this`, do NOT add a leading self/object-pointer argument]	C:/hd25/kingdom2/common/gamemode.cpp
00102180	_ZN9GAME_MODE11getExecModeEPPS_	med	1	1	int	GAME_MODE::getExecMode(GAME_MODE **) [DWARF: static -- no implicit `this`, do NOT add a leading self/object-pointer argument]	C:/hd25/kingdom2/common/gamemode.cpp
001021f0	_ZN9GAME_MODE6enableEv	high	1	0		GAME_MODE::enable() [DWARF: static -- no implicit `this`, do NOT add a leading self/object-pointer argument]	C:/hd25/kingdom2/common/gamemode.cpp
00102210	_ZN9GAME_MODE10getCurrentEv	sim-sib-med	1	0	GAME_MODE *	GAME_MODE::getCurrent() [DWARF: static -- no implicit `this`, do NOT add a leading self/object-pointer argument]	C:/hd25/kingdom2/common/gamemode.cpp
00102350	_ZN4TASK4execEv	sim-rerun-med	0	1		TASK::exec(TASK *)	C:/hd25/kingdom2/common/WIN/taskWIN.cpp
00102448	_ZN4TASK5sleepEi	sim-sib-high	0	2		TASK::sleep(TASK *, int)	C:/hd25/kingdom2/common/WIN/taskWIN.cpp
00102470	_ZN4TASK5sleepEf	sim-sib-med	0	2		TASK::sleep(TASK *, float)	C:/hd25/kingdom2/common/WIN/taskWIN.cpp
001024b0	_ZN12TASK_MANAGER6CreateEP9ALLOCATOR	sim-rerun-high	1	1	TASK_MANAGER *	TASK_MANAGER::Create(ALLOCATOR *) [DWARF: static -- no implicit `this`, do NOT add a leading self/object-pointer argument]	C:/hd25/kingdom2/common/WIN/taskWIN.cpp
00102528	_ZN12TASK_MANAGER4linkEP4TASK	med	0	2		TASK_MANAGER::link(TASK_MANAGER *, TASK *)	C:/hd25/kingdom2/common/WIN/taskWIN.cpp
00102750	_ZN12TASK_MANAGER7destroyEv	med	0	1		TASK_MANAGER::destroy(TASK_MANAGER *)	C:/hd25/kingdom2/common/WIN/taskWIN.cpp
00102818	_ZN12TASK_MANAGER13create_threadEiiPFvP4TASKEi	high	0	5	TASK *	TASK_MANAGER::create_thread(TASK_MANAGER *, int, int, TASK_FUNC, int)	C:/hd25/kingdom2/common/WIN/taskWIN.cpp
001029e8	_ZN12TASK_MANAGER8exec_allEv	med	0	1		TASK_MANAGER::exec_all(TASK_MANAGER *)	C:/hd25/kingdom2/common/WIN/taskWIN.cpp
00102a08	_ZN12TASK_MANAGER5countEv	sim-rerun2-med	0	1	int	TASK_MANAGER::count(TASK_MANAGER *)	C:/hd25/kingdom2/common/WIN/taskWIN.cpp
00102a38	_ZN12TASK_MANAGER8is_existEPFvP4TASKE	sim-sib-high	0	2	bool	TASK_MANAGER::is_exist(TASK_MANAGER *, TASK_FUNC)	C:/hd25/kingdom2/common/WIN/taskWIN.cpp
00102a70	_ZN5FIELD5StartEP4TASK	med	1	1		FIELD::Start(TASK *) [DWARF: static -- no implicit `this`, do NOT add a leading self/object-pointer argument]	C:/hd25/kingdom2/common/field.cpp
00102b90	_ZN5FIELD6EnsureEP4TASK	med	1	1		FIELD::Ensure(TASK *) [DWARF: static -- no implicit `this`, do NOT add a leading self/object-pointer argument]	C:/hd25/kingdom2/common/field.cpp
00102bd8	_ZN5FIELD4InitEv	med	1	0		FIELD::Init() [DWARF: static -- no implicit `this`, do NOT add a leading self/object-pointer argument]	C:/hd25/kingdom2/common/field.cpp
00102c48	_ZN5FIELD12CreateThreadEiiPFvP4TASKEi	med	1	4	TASK *	FIELD::CreateThread(int, int, TASK_FUNC, int) [DWARF: static -- no implicit `this`, do NOT add a leading self/object-pointer argument]	C:/hd25/kingdom2/common/field.cpp
00102d10	_ZN5TITLE5StartEP4TASK	sim-rerun2-med	1	1		TITLE::Start(TASK *) [DWARF: static -- no implicit `this`, do NOT add a leading self/object-pointer argument]	C:/hd25/kingdom2/common/title.cpp
00102dc0	_ZN5TITLE6EnsureEP4TASK	sim-gap-med	1	1		TITLE::Ensure(TASK *) [DWARF: static -- no implicit `this`, do NOT add a leading self/object-pointer argument]	C:/hd25/kingdom2/common/title.cpp
00102e40	_ZN5TITLE8BootInitEv	sim-sandwich	1	0		TITLE::BootInit() [DWARF: static -- no implicit `this`, do NOT add a leading self/object-pointer argument]	C:/hd25/kingdom2/common/title.cpp
00102e90	_ZN5TITLE12GetAllocatorEv	sim-sandwich	1	0	kn::MemoryAllocator *	TITLE::GetAllocator() [DWARF: static -- no implicit `this`, do NOT add a leading self/object-pointer argument]	C:/hd25/kingdom2/common/title.cpp
00102ea0	_ZN5TITLE5AllocEj	sim-sandwich	1	1	void *	TITLE::Alloc(size_t) [DWARF: static -- no implicit `this`, do NOT add a leading self/object-pointer argument]	C:/hd25/kingdom2/common/title.cpp
00102ed8	_ZN5TITLE4FreeEPv	sim-sandwich	1	1		TITLE::Free(void *) [DWARF: static -- no implicit `this`, do NOT add a leading self/object-pointer argument]	C:/hd25/kingdom2/common/title.cpp
00102f08	_ZN5TITLE10CreateTaskEiiPFvP4TASKE	sim-rerun-med	1	3	TASK *	TITLE::CreateTask(int, int, TASK_FUNC) [DWARF: static -- no implicit `this`, do NOT add a leading self/object-pointer argument]	C:/hd25/kingdom2/common/title.cpp
00102ff0	_ZN5TITLE15SetFindClearKH2Eb	sim-sib-med	1	1		TITLE::SetFindClearKH2(bool) [DWARF: static -- no implicit `this`, do NOT add a leading self/object-pointer argument]	C:/hd25/kingdom2/common/title.cpp
001031d0	_ZN4MENU6EnsureEP4TASK	med	1	1		MENU::Ensure(TASK *) [DWARF: static -- no implicit `this`, do NOT add a leading self/object-pointer argument]	C:/hd25/kingdom2/common/menu.cpp
00103398	_ZN4MENU13Type2MenuModeEi	sim-rerun-med	1	1	int	MENU::Type2MenuMode(int) [DWARF: static -- no implicit `this`, do NOT add a leading self/object-pointer argument]	C:/hd25/kingdom2/common/menu.cpp
00103428	_ZN4MENU11isPauseMenuEi	sim-rerun2-med	1	1	bool	MENU::isPauseMenu(int) [DWARF: static -- no implicit `this`, do NOT add a leading self/object-pointer argument]	C:/hd25/kingdom2/common/menu.cpp
00103560	_ZN4MENU14getReserveTypeEv	sim-sib-med	1	0	int	MENU::getReserveType() [DWARF: static -- no implicit `this`, do NOT add a leading self/object-pointer argument]	C:/hd25/kingdom2/common/menu.cpp
00103570	_ZN4MENU12GetAllocatorEv	high	1	0	kn::MemoryAllocator *	MENU::GetAllocator() [DWARF: static -- no implicit `this`, do NOT add a leading self/object-pointer argument]	C:/hd25/kingdom2/common/menu.cpp
00103590	_ZN4MENU15CreateAllocatorEiPN2kn15MemoryAllocatorE	high	1	2		MENU::CreateAllocator(int, kn::MemoryAllocator *) [DWARF: static -- no implicit `this`, do NOT add a leading self/object-pointer argument]	C:/hd25/kingdom2/common/menu.cpp
001036d0	_ZN4MENU15CreateAllocatorEPcj	sim-high	1	2		MENU::CreateAllocator(char *, u_int) [DWARF: static -- no implicit `this`, do NOT add a leading self/object-pointer argument]	C:/hd25/kingdom2/common/menu.cpp
001037b8	_ZN4MENU14createExecTaskEv	med	1	0		MENU::createExecTask() [DWARF: static -- no implicit `this`, do NOT add a leading self/object-pointer argument]	C:/hd25/kingdom2/common/menu.cpp
001037f8	_ZN4MENU13pauseExecTaskEP4TASK	high	1	1		MENU::pauseExecTask(TASK *) [DWARF: static -- no implicit `this`, do NOT add a leading self/object-pointer argument]	C:/hd25/kingdom2/common/menu.cpp
001039f8	_ZN4MENU9pauseExitEv	sim-sib-high	1	0		MENU::pauseExit() [DWARF: static -- no implicit `this`, do NOT add a leading self/object-pointer argument]	C:/hd25/kingdom2/common/menu.cpp
00103b48	_ZN4MENU10CreateTaskEiiPFvP4TASKE	sim-med	1	3	TASK *	MENU::CreateTask(int, int, TASK_FUNC) [DWARF: static -- no implicit `this`, do NOT add a leading self/object-pointer argument]	C:/hd25/kingdom2/common/menu.cpp
00103c60	_ZN4MENU11GetGameModeEv	sim-sib-med	1	0	int	MENU::GetGameMode() [DWARF: static -- no implicit `this`, do NOT add a leading self/object-pointer argument]	C:/hd25/kingdom2/common/menu.cpp
00103ca0	_ZN4MENU7MapJumpEv	med	1	0		MENU::MapJump() [DWARF: static -- no implicit `this`, do NOT add a leading self/object-pointer argument]	C:/hd25/kingdom2/common/menu.cpp
00103ea0	_ZN4MENU20SetPauseExitCallBackEPFvvE	sim-rerun2-med	1	1		MENU::SetPauseExitCallBack(MenuCallBack) [DWARF: static -- no implicit `this`, do NOT add a leading self/object-pointer argument]	C:/hd25/kingdom2/common/menu.cpp
00103f68	_ZN10GUMIBATTLE5StartEP4TASK	med	1	1		GUMIBATTLE::Start(TASK *) [DWARF: static -- no implicit `this`, do NOT add a leading self/object-pointer argument]	C:/hd25/kingdom2/common/gumibattle.cpp
00104080	_ZN10GUMIBATTLE4InitEv	med	1	0		GUMIBATTLE::Init() [DWARF: static -- no implicit `this`, do NOT add a leading self/object-pointer argument]	C:/hd25/kingdom2/common/gumibattle.cpp
00104108	_ZN10GUMIBATTLE23ChangeGameModeFromPauseEv	med	1	0		GUMIBATTLE::ChangeGameModeFromPause() [DWARF: static -- no implicit `this`, do NOT add a leading self/object-pointer argument]	C:/hd25/kingdom2/common/gumibattle.cpp
001041a0	_Z20getGumiBattleStageNov	sim-rerun2-med	0	0	int	getGumiBattleStageNo()	C:/hd25/kingdom2/common/gumibattle.cpp
001043e8	_ZN8GUMIMENU5StartEP4TASK	med	1	1		GUMIMENU::Start(TASK *) [DWARF: static -- no implicit `this`, do NOT add a leading self/object-pointer argument]	C:/hd25/kingdom2/common/gumimenu.cpp
001044f0	_ZN8GUMIMENU6EnsureEP4TASK	med	1	1		GUMIMENU::Ensure(TASK *) [DWARF: static -- no implicit `this`, do NOT add a leading self/object-pointer argument]	C:/hd25/kingdom2/common/gumimenu.cpp
00104560	_ZN8GUMIMENU4InitEv	med	1	0		GUMIMENU::Init() [DWARF: static -- no implicit `this`, do NOT add a leading self/object-pointer argument]	C:/hd25/kingdom2/common/gumimenu.cpp
00104588	_ZN8GUMIMENU10CreateTaskEiiPFvP4TASKE	med	1	3	TASK *	GUMIMENU::CreateTask(int, int, TASK_FUNC) [DWARF: static -- no implicit `this`, do NOT add a leading self/object-pointer argument]	C:/hd25/kingdom2/common/gumimenu.cpp
00104a48	_ZN4AREA10InitThreadEP4TASK	med	1	1		AREA::InitThread(TASK *) [DWARF: static -- no implicit `this`, do NOT add a leading self/object-pointer argument]	C:/hd25/kingdom2/common/area.cpp
00104cc0	_ZN4AREA9StartTaskEP4TASK	med	1	1		AREA::StartTask(TASK *) [DWARF: static -- no implicit `this`, do NOT add a leading self/object-pointer argument]	C:/hd25/kingdom2/common/area.cpp
00104e18	_ZN4AREA4ExitEv	med	1	0		AREA::Exit() [DWARF: static -- no implicit `this`, do NOT add a leading self/object-pointer argument]	C:/hd25/kingdom2/common/area.cpp
00104f58	_ZN4AREA7MapJumpERS_jibi	high	1	5		AREA::MapJump(AREA &, u_int, int, bool, int) [DWARF: static -- no implicit `this`, do NOT add a leading self/object-pointer argument]	C:/hd25/kingdom2/common/area.cpp
001051b8	_ZNK4AREA4to_sEv	sim-rerun2-high	0	1	const char *	AREA::to_s(const AREA *)	C:/hd25/kingdom2/common/area.cpp
00105370	_ZN4AREA15CreateAllocatorEjj	high	1	2		AREA::CreateAllocator(const size_t, const size_t) [DWARF: static -- no implicit `this`, do NOT add a leading self/object-pointer argument]	C:/hd25/kingdom2/common/area.cpp
00105c68	_ZN4SHOP5StartEP4TASK	med	1	1		SHOP::Start(TASK *) [DWARF: static -- no implicit `this`, do NOT add a leading self/object-pointer argument]	C:/hd25/kingdom2/common/shop.cpp
00105d50	_ZN4SHOP4InitEv	med	1	0		SHOP::Init() [DWARF: static -- no implicit `this`, do NOT add a leading self/object-pointer argument]	C:/hd25/kingdom2/common/shop.cpp
00105d78	_ZN4SHOP10CreateTaskEiiPFvP4TASKE	med	1	3	TASK *	SHOP::CreateTask(int, int, TASK_FUNC) [DWARF: static -- no implicit `this`, do NOT add a leading self/object-pointer argument]	C:/hd25/kingdom2/common/shop.cpp
00105de0	_ZN4SHOP9StartMenuEi	sim-med	1	1		SHOP::StartMenu(int) [DWARF: static -- no implicit `this`, do NOT add a leading self/object-pointer argument]	C:/hd25/kingdom2/common/shop.cpp
00105f98	_ZN8WORLDMAP20getGumiStageEntranceEv	sim-sib-med	1	0	int	WORLDMAP::getGumiStageEntrance() [DWARF: static -- no implicit `this`, do NOT add a leading self/object-pointer argument]	C:/hd25/kingdom2/common/worldmap.cpp
00105fc8	_ZN8WORLDMAP14gumiToWorldMapEv	sim-high	1	0		WORLDMAP::gumiToWorldMap() [DWARF: static -- no implicit `this`, do NOT add a leading self/object-pointer argument]	C:/hd25/kingdom2/common/worldmap.cpp
001060e0	_ZN2kn15MemoryAllocatorC1Ejj	sim-rerun-med	0	3		kn::MemoryAllocator::MemoryAllocator(kn::MemoryAllocator *, u_int, u_int)	C:/hd25/kingdom2/naka/libkn/memory.cpp
001064a8	_ZN2kn5vrandEj	sim-rerun2-high	1	1	u_int	kn::vrand(u_int) [DWARF: static -- no implicit `this`, do NOT add a leading self/object-pointer argument]	C:/hd25/kingdom2/naka/libkn/vrand.cpp
00106558	_ZN2kn6vrandfEf	sim-rerun2-high	1	1	float	kn::vrandf(float) [DWARF: static -- no implicit `this`, do NOT add a leading self/object-pointer argument]	C:/hd25/kingdom2/naka/libkn/vrand.cpp
001065a8	_ZN2kn6vrandfEff	sim-sib-high	1	2	float	kn::vrandf(float, float) [DWARF: static -- no implicit `this`, do NOT add a leading self/object-pointer argument]	C:/hd25/kingdom2/naka/libkn/vrand.cpp
001069a8	_ZN2kn13isCameraMultiEv	med	1	0	bool	kn::isCameraMulti() [DWARF: static -- no implicit `this`, do NOT add a leading self/object-pointer argument]	C:/hd25/kingdom2/naka/libkn/camera.cpp
00106a08	_ZN2kn15getCameraNumberEv	sim-rerun-med	1	0	int	kn::getCameraNumber() [DWARF: static -- no implicit `this`, do NOT add a leading self/object-pointer argument]	C:/hd25/kingdom2/naka/libkn/camera.cpp
00106a18	_ZN2kn13getProjectionEb	high	1	1	kn::Projection &	kn::getProjection(bool) [DWARF: static -- no implicit `this`, do NOT add a leading self/object-pointer argument]	C:/hd25/kingdom2/naka/libkn/camera.cpp
00106a60	_ZN2kn9getCameraEb	med	1	1	kn::Camera &	kn::getCamera(bool) [DWARF: static -- no implicit `this`, do NOT add a leading self/object-pointer argument]	C:/hd25/kingdom2/naka/libkn/camera.cpp
00106c08	_ZN2kn10Projection10calcMatrixEv	high	0	1		kn::Projection::calcMatrix(kn::Projection *)	C:/hd25/kingdom2/naka/libkn/camera.cpp
00106d40	_ZN2kn10Projection3setEfffffffffff	high	0	12		kn::Projection::set(kn::Projection *, float, float, float, float, float, float, float, float, float, float, float)	C:/hd25/kingdom2/naka/libkn/camera.cpp
00106de8	_ZN2kn10Projection6setFOVEfNS0_4WorHE	high	0	3		kn::Projection::setFOV(kn::Projection *, float, kn::Projection::WorH)	C:/hd25/kingdom2/naka/libkn/camera.cpp
00106f40	_ZNK2kn10Projection7W2H_FOVEf	med	0	2	float	kn::Projection::W2H_FOV(const kn::Projection *, float)	C:/hd25/kingdom2/naka/libkn/camera.cpp
00106fe8	_ZN2kn10Projection10setScreenZEf	sim-med	0	2		kn::Projection::setScreenZ(kn::Projection *, float)	C:/hd25/kingdom2/naka/libkn/camera.cpp
00107118	_ZN2kn6Camera10calcMatrixEv	med	0	1		kn::Camera::calcMatrix(kn::Camera *)	C:/hd25/kingdom2/naka/libkn/camera.cpp
00107288	_ZN2kn6Camera6lookAtERKNS_7FVectorES3_S3_	sim-sib-med	0	4		kn::Camera::lookAt(kn::Camera *, const kn::FVector &, const kn::FVector &, const kn::FVector &)	C:/hd25/kingdom2/naka/libkn/camera.cpp
001072d0	_ZN2kn6Camera6lookAtERKNS_7FVectorES3_	high	0	3		kn::Camera::lookAt(kn::Camera *, const kn::FVector &, const kn::FVector &)	C:/hd25/kingdom2/naka/libkn/camera.cpp
00107300	_ZN2kn6Camera6lookAtERKNS_7FVectorES3_f	med	0	4		kn::Camera::lookAt(kn::Camera *, const kn::FVector &, const kn::FVector &, float)	C:/hd25/kingdom2/naka/libkn/camera.cpp
00107368	_ZNK2kn6Camera11getPositionERNS_7FVectorE	high	0	2		kn::Camera::getPosition(const kn::Camera *, kn::FVector &)	C:/hd25/kingdom2/naka/libkn/camera.cpp
00107388	_ZNK2kn6Camera17getMatrixPositionEv	sim-sandwich	0	1		kn::Camera::getMatrixPosition(const kn::Camera *)	C:/hd25/kingdom2/naka/libkn/camera.cpp
00107478	_ZNK2kn6Camera12getReferenceERNS_7FVectorE	med	0	2		kn::Camera::getReference(const kn::Camera *, kn::FVector &)	C:/hd25/kingdom2/naka/libkn/camera.cpp
00107888	_ZN2kn11camera_taskEP4TASK	high	1	1		kn::camera_task(TASK *) [DWARF: static -- no implicit `this`, do NOT add a leading self/object-pointer argument]	C:/hd25/kingdom2/naka/libkn/camera.cpp
00107a90	_ZN2gb13PLAYER_CAMERA4execEv	sim-high	0	1		gb::PLAYER_CAMERA::exec(gb::PLAYER_CAMERA *)	C:/hd25/kingdom2/ovl_gumibattle/camera.cpp
00107d20	_ZN2kn8ModelObj11drawShadow_ERKNS_16ProjectionCameraEPNS_9DrawParamEPsS3_S3_PPN2dk11ObjDrawListENS_11SHADOW_SIZEE	sim-med	0	8		kn::ModelObj::drawShadow_(kn::ModelObj *, const kn::ProjectionCamera &, kn::DrawParam *, short *, const kn::ProjectionCamera &, const kn::ProjectionCamera &, dk::ObjDrawList **, kn::SHADOW_SIZE)	C:/hd25/kingdom2/naka/libkn/PS2/modelPS2.cpp
00108080	_ZN2kn5GSEnvC1Ev	sim-high	0	1		kn::GSEnv::GSEnv(kn::GSEnv *)	C:/hd25/kingdom2/naka/libkn/vu1draw.cpp
00108398	_ZN2kn15SendImageStructC1Ev	sim-med	0	1		kn::SendImageStruct::SendImageStruct(kn::SendImageStruct *)	C:/hd25/kingdom2/naka/libkn/vu1draw.cpp
001084f0	_ZN2kn16TextureEnvStructC1Ev	sim-med	0	1		kn::TextureEnvStruct::TextureEnvStruct(kn::TextureEnvStruct *)	C:/hd25/kingdom2/naka/libkn/vu1draw.cpp
001085a8	_ZN2kn10PartsColor9setPacketEPNS_16Vif1PacketBufferEPh	sim-med	1	2		kn::PartsColor::setPacket(kn::Vif1PacketBuffer *, u_char *) [DWARF: static -- no implicit `this`, do NOT add a leading self/object-pointer argument]	C:/hd25/kingdom2/naka/libkn/vu1draw.cpp
00108698	_ZN2kn9DrawParamC1Ev	sim-med	0	1		kn::DrawParam::DrawParam(kn::DrawParam *)	C:/hd25/kingdom2/naka/libkn/vu1draw.cpp
00108730	_ZN2kn9DrawParam9setPacketEPNS_16Vif1PacketBufferE	sim-med	0	2	kn::VU1Param *	kn::DrawParam::setPacket(kn::DrawParam *, kn::Vif1PacketBuffer *)	C:/hd25/kingdom2/naka/libkn/vu1draw.cpp
00108930	_ZN2kn9DrawParam13getPartsColorEi	sim-med	0	2	u_char *	kn::DrawParam::getPartsColor(kn::DrawParam *, int)	C:/hd25/kingdom2/naka/libkn/vu1draw.cpp
00108998	_ZN2kn14VU1DrawContext20setVU1DrawDefaultEnvEv	sim-rerun-med	0	1		kn::VU1DrawContext::setVU1DrawDefaultEnv(kn::VU1DrawContext *)	C:/hd25/kingdom2/naka/libkn/vu1draw.cpp
00108a10	_ZN2kn14VU1DrawContext19setSystemDefaultEnvEv	sim-rerun-med	0	1		kn::VU1DrawContext::setSystemDefaultEnv(kn::VU1DrawContext *)	C:/hd25/kingdom2/naka/libkn/vu1draw.cpp
00108ae0	_ZN2kn14VU1DrawContext14setPacketForceEjyyyyyy	sim-high	0	8		kn::VU1DrawContext::setPacketForce(kn::VU1DrawContext *, u_int, ULONGLONG, ULONGLONG, ULONGLONG, ULONGLONG, ULONGLONG, ULONGLONG)	C:/hd25/kingdom2/naka/libkn/vu1draw.cpp
00108c00	_ZN2kn14VU1DrawContext9setPacketEjyyyyyy	sim-high	0	8		kn::VU1DrawContext::setPacket(kn::VU1DrawContext *, u_int, ULONGLONG, ULONGLONG, ULONGLONG, ULONGLONG, ULONGLONG, ULONGLONG)	C:/hd25/kingdom2/naka/libkn/vu1draw.cpp
00108d68	_ZN2kn14VU1DrawContext8setFRAMEEy	sim-med	0	2	ULONGLONG	kn::VU1DrawContext::setFRAME(kn::VU1DrawContext *, ULONGLONG)	C:/hd25/kingdom2/naka/libkn/vu1draw.cpp
00108dd8	_ZN2kn14VU1DrawContext7setZBUFEy	sim-med	0	2	ULONGLONG	kn::VU1DrawContext::setZBUF(kn::VU1DrawContext *, ULONGLONG)	C:/hd25/kingdom2/naka/libkn/vu1draw.cpp
00108e48	_ZN2kn14VU1DrawContext7setTESTEy	sim-med	0	2	ULONGLONG	kn::VU1DrawContext::setTEST(kn::VU1DrawContext *, ULONGLONG)	C:/hd25/kingdom2/naka/libkn/vu1draw.cpp
00108eb8	_ZN2kn14VU1DrawContext8setALPHAEy	sim-med	0	2	ULONGLONG	kn::VU1DrawContext::setALPHA(kn::VU1DrawContext *, ULONGLONG)	C:/hd25/kingdom2/naka/libkn/vu1draw.cpp
00108f98	_ZN2kn14VU1DrawContext8setRGBAQEy	sim-med	0	2	ULONGLONG	kn::VU1DrawContext::setRGBAQ(kn::VU1DrawContext *, ULONGLONG)	C:/hd25/kingdom2/naka/libkn/vu1draw.cpp
001091c8	_ZN2kn7VU1Draw11allocBufferEP9ALLOCATORjj	sim-rerun-med	1	3		kn::VU1Draw::allocBuffer(ALLOCATOR *, u_int, u_int) [DWARF: static -- no implicit `this`, do NOT add a leading self/object-pointer argument]	C:/hd25/kingdom2/naka/libkn/vu1draw.cpp
00109280	_ZN2kn7VU1Draw10freeBufferEP9ALLOCATOR	sim-rerun-med	1	1		kn::VU1Draw::freeBuffer(ALLOCATOR *) [DWARF: static -- no implicit `this`, do NOT add a leading self/object-pointer argument]	C:/hd25/kingdom2/naka/libkn/vu1draw.cpp
001093c8	_ZN2kn7VU1Draw13setModePacketEPNS_16Vif1PacketBufferEjjjjj	sim-med	1	6	void *	kn::VU1Draw::setModePacket(kn::Vif1PacketBuffer *, u_int, u_int, u_int, u_int, u_int) [DWARF: static -- no implicit `this`, do NOT add a leading self/object-pointer argument]	C:/hd25/kingdom2/naka/libkn/vu1draw.cpp
00109788	_ZN2kn7VU1Draw10entryImageEPNS_16Vif1PacketBufferEPNS_15SendImagePacketE	sim-med	1	2	ULONGLONG	kn::VU1Draw::entryImage(kn::Vif1PacketBuffer *, kn::SendImagePacket *) [DWARF: static -- no implicit `this`, do NOT add a leading self/object-pointer argument]	C:/hd25/kingdom2/naka/libkn/vu1draw.cpp
00109c30	_ZN2kn7VU1Draw12getDrawQueueEv	sim-med	1	0	kn::DrawQueue *	kn::VU1Draw::getDrawQueue() [DWARF: static -- no implicit `this`, do NOT add a leading self/object-pointer argument]	C:/hd25/kingdom2/naka/libkn/vu1draw.cpp
00109d00	_ZN2kn7VU1Draw4drawEPNS_8ModelObjEPNS_9DrawParamEPNS_5ModelEPPN3Axa11DMA_SET_TAGEPc	sim-high	1	5	kn::DrawQueue *	kn::VU1Draw::draw(kn::ModelObj *, kn::DrawParam *, kn::Model *, LPMODELDATA *, char *) [DWARF: static -- no implicit `this`, do NOT add a leading self/object-pointer argument]	C:/hd25/kingdom2/naka/libkn/vu1draw.cpp
00109e18	_ZN2kn7VU1Draw5closeEv	sim-rerun-med	1	0	u_int	kn::VU1Draw::close() [DWARF: static -- no implicit `this`, do NOT add a leading self/object-pointer argument]	C:/hd25/kingdom2/naka/libkn/vu1draw.cpp
00109e30	_ZN2kn7VU1Draw4kickEb	sim-rerun-med	1	1	u_int	kn::VU1Draw::kick(bool) [DWARF: static -- no implicit `this`, do NOT add a leading self/object-pointer argument]	C:/hd25/kingdom2/naka/libkn/vu1draw.cpp
00109e90	_ZN2kn7VU1Draw4waitEv	sim-rerun-med	1	0		kn::VU1Draw::wait() [DWARF: static -- no implicit `this`, do NOT add a leading self/object-pointer argument]	C:/hd25/kingdom2/naka/libkn/vu1draw.cpp
0010a7d8	_ZN2kn7VU1Draw11setFogColorEhhh	sim-rerun-high	1	3		kn::VU1Draw::setFogColor(u_char, u_char, u_char) [DWARF: static -- no implicit `this`, do NOT add a leading self/object-pointer argument]	C:/hd25/kingdom2/naka/libkn/vu1draw.cpp
0010a800	_ZN2kn7VU1Draw11getFogColorEPhS1_S1_	sim-rerun-med	1	3		kn::VU1Draw::getFogColor(u_char *, u_char *, u_char *) [DWARF: static -- no implicit `this`, do NOT add a leading self/object-pointer argument]	C:/hd25/kingdom2/naka/libkn/vu1draw.cpp
0010a828	_ZN2kn7VU1Draw11setFogRangeEff	sim-rerun-high	1	2		kn::VU1Draw::setFogRange(float, float) [DWARF: static -- no implicit `this`, do NOT add a leading self/object-pointer argument]	C:/hd25/kingdom2/naka/libkn/vu1draw.cpp
0010a8a8	_ZN2kn7VU1Draw13setFogLimiterEff	sim-rerun-high	1	2		kn::VU1Draw::setFogLimiter(float, float) [DWARF: static -- no implicit `this`, do NOT add a leading self/object-pointer argument]	C:/hd25/kingdom2/naka/libkn/vu1draw.cpp
0010a918	_ZN2kn7VU1Draw9shadowEnvENS_11SHADOW_SIZEE	sim-sib-high	1	1		kn::VU1Draw::shadowEnv(kn::SHADOW_SIZE) [DWARF: static -- no implicit `this`, do NOT add a leading self/object-pointer argument]	C:/hd25/kingdom2/naka/libkn/vu1draw.cpp
0010ab08	_ZN2kn7VU1Draw17shadowTextureSoftENS_11SHADOW_SIZEE	sim-sib-med	1	1		kn::VU1Draw::shadowTextureSoft(kn::SHADOW_SIZE) [DWARF: static -- no implicit `this`, do NOT add a leading self/object-pointer argument]	C:/hd25/kingdom2/naka/libkn/vu1draw.cpp
0010ab80	_ZN2kn7VU1Draw19frameBuffer2TextureEv	sim-rerun-med	1	0		kn::VU1Draw::frameBuffer2Texture() [DWARF: static -- no implicit `this`, do NOT add a leading self/object-pointer argument]	C:/hd25/kingdom2/naka/libkn/vu1draw.cpp
0010abb8	_ZN2kn7VU1Draw8setPhaseENS0_5PHASEE	sim-rerun-med	1	1	kn::VU1Draw::PHASE	kn::VU1Draw::setPhase(kn::VU1Draw::PHASE) [DWARF: static -- no implicit `this`, do NOT add a leading self/object-pointer argument]	C:/hd25/kingdom2/naka/libkn/vu1draw.cpp
0010ae90	_ZN2kn7VU1Draw10getContextEv	sim-rerun-high	1	0	kn::VU1DrawContext &	kn::VU1Draw::getContext() [DWARF: static -- no implicit `this`, do NOT add a leading self/object-pointer argument]	C:/hd25/kingdom2/naka/libkn/vu1draw.cpp
0010b620	_ZN2kn6VecSet3setERKNS_7FVectorES3_	med	0	3		kn::VecSet::set(kn::VecSet *, const kn::FVector &, const kn::FVector &)	C:/hd25/kingdom2/naka/libkn/friend.cpp
0010c078	_ZN2kn6FriendC1EPKN2YS8OBJENTRYERKNS_7FVectorEf	sim-high	0	4		kn::Friend::Friend(kn::Friend *, const YS::OBJENTRY *, const kn::FVector &, float)	C:/hd25/kingdom2/naka/libkn/friend.cpp
0010c850	_ZN2kn6Friend13_OVR__destroyEv	sim-med	0	1		kn::Friend::_OVR__destroy(kn::Friend *)	C:/hd25/kingdom2/naka/libkn/friend.cpp
0010c940	_ZN2kn6Friend4jumpEfi	sim-high	0	3		kn::Friend::jump(kn::Friend *, float, int)	C:/hd25/kingdom2/naka/libkn/friend.cpp
0010c9f8	_ZN2YS11TEST_ACTION9ActionHopEi	sim-med	1	1		YS::TEST_ACTION::ActionHop(int) [DWARF: static -- no implicit `this`, do NOT add a leading self/object-pointer argument]	C:/hd25/kingdom2/yasui/libysdbg/test_action.cpp
0010cbc8	_ZN2kn6Friend14setCommandItemEiPN2YS3OBJEi	med	0	4		kn::Friend::setCommandItem(kn::Friend *, int, YS::OBJ *, int)	C:/hd25/kingdom2/naka/libkn/friend.cpp
0010cc70	_ZN2kn6Friend11getEnemyVecEv	med	0	1	const kn::VecSet *	kn::Friend::getEnemyVec(kn::Friend *)	C:/hd25/kingdom2/naka/libkn/friend.cpp
0010cce0	_ZN2kn6Friend9eachEnemyEPN2YS3OBJE	med	1	1	YS::BTLOBJ *	kn::Friend::eachEnemy(YS::OBJ *) [DWARF: static -- no implicit `this`, do NOT add a leading self/object-pointer argument]	C:/hd25/kingdom2/naka/libkn/friend.cpp
0010cdc4	_ZN2kn6Friend20checkLostTarget_freeEv	sim-high	0	1	bool	kn::Friend::checkLostTarget_free(kn::Friend *)	C:/hd25/kingdom2/naka/libkn/friend.cpp
0010ce78	_ZN2kn6Friend24checkLostTarget_togetherEv	sim-med	0	1	bool	kn::Friend::checkLostTarget_together(kn::Friend *)	C:/hd25/kingdom2/naka/libkn/friend.cpp
0010cef0	_ZN2kn6Friend20checkLostTarget_nearEv	sim-high	0	1	bool	kn::Friend::checkLostTarget_near(kn::Friend *)	C:/hd25/kingdom2/naka/libkn/friend.cpp
0010d038	_ZN2kn6Friend19checkLostTarget_farEv	sim-high	0	1	bool	kn::Friend::checkLostTarget_far(kn::Friend *)	C:/hd25/kingdom2/naka/libkn/friend.cpp
0010d2b8	_ZN2kn6Friend16searchEnemy_freeEPN2YS6TARGETES3_	med	0	3		kn::Friend::searchEnemy_free(kn::Friend *, YS::TARGET *, YS::TARGET *)	C:/hd25/kingdom2/naka/libkn/friend.cpp
0010d468	_ZN2kn6Friend20searchEnemy_togetherEPN2YS6TARGETES3_	med	0	3		kn::Friend::searchEnemy_together(kn::Friend *, YS::TARGET *, YS::TARGET *)	C:/hd25/kingdom2/naka/libkn/friend.cpp
0010d524	_ZN2kn6Friend16searchEnemy_nearEPN2YS6TARGETES3_	sim-high	0	3		kn::Friend::searchEnemy_near(kn::Friend *, YS::TARGET *, YS::TARGET *)	C:/hd25/kingdom2/naka/libkn/friend.cpp
0010d638	_ZN2kn6Friend15searchEnemy_farEPN2YS6TARGETES3_	sim-high	0	3		kn::Friend::searchEnemy_far(kn::Friend *, YS::TARGET *, YS::TARGET *)	C:/hd25/kingdom2/naka/libkn/friend.cpp
0010d8f8	_ZN2kn6Friend19searchEnemy_supportEPN2YS6TARGETES3_	sim-sib-med	0	3		kn::Friend::searchEnemy_support(kn::Friend *, YS::TARGET *, YS::TARGET *)	C:/hd25/kingdom2/naka/libkn/friend.cpp
0010d900	_ZN2kn6Friend18searchEnemy_lockonEPN2YS6TARGETES3_	med	0	3		kn::Friend::searchEnemy_lockon(kn::Friend *, YS::TARGET *, YS::TARGET *)	C:/hd25/kingdom2/naka/libkn/friend.cpp
0010d918	_ZN2kn6Friend26searchEnemy_playerAttackerEPN2YS6TARGETES3_	med	0	3		kn::Friend::searchEnemy_playerAttacker(kn::Friend *, YS::TARGET *, YS::TARGET *)	C:/hd25/kingdom2/naka/libkn/friend.cpp
0010da40	_ZN2kn6Friend24searchEnemy_playerTargetEPN2YS6TARGETES3_	med	0	3		kn::Friend::searchEnemy_playerTarget(kn::Friend *, YS::TARGET *, YS::TARGET *)	C:/hd25/kingdom2/naka/libkn/friend.cpp
0010df18	_ZN2kn6Friend11searchEnemyEv	med	0	1		kn::Friend::searchEnemy(kn::Friend *)	C:/hd25/kingdom2/naka/libkn/friend.cpp
0010e130	_ZN2kn6Friend12updateTargetEb	high	0	2	bool	kn::Friend::updateTarget(kn::Friend *, bool)	C:/hd25/kingdom2/naka/libkn/friend.cpp
0010e368	_ZN2kn6Friend14restrictedMoveEPKNS_6VecSetE	med	0	2	bool	kn::Friend::restrictedMove(kn::Friend *, const kn::VecSet *)	C:/hd25/kingdom2/naka/libkn/friend.cpp
0010e7e0	_ZN2kn6Friend12getMoveSpeedENS0_9MOVE_MODEE	sim-rerun-med	0	2	float	kn::Friend::getMoveSpeed(kn::Friend *, kn::Friend::MOVE_MODE)	C:/hd25/kingdom2/naka/libkn/friend.cpp
0010f098	_ZN2kn6Friend9canAttackEv	sim-high	0	1	bool	kn::Friend::canAttack(kn::Friend *)	C:/hd25/kingdom2/naka/libkn/friend.cpp
0010f660	_ZN2kn6Friend8getFRandEv	med	1	0	float	kn::Friend::getFRand() [DWARF: static -- no implicit `this`, do NOT add a leading self/object-pointer argument]	C:/hd25/kingdom2/naka/libkn/friend.cpp
0010f6b8	_ZN2kn6Friend12checkHpRatioEPN2YS5PARTYEf	med	1	2	bool	kn::Friend::checkHpRatio(YS::PARTY *, float) [DWARF: static -- no implicit `this`, do NOT add a leading self/object-pointer argument]	C:/hd25/kingdom2/naka/libkn/friend.cpp
0010f6f8	_ZN2kn6Friend12checkMpRatioEPN2YS5PARTYEf	sim-med	1	2	bool	kn::Friend::checkMpRatio(YS::PARTY *, float) [DWARF: static -- no implicit `this`, do NOT add a leading self/object-pointer argument]	C:/hd25/kingdom2/naka/libkn/friend.cpp
0010f748	_ZN2kn6Friend13canItemActionEi	sim-high	0	2	bool	kn::Friend::canItemAction(kn::Friend *, int)	C:/hd25/kingdom2/naka/libkn/friend.cpp
0010f7b0	_ZN2kn6Friend14equipedAbilityEii	high	0	3	bool	kn::Friend::equipedAbility(kn::Friend *, int, int)	C:/hd25/kingdom2/naka/libkn/friend.cpp
0010f880	_ZN2kn6Friend14setActionTimerEff	med	0	3		kn::Friend::setActionTimer(kn::Friend *, float, float)	C:/hd25/kingdom2/naka/libkn/friend.cpp
0010f8a8	_ZN2kn6Friend14getActionTimerEv	sim-rerun-med	0	1	float	kn::Friend::getActionTimer(kn::Friend *)	C:/hd25/kingdom2/naka/libkn/friend.cpp
0010f8c0	_ZN2kn6Friend16isContinueActionEv	med	0	1	bool	kn::Friend::isContinueAction(kn::Friend *)	C:/hd25/kingdom2/naka/libkn/friend.cpp
0010f8d0	_ZN2kn6Friend15isTargetChangedEv	sim-sandwich	0	1	bool	kn::Friend::isTargetChanged(kn::Friend *)	C:/hd25/kingdom2/naka/libkn/friend.cpp
0010f8e0	_ZN2kn6Friend19enableSystemWishDirEv	sim-sandwich	0	1		kn::Friend::enableSystemWishDir(kn::Friend *)	C:/hd25/kingdom2/naka/libkn/friend.cpp
0010f8f0	_ZN2kn6Friend20disableSystemWishDirEv	med	0	1		kn::Friend::disableSystemWishDir(kn::Friend *)	C:/hd25/kingdom2/naka/libkn/friend.cpp
0010f918	_ZN2kn6Friend14disableInertiaEv	med	0	1		kn::Friend::disableInertia(kn::Friend *)	C:/hd25/kingdom2/naka/libkn/friend.cpp
0010f960	_ZN2kn6Friend13enableInertiaEv	sim-high	0	1		kn::Friend::enableInertia(kn::Friend *)	C:/hd25/kingdom2/naka/libkn/friend.cpp
0010f9f0	_ZN2kn6Friend11setMovementERKNS_7FVectorEb	med	0	3		kn::Friend::setMovement(kn::Friend *, const kn::FVector &, bool)	C:/hd25/kingdom2/naka/libkn/friend.cpp
0010fa28	_ZN2kn6Friend11getMovementEv	med	0	1	kn::FVector &	kn::Friend::getMovement(kn::Friend *)	C:/hd25/kingdom2/naka/libkn/friend.cpp
0010fa58	_ZN2kn6Friend10getInertiaEv	high	0	1	kn::FVector &	kn::Friend::getInertia(kn::Friend *)	C:/hd25/kingdom2/naka/libkn/friend.cpp
0010fb08	_ZN2kn6Friend18getEmergencyTargetEv	sim-rerun-high	0	1	YS::PARTY *	kn::Friend::getEmergencyTarget(kn::Friend *)	C:/hd25/kingdom2/naka/libkn/friend.cpp
0010fb10	_ZN2kn6Friend15emergencyActionEv	sim-med	0	1	bool	kn::Friend::emergencyAction(kn::Friend *)	C:/hd25/kingdom2/naka/libkn/friend.cpp
00110500	_ZN2kn6Friend12followPlayerEv	high	0	1		kn::Friend::followPlayer(kn::Friend *)	C:/hd25/kingdom2/naka/libkn/friend.cpp
001106a0	_ZN2kn6Friend11adjustSpeedEv	sim-rerun-med	0	1		kn::Friend::adjustSpeed(kn::Friend *)	C:/hd25/kingdom2/naka/libkn/friend.cpp
001108f0	_ZN2kn6Friend16_OVR_exec_damageEPN2YS6DAMAGEE	med	0	2		kn::Friend::_OVR_exec_damage(kn::Friend *, YS::DAMAGE *)	C:/hd25/kingdom2/naka/libkn/friend.cpp
00110960	_ZN2kn6Friend20_OVR_attack_callbackEPN2YS6BTLOBJEPNS1_6ATTACKEPKNS1_11ATTACKPARAME	med	0	4		kn::Friend::_OVR_attack_callback(kn::Friend *, YS::BTLOBJ *, YS::ATTACK *, const YS::ATTACKPARAM *)	C:/hd25/kingdom2/naka/libkn/friend.cpp
001109c8	_ZN2kn6Friend11_OVR_attackEv	sim-high	0	1		kn::Friend::_OVR_attack(kn::Friend *)	C:/hd25/kingdom2/naka/libkn/friend.cpp
00110c90	_ZN2kn6Friend15searchWarpPointEv	sim-high	0	1	int	kn::Friend::searchWarpPoint(kn::Friend *)	C:/hd25/kingdom2/naka/libkn/friend.cpp
00111000	_ZN2kn6Friend19invalidateWarpPointERKNS_7FVectorEf	med	1	2		kn::Friend::invalidateWarpPoint(const kn::FVector &, float) [DWARF: static -- no implicit `this`, do NOT add a leading self/object-pointer argument]	C:/hd25/kingdom2/naka/libkn/friend.cpp
00111040	_ZN2kn6Friend9forceWarpEv	med	0	1		kn::Friend::forceWarp(kn::Friend *)	C:/hd25/kingdom2/naka/libkn/friend.cpp
00111060	_ZN2kn6Friend9warpCntrlEv	med	0	1		kn::Friend::warpCntrl(kn::Friend *)	C:/hd25/kingdom2/naka/libkn/friend.cpp
001110e8	_ZN2kn6Friend9warpCntrlEv	sim-rerun-med	0	1		kn::Friend::warpCntrl(kn::Friend *)	C:/hd25/kingdom2/naka/libkn/friend.cpp
001112a8	_ZN2kn6Friend11normal_execEv	med	0	1		kn::Friend::normal_exec(kn::Friend *)	C:/hd25/kingdom2/naka/libkn/friend.cpp
00111520	_ZN2kn6Friend9_OVR_execEv	med	0	1		kn::Friend::_OVR_exec(kn::Friend *)	C:/hd25/kingdom2/naka/libkn/friend.cpp
001117d8	_ZN2kn6Friend16_OVR_is_wish_dirEv	sim-gap-med	0	1	bool	kn::Friend::_OVR_is_wish_dir(kn::Friend *)	C:/hd25/kingdom2/naka/libkn/friend.cpp
00111e50	_ZN2kn6Friend20setPartyCharaAddressEv	med	1	0		kn::Friend::setPartyCharaAddress() [DWARF: static -- no implicit `this`, do NOT add a leading self/object-pointer argument]	C:/hd25/kingdom2/naka/libkn/friend.cpp
00111f50	_ZN2kn6Friend15pre_friend_procEP4TASK	med	1	1		kn::Friend::pre_friend_proc(TASK *) [DWARF: static -- no implicit `this`, do NOT add a leading self/object-pointer argument]	C:/hd25/kingdom2/naka/libkn/friend.cpp
001122a0	_ZN2kn6Friend16post_friend_procEP4TASK	med	1	1		kn::Friend::post_friend_proc(TASK *) [DWARF: static -- no implicit `this`, do NOT add a leading self/object-pointer argument]	C:/hd25/kingdom2/naka/libkn/friend.cpp
00112388	_ZN2kn6Friend20effect_observer_procEP4TASK	med	1	1		kn::Friend::effect_observer_proc(TASK *) [DWARF: static -- no implicit `this`, do NOT add a leading self/object-pointer argument]	C:/hd25/kingdom2/naka/libkn/friend.cpp
001123f0	_ZN2kn6Friend4InitEv	high	1	0		kn::Friend::Init() [DWARF: static -- no implicit `this`, do NOT add a leading self/object-pointer argument]	C:/hd25/kingdom2/naka/libkn/friend.cpp
001124e8	_ZN2kn6Friend12setWarpLevelENS0_10WARP_LEVELE	med	1	1	kn::Friend::WARP_LEVEL	kn::Friend::setWarpLevel(kn::Friend::WARP_LEVEL) [DWARF: static -- no implicit `this`, do NOT add a leading self/object-pointer argument]	C:/hd25/kingdom2/naka/libkn/friend.cpp
001125d8	_ZN2kn6Friend9setTargetENS0_15SET_TARGET_MODEEPN2YS6TARGETE	med	0	3		kn::Friend::setTarget(kn::Friend *, kn::Friend::SET_TARGET_MODE, YS::TARGET *)	C:/hd25/kingdom2/naka/libkn/friend.cpp
00112730	_ZN2kn6Friend7setFlagEj	med	0	2	u_int	kn::Friend::setFlag(kn::Friend *, u_int)	C:/hd25/kingdom2/naka/libkn/friend.cpp
00112740	_ZN2kn6Friend7getFlagEv	high	0	1	u_int	kn::Friend::getFlag(kn::Friend *)	C:/hd25/kingdom2/naka/libkn/friend.cpp
00112c58	_ZN2kn6Friend12isStartLeaveEv	med	0	1	bool	kn::Friend::isStartLeave(kn::Friend *)	C:/hd25/kingdom2/naka/libkn/friend.cpp
00112d28	_ZN2kn6Friend15is_active_enemyEPKN2YS3OBJE	med	1	1	bool	kn::Friend::is_active_enemy(const YS::OBJ *) [DWARF: static -- no implicit `this`, do NOT add a leading self/object-pointer argument]	C:/hd25/kingdom2/naka/libkn/friend.cpp
00112d90	_ZN2kn6Friend15is_active_enemyEPKN2YS6TARGETE	med	1	1	bool	kn::Friend::is_active_enemy(const YS::TARGET *) [DWARF: static -- no implicit `this`, do NOT add a leading self/object-pointer argument]	C:/hd25/kingdom2/naka/libkn/friend.cpp
00112df0	_ZN2kn6Friend15setAttackTargetEPN2YS3OBJEPNS1_6TARGETEPNS_7FVectorEf	high	1	4		kn::Friend::setAttackTarget(YS::OBJ *, YS::TARGET *, kn::FVector *, float) [DWARF: static -- no implicit `this`, do NOT add a leading self/object-pointer argument]	C:/hd25/kingdom2/naka/libkn/friend.cpp
00112f88	_ZN2kn6Friend19target2hitCollisionEPN2YS6TARGETE	med	1	1	const YS::COLLISION_ELEM *	kn::Friend::target2hitCollision(YS::TARGET *) [DWARF: static -- no implicit `this`, do NOT add a leading self/object-pointer argument]	C:/hd25/kingdom2/naka/libkn/friend.cpp
001130b0	_ZN2kn6Friend6strikeERKNS_7FVectorEPN2YS6TARGETEPNS4_6ATTACKEi	med	1	4	bool	kn::Friend::strike(RCFVector, YS::TARGET *, YS::ATTACK *, int) [DWARF: static -- no implicit `this`, do NOT add a leading self/object-pointer argument]	C:/hd25/kingdom2/naka/libkn/friend.cpp
00113338	_ZN2kn6Friend6strikeERKNS_7FVectorEPN2YS6TARGETEiii	high	0	6	bool	kn::Friend::strike(kn::Friend *, RCFVector, YS::TARGET *, int, int, int)	C:/hd25/kingdom2/naka/libkn/friend.cpp
001133f8	_ZN2kn6Friend18disableFollowEnemyEv	med	0	1		kn::Friend::disableFollowEnemy(kn::Friend *)	C:/hd25/kingdom2/naka/libkn/friend.cpp
00113450	_ZN2kn6Friend12addWarpPointERKNS_7FVectorE	med	1	1		kn::Friend::addWarpPoint(const kn::FVector &) [DWARF: static -- no implicit `this`, do NOT add a leading self/object-pointer argument]	C:/hd25/kingdom2/naka/libkn/friend.cpp
00113648	_ZN2kn17FriendPersonalityC1EPNS_6FriendEPNS_11FriendParamE	sim-rerun-high	0	3		kn::FriendPersonality::FriendPersonality(kn::FriendPersonality *, kn::Friend *, kn::FriendParam *)	C:/hd25/kingdom2/naka/libkn/friend_personality.cpp
00113678	_ZN2kn17FriendPersonalityD1Ev	high	0	1		kn::FriendPersonality::~FriendPersonality(kn::FriendPersonality *)	C:/hd25/kingdom2/naka/libkn/friend_personality.cpp
001136a8	_ZN2kn17FriendPersonality13force_destroyEv	high	0	1		kn::FriendPersonality::force_destroy(kn::FriendPersonality *)	C:/hd25/kingdom2/naka/libkn/friend_personality.cpp
001136b8	_ZN2kn17FriendPersonality15linkActionParamEv	med	0	1		kn::FriendPersonality::linkActionParam(kn::FriendPersonality *)	C:/hd25/kingdom2/naka/libkn/friend_personality.cpp
001137e0	_ZNK2kn17FriendPersonality16getActionTblSizeEv	sim-med	0	1	int	kn::FriendPersonality::getActionTblSize(const kn::FriendPersonality *)	C:/hd25/kingdom2/naka/libkn/friend_personality.cpp
001137e8	_ZNK2kn17FriendPersonality12getActionTblEv	sim-med	0	1	kn::FriendAction *	kn::FriendPersonality::getActionTbl(const kn::FriendPersonality *)	C:/hd25/kingdom2/naka/libkn/friend_personality.cpp
001137f0	_ZNK2kn17FriendPersonality14getHopParamNumEv	sim-sandwich	0	1	int	kn::FriendPersonality::getHopParamNum(const kn::FriendPersonality *)	C:/hd25/kingdom2/naka/libkn/friend_personality.cpp
00113808	_ZNK2kn17FriendPersonality11getHopParamEi	sim-med	0	2	kn::FriendHopParam *	kn::FriendPersonality::getHopParam(const kn::FriendPersonality *, int)	C:/hd25/kingdom2/naka/libkn/friend_personality.cpp
00113848	_ZN2kn17FriendPersonality4idleEPNS_12FriendActionEPN2YS6TARGETEPPvb	med	0	5	bool	kn::FriendPersonality::idle(kn::FriendPersonality *, kn::FriendAction *, YS::TARGET *, void **, bool)	C:/hd25/kingdom2/naka/libkn/friend_personality.cpp
00113d44	_ZN2kn17FriendPersonality6mpItemEPNS_12FriendActionEPN2YS6TARGETEPPvb	sim-high	0	5	bool	kn::FriendPersonality::mpItem(kn::FriendPersonality *, kn::FriendAction *, YS::TARGET *, void **, bool)	C:/hd25/kingdom2/naka/libkn/friend_personality.cpp
00113fb0	_ZN2kn17FriendPersonality16execScriptActionEPNS_12FriendActionEPN2YS6TARGETEPPvb	med	0	5	bool	kn::FriendPersonality::execScriptAction(kn::FriendPersonality *, kn::FriendAction *, YS::TARGET *, void **, bool)	C:/hd25/kingdom2/naka/libkn/friend_personality.cpp
00114140	_ZN2kn17FriendPersonality4cureEPNS_12FriendActionEPN2YS6TARGETEPPvb	sim-high	0	5	bool	kn::FriendPersonality::cure(kn::FriendPersonality *, kn::FriendAction *, YS::TARGET *, void **, bool)	C:/hd25/kingdom2/naka/libkn/friend_personality.cpp
001142a0	_ZNK2kn17FriendPersonality13getMagicRatioEv	sim-sandwich	0	1	float	kn::FriendPersonality::getMagicRatio(const kn::FriendPersonality *)	C:/hd25/kingdom2/naka/libkn/friend_personality.cpp
001142b0	_ZNK2kn17FriendPersonality11getHopRatioEv	sim-sandwich	0	1	float	kn::FriendPersonality::getHopRatio(const kn::FriendPersonality *)	C:/hd25/kingdom2/naka/libkn/friend_personality.cpp
001142c0	_ZNK2kn17FriendPersonality19getSearchEnemyRangeEv	med	0	1	float	kn::FriendPersonality::getSearchEnemyRange(const kn::FriendPersonality *)	C:/hd25/kingdom2/naka/libkn/friend_personality.cpp
001142d0	_ZNK2kn17FriendPersonality21getLostTargetDistanceEv	sim-med	0	1	float	kn::FriendPersonality::getLostTargetDistance(const kn::FriendPersonality *)	C:/hd25/kingdom2/naka/libkn/friend_personality.cpp
001142e0	_ZNK2kn17FriendPersonality15getMoveRangeLowENS_6Friend9MOVE_MODEEbb	sim-sandwich	0	4	float	kn::FriendPersonality::getMoveRangeLow(const kn::FriendPersonality *, kn::Friend::MOVE_MODE, bool, bool)	C:/hd25/kingdom2/naka/libkn/friend_personality.cpp
00114328	_ZNK2kn17FriendPersonality14getMoveRangeHiENS_6Friend9MOVE_MODEEbb	sim-sandwich	0	4	float	kn::FriendPersonality::getMoveRangeHi(const kn::FriendPersonality *, kn::Friend::MOVE_MODE, bool, bool)	C:/hd25/kingdom2/naka/libkn/friend_personality.cpp
00114380	_ZNK2kn17FriendPersonality15getStayDistanceEv	sim-sandwich	0	1	float	kn::FriendPersonality::getStayDistance(const kn::FriendPersonality *)	C:/hd25/kingdom2/naka/libkn/friend_personality.cpp
00114390	_ZNK2kn17FriendPersonality15getAwayDistanceEv	sim-med	0	1	float	kn::FriendPersonality::getAwayDistance(const kn::FriendPersonality *)	C:/hd25/kingdom2/naka/libkn/friend_personality.cpp
001143a0	_ZN2kn17FriendPersonality11exec_damageEPN2YS6DAMAGEE	high	0	2		kn::FriendPersonality::exec_damage(kn::FriendPersonality *, YS::DAMAGE *)	C:/hd25/kingdom2/naka/libkn/friend_personality.cpp
001143a8	_ZN2kn17FriendPersonality15attack_callbackEPN2YS6BTLOBJEPNS1_6ATTACKEPKNS1_11ATTACKPARAME	high	0	4		kn::FriendPersonality::attack_callback(kn::FriendPersonality *, YS::BTLOBJ *, YS::ATTACK *, const YS::ATTACKPARAM *)	C:/hd25/kingdom2/naka/libkn/friend_personality.cpp
001143b0	_ZN2kn17FriendPersonality10initializeEv	high	0	1		kn::FriendPersonality::initialize(kn::FriendPersonality *)	C:/hd25/kingdom2/naka/libkn/friend_personality.cpp
001143b8	_ZN2kn17FriendPersonality15exec_initializeEv	high	0	1		kn::FriendPersonality::exec_initialize(kn::FriendPersonality *)	C:/hd25/kingdom2/naka/libkn/friend_personality.cpp
001143c0	_ZN2kn17FriendPersonality8pre_execEv	high	0	1		kn::FriendPersonality::pre_exec(kn::FriendPersonality *)	C:/hd25/kingdom2/naka/libkn/friend_personality.cpp
001143c8	_ZN2kn17FriendPersonality9post_execEv	high	0	1		kn::FriendPersonality::post_exec(kn::FriendPersonality *)	C:/hd25/kingdom2/naka/libkn/friend_personality.cpp
001143d0	_ZN2kn17FriendPersonality15effect_observerEv	high	0	1		kn::FriendPersonality::effect_observer(kn::FriendPersonality *)	C:/hd25/kingdom2/naka/libkn/friend_personality.cpp
00114428	_ZN2kn17FriendPersonality9end_limitEv	high	0	1		kn::FriendPersonality::end_limit(kn::FriendPersonality *)	C:/hd25/kingdom2/naka/libkn/friend_personality.cpp
00114430	_ZN2kn17FriendPersonality15startWarpEffectEv	high	0	1		kn::FriendPersonality::startWarpEffect(kn::FriendPersonality *)	C:/hd25/kingdom2/naka/libkn/friend_personality.cpp
00114438	_ZN2kn17FriendPersonality14getActionParamEi	med	0	2	kn::FriendActionParam *	kn::FriendPersonality::getActionParam(kn::FriendPersonality *, int)	C:/hd25/kingdom2/naka/libkn/friend_personality.cpp
00114490	_ZN2kn17FriendPersonality15getSpecialParamEi	sim-med	0	2	kn::FriendSpecialParam *	kn::FriendPersonality::getSpecialParam(kn::FriendPersonality *, int)	C:/hd25/kingdom2/naka/libkn/friend_personality.cpp
001144e8	_ZN2kn17FriendPersonality11proc2ActionEMS0_FbPNS_12FriendActionEPN2YS6TARGETEPPvbE	med	0	2	kn::FriendAction *	kn::FriendPersonality::proc2Action(kn::FriendPersonality *, FriendActionProc)	C:/hd25/kingdom2/naka/libkn/friend_personality.cpp
00114580	_ZN2kn13FriendSaveRamC1Ev	sim-med	0	1		kn::FriendSaveRam::FriendSaveRam(kn::FriendSaveRam *)	C:/hd25/kingdom2/naka/libkn/friend_saveram.cpp
001145b0	_ZN2kn13FriendSaveRam10item2indexEi	med	1	1	int	kn::FriendSaveRam::item2index(int) [DWARF: static -- no implicit `this`, do NOT add a leading self/object-pointer argument]	C:/hd25/kingdom2/naka/libkn/friend_saveram.cpp
001147b8	_ZN2kn6DonaldC1EPNS_6FriendEPNS_11FriendParamE	sim-med	0	3		kn::Donald::Donald(kn::Donald *, kn::Friend *, kn::FriendParam *)	C:/hd25/kingdom2/naka/libkn/donald.cpp
00114828	_ZN2kn6DonaldD1Ev	sim-vt-med	0	1		kn::Donald::~Donald(kn::Donald *)	C:/hd25/kingdom2/naka/libkn/donald.cpp
00114918	_ZN2kn7AladdinD1Ev	sim-med	0	1		kn::Aladdin::~Aladdin(kn::Aladdin *)	C:/hd25/kingdom2/naka/libkn/aladdin.cpp
00114940	_ZN2kn5BeastD1Ev	sim-vt-med	0	1		kn::Beast::~Beast(kn::Beast *)	C:/hd25/kingdom2/naka/libkn/beast.cpp
00114a20	_ZN2kn5Goofy4rushEPNS_12FriendActionEPN2YS6TARGETEPPvb	sim-high	0	5	bool	kn::Goofy::rush(kn::Goofy *, kn::FriendAction *, YS::TARGET *, void **, bool)	C:/hd25/kingdom2/naka/libkn/goofy.cpp
00114ab0	_ZN2kn7AladdinC1EPNS_6FriendEPNS_11FriendParamE	sim-high	0	3		kn::Aladdin::Aladdin(kn::Aladdin *, kn::Friend *, kn::FriendParam *)	C:/hd25/kingdom2/naka/libkn/aladdin.cpp
00114af8	_ZN2kn5AuronC1EPNS_6FriendEPNS_11FriendParamE	sim-vt-med	0	3		kn::Auron::Auron(kn::Auron *, kn::Friend *, kn::FriendParam *)	C:/hd25/kingdom2/naka/libkn/auron.cpp
00114b68	_ZN2kn5AuronD1Ev	sim-vt-med	0	1		kn::Auron::~Auron(kn::Auron *)	C:/hd25/kingdom2/naka/libkn/auron.cpp
00114c30	_ZN2kn3PinC1EPNS_6FriendEPNS_11FriendParamE	sim-vt-med	0	3		kn::Pin::Pin(kn::Pin *, kn::Friend *, kn::FriendParam *)	C:/hd25/kingdom2/naka/libkn/pin.cpp
00114ca0	_ZN2kn3PinD1Ev	sim-vt-med	0	1		kn::Pin::~Pin(kn::Pin *)	C:/hd25/kingdom2/naka/libkn/pin.cpp
00114ea0	_ZN2kn5MulanC1EPNS_6FriendEPNS_11FriendParamE	sim-med	0	3		kn::Mulan::Mulan(kn::Mulan *, kn::Friend *, kn::FriendParam *)	C:/hd25/kingdom2/naka/libkn/mulan.cpp
00114f10	_ZN2kn5MulanD1Ev	sim-vt-med	0	1		kn::Mulan::~Mulan(kn::Mulan *)	C:/hd25/kingdom2/naka/libkn/mulan.cpp
00114fb0	_ZN2kn5SimbaC1EPNS_6FriendEPNS_11FriendParamE	sim-high	0	3		kn::Simba::Simba(kn::Simba *, kn::Friend *, kn::FriendParam *)	C:/hd25/kingdom2/naka/libkn/simba.cpp
00114ff8	_ZN2kn7SparrowC1EPNS_6FriendEPNS_11FriendParamE	sim-vt-callsite	0	3		kn::Sparrow::Sparrow(kn::Sparrow *, kn::Friend *, kn::FriendParam *)	C:/hd25/kingdom2/naka/libkn/sparrow.cpp
00115040	_ZN2kn5SimbaD1Ev	sim-med	0	1		kn::Simba::~Simba(kn::Simba *)	C:/hd25/kingdom2/naka/libkn/simba.cpp
00115068	_ZN2kn7SparrowD1Ev	high	0	1		kn::Sparrow::~Sparrow(kn::Sparrow *)	C:/hd25/kingdom2/naka/libkn/sparrow.cpp
001151f8	_ZN2kn5BeastC1EPNS_6FriendEPNS_11FriendParamE	sim-vt-callsite	0	3		kn::Beast::Beast(kn::Beast *, kn::Friend *, kn::FriendParam *)	C:/hd25/kingdom2/naka/libkn/beast.cpp
00115240	_ZN2kn4TronC1EPNS_6FriendEPNS_11FriendParamE	sim-rerun-high	0	3		kn::Tron::Tron(kn::Tron *, kn::Friend *, kn::FriendParam *)	C:/hd25/kingdom2/naka/libkn/tron.cpp
00115268	_ZN2kn4TronD1Ev	sim-vt-med	0	1		kn::Tron::~Tron(kn::Tron *)	C:/hd25/kingdom2/naka/libkn/tron.cpp
00115308	_ZN2kn5GoofyC1EPNS_6FriendEPNS_11FriendParamE	sim-med	0	3		kn::Goofy::Goofy(kn::Goofy *, kn::Friend *, kn::FriendParam *)	C:/hd25/kingdom2/naka/libkn/goofy.cpp
00115350	_ZN2kn4JackC1EPNS_6FriendEPNS_11FriendParamE	sim-vt-med	0	3		kn::Jack::Jack(kn::Jack *, kn::Friend *, kn::FriendParam *)	C:/hd25/kingdom2/naka/libkn/jack.cpp
00115398	_ZN2kn5GoofyD1Ev	sim-med	0	1		kn::Goofy::~Goofy(kn::Goofy *)	C:/hd25/kingdom2/naka/libkn/goofy.cpp
001153c0	_ZN2kn4JackD1Ev	sim-vt-med	0	1		kn::Jack::~Jack(kn::Jack *)	C:/hd25/kingdom2/naka/libkn/jack.cpp
00115738	_ZN2kn4RikuC1EPNS_6FriendEPNS_11FriendParamE	sim-med	0	3		kn::Riku::Riku(kn::Riku *, kn::Friend *, kn::FriendParam *)	C:/hd25/kingdom2/naka/libkn/riku.cpp
001157a8	_ZN2kn4RikuD1Ev	sim-vt-med	0	1		kn::Riku::~Riku(kn::Riku *)	C:/hd25/kingdom2/naka/libkn/riku.cpp
00115808	_ZN2kn4Riku4idleEPNS_12FriendActionEPN2YS6TARGETEPPvb	med	0	5	bool	kn::Riku::idle(kn::Riku *, kn::FriendAction *, YS::TARGET *, void **, bool)	C:/hd25/kingdom2/naka/libkn/riku.cpp
00115848	_ZN2kn6Friend11stitch_execEv	med	0	1		kn::Friend::stitch_exec(kn::Friend *)	C:/hd25/kingdom2/naka/libkn/stitch.cpp
00115c08	_ZN2kn6Stitch12stitch2worldERKNS_7FMatrixEPNS_7FVectorES5_S5_b	med	0	6		kn::Stitch::stitch2world(kn::Stitch *, const kn::FMatrix &, kn::FVector *, kn::FVector *, kn::FVector *, bool)	C:/hd25/kingdom2/naka/libkn/stitch.cpp
001161c8	_ZN2kn6Stitch12player2worldERKNS_7FMatrixEPNS_7FVectorES5_S5_b	med	0	6		kn::Stitch::player2world(kn::Stitch *, const kn::FMatrix &, kn::FVector *, kn::FVector *, kn::FVector *, bool)	C:/hd25/kingdom2/naka/libkn/stitch.cpp
00116798	_ZN2kn6Stitch14clamp_positionEv	med	0	1		kn::Stitch::clamp_position(kn::Stitch *)	C:/hd25/kingdom2/naka/libkn/stitch.cpp
001169e8	_ZN2kn6Stitch16calc_move_targetEi	sim-high	0	2		kn::Stitch::calc_move_target(kn::Stitch *, int)	C:/hd25/kingdom2/naka/libkn/stitch.cpp
00116db0	_ZN2kn6Stitch8pre_execEv	high	0	1		kn::Stitch::pre_exec(kn::Stitch *)	C:/hd25/kingdom2/naka/libkn/stitch.cpp
00117790	_ZN2kn6Stitch15effect_observerEv	sim-vt-high	0	1		kn::Stitch::effect_observer(kn::Stitch *)	C:/hd25/kingdom2/naka/libkn/stitch.cpp
00117808	_ZN2kn6Stitch19set_screen_positionERKNS_7FVectorE	med	0	2		kn::Stitch::set_screen_position(kn::Stitch *, const kn::FVector &)	C:/hd25/kingdom2/naka/libkn/stitch.cpp
00117970	_ZN2kn6Stitch11startEffectEiPN2YS3OBJEiibii	high	0	8	int	kn::Stitch::startEffect(kn::Stitch *, int, YS::OBJ *, int, int, bool, int, int)	C:/hd25/kingdom2/naka/libkn/stitch.cpp
00117dd8	_ZN2kn6StitchD1Ev	sim-high	0	1		kn::Stitch::~Stitch(kn::Stitch *)	C:/hd25/kingdom2/naka/libkn/stitch.cpp
00117f60	_ZN2kn6Stitch4moveEPNS_12FriendActionEPN2YS6TARGETEPPvb	sim-high	0	5	bool	kn::Stitch::move(kn::Stitch *, kn::FriendAction *, YS::TARGET *, void **, bool)	C:/hd25/kingdom2/naka/libkn/stitch.cpp
00118048	_ZN2kn6Stitch4idleEPNS_12FriendActionEPN2YS6TARGETEPPvb	med	0	5	bool	kn::Stitch::idle(kn::Stitch *, kn::FriendAction *, YS::TARGET *, void **, bool)	C:/hd25/kingdom2/naka/libkn/stitch.cpp
00118378	_ZN2kn6Stitch14ukulele_strikeEi	med	0	2		kn::Stitch::ukulele_strike(kn::Stitch *, int)	C:/hd25/kingdom2/naka/libkn/stitch.cpp
0011868c	_ZN2kn6Stitch13limit_ukuleleEPNS_12FriendActionEPN2YS6TARGETEPPvb	med	0	5	bool	kn::Stitch::limit_ukulele(kn::Stitch *, kn::FriendAction *, YS::TARGET *, void **, bool)	C:/hd25/kingdom2/naka/libkn/stitch.cpp
00118998	_ZN2kn6Stitch4lickEPNS_12FriendActionEPN2YS6TARGETEPPvb	med	0	5	bool	kn::Stitch::lick(kn::Stitch *, kn::FriendAction *, YS::TARGET *, void **, bool)	C:/hd25/kingdom2/naka/libkn/stitch.cpp
00118d10	_ZN2kn6Stitch12move_requestEi	med	0	2		kn::Stitch::move_request(kn::Stitch *, int)	C:/hd25/kingdom2/naka/libkn/stitch.cpp
00118da0	_ZN2kn6Stitch10set_targetEv	high	0	1		kn::Stitch::set_target(kn::Stitch *)	C:/hd25/kingdom2/naka/libkn/stitch.cpp
00119064	_ZN2kn6Stitch10limit_shotEPNS_12FriendActionEPN2YS6TARGETEPPvb	med	0	5	bool	kn::Stitch::limit_shot(kn::Stitch *, kn::FriendAction *, YS::TARGET *, void **, bool)	C:/hd25/kingdom2/naka/libkn/stitch.cpp
0011917c	_ZN2kn6Stitch12limit_finishEPNS_12FriendActionEPN2YS6TARGETEPPvb	med	0	5	bool	kn::Stitch::limit_finish(kn::Stitch *, kn::FriendAction *, YS::TARGET *, void **, bool)	C:/hd25/kingdom2/naka/libkn/stitch.cpp
0011931c	_ZN2kn6Stitch11start_limitEv	sim-high	0	1		kn::Stitch::start_limit(kn::Stitch *)	C:/hd25/kingdom2/naka/libkn/stitch.cpp
001195a8	_ZN2kn6Stitch9end_limitEv	med	0	1		kn::Stitch::end_limit(kn::Stitch *)	C:/hd25/kingdom2/naka/libkn/stitch.cpp
001196d0	_ZN2kn6Stitch8dispatchEPNS_6FriendEi	med	1	2	int	kn::Stitch::dispatch(kn::Friend *, int) [DWARF: static -- no implicit `this`, do NOT add a leading self/object-pointer argument]	C:/hd25/kingdom2/naka/libkn/stitch.cpp
00119830	_ZN2kn6Stitch10shotEffectEi	high	0	2		kn::Stitch::shotEffect(kn::Stitch *, int)	C:/hd25/kingdom2/naka/libkn/stitch.cpp
00119c40	_ZN2kn5GenieC1EPNS_6FriendEPNS_11FriendParamE	sim-vt-med	0	3		kn::Genie::Genie(kn::Genie *, kn::Friend *, kn::FriendParam *)	C:/hd25/kingdom2/naka/libkn/genie.cpp
00119ce0	_ZN2kn5GenieD1Ev	high	0	1		kn::Genie::~Genie(kn::Genie *)	C:/hd25/kingdom2/naka/libkn/genie.cpp
00119d40	_ZN2kn5Genie4moveEPNS_12FriendActionEPN2YS6TARGETEPPvb	med	0	5	bool	kn::Genie::move(kn::Genie *, kn::FriendAction *, YS::TARGET *, void **, bool)	C:/hd25/kingdom2/naka/libkn/genie.cpp
00119d70	_ZN2kn5Genie6potionEPNS_12FriendActionEPN2YS6TARGETEPPvb	med	0	5	bool	kn::Genie::potion(kn::Genie *, kn::FriendAction *, YS::TARGET *, void **, bool)	C:/hd25/kingdom2/naka/libkn/genie.cpp
00119e60	_ZN2kn5Genie10changeFormEi	high	0	2		kn::Genie::changeForm(kn::Genie *, int)	C:/hd25/kingdom2/naka/libkn/genie.cpp
00119f08	_ZN2kn5Genie15getLimitCommandEv	sim-rerun-med	0	1	int	kn::Genie::getLimitCommand(kn::Genie *)	C:/hd25/kingdom2/naka/libkn/genie.cpp
00119fc0	_ZN2kn6Friend20searchEnemy_peterpanEPN2YS6TARGETES3_	sim-high	0	3		kn::Friend::searchEnemy_peterpan(kn::Friend *, YS::TARGET *, YS::TARGET *)	C:/hd25/kingdom2/naka/libkn/peterpan.cpp
0011a2a8	_ZN2kn8PeterpanC1EPNS_6FriendEPNS_11FriendParamE	sim-vt-med	0	3		kn::Peterpan::Peterpan(kn::Peterpan *, kn::Friend *, kn::FriendParam *)	C:/hd25/kingdom2/naka/libkn/peterpan.cpp
0011a318	_ZN2kn8PeterpanD1Ev	sim-vt-med	0	1		kn::Peterpan::~Peterpan(kn::Peterpan *)	C:/hd25/kingdom2/naka/libkn/peterpan.cpp
0011a3cc	_ZN2kn8Peterpan16execScriptAttackEPNS_12FriendActionEPN2YS6TARGETEPPvb	med	0	5	bool	kn::Peterpan::execScriptAttack(kn::Peterpan *, kn::FriendAction *, YS::TARGET *, void **, bool)	C:/hd25/kingdom2/naka/libkn/peterpan.cpp
0011a3e0	_ZN2kn8Peterpan15startWarpEffectEv	sim-gap-med	0	1		kn::Peterpan::startWarpEffect(kn::Peterpan *)	C:/hd25/kingdom2/naka/libkn/peterpan.cpp
0011a490	_ZN2kn4TinkC1EPNS_6FriendEPNS_11FriendParamE	sim-vt-med	0	3		kn::Tink::Tink(kn::Tink *, kn::Friend *, kn::FriendParam *)	C:/hd25/kingdom2/naka/libkn/tink.cpp
0011a4e8	_ZN2kn4TinkD1Ev	sim-vt-med	0	1		kn::Tink::~Tink(kn::Tink *)	C:/hd25/kingdom2/naka/libkn/tink.cpp
0011a5a0	_ZN2kn6Friend19chicken_little_execEv	med	0	1		kn::Friend::chicken_little_exec(kn::Friend *)	C:/hd25/kingdom2/naka/libkn/chicken_little.cpp
0011a6b0	_ZN2kn13ChickenLittleC1EPNS_6FriendEPNS_11FriendParamE	high	0	3		kn::ChickenLittle::ChickenLittle(kn::ChickenLittle *, kn::Friend *, kn::FriendParam *)	C:/hd25/kingdom2/naka/libkn/chicken_little.cpp
0011a750	_ZN2kn13ChickenLittleD1Ev	high	0	1		kn::ChickenLittle::~ChickenLittle(kn::ChickenLittle *)	C:/hd25/kingdom2/naka/libkn/chicken_little.cpp
0011a7f0	_ZN2kn13ChickenLittle16execScriptAttackEPNS_12FriendActionEPN2YS6TARGETEPPvb	med	0	5	bool	kn::ChickenLittle::execScriptAttack(kn::ChickenLittle *, kn::FriendAction *, YS::TARGET *, void **, bool)	C:/hd25/kingdom2/naka/libkn/chicken_little.cpp
0011a858	_ZN2kn13ChickenLittle11calc_centerEv	sim-med	0	1		kn::ChickenLittle::calc_center(kn::ChickenLittle *)	C:/hd25/kingdom2/naka/libkn/chicken_little.cpp
0011a918	_ZN2kn13ChickenLittle16set_shoot_targetERKNS_7FVectorE	med	0	2		kn::ChickenLittle::set_shoot_target(kn::ChickenLittle *, const kn::FVector &)	C:/hd25/kingdom2/naka/libkn/chicken_little.cpp
0011a938	_ZN2kn13ChickenLittle18get_nearest_targetEPN2YS6TARGETEff	med	0	4		kn::ChickenLittle::get_nearest_target(kn::ChickenLittle *, YS::TARGET *, float, float)	C:/hd25/kingdom2/naka/libkn/chicken_little.cpp
0011ac10	_ZN2kn13ChickenLittle13update_lockonEv	med	0	1		kn::ChickenLittle::update_lockon(kn::ChickenLittle *)	C:/hd25/kingdom2/naka/libkn/chicken_little.cpp
0011b038	_ZN2kn13ChickenLittle8exec_fpsEv	med	0	1		kn::ChickenLittle::exec_fps(kn::ChickenLittle *)	C:/hd25/kingdom2/naka/libkn/chicken_little.cpp
0011b0a8	_ZN2kn13ChickenLittle11start_limitEv	high	0	1		kn::ChickenLittle::start_limit(kn::ChickenLittle *)	C:/hd25/kingdom2/naka/libkn/chicken_little.cpp
0011b250	_ZN2kn13ChickenLittle9end_limitEv	high	0	1		kn::ChickenLittle::end_limit(kn::ChickenLittle *)	C:/hd25/kingdom2/naka/libkn/chicken_little.cpp
0011b6a8	_ZN2kn7FMatrix9translateERKNS_7FVectorE	med	0	2	kn::FMatrix &	kn::FMatrix::translate(kn::FMatrix *, const kn::FVector &)	C:/hd25/kingdom2/naka/libkn/fmatrix.cpp
0011bd70	_ZN2kn7FMatrix13determinant33EPA3_f	sim-rerun-med	1	1	float	kn::FMatrix::determinant33(float (*)[3]) [DWARF: static -- no implicit `this`, do NOT add a leading self/object-pointer argument]	C:/hd25/kingdom2/naka/libkn/fmatrix.cpp
0011bdc0	_ZN2kn7FMatrix8cofactorEii	sim-med	0	3	float	kn::FMatrix::cofactor(kn::FMatrix *, int, int)	C:/hd25/kingdom2/naka/libkn/fmatrix.cpp
0011be50	_ZN2kn7FMatrix9inverse44Ev	sim-med	0	1	float	kn::FMatrix::inverse44(kn::FMatrix *)	C:/hd25/kingdom2/naka/libkn/fmatrix.cpp
0011bfa0	_ZN2kn12RotTransPersERNS_7FVectorERKNS_7FMatrixERKS0_i	sim-sib-med	1	4		kn::RotTransPers(SCREENVECTOR &, const kn::FMatrix &, const kn::FVector &, int) [DWARF: static -- no implicit `this`, do NOT add a leading self/object-pointer argument]	C:/hd25/kingdom2/naka/libkn/fmatrix.cpp
0011c138	_ZN2kn8IKAdjustC1Ev	med	0	1		kn::IKAdjust::IKAdjust(kn::IKAdjust *)	C:/hd25/kingdom2/naka/libkn/model.cpp
0011c210	_ZN2kn8IKAdjust9terminateEv	sim-sandwich	0	1		kn::IKAdjust::terminate(kn::IKAdjust *)	C:/hd25/kingdom2/naka/libkn/model.cpp
0011c228	_ZNK2kn8IKAdjust7getBoneEv	med	0	1	u_short	kn::IKAdjust::getBone(const kn::IKAdjust *)	C:/hd25/kingdom2/naka/libkn/model.cpp
0011c230	_ZNK2kn8IKAdjust13is_terminatorEv	med	0	1	bool	kn::IKAdjust::is_terminator(const kn::IKAdjust *)	C:/hd25/kingdom2/naka/libkn/model.cpp
0011c278	_ZN2kn8ModelObjC1Ev	sim-med	0	1		kn::ModelObj::ModelObj(kn::ModelObj *)	C:/hd25/kingdom2/naka/libkn/model.cpp
0011c798	_ZN2kn8ModelObj14setDisplayFlagEPs	med	0	2		kn::ModelObj::setDisplayFlag(kn::ModelObj *, short *)	C:/hd25/kingdom2/naka/libkn/model.cpp
0011c7c8	_ZN2kn8ModelObj8showPartEi	med	0	2		kn::ModelObj::showPart(kn::ModelObj *, int)	C:/hd25/kingdom2/naka/libkn/model.cpp
0011c7f8	_ZN2kn8ModelObj8hidePartEi	med	0	2		kn::ModelObj::hidePart(kn::ModelObj *, int)	C:/hd25/kingdom2/naka/libkn/model.cpp
0011c828	_ZN2kn8ModelObj10setStealthEi	sim-sib-med	0	2		kn::ModelObj::setStealth(kn::ModelObj *, int)	C:/hd25/kingdom2/naka/libkn/model.cpp
0011c890	_ZN2kn8ModelObj12resetStealthEi	sim-sib-med	0	2		kn::ModelObj::resetStealth(kn::ModelObj *, int)	C:/hd25/kingdom2/naka/libkn/model.cpp
0011c8f8	_ZN2kn8ModelObj5draw_EPNS_9DrawParamEbPNS_5ModelEPPN3Axa11DMA_SET_TAGEPc	sim-med	0	6	bool	kn::ModelObj::draw_(kn::ModelObj *, kn::DrawParam *, bool, kn::Model *, LPMODELDATA *, char *)	C:/hd25/kingdom2/naka/libkn/model.cpp
0011ca20	_ZN2kn8ModelObj4drawERKNS_16ProjectionCameraERKNS_7FMatrixEPNS_9DrawParamEi	sim-med	0	5	kn::DrawQueue *	kn::ModelObj::draw(kn::ModelObj *, const kn::ProjectionCamera &, const kn::FMatrix &, kn::DrawParam *, int)	C:/hd25/kingdom2/naka/libkn/model.cpp
0011cd80	_ZN2kn8ModelObj4drawERKNS_16ProjectionCameraERKNS_7FMatrixEPNS_9DrawParamEPsi	sim-rerun-med	0	6	kn::DrawQueue *	kn::ModelObj::draw(kn::ModelObj *, const kn::ProjectionCamera &, const kn::FMatrix &, kn::DrawParam *, short *, int)	C:/hd25/kingdom2/naka/libkn/model.cpp
0011d468	_ZN2kn8ModelObj10getGMatrixEiRNS_7FMatrixE	sim-sib-med	0	3		kn::ModelObj::getGMatrix(kn::ModelObj *, int, kn::FMatrix &)	C:/hd25/kingdom2/naka/libkn/model.cpp
0011d500	_ZN2kn8ModelObj10setGMatrixEiRNS_7FMatrixE	sim-sib-med	0	3		kn::ModelObj::setGMatrix(kn::ModelObj *, int, kn::FMatrix &)	C:/hd25/kingdom2/naka/libkn/model.cpp
0011e450	_ZN2kn8ModelObj12addAnimationEPv	med	0	2		kn::ModelObj::addAnimation(kn::ModelObj *, void *)	C:/hd25/kingdom2/naka/libkn/model.cpp
0011e600	_ZN2kn8ModelObj20synchronizeAnimationEPvS1_	sim-high	0	3		kn::ModelObj::synchronizeAnimation(kn::ModelObj *, void *, void *)	C:/hd25/kingdom2/naka/libkn/model.cpp
0011e9a8	_ZN2kn8ModelObj22setAnimationSpeedRatioENS_13AnimationWork4TYPEEjjf	sim-rerun-high	0	5		kn::ModelObj::setAnimationSpeedRatio(kn::ModelObj *, kn::AnimationWork::TYPE, u_int, u_int, float)	C:/hd25/kingdom2/naka/libkn/model.cpp
0011ea40	_ZN2kn8ModelObj13playAnimationEf	high	0	2		kn::ModelObj::playAnimation(kn::ModelObj *, float)	C:/hd25/kingdom2/naka/libkn/model.cpp
0011ea98	_ZN2kn8ModelObj9setTexanmEj	sim-high	0	2		kn::ModelObj::setTexanm(kn::ModelObj *, u_int)	C:/hd25/kingdom2/naka/libkn/model.cpp
0011eb08	_ZN2kn8ModelObj16setDefaultTexanmEj	high	0	2		kn::ModelObj::setDefaultTexanm(kn::ModelObj *, u_int)	C:/hd25/kingdom2/naka/libkn/model.cpp
0011eb78	_ZN2kn8ModelObj18resetDefaultTexanmEj	high	0	2		kn::ModelObj::resetDefaultTexanm(kn::ModelObj *, u_int)	C:/hd25/kingdom2/naka/libkn/model.cpp
0011ed48	_ZN2kn8ModelObj11getPropertyENS0_13PROPERTY_TYPEEPPvPj	sim-med	0	4		kn::ModelObj::getProperty(kn::ModelObj *, kn::ModelObj::PROPERTY_TYPE, void **, size_t *)	C:/hd25/kingdom2/naka/libkn/model.cpp
0011ed90	_ZN2kn8ModelHRC12setHierarchyEPS0_i	sim-med	1	2		kn::ModelHRC::setHierarchy(kn::ModelHRC *, int) [DWARF: static -- no implicit `this`, do NOT add a leading self/object-pointer argument]	C:/hd25/kingdom2/naka/libkn/model.cpp
0011ef68	_ZN2kn5Model4calcEPNS_8ModelObjE	high	0	2		kn::Model::calc(kn::Model *, kn::ModelObj *)	C:/hd25/kingdom2/naka/libkn/model.cpp
0011ef88	_ZN2kn5Model19getDMATagBufferSizeEv	high	0	1	u_int	kn::Model::getDMATagBufferSize(kn::Model *)	C:/hd25/kingdom2/naka/libkn/model.cpp
0011ef90	_ZN2kn5Model23getDistanceFromSkeletonEv	high	0	1	float	kn::Model::getDistanceFromSkeleton(kn::Model *)	C:/hd25/kingdom2/naka/libkn/model.cpp
0011ef98	_ZN2kn5Model14getBoundingBoxERNS_7FVectorES2_	high	0	3		kn::Model::getBoundingBox(kn::Model *, kn::FVector &, kn::FVector &)	C:/hd25/kingdom2/naka/libkn/model.cpp
0011efa8	_ZN2kn5Model9getIKBiasEi	high	0	2	float	kn::Model::getIKBias(kn::Model *, int)	C:/hd25/kingdom2/naka/libkn/model.cpp
0011efb0	_ZNK2kn5Model17partName2matrixNoENS_9PART_NAMEE	high	0	2	int	kn::Model::partName2matrixNo(const kn::Model *, kn::PART_NAME)	C:/hd25/kingdom2/naka/libkn/model.cpp
0011efb8	_ZNK2kn5Model9getHrcNumEv	high	0	1	int	kn::Model::getHrcNum(const kn::Model *)	C:/hd25/kingdom2/naka/libkn/model.cpp
0011efc0	_ZNK2kn5Model6getHrcEv	high	0	1	kn::ModelHRC *	kn::Model::getHrc(const kn::Model *)	C:/hd25/kingdom2/naka/libkn/model.cpp
0011efc8	_ZNK2kn5Model11getGroupNumEv	high	0	1	int	kn::Model::getGroupNum(const kn::Model *)	C:/hd25/kingdom2/naka/libkn/model.cpp
0011efd0	_ZN2kn5Model14drawSilhouetteEPNS_16ProjectionCameraEPPN3Axa11DMA_SET_TAGEPNS_9DrawParamEPcPNS_13AnimationWorkEbPNS_7FMatrixE	high	0	8	bool	kn::Model::drawSilhouette(kn::Model *, kn::ProjectionCamera *, LPMODELDATA *, kn::DrawParam *, char *, kn::AnimationWork *, bool, kn::FMatrix *)	C:/hd25/kingdom2/naka/libkn/model.cpp
0011efd8	_ZN2kn5Model11drawStealthEPNS_16ProjectionCameraEPPN3Axa11DMA_SET_TAGEPNS_9DrawParamEPcPNS_13AnimationWorkEbPNS_7FMatrixE	high	0	8	bool	kn::Model::drawStealth(kn::Model *, kn::ProjectionCamera *, LPMODELDATA *, kn::DrawParam *, char *, kn::AnimationWork *, bool, kn::FMatrix *)	C:/hd25/kingdom2/naka/libkn/model.cpp
0011efe0	_ZN2kn5Model12drawOnShadowEPNS_16ProjectionCameraEPPN3Axa11DMA_SET_TAGEPNS_9DrawParamEPcbPNS_7FMatrixE	high	0	7	bool	kn::Model::drawOnShadow(kn::Model *, kn::ProjectionCamera *, LPMODELDATA *, kn::DrawParam *, char *, bool, kn::FMatrix *)	C:/hd25/kingdom2/naka/libkn/model.cpp
0011efe8	_ZN2kn5Model16clearDisplayFlagEPc	med	0	2		kn::Model::clearDisplayFlag(kn::Model *, char *)	C:/hd25/kingdom2/naka/libkn/model.cpp
0011f0f8	_ZNK2kn5Model8getPartsEv	high	0	1	u_int	kn::Model::getParts(const kn::Model *)	C:/hd25/kingdom2/naka/libkn/model.cpp
0011f100	_ZN2kn5Model8showPartEPci	high	0	3		kn::Model::showPart(kn::Model *, char *, int)	C:/hd25/kingdom2/naka/libkn/model.cpp
0011f108	_ZN2kn5Model8hidePartEPci	high	0	3		kn::Model::hidePart(kn::Model *, char *, int)	C:/hd25/kingdom2/naka/libkn/model.cpp
0011f110	_ZN2kn5Model10setStealthEPci	high	0	3		kn::Model::setStealth(kn::Model *, char *, int)	C:/hd25/kingdom2/naka/libkn/model.cpp
0011f118	_ZN2kn5Model12resetStealthEPci	high	0	3		kn::Model::resetStealth(kn::Model *, char *, int)	C:/hd25/kingdom2/naka/libkn/model.cpp
0011f120	_ZN2kn5Model15pushDisplayFlagEPc	sim-sib-med	0	2		kn::Model::pushDisplayFlag(kn::Model *, char *)	C:/hd25/kingdom2/naka/libkn/model.cpp
0011f1a8	_ZN2kn5Model14popDisplayFlagEPc	sim-sib-med	0	2		kn::Model::popDisplayFlag(kn::Model *, char *)	C:/hd25/kingdom2/naka/libkn/model.cpp
0011f230	_ZNK2kn5Model17getDrawPolygonNumEPc	high	0	2	int	kn::Model::getDrawPolygonNum(const kn::Model *, char *)	C:/hd25/kingdom2/naka/libkn/model.cpp
0011f3b8	_ZN2kn12modelDestroyEPv	high	1	1		kn::modelDestroy(void *) [DWARF: static -- no implicit `this`, do NOT add a leading self/object-pointer argument]	C:/hd25/kingdom2/naka/libkn/model.cpp
0011f4b8	_ZN2kn7ModelBGC1EPv	sim-med	0	2		kn::ModelBG::ModelBG(kn::ModelBG *, void *)	C:/hd25/kingdom2/naka/libkn/model_bg.cpp
0011f578	_ZN2kn7ModelBGD1Ev	high	0	1		kn::ModelBG::~ModelBG(kn::ModelBG *)	C:/hd25/kingdom2/naka/libkn/model_bg.cpp
0011f6c0	_ZN2kn7ModelBG15destroyModelObjEP9ALLOCATORPNS_8ModelObjE	high	0	3		kn::ModelBG::destroyModelObj(kn::ModelBG *, ALLOCATOR *, kn::ModelObj *)	C:/hd25/kingdom2/naka/libkn/model_bg.cpp
0011f6d8	_ZNK2kn7ModelBG11getGroupNumEv	high	0	1	int	kn::ModelBG::getGroupNum(const kn::ModelBG *)	C:/hd25/kingdom2/naka/libkn/model_bg.cpp
0011f6e8	_ZN2kn7ModelBG14setDisplayFlagEPcPs	high	0	3		kn::ModelBG::setDisplayFlag(kn::ModelBG *, char *, short *)	C:/hd25/kingdom2/naka/libkn/model_bg.cpp
0011f7a8	_ZN2kn7ModelBG10drawCommonEPNS_16ProjectionCameraEPNS_9DrawParamEPcPNS_13AnimationWorkEbPNS_7FMatrixE	sim-high	0	7	bool	kn::ModelBG::drawCommon(kn::ModelBG *, kn::ProjectionCamera *, kn::DrawParam *, char *, kn::AnimationWork *, bool, kn::FMatrix *)	C:/hd25/kingdom2/naka/libkn/PS2/model_bgPS2.cpp
00120520	_ZN2kn7ModelBG4drawEPNS_16ProjectionCameraEPPN3Axa11DMA_SET_TAGEPNS_9DrawParamEPcPNS_13AnimationWorkEbPNS_7FMatrixE	high	0	8	bool	kn::ModelBG::draw(kn::ModelBG *, kn::ProjectionCamera *, LPMODELDATA *, kn::DrawParam *, char *, kn::AnimationWork *, bool, kn::FMatrix *)	C:/hd25/kingdom2/naka/libkn/model_bg.cpp
00120550	_ZN2kn7ModelBG12drawOnShadowEPNS_16ProjectionCameraEPPN3Axa11DMA_SET_TAGEPNS_9DrawParamEPcbPNS_7FMatrixE	high	0	7	bool	kn::ModelBG::drawOnShadow(kn::ModelBG *, kn::ProjectionCamera *, LPMODELDATA *, kn::DrawParam *, char *, bool, kn::FMatrix *)	C:/hd25/kingdom2/naka/libkn/model_bg.cpp
00120578	_ZNK2kn7ModelBG17getDrawPolygonNumEPc	high	0	2	int	kn::ModelBG::getDrawPolygonNum(const kn::ModelBG *, char *)	C:/hd25/kingdom2/naka/libkn/model_bg.cpp
001205c0	_ZNK2kn7ModelBG19getShadowPolygonNumEPs	sim-sib-med	0	2	int	kn::ModelBG::getShadowPolygonNum(const kn::ModelBG *, short *)	C:/hd25/kingdom2/naka/libkn/model_bg.cpp
001206e0	_ZN2kn8ModelSKLC1EPv	sim-med	0	2		kn::ModelSKL::ModelSKL(kn::ModelSKL *, void *)	C:/hd25/kingdom2/naka/libkn/model_skl.cpp
00120778	_ZN2kn8ModelSKLD1Ev	sim-med	0	1		kn::ModelSKL::~ModelSKL(kn::ModelSKL *)	C:/hd25/kingdom2/naka/libkn/model_skl.cpp
00120800	_ZNK2kn8ModelSKL13getShadowDataEv	sim-rerun-high	0	1	kn::ModelShadow *	kn::ModelSKL::getShadowData(const kn::ModelSKL *)	C:/hd25/kingdom2/naka/libkn/model_skl.cpp
00120818	_ZN2kn8ModelSKL23getDistanceFromSkeletonEv	sim-vt-high	0	1	float	kn::ModelSKL::getDistanceFromSkeleton(kn::ModelSKL *)	C:/hd25/kingdom2/naka/libkn/model_skl.cpp
00120830	_ZN2kn8ModelSKL14getBoundingBoxERNS_7FVectorES2_	sim-vt-high	0	3		kn::ModelSKL::getBoundingBox(kn::ModelSKL *, kn::FVector &, kn::FVector &)	C:/hd25/kingdom2/naka/libkn/model_skl.cpp
00120868	_ZN2kn8ModelSKL9getIKBiasEi	sim-vt-high	0	2	float	kn::ModelSKL::getIKBias(kn::ModelSKL *, int)	C:/hd25/kingdom2/naka/libkn/model_skl.cpp
00120888	_ZNK2kn8ModelSKL17partName2matrixNoENS_9PART_NAMEE	sim-vt-high	0	2	int	kn::ModelSKL::partName2matrixNo(const kn::ModelSKL *, kn::PART_NAME)	C:/hd25/kingdom2/naka/libkn/model_skl.cpp
001208b8	_ZNK2kn8ModelSKL6getHrcEv	sim-sib-med	0	1	kn::ModelHRC *	kn::ModelSKL::getHrc(const kn::ModelSKL *)	C:/hd25/kingdom2/naka/libkn/model_skl.cpp
001208f8	_ZN2kn8ModelSKL19getDMATagBufferSizeEv	sim-vt-high	0	1	u_int	kn::ModelSKL::getDMATagBufferSize(kn::ModelSKL *)	C:/hd25/kingdom2/naka/libkn/PS2/model_sklPS2.cpp
00120a20	_ZN2kn8ModelSKL15setDMATagBufferEPNS_8ModelObjEPPN3Axa11DMA_SET_TAGEPvi	sim-rerun-med	0	5	void *	kn::ModelSKL::setDMATagBuffer(kn::ModelSKL *, kn::ModelObj *, LPMODELDATA *, void *, int)	C:/hd25/kingdom2/naka/libkn/PS2/model_sklPS2.cpp
00120fc0	_ZN2kn8ModelSKL4calcEPNS_8ModelObjE	sim-med	0	2		kn::ModelSKL::calc(kn::ModelSKL *, kn::ModelObj *)	C:/hd25/kingdom2/naka/libkn/model_skl.cpp
00120fd0	_ZN2kn8ModelSKL15destroyModelObjEP9ALLOCATORPNS_8ModelObjE	sim-sib-high	0	3		kn::ModelSKL::destroyModelObj(kn::ModelSKL *, ALLOCATOR *, kn::ModelObj *)	C:/hd25/kingdom2/naka/libkn/model_skl.cpp
00121218	_ZN2kn8ModelSKL14setDisplayFlagEPcPs	sim-med	0	3		kn::ModelSKL::setDisplayFlag(kn::ModelSKL *, char *, short *)	C:/hd25/kingdom2/naka/libkn/model_skl.cpp
00121380	_ZNK2kn8ModelSKL8getPartsEv	sim-vt-high	0	1	u_int	kn::ModelSKL::getParts(const kn::ModelSKL *)	C:/hd25/kingdom2/naka/libkn/model_skl.cpp
001213c0	_ZN2kn8ModelSKL8showPartEPci	sim-vt-high	0	3		kn::ModelSKL::showPart(kn::ModelSKL *, char *, int)	C:/hd25/kingdom2/naka/libkn/model_skl.cpp
001214c0	_ZN2kn8ModelSKL8hidePartEPci	sim-vt-high	0	3		kn::ModelSKL::hidePart(kn::ModelSKL *, char *, int)	C:/hd25/kingdom2/naka/libkn/model_skl.cpp
001215b8	_ZN2kn8ModelSKL10setStealthEPci	sim-vt-high	0	3		kn::ModelSKL::setStealth(kn::ModelSKL *, char *, int)	C:/hd25/kingdom2/naka/libkn/model_skl.cpp
001216a8	_ZN2kn8ModelSKL12resetStealthEPci	sim-vt-high	0	3		kn::ModelSKL::resetStealth(kn::ModelSKL *, char *, int)	C:/hd25/kingdom2/naka/libkn/model_skl.cpp
001217a0	_ZN2kn8ModelSKL10setTextureEPNS_16Vif1PacketBufferEiPNS_13AnimationWorkEPNS_7TextureE	sim-high	0	5		kn::ModelSKL::setTexture(kn::ModelSKL *, kn::Vif1PacketBuffer *, int, kn::AnimationWork *, kn::Texture *)	C:/hd25/kingdom2/naka/libkn/PS2/model_sklPS2.cpp
001219b8	_ZN2kn8ModelSKL10setTexfadeEPNS_16Vif1PacketBufferEiPNS_9DrawParamEPNS_13AnimationWorkEbPNS_7TextureES8_	sim-med	0	8		kn::ModelSKL::setTexfade(kn::ModelSKL *, kn::Vif1PacketBuffer *, int, kn::DrawParam *, kn::AnimationWork *, bool, kn::Texture *, kn::Texture *)	C:/hd25/kingdom2/naka/libkn/PS2/model_sklPS2.cpp
00121cc8	_ZN2kn8ModelSKL10drawNormalEPNS_16ProjectionCameraEPPN3Axa11DMA_SET_TAGEPNS_9DrawParamEPcPNS_13AnimationWorkEbPNS_7FMatrixE	sim-high	0	8	bool	kn::ModelSKL::drawNormal(kn::ModelSKL *, kn::ProjectionCamera *, LPMODELDATA *, kn::DrawParam *, char *, kn::AnimationWork *, bool, kn::FMatrix *)	C:/hd25/kingdom2/naka/libkn/PS2/model_sklPS2.cpp
00123138	_ZN2kn8ModelSKL4drawEPNS_16ProjectionCameraEPPN3Axa11DMA_SET_TAGEPNS_9DrawParamEPcPNS_13AnimationWorkEbPNS_7FMatrixE	sim-vt-high	0	8	bool	kn::ModelSKL::draw(kn::ModelSKL *, kn::ProjectionCamera *, LPMODELDATA *, kn::DrawParam *, char *, kn::AnimationWork *, bool, kn::FMatrix *)	C:/hd25/kingdom2/naka/libkn/model_skl.cpp
001231f8	_ZN2kn8ModelSKL12drawOnShadowEPNS_16ProjectionCameraEPPN3Axa11DMA_SET_TAGEPNS_9DrawParamEPcbPNS_7FMatrixE	sim-rerun-high	0	7	bool	kn::ModelSKL::drawOnShadow(kn::ModelSKL *, kn::ProjectionCamera *, LPMODELDATA *, kn::DrawParam *, char *, bool, kn::FMatrix *)	C:/hd25/kingdom2/naka/libkn/model_skl.cpp
00123228	_ZN2kn8ModelSKL14drawSilhouetteEPNS_16ProjectionCameraEPPN3Axa11DMA_SET_TAGEPNS_9DrawParamEPcPNS_13AnimationWorkEbPNS_7FMatrixE	sim-high	0	8	bool	kn::ModelSKL::drawSilhouette(kn::ModelSKL *, kn::ProjectionCamera *, LPMODELDATA *, kn::DrawParam *, char *, kn::AnimationWork *, bool, kn::FMatrix *)	C:/hd25/kingdom2/naka/libkn/PS2/model_sklPS2.cpp
00123650	_ZN2kn8ModelSKL11drawStealthEPNS_16ProjectionCameraEPPN3Axa11DMA_SET_TAGEPNS_9DrawParamEPcPNS_13AnimationWorkEbPNS_7FMatrixE	sim-high	0	8	bool	kn::ModelSKL::drawStealth(kn::ModelSKL *, kn::ProjectionCamera *, LPMODELDATA *, kn::DrawParam *, char *, kn::AnimationWork *, bool, kn::FMatrix *)	C:/hd25/kingdom2/naka/libkn/PS2/model_sklPS2.cpp
00123990	_ZNK2kn8ModelSKL17getDrawPolygonNumEPc	sim-vt-med	0	2	int	kn::ModelSKL::getDrawPolygonNum(const kn::ModelSKL *, char *)	C:/hd25/kingdom2/naka/libkn/model_skl.cpp
00123ba8	_ZN2YS6BINARC10beforeMoveEv	sim-med	0	1		YS::BINARC::beforeMove(YS::BINARC *)	C:/hd25/kingdom2/yasui/libys/binarc.cpp
00123c20	_ZN2kn10ModelMultiD1Ev	high	0	1		kn::ModelMulti::~ModelMulti(kn::ModelMulti *)	C:/hd25/kingdom2/naka/libkn/model_multi.cpp
00123d10	_ZN2kn10ModelMulti23getDistanceFromSkeletonEv	high	0	1	float	kn::ModelMulti::getDistanceFromSkeleton(kn::ModelMulti *)	C:/hd25/kingdom2/naka/libkn/model_multi.cpp
00123d40	_ZN2kn10ModelMulti14getBoundingBoxERNS_7FVectorES2_	high	0	3		kn::ModelMulti::getBoundingBox(kn::ModelMulti *, kn::FVector &, kn::FVector &)	C:/hd25/kingdom2/naka/libkn/model_multi.cpp
00123d90	_ZNK2kn10ModelMulti17partName2matrixNoENS_9PART_NAMEE	high	0	2	int	kn::ModelMulti::partName2matrixNo(const kn::ModelMulti *, kn::PART_NAME)	C:/hd25/kingdom2/naka/libkn/model_multi.cpp
00123dd0	_ZNK2kn10ModelMulti9getHrcNumEv	high	0	1	int	kn::ModelMulti::getHrcNum(const kn::ModelMulti *)	C:/hd25/kingdom2/naka/libkn/model_multi.cpp
00123e00	_ZNK2kn10ModelMulti6getHrcEv	high	0	1	kn::ModelHRC *	kn::ModelMulti::getHrc(const kn::ModelMulti *)	C:/hd25/kingdom2/naka/libkn/model_multi.cpp
001240b0	_ZN2kn10ModelMulti15destroyModelObjEP9ALLOCATORPNS_8ModelObjE	high	0	3		kn::ModelMulti::destroyModelObj(kn::ModelMulti *, ALLOCATOR *, kn::ModelObj *)	C:/hd25/kingdom2/naka/libkn/model_multi.cpp
00124100	_ZN2kn10ModelMulti4calcEPNS_8ModelObjE	high	0	2		kn::ModelMulti::calc(kn::ModelMulti *, kn::ModelObj *)	C:/hd25/kingdom2/naka/libkn/model_multi.cpp
00124140	_ZNK2kn10ModelMulti11getGroupNumEv	high	0	1	int	kn::ModelMulti::getGroupNum(const kn::ModelMulti *)	C:/hd25/kingdom2/naka/libkn/model_multi.cpp
001241b8	_ZN2kn10ModelMulti14setDisplayFlagEPcPs	high	0	3		kn::ModelMulti::setDisplayFlag(kn::ModelMulti *, char *, short *)	C:/hd25/kingdom2/naka/libkn/model_multi.cpp
00124278	_ZN2kn10ModelMulti8showPartEPci	high	0	3		kn::ModelMulti::showPart(kn::ModelMulti *, char *, int)	C:/hd25/kingdom2/naka/libkn/model_multi.cpp
00124338	_ZN2kn10ModelMulti8hidePartEPci	high	0	3		kn::ModelMulti::hidePart(kn::ModelMulti *, char *, int)	C:/hd25/kingdom2/naka/libkn/model_multi.cpp
001243f8	_ZN2kn10ModelMulti10setStealthEPci	high	0	3		kn::ModelMulti::setStealth(kn::ModelMulti *, char *, int)	C:/hd25/kingdom2/naka/libkn/model_multi.cpp
001244b8	_ZN2kn10ModelMulti12resetStealthEPci	high	0	3		kn::ModelMulti::resetStealth(kn::ModelMulti *, char *, int)	C:/hd25/kingdom2/naka/libkn/model_multi.cpp
00124578	_ZN2kn10ModelMulti4drawEPNS_16ProjectionCameraEPPN3Axa11DMA_SET_TAGEPNS_9DrawParamEPcPNS_13AnimationWorkEbPNS_7FMatrixE	high	0	8	bool	kn::ModelMulti::draw(kn::ModelMulti *, kn::ProjectionCamera *, LPMODELDATA *, kn::DrawParam *, char *, kn::AnimationWork *, bool, kn::FMatrix *)	C:/hd25/kingdom2/naka/libkn/model_multi.cpp
00124618	_ZN2kn10ModelMulti14drawSilhouetteEPNS_16ProjectionCameraEPPN3Axa11DMA_SET_TAGEPNS_9DrawParamEPcPNS_13AnimationWorkEbPNS_7FMatrixE	high	0	8	bool	kn::ModelMulti::drawSilhouette(kn::ModelMulti *, kn::ProjectionCamera *, LPMODELDATA *, kn::DrawParam *, char *, kn::AnimationWork *, bool, kn::FMatrix *)	C:/hd25/kingdom2/naka/libkn/model_multi.cpp
001246b8	_ZN2kn10ModelMulti12drawOnShadowEPNS_16ProjectionCameraEPPN3Axa11DMA_SET_TAGEPNS_9DrawParamEPcbPNS_7FMatrixE	high	0	7	bool	kn::ModelMulti::drawOnShadow(kn::ModelMulti *, kn::ProjectionCamera *, LPMODELDATA *, kn::DrawParam *, char *, bool, kn::FMatrix *)	C:/hd25/kingdom2/naka/libkn/model_multi.cpp
00124c18	_ZN2kn6MotionD1Ev	sim-vt-med	0	1		kn::Motion::~Motion(kn::Motion *)	C:/hd25/kingdom2/naka/libkn/motion.cpp
00124ca8	_ZN2gm4GRID4drawERKN2kn7FVectorERKNS_7IVectorE	sim-high	0	3		gm::GRID::draw(gm::GRID *, RCFVector, const gm::IVector &)	C:/hd25/kingdom2/ovl_gumimenu/grid.cpp
00125f78	_ZN2kn6Motion4calcEPNS_8ModelObjEPKNS_7FMatrixEPNS_13MotionContextES7_fPKNS_6ToFaceEPNS_8IKAdjustE	sim-high	1	7		kn::Motion::calc(kn::ModelObj *, const kn::FMatrix *, kn::MotionContext *, kn::MotionContext *, float, const kn::ToFace *, kn::IKAdjust *) [DWARF: static -- no implicit `this`, do NOT add a leading self/object-pointer argument]	C:/hd25/kingdom2/naka/libkn/motion.cpp
00127c70	_ZN2kn6Motion20destroyMotionContextEPNS_8ModelObjEP9ALLOCATORPNS_13MotionContextE	sim-rerun-med	1	3		kn::Motion::destroyMotionContext(kn::ModelObj *, ALLOCATOR *, kn::MotionContext *) [DWARF: static -- no implicit `this`, do NOT add a leading self/object-pointer argument]	C:/hd25/kingdom2/naka/libkn/motion.cpp
00127cf8	_ZN2kn6Motion19clearIKAdjustResultEPNS_8IKAdjustE	sim-rerun-high	1	1		kn::Motion::clearIKAdjustResult(kn::IKAdjust *) [DWARF: static -- no implicit `this`, do NOT add a leading self/object-pointer argument]	C:/hd25/kingdom2/naka/libkn/motion.cpp
00127ea8	_ZN2kn16MotionPrototype0C1EPv	sim-med	0	2		kn::MotionPrototype0::MotionPrototype0(kn::MotionPrototype0 *, void *)	C:/hd25/kingdom2/naka/libkn/motion_prototype0.cpp
00127fb8	_ZN2kn16MotionPrototype0D1Ev	sim-med	0	1		kn::MotionPrototype0::~MotionPrototype0(kn::MotionPrototype0 *)	C:/hd25/kingdom2/naka/libkn/motion_prototype0.cpp
00128480	_ZN2kn16MotionPrototype016setConstantValueEPNS_8ModelObjE	sim-med	0	2		kn::MotionPrototype0::setConstantValue(kn::MotionPrototype0 *, kn::ModelObj *)	C:/hd25/kingdom2/naka/libkn/motion_prototype0.cpp
001285f8	_ZN2kn16MotionPrototype012getTimeIndexEfRiS1_	sim-med	0	4		kn::MotionPrototype0::getTimeIndex(kn::MotionPrototype0 *, float, int &, int &)	C:/hd25/kingdom2/naka/libkn/motion_prototype0.cpp
00128750	_ZN2kn16MotionPrototype015calcFcurveValueEPNS_25MotionPrototype0RAWFcurveEiif	sim-med	0	5	float	kn::MotionPrototype0::calcFcurveValue(kn::MotionPrototype0 *, kn::MotionPrototype0RAWFcurve *, int, int, float)	C:/hd25/kingdom2/naka/libkn/motion_prototype0.cpp
00128b38	_ZN2kn16MotionPrototype014setFcurveValueEPNS_8ModelObjEf	sim-high	0	3		kn::MotionPrototype0::setFcurveValue(kn::MotionPrototype0 *, kn::ModelObj *, float)	C:/hd25/kingdom2/naka/libkn/motion_prototype0.cpp
00129008	_ZN2kn16MotionPrototype09getCnsPosEPNS_8ModelObjEPNS_29MotionPrototype0RAWConstraintEPNS_7FVectorEPNS_7FMatrixES6_	sim-med	0	6		kn::MotionPrototype0::getCnsPos(kn::MotionPrototype0 *, kn::ModelObj *, kn::MotionPrototype0RAWConstraint *, kn::FVector *, kn::FMatrix *, kn::FVector *)	C:/hd25/kingdom2/naka/libkn/motion_prototype0.cpp
00129060	_ZN2kn16MotionPrototype014evalExpressionEPNS_8ModelObjEt	sim-high	0	3	float	kn::MotionPrototype0::evalExpression(kn::MotionPrototype0 *, kn::ModelObj *, unsigned short)	C:/hd25/kingdom2/naka/libkn/motion_prototype0.cpp
00130c18	_ZN2kn16MotionPrototype023setConstraintActivationEf	sim-med	0	2		kn::MotionPrototype0::setConstraintActivation(kn::MotionPrototype0 *, float)	C:/hd25/kingdom2/naka/libkn/motion_prototype0.cpp
00130d18	_ZNK2kn16MotionPrototype09getLengthEv	sim-med	0	1	int	kn::MotionPrototype0::getLength(const kn::MotionPrototype0 *)	C:/hd25/kingdom2/naka/libkn/motion_prototype0.cpp
00131418	_ZN2kn16MotionPrototype014getBoundingBoxERNS_7FVectorES2_	sim-med	0	3		kn::MotionPrototype0::getBoundingBox(kn::MotionPrototype0 *, kn::FVector &, kn::FVector &)	C:/hd25/kingdom2/naka/libkn/motion_prototype0.cpp
00131450	_ZN2kn16MotionPrototype011getPositionERNS_7FMatrixEf	sim-high	0	3	bool	kn::MotionPrototype0::getPosition(kn::MotionPrototype0 *, kn::FMatrix &, float)	C:/hd25/kingdom2/naka/libkn/motion_prototype0.cpp
00131688	_ZNK2kn16MotionPrototype010getLoopTopEv	sim-med	0	1	float	kn::MotionPrototype0::getLoopTop(const kn::MotionPrototype0 *)	C:/hd25/kingdom2/naka/libkn/motion_prototype0.cpp
00131748	_ZN2kn9MotionRAWD1Ev	sim-med	0	1		kn::MotionRAW::~MotionRAW(kn::MotionRAW *)	C:/hd25/kingdom2/naka/libkn/motion_raw.cpp
00131810	_ZN2kn9MotionRAW4calcEPNS_8ModelObjEPKNS_7FMatrixEfPKNS_6ToFaceEPNS_8IKAdjustE	sim-vt-med	0	6		kn::MotionRAW::calc(kn::MotionRAW *, kn::ModelObj *, const kn::FMatrix *, float, const kn::ToFace *, kn::IKAdjust *)	C:/hd25/kingdom2/naka/libkn/motion_raw.cpp
001318d8	_ZN2kn9MotionRAW11allocIKInfoEPNS_8ModelObjEP9ALLOCATOR	sim-vt-med	0	3	kn::IKInfo *	kn::MotionRAW::allocIKInfo(kn::MotionRAW *, kn::ModelObj *, ALLOCATOR *)	C:/hd25/kingdom2/naka/libkn/motion_raw.cpp
001318e0	_ZN2kn9MotionRAW14getBoundingBoxERNS_7FVectorES2_	sim-vt-med	0	3		kn::MotionRAW::getBoundingBox(kn::MotionRAW *, kn::FVector &, kn::FVector &)	C:/hd25/kingdom2/naka/libkn/motion_raw.cpp
001319a0	_ZNK2kn9MotionRAW10getLoopTopEv	sim-vt-med	0	1	float	kn::MotionRAW::getLoopTop(const kn::MotionRAW *)	C:/hd25/kingdom2/naka/libkn/motion_raw.cpp
00131f48	_ZN2kn12textureSetupEPv	sim-med	1	1	kn::Texture *	kn::textureSetup(void *) [DWARF: static -- no implicit `this`, do NOT add a leading self/object-pointer argument]	C:/hd25/kingdom2/naka/libkn/texture.cpp
00132018	_ZN2kn17getTextureDataEndEPNS_7TextureE	sim-rerun-high	1	1	void *	kn::getTextureDataEnd(kn::Texture *) [DWARF: static -- no implicit `this`, do NOT add a leading self/object-pointer argument]	C:/hd25/kingdom2/naka/libkn/texture.cpp
00132068	_ZN2kn14getTextureDataEPNS_7TextureEi	sim-sib-high	1	2	kn::Texture *	kn::getTextureData(kn::Texture *, int) [DWARF: static -- no implicit `this`, do NOT add a leading self/object-pointer argument]	C:/hd25/kingdom2/naka/libkn/texture.cpp
001320b0	_ZN2kn5Chunk11isChunkDataEPv	sim-sib-med	1	1	bool	kn::Chunk::isChunkData(void *) [DWARF: static -- no implicit `this`, do NOT add a leading self/object-pointer argument]	C:/hd25/kingdom2/naka/libkn/chunk.cpp
00132130	_ZNK2kn5Chunk7getNextEv	sim-sib-high	0	1	kn::Chunk *	kn::Chunk::getNext(const kn::Chunk *)	C:/hd25/kingdom2/naka/libkn/chunk.cpp
00132180	_ZN2kn5Chunk15searchChunkDataEPvj	sim-sib-high	1	2	kn::Chunk *	kn::Chunk::searchChunkData(void *, u_int) [DWARF: static -- no implicit `this`, do NOT add a leading self/object-pointer argument]	C:/hd25/kingdom2/naka/libkn/chunk.cpp
00132300	_ZN2kn13AnimationWorkD1Ev	sim-vt-med	0	1		kn::AnimationWork::~AnimationWork(kn::AnimationWork *)	C:/hd25/kingdom2/naka/libkn/animation.cpp
00132380	_ZNK2kn13AnimationWork12isSameTargetEPS0_	sim-vt-med	0	2	bool	kn::AnimationWork::isSameTarget(const kn::AnimationWork *, kn::AnimationWork *)	C:/hd25/kingdom2/naka/libkn/animation.cpp
001324b8	_ZN2kn10TEXAnmWorkC1EPv	sim-high	0	2		kn::TEXAnmWork::TEXAnmWork(kn::TEXAnmWork *, void *)	C:/hd25/kingdom2/naka/libkn/texanm.cpp
00132540	_ZN2kn10TEXAnmWorkD1Ev	sim-med	0	1		kn::TEXAnmWork::~TEXAnmWork(kn::TEXAnmWork *)	C:/hd25/kingdom2/naka/libkn/texanm.cpp
00132678	_ZN2kn10TEXAnmWork7setDataEPNS_5ChunkE	sim-med	0	2		kn::TEXAnmWork::setData(kn::TEXAnmWork *, kn::Chunk *)	C:/hd25/kingdom2/naka/libkn/texanm.cpp
001326e0	_ZNK2kn10TEXAnmWork7isMatchENS_13AnimationWork4TYPEEjj	sim-med	0	4	bool	kn::TEXAnmWork::isMatch(const kn::TEXAnmWork *, kn::AnimationWork::TYPE, u_int, u_int)	C:/hd25/kingdom2/naka/libkn/texanm.cpp
001327b0	_ZN2kn10TEXAnmWork5startEjj	sim-med	0	3		kn::TEXAnmWork::start(kn::TEXAnmWork *, u_int, u_int)	C:/hd25/kingdom2/naka/libkn/texanm.cpp
00132850	_ZN2kn10TEXAnmWork4playEf	sim-med	0	2		kn::TEXAnmWork::play(kn::TEXAnmWork *, float)	C:/hd25/kingdom2/naka/libkn/texanm.cpp
00132ab0	_ZNK2kn10TEXAnmWork12isSameTargetEPNS_13AnimationWorkE	sim-med	0	2	bool	kn::TEXAnmWork::isSameTarget(const kn::TEXAnmWork *, kn::AnimationWork *)	C:/hd25/kingdom2/naka/libkn/texanm.cpp
00132c98	_ZN2kn10TEXAnmWork18getSendImagePacketEv	sim-med	0	1	kn::SendImagePacket *	kn::TEXAnmWork::getSendImagePacket(kn::TEXAnmWork *)	C:/hd25/kingdom2/naka/libkn/texanm.cpp
00132cb8	_ZN2kn10TEXAnmWork4swapEv	sim-sandwich	0	1		kn::TEXAnmWork::swap(kn::TEXAnmWork *)	C:/hd25/kingdom2/naka/libkn/texanm.cpp
00132cd0	_ZNK2kn10TEXAnmWork4getXEv	sim-sandwich	0	1	int	kn::TEXAnmWork::getX(const kn::TEXAnmWork *)	C:/hd25/kingdom2/naka/libkn/texanm.cpp
00132d30	_ZNK2kn10TEXAnmWork4getWEv	sim-sandwich	0	1	int	kn::TEXAnmWork::getW(const kn::TEXAnmWork *)	C:/hd25/kingdom2/naka/libkn/texanm.cpp
00132d90	_ZNK2kn10TEXAnmWork12getPixelDataEi	sim-med	0	2	void *	kn::TEXAnmWork::getPixelData(const kn::TEXAnmWork *, int)	C:/hd25/kingdom2/naka/libkn/texanm.cpp
00132e28	_ZN2kn10TEXAnmWork3setEj	sim-high	0	2		kn::TEXAnmWork::set(kn::TEXAnmWork *, u_int)	C:/hd25/kingdom2/naka/libkn/texanm.cpp
00132ec0	_ZN2kn10TEXAnmWork18setDefaultSequenceEj	sim-med	0	2		kn::TEXAnmWork::setDefaultSequence(kn::TEXAnmWork *, u_int)	C:/hd25/kingdom2/naka/libkn/texanm.cpp
00132f98	_ZN2kn10TEXAnmWork19getActiveTEXAnmWorkEPNS_13AnimationWorkEjPPS0_jPv	sim-med	1	5	int	kn::TEXAnmWork::getActiveTEXAnmWork(kn::AnimationWork *, unsigned int, kn::TEXAnmWork **, size_t, void *) [DWARF: static -- no implicit `this`, do NOT add a leading self/object-pointer argument]	C:/hd25/kingdom2/naka/libkn/texanm.cpp
00133078	_ZN2kn10TEXAnmWork19getActiveTEXAnmWorkEPNS_13AnimationWorkEPPvjjS3_	sim-med	1	5	int	kn::TEXAnmWork::getActiveTEXAnmWork(kn::AnimationWork *, void **, size_t, size_t, void *) [DWARF: static -- no implicit `this`, do NOT add a leading self/object-pointer argument]	C:/hd25/kingdom2/naka/libkn/texanm.cpp
00133200	_ZN2kn12UVScrollWorkD1Ev	sim-vt-med	0	1		kn::UVScrollWork::~UVScrollWork(kn::UVScrollWork *)	C:/hd25/kingdom2/naka/libkn/uvscroll.cpp
00133260	_ZNK2kn12UVScrollWork7isMatchENS_13AnimationWork4TYPEEjj	sim-sandwich	0	4	bool	kn::UVScrollWork::isMatch(const kn::UVScrollWork *, kn::AnimationWork::TYPE, u_int, u_int)	C:/hd25/kingdom2/naka/libkn/uvscroll.cpp
00133398	_ZN2kn12UVScrollWork4stopEv	sim-vt-med	0	1		kn::UVScrollWork::stop(kn::UVScrollWork *)	C:/hd25/kingdom2/naka/libkn/uvscroll.cpp
001333a8	_ZNK2kn12UVScrollWork6isBusyEv	sim-vt-med	0	1	bool	kn::UVScrollWork::isBusy(const kn::UVScrollWork *)	C:/hd25/kingdom2/naka/libkn/uvscroll.cpp
00133718	_ZNK2kn16Vif1PacketBuffer10getCurrentEv	sim-sib-med	0	1	Axa::DMA_SET_TAG *	kn::Vif1PacketBuffer::getCurrent(const kn::Vif1PacketBuffer *)	C:/hd25/kingdom2/naka/libkn/vif1.cpp
001337a0	_ZN2kn16Vif1PacketBuffer17addGsDirectPacketENS_9VIF1LABELEPPN3Axa11DMA_SET_TAGEPvjj	sim-rerun2-med	1	5	void *	kn::Vif1PacketBuffer::addGsDirectPacket(kn::VIF1LABEL, Axa::DMA_SET_TAG **, void *, size_t, u_int) [DWARF: static -- no implicit `this`, do NOT add a leading self/object-pointer argument]	C:/hd25/kingdom2/naka/libkn/vif1.cpp
001339d0	_ZN2kn16Vif1PacketBuffer12addRefPacketENS_9VIF1LABELEPPN3Axa11DMA_SET_TAGEPvjjj	sim-sib-med	1	6	void *	kn::Vif1PacketBuffer::addRefPacket(kn::VIF1LABEL, Axa::DMA_SET_TAG **, void *, size_t, u_int, u_int) [DWARF: static -- no implicit `this`, do NOT add a leading self/object-pointer argument]	C:/hd25/kingdom2/naka/libkn/vif1.cpp
00133a18	_ZN2kn16Vif1PacketBuffer20openGsRegisterPacketEv	sim-rerun2-med	0	1		kn::Vif1PacketBuffer::openGsRegisterPacket(kn::Vif1PacketBuffer *)	C:/hd25/kingdom2/naka/libkn/vif1.cpp
00133b88	_ZN2kn16Vif1PacketBuffer17addGsDirectPacketENS_9VIF1LABELEPvjj	sim-rerun2-high	0	5	void *	kn::Vif1PacketBuffer::addGsDirectPacket(kn::Vif1PacketBuffer *, kn::VIF1LABEL, void *, size_t, u_int)	C:/hd25/kingdom2/naka/libkn/vif1.cpp
00133c78	_ZN2kn16Vif1PacketBuffer12addRefPacketENS_9VIF1LABELEPvjjj	sim-rerun2-med	0	6	void *	kn::Vif1PacketBuffer::addRefPacket(kn::Vif1PacketBuffer *, kn::VIF1LABEL, void *, size_t, u_int, u_int)	C:/hd25/kingdom2/naka/libkn/vif1.cpp
00133cf0	_ZN2kn4Vif115setPacketBufferEPvj	sim-sib-med	1	2		kn::Vif1::setPacketBuffer(void *, size_t) [DWARF: static -- no implicit `this`, do NOT add a leading self/object-pointer argument]	C:/hd25/kingdom2/naka/libkn/vif1.cpp
00133d18	_ZN2kn4Vif119releasePacketBufferEv	sim-sib-med	1	0		kn::Vif1::releasePacketBuffer() [DWARF: static -- no implicit `this`, do NOT add a leading self/object-pointer argument]	C:/hd25/kingdom2/naka/libkn/vif1.cpp
00133e50	_ZN2kn16Vif1PacketBuffer12addEndPacketENS_9VIF1LABELEjjj	sim-sib-med	0	5	void *	kn::Vif1PacketBuffer::addEndPacket(kn::Vif1PacketBuffer *, kn::VIF1LABEL, size_t, u_int, u_int)	C:/hd25/kingdom2/naka/libkn/vif1.cpp
001342a8	_ZN2kn4Vif120closeImmediatePacketEv	sim-rerun2-med	1	0		kn::Vif1::closeImmediatePacket() [DWARF: static -- no implicit `this`, do NOT add a leading self/object-pointer argument]	C:/hd25/kingdom2/naka/libkn/vif1.cpp
001342c8	_ZN2kn4Vif117addGsDirectPacketENS_9VIF1LABELEPvjj	sim-sib-high	1	4	void *	kn::Vif1::addGsDirectPacket(kn::VIF1LABEL, void *, size_t, u_int) [DWARF: static -- no implicit `this`, do NOT add a leading self/object-pointer argument]	C:/hd25/kingdom2/naka/libkn/vif1.cpp
00134408	_ZN2kn4Vif120openGsRegisterPacketEv	sim-rerun2-med	1	0		kn::Vif1::openGsRegisterPacket() [DWARF: static -- no implicit `this`, do NOT add a leading self/object-pointer argument]	C:/hd25/kingdom2/naka/libkn/vif1.cpp
00134428	_ZN2kn4Vif119setGsRegisterPacketEyy	sim-rerun2-sandwich	1	2		kn::Vif1::setGsRegisterPacket(ULONGLONG, ULONGLONG) [DWARF: static -- no implicit `this`, do NOT add a leading self/object-pointer argument]	C:/hd25/kingdom2/naka/libkn/vif1.cpp
00134450	_ZN2kn4Vif121closeGsRegisterPacketEb	sim-sib-high	1	1		kn::Vif1::closeGsRegisterPacket(bool) [DWARF: static -- no implicit `this`, do NOT add a leading self/object-pointer argument]	C:/hd25/kingdom2/naka/libkn/vif1.cpp
001344f8	_ZN2kn4Vif115getPacketBufferEv	sim-rerun2-high	1	0	kn::Vif1PacketBuffer *	kn::Vif1::getPacketBuffer() [DWARF: static -- no implicit `this`, do NOT add a leading self/object-pointer argument]	C:/hd25/kingdom2/naka/libkn/vif1.cpp
00134df8	_ZN2gm7CONVERT11CreateModelEPN2kn15MemoryAllocatorEPNS_4PLANE	sim-high	1	2	gm::MODEL_GUMI *	gm::CONVERT::CreateModel(kn::MemoryAllocator *, gm::PLAN *) [DWARF: static -- no implicit `this`, do NOT add a leading self/object-pointer argument]	C:/hd25/kingdom2/libgumi/convert.cpp
001357c8	_ZN2kn11ObjObserver4InitEv	med	1	0		kn::ObjObserver::Init() [DWARF: static -- no implicit `this`, do NOT add a leading self/object-pointer argument]	C:/hd25/kingdom2/naka/libkn/obj_observer.cpp
001357d8	_ZN2kn11ObjObserver6UpdateEv	med	1	0		kn::ObjObserver::Update() [DWARF: static -- no implicit `this`, do NOT add a leading self/object-pointer argument]	C:/hd25/kingdom2/naka/libkn/obj_observer.cpp
00135818	_ZN2kn11ObjObserver7ReplaceEPN2YS3OBJES3_	med	1	2		kn::ObjObserver::Replace(YS::OBJ *, YS::OBJ *) [DWARF: static -- no implicit `this`, do NOT add a leading self/object-pointer argument]	C:/hd25/kingdom2/naka/libkn/obj_observer.cpp
00135ad0	_ZN2kn11ObjObserver11removeEntryEPN2YS3OBJE	sim-high	0	2		kn::ObjObserver::removeEntry(kn::ObjObserver *, YS::OBJ *)	C:/hd25/kingdom2/naka/libkn/obj_observer.cpp
00135c88	_ZN2kn11ObjObserver8getIndexEPN2YS3OBJE	med	0	2	int	kn::ObjObserver::getIndex(kn::ObjObserver *, YS::OBJ *)	C:/hd25/kingdom2/naka/libkn/obj_observer.cpp
00135d00	_ZN2kn11ObjObserverixEi	med	0	2	YS::OBJ *	kn::ObjObserver::operator[](kn::ObjObserver *, int)	C:/hd25/kingdom2/naka/libkn/obj_observer.cpp
00135d78	_ZN2kn14EffectObserver4InitEv	sim-rerun-med	1	0		kn::EffectObserver::Init() [DWARF: static -- no implicit `this`, do NOT add a leading self/object-pointer argument]	C:/hd25/kingdom2/naka/libkn/effect_observer.cpp
00135dc8	_ZN2kn14EffectObserver6CreateEPPS0_	sim-med	1	1		kn::EffectObserver::Create(kn::EffectObserver **) [DWARF: static -- no implicit `this`, do NOT add a leading self/object-pointer argument]	C:/hd25/kingdom2/naka/libkn/effect_observer.cpp
001363a0	_ZN2gb2SE4LoadEP4TASK	sim-rerun2-high	1	1		gb::SE::Load(TASK *) [DWARF: static -- no implicit `this`, do NOT add a leading self/object-pointer argument]	C:/hd25/kingdom2/ovl_gumibattle/se.cpp
001366b8	_ZN2dk4BGSE8areaReadEP4TASK	med	1	1		dk::BGSE::areaRead(TASK *) [DWARF: static -- no implicit `this`, do NOT add a leading self/object-pointer argument]	C:/hd25/kingdom2/harata/libdk/bgse.cpp
001367e0	_ZN2dk4BGSE14readFileThreadEP4TASKPcPv	med	1	3		dk::BGSE::readFileThread(TASK *, char *, void *) [DWARF: static -- no implicit `this`, do NOT add a leading self/object-pointer argument]	C:/hd25/kingdom2/harata/libdk/bgse.cpp
001369b8	_ZN2dk4BGSE9fieldExitEv	sim-rerun-med	1	0		dk::BGSE::fieldExit() [DWARF: static -- no implicit `this`, do NOT add a leading self/object-pointer argument]	C:/hd25/kingdom2/harata/libdk/bgse.cpp
00136a18	_ZN2dk4BGSE9terminateEv	sim-rerun-high	1	0		dk::BGSE::terminate() [DWARF: static -- no implicit `this`, do NOT add a leading self/object-pointer argument]	C:/hd25/kingdom2/harata/libdk/bgse.cpp
00136d40	_ZN2dk3BGM8areaReadEP4TASK	med	1	1		dk::BGM::areaRead(TASK *) [DWARF: static -- no implicit `this`, do NOT add a leading self/object-pointer argument]	C:/hd25/kingdom2/harata/libdk/bgm.cpp
00136fa8	_ZN2dk3BGM9areaStartEv	med	1	0		dk::BGM::areaStart() [DWARF: static -- no implicit `this`, do NOT add a leading self/object-pointer argument]	C:/hd25/kingdom2/harata/libdk/bgm.cpp
00136fd0	_ZN2dk3BGM8areaInitEv	med	1	0		dk::BGM::areaInit() [DWARF: static -- no implicit `this`, do NOT add a leading self/object-pointer argument]	C:/hd25/kingdom2/harata/libdk/bgm.cpp
00137180	_ZN2dk3BGM10typeChangeEPi	sim-med	1	1		dk::BGM::typeChange(int *) [DWARF: static -- no implicit `this`, do NOT add a leading self/object-pointer argument]	C:/hd25/kingdom2/harata/libdk/bgm.cpp
001372d8	_ZN2dk3BGM13checkFieldBgmEP4TASK	sim-med	1	1		dk::BGM::checkFieldBgm(TASK *) [DWARF: static -- no implicit `this`, do NOT add a leading self/object-pointer argument]	C:/hd25/kingdom2/harata/libdk/bgm.cpp
001373a0	_ZN2dk3BGM8GameOverEv	med	1	0		dk::BGM::GameOver() [DWARF: static -- no implicit `this`, do NOT add a leading self/object-pointer argument]	C:/hd25/kingdom2/harata/libdk/bgm.cpp
001373d8	_ZN2dk3BGM8ContinueEv	sim-high	1	0		dk::BGM::Continue() [DWARF: static -- no implicit `this`, do NOT add a leading self/object-pointer argument]	C:/hd25/kingdom2/harata/libdk/bgm.cpp
00137560	_ZN2dk18TREASURE_INFO_BASE6updateEv	high	0	1		dk::TREASURE_INFO_BASE::update(dk::TREASURE_INFO_BASE *)	C:/hd25/kingdom2/harata/libdk/treasure_info.cpp
00137630	_ZN2dk17TREASURE_BOX_INFO7destroyEv	high	0	1		dk::TREASURE_BOX_INFO::destroy(dk::TREASURE_BOX_INFO *)	C:/hd25/kingdom2/harata/libdk/treasure_info.cpp
001376b8	_ZN2dk17TREASURE_BOX_INFO6updateEv	high	0	1		dk::TREASURE_BOX_INFO::update(dk::TREASURE_BOX_INFO *)	C:/hd25/kingdom2/harata/libdk/treasure_info.cpp
00137930	_ZN2dk19TREASURE_EVENT_INFO7destroyEv	sim-high	0	1		dk::TREASURE_EVENT_INFO::destroy(dk::TREASURE_EVENT_INFO *)	C:/hd25/kingdom2/harata/libdk/treasure_info.cpp
001379e0	_ZN2dk19TREASURE_EVENT_INFO6updateEv	high	0	1		dk::TREASURE_EVENT_INFO::update(dk::TREASURE_EVENT_INFO *)	C:/hd25/kingdom2/harata/libdk/treasure_info.cpp
00137b88	_ZN2dk19TREASURE_EVENT_INFO4drawEv	high	0	1		dk::TREASURE_EVENT_INFO::draw(dk::TREASURE_EVENT_INFO *)	C:/hd25/kingdom2/harata/libdk/treasure_info.cpp
00137c50	_ZN2dk13TREASURE_INFO6createEv	sim-high	0	1		dk::TREASURE_INFO::create(dk::TREASURE_INFO *)	C:/hd25/kingdom2/harata/libdk/treasure_info.cpp
001380e8	_ZN2dk13TREASURE_INFO4exitEv	med	1	0		dk::TREASURE_INFO::exit() [DWARF: static -- no implicit `this`, do NOT add a leading self/object-pointer argument]	C:/hd25/kingdom2/harata/libdk/treasure_info.cpp
00138128	_ZN2dk13TREASURE_INFO2onEv	sim-med	1	0		dk::TREASURE_INFO::on() [DWARF: static -- no implicit `this`, do NOT add a leading self/object-pointer argument]	C:/hd25/kingdom2/harata/libdk/treasure_info.cpp
00138140	_ZN2dk13TREASURE_INFO3offEv	high	1	0		dk::TREASURE_INFO::off() [DWARF: static -- no implicit `this`, do NOT add a leading self/object-pointer argument]	C:/hd25/kingdom2/harata/libdk/treasure_info.cpp
00138210	_ZN2dk13TREASURE_INFO13openPrizeInfoEPKN2YS7MESSAGEE	sim-high	1	1		dk::TREASURE_INFO::openPrizeInfo(const YS::MESSAGE *) [DWARF: static -- no implicit `this`, do NOT add a leading self/object-pointer argument]	C:/hd25/kingdom2/harata/libdk/treasure_info.cpp
001382e0	_ZN2dk13TREASURE_INFO15createEventInfoEv	high	1	0		dk::TREASURE_INFO::createEventInfo() [DWARF: static -- no implicit `this`, do NOT add a leading self/object-pointer argument]	C:/hd25/kingdom2/harata/libdk/treasure_info.cpp
001384d0	_ZN2dk5Pause12pause_threadEP4TASK	med	1	1		dk::Pause::pause_thread(TASK *) [DWARF: static -- no implicit `this`, do NOT add a leading self/object-pointer argument]	C:/hd25/kingdom2/harata/libdk/pause.cpp
001385c0	_ZN2dk5Pause4initEv	high	1	0		dk::Pause::init() [DWARF: static -- no implicit `this`, do NOT add a leading self/object-pointer argument]	C:/hd25/kingdom2/harata/libdk/pause.cpp
00138650	_ZN2dk11SpriteImage6createEiPvi	high	0	4		dk::SpriteImage::create(dk::SpriteImage *, int, void *, int)	C:/hd25/kingdom2/harata/libdk/sprite.cpp
001386c8	_ZN2dk11SpriteImage4drawEv	high	0	1		dk::SpriteImage::draw(dk::SpriteImage *)	C:/hd25/kingdom2/harata/libdk/sprite.cpp
001386e0	_ZN2dk6Sprite6createEiPvPN2YI5IMAGEEiii	high	0	7		dk::Sprite::create(dk::Sprite *, int, void *, YI::IMAGE *, int, int, INT)	C:/hd25/kingdom2/harata/libdk/sprite.cpp
00138748	_ZN2dk6Sprite8initWorkEi	med	0	2		dk::Sprite::initWork(dk::Sprite *, INT)	C:/hd25/kingdom2/harata/libdk/sprite.cpp
00138840	_ZN2dk6Sprite6updateEv	high	0	1		dk::Sprite::update(dk::Sprite *)	C:/hd25/kingdom2/harata/libdk/sprite.cpp
00138988	_ZN2dk6Sprite4drawEv	high	0	1		dk::Sprite::draw(dk::Sprite *)	C:/hd25/kingdom2/harata/libdk/sprite.cpp
00138c90	_ZN2dk6Sprite15getPosAddOffsetERiS1_	high	0	3		dk::Sprite::getPosAddOffset(dk::Sprite *, int &, int &)	C:/hd25/kingdom2/harata/libdk/sprite.cpp
00138de0	_ZN2dk13SpriteMessage11drawMessageEv	high	0	1	u_int	dk::SpriteMessage::drawMessage(dk::SpriteMessage *)	C:/hd25/kingdom2/harata/libdk/sprite.cpp
001390a8	_ZN2dk13SpriteMessage6updateEv	high	0	1		dk::SpriteMessage::update(dk::SpriteMessage *)	C:/hd25/kingdom2/harata/libdk/sprite.cpp
001390e8	_ZN2dk8Sprite3D11updateScaleEv	high	0	1		dk::Sprite3D::updateScale(dk::Sprite3D *)	C:/hd25/kingdom2/harata/libdk/sprite.cpp
001390f0	_ZN2dk8Sprite3D6updateEv	high	0	1		dk::Sprite3D::update(dk::Sprite3D *)	C:/hd25/kingdom2/harata/libdk/sprite.cpp
001391a8	_ZN2dk8Sprite3D6setPosERKN2kn7FVectorE	med	0	2		dk::Sprite3D::setPos(dk::Sprite3D *, RCFVector)	C:/hd25/kingdom2/harata/libdk/sprite.cpp
001391e8	_ZN2dk5Obj2D7destroyEv	high	0	1		dk::Obj2D::destroy(dk::Obj2D *)	C:/hd25/kingdom2/harata/libdk/obj2d.cpp
001391f0	_ZN2dk5Obj2D6updateEv	high	0	1		dk::Obj2D::update(dk::Obj2D *)	C:/hd25/kingdom2/harata/libdk/obj2d.cpp
001391f8	_ZN2dk5Obj2D4drawEv	high	0	1		dk::Obj2D::draw(dk::Obj2D *)	C:/hd25/kingdom2/harata/libdk/obj2d.cpp
00139308	_ZN2dk5Obj2D8DrawTaskEP4TASK	med	1	1		dk::Obj2D::DrawTask(TASK *) [DWARF: static -- no implicit `this`, do NOT add a leading self/object-pointer argument]	C:/hd25/kingdom2/harata/libdk/obj2d.cpp
001393c8	_ZN2dk5Obj2D20ExecAllTaskFinalizerEP4TASK	med	1	1		dk::Obj2D::ExecAllTaskFinalizer(TASK *) [DWARF: static -- no implicit `this`, do NOT add a leading self/object-pointer argument]	C:/hd25/kingdom2/harata/libdk/obj2d.cpp
001393e0	_ZN2dk5Obj2D24ExecMenuAllTaskFinalizerEP4TASK	med	1	1		dk::Obj2D::ExecMenuAllTaskFinalizer(TASK *) [DWARF: static -- no implicit `this`, do NOT add a leading self/object-pointer argument]	C:/hd25/kingdom2/harata/libdk/obj2d.cpp
001393f8	_ZN2dk5Obj2D11DestroyLoopEPNS0_7MANAGERE	sim-med	1	1		dk::Obj2D::DestroyLoop(dk::Obj2D::MANAGER *) [DWARF: static -- no implicit `this`, do NOT add a leading self/object-pointer argument]	C:/hd25/kingdom2/harata/libdk/obj2d.cpp
001394c0	_ZN2dk5Obj2D11DestroyTaskEP4TASK	med	1	1		dk::Obj2D::DestroyTask(TASK *) [DWARF: static -- no implicit `this`, do NOT add a leading self/object-pointer argument]	C:/hd25/kingdom2/harata/libdk/obj2d.cpp
001396b0	_ZN2dk5Obj2D15DoubleSuicideOnEv	high	0	1		dk::Obj2D::DoubleSuicideOn(dk::Obj2D *)	C:/hd25/kingdom2/harata/libdk/obj2d.cpp
00139708	_ZN2dk5Obj2D13setLocalPauseEv	med	0	1		dk::Obj2D::setLocalPause(dk::Obj2D *)	C:/hd25/kingdom2/harata/libdk/obj2d.cpp
00139718	_ZN2dk5Obj2D15resetLocalPauseEv	med	0	1		dk::Obj2D::resetLocalPause(dk::Obj2D *)	C:/hd25/kingdom2/harata/libdk/obj2d.cpp
00139740	_ZN2dk5Obj2D12setLeaveHideEv	med	0	1		dk::Obj2D::setLeaveHide(dk::Obj2D *)	C:/hd25/kingdom2/harata/libdk/obj2d.cpp
001397d8	_ZN2dk5Obj2D10leaveGroupEi	med	1	1		dk::Obj2D::leaveGroup(int) [DWARF: static -- no implicit `this`, do NOT add a leading self/object-pointer argument]	C:/hd25/kingdom2/harata/libdk/obj2d.cpp
00139a38	_ZN2dk5Obj2D13setPauseGroupEi	med	1	1		dk::Obj2D::setPauseGroup(int) [DWARF: static -- no implicit `this`, do NOT add a leading self/object-pointer argument]	C:/hd25/kingdom2/harata/libdk/obj2d.cpp
00139ab0	_ZN2dk5Obj2D15resetPauseGroupEi	med	1	1		dk::Obj2D::resetPauseGroup(int) [DWARF: static -- no implicit `this`, do NOT add a leading self/object-pointer argument]	C:/hd25/kingdom2/harata/libdk/obj2d.cpp
00139b28	_ZN2dk5Obj2D18setLocalPauseGroupEi	sim-rerun-med	1	1		dk::Obj2D::setLocalPauseGroup(int) [DWARF: static -- no implicit `this`, do NOT add a leading self/object-pointer argument]	C:/hd25/kingdom2/harata/libdk/obj2d.cpp
00139c18	_ZN2dk5Obj2D17checkDoubleCreateEPS0_	high	1	1	int	dk::Obj2D::checkDoubleCreate(dk::Obj2D *) [DWARF: static -- no implicit `this`, do NOT add a leading self/object-pointer argument]	C:/hd25/kingdom2/harata/libdk/obj2d.cpp
00139d78	_ZN2dk5Obj2D20resetLocalPauseGroupEi	sim-sib-med	1	1		dk::Obj2D::resetLocalPauseGroup(int) [DWARF: static -- no implicit `this`, do NOT add a leading self/object-pointer argument]	C:/hd25/kingdom2/harata/libdk/obj2d.cpp
00139e00	_ZN2dk5Obj2D8menuInitEP9ALLOCATORb	med	1	2		dk::Obj2D::menuInit(ALLOCATOR *, bool) [DWARF: static -- no implicit `this`, do NOT add a leading self/object-pointer argument]	C:/hd25/kingdom2/harata/libdk/obj2d.cpp
00139f38	_ZN2dk5Obj2D4initEP9ALLOCATOR	med	1	1		dk::Obj2D::init(ALLOCATOR *) [DWARF: static -- no implicit `this`, do NOT add a leading self/object-pointer argument]	C:/hd25/kingdom2/harata/libdk/obj2d.cpp
0013a178	_ZN2dk5Obj2D8get2DPosERKN2kn7FVectorERKNS1_7FMatrixE	med	1	2	SCREENVECTOR &	dk::Obj2D::get2DPos(const kn::FVector &, const kn::FMatrix &) [DWARF: static -- no implicit `this`, do NOT add a leading self/object-pointer argument]	C:/hd25/kingdom2/harata/libdk/obj2d.cpp
0013a1e8	_ZN2dk5Obj2D11pushManagerEv	sim-sandwich	1	0		dk::Obj2D::pushManager() [DWARF: static -- no implicit `this`, do NOT add a leading self/object-pointer argument]	C:/hd25/kingdom2/harata/libdk/obj2d.cpp
0013a200	_ZN2dk5Obj2D10popManagerEv	sim-sandwich	1	0		dk::Obj2D::popManager() [DWARF: static -- no implicit `this`, do NOT add a leading self/object-pointer argument]	C:/hd25/kingdom2/harata/libdk/obj2d.cpp
0013a218	_ZN2dk5Obj2D15destroyLoopExecEv	high	1	0		dk::Obj2D::destroyLoopExec() [DWARF: static -- no implicit `this`, do NOT add a leading self/object-pointer argument]	C:/hd25/kingdom2/harata/libdk/obj2d.cpp
0013a368	_ZN2dk8Field2DD14restartCommandEv	med	1	0		dk::Field2DD::restartCommand() [DWARF: static -- no implicit `this`, do NOT add a leading self/object-pointer argument]	C:/hd25/kingdom2/harata/libdk/field2dd.cpp
0013a4b8	_ZN2dk8Field2DD19isReadConfigCommandEv	med	1	0	bool	dk::Field2DD::isReadConfigCommand() [DWARF: static -- no implicit `this`, do NOT add a leading self/object-pointer argument]	C:/hd25/kingdom2/harata/libdk/field2dd.cpp
0013a4c8	_ZN2dk8Field2DD11readCommandEv	high	1	0	bool	dk::Field2DD::readCommand() [DWARF: static -- no implicit `this`, do NOT add a leading self/object-pointer argument]	C:/hd25/kingdom2/harata/libdk/field2dd.cpp
0013a600	_ZN2dk8Field2DD4readEv	high	1	0		dk::Field2DD::read() [DWARF: static -- no implicit `this`, do NOT add a leading self/object-pointer argument]	C:/hd25/kingdom2/harata/libdk/field2dd.cpp
0013a6d0	_ZN2dk8Field2DD9initFieldEv	med	1	0		dk::Field2DD::initField() [DWARF: static -- no implicit `this`, do NOT add a leading self/object-pointer argument]	C:/hd25/kingdom2/harata/libdk/field2dd.cpp
0013a6f8	_ZN2dk8Field2DD8initAreaEv	sim-med	1	0		dk::Field2DD::initArea() [DWARF: static -- no implicit `this`, do NOT add a leading self/object-pointer argument]	C:/hd25/kingdom2/harata/libdk/field2dd.cpp
0013a8f8	_ZN2dk10Monochrome4initEv	med	1	0		dk::Monochrome::init() [DWARF: static -- no implicit `this`, do NOT add a leading self/object-pointer argument]	C:/hd25/kingdom2/harata/libdk/monochrome.cpp
0013a958	_ZN2dk10Monochrome4exitER4AREA	med	1	1		dk::Monochrome::exit(AREA &) [DWARF: static -- no implicit `this`, do NOT add a leading self/object-pointer argument]	C:/hd25/kingdom2/harata/libdk/monochrome.cpp
0013a9e8	_ZN2dk10Monochrome19setEffectCommonReadEb	med	1	1		dk::Monochrome::setEffectCommonRead(bool) [DWARF: static -- no implicit `this`, do NOT add a leading self/object-pointer argument]	C:/hd25/kingdom2/harata/libdk/monochrome.cpp
0013aa38	_ZN2dk10Monochrome7setTypeEi	med	1	1	int	dk::Monochrome::setType(int) [DWARF: static -- no implicit `this`, do NOT add a leading self/object-pointer argument]	C:/hd25/kingdom2/harata/libdk/monochrome.cpp
0013aa78	_ZN2dk11COMMAND_ONE5startEiPvPNS_11SpriteImageEiiii	med	1	7	dk::COMMAND_ONE *	dk::COMMAND_ONE::start(int, void *, dk::SpriteImage *, int, int, int, INT) [DWARF: static -- no implicit `this`, do NOT add a leading self/object-pointer argument]	C:/hd25/kingdom2/harata/libdk/commanddraw.cpp
0013aba8	_ZN2dk11COMMAND_ONE4drawEv	high	0	1		dk::COMMAND_ONE::draw(dk::COMMAND_ONE *)	C:/hd25/kingdom2/harata/libdk/commanddraw.cpp
0013ad20	_ZN2dk11COMMAND_ONE4initEv	high	1	0		dk::COMMAND_ONE::init() [DWARF: static -- no implicit `this`, do NOT add a leading self/object-pointer argument]	C:/hd25/kingdom2/harata/libdk/commanddraw.cpp
0013afb0	_ZN2dk20ReactionDecideSprite7destroyEv	sim-vt-med	0	1		dk::ReactionDecideSprite::destroy(dk::ReactionDecideSprite *)	C:/hd25/kingdom2/harata/libdk/commanddraw.cpp
0013b088	_ZN2dk12COMMAND_DRAWC1Ev	sim-high	0	1		dk::COMMAND_DRAW::COMMAND_DRAW(dk::COMMAND_DRAW *)	C:/hd25/kingdom2/harata/libdk/commanddraw.cpp
0013b1d0	_ZN2dk12COMMAND_DRAW6createEPN2YS14PLAYER_COMMANDE	med	0	2		dk::COMMAND_DRAW::create(dk::COMMAND_DRAW *, YS::PLAYER_COMMAND *)	C:/hd25/kingdom2/harata/libdk/commanddraw.cpp
0013b4b0	_ZN2dk12COMMAND_DRAW2onEv	high	1	0		dk::COMMAND_DRAW::on() [DWARF: static -- no implicit `this`, do NOT add a leading self/object-pointer argument]	C:/hd25/kingdom2/harata/libdk/commanddraw.cpp
0013b508	_ZN2dk12COMMAND_DRAW3offEv	med	1	0		dk::COMMAND_DRAW::off() [DWARF: static -- no implicit `this`, do NOT add a leading self/object-pointer argument]	C:/hd25/kingdom2/harata/libdk/commanddraw.cpp
0013b538	_ZN2dk12COMMAND_DRAW8leaveAllEv	high	1	0		dk::COMMAND_DRAW::leaveAll() [DWARF: static -- no implicit `this`, do NOT add a leading self/object-pointer argument]	C:/hd25/kingdom2/harata/libdk/commanddraw.cpp
0013b5d0	_ZN2dk12COMMAND_DRAW4openEiiPN2YS12COMMAND_SLOTEbiiPKNS1_7MESSAGEEiif	med	0	11	dk::COMMAND_ONE *	dk::COMMAND_DRAW::open(dk::COMMAND_DRAW *, int, int, YS::COMMAND_SLOT *, bool, int, int, const YS::MESSAGE *, int, int, float)	C:/hd25/kingdom2/harata/libdk/commanddraw.cpp
0013bc50	_ZN2dk12COMMAND_DRAW15drawCurrentIconEPN2YS12COMMAND_MENUEiibjPKNS1_12COMMAND_ELEMEPNS_11COMMAND_ONEE	med	0	8		dk::COMMAND_DRAW::drawCurrentIcon(dk::COMMAND_DRAW *, YS::COMMAND_MENU *, int, int, bool, u_int, const YS::COMMAND_ELEM *, dk::COMMAND_ONE *)	C:/hd25/kingdom2/harata/libdk/commanddraw.cpp
0013c080	_ZN2dk12COMMAND_DRAW13checkOverRideEPN2YS12COMMAND_SLOTEiiRbiRiS5_	sim-sandwich	0	8		dk::COMMAND_DRAW::checkOverRide(dk::COMMAND_DRAW *, YS::COMMAND_SLOT *, int, int, bool &, int, int &, int &)	C:/hd25/kingdom2/harata/libdk/commanddraw.cpp
0013c190	_ZN2dk12COMMAND_DRAW11drawCurrentEPN2YS12COMMAND_MENUEiibiiiPNS1_12COMMAND_SLOTE	med	0	9		dk::COMMAND_DRAW::drawCurrent(dk::COMMAND_DRAW *, YS::COMMAND_MENU *, int, int, bool, int, int, int, YS::COMMAND_SLOT *)	C:/hd25/kingdom2/harata/libdk/commanddraw.cpp
0013c3b8	_ZN2dk12COMMAND_DRAW15drawCommandPageEPN2YS12COMMAND_MENUEiib	sim-high	0	5		dk::COMMAND_DRAW::drawCommandPage(dk::COMMAND_DRAW *, YS::COMMAND_MENU *, int, int, bool)	C:/hd25/kingdom2/harata/libdk/commanddraw.cpp
0013c738	_ZN2dk12COMMAND_DRAW15is_Command_SkipEv	med	0	1	bool	dk::COMMAND_DRAW::is_Command_Skip(dk::COMMAND_DRAW *)	C:/hd25/kingdom2/harata/libdk/commanddraw.cpp
0013c7d0	_ZN2dk12COMMAND_DRAW13isCommandSkipEv	med	1	0	bool	dk::COMMAND_DRAW::isCommandSkip() [DWARF: static -- no implicit `this`, do NOT add a leading self/object-pointer argument]	C:/hd25/kingdom2/harata/libdk/commanddraw.cpp
0013c938	_ZN2dk12COMMAND_DRAW6updateEv	sim-high	0	1		dk::COMMAND_DRAW::update(dk::COMMAND_DRAW *)	C:/hd25/kingdom2/harata/libdk/commanddraw.cpp
0013cbb8	_ZN2dk12COMMAND_DRAW8shortCutEPN2YS12COMMAND_MENUEb	sim-high	0	3		dk::COMMAND_DRAW::shortCut(dk::COMMAND_DRAW *, YS::COMMAND_MENU *, bool)	C:/hd25/kingdom2/harata/libdk/commanddraw.cpp
0013ce08	_ZN2dk12COMMAND_DRAW5recomEi	med	0	2		dk::COMMAND_DRAW::recom(dk::COMMAND_DRAW *, const int)	C:/hd25/kingdom2/harata/libdk/commanddraw.cpp
0013d3f8	_ZN2dk12COMMAND_DRAW6drawBGEv	sim-med	0	1		dk::COMMAND_DRAW::drawBG(dk::COMMAND_DRAW *)	C:/hd25/kingdom2/harata/libdk/commanddraw.cpp
0013d550	_ZN2dk12COMMAND_DRAW22setSpecialCommandImageEPvS1_	med	1	2		dk::COMMAND_DRAW::setSpecialCommandImage(void *, void *) [DWARF: static -- no implicit `this`, do NOT add a leading self/object-pointer argument]	C:/hd25/kingdom2/harata/libdk/commanddraw.cpp
0013d620	_ZN2dk12COMMAND_DRAW24resetSpecialCommandImageEv	med	1	0		dk::COMMAND_DRAW::resetSpecialCommandImage() [DWARF: static -- no implicit `this`, do NOT add a leading self/object-pointer argument]	C:/hd25/kingdom2/harata/libdk/commanddraw.cpp
0013d6b0	_ZN2dk12COMMAND_DRAW15setCommandImageEPvS1_	high	1	2		dk::COMMAND_DRAW::setCommandImage(void *, void *) [DWARF: static -- no implicit `this`, do NOT add a leading self/object-pointer argument]	C:/hd25/kingdom2/harata/libdk/commanddraw.cpp
0013d750	_ZN2dk12COMMAND_DRAW21resetCommandImageTaskEP4TASK	med	1	1		dk::COMMAND_DRAW::resetCommandImageTask(TASK *) [DWARF: static -- no implicit `this`, do NOT add a leading self/object-pointer argument]	C:/hd25/kingdom2/harata/libdk/commanddraw.cpp
0013d798	_ZN2dk12COMMAND_DRAW17resetCommandImageEv	med	1	0		dk::COMMAND_DRAW::resetCommandImage() [DWARF: static -- no implicit `this`, do NOT add a leading self/object-pointer argument]	C:/hd25/kingdom2/harata/libdk/commanddraw.cpp
0013d7d0	_ZN2dk12COMMAND_DRAW11resetBGskipEv	med	1	0		dk::COMMAND_DRAW::resetBGskip() [DWARF: static -- no implicit `this`, do NOT add a leading self/object-pointer argument]	C:/hd25/kingdom2/harata/libdk/commanddraw.cpp
0013d820	_ZN2dk10GAUGE_DRAW4initEv	high	1	0		dk::GAUGE_DRAW::init() [DWARF: static -- no implicit `this`, do NOT add a leading self/object-pointer argument]	C:/hd25/kingdom2/harata/libdk/gaugedraw.cpp
0013d9e0	_ZN2dk10GAUGE_DRAW4exitEv	med	1	0		dk::GAUGE_DRAW::exit() [DWARF: static -- no implicit `this`, do NOT add a leading self/object-pointer argument]	C:/hd25/kingdom2/harata/libdk/gaugedraw.cpp
0013dad0	_ZN2dk10GAUGE_DRAW7drawEndEv	sim-rerun-med	1	0		dk::GAUGE_DRAW::drawEnd() [DWARF: static -- no implicit `this`, do NOT add a leading self/object-pointer argument]	C:/hd25/kingdom2/harata/libdk/gaugedraw.cpp
0013daf8	_ZN2dk10GAUGE_DRAW2onEv	high	1	0		dk::GAUGE_DRAW::on() [DWARF: static -- no implicit `this`, do NOT add a leading self/object-pointer argument]	C:/hd25/kingdom2/harata/libdk/gaugedraw.cpp
0013db60	_ZN2dk10GAUGE_DRAW3offEv	med	1	0		dk::GAUGE_DRAW::off() [DWARF: static -- no implicit `this`, do NOT add a leading self/object-pointer argument]	C:/hd25/kingdom2/harata/libdk/gaugedraw.cpp
0013dc08	_ZN2dk5GAUGE8psetFlagEii	sim-sib-med	0	3		dk::GAUGE::psetFlag(dk::GAUGE *, int, int)	C:/hd25/kingdom2/harata/libdk/gauge.cpp
0013ddc0	_ZN2dk5GAUGE6createEiPN2YS3OBJE	med	1	2		dk::GAUGE::create(int, YS::OBJ *) [DWARF: static -- no implicit `this`, do NOT add a leading self/object-pointer argument]	C:/hd25/kingdom2/harata/libdk/gauge.cpp
0013def8	_ZN2dk5GAUGE4cureEPN2YS3OBJE	med	1	1		dk::GAUGE::cure(YS::OBJ *) [DWARF: static -- no implicit `this`, do NOT add a leading self/object-pointer argument]	C:/hd25/kingdom2/harata/libdk/gauge.cpp
0013e028	_ZN2dk11SECTOR_MASK4drawEv	sim-high	0	1		dk::SECTOR_MASK::draw(dk::SECTOR_MASK *)	C:/hd25/kingdom2/harata/libdk/mask.cpp
0013e0f8	_ZN2dk11CIRCLE_MASK6createEiiii	med	0	5		dk::CIRCLE_MASK::create(dk::CIRCLE_MASK *, int, int, int, INT)	C:/hd25/kingdom2/harata/libdk/mask.cpp
0013e1c8	_ZN2dk11CIRCLE_MASK4drawEv	sim-high	0	1		dk::CIRCLE_MASK::draw(dk::CIRCLE_MASK *)	C:/hd25/kingdom2/harata/libdk/mask.cpp
0013e2d8	_ZN2dk6LockOn5startEi	sim-high	1	1	dk::LockOn *	dk::LockOn::start(int) [DWARF: static -- no implicit `this`, do NOT add a leading self/object-pointer argument]	C:/hd25/kingdom2/harata/libdk/lockon.cpp
0013e378	_ZN2dk6LockOn7destroyEv	sim-vt-med	0	1		dk::LockOn::destroy(dk::LockOn *)	C:/hd25/kingdom2/harata/libdk/lockon.cpp
0013e3b0	_ZN2dk6LockOn6setPosERKN2kn7FVectorE	high	0	2		dk::LockOn::setPos(dk::LockOn *, RCFVector)	C:/hd25/kingdom2/harata/libdk/lockon.cpp
0013e410	_ZN2dk6LockOn11updateScaleEv	high	0	1		dk::LockOn::updateScale(dk::LockOn *)	C:/hd25/kingdom2/harata/libdk/lockon.cpp
0013e470	_ZN2dk6LockOn6updateEv	high	0	1		dk::LockOn::update(dk::LockOn *)	C:/hd25/kingdom2/harata/libdk/lockon.cpp
0013e4b8	_ZN2dk6LockOn3endEv	high	0	1		dk::LockOn::end(dk::LockOn *)	C:/hd25/kingdom2/harata/libdk/lockon.cpp
0013e5a8	_ZN2dk6LockOn6changeEv	sim-high	0	1	dk::LockOn *	dk::LockOn::change(dk::LockOn *)	C:/hd25/kingdom2/harata/libdk/lockon.cpp
0013e688	_ZN2dk6LockOn4initEv	high	1	0		dk::LockOn::init() [DWARF: static -- no implicit `this`, do NOT add a leading self/object-pointer argument]	C:/hd25/kingdom2/harata/libdk/lockon.cpp
0013e808	_ZN2dk6LockOn4exitEv	med	1	0		dk::LockOn::exit() [DWARF: static -- no implicit `this`, do NOT add a leading self/object-pointer argument]	C:/hd25/kingdom2/harata/libdk/lockon.cpp
0013e940	_ZN2dk7Ft4Base12createPacketEv	sim-high	0	1		dk::Ft4Base::createPacket(dk::Ft4Base *)	C:/hd25/kingdom2/harata/libdk/ft4.cpp
0013ea50	_ZN2dk7Ft4Base7calcRotERKN2kn7FMatrixERKNS1_7FVectorERiS8_	sim-med	0	5		dk::Ft4Base::calcRot(dk::Ft4Base *, RCFMatrix, RCFVector, int &, int &)	C:/hd25/kingdom2/harata/libdk/ft4.cpp
0013eb00	_ZN2dk7Ft4Base7calcXYZEv	sim-high	0	1		dk::Ft4Base::calcXYZ(dk::Ft4Base *)	C:/hd25/kingdom2/harata/libdk/ft4.cpp
0013edd8	_ZNK2dk7Ft4Base6getRotEv	med	0	1	float	dk::Ft4Base::getRot(const dk::Ft4Base *)	C:/hd25/kingdom2/harata/libdk/ft4.cpp
0013ee30	_ZN2dk7Ft4Base9setGsTex1Ey	med	0	2		dk::Ft4Base::setGsTex1(dk::Ft4Base *, const ULONGLONG)	C:/hd25/kingdom2/harata/libdk/ft4.cpp
0013ef80	_ZN2dk10JumpEffect10outIsExistEv	sim-rerun-high	1	0	bool	dk::JumpEffect::outIsExist() [DWARF: static -- no implicit `this`, do NOT add a leading self/object-pointer argument]	C:/hd25/kingdom2/harata/libdk/jumpeffect.cpp
0013efe8	_ZN2dk10JumpEffect7outInitEv	med	1	0		dk::JumpEffect::outInit() [DWARF: static -- no implicit `this`, do NOT add a leading self/object-pointer argument]	C:/hd25/kingdom2/harata/libdk/jumpeffect.cpp
0013f198	_ZN2dk19FadeBlackJumpEffect18jumpEffectOut_taskEP4TASK	sim-rerun-med	1	1		dk::FadeBlackJumpEffect::jumpEffectOut_task(TASK *) [DWARF: static -- no implicit `this`, do NOT add a leading self/object-pointer argument]	C:/hd25/kingdom2/harata/libdk/jumpeffect.cpp
0013f230	_ZN2dk10JumpEffect3outEj	sim-high	1	1		dk::JumpEffect::out(u_int) [DWARF: static -- no implicit `this`, do NOT add a leading self/object-pointer argument]	C:/hd25/kingdom2/harata/libdk/jumpeffect.cpp
0013f288	_ZN2dk10JumpEffect2inEv	sim-high	1	0		dk::JumpEffect::in() [DWARF: static -- no implicit `this`, do NOT add a leading self/object-pointer argument]	C:/hd25/kingdom2/harata/libdk/jumpeffect.cpp
0013f5f0	_ZN2dk9ObjCamera17setDefaultFovRollEv	med	0	1		dk::ObjCamera::setDefaultFovRoll(dk::ObjCamera *)	C:/hd25/kingdom2/harata/libdk/objcamera.cpp
0013f888	_ZN2dk9ObjCamera13calcEyeTargetERKN2kn7FVectorEb	med	0	3		dk::ObjCamera::calcEyeTarget(dk::ObjCamera *, const kn::FVector &, bool)	C:/hd25/kingdom2/harata/libdk/objcamera.cpp
0013f9e0	_ZN2dk9ObjCamera9collisionERKN2kn7FVectorES4_RS2_bb	high	1	5	bool	dk::ObjCamera::collision(const kn::FVector &, const kn::FVector &, kn::FVector &, bool, bool) [DWARF: static -- no implicit `this`, do NOT add a leading self/object-pointer argument]	C:/hd25/kingdom2/harata/libdk/objcamera.cpp
0013fdf0	_ZN2dk9ObjCamera15objectiveUpDownEPN2YS3PADEf	med	0	3		dk::ObjCamera::objectiveUpDown(dk::ObjCamera *, YS::PAD *, float)	C:/hd25/kingdom2/harata/libdk/objcamera.cpp
0013ff08	_ZN2dk9ObjCamera17objective_controlEPN2YS3PADEf	med	0	3	bool	dk::ObjCamera::objective_control(dk::ObjCamera *, YS::PAD *, float)	C:/hd25/kingdom2/harata/libdk/objcamera.cpp
00140210	_ZN2dk9ObjCamera11auto_cameraEPN2YS3PADEf	sim-med	0	3		dk::ObjCamera::auto_camera(dk::ObjCamera *, YS::PAD *, float)	C:/hd25/kingdom2/harata/libdk/objcamera.cpp
00140480	_ZN2dk9ObjCamera12calcAtTargetEv	med	0	1		dk::ObjCamera::calcAtTarget(dk::ObjCamera *)	C:/hd25/kingdom2/harata/libdk/objcamera.cpp
00140500	_ZN2dk9ObjCamera14calcSubjectiveEv	high	0	1		dk::ObjCamera::calcSubjective(dk::ObjCamera *)	C:/hd25/kingdom2/harata/libdk/objcamera.cpp
00140618	_ZN2dk9ObjCamera18subjective_controlEPN2YS3PADE	med	0	2		dk::ObjCamera::subjective_control(dk::ObjCamera *, YS::PAD *)	C:/hd25/kingdom2/harata/libdk/objcamera.cpp
001408a0	_ZN2dk9ObjCamera9setCameraEb	med	0	2		dk::ObjCamera::setCamera(dk::ObjCamera *, bool)	C:/hd25/kingdom2/harata/libdk/objcamera.cpp
00140b68	_ZN2dk9ObjCamera6updateEb	high	0	2		dk::ObjCamera::update(dk::ObjCamera *, bool)	C:/hd25/kingdom2/harata/libdk/objcamera.cpp
00140db0	_ZN2dk9ObjCamera7destroyEv	sim-sib-med	1	0		dk::ObjCamera::destroy() [DWARF: static -- no implicit `this`, do NOT add a leading self/object-pointer argument]	C:/hd25/kingdom2/harata/libdk/objcamera.cpp
00140f20	_ZN2dk9ObjCamera7setHomeEv	med	0	1		dk::ObjCamera::setHome(dk::ObjCamera *)	C:/hd25/kingdom2/harata/libdk/objcamera.cpp
00141010	_ZN2dk9ObjCamera16cancelSubjectiveEf	high	1	1		dk::ObjCamera::cancelSubjective(float) [DWARF: static -- no implicit `this`, do NOT add a leading self/object-pointer argument]	C:/hd25/kingdom2/harata/libdk/objcamera.cpp
00141778	_ZN2dk11OctCollFile14isExistPolygonEt	sim-med	0	2	bool	dk::OctCollFile::isExistPolygon(dk::OctCollFile *, const u_short)	C:/hd25/kingdom2/harata/libdk/collision.cpp
00141988	_ZN2dk11OctCollFile13createPolygonERKNS_11CollPolygonERNS_7PolygonE	sim-med	0	3		dk::OctCollFile::createPolygon(dk::OctCollFile *, const dk::CollPolygon &, dk::Polygon &)	C:/hd25/kingdom2/harata/libdk/collision.cpp
00141c38	_ZN2dk11OctCollFile13selectPolygonEiRNS_7SAabboxERti	sim-high	0	5		dk::OctCollFile::selectPolygon(dk::OctCollFile *, int, dk::SAabbox &, u_short &, int)	C:/hd25/kingdom2/harata/libdk/collision.cpp
00141e78	_ZN2dk11OctCollFile19getLineCrossPolygonERNS_3RayEiRN2kn7FVectorE	sim-med	0	4	u_short	dk::OctCollFile::getLineCrossPolygon(dk::OctCollFile *, dk::Ray &, int, kn::FVector &)	C:/hd25/kingdom2/harata/libdk/collision.cpp
00141ff0	_ZN2dk11OctCollFile13intersectLineERNS_4LineERN2kn7FVectorERti	sim-med	0	5	bool	dk::OctCollFile::intersectLine(dk::OctCollFile *, dk::Line &, kn::FVector &, u_short &, int)	C:/hd25/kingdom2/harata/libdk/collision.cpp
00142208	_ZN2dk11OctCollFile10getPolygonEt	sim-med	0	2	dk::Polygon &	dk::OctCollFile::getPolygon(dk::OctCollFile *, const u_short)	C:/hd25/kingdom2/harata/libdk/collision.cpp
001423c0	_ZN2dk11OctCollFile9getVertexEtPN2kn7FVectorE	sim-med	0	3	int	dk::OctCollFile::getVertex(dk::OctCollFile *, const u_short, kn::FVector *)	C:/hd25/kingdom2/harata/libdk/collision.cpp
00142688	_ZN2dk11OctCollFile12getOnPolygonERfiPNS_14CollisionParamE	sim-med	0	4	u_short	dk::OctCollFile::getOnPolygon(dk::OctCollFile *, float &, int, dk::CollisionParam *)	C:/hd25/kingdom2/harata/libdk/collision.cpp
00142848	_ZN2dk11OctCollFile20selectDownAllPolygonEPNS_14CollisionParamE	high	0	2	u_short	dk::OctCollFile::selectDownAllPolygon(dk::OctCollFile *, dk::CollisionParam *)	C:/hd25/kingdom2/harata/libdk/collision.cpp
00142b70	_ZN2dk11OctCollFile13isSmallMatrixEv	med	0	1	bool	dk::OctCollFile::isSmallMatrix(dk::OctCollFile *)	C:/hd25/kingdom2/harata/libdk/collision.cpp
00142bf8	_ZN2dk11OctCollFile15createPolygonSeEv	sim-med	0	1		dk::OctCollFile::createPolygonSe(dk::OctCollFile *)	C:/hd25/kingdom2/harata/libdk/collision.cpp
00142c90	_ZN2dk6Octree6createEPNS_7MapFileEP9ALLOCATORby	sim-high	1	4		dk::Octree::create(dk::MapFile *, ALLOCATOR *, bool, ULONGLONG) [DWARF: static -- no implicit `this`, do NOT add a leading self/object-pointer argument]	C:/hd25/kingdom2/harata/libdk/octree.cpp
00142f50	_ZN2dk6Octree7destroyEv	sim-high	1	0		dk::Octree::destroy() [DWARF: static -- no implicit `this`, do NOT add a leading self/object-pointer argument]	C:/hd25/kingdom2/harata/libdk/octree.cpp
00143268	_ZN2dk6Octree10setSkipAllEv	sim-rerun-med	1	0		dk::Octree::setSkipAll() [DWARF: static -- no implicit `this`, do NOT add a leading self/object-pointer argument]	C:/hd25/kingdom2/harata/libdk/octree.cpp
001432a8	_ZN2dk6Octree11wallClipOffEv	sim-rerun-med	1	0		dk::Octree::wallClipOff() [DWARF: static -- no implicit `this`, do NOT add a leading self/object-pointer argument]	C:/hd25/kingdom2/harata/libdk/octree.cpp
00143398	_ZN2dk6Octree16insertDrawObjectEPNS_11ObjDrawListE	sim-med	1	1		dk::Octree::insertDrawObject(dk::ObjDrawList *) [DWARF: static -- no implicit `this`, do NOT add a leading self/object-pointer argument]	C:/hd25/kingdom2/harata/libdk/octree.cpp
00143520	_ZN2dk6Octree16getOnPolygonInfoERKN2kn7FVectorEPNS_13OnPolygonInfoE	med	1	2		dk::Octree::getOnPolygonInfo(const kn::FVector &, dk::OnPolygonInfo *) [DWARF: static -- no implicit `this`, do NOT add a leading self/object-pointer argument]	C:/hd25/kingdom2/harata/libdk/octree.cpp
001435a0	_ZN2dk6Octree14getSkeltonTypeEPNS_14CollisionParamE	high	1	1	int	dk::Octree::getSkeltonType(dk::CollisionParam *) [DWARF: static -- no implicit `this`, do NOT add a leading self/object-pointer argument]	C:/hd25/kingdom2/harata/libdk/octree.cpp
00143648	_ZN2dk6Octree16getOnPolygonInfoEPNS_14CollisionParamEPNS_13OnPolygonInfoE	med	1	2		dk::Octree::getOnPolygonInfo(dk::CollisionParam *, dk::OnPolygonInfo *) [DWARF: static -- no implicit `this`, do NOT add a leading self/object-pointer argument]	C:/hd25/kingdom2/harata/libdk/octree.cpp
00143860	_ZN2dk6Octree12getColorInfoERNS_4LineE	med	1	1	YS::COLOR	dk::Octree::getColorInfo(dk::Line &) [DWARF: static -- no implicit `this`, do NOT add a leading self/object-pointer argument]	C:/hd25/kingdom2/harata/libdk/octree.cpp
00143928	_ZN2dk6Octree14collisionToMapEPNS_14CollisionParamE	sim-high	1	1	int	dk::Octree::collisionToMap(dk::CollisionParam *) [DWARF: static -- no implicit `this`, do NOT add a leading self/object-pointer argument]	C:/hd25/kingdom2/harata/libdk/octree.cpp
00143a48	_ZN2dk6Octree18intersectFootPrintERNS_4LineERN2kn7FVectorEi	med	1	3	bool	dk::Octree::intersectFootPrint(dk::Line &, kn::FVector &, int) [DWARF: static -- no implicit `this`, do NOT add a leading self/object-pointer argument]	C:/hd25/kingdom2/harata/libdk/octree.cpp
00143ae0	_ZN2dk6Octree16intersectLineMapERNS_4LineERN2kn7FVectorERti	high	1	4	bool	dk::Octree::intersectLineMap(dk::Line &, kn::FVector &, u_short &, int) [DWARF: static -- no implicit `this`, do NOT add a leading self/object-pointer argument]	C:/hd25/kingdom2/harata/libdk/octree.cpp
00143b60	_ZN2dk6Octree13intersectLineERNS_4LineERN2kn7FVectorEi	med	1	3	bool	dk::Octree::intersectLine(dk::Line &, kn::FVector &, int) [DWARF: static -- no implicit `this`, do NOT add a leading self/object-pointer argument]	C:/hd25/kingdom2/harata/libdk/octree.cpp
00143b88	_ZN2dk6Octree13intersectLineERNS_4LineERN2kn7FVectorERtRPNS_6ObjOccEi	high	1	5	bool	dk::Octree::intersectLine(dk::Line &, kn::FVector &, u_short &, dk::ObjOcc *&, int) [DWARF: static -- no implicit `this`, do NOT add a leading self/object-pointer argument]	C:/hd25/kingdom2/harata/libdk/octree.cpp
00143c68	_ZN2dk6Octree15intersectLineIkERNS_4LineERN2kn7FVectorE	med	1	2	bool	dk::Octree::intersectLineIk(dk::Line &, kn::FVector &) [DWARF: static -- no implicit `this`, do NOT add a leading self/object-pointer argument]	C:/hd25/kingdom2/harata/libdk/octree.cpp
00143d10	_ZN2dk6Octree19intersectLineCameraERNS_4LineERN2kn7FVectorERtRPNS_6ObjOccE	high	1	4	bool	dk::Octree::intersectLineCamera(dk::Line &, kn::FVector &, u_short &, dk::ObjOcc *&) [DWARF: static -- no implicit `this`, do NOT add a leading self/object-pointer argument]	C:/hd25/kingdom2/harata/libdk/octree.cpp
00143dd0	_ZN2dk6Octree20intersectLineMapKindERNS_4LineERN2kn7FVectorERtii	high	1	5	bool	dk::Octree::intersectLineMapKind(dk::Line &, kn::FVector &, u_short &, int, int) [DWARF: static -- no implicit `this`, do NOT add a leading self/object-pointer argument]	C:/hd25/kingdom2/harata/libdk/octree.cpp
00143ec8	_ZN2dk6Octree8getPlaneEt	sim-sib-med	1	1	dk::Plane &	dk::Octree::getPlane(const u_short) [DWARF: static -- no implicit `this`, do NOT add a leading self/object-pointer argument]	C:/hd25/kingdom2/harata/libdk/octree.cpp
00143ee8	_ZN2dk6Octree7getAttrEtb	high	1	2	dk::Attr &	dk::Octree::getAttr(const u_short, bool) [DWARF: static -- no implicit `this`, do NOT add a leading self/object-pointer argument]	C:/hd25/kingdom2/harata/libdk/octree.cpp
00144060	_ZN2dk6Octree21buildOcclusionFrustumEv	sim-high	1	0		dk::Octree::buildOcclusionFrustum() [DWARF: static -- no implicit `this`, do NOT add a leading self/object-pointer argument]	C:/hd25/kingdom2/harata/libdk/octree.cpp
001440e0	_ZN2dk6Octree12calcSpotSizeEv	sim-med	1	0		dk::Octree::calcSpotSize() [DWARF: static -- no implicit `this`, do NOT add a leading self/object-pointer argument]	C:/hd25/kingdom2/harata/libdk/octree.cpp
00144250	_ZN2dk6Octree14drawScene_taskEP4TASK	high	1	1		dk::Octree::drawScene_task(TASK *) [DWARF: static -- no implicit `this`, do NOT add a leading self/object-pointer argument]	C:/hd25/kingdom2/harata/libdk/octree.cpp
001445e8	_ZN2dk6AabboxC1ERNS_7PolygonE	sim-med	0	2		dk::Aabbox::Aabbox(dk::Aabbox *, dk::Polygon &)	C:/hd25/kingdom2/harata/libdk/aabbox.cpp
00144630	_ZN2dk6Aabbox3setERNS_7PolygonE	sim-med	0	2		dk::Aabbox::set(dk::Aabbox *, dk::Polygon &)	C:/hd25/kingdom2/harata/libdk/aabbox.cpp
001449a8	_ZN2dk6Aabbox9mulMatrixERKN2kn7FMatrixE	high	0	2		dk::Aabbox::mulMatrix(dk::Aabbox *, const kn::FMatrix &)	C:/hd25/kingdom2/harata/libdk/aabbox.cpp
00144b38	_ZNK2dk6Aabbox15generateVertex8EPN2kn7FVectorE	med	0	2		dk::Aabbox::generateVertex8(const dk::Aabbox *, kn::FVector *)	C:/hd25/kingdom2/harata/libdk/aabbox.cpp
00144be0	_ZNK2dk6Aabbox19generateDrawVertex8EPN2kn7FVectorE	med	0	2		dk::Aabbox::generateDrawVertex8(const dk::Aabbox *, kn::FVector *)	C:/hd25/kingdom2/harata/libdk/aabbox.cpp
00144d10	_ZN2dk6Aabbox14intersectInBoxERKS0_	med	0	2	bool	dk::Aabbox::intersectInBox(dk::Aabbox *, const dk::Aabbox &)	C:/hd25/kingdom2/harata/libdk/aabbox.cpp
00144d90	_ZN2dk6Aabbox9fitsInBoxERKS0_	sim-med	0	2	bool	dk::Aabbox::fitsInBox(dk::Aabbox *, const dk::Aabbox &)	C:/hd25/kingdom2/harata/libdk/aabbox.cpp
00145830	_ZN2dk11OctDrawFileC1EPvby	sim-high	0	4		dk::OctDrawFile::OctDrawFile(dk::OctDrawFile *, void *, bool, ULONGLONG)	C:/hd25/kingdom2/harata/libdk/octfile.cpp
001459e0	_ZN2dk7Polygon8drawLineERN2kn11BoundingBoxEhhhRKNS1_7FMatrixE	sim-rerun-med	0	6		dk::Polygon::drawLine(dk::Polygon *, kn::BoundingBox &, u_char, u_char, u_char, RCFMatrix)	C:/hd25/kingdom2/harata/libdk/polygon.cpp
00145cb0	_ZN2dk11OctDrawFile21calcViewFrustumMatrixEv	sim-high	0	1		dk::OctDrawFile::calcViewFrustumMatrix(dk::OctDrawFile *)	C:/hd25/kingdom2/harata/libdk/octfile.cpp
00146078	_ZN2dk11OctDrawFile15setDrawMapModelEPN2kn8ModelObjE	sim-rerun-med	0	2		dk::OctDrawFile::setDrawMapModel(dk::OctDrawFile *, kn::ModelObj *)	C:/hd25/kingdom2/harata/libdk/octfile.cpp
00146080	_ZN2dk11OctDrawFile18sethitTableAddressEPs	sim-rerun-med	0	2		dk::OctDrawFile::sethitTableAddress(dk::OctDrawFile *, short *)	C:/hd25/kingdom2/harata/libdk/octfile.cpp
00146088	_ZN2dk11OctDrawFile16occlusionCullingERNS_6AabboxE	sim-rerun-med	0	2	bool	dk::OctDrawFile::occlusionCulling(dk::OctDrawFile *, dk::Aabbox &)	C:/hd25/kingdom2/harata/libdk/octfile.cpp
00146250	_ZN2dk11OctDrawFile10drawObjectERKNS_8DrawNodeE	sim-med	0	2		dk::OctDrawFile::drawObject(dk::OctDrawFile *, const dk::DrawNode &)	C:/hd25/kingdom2/harata/libdk/octfile.cpp
00146498	_ZN2dk11OctDrawFile8drawTreeEiRi	sim-med	0	3		dk::OctDrawFile::drawTree(dk::OctDrawFile *, const int, int &)	C:/hd25/kingdom2/harata/libdk/octfile.cpp
00146a58	_ZN2dk16OcclusionFrustum7cullingEPN2kn7FVectorE	sim-rerun2-med	0	2	bool	dk::OcclusionFrustum::culling(dk::OcclusionFrustum *, kn::FVector *)	C:/hd25/kingdom2/harata/libdk/frustum.cpp
00146c08	_ZN2dk16OcclusionFrustum7cullingERNS_6AabboxE	sim-sib-med	0	2	bool	dk::OcclusionFrustum::culling(dk::OcclusionFrustum *, dk::Aabbox &)	C:/hd25/kingdom2/harata/libdk/frustum.cpp
00146f28	_ZN2dk11OctDrawFile16insertDrawObjectEPNS_11ObjDrawListEb	sim-med	0	3		dk::OctDrawFile::insertDrawObject(dk::OctDrawFile *, dk::ObjDrawList *, bool)	C:/hd25/kingdom2/harata/libdk/objdraw.cpp
00147050	_ZN2dk11OctDrawFile14findDrawObjectEiPNS_11ObjDrawListEiRi	sim-med	0	5	int	dk::OctDrawFile::findDrawObject(dk::OctDrawFile *, int, dk::ObjDrawList *, int, int &)	C:/hd25/kingdom2/harata/libdk/objdraw.cpp
00147140	_ZN2dk11OctDrawFile19cacheFindDrawObjectEPNS_11ObjDrawListE	sim-med	0	2		dk::OctDrawFile::cacheFindDrawObject(dk::OctDrawFile *, dk::ObjDrawList *)	C:/hd25/kingdom2/harata/libdk/objdraw.cpp
001472b8	_ZN2dk11OctDrawFile9quickSortEPPvPfii	sim-rerun-med	1	4		dk::OctDrawFile::quickSort(void **, float *, int, int) [DWARF: static -- no implicit `this`, do NOT add a leading self/object-pointer argument]	C:/hd25/kingdom2/harata/libdk/objdraw.cpp
001473e8	_ZN2dk11OctDrawFile13drawObjectAllEv	sim-high	0	1		dk::OctDrawFile::drawObjectAll(dk::OctDrawFile *)	C:/hd25/kingdom2/harata/libdk/objdraw.cpp
00147810	_ZN2dk11OctDrawFile18calcCameraRelativeEPNS_11ObjDrawListE	sim-high	0	2		dk::OctDrawFile::calcCameraRelative(dk::OctDrawFile *, dk::ObjDrawList *)	C:/hd25/kingdom2/harata/libdk/objdraw.cpp
00147e80	_ZN2dk17set_screen_offsetEPN2kn9DrawQueueEb	sim-rerun2-med	1	2		dk::set_screen_offset(kn::DrawQueue *, bool) [DWARF: static -- no implicit `this`, do NOT add a leading self/object-pointer argument]	C:/hd25/kingdom2/harata/libdk/objdraw.cpp
00147ed0	_ZN2dk25set_default_screen_offsetEPN2kn9DrawQueueEb	sim-rerun2-med	1	2		dk::set_default_screen_offset(kn::DrawQueue *, bool) [DWARF: static -- no implicit `this`, do NOT add a leading self/object-pointer argument]	C:/hd25/kingdom2/harata/libdk/objdraw.cpp
00147f08	_ZN2dk11OctDrawFile13drawModelBaseEPNS_11ObjDrawListE	sim-med	0	2		dk::OctDrawFile::drawModelBase(dk::OctDrawFile *, dk::ObjDrawList *)	C:/hd25/kingdom2/harata/libdk/objdraw.cpp
00148470	_ZN2dk11OctDrawFile9drawModelEPNS_11ObjDrawListE	sim-high	0	2		dk::OctDrawFile::drawModel(dk::OctDrawFile *, dk::ObjDrawList *)	C:/hd25/kingdom2/harata/libdk/objdraw.cpp
00148598	_ZN2dk11OctDrawFile13drawSkyObjectEPNS_11ObjDrawListE	sim-rerun-med	0	2		dk::OctDrawFile::drawSkyObject(dk::OctDrawFile *, dk::ObjDrawList *)	C:/hd25/kingdom2/harata/libdk/objdraw.cpp
00148638	_ZN2dk11OctDrawFile12calcLODLevelEPNS_11ObjDrawListEf	sim-med	0	3		dk::OctDrawFile::calcLODLevel(dk::OctDrawFile *, dk::ObjDrawList *, float)	C:/hd25/kingdom2/harata/libdk/objdraw.cpp
00148690	_ZN2dk11OctDrawFile12calcPartsLODEPNS_11ObjDrawListEf	sim-high	0	3		dk::OctDrawFile::calcPartsLOD(dk::OctDrawFile *, dk::ObjDrawList *, float)	C:/hd25/kingdom2/harata/libdk/objdraw.cpp
00148890	_ZN2dk11OctDrawFile8calcObjZEPNS_11ObjDrawListERKN2kn7FVectorE	sim-med	0	3	float	dk::OctDrawFile::calcObjZ(dk::OctDrawFile *, dk::ObjDrawList *, const kn::FVector &)	C:/hd25/kingdom2/harata/libdk/objdraw.cpp
001491d8	_ZN2dk7MapFileC1Ev	sim-med	0	1		dk::MapFile::MapFile(dk::MapFile *)	C:/hd25/kingdom2/harata/libdk/mapfile.cpp
00149288	_ZNK2dk7MapFile18getMapModelAddressEv	sim-rerun-med	0	1	kn::Model *	dk::MapFile::getMapModelAddress(const dk::MapFile *)	C:/hd25/kingdom2/harata/libdk/mapfile.cpp
00149290	_ZNK2dk7MapFile16getMapTexAddressEv	sim-rerun-med	0	1	YS::BINARC *	dk::MapFile::getMapTexAddress(const dk::MapFile *)	C:/hd25/kingdom2/harata/libdk/mapfile.cpp
00149298	_ZNK2dk7MapFile13getOcdAddressEv	sim-rerun-med	0	1	void *	dk::MapFile::getOcdAddress(const dk::MapFile *)	C:/hd25/kingdom2/harata/libdk/mapfile.cpp
001492a0	_ZNK2dk7MapFile13getOccAddressEv	sim-rerun-med	0	1	void *	dk::MapFile::getOccAddress(const dk::MapFile *)	C:/hd25/kingdom2/harata/libdk/mapfile.cpp
001492a8	_ZNK2dk7MapFile13getOchAddressEv	sim-rerun-med	0	1	void *	dk::MapFile::getOchAddress(const dk::MapFile *)	C:/hd25/kingdom2/harata/libdk/mapfile.cpp
001492b0	_ZNK2dk7MapFile13getOclAddressEv	sim-rerun-med	0	1	void *	dk::MapFile::getOclAddress(const dk::MapFile *)	C:/hd25/kingdom2/harata/libdk/mapfile.cpp
001492b8	_ZNK2dk7MapFile13getOwaAddressEv	sim-sandwich	0	1	void *	dk::MapFile::getOwaAddress(const dk::MapFile *)	C:/hd25/kingdom2/harata/libdk/mapfile.cpp
001492c0	_ZNK2dk7MapFile13getMonAddressEv	sim-sandwich	0	1	void *	dk::MapFile::getMonAddress(const dk::MapFile *)	C:/hd25/kingdom2/harata/libdk/mapfile.cpp
001492c8	_ZNK2dk7MapFile13getBopAddressEv	med	0	1	void *	dk::MapFile::getBopAddress(const dk::MapFile *)	C:/hd25/kingdom2/harata/libdk/mapfile.cpp
001492d8	_ZNK2dk7MapFile13getPlxAddressEv	sim-rerun-med	0	1	void *	dk::MapFile::getPlxAddress(const dk::MapFile *)	C:/hd25/kingdom2/harata/libdk/mapfile.cpp
001492e0	_ZNK2dk7MapFile13getPaxAddressEv	sim-rerun-med	0	1	void *	dk::MapFile::getPaxAddress(const dk::MapFile *)	C:/hd25/kingdom2/harata/libdk/mapfile.cpp
001493e8	_ZN2dk7MapFile10setMapFileEPKc	sim-sib-med	0	2		dk::MapFile::setMapFile(dk::MapFile *, const char *)	C:/hd25/kingdom2/harata/libdk/mapfile.cpp
00149428	_ZN2dk7MapFile11readRequestEv	med	0	1		dk::MapFile::readRequest(dk::MapFile *)	C:/hd25/kingdom2/harata/libdk/mapfile.cpp
00149448	_ZN2dk7MapFile4initEv	med	0	1		dk::MapFile::init(dk::MapFile *)	C:/hd25/kingdom2/harata/libdk/mapfile.cpp
00149bd0	_ZN2dk7MapFile4exitEv	med	0	1		dk::MapFile::exit(dk::MapFile *)	C:/hd25/kingdom2/harata/libdk/mapfile.cpp
00149be8	_ZN2dk4Area10setMapFileEPKc	sim-rerun2-med	1	1		dk::Area::setMapFile(const char *) [DWARF: static -- no implicit `this`, do NOT add a leading self/object-pointer argument]	C:/hd25/kingdom2/harata/libdk/area.cpp
00149c40	_ZN2dk4Area7initMapEy	med	1	1		dk::Area::initMap(ULONGLONG) [DWARF: static -- no implicit `this`, do NOT add a leading self/object-pointer argument]	C:/hd25/kingdom2/harata/libdk/area.cpp
00149cb8	_ZN2dk4Area5startEv	med	1	0		dk::Area::start() [DWARF: static -- no implicit `this`, do NOT add a leading self/object-pointer argument]	C:/hd25/kingdom2/harata/libdk/area.cpp
00149db8	_ZN2dk4Area4exitEv	sim-sandwich	1	0		dk::Area::exit() [DWARF: static -- no implicit `this`, do NOT add a leading self/object-pointer argument]	C:/hd25/kingdom2/harata/libdk/area.cpp
00149de0	_ZN2dk4Area16cacheBuffDestroyEPK4AREA	med	1	1		dk::Area::cacheBuffDestroy(const AREA *) [DWARF: static -- no implicit `this`, do NOT add a leading self/object-pointer argument]	C:/hd25/kingdom2/harata/libdk/area.cpp
00149ec0	_ZN2dk4Area9finalizerEPK4AREA	high	1	1		dk::Area::finalizer(const AREA *) [DWARF: static -- no implicit `this`, do NOT add a leading self/object-pointer argument]	C:/hd25/kingdom2/harata/libdk/area.cpp
00149fe0	_ZN2dk5Field13WorldMapStartEij	med	1	2		dk::Field::WorldMapStart(int, u_int) [DWARF: static -- no implicit `this`, do NOT add a leading self/object-pointer argument]	C:/hd25/kingdom2/harata/libdk/field.cpp
0014a0a0	_ZN2dk5Field14execTitle_taskEP4TASK	high	1	1		dk::Field::execTitle_task(TASK *) [DWARF: static -- no implicit `this`, do NOT add a leading self/object-pointer argument]	C:/hd25/kingdom2/harata/libdk/field.cpp
0014a188	_ZN2dk5Field4initEv	med	1	0		dk::Field::init() [DWARF: static -- no implicit `this`, do NOT add a leading self/object-pointer argument]	C:/hd25/kingdom2/harata/libdk/field.cpp
0014a1d0	_ZN2dk8LoopDemo3setEv	sim-sib-med	1	0		dk::LoopDemo::set() [DWARF: static -- no implicit `this`, do NOT add a leading self/object-pointer argument]	C:/hd25/kingdom2/harata/libdk/loopdemo.cpp
0014a1e0	_ZN2dk8LoopDemo5resetEv	med	1	0		dk::LoopDemo::reset() [DWARF: static -- no implicit `this`, do NOT add a leading self/object-pointer argument]	C:/hd25/kingdom2/harata/libdk/loopdemo.cpp
0014a4c0	_ZN2dk9SoftReset6enableEv	med	1	0		dk::SoftReset::enable() [DWARF: static -- no implicit `this`, do NOT add a leading self/object-pointer argument]	C:/hd25/kingdom2/harata/libdk/softreset.cpp
0014a500	_ZN2dk4Blur6updateEv	high	1	0		dk::Blur::update() [DWARF: static -- no implicit `this`, do NOT add a leading self/object-pointer argument]	C:/hd25/kingdom2/harata/libdk/blur.cpp
0014a6e0	_ZN2dk4Blur4initEv	high	1	0		dk::Blur::init() [DWARF: static -- no implicit `this`, do NOT add a leading self/object-pointer argument]	C:/hd25/kingdom2/harata/libdk/blur.cpp
0014a7b8	_ZN2dk4Blur10setBlurRotEfi	med	1	2		dk::Blur::setBlurRot(const float, const int) [DWARF: static -- no implicit `this`, do NOT add a leading self/object-pointer argument]	C:/hd25/kingdom2/harata/libdk/blur.cpp
0014a7e8	_ZN2dk4Blur11setBlurTypeEb	med	1	1		dk::Blur::setBlurType(const bool) [DWARF: static -- no implicit `this`, do NOT add a leading self/object-pointer argument]	C:/hd25/kingdom2/harata/libdk/blur.cpp
0014a7f8	_ZN2dk4Blur11setBlurFlagEb	med	1	1		dk::Blur::setBlurFlag(const bool) [DWARF: static -- no implicit `this`, do NOT add a leading self/object-pointer argument]	C:/hd25/kingdom2/harata/libdk/blur.cpp
0014a988	_ZN2dk8fadeInitEv	sim-med	1	0		dk::fadeInit() [DWARF: static -- no implicit `this`, do NOT add a leading self/object-pointer argument]	C:/hd25/kingdom2/harata/libdk/fade.cpp
0014a9a0	_ZN2dk4Fade9fadeSetupEj	high	0	2		dk::Fade::fadeSetup(dk::Fade *, u_int)	C:/hd25/kingdom2/harata/libdk/fade.cpp
0014aa80	_ZN2dk4Fade6fadeInEjb	high	0	3		dk::Fade::fadeIn(dk::Fade *, u_int, const bool)	C:/hd25/kingdom2/harata/libdk/fade.cpp
0014abb8	_ZN2dk14getWideMaskTopEv	high	1	0	dk::Fade &	dk::getWideMaskTop() [DWARF: static -- no implicit `this`, do NOT add a leading self/object-pointer argument]	C:/hd25/kingdom2/harata/libdk/fade.cpp
0014abc8	_ZN2dk17getWideMaskBottomEv	high	1	0	dk::Fade &	dk::getWideMaskBottom() [DWARF: static -- no implicit `this`, do NOT add a leading self/object-pointer argument]	C:/hd25/kingdom2/harata/libdk/fade.cpp
0014abe8	_ZN2dk16get3DWideMaskTopEv	med	1	0	dk::Fade &	dk::get3DWideMaskTop() [DWARF: static -- no implicit `this`, do NOT add a leading self/object-pointer argument]	C:/hd25/kingdom2/harata/libdk/fade.cpp
0014abf8	_ZN2dk19get3DWideMaskBottomEv	med	1	0	dk::Fade &	dk::get3DWideMaskBottom() [DWARF: static -- no implicit `this`, do NOT add a leading self/object-pointer argument]	C:/hd25/kingdom2/harata/libdk/fade.cpp
0014acd8	_ZN2dk14allFadeDisableEv	med	1	0		dk::allFadeDisable() [DWARF: static -- no implicit `this`, do NOT add a leading self/object-pointer argument]	C:/hd25/kingdom2/harata/libdk/fade.cpp
0014ad58	_ZN2dk8initWideEv	sim-high	1	0		dk::initWide() [DWARF: static -- no implicit `this`, do NOT add a leading self/object-pointer argument]	C:/hd25/kingdom2/harata/libdk/fade.cpp
0014ae10	_ZN2dk19createFieldFadeTaskEv	sim-high	1	0		dk::createFieldFadeTask() [DWARF: static -- no implicit `this`, do NOT add a leading self/object-pointer argument]	C:/hd25/kingdom2/harata/libdk/fade.cpp
0014b258	_ZNK2dk13RectParamBase5getXYERsS1_	med	0	3		dk::RectParamBase::getXY(const dk::RectParamBase *, short &, short &)	C:/hd25/kingdom2/harata/libdk/rect.cpp
0014b290	_ZN2dk8RectBase12createPacketEv	sim-high	0	1		dk::RectBase::createPacket(dk::RectBase *)	C:/hd25/kingdom2/harata/libdk/rect.cpp
0014b518	_ZN2dk8RectBase9setMirrorEj	med	0	2		dk::RectBase::setMirror(dk::RectBase *, const u_int)	C:/hd25/kingdom2/harata/libdk/rect.cpp
0014b698	_ZN2dk4Rect10drawPacketEv	sim-sib-high	0	1		dk::Rect::drawPacket(dk::Rect *)	C:/hd25/kingdom2/harata/libdk/WIN/rectWIN.cpp
0014ba90	_ZN2dk8RectScisC1Ev	sim-med	0	1		dk::RectScis::RectScis(dk::RectScis *)	C:/hd25/kingdom2/harata/libdk/rect.cpp
0014c970	_ZN2dk5Timer10setCountUpEj	med	1	1		dk::Timer::setCountUp(u_int) [DWARF: static -- no implicit `this`, do NOT add a leading self/object-pointer argument]	C:/hd25/kingdom2/harata/libdk/timer.cpp
0014ca20	_ZN2dk5Timer3endEv	med	1	0	u_int	dk::Timer::end() [DWARF: static -- no implicit `this`, do NOT add a leading self/object-pointer argument]	C:/hd25/kingdom2/harata/libdk/timer.cpp
0014ca80	_ZN2dk5Clock13vCountToHMSMSEjRjS1_S1_S1_	high	1	5		dk::Clock::vCountToHMSMS(u_int, u_int &, u_int &, u_int &, u_int &) [DWARF: static -- no implicit `this`, do NOT add a leading self/object-pointer argument]	C:/hd25/kingdom2/harata/libdk/clock.cpp
0014cb58	_ZN2dk5Clock7newGameEv	sim-high	1	0		dk::Clock::newGame() [DWARF: static -- no implicit `this`, do NOT add a leading self/object-pointer argument]	C:/hd25/kingdom2/harata/libdk/clock.cpp
0014cba0	_ZN2dk5Clock11getPlayTimeEv	sim-high	1	0	u_int	dk::Clock::getPlayTime() [DWARF: static -- no implicit `this`, do NOT add a leading self/object-pointer argument]	C:/hd25/kingdom2/harata/libdk/clock.cpp
0014ccb8	_ZN2dk5Clock15iupdatePlayTimeEv	sim-med	1	0		dk::Clock::iupdatePlayTime() [DWARF: static -- no implicit `this`, do NOT add a leading self/object-pointer argument]	C:/hd25/kingdom2/harata/libdk/clock.cpp
0014cd98	_ZN2dk5Vsync13gameSpeedTaskEP4TASK	med	1	1		dk::Vsync::gameSpeedTask(TASK *) [DWARF: static -- no implicit `this`, do NOT add a leading self/object-pointer argument]	C:/hd25/kingdom2/harata/libdk/vsync.cpp
0014ce50	_ZN2dk5Vsync12setGameSpeedEf	med	1	1		dk::Vsync::setGameSpeed(const float) [DWARF: static -- no implicit `this`, do NOT add a leading self/object-pointer argument]	C:/hd25/kingdom2/harata/libdk/vsync.cpp
0014ce60	_ZN2dk5Vsync13initGameSpeedEv	high	1	0		dk::Vsync::initGameSpeed() [DWARF: static -- no implicit `this`, do NOT add a leading self/object-pointer argument]	C:/hd25/kingdom2/harata/libdk/vsync.cpp
0014ce78	_ZN2dk5Vsync16getFuncFrameTimeEv	med	1	0	float	dk::Vsync::getFuncFrameTime() [DWARF: static -- no implicit `this`, do NOT add a leading self/object-pointer argument]	C:/hd25/kingdom2/harata/libdk/vsync.cpp
0014cf88	_ZN2dk5Vsync10vsync_taskEP4TASK	sim-rerun-med	1	1		dk::Vsync::vsync_task(TASK *) [DWARF: static -- no implicit `this`, do NOT add a leading self/object-pointer argument]	C:/hd25/kingdom2/harata/libdk/vsync.cpp
0014d008	_ZN2dk5Vsync4initEv	sim-med	1	0		dk::Vsync::init() [DWARF: static -- no implicit `this`, do NOT add a leading self/object-pointer argument]	C:/hd25/kingdom2/harata/libdk/vsync.cpp
0014df48	_ZN2dk14drawClear_taskEP4TASK	sim-med	1	1		dk::drawClear_task(TASK *) [DWARF: static -- no implicit `this`, do NOT add a leading self/object-pointer argument]	C:/hd25/kingdom2/harata/libdk/gdbuf.cpp
0014dfa8	_ZN2dk10createDbufEv	sim-med	1	0		dk::createDbuf() [DWARF: static -- no implicit `this`, do NOT add a leading self/object-pointer argument]	C:/hd25/kingdom2/harata/libdk/WIN/gdbufWIN.cpp
0014e620	_ZN2dk4Dbuf14clearDrawFrameEv	sim-sib-med	0	1		dk::Dbuf::clearDrawFrame(dk::Dbuf *)	C:/hd25/kingdom2/harata/libdk/dbuf.cpp
0014e6f8	_ZN2dk9FPSCamera5clampEPNS_9ObjCameraE	med	1	1		dk::FPSCamera::clamp(dk::ObjCamera *) [DWARF: static -- no implicit `this`, do NOT add a leading self/object-pointer argument]	C:/hd25/kingdom2/harata/libdk/fpscamera.cpp
0014e8b8	_ZN2dk9FPSCamera6updateEPNS_9ObjCameraE	med	1	1		dk::FPSCamera::update(dk::ObjCamera *) [DWARF: static -- no implicit `this`, do NOT add a leading self/object-pointer argument]	C:/hd25/kingdom2/harata/libdk/fpscamera.cpp
0014eb48	_ZN2dk9FPSCamera6createEPN2YS3OBJEfPN2kn7FVectorE	med	1	3		dk::FPSCamera::create(YS::OBJ *, float, kn::FVector *) [DWARF: static -- no implicit `this`, do NOT add a leading self/object-pointer argument]	C:/hd25/kingdom2/harata/libdk/fpscamera.cpp
0014ecb8	_ZN2dk9POLYGONSE4initEv	sim-rerun-med	1	0		dk::POLYGONSE::init() [DWARF: static -- no implicit `this`, do NOT add a leading self/object-pointer argument]	C:/hd25/kingdom2/harata/libdk/polygonse.cpp
0014eda8	_ZN2dk9POLYGONSE7destroyEv	sim-med	1	0		dk::POLYGONSE::destroy() [DWARF: static -- no implicit `this`, do NOT add a leading self/object-pointer argument]	C:/hd25/kingdom2/harata/libdk/polygonse.cpp
0014ee28	_ZN2dk9POLYGONSE4calcEiRN2kn7FVectorERb	sim-high	1	3	bool	dk::POLYGONSE::calc(int, kn::FVector &, bool &) [DWARF: static -- no implicit `this`, do NOT add a leading self/object-pointer argument]	C:/hd25/kingdom2/harata/libdk/polygonse.cpp
0014f148	_ZN2dk9LAYER_ETC9finalizerEv	med	1	0		dk::LAYER_ETC::finalizer() [DWARF: static -- no implicit `this`, do NOT add a leading self/object-pointer argument]	C:/hd25/kingdom2/harata/libdk/layer_etc.cpp
0014f178	_ZN2dk9LAYER_ETC2onEv	sim-sandwich	1	0		dk::LAYER_ETC::on() [DWARF: static -- no implicit `this`, do NOT add a leading self/object-pointer argument]	C:/hd25/kingdom2/harata/libdk/layer_etc.cpp
0014f1a0	_ZN2dk9LAYER_ETC3offEv	med	1	0		dk::LAYER_ETC::off() [DWARF: static -- no implicit `this`, do NOT add a leading self/object-pointer argument]	C:/hd25/kingdom2/harata/libdk/layer_etc.cpp
0014f1c8	_ZN2dk9LAYER_MAP4initEPNS_7MapFileE	med	1	1		dk::LAYER_MAP::init(dk::MapFile *) [DWARF: static -- no implicit `this`, do NOT add a leading self/object-pointer argument]	C:/hd25/kingdom2/harata/libdk/layer_map.cpp
0014f1e0	_ZN2dk9LAYER_MAP9finalizerEv	med	1	0		dk::LAYER_MAP::finalizer() [DWARF: static -- no implicit `this`, do NOT add a leading self/object-pointer argument]	C:/hd25/kingdom2/harata/libdk/layer_map.cpp
0014f1f8	_ZN2dk9LAYER_MAP2onEv	sim-sib-med	1	0		dk::LAYER_MAP::on() [DWARF: static -- no implicit `this`, do NOT add a leading self/object-pointer argument]	C:/hd25/kingdom2/harata/libdk/layer_map.cpp
0014f200	_ZN2dk9LAYER_MAP3offEv	med	1	0		dk::LAYER_MAP::off() [DWARF: static -- no implicit `this`, do NOT add a leading self/object-pointer argument]	C:/hd25/kingdom2/harata/libdk/layer_map.cpp
0014f220	_ZN2dk13LAYER_MISSION9finalizerEv	med	1	0		dk::LAYER_MISSION::finalizer() [DWARF: static -- no implicit `this`, do NOT add a leading self/object-pointer argument]	C:/hd25/kingdom2/harata/libdk/layer_mission.cpp
0014f238	_ZN2dk13LAYER_MISSION2onEv	sim-sandwich	1	0		dk::LAYER_MISSION::on() [DWARF: static -- no implicit `this`, do NOT add a leading self/object-pointer argument]	C:/hd25/kingdom2/harata/libdk/layer_mission.cpp
0014f250	_ZN2dk13LAYER_MISSION3offEv	med	1	0		dk::LAYER_MISSION::off() [DWARF: static -- no implicit `this`, do NOT add a leading self/object-pointer argument]	C:/hd25/kingdom2/harata/libdk/layer_mission.cpp
0014f288	_ZN2dk12LAYER_COMMON9finalizerEv	med	1	0		dk::LAYER_COMMON::finalizer() [DWARF: static -- no implicit `this`, do NOT add a leading self/object-pointer argument]	C:/hd25/kingdom2/harata/libdk/layer_common.cpp
0014f428	_ZN2dk11INFORMATION4exitEv	sim-rerun-med	1	0		dk::INFORMATION::exit() [DWARF: static -- no implicit `this`, do NOT add a leading self/object-pointer argument]	C:/hd25/kingdom2/harata/libdk/information.cpp
0014f4d8	_ZN2dk11INFORMATION2onEv	sim-high	1	0		dk::INFORMATION::on() [DWARF: static -- no implicit `this`, do NOT add a leading self/object-pointer argument]	C:/hd25/kingdom2/harata/libdk/information.cpp
0014f528	_ZN2dk11INFORMATION3offEv	sim-high	1	0		dk::INFORMATION::off() [DWARF: static -- no implicit `this`, do NOT add a leading self/object-pointer argument]	C:/hd25/kingdom2/harata/libdk/information.cpp
0014f578	_ZN2dk11INFORMATION21openInformationWindowEPKN2YS7MESSAGEE	sim-high	1	1		dk::INFORMATION::openInformationWindow(const YS::MESSAGE *) [DWARF: static -- no implicit `this`, do NOT add a leading self/object-pointer argument]	C:/hd25/kingdom2/harata/libdk/information.cpp
0014f5d0	_ZN2dk11INFORMATION22closeInformationWindowEPKN2YS7MESSAGEE	sim-high	1	1		dk::INFORMATION::closeInformationWindow(const YS::MESSAGE *) [DWARF: static -- no implicit `this`, do NOT add a leading self/object-pointer argument]	C:/hd25/kingdom2/harata/libdk/information.cpp
0014f648	_ZN2dk11INFORMATION11openNextExpEi	sim-med	1	1		dk::INFORMATION::openNextExp(int) [DWARF: static -- no implicit `this`, do NOT add a leading self/object-pointer argument]	C:/hd25/kingdom2/harata/libdk/information.cpp
0014f668	_ZN2dk11INFORMATION12openGetMunnyEi	sim-med	1	1		dk::INFORMATION::openGetMunny(int) [DWARF: static -- no implicit `this`, do NOT add a leading self/object-pointer argument]	C:/hd25/kingdom2/harata/libdk/information.cpp
0014f6c8	_ZN2dk11INFORMATION10closeTimerEv	sim-sib-med	1	0		dk::INFORMATION::closeTimer() [DWARF: static -- no implicit `this`, do NOT add a leading self/object-pointer argument]	C:/hd25/kingdom2/harata/libdk/information.cpp
0014f708	_ZN2dk11INFORMATION10alertTimerEv	sim-med	1	0		dk::INFORMATION::alertTimer() [DWARF: static -- no implicit `this`, do NOT add a leading self/object-pointer argument]	C:/hd25/kingdom2/harata/libdk/information.cpp
0014f830	_ZN2dk11INFORMATION12closeHiTimerEPNS_5TIMERE	sim-sib-med	1	1		dk::INFORMATION::closeHiTimer(dk::TIMER *) [DWARF: static -- no implicit `this`, do NOT add a leading self/object-pointer argument]	C:/hd25/kingdom2/harata/libdk/information.cpp
0014f9a8	_ZN2dk11INFORMATION12closeCounterEPNS_7COUNTERE	sim-med	1	1		dk::INFORMATION::closeCounter(dk::COUNTER *) [DWARF: static -- no implicit `this`, do NOT add a leading self/object-pointer argument]	C:/hd25/kingdom2/harata/libdk/information.cpp
0014f9e8	_ZN2dk11INFORMATION13isOpenCounterEPNS_7COUNTERE	sim-sandwich	1	1	bool	dk::INFORMATION::isOpenCounter(dk::COUNTER *) [DWARF: static -- no implicit `this`, do NOT add a leading self/object-pointer argument]	C:/hd25/kingdom2/harata/libdk/information.cpp
0014fb00	_ZN2dk11INFORMATION17closeMissionGaugeEPNS_13MISSION_GAUGEE	sim-med	1	1		dk::INFORMATION::closeMissionGauge(dk::MISSION_GAUGE *) [DWARF: static -- no implicit `this`, do NOT add a leading self/object-pointer argument]	C:/hd25/kingdom2/harata/libdk/information.cpp
0014fb40	_ZN2dk11INFORMATION18isOpenMissionGaugeEPNS_13MISSION_GAUGEE	sim-sandwich	1	1	bool	dk::INFORMATION::isOpenMissionGauge(dk::MISSION_GAUGE *) [DWARF: static -- no implicit `this`, do NOT add a leading self/object-pointer argument]	C:/hd25/kingdom2/harata/libdk/information.cpp
0014fc40	_ZN2dk9INFO_BASE6createEiiiiNS0_5ALIGNE	med	0	6		dk::INFO_BASE::create(dk::INFO_BASE *, int, int, int, int, dk::INFO_BASE::ALIGN)	C:/hd25/kingdom2/harata/libdk/info_base.cpp
0014fcd8	_ZN2dk9INFO_BASE6updateEv	high	0	1		dk::INFO_BASE::update(dk::INFO_BASE *)	C:/hd25/kingdom2/harata/libdk/info_base.cpp
0014fdd0	_ZN2dk9INFO_BASE7destroyEv	high	0	1		dk::INFO_BASE::destroy(dk::INFO_BASE *)	C:/hd25/kingdom2/harata/libdk/info_base.cpp
0014fe00	_ZN2dk7COUNTER6createEPvS1_NS_9INFO_BASE5ALIGNEiiPiS4_i	sim-high	0	9		dk::COUNTER::create(dk::COUNTER *, void *, void *, dk::INFO_BASE::ALIGN, int, int, int *, int *, int)	C:/hd25/kingdom2/harata/libdk/counter_info.cpp
001502e8	_ZN2dk7COUNTER7destroyEv	sim-med	0	1		dk::COUNTER::destroy(dk::COUNTER *)	C:/hd25/kingdom2/harata/libdk/counter_info.cpp
00150328	_ZN2dk7COUNTER6updateEv	high	0	1		dk::COUNTER::update(dk::COUNTER *)	C:/hd25/kingdom2/harata/libdk/counter_info.cpp
00150578	_ZN2dk7COUNTER5alertEv	med	0	1		dk::COUNTER::alert(dk::COUNTER *)	C:/hd25/kingdom2/harata/libdk/counter_info.cpp
001505b0	_ZN2dk7COUNTER12releaseAlertEv	med	0	1		dk::COUNTER::releaseAlert(dk::COUNTER *)	C:/hd25/kingdom2/harata/libdk/counter_info.cpp
00150678	_ZN2dk7COUNTER5closeEv	sim-high	0	1		dk::COUNTER::close(dk::COUNTER *)	C:/hd25/kingdom2/harata/libdk/counter_info.cpp
001506e0	_ZN2dk7COUNTER10forceLeaveEv	med	0	1		dk::COUNTER::forceLeave(dk::COUNTER *)	C:/hd25/kingdom2/harata/libdk/counter_info.cpp
001507b8	_ZN2dk18INFORMATION_WINDOW6createEPKN2YS7MESSAGEE	med	0	2		dk::INFORMATION_WINDOW::create(dk::INFORMATION_WINDOW *, const YS::MESSAGE *)	C:/hd25/kingdom2/harata/libdk/message_info.cpp
001508a0	_ZN2dk18INFORMATION_WINDOW4initEPKN2YS7MESSAGEE	med	0	2		dk::INFORMATION_WINDOW::init(dk::INFORMATION_WINDOW *, const YS::MESSAGE *)	C:/hd25/kingdom2/harata/libdk/message_info.cpp
00150940	_ZN2dk18INFORMATION_WINDOW10setMessageEPKN2YS7MESSAGEE	med	0	2		dk::INFORMATION_WINDOW::setMessage(dk::INFORMATION_WINDOW *, const YS::MESSAGE *)	C:/hd25/kingdom2/harata/libdk/message_info.cpp
00150a18	_ZN2dk18INFORMATION_WINDOW6updateEv	high	0	1		dk::INFORMATION_WINDOW::update(dk::INFORMATION_WINDOW *)	C:/hd25/kingdom2/harata/libdk/message_info.cpp
00150be8	_ZN2dk5TIMER4initEv	sim-high	0	1		dk::TIMER::init(dk::TIMER *)	C:/hd25/kingdom2/harata/libdk/timer_info.cpp
001510b0	_ZN2dk5TIMER7destroyEv	sim-med	0	1		dk::TIMER::destroy(dk::TIMER *)	C:/hd25/kingdom2/harata/libdk/timer_info.cpp
00151138	_ZN2dk5TIMER6updateEv	high	0	1		dk::TIMER::update(dk::TIMER *)	C:/hd25/kingdom2/harata/libdk/timer_info.cpp
001514b0	_ZN2dk5TIMER5alertEv	sim-high	0	1		dk::TIMER::alert(dk::TIMER *)	C:/hd25/kingdom2/harata/libdk/timer_info.cpp
00151528	_ZN2dk5TIMER5closeEv	sim-high	0	1		dk::TIMER::close(dk::TIMER *)	C:/hd25/kingdom2/harata/libdk/timer_info.cpp
001516b0	_ZN2dk13MISSION_GAUGE6createEPvS1_NS_9INFO_BASE5ALIGNEfPfi	sim-high	0	7		dk::MISSION_GAUGE::create(dk::MISSION_GAUGE *, void *, void *, dk::INFO_BASE::ALIGN, float, float *, int)	C:/hd25/kingdom2/harata/libdk/missiongauge_info.cpp
001519b8	_ZN2dk13MISSION_GAUGE7destroyEv	sim-med	0	1		dk::MISSION_GAUGE::destroy(dk::MISSION_GAUGE *)	C:/hd25/kingdom2/harata/libdk/missiongauge_info.cpp
001519f8	_ZN2dk13MISSION_GAUGE11updateGaugeEv	med	0	1		dk::MISSION_GAUGE::updateGauge(dk::MISSION_GAUGE *)	C:/hd25/kingdom2/harata/libdk/missiongauge_info.cpp
00151aa8	_ZN2dk13MISSION_GAUGE6updateEv	high	0	1		dk::MISSION_GAUGE::update(dk::MISSION_GAUGE *)	C:/hd25/kingdom2/harata/libdk/missiongauge_info.cpp
00151b40	_ZN2dk13MISSION_GAUGE5alertEv	sim-high	0	1		dk::MISSION_GAUGE::alert(dk::MISSION_GAUGE *)	C:/hd25/kingdom2/harata/libdk/missiongauge_info.cpp
00151b78	_ZN2dk13MISSION_GAUGE12releaseAlertEv	sim-high	0	1		dk::MISSION_GAUGE::releaseAlert(dk::MISSION_GAUGE *)	C:/hd25/kingdom2/harata/libdk/missiongauge_info.cpp
00151bf0	_ZN2dk13MISSION_GAUGE5closeEv	sim-high	0	1		dk::MISSION_GAUGE::close(dk::MISSION_GAUGE *)	C:/hd25/kingdom2/harata/libdk/missiongauge_info.cpp
00151c70	_ZN2dk13MISSION_GAUGE10forceLeaveEv	high	0	1		dk::MISSION_GAUGE::forceLeave(dk::MISSION_GAUGE *)	C:/hd25/kingdom2/harata/libdk/missiongauge_info.cpp
00151d48	_ZN2dk9GET_MUNNY10initNumberEv	sim-high	0	1		dk::GET_MUNNY::initNumber(dk::GET_MUNNY *)	C:/hd25/kingdom2/harata/libdk/get_munny.cpp
00151df0	_ZN2dk9GET_MUNNY6createEi	sim-high	0	2		dk::GET_MUNNY::create(dk::GET_MUNNY *, int)	C:/hd25/kingdom2/harata/libdk/get_munny.cpp
00151f40	_ZN2dk9GET_MUNNY6updateEv	sim-high	0	1		dk::GET_MUNNY::update(dk::GET_MUNNY *)	C:/hd25/kingdom2/harata/libdk/get_munny.cpp
00151fe0	_ZN2dk9GET_MUNNY4drawEv	sim-high	0	1		dk::GET_MUNNY::draw(dk::GET_MUNNY *)	C:/hd25/kingdom2/harata/libdk/get_munny.cpp
00152120	_ZN2dk8NEXT_EXP10initNumberEv	sim-high	0	1		dk::NEXT_EXP::initNumber(dk::NEXT_EXP *)	C:/hd25/kingdom2/harata/libdk/next_exp.cpp
001521c8	_ZN2dk8NEXT_EXP6createEi	sim-high	0	2		dk::NEXT_EXP::create(dk::NEXT_EXP *, int)	C:/hd25/kingdom2/harata/libdk/next_exp.cpp
00152318	_ZN2dk8NEXT_EXP6updateEv	sim-high	0	1		dk::NEXT_EXP::update(dk::NEXT_EXP *)	C:/hd25/kingdom2/harata/libdk/next_exp.cpp
001523b8	_ZN2dk8NEXT_EXP4drawEv	sim-high	0	1		dk::NEXT_EXP::draw(dk::NEXT_EXP *)	C:/hd25/kingdom2/harata/libdk/next_exp.cpp
00152688	_ZN2dk15LEVEL_UP_SUMMON4drawEv	sim-high	0	1		dk::LEVEL_UP_SUMMON::draw(dk::LEVEL_UP_SUMMON *)	C:/hd25/kingdom2/harata/libdk/levelup_info.cpp
00152820	_ZN2dk8LEVEL_UP7calcPosERiS1_S1_S1_Rj	sim-high	0	6		dk::LEVEL_UP::calcPos(dk::LEVEL_UP *, int &, int &, int &, int &, u_int &)	C:/hd25/kingdom2/harata/libdk/levelup_info.cpp
00152b50	_ZN2dk12LEVELUP_INFO6createEv	med	0	1		dk::LEVELUP_INFO::create(dk::LEVELUP_INFO *)	C:/hd25/kingdom2/harata/libdk/levelup_info.cpp
00152bd8	_ZN2dk12LEVELUP_INFO6updateEv	sim-med	0	1		dk::LEVELUP_INFO::update(dk::LEVELUP_INFO *)	C:/hd25/kingdom2/harata/libdk/levelup_info.cpp
00152f40	_ZN2dk12LEVELUP_INFO4initEv	high	1	0		dk::LEVELUP_INFO::init() [DWARF: static -- no implicit `this`, do NOT add a leading self/object-pointer argument]	C:/hd25/kingdom2/harata/libdk/levelup_info.cpp
00153100	_ZN2dk12LEVELUP_INFO4exitEv	med	1	0		dk::LEVELUP_INFO::exit() [DWARF: static -- no implicit `this`, do NOT add a leading self/object-pointer argument]	C:/hd25/kingdom2/harata/libdk/levelup_info.cpp
00153140	_ZN2dk12LEVELUP_INFO2onEv	sim-med	1	0		dk::LEVELUP_INFO::on() [DWARF: static -- no implicit `this`, do NOT add a leading self/object-pointer argument]	C:/hd25/kingdom2/harata/libdk/levelup_info.cpp
00153158	_ZN2dk12LEVELUP_INFO3offEv	high	1	0		dk::LEVELUP_INFO::off() [DWARF: static -- no implicit `this`, do NOT add a leading self/object-pointer argument]	C:/hd25/kingdom2/harata/libdk/levelup_info.cpp
001531f8	_ZN2dk12LEVELUP_INFO9openCharaEPKN2YS7MESSAGEES4_S4_iNS0_9WIN_COLORE	high	1	5		dk::LEVELUP_INFO::openChara(const YS::MESSAGE *, const YS::MESSAGE *, const YS::MESSAGE *, int, dk::LEVELUP_INFO::WIN_COLOR) [DWARF: static -- no implicit `this`, do NOT add a leading self/object-pointer argument]	C:/hd25/kingdom2/harata/libdk/levelup_info.cpp
00153468	_ZN2dk12LEVELUP_INFO10openSummonEPKN2YS7MESSAGEES4_i	high	1	3		dk::LEVELUP_INFO::openSummon(const YS::MESSAGE *, const YS::MESSAGE *, int) [DWARF: static -- no implicit `this`, do NOT add a leading self/object-pointer argument]	C:/hd25/kingdom2/harata/libdk/levelup_info.cpp
00153c80	_ZN2dk6Layout4exitEv	high	1	0		dk::Layout::exit() [DWARF: static -- no implicit `this`, do NOT add a leading self/object-pointer argument]	C:/hd25/kingdom2/harata/libdk/layout.cpp
00153c98	_ZN2dk6Layout7destroyEv	high	0	1		dk::Layout::destroy(dk::Layout *)	C:/hd25/kingdom2/harata/libdk/layout.cpp
00153d70	_ZN2dk6Layout6createEPvi	sim-med	1	2	dk::Layout *	dk::Layout::create(void *, int) [DWARF: static -- no implicit `this`, do NOT add a leading self/object-pointer argument]	C:/hd25/kingdom2/harata/libdk/layout.cpp
00153e70	_ZN2dk15CacheBuffLayout7destroyEv	high	0	1		dk::CacheBuffLayout::destroy(dk::CacheBuffLayout *)	C:/hd25/kingdom2/harata/libdk/layout.cpp
00153fa0	_ZN2dk4FACE6createEiiPN2YS3OBJEiii	med	0	7		dk::FACE::create(dk::FACE *, int, int, YS::OBJ *, int, int, INT)	C:/hd25/kingdom2/harata/libdk/face.cpp
00154048	_ZN2dk4FACE12createSummonEiPvS1_iii	high	0	7		dk::FACE::createSummon(dk::FACE *, int, void *, void *, int, int, INT)	C:/hd25/kingdom2/harata/libdk/face.cpp
001542c8	_ZN2dk4FACE6reloadEPN2YS3OBJEi	med	0	3		dk::FACE::reload(dk::FACE *, YS::OBJ *, int)	C:/hd25/kingdom2/harata/libdk/face.cpp
00154330	_ZN2dk4FACE6updateEv	high	0	1		dk::FACE::update(dk::FACE *)	C:/hd25/kingdom2/harata/libdk/face.cpp
00154358	_ZN2dk4FACE4drawEv	high	0	1		dk::FACE::draw(dk::FACE *)	C:/hd25/kingdom2/harata/libdk/face.cpp
001543a0	_ZN2dk4FACE11setFaceTypeEii	med	0	3		dk::FACE::setFaceType(dk::FACE *, int, int)	C:/hd25/kingdom2/harata/libdk/face.cpp
00154558	_ZN2dk11GAUGE_ENEMY6createEv	med	0	1		dk::GAUGE_ENEMY::create(dk::GAUGE_ENEMY *)	C:/hd25/kingdom2/harata/libdk/gauge_enemy.cpp
001547e0	_ZN2dk11GAUGE_ENEMY8updateHPEv	sim-high	0	1		dk::GAUGE_ENEMY::updateHP(dk::GAUGE_ENEMY *)	C:/hd25/kingdom2/harata/libdk/gauge_enemy.cpp
00154a88	_ZN2dk11GAUGE_ENEMY6updateEv	high	0	1		dk::GAUGE_ENEMY::update(dk::GAUGE_ENEMY *)	C:/hd25/kingdom2/harata/libdk/gauge_enemy.cpp
00154b98	_ZN2dk11GAUGE_ENEMY4cureEi	med	0	2		dk::GAUGE_ENEMY::cure(dk::GAUGE_ENEMY *, int)	C:/hd25/kingdom2/harata/libdk/gauge_enemy.cpp
00154c10	_ZN2dk11GAUGE_ENEMY6damageEi	med	0	2		dk::GAUGE_ENEMY::damage(dk::GAUGE_ENEMY *, int)	C:/hd25/kingdom2/harata/libdk/gauge_enemy.cpp
00154ee8	_ZN2dk12GAUGE_FRIEND12getBaseSqNumEv	sim-med	0	1	int	dk::GAUGE_FRIEND::getBaseSqNum(dk::GAUGE_FRIEND *)	C:/hd25/kingdom2/harata/libdk/gauge_friend.cpp
00154f30	_ZN2dk12GAUGE_FRIEND6createEPN2YS3OBJEi	high	0	3		dk::GAUGE_FRIEND::create(dk::GAUGE_FRIEND *, YS::OBJ *, int)	C:/hd25/kingdom2/harata/libdk/gauge_friend.cpp
00155410	_ZN2dk12GAUGE_FRIEND4cureEv	med	0	1		dk::GAUGE_FRIEND::cure(dk::GAUGE_FRIEND *)	C:/hd25/kingdom2/harata/libdk/gauge_friend.cpp
00155568	_ZN2dk12GAUGE_FRIEND6upDownEv	med	0	1		dk::GAUGE_FRIEND::upDown(dk::GAUGE_FRIEND *)	C:/hd25/kingdom2/harata/libdk/gauge_friend.cpp
001556f0	_ZN2dk12GAUGE_FRIEND6updateEv	med	0	1		dk::GAUGE_FRIEND::update(dk::GAUGE_FRIEND *)	C:/hd25/kingdom2/harata/libdk/gauge_friend.cpp
001558b8	_ZN2dk12GAUGE_PLAYER12createCircleEii	med	0	3		dk::GAUGE_PLAYER::createCircle(dk::GAUGE_PLAYER *, int, int)	C:/hd25/kingdom2/harata/libdk/gauge_player.cpp
001559e8	_ZN2dk12GAUGE_PLAYER9createBarEii	med	0	3		dk::GAUGE_PLAYER::createBar(dk::GAUGE_PLAYER *, int, int)	C:/hd25/kingdom2/harata/libdk/gauge_player.cpp
00155bf0	_ZN2dk12GAUGE_PLAYER17createDriveCircleEi	high	0	2		dk::GAUGE_PLAYER::createDriveCircle(dk::GAUGE_PLAYER *, int)	C:/hd25/kingdom2/harata/libdk/gauge_player.cpp
00155cb0	_ZN2dk12GAUGE_PLAYER21createDriveTimeCircleEii	high	0	3		dk::GAUGE_PLAYER::createDriveTimeCircle(dk::GAUGE_PLAYER *, int, int)	C:/hd25/kingdom2/harata/libdk/gauge_player.cpp
00155e30	_ZN2dk12GAUGE_PLAYER15getDriveCounterEv	sim-high	0	1	u_char	dk::GAUGE_PLAYER::getDriveCounter(dk::GAUGE_PLAYER *)	C:/hd25/kingdom2/harata/libdk/gauge_player.cpp
00155ee8	_ZN2dk12GAUGE_PLAYER15getDriveInSqNumEv	high	0	1	int	dk::GAUGE_PLAYER::getDriveInSqNum(dk::GAUGE_PLAYER *)	C:/hd25/kingdom2/harata/libdk/gauge_player.cpp
00155f40	_ZN2dk12GAUGE_PLAYER17getDriveLoopSqNumEv	high	0	1	int	dk::GAUGE_PLAYER::getDriveLoopSqNum(dk::GAUGE_PLAYER *)	C:/hd25/kingdom2/harata/libdk/gauge_player.cpp
00156130	_ZN2dk12GAUGE_PLAYER11createDriveEPhPN2YI5IMAGEEii	med	0	5		dk::GAUGE_PLAYER::createDrive(dk::GAUGE_PLAYER *, u_char *, YI::IMAGE *, const int, INT)	C:/hd25/kingdom2/harata/libdk/gauge_player.cpp
001565c0	_ZN2dk12GAUGE_PLAYER8createHPEPhPN2YI5IMAGEEii	med	0	5		dk::GAUGE_PLAYER::createHP(dk::GAUGE_PLAYER *, u_char *, YI::IMAGE *, const int, INT)	C:/hd25/kingdom2/harata/libdk/gauge_player.cpp
00156880	_ZN2dk12GAUGE_PLAYER8createMPEPhPN2YI5IMAGEEii	med	0	5		dk::GAUGE_PLAYER::createMP(dk::GAUGE_PLAYER *, u_char *, YI::IMAGE *, const int, INT)	C:/hd25/kingdom2/harata/libdk/gauge_player.cpp
001569d8	_ZN2dk12GAUGE_PLAYER6createEPN2YS3OBJE	med	0	2		dk::GAUGE_PLAYER::create(dk::GAUGE_PLAYER *, YS::OBJ *)	C:/hd25/kingdom2/harata/libdk/gauge_player.cpp
00156d20	_ZN2dk12GAUGE_PLAYER12returnNormalEv	med	0	1		dk::GAUGE_PLAYER::returnNormal(dk::GAUGE_PLAYER *)	C:/hd25/kingdom2/harata/libdk/gauge_player.cpp
00156e48	_ZN2dk12GAUGE_PLAYER6reloadEv	med	0	1		dk::GAUGE_PLAYER::reload(dk::GAUGE_PLAYER *)	C:/hd25/kingdom2/harata/libdk/gauge_player.cpp
001571c0	_ZN2dk12GAUGE_PLAYER11summonStartEv	med	0	1		dk::GAUGE_PLAYER::summonStart(dk::GAUGE_PLAYER *)	C:/hd25/kingdom2/harata/libdk/gauge_player.cpp
001572e8	_ZN2dk12GAUGE_PLAYER13setSummonFaceEii	med	0	3		dk::GAUGE_PLAYER::setSummonFace(dk::GAUGE_PLAYER *, int, int)	C:/hd25/kingdom2/harata/libdk/gauge_player.cpp
001574f8	_ZN2dk12GAUGE_PLAYER9setDamageEi	med	0	2		dk::GAUGE_PLAYER::setDamage(dk::GAUGE_PLAYER *, int)	C:/hd25/kingdom2/harata/libdk/gauge_player.cpp
001575c0	_ZN2dk12GAUGE_PLAYER7setCureEv	med	0	1		dk::GAUGE_PLAYER::setCure(dk::GAUGE_PLAYER *)	C:/hd25/kingdom2/harata/libdk/gauge_player.cpp
00157688	_ZN2dk12GAUGE_PLAYER11damageSmallEv	sim-med	0	1		dk::GAUGE_PLAYER::damageSmall(dk::GAUGE_PLAYER *)	C:/hd25/kingdom2/harata/libdk/gauge_player.cpp
001576a0	_ZN2dk12GAUGE_PLAYER12damageMiddleEv	sim-med	0	1		dk::GAUGE_PLAYER::damageMiddle(dk::GAUGE_PLAYER *)	C:/hd25/kingdom2/harata/libdk/gauge_player.cpp
001576b8	_ZN2dk12GAUGE_PLAYER11damageLargeEv	sim-med	0	1		dk::GAUGE_PLAYER::damageLarge(dk::GAUGE_PLAYER *)	C:/hd25/kingdom2/harata/libdk/gauge_player.cpp
001576d0	_ZN2dk12GAUGE_PLAYER4cureEv	med	0	1		dk::GAUGE_PLAYER::cure(dk::GAUGE_PLAYER *)	C:/hd25/kingdom2/harata/libdk/gauge_player.cpp
001576e8	_ZN2dk12GAUGE_PLAYER7setFaceEv	sim-high	0	1		dk::GAUGE_PLAYER::setFace(dk::GAUGE_PLAYER *)	C:/hd25/kingdom2/harata/libdk/gauge_player.cpp
00157758	_ZN2dk11GAUGE_PARTY12updateActionEv	sim-med	0	1		dk::GAUGE_PARTY::updateAction(dk::GAUGE_PARTY *)	C:/hd25/kingdom2/harata/libdk/gauge_party.cpp
001578d8	_ZN2dk12GAUGE_PLAYER4skipEv	sim-rerun-med	0	1		dk::GAUGE_PLAYER::skip(dk::GAUGE_PLAYER *)	C:/hd25/kingdom2/harata/libdk/gauge_player.cpp
00157990	_ZN2dk12GAUGE_PLAYER10checkHPoldEv	med	0	1		dk::GAUGE_PLAYER::checkHPold(dk::GAUGE_PLAYER *)	C:/hd25/kingdom2/harata/libdk/gauge_player.cpp
00157aa0	_ZN2dk12GAUGE_PLAYER4skipEv	med	0	1		dk::GAUGE_PLAYER::skip(dk::GAUGE_PLAYER *)	C:/hd25/kingdom2/harata/libdk/gauge_player.cpp
00157ae0	_ZN2dk12GAUGE_PLAYER8updateMPEv	med	0	1		dk::GAUGE_PLAYER::updateMP(dk::GAUGE_PLAYER *)	C:/hd25/kingdom2/harata/libdk/gauge_player.cpp
00157c88	_ZN2dk12GAUGE_PLAYER11updateDriveEv	med	0	1		dk::GAUGE_PLAYER::updateDrive(dk::GAUGE_PLAYER *)	C:/hd25/kingdom2/harata/libdk/gauge_player.cpp
00158050	_ZN2dk9GAUGE_ONE6createEiPvPN2YI5IMAGEEiiii	high	0	8		dk::GAUGE_ONE::create(dk::GAUGE_ONE *, int, void *, YI::IMAGE *, int, int, int, INT)	C:/hd25/kingdom2/harata/libdk/gauge_party.cpp
001580e0	_ZN2dk9GAUGE_ONE4drawEv	high	0	1		dk::GAUGE_ONE::draw(dk::GAUGE_ONE *)	C:/hd25/kingdom2/harata/libdk/gauge_party.cpp
00158708	_ZN2dk11ScopeCamera6updateEPNS_9ObjCameraE	med	1	1		dk::ScopeCamera::update(dk::ObjCamera *) [DWARF: static -- no implicit `this`, do NOT add a leading self/object-pointer argument]	C:/hd25/kingdom2/harata/libdk/scopecamera.cpp
00158870	_ZN2dk11ScopeCamera6createEPN2YS3OBJEf	sim-med	1	2		dk::ScopeCamera::create(YS::OBJ *, float) [DWARF: static -- no implicit `this`, do NOT add a leading self/object-pointer argument]	C:/hd25/kingdom2/harata/libdk/scopecamera.cpp
00158920	_ZN2dk11ScopeCamera12setTargetPosERKN2kn7FVectorE	sim-rerun-med	1	1		dk::ScopeCamera::setTargetPos(RCFVector) [DWARF: static -- no implicit `this`, do NOT add a leading self/object-pointer argument]	C:/hd25/kingdom2/harata/libdk/scopecamera.cpp
00158b78	_ZN2dk12DangleCamera7controlEPN2YS3PADEPNS_9ObjCameraE	high	1	2		dk::DangleCamera::control(YS::PAD *, dk::ObjCamera *) [DWARF: static -- no implicit `this`, do NOT add a leading self/object-pointer argument]	C:/hd25/kingdom2/harata/libdk/danglecamera.cpp
00158c88	_ZN2dk12DangleCamera13calcEyeTargetEPNS_9ObjCameraE	high	1	1		dk::DangleCamera::calcEyeTarget(dk::ObjCamera *) [DWARF: static -- no implicit `this`, do NOT add a leading self/object-pointer argument]	C:/hd25/kingdom2/harata/libdk/danglecamera.cpp
00158dc0	_ZN2dk12DangleCamera6updateEPNS_9ObjCameraE	high	1	1		dk::DangleCamera::update(dk::ObjCamera *) [DWARF: static -- no implicit `this`, do NOT add a leading self/object-pointer argument]	C:/hd25/kingdom2/harata/libdk/danglecamera.cpp
00158f40	_ZN2dk12DangleCamera6createEv	sim-high	1	0		dk::DangleCamera::create() [DWARF: static -- no implicit `this`, do NOT add a leading self/object-pointer argument]	C:/hd25/kingdom2/harata/libdk/danglecamera.cpp
00158f90	_ZN2dk12DangleCamera7destroyEv	sim-high	1	0		dk::DangleCamera::destroy() [DWARF: static -- no implicit `this`, do NOT add a leading self/object-pointer argument]	C:/hd25/kingdom2/harata/libdk/danglecamera.cpp
00159070	_ZN2dk14ReactionCamera6updateEPNS_9ObjCameraE	med	1	1		dk::ReactionCamera::update(dk::ObjCamera *) [DWARF: static -- no implicit `this`, do NOT add a leading self/object-pointer argument]	C:/hd25/kingdom2/harata/libdk/reactioncamera.cpp
00159130	_ZN2dk14ReactionCamera6createEPKN2YS6TARGETE	high	1	1		dk::ReactionCamera::create(const YS::TARGET *) [DWARF: static -- no implicit `this`, do NOT add a leading self/object-pointer argument]	C:/hd25/kingdom2/harata/libdk/reactioncamera.cpp
00159368	_ZN2dk11OctCollFile9calcOnPosEtPNS_14CollisionParamERKN2kn7FVectorE	sim-med	0	4		dk::OctCollFile::calcOnPos(dk::OctCollFile *, u_short, dk::CollisionParam *, RCFVector)	C:/hd25/kingdom2/harata/libdk/collision.cpp
00159790	_ZN2dk10TalkCamera10calcCameraEPNS_9ObjCameraE	high	1	1		dk::TalkCamera::calcCamera(dk::ObjCamera *) [DWARF: static -- no implicit `this`, do NOT add a leading self/object-pointer argument]	C:/hd25/kingdom2/harata/libdk/talkcamera.cpp
00159b40	_ZN2dk10TalkCamera6createEPN2YS6TARGETEb	sim-high	1	2		dk::TalkCamera::create(YS::TARGET *, bool) [DWARF: static -- no implicit `this`, do NOT add a leading self/object-pointer argument]	C:/hd25/kingdom2/harata/libdk/talkcamera.cpp
00159c20	_ZN2dk10TalkCamera7destroyEv	med	1	0		dk::TalkCamera::destroy() [DWARF: static -- no implicit `this`, do NOT add a leading self/object-pointer argument]	C:/hd25/kingdom2/harata/libdk/talkcamera.cpp
00159dc0	_ZN2dk12TargetCamera18checkVisibleObjectERKN2kn7FVectorEPi	med	1	2	u_int	dk::TargetCamera::checkVisibleObject(RCFVector, int *) [DWARF: static -- no implicit `this`, do NOT add a leading self/object-pointer argument]	C:/hd25/kingdom2/harata/libdk/targetcamera.cpp
0015a158	_ZN2dk12TargetCamera7controlEPN2YS3PADEPNS_9ObjCameraE	med	1	2		dk::TargetCamera::control(YS::PAD *, dk::ObjCamera *) [DWARF: static -- no implicit `this`, do NOT add a leading self/object-pointer argument]	C:/hd25/kingdom2/harata/libdk/targetcamera.cpp
0015a260	_ZN2dk12TargetCamera18updateTargetCameraEPNS_9ObjCameraERKN2kn7FVectorEf	high	1	3		dk::TargetCamera::updateTargetCamera(dk::ObjCamera *, RCFVector, float) [DWARF: static -- no implicit `this`, do NOT add a leading self/object-pointer argument]	C:/hd25/kingdom2/harata/libdk/targetcamera.cpp
0015a528	_ZN2dk12TargetCamera17checkEyeCollisionEPNS_9ObjCameraE	med	1	1		dk::TargetCamera::checkEyeCollision(dk::ObjCamera *) [DWARF: static -- no implicit `this`, do NOT add a leading self/object-pointer argument]	C:/hd25/kingdom2/harata/libdk/targetcamera.cpp
0015a638	_ZN2dk12TargetCamera6createEPN2YS6TARGETE	high	1	1		dk::TargetCamera::create(YS::TARGET *) [DWARF: static -- no implicit `this`, do NOT add a leading self/object-pointer argument]	C:/hd25/kingdom2/harata/libdk/targetcamera.cpp
0015a708	_ZN2dk12TargetCamera7destroyEv	sim-high	1	0		dk::TargetCamera::destroy() [DWARF: static -- no implicit `this`, do NOT add a leading self/object-pointer argument]	C:/hd25/kingdom2/harata/libdk/targetcamera.cpp
0015a810	_ZN2dk14BlindCollision4initEv	med	1	0		dk::BlindCollision::init() [DWARF: static -- no implicit `this`, do NOT add a leading self/object-pointer argument]	C:/hd25/kingdom2/harata/libdk/blind.cpp
0015a850	_ZN2dk14BlindCollision4exitEv	med	1	0		dk::BlindCollision::exit() [DWARF: static -- no implicit `this`, do NOT add a leading self/object-pointer argument]	C:/hd25/kingdom2/harata/libdk/blind.cpp
0015aaf8	_ZN2dk14BILLBOARD_BASE6updateEv	high	0	1		dk::BILLBOARD_BASE::update(dk::BILLBOARD_BASE *)	C:/hd25/kingdom2/harata/libdk/billboard.cpp
0015ab70	_ZN2dk15BILLBOARD_GUIDE4drawEv	high	0	1		dk::BILLBOARD_GUIDE::draw(dk::BILLBOARD_GUIDE *)	C:/hd25/kingdom2/harata/libdk/billboard.cpp
0015aba8	_ZN2dk9BILLBOARD9DrawPlaceEv	med	1	0		dk::BILLBOARD::DrawPlace() [DWARF: static -- no implicit `this`, do NOT add a leading self/object-pointer argument]	C:/hd25/kingdom2/harata/libdk/billboard.cpp
0015ac68	_ZN2dk15BILLBOARD_PLACE6updateEv	high	0	1		dk::BILLBOARD_PLACE::update(dk::BILLBOARD_PLACE *)	C:/hd25/kingdom2/harata/libdk/billboard.cpp
0015ace0	_ZN2dk15BILLBOARD_PLACE4drawEv	high	0	1		dk::BILLBOARD_PLACE::draw(dk::BILLBOARD_PLACE *)	C:/hd25/kingdom2/harata/libdk/billboard.cpp
0015ad80	_ZN2dk9BILLBOARD17DrawDisableReasonEPKN2YS7MESSAGEEf	sim-high	1	2		dk::BILLBOARD::DrawDisableReason(MSG, float) [DWARF: static -- no implicit `this`, do NOT add a leading self/object-pointer argument]	C:/hd25/kingdom2/harata/libdk/billboard.cpp
0015ae00	_ZN2dk24BILLBOARD_DISABLE_REASON6updateEv	high	0	1		dk::BILLBOARD_DISABLE_REASON::update(dk::BILLBOARD_DISABLE_REASON *)	C:/hd25/kingdom2/harata/libdk/billboard.cpp
0015af48	_ZN2dk9BILLBOARD4initEPNS_7MapFileE	high	1	1		dk::BILLBOARD::init(dk::MapFile *) [DWARF: static -- no implicit `this`, do NOT add a leading self/object-pointer argument]	C:/hd25/kingdom2/harata/libdk/billboard.cpp
0015b100	_ZN2dk9BILLBOARD4exitEv	med	1	0		dk::BILLBOARD::exit() [DWARF: static -- no implicit `this`, do NOT add a leading self/object-pointer argument]	C:/hd25/kingdom2/harata/libdk/billboard.cpp
0015b1b0	_ZN2dk9BILLBOARD9DrawGuideEiib	med	1	3		dk::BILLBOARD::DrawGuide(int, int, bool) [DWARF: static -- no implicit `this`, do NOT add a leading self/object-pointer argument]	C:/hd25/kingdom2/harata/libdk/billboard.cpp
0015b368	_ZN2dk3Exp6createEiPN2YI5IMAGEEi	high	0	4		dk::Exp::create(dk::Exp *, int, YI::IMAGE *, int)	C:/hd25/kingdom2/harata/libdk/exp.cpp
0015b4f8	_ZN2dk3Exp12getSeqNumberEPiiS1_	sim-med	1	3	int	dk::Exp::getSeqNumber(int *, const int, int *) [DWARF: static -- no implicit `this`, do NOT add a leading self/object-pointer argument]	C:/hd25/kingdom2/harata/libdk/exp.cpp
0015b578	_ZN2dk3Exp6updateEv	high	0	1		dk::Exp::update(dk::Exp *)	C:/hd25/kingdom2/harata/libdk/exp.cpp
0015b680	_ZN2dk3Exp5printERKN2kn7FVectorEii	high	1	3		dk::Exp::print(RCFVector, int, int) [DWARF: static -- no implicit `this`, do NOT add a leading self/object-pointer argument]	C:/hd25/kingdom2/harata/libdk/exp.cpp
0015b778	_ZN2dk3Exp4exitEv	med	1	0		dk::Exp::exit() [DWARF: static -- no implicit `this`, do NOT add a leading self/object-pointer argument]	C:/hd25/kingdom2/harata/libdk/exp.cpp
0015b780	_ZN2dk3Exp2onEv	sim-high	1	0		dk::Exp::on() [DWARF: static -- no implicit `this`, do NOT add a leading self/object-pointer argument]	C:/hd25/kingdom2/harata/libdk/exp.cpp
0015b7a0	_ZN2dk3Exp3offEv	med	1	0		dk::Exp::off() [DWARF: static -- no implicit `this`, do NOT add a leading self/object-pointer argument]	C:/hd25/kingdom2/harata/libdk/exp.cpp
0015b7f8	_ZN2dk9RadarRect10createRectEv	med	0	1		dk::RadarRect::createRect(dk::RadarRect *)	C:/hd25/kingdom2/harata/libdk/radar.cpp
0015bab8	_ZN2dk9RadarRect10updateRectEv	med	0	1		dk::RadarRect::updateRect(dk::RadarRect *)	C:/hd25/kingdom2/harata/libdk/radar.cpp
0015bbc8	_ZN2dk5Radar4initEPNS_7MapFileE	med	1	1		dk::Radar::init(dk::MapFile *) [DWARF: static -- no implicit `this`, do NOT add a leading self/object-pointer argument]	C:/hd25/kingdom2/harata/libdk/radar.cpp
0015bc80	_ZN2dk5Radar4drawEv	sim-high	0	1		dk::Radar::draw(dk::Radar *)	C:/hd25/kingdom2/harata/libdk/radar.cpp
0015c1b0	_ZN2dk5Radar4exitEv	med	1	0		dk::Radar::exit() [DWARF: static -- no implicit `this`, do NOT add a leading self/object-pointer argument]	C:/hd25/kingdom2/harata/libdk/radar.cpp
0015c1f0	_ZN2dk5Radar2onEv	med	1	0		dk::Radar::on() [DWARF: static -- no implicit `this`, do NOT add a leading self/object-pointer argument]	C:/hd25/kingdom2/harata/libdk/radar.cpp
0015c210	_ZN2dk5Radar3offEv	med	1	0		dk::Radar::off() [DWARF: static -- no implicit `this`, do NOT add a leading self/object-pointer argument]	C:/hd25/kingdom2/harata/libdk/radar.cpp
0015c228	_ZN2dk8ObjEntry5setupEPv	sim-sib-med	1	1		dk::ObjEntry::setup(void *) [DWARF: static -- no implicit `this`, do NOT add a leading self/object-pointer argument]	C:/hd25/kingdom2/harata/libdk/objentry.cpp
0015c2a0	_ZN2dk8ObjEntry6createEiy	sim-med	1	2		dk::ObjEntry::create(int, ULONGLONG) [DWARF: static -- no implicit `this`, do NOT add a leading self/object-pointer argument]	C:/hd25/kingdom2/harata/libdk/objentry.cpp
0015c450	_ZN2dk8ObjEntry4showEj	sim-med	1	1		dk::ObjEntry::show(u_int) [DWARF: static -- no implicit `this`, do NOT add a leading self/object-pointer argument]	C:/hd25/kingdom2/harata/libdk/objentry.cpp
0015c4a0	_ZN2dk8ObjEntry4hideEj	sim-rerun-med	1	1		dk::ObjEntry::hide(u_int) [DWARF: static -- no implicit `this`, do NOT add a leading self/object-pointer argument]	C:/hd25/kingdom2/harata/libdk/objentry.cpp
0015c6d0	_ZNK2dk3Ray16intersectPolygonERNS_7PolygonERKNS_5PlaneERN2kn7FVectorE	sim-med	0	4	bool	dk::Ray::intersectPolygon(const dk::Ray *, dk::Polygon &, const dk::Plane &, kn::FVector &)	C:/hd25/kingdom2/harata/libdk/ray.cpp
0015c880	_ZN2dk8MapColor4initEv	sim-rerun-med	1	0		dk::MapColor::init() [DWARF: static -- no implicit `this`, do NOT add a leading self/object-pointer argument]	C:/hd25/kingdom2/harata/libdk/mapcolor.cpp
0015ca40	_ZN2dk8MapColor5setupEPS0_	sim-med	1	1		dk::MapColor::setup(dk::MapColor *) [DWARF: static -- no implicit `this`, do NOT add a leading self/object-pointer argument]	C:/hd25/kingdom2/harata/libdk/mapcolor.cpp
0015cc80	_ZNK2dk6Sphere9testPlaneERNS_5PlaneERf	sim-med	0	3	bool	dk::Sphere::testPlane(const dk::Sphere *, dk::Plane &, float &)	C:/hd25/kingdom2/harata/libdk/sphere.cpp
0015cde0	_ZN2dk11EventCamera3endEb	high	1	1		dk::EventCamera::end(bool) [DWARF: static -- no implicit `this`, do NOT add a leading self/object-pointer argument]	C:/hd25/kingdom2/harata/libdk/eventcamera.cpp
0015ce90	_ZN2dk11EventCamera23resetEventInterpolationEv	med	1	0		dk::EventCamera::resetEventInterpolation() [DWARF: static -- no implicit `this`, do NOT add a leading self/object-pointer argument]	C:/hd25/kingdom2/harata/libdk/eventcamera.cpp
0015d2e8	_ZN2dk11EventCamera6lookAtERKN2kn7FVectorES4_ffNS1_10Projection4WorHEbbb	med	1	8		dk::EventCamera::lookAt(RCFVector, RCFVector, float, float, kn::Projection::WorH, bool, bool, bool) [DWARF: static -- no implicit `this`, do NOT add a leading self/object-pointer argument]	C:/hd25/kingdom2/harata/libdk/eventcamera.cpp
0015d440	_ZN2dk17KeyHoleJumpEffect18jumpEffectOut_taskEP4TASK	sim-high	1	1		dk::KeyHoleJumpEffect::jumpEffectOut_task(TASK *) [DWARF: static -- no implicit `this`, do NOT add a leading self/object-pointer argument]	C:/hd25/kingdom2/harata/libdk/keyhole.cpp
0015d540	_ZN2dk17KeyHoleJumpEffect3outEv	sim-high	1	0		dk::KeyHoleJumpEffect::out() [DWARF: static -- no implicit `this`, do NOT add a leading self/object-pointer argument]	C:/hd25/kingdom2/harata/libdk/keyhole.cpp
0015d5d0	_ZN2dk17KeyHoleJumpEffect17jumpEffectIn_taskEP4TASK	sim-high	1	1		dk::KeyHoleJumpEffect::jumpEffectIn_task(TASK *) [DWARF: static -- no implicit `this`, do NOT add a leading self/object-pointer argument]	C:/hd25/kingdom2/harata/libdk/keyhole.cpp
0015d690	_ZN2dk17KeyHoleJumpEffect2inEv	sim-high	1	0		dk::KeyHoleJumpEffect::in() [DWARF: static -- no implicit `this`, do NOT add a leading self/object-pointer argument]	C:/hd25/kingdom2/harata/libdk/keyhole.cpp
0015d8b0	_ZN2dk4Glow4initEv	high	0	1		dk::Glow::init(dk::Glow *)	C:/hd25/kingdom2/harata/libdk/glow.cpp
0015de98	_ZN2dk4Glow6createEv	sim-sib-med	1	0		dk::Glow::create() [DWARF: static -- no implicit `this`, do NOT add a leading self/object-pointer argument]	C:/hd25/kingdom2/harata/libdk/glow.cpp
0015df68	_ZN2dk4Glow10createAreaEv	med	1	0		dk::Glow::createArea() [DWARF: static -- no implicit `this`, do NOT add a leading self/object-pointer argument]	C:/hd25/kingdom2/harata/libdk/glow.cpp
0015dfd8	_ZN2dk4Glow7destroyEv	sim-rerun-med	1	0		dk::Glow::destroy() [DWARF: static -- no implicit `this`, do NOT add a leading self/object-pointer argument]	C:/hd25/kingdom2/harata/libdk/glow.cpp
0015e018	_ZN2dk4Glow2onEv	med	1	0		dk::Glow::on() [DWARF: static -- no implicit `this`, do NOT add a leading self/object-pointer argument]	C:/hd25/kingdom2/harata/libdk/glow.cpp
0015e038	_ZN2dk4Glow3offEv	med	1	0		dk::Glow::off() [DWARF: static -- no implicit `this`, do NOT add a leading self/object-pointer argument]	C:/hd25/kingdom2/harata/libdk/glow.cpp
0015e070	_ZN2dk9SpotBlend4drawEv	sim-high	0	1		dk::SpotBlend::draw(dk::SpotBlend *)	C:/hd25/kingdom2/harata/libdk/spotblend.cpp
0015e3b8	_ZN2dk9SpotBlendC1Ev	sim-high	0	1		dk::SpotBlend::SpotBlend(dk::SpotBlend *)	C:/hd25/kingdom2/harata/libdk/spotblend.cpp
0015e4e0	_ZN2gm12SPRITEFROM3D11draw_commonERKN2kn16ProjectionCameraERKNS1_7FVectorE	sim-high	0	3		gm::SPRITEFROM3D::draw_common(gm::SPRITEFROM3D *, const kn::ProjectionCamera &, RCFVector)	C:/hd25/kingdom2/ovl_gumimenu/spritefrom3d.cpp
0015e608	_ZN2dk11ModelSprite4drawEv	sim-high	0	1		dk::ModelSprite::draw(dk::ModelSprite *)	C:/hd25/kingdom2/harata/libdk/spotblend.cpp
0015e8c8	_ZN2gm11FRAMEBUFFER4InitEv	sim-high	1	0		gm::FRAMEBUFFER::Init() [DWARF: static -- no implicit `this`, do NOT add a leading self/object-pointer argument]	C:/hd25/kingdom2/ovl_gumimenu/framebuffer.cpp
0015e9e0	_ZN2dk11ModelSpriteC1Ev	sim-high	0	1		dk::ModelSprite::ModelSprite(dk::ModelSprite *)	C:/hd25/kingdom2/harata/libdk/spotblend.cpp
0015eba8	_ZN2dk3Map6createEPNS_7MapFileEP9ALLOCATORby	high	1	4		dk::Map::create(dk::MapFile *, ALLOCATOR *, bool, ULONGLONG) [DWARF: static -- no implicit `this`, do NOT add a leading self/object-pointer argument]	C:/hd25/kingdom2/harata/libdk/map.cpp
0015edb8	_ZN2dk3Map7destroyEv	med	1	0		dk::Map::destroy() [DWARF: static -- no implicit `this`, do NOT add a leading self/object-pointer argument]	C:/hd25/kingdom2/harata/libdk/map.cpp
0015efa0	_ZN2dk3Map8setColorEhhh	med	1	3		dk::Map::setColor(u_char, u_char, u_char) [DWARF: static -- no implicit `this`, do NOT add a leading self/object-pointer argument]	C:/hd25/kingdom2/harata/libdk/map.cpp
0015f278	_ZN2dk3Map18changeColorDisableEv	med	1	0		dk::Map::changeColorDisable() [DWARF: static -- no implicit `this`, do NOT add a leading self/object-pointer argument]	C:/hd25/kingdom2/harata/libdk/map.cpp
0015f3c4	_ZN2dk3Map7showAllEv	med	1	0		dk::Map::showAll() [DWARF: static -- no implicit `this`, do NOT add a leading self/object-pointer argument]	C:/hd25/kingdom2/harata/libdk/map.cpp
0015f4a0	_ZN2dk3Map7hideAllEv	med	1	0		dk::Map::hideAll() [DWARF: static -- no implicit `this`, do NOT add a leading self/object-pointer argument]	C:/hd25/kingdom2/harata/libdk/map.cpp
0015f548	_ZN2dk3Map7drawAllEv	med	1	0		dk::Map::drawAll() [DWARF: static -- no implicit `this`, do NOT add a leading self/object-pointer argument]	C:/hd25/kingdom2/harata/libdk/map.cpp
0015f618	_ZN2dk3Map9noDrawAllEv	high	1	0		dk::Map::noDrawAll() [DWARF: static -- no implicit `this`, do NOT add a leading self/object-pointer argument]	C:/hd25/kingdom2/harata/libdk/map.cpp
0015f6e8	_ZN2dk3Map7showSkyEv	sim-sandwich	1	0		dk::Map::showSky() [DWARF: static -- no implicit `this`, do NOT add a leading self/object-pointer argument]	C:/hd25/kingdom2/harata/libdk/map.cpp
0015f700	_ZN2dk3Map7hideSkyEv	sim-sandwich	1	0		dk::Map::hideSky() [DWARF: static -- no implicit `this`, do NOT add a leading self/object-pointer argument]	C:/hd25/kingdom2/harata/libdk/map.cpp
0015f718	_ZN2dk3Map9isOnGroupEi	med	1	1	bool	dk::Map::isOnGroup(int) [DWARF: static -- no implicit `this`, do NOT add a leading self/object-pointer argument]	C:/hd25/kingdom2/harata/libdk/map.cpp
0015f9c0	_ZN2dk3Sky4drawEv	sim-rerun-high	0	1		dk::Sky::draw(dk::Sky *)	C:/hd25/kingdom2/harata/libdk/sky.cpp
0015fe18	_ZN2dk5BgObjC1EPNS_8BgObjPosEjRKN2kn7FVectorES6_S6_iiijj	sim-med	0	11		dk::BgObj::BgObj(dk::BgObj *, dk::BgObjPos *, u_int, RCFVector, RCFVector, RCFVector, int, int, int, u_int, u_int)	C:/hd25/kingdom2/harata/libdk/bgobj.cpp
00160430	_ZN2dk5BgObj10calcMotionEv	sim-med	0	1		dk::BgObj::calcMotion(dk::BgObj *)	C:/hd25/kingdom2/harata/libdk/bgobj.cpp
001604f0	_ZN2dk5BgObj4moveEv	sim-vt-med	0	1		dk::BgObj::move(dk::BgObj *)	C:/hd25/kingdom2/harata/libdk/bgobj.cpp
001605a0	_ZN2dk5BgObj14setBoundingBoxERKN2kn7FMatrixE	sim-med	0	2		dk::BgObj::setBoundingBox(dk::BgObj *, RCFMatrix)	C:/hd25/kingdom2/harata/libdk/bgobj.cpp
001606e0	_ZN2dk5BgObj21calcMotionBoundingBoxEv	sim-high	0	1		dk::BgObj::calcMotionBoundingBox(dk::BgObj *)	C:/hd25/kingdom2/harata/libdk/bgobj.cpp
001608c0	_ZN2dk5BgObj4drawEv	sim-high	0	1		dk::BgObj::draw(dk::BgObj *)	C:/hd25/kingdom2/harata/libdk/bgobj.cpp
00160b88	_ZN2dk5BgObj11ExecAllTaskEP4TASK	sim-rerun-high	1	1		dk::BgObj::ExecAllTask(TASK *) [DWARF: static -- no implicit `this`, do NOT add a leading self/object-pointer argument]	C:/hd25/kingdom2/harata/libdk/bgobj.cpp
00160bb8	_ZN2dk5BgObj20ExecAllTaskFinalizerEP4TASK	sim-gap-med	1	1		dk::BgObj::ExecAllTaskFinalizer(TASK *) [DWARF: static -- no implicit `this`, do NOT add a leading self/object-pointer argument]	C:/hd25/kingdom2/harata/libdk/bgobj.cpp
00160de0	_ZN2dk5BgObj9hideGroupEj	sim-rerun-med	1	1		dk::BgObj::hideGroup(u_int) [DWARF: static -- no implicit `this`, do NOT add a leading self/object-pointer argument]	C:/hd25/kingdom2/harata/libdk/bgobj.cpp
00160e50	_ZN2dk5BgObj9showGroupEj	sim-rerun-med	1	1		dk::BgObj::showGroup(u_int) [DWARF: static -- no implicit `this`, do NOT add a leading self/object-pointer argument]	C:/hd25/kingdom2/harata/libdk/bgobj.cpp
00160fd0	_ZN2dk5BgObj15showBgObjNumberEi	sim-rerun-med	1	1		dk::BgObj::showBgObjNumber(int) [DWARF: static -- no implicit `this`, do NOT add a leading self/object-pointer argument]	C:/hd25/kingdom2/harata/libdk/bgobj.cpp
00161000	_ZN2dk5BgObj15hideBgObjNumberEi	sim-rerun-med	1	1		dk::BgObj::hideBgObjNumber(int) [DWARF: static -- no implicit `this`, do NOT add a leading self/object-pointer argument]	C:/hd25/kingdom2/harata/libdk/bgobj.cpp
001610a0	_ZN2dk5BgObj6getBopEj	sim-med	1	1	dk::BgObj *	dk::BgObj::getBop(u_int) [DWARF: static -- no implicit `this`, do NOT add a leading self/object-pointer argument]	C:/hd25/kingdom2/harata/libdk/bgobj.cpp
00161130	_ZN2dk5BgObj15setBaseColorAllEhhh	sim-med	1	3		dk::BgObj::setBaseColorAll(u_char, u_char, u_char) [DWARF: static -- no implicit `this`, do NOT add a leading self/object-pointer argument]	C:/hd25/kingdom2/harata/libdk/bgobj.cpp
001611a8	_ZN2dk5BgObj11setColorAllEhhh	sim-med	1	3		dk::BgObj::setColorAll(u_char, u_char, u_char) [DWARF: static -- no implicit `this`, do NOT add a leading self/object-pointer argument]	C:/hd25/kingdom2/harata/libdk/bgobj.cpp
00161248	_ZN2dk5BgObj25setAnimationSpeedRatioAllEN2kn13AnimationWork4TYPEEf	sim-rerun-med	1	2		dk::BgObj::setAnimationSpeedRatioAll(kn::AnimationWork::TYPE, float) [DWARF: static -- no implicit `this`, do NOT add a leading self/object-pointer argument]	C:/hd25/kingdom2/harata/libdk/bgobj.cpp
001612b8	_ZN2dk5BgObj4initEP9ALLOCATORPNS_7MapFileE	sim-high	1	2		dk::BgObj::init(ALLOCATOR *, dk::MapFile *) [DWARF: static -- no implicit `this`, do NOT add a leading self/object-pointer argument]	C:/hd25/kingdom2/harata/libdk/bgobj.cpp
001614e8	_ZN2dk6MotionC1EPNS_5BgObjE	sim-med	0	2		dk::Motion::Motion(dk::Motion *, dk::BgObj *)	C:/hd25/kingdom2/harata/libdk/motion.cpp
00161530	_ZN2dk6MotionD1Ev	sim-sib-med	0	1		dk::Motion::~Motion(dk::Motion *)	C:/hd25/kingdom2/harata/libdk/motion.cpp
00161598	_ZN2dk6Motion4calcEv	sim-med	0	1		dk::Motion::calc(dk::Motion *)	C:/hd25/kingdom2/harata/libdk/motion.cpp
001615e8	_ZN2dk6Motion5startEif	sim-med	0	3		dk::Motion::start(dk::Motion *, int, float)	C:/hd25/kingdom2/harata/libdk/motion.cpp
00161668	_ZN2dk6Motion7addTimeEf	sim-sib-med	0	2		dk::Motion::addTime(dk::Motion *, float)	C:/hd25/kingdom2/harata/libdk/motion.cpp
00161818	_ZN2dk6Camera24packet_kick_field_singleEP4TASK	med	1	1		dk::Camera::packet_kick_field_single(TASK *) [DWARF: static -- no implicit `this`, do NOT add a leading self/object-pointer argument]	C:/hd25/kingdom2/harata/libdk/camera.cpp
00161868	_ZN2dk6Camera11packet_kickEP4TASK	sim-rerun-high	1	1		dk::Camera::packet_kick(TASK *) [DWARF: static -- no implicit `this`, do NOT add a leading self/object-pointer argument]	C:/hd25/kingdom2/harata/libdk/camera.cpp
00161880	_ZN2dk6Camera16draw_queue_flushEP4TASK	sim-rerun-high	1	1		dk::Camera::draw_queue_flush(TASK *) [DWARF: static -- no implicit `this`, do NOT add a leading self/object-pointer argument]	C:/hd25/kingdom2/harata/libdk/camera.cpp
001618a0	_ZN2dk6Camera12vu1draw_waitEP4TASK	med	1	1		dk::Camera::vu1draw_wait(TASK *) [DWARF: static -- no implicit `this`, do NOT add a leading self/object-pointer argument]	C:/hd25/kingdom2/harata/libdk/camera.cpp
001618b8	_ZN2dk6Camera23createEffectDestroyTaskEv	high	1	0		dk::Camera::createEffectDestroyTask() [DWARF: static -- no implicit `this`, do NOT add a leading self/object-pointer argument]	C:/hd25/kingdom2/harata/libdk/camera.cpp
001618f0	_ZN2dk6Camera22createSingleCameraTaskEv	med	1	0		dk::Camera::createSingleCameraTask() [DWARF: static -- no implicit `this`, do NOT add a leading self/object-pointer argument]	C:/hd25/kingdom2/harata/libdk/camera.cpp
00161c20	_ZN2dk6Camera22singleAfter2CameraTaskEP4TASK	med	1	1		dk::Camera::singleAfter2CameraTask(TASK *) [DWARF: static -- no implicit `this`, do NOT add a leading self/object-pointer argument]	C:/hd25/kingdom2/harata/libdk/camera.cpp
00161df0	_ZN2dk6Camera18crossFadeStartTaskEP4TASK	med	1	1		dk::Camera::crossFadeStartTask(TASK *) [DWARF: static -- no implicit `this`, do NOT add a leading self/object-pointer argument]	C:/hd25/kingdom2/harata/libdk/camera.cpp
00161ee8	_ZN2dk6Camera13crossFadeInitEv	sim-rerun-high	1	0		dk::Camera::crossFadeInit() [DWARF: static -- no implicit `this`, do NOT add a leading self/object-pointer argument]	C:/hd25/kingdom2/harata/libdk/camera.cpp
00161f10	_ZN2dk6Camera14storeImageTaskEP4TASK	high	1	1		dk::Camera::storeImageTask(TASK *) [DWARF: static -- no implicit `this`, do NOT add a leading self/object-pointer argument]	C:/hd25/kingdom2/harata/libdk/camera.cpp
00161f38	_ZN2dk6Camera31singleAfter2CameraTaskFinalizerEP4TASK	med	1	1		dk::Camera::singleAfter2CameraTaskFinalizer(TASK *) [DWARF: static -- no implicit `this`, do NOT add a leading self/object-pointer argument]	C:/hd25/kingdom2/harata/libdk/camera.cpp
00161f48	_ZN2dk6Camera14crossFadeStartEfb	med	1	2		dk::Camera::crossFadeStart(float, bool) [DWARF: static -- no implicit `this`, do NOT add a leading self/object-pointer argument]	C:/hd25/kingdom2/harata/libdk/camera.cpp
00162088	_ZN2dk6Camera16isMultiCrossFadeEv	med	1	0	bool	dk::Camera::isMultiCrossFade() [DWARF: static -- no implicit `this`, do NOT add a leading self/object-pointer argument]	C:/hd25/kingdom2/harata/libdk/camera.cpp
001620a8	_ZN2dk6Camera21createMultiCameraTaskEv	med	1	0		dk::Camera::createMultiCameraTask() [DWARF: static -- no implicit `this`, do NOT add a leading self/object-pointer argument]	C:/hd25/kingdom2/harata/libdk/camera.cpp
00163898	_ZN2dk11OctCollFile16collideWithWorldEiRNS_6SphereERNS_6AabboxERN2kn7FVectorEPNS_14CollisionParamE	sim-med	0	6	int	dk::OctCollFile::collideWithWorld(dk::OctCollFile *, int, dk::Sphere &, dk::Aabbox &, kn::FVector &, dk::CollisionParam *)	C:/hd25/kingdom2/harata/libdk/collsphere.cpp
00164578	_ZN2dk11OctCollFile15collisionSphereEPNS_14CollisionParamERNS_6SphereEftRiRKN2kn7FVectorE	sim-sandwich	0	7		dk::OctCollFile::collisionSphere(dk::OctCollFile *, dk::CollisionParam *, dk::Sphere &, float, u_short, int &, RCFVector)	C:/hd25/kingdom2/harata/libdk/collsphere.cpp
00164718	_ZN2dk11OctCollFile15collisionSphereEPNS_14CollisionParamE	sim-high	0	2	int	dk::OctCollFile::collisionSphere(dk::OctCollFile *, dk::CollisionParam *)	C:/hd25/kingdom2/harata/libdk/collsphere.cpp
001652c8	_ZN2dk11OctCollFile14getDanglePointERKN2kn7FVectorERKNS_6AabboxERS2_S8_S8_S4_Pt	sim-high	0	8	bool	dk::OctCollFile::getDanglePoint(dk::OctCollFile *, const kn::FVector &, const dk::Aabbox &, kn::FVector &, kn::FVector &, kn::FVector &, const kn::FVector &, u_short *)	C:/hd25/kingdom2/harata/libdk/colldangle.cpp
001656d0	_ZN2dk6ObjOcc5setupEPvi	sim-med	0	3		dk::ObjOcc::setup(dk::ObjOcc *, void *, int)	C:/hd25/kingdom2/harata/libdk/objocc.cpp
00165768	_ZN2dk6ObjOcc7destroyEv	sim-med	0	1		dk::ObjOcc::destroy(dk::ObjOcc *)	C:/hd25/kingdom2/harata/libdk/objocc.cpp
00165870	_ZN2dk6ObjOcc11disableWallEv	med	0	1		dk::ObjOcc::disableWall(dk::ObjOcc *)	C:/hd25/kingdom2/harata/libdk/objocc.cpp
00165898	_ZN2dk6ObjOcc4initEP9ALLOCATOR	med	1	1		dk::ObjOcc::init(ALLOCATOR *) [DWARF: static -- no implicit `this`, do NOT add a leading self/object-pointer argument]	C:/hd25/kingdom2/harata/libdk/objocc.cpp
00165968	_ZN2dk6ObjOcc4exitEv	med	1	0		dk::ObjOcc::exit() [DWARF: static -- no implicit `this`, do NOT add a leading self/object-pointer argument]	C:/hd25/kingdom2/harata/libdk/objocc.cpp
00165a10	_ZN2dk6ObjOcc15collisionSphereEPNS_14CollisionParamE	sim-sandwich	1	1	bool	dk::ObjOcc::collisionSphere(dk::CollisionParam *) [DWARF: static -- no implicit `this`, do NOT add a leading self/object-pointer argument]	C:/hd25/kingdom2/harata/libdk/objocc.cpp
00165ad8	_ZN2dk6ObjOcc13collisionDownEPNS_14CollisionParamERf	sim-high	1	2	bool	dk::ObjOcc::collisionDown(dk::CollisionParam *, float &) [DWARF: static -- no implicit `this`, do NOT add a leading self/object-pointer argument]	C:/hd25/kingdom2/harata/libdk/objocc.cpp
00165db8	_ZN2dk6ObjOcc13intersectLineERNS_4LineERN2kn7FVectorERtjjbRPS0_ii	high	1	9	bool	dk::ObjOcc::intersectLine(dk::Line &, kn::FVector &, u_short &, u_int, u_int, bool, dk::ObjOcc *&, int, int) [DWARF: static -- no implicit `this`, do NOT add a leading self/object-pointer argument]	C:/hd25/kingdom2/harata/libdk/objocc.cpp
00165ef0	_ZN2dk6ObjOcc4eachEPS0_	med	1	1	dk::ObjOcc *	dk::ObjOcc::each(dk::ObjOcc *) [DWARF: static -- no implicit `this`, do NOT add a leading self/object-pointer argument]	C:/hd25/kingdom2/harata/libdk/objocc.cpp
00165f70	_ZN2dk11OctCollFile22selectOcclusionFrustumERN2kn7FVectorEPNS_16OcclusionFrustumERiRNS_11ViewFrustumE	sim-med	0	5		dk::OctCollFile::selectOcclusionFrustum(dk::OctCollFile *, kn::FVector &, dk::OcclusionFrustum *, int &, dk::ViewFrustum &)	C:/hd25/kingdom2/harata/libdk/occlusion.cpp
001665d8	_ZN2dk4Tim214getWidthHeightEPvRiS2_RjS3_S2_S2_	sim-med	1	7	u_int	dk::Tim2::getWidthHeight(void *, int &, int &, u_int &, u_int &, int &, int &) [DWARF: static -- no implicit `this`, do NOT add a leading self/object-pointer argument]	C:/hd25/kingdom2/harata/libdk/tim2.cpp
001667d0	_ZN2dk5Frame9widthToTWEj	sim-rerun-med	1	1	u_int	dk::Frame::widthToTW(const u_int) [DWARF: static -- no implicit `this`, do NOT add a leading self/object-pointer argument]	C:/hd25/kingdom2/harata/libdk/frame.cpp
00166cf0	_ZN2dk12GAUGE_STATUS6isDeadEPN2YS3OBJE	sim-sib-med	1	1	bool	dk::GAUGE_STATUS::isDead(YS::OBJ *) [DWARF: static -- no implicit `this`, do NOT add a leading self/object-pointer argument]	C:/hd25/kingdom2/harata/libdk/gauge_status.cpp
00167618	_ZN2YS3PAD4InitEv	sim-rerun-med	1	0		YS::PAD::Init() [DWARF: static -- no implicit `this`, do NOT add a leading self/object-pointer argument]	C:/hd25/kingdom2/yasui/libys/pad.cpp
00167658	_ZN2YS3PAD5clearEy	sim-sib-med	0	2		YS::PAD::clear(YS::PAD *, ULONGLONG)	C:/hd25/kingdom2/yasui/libys/pad.cpp
00167778	_ZN2YS7HARDPAD15get_stick_valueEPKh	sim-rerun-med	0	2	ULONGLONG	YS::HARDPAD::get_stick_value(YS::HARDPAD *, const u_char *)	C:/hd25/kingdom2/yasui/libys/pad.cpp
001678f0	_ZN2YS7HARDPAD4readERKN3Axa7PADDATAE	sim-med	0	2		YS::HARDPAD::read(YS::HARDPAD *, const Axa::PADDATA &)	C:/hd25/kingdom2/yasui/libys/pad.cpp
00167b60	_ZN2YS3PAD8ReadTaskEP4TASK	sim-med	1	1		YS::PAD::ReadTask(TASK *) [DWARF: static -- no implicit `this`, do NOT add a leading self/object-pointer argument]	C:/hd25/kingdom2/yasui/libys/pad.cpp
00167d68	_ZN2YS7SOFTPAD4readEv	sim-med	0	1		YS::SOFTPAD::read(YS::SOFTPAD *)	C:/hd25/kingdom2/yasui/libys/pad.cpp
00167e28	_ZN2YS7SOFTPAD6EnableEv	sim-med	1	0		YS::SOFTPAD::Enable() [DWARF: static -- no implicit `this`, do NOT add a leading self/object-pointer argument]	C:/hd25/kingdom2/yasui/libys/pad.cpp
00167f38	_ZN2YS7SOFTPAD10ChangeModeEi	sim-sib-high	1	1		YS::SOFTPAD::ChangeMode(int) [DWARF: static -- no implicit `this`, do NOT add a leading self/object-pointer argument]	C:/hd25/kingdom2/yasui/libys/pad.cpp
001682b8	_ZN2YS4FILE4ReadEPKcPv	med	1	2	size_t	YS::FILE::Read(const char *, void *) [DWARF: static -- no implicit `this`, do NOT add a leading self/object-pointer argument]	C:/hd25/kingdom2/yasui/libys/file.cpp
00168370	_ZN2YS4FILE5WriteEPKcPvj	sim-sib-med	1	3		YS::FILE::Write(const char *, void *, size_t) [DWARF: static -- no implicit `this`, do NOT add a leading self/object-pointer argument]	C:/hd25/kingdom2/yasui/libys/file.cpp
00168388	_ZN2YS4FILE8ReadBackEPKcPvPFvS3_jS3_ES3_	high	1	4		YS::FILE::ReadBack(const char *, void *, YS_FILE_READ_CALLBACK, void *) [DWARF: static -- no implicit `this`, do NOT add a leading self/object-pointer argument]	C:/hd25/kingdom2/yasui/libys/file.cpp
00168410	_ZN2YS4FILE8ReadBackEPKcPvjtPFvS3_jS3_ES3_	sim-med	1	6		YS::FILE::ReadBack(const char *, void *, u_int, u_short, YS_FILE_READ_CALLBACK, void *) [DWARF: static -- no implicit `this`, do NOT add a leading self/object-pointer argument]	C:/hd25/kingdom2/yasui/libys/file.cpp
001684c0	_ZN2YS4FILE11ReadBarBackEPKcPvPFvPNS_6BINARCEjS3_ES3_	high	1	4		YS::FILE::ReadBarBack(const char *, void *, YS_FILE_READ_BAR_CALLBACK, void *) [DWARF: static -- no implicit `this`, do NOT add a leading self/object-pointer argument]	C:/hd25/kingdom2/yasui/libys/file.cpp
001685f0	_ZN2YS4FILE10ReadThreadEPv	med	1	1		YS::FILE::ReadThread(void *) [DWARF: static -- no implicit `this`, do NOT add a leading self/object-pointer argument]	C:/hd25/kingdom2/yasui/libys/file.cpp
00168808	_ZN2YS4FILE4InitEi	med	1	1		YS::FILE::Init(int) [DWARF: static -- no implicit `this`, do NOT add a leading self/object-pointer argument]	C:/hd25/kingdom2/yasui/libys/file.cpp
001688a0	_ZN2YS4FILE13LoadGumiIndexEv	med	1	0		YS::FILE::LoadGumiIndex() [DWARF: static -- no implicit `this`, do NOT add a leading self/object-pointer argument]	C:/hd25/kingdom2/yasui/libys/file.cpp
00168958	_ZN2YS4FILE5QUEUEC1ENS1_4TYPEEPKc	sim-med	0	3		YS::FILE::QUEUE::QUEUE(YS::FILE::QUEUE *, TYPE, const char *)	C:/hd25/kingdom2/yasui/libys/file.cpp
00168aa0	_ZNK2YS6BINARC12get_file_numEj	sim-sib-med	0	2	u_int	YS::BINARC::get_file_num(const YS::BINARC *, u_int)	C:/hd25/kingdom2/yasui/libys/binarc.cpp
00168ad8	_ZN2YS6BINARC12get_file_numERjjj	sim-sib-high	0	4		YS::BINARC::get_file_num(YS::BINARC *, u_int &, u_int, u_int)	C:/hd25/kingdom2/yasui/libys/binarc.cpp
00168b38	_ZNK2YS6BINARC8get_infoEji	sim-sib-med	0	3	const YS::BINARC::INFO *	YS::BINARC::get_info(const YS::BINARC *, u_int, int)	C:/hd25/kingdom2/yasui/libys/binarc.cpp
00168b88	_ZNK2YS6BINARC15get_info_by_tagEjji	sim-sib-high	0	4	const YS::BINARC::INFO *	YS::BINARC::get_info_by_tag(const YS::BINARC *, u_int, u_int, int)	C:/hd25/kingdom2/yasui/libys/binarc.cpp
00169030	_ZN2YS8AreaInitEP4TASK	med	1	1		YS::AreaInit(TASK *) [DWARF: static -- no implicit `this`, do NOT add a leading self/object-pointer argument]	C:/hd25/kingdom2/yasui/libys/init.cpp
00169178	_ZN2YS15AreaReadRequestEv	med	1	0		YS::AreaReadRequest() [DWARF: static -- no implicit `this`, do NOT add a leading self/object-pointer argument]	C:/hd25/kingdom2/yasui/libys/init.cpp
00169210	_ZN2YS9AreaStartEv	med	1	0		YS::AreaStart() [DWARF: static -- no implicit `this`, do NOT add a leading self/object-pointer argument]	C:/hd25/kingdom2/yasui/libys/init.cpp
00169398	_ZN2YS3OBJC1EjPKNS_8OBJENTRYEjRKN2kn7FVectorEf	sim-high	0	6		YS::OBJ::OBJ(YS::OBJ *, OBJENTRY_ID, const YS::OBJENTRY *, u_int, const kn::FVector &, float)	C:/hd25/kingdom2/yasui/libys/obj.cpp
0016a030	_ZN2YS3OBJ14get_entry_nameEv	sim-sib-med	0	1	const char *	YS::OBJ::get_entry_name(YS::OBJ *)	C:/hd25/kingdom2/yasui/libys/obj.cpp
0016a108	_ZNK2YS9MOTIONSET10get_motionEi	sim-rerun2-med	0	2	YS::BINARC *	YS::MOTIONSET::get_motion(const YS::MOTIONSET *, int)	C:/hd25/kingdom2/yasui/libys/motionset.cpp
0016a158	_ZN2YS3OBJ15_OVR_initializeEv	med	0	1		YS::OBJ::_OVR_initialize(YS::OBJ *)	C:/hd25/kingdom2/yasui/libys/obj.cpp
0016a1b8	_ZN2YS3OBJ8set_clsnEPv	med	0	2		YS::OBJ::set_clsn(YS::OBJ *, void *)	C:/hd25/kingdom2/yasui/libys/obj.cpp
0016a328	_ZN2YS3OBJ13_OVR__destroyEv	high	0	1		YS::OBJ::_OVR__destroy(YS::OBJ *)	C:/hd25/kingdom2/yasui/libys/obj.cpp
0016a4e8	_ZN2YS3OBJD1Ev	sim-high	0	1		YS::OBJ::~OBJ(YS::OBJ *)	C:/hd25/kingdom2/yasui/libys/obj.cpp
0016a5b0	_ZN2YS3OBJ13_OVR_pre_execEv	sim-high	0	1		YS::OBJ::_OVR_pre_exec(YS::OBJ *)	C:/hd25/kingdom2/yasui/libys/obj.cpp
0016a950	_ZN2YS3OBJ7exec_vmEv	med	0	1		YS::OBJ::exec_vm(YS::OBJ *)	C:/hd25/kingdom2/yasui/libys/obj.cpp
0016a9a0	_ZN2YS3OBJ9_OVR_execEv	sim-med	0	1		YS::OBJ::_OVR_exec(YS::OBJ *)	C:/hd25/kingdom2/yasui/libys/obj.cpp
0016a9b8	_ZN2YS3OBJ14_OVR_post_execEv	med	0	1		YS::OBJ::_OVR_post_exec(YS::OBJ *)	C:/hd25/kingdom2/yasui/libys/obj.cpp
0016ac38	_ZN2YS3OBJ17start_effect_bindEiiiPS0_	med	0	5	ryj::EFFECT *	YS::OBJ::start_effect_bind(YS::OBJ *, int, int, int, YS::OBJ *)	C:/hd25/kingdom2/yasui/libys/obj.cpp
0016ae18	_ZN2YS3OBJ15reset_first_posEv	high	0	1		YS::OBJ::reset_first_pos(YS::OBJ *)	C:/hd25/kingdom2/yasui/libys/obj.cpp
0016af58	_ZN2YS3OBJ7get_dirEv	high	0	1		YS::OBJ::get_dir(YS::OBJ *)	C:/hd25/kingdom2/yasui/libys/obj.cpp
0016b010	_ZN2YS3OBJ12set_wish_dirERKN2kn7FVectorE	high	0	2		YS::OBJ::set_wish_dir(YS::OBJ *, const kn::FVector &)	C:/hd25/kingdom2/yasui/libys/obj.cpp
0016b040	_ZN2YS3OBJ12get_wish_dirEv	sim-med	0	1		YS::OBJ::get_wish_dir(YS::OBJ *)	C:/hd25/kingdom2/yasui/libys/obj.cpp
0016b070	_ZN2YS3OBJ10set_xyzrotERKN2kn7FVectorE	med	0	2		YS::OBJ::set_xyzrot(YS::OBJ *, const kn::FVector &)	C:/hd25/kingdom2/yasui/libys/obj.cpp
0016b0e0	_ZN2YS3OBJ15get_bone_matrixEiRN2kn7FMatrixE	sim-high	0	3	float	YS::OBJ::get_bone_matrix(YS::OBJ *, int, kn::FMatrix &)	C:/hd25/kingdom2/yasui/libys/obj.cpp
0016b478	_ZN2YS3OBJ12get_bone_posEif	sim-rerun-high	0	3		YS::OBJ::get_bone_pos(YS::OBJ *, int, float)	C:/hd25/kingdom2/yasui/libys/obj.cpp
0016b5b8	_ZN2YS3OBJ14_OVR_leave_reqEv	med	0	1		YS::OBJ::_OVR_leave_req(YS::OBJ *)	C:/hd25/kingdom2/yasui/libys/obj.cpp
0016b638	_ZN2YS3OBJ16_OVR_check_leaveEv	sim-high	0	1	bool	YS::OBJ::_OVR_check_leave(YS::OBJ *)	C:/hd25/kingdom2/yasui/libys/obj.cpp
0016b668	_ZN2YS3OBJ10_OVR_leaveEv	high	0	1		YS::OBJ::_OVR_leave(YS::OBJ *)	C:/hd25/kingdom2/yasui/libys/obj.cpp
0016b740	_ZN2YS3OBJ13SearchByEntryEj	med	1	1	YS::OBJ *	YS::OBJ::SearchByEntry(OBJENTRY_ID) [DWARF: static -- no implicit `this`, do NOT add a leading self/object-pointer argument]	C:/hd25/kingdom2/yasui/libys/obj.cpp
0016b800	_ZN2YS3OBJ12SearchByPartEi	med	1	1	YS::OBJ *	YS::OBJ::SearchByPart(int) [DWARF: static -- no implicit `this`, do NOT add a leading self/object-pointer argument]	C:/hd25/kingdom2/yasui/libys/obj.cpp
0016b860	_ZN2YS3OBJ6SignalEii	sim-med	1	2		YS::OBJ::Signal(int, int) [DWARF: static -- no implicit `this`, do NOT add a leading self/object-pointer argument]	C:/hd25/kingdom2/yasui/libys/obj.cpp
0016b8b8	_ZN2YS3OBJ14SearchByCameraEjRKN2kn7FVectorEb	sim-high	1	3	YS::OBJ *	YS::OBJ::SearchByCamera(OBJENTRY_ID, const kn::FVector &, bool) [DWARF: static -- no implicit `this`, do NOT add a leading self/object-pointer argument]	C:/hd25/kingdom2/yasui/libys/obj.cpp
0016baa8	_ZN2YS3OBJ20_OVR_signal_callbackEii	sim-gap-med	0	3		YS::OBJ::_OVR_signal_callback(YS::OBJ *, int, int)	C:/hd25/kingdom2/yasui/libys/obj.cpp
0016bda8	_ZN2YS3OBJ14get_target_posEv	high	0	1		YS::OBJ::get_target_pos(YS::OBJ *)	C:/hd25/kingdom2/yasui/libys/obj.cpp
0016be98	_ZN2YS3OBJ14get_center_posEv	sim-rerun-high	0	1		YS::OBJ::get_center_pos(YS::OBJ *)	C:/hd25/kingdom2/yasui/libys/obj.cpp
0016bf38	_ZN2YS3OBJ18_OVR_set_unit_dataEPNS_10UNIT_GROUPEPKNS_13UNIT_DATA_OBJE	sim-med	0	3		YS::OBJ::_OVR_set_unit_data(YS::OBJ *, YS::UNIT_GROUP *, const YS::UNIT_DATA_OBJ *)	C:/hd25/kingdom2/yasui/libys/obj.cpp
0016c028	_ZN2YS3OBJ7get_posEv	high	0	1	const kn::FVector &	YS::OBJ::get_pos(YS::OBJ *)	C:/hd25/kingdom2/yasui/libys/obj.cpp
0016c060	_ZN2YS3OBJ8get_faceEPPvS2_	med	0	3	bool	YS::OBJ::get_face(YS::OBJ *, void **, void **)	C:/hd25/kingdom2/yasui/libys/obj.cpp
0016c3a8	_ZN2YS3OBJ18MakeBlindCollisionEPNS_9COLLISIONEi	sim-rerun-high	1	2	int	YS::OBJ::MakeBlindCollision(YS::COLLISION *, int) [DWARF: static -- no implicit `this`, do NOT add a leading self/object-pointer argument]	C:/hd25/kingdom2/yasui/libys/obj.cpp
0016c460	_ZN2YS3OBJ15get_jump_heightERi	med	0	2	float	YS::OBJ::get_jump_height(YS::OBJ *, int &)	C:/hd25/kingdom2/yasui/libys/obj.cpp
0016c568	_ZN2YS3OBJ4stopEif	med	0	3		YS::OBJ::stop(YS::OBJ *, int, float)	C:/hd25/kingdom2/yasui/libys/obj.cpp
0016c5a0	_ZN2YS3OBJ8stop_endEi	med	0	2		YS::OBJ::stop_end(YS::OBJ *, int)	C:/hd25/kingdom2/yasui/libys/obj.cpp
0016c640	_ZN2YS3OBJ10StopEndAllEi	med	1	1		YS::OBJ::StopEndAll(int) [DWARF: static -- no implicit `this`, do NOT add a leading self/object-pointer argument]	C:/hd25/kingdom2/yasui/libys/obj.cpp
0016c750	_ZN2YS2VM4InitEP9ALLOCATOR	med	1	1		YS::VM::Init(ALLOCATOR *) [DWARF: static -- no implicit `this`, do NOT add a leading self/object-pointer argument]	C:/hd25/kingdom2/yasui/libys/vm.cpp
0016cab8	_ZN2YS2VMD1Ev	sim-med	0	1		YS::VM::~VM(YS::VM *)	C:/hd25/kingdom2/yasui/libys/vm.cpp
0016cba0	_ZN2YS2VM7call_pcEiP8BD_VALUEi	high	0	4		YS::VM::call_pc(YS::VM *, int, BD_VALUE *, int)	C:/hd25/kingdom2/yasui/libys/vm.cpp
0016cd48	_ZN2YS2VM4execEPS0_	sim-high	0	2	YS::VM::STATUS	YS::VM::exec(YS::VM *, YS::VM *)	C:/hd25/kingdom2/yasui/libys/vm.cpp
0016ced0	_ZN2YS2VM7destroyEv	med	0	1		YS::VM::destroy(YS::VM *)	C:/hd25/kingdom2/yasui/libys/vm.cpp
0016d110	_ZN2YS2VM11ExecDestroyEv	med	1	0		YS::VM::ExecDestroy() [DWARF: static -- no implicit `this`, do NOT add a leading self/object-pointer argument]	C:/hd25/kingdom2/yasui/libys/vm.cpp
0016d2d0	_ZN2YS14trap_frametimeEP8BD_VALUE	sim-sib-med	1	1		YS::trap_frametime(BD_VALUE *) [DWARF: static -- no implicit `this`, do NOT add a leading self/object-pointer argument]	C:/hd25/kingdom2/yasui/libys/vmtrap.cpp
0016d5d0	_ZN2YS16trap_vector_rotyEP8BD_VALUE	sim-med	1	1		YS::trap_vector_roty(BD_VALUE *) [DWARF: static -- no implicit `this`, do NOT add a leading self/object-pointer argument]	C:/hd25/kingdom2/yasui/libys/vmtrap.cpp
0016d640	_ZN2YS16trap_vector_rotxEP8BD_VALUE	sim-sib-med	1	1		YS::trap_vector_rotx(BD_VALUE *) [DWARF: static -- no implicit `this`, do NOT add a leading self/object-pointer argument]	C:/hd25/kingdom2/yasui/libys/vmtrap.cpp
0016d8d0	_ZN2YS15trap_vector_rotEP8BD_VALUE	sim-sib-med	1	1		YS::trap_vector_rot(BD_VALUE *) [DWARF: static -- no implicit `this`, do NOT add a leading self/object-pointer argument]	C:/hd25/kingdom2/yasui/libys/vmtrap.cpp
0016d920	_ZN2YS17trap_vector_angleEP8BD_VALUE	sim-med	1	1		YS::trap_vector_angle(BD_VALUE *) [DWARF: static -- no implicit `this`, do NOT add a leading self/object-pointer argument]	C:/hd25/kingdom2/yasui/libys/vmtrap.cpp
0016d968	_ZN2gm4GUMI12GetPlaneInfoEiiRKN2kn7FMatrixERKNS1_7FVectorE	sim-med	1	4		gm::GUMI::GetPlaneInfo(int, int, RCFMatrix, RCFVector) [DWARF: static -- no implicit `this`, do NOT add a leading self/object-pointer argument]	C:/hd25/kingdom2/ovl_gumimenu/gumi.cpp
0016dad8	_ZN2YS20trap_vector_to_angleEP8BD_VALUE	sim-med	1	1		YS::trap_vector_to_angle(BD_VALUE *) [DWARF: static -- no implicit `this`, do NOT add a leading self/object-pointer argument]	C:/hd25/kingdom2/yasui/libys/vmtrap.cpp
0016dc80	_ZN2YS24trap_progress_check_flagEP8BD_VALUE	sim-sandwich	1	1		YS::trap_progress_check_flag(BD_VALUE *) [DWARF: static -- no implicit `this`, do NOT add a leading self/object-pointer argument]	C:/hd25/kingdom2/yasui/libys/vmtrap.cpp
0016dcb0	_ZN2YS23trap_progress_is_secondEP8BD_VALUE	sim-high	1	1		YS::trap_progress_is_second(BD_VALUE *) [DWARF: static -- no implicit `this`, do NOT add a leading self/object-pointer argument]	C:/hd25/kingdom2/yasui/libys/vmtrap.cpp
0016dcd8	_ZN2YS29trap_progress_is_secret_movieEP8BD_VALUE	sim-sandwich	1	1		YS::trap_progress_is_secret_movie(BD_VALUE *) [DWARF: static -- no implicit `this`, do NOT add a leading self/object-pointer argument]	C:/hd25/kingdom2/yasui/libys/vmtrap.cpp
0016dd00	_ZN2YS32trap_progress_is_fm_secret_movieEP8BD_VALUE	sim-high	1	1		YS::trap_progress_is_fm_secret_movie(BD_VALUE *) [DWARF: static -- no implicit `this`, do NOT add a leading self/object-pointer argument]	C:/hd25/kingdom2/yasui/libys/vmtrap.cpp
0016dd28	_ZN2YS15trap_random_getEP8BD_VALUE	sim-sib-med	1	1		YS::trap_random_get(BD_VALUE *) [DWARF: static -- no implicit `this`, do NOT add a leading self/object-pointer argument]	C:/hd25/kingdom2/yasui/libys/vmtrap.cpp
0016dda8	_ZN2YS16trap_random_getfEP8BD_VALUE	sim-sib-med	1	1		YS::trap_random_getf(BD_VALUE *) [DWARF: static -- no implicit `this`, do NOT add a leading self/object-pointer argument]	C:/hd25/kingdom2/yasui/libys/vmtrap.cpp
0016de08	_ZN2YS17trap_random_rangeEP8BD_VALUE	sim-sib-med	1	1		YS::trap_random_range(BD_VALUE *) [DWARF: static -- no implicit `this`, do NOT add a leading self/object-pointer argument]	C:/hd25/kingdom2/yasui/libys/vmtrap.cpp
0016de64	_ZN2YS18trap_worldflag_setEP8BD_VALUE	sim-med	1	1		YS::trap_worldflag_set(BD_VALUE *) [DWARF: static -- no implicit `this`, do NOT add a leading self/object-pointer argument]	C:/hd25/kingdom2/yasui/libys/vmtrap.cpp
0016df10	_ZN2YS16method_blur_stopEP8BD_VALUE	med	1	1		YS::method_blur_stop(BD_VALUE *) [DWARF: static -- no implicit `this`, do NOT add a leading self/object-pointer argument]	C:/hd25/kingdom2/yasui/libys/vmtrap.cpp
0016df28	_ZN2YS20func_screen_whiteoutEP8BD_VALUE	sim-sib-high	1	1		YS::func_screen_whiteout(BD_VALUE *) [DWARF: static -- no implicit `this`, do NOT add a leading self/object-pointer argument]	C:/hd25/kingdom2/yasui/libys/vmtrap.cpp
0016df70	_ZN2YS19func_screen_whiteinEP8BD_VALUE	sim-sib-high	1	1		YS::func_screen_whitein(BD_VALUE *) [DWARF: static -- no implicit `this`, do NOT add a leading self/object-pointer argument]	C:/hd25/kingdom2/yasui/libys/vmtrap.cpp
0016e000	_ZN2YS19trap_screen_fadeoutEP8BD_VALUE	sim-sib-high	1	1		YS::trap_screen_fadeout(BD_VALUE *) [DWARF: static -- no implicit `this`, do NOT add a leading self/object-pointer argument]	C:/hd25/kingdom2/yasui/libys/vmtrap.cpp
0016e048	_ZN2YS18trap_screen_fadeinEP8BD_VALUE	sim-sib-high	1	1		YS::trap_screen_fadein(BD_VALUE *) [DWARF: static -- no implicit `this`, do NOT add a leading self/object-pointer argument]	C:/hd25/kingdom2/yasui/libys/vmtrap.cpp
0016e200	_ZN2YS19trap_effect_set_rotEP8BD_VALUE	sim-high	1	1		YS::trap_effect_set_rot(BD_VALUE *) [DWARF: static -- no implicit `this`, do NOT add a leading self/object-pointer argument]	C:/hd25/kingdom2/yasui/libys/vmtrap.cpp
0016e240	_ZN2YS19trap_effect_set_dirEP8BD_VALUE	sim-high	1	1		YS::trap_effect_set_dir(BD_VALUE *) [DWARF: static -- no implicit `this`, do NOT add a leading self/object-pointer argument]	C:/hd25/kingdom2/yasui/libys/vmtrap.cpp
0016e378	_ZN2YS15trap_effect_posEP8BD_VALUE	sim-med	1	1		YS::trap_effect_pos(BD_VALUE *) [DWARF: static -- no implicit `this`, do NOT add a leading self/object-pointer argument]	C:/hd25/kingdom2/yasui/libys/vmtrap.cpp
0016e4e0	_ZN2YS17trap_effect_pauseEP8BD_VALUE	sim-med	1	1		YS::trap_effect_pause(BD_VALUE *) [DWARF: static -- no implicit `this`, do NOT add a leading self/object-pointer argument]	C:/hd25/kingdom2/yasui/libys/vmtrap.cpp
0016e500	_ZN2YS21trap_effect_set_colorEP8BD_VALUE	med	1	1		YS::trap_effect_set_color(BD_VALUE *) [DWARF: static -- no implicit `this`, do NOT add a leading self/object-pointer argument]	C:/hd25/kingdom2/yasui/libys/vmtrap.cpp
0016e600	_ZN2YS19trap_timer_count_upEP8BD_VALUE	med	1	1		YS::trap_timer_count_up(BD_VALUE *) [DWARF: static -- no implicit `this`, do NOT add a leading self/object-pointer argument]	C:/hd25/kingdom2/yasui/libys/vmtrap.cpp
0016e61c	_ZN2YS17trap_saveflag_setEP8BD_VALUE	sim-sib-med	1	1		YS::trap_saveflag_set(BD_VALUE *) [DWARF: static -- no implicit `this`, do NOT add a leading self/object-pointer argument]	C:/hd25/kingdom2/yasui/libys/vmtrap.cpp
0016e758	_ZN2YS26trap_sound_set_bgse_volumeEP8BD_VALUE	med	1	1		YS::trap_sound_set_bgse_volume(BD_VALUE *) [DWARF: static -- no implicit `this`, do NOT add a leading self/object-pointer argument]	C:/hd25/kingdom2/yasui/libys/vmtrap.cpp
0016e79c	_ZN2YS17trap_menuflag_setEP8BD_VALUE	sim-gap-med	1	1		YS::trap_menuflag_set(BD_VALUE *) [DWARF: static -- no implicit `this`, do NOT add a leading self/object-pointer argument]	C:/hd25/kingdom2/yasui/libys/vmtrap.cpp
0016e8f8	_ZN2YS8OBJENTRY4LoadEv	med	1	0		YS::OBJENTRY::Load() [DWARF: static -- no implicit `this`, do NOT add a leading self/object-pointer argument]	C:/hd25/kingdom2/yasui/libys/objentry.cpp
0016e920	_ZN2YS8OBJENTRY3GetEj	high	1	1	const YS::OBJENTRY *	YS::OBJENTRY::Get(OBJENTRY_ID) [DWARF: static -- no implicit `this`, do NOT add a leading self/object-pointer argument]	C:/hd25/kingdom2/yasui/libys/objentry.cpp
0016eb48	_ZN2YS8OBJENTRY14ReadRequestSubEjiii	high	1	4		YS::OBJENTRY::ReadRequestSub(OBJENTRY_ID, int, int, int) [DWARF: static -- no implicit `this`, do NOT add a leading self/object-pointer argument]	C:/hd25/kingdom2/yasui/libys/objentry.cpp
0016ed50	_ZN2YS8OBJENTRY11ReadRequestEjii	high	1	3		YS::OBJENTRY::ReadRequest(OBJENTRY_ID, int, int) [DWARF: static -- no implicit `this`, do NOT add a leading self/object-pointer argument]	C:/hd25/kingdom2/yasui/libys/objentry.cpp
0016f000	_ZN2YS8OBJENTRY6AppearEjRKN2kn7FVectorEf	med	1	3	YS::OBJ *	YS::OBJENTRY::Appear(OBJENTRY_ID, const kn::FVector &, float) [DWARF: static -- no implicit `this`, do NOT add a leading self/object-pointer argument]	C:/hd25/kingdom2/yasui/libys/objentry.cpp
0016f430	_ZN2YS8OBJENTRY6IsMenuEj	sim-sib-med	1	1	bool	YS::OBJENTRY::IsMenu(OBJENTRY_ID) [DWARF: static -- no implicit `this`, do NOT add a leading self/object-pointer argument]	C:/hd25/kingdom2/yasui/libys/objentry.cpp
0016f470	_ZNK2YS8OBJENTRY8get_mdlxEPc	sim-rerun2-high	0	2	char *	YS::OBJENTRY::get_mdlx(const YS::OBJENTRY *, char *)	C:/hd25/kingdom2/yasui/libys/objentry.cpp
0016f520	_ZNK2YS8OBJENTRY8get_msetEjPc	sim-med	0	3	char *	YS::OBJENTRY::get_mset(const YS::OBJENTRY *, OBJENTRY_ID, char *)	C:/hd25/kingdom2/yasui/libys/objentry.cpp
0016f6f8	_ZN2YS8OBJENTRY7IsActorEj	med	1	1	bool	YS::OBJENTRY::IsActor(OBJENTRY_ID) [DWARF: static -- no implicit `this`, do NOT add a leading self/object-pointer argument]	C:/hd25/kingdom2/yasui/libys/objentry.cpp
0016f770	_ZN2YS8OBJENTRY19AllocFriendPriorityEj	sim-rerun2-med	1	1	int	YS::OBJENTRY::AllocFriendPriority(OBJENTRY_ID) [DWARF: static -- no implicit `this`, do NOT add a leading self/object-pointer argument]	C:/hd25/kingdom2/yasui/libys/objentry.cpp
0016f7d0	_ZN2YS8OBJENTRY18GetCacheBuffStatusEjPKS0_	high	1	2	u_int	YS::OBJENTRY::GetCacheBuffStatus(OBJENTRY_ID, const YS::OBJENTRY *) [DWARF: static -- no implicit `this`, do NOT add a leading self/object-pointer argument]	C:/hd25/kingdom2/yasui/libys/objentry.cpp
0016f970	_ZN2YS10CACHE_BUFF4InitEv	sim-med	1	0		YS::CACHE_BUFF::Init() [DWARF: static -- no implicit `this`, do NOT add a leading self/object-pointer argument]	C:/hd25/kingdom2/yasui/libys/cachebuff.cpp
0016fc10	_ZN2YS10CACHE_BUFF6HEADER5flushEv	sim-high	0	1		YS::CACHE_BUFF::HEADER::flush(YS::CACHE_BUFF::HEADER *)	C:/hd25/kingdom2/yasui/libys/cachebuff.cpp
0016fda8	_ZN2YS10CACHE_BUFF6HEADER8transferEv	med	0	1		YS::CACHE_BUFF::HEADER::transfer(YS::CACHE_BUFF::HEADER *)	C:/hd25/kingdom2/yasui/libys/cachebuff.cpp
00170018	_ZN2YS10CACHE_BUFF6HEADER5clearEv	med	0	1		YS::CACHE_BUFF::HEADER::clear(YS::CACHE_BUFF::HEADER *)	C:/hd25/kingdom2/yasui/libys/cachebuff.cpp
00170188	_ZN2YS10CACHE_BUFF4LinkEPNS0_6HEADERE	med	1	1		YS::CACHE_BUFF::Link(YS::CACHE_BUFF::HEADER *) [DWARF: static -- no implicit `this`, do NOT add a leading self/object-pointer argument]	C:/hd25/kingdom2/yasui/libys/cachebuff.cpp
00170240	_ZN2YS10CACHE_BUFF12SearchByNameEPKci	sim-sib-high	1	2	YS::CACHE_BUFF::HEADER *	YS::CACHE_BUFF::SearchByName(const char *, int) [DWARF: static -- no implicit `this`, do NOT add a leading self/object-pointer argument]	C:/hd25/kingdom2/yasui/libys/cachebuff.cpp
00170400	_ZN2YS10CACHE_BUFF14ReadRequestSubEPKcij	high	1	3	YS::CACHE_BUFF::HEADER *	YS::CACHE_BUFF::ReadRequestSub(const char *, int, size_t) [DWARF: static -- no implicit `this`, do NOT add a leading self/object-pointer argument]	C:/hd25/kingdom2/yasui/libys/cachebuff.cpp
00170530	_ZN2YS10CACHE_BUFF15ReadRequestApdxEPKciij	sim-med	1	4		YS::CACHE_BUFF::ReadRequestApdx(const char *, int, int, size_t) [DWARF: static -- no implicit `this`, do NOT add a leading self/object-pointer argument]	C:/hd25/kingdom2/yasui/libys/cachebuff.cpp
00170570	_ZN2YS10CACHE_BUFF15ReadRequestPackEPKcPPcj	sim-rerun-med	1	3		YS::CACHE_BUFF::ReadRequestPack(const char *, char **, size_t) [DWARF: static -- no implicit `this`, do NOT add a leading self/object-pointer argument]	C:/hd25/kingdom2/yasui/libys/cachebuff.cpp
001705a8	_ZN2YS10CACHE_BUFF9clearLinkEv	med	1	0		YS::CACHE_BUFF::clearLink() [DWARF: static -- no implicit `this`, do NOT add a leading self/object-pointer argument]	C:/hd25/kingdom2/yasui/libys/cachebuff.cpp
00170670	_ZN2YS10CACHE_BUFF15FlushCompactionEv	sim-med	1	0		YS::CACHE_BUFF::FlushCompaction() [DWARF: static -- no implicit `this`, do NOT add a leading self/object-pointer argument]	C:/hd25/kingdom2/yasui/libys/cachebuff.cpp
001709d0	_ZN2YS10CACHE_BUFF7DestroyEi	sim-sib-med	1	1		YS::CACHE_BUFF::Destroy(int) [DWARF: static -- no implicit `this`, do NOT add a leading self/object-pointer argument]	C:/hd25/kingdom2/yasui/libys/cachebuff.cpp
00170a90	_ZN2YS10CACHE_BUFF12DestroyUnuseEPKc	sim-sib-high	1	1		YS::CACHE_BUFF::DestroyUnuse(const char *) [DWARF: static -- no implicit `this`, do NOT add a leading self/object-pointer argument]	C:/hd25/kingdom2/yasui/libys/cachebuff.cpp
00170c50	_ZN2YS10CACHE_BUFF14IsFlushingListEv	med	1	0	bool	YS::CACHE_BUFF::IsFlushingList() [DWARF: static -- no implicit `this`, do NOT add a leading self/object-pointer argument]	C:/hd25/kingdom2/yasui/libys/cachebuff.cpp
00170cd0	_ZN2YS10CACHE_BUFF10IsFlushingEv	high	1	0	bool	YS::CACHE_BUFF::IsFlushing() [DWARF: static -- no implicit `this`, do NOT add a leading self/object-pointer argument]	C:/hd25/kingdom2/yasui/libys/cachebuff.cpp
00170db0	_ZN2YS10CACHE_BUFF11GetPriorityEPKc	sim-sib-high	1	1	int	YS::CACHE_BUFF::GetPriority(const char *) [DWARF: static -- no implicit `this`, do NOT add a leading self/object-pointer argument]	C:/hd25/kingdom2/yasui/libys/cachebuff.cpp
00170dd0	_ZN2YS10CACHE_BUFF9WaitFlushEP4TASK	med	1	1		YS::CACHE_BUFF::WaitFlush(TASK *) [DWARF: static -- no implicit `this`, do NOT add a leading self/object-pointer argument]	C:/hd25/kingdom2/yasui/libys/cachebuff.cpp
00170e80	_ZN2YS10CACHE_BUFF11GetFreeSizeEv	med	1	0	int	YS::CACHE_BUFF::GetFreeSize() [DWARF: static -- no implicit `this`, do NOT add a leading self/object-pointer argument]	C:/hd25/kingdom2/yasui/libys/cachebuff.cpp
00171150	_ZN2YS24trap_sysobj_motion_startEP8BD_VALUE	sim-high	1	1		YS::trap_sysobj_motion_start(BD_VALUE *) [DWARF: static -- no implicit `this`, do NOT add a leading self/object-pointer argument]	C:/hd25/kingdom2/yasui/../yasui/trapobj.h
00171180	_ZN2YS13ACTION_LKDASH13calc_movementEPNS_3OBJE	sim-med	0	2		YS::ACTION_LKDASH::calc_movement(YS::ACTION_LKDASH *, YS::OBJ *)	C:/hd25/kingdom2/yasui/libys/action_lkdash.cpp
001711ac	_ZN2YS25trap_sysobj_motion_changeEP8BD_VALUE	sim-gap-med	1	1		YS::trap_sysobj_motion_change(BD_VALUE *) [DWARF: static -- no implicit `this`, do NOT add a leading self/object-pointer argument]	C:/hd25/kingdom2/yasui/../yasui/trapobj.h
001711dc	_ZN2YS23trap_sysobj_motion_pushEP8BD_VALUE	sim-gap-med	1	1		YS::trap_sysobj_motion_push(BD_VALUE *) [DWARF: static -- no implicit `this`, do NOT add a leading self/object-pointer argument]	C:/hd25/kingdom2/yasui/../yasui/trapobj.h
00171258	_ZN2YS21trap_sysobj_motion_idEP8BD_VALUE	sim-med	1	1		YS::trap_sysobj_motion_id(BD_VALUE *) [DWARF: static -- no implicit `this`, do NOT add a leading self/object-pointer argument]	C:/hd25/kingdom2/yasui/../yasui/trapobj.h
00171268	_ZN2YS19trap_sysobj_fadeoutEP8BD_VALUE	sim-sandwich	1	1		YS::trap_sysobj_fadeout(BD_VALUE *) [DWARF: static -- no implicit `this`, do NOT add a leading self/object-pointer argument]	C:/hd25/kingdom2/yasui/../yasui/trapobj.h
001712b0	_ZN2YS18trap_sysobj_fadeinEP8BD_VALUE	sim-sandwich	1	1		YS::trap_sysobj_fadein(BD_VALUE *) [DWARF: static -- no implicit `this`, do NOT add a leading self/object-pointer argument]	C:/hd25/kingdom2/yasui/../yasui/trapobj.h
001713f0	_ZN2YS16trap_obj_hitbackEP8BD_VALUE	med	1	1		YS::trap_obj_hitback(BD_VALUE *) [DWARF: static -- no implicit `this`, do NOT add a leading self/object-pointer argument]	C:/hd25/kingdom2/yasui/../yasui/trapobj.h
00171418	_ZN2YS12trap_obj_posEP8BD_VALUE	sim-med	1	1		YS::trap_obj_pos(BD_VALUE *) [DWARF: static -- no implicit `this`, do NOT add a leading self/object-pointer argument]	C:/hd25/kingdom2/yasui/../yasui/trapobj.h
00171480	_ZN2YS18trap_obj_reset_posEP8BD_VALUE	sim-sib-high	1	1		YS::trap_obj_reset_pos(BD_VALUE *) [DWARF: static -- no implicit `this`, do NOT add a leading self/object-pointer argument]	C:/hd25/kingdom2/yasui/../yasui/trapobj.h
00171518	_ZN2YS12trap_obj_dirEP8BD_VALUE	sim-med	1	1		YS::trap_obj_dir(BD_VALUE *) [DWARF: static -- no implicit `this`, do NOT add a leading self/object-pointer argument]	C:/hd25/kingdom2/yasui/../yasui/trapobj.h
00171640	_ZN2YS30trap_obj_get_move_to_space_posEP8BD_VALUE	med	1	1		YS::trap_obj_get_move_to_space_pos(BD_VALUE *) [DWARF: static -- no implicit `this`, do NOT add a leading self/object-pointer argument]	C:/hd25/kingdom2/yasui/../yasui/trapobj.h
00171690	_ZN2YS22trap_obj_move_to_spaceEP8BD_VALUE	med	1	1		YS::trap_obj_move_to_space(BD_VALUE *) [DWARF: static -- no implicit `this`, do NOT add a leading self/object-pointer argument]	C:/hd25/kingdom2/yasui/../yasui/trapobj.h
001716c0	_ZN2YS27trap_obj_can_decide_commandEP8BD_VALUE	med	1	1		YS::trap_obj_can_decide_command(BD_VALUE *) [DWARF: static -- no implicit `this`, do NOT add a leading self/object-pointer argument]	C:/hd25/kingdom2/yasui/../yasui/trapobj.h
00171848	_ZN2YS15trap_obj_use_mpEP8BD_VALUE	med	1	1		YS::trap_obj_use_mp(BD_VALUE *) [DWARF: static -- no implicit `this`, do NOT add a leading self/object-pointer argument]	C:/hd25/kingdom2/yasui/../yasui/trapobj.h
00171910	_ZN2YS16trap_obj_set_rotEP8BD_VALUE	sim-med	1	1		YS::trap_obj_set_rot(BD_VALUE *) [DWARF: static -- no implicit `this`, do NOT add a leading self/object-pointer argument]	C:/hd25/kingdom2/yasui/../yasui/trapobj.h
00171930	_ZN2YS17trap_obj_wish_dirEP8BD_VALUE	sim-med	1	1		YS::trap_obj_wish_dir(BD_VALUE *) [DWARF: static -- no implicit `this`, do NOT add a leading self/object-pointer argument]	C:/hd25/kingdom2/yasui/../yasui/trapobj.h
00171a00	_ZN2YS33trap_obj_set_cannon_camera_offsetEP8BD_VALUE	sim-med	1	1		YS::trap_obj_set_cannon_camera_offset(BD_VALUE *) [DWARF: static -- no implicit `this`, do NOT add a leading self/object-pointer argument]	C:/hd25/kingdom2/yasui/../yasui/trapobj.h
00171a40	_ZN2YS25trap_obj_set_cannon_paramEP8BD_VALUE	sim-sandwich	1	1		YS::trap_obj_set_cannon_param(BD_VALUE *) [DWARF: static -- no implicit `this`, do NOT add a leading self/object-pointer argument]	C:/hd25/kingdom2/yasui/../yasui/trapobj.h
00171a70	_ZN2YS25trap_obj_is_equip_abilityEP8BD_VALUE	sim-med	1	1		YS::trap_obj_is_equip_ability(BD_VALUE *) [DWARF: static -- no implicit `this`, do NOT add a leading self/object-pointer argument]	C:/hd25/kingdom2/yasui/../yasui/trapobj.h
00171b48	_ZN2YS28trap_obj_reset_command_imageEP8BD_VALUE	med	1	1		YS::trap_obj_reset_command_image(BD_VALUE *) [DWARF: static -- no implicit `this`, do NOT add a leading self/object-pointer argument]	C:/hd25/kingdom2/yasui/../yasui/trapobj.h
00171b64	_ZN2YS16trap_obj_is_rideEP8BD_VALUE	sim-sib-med	1	1		YS::trap_obj_is_ride(BD_VALUE *) [DWARF: static -- no implicit `this`, do NOT add a leading self/object-pointer argument]	C:/hd25/kingdom2/yasui/../yasui/trapobj.h
00171be8	_ZN2YS24trap_obj_enable_occ_boneEP8BD_VALUE	sim-med	1	1		YS::trap_obj_enable_occ_bone(BD_VALUE *) [DWARF: static -- no implicit `this`, do NOT add a leading self/object-pointer argument]	C:/hd25/kingdom2/yasui/../yasui/trapobj.h
00171c0c	_ZN2YS18trap_obj_clear_occEP8BD_VALUE	sim-gap-sandwich	1	1		YS::trap_obj_clear_occ(BD_VALUE *) [DWARF: static -- no implicit `this`, do NOT add a leading self/object-pointer argument]	C:/hd25/kingdom2/yasui/../yasui/trapobj.h
00171c60	_ZN2YS15trap_obj_attachEP8BD_VALUE	sim-med	1	1		YS::trap_obj_attach(BD_VALUE *) [DWARF: static -- no implicit `this`, do NOT add a leading self/object-pointer argument]	C:/hd25/kingdom2/yasui/../yasui/trapobj.h
00171ce0	_ZN2YS28trap_obj_set_detach_callbackEP8BD_VALUE	sim-sib-high	1	1		YS::trap_obj_set_detach_callback(BD_VALUE *) [DWARF: static -- no implicit `this`, do NOT add a leading self/object-pointer argument]	C:/hd25/kingdom2/yasui/../yasui/trapobj.h
00171e00	_ZN2YS14trap_obj_leaveEP8BD_VALUE	sim-med	1	1		YS::trap_obj_leave(BD_VALUE *) [DWARF: static -- no implicit `this`, do NOT add a leading self/object-pointer argument]	C:/hd25/kingdom2/yasui/../yasui/trapobj.h
00171ea8	_ZN2YS32trap_obj_get_lightcycle_movementEP8BD_VALUE	sim-sandwich	1	1		YS::trap_obj_get_lightcycle_movement(BD_VALUE *) [DWARF: static -- no implicit `this`, do NOT add a leading self/object-pointer argument]	C:/hd25/kingdom2/yasui/../yasui/trapobj.h
00171f60	_ZN2YS25trap_obj_scatter_prize_ttEP8BD_VALUE	sim-sandwich	1	1		YS::trap_obj_scatter_prize_tt(BD_VALUE *) [DWARF: static -- no implicit `this`, do NOT add a leading self/object-pointer argument]	C:/hd25/kingdom2/yasui/../yasui/trapobj.h
00171fa8	_ZN2YS13trap_obj_hookEP8BD_VALUE	med	1	1		YS::trap_obj_hook(BD_VALUE *) [DWARF: static -- no implicit `this`, do NOT add a leading self/object-pointer argument]	C:/hd25/kingdom2/yasui/../yasui/trapobj.h
00172048	_ZN2YS24trap_obj_is_history_markEP8BD_VALUE	med	1	1		YS::trap_obj_is_history_mark(BD_VALUE *) [DWARF: static -- no implicit `this`, do NOT add a leading self/object-pointer argument]	C:/hd25/kingdom2/yasui/../yasui/trapobj.h
00172078	_ZN2YS24trap_obj_set_parts_colorEP8BD_VALUE	sim-med	1	1		YS::trap_obj_set_parts_color(BD_VALUE *) [DWARF: static -- no implicit `this`, do NOT add a leading self/object-pointer argument]	C:/hd25/kingdom2/yasui/../yasui/trapobj.h
001720f8	_ZN2YS22trap_obj_reset_stealthEP8BD_VALUE	sim-sib-high	1	1		YS::trap_obj_reset_stealth(BD_VALUE *) [DWARF: static -- no implicit `this`, do NOT add a leading self/object-pointer argument]	C:/hd25/kingdom2/yasui/../yasui/trapobj.h
0017211c	_ZN2YS16trap_obj_sysjumpEP8BD_VALUE	sim-sib-med	1	1		YS::trap_obj_sysjump(BD_VALUE *) [DWARF: static -- no implicit `this`, do NOT add a leading self/object-pointer argument]	C:/hd25/kingdom2/yasui/../yasui/trapobj.h
00172158	_ZN2YS15method_obj_jumpEP8BD_VALUE	sim-high	1	1		YS::method_obj_jump(BD_VALUE *) [DWARF: static -- no implicit `this`, do NOT add a leading self/object-pointer argument]	C:/hd25/kingdom2/yasui/../yasui/trapobj.h
00172260	_ZN2YS12trap_obj_hopEP8BD_VALUE	sim-high	1	1		YS::trap_obj_hop(BD_VALUE *) [DWARF: static -- no implicit `this`, do NOT add a leading self/object-pointer argument]	C:/hd25/kingdom2/yasui/../yasui/trapobj.h
001722e8	_ZN2YS16trap_obj_flyjumpEP8BD_VALUE	sim-high	1	1		YS::trap_obj_flyjump(BD_VALUE *) [DWARF: static -- no implicit `this`, do NOT add a leading self/object-pointer argument]	C:/hd25/kingdom2/yasui/../yasui/trapobj.h
00172408	_ZN2YS22trap_obj_is_action_airEP8BD_VALUE	sim-sandwich	1	1		YS::trap_obj_is_action_air(BD_VALUE *) [DWARF: static -- no implicit `this`, do NOT add a leading self/object-pointer argument]	C:/hd25/kingdom2/yasui/../yasui/trapobj.h
00172440	_ZN2YS23trap_obj_motion_captureEP8BD_VALUE	med	1	1		YS::trap_obj_motion_capture(BD_VALUE *) [DWARF: static -- no implicit `this`, do NOT add a leading self/object-pointer argument]	C:/hd25/kingdom2/yasui/../yasui/trapobj.h
00172528	_ZN2YS26trap_obj_motion_is_captureEP8BD_VALUE	sim-med	1	1		YS::trap_obj_motion_is_capture(BD_VALUE *) [DWARF: static -- no implicit `this`, do NOT add a leading self/object-pointer argument]	C:/hd25/kingdom2/yasui/../yasui/trapobj.h
001725e0	_ZN2YS21trap_obj_effect_startEP8BD_VALUE	sim-med	1	1		YS::trap_obj_effect_start(BD_VALUE *) [DWARF: static -- no implicit `this`, do NOT add a leading self/object-pointer argument]	C:/hd25/kingdom2/yasui/../yasui/trapobj.h
00172738	_ZN2YS24trap_obj_effect_kill_allEP8BD_VALUE	med	1	1		YS::trap_obj_effect_kill_all(BD_VALUE *) [DWARF: static -- no implicit `this`, do NOT add a leading self/object-pointer argument]	C:/hd25/kingdom2/yasui/../yasui/trapobj.h
001727c8	_ZN2YS23trap_obj_look_start_posEP8BD_VALUE	sim-med	1	1		YS::trap_obj_look_start_pos(BD_VALUE *) [DWARF: static -- no implicit `this`, do NOT add a leading self/object-pointer argument]	C:/hd25/kingdom2/yasui/../yasui/trapobj.h
00172830	_ZN2YS17trap_obj_look_endEP8BD_VALUE	med	1	1		YS::trap_obj_look_end(BD_VALUE *) [DWARF: static -- no implicit `this`, do NOT add a leading self/object-pointer argument]	C:/hd25/kingdom2/yasui/../yasui/trapobj.h
00172858	_ZN2YS17trap_obj_set_pathEP8BD_VALUE	med	1	1		YS::trap_obj_set_path(BD_VALUE *) [DWARF: static -- no implicit `this`, do NOT add a leading self/object-pointer argument]	C:/hd25/kingdom2/yasui/../yasui/trapobj.h
00172890	_ZN2YS26trap_obj_get_path_movementEP8BD_VALUE	sim-sandwich	1	1		YS::trap_obj_get_path_movement(BD_VALUE *) [DWARF: static -- no implicit `this`, do NOT add a leading self/object-pointer argument]	C:/hd25/kingdom2/yasui/../yasui/trapobj.h
00172928	_ZN2YS23trap_obj_set_random_posEP8BD_VALUE	med	1	1		YS::trap_obj_set_random_pos(BD_VALUE *) [DWARF: static -- no implicit `this`, do NOT add a leading self/object-pointer argument]	C:/hd25/kingdom2/yasui/../yasui/trapobj.h
00172a10	_ZN2YS21trap_obj_set_unit_argEP8BD_VALUE	med	1	1		YS::trap_obj_set_unit_arg(BD_VALUE *) [DWARF: static -- no implicit `this`, do NOT add a leading self/object-pointer argument]	C:/hd25/kingdom2/yasui/../yasui/trapobj.h
00172a80	_ZN2YS21trap_obj_levelup_unitEP8BD_VALUE	sim-med	1	1		YS::trap_obj_levelup_unit(BD_VALUE *) [DWARF: static -- no implicit `this`, do NOT add a leading self/object-pointer argument]	C:/hd25/kingdom2/yasui/../yasui/trapobj.h
00172b48	_ZN2YS16trap_obj_is_deadEP8BD_VALUE	sim-sib-med	1	1		YS::trap_obj_is_dead(BD_VALUE *) [DWARF: static -- no implicit `this`, do NOT add a leading self/object-pointer argument]	C:/hd25/kingdom2/yasui/../yasui/trapobj.h
00172b88	_ZN2YS6BTLOBJ13start_mpdriveEf	sim-med	0	2		YS::BTLOBJ::start_mpdrive(YS::BTLOBJ *, float)	C:/hd25/kingdom2/yasui/libys/btlobj.cpp
00172c38	_ZN2YS27trap_obj_search_by_unit_argEP8BD_VALUE	med	1	1		YS::trap_obj_search_by_unit_arg(BD_VALUE *) [DWARF: static -- no implicit `this`, do NOT add a leading self/object-pointer argument]	C:/hd25/kingdom2/yasui/../yasui/trapobj.h
00172ca0	_ZN2YS25trap_obj_search_by_glanceEP8BD_VALUE	sim-sandwich	1	1		YS::trap_obj_search_by_glance(BD_VALUE *) [DWARF: static -- no implicit `this`, do NOT add a leading self/object-pointer argument]	C:/hd25/kingdom2/yasui/../yasui/trapobj.h
00172d34	_ZN2YS25trap_obj_search_by_cameraEP8BD_VALUE	sim-sandwich	1	1		YS::trap_obj_search_by_camera(BD_VALUE *) [DWARF: static -- no implicit `this`, do NOT add a leading self/object-pointer argument]	C:/hd25/kingdom2/yasui/../yasui/trapobj.h
00172e08	_ZN2YS28trap_obj_camera_start_globalEP8BD_VALUE	med	1	1		YS::trap_obj_camera_start_global(BD_VALUE *) [DWARF: static -- no implicit `this`, do NOT add a leading self/object-pointer argument]	C:/hd25/kingdom2/yasui/../yasui/trapobj.h
00172e2c	_ZN2YS18trap_obj_set_medalEP8BD_VALUE	sim-sib-med	1	1		YS::trap_obj_set_medal(BD_VALUE *) [DWARF: static -- no implicit `this`, do NOT add a leading self/object-pointer argument]	C:/hd25/kingdom2/yasui/../yasui/trapobj.h
00172e48	_ZN2YS18trap_obj_get_medalEP8BD_VALUE	sim-med	1	1		YS::trap_obj_get_medal(BD_VALUE *) [DWARF: static -- no implicit `this`, do NOT add a leading self/object-pointer argument]	C:/hd25/kingdom2/yasui/../yasui/trapobj.h
00172ee4	_ZN2YS19trap_act_table_initEP8BD_VALUE	sim-rerun2-med	1	1		YS::trap_act_table_init(BD_VALUE *) [DWARF: static -- no implicit `this`, do NOT add a leading self/object-pointer argument]	C:/hd25/kingdom2/yasui/libys/trapfield.cpp
00172f00	_ZN2YS18trap_act_table_addEP8BD_VALUE	sim-med	1	1		YS::trap_act_table_add(BD_VALUE *) [DWARF: static -- no implicit `this`, do NOT add a leading self/object-pointer argument]	C:/hd25/kingdom2/yasui/libys/trapfield.cpp
00172f30	_ZN2YS14trap_act_shoutEP8BD_VALUE	sim-sib-high	1	1		YS::trap_act_shout(BD_VALUE *) [DWARF: static -- no implicit `this`, do NOT add a leading self/object-pointer argument]	C:/hd25/kingdom2/yasui/libys/trapfield.cpp
00172f50	_ZN2YS15trap_area_worldEP8BD_VALUE	sim-sib-med	1	1		YS::trap_area_world(BD_VALUE *) [DWARF: static -- no implicit `this`, do NOT add a leading self/object-pointer argument]	C:/hd25/kingdom2/yasui/libys/trapfield.cpp
00172f60	_ZN2YS14trap_area_areaEP8BD_VALUE	sim-sib-med	1	1		YS::trap_area_area(BD_VALUE *) [DWARF: static -- no implicit `this`, do NOT add a leading self/object-pointer argument]	C:/hd25/kingdom2/yasui/libys/trapfield.cpp
00172f70	_ZN2YS17trap_area_map_setEP8BD_VALUE	sim-sib-med	1	1		YS::trap_area_map_set(BD_VALUE *) [DWARF: static -- no implicit `this`, do NOT add a leading self/object-pointer argument]	C:/hd25/kingdom2/yasui/libys/trapfield.cpp
00172f80	_ZN2YS20trap_area_battle_setEP8BD_VALUE	sim-sib-med	1	1		YS::trap_area_battle_set(BD_VALUE *) [DWARF: static -- no implicit `this`, do NOT add a leading self/object-pointer argument]	C:/hd25/kingdom2/yasui/libys/trapfield.cpp
00172f90	_ZN2YS19trap_area_event_setEP8BD_VALUE	sim-sib-med	1	1		YS::trap_area_event_set(BD_VALUE *) [DWARF: static -- no implicit `this`, do NOT add a leading self/object-pointer argument]	C:/hd25/kingdom2/yasui/libys/trapfield.cpp
00172fa0	_ZN2YS18trap_area_entranceEP8BD_VALUE	sim-sib-med	1	1		YS::trap_area_entrance(BD_VALUE *) [DWARF: static -- no implicit `this`, do NOT add a leading self/object-pointer argument]	C:/hd25/kingdom2/yasui/libys/trapfield.cpp
00172fb0	_ZN2YS14trap_area_jumpEP8BD_VALUE	sim-high	1	1		YS::trap_area_jump(BD_VALUE *) [DWARF: static -- no implicit `this`, do NOT add a leading self/object-pointer argument]	C:/hd25/kingdom2/yasui/libys/trapfield.cpp
00173008	_ZN2YS17trap_area_setjumpEP8BD_VALUE	sim-high	1	1		YS::trap_area_setjump(BD_VALUE *) [DWARF: static -- no implicit `this`, do NOT add a leading self/object-pointer argument]	C:/hd25/kingdom2/yasui/libys/trapfield.cpp
001730e0	_ZN2YS27trap_area_set_next_entranceEP8BD_VALUE	sim-sandwich	1	1		YS::trap_area_set_next_entrance(BD_VALUE *) [DWARF: static -- no implicit `this`, do NOT add a leading self/object-pointer argument]	C:/hd25/kingdom2/yasui/libys/trapfield.cpp
00173148	_ZN2YS23trap_area_set_return_trEP8BD_VALUE	sim-med	1	1		YS::trap_area_set_return_tr(BD_VALUE *) [DWARF: static -- no implicit `this`, do NOT add a leading self/object-pointer argument]	C:/hd25/kingdom2/yasui/libys/trapfield.cpp
00173348	_ZN2YS18trap_bg_get_normalEP8BD_VALUE	med	1	1		YS::trap_bg_get_normal(BD_VALUE *) [DWARF: static -- no implicit `this`, do NOT add a leading self/object-pointer argument]	C:/hd25/kingdom2/yasui/libys/trapfield.cpp
001733f8	_ZN2YS30trap_bg_set_belt_conveyor_taskEP4TASK	med	1	1		YS::trap_bg_set_belt_conveyor_task(TASK *) [DWARF: static -- no implicit `this`, do NOT add a leading self/object-pointer argument]	C:/hd25/kingdom2/yasui/libys/trapfield.cpp
00173518	_ZN2YS26trap_bg_set_uvscroll_speedEP8BD_VALUE	sim-med	1	1		YS::trap_bg_set_uvscroll_speed(BD_VALUE *) [DWARF: static -- no implicit `this`, do NOT add a leading self/object-pointer argument]	C:/hd25/kingdom2/yasui/libys/trapfield.cpp
00173558	_ZN2YS22trap_bg_get_random_posEP8BD_VALUE	med	1	1		YS::trap_bg_get_random_pos(BD_VALUE *) [DWARF: static -- no implicit `this`, do NOT add a leading self/object-pointer argument]	C:/hd25/kingdom2/yasui/libys/trapfield.cpp
001735b0	_ZN2YS26trap_bg_get_random_pos_airEP8BD_VALUE	med	1	1		YS::trap_bg_get_random_pos_air(BD_VALUE *) [DWARF: static -- no implicit `this`, do NOT add a leading self/object-pointer argument]	C:/hd25/kingdom2/yasui/libys/trapfield.cpp
00173630	_ZN2YS16trap_signal_callEP8BD_VALUE	sim-gap-med	1	1		YS::trap_signal_call(BD_VALUE *) [DWARF: static -- no implicit `this`, do NOT add a leading self/object-pointer argument]	C:/hd25/kingdom2/yasui/libys/trapfield.cpp
00173698	_ZN2YS21method_obj_is_cullingEP8BD_VALUE	med	1	1		YS::method_obj_is_culling(BD_VALUE *) [DWARF: static -- no implicit `this`, do NOT add a leading self/object-pointer argument]	C:/hd25/kingdom2/yasui/libys/trapfield.cpp
0017373c	_ZN2YS27method_obj_enable_collisionEP8BD_VALUE	sim-rerun2-med	1	1		YS::method_obj_enable_collision(BD_VALUE *) [DWARF: static -- no implicit `this`, do NOT add a leading self/object-pointer argument]	C:/hd25/kingdom2/yasui/libys/trapfield.cpp
00173808	_ZN2YS12trap_obj_flyEP8BD_VALUE	sim-med	1	1		YS::trap_obj_fly(BD_VALUE *) [DWARF: static -- no implicit `this`, do NOT add a leading self/object-pointer argument]	C:/hd25/kingdom2/yasui/libys/trapfield.cpp
00173840	_ZN2YS15trap_obj_is_flyEP8BD_VALUE	sim-sandwich	1	1		YS::trap_obj_is_fly(BD_VALUE *) [DWARF: static -- no implicit `this`, do NOT add a leading self/object-pointer argument]	C:/hd25/kingdom2/yasui/libys/trapfield.cpp
00173878	_ZN2YS15trap_obj_is_airEP8BD_VALUE	sim-high	1	1		YS::trap_obj_is_air(BD_VALUE *) [DWARF: static -- no implicit `this`, do NOT add a leading self/object-pointer argument]	C:/hd25/kingdom2/yasui/libys/trapfield.cpp
00173918	_ZN2YS18trap_obj_get_movedEP8BD_VALUE	sim-sandwich	1	1		YS::trap_obj_get_moved(BD_VALUE *) [DWARF: static -- no implicit `this`, do NOT add a leading self/object-pointer argument]	C:/hd25/kingdom2/yasui/libys/trapfield.cpp
001739b8	_ZN2YS26trap_obj_get_wish_movementEP8BD_VALUE	sim-sib-med	1	1		YS::trap_obj_get_wish_movement(BD_VALUE *) [DWARF: static -- no implicit `this`, do NOT add a leading self/object-pointer argument]	C:/hd25/kingdom2/yasui/libys/trapfield.cpp
00173ad0	_ZN2YS24trap_obj_motion_get_timeEP8BD_VALUE	sim-sib-med	1	1		YS::trap_obj_motion_get_time(BD_VALUE *) [DWARF: static -- no implicit `this`, do NOT add a leading self/object-pointer argument]	C:/hd25/kingdom2/yasui/libys/trapfield.cpp
00173bc0	_ZN2YS22trap_obj_motion_unhookEP8BD_VALUE	sim-sib-med	1	1		YS::trap_obj_motion_unhook(BD_VALUE *) [DWARF: static -- no implicit `this`, do NOT add a leading self/object-pointer argument]	C:/hd25/kingdom2/yasui/libys/trapfield.cpp
00173ce8	_ZN2YS26trap_obj_apply_bone_matrixEP8BD_VALUE	sim-med	1	1		YS::trap_obj_apply_bone_matrix(BD_VALUE *) [DWARF: static -- no implicit `this`, do NOT add a leading self/object-pointer argument]	C:/hd25/kingdom2/yasui/libys/trapfield.cpp
00173dc0	_ZN2YS19trap_obj_target_posEP8BD_VALUE	sim-med	1	1		YS::trap_obj_target_pos(BD_VALUE *) [DWARF: static -- no implicit `this`, do NOT add a leading self/object-pointer argument]	C:/hd25/kingdom2/yasui/libys/trapfield.cpp
00173e10	_ZN2YS21trap_obj_move_requestEP8BD_VALUE	sim-sandwich	1	1		YS::trap_obj_move_request(BD_VALUE *) [DWARF: static -- no implicit `this`, do NOT add a leading self/object-pointer argument]	C:/hd25/kingdom2/yasui/libys/trapfield.cpp
00173f08	_ZN2YS17trap_obj_step_posEP8BD_VALUE	sim-high	1	1		YS::trap_obj_step_pos(BD_VALUE *) [DWARF: static -- no implicit `this`, do NOT add a leading self/object-pointer argument]	C:/hd25/kingdom2/yasui/libys/trapfield.cpp
00173f68	_ZN2YS21trap_obj_float_heightEP8BD_VALUE	sim-high	1	1		YS::trap_obj_float_height(BD_VALUE *) [DWARF: static -- no implicit `this`, do NOT add a leading self/object-pointer argument]	C:/hd25/kingdom2/yasui/libys/trapfield.cpp
00174040	_ZN2YS24trap_obj_shadow_move_endEP8BD_VALUE	sim-sib-med	1	1		YS::trap_obj_shadow_move_end(BD_VALUE *) [DWARF: static -- no implicit `this`, do NOT add a leading self/object-pointer argument]	C:/hd25/kingdom2/yasui/libys/trapfield.cpp
00174060	_ZN2YS22trap_signal_reserve_hpEP8BD_VALUE	sim-sib-med	1	1		YS::trap_signal_reserve_hp(BD_VALUE *) [DWARF: static -- no implicit `this`, do NOT add a leading self/object-pointer argument]	C:/hd25/kingdom2/yasui/libys/trapfield.cpp
00174090	_ZN2YS26trap_signal_reserve_min_hpEP8BD_VALUE	sim-sib-med	1	1		YS::trap_signal_reserve_min_hp(BD_VALUE *) [DWARF: static -- no implicit `this`, do NOT add a leading self/object-pointer argument]	C:/hd25/kingdom2/yasui/libys/trapfield.cpp
00174168	_ZN2YS21trap_obj_set_movementEP8BD_VALUE	sim-sandwich	1	1		YS::trap_obj_set_movement(BD_VALUE *) [DWARF: static -- no implicit `this`, do NOT add a leading self/object-pointer argument]	C:/hd25/kingdom2/yasui/libys/trapfield.cpp
00174210	_ZN2YS28trap_player_capture_form_endEP8BD_VALUE	med	1	1		YS::trap_player_capture_form_end(BD_VALUE *) [DWARF: static -- no implicit `this`, do NOT add a leading self/object-pointer argument]	C:/hd25/kingdom2/yasui/libys/trapfield.cpp
00174278	_ZN2YS18trap_player_get_rcEP8BD_VALUE	sim-sib-med	1	1		YS::trap_player_get_rc(BD_VALUE *) [DWARF: static -- no implicit `this`, do NOT add a leading self/object-pointer argument]	C:/hd25/kingdom2/yasui/libys/trapfield.cpp
00174290	_ZN2YS18trap_player_lockonEP8BD_VALUE	med	1	1		YS::trap_player_lockon(BD_VALUE *) [DWARF: static -- no implicit `this`, do NOT add a leading self/object-pointer argument]	C:/hd25/kingdom2/yasui/libys/trapfield.cpp
00174310	_ZN2YS21trap_command_overrideEP8BD_VALUE	sim-high	1	1		YS::trap_command_override(BD_VALUE *) [DWARF: static -- no implicit `this`, do NOT add a leading self/object-pointer argument]	C:/hd25/kingdom2/yasui/libys/trapfield.cpp
001743e0	_ZN2YS24trap_command_enable_itemEP8BD_VALUE	sim-sandwich	1	1		YS::trap_command_enable_item(BD_VALUE *) [DWARF: static -- no implicit `this`, do NOT add a leading self/object-pointer argument]	C:/hd25/kingdom2/yasui/libys/trapfield.cpp
001744e0	_ZN2YS25trap_command_enable_groupEP8BD_VALUE	sim-sib-high	1	1		YS::trap_command_enable_group(BD_VALUE *) [DWARF: static -- no implicit `this`, do NOT add a leading self/object-pointer argument]	C:/hd25/kingdom2/yasui/libys/trapfield.cpp
00174518	_ZN2YS19trap_obj_check_stepEP8BD_VALUE	med	1	1		YS::trap_obj_check_step(BD_VALUE *) [DWARF: static -- no implicit `this`, do NOT add a leading self/object-pointer argument]	C:/hd25/kingdom2/yasui/libys/trapfield.cpp
001746b0	_ZN2YS18trap_target_attackEP8BD_VALUE	sim-sib-med	1	1		YS::trap_target_attack(BD_VALUE *) [DWARF: static -- no implicit `this`, do NOT add a leading self/object-pointer argument]	C:/hd25/kingdom2/yasui/libys/trapfield.cpp
001746f8	_ZN2YS21trap_obj_is_entry_flyEP8BD_VALUE	sim-med	1	1		YS::trap_obj_is_entry_fly(BD_VALUE *) [DWARF: static -- no implicit `this`, do NOT add a leading self/object-pointer argument]	C:/hd25/kingdom2/yasui/libys/trapfield.cpp
00174728	_ZN2YS23trap_obj_tex_fade_startEP8BD_VALUE	sim-sandwich	1	1		YS::trap_obj_tex_fade_start(BD_VALUE *) [DWARF: static -- no implicit `this`, do NOT add a leading self/object-pointer argument]	C:/hd25/kingdom2/yasui/libys/trapfield.cpp
00174758	_ZN2YS18trap_event_is_execEP8BD_VALUE	sim-med	1	1		YS::trap_event_is_exec(BD_VALUE *) [DWARF: static -- no implicit `this`, do NOT add a leading self/object-pointer argument]	C:/hd25/kingdom2/yasui/libys/trapfield.cpp
001747c0	_ZN2YS21trap_event_control_onEP8BD_VALUE	sim-sib-high	1	1		YS::trap_event_control_on(BD_VALUE *) [DWARF: static -- no implicit `this`, do NOT add a leading self/object-pointer argument]	C:/hd25/kingdom2/yasui/libys/trapfield.cpp
001747d4	_ZN2YS20trap_event_layer_offEP8BD_VALUE	sim-gap-high	1	1		YS::trap_event_layer_off(BD_VALUE *) [DWARF: static -- no implicit `this`, do NOT add a leading self/object-pointer argument]	C:/hd25/kingdom2/yasui/libys/trapfield.cpp
001747f4	_ZN2YS19trap_event_layer_onEP8BD_VALUE	sim-gap-high	1	1		YS::trap_event_layer_on(BD_VALUE *) [DWARF: static -- no implicit `this`, do NOT add a leading self/object-pointer argument]	C:/hd25/kingdom2/yasui/libys/trapfield.cpp
00174814	_ZN2YS14trap_pax_startEP8BD_VALUE	sim-sib-med	1	1		YS::trap_pax_start(BD_VALUE *) [DWARF: static -- no implicit `this`, do NOT add a leading self/object-pointer argument]	C:/hd25/kingdom2/yasui/libys/trapfield.cpp
00174858	_ZN2YS19trap_pax_start_bindEP8BD_VALUE	sim-sib-med	1	1		YS::trap_pax_start_bind(BD_VALUE *) [DWARF: static -- no implicit `this`, do NOT add a leading self/object-pointer argument]	C:/hd25/kingdom2/yasui/libys/trapfield.cpp
001748c8	_ZN2YS29trap_status_secure_mode_startEP8BD_VALUE	sim-sib-high	1	1		YS::trap_status_secure_mode_start(BD_VALUE *) [DWARF: static -- no implicit `this`, do NOT add a leading self/object-pointer argument]	C:/hd25/kingdom2/yasui/libys/trapfield.cpp
00174970	_ZN2YS29trap_status_force_leave_startEP8BD_VALUE	sim-med	1	1		YS::trap_status_force_leave_start(BD_VALUE *) [DWARF: static -- no implicit `this`, do NOT add a leading self/object-pointer argument]	C:/hd25/kingdom2/yasui/libys/trapfield.cpp
00174a10	_ZN2YS30trap_status_begin_free_abilityEP8BD_VALUE	sim-med	1	1		YS::trap_status_begin_free_ability(BD_VALUE *) [DWARF: static -- no implicit `this`, do NOT add a leading self/object-pointer argument]	C:/hd25/kingdom2/yasui/libys/trapfield.cpp
00174a28	_ZN2YS28trap_status_end_free_abilityEP8BD_VALUE	sim-sandwich	1	1		YS::trap_status_end_free_ability(BD_VALUE *) [DWARF: static -- no implicit `this`, do NOT add a leading self/object-pointer argument]	C:/hd25/kingdom2/yasui/libys/trapfield.cpp
00174a40	_ZN2YS23trap_status_no_gameoverEP8BD_VALUE	sim-sandwich	1	1		YS::trap_status_no_gameover(BD_VALUE *) [DWARF: static -- no implicit `this`, do NOT add a leading self/object-pointer argument]	C:/hd25/kingdom2/yasui/libys/trapfield.cpp
00174a58	_ZN2YS30trap_status_close_pete_curtainEP8BD_VALUE	sim-sandwich	1	1		YS::trap_status_close_pete_curtain(BD_VALUE *) [DWARF: static -- no implicit `this`, do NOT add a leading self/object-pointer argument]	C:/hd25/kingdom2/yasui/libys/trapfield.cpp
00174a70	_ZN2YS29trap_status_open_pete_curtainEP8BD_VALUE	sim-sandwich	1	1		YS::trap_status_open_pete_curtain(BD_VALUE *) [DWARF: static -- no implicit `this`, do NOT add a leading self/object-pointer argument]	C:/hd25/kingdom2/yasui/libys/trapfield.cpp
00174ac0	_ZN2YS19trap_light_set_flagEP8BD_VALUE	sim-sandwich	1	1		YS::trap_light_set_flag(BD_VALUE *) [DWARF: static -- no implicit `this`, do NOT add a leading self/object-pointer argument]	C:/hd25/kingdom2/yasui/libys/trapfield.cpp
00174af8	_ZN2YS20trap_light_set_colorEP8BD_VALUE	sim-med	1	1		YS::trap_light_set_color(BD_VALUE *) [DWARF: static -- no implicit `this`, do NOT add a leading self/object-pointer argument]	C:/hd25/kingdom2/yasui/libys/trapfield.cpp
00174b28	_ZN2YS18trap_light_fadeoutEP8BD_VALUE	sim-sib-med	1	1		YS::trap_light_fadeout(BD_VALUE *) [DWARF: static -- no implicit `this`, do NOT add a leading self/object-pointer argument]	C:/hd25/kingdom2/yasui/libys/trapfield.cpp
00174b48	_ZN2YS23trap_light_set_fog_nearEP8BD_VALUE	sim-sib-high	1	1		YS::trap_light_set_fog_near(BD_VALUE *) [DWARF: static -- no implicit `this`, do NOT add a leading self/object-pointer argument]	C:/hd25/kingdom2/yasui/libys/trapfield.cpp
00174b58	_ZN2YS22trap_light_set_fog_farEP8BD_VALUE	sim-sib-high	1	1		YS::trap_light_set_fog_far(BD_VALUE *) [DWARF: static -- no implicit `this`, do NOT add a leading self/object-pointer argument]	C:/hd25/kingdom2/yasui/libys/trapfield.cpp
00174b68	_ZN2YS22trap_light_set_fog_minEP8BD_VALUE	sim-sib-high	1	1		YS::trap_light_set_fog_min(BD_VALUE *) [DWARF: static -- no implicit `this`, do NOT add a leading self/object-pointer argument]	C:/hd25/kingdom2/yasui/libys/trapfield.cpp
00174b78	_ZN2YS22trap_light_set_fog_maxEP8BD_VALUE	sim-sib-high	1	1		YS::trap_light_set_fog_max(BD_VALUE *) [DWARF: static -- no implicit `this`, do NOT add a leading self/object-pointer argument]	C:/hd25/kingdom2/yasui/libys/trapfield.cpp
00174b88	_ZN2YS17trap_light_fadeinEP8BD_VALUE	sim-sib-med	1	1		YS::trap_light_fadein(BD_VALUE *) [DWARF: static -- no implicit `this`, do NOT add a leading self/object-pointer argument]	C:/hd25/kingdom2/yasui/libys/trapfield.cpp
00174d18	_ZN2YS23trap_camera_begin_scopeEP8BD_VALUE	sim-med	1	1		YS::trap_camera_begin_scope(BD_VALUE *) [DWARF: static -- no implicit `this`, do NOT add a leading self/object-pointer argument]	C:/hd25/kingdom2/yasui/libys/trapfield.cpp
00174d50	_ZN2YS15trap_camera_eyeEP8BD_VALUE	sim-high	1	1		YS::trap_camera_eye(BD_VALUE *) [DWARF: static -- no implicit `this`, do NOT add a leading self/object-pointer argument]	C:/hd25/kingdom2/yasui/libys/trapfield.cpp
00174e10	_ZN2YS32trap_camera_set_scope_target_posEP8BD_VALUE	sim-sandwich	1	1		YS::trap_camera_set_scope_target_pos(BD_VALUE *) [DWARF: static -- no implicit `this`, do NOT add a leading self/object-pointer argument]	C:/hd25/kingdom2/yasui/libys/trapfield.cpp
00174e38	_ZN2YS30trap_camera_get_projection_posEP8BD_VALUE	sim-med	1	1		YS::trap_camera_get_projection_pos(BD_VALUE *) [DWARF: static -- no implicit `this`, do NOT add a leading self/object-pointer argument]	C:/hd25/kingdom2/yasui/libys/trapfield.cpp
00174ff0	_ZN2YS17trap_sheet_min_hpEP8BD_VALUE	sim-sib-med	1	1		YS::trap_sheet_min_hp(BD_VALUE *) [DWARF: static -- no implicit `this`, do NOT add a leading self/object-pointer argument]	C:/hd25/kingdom2/yasui/libys/trapfield.cpp
00175048	_ZN2YS17trap_sheet_set_hpEP8BD_VALUE	sim-sandwich	1	1		YS::trap_sheet_set_hp(BD_VALUE *) [DWARF: static -- no implicit `this`, do NOT add a leading self/object-pointer argument]	C:/hd25/kingdom2/yasui/libys/trapfield.cpp
00175090	_ZN2YS21trap_sheet_set_min_hpEP8BD_VALUE	sim-sandwich	1	1		YS::trap_sheet_set_min_hp(BD_VALUE *) [DWARF: static -- no implicit `this`, do NOT add a leading self/object-pointer argument]	C:/hd25/kingdom2/yasui/libys/trapfield.cpp
00175108	_ZN2YS27trap_sheet_set_element_rateEP8BD_VALUE	sim-sandwich	1	1		YS::trap_sheet_set_element_rate(BD_VALUE *) [DWARF: static -- no implicit `this`, do NOT add a leading self/object-pointer argument]	C:/hd25/kingdom2/yasui/libys/trapfield.cpp
00175130	_ZN2YS26trap_sheet_set_prize_rangeEP8BD_VALUE	sim-med	1	1		YS::trap_sheet_set_prize_range(BD_VALUE *) [DWARF: static -- no implicit `this`, do NOT add a leading self/object-pointer argument]	C:/hd25/kingdom2/yasui/libys/trapfield.cpp
00175140	_ZN2YS31trap_sheet_set_hitback_additionEP8BD_VALUE	sim-med	1	1		YS::trap_sheet_set_hitback_addition(BD_VALUE *) [DWARF: static -- no implicit `this`, do NOT add a leading self/object-pointer argument]	C:/hd25/kingdom2/yasui/libys/trapfield.cpp
00175260	_ZN2YS20trap_prize_return_caEP8BD_VALUE	med	1	1		YS::trap_prize_return_ca(BD_VALUE *) [DWARF: static -- no implicit `this`, do NOT add a leading self/object-pointer argument]	C:/hd25/kingdom2/yasui/libys/trapfield.cpp
001752e0	_ZN2YS26trap_prize_vacuum_range_caEP8BD_VALUE	med	1	1		YS::trap_prize_vacuum_range_ca(BD_VALUE *) [DWARF: static -- no implicit `this`, do NOT add a leading self/object-pointer argument]	C:/hd25/kingdom2/yasui/libys/trapfield.cpp
00175328	_ZN2YS21trap_prize_appear_numEP8BD_VALUE	sim-sandwich	1	1		YS::trap_prize_appear_num(BD_VALUE *) [DWARF: static -- no implicit `this`, do NOT add a leading self/object-pointer argument]	C:/hd25/kingdom2/yasui/libys/trapfield.cpp
00175350	_ZN2YS24trap_prize_appear_xaldinEP8BD_VALUE	sim-sandwich	1	1		YS::trap_prize_appear_xaldin(BD_VALUE *) [DWARF: static -- no implicit `this`, do NOT add a leading self/object-pointer argument]	C:/hd25/kingdom2/yasui/libys/trapfield.cpp
00175370	_ZN2YS19trap_tutorial_pauseEP8BD_VALUE	high	1	1		YS::trap_tutorial_pause(BD_VALUE *) [DWARF: static -- no implicit `this`, do NOT add a leading self/object-pointer argument]	C:/hd25/kingdom2/yasui/libys/trapfield.cpp
001753e0	_ZN2YS18trap_tutorial_openEP8BD_VALUE	sim-high	1	1		YS::trap_tutorial_open(BD_VALUE *) [DWARF: static -- no implicit `this`, do NOT add a leading self/object-pointer argument]	C:/hd25/kingdom2/yasui/libys/trapfield.cpp
00175480	_ZN2YS20trap_picture_set_posEP8BD_VALUE	med	1	1		YS::trap_picture_set_pos(BD_VALUE *) [DWARF: static -- no implicit `this`, do NOT add a leading self/object-pointer argument]	C:/hd25/kingdom2/yasui/libys/trapfield.cpp
001754a8	_ZN2YS18trap_worldwork_getEP8BD_VALUE	sim-high	1	1		YS::trap_worldwork_get(BD_VALUE *) [DWARF: static -- no implicit `this`, do NOT add a leading self/object-pointer argument]	C:/hd25/kingdom2/yasui/libys/trapfield.cpp
00175790	_ZN2YS5PARTYC1EPKNS_8OBJENTRYEjRKN2kn7FVectorEf	sim-high	0	5		YS::PARTY::PARTY(YS::PARTY *, const YS::OBJENTRY *, u_int, const kn::FVector &, float)	C:/hd25/kingdom2/yasui/libys/party.cpp
00175928	_ZN2YS5PARTY14_OVR_leave_reqEv	med	0	1		YS::PARTY::_OVR_leave_req(YS::PARTY *)	C:/hd25/kingdom2/yasui/libys/party.cpp
001759f0	_ZN2YS5PARTY16_OVR_check_leaveEv	sim-med	0	1	bool	YS::PARTY::_OVR_check_leave(YS::PARTY *)	C:/hd25/kingdom2/yasui/libys/party.cpp
00175a70	_ZN2YS5PARTY10_OVR_leaveEv	sim-med	0	1		YS::PARTY::_OVR_leave(YS::PARTY *)	C:/hd25/kingdom2/yasui/libys/party.cpp
00175b68	_ZN2YS5PARTY14_OVR_post_execEv	high	0	1		YS::PARTY::_OVR_post_exec(YS::PARTY *)	C:/hd25/kingdom2/yasui/libys/party.cpp
00175c88	_ZN2YS5PARTY12exec_commandERNS_7COMMANDE	high	0	2	const YS::COMMAND_ELEM *	YS::PARTY::exec_command(YS::PARTY *, YS::COMMAND &)	C:/hd25/kingdom2/yasui/libys/party.cpp
00175f68	_ZN2YS5PARTY12ChangeWeaponEP4TASKiii	med	1	4		YS::PARTY::ChangeWeapon(TASK *, int, int, int) [DWARF: static -- no implicit `this`, do NOT add a leading self/object-pointer argument]	C:/hd25/kingdom2/yasui/libys/party.cpp
00176168	_ZN2YS5PARTY10set_weaponEji	med	0	3		YS::PARTY::set_weapon(YS::PARTY *, OBJENTRY_ID, int)	C:/hd25/kingdom2/yasui/libys/party.cpp
00176258	_ZN2YS5PARTY11have_weaponEv	sim-high	0	1	bool	YS::PARTY::have_weapon(YS::PARTY *)	C:/hd25/kingdom2/yasui/libys/party.cpp
001762f8	_ZN2YS5PARTY16_OVR_exec_damageEPNS_6DAMAGEE	high	0	2		YS::PARTY::_OVR_exec_damage(YS::PARTY *, YS::DAMAGE *)	C:/hd25/kingdom2/yasui/libys/party.cpp
00176458	_ZN2YS5PARTY17_OVR_exec_reflectEPNS_11ATTACK_WORKES2_	sim-high	0	3		YS::PARTY::_OVR_exec_reflect(YS::PARTY *, YS::ATTACK_WORK *, YS::ATTACK_WORK *)	C:/hd25/kingdom2/yasui/libys/party.cpp
00176620	_ZN2YS5PARTY20_OVR_exec_reflect_bgEPNS_6ATTACKE	med	0	2		YS::PARTY::_OVR_exec_reflect_bg(YS::PARTY *, YS::ATTACK *)	C:/hd25/kingdom2/yasui/libys/party.cpp
001767b8	_ZN2YS5PARTY12_OVR_abilityEv	sim-high	0	1	bool	YS::PARTY::_OVR_ability(YS::PARTY *)	C:/hd25/kingdom2/yasui/libys/party.cpp
00176818	_ZN2YS5PARTY9_OVR_fallEv	sim-high	0	1		YS::PARTY::_OVR_fall(YS::PARTY *)	C:/hd25/kingdom2/yasui/libys/party.cpp
00176868	_ZN2YS5PARTY16check_blow_recovERNS_7COMMANDE	sim-med	0	2	bool	YS::PARTY::check_blow_recov(YS::PARTY *, YS::COMMAND &)	C:/hd25/kingdom2/yasui/libys/party.cpp
00176970	_ZN2YS5PARTY10blow_recovEv	sim-high	0	1		YS::PARTY::blow_recov(YS::PARTY *)	C:/hd25/kingdom2/yasui/libys/party.cpp
00176a90	_ZN2YS5PARTY12_OVR_is_starEv	sim-high	0	1	bool	YS::PARTY::_OVR_is_star(YS::PARTY *)	C:/hd25/kingdom2/yasui/libys/party.cpp
00176b58	_ZN2YS5PARTY9GetByPartEi	high	1	1	YS::PARTY *	YS::PARTY::GetByPart(int) [DWARF: static -- no implicit `this`, do NOT add a leading self/object-pointer argument]	C:/hd25/kingdom2/yasui/libys/party.cpp
00176be0	_ZN2YS5PARTY11prize_recovEf	high	0	2		YS::PARTY::prize_recov(YS::PARTY *, float)	C:/hd25/kingdom2/yasui/libys/party.cpp
00176cd0	_ZN2YS5PARTY10_OVR_voiceEii	sim-high	0	3		YS::PARTY::_OVR_voice(YS::PARTY *, int, int)	C:/hd25/kingdom2/yasui/libys/party.cpp
00176dd8	_ZN2YS5PARTY9exec_itemEPKNS_12COMMAND_ELEMERNS_6TARGETEi	high	0	4		YS::PARTY::exec_item(YS::PARTY *, const YS::COMMAND_ELEM *, YS::TARGET &, int)	C:/hd25/kingdom2/yasui/libys/party.cpp
00176ec8	_ZN2YS5PARTY10_OVR__deadEv	med	0	1		YS::PARTY::_OVR__dead(YS::PARTY *)	C:/hd25/kingdom2/yasui/libys/party.cpp
00176f00	_ZN2YS5PARTY12exec_mpdriveEv	high	0	1		YS::PARTY::exec_mpdrive(YS::PARTY *)	C:/hd25/kingdom2/yasui/libys/party.cpp
00177008	_ZN2YS5PARTY11partyattackEPKNS_11PARTYATTACKERKNS_6TARGETE	med	0	3		YS::PARTY::partyattack(YS::PARTY *, const YS::PARTYATTACK *, const YS::TARGET &)	C:/hd25/kingdom2/yasui/libys/party.cpp
001774e0	_ZN2YS5PARTY9exec_hookEv	high	0	1	bool	YS::PARTY::exec_hook(YS::PARTY *)	C:/hd25/kingdom2/yasui/libys/party.cpp
001775f8	_ZN2YS5PARTY9show_hiltEv	sim-high	0	1		YS::PARTY::show_hilt(YS::PARTY *)	C:/hd25/kingdom2/yasui/libys/party.cpp
00177678	_ZN2YS5PARTY13_OVR_menu_outEv	sim-med	0	1		YS::PARTY::_OVR_menu_out(YS::PARTY *)	C:/hd25/kingdom2/yasui/libys/party.cpp
001776f8	_ZN2YS5PARTY12_OVR_menu_inEv	sim-med	0	1		YS::PARTY::_OVR_menu_in(YS::PARTY *)	C:/hd25/kingdom2/yasui/libys/party.cpp
00177760	_ZN2YS5PARTY20_OVR_attack_callbackEPNS_6BTLOBJEPNS_6ATTACKEPKNS_11ATTACKPARAME	med	0	4		YS::PARTY::_OVR_attack_callback(YS::PARTY *, YS::BTLOBJ *, YS::ATTACK *, const YS::ATTACKPARAM *)	C:/hd25/kingdom2/yasui/libys/party.cpp
001779d0	_ZN2YS5PARTY15_OVR_is_controlEv	med	0	1	bool	YS::PARTY::_OVR_is_control(YS::PARTY *)	C:/hd25/kingdom2/yasui/libys/party.cpp
00177a28	_ZN2YS5PARTY11reset_comboEv	med	0	1		YS::PARTY::reset_combo(YS::PARTY *)	C:/hd25/kingdom2/yasui/libys/party.cpp
00177c50	_ZN2YS5PARTY11_OVR_add_hpEiib	med	0	4	int	YS::PARTY::_OVR_add_hp(YS::PARTY *, int, int, bool)	C:/hd25/kingdom2/yasui/libys/party.cpp
00177f50	_ZN2YS6PLAYERC1EPKNS_8OBJENTRYEiPNS_3PADERKN2kn7FVectorEf	sim-high	0	6		YS::PLAYER::PLAYER(YS::PLAYER *, const YS::OBJENTRY *, int, YS::PAD *, const kn::FVector &, float)	C:/hd25/kingdom2/yasui/libys/player.cpp
001781e8	_ZN2YS3OBJ6VTABLEINS_6PLAYEREE9leave_reqEPS0_	sim-rerun2-med	0	2		YS::OBJ::VTABLE<YS::PLAYER>::leave_req(YS::OBJ::VTABLE<YS::PLAYER> *, YS::OBJ *)	C:/hd25/kingdom2/yasui/../yasui/libys/obj.h
00178280	_ZN2YS6PLAYER14_OVR_leave_reqEv	high	0	1		YS::PLAYER::_OVR_leave_req(YS::PLAYER *)	C:/hd25/kingdom2/yasui/libys/player.cpp
00178330	_ZN2YS6PLAYER13PadToMovementERKN2kn7FVectorE	med	1	1		YS::PLAYER::PadToMovement(const kn::FVector &) [DWARF: static -- no implicit `this`, do NOT add a leading self/object-pointer argument]	C:/hd25/kingdom2/yasui/libys/player.cpp
001784a8	_ZN2YS6PLAYER18_OVR_make_movementEv	sim-high	0	1		YS::PLAYER::_OVR_make_movement(YS::PLAYER *)	C:/hd25/kingdom2/yasui/libys/player.cpp
001785b8	_ZN2YS6PLAYER20make_movement_carpetEv	sim-high	0	1		YS::PLAYER::make_movement_carpet(YS::PLAYER *)	C:/hd25/kingdom2/yasui/libys/player.cpp
00178758	_ZN2YS6PLAYER13_OVR_pre_execEv	high	0	1		YS::PLAYER::_OVR_pre_exec(YS::PLAYER *)	C:/hd25/kingdom2/yasui/libys/player.cpp
001788b8	_ZN2YS6PLAYER9_OVR_execEv	high	0	1		YS::PLAYER::_OVR_exec(YS::PLAYER *)	C:/hd25/kingdom2/yasui/libys/player.cpp
001789b8	_ZN2YS6PLAYER14_OVR_post_execEv	med	0	1		YS::PLAYER::_OVR_post_exec(YS::PLAYER *)	C:/hd25/kingdom2/yasui/libys/player.cpp
00178a50	_ZN2YS6PLAYER19exec_command_cameraEPKNS_12COMMAND_ELEME	med	0	2		YS::PLAYER::exec_command_camera(YS::PLAYER *, const YS::COMMAND_ELEM *)	C:/hd25/kingdom2/yasui/libys/player.cpp
00178ae8	_ZN2YS6PLAYER24_OVR_exec_command_playerEPKNS_12COMMAND_ELEME	sim-high	0	2		YS::PLAYER::_OVR_exec_command_player(YS::PLAYER *, const YS::COMMAND_ELEM *)	C:/hd25/kingdom2/yasui/libys/player.cpp
00178bf0	_ZN2YS6PLAYER21exec_reaction_commandEPKNS_12COMMAND_ELEME	med	0	2		YS::PLAYER::exec_reaction_command(YS::PLAYER *, const YS::COMMAND_ELEM *)	C:/hd25/kingdom2/yasui/libys/player.cpp
00178cf8	_ZN2YS6PLAYER9move_stopEv	high	0	1		YS::PLAYER::move_stop(YS::PLAYER *)	C:/hd25/kingdom2/yasui/libys/player.cpp
00178d28	_ZN2YS6PLAYER11_OVR_attackEv	med	0	1		YS::PLAYER::_OVR_attack(YS::PLAYER *)	C:/hd25/kingdom2/yasui/libys/player.cpp
00178e80	_ZN2YS6PLAYER12_OVR_abilityEv	med	0	1	bool	YS::PLAYER::_OVR_ability(YS::PLAYER *)	C:/hd25/kingdom2/yasui/libys/player.cpp
00178fe8	_ZN2YS6PLAYER14ability_attackEi	sim-high	0	2	bool	YS::PLAYER::ability_attack(YS::PLAYER *, int)	C:/hd25/kingdom2/yasui/libys/player.cpp
001790c0	_ZN2YS6PLAYER12_OVR_abilityEv	sim-rerun-med	0	1	bool	YS::PLAYER::_OVR_ability(YS::PLAYER *)	C:/hd25/kingdom2/yasui/libys/player.cpp
00179148	_ZN2YS6PLAYER16ability_airslideEv	med	0	1	bool	YS::PLAYER::ability_airslide(YS::PLAYER *)	C:/hd25/kingdom2/yasui/libys/player.cpp
001791e8	_ZN2YS6PLAYER20ability_airslide_subERKN2kn7FVectorE	med	0	2	bool	YS::PLAYER::ability_airslide_sub(YS::PLAYER *, const kn::FVector &)	C:/hd25/kingdom2/yasui/libys/player.cpp
00179308	_ZN2YS6PLAYER13ability_glideEv	med	0	1	bool	YS::PLAYER::ability_glide(YS::PLAYER *)	C:/hd25/kingdom2/yasui/libys/player.cpp
00179450	_ZN2YS6PLAYER14ability_lkdashEv	med	0	1	bool	YS::PLAYER::ability_lkdash(YS::PLAYER *)	C:/hd25/kingdom2/yasui/libys/player.cpp
00179530	_ZN2YS6PLAYER17ability_dodgerollEv	med	0	1	bool	YS::PLAYER::ability_dodgeroll(YS::PLAYER *)	C:/hd25/kingdom2/yasui/libys/player.cpp
00179648	_ZN2YS6PLAYER8savemenuEPNS_3OBJE	med	0	2		YS::PLAYER::savemenu(YS::PLAYER *, YS::OBJ *)	C:/hd25/kingdom2/yasui/libys/player.cpp
00179718	_ZN2YS6PLAYER19exec_barrier_effectEv	high	0	1		YS::PLAYER::exec_barrier_effect(YS::PLAYER *)	C:/hd25/kingdom2/yasui/libys/player.cpp
00179898	_ZN2YS6PLAYER17_OVR_exec_reflectEPNS_11ATTACK_WORKES2_	sim-med	0	3		YS::PLAYER::_OVR_exec_reflect(YS::PLAYER *, YS::ATTACK_WORK *, YS::ATTACK_WORK *)	C:/hd25/kingdom2/yasui/libys/player.cpp
001798d8	_ZN2YS6PLAYER20_OVR_attack_callbackEPNS_6BTLOBJEPNS_6ATTACKEPKNS_11ATTACKPARAME	med	0	4		YS::PLAYER::_OVR_attack_callback(YS::PLAYER *, YS::BTLOBJ *, YS::ATTACK *, const YS::ATTACKPARAM *)	C:/hd25/kingdom2/yasui/libys/player.cpp
00179a68	_ZN2YS6PLAYER9add_driveEf	high	0	2		YS::PLAYER::add_drive(YS::PLAYER *, float)	C:/hd25/kingdom2/yasui/libys/player.cpp
00179b68	_ZN2YS6PLAYER12_OVR_is_starEv	sim-med	0	1	bool	YS::PLAYER::_OVR_is_star(YS::PLAYER *)	C:/hd25/kingdom2/yasui/libys/player.cpp
00179be8	_ZN2YS6PLAYER8AreaInitEv	med	1	0		YS::PLAYER::AreaInit() [DWARF: static -- no implicit `this`, do NOT add a leading self/object-pointer argument]	C:/hd25/kingdom2/yasui/libys/player.cpp
00179cb8	_ZN2YS6PLAYER18exec_lkdash_effectEv	sim-high	0	1		YS::PLAYER::exec_lkdash_effect(YS::PLAYER *)	C:/hd25/kingdom2/yasui/libys/player.cpp
00179e18	_ZN2YS6PLAYER10_OVR__deadEv	med	0	1		YS::PLAYER::_OVR__dead(YS::PLAYER *)	C:/hd25/kingdom2/yasui/libys/player.cpp
00179fd0	_ZN2YS6PLAYER6AppearEPKNS_8OBJENTRYEiRKN2kn7FVectorEf	high	1	4	YS::PLAYER *	YS::PLAYER::Appear(const YS::OBJENTRY *, int, const kn::FVector &, float) [DWARF: static -- no implicit `this`, do NOT add a leading self/object-pointer argument]	C:/hd25/kingdom2/yasui/libys/player.cpp
0017a208	_ZN2YS6PLAYER25_OVR_exec_damage_reactionEPNS_6DAMAGEE	sim-vt-med	0	2		YS::PLAYER::_OVR_exec_damage_reaction(YS::PLAYER *, YS::DAMAGE *)	C:/hd25/kingdom2/yasui/libys/player.cpp
0017a230	_ZN2YS6PLAYER12_OVR_menu_inEv	sim-vt-med	0	1		YS::PLAYER::_OVR_menu_in(YS::PLAYER *)	C:/hd25/kingdom2/yasui/libys/player.cpp
0017a260	_ZN2YS6PLAYER13_OVR_menu_outEv	sim-vt-med	0	1		YS::PLAYER::_OVR_menu_out(YS::PLAYER *)	C:/hd25/kingdom2/yasui/libys/player.cpp
0017a298	_ZN2YS6PLAYER16_OVR_is_wish_dirEv	sim-med	0	1	bool	YS::PLAYER::_OVR_is_wish_dir(YS::PLAYER *)	C:/hd25/kingdom2/yasui/libys/player.cpp
0017a2d0	_ZN2YS6PLAYER18check_message_wallEv	high	0	1		YS::PLAYER::check_message_wall(YS::PLAYER *)	C:/hd25/kingdom2/yasui/libys/player.cpp
0017a418	_ZN2YS6PLAYER17set_command_phaseEi	med	0	2		YS::PLAYER::set_command_phase(YS::PLAYER *, int)	C:/hd25/kingdom2/yasui/libys/player.cpp
0017a480	_ZN2YS6PLAYER11_OVR_add_hpEiib	med	0	4	int	YS::PLAYER::_OVR_add_hp(YS::PLAYER *, int, int, bool)	C:/hd25/kingdom2/yasui/libys/player.cpp
0017a538	_ZN2YS6PLAYER11is_changingEv	high	0	1	bool	YS::PLAYER::is_changing(YS::PLAYER *)	C:/hd25/kingdom2/yasui/libys/player.cpp
0017a590	_ZN2YS6PLAYER10cast_magicEi	med	0	2		YS::PLAYER::cast_magic(YS::PLAYER *, int)	C:/hd25/kingdom2/yasui/libys/player.cpp
0017a600	_ZN2YS6PLAYER12lockon_magicEv	med	0	1		YS::PLAYER::lockon_magic(YS::PLAYER *)	C:/hd25/kingdom2/yasui/libys/player.cpp
0017a6c8	_ZN2YS6PLAYER15IsMotionCaptureEv	med	1	0	bool	YS::PLAYER::IsMotionCapture() [DWARF: static -- no implicit `this`, do NOT add a leading self/object-pointer argument]	C:/hd25/kingdom2/yasui/libys/player.cpp
0017a718	_ZN2YS6PLAYER10CheckCrownEv	sim-med	1	0		YS::PLAYER::CheckCrown() [DWARF: static -- no implicit `this`, do NOT add a leading self/object-pointer argument]	C:/hd25/kingdom2/yasui/libys/player.cpp
0017a8f8	_ZN2YS6ACTION4jumpEPNS_3OBJERKN2kn7FVectorE	sim-vt-med	0	3		YS::ACTION::jump(YS::ACTION *, YS::OBJ *, const kn::FVector &)	C:/hd25/kingdom2/yasui/libys/action.cpp
0017a938	_ZN2YS6ACTION11jump_heightEPNS_3OBJEf	sim-vt-med	0	3		YS::ACTION::jump_height(YS::ACTION *, YS::OBJ *, float)	C:/hd25/kingdom2/yasui/libys/action.cpp
0017a968	_ZN2YS6ACTION13calc_movementEPNS_3OBJE	sim-sandwich	0	2		YS::ACTION::calc_movement(YS::ACTION *, YS::OBJ *)	C:/hd25/kingdom2/yasui/libys/action.cpp
0017a9e8	_ZN2YS6ACTION4blowEPNS_3OBJE	sim-med	0	2		YS::ACTION::blow(YS::ACTION *, YS::OBJ *)	C:/hd25/kingdom2/yasui/libys/action.cpp
0017bf40	_ZN2YS7COMMAND5clearEv	high	0	1		YS::COMMAND::clear(YS::COMMAND *)	C:/hd25/kingdom2/yasui/libys/command.cpp
0017bfa0	_ZN2YS7COMMAND3setEiPKNS_6TARGETEPKNS_12COMMAND_ELEME	high	0	4		YS::COMMAND::set(YS::COMMAND *, int, const YS::TARGET *, const YS::COMMAND_ELEM *)	C:/hd25/kingdom2/yasui/libys/command.cpp
0017c0a0	_ZN2YS11ACTION_IDLE10party_jumpEPNS_3OBJEb	sim-med	0	3		YS::ACTION_IDLE::party_jump(YS::ACTION_IDLE *, YS::OBJ *, bool)	C:/hd25/kingdom2/yasui/libys/action_idle.cpp
0017c108	_ZN2YS11ACTION_IDLE13change_motionEPNS_3OBJEi	sim-high	0	3		YS::ACTION_IDLE::change_motion(YS::ACTION_IDLE *, YS::OBJ *, int)	C:/hd25/kingdom2/yasui/libys/action_idle.cpp
0017c160	_ZN2YS11ACTION_IDLE7controlEPNS_3OBJE	sim-high	0	2		YS::ACTION_IDLE::control(YS::ACTION_IDLE *, YS::OBJ *)	C:/hd25/kingdom2/yasui/libys/action_idle.cpp
0017c400	_ZN2YS3OBJ16set_prepare_jumpEi	sim-med	0	2		YS::OBJ::set_prepare_jump(YS::OBJ *, int)	C:/hd25/kingdom2/yasui/libys/action_jump.cpp
0017c430	_ZN2YS3OBJ19prepare_jump_heightEf	high	0	2		YS::OBJ::prepare_jump_height(YS::OBJ *, float)	C:/hd25/kingdom2/yasui/libys/action_jump.cpp
0017c4c8	_ZN2YS3OBJ12prepare_jumpERKN2kn7FVectorE	high	0	2		YS::OBJ::prepare_jump(YS::OBJ *, RCFVector)	C:/hd25/kingdom2/yasui/libys/action_jump.cpp
0017c578	_ZN2YS11ACTION_JUMP5startEPNS_3OBJE	sim-high	0	2		YS::ACTION_JUMP::start(YS::ACTION_JUMP *, YS::OBJ *)	C:/hd25/kingdom2/yasui/libys/action_jump.cpp
0017c930	_ZN2YS11ACTION_JUMP15calc_movement_yEPNS_3OBJE	sim-high	0	2	float	YS::ACTION_JUMP::calc_movement_y(YS::ACTION_JUMP *, YS::OBJ *)	C:/hd25/kingdom2/yasui/libys/action_jump.cpp
0017ca88	_ZN2YS11ACTION_JUMP7CanHoldEPNS_3OBJE	sim-med	0	2	bool	YS::ACTION_JUMP::CanHold(YS::ACTION_JUMP *, YS::OBJ *)	C:/hd25/kingdom2/yasui/libys/action_jump.cpp
0017cb48	_ZN2YS11ACTION_JUMP21is_change_fall_motionEPNS_3OBJE	sim-med	0	2	bool	YS::ACTION_JUMP::is_change_fall_motion(YS::ACTION_JUMP *, YS::OBJ *)	C:/hd25/kingdom2/yasui/libys/action_jump.cpp
0017cb78	_ZN2YS11ACTION_JUMP18change_fall_motionEPNS_3OBJE	sim-rerun-med	0	2		YS::ACTION_JUMP::change_fall_motion(YS::ACTION_JUMP *, YS::OBJ *)	C:/hd25/kingdom2/yasui/libys/action_jump.cpp
0017cbf8	_ZN2YS11ACTION_JUMP4fallEPNS_3OBJE	sim-rerun-high	0	2		YS::ACTION_JUMP::fall(YS::ACTION_JUMP *, YS::OBJ *)	C:/hd25/kingdom2/yasui/libys/action_jump.cpp
0017cc30	_ZN2YS11ACTION_JUMP5_landEPNS_3OBJENS_6ACTION2IDE	sim-high	0	3		YS::ACTION_JUMP::_land(YS::ACTION_JUMP *, YS::OBJ *, YS::ACTION::ID)	C:/hd25/kingdom2/yasui/libys/action_jump.cpp
0017cd08	_ZN2YS11ACTION_JUMP4landEPNS_3OBJE	sim-med	0	2		YS::ACTION_JUMP::land(YS::ACTION_JUMP *, YS::OBJ *)	C:/hd25/kingdom2/yasui/libys/action_jump.cpp
0017cd20	_ZN2YS11ACTION_JUMP10party_jumpEPNS_3OBJEb	sim-high	0	3		YS::ACTION_JUMP::party_jump(YS::ACTION_JUMP *, YS::OBJ *, bool)	C:/hd25/kingdom2/yasui/libys/action_jump.cpp
0017ce80	_ZN2YS4MATH10TurnRadianEfff	med	1	3	float	YS::MATH::TurnRadian(float, float, float) [DWARF: static -- no implicit `this`, do NOT add a leading self/object-pointer argument]	C:/hd25/kingdom2/yasui/libys/ys_math.cpp
0017cf00	_ZN2YS4MATH12GetScreenPosERKN2kn7FVectorE	high	1	1		YS::MATH::GetScreenPos(const kn::FVector &) [DWARF: static -- no implicit `this`, do NOT add a leading self/object-pointer argument]	C:/hd25/kingdom2/yasui/libys/ys_math.cpp
0017d050	_ZN2YS4MATH13VectorToAngleERKN2kn7FVectorE	high	1	1		YS::MATH::VectorToAngle(const kn::FVector &) [DWARF: static -- no implicit `this`, do NOT add a leading self/object-pointer argument]	C:/hd25/kingdom2/yasui/libys/ys_math.cpp
0017d130	_ZN2YS4MATH18JumpHeightToUpTimeEf	med	1	1	float	YS::MATH::JumpHeightToUpTime(float) [DWARF: static -- no implicit `this`, do NOT add a leading self/object-pointer argument]	C:/hd25/kingdom2/yasui/libys/ys_math.cpp
0017d160	_ZN2YS4MATH11VectorAngleERKN2kn7FVectorES4_	high	1	2	float	YS::MATH::VectorAngle(const kn::FVector &, const kn::FVector &) [DWARF: static -- no implicit `this`, do NOT add a leading self/object-pointer argument]	C:/hd25/kingdom2/yasui/libys/ys_math.cpp
0017d538	_ZN2YS4MATH10VectorRotYERKN2kn7FVectorEf	high	1	2		YS::MATH::VectorRotY(const kn::FVector &, float) [DWARF: static -- no implicit `this`, do NOT add a leading self/object-pointer argument]	C:/hd25/kingdom2/yasui/libys/ys_math.cpp
0017d5e8	_ZN2YS4MATH10VectorRotXERKN2kn7FVectorEf	sim-rerun2-high	1	2		YS::MATH::VectorRotX(const kn::FVector &, float) [DWARF: static -- no implicit `this`, do NOT add a leading self/object-pointer argument]	C:/hd25/kingdom2/yasui/libys/ys_math.cpp
0017d698	_ZN2YS4MATH9VectorRotERKN2kn7FVectorES4_f	sim-rerun2-med	1	3		YS::MATH::VectorRot(const kn::FVector &, const kn::FVector &, float) [DWARF: static -- no implicit `this`, do NOT add a leading self/object-pointer argument]	C:/hd25/kingdom2/yasui/libys/ys_math.cpp
0017d748	_ZN2YS4MATH7Bezier4EPKN2kn7FVectorEf	sim-rerun-high	1	2		YS::MATH::Bezier4(const kn::FVector *, float) [DWARF: static -- no implicit `this`, do NOT add a leading self/object-pointer argument]	C:/hd25/kingdom2/yasui/libys/ys_math.cpp
0017d8c0	_ZN2YS4MATH10MakeMatrixERKN2kn7FVectorES4_	sim-sib-med	1	2		YS::MATH::MakeMatrix(const kn::FVector &, const kn::FVector &) [DWARF: static -- no implicit `this`, do NOT add a leading self/object-pointer argument]	C:/hd25/kingdom2/yasui/libys/ys_math.cpp
0017d930	_ZN2YS4MATH9GetFigureEi	sim-sib-med	1	1	int	YS::MATH::GetFigure(int) [DWARF: static -- no implicit `this`, do NOT add a leading self/object-pointer argument]	C:/hd25/kingdom2/yasui/libys/ys_math.cpp
0017da90	_ZN2YS6FRIENDC1EPKNS_8OBJENTRYERKN2kn7FVectorEf	sim-high	0	4		YS::FRIEND::FRIEND(YS::FRIEND *, const YS::OBJENTRY *, const kn::FVector &, float)	C:/hd25/kingdom2/yasui/libys/friend.cpp
0017dbb8	_ZN2YS6FRIEND15_OVR_initializeEv	sim-high	0	1		YS::FRIEND::_OVR_initialize(YS::FRIEND *)	C:/hd25/kingdom2/yasui/libys/friend.cpp
0017dc08	_ZN2YS6FRIEND13_OVR__destroyEv	sim-med	0	1		YS::FRIEND::_OVR__destroy(YS::FRIEND *)	C:/hd25/kingdom2/yasui/libys/friend.cpp
0017dc38	_ZN2YS6FRIEND14_OVR_leave_reqEv	med	0	1		YS::FRIEND::_OVR_leave_req(YS::FRIEND *)	C:/hd25/kingdom2/yasui/libys/friend.cpp
0017dcc0	_ZN2YS6FRIEND9exec_stunEv	high	0	1		YS::FRIEND::exec_stun(YS::FRIEND *)	C:/hd25/kingdom2/yasui/libys/friend.cpp
0017dee8	_ZN2YS6FRIEND7attack_Ev	sim-high	0	1		YS::FRIEND::attack_(YS::FRIEND *)	C:/hd25/kingdom2/yasui/libys/friend.cpp
0017dfc8	_ZN2YS6FRIEND14GetMenuEntryIdEi	med	1	1	OBJENTRY_ID	YS::FRIEND::GetMenuEntryId(int) [DWARF: static -- no implicit `this`, do NOT add a leading self/object-pointer argument]	C:/hd25/kingdom2/yasui/libys/friend.cpp
0017e030	_ZN2YS6FRIEND16_OVR_exec_damageEPNS_6DAMAGEE	med	0	2		YS::FRIEND::_OVR_exec_damage(YS::FRIEND *, YS::DAMAGE *)	C:/hd25/kingdom2/yasui/libys/friend.cpp
0017e138	_ZN2YS6FRIEND10stun_recovEi	med	0	2	int	YS::FRIEND::stun_recov(YS::FRIEND *, int)	C:/hd25/kingdom2/yasui/libys/friend.cpp
0017e210	_ZN2YS6FRIEND18_OVR_force_destroyEv	sim-med	0	1		YS::FRIEND::_OVR_force_destroy(YS::FRIEND *)	C:/hd25/kingdom2/yasui/libys/friend.cpp
0017e280	_ZN2YS6FRIEND19can_sacrifice_leaveEv	high	0	1	bool	YS::FRIEND::can_sacrifice_leave(YS::FRIEND *)	C:/hd25/kingdom2/yasui/libys/friend.cpp
0017e358	_ZN2YS6FRIEND13can_sacrificeEv	med	0	1	bool	YS::FRIEND::can_sacrifice(YS::FRIEND *)	C:/hd25/kingdom2/yasui/libys/friend.cpp
0017e418	_ZN2YS6FRIEND6AppearEPKNS_8OBJENTRYERKN2kn7FVectorEf	high	1	3	YS::FRIEND *	YS::FRIEND::Appear(const YS::OBJENTRY *, const kn::FVector &, float) [DWARF: static -- no implicit `this`, do NOT add a leading self/object-pointer argument]	C:/hd25/kingdom2/yasui/libys/friend.cpp
0017e4f8	_ZN2YS6FRIEND16AppearNearPlayerEjPN2kn7FVectorEfff	med	1	5	YS::FRIEND *	YS::FRIEND::AppearNearPlayer(OBJENTRY_ID, kn::FVector *, float, float, float) [DWARF: static -- no implicit `this`, do NOT add a leading self/object-pointer argument]	C:/hd25/kingdom2/yasui/libys/friend.cpp
0017e720	_ZN2YS6FRIEND8AutoHealEv	med	1	0		YS::FRIEND::AutoHeal() [DWARF: static -- no implicit `this`, do NOT add a leading self/object-pointer argument]	C:/hd25/kingdom2/yasui/libys/friend.cpp
0017e858	_ZN2YS6MOTIONC1EPNS_3OBJE	sim-med	0	2		YS::MOTION::MOTION(YS::MOTION *, YS::OBJ *)	C:/hd25/kingdom2/yasui/libys/motion.cpp
0017ebc8	_ZNK2YS9MOTIONSET6is_rawEv	sim-rerun2-med	0	1	bool	YS::MOTIONSET::is_raw(const YS::MOTIONSET *)	C:/hd25/kingdom2/yasui/libys/motionset.cpp
0017ebf0	_ZN2YS6MOTION9free_msetEv	sim-med	0	1		YS::MOTION::free_mset(YS::MOTION *)	C:/hd25/kingdom2/yasui/libys/motion.cpp
0017ec98	_ZN2YS6MOTION9id_to_numEi	sim-high	0	2	int	YS::MOTION::id_to_num(YS::MOTION *, int)	C:/hd25/kingdom2/yasui/libys/motion.cpp
0017edf0	_ZN2YS6MOTION8start_idEiff	sim-med	0	4	bool	YS::MOTION::start_id(YS::MOTION *, int, float, float)	C:/hd25/kingdom2/yasui/libys/motion.cpp
0017ee68	_ZN2YS6MOTIOND1Ev	sim-high	0	1		YS::MOTION::~MOTION(YS::MOTION *)	C:/hd25/kingdom2/yasui/libys/motion.cpp
0017eee8	_ZN2YS6MOTION11start_blendEff	med	0	3		YS::MOTION::start_blend(YS::MOTION *, float, float)	C:/hd25/kingdom2/yasui/libys/motion.cpp
0017efa0	_ZN2YS6MOTION12start_motionEPNS_6BINARCEff	high	0	4	bool	YS::MOTION::start_motion(YS::MOTION *, YS::BINARC *, float, float)	C:/hd25/kingdom2/yasui/libys/motion.cpp
0017f380	_ZN2YS6MOTION11clear_queueEv	high	0	1		YS::MOTION::clear_queue(YS::MOTION *)	C:/hd25/kingdom2/yasui/libys/motion.cpp
0017f3d8	_ZN2YS6MOTION10push_queueEiffPFvPNS_3OBJEE	sim-sib-med	0	5	YS::MOTION::QUEUE &	YS::MOTION::push_queue(YS::MOTION *, int, float, float, void (*)(YS::OBJ *))	C:/hd25/kingdom2/yasui/libys/motion.cpp
0017f488	_ZN2YS6MOTION5startEiff	med	0	4		YS::MOTION::start(YS::MOTION *, int, float, float)	C:/hd25/kingdom2/yasui/libys/motion.cpp
0017f4e0	_ZN2YS6MOTION9is_changeEi	sim-med	0	2	bool	YS::MOTION::is_change(YS::MOTION *, int)	C:/hd25/kingdom2/yasui/libys/motion.cpp
0017f5f8	_ZN2YS6MOTION9cont_pushEiffPFvPNS_3OBJEE	med	0	5		YS::MOTION::cont_push(YS::MOTION *, int, float, float, void (*)(YS::OBJ *))	C:/hd25/kingdom2/yasui/libys/motion.cpp
0017f620	_ZN2YS6MOTION8add_timeEf	sim-high	0	2		YS::MOTION::add_time(YS::MOTION *, float)	C:/hd25/kingdom2/yasui/libys/motion.cpp
0017f938	_ZN2YS6MOTION4execEv	med	0	1		YS::MOTION::exec(YS::MOTION *)	C:/hd25/kingdom2/yasui/libys/motion.cpp
0017fba0	_ZN2YS6MOTION4calcEPN2kn7FMatrixE	high	0	2		YS::MOTION::calc(YS::MOTION *, kn::FMatrix *)	C:/hd25/kingdom2/yasui/libys/motion.cpp
0017ff68	_ZN2YS6MOTION9get_transEv	med	0	1		YS::MOTION::get_trans(YS::MOTION *)	C:/hd25/kingdom2/yasui/libys/motion.cpp
00180058	_ZN2YS6MOTION8_captureEPNS_6BINARCEPKcfPN3ryj3PAXEPNS_3OBJEPi	sim-high	0	7		YS::MOTION::_capture(YS::MOTION *, YS::BINARC *, const char *, float, ryj::PAX *, YS::OBJ *, int *)	C:/hd25/kingdom2/yasui/libys/motion.cpp
001801b0	_ZN2YS6MOTION8_CaptureEPNS_3OBJEPNS_6BINARCEPN3ryj3PAXES2_fPi	high	1	6	int	YS::MOTION::_Capture(YS::OBJ *, YS::BINARC *, ryj::PAX *, YS::OBJ *, float, int *) [DWARF: static -- no implicit `this`, do NOT add a leading self/object-pointer argument]	C:/hd25/kingdom2/yasui/libys/motion.cpp
00180378	_ZN2YS6MOTION7captureEPNS_3OBJEif	high	0	4	int	YS::MOTION::capture(YS::MOTION *, YS::OBJ *, int, float)	C:/hd25/kingdom2/yasui/libys/motion.cpp
00180618	_ZN2YS6MOTION10is_in_loopEv	sim-sib-med	0	1	bool	YS::MOTION::is_in_loop(YS::MOTION *)	C:/hd25/kingdom2/yasui/libys/motion.cpp
00180698	_ZN2YS6MOTION10get_motionEi	sim-med	0	2	kn::Motion *	YS::MOTION::get_motion(YS::MOTION *, int)	C:/hd25/kingdom2/yasui/libys/motion.cpp
001806f8	_ZN2YS6MOTION10get_lengthEi	sim-high	0	2	float	YS::MOTION::get_length(YS::MOTION *, int)	C:/hd25/kingdom2/yasui/libys/motion.cpp
00180770	_ZN2YS6MOTION12get_loop_topEi	sim-med	0	2	float	YS::MOTION::get_loop_top(YS::MOTION *, int)	C:/hd25/kingdom2/yasui/libys/motion.cpp
001808c0	_ZN2YS6MOTION14make_ik_adjustEPN2kn8IKAdjustE	high	0	2		YS::MOTION::make_ik_adjust(YS::MOTION *, kn::IKAdjust *)	C:/hd25/kingdom2/yasui/libys/motion.cpp
00180a10	_ZN2YS6MOTION8check_ikEPN2kn8IKAdjustE	med	0	2		YS::MOTION::check_ik(YS::MOTION *, kn::IKAdjust *)	C:/hd25/kingdom2/yasui/libys/motion.cpp
00180dc0	_ZN2YS6MOTION17is_disable_effectEi	sim-rerun-med	0	2	bool	YS::MOTION::is_disable_effect(YS::MOTION *, int)	C:/hd25/kingdom2/yasui/libys/motion.cpp
00180f28	_ZN2YS8PROGRESS4ReadEv	high	1	0		YS::PROGRESS::Read() [DWARF: static -- no implicit `this`, do NOT add a leading self/object-pointer argument]	C:/hd25/kingdom2/yasui/libys/progress.cpp
00181570	_ZN2YS8PROGRESS11CheckAndSetEii	high	1	2	bool	YS::PROGRESS::CheckAndSet(int, int) [DWARF: static -- no implicit `this`, do NOT add a leading self/object-pointer argument]	C:/hd25/kingdom2/yasui/libys/progress.cpp
001815d0	_ZN2YS8PROGRESS9CheckPoohEi	med	1	1		YS::PROGRESS::CheckPooh(int) [DWARF: static -- no implicit `this`, do NOT add a leading self/object-pointer argument]	C:/hd25/kingdom2/yasui/libys/progress.cpp
00181670	_ZN2YS8PROGRESS7CheckLMEv	high	1	0		YS::PROGRESS::CheckLM() [DWARF: static -- no implicit `this`, do NOT add a leading self/object-pointer argument]	C:/hd25/kingdom2/yasui/libys/progress.cpp
00181858	_ZN2YS8PROGRESS5CanRcEv	sim-med	1	0	bool	YS::PROGRESS::CanRc() [DWARF: static -- no implicit `this`, do NOT add a leading self/object-pointer argument]	C:/hd25/kingdom2/yasui/libys/progress.cpp
00181ad0	_ZN2YS8AREADATA4InitEPK4AREA	med	1	1		YS::AREADATA::Init(const AREA *) [DWARF: static -- no implicit `this`, do NOT add a leading self/object-pointer argument]	C:/hd25/kingdom2/yasui/libys/areadata.cpp
00181ba8	_ZN2YS8AREADATA11GetUnitDataEj	sim-med	1	1	void *	YS::AREADATA::GetUnitData(u_int) [DWARF: static -- no implicit `this`, do NOT add a leading self/object-pointer argument]	C:/hd25/kingdom2/yasui/libys/areadata.cpp
00181da0	_ZNK2YS8AREADATA8SETINDEX10parse_codeEPKNS0_4CODEE	high	0	2	bool	YS::AREADATA::SETINDEX::parse_code(const YS::AREADATA::SETINDEX *, const YS::AREADATA::CODE *)	C:/hd25/kingdom2/yasui/libys/areadata.cpp
00182280	_ZNK2YS8AREADATA8SETINDEX11signal_hookEPKNS0_4CODEE	sim-med	0	2		YS::AREADATA::SETINDEX::signal_hook(const YS::AREADATA::SETINDEX *, const YS::AREADATA::CODE *)	C:/hd25/kingdom2/yasui/libys/areadata.cpp
001826e0	_ZN2YS8AREADATA11GetCostRestEv	high	1	0	float	YS::AREADATA::GetCostRest() [DWARF: static -- no implicit `this`, do NOT add a leading self/object-pointer argument]	C:/hd25/kingdom2/yasui/libys/areadata.cpp
001826f8	_ZN2YS8AREADATA12GetCostRatioEv	med	1	0	float	YS::AREADATA::GetCostRatio() [DWARF: static -- no implicit `this`, do NOT add a leading self/object-pointer argument]	C:/hd25/kingdom2/yasui/libys/areadata.cpp
00182838	_ZN2YS4UNITC1EjPvb	sim-rerun-med	0	4		YS::UNIT::UNIT(YS::UNIT *, u_int, void *, bool)	C:/hd25/kingdom2/yasui/libys/unit.cpp
00182910	_ZN2YS4UNIT11ReadRequestEv	sim-rerun-med	1	0		YS::UNIT::ReadRequest() [DWARF: static -- no implicit `this`, do NOT add a leading self/object-pointer argument]	C:/hd25/kingdom2/yasui/libys/unit.cpp
001829b0	_ZN2YS4UNIT5EntryEjb	sim-med	1	2		YS::UNIT::Entry(u_int, bool) [DWARF: static -- no implicit `this`, do NOT add a leading self/object-pointer argument]	C:/hd25/kingdom2/yasui/libys/unit.cpp
00182a78	_ZN2YS4UNIT11EntryScriptEPv	sim-sandwich	1	1		YS::UNIT::EntryScript(void *) [DWARF: static -- no implicit `this`, do NOT add a leading self/object-pointer argument]	C:/hd25/kingdom2/yasui/libys/unit.cpp
00182ab0	_ZN2YS4UNIT11ReadRequestEv	med	1	0		YS::UNIT::ReadRequest() [DWARF: static -- no implicit `this`, do NOT add a leading self/object-pointer argument]	C:/hd25/kingdom2/yasui/libys/unit.cpp
00182b18	_ZN2YS4UNIT11ActivateAllEv	high	1	0		YS::UNIT::ActivateAll() [DWARF: static -- no implicit `this`, do NOT add a leading self/object-pointer argument]	C:/hd25/kingdom2/yasui/libys/unit.cpp
00182bc0	_ZN2YS4UNIT8ActivateEPKc	med	1	1		YS::UNIT::Activate(const char *) [DWARF: static -- no implicit `this`, do NOT add a leading self/object-pointer argument]	C:/hd25/kingdom2/yasui/libys/unit.cpp
00182c60	_ZN2YS4UNIT8ExecTaskEP4TASK	med	1	1		YS::UNIT::ExecTask(TASK *) [DWARF: static -- no implicit `this`, do NOT add a leading self/object-pointer argument]	C:/hd25/kingdom2/yasui/libys/unit.cpp
00182e08	_ZN2YS4UNIT7GetPathEi	high	1	1	const YS::UNIT_DATA_PATH *	YS::UNIT::GetPath(int) [DWARF: static -- no implicit `this`, do NOT add a leading self/object-pointer argument]	C:/hd25/kingdom2/yasui/libys/unit.cpp
00182e98	_ZN2YS4UNIT11GetPathByIDEi	high	1	1	const YS::UNIT_DATA_PATH *	YS::UNIT::GetPathByID(int) [DWARF: static -- no implicit `this`, do NOT add a leading self/object-pointer argument]	C:/hd25/kingdom2/yasui/libys/unit.cpp
00182f38	_ZN2YS4UNIT12InitMinigameEv	high	1	0		YS::UNIT::InitMinigame() [DWARF: static -- no implicit `this`, do NOT add a leading self/object-pointer argument]	C:/hd25/kingdom2/yasui/libys/unit.cpp
00183088	_ZN2YS3OBJ4moveEv	high	0	1		YS::OBJ::move(YS::OBJ *)	C:/hd25/kingdom2/yasui/libys/objmove.cpp
001835a0	_ZN2YS3OBJ7add_rotEf	med	0	2		YS::OBJ::add_rot(YS::OBJ *, float)	C:/hd25/kingdom2/yasui/libys/objmove.cpp
001835f8	_ZN2YS3OBJ20calc_motion_movementEv	med	0	1		YS::OBJ::calc_motion_movement(YS::OBJ *)	C:/hd25/kingdom2/yasui/libys/objmove.cpp
00183918	_ZN2YS3OBJ10move_at_bgERKN2kn7FVectorES4_S4_	med	0	4		YS::OBJ::move_at_bg(YS::OBJ *, RCFVector, RCFVector, const kn::FVector &)	C:/hd25/kingdom2/yasui/libys/objmove.cpp
001840c0	_ZN2YS3OBJ18calc_land_movementERKN2kn7FVectorE	sim-rerun-med	0	2		YS::OBJ::calc_land_movement(YS::OBJ *, RCFVector)	C:/hd25/kingdom2/yasui/libys/objmove.cpp
001843d8	_ZN2YS3OBJ9_OVR_landEv	sim-high	0	1		YS::OBJ::_OVR_land(YS::OBJ *)	C:/hd25/kingdom2/yasui/libys/objmove.cpp
00184540	_ZN2kn16MotionPrototype014calcLimitValueEPNS_26MotionPrototype0RAWLimiterERKNS_7FVectorERS3_	sim-high	0	4	bool	kn::MotionPrototype0::calcLimitValue(kn::MotionPrototype0 *, kn::MotionPrototype0RAWLimiter *, RCFVector, kn::FVector &)	C:/hd25/kingdom2/naka/libkn/motion_prototype0.cpp
00184780	_ZN2YS3OBJ10check_stepERKN2kn7FVectorEfff	med	0	5	int	YS::OBJ::check_step(YS::OBJ *, const kn::FVector &, float, float, float)	C:/hd25/kingdom2/yasui/libys/objmove.cpp
001849d8	_ZN2YS3OBJ17get_shadow_heightEv	med	0	1	float	YS::OBJ::get_shadow_height(YS::OBJ *)	C:/hd25/kingdom2/yasui/libys/objmove.cpp
00184ad0	_ZN2YS3OBJ11turn_to_dirERKN2kn7FVectorEf	high	0	3	bool	YS::OBJ::turn_to_dir(YS::OBJ *, const kn::FVector &, float)	C:/hd25/kingdom2/yasui/libys/objmove.cpp
00184bb0	_ZN2YS3OBJ26get_belt_conveyor_movementEv	high	0	1		YS::OBJ::get_belt_conveyor_movement(YS::OBJ *)	C:/hd25/kingdom2/yasui/libys/objmove.cpp
00184eb8	_ZN2YS3OBJ8set_pathEiPNS_10UNIT_GROUPE	med	0	3	bool	YS::OBJ::set_path(YS::OBJ *, int, YS::UNIT_GROUP *)	C:/hd25/kingdom2/yasui/libys/objmove.cpp
00184f90	_ZN2YS3OBJ14set_path_by_idEi	med	0	2	bool	YS::OBJ::set_path_by_id(YS::OBJ *, int)	C:/hd25/kingdom2/yasui/libys/objmove.cpp
00185050	_ZN2YS3OBJ18create_active_pathEPS0_	med	0	2		YS::OBJ::create_active_path(YS::OBJ *, YS::OBJ *)	C:/hd25/kingdom2/yasui/libys/objmove.cpp
001850a0	_ZN2YS3OBJ17get_path_movementEv	sim-med	0	1		YS::OBJ::get_path_movement(YS::OBJ *)	C:/hd25/kingdom2/yasui/libys/objmove.cpp
00185138	_ZN2YS3OBJ21get_move_to_space_posERN2kn7FVectorEfb	med	0	4	bool	YS::OBJ::get_move_to_space_pos(YS::OBJ *, kn::FVector &, float, bool)	C:/hd25/kingdom2/yasui/libys/objmove.cpp
001852b8	_ZN2YS3OBJ14set_ground_posEv	med	0	1		YS::OBJ::set_ground_pos(YS::OBJ *)	C:/hd25/kingdom2/yasui/libys/objmove.cpp
00185468	_ZN2YS6WEAPONC1EPKNS_8OBJENTRYEPNS_5PARTYEiii	sim-high	0	6		YS::WEAPON::WEAPON(YS::WEAPON *, const YS::OBJENTRY *, YS::PARTY *, int, int, int)	C:/hd25/kingdom2/yasui/libys/weapon.cpp
001855a0	_ZN2YS3OBJ6VTABLEINS_6WEAPONEE9leave_reqEPS0_	sim-high	0	2		YS::OBJ::VTABLE<YS::WEAPON>::leave_req(YS::OBJ::VTABLE<YS::WEAPON> *, YS::OBJ *)	C:/hd25/kingdom2/yasui/../yasui/libys/obj.h
00185658	_ZN2YS3OBJ6VTABLEINS_6WEAPONEE8_destroyEPS0_	sim-gap-med	0	2		YS::OBJ::VTABLE<YS::WEAPON>::_destroy(YS::OBJ::VTABLE<YS::WEAPON> *, YS::OBJ *)	C:/hd25/kingdom2/yasui/../yasui/libys/obj.h
00185880	_ZN2YS12WEAPON_ENTRY7SysInitEPj	sim-rerun-med	1	1		YS::WEAPON_ENTRY::SysInit(u_int *) [DWARF: static -- no implicit `this`, do NOT add a leading self/object-pointer argument]	C:/hd25/kingdom2/yasui/libys/weapon.cpp
00185910	_ZN2YS11WEAPON_MSET7SysInitEPv	sim-rerun-med	1	1		YS::WEAPON_MSET::SysInit(void *) [DWARF: static -- no implicit `this`, do NOT add a leading self/object-pointer argument]	C:/hd25/kingdom2/yasui/libys/weapon.cpp
00185920	_ZN2YS11WEAPON_MSET11GetFilenameEiiPc	sim-rerun-med	1	3	const char *	YS::WEAPON_MSET::GetFilename(int, int, char *) [DWARF: static -- no implicit `this`, do NOT add a leading self/object-pointer argument]	C:/hd25/kingdom2/yasui/libys/weapon.cpp
00185988	_ZN2YS6WEAPON5locusEv	sim-high	0	1		YS::WEAPON::locus(YS::WEAPON *)	C:/hd25/kingdom2/yasui/libys/weapon.cpp
00185ac0	_ZN2YS6WEAPON8is_equipEv	sim-high	0	1	bool	YS::WEAPON::is_equip(YS::WEAPON *)	C:/hd25/kingdom2/yasui/libys/weapon.cpp
00185b70	_ZN2YS5ENEMYC1EPKNS_8OBJENTRYERKN2kn7FVectorEf	sim-med	0	4		YS::ENEMY::ENEMY(YS::ENEMY *, const YS::OBJENTRY *, const kn::FVector &, float)	C:/hd25/kingdom2/yasui/libys/enemy.cpp
00185c48	_ZN2YS5ENEMY13_OVR_pre_execEv	med	0	1		YS::ENEMY::_OVR_pre_exec(YS::ENEMY *)	C:/hd25/kingdom2/yasui/libys/enemy.cpp
00185cb8	_ZN2YS5ENEMY16_OVR_exec_damageEPNS_6DAMAGEE	sim-high	0	2		YS::ENEMY::_OVR_exec_damage(YS::ENEMY *, YS::DAMAGE *)	C:/hd25/kingdom2/yasui/libys/enemy.cpp
00185d10	_ZN2YS5ENEMY10_OVR__deadEv	med	0	1		YS::ENEMY::_OVR__dead(YS::ENEMY *)	C:/hd25/kingdom2/yasui/libys/enemy.cpp
00185d98	_ZN2YS5ENEMY4InitEv	med	1	0		YS::ENEMY::Init() [DWARF: static -- no implicit `this`, do NOT add a leading self/object-pointer argument]	C:/hd25/kingdom2/yasui/libys/enemy.cpp
00185da8	_ZN2YS5ENEMY4EachEPS0_	high	1	1	YS::ENEMY *	YS::ENEMY::Each(YS::ENEMY *) [DWARF: static -- no implicit `this`, do NOT add a leading self/object-pointer argument]	C:/hd25/kingdom2/yasui/libys/enemy.cpp
00185de0	_ZN2YS5ENEMY15GetLastAttackerEv	med	1	0	YS::OBJ *	YS::ENEMY::GetLastAttacker() [DWARF: static -- no implicit `this`, do NOT add a leading self/object-pointer argument]	C:/hd25/kingdom2/yasui/libys/enemy.cpp
00185e20	_ZN2YS5ENEMY12StopStartAllEi	high	1	1		YS::ENEMY::StopStartAll(int) [DWARF: static -- no implicit `this`, do NOT add a leading self/object-pointer argument]	C:/hd25/kingdom2/yasui/libys/enemy.cpp
00185f70	_ZN2YS6BTLOBJC1EPKNS_8OBJENTRYEjRKN2kn7FVectorEf	sim-high	0	5		YS::BTLOBJ::BTLOBJ(YS::BTLOBJ *, const YS::OBJENTRY *, u_int, const kn::FVector &, float)	C:/hd25/kingdom2/yasui/libys/btlobj.cpp
00186008	_ZN2YS6BTLOBJ13_OVR__destroyEv	sim-med	0	1		YS::BTLOBJ::_OVR__destroy(YS::BTLOBJ *)	C:/hd25/kingdom2/yasui/libys/btlobj.cpp
00186020	_ZN2YS6BTLOBJ14_OVR_leave_reqEv	med	0	1		YS::BTLOBJ::_OVR_leave_req(YS::BTLOBJ *)	C:/hd25/kingdom2/yasui/libys/btlobj.cpp
00186078	_ZN2YS6BTLOBJ4EachEPS0_	med	1	1	YS::BTLOBJ *	YS::BTLOBJ::Each(YS::BTLOBJ *) [DWARF: static -- no implicit `this`, do NOT add a leading self/object-pointer argument]	C:/hd25/kingdom2/yasui/libys/btlobj.cpp
001861d4	_ZN2YS6BTLOBJ25_OVR_exec_damage_reactionEPNS_6DAMAGEE	med	0	2		YS::BTLOBJ::_OVR_exec_damage_reaction(YS::BTLOBJ *, YS::DAMAGE *)	C:/hd25/kingdom2/yasui/libys/btlobj.cpp
00186478	_ZN2YS6BTLOBJ22exec_damage_small_spotEPNS_6DAMAGEE	sim-high	0	2		YS::BTLOBJ::exec_damage_small_spot(YS::BTLOBJ *, YS::DAMAGE *)	C:/hd25/kingdom2/yasui/libys/btlobj.cpp
00186590	_ZN2YS6BTLOBJ22_exec_damage_small_airEPNS_6DAMAGEEfi	sim-high	0	4		YS::BTLOBJ::_exec_damage_small_air(YS::BTLOBJ *, YS::DAMAGE *, float, int)	C:/hd25/kingdom2/yasui/libys/btlobj.cpp
00186740	_ZN2YS6BTLOBJ16exec_damage_blowEPNS_6DAMAGEEiiff	med	0	6		YS::BTLOBJ::exec_damage_blow(YS::BTLOBJ *, YS::DAMAGE *, int, int, float, float)	C:/hd25/kingdom2/yasui/libys/btlobj.cpp
00186988	_ZN2YS6BTLOBJ17exec_damage_largeEPNS_6DAMAGEEf	high	0	3		YS::BTLOBJ::exec_damage_large(YS::BTLOBJ *, YS::DAMAGE *, float)	C:/hd25/kingdom2/yasui/libys/btlobj.cpp
00186a90	_ZN2YS6BTLOBJ11set_hitbackERKN2kn7FVectorEf	high	0	3		YS::BTLOBJ::set_hitback(YS::BTLOBJ *, const kn::FVector &, float)	C:/hd25/kingdom2/yasui/libys/btlobj.cpp
00186b90	_ZN2YS6BTLOBJ12exec_hitbackEv	med	0	1		YS::BTLOBJ::exec_hitback(YS::BTLOBJ *)	C:/hd25/kingdom2/yasui/libys/btlobj.cpp
00186ce8	_ZN2YS6BTLOBJ16is_damage_motionEv	high	0	1	bool	YS::BTLOBJ::is_damage_motion(YS::BTLOBJ *)	C:/hd25/kingdom2/yasui/libys/btlobj.cpp
00186d18	_ZN2YS6BTLOBJ17is_reflect_motionEv	med	0	1	bool	YS::BTLOBJ::is_reflect_motion(YS::BTLOBJ *)	C:/hd25/kingdom2/yasui/libys/btlobj.cpp
00186d48	_ZN2YS6BTLOBJ10add_damageEPNS_6DAMAGEE	med	0	2		YS::BTLOBJ::add_damage(YS::BTLOBJ *, YS::DAMAGE *)	C:/hd25/kingdom2/yasui/libys/btlobj.cpp
00186ec0	_ZN2YS6BTLOBJ17_OVR_is_withstandEPNS_6DAMAGEE	sim-med	0	2	bool	YS::BTLOBJ::_OVR_is_withstand(YS::BTLOBJ *, YS::DAMAGE *)	C:/hd25/kingdom2/yasui/libys/btlobj.cpp
00186fd8	_ZN2YS6BTLOBJ20_OVR_exec_reflect_bgEPNS_6ATTACKE	sim-high	0	2		YS::BTLOBJ::_OVR_exec_reflect_bg(YS::BTLOBJ *, YS::ATTACK *)	C:/hd25/kingdom2/yasui/libys/btlobj.cpp
00187018	_ZN2YS6BTLOBJ20exec_reflect_defaultEPNS_6ATTACKES2_if	high	0	5		YS::BTLOBJ::exec_reflect_default(YS::BTLOBJ *, YS::ATTACK *, YS::ATTACK *, int, float)	C:/hd25/kingdom2/yasui/libys/btlobj.cpp
001871c8	_ZN2YS6BTLOBJ15_turn_to_targetEfRKNS_6TARGETE	sim-high	0	3	bool	YS::BTLOBJ::_turn_to_target(YS::BTLOBJ *, float, const YS::TARGET &)	C:/hd25/kingdom2/yasui/libys/btlobj.cpp
001872e0	_ZN2YS6BTLOBJ14turn_to_targetEf	sim-med	0	2	bool	YS::BTLOBJ::turn_to_target(YS::BTLOBJ *, float)	C:/hd25/kingdom2/yasui/libys/btlobj.cpp
00187300	_ZN2YS6BTLOBJ21_turn_to_target_rangeEfRKNS_6TARGETE	sim-high	0	3	bool	YS::BTLOBJ::_turn_to_target_range(YS::BTLOBJ *, float, const YS::TARGET &)	C:/hd25/kingdom2/yasui/libys/btlobj.cpp
00187400	_ZN2YS6BTLOBJ20turn_to_target_rangeEf	sim-med	0	2	bool	YS::BTLOBJ::turn_to_target_range(YS::BTLOBJ *, float)	C:/hd25/kingdom2/yasui/libys/btlobj.cpp
00187420	_ZN2YS6BTLOBJ14turn_to_lockonEf	sim-high	0	2	bool	YS::BTLOBJ::turn_to_lockon(YS::BTLOBJ *, float)	C:/hd25/kingdom2/yasui/libys/btlobj.cpp
001874a0	_ZN2YS6BTLOBJ20turn_to_lockon_rangeEf	sim-high	0	2	bool	YS::BTLOBJ::turn_to_lockon_range(YS::BTLOBJ *, float)	C:/hd25/kingdom2/yasui/libys/btlobj.cpp
00187520	_ZN2YS6BTLOBJ11_OVR_add_hpEiib	high	0	4	int	YS::BTLOBJ::_OVR_add_hp(YS::BTLOBJ *, int, int, bool)	C:/hd25/kingdom2/yasui/libys/btlobj.cpp
00187650	_ZN2YS6BTLOBJ6add_mpEib	high	0	3	int	YS::BTLOBJ::add_mp(YS::BTLOBJ *, int, bool)	C:/hd25/kingdom2/yasui/libys/btlobj.cpp
001877a0	_ZN2YS6BTLOBJ12bind_hitmarkEPN3ryj3PAXEi	high	0	3		YS::BTLOBJ::bind_hitmark(YS::BTLOBJ *, ryj::PAX *, int)	C:/hd25/kingdom2/yasui/libys/btlobj.cpp
00187850	_ZN2YS6BTLOBJ10_OVR__deadEv	high	0	1		YS::BTLOBJ::_OVR__dead(YS::BTLOBJ *)	C:/hd25/kingdom2/yasui/libys/btlobj.cpp
001878e8	_ZN2YS6BTLOBJ13reset_tornadoEv	sim-med	0	1		YS::BTLOBJ::reset_tornado(YS::BTLOBJ *)	C:/hd25/kingdom2/yasui/libys/btlobj.cpp
00187920	_ZN2YS6BTLOBJ12_OVR_is_starEv	med	0	1	bool	YS::BTLOBJ::_OVR_is_star(YS::BTLOBJ *)	C:/hd25/kingdom2/yasui/libys/btlobj.cpp
00187a18	_ZN2YS3ACT5TABLE3addEPKciiPi	sim-med	0	5		YS::ACT::TABLE::add(YS::ACT::TABLE *, const char *, int, int, int *)	C:/hd25/kingdom2/yasui/libys/act.cpp
00187b90	_ZN2YS3ACT4stopEv	high	0	1		YS::ACT::stop(YS::ACT *)	C:/hd25/kingdom2/yasui/libys/act.cpp
00187be8	_ZN2YS3ACT11check_startEv	med	0	1	bool	YS::ACT::check_start(YS::ACT *)	C:/hd25/kingdom2/yasui/libys/act.cpp
00187ca0	_ZN2YS3ACT4execEv	high	0	1		YS::ACT::exec(YS::ACT *)	C:/hd25/kingdom2/yasui/libys/act.cpp
00187e58	_ZN2YS3ACT16is_damage_motionEv	high	0	1	bool	YS::ACT::is_damage_motion(YS::ACT *)	C:/hd25/kingdom2/yasui/libys/act.cpp
00187fd8	_ZN2YS3ACT5startEPKNS0_5TABLE4ELEME	med	0	2		YS::ACT::start(YS::ACT *, const YS::ACT::TABLE::ELEM *)	C:/hd25/kingdom2/yasui/libys/act.cpp
001880b0	_ZN2YS3ACT5startEPKc	high	0	2		YS::ACT::start(YS::ACT *, const char *)	C:/hd25/kingdom2/yasui/libys/act.cpp
00188170	_ZN2YS3ACT9pri_startEPKc	high	0	2		YS::ACT::pri_start(YS::ACT *, const char *)	C:/hd25/kingdom2/yasui/libys/act.cpp
00188250	_ZN2YS3ACT10child_pushEPKc	sim-med	0	2		YS::ACT::child_push(YS::ACT *, const char *)	C:/hd25/kingdom2/yasui/libys/act.cpp
00188340	_ZN2YS3ACT8callbackEiP8BD_VALUEi	high	0	4	bool	YS::ACT::callback(YS::ACT *, int, BD_VALUE *, int)	C:/hd25/kingdom2/yasui/libys/act.cpp
001883f8	_ZN2YS3ACT6damageEPNS_6DAMAGEE	med	0	2		YS::ACT::damage(YS::ACT *, YS::DAMAGE *)	C:/hd25/kingdom2/yasui/libys/act.cpp
00188430	_ZN2YS3ACT7reflectEPNS_6ATTACKES2_	med	0	3		YS::ACT::reflect(YS::ACT *, YS::ATTACK *, YS::ATTACK *)	C:/hd25/kingdom2/yasui/libys/act.cpp
001884d0	_ZN2YS3ACT6listenEPKNS0_5SHOUTE	med	0	2		YS::ACT::listen(YS::ACT *, const YS::SHOUT *)	C:/hd25/kingdom2/yasui/libys/act.cpp
00188550	_ZN2YS3ACT8ExecTaskEP4TASK	med	1	1		YS::ACT::ExecTask(TASK *) [DWARF: static -- no implicit `this`, do NOT add a leading self/object-pointer argument]	C:/hd25/kingdom2/yasui/libys/act.cpp
00188670	_ZN2YS3ACT4InitEv	med	1	0		YS::ACT::Init() [DWARF: static -- no implicit `this`, do NOT add a leading self/object-pointer argument]	C:/hd25/kingdom2/yasui/libys/act.cpp
00188738	_ZN2YS3ACT3endEv	high	0	1		YS::ACT::end(YS::ACT *)	C:/hd25/kingdom2/yasui/libys/act.cpp
00188758	_ZN2YS3ACT11can_controlEv	med	0	1	bool	YS::ACT::can_control(YS::ACT *)	C:/hd25/kingdom2/yasui/libys/act.cpp
001888c8	_ZN2YS7PARTRAMC1Ev	sim-high	0	1		YS::PARTRAM::PARTRAM(YS::PARTRAM *)	C:/hd25/kingdom2/yasui/libys/saveram.cpp
00188958	_ZN2YS7PARTRAM12set_item_maxEi	high	0	2		YS::PARTRAM::set_item_max(YS::PARTRAM *, int)	C:/hd25/kingdom2/yasui/libys/saveram.cpp
00188ac8	_ZN2YS7PARTRAM8rechargeEv	med	0	1		YS::PARTRAM::recharge(YS::PARTRAM *)	C:/hd25/kingdom2/yasui/libys/saveram.cpp
00188bb0	_ZNK2YS7PARTRAM12get_next_expEi	med	0	2	int	YS::PARTRAM::get_next_exp(const YS::PARTRAM *, int)	C:/hd25/kingdom2/yasui/libys/saveram.cpp
00188c10	_ZN2YS7PARTRAM10pop_weaponEi	sim-med	0	2		YS::PARTRAM::pop_weapon(YS::PARTRAM *, int)	C:/hd25/kingdom2/yasui/libys/saveram.cpp
00188c30	_ZN2YS14SAVERAM_BATTLEC1Ev	sim-high	0	1		YS::SAVERAM_BATTLE::SAVERAM_BATTLE(YS::SAVERAM_BATTLE *)	C:/hd25/kingdom2/yasui/libys/saveram.cpp
00188fc0	_ZN2YS14SAVERAM_BATTLE8new_gameEv	sim-med	0	1		YS::SAVERAM_BATTLE::new_game(YS::SAVERAM_BATTLE *)	C:/hd25/kingdom2/yasui/libys/saveram.cpp
00188fe0	_ZN2YS14SAVERAM_BATTLE11get_partramEi	high	0	2	YS::PARTRAM *	YS::SAVERAM_BATTLE::get_partram(YS::SAVERAM_BATTLE *, int)	C:/hd25/kingdom2/yasui/libys/saveram.cpp
001890a8	_ZN2YS14SAVERAM_BATTLE14inc_kill_countEi	med	0	2		YS::SAVERAM_BATTLE::inc_kill_count(YS::SAVERAM_BATTLE *, int)	C:/hd25/kingdom2/yasui/libys/saveram.cpp
00189108	_ZN2YS14SAVERAM_BATTLE14get_kill_countEi	sim-med	0	2	u_int	YS::SAVERAM_BATTLE::get_kill_count(YS::SAVERAM_BATTLE *, int)	C:/hd25/kingdom2/yasui/libys/saveram.cpp
00189200	_ZN2YS14SAVERAM_BATTLE11get_formramEi	high	0	2	YS::FORMRAM *	YS::SAVERAM_BATTLE::get_formram(YS::SAVERAM_BATTLE *, int)	C:/hd25/kingdom2/yasui/libys/saveram.cpp
00189228	_ZN2YS14SAVERAM_BATTLE11inc_rccountEi	med	0	2		YS::SAVERAM_BATTLE::inc_rccount(YS::SAVERAM_BATTLE *, int)	C:/hd25/kingdom2/yasui/libys/saveram.cpp
00189258	_ZN2YS6ANMATR5ResetEPNS_6MOTIONE	sim-high	1	1		YS::ANMATR::Reset(YS::MOTION *) [DWARF: static -- no implicit `this`, do NOT add a leading self/object-pointer argument]	C:/hd25/kingdom2/yasui/libys/anmatr.cpp
001892d8	_ZN2YS6ANMATR18CheckRangeCallbackEPKNS0_5RANGEEPv	sim-high	1	2		YS::ANMATR::CheckRangeCallback(const YS::ANMATR::RANGE *, void *) [DWARF: static -- no implicit `this`, do NOT add a leading self/object-pointer argument]	C:/hd25/kingdom2/yasui/libys/anmatr.cpp
001897d4	_ZN2YS6ANMATR19ExecTriggerCallbackEPKNS0_7TRIGGEREPv	sim-high	1	2		YS::ANMATR::ExecTriggerCallback(const YS::ANMATR::TRIGGER *, void *) [DWARF: static -- no implicit `this`, do NOT add a leading self/object-pointer argument]	C:/hd25/kingdom2/yasui/libys/anmatr.cpp
00189d38	_ZN2YS6ANMATR13TriggerEffectEPNS_6MOTIONEPKNS0_7TRIGGERE	sim-high	1	2		YS::ANMATR::TriggerEffect(YS::MOTION *, const YS::ANMATR::TRIGGER *) [DWARF: static -- no implicit `this`, do NOT add a leading self/object-pointer argument]	C:/hd25/kingdom2/yasui/libys/anmatr.cpp
00189e18	_ZN2YS6ANMATR15ReactionCommandEPNS_3OBJEii	sim-high	1	3		YS::ANMATR::ReactionCommand(YS::OBJ *, int, int) [DWARF: static -- no implicit `this`, do NOT add a leading self/object-pointer argument]	C:/hd25/kingdom2/yasui/libys/anmatr.cpp
00189f20	_ZNK2YS6ANMATR10each_rangeEfPFvPKNS0_5RANGEEPvES4_	sim-med	0	4		YS::ANMATR::each_range(const YS::ANMATR *, float, void (*)(const YS::ANMATR::RANGE *, void *), void *)	C:/hd25/kingdom2/yasui/libys/anmatr.cpp
0018a008	_ZNK2YS6ANMATR12each_triggerEffPFvPKNS0_7TRIGGEREPvES4_	sim-med	0	5		YS::ANMATR::each_trigger(const YS::ANMATR *, float, float, void (*)(const YS::ANMATR::TRIGGER *, void *), void *)	C:/hd25/kingdom2/yasui/libys/anmatr.cpp
0018a100	_ZN2YS14COLLISION_DATA9next_elemEiPKNS_14COLLISION_ELEME	med	0	3	const YS::COLLISION_ELEM *	YS::COLLISION_DATA::next_elem(YS::COLLISION_DATA *, int, const YS::COLLISION_ELEM *)	C:/hd25/kingdom2/yasui/libys/collision.cpp
0018a1b8	_ZN2YS14COLLISION_DATA6selectEjPKNS_14COLLISION_ELEME	med	0	3	const YS::COLLISION_ELEM *	YS::COLLISION_DATA::select(YS::COLLISION_DATA *, u_int, const YS::COLLISION_ELEM *)	C:/hd25/kingdom2/yasui/libys/collision.cpp
0018a818	_ZN2YS9COLLISION3setEPNS_3OBJEPKNS_14COLLISION_ELEME	high	0	3		YS::COLLISION::set(YS::COLLISION *, YS::OBJ *, const YS::COLLISION_ELEM *)	C:/hd25/kingdom2/yasui/libys/collision.cpp
0018acd8	_ZN2YS3NPC14set_time_paramEPNS0_10TIME_PARAME	med	0	2		YS::NPC::set_time_param(YS::NPC *, YS::NPC::TIME_PARAM *)	C:/hd25/kingdom2/yasui/libys/npc.cpp
0018ad18	_ZN2YS3NPC15_OVR_initializeEv	sim-high	0	1		YS::NPC::_OVR_initialize(YS::NPC *)	C:/hd25/kingdom2/yasui/libys/npc.cpp
0018ae30	_ZN2YS3NPC13_OVR_pre_execEv	sim-high	0	1		YS::NPC::_OVR_pre_exec(YS::NPC *)	C:/hd25/kingdom2/yasui/libys/npc.cpp
0018b1d8	_ZN2YS3NPC8talk_eyeEv	sim-med	0	1	bool	YS::NPC::talk_eye(YS::NPC *)	C:/hd25/kingdom2/yasui/libys/npc.cpp
0018b200	_ZN2YS3NPC12before_checkEv	high	0	1		YS::NPC::before_check(YS::NPC *)	C:/hd25/kingdom2/yasui/libys/npc.cpp
0018b288	_ZN2YS3NPC11before_talkERKN2kn7FVectorEf	med	0	3		YS::NPC::before_talk(YS::NPC *, const kn::FVector &, float)	C:/hd25/kingdom2/yasui/libys/npc.cpp
0018b338	_ZN2YS3NPC10after_talkEf	high	0	2		YS::NPC::after_talk(YS::NPC *, float)	C:/hd25/kingdom2/yasui/libys/npc.cpp
0018b478	_ZN2YS3NPC16check_run_actionEv	med	0	1		YS::NPC::check_run_action(YS::NPC *)	C:/hd25/kingdom2/yasui/libys/npc.cpp
0018b7f8	_ZN2YS3NPC13check_in_zoneEv	sim-high	0	1		YS::NPC::check_in_zone(YS::NPC *)	C:/hd25/kingdom2/yasui/libys/npc.cpp
0018bae8	_ZN2YS3NPC16check_friendshipEPPKNS_19UNIT_DATA_RTN_PARAME	med	0	2	YS::NPC *	YS::NPC::check_friendship(YS::NPC *, const YS::UNIT_DATA_RTN_PARAM **)	C:/hd25/kingdom2/yasui/libys/npc.cpp
0018bbf8	_ZN2YS3NPC20get_start_rtn_actionEv	med	0	1	bool	YS::NPC::get_start_rtn_action(YS::NPC *)	C:/hd25/kingdom2/yasui/libys/npc.cpp
0018c150	_ZN2YS3NPC14end_rtn_actionEv	sim-med	0	1		YS::NPC::end_rtn_action(YS::NPC *)	C:/hd25/kingdom2/yasui/libys/npc.cpp
0018c258	_ZN2YS3NPC18get_rtn_action_dirEv	sim-high	0	1		YS::NPC::get_rtn_action_dir(YS::NPC *)	C:/hd25/kingdom2/yasui/libys/npc.cpp
0018c598	_ZN2YS3NPC10RTN_ACTION6is_endEPS0_	med	0	2	bool	YS::NPC::RTN_ACTION::is_end(YS::NPC::RTN_ACTION *, YS::NPC *)	C:/hd25/kingdom2/yasui/libys/npc.cpp
0018c650	_ZN2YS3NPC10RTN_ACTION3lotERN2kn7FVectorEiPKNS_19UNIT_DATA_RTN_PARAMEPKNS_4ZONEEff	sim-high	0	7	bool	YS::NPC::RTN_ACTION::lot(YS::NPC::RTN_ACTION *, kn::FVector &, int, const YS::UNIT_DATA_RTN_PARAM *, const YS::ZONE *, float, float)	C:/hd25/kingdom2/yasui/libys/npc.cpp
0018c8f0	_ZN2YS6DAMAGE5AllocEPNS_6ATTACKEPKNS_11ATTACKPARAMEPNS_6BTLOBJEi	high	1	4	YS::DAMAGE *	YS::DAMAGE::Alloc(YS::ATTACK *, const YS::ATTACKPARAM *, YS::BTLOBJ *, int) [DWARF: static -- no implicit `this`, do NOT add a leading self/object-pointer argument]	C:/hd25/kingdom2/yasui/libys/damage.cpp
0018c960	_ZN2YS6DAMAGE3setEPNS_6ATTACKEPKNS_11ATTACKPARAMEPNS_6BTLOBJEi	med	0	5		YS::DAMAGE::set(YS::DAMAGE *, YS::ATTACK *, const YS::ATTACKPARAM *, YS::BTLOBJ *, int)	C:/hd25/kingdom2/yasui/libys/damage.cpp
0018ca90	_ZN2YS6DAMAGE8IsFinishEi	med	1	1	bool	YS::DAMAGE::IsFinish(int) [DWARF: static -- no implicit `this`, do NOT add a leading self/object-pointer argument]	C:/hd25/kingdom2/yasui/libys/damage.cpp
0018cae0	_ZNK2YS6DAMAGE11is_killbossEv	sim-med	0	1	bool	YS::DAMAGE::is_killboss(const YS::DAMAGE *)	C:/hd25/kingdom2/yasui/libys/damage.cpp
0018cb30	_ZN2YS6DAMAGE11get_hitbackEv	high	0	1	float	YS::DAMAGE::get_hitback(YS::DAMAGE *)	C:/hd25/kingdom2/yasui/libys/damage.cpp
0018cd28	_ZN2YS6DAMAGE8get_blowERfS1_	med	0	3		YS::DAMAGE::get_blow(YS::DAMAGE *, float &, float &)	C:/hd25/kingdom2/yasui/libys/damage.cpp
0018ce08	_ZN2YS6DAMAGE7set_dirEv	med	0	1		YS::DAMAGE::set_dir(YS::DAMAGE *)	C:/hd25/kingdom2/yasui/libys/damage.cpp
0018d238	_ZN2YS6ATTACKC1EPNS_6BTLOBJEPNS_6STDOBJEiiii	sim-high	0	7		YS::ATTACK::ATTACK(YS::ATTACK *, YS::BTLOBJ *, YS::STDOBJ *, int, int, int, int)	C:/hd25/kingdom2/yasui/libys/attack.cpp
0018d500	_ZN2YS6ATTACKD1Ev	sim-med	0	1		YS::ATTACK::~ATTACK(YS::ATTACK *)	C:/hd25/kingdom2/yasui/libys/attack.cpp
0018d620	_ZN2YS6ATTACK8ExecTaskEP4TASK	med	1	1		YS::ATTACK::ExecTask(TASK *) [DWARF: static -- no implicit `this`, do NOT add a leading self/object-pointer argument]	C:/hd25/kingdom2/yasui/libys/attack.cpp
0018d738	_ZN2YS6ATTACK4InitEv	high	1	0		YS::ATTACK::Init() [DWARF: static -- no implicit `this`, do NOT add a leading self/object-pointer argument]	C:/hd25/kingdom2/yasui/libys/attack.cpp
0018d790	_ZN2YS6ATTACK6EnsureEv	med	1	0		YS::ATTACK::Ensure() [DWARF: static -- no implicit `this`, do NOT add a leading self/object-pointer argument]	C:/hd25/kingdom2/yasui/libys/attack.cpp
0018d808	_ZN2YS6ATTACK7get_posEv	sim-med	0	1		YS::ATTACK::get_pos(YS::ATTACK *)	C:/hd25/kingdom2/yasui/libys/attack.cpp
0018d840	_ZN2YS6ATTACK7get_dirEPNS_3OBJE	sim-med	0	2		YS::ATTACK::get_dir(YS::ATTACK *, YS::OBJ *)	C:/hd25/kingdom2/yasui/libys/attack.cpp
0018d940	_ZN2YS6ATTACK9is_strikeEPNS_6BTLOBJE	med	0	2	bool	YS::ATTACK::is_strike(YS::ATTACK *, YS::BTLOBJ *)	C:/hd25/kingdom2/yasui/libys/attack.cpp
0018da18	_ZN2YS6ATTACK12force_strikeEPNS_6BTLOBJEPKNS_11ATTACKPARAMEi	med	0	4	YS::DAMAGE *	YS::ATTACK::force_strike(YS::ATTACK *, YS::BTLOBJ *, const YS::ATTACKPARAM *, int)	C:/hd25/kingdom2/yasui/libys/attack.cpp
0018db38	_ZN2YS6ATTACK6strikeEPNS_6BTLOBJEii	high	0	4	YS::DAMAGE *	YS::ATTACK::strike(YS::ATTACK *, YS::BTLOBJ *, int, int)	C:/hd25/kingdom2/yasui/libys/attack.cpp
0018dc28	_ZN2YS6ATTACK12check_bg_hitERKN2kn7FVectorES4_	med	0	3	bool	YS::ATTACK::check_bg_hit(YS::ATTACK *, const kn::FVector &, const kn::FVector &)	C:/hd25/kingdom2/yasui/libys/attack.cpp
0018ddc0	_ZN2YS6ATTACK6hit_bgEtRKN2kn7FVectorERPN2dk6ObjOccE	med	0	4		YS::ATTACK::hit_bg(YS::ATTACK *, u_short, const kn::FVector &, dk::ObjOcc *&)	C:/hd25/kingdom2/yasui/libys/attack.cpp
0018e040	_ZN2YS6ATTACK7refreshEv	sim-med	0	1		YS::ATTACK::refresh(YS::ATTACK *)	C:/hd25/kingdom2/yasui/libys/attack.cpp
0018e0d8	_ZN2YS6ATTACK8set_teamEi	sim-med	0	2		YS::ATTACK::set_team(YS::ATTACK *, int)	C:/hd25/kingdom2/yasui/libys/attack.cpp
0018e108	_ZN2YS6ATTACK13SetHitmarkPosERKN2kn7FVectorES4_	med	1	2		YS::ATTACK::SetHitmarkPos(const kn::FVector &, const kn::FVector &) [DWARF: static -- no implicit `this`, do NOT add a leading self/object-pointer argument]	C:/hd25/kingdom2/yasui/libys/attack.cpp
0018e160	_ZN2YS11ATTACK_WORK15get_hitmark_posERKNS_9COLLISIONE	med	0	2		YS::ATTACK_WORK::get_hitmark_pos(YS::ATTACK_WORK *, const YS::COLLISION &)	C:/hd25/kingdom2/yasui/libys/attack.cpp
0018e298	_ZN2YS11ATTACK_WORK3hitEPNS_6BTLOBJERNS_9COLLISIONE	med	0	3		YS::ATTACK_WORK::hit(YS::ATTACK_WORK *, YS::BTLOBJ *, YS::COLLISION &)	C:/hd25/kingdom2/yasui/libys/attack.cpp
0018e420	_ZN2YS11ATTACK_WORK7hitmarkEPNS_6BTLOBJEPNS_6DAMAGEERKNS_9COLLISIONEy	med	0	5		YS::ATTACK_WORK::hitmark(YS::ATTACK_WORK *, YS::BTLOBJ *, YS::DAMAGE *, const YS::COLLISION &, ULONGLONG)	C:/hd25/kingdom2/yasui/libys/attack.cpp
0018e698	_ZN2YS11ATTACK_WORK16is_reflect_rangeERS0_	med	0	2	bool	YS::ATTACK_WORK::is_reflect_range(YS::ATTACK_WORK *, YS::ATTACK_WORK &)	C:/hd25/kingdom2/yasui/libys/attack.cpp
0018e7c0	_ZN2YS11ATTACK_WORK7reflectEPS0_	med	0	2		YS::ATTACK_WORK::reflect(YS::ATTACK_WORK *, YS::ATTACK_WORK *)	C:/hd25/kingdom2/yasui/libys/attack.cpp
0018e8f0	_ZN2YS11ATTACK_WORK12draw_refmarkEPN3ryj3PAXEiPS0_	med	0	4		YS::ATTACK_WORK::draw_refmark(YS::ATTACK_WORK *, ryj::PAX *, int, YS::ATTACK_WORK *)	C:/hd25/kingdom2/yasui/libys/attack.cpp
0018eaf8	_ZN2YS19ATTACK_WORK_MANAGER3addERNS_11ATTACK_WORKE	med	0	2	bool	YS::ATTACK_WORK_MANAGER::add(YS::ATTACK_WORK_MANAGER *, YS::ATTACK_WORK &)	C:/hd25/kingdom2/yasui/libys/attack.cpp
0018eb98	_ZN2YS19ATTACK_WORK_MANAGER13check_reflectERNS_11ATTACK_WORKE	med	0	2		YS::ATTACK_WORK_MANAGER::check_reflect(YS::ATTACK_WORK_MANAGER *, YS::ATTACK_WORK &)	C:/hd25/kingdom2/yasui/libys/attack.cpp
0018ed18	_ZN2YS19ATTACK_WORK_MANAGER5checkEv	high	0	1		YS::ATTACK_WORK_MANAGER::check(YS::ATTACK_WORK_MANAGER *)	C:/hd25/kingdom2/yasui/libys/attack.cpp
0018ee10	_ZN2YS6ATTACK4EachEPS0_	sim-rerun-med	1	1	YS::ATTACK *	YS::ATTACK::Each(YS::ATTACK *) [DWARF: static -- no implicit `this`, do NOT add a leading self/object-pointer argument]	C:/hd25/kingdom2/yasui/libys/attack.cpp
0018ee28	_ZN2YS6ATTACK9EachMagicEPS0_	sim-rerun-med	1	1	YS::ATTACK_MAGIC *	YS::ATTACK::EachMagic(YS::ATTACK *) [DWARF: static -- no implicit `this`, do NOT add a leading self/object-pointer argument]	C:/hd25/kingdom2/yasui/libys/attack.cpp
0018ee60	_ZN2YS6ATTACK6StrikeEPNS_6BTLOBJEiS2_RKN2kn7FVectorEb	med	1	5	bool	YS::ATTACK::Strike(YS::BTLOBJ *, int, YS::BTLOBJ *, const kn::FVector &, bool) [DWARF: static -- no implicit `this`, do NOT add a leading self/object-pointer argument]	C:/hd25/kingdom2/yasui/libys/attack.cpp
0018ef98	_ZN2YS6ATTACK7ReplaceEPNS_6BTLOBJES2_	med	1	2		YS::ATTACK::Replace(YS::BTLOBJ *, YS::BTLOBJ *) [DWARF: static -- no implicit `this`, do NOT add a leading self/object-pointer argument]	C:/hd25/kingdom2/yasui/libys/attack.cpp
0018f010	_ZN2YS6ATTACK8is_guardEv	med	0	1	bool	YS::ATTACK::is_guard(YS::ATTACK *)	C:/hd25/kingdom2/yasui/libys/attack.cpp
0018f070	_ZN2YS6ATTACK8is_existEv	high	0	1	bool	YS::ATTACK::is_exist(YS::ATTACK *)	C:/hd25/kingdom2/yasui/libys/attack.cpp
0018f248	_ZN2YS27trap_enemy_exec_damage_blowEP8BD_VALUE	med	1	1		YS::trap_enemy_exec_damage_blow(BD_VALUE *) [DWARF: static -- no implicit `this`, do NOT add a leading self/object-pointer argument]	C:/hd25/kingdom2/yasui/libys/trapbattle.cpp
0018f280	_ZN2YS28trap_enemy_exec_damage_largeEP8BD_VALUE	med	1	1		YS::trap_enemy_exec_damage_large(BD_VALUE *) [DWARF: static -- no implicit `this`, do NOT add a leading self/object-pointer argument]	C:/hd25/kingdom2/yasui/libys/trapbattle.cpp
0018f2a8	_ZN2YS28trap_enemy_exec_damage_smallEP8BD_VALUE	sim-med	1	1		YS::trap_enemy_exec_damage_small(BD_VALUE *) [DWARF: static -- no implicit `this`, do NOT add a leading self/object-pointer argument]	C:/hd25/kingdom2/yasui/libys/trapbattle.cpp
0018f328	_ZN2YS24trap_enemy_is_no_controlEP8BD_VALUE	sim-sib-med	1	1		YS::trap_enemy_is_no_control(BD_VALUE *) [DWARF: static -- no implicit `this`, do NOT add a leading self/object-pointer argument]	C:/hd25/kingdom2/yasui/libys/trapbattle.cpp
0018f3a8	_ZN2YS24trap_enemy_count_damagerEP8BD_VALUE	med	1	1		YS::trap_enemy_count_damager(BD_VALUE *) [DWARF: static -- no implicit `this`, do NOT add a leading self/object-pointer argument]	C:/hd25/kingdom2/yasui/libys/trapbattle.cpp
0018f410	_ZN2YS26trap_enemy_set_karma_limitEP8BD_VALUE	sim-sib-med	1	1		YS::trap_enemy_set_karma_limit(BD_VALUE *) [DWARF: static -- no implicit `this`, do NOT add a leading self/object-pointer argument]	C:/hd25/kingdom2/yasui/libys/trapbattle.cpp
0018f4a0	_ZN2YS20trap_damage_reactionEP8BD_VALUE	sim-med	1	1		YS::trap_damage_reaction(BD_VALUE *) [DWARF: static -- no implicit `this`, do NOT add a leading self/object-pointer argument]	C:/hd25/kingdom2/yasui/libys/trapbattle.cpp
0018f4b0	_ZN2YS25trap_damage_orig_reactionEP8BD_VALUE	sim-med	1	1		YS::trap_damage_orig_reaction(BD_VALUE *) [DWARF: static -- no implicit `this`, do NOT add a leading self/object-pointer argument]	C:/hd25/kingdom2/yasui/libys/trapbattle.cpp
0018f508	_ZN2YS19trap_damage_blow_upEP8BD_VALUE	sim-sib-med	1	1		YS::trap_damage_blow_up(BD_VALUE *) [DWARF: static -- no implicit `this`, do NOT add a leading self/object-pointer argument]	C:/hd25/kingdom2/yasui/libys/trapbattle.cpp
0018f528	_ZN2YS22trap_damage_blow_speedEP8BD_VALUE	sim-sib-med	1	1		YS::trap_damage_blow_speed(BD_VALUE *) [DWARF: static -- no implicit `this`, do NOT add a leading self/object-pointer argument]	C:/hd25/kingdom2/yasui/libys/trapbattle.cpp
0018f548	_ZN2YS23trap_damage_attack_typeEP8BD_VALUE	sim-sib-med	1	1		YS::trap_damage_attack_type(BD_VALUE *) [DWARF: static -- no implicit `this`, do NOT add a leading self/object-pointer argument]	C:/hd25/kingdom2/yasui/libys/trapbattle.cpp
0018f560	_ZN2YS25trap_damage_exec_reactionEP8BD_VALUE	sim-sib-high	1	1		YS::trap_damage_exec_reaction(BD_VALUE *) [DWARF: static -- no implicit `this`, do NOT add a leading self/object-pointer argument]	C:/hd25/kingdom2/yasui/libys/trapbattle.cpp
0018f578	_ZN2YS28trap_damage_is_exec_reactionEP8BD_VALUE	sim-sib-high	1	1		YS::trap_damage_is_exec_reaction(BD_VALUE *) [DWARF: static -- no implicit `this`, do NOT add a leading self/object-pointer argument]	C:/hd25/kingdom2/yasui/libys/trapbattle.cpp
0018f590	_ZN2YS27trap_damage_attack_param_idEP8BD_VALUE	sim-sib-high	1	1		YS::trap_damage_attack_param_id(BD_VALUE *) [DWARF: static -- no implicit `this`, do NOT add a leading self/object-pointer argument]	C:/hd25/kingdom2/yasui/libys/trapbattle.cpp
0018f5a8	_ZN2YS18trap_damage_damageEP8BD_VALUE	sim-sib-high	1	1		YS::trap_damage_damage(BD_VALUE *) [DWARF: static -- no implicit `this`, do NOT add a leading self/object-pointer argument]	C:/hd25/kingdom2/yasui/libys/trapbattle.cpp
0018f5b8	_ZN2YS17trap_damage_partsEP8BD_VALUE	sim-sib-high	1	1		YS::trap_damage_parts(BD_VALUE *) [DWARF: static -- no implicit `this`, do NOT add a leading self/object-pointer argument]	C:/hd25/kingdom2/yasui/libys/trapbattle.cpp
0018f5c8	_ZN2YS19trap_damage_is_cureEP8BD_VALUE	sim-sib-high	1	1		YS::trap_damage_is_cure(BD_VALUE *) [DWARF: static -- no implicit `this`, do NOT add a leading self/object-pointer argument]	C:/hd25/kingdom2/yasui/libys/trapbattle.cpp
0018f858	_ZN2YS15trap_attack_dupEP8BD_VALUE	med	1	1		YS::trap_attack_dup(BD_VALUE *) [DWARF: static -- no implicit `this`, do NOT add a leading self/object-pointer argument]	C:/hd25/kingdom2/yasui/libys/trapbattle.cpp
0018f8c0	_ZN2YS28trap_attack_set_hit_callbackEP8BD_VALUE	sim-sib-med	1	1		YS::trap_attack_set_hit_callback(BD_VALUE *) [DWARF: static -- no implicit `this`, do NOT add a leading self/object-pointer argument]	C:/hd25/kingdom2/yasui/libys/trapbattle.cpp
0018f8e8	_ZN2YS22trap_attack_is_reflectEP8BD_VALUE	sim-sib-med	1	1		YS::trap_attack_is_reflect(BD_VALUE *) [DWARF: static -- no implicit `this`, do NOT add a leading self/object-pointer argument]	C:/hd25/kingdom2/yasui/libys/trapbattle.cpp
0018f900	_ZN2YS23trap_attack_is_hit_wallEP8BD_VALUE	sim-sib-med	1	1		YS::trap_attack_is_hit_wall(BD_VALUE *) [DWARF: static -- no implicit `this`, do NOT add a leading self/object-pointer argument]	C:/hd25/kingdom2/yasui/libys/trapbattle.cpp
0018f918	_ZN2YS24trap_attack_is_hit_floorEP8BD_VALUE	sim-sib-med	1	1		YS::trap_attack_is_hit_floor(BD_VALUE *) [DWARF: static -- no implicit `this`, do NOT add a leading self/object-pointer argument]	C:/hd25/kingdom2/yasui/libys/trapbattle.cpp
0018f930	_ZN2YS22trap_attack_hit_bg_posEP8BD_VALUE	sim-med	1	1		YS::trap_attack_hit_bg_pos(BD_VALUE *) [DWARF: static -- no implicit `this`, do NOT add a leading self/object-pointer argument]	C:/hd25/kingdom2/yasui/libys/trapbattle.cpp
0018f940	_ZN2YS30trap_attack_get_reflect_vectorEP8BD_VALUE	med	1	1		YS::trap_attack_get_reflect_vector(BD_VALUE *) [DWARF: static -- no implicit `this`, do NOT add a leading self/object-pointer argument]	C:/hd25/kingdom2/yasui/libys/trapbattle.cpp
0018f9a8	_ZN2YS21trap_attack_reflecterEP8BD_VALUE	sim-sandwich	1	1		YS::trap_attack_reflecter(BD_VALUE *) [DWARF: static -- no implicit `this`, do NOT add a leading self/object-pointer argument]	C:/hd25/kingdom2/yasui/libys/trapbattle.cpp
0018f9b8	_ZN2YS18trap_attack_set_rcEP8BD_VALUE	sim-med	1	1		YS::trap_attack_set_rc(BD_VALUE *) [DWARF: static -- no implicit `this`, do NOT add a leading self/object-pointer argument]	C:/hd25/kingdom2/yasui/libys/trapbattle.cpp
0018fab0	_ZN2YS18trap_attack_strikeEP8BD_VALUE	med	1	1		YS::trap_attack_strike(BD_VALUE *) [DWARF: static -- no implicit `this`, do NOT add a leading self/object-pointer argument]	C:/hd25/kingdom2/yasui/libys/trapbattle.cpp
0018fb70	_ZN2YS20trap_attack_set_lineEP8BD_VALUE	sim-med	1	1		YS::trap_attack_set_line(BD_VALUE *) [DWARF: static -- no implicit `this`, do NOT add a leading self/object-pointer argument]	C:/hd25/kingdom2/yasui/libys/trapbattle.cpp
0018fbe8	_ZN2YS29trap_attack_get_reflect_countEP8BD_VALUE	sim-med	1	1		YS::trap_attack_get_reflect_count(BD_VALUE *) [DWARF: static -- no implicit `this`, do NOT add a leading self/object-pointer argument]	C:/hd25/kingdom2/yasui/libys/trapbattle.cpp
0018fcc0	_ZN2YS19trap_magic_set_costEP8BD_VALUE	sim-med	1	1		YS::trap_magic_set_cost(BD_VALUE *) [DWARF: static -- no implicit `this`, do NOT add a leading self/object-pointer argument]	C:/hd25/kingdom2/yasui/libys/trapbattle.cpp
0018fd10	_ZN2YS19trap_teamwork_allocEP8BD_VALUE	sim-med	1	1		YS::trap_teamwork_alloc(BD_VALUE *) [DWARF: static -- no implicit `this`, do NOT add a leading self/object-pointer argument]	C:/hd25/kingdom2/yasui/libys/trapbattle.cpp
0018fd40	_ZN2YS23trap_enemy_exec_reflectEP8BD_VALUE	med	1	1		YS::trap_enemy_exec_reflect(BD_VALUE *) [DWARF: static -- no implicit `this`, do NOT add a leading self/object-pointer argument]	C:/hd25/kingdom2/yasui/libys/trapbattle.cpp
0018fd70	_ZN2YS23trap_limit_motion_startEP8BD_VALUE	med	1	1		YS::trap_limit_motion_start(BD_VALUE *) [DWARF: static -- no implicit `this`, do NOT add a leading self/object-pointer argument]	C:/hd25/kingdom2/yasui/libys/trapbattle.cpp
0018fdb0	_ZN2YS17trap_limit_playerEP8BD_VALUE	sim-sandwich	1	1		YS::trap_limit_player(BD_VALUE *) [DWARF: static -- no implicit `this`, do NOT add a leading self/object-pointer argument]	C:/hd25/kingdom2/yasui/libys/trapbattle.cpp
0018fdc0	_ZN2YS17trap_limit_friendEP8BD_VALUE	sim-sandwich	1	1		YS::trap_limit_friend(BD_VALUE *) [DWARF: static -- no implicit `this`, do NOT add a leading self/object-pointer argument]	C:/hd25/kingdom2/yasui/libys/trapbattle.cpp
0018fde0	_ZN2YS23trap_limit_camera_startEP8BD_VALUE	med	1	1		YS::trap_limit_camera_start(BD_VALUE *) [DWARF: static -- no implicit `this`, do NOT add a leading self/object-pointer argument]	C:/hd25/kingdom2/yasui/libys/trapbattle.cpp
0018fe10	_ZN2YS23trap_limit_start_threadEP8BD_VALUE	sim-med	1	1		YS::trap_limit_start_thread(BD_VALUE *) [DWARF: static -- no implicit `this`, do NOT add a leading self/object-pointer argument]	C:/hd25/kingdom2/yasui/libys/trapbattle.cpp
0018fe34	_ZN2YS16trap_limit_lightEP8BD_VALUE	sim-sib-med	1	1		YS::trap_limit_light(BD_VALUE *) [DWARF: static -- no implicit `this`, do NOT add a leading self/object-pointer argument]	C:/hd25/kingdom2/yasui/libys/trapbattle.cpp
0018fe48	_ZN2YS23trap_limit_effect_startEP8BD_VALUE	sim-med	1	1		YS::trap_limit_effect_start(BD_VALUE *) [DWARF: static -- no implicit `this`, do NOT add a leading self/object-pointer argument]	C:/hd25/kingdom2/yasui/libys/trapbattle.cpp
0018fe80	_ZN2YS27trap_limit_effect_start_posEP8BD_VALUE	sim-med	1	1		YS::trap_limit_effect_start_pos(BD_VALUE *) [DWARF: static -- no implicit `this`, do NOT add a leading self/object-pointer argument]	C:/hd25/kingdom2/yasui/libys/trapbattle.cpp
0018fee8	_ZN2YS28trap_limit_effect_start_bindEP8BD_VALUE	sim-sandwich	1	1		YS::trap_limit_effect_start_bind(BD_VALUE *) [DWARF: static -- no implicit `this`, do NOT add a leading self/object-pointer argument]	C:/hd25/kingdom2/yasui/libys/trapbattle.cpp
0018ff28	_ZN2YS15trap_limit_timeEP8BD_VALUE	sim-med	1	1		YS::trap_limit_time(BD_VALUE *) [DWARF: static -- no implicit `this`, do NOT add a leading self/object-pointer argument]	C:/hd25/kingdom2/yasui/libys/trapbattle.cpp
00190038	_ZN2YS27trap_vacuum_set_ignore_typeEP8BD_VALUE	sim-sib-med	1	1		YS::trap_vacuum_set_ignore_type(BD_VALUE *) [DWARF: static -- no implicit `this`, do NOT add a leading self/object-pointer argument]	C:/hd25/kingdom2/yasui/libys/trapbattle.cpp
00190058	_ZN2YS19trap_vacuum_set_posEP8BD_VALUE	sim-sib-med	1	1		YS::trap_vacuum_set_pos(BD_VALUE *) [DWARF: static -- no implicit `this`, do NOT add a leading self/object-pointer argument]	C:/hd25/kingdom2/yasui/libys/trapbattle.cpp
00190078	_ZN2YS21trap_vacuum_set_speedEP8BD_VALUE	sim-sib-med	1	1		YS::trap_vacuum_set_speed(BD_VALUE *) [DWARF: static -- no implicit `this`, do NOT add a leading self/object-pointer argument]	C:/hd25/kingdom2/yasui/libys/trapbattle.cpp
001900d0	_ZN2YS6TARGET4InitEv	med	1	0		YS::TARGET::Init() [DWARF: static -- no implicit `this`, do NOT add a leading self/object-pointer argument]	C:/hd25/kingdom2/yasui/libys/target.cpp
00190128	_ZN2YS6TARGET5clearEv	high	0	1		YS::TARGET::clear(YS::TARGET *)	C:/hd25/kingdom2/yasui/libys/target.cpp
001902a8	_ZNK2YS6TARGET14make_collisionEPNS_9COLLISIONE	high	0	2		YS::TARGET::make_collision(const YS::TARGET *, YS::COLLISION *)	C:/hd25/kingdom2/yasui/libys/target.cpp
00190388	_ZNK2YS6TARGET7get_posEv	med	0	1		YS::TARGET::get_pos(const YS::TARGET *)	C:/hd25/kingdom2/yasui/libys/target.cpp
001903d0	_ZNK2YS6TARGET21make_camera_collisionEPNS_9COLLISIONE	sim-sib-high	0	2		YS::TARGET::make_camera_collision(const YS::TARGET *, YS::COLLISION *)	C:/hd25/kingdom2/yasui/libys/target.cpp
001904f0	_ZNK2YS6TARGET26make_talk_camera_collisionEPNS_9COLLISIONE	high	0	2		YS::TARGET::make_talk_camera_collision(const YS::TARGET *, YS::COLLISION *)	C:/hd25/kingdom2/yasui/libys/target.cpp
00190570	_ZN2YS6TARGET7ReplaceEPNS_3OBJES2_	med	1	2		YS::TARGET::Replace(YS::OBJ *, YS::OBJ *) [DWARF: static -- no implicit `this`, do NOT add a leading self/object-pointer argument]	C:/hd25/kingdom2/yasui/libys/target.cpp
001906f0	_ZN2YS6TARGET8get_distERKN2kn7FVectorE	high	0	2	float	YS::TARGET::get_dist(YS::TARGET *, RCFVector)	C:/hd25/kingdom2/yasui/libys/target.cpp
00190730	_ZN2YS6TARGET4eachEPKNS_14COLLISION_ELEME	high	0	2	const YS::COLLISION_ELEM *	YS::TARGET::each(YS::TARGET *, const YS::COLLISION_ELEM *)	C:/hd25/kingdom2/yasui/libys/target.cpp
00190990	_ZN2YS6TARGET6searchENS0_4TYPEEPNS_3OBJE	med	0	3		YS::TARGET::search(YS::TARGET *, YS::TARGET::TYPE, YS::OBJ *)	C:/hd25/kingdom2/yasui/libys/target.cpp
00190a28	_ZN2YS6TARGET15SetBeforePlayerEPNS_3OBJEi	sim-rerun-med	1	2		YS::TARGET::SetBeforePlayer(YS::OBJ *, int) [DWARF: static -- no implicit `this`, do NOT add a leading self/object-pointer argument]	C:/hd25/kingdom2/yasui/libys/target.cpp
00190b30	_ZN2YS6TARGET13search_lockonEPNS_6PLAYERE	med	0	2		YS::TARGET::search_lockon(YS::TARGET *, YS::PLAYER *)	C:/hd25/kingdom2/yasui/libys/target.cpp
00190d10	_ZN2YS6TARGET6changeEPNS_6PLAYEREf	med	0	3	YS::TARGET	YS::TARGET::change(YS::TARGET *, YS::PLAYER *, float)	C:/hd25/kingdom2/yasui/libys/target.cpp
00190f80	_ZN2YS6TARGET18search_auto_lockonEPNS_6PLAYEREf	high	0	3		YS::TARGET::search_auto_lockon(YS::TARGET *, YS::PLAYER *, const float)	C:/hd25/kingdom2/yasui/libys/target.cpp
00191218	_ZN2YS6TARGET13search_btlnpcEPNS_3OBJEf	med	0	3		YS::TARGET::search_btlnpc(YS::TARGET *, YS::OBJ *, float)	C:/hd25/kingdom2/yasui/libys/target.cpp
001913d8	_ZN2YS6TARGET10change_dirEPNS_6PLAYERERKN2kn7FVectorE	sim-med	0	3	YS::TARGET	YS::TARGET::change_dir(YS::TARGET *, YS::PLAYER *, const kn::FVector &)	C:/hd25/kingdom2/yasui/libys/target.cpp
001918c8	_ZN2YS6STATUS15CheckBattleModeEv	med	1	0		YS::STATUS::CheckBattleMode() [DWARF: static -- no implicit `this`, do NOT add a leading self/object-pointer argument]	C:/hd25/kingdom2/yasui/libys/status.cpp
00191938	_ZN2YS6STATUS4InitEv	sim-rerun2-med	1	0		YS::STATUS::Init() [DWARF: static -- no implicit `this`, do NOT add a leading self/object-pointer argument]	C:/hd25/kingdom2/yasui/libys/status.cpp
001919d0	_ZN2YS6STATUS12IsPrizeDrainEv	sim-rerun-med	1	0	bool	YS::STATUS::IsPrizeDrain() [DWARF: static -- no implicit `this`, do NOT add a leading self/object-pointer argument]	C:/hd25/kingdom2/yasui/libys/status.cpp
001919f8	_ZN2YS6STATUS20IsPeterpanPrizeDrainEv	sim-rerun-med	1	0	bool	YS::STATUS::IsPeterpanPrizeDrain() [DWARF: static -- no implicit `this`, do NOT add a leading self/object-pointer argument]	C:/hd25/kingdom2/yasui/libys/status.cpp
00191a20	_ZN2YS6STATUS9StopStartEv	sim-med	1	0		YS::STATUS::StopStart() [DWARF: static -- no implicit `this`, do NOT add a leading self/object-pointer argument]	C:/hd25/kingdom2/yasui/libys/status.cpp
00191a38	_ZN2YS6STATUS7StopEndEv	sim-sandwich	1	0		YS::STATUS::StopEnd() [DWARF: static -- no implicit `this`, do NOT add a leading self/object-pointer argument]	C:/hd25/kingdom2/yasui/libys/status.cpp
00191a50	_ZN2YS6STATUS13IsDisableZoneEv	med	1	0	bool	YS::STATUS::IsDisableZone() [DWARF: static -- no implicit `this`, do NOT add a leading self/object-pointer argument]	C:/hd25/kingdom2/yasui/libys/status.cpp
00191c50	_ZN2YS6STATUS13IsFreeAbilityEv	sim-rerun-med	1	0	bool	YS::STATUS::IsFreeAbility() [DWARF: static -- no implicit `this`, do NOT add a leading self/object-pointer argument]	C:/hd25/kingdom2/yasui/libys/status.cpp
00191cd8	_ZN2YS6STATUS10CheckEnemyEv	sim-high	1	0		YS::STATUS::CheckEnemy() [DWARF: static -- no implicit `this`, do NOT add a leading self/object-pointer argument]	C:/hd25/kingdom2/yasui/libys/status.cpp
00191e40	_ZN2YS6STATUS17IsDisableCampMenuEv	high	1	0	bool	YS::STATUS::IsDisableCampMenu() [DWARF: static -- no implicit `this`, do NOT add a leading self/object-pointer argument]	C:/hd25/kingdom2/yasui/libys/status.cpp
00191f20	_ZN2YS10STOP_TABLE3GetEi	sim-rerun-med	1	1	const YS::STOP_TABLE *	YS::STOP_TABLE::Get(int) [DWARF: static -- no implicit `this`, do NOT add a leading self/object-pointer argument]	C:/hd25/kingdom2/yasui/libys/stoptable.cpp
00191f78	_ZN2YS7MESSAGE3SetEiPv	sim-med	1	2		YS::MESSAGE::Set(int, void *) [DWARF: static -- no implicit `this`, do NOT add a leading self/object-pointer argument]	C:/hd25/kingdom2/yasui/libys/message.cpp
001921d8	_ZN2YS7MESSAGE11GetFilenameEi	high	1	1	const char *	YS::MESSAGE::GetFilename(int) [DWARF: static -- no implicit `this`, do NOT add a leading self/object-pointer argument]	C:/hd25/kingdom2/yasui/libys/message.cpp
001922c8	_ZN2YS7MESSAGE4ExitEi	med	1	1		YS::MESSAGE::Exit(int) [DWARF: static -- no implicit `this`, do NOT add a leading self/object-pointer argument]	C:/hd25/kingdom2/yasui/libys/message.cpp
00192320	_ZN2YS7MESSAGE7SysInitEv	high	1	0		YS::MESSAGE::SysInit() [DWARF: static -- no implicit `this`, do NOT add a leading self/object-pointer argument]	C:/hd25/kingdom2/yasui/libys/message.cpp
00192388	_ZNK2YS7MESSAGE4eachEv	med	0	1	const YS::MESSAGE *	YS::MESSAGE::each(const YS::MESSAGE *)	C:/hd25/kingdom2/yasui/libys/message.cpp
00192440	_ZNK2YS7MESSAGE15is_control_codeEi	med	0	2	bool	YS::MESSAGE::is_control_code(const YS::MESSAGE *, int)	C:/hd25/kingdom2/yasui/libys/message.cpp
00192498	_ZNK2YS7MESSAGE9get_shortEi	med	0	2	short	YS::MESSAGE::get_short(const YS::MESSAGE *, int)	C:/hd25/kingdom2/yasui/libys/message.cpp
00192a80	_ZNK2YS7MESSAGE15get_line_lengthEv	med	0	1	int	YS::MESSAGE::get_line_length(const YS::MESSAGE *)	C:/hd25/kingdom2/yasui/libys/message.cpp
00192cc0	_ZN2YS7MESSAGE7SprintfEPcPKcz	med	1	2	const YS::MESSAGE *	YS::MESSAGE::Sprintf(char *, const char *) [DWARF: static -- no implicit `this`, do NOT add a leading self/object-pointer argument]	C:/hd25/kingdom2/yasui/libys/message.cpp
00192e20	_ZN2YS7MESSAGE13CodeToMessageEPtiPc	sim-med	1	3	const YS::MESSAGE *	YS::MESSAGE::CodeToMessage(u_short *, int, char *) [DWARF: static -- no implicit `this`, do NOT add a leading self/object-pointer argument]	C:/hd25/kingdom2/yasui/libys/message.cpp
00192f78	_ZN2YS7MESSAGE5STYLEC1Ev	sim-sib-med	0	1		YS::MESSAGE::STYLE::STYLE(YS::MESSAGE::STYLE *)	C:/hd25/kingdom2/yasui/libys/message.cpp
00192f98	_ZN2YS7MESSAGE5STYLE5resetEv	med	0	1		YS::MESSAGE::STYLE::reset(YS::MESSAGE::STYLE *)	C:/hd25/kingdom2/yasui/libys/message.cpp
00192fb8	_ZNK2YS7MESSAGE5STYLE11get_h_scaleEv	med	0	1	float	YS::MESSAGE::STYLE::get_h_scale(const YS::MESSAGE::STYLE *)	C:/hd25/kingdom2/yasui/libys/message.cpp
00193038	_ZN2YS3OBJ4drawEv	med	0	1		YS::OBJ::draw(YS::OBJ *)	C:/hd25/kingdom2/yasui/libys/objdraw.cpp
00193330	_ZN2YS3OBJ17calc_bounding_boxEv	med	0	1		YS::OBJ::calc_bounding_box(YS::OBJ *)	C:/hd25/kingdom2/yasui/libys/objdraw.cpp
00193608	_ZN2YS3OBJ11make_matrixEv	high	0	1		YS::OBJ::make_matrix(YS::OBJ *)	C:/hd25/kingdom2/yasui/libys/objdraw.cpp
00193be8	_ZN2YS3OBJ15make_matrix_subERKN2kn7FVectorES4_RNS1_7FMatrixE	med	0	4		YS::OBJ::make_matrix_sub(YS::OBJ *, const kn::FVector &, const kn::FVector &, kn::FMatrix &)	C:/hd25/kingdom2/yasui/libys/objdraw.cpp
00193d38	_ZN2YS3OBJ14make_matrix_lkERN2kn7FMatrixE	high	0	2		YS::OBJ::make_matrix_lk(YS::OBJ *, kn::FMatrix &)	C:/hd25/kingdom2/yasui/libys/objdraw.cpp
00193e88	_ZN2YS3OBJ16make_draw_matrixEv	med	0	1		YS::OBJ::make_draw_matrix(YS::OBJ *)	C:/hd25/kingdom2/yasui/libys/objdraw.cpp
001940a0	_ZN2YS3OBJ10texanm_setEi	sim-sandwich	0	2		YS::OBJ::texanm_set(YS::OBJ *, int)	C:/hd25/kingdom2/yasui/libys/objdraw.cpp
001940b8	_ZN2YS3OBJ7set_fogEiiiff	sim-med	0	6		YS::OBJ::set_fog(YS::OBJ *, int, int, int, float, float)	C:/hd25/kingdom2/yasui/libys/objdraw.cpp
00194120	_ZN2YS3OBJ9exec_fadeEv	med	0	1		YS::OBJ::exec_fade(YS::OBJ *)	C:/hd25/kingdom2/yasui/libys/objdraw.cpp
00194218	_ZN2YS3OBJ12set_tex_fadeEf	med	0	2		YS::OBJ::set_tex_fade(YS::OBJ *, float)	C:/hd25/kingdom2/yasui/libys/objdraw.cpp
00194318	_ZN2YS3OBJ11exec_pirateEv	med	0	1		YS::OBJ::exec_pirate(YS::OBJ *)	C:/hd25/kingdom2/yasui/libys/objdraw.cpp
001943e8	_ZN2YS3OBJ9is_mirrorEv	med	0	1	bool	YS::OBJ::is_mirror(YS::OBJ *)	C:/hd25/kingdom2/yasui/libys/objdraw.cpp
001945a0	_ZN2YS3OBJ15set_parts_colorEjjf	sim-med	0	4		YS::OBJ::set_parts_color(YS::OBJ *, u_int, u_int, float)	C:/hd25/kingdom2/yasui/libys/objdraw.cpp
00194668	_ZN2YS3OBJ13detach_cameraEv	med	0	1		YS::OBJ::detach_camera(YS::OBJ *)	C:/hd25/kingdom2/yasui/libys/objdraw.cpp
001947c0	_ZN2YS8AREAINFO3GetEii	med	1	2	const YS::AREAINFO *	YS::AREAINFO::Get(int, int) [DWARF: static -- no implicit `this`, do NOT add a leading self/object-pointer argument]	C:/hd25/kingdom2/yasui/libys/areainfo.cpp
00194830	_ZN2YS8AREAINFO7IsCheckEiii	med	1	3	bool	YS::AREAINFO::IsCheck(int, int, int) [DWARF: static -- no implicit `this`, do NOT add a leading self/object-pointer argument]	C:/hd25/kingdom2/yasui/libys/areainfo.cpp
00194878	_ZN2YS8AREAINFO7IsKnownEii	sim-med	1	2	bool	YS::AREAINFO::IsKnown(int, int) [DWARF: static -- no implicit `this`, do NOT add a leading self/object-pointer argument]	C:/hd25/kingdom2/yasui/libys/areainfo.cpp
00194898	_ZN2YS8AREAINFO8IsIndoorEv	sim-rerun-med	1	0	bool	YS::AREAINFO::IsIndoor() [DWARF: static -- no implicit `this`, do NOT add a leading self/object-pointer argument]	C:/hd25/kingdom2/yasui/libys/areainfo.cpp
001948c0	_ZN2YS8AREAINFO12IsMonochromeEii	sim-sandwich	1	2	bool	YS::AREAINFO::IsMonochrome(int, int) [DWARF: static -- no implicit `this`, do NOT add a leading self/object-pointer argument]	C:/hd25/kingdom2/yasui/libys/areainfo.cpp
00194908	_ZN2YS8AREAINFO6IsGlowEv	sim-med	1	0	bool	YS::AREAINFO::IsGlow() [DWARF: static -- no implicit `this`, do NOT add a leading self/object-pointer argument]	C:/hd25/kingdom2/yasui/libys/areainfo.cpp
00194930	_ZN2YS8AREAINFO6SetBgmEv	med	1	0		YS::AREAINFO::SetBgm() [DWARF: static -- no implicit `this`, do NOT add a leading self/object-pointer argument]	C:/hd25/kingdom2/yasui/libys/areainfo.cpp
00194980	_ZN2YS8AREAINFO12CheckNavimapEv	med	1	0		YS::AREAINFO::CheckNavimap() [DWARF: static -- no implicit `this`, do NOT add a leading self/object-pointer argument]	C:/hd25/kingdom2/yasui/libys/areainfo.cpp
001949d0	_ZN2YS8AREAINFO13IsShowNavimapEv	sim-rerun-med	1	0	bool	YS::AREAINFO::IsShowNavimap() [DWARF: static -- no implicit `this`, do NOT add a leading self/object-pointer argument]	C:/hd25/kingdom2/yasui/libys/areainfo.cpp
00194a30	_ZN2YS6BATTLE7SysInitEv	high	1	0		YS::BATTLE::SysInit() [DWARF: static -- no implicit `this`, do NOT add a leading self/object-pointer argument]	C:/hd25/kingdom2/yasui/libys/battle.cpp
001955a8	_ZN2YS7HISTORY4nextEi	sim-rerun2-med	0	2		YS::HISTORY::next(YS::HISTORY *, int)	C:/hd25/kingdom2/yasui/libys/history.cpp
001956d0	_ZN2YS7HISTORY3setEi	sim-sib-med	0	2		YS::HISTORY::set(YS::HISTORY *, int)	C:/hd25/kingdom2/yasui/libys/history.cpp
001957e8	_ZN2YS4SPECC1Ev	sim-sib-med	0	1		YS::SPEC::SPEC(YS::SPEC *)	C:/hd25/kingdom2/yasui/libys/spec.cpp
00195858	_ZN2YS4SPEC3setEi	sim-med	0	2		YS::SPEC::set(YS::SPEC *, int)	C:/hd25/kingdom2/yasui/libys/spec.cpp
001958d0	_ZN2YS11ACTION_HANG5CheckEPNS_5PARTYE	sim-high	1	1	bool	YS::ACTION_HANG::Check(YS::PARTY *) [DWARF: static -- no implicit `this`, do NOT add a leading self/object-pointer argument]	C:/hd25/kingdom2/yasui/libys/action_hang.cpp
00195c08	_ZN2YS11ACTION_HANG5startEPNS_3OBJE	sim-med	0	2		YS::ACTION_HANG::start(YS::ACTION_HANG *, YS::OBJ *)	C:/hd25/kingdom2/yasui/libys/action_hang.cpp
00195c58	_ZN2YS11ACTION_HANG3endEPNS_3OBJE	sim-high	0	2		YS::ACTION_HANG::end(YS::ACTION_HANG *, YS::OBJ *)	C:/hd25/kingdom2/yasui/libys/action_hang.cpp
00195d00	_ZN2YS11ACTION_HANG7controlEPNS_3OBJE	sim-high	0	2		YS::ACTION_HANG::control(YS::ACTION_HANG *, YS::OBJ *)	C:/hd25/kingdom2/yasui/libys/action_hang.cpp
00195dc8	_ZN2YS11ACTION_HANG10party_jumpEPNS_3OBJEb	sim-high	0	3		YS::ACTION_HANG::party_jump(YS::ACTION_HANG *, YS::OBJ *, bool)	C:/hd25/kingdom2/yasui/libys/action_hang.cpp
00195ed8	_ZN2YS9SAVEPOINTC1EPKNS_8OBJENTRYERKN2kn7FVectorEf	sim-high	0	4		YS::SAVEPOINT::SAVEPOINT(YS::SAVEPOINT *, const YS::OBJENTRY *, const kn::FVector &, float)	C:/hd25/kingdom2/yasui/libys/savepoint.cpp
00196028	_ZN2YS9SAVEPOINT7recoverEv	sim-high	0	1		YS::SAVEPOINT::recover(YS::SAVEPOINT *)	C:/hd25/kingdom2/yasui/libys/savepoint.cpp
00196198	_ZN2YS8VMCOMMON7NewGameEv	sim-high	1	0		YS::VMCOMMON::NewGame() [DWARF: static -- no implicit `this`, do NOT add a leading self/object-pointer argument]	C:/hd25/kingdom2/yasui/libys/vmcommon.cpp
00196388	_ZN2YS10WORLDPOINT9AreaToNumEii	sim-rerun-med	1	2	int	YS::WORLDPOINT::AreaToNum(int, int) [DWARF: static -- no implicit `this`, do NOT add a leading self/object-pointer argument]	C:/hd25/kingdom2/yasui/libys/worldpoint.cpp
00196540	_ZN2YS10WORLDPOINT16ProgressCallbackEi	sim-med	1	1		YS::WORLDPOINT::ProgressCallback(int) [DWARF: static -- no implicit `this`, do NOT add a leading self/object-pointer argument]	C:/hd25/kingdom2/yasui/libys/worldpoint.cpp
00196888	_ZN2YS10UNITSCRIPT8ExecTaskEP4TASK	sim-med	1	1		YS::UNITSCRIPT::ExecTask(TASK *) [DWARF: static -- no implicit `this`, do NOT add a leading self/object-pointer argument]	C:/hd25/kingdom2/yasui/libys/unitscript.cpp
00196908	_ZN2YS10UNITSCRIPT5StartEPv	high	1	1	int	YS::UNITSCRIPT::Start(void *) [DWARF: static -- no implicit `this`, do NOT add a leading self/object-pointer argument]	C:/hd25/kingdom2/yasui/libys/unitscript.cpp
001969c0	_ZN2YS10UNITSCRIPT4StopEi	med	1	1		YS::UNITSCRIPT::Stop(int) [DWARF: static -- no implicit `this`, do NOT add a leading self/object-pointer argument]	C:/hd25/kingdom2/yasui/libys/unitscript.cpp
00196a08	_ZN2YS10UNITSCRIPT9FinalizerEP4TASK	sim-med	1	1		YS::UNITSCRIPT::Finalizer(TASK *) [DWARF: static -- no implicit `this`, do NOT add a leading self/object-pointer argument]	C:/hd25/kingdom2/yasui/libys/unitscript.cpp
00196a40	_ZN2YS10UNITSCRIPT4InitEv	med	1	0		YS::UNITSCRIPT::Init() [DWARF: static -- no implicit `this`, do NOT add a leading self/object-pointer argument]	C:/hd25/kingdom2/yasui/libys/unitscript.cpp
00196aa0	_ZN2YS10UNITSCRIPT14DamageCallbackEPNS_3OBJEPNS_6DAMAGEE	med	1	2		YS::UNITSCRIPT::DamageCallback(YS::OBJ *, YS::DAMAGE *) [DWARF: static -- no implicit `this`, do NOT add a leading self/object-pointer argument]	C:/hd25/kingdom2/yasui/libys/unitscript.cpp
00196b88	_ZN2YS5EVENT4InitEv	sim-rerun-med	1	0		YS::EVENT::Init() [DWARF: static -- no implicit `this`, do NOT add a leading self/object-pointer argument]	C:/hd25/kingdom2/yasui/libys/event.cpp
00196ca8	_ZN2YS5EVENTC1EiPv	sim-high	0	3		YS::EVENT::EVENT(YS::EVENT *, int, void *)	C:/hd25/kingdom2/yasui/libys/event.cpp
00196e00	_ZN2YS5EVENTD1Ev	sim-high	0	1		YS::EVENT::~EVENT(YS::EVENT *)	C:/hd25/kingdom2/yasui/libys/event.cpp
00196e98	_ZN2YS5EVENT17set_camera_targetEPNS_3OBJE	high	0	2		YS::EVENT::set_camera_target(YS::EVENT *, YS::OBJ *)	C:/hd25/kingdom2/yasui/libys/event.cpp
00196f00	_ZN2YS5EVENT5startEv	sim-high	0	1		YS::EVENT::start(YS::EVENT *)	C:/hd25/kingdom2/yasui/libys/event.cpp
00197028	_ZN2YS5EVENT4execEv	med	0	1	bool	YS::EVENT::exec(YS::EVENT *)	C:/hd25/kingdom2/yasui/libys/event.cpp
00197148	_ZN2YS5EVENT13phase_fadeoutEv	med	0	1		YS::EVENT::phase_fadeout(YS::EVENT *)	C:/hd25/kingdom2/yasui/libys/event.cpp
00197318	_ZN2YS5EVENT17phase_clear_cacheEv	med	0	1		YS::EVENT::phase_clear_cache(YS::EVENT *)	C:/hd25/kingdom2/yasui/libys/event.cpp
00197430	_ZN2YS5EVENT12phase_fadeinEv	med	0	1		YS::EVENT::phase_fadein(YS::EVENT *)	C:/hd25/kingdom2/yasui/libys/event.cpp
001975a0	_ZN2YS5EVENT9phase_endEv	med	0	1		YS::EVENT::phase_end(YS::EVENT *)	C:/hd25/kingdom2/yasui/libys/event.cpp
001977a0	_ZN2YS5EVENT14IsExecPreEventEv	med	1	0	bool	YS::EVENT::IsExecPreEvent() [DWARF: static -- no implicit `this`, do NOT add a leading self/object-pointer argument]	C:/hd25/kingdom2/yasui/libys/event.cpp
00197800	_ZN2YS5EVENT8CanStartEv	med	1	0	bool	YS::EVENT::CanStart() [DWARF: static -- no implicit `this`, do NOT add a leading self/object-pointer argument]	C:/hd25/kingdom2/yasui/libys/event.cpp
00197828	_ZN2YS5EVENT14StartMainEventEf	med	1	1		YS::EVENT::StartMainEvent(float) [DWARF: static -- no implicit `this`, do NOT add a leading self/object-pointer argument]	C:/hd25/kingdom2/yasui/libys/event.cpp
00197930	_ZN2YS5EVENT5StartEjiRNS_6JUMPERE	med	1	3		YS::EVENT::Start(u_int, int, YS::JUMPER &) [DWARF: static -- no implicit `this`, do NOT add a leading self/object-pointer argument]	C:/hd25/kingdom2/yasui/libys/event.cpp
001979d8	_ZN2YS5EVENT11GetJumpAreaER4AREA	med	1	1	bool	YS::EVENT::GetJumpArea(AREA &) [DWARF: static -- no implicit `this`, do NOT add a leading self/object-pointer argument]	C:/hd25/kingdom2/yasui/libys/event.cpp
00197a00	_ZN2YS5EVENT8ExecTaskEP4TASK	med	1	1		YS::EVENT::ExecTask(TASK *) [DWARF: static -- no implicit `this`, do NOT add a leading self/object-pointer argument]	C:/hd25/kingdom2/yasui/libys/event.cpp
00197ac0	_ZN2YS5EVENT14ExecCameraTaskEP4TASK	med	1	1		YS::EVENT::ExecCameraTask(TASK *) [DWARF: static -- no implicit `this`, do NOT add a leading self/object-pointer argument]	C:/hd25/kingdom2/yasui/libys/event.cpp
00197af8	_ZN2YS5EVENT18ExecStopScreenTaskEP4TASK	med	1	1		YS::EVENT::ExecStopScreenTask(TASK *) [DWARF: static -- no implicit `this`, do NOT add a leading self/object-pointer argument]	C:/hd25/kingdom2/yasui/libys/event.cpp
00197c28	_ZN2YS5EVENT15phase_wait_fadeEv	sim-med	0	1		YS::EVENT::phase_wait_fade(YS::EVENT *)	C:/hd25/kingdom2/yasui/libys/event.cpp
00197cc0	_ZN2YS5EVENT7LayerOnEv	sim-med	1	0		YS::EVENT::LayerOn() [DWARF: static -- no implicit `this`, do NOT add a leading self/object-pointer argument]	C:/hd25/kingdom2/yasui/libys/event.cpp
00197d18	_ZN2YS5EVENT16StartLayerOnTaskEv	sim-med	1	0		YS::EVENT::StartLayerOnTask() [DWARF: static -- no implicit `this`, do NOT add a leading self/object-pointer argument]	C:/hd25/kingdom2/yasui/libys/event.cpp
00197d40	_ZN2YS5EVENT11TagCallbackEi	sim-med	1	1		YS::EVENT::TagCallback(int) [DWARF: static -- no implicit `this`, do NOT add a leading self/object-pointer argument]	C:/hd25/kingdom2/yasui/libys/event.cpp
00197e08	_ZN2YS5EVENT7ReplaceEPNS_3OBJES2_	med	1	2		YS::EVENT::Replace(YS::OBJ *, YS::OBJ *) [DWARF: static -- no implicit `this`, do NOT add a leading self/object-pointer argument]	C:/hd25/kingdom2/yasui/libys/event.cpp
00197e68	_ZN2YS5EVENT11SetSkipFlagEv	sim-sandwich	1	0		YS::EVENT::SetSkipFlag() [DWARF: static -- no implicit `this`, do NOT add a leading self/object-pointer argument]	C:/hd25/kingdom2/yasui/libys/event.cpp
00198290	_ZN2YS6STDOBJC1EPKNS_8OBJENTRYEjRKN2kn7FVectorEf	high	0	5		YS::STDOBJ::STDOBJ(YS::STDOBJ *, const YS::OBJENTRY *, u_int, const kn::FVector &, float)	C:/hd25/kingdom2/yasui/libys/stdobj.cpp
00198450	_ZN2YS6STDOBJ15_OVR_initializeEv	sim-high	0	1		YS::STDOBJ::_OVR_initialize(YS::STDOBJ *)	C:/hd25/kingdom2/yasui/libys/stdobj.cpp
001984b8	_ZN2YS6STDOBJ13_OVR__destroyEv	med	0	1		YS::STDOBJ::_OVR__destroy(YS::STDOBJ *)	C:/hd25/kingdom2/yasui/libys/stdobj.cpp
00198510	_ZN2YS6STDOBJ16_OVR_check_leaveEv	sim-rerun-med	0	1	bool	YS::STDOBJ::_OVR_check_leave(YS::STDOBJ *)	C:/hd25/kingdom2/yasui/libys/stdobj.cpp
00198580	_ZN2YS6STDOBJ7call_seEiRKN2kn7FVectorE	med	0	3	u_int	YS::STDOBJ::call_se(YS::STDOBJ *, int, const kn::FVector &)	C:/hd25/kingdom2/yasui/libys/stdobj.cpp
00198630	_ZN2YS6STDOBJ10_OVR_voiceEii	sim-med	0	3		YS::STDOBJ::_OVR_voice(YS::STDOBJ *, int, int)	C:/hd25/kingdom2/yasui/libys/stdobj.cpp
00198660	_ZN2YS6STDOBJ16_OVR_check_leaveEv	med	0	1	bool	YS::STDOBJ::_OVR_check_leave(YS::STDOBJ *)	C:/hd25/kingdom2/yasui/libys/stdobj.cpp
00198690	_ZN2YS6STDOBJ14_OVR_post_execEv	med	0	1		YS::STDOBJ::_OVR_post_exec(YS::STDOBJ *)	C:/hd25/kingdom2/yasui/libys/stdobj.cpp
00198738	_ZN2YS6STDOBJ15get_camera_dataEPKc	sim-med	0	2	void *	YS::STDOBJ::get_camera_data(YS::STDOBJ *, const char *)	C:/hd25/kingdom2/yasui/libys/stdobj.cpp
001987a8	_ZN2YS6STDOBJ12start_cameraEPKcPNS_3OBJE	high	0	3		YS::STDOBJ::start_camera(YS::STDOBJ *, const char *, YS::OBJ *)	C:/hd25/kingdom2/yasui/libys/stdobj.cpp
00198970	_ZN2YS6STDOBJ21reset_special_commandEv	high	0	1		YS::STDOBJ::reset_special_command(YS::STDOBJ *)	C:/hd25/kingdom2/yasui/libys/stdobj.cpp
00198a90	_ZN2YS6STDOBJ19reset_command_imageEv	med	0	1		YS::STDOBJ::reset_command_image(YS::STDOBJ *)	C:/hd25/kingdom2/yasui/libys/stdobj.cpp
00198aa8	_ZN2YS6STDOBJ17play_singleton_seEiii	sim-sandwich	0	4		YS::STDOBJ::play_singleton_se(YS::STDOBJ *, int, int, int)	C:/hd25/kingdom2/yasui/libys/stdobj.cpp
00198ae0	_ZN2YS6STDOBJ16motion_attack_onEiii	sim-med	0	4		YS::STDOBJ::motion_attack_on(YS::STDOBJ *, int, int, int)	C:/hd25/kingdom2/yasui/libys/stdobj.cpp
00198bd0	_ZN2YS11SIGNAL_HOOK6SearchEii	sim-rerun-med	1	2	YS::SIGNAL_HOOK *	YS::SIGNAL_HOOK::Search(int, int) [DWARF: static -- no implicit `this`, do NOT add a leading self/object-pointer argument]	C:/hd25/kingdom2/yasui/libys/signalhook.cpp
00198d50	_ZN2YS11SIGNAL_HOOKC1Ev	sim-med	0	1		YS::SIGNAL_HOOK::SIGNAL_HOOK(YS::SIGNAL_HOOK *)	C:/hd25/kingdom2/yasui/libys/signalhook.cpp
00198ee8	_ZN2YS11SIGNAL_HOOK4execEv	sim-high	0	1		YS::SIGNAL_HOOK::exec(YS::SIGNAL_HOOK *)	C:/hd25/kingdom2/yasui/libys/signalhook.cpp
00199030	_ZN2YS11SIGNAL_HOOK10SignalCallEii	sim-high	1	2	bool	YS::SIGNAL_HOOK::SignalCall(int, int) [DWARF: static -- no implicit `this`, do NOT add a leading self/object-pointer argument]	C:/hd25/kingdom2/yasui/libys/signalhook.cpp
00199098	_ZN2YS11SIGNAL_HOOK9GetJumperEi	sim-med	1	1	YS::JUMPER	YS::SIGNAL_HOOK::GetJumper(int) [DWARF: static -- no implicit `this`, do NOT add a leading self/object-pointer argument]	C:/hd25/kingdom2/yasui/libys/signalhook.cpp
001992e0	_ZN2YS6SIGNAL4ExecEP4TASK	sim-med	1	1		YS::SIGNAL::Exec(TASK *) [DWARF: static -- no implicit `this`, do NOT add a leading self/object-pointer argument]	C:/hd25/kingdom2/yasui/libys/signal.cpp
00199548	_ZN2YS6SIGNAL4InitEv	sim-med	1	0		YS::SIGNAL::Init() [DWARF: static -- no implicit `this`, do NOT add a leading self/object-pointer argument]	C:/hd25/kingdom2/yasui/libys/signal.cpp
001995b8	_ZN2YS6SIGNAL7ReplaceEPNS_3OBJES2_	sim-rerun-med	1	2		YS::SIGNAL::Replace(YS::OBJ *, YS::OBJ *) [DWARF: static -- no implicit `this`, do NOT add a leading self/object-pointer argument]	C:/hd25/kingdom2/yasui/libys/signal.cpp
00199688	_ZN2YS9SOUNDINFO4InitEv	sim-med	1	0		YS::SOUNDINFO::Init() [DWARF: static -- no implicit `this`, do NOT add a leading self/object-pointer argument]	C:/hd25/kingdom2/yasui/libys/soundinfo.cpp
001997c0	_ZN2YS10UNIT_GROUP14get_level_costEv	sim-med	0	1	int	YS::UNIT_GROUP::get_level_cost(YS::UNIT_GROUP *)	C:/hd25/kingdom2/yasui/libys/unitgroup.cpp
00199810	_ZN2YS10UNIT_GROUP15init_appear_subEPKNS_13UNIT_DATA_OBJE	sim-med	0	2		YS::UNIT_GROUP::init_appear_sub(YS::UNIT_GROUP *, const YS::UNIT_DATA_OBJ *)	C:/hd25/kingdom2/yasui/libys/unitgroup.cpp
00199890	_ZNK2YS13UNIT_DATA_OBJ6appearEPNS_10UNIT_GROUPERKN2kn7FVectorE	med	0	3	YS::OBJ *	YS::UNIT_DATA_OBJ::appear(const YS::UNIT_DATA_OBJ *, YS::UNIT_GROUP *, const kn::FVector &)	C:/hd25/kingdom2/yasui/libys/unitgroup.cpp
00199970	_ZN2YS10UNIT_GROUPnwEj	sim-sib-med	1	1	void *	YS::UNIT_GROUP::operator new(size_t) [DWARF: static -- no implicit `this`, do NOT add a leading self/object-pointer argument]	C:/hd25/kingdom2/yasui/libys/unitgroup.cpp
001999b0	_ZN2YS10UNIT_GROUPC1EjPKNS_15UNIT_DATA_GROUPE	sim-high	0	3		YS::UNIT_GROUP::UNIT_GROUP(YS::UNIT_GROUP *, u_int, const YS::UNIT_DATA_GROUP *)	C:/hd25/kingdom2/yasui/libys/unitgroup.cpp
00199d38	_ZN2YS10UNIT_GROUP12read_requestEv	sim-med	0	1		YS::UNIT_GROUP::read_request(YS::UNIT_GROUP *)	C:/hd25/kingdom2/yasui/libys/unitgroup.cpp
00199dc0	_ZN2YS10UNIT_GROUP11init_appearEv	med	0	1		YS::UNIT_GROUP::init_appear(YS::UNIT_GROUP *)	C:/hd25/kingdom2/yasui/libys/unitgroup.cpp
0019a048	_ZN2YS10UNIT_GROUP4execERN2kn7FVectorE	med	0	2		YS::UNIT_GROUP::exec(YS::UNIT_GROUP *, kn::FVector &)	C:/hd25/kingdom2/yasui/libys/unitgroup.cpp
0019a308	_ZN2YS10UNIT_GROUP13init_minigameEv	med	0	1		YS::UNIT_GROUP::init_minigame(YS::UNIT_GROUP *)	C:/hd25/kingdom2/yasui/libys/unitgroup.cpp
0019a6c0	_ZN2YS10UNIT_GROUP9jump_areaEPKNS_4ZONEE	sim-high	0	2	bool	YS::UNIT_GROUP::jump_area(YS::UNIT_GROUP *, const YS::ZONE *)	C:/hd25/kingdom2/yasui/libys/unitgroup.cpp
0019aa00	_ZN2YS10UNIT_GROUP10dead_enemyEPNS_6BTLOBJE	med	0	2		YS::UNIT_GROUP::dead_enemy(YS::UNIT_GROUP *, YS::BTLOBJ *)	C:/hd25/kingdom2/yasui/libys/unitgroup.cpp
0019aa60	_ZN2YS10UNIT_GROUP11leave_enemyEPNS_6BTLOBJE	med	0	2		YS::UNIT_GROUP::leave_enemy(YS::UNIT_GROUP *, YS::BTLOBJ *)	C:/hd25/kingdom2/yasui/libys/unitgroup.cpp
0019ae60	_ZN2YS10UNIT_GROUP7levelupEv	sim-med	0	1		YS::UNIT_GROUP::levelup(YS::UNIT_GROUP *)	C:/hd25/kingdom2/yasui/libys/unitgroup.cpp
0019aec0	_ZN2YS10UNIT_GROUP13check_levelupEv	sim-med	0	1	bool	YS::UNIT_GROUP::check_levelup(YS::UNIT_GROUP *)	C:/hd25/kingdom2/yasui/libys/unitgroup.cpp
0019afd8	_ZN2YS10UNIT_GROUP15RandomPosPlayerEj	high	1	1		YS::UNIT_GROUP::RandomPosPlayer(OBJENTRY_ID) [DWARF: static -- no implicit `this`, do NOT add a leading self/object-pointer argument]	C:/hd25/kingdom2/yasui/libys/unitgroup.cpp
0019b0e8	_ZN2YS10UNIT_GROUP9RandomPosEjRKN2kn7FVectorEff	med	1	4		YS::UNIT_GROUP::RandomPos(OBJENTRY_ID, const kn::FVector &, float, float) [DWARF: static -- no implicit `this`, do NOT add a leading self/object-pointer argument]	C:/hd25/kingdom2/yasui/libys/unitgroup.cpp
0019b180	_ZN2YS10UNIT_GROUP11exec_battleEv	med	0	1		YS::UNIT_GROUP::exec_battle(YS::UNIT_GROUP *)	C:/hd25/kingdom2/yasui/libys/unitgroup.cpp
0019b260	_ZN2YS10UNIT_GROUP6SearchEi	med	1	1	YS::UNIT_GROUP *	YS::UNIT_GROUP::Search(int) [DWARF: static -- no implicit `this`, do NOT add a leading self/object-pointer argument]	C:/hd25/kingdom2/yasui/libys/unitgroup.cpp
0019b328	_ZN2YS10UNIT_GROUP8get_pathEi	med	0	2	const YS::UNIT_DATA_PATH *	YS::UNIT_GROUP::get_path(YS::UNIT_GROUP *, int)	C:/hd25/kingdom2/yasui/libys/unitgroup.cpp
0019b380	_ZN2YS10UNIT_GROUP14get_path_by_idEi	med	0	2	const YS::UNIT_DATA_PATH *	YS::UNIT_GROUP::get_path_by_id(YS::UNIT_GROUP *, int)	C:/hd25/kingdom2/yasui/libys/unitgroup.cpp
0019b500	_ZN2YS10UNIT_GROUP10appear_npcEv	sim-med	0	1		YS::UNIT_GROUP::appear_npc(YS::UNIT_GROUP *)	C:/hd25/kingdom2/yasui/libys/unitgroup.cpp
0019b5d8	_ZN2YS10UNIT_GROUP8activateEPKNS_4ZONEE	med	0	2	bool	YS::UNIT_GROUP::activate(YS::UNIT_GROUP *, const YS::ZONE *)	C:/hd25/kingdom2/yasui/libys/unitgroup.cpp
0019b668	_ZN2Ti14ACTION_PO_JUMP9exec_jumpEPN2YS3OBJE	sim-high	0	2		Ti::ACTION_PO_JUMP::exec_jump(Ti::ACTION_PO_JUMP *, YS::OBJ *)	C:/hd25/kingdom2/taito/action_po_jump.cpp
0019ba60	_ZN2YS3OBJ8is_existEv	high	0	1	bool	YS::OBJ::is_exist(YS::OBJ *)	C:/hd25/kingdom2/yasui/libys/objcheck.cpp
0019bad8	_ZN2YS3OBJ9is_hit_bgEv	med	0	1	bool	YS::OBJ::is_hit_bg(YS::OBJ *)	C:/hd25/kingdom2/yasui/libys/objcheck.cpp
0019bb58	_ZN2YS3OBJ13is_hit_attackEv	med	0	1	bool	YS::OBJ::is_hit_attack(YS::OBJ *)	C:/hd25/kingdom2/yasui/libys/objcheck.cpp
0019bb98	_ZN2YS3OBJ8is_heavyEv	sim-high	0	1	bool	YS::OBJ::is_heavy(YS::OBJ *)	C:/hd25/kingdom2/yasui/libys/objcheck.cpp
0019bc38	_ZN2YS3OBJ10can_lockonEv	high	0	1	bool	YS::OBJ::can_lockon(YS::OBJ *)	C:/hd25/kingdom2/yasui/libys/objcheck.cpp
0019bd08	_ZN2YS3OBJ19is_enable_collisionEi	high	0	2	bool	YS::OBJ::is_enable_collision(YS::OBJ *, int)	C:/hd25/kingdom2/yasui/libys/objcheck.cpp
0019be88	_ZN2YS3OBJ21check_battle_to_relaxEv	sim-med	0	1		YS::OBJ::check_battle_to_relax(YS::OBJ *)	C:/hd25/kingdom2/yasui/libys/objcheck.cpp
0019bf00	_ZN2YS3OBJ14is_battle_modeEv	med	0	1	bool	YS::OBJ::is_battle_mode(YS::OBJ *)	C:/hd25/kingdom2/yasui/libys/objcheck.cpp
0019bf50	_ZN2YS3OBJ7is_fallERKN2kn7FVectorE	sim-high	0	2	bool	YS::OBJ::is_fall(YS::OBJ *, const kn::FVector &)	C:/hd25/kingdom2/yasui/libys/objcheck.cpp
0019bfd0	_ZN2YS3OBJ10check_hangERKN2kn7FVectorE	sim-med	0	2	bool	YS::OBJ::check_hang(YS::OBJ *, const kn::FVector &)	C:/hd25/kingdom2/yasui/libys/objcheck.cpp
0019c170	_ZN2YS3OBJ11is_straddleEv	med	0	1	bool	YS::OBJ::is_straddle(YS::OBJ *)	C:/hd25/kingdom2/yasui/libys/objcheck.cpp
0019c218	_ZN2YS3OBJ10can_decideEPKNS_12COMMAND_ELEME	high	0	2	bool	YS::OBJ::can_decide(YS::OBJ *, const YS::COMMAND_ELEM *)	C:/hd25/kingdom2/yasui/libys/objcheck.cpp
0019c440	_ZN2YS3OBJ15is_pirate_shadeEv	med	0	1	bool	YS::OBJ::is_pirate_shade(YS::OBJ *)	C:/hd25/kingdom2/yasui/libys/objcheck.cpp
0019c498	_ZN2YS3OBJ14can_subjectiveEv	med	0	1	bool	YS::OBJ::can_subjective(YS::OBJ *)	C:/hd25/kingdom2/yasui/libys/objcheck.cpp
0019c4f8	_ZN2YS3OBJ13is_disable_rcEv	sim-high	0	1	bool	YS::OBJ::is_disable_rc(YS::OBJ *)	C:/hd25/kingdom2/yasui/libys/objcheck.cpp
0019c6f0	_ZN2YS3OBJ7is_stopEv	high	0	1	bool	YS::OBJ::is_stop(YS::OBJ *)	C:/hd25/kingdom2/yasui/libys/objcheck.cpp
0019c778	_ZN2YS3OBJ12is_jump_areaERKN2kn7FVectorE	med	0	2	bool	YS::OBJ::is_jump_area(YS::OBJ *, const kn::FVector &)	C:/hd25/kingdom2/yasui/libys/objcheck.cpp
0019c838	_ZN2YS3OBJ11can_hitbackEv	high	0	1	bool	YS::OBJ::can_hitback(YS::OBJ *)	C:/hd25/kingdom2/yasui/libys/objcheck.cpp
0019c8a8	_ZN2YS3OBJ9is_kinokoEv	sim-rerun-high	0	1	bool	YS::OBJ::is_kinoko(YS::OBJ *)	C:/hd25/kingdom2/yasui/libys/objcheck.cpp
0019cb48	_ZN2YS6LOCKON5libraEv	med	0	1		YS::LOCKON::libra(YS::LOCKON *)	C:/hd25/kingdom2/yasui/libys/lockon.cpp
0019cc20	_ZN2YS6LOCKON7releaseEv	high	0	1		YS::LOCKON::release(YS::LOCKON *)	C:/hd25/kingdom2/yasui/libys/lockon.cpp
0019cd40	_ZN2YS6LOCKON13check_releaseEv	med	0	1		YS::LOCKON::check_release(YS::LOCKON *)	C:/hd25/kingdom2/yasui/libys/lockon.cpp
0019ce48	_ZN2YS6LOCKON12check_lockonEv	med	0	1		YS::LOCKON::check_lockon(YS::LOCKON *)	C:/hd25/kingdom2/yasui/libys/lockon.cpp
0019d188	_ZN2YS6LOCKON4execEv	med	0	1		YS::LOCKON::exec(YS::LOCKON *)	C:/hd25/kingdom2/yasui/libys/lockon.cpp
0019d260	_ZN2YS6LOCKON11update_markEv	high	0	1		YS::LOCKON::update_mark(YS::LOCKON *)	C:/hd25/kingdom2/yasui/libys/lockon.cpp
0019d3b8	_ZN2YS6LOCKON6DamageEPNS_3OBJEii	med	1	3		YS::LOCKON::Damage(YS::OBJ *, int, int) [DWARF: static -- no implicit `this`, do NOT add a leading self/object-pointer argument]	C:/hd25/kingdom2/yasui/libys/lockon.cpp
0019d3f8	_ZN2YS6LOCKON4CureEPNS_3OBJEii	med	1	3		YS::LOCKON::Cure(YS::OBJ *, int, int) [DWARF: static -- no implicit `this`, do NOT add a leading self/object-pointer argument]	C:/hd25/kingdom2/yasui/libys/lockon.cpp
0019d4f8	_ZN2YS5RECOM4initEv	sim-high	0	1		YS::RECOM::init(YS::RECOM *)	C:/hd25/kingdom2/yasui/libys/recom.cpp
0019d5f8	_ZN2YS5RECOM5startERNS_12COMMAND_SLOTE	sim-high	0	2		YS::RECOM::start(YS::RECOM *, YS::COMMAND_SLOT &)	C:/hd25/kingdom2/yasui/libys/recom.cpp
0019d790	_ZN2YS5RECOM4execEv	sim-high	0	1		YS::RECOM::exec(YS::RECOM *)	C:/hd25/kingdom2/yasui/libys/recom.cpp
0019da20	_ZN2YS5RECOM7releaseEv	sim-med	0	1		YS::RECOM::release(YS::RECOM *)	C:/hd25/kingdom2/yasui/libys/recom.cpp
0019da68	_ZN2YS11RC_SEARCHER3setEPKNS_12COMMAND_ELEMERKNS_6TARGETEii	sim-high	0	5		YS::RC_SEARCHER::set(YS::RC_SEARCHER *, const YS::COMMAND_ELEM *, const YS::TARGET &, int, int)	C:/hd25/kingdom2/yasui/libys/recom.cpp
0019dbc0	_ZN2YS11RC_SEARCHER9check_setEiRKNS_6TARGETEii	sim-high	0	5	bool	YS::RC_SEARCHER::check_set(YS::RC_SEARCHER *, int, const YS::TARGET &, int, int)	C:/hd25/kingdom2/yasui/libys/recom.cpp
0019dd10	_ZN2YS11RC_SEARCHER4execEv	sim-high	0	1		YS::RC_SEARCHER::exec(YS::RC_SEARCHER *)	C:/hd25/kingdom2/yasui/libys/recom.cpp
0019df08	_ZN2YS11RC_SEARCHER8get_distEPKNS_12COMMAND_ELEMERKNS_6TARGETERKN2kn7FVectorEi	sim-high	0	5	int	YS::RC_SEARCHER::get_dist(YS::RC_SEARCHER *, const YS::COMMAND_ELEM *, const YS::TARGET &, const kn::FVector &, int)	C:/hd25/kingdom2/yasui/libys/recom.cpp
0019e170	_ZN2YS11RC_SEARCHER13check_all_objEv	sim-high	0	1		YS::RC_SEARCHER::check_all_obj(YS::RC_SEARCHER *)	C:/hd25/kingdom2/yasui/libys/recom.cpp
0019e210	_ZN2YS11RC_SEARCHER9check_objEPNS_3OBJE	sim-high	0	2		YS::RC_SEARCHER::check_obj(YS::RC_SEARCHER *, YS::OBJ *)	C:/hd25/kingdom2/yasui/libys/recom.cpp
0019e400	_ZN2YS11RC_SEARCHER11check_magicEv	sim-high	0	1		YS::RC_SEARCHER::check_magic(YS::RC_SEARCHER *)	C:/hd25/kingdom2/yasui/libys/recom.cpp
0019e5f8	_ZN2YS11RC_SEARCHER16get_command_elemEi	sim-high	0	2	const YS::COMMAND_ELEM *	YS::RC_SEARCHER::get_command_elem(YS::RC_SEARCHER *, int)	C:/hd25/kingdom2/yasui/libys/recom.cpp
0019e758	_ZN2YS11RC_SEARCHER17check_auto_summonEPNS_6PLAYERE	sim-high	0	2	bool	YS::RC_SEARCHER::check_auto_summon(YS::RC_SEARCHER *, YS::PLAYER *)	C:/hd25/kingdom2/yasui/libys/recom.cpp
0019e848	_ZN2YS11RC_SEARCHER10check_autoEPNS_6PLAYEREPKti	sim-high	0	4	bool	YS::RC_SEARCHER::check_auto(YS::RC_SEARCHER *, YS::PLAYER *, const u_short *, int)	C:/hd25/kingdom2/yasui/libys/recom.cpp
0019ea10	_ZN2YS11RC_SEARCHER16CheckAutoCommandEPNS_6PLAYEREPKNS_10ITEM_TABLEEPKNS_12COMMAND_ELEME	sim-high	1	3	bool	YS::RC_SEARCHER::CheckAutoCommand(YS::PLAYER *, const YS::ITEM_TABLE *, const YS::COMMAND_ELEM *) [DWARF: static -- no implicit `this`, do NOT add a leading self/object-pointer argument]	C:/hd25/kingdom2/yasui/libys/recom.cpp
0019eb60	_ZN2YS7BARRIER5AllOnEv	sim-med	1	0		YS::BARRIER::AllOn() [DWARF: static -- no implicit `this`, do NOT add a leading self/object-pointer argument]	C:/hd25/kingdom2/yasui/libys/barrier.cpp
0019ec20	_ZN2YS4BLUR4InitEv	high	1	0		YS::BLUR::Init() [DWARF: static -- no implicit `this`, do NOT add a leading self/object-pointer argument]	C:/hd25/kingdom2/yasui/libys/blur.cpp
0019ec68	_ZN2YS4BLUR4ExecEP4TASK	med	1	1		YS::BLUR::Exec(TASK *) [DWARF: static -- no implicit `this`, do NOT add a leading self/object-pointer argument]	C:/hd25/kingdom2/yasui/libys/blur.cpp
0019ed48	_ZN2YS4BLUR4stopEv	med	0	1		YS::BLUR::stop(YS::BLUR *)	C:/hd25/kingdom2/yasui/libys/blur.cpp
0019eda0	_ZN2YS4BLUR4execEv	med	0	1		YS::BLUR::exec(YS::BLUR *)	C:/hd25/kingdom2/yasui/libys/blur.cpp
0019ef60	_ZN2YS6JUMPER9FieldInitEv	sim-rerun-med	1	0		YS::JUMPER::FieldInit() [DWARF: static -- no implicit `this`, do NOT add a leading self/object-pointer argument]	C:/hd25/kingdom2/yasui/libys/jumper.cpp
0019f070	_ZN2YS6JUMPER4execEj	med	0	2		YS::JUMPER::exec(YS::JUMPER *, u_int)	C:/hd25/kingdom2/yasui/libys/jumper.cpp
0019f2a8	_ZNK2YS6JUMPER13get_jump_areaER4AREA	med	0	2	bool	YS::JUMPER::get_jump_area(const YS::JUMPER *, AREA &)	C:/hd25/kingdom2/yasui/libys/jumper.cpp
0019f480	_ZN2YS14COLLISION_FLAG5clearEv	sim-sib-med	0	1		YS::COLLISION_FLAG::clear(YS::COLLISION_FLAG *)	C:/hd25/kingdom2/yasui/libys/collisionflag.cpp
0019f490	_ZN2YS14COLLISION_FLAG6enableEi	sim-sib-high	0	2		YS::COLLISION_FLAG::enable(YS::COLLISION_FLAG *, int)	C:/hd25/kingdom2/yasui/libys/collisionflag.cpp
0019f7d0	_ZN2YS5PLACE7GetElemEii	med	1	2	YS::PLACE *	YS::PLACE::GetElem(int, int) [DWARF: static -- no implicit `this`, do NOT add a leading self/object-pointer argument]	C:/hd25/kingdom2/yasui/libys/place.cpp
0019f950	_ZN2YS10OBJ_ATTACKC1EPNS_6BTLOBJE	sim-high	0	2		YS::OBJ_ATTACK::OBJ_ATTACK(YS::OBJ_ATTACK *, YS::BTLOBJ *)	C:/hd25/kingdom2/yasui/libys/objattack.cpp
0019f9a8	_ZN2YS10OBJ_ATTACK5clearEv	high	0	1		YS::OBJ_ATTACK::clear(YS::OBJ_ATTACK *)	C:/hd25/kingdom2/yasui/libys/objattack.cpp
0019fb48	_ZN2YS10OBJ_ATTACK11combo_startEv	sim-med	0	1		YS::OBJ_ATTACK::combo_start(YS::OBJ_ATTACK *)	C:/hd25/kingdom2/yasui/libys/objattack.cpp
0019fb70	_ZN2YS11ACTION_BLOW5startEPNS_3OBJE	sim-rerun-med	0	2		YS::ACTION_BLOW::start(YS::ACTION_BLOW *, YS::OBJ *)	C:/hd25/kingdom2/yasui/libys/action_blow.cpp
0019fbc8	_ZN2YS11ACTION_BLOW3endEPNS_3OBJE	sim-vt-high	0	2		YS::ACTION_BLOW::end(YS::ACTION_BLOW *, YS::OBJ *)	C:/hd25/kingdom2/yasui/libys/action_blow.cpp
0019fbe0	_ZN2YS11ACTION_BLOW13calc_movementEPNS_3OBJE	sim-med	0	2		YS::ACTION_BLOW::calc_movement(YS::ACTION_BLOW *, YS::OBJ *)	C:/hd25/kingdom2/yasui/libys/action_blow.cpp
0019fd00	_ZN2YS11ACTION_BLOW5_landEPNS_3OBJENS_6ACTION2IDE	sim-high	0	3		YS::ACTION_BLOW::_land(YS::ACTION_BLOW *, YS::OBJ *, YS::ACTION::ID)	C:/hd25/kingdom2/yasui/libys/action_blow.cpp
0019fdb0	_ZN2YS11ACTION_BLOW13GetLandMotionEPNS_3OBJE	sim-rerun-med	1	1	int	YS::ACTION_BLOW::GetLandMotion(YS::OBJ *) [DWARF: static -- no implicit `this`, do NOT add a leading self/object-pointer argument]	C:/hd25/kingdom2/yasui/libys/action_blow.cpp
0019fee8	_ZNK2YS11ATTACKPARAM15get_combo_paramEi	sim-med	0	2	const YS::ATTACKPARAM *	YS::ATTACKPARAM::get_combo_param(const YS::ATTACKPARAM *, int)	C:/hd25/kingdom2/yasui/libys/attackparam.cpp
0019ff78	_ZNK2YS11ATTACKPARAM15get_reflect_actEv	med	0	1	const char *	YS::ATTACKPARAM::get_reflect_act(const YS::ATTACKPARAM *)	C:/hd25/kingdom2/yasui/libys/attackparam.cpp
0019ff90	_ZN2YS18trap_event_is_execEP8BD_VALUE	sim-med	1	1		YS::trap_event_is_exec(BD_VALUE *) [DWARF: static -- no implicit `this`, do NOT add a leading self/object-pointer argument]	C:/hd25/kingdom2/yasui/libys/trapevent.cpp
0019ffd0	_ZN2YS24trap_mission_informationEP8BD_VALUE	sim-med	1	1		YS::trap_mission_information(BD_VALUE *) [DWARF: static -- no implicit `this`, do NOT add a leading self/object-pointer argument]	C:/hd25/kingdom2/yasui/libys/trapevent.cpp
001a0030	_ZN2YS17trap_mission_exitEP8BD_VALUE	med	1	1		YS::trap_mission_exit(BD_VALUE *) [DWARF: static -- no implicit `this`, do NOT add a leading self/object-pointer argument]	C:/hd25/kingdom2/yasui/libys/trapevent.cpp
001a0074	_ZN2YS25trap_mission_deactivate2dEP8BD_VALUE	sim-gap-med	1	1		YS::trap_mission_deactivate2d(BD_VALUE *) [DWARF: static -- no implicit `this`, do NOT add a leading self/object-pointer argument]	C:/hd25/kingdom2/yasui/libys/trapevent.cpp
001a00d0	_ZN2YS17trap_mission_lockEP8BD_VALUE	sim-med	1	1		YS::trap_mission_lock(BD_VALUE *) [DWARF: static -- no implicit `this`, do NOT add a leading self/object-pointer argument]	C:/hd25/kingdom2/yasui/libys/trapevent.cpp
001a0148	_ZN2YS28trap_mission_set_timer_paramEP8BD_VALUE	sim-med	1	1		YS::trap_mission_set_timer_param(BD_VALUE *) [DWARF: static -- no implicit `this`, do NOT add a leading self/object-pointer argument]	C:/hd25/kingdom2/yasui/libys/trapevent.cpp
001a0250	_ZN2YS26trap_mission_disable_watchEP8BD_VALUE	sim-high	1	1		YS::trap_mission_disable_watch(BD_VALUE *) [DWARF: static -- no implicit `this`, do NOT add a leading self/object-pointer argument]	C:/hd25/kingdom2/yasui/libys/trapevent.cpp
001a0288	_ZN2YS28trap_mission_increment_countEP8BD_VALUE	sim-med	1	1		YS::trap_mission_increment_count(BD_VALUE *) [DWARF: static -- no implicit `this`, do NOT add a leading self/object-pointer argument]	C:/hd25/kingdom2/yasui/libys/trapevent.cpp
001a02c4	_ZN2YS28trap_mission_set_count_paramEP8BD_VALUE	sim-sib-med	1	1		YS::trap_mission_set_count_param(BD_VALUE *) [DWARF: static -- no implicit `this`, do NOT add a leading self/object-pointer argument]	C:/hd25/kingdom2/yasui/libys/trapevent.cpp
001a0378	_ZN2YS33trap_mission_set_count_figure_numEP8BD_VALUE	sim-gap-med	1	1		YS::trap_mission_set_count_figure_num(BD_VALUE *) [DWARF: static -- no implicit `this`, do NOT add a leading self/object-pointer argument]	C:/hd25/kingdom2/yasui/libys/trapevent.cpp
001a039c	_ZN2YS26trap_mission_warning_countEP8BD_VALUE	sim-gap-sandwich	1	1		YS::trap_mission_warning_count(BD_VALUE *) [DWARF: static -- no implicit `this`, do NOT add a leading self/object-pointer argument]	C:/hd25/kingdom2/yasui/libys/trapevent.cpp
001a03bc	_ZN2YS32trap_mission_reset_warning_countEP8BD_VALUE	sim-gap-sandwich	1	1		YS::trap_mission_reset_warning_count(BD_VALUE *) [DWARF: static -- no implicit `this`, do NOT add a leading self/object-pointer argument]	C:/hd25/kingdom2/yasui/libys/trapevent.cpp
001a03dc	_ZN2YS22trap_mission_set_gaugeEP8BD_VALUE	sim-gap-med	1	1		YS::trap_mission_set_gauge(BD_VALUE *) [DWARF: static -- no implicit `this`, do NOT add a leading self/object-pointer argument]	C:/hd25/kingdom2/yasui/libys/trapevent.cpp
001a04f8	_ZN2YS26trap_mission_warning_gaugeEP8BD_VALUE	sim-high	1	1		YS::trap_mission_warning_gauge(BD_VALUE *) [DWARF: static -- no implicit `this`, do NOT add a leading self/object-pointer argument]	C:/hd25/kingdom2/yasui/libys/trapevent.cpp
001a0658	_ZN2YS15trap_score_typeEP8BD_VALUE	sim-sandwich	1	1		YS::trap_score_type(BD_VALUE *) [DWARF: static -- no implicit `this`, do NOT add a leading self/object-pointer argument]	C:/hd25/kingdom2/yasui/libys/trapevent.cpp
001a0668	_ZN2YS16trap_score_scoreEP8BD_VALUE	sim-sandwich	1	1		YS::trap_score_score(BD_VALUE *) [DWARF: static -- no implicit `this`, do NOT add a leading self/object-pointer argument]	C:/hd25/kingdom2/yasui/libys/trapevent.cpp
001a0678	_ZN2YS17trap_score_updateEP8BD_VALUE	sim-sandwich	1	1		YS::trap_score_update(BD_VALUE *) [DWARF: static -- no implicit `this`, do NOT add a leading self/object-pointer argument]	C:/hd25/kingdom2/yasui/libys/trapevent.cpp
001a0800	_ZNK2YS11PARTYATTACK5is_inEPNS_5PARTYEfffRKNS_9COLLISIONE	sim-med	0	6	bool	YS::PARTYATTACK::is_in(const YS::PARTYATTACK *, YS::PARTY *, float, float, float, const YS::COLLISION &)	C:/hd25/kingdom2/yasui/libys/partyattack.cpp
001a0920	_ZNK2YS11PARTYATTACK9is_activeEPNS_5PARTYE	sim-med	0	2	bool	YS::PARTYATTACK::is_active(const YS::PARTYATTACK *, YS::PARTY *)	C:/hd25/kingdom2/yasui/libys/partyattack.cpp
001a09f0	_ZN2YS15ACTION_DUSKJUMP7controlEPNS_3OBJE	sim-high	0	2		YS::ACTION_DUSKJUMP::control(YS::ACTION_DUSKJUMP *, YS::OBJ *)	C:/hd25/kingdom2/yasui/libys/action_duskjump.cpp
001a0a48	_ZN2YS15ACTION_DUSKJUMP13calc_movementEPNS_3OBJE	sim-med	0	2		YS::ACTION_DUSKJUMP::calc_movement(YS::ACTION_DUSKJUMP *, YS::OBJ *)	C:/hd25/kingdom2/yasui/libys/action_duskjump.cpp
001a0b40	_ZN2YS15ACTION_DUSKJUMP4landEPNS_3OBJE	sim-high	0	2		YS::ACTION_DUSKJUMP::land(YS::ACTION_DUSKJUMP *, YS::OBJ *)	C:/hd25/kingdom2/yasui/libys/action_duskjump.cpp
001a0ee0	_ZN2YS5SHEET3setEPKNS_10ENEMYPARAME	sim-med	0	2		YS::SHEET::set(YS::SHEET *, const YS::ENEMYPARAM *)	C:/hd25/kingdom2/yasui/libys/sheet.cpp
001a11e0	_ZN2YS5SHEET4loadEPNS_7PARTRAME	high	0	2		YS::SHEET::load(YS::SHEET *, YS::PARTRAM *)	C:/hd25/kingdom2/yasui/libys/sheet.cpp
001a1490	_ZN2YS5SHEET10AllocPartyEi	high	1	1	YS::SHEET *	YS::SHEET::AllocParty(int) [DWARF: static -- no implicit `this`, do NOT add a leading self/object-pointer argument]	C:/hd25/kingdom2/yasui/libys/sheet.cpp
001a1658	_ZN2YS5SHEET9AllocPartEii	med	1	2	YS::SHEET *	YS::SHEET::AllocPart(int, int) [DWARF: static -- no implicit `this`, do NOT add a leading self/object-pointer argument]	C:/hd25/kingdom2/yasui/libys/sheet.cpp
001a17c8	_ZN2YS5SHEET4FreeEPS0_	high	1	1		YS::SHEET::Free(YS::SHEET *) [DWARF: static -- no implicit `this`, do NOT add a leading self/object-pointer argument]	C:/hd25/kingdom2/yasui/libys/sheet.cpp
001a1840	_ZN2YS5SHEET4saveEv	med	0	1		YS::SHEET::save(YS::SHEET *)	C:/hd25/kingdom2/yasui/libys/sheet.cpp
001a1910	_ZN2YS5SHEET7_add_hpEii	med	0	3	int	YS::SHEET::_add_hp(YS::SHEET *, int, int)	C:/hd25/kingdom2/yasui/libys/sheet.cpp
001a1950	_ZN2YS5SHEET6add_hpEiib	high	0	4	int	YS::SHEET::add_hp(YS::SHEET *, int, int, bool)	C:/hd25/kingdom2/yasui/libys/sheet.cpp
001a1a20	_ZN2YS5SHEET6add_mpEib	sim-high	0	3	int	YS::SHEET::add_mp(YS::SHEET *, int, bool)	C:/hd25/kingdom2/yasui/libys/sheet.cpp
001a1aa0	_ZN2YS5SHEET9add_driveEi	high	0	2		YS::SHEET::add_drive(YS::SHEET *, int)	C:/hd25/kingdom2/yasui/libys/sheet.cpp
001a1b30	_ZN2YS5SHEET15sub_drive_countEi	sim-med	0	2		YS::SHEET::sub_drive_count(YS::SHEET *, int)	C:/hd25/kingdom2/yasui/libys/sheet.cpp
001a1b68	_ZN2YS5SHEET14add_drive_timeEf	sim-high	0	2		YS::SHEET::add_drive_time(YS::SHEET *, float)	C:/hd25/kingdom2/yasui/libys/sheet.cpp
001a1c70	_ZN2YS5SHEET9max_driveEv	sim-high	0	1		YS::SHEET::max_drive(YS::SHEET *)	C:/hd25/kingdom2/yasui/libys/sheet.cpp
001a1de0	_ZNK2YS5SHEET10is_mpdriveEv	high	0	1	bool	YS::SHEET::is_mpdrive(const YS::SHEET *)	C:/hd25/kingdom2/yasui/libys/sheet.cpp
001a1e20	_ZNK2YS5SHEET11calc_damageEPNS_6ATTACKEPKNS_11ATTACKPARAMEi	med	0	4	int	YS::SHEET::calc_damage(const YS::SHEET *, YS::ATTACK *, const YS::ATTACKPARAM *, int)	C:/hd25/kingdom2/yasui/libys/sheet.cpp
001a2108	_ZNK2YS5SHEET17adjust_game_levelEiPNS_6BTLOBJE	med	0	3	int	YS::SHEET::adjust_game_level(const YS::SHEET *, int, YS::BTLOBJ *)	C:/hd25/kingdom2/yasui/libys/sheet.cpp
001a2200	_ZNK2YS5SHEET17adjust_lose_countEi	med	0	2	int	YS::SHEET::adjust_lose_count(const YS::SHEET *, int)	C:/hd25/kingdom2/yasui/libys/sheet.cpp
001a22b0	_ZNK2YS5SHEET22adjust_element_abilityEiPKS0_PKNS_11ATTACKPARAME	sim-med	0	4	int	YS::SHEET::adjust_element_ability(const YS::SHEET *, int, const YS::SHEET *, const YS::ATTACKPARAM *)	C:/hd25/kingdom2/yasui/libys/sheet.cpp
001a2340	_ZNK2YS5SHEET19adjust_combo_damageEiPKS0_PKNS_11ATTACKPARAME	sim-med	0	4	int	YS::SHEET::adjust_combo_damage(const YS::SHEET *, int, const YS::SHEET *, const YS::ATTACKPARAM *)	C:/hd25/kingdom2/yasui/libys/sheet.cpp
001a24a0	_ZN2YS5SHEET10apply_itemEi	med	0	2		YS::SHEET::apply_item(YS::SHEET *, int)	C:/hd25/kingdom2/yasui/libys/sheet.cpp
001a2578	_ZN2YS5SHEET10add_attackEi	sim-med	0	2		YS::SHEET::add_attack(YS::SHEET *, int)	C:/hd25/kingdom2/yasui/libys/sheet.cpp
001a25c8	_ZN2YS5SHEET10add_wisdomEi	sim-med	0	2		YS::SHEET::add_wisdom(YS::SHEET *, int)	C:/hd25/kingdom2/yasui/libys/sheet.cpp
001a2618	_ZN2YS5SHEET11add_defenceEi	sim-med	0	2		YS::SHEET::add_defence(YS::SHEET *, int)	C:/hd25/kingdom2/yasui/libys/sheet.cpp
001a2668	_ZN2YS5SHEET6add_apEi	sim-med	0	2		YS::SHEET::add_ap(YS::SHEET *, int)	C:/hd25/kingdom2/yasui/libys/sheet.cpp
001a2710	_ZN2YS5SHEET4hideEv	sim-med	0	1		YS::SHEET::hide(YS::SHEET *)	C:/hd25/kingdom2/yasui/libys/sheet.cpp
001a2758	_ZN2YS5SHEET9is_ap_maxEv	med	0	1	bool	YS::SHEET::is_ap_max(YS::SHEET *)	C:/hd25/kingdom2/yasui/libys/sheet.cpp
001a2778	_ZN2YS5SHEET13is_wisdom_maxEv	med	0	1	bool	YS::SHEET::is_wisdom_max(YS::SHEET *)	C:/hd25/kingdom2/yasui/libys/sheet.cpp
001a2798	_ZN2YS5SHEET14is_defence_maxEv	med	0	1	bool	YS::SHEET::is_defence_max(YS::SHEET *)	C:/hd25/kingdom2/yasui/libys/sheet.cpp
001a27b8	_ZN2YS5SHEET13is_attack_maxEv	med	0	1	bool	YS::SHEET::is_attack_max(YS::SHEET *)	C:/hd25/kingdom2/yasui/libys/sheet.cpp
001a28f8	_ZN2YS14ACTION_FLYBLOW3endEPNS_3OBJE	sim-rerun-med	0	2		YS::ACTION_FLYBLOW::end(YS::ACTION_FLYBLOW *, YS::OBJ *)	C:/hd25/kingdom2/yasui/libys/action_flyblow.cpp
001a2910	_ZN2YS14ACTION_FLYBLOW7controlEPNS_3OBJE	sim-med	0	2		YS::ACTION_FLYBLOW::control(YS::ACTION_FLYBLOW *, YS::OBJ *)	C:/hd25/kingdom2/yasui/libys/action_flyblow.cpp
001a29f0	_ZN2YS14ACTION_FLYBLOW13calc_movementEPNS_3OBJE	sim-vt-med	0	2		YS::ACTION_FLYBLOW::calc_movement(YS::ACTION_FLYBLOW *, YS::OBJ *)	C:/hd25/kingdom2/yasui/libys/action_flyblow.cpp
001a2a18	_ZN2YS14ACTION_FLYBLOW5BreakEPNS_3OBJE	sim-med	1	1		YS::ACTION_FLYBLOW::Break(YS::OBJ *) [DWARF: static -- no implicit `this`, do NOT add a leading self/object-pointer argument]	C:/hd25/kingdom2/yasui/libys/action_flyblow.cpp
001a2a50	_ZN2YS4ITEM3UseEiiii	high	1	4	bool	YS::ITEM::Use(int, int, int, int) [DWARF: static -- no implicit `this`, do NOT add a leading self/object-pointer argument]	C:/hd25/kingdom2/yasui/libys/item.cpp
001a2b50	_ZN2YS4ITEM6UseSubEPKNS_10ITEM_TABLEEiii	med	1	4		YS::ITEM::UseSub(const YS::ITEM_TABLE *, int, int, int) [DWARF: static -- no implicit `this`, do NOT add a leading self/object-pointer argument]	C:/hd25/kingdom2/yasui/libys/item.cpp
001a2d78	_ZN2YS4ITEM6CanUseEii	high	1	2	bool	YS::ITEM::CanUse(int, int) [DWARF: static -- no implicit `this`, do NOT add a leading self/object-pointer argument]	C:/hd25/kingdom2/yasui/libys/item.cpp
001a2e50	_ZN2YS4ITEM9CanUseSubEPKNS_10ITEM_TABLEEi	high	1	2	bool	YS::ITEM::CanUseSub(const YS::ITEM_TABLE *, int) [DWARF: static -- no implicit `this`, do NOT add a leading self/object-pointer argument]	C:/hd25/kingdom2/yasui/libys/item.cpp
001a3018	_ZN2YS4ITEM8WhereGetEiii	high	1	3	int	YS::ITEM::WhereGet(int, int, int) [DWARF: static -- no implicit `this`, do NOT add a leading self/object-pointer argument]	C:/hd25/kingdom2/yasui/libys/item.cpp
001a3188	_ZN2YS4ITEM3GetEiib	high	1	3	bool	YS::ITEM::Get(int, int, bool) [DWARF: static -- no implicit `this`, do NOT add a leading self/object-pointer argument]	C:/hd25/kingdom2/yasui/libys/item.cpp
001a32c8	_ZN2YS4ITEM11GetBackyardEii	high	1	2		YS::ITEM::GetBackyard(int, int) [DWARF: static -- no implicit `this`, do NOT add a leading self/object-pointer argument]	C:/hd25/kingdom2/yasui/libys/item.cpp
001a35f8	_ZN2YS4ITEM6GetNumEii	med	1	2	int	YS::ITEM::GetNum(int, int) [DWARF: static -- no implicit `this`, do NOT add a leading self/object-pointer argument]	C:/hd25/kingdom2/yasui/libys/item.cpp
001a36f8	_ZN2YS4ITEM11MagicToItemEi	sim-sandwich	1	1	int	YS::ITEM::MagicToItem(int) [DWARF: static -- no implicit `this`, do NOT add a leading self/object-pointer argument]	C:/hd25/kingdom2/yasui/libys/item.cpp
001a3788	_ZN2YS4ITEM11MakeMessageEPcii	high	1	3	int	YS::ITEM::MakeMessage(char *, int, int) [DWARF: static -- no implicit `this`, do NOT add a leading self/object-pointer argument]	C:/hd25/kingdom2/yasui/libys/item.cpp
001a3820	_ZN2YS4ITEM10GetCommandEi	med	1	1	int	YS::ITEM::GetCommand(int) [DWARF: static -- no implicit `this`, do NOT add a leading self/object-pointer argument]	C:/hd25/kingdom2/yasui/libys/item.cpp
001a38b8	_ZN2YS4ITEM7GetFormEPKNS_10ITEM_TABLEE	med	1	1		YS::ITEM::GetForm(const YS::ITEM_TABLE *) [DWARF: static -- no implicit `this`, do NOT add a leading self/object-pointer argument]	C:/hd25/kingdom2/yasui/libys/item.cpp
001a3958	_ZN7OvlShop8ItemShop12GetStockItemEv	sim-med	1	0		OvlShop::ItemShop::GetStockItem() [DWARF: static -- no implicit `this`, do NOT add a leading self/object-pointer argument]	C:/hd25/kingdom2/ovl_shop/shop.cpp
001a3a50	_ZN2YS6EFFECT4ReadEv	med	1	0		YS::EFFECT::Read() [DWARF: static -- no implicit `this`, do NOT add a leading self/object-pointer argument]	C:/hd25/kingdom2/yasui/libys/effect.cpp
001a3a88	_ZN2YS6EFFECT4InitEv	high	1	0		YS::EFFECT::Init() [DWARF: static -- no implicit `this`, do NOT add a leading self/object-pointer argument]	C:/hd25/kingdom2/yasui/libys/effect.cpp
001a3b48	_ZN2YS6EFFECT13CategoryStartEPN3ryj3PAXEyRKN2kn7FVectorEiii	high	1	6	ryj::EFFECT *	YS::EFFECT::CategoryStart(ryj::PAX *, ULONGLONG, const kn::FVector &, int, int, int) [DWARF: static -- no implicit `this`, do NOT add a leading self/object-pointer argument]	C:/hd25/kingdom2/yasui/libys/effect.cpp
001a3c88	_ZN2YS6EFFECT4ExecEv	med	1	0		YS::EFFECT::Exec() [DWARF: static -- no implicit `this`, do NOT add a leading self/object-pointer argument]	C:/hd25/kingdom2/yasui/libys/effect.cpp
001a3f08	_ZN2YS10ATTACK_OBJC1EPNS_6BTLOBJEPNS_6STDOBJEiPPS0_ii	sim-med	0	7		YS::ATTACK_OBJ::ATTACK_OBJ(YS::ATTACK_OBJ *, YS::BTLOBJ *, YS::STDOBJ *, int, YS::ATTACK_OBJ **, int, int)	C:/hd25/kingdom2/yasui/libys/attackobj.cpp
001a4000	_ZN2YS10ATTACK_OBJD1Ev	sim-vt-med	0	1		YS::ATTACK_OBJ::~ATTACK_OBJ(YS::ATTACK_OBJ *)	C:/hd25/kingdom2/yasui/libys/attackobj.cpp
001a40d0	_ZN2YS10ATTACK_OBJ9make_workEPNS_19ATTACK_WORK_MANAGERE	sim-high	0	2		YS::ATTACK_OBJ::make_work(YS::ATTACK_OBJ *, YS::ATTACK_WORK_MANAGER *)	C:/hd25/kingdom2/yasui/libys/attackobj.cpp
001a4388	_ZN2YS10ATTACK_OBJ4ExecEv	high	1	0		YS::ATTACK_OBJ::Exec() [DWARF: static -- no implicit `this`, do NOT add a leading self/object-pointer argument]	C:/hd25/kingdom2/yasui/libys/attackobj.cpp
001a45b8	_ZN2YS12ATTACK_MAGIC9make_workEPNS_19ATTACK_WORK_MANAGERE	sim-high	0	2		YS::ATTACK_MAGIC::make_work(YS::ATTACK_MAGIC *, YS::ATTACK_WORK_MANAGER *)	C:/hd25/kingdom2/yasui/libys/attackmagic.cpp
001a48c0	_ZN2YS12ATTACK_MAGIC7set_posERKN2kn7FVectorE	med	0	2		YS::ATTACK_MAGIC::set_pos(YS::ATTACK_MAGIC *, const kn::FVector &)	C:/hd25/kingdom2/yasui/libys/attackmagic.cpp
001a49a0	_ZN2YS12ATTACK_MAGIC8set_lineERKN2kn7FVectorES4_	sim-rerun-med	0	3		YS::ATTACK_MAGIC::set_line(YS::ATTACK_MAGIC *, const kn::FVector &, const kn::FVector &)	C:/hd25/kingdom2/yasui/libys/attackmagic.cpp
001a49d8	_ZN2YS12ATTACK_MAGIC8set_sizeEff	med	0	3		YS::ATTACK_MAGIC::set_size(YS::ATTACK_MAGIC *, float, float)	C:/hd25/kingdom2/yasui/libys/attackmagic.cpp
001a49f8	_ZN2YS12ATTACK_MAGIC7get_dirEPNS_3OBJE	sim-high	0	2		YS::ATTACK_MAGIC::get_dir(YS::ATTACK_MAGIC *, YS::OBJ *)	C:/hd25/kingdom2/yasui/libys/attackmagic.cpp
001a4b78	_ZN2YS12ATTACK_MAGIC18get_reflect_vectorEv	med	0	1		YS::ATTACK_MAGIC::get_reflect_vector(YS::ATTACK_MAGIC *)	C:/hd25/kingdom2/yasui/libys/attackmagic.cpp
001a4d40	_ZN2YS12ATTACK_MAGIC20set_reaction_commandEPviff	sim-high	0	5		YS::ATTACK_MAGIC::set_reaction_command(YS::ATTACK_MAGIC *, void *, int, float, float)	C:/hd25/kingdom2/yasui/libys/attackmagic.cpp
001a4d78	_ZN2YS12ATTACK_MAGIC8set_timeEfff	med	0	4		YS::ATTACK_MAGIC::set_time(YS::ATTACK_MAGIC *, float, float, float)	C:/hd25/kingdom2/yasui/libys/attackmagic.cpp
001a4ff8	_ZN2YS5PRIZE6CanGetEPNS_6BTLOBJERKN2kn7FVectorEff	med	1	4	bool	YS::PRIZE::CanGet(YS::BTLOBJ *, const kn::FVector &, float, float) [DWARF: static -- no implicit `this`, do NOT add a leading self/object-pointer argument]	C:/hd25/kingdom2/yasui/libys/prize.cpp
001a5140	_ZN2YS5PRIZE14_OVR_check_getEPNS_11PRIZEEFFECTE	sim-high	0	2		YS::PRIZE::_OVR_check_get(YS::PRIZE *, YS::PRIZEEFFECT *)	C:/hd25/kingdom2/yasui/libys/prize.cpp
001a52a8	_ZN2YS5PRIZE10get_commonEPNS_6BTLOBJEPNS_11PRIZEEFFECTE	med	0	3		YS::PRIZE::get_common(YS::PRIZE *, YS::BTLOBJ *, YS::PRIZEEFFECT *)	C:/hd25/kingdom2/yasui/libys/prize.cpp
001a53d0	_ZN2YS5PRIZE12AladdinDrainEv	sim-med	1	0		YS::PRIZE::AladdinDrain() [DWARF: static -- no implicit `this`, do NOT add a leading self/object-pointer argument]	C:/hd25/kingdom2/yasui/libys/prize.cpp
001a55a8	_ZN2YS5PRIZE6AppearERKN2kn7FVectorEi	high	1	2		YS::PRIZE::Appear(const kn::FVector &, int) [DWARF: static -- no implicit `this`, do NOT add a leading self/object-pointer argument]	C:/hd25/kingdom2/yasui/libys/prize.cpp
001a58f8	_ZN2YS5PRIZE8ClearAllEv	high	1	0		YS::PRIZE::ClearAll() [DWARF: static -- no implicit `this`, do NOT add a leading self/object-pointer argument]	C:/hd25/kingdom2/yasui/libys/prize.cpp
001a5928	_ZN2YS5PRIZE4InitEv	high	1	0		YS::PRIZE::Init() [DWARF: static -- no implicit `this`, do NOT add a leading self/object-pointer argument]	C:/hd25/kingdom2/yasui/libys/prize.cpp
001a5970	_ZN2YS5PRIZE4ReadEv	high	1	0		YS::PRIZE::Read() [DWARF: static -- no implicit `this`, do NOT add a leading self/object-pointer argument]	C:/hd25/kingdom2/yasui/libys/prize.cpp
001a5990	_ZN2YS5PRIZE13CheckGetGaugeEPNS_11PRIZEEFFECTEfi	med	1	3		YS::PRIZE::CheckGetGauge(YS::PRIZEEFFECT *, float, int) [DWARF: static -- no implicit `this`, do NOT add a leading self/object-pointer argument]	C:/hd25/kingdom2/yasui/libys/prize.cpp
001a5c88	_ZN2YS5MAGIC8set_costEf	sim-med	0	2		YS::MAGIC::set_cost(YS::MAGIC *, float)	C:/hd25/kingdom2/yasui/libys/magic.cpp
001a5db8	_ZN2YS5MAGIC8ExecTaskEP4TASK	sim-high	1	1		YS::MAGIC::ExecTask(TASK *) [DWARF: static -- no implicit `this`, do NOT add a leading self/object-pointer argument]	C:/hd25/kingdom2/yasui/libys/magic.cpp
001a5e38	_ZN2YS5MAGIC8ClearAllEv	high	1	0		YS::MAGIC::ClearAll() [DWARF: static -- no implicit `this`, do NOT add a leading self/object-pointer argument]	C:/hd25/kingdom2/yasui/libys/magic.cpp
001a5f50	_ZN2YS5MAGIC4InitEv	med	1	0		YS::MAGIC::Init() [DWARF: static -- no implicit `this`, do NOT add a leading self/object-pointer argument]	C:/hd25/kingdom2/yasui/libys/magic.cpp
001a60c8	_ZN2YS5MAGIC5ResetEv	high	1	0		YS::MAGIC::Reset() [DWARF: static -- no implicit `this`, do NOT add a leading self/object-pointer argument]	C:/hd25/kingdom2/yasui/libys/magic.cpp
001a6118	_ZN2YS5MAGIC5StartEPNS_2VMEiP8BD_VALUEi	med	1	4	YS::MAGIC *	YS::MAGIC::Start(YS::VM *, int, BD_VALUE *, int) [DWARF: static -- no implicit `this`, do NOT add a leading self/object-pointer argument]	C:/hd25/kingdom2/yasui/libys/magic.cpp
001a6178	_ZN2YS5MAGIC4CastEPNS_6PLAYEREib	med	1	3	YS::MAGIC *	YS::MAGIC::Cast(YS::PLAYER *, int, bool) [DWARF: static -- no implicit `this`, do NOT add a leading self/object-pointer argument]	C:/hd25/kingdom2/yasui/libys/magic.cpp
001a6440	_ZN2YS5MAGIC4shotEv	med	0	1		YS::MAGIC::shot(YS::MAGIC *)	C:/hd25/kingdom2/yasui/libys/magic.cpp
001a6510	_ZN2YS5MAGIC13MpDriveEnableEi	sim-sib-med	1	1		YS::MAGIC::MpDriveEnable(int) [DWARF: static -- no implicit `this`, do NOT add a leading self/object-pointer argument]	C:/hd25/kingdom2/yasui/libys/magic.cpp
001a6658	_ZN2YS5MAGIC8GetTableEi	med	1	1	const YS::MAGIC_TABLE *	YS::MAGIC::GetTable(int) [DWARF: static -- no implicit `this`, do NOT add a leading self/object-pointer argument]	C:/hd25/kingdom2/yasui/libys/magic.cpp
001a67e0	_ZN2YS5MAGIC6DeleteEPS0_	sim-high	1	1		YS::MAGIC::Delete(YS::MAGIC *) [DWARF: static -- no implicit `this`, do NOT add a leading self/object-pointer argument]	C:/hd25/kingdom2/yasui/libys/magic.cpp
001a6850	_ZN2YS5MAGIC15IsFriendCastingEv	med	1	0	bool	YS::MAGIC::IsFriendCasting() [DWARF: static -- no implicit `this`, do NOT add a leading self/object-pointer argument]	C:/hd25/kingdom2/yasui/libys/magic.cpp
001a6a10	_ZN2YS8TEAMWORK4InitEv	sim-rerun-med	1	0		YS::TEAMWORK::Init() [DWARF: static -- no implicit `this`, do NOT add a leading self/object-pointer argument]	C:/hd25/kingdom2/yasui/libys/teamwork.cpp
001a6a20	_ZN2YS8TEAMWORK5AllocEii	sim-med	1	2	void *	YS::TEAMWORK::Alloc(int, int) [DWARF: static -- no implicit `this`, do NOT add a leading self/object-pointer argument]	C:/hd25/kingdom2/yasui/libys/teamwork.cpp
001a6ae8	_ZN2YS8TEAMWORK6EnsureEv	sim-med	1	0		YS::TEAMWORK::Ensure() [DWARF: static -- no implicit `this`, do NOT add a leading self/object-pointer argument]	C:/hd25/kingdom2/yasui/libys/teamwork.cpp
001a6bc8	_ZN2YS8FIELDOBJC1EPKNS_8OBJENTRYERKN2kn7FVectorEf	sim-high	0	4		YS::FIELDOBJ::FIELDOBJ(YS::FIELDOBJ *, const YS::OBJENTRY *, const kn::FVector &, float)	C:/hd25/kingdom2/yasui/libys/fieldobj.cpp
001a6c90	_ZN2YS8MENUFLAG3SetEi	sim-med	1	1		YS::MENUFLAG::Set(int) [DWARF: static -- no implicit `this`, do NOT add a leading self/object-pointer argument]	C:/hd25/kingdom2/yasui/libys/menuflag.cpp
001a6d68	_ZN2YS5SYSRCD1Ev	sim-rerun2-med	0	1		YS::SYSRC::~SYSRC(YS::SYSRC *)	C:/hd25/kingdom2/yasui/libys/sysrc.cpp
001a6d98	_ZN2YS13TEST_LIBRETTO10ExecThreadEP4TASK	sim-rerun-med	1	1		YS::TEST_LIBRETTO::ExecThread(TASK *) [DWARF: static -- no implicit `this`, do NOT add a leading self/object-pointer argument]	C:/hd25/kingdom2/yasui/libysdbg/test_libretto.cpp
001a6e88	_ZN2YS5SYSRC5checkEPNS_6PLAYERERNS_6TARGETE	sim-rerun-med	0	3		YS::SYSRC::check(YS::SYSRC *, YS::PLAYER *, YS::TARGET &)	C:/hd25/kingdom2/yasui/libys/sysrc.cpp
001a6ef0	_ZN2YS5SYSRC11CheckThreadEP4TASK	sim-high	1	1		YS::SYSRC::CheckThread(TASK *) [DWARF: static -- no implicit `this`, do NOT add a leading self/object-pointer argument]	C:/hd25/kingdom2/yasui/libys/sysrc.cpp
001a6fe8	_ZN2YS13TEST_LIBRETTO8CallbackEPKNS_4CODEEPNS_8LIBRETTOE	sim-high	1	2	bool	YS::TEST_LIBRETTO::Callback(const YS::CODE *, YS::LIBRETTO *) [DWARF: static -- no implicit `this`, do NOT add a leading self/object-pointer argument]	C:/hd25/kingdom2/yasui/libysdbg/test_libretto.cpp
001a70a0	_ZN2YS5SYSRC4talkEPNS_6PLAYERERNS_6TARGETE	sim-rerun-med	0	3		YS::SYSRC::talk(YS::SYSRC *, YS::PLAYER *, YS::TARGET &)	C:/hd25/kingdom2/yasui/libys/sysrc.cpp
001a7108	_ZN2YS5SYSRC10TalkThreadEP4TASK	sim-high	1	1		YS::SYSRC::TalkThread(TASK *) [DWARF: static -- no implicit `this`, do NOT add a leading self/object-pointer argument]	C:/hd25/kingdom2/yasui/libys/sysrc.cpp
001a7530	_ZN2YS6LOCKONC1Ev	sim-med	0	1		YS::LOCKON::LOCKON(YS::LOCKON *)	C:/hd25/kingdom2/yasui/libys/lockon.cpp
001a7588	_ZN2YS2BG11GetCrossPosERKN2kn7FVectorES4_RS2_i	med	1	4	int	YS::BG::GetCrossPos(const kn::FVector &, const kn::FVector &, kn::FVector &, int) [DWARF: static -- no implicit `this`, do NOT add a leading self/object-pointer argument]	C:/hd25/kingdom2/yasui/libys/bg.cpp
001a7610	_ZN2YS2BG12GetGroundPosERKN2kn7FVectorERS2_ffi	med	1	5	bool	YS::BG::GetGroundPos(const kn::FVector &, kn::FVector &, float, float, int) [DWARF: static -- no implicit `this`, do NOT add a leading self/object-pointer argument]	C:/hd25/kingdom2/yasui/libys/bg.cpp
001a76c8	_ZN2YS2BG15GetFootPrintPosERKN2kn7FVectorERS2_i	med	1	3	bool	YS::BG::GetFootPrintPos(const kn::FVector &, kn::FVector &, int) [DWARF: static -- no implicit `this`, do NOT add a leading self/object-pointer argument]	C:/hd25/kingdom2/yasui/libys/bg.cpp
001a7790	_ZN2YS2BG9IsCullingERKN2dk6AabboxE	high	1	1	bool	YS::BG::IsCulling(const dk::Aabbox &) [DWARF: static -- no implicit `this`, do NOT add a leading self/object-pointer argument]	C:/hd25/kingdom2/yasui/libys/bg.cpp
001a78c0	_ZN2YS2BG12RandomPosAirERKN2kn7FVectorEffffi	med	1	6		YS::BG::RandomPosAir(const kn::FVector &, float, float, float, float, int) [DWARF: static -- no implicit `this`, do NOT add a leading self/object-pointer argument]	C:/hd25/kingdom2/yasui/libys/bg.cpp
001a7a48	_ZN2YS2BG10RANDOM_POSC1ERKN2kn7FVectorEffi	sim-sib-med	0	5		YS::BG::RANDOM_POS::RANDOM_POS(YS::BG::RANDOM_POS *, const kn::FVector &, float, float, int)	C:/hd25/kingdom2/yasui/libys/bg.cpp
001a7b78	_ZN2YS2BG10RANDOM_POS6searchEv	med	0	1		YS::BG::RANDOM_POS::search(YS::BG::RANDOM_POS *)	C:/hd25/kingdom2/yasui/libys/bg.cpp
001a80c8	_ZN2YS10ITEM_TABLE3GetEi	sim-sib-high	1	1	const YS::ITEM_TABLE *	YS::ITEM_TABLE::Get(int) [DWARF: static -- no implicit `this`, do NOT add a leading self/object-pointer argument]	C:/hd25/kingdom2/yasui/libys/itemtable.cpp
001a8190	_ZNK2YS10ITEM_TABLE9get_paramEv	high	0	1	const YS::ITEM_PARAM *	YS::ITEM_TABLE::get_param(const YS::ITEM_TABLE *)	C:/hd25/kingdom2/yasui/libys/itemtable.cpp
001a81f0	_ZN2YS8TREASURE5TABLE3GetEiii	med	1	3	const YS::TREASURE::TABLE *	YS::TREASURE::TABLE::Get(int, int, int) [DWARF: static -- no implicit `this`, do NOT add a leading self/object-pointer argument]	C:/hd25/kingdom2/yasui/libys/treasure.cpp
001a8258	_ZN2YS8TREASURE5TABLE8GetEventEi	med	1	1	const YS::TREASURE::TABLE *	YS::TREASURE::TABLE::GetEvent(int) [DWARF: static -- no implicit `this`, do NOT add a leading self/object-pointer argument]	C:/hd25/kingdom2/yasui/libys/treasure.cpp
001a82b0	_ZN2YS8TREASURE5TABLE4EachEPKS1_	med	1	1	const YS::TREASURE::TABLE *	YS::TREASURE::TABLE::Each(const YS::TREASURE::TABLE *) [DWARF: static -- no implicit `this`, do NOT add a leading self/object-pointer argument]	C:/hd25/kingdom2/yasui/libys/treasure.cpp
001a82f0	_ZNK2YS8TREASURE5TABLE4_getEv	high	0	1	int	YS::TREASURE::TABLE::_get(const YS::TREASURE::TABLE *)	C:/hd25/kingdom2/yasui/libys/treasure.cpp
001a8450	_ZNK2YS8TREASURE5TABLE6is_getEv	sim-sib-med	0	1	bool	YS::TREASURE::TABLE::is_get(const YS::TREASURE::TABLE *)	C:/hd25/kingdom2/yasui/libys/treasure.cpp
001a8498	_ZN2YS8TREASURE4InitEv	sim-rerun-med	1	0		YS::TREASURE::Init() [DWARF: static -- no implicit `this`, do NOT add a leading self/object-pointer argument]	C:/hd25/kingdom2/yasui/libys/treasure.cpp
001a84f0	_ZN2YS8TREASURE11IsInfoEmptyEv	med	1	0	bool	YS::TREASURE::IsInfoEmpty() [DWARF: static -- no implicit `this`, do NOT add a leading self/object-pointer argument]	C:/hd25/kingdom2/yasui/libys/treasure.cpp
001a8510	_ZN2YS8TREASURE10GetInfoNumEv	med	1	0	int	YS::TREASURE::GetInfoNum() [DWARF: static -- no implicit `this`, do NOT add a leading self/object-pointer argument]	C:/hd25/kingdom2/yasui/libys/treasure.cpp
001a8618	_ZN2YS12TREASURE_BOXC1EPKNS_8OBJENTRYERKN2kn7FVectorEf	sim-med	0	4		YS::TREASURE_BOX::TREASURE_BOX(YS::TREASURE_BOX *, const YS::OBJENTRY *, const kn::FVector &, float)	C:/hd25/kingdom2/yasui/libys/treasurebox.cpp
001a86b8	_ZN2YS12TREASURE_BOX15_OVR_initializeEv	med	0	1		YS::TREASURE_BOX::_OVR_initialize(YS::TREASURE_BOX *)	C:/hd25/kingdom2/yasui/libys/treasurebox.cpp
001a8778	_ZN2YS12TREASURE_BOX4openEPNS_5PARTYE	med	0	2		YS::TREASURE_BOX::open(YS::TREASURE_BOX *, YS::PARTY *)	C:/hd25/kingdom2/yasui/libys/treasurebox.cpp
001a8930	_ZN2YS6MEMBER5TABLE8InitAreaEv	med	1	0		YS::MEMBER::TABLE::InitArea() [DWARF: static -- no implicit `this`, do NOT add a leading self/object-pointer argument]	C:/hd25/kingdom2/yasui/libys/member.cpp
001a89f0	_ZN2YS6MEMBER5TABLE8InitAreaEv	sim-rerun-med	1	0		YS::MEMBER::TABLE::InitArea() [DWARF: static -- no implicit `this`, do NOT add a leading self/object-pointer argument]	C:/hd25/kingdom2/yasui/libys/member.cpp
001a8bb8	_ZN2YS6MEMBERC1Ev	med	0	1		YS::MEMBER::MEMBER(YS::MEMBER *)	C:/hd25/kingdom2/yasui/libys/member.cpp
001a8c78	_ZNK2YS6MEMBER6is_fixEi	sim-sib-high	0	2	bool	YS::MEMBER::is_fix(const YS::MEMBER *, int)	C:/hd25/kingdom2/yasui/libys/member.cpp
001a8f10	_ZN2YS6MEMBER16PartToMemberPartEi	med	1	1	int	YS::MEMBER::PartToMemberPart(int) [DWARF: static -- no implicit `this`, do NOT add a leading self/object-pointer argument]	C:/hd25/kingdom2/yasui/libys/member.cpp
001a8ff8	_ZN2YS6MEMBER4swapEii	med	0	3		YS::MEMBER::swap(YS::MEMBER *, int, int)	C:/hd25/kingdom2/yasui/libys/member.cpp
001a9160	_ZN2YS8SAVEFLAG3SetEj	sim-sib-med	1	1		YS::SAVEFLAG::Set(u_int) [DWARF: static -- no implicit `this`, do NOT add a leading self/object-pointer argument]	C:/hd25/kingdom2/yasui/libys/saveflag.cpp
001a91f8	_ZN2YS7OBJDATA5clearEv	high	0	1		YS::OBJDATA::clear(YS::OBJDATA *)	C:/hd25/kingdom2/yasui/libys/objdata.cpp
001a9218	_ZN2YS7OBJDATA4_setEv	med	0	1		YS::OBJDATA::_set(YS::OBJDATA *)	C:/hd25/kingdom2/yasui/libys/objdata.cpp
001a92d8	_ZN2YS7OBJDATA3setEjPKNS_8OBJENTRYE	sim-med	0	3		YS::OBJDATA::set(YS::OBJDATA *, OBJENTRY_ID, const YS::OBJENTRY *)	C:/hd25/kingdom2/yasui/libys/objdata.cpp
001a9458	_ZN2YS7OBJDATA7get_knaEii	high	0	3	kn::Motion *	YS::OBJDATA::get_kna(YS::OBJDATA *, int, int)	C:/hd25/kingdom2/yasui/libys/objdata.cpp
001a9560	_ZN2YS7OBJDATA18start_model_effectEPvRN3ryj3PAXEPPNS2_6EFFECTE	high	0	4		YS::OBJDATA::start_model_effect(YS::OBJDATA *, void *, ryj::PAX &, ryj::EFFECT **)	C:/hd25/kingdom2/yasui/libys/objdata.cpp
001a97f8	_ZN2YS9FONTSTYLE7CompareEPKvS2_	med	1	2	int	YS::FONTSTYLE::Compare(const void *, const void *) [DWARF: static -- no implicit `this`, do NOT add a leading self/object-pointer argument]	C:/hd25/kingdom2/yasui/libys/fontstyle.cpp
001a98e8	_ZN2YS11MESSAGEDRAWC1ENS_4FONT4TYPEEPKNS_7MESSAGEEiNS0_5ALIGNE	high	0	5		YS::MESSAGEDRAW::MESSAGEDRAW(YS::MESSAGEDRAW *, YS::FONT::TYPE, const YS::MESSAGE *, int, YS::MESSAGEDRAW::ALIGN)	C:/hd25/kingdom2/yasui/libys/messagedraw.cpp
001a9970	_ZN2YS11MESSAGEDRAW13set_font_sizeEi	sim-med	0	2		YS::MESSAGEDRAW::set_font_size(YS::MESSAGEDRAW *, int)	C:/hd25/kingdom2/yasui/libys/messagedraw.cpp
001a9ae8	_ZN2YS11MESSAGEDRAW4drawEiij	high	0	4		YS::MESSAGEDRAW::draw(YS::MESSAGEDRAW *, int, int, u_int)	C:/hd25/kingdom2/yasui/libys/messagedraw.cpp
001a9c20	_ZN2YS11MESSAGEDRAW9draw_lineEPNS0_3ENVEPKNS_7MESSAGEE	high	0	3	const YS::MESSAGE *	YS::MESSAGEDRAW::draw_line(YS::MESSAGEDRAW *, YS::MESSAGEDRAW::ENV *, const YS::MESSAGE *)	C:/hd25/kingdom2/yasui/libys/messagedraw.cpp
001aa0a8	_ZN2YS11MESSAGEDRAW11draw_letterEPNS0_3ENVEiii	med	0	5	int	YS::MESSAGEDRAW::draw_letter(YS::MESSAGEDRAW *, YS::MESSAGEDRAW::ENV *, int, int, int)	C:/hd25/kingdom2/yasui/libys/messagedraw.cpp
001aa388	_ZN2YS11MESSAGEDRAW8set_pageEPKNS_7MESSAGEE	sim-high	0	2		YS::MESSAGEDRAW::set_page(YS::MESSAGEDRAW *, const YS::MESSAGE *)	C:/hd25/kingdom2/yasui/libys/messagedraw.cpp
001aa558	_ZN2YS11MESSAGEDRAW17check_open_windowEv	med	0	1		YS::MESSAGEDRAW::check_open_window(YS::MESSAGEDRAW *)	C:/hd25/kingdom2/yasui/libys/messagedraw.cpp
001aa6d0	_ZN2YS11MESSAGEDRAW14set_line_spaceEi	high	0	2		YS::MESSAGEDRAW::set_line_space(YS::MESSAGEDRAW *, int)	C:/hd25/kingdom2/yasui/libys/messagedraw.cpp
001aa6f0	_ZN2YS11MESSAGEDRAW12AlignDrawPosENS0_5ALIGNERNS_7MESSAGE4SIZEERiS5_	med	1	4		YS::MESSAGEDRAW::AlignDrawPos(YS::MESSAGEDRAW::ALIGN, YS::MESSAGE::SIZE &, int &, int &) [DWARF: static -- no implicit `this`, do NOT add a leading self/object-pointer argument]	C:/hd25/kingdom2/yasui/libys/messagedraw.cpp
001aa728	_ZN2YS11MESSAGEDRAW4DrawENS_4FONT4TYPEEPKNS_7MESSAGEEiijiNS0_5ALIGNE	high	1	7		YS::MESSAGEDRAW::Draw(YS::FONT::TYPE, const YS::MESSAGE *, int, int, u_int, int, YS::MESSAGEDRAW::ALIGN) [DWARF: static -- no implicit `this`, do NOT add a leading self/object-pointer argument]	C:/hd25/kingdom2/yasui/libys/messagedraw.cpp
001aa7f0	_ZN2YS11MESSAGEDRAW3ENVC1EPKNS_4FONTE	sim-med	0	2		YS::MESSAGEDRAW::ENV::ENV(YS::MESSAGEDRAW::ENV *, const YS::FONT *)	C:/hd25/kingdom2/yasui/libys/messagedraw.cpp
001aa940	_ZNK2YS7MESSAGE12get_max_sizeEPKNS_4FONTENS0_5STYLEERNS0_4SIZEE	sim-med	0	4		YS::MESSAGE::get_max_size(const YS::MESSAGE *, const YS::FONT *, YS::MESSAGE::STYLE, YS::MESSAGE::SIZE &)	C:/hd25/kingdom2/yasui/libys/message.cpp
001aaa08	_ZN2YS4FONT4InitEv	med	1	0		YS::FONT::Init() [DWARF: static -- no implicit `this`, do NOT add a leading self/object-pointer argument]	C:/hd25/kingdom2/yasui/libys/font.cpp
001aabd8	_ZN2YS4FONT11InitTextureEv	med	1	0		YS::FONT::InitTexture() [DWARF: static -- no implicit `this`, do NOT add a leading self/object-pointer argument]	C:/hd25/kingdom2/yasui/libys/font.cpp
001aafe8	_ZNK2YS4FONT18make_packet_italicEPNS_10DRAWPACKETEiijiiff	sim-rerun2-med	0	9	bool	YS::FONT::make_packet_italic(const YS::FONT *, YS::DRAWPACKET *, int, int, u_int, int, int, float, float)	C:/hd25/kingdom2/yasui/libys/WIN/fontWIN.cpp
001ab810	_ZN2YS4FONT11GetSequenceEv	sim-rerun-med	1	0	void *	YS::FONT::GetSequence() [DWARF: static -- no implicit `this`, do NOT add a leading self/object-pointer argument]	C:/hd25/kingdom2/yasui/libys/font.cpp
001ab820	_ZNK2YS4FONT15get_space_widthEv	sim-rerun2-med	0	1	int	YS::FONT::get_space_width(const YS::FONT *)	C:/hd25/kingdom2/yasui/libys/font.cpp
001abbf0	_ZN2YS6CURSOR4execEPNS_6WINDOWEPNS_3PADE	sim-high	0	3		YS::CURSOR::exec(YS::CURSOR *, YS::WINDOW *, YS::PAD *)	C:/hd25/kingdom2/yasui/libys/window.cpp
001abdf0	_ZN2YS8TURNPAGE3setENS0_4TYPEE	sim-med	0	2		YS::TURNPAGE::set(YS::TURNPAGE *, YS::TURNPAGE::TYPE)	C:/hd25/kingdom2/yasui/libys/window.cpp
001abe80	_ZN2YS8TURNPAGE4execEPNS_6WINDOWEPNS_3PADE	sim-high	0	3		YS::TURNPAGE::exec(YS::TURNPAGE *, YS::WINDOW *, YS::PAD *)	C:/hd25/kingdom2/yasui/libys/window.cpp
001abf38	_ZN2YS8TURNPAGE4drawEii	sim-high	0	3		YS::TURNPAGE::draw(YS::TURNPAGE *, int, int)	C:/hd25/kingdom2/yasui/libys/window.cpp
001ac258	_ZN2YS15WINDOW_TUTORIALC1Ei	sim-high	0	2		YS::WINDOW_TUTORIAL::WINDOW_TUTORIAL(YS::WINDOW_TUTORIAL *, int)	C:/hd25/kingdom2/yasui/libys/window.cpp
001ac4c0	_ZN2YS6WINDOWC1ENS_4FONT4TYPEEiiiii	sim-high	0	7		YS::WINDOW::WINDOW(YS::WINDOW *, YS::FONT::TYPE, int, int, int, int, int)	C:/hd25/kingdom2/yasui/libys/window.cpp
001ac5b8	_ZN2YS6WINDOWD1Ev	sim-sandwich	0	1		YS::WINDOW::~WINDOW(YS::WINDOW *)	C:/hd25/kingdom2/yasui/libys/window.cpp
001ac6a0	_ZN2YS6WINDOW7destroyEv	high	0	1		YS::WINDOW::destroy(YS::WINDOW *)	C:/hd25/kingdom2/yasui/libys/window.cpp
001ac6d0	_ZN2YS6WINDOW4drawEv	high	0	1		YS::WINDOW::draw(YS::WINDOW *)	C:/hd25/kingdom2/yasui/libys/window.cpp
001ac700	_ZN2YS6WINDOW5closeEv	high	0	1		YS::WINDOW::close(YS::WINDOW *)	C:/hd25/kingdom2/yasui/libys/window.cpp
001ac778	_ZN2YS6WINDOW4InitEv	med	1	0		YS::WINDOW::Init() [DWARF: static -- no implicit `this`, do NOT add a leading self/object-pointer argument]	C:/hd25/kingdom2/yasui/libys/window.cpp
001ac800	_ZN2YS12WINDOW_OBJ2D6updateEv	high	0	1		YS::WINDOW_OBJ2D::update(YS::WINDOW_OBJ2D *)	C:/hd25/kingdom2/yasui/libys/window.cpp
001ac8b0	_ZN2YS13WINDOW_CREDITC1Ei	sim-med	0	2		YS::WINDOW_CREDIT::WINDOW_CREDIT(YS::WINDOW_CREDIT *, int)	C:/hd25/kingdom2/yasui/libys/window.cpp
001ac908	_ZN2YS13WINDOW_CREDIT6updateEv	med	0	1		YS::WINDOW_CREDIT::update(YS::WINDOW_CREDIT *)	C:/hd25/kingdom2/yasui/libys/window.cpp
001aca98	_ZN2YS11WINDOW_BASEC1ENS_4FONT4TYPEEiiiiii	sim-high	0	8		YS::WINDOW_BASE::WINDOW_BASE(YS::WINDOW_BASE *, YS::FONT::TYPE, int, int, int, int, int, int)	C:/hd25/kingdom2/yasui/libys/window.cpp
001acbc0	_ZN2YS11WINDOW_BASE6updateEv	high	0	1		YS::WINDOW_BASE::update(YS::WINDOW_BASE *)	C:/hd25/kingdom2/yasui/libys/window.cpp
001acd78	_ZN2YS11WINDOW_BASE8page_endEv	high	0	1		YS::WINDOW_BASE::page_end(YS::WINDOW_BASE *)	C:/hd25/kingdom2/yasui/libys/window.cpp
001acda8	_ZN2YS11WINDOW_BASE5closeEv	high	0	1		YS::WINDOW_BASE::close(YS::WINDOW_BASE *)	C:/hd25/kingdom2/yasui/libys/window.cpp
001acdc0	_ZN2YS11WINDOW_BASE5_drawEiiiii	med	0	6		YS::WINDOW_BASE::_draw(YS::WINDOW_BASE *, int, int, int, int, int)	C:/hd25/kingdom2/yasui/libys/window.cpp
001acf38	_ZN2YS11WINDOW_BASE4drawEv	high	0	1		YS::WINDOW_BASE::draw(YS::WINDOW_BASE *)	C:/hd25/kingdom2/yasui/libys/window.cpp
001acfb0	_ZN2YS11WINDOW_BASE8set_typeEi	high	0	2		YS::WINDOW_BASE::set_type(YS::WINDOW_BASE *, int)	C:/hd25/kingdom2/yasui/libys/window.cpp
001ad020	_ZN2YS11WINDOW_BASE10draw_animeEiii	high	0	4		YS::WINDOW_BASE::draw_anime(YS::WINDOW_BASE *, int, int, int)	C:/hd25/kingdom2/yasui/libys/window.cpp
001ad098	_ZN2YS14WINDOW_BALLOONC1Eii	sim-med	0	3		YS::WINDOW_BALLOON::WINDOW_BALLOON(YS::WINDOW_BALLOON *, int, int)	C:/hd25/kingdom2/yasui/libys/window.cpp
001ad158	_ZN2YS14WINDOW_BALLOON11open_windowEiii	med	0	4		YS::WINDOW_BALLOON::open_window(YS::WINDOW_BALLOON *, int, int, int)	C:/hd25/kingdom2/yasui/libys/window.cpp
001ad228	_ZN2YS12WINDOW_CHECKC1Ei	sim-med	0	2		YS::WINDOW_CHECK::WINDOW_CHECK(YS::WINDOW_CHECK *, int)	C:/hd25/kingdom2/yasui/libys/window.cpp
001ad3e0	_ZN2YS15WINDOW_TUTORIAL4drawEv	high	0	1		YS::WINDOW_TUTORIAL::draw(YS::WINDOW_TUTORIAL *)	C:/hd25/kingdom2/yasui/libys/window.cpp
001ad430	_ZN2YS11WINDOW_TALKC1Ei	sim-med	0	2		YS::WINDOW_TALK::WINDOW_TALK(YS::WINDOW_TALK *, int)	C:/hd25/kingdom2/yasui/libys/window.cpp
001ad520	_ZN2YS11WINDOW_TALK11open_windowEiii	sim-med	0	4		YS::WINDOW_TALK::open_window(YS::WINDOW_TALK *, int, int, int)	C:/hd25/kingdom2/yasui/libys/window.cpp
001ad638	_ZN2YS22WINDOW_SYSTEM_TUTORIALD1Ev	sim-high	0	1		YS::WINDOW_SYSTEM_TUTORIAL::~WINDOW_SYSTEM_TUTORIAL(YS::WINDOW_SYSTEM_TUTORIAL *)	C:/hd25/kingdom2/yasui/libys/window.cpp
001ad990	_ZN2YS4FADE5startEfff	sim-sib-high	0	4		YS::FADE::start(YS::FADE *, float, float, float)	C:/hd25/kingdom2/yasui/libys/fade.cpp
001ad9c8	_ZN2YS4FADE4execEv	sim-sib-high	0	1	bool	YS::FADE::exec(YS::FADE *)	C:/hd25/kingdom2/yasui/libys/fade.cpp
001ada38	_ZN2YS5RECOV4ExecEi	high	1	1		YS::RECOV::Exec(int) [DWARF: static -- no implicit `this`, do NOT add a leading self/object-pointer argument]	C:/hd25/kingdom2/yasui/libys/recov.cpp
001aeb80	_ZN2YS8LOCALSET7SysInitEv	sim-med	1	0		YS::LOCALSET::SysInit() [DWARF: static -- no implicit `this`, do NOT add a leading self/object-pointer argument]	C:/hd25/kingdom2/yasui/libys/localset.cpp
001aedf8	_ZN2YS8GAMEOVERC1EPNS_3OBJEi	sim-high	0	3		YS::GAMEOVER::GAMEOVER(YS::GAMEOVER *, YS::OBJ *, int)	C:/hd25/kingdom2/yasui/libys/gameover.cpp
001aefa0	_ZN2YS8GAMEOVER12check_mickeyEv	med	0	1		YS::GAMEOVER::check_mickey(YS::GAMEOVER *)	C:/hd25/kingdom2/yasui/libys/gameover.cpp
001af0c0	_ZN2YS8GAMEOVER5setupEv	med	0	1		YS::GAMEOVER::setup(YS::GAMEOVER *)	C:/hd25/kingdom2/yasui/libys/gameover.cpp
001af398	_ZN2YS8GAMEOVER8ExecTaskEP4TASK	med	1	1		YS::GAMEOVER::ExecTask(TASK *) [DWARF: static -- no implicit `this`, do NOT add a leading self/object-pointer argument]	C:/hd25/kingdom2/yasui/libys/gameover.cpp
001af420	_ZN2YS8GAMEOVER4execEv	med	0	1	bool	YS::GAMEOVER::exec(YS::GAMEOVER *)	C:/hd25/kingdom2/yasui/libys/gameover.cpp
001af6f0	_ZN2YS8GAMEOVER24SelectorGameOverCallbackEiP4TASK	sim-rerun2-med	1	2		YS::GAMEOVER::SelectorGameOverCallback(int, TASK *) [DWARF: static -- no implicit `this`, do NOT add a leading self/object-pointer argument]	C:/hd25/kingdom2/yasui/libys/gameover.cpp
001af7c0	_ZN2YS8GAMEOVER10get_motionEj	med	0	2	kn::Motion *	YS::GAMEOVER::get_motion(YS::GAMEOVER *, OBJENTRY_ID)	C:/hd25/kingdom2/yasui/libys/gameover.cpp
001af938	_ZN2YS8GAMEOVER7ReraiseEv	high	1	0		YS::GAMEOVER::Reraise() [DWARF: static -- no implicit `this`, do NOT add a leading self/object-pointer argument]	C:/hd25/kingdom2/yasui/libys/gameover.cpp
001af9e8	_ZN2YS8GAMEOVER6IsExecEv	med	1	0	bool	YS::GAMEOVER::IsExec() [DWARF: static -- no implicit `this`, do NOT add a leading self/object-pointer argument]	C:/hd25/kingdom2/yasui/libys/gameover.cpp
001af9f8	_ZN2YS8GAMEOVER5AbortEv	med	1	0		YS::GAMEOVER::Abort() [DWARF: static -- no implicit `this`, do NOT add a leading self/object-pointer argument]	C:/hd25/kingdom2/yasui/libys/gameover.cpp
001afae0	_ZN2YS5VOICE7ReadEndEv	med	1	0		YS::VOICE::ReadEnd() [DWARF: static -- no implicit `this`, do NOT add a leading self/object-pointer argument]	C:/hd25/kingdom2/yasui/libys/voice.cpp
001afc00	_ZN2YS5VOICE11ReadEntryIdEjPv	high	1	2		YS::VOICE::ReadEntryId(OBJENTRY_ID, void *) [DWARF: static -- no implicit `this`, do NOT add a leading self/object-pointer argument]	C:/hd25/kingdom2/yasui/libys/voice.cpp
001afe30	_ZN2YS5VOICE7GetBankEi	sim-rerun-med	1	1	int	YS::VOICE::GetBank(int) [DWARF: static -- no implicit `this`, do NOT add a leading self/object-pointer argument]	C:/hd25/kingdom2/yasui/libys/voice.cpp
001afee8	_ZN2YS5VOICE11GetPartyNumEii	med	1	2	int	YS::VOICE::GetPartyNum(int, int) [DWARF: static -- no implicit `this`, do NOT add a leading self/object-pointer argument]	C:/hd25/kingdom2/yasui/libys/voice.cpp
001b01b0	_ZN2YS5VOICED1Ev	sim-vt-med	0	1		YS::VOICE::~VOICE(YS::VOICE *)	C:/hd25/kingdom2/yasui/libys/voice.cpp
001b0250	_ZN2YS5VOICE4execEv	high	0	1		YS::VOICE::exec(YS::VOICE *)	C:/hd25/kingdom2/yasui/libys/voice.cpp
001b0320	_ZN2YS5VOICE7is_playEv	sim-sib-med	0	1	bool	YS::VOICE::is_play(YS::VOICE *)	C:/hd25/kingdom2/yasui/libys/voice.cpp
001b0370	_ZN2YS9VOICE_IOP4playEiRKN2kn7FVectorE	sim-vt-med	0	3	u_int	YS::VOICE_IOP::play(YS::VOICE_IOP *, int, const kn::FVector &)	C:/hd25/kingdom2/yasui/libys/voice.cpp
001b0390	_ZN2YS8VOICE_EE4playEiRKN2kn7FVectorE	sim-vt-med	0	3	u_int	YS::VOICE_EE::play(YS::VOICE_EE *, int, const kn::FVector &)	C:/hd25/kingdom2/yasui/libys/voice.cpp
001b0448	_ZN2YS6LOOKAT8set_boneEPNS_3OBJE	sim-med	0	2		YS::LOOKAT::set_bone(YS::LOOKAT *, YS::OBJ *)	C:/hd25/kingdom2/yasui/libys/lookat.cpp
001b0498	_ZN2YS6LOOKAT7is_execEv	med	0	1	bool	YS::LOOKAT::is_exec(YS::LOOKAT *)	C:/hd25/kingdom2/yasui/libys/lookat.cpp
001b0580	_ZN2YS6LOOKAT12make_to_faceEv	med	0	1	kn::ToFace *	YS::LOOKAT::make_to_face(YS::LOOKAT *)	C:/hd25/kingdom2/yasui/libys/lookat.cpp
001b0728	_ZN2YS6LOOKAT5startERKN2kn7FVectorEfj	sim-med	0	4		YS::LOOKAT::start(YS::LOOKAT *, const kn::FVector &, float, u_int)	C:/hd25/kingdom2/yasui/libys/lookat.cpp
001b0798	_ZN2YS6LOOKAT5startEPNS_3OBJEfj	sim-med	0	4		YS::LOOKAT::start(YS::LOOKAT *, YS::OBJ *, float, u_int)	C:/hd25/kingdom2/yasui/libys/lookat.cpp
001b0858	_ZN2YS6LOOKAT9start_dirERKN2kn7FVectorEfj	med	0	4		YS::LOOKAT::start_dir(YS::LOOKAT *, const kn::FVector &, float, u_int)	C:/hd25/kingdom2/yasui/libys/lookat.cpp
001b0940	_ZN2YS6LOOKAT22set_pos_limit_can_lookERKN2kn7FVectorE	med	0	2		YS::LOOKAT::set_pos_limit_can_look(YS::LOOKAT *, const kn::FVector &)	C:/hd25/kingdom2/yasui/libys/lookat.cpp
001b1100	_ZN2YS3OBJ8can_lookERKN2kn7FVectorE	med	0	2	bool	YS::OBJ::can_look(YS::OBJ *, const kn::FVector &)	C:/hd25/kingdom2/yasui/libys/lookat.cpp
001b1328	_ZN2YS3OBJ8can_lookEPS0_	med	0	2	bool	YS::OBJ::can_look(YS::OBJ *, YS::OBJ *)	C:/hd25/kingdom2/yasui/libys/lookat.cpp
001b1360	_ZN2YS6LOOKAT7ReplaceEPNS_3OBJES2_	med	1	2		YS::LOOKAT::Replace(YS::OBJ *, YS::OBJ *) [DWARF: static -- no implicit `this`, do NOT add a leading self/object-pointer argument]	C:/hd25/kingdom2/yasui/libys/lookat.cpp
001b1448	_ZN2YS8DATABUFF4ReadEPKc	high	1	1	void *	YS::DATABUFF::Read(const char *) [DWARF: static -- no implicit `this`, do NOT add a leading self/object-pointer argument]	C:/hd25/kingdom2/yasui/libys/databuff.cpp
001b1490	_ZN2YS8DATABUFF7ReadBarEPKc	high	1	1	YS::BINARC *	YS::DATABUFF::ReadBar(const char *) [DWARF: static -- no implicit `this`, do NOT add a leading self/object-pointer argument]	C:/hd25/kingdom2/yasui/libys/databuff.cpp
001b14d8	_ZN2YS5LIGHT4InitEv	sim-med	1	0		YS::LIGHT::Init() [DWARF: static -- no implicit `this`, do NOT add a leading self/object-pointer argument]	C:/hd25/kingdom2/yasui/libys/light.cpp
001b1560	_ZN2YS5LIGHT4ExecEP4TASK	sim-high	1	1		YS::LIGHT::Exec(TASK *) [DWARF: static -- no implicit `this`, do NOT add a leading self/object-pointer argument]	C:/hd25/kingdom2/yasui/libys/light.cpp
001b18e8	_ZN2YS5LIGHT9FinalizerEP4TASK	sim-med	1	1		YS::LIGHT::Finalizer(TASK *) [DWARF: static -- no implicit `this`, do NOT add a leading self/object-pointer argument]	C:/hd25/kingdom2/yasui/libys/light.cpp
001b1a30	_ZN2YS5LIGHT6CreateENS0_4TYPEE	sim-med	1	1	YS::LIGHT *	YS::LIGHT::Create(YS::LIGHT::TYPE) [DWARF: static -- no implicit `this`, do NOT add a leading self/object-pointer argument]	C:/hd25/kingdom2/yasui/libys/light.cpp
001b1b58	_ZN2YS6MOTION16get_trans_directEf	sim-med	0	2		YS::MOTION::get_trans_direct(YS::MOTION *, float)	C:/hd25/kingdom2/yasui/libys/motion.cpp
001b1bb8	_ZN2YS5LIGHT9set_colorEiiifi	sim-rerun-high	0	6		YS::LIGHT::set_color(YS::LIGHT *, int, int, int, float, int)	C:/hd25/kingdom2/yasui/libys/light.cpp
001b1d60	_ZN2YS4ZAKOC1EPKNS_8OBJENTRYERKN2kn7FVectorEf	sim-med	0	4		YS::ZAKO::ZAKO(YS::ZAKO *, const YS::OBJENTRY *, const kn::FVector &, float)	C:/hd25/kingdom2/yasui/libys/zako.cpp
001b1da0	_ZN2YS4ZAKO10_OVR__deadEv	sim-high	0	1		YS::ZAKO::_OVR__dead(YS::ZAKO *)	C:/hd25/kingdom2/yasui/libys/zako.cpp
001b1e00	_ZN2YS4ZAKO14_OVR_leave_reqEv	sim-high	0	1		YS::ZAKO::_OVR_leave_req(YS::ZAKO *)	C:/hd25/kingdom2/yasui/libys/zako.cpp
001b1e58	_ZN2YS7ITEMPIC4InitEPv	med	1	1		YS::ITEMPIC::Init(void *) [DWARF: static -- no implicit `this`, do NOT add a leading self/object-pointer argument]	C:/hd25/kingdom2/yasui/libys/itempic.cpp
001b1e80	_ZN2YS7ITEMPIC9ReadImageEi	med	1	1		YS::ITEMPIC::ReadImage(int) [DWARF: static -- no implicit `this`, do NOT add a leading self/object-pointer argument]	C:/hd25/kingdom2/yasui/libys/itempic.cpp
001b1ee8	_ZN2YS7ITEMPIC15ReadImageThreadEP4TASK	high	1	1		YS::ITEMPIC::ReadImageThread(TASK *) [DWARF: static -- no implicit `this`, do NOT add a leading self/object-pointer argument]	C:/hd25/kingdom2/yasui/libys/itempic.cpp
001b1fc8	_ZN2YS7ITEMPIC15CanGetImageDataEi	med	1	1	bool	YS::ITEMPIC::CanGetImageData(int) [DWARF: static -- no implicit `this`, do NOT add a leading self/object-pointer argument]	C:/hd25/kingdom2/yasui/libys/itempic.cpp
001b1ff0	_ZN2YS7ITEMPIC12GetImageDataEi	sim-sib-med	1	1	void *	YS::ITEMPIC::GetImageData(int) [DWARF: static -- no implicit `this`, do NOT add a leading self/object-pointer argument]	C:/hd25/kingdom2/yasui/libys/itempic.cpp
001b2028	_ZN2YS7ITEMPIC13FreeImageDataEPv	sim-sib-med	1	1		YS::ITEMPIC::FreeImageData(void *) [DWARF: static -- no implicit `this`, do NOT add a leading self/object-pointer argument]	C:/hd25/kingdom2/yasui/libys/itempic.cpp
001b20f0	_ZN2YS10ACTION_HOP5startEPNS_3OBJE	sim-med	0	2		YS::ACTION_HOP::start(YS::ACTION_HOP *, YS::OBJ *)	C:/hd25/kingdom2/yasui/libys/action_hop.cpp
001b2108	_ZN2YS10ACTION_HOP7controlEPNS_3OBJE	sim-high	0	2		YS::ACTION_HOP::control(YS::ACTION_HOP *, YS::OBJ *)	C:/hd25/kingdom2/yasui/libys/action_hop.cpp
001b2170	_ZN2YS10ACTION_HOP13calc_movementEPNS_3OBJE	sim-vt-high	0	2		YS::ACTION_HOP::calc_movement(YS::ACTION_HOP *, YS::OBJ *)	C:/hd25/kingdom2/yasui/libys/action_hop.cpp
001b24c8	_ZN2YS6VACUUM4ExitEv	sim-med	1	0		YS::VACUUM::Exit() [DWARF: static -- no implicit `this`, do NOT add a leading self/object-pointer argument]	C:/hd25/kingdom2/yasui/libys/vacuum.cpp
001b2778	_ZN2YS13ACTION_CARPET3endEPNS_3OBJE	sim-sandwich	0	2		YS::ACTION_CARPET::end(YS::ACTION_CARPET *, YS::OBJ *)	C:/hd25/kingdom2/yasui/libys/action_carpet.cpp
001b2780	_ZN2YS13ACTION_CARPET4jumpEPNS_3OBJERKN2kn7FVectorE	sim-sandwich	0	3		YS::ACTION_CARPET::jump(YS::ACTION_CARPET *, YS::OBJ *, const kn::FVector &)	C:/hd25/kingdom2/yasui/libys/action_carpet.cpp
001b27c0	_ZN2YS13ACTION_CARPET11jump_heightEPNS_3OBJEf	sim-sandwich	0	3		YS::ACTION_CARPET::jump_height(YS::ACTION_CARPET *, YS::OBJ *, float)	C:/hd25/kingdom2/yasui/libys/action_carpet.cpp
001b27f0	_ZN2YS13ACTION_CARPET10party_jumpEPNS_3OBJEb	sim-high	0	3		YS::ACTION_CARPET::party_jump(YS::ACTION_CARPET *, YS::OBJ *, bool)	C:/hd25/kingdom2/yasui/libys/action_carpet.cpp
001b2860	_ZN2YS13ACTION_CARPET7controlEPNS_3OBJE	sim-high	0	2		YS::ACTION_CARPET::control(YS::ACTION_CARPET *, YS::OBJ *)	C:/hd25/kingdom2/yasui/libys/action_carpet.cpp
001b2b80	_ZN2YS17ACTION_CARPETJUMP5startEPNS_3OBJE	sim-high	0	2		YS::ACTION_CARPETJUMP::start(YS::ACTION_CARPETJUMP *, YS::OBJ *)	C:/hd25/kingdom2/yasui/libys/action_carpet.cpp
001b2bd8	_ZN2YS17ACTION_CARPETJUMP4jumpEPNS_3OBJERKN2kn7FVectorE	sim-vt-high	0	3		YS::ACTION_CARPETJUMP::jump(YS::ACTION_CARPETJUMP *, YS::OBJ *, const kn::FVector &)	C:/hd25/kingdom2/yasui/libys/action_carpet.cpp
001b2c18	_ZN2YS17ACTION_CARPETJUMP11jump_heightEPNS_3OBJEf	sim-vt-high	0	3		YS::ACTION_CARPETJUMP::jump_height(YS::ACTION_CARPETJUMP *, YS::OBJ *, float)	C:/hd25/kingdom2/yasui/libys/action_carpet.cpp
001b2cf8	_ZN2YS17ACTION_CARPETJUMP4landEPNS_3OBJE	sim-med	0	2		YS::ACTION_CARPETJUMP::land(YS::ACTION_CARPETJUMP *, YS::OBJ *)	C:/hd25/kingdom2/yasui/libys/action_carpet.cpp
001b2d10	_ZN2YS17ACTION_CARPETJUMP9CheckLandEPNS_3OBJERN2kn7FVectorE	sim-rerun-med	1	2	bool	YS::ACTION_CARPETJUMP::CheckLand(YS::OBJ *, kn::FVector &) [DWARF: static -- no implicit `this`, do NOT add a leading self/object-pointer argument]	C:/hd25/kingdom2/yasui/libys/action_carpet.cpp
001b2db0	_ZN2YS16ACTION_CARPETOBJ5startEPNS_3OBJE	sim-med	0	2		YS::ACTION_CARPETOBJ::start((anonymous namespace)::ACTION_CARPETOBJ *, YS::OBJ *)	C:/hd25/kingdom2/yasui/libys/action_carpet.cpp
001b2db8	_ZN2YS16ACTION_CARPETOBJ7controlEPNS_3OBJE	sim-high	0	2		YS::ACTION_CARPETOBJ::control((anonymous namespace)::ACTION_CARPETOBJ *, YS::OBJ *)	C:/hd25/kingdom2/yasui/libys/action_carpet.cpp
001b2f10	_ZN2YS6OBJOCC4InitEv	med	1	0		YS::OBJOCC::Init() [DWARF: static -- no implicit `this`, do NOT add a leading self/object-pointer argument]	C:/hd25/kingdom2/yasui/libys/objocc.cpp
001b2f38	_ZN2YS6OBJOCC4initEPvb	med	0	3		YS::OBJOCC::init(YS::OBJOCC *, void *, bool)	C:/hd25/kingdom2/yasui/libys/objocc.cpp
001b3018	_ZN2YS6OBJOCCD1Ev	sim-high	0	1		YS::OBJOCC::~OBJOCC(YS::OBJOCC *)	C:/hd25/kingdom2/yasui/libys/objocc.cpp
001b3118	_ZN2YS6OBJOCC10set_matrixEPNS_3OBJE	med	0	2		YS::OBJOCC::set_matrix(YS::OBJOCC *, YS::OBJ *)	C:/hd25/kingdom2/yasui/libys/objocc.cpp
001b32c8	_ZN2YS6OBJOCC6enableEi	sim-med	0	2		YS::OBJOCC::enable(YS::OBJOCC *, int)	C:/hd25/kingdom2/yasui/libys/objocc.cpp
001b3388	_ZN2YS6OBJOCC4RIDE5checkEPN2dk6ObjOccE	med	0	2		YS::OBJOCC::RIDE::check(YS::OBJOCC::RIDE *, dk::ObjOcc *)	C:/hd25/kingdom2/yasui/libys/objocc.cpp
001b3428	_ZN2YS6OBJOCC4RIDE12get_movementEPNS_3OBJE	high	0	2		YS::OBJOCC::RIDE::get_movement(YS::OBJOCC::RIDE *, YS::OBJ *)	C:/hd25/kingdom2/yasui/libys/objocc.cpp
001b3748	_ZN2YS3OBJ9footprintEi	sim-high	0	2		YS::OBJ::footprint(YS::OBJ *, int)	C:/hd25/kingdom2/yasui/libys/footprint.cpp
001b3a90	_ZN2YS6BTLNPCC1EPKNS_8OBJENTRYERKN2kn7FVectorEf	sim-high	0	4		YS::BTLNPC::BTLNPC(YS::BTLNPC *, const YS::OBJENTRY *, const kn::FVector &, float)	C:/hd25/kingdom2/yasui/libys/btlnpc.cpp
001b3c58	_ZN2YS7PIERROT9dup_sheetEi	med	0	2		YS::PIERROT::dup_sheet(YS::PIERROT *, int)	C:/hd25/kingdom2/yasui/libys/pierrot.cpp
001b3cb0	_ZN2YS7PIERROT12set_attackerEPNS_3OBJE	med	0	2		YS::PIERROT::set_attacker(YS::PIERROT *, YS::OBJ *)	C:/hd25/kingdom2/yasui/libys/pierrot.cpp
001b3d00	_ZN2YS7PIERROT16_OVR_exec_damageEPNS_6DAMAGEE	med	0	2		YS::PIERROT::_OVR_exec_damage(YS::PIERROT *, YS::DAMAGE *)	C:/hd25/kingdom2/yasui/libys/pierrot.cpp
001b3e88	_ZN2YS7PIERROT9damage_seEPNS_6DAMAGEE	high	0	2		YS::PIERROT::damage_se(YS::PIERROT *, YS::DAMAGE *)	C:/hd25/kingdom2/yasui/libys/pierrot.cpp
001b3f88	_ZN2YS7PIERROT17_OVR_exec_reflectEPNS_11ATTACK_WORKES2_	med	0	3		YS::PIERROT::_OVR_exec_reflect(YS::PIERROT *, YS::ATTACK_WORK *, YS::ATTACK_WORK *)	C:/hd25/kingdom2/yasui/libys/pierrot.cpp
001b4098	_ZN2YS7PIERROT20_OVR_attack_callbackEPNS_6BTLOBJEPNS_6ATTACKEPKNS_11ATTACKPARAME	sim-high	0	4		YS::PIERROT::_OVR_attack_callback(YS::PIERROT *, YS::BTLOBJ *, YS::ATTACK *, const YS::ATTACKPARAM *)	C:/hd25/kingdom2/yasui/libys/pierrot.cpp
001b40e0	_ZN2YS7PIERROT10_OVR__deadEv	high	0	1		YS::PIERROT::_OVR__dead(YS::PIERROT *)	C:/hd25/kingdom2/yasui/libys/pierrot.cpp
001b4198	_ZN2YS7PIERROT6AddExpEPKNS_10ENEMYPARAMEPNS_3OBJERKN2kn7FVectorE	med	1	3		YS::PIERROT::AddExp(const YS::ENEMYPARAM *, YS::OBJ *, const kn::FVector &) [DWARF: static -- no implicit `this`, do NOT add a leading self/object-pointer argument]	C:/hd25/kingdom2/yasui/libys/pierrot.cpp
001b4300	_ZN2YS5LIMIT4InitEv	high	1	0		YS::LIMIT::Init() [DWARF: static -- no implicit `this`, do NOT add a leading self/object-pointer argument]	C:/hd25/kingdom2/yasui/libys/limit.cpp
001b4340	_ZN2YS5LIMIT8ExecTaskEP4TASK	med	1	1		YS::LIMIT::ExecTask(TASK *) [DWARF: static -- no implicit `this`, do NOT add a leading self/object-pointer argument]	C:/hd25/kingdom2/yasui/libys/limit.cpp
001b43e0	_ZN2YS5LIMIT9FinalizerEP4TASK	med	1	1		YS::LIMIT::Finalizer(TASK *) [DWARF: static -- no implicit `this`, do NOT add a leading self/object-pointer argument]	C:/hd25/kingdom2/yasui/libys/limit.cpp
001b4430	_ZN2YS5LIMIT5StartEiPNS_6PLAYERE	med	1	2		YS::LIMIT::Start(int, YS::PLAYER *) [DWARF: static -- no implicit `this`, do NOT add a leading self/object-pointer argument]	C:/hd25/kingdom2/yasui/libys/limit.cpp
001b47d8	_ZN2YS5LIMITC1EPKNS_11LIMIT_TABLEEPNS_6PLAYEREf	sim-high	0	4		YS::LIMIT::LIMIT(YS::LIMIT *, const YS::LIMIT_TABLE *, YS::PLAYER *, float)	C:/hd25/kingdom2/yasui/libys/limit.cpp
001b4a00	_ZN2YS5LIMIT5setupEf	high	0	2		YS::LIMIT::setup(YS::LIMIT *, float)	C:/hd25/kingdom2/yasui/libys/limit.cpp
001b4c48	_ZN2YS5LIMIT9set_imageERNS_10IMAGE_DATAEPKc	sim-med	0	3		YS::LIMIT::set_image(YS::LIMIT *, YS::IMAGE_DATA &, const char *)	C:/hd25/kingdom2/yasui/libys/limit.cpp
001b4dd0	_ZN2YS5LIMITD1Ev	sim-high	0	1		YS::LIMIT::~LIMIT(YS::LIMIT *)	C:/hd25/kingdom2/yasui/libys/limit.cpp
001b50b0	_ZN2YS5LIMIT12motion_startEPNS_3OBJEif	med	0	4	int	YS::LIMIT::motion_start(YS::LIMIT *, YS::OBJ *, int, float)	C:/hd25/kingdom2/yasui/libys/limit.cpp
001b50e0	_ZN2YS5LIMIT12camera_startEPKcfb	med	0	4		YS::LIMIT::camera_start(YS::LIMIT *, const char *, float, bool)	C:/hd25/kingdom2/yasui/libys/limit.cpp
001b5250	_ZN2YS5LIMIT4execEb	med	0	2		YS::LIMIT::exec(YS::LIMIT *, bool)	C:/hd25/kingdom2/yasui/libys/limit.cpp
001b5400	_ZN2YS5LIMIT5ClearEv	med	1	0		YS::LIMIT::Clear() [DWARF: static -- no implicit `this`, do NOT add a leading self/object-pointer argument]	C:/hd25/kingdom2/yasui/libys/limit.cpp
001b5460	_ZN2YS5LIMIT7destroyEv	med	0	1		YS::LIMIT::destroy(YS::LIMIT *)	C:/hd25/kingdom2/yasui/libys/limit.cpp
001b55e8	_ZN2YS5LIMIT7can_endEv	high	0	1	bool	YS::LIMIT::can_end(YS::LIMIT *)	C:/hd25/kingdom2/yasui/libys/limit.cpp
001b5680	_ZN2YS5LIMIT11is_add_timeEv	med	0	1	bool	YS::LIMIT::is_add_time(YS::LIMIT *)	C:/hd25/kingdom2/yasui/libys/limit.cpp
001b5708	_ZN2YS5LIMIT19set_special_commandEi	high	0	2		YS::LIMIT::set_special_command(YS::LIMIT *, int)	C:/hd25/kingdom2/yasui/libys/limit.cpp
001b57f8	_ZN2YS5LIMIT21reset_special_commandEv	med	0	1		YS::LIMIT::reset_special_command(YS::LIMIT *)	C:/hd25/kingdom2/yasui/libys/limit.cpp
001b58f0	_ZN2YS5LIMIT12start_effectEiiPNS_3OBJE	sim-med	0	4	ryj::EFFECT *	YS::LIMIT::start_effect(YS::LIMIT *, int, int, YS::OBJ *)	C:/hd25/kingdom2/yasui/libys/limit.cpp
001b5918	_ZN2YS5LIMIT12AnmatrEffectEPN3ryj3PAXEPNS_3OBJEiPNS1_6EFFECTE	sim-high	1	4	bool	YS::LIMIT::AnmatrEffect(ryj::PAX *, YS::OBJ *, int, ryj::EFFECT *) [DWARF: static -- no implicit `this`, do NOT add a leading self/object-pointer argument]	C:/hd25/kingdom2/yasui/libys/limit.cpp
001b5a10	_ZN2YS5LIMIT6GetPaxEv	sim-high	1	0	ryj::PAX *	YS::LIMIT::GetPax() [DWARF: static -- no implicit `this`, do NOT add a leading self/object-pointer argument]	C:/hd25/kingdom2/yasui/libys/limit.cpp
001b5b20	_ZN2YS5LIMIT16GetCommandStatusEPNS_6PLAYEREPKNS_12COMMAND_ELEMEi	high	1	3	int	YS::LIMIT::GetCommandStatus(YS::PLAYER *, const YS::COMMAND_ELEM *, int) [DWARF: static -- no implicit `this`, do NOT add a leading self/object-pointer argument]	C:/hd25/kingdom2/yasui/libys/limit.cpp
001b5ce8	_ZN2YS8CHANGEINC1EiPNS_6FRIENDEi	med	0	4		YS::CHANGEIN::CHANGEIN(YS::CHANGEIN *, int, YS::FRIEND *, int)	C:/hd25/kingdom2/yasui/libys/changein.cpp
001b5cf8	_ZN2YS8CHANGEIN4execEP4TASK	med	0	2	YS::FRIEND *	YS::CHANGEIN::exec(YS::CHANGEIN *, TASK *)	C:/hd25/kingdom2/yasui/libys/changein.cpp
001b5ef0	_ZN2YS8CHANGEIN5StartEPNS_3OBJE	high	1	1		YS::CHANGEIN::Start(YS::OBJ *) [DWARF: static -- no implicit `this`, do NOT add a leading self/object-pointer argument]	C:/hd25/kingdom2/yasui/libys/changein.cpp
001b5f68	_ZN2YS8CHANGEIN6ThreadEP4TASK	med	1	1		YS::CHANGEIN::Thread(TASK *) [DWARF: static -- no implicit `this`, do NOT add a leading self/object-pointer argument]	C:/hd25/kingdom2/yasui/libys/changein.cpp
001b6038	_ZN2YS8CHANGEIN4StopEv	med	1	0		YS::CHANGEIN::Stop() [DWARF: static -- no implicit `this`, do NOT add a leading self/object-pointer argument]	C:/hd25/kingdom2/yasui/libys/changein.cpp
001b6070	_ZN2YS8CHANGEIN7CanExecEv	high	1	0	bool	YS::CHANGEIN::CanExec() [DWARF: static -- no implicit `this`, do NOT add a leading self/object-pointer argument]	C:/hd25/kingdom2/yasui/libys/changein.cpp
001b6298	_ZN2YS10CHANGEFORMC1EPNS_4SORAEij	med	0	4		YS::CHANGEFORM::CHANGEFORM(YS::CHANGEFORM *, YS::SORA *, int, OBJENTRY_ID)	C:/hd25/kingdom2/yasui/libys/changeform.cpp
001b65e0	_ZN2YS10CHANGEFORM4execEP4TASK	high	0	2		YS::CHANGEFORM::exec(YS::CHANGEFORM *, TASK *)	C:/hd25/kingdom2/yasui/libys/changeform.cpp
001b6a50	_ZN2YS10CHANGEFORM9RecovTaskEP4TASK	high	1	1		YS::CHANGEFORM::RecovTask(TASK *) [DWARF: static -- no implicit `this`, do NOT add a leading self/object-pointer argument]	C:/hd25/kingdom2/yasui/libys/changeform.cpp
001b6ab8	_ZN2YS10CHANGEFORMD1Ev	med	0	1		YS::CHANGEFORM::~CHANGEFORM(YS::CHANGEFORM *)	C:/hd25/kingdom2/yasui/libys/changeform.cpp
001b6b10	_ZN2YS10CHANGEFORM5StartEPNS_4SORAEi	med	1	2		YS::CHANGEFORM::Start(YS::SORA *, int) [DWARF: static -- no implicit `this`, do NOT add a leading self/object-pointer argument]	C:/hd25/kingdom2/yasui/libys/changeform.cpp
001b6bd8	_ZN2YS10CHANGEFORM7CaptureEPNS_4SORAEj	med	1	2		YS::CHANGEFORM::Capture(YS::SORA *, OBJENTRY_ID) [DWARF: static -- no implicit `this`, do NOT add a leading self/object-pointer argument]	C:/hd25/kingdom2/yasui/libys/changeform.cpp
001b6c20	_ZN2YS10CHANGEFORM10CaptureEndEPNS_4SORAE	sim-high	1	1		YS::CHANGEFORM::CaptureEnd(YS::SORA *) [DWARF: static -- no implicit `this`, do NOT add a leading self/object-pointer argument]	C:/hd25/kingdom2/yasui/libys/changeform.cpp
001b6c60	_ZN2YS10CHANGEFORM4DeadEPNS_4SORAE	sim-high	1	1		YS::CHANGEFORM::Dead(YS::SORA *) [DWARF: static -- no implicit `this`, do NOT add a leading self/object-pointer argument]	C:/hd25/kingdom2/yasui/libys/changeform.cpp
001b6cc8	_ZN2YS10CHANGEFORM15ThreadFinalizerEP4TASK	med	1	1		YS::CHANGEFORM::ThreadFinalizer(TASK *) [DWARF: static -- no implicit `this`, do NOT add a leading self/object-pointer argument]	C:/hd25/kingdom2/yasui/libys/changeform.cpp
001b6d00	_ZN2YS10CHANGEFORM3EndEv	med	1	0		YS::CHANGEFORM::End() [DWARF: static -- no implicit `this`, do NOT add a leading self/object-pointer argument]	C:/hd25/kingdom2/yasui/libys/changeform.cpp
001b6dd0	_ZN2YS3OBJ15prepare_flyjumpERKN2kn7FVectorE	sim-med	0	2		YS::OBJ::prepare_flyjump(YS::OBJ *, RCFVector)	C:/hd25/kingdom2/yasui/libys/action_flyjump.cpp
001b6e08	_ZN2YS14ACTION_FLYJUMP5startEPNS_3OBJE	sim-high	0	2		YS::ACTION_FLYJUMP::start(YS::ACTION_FLYJUMP *, YS::OBJ *)	C:/hd25/kingdom2/yasui/libys/action_flyjump.cpp
001b6e90	_ZN2YS14ACTION_FLYJUMP7controlEPNS_3OBJE	sim-high	0	2		YS::ACTION_FLYJUMP::control(YS::ACTION_FLYJUMP *, YS::OBJ *)	C:/hd25/kingdom2/yasui/libys/action_flyjump.cpp
001b6f48	_ZN2YS14ACTION_FLYJUMP13calc_movementEPNS_3OBJE	sim-sandwich	0	2		YS::ACTION_FLYJUMP::calc_movement(YS::ACTION_FLYJUMP *, YS::OBJ *)	C:/hd25/kingdom2/yasui/libys/action_flyjump.cpp
001b6f88	_ZN2YS14ACTION_FLYJUMP4landEPNS_3OBJE	sim-med	0	2		YS::ACTION_FLYJUMP::land(YS::ACTION_FLYJUMP *, YS::OBJ *)	C:/hd25/kingdom2/yasui/libys/action_flyjump.cpp
001b6fb0	_ZN2YS7LEVELUP3GetEii	high	1	2	const YS::LEVELUP *	YS::LEVELUP::Get(int, int) [DWARF: static -- no implicit `this`, do NOT add a leading self/object-pointer argument]	C:/hd25/kingdom2/yasui/libys/levelup.cpp
001b7038	_ZN2YS7LEVELUP9CanAddExpEv	med	1	0	bool	YS::LEVELUP::CanAddExp() [DWARF: static -- no implicit `this`, do NOT add a leading self/object-pointer argument]	C:/hd25/kingdom2/yasui/libys/levelup.cpp
001b70d0	_ZN2YS7LEVELUP6AddExpEi	high	1	1	int	YS::LEVELUP::AddExp(int) [DWARF: static -- no implicit `this`, do NOT add a leading self/object-pointer argument]	C:/hd25/kingdom2/yasui/libys/levelup.cpp
001b71e8	_ZN2YS7LEVELUP5CheckEiPNS_7PARTRAMEPNS_5PARTYE	high	1	3		YS::LEVELUP::Check(int, YS::PARTRAM *, YS::PARTY *) [DWARF: static -- no implicit `this`, do NOT add a leading self/object-pointer argument]	C:/hd25/kingdom2/yasui/libys/levelup.cpp
001b72c0	_ZNK2YS7LEVELUP4execEiii	med	0	4		YS::LEVELUP::exec(const YS::LEVELUP *, int, int, int)	C:/hd25/kingdom2/yasui/libys/levelup.cpp
001b73e8	_ZNK2YS7LEVELUP6get_apEi	med	0	2	int	YS::LEVELUP::get_ap(const YS::LEVELUP *, int)	C:/hd25/kingdom2/yasui/libys/levelup.cpp
001b7428	_ZN2YS7LEVELUP10ShowEffectEPNS_6BTLOBJE	high	1	1		YS::LEVELUP::ShowEffect(YS::BTLOBJ *) [DWARF: static -- no implicit `this`, do NOT add a leading self/object-pointer argument]	C:/hd25/kingdom2/yasui/libys/levelup.cpp
001b7468	_ZN2YS7LEVELUP15ShowEffectDriveEPNS_6BTLOBJE	high	1	1		YS::LEVELUP::ShowEffectDrive(YS::BTLOBJ *) [DWARF: static -- no implicit `this`, do NOT add a leading self/object-pointer argument]	C:/hd25/kingdom2/yasui/libys/levelup.cpp
001b7768	_ZN2YS7LEVELUP4INFO11show_summonEi	high	0	2		YS::LEVELUP::INFO::show_summon(YS::LEVELUP::INFO *, int)	C:/hd25/kingdom2/yasui/libys/levelup.cpp
001b77d0	_ZN2YS7OBJPART12GetMessageIdEi	sim-sandwich	1	1	int	YS::OBJPART::GetMessageId(int) [DWARF: static -- no implicit `this`, do NOT add a leading self/object-pointer argument]	C:/hd25/kingdom2/yasui/libys/objpart.cpp
001b77e8	_ZN2YS7OBJPART16GetTargetCommandEi	sim-sandwich	1	1	int	YS::OBJPART::GetTargetCommand(int) [DWARF: static -- no implicit `this`, do NOT add a leading self/object-pointer argument]	C:/hd25/kingdom2/yasui/libys/objpart.cpp
001b7800	_ZN2YS7OBJPART18GetChangeinCommandEi	sim-sandwich	1	1	int	YS::OBJPART::GetChangeinCommand(int) [DWARF: static -- no implicit `this`, do NOT add a leading self/object-pointer argument]	C:/hd25/kingdom2/yasui/libys/objpart.cpp
001b78b8	_ZN2YS7OBJCLSN4freeEv	sim-med	0	1		YS::OBJCLSN::free(YS::OBJCLSN *)	C:/hd25/kingdom2/yasui/libys/objclsn.cpp
001b78d0	_ZN2YS7OBJCLSN3setEv	med	0	1		YS::OBJCLSN::set(YS::OBJCLSN *)	C:/hd25/kingdom2/yasui/libys/objclsn.cpp
001b7958	_ZN2YS7OBJCLSN10make_spaceERKNS_9COLLISIONE	sim-med	0	2		YS::OBJCLSN::make_space(YS::OBJCLSN *, const YS::COLLISION &)	C:/hd25/kingdom2/yasui/libys/objclsn.cpp
001b7998	_ZN2YS7OBJCLSN15check_collisionERKNS_9COLLISIONE	med	0	2	YS::COLLISION *	YS::OBJCLSN::check_collision(YS::OBJCLSN *, const YS::COLLISION &)	C:/hd25/kingdom2/yasui/libys/objclsn.cpp
001b7b10	_ZN2YS7OBJCLSN5avoidEPS0_RKN2kn7FVectorERS3_	sim-high	0	4		YS::OBJCLSN::avoid(YS::OBJCLSN *, YS::OBJCLSN *, const kn::FVector &, kn::FVector &)	C:/hd25/kingdom2/yasui/libys/objclsn.cpp
001b7c80	_ZN2YS7OBJCLSN17calc_bounding_boxERN2dk6AabboxE	high	0	2		YS::OBJCLSN::calc_bounding_box(YS::OBJCLSN *, dk::Aabbox &)	C:/hd25/kingdom2/yasui/libys/objclsn.cpp
001b8318	_ZN2YS8LIBRETTO4ReadEv	med	1	0		YS::LIBRETTO::Read() [DWARF: static -- no implicit `this`, do NOT add a leading self/object-pointer argument]	C:/hd25/kingdom2/yasui/libys/libretto.cpp
001b84b8	_ZN2YS8LIBRETTO4execEP4TASK	sim-rerun-med	0	2	bool	YS::LIBRETTO::exec(YS::LIBRETTO *, TASK *)	C:/hd25/kingdom2/yasui/libys/libretto.cpp
001b8520	_ZN2YS8LIBRETTO10CodeParserEPKNS_4CODEEPv	sim-high	1	2	bool	YS::LIBRETTO::CodeParser(const YS::CODE *, void *) [DWARF: static -- no implicit `this`, do NOT add a leading self/object-pointer argument]	C:/hd25/kingdom2/yasui/libys/libretto.cpp
001b86e0	_ZN2YS8LIBRETTO4FreeEPS0_	sim-sib-med	1	1		YS::LIBRETTO::Free(YS::LIBRETTO *) [DWARF: static -- no implicit `this`, do NOT add a leading self/object-pointer argument]	C:/hd25/kingdom2/yasui/libys/libretto.cpp
001b87b0	_ZN2YS9WORLDFLAG7NewGameEv	sim-med	1	0		YS::WORLDFLAG::NewGame() [DWARF: static -- no implicit `this`, do NOT add a leading self/object-pointer argument]	C:/hd25/kingdom2/yasui/libys/worldflag.cpp
001b8800	_ZN2YS9WORLDFLAG3GetEi	sim-sib-high	1	1	const YS::WORLDFLAG *	YS::WORLDFLAG::Get(int) [DWARF: static -- no implicit `this`, do NOT add a leading self/object-pointer argument]	C:/hd25/kingdom2/yasui/libys/worldflag.cpp
001b8988	_ZNK2YS9WORLDFLAG4execEb	sim-sib-med	0	2		YS::WORLDFLAG::exec(const YS::WORLDFLAG *, bool)	C:/hd25/kingdom2/yasui/libys/worldflag.cpp
001b8c70	_ZN2YS9WORLDFLAG10CodeParserEPKNS_4CODEEPv	sim-med	1	2	bool	YS::WORLDFLAG::CodeParser(const YS::CODE *, void *) [DWARF: static -- no implicit `this`, do NOT add a leading self/object-pointer argument]	C:/hd25/kingdom2/yasui/libys/worldflag.cpp
001b8ce0	_ZN2YS9WORLDFLAG16ProgressCallbackEi	sim-high	1	1		YS::WORLDFLAG::ProgressCallback(int) [DWARF: static -- no implicit `this`, do NOT add a leading self/object-pointer argument]	C:/hd25/kingdom2/yasui/libys/worldflag.cpp
001b8e88	_ZN2YS12COMMAND_ELEM3GetEi	high	1	1	const YS::COMMAND_ELEM *	YS::COMMAND_ELEM::Get(int) [DWARF: static -- no implicit `this`, do NOT add a leading self/object-pointer argument]	C:/hd25/kingdom2/yasui/libys/commandelem.cpp
001b8f10	_ZNK2YS12COMMAND_ELEM10can_decideEPNS_3OBJEPKNS_6TARGETE	med	0	3	bool	YS::COMMAND_ELEM::can_decide(const YS::COMMAND_ELEM *, YS::OBJ *, const YS::TARGET *)	C:/hd25/kingdom2/yasui/libys/commandelem.cpp
001b8ff8	_ZNK2YS12COMMAND_ELEM10is_invalidEPNS_3OBJE	sim-med	0	2	bool	YS::COMMAND_ELEM::is_invalid(const YS::COMMAND_ELEM *, YS::OBJ *)	C:/hd25/kingdom2/yasui/libys/commandelem.cpp
001b90f0	_ZNK2YS12COMMAND_ELEM7can_useEPNS_6PLAYERE	high	0	2	bool	YS::COMMAND_ELEM::can_use(const YS::COMMAND_ELEM *, YS::PLAYER *)	C:/hd25/kingdom2/yasui/libys/commandelem.cpp
001b92d0	_ZN2YS3OBJ11ExecAllTaskEP4TASK	med	1	1		YS::OBJ::ExecAllTask(TASK *) [DWARF: static -- no implicit `this`, do NOT add a leading self/object-pointer argument]	C:/hd25/kingdom2/yasui/libys/objexec.cpp
001b92f8	_ZN2YS3OBJ20ExecAllTaskFinalizerEP4TASK	med	1	1		YS::OBJ::ExecAllTaskFinalizer(TASK *) [DWARF: static -- no implicit `this`, do NOT add a leading self/object-pointer argument]	C:/hd25/kingdom2/yasui/libys/objexec.cpp
001b9420	_ZN2YS3OBJ8sys_execEv	med	0	1		YS::OBJ::sys_exec(YS::OBJ *)	C:/hd25/kingdom2/yasui/libys/objexec.cpp
001b9790	_ZN2YS3OBJ8ExecTaskEP4TASK	med	1	1		YS::OBJ::ExecTask(TASK *) [DWARF: static -- no implicit `this`, do NOT add a leading self/object-pointer argument]	C:/hd25/kingdom2/yasui/libys/objexec.cpp
001b99d0	_ZN2YS3OBJ10CalcMotionEv	med	1	0		YS::OBJ::CalcMotion() [DWARF: static -- no implicit `this`, do NOT add a leading self/object-pointer argument]	C:/hd25/kingdom2/yasui/libys/objexec.cpp
001b9bc8	_ZN2YS3OBJ4EachEPS0_	high	1	1	YS::OBJ *	YS::OBJ::Each(YS::OBJ *) [DWARF: static -- no implicit `this`, do NOT add a leading self/object-pointer argument]	C:/hd25/kingdom2/yasui/libys/objexec.cpp
001b9c90	_ZN2YS3OBJ15_OVR_is_controlEv	sim-high	0	1	bool	YS::OBJ::_OVR_is_control(YS::OBJ *)	C:/hd25/kingdom2/yasui/libys/objexec.cpp
001b9d40	_ZN2YS3OBJ11can_controlEv	high	0	1	bool	YS::OBJ::can_control(YS::OBJ *)	C:/hd25/kingdom2/yasui/libys/objexec.cpp
001b9db0	_ZN2YS3OBJ8LeaveAllEi	high	1	1		YS::OBJ::LeaveAll(int) [DWARF: static -- no implicit `this`, do NOT add a leading self/object-pointer argument]	C:/hd25/kingdom2/yasui/libys/objexec.cpp
001b9ee8	_ZN2YS3OBJ4HideEi	sim-rerun-med	1	1		YS::OBJ::Hide(int) [DWARF: static -- no implicit `this`, do NOT add a leading self/object-pointer argument]	C:/hd25/kingdom2/yasui/libys/objexec.cpp
001b9f80	_ZN2YS3OBJ4ShowEi	sim-rerun-med	1	1		YS::OBJ::Show(int) [DWARF: static -- no implicit `this`, do NOT add a leading self/object-pointer argument]	C:/hd25/kingdom2/yasui/libys/objexec.cpp
001ba028	_ZN2YS3OBJ8is_validEv	high	0	1	bool	YS::OBJ::is_valid(YS::OBJ *)	C:/hd25/kingdom2/yasui/libys/objexec.cpp
001ba138	_ZN2YS9WORLDWORK5ClearEv	sim-rerun-med	1	0		YS::WORLDWORK::Clear() [DWARF: static -- no implicit `this`, do NOT add a leading self/object-pointer argument]	C:/hd25/kingdom2/yasui/libys/worldwork.cpp
001ba340	_ZN2YS11ITEM_EFFECT4execEv	sim-high	0	1	bool	YS::ITEM_EFFECT::exec(YS::ITEM_EFFECT *)	C:/hd25/kingdom2/yasui/libys/itemeffect.cpp
001ba598	_ZN2YS11ITEM_EFFECT3useEv	med	0	1		YS::ITEM_EFFECT::use(YS::ITEM_EFFECT *)	C:/hd25/kingdom2/yasui/libys/itemeffect.cpp
001ba718	_ZN2YS11ITEM_EFFECT4InitEv	med	1	0		YS::ITEM_EFFECT::Init() [DWARF: static -- no implicit `this`, do NOT add a leading self/object-pointer argument]	C:/hd25/kingdom2/yasui/libys/itemeffect.cpp
001baa58	_ZN2YS7MISSIONC1EiPKc	sim-high	0	3		YS::MISSION::MISSION(YS::MISSION *, int, const char *)	C:/hd25/kingdom2/yasui/libys/mission.cpp
001bacd0	_ZN2YS7MISSION7prepareEv	high	0	1		YS::MISSION::prepare(YS::MISSION *)	C:/hd25/kingdom2/yasui/libys/mission.cpp
001bae08	_ZN2YS7MISSION11ReadRequestEv	med	1	0		YS::MISSION::ReadRequest() [DWARF: static -- no implicit `this`, do NOT add a leading self/object-pointer argument]	C:/hd25/kingdom2/yasui/libys/mission.cpp
001bae38	_ZN2YS7MISSION8activateEv	med	0	1		YS::MISSION::activate(YS::MISSION *)	C:/hd25/kingdom2/yasui/libys/mission.cpp
001bb090	_ZN2YS7MISSION4execEv	med	0	1	bool	YS::MISSION::exec(YS::MISSION *)	C:/hd25/kingdom2/yasui/libys/mission.cpp
001bb220	_ZN2YS7MISSION4ExecEP4TASK	med	1	1		YS::MISSION::Exec(TASK *) [DWARF: static -- no implicit `this`, do NOT add a leading self/object-pointer argument]	C:/hd25/kingdom2/yasui/libys/mission.cpp
001bb270	_ZN2YS7MISSION4InitEv	med	1	0		YS::MISSION::Init() [DWARF: static -- no implicit `this`, do NOT add a leading self/object-pointer argument]	C:/hd25/kingdom2/yasui/libys/mission.cpp
001bb2c8	_ZN2YS7MISSION10CodeParserEPKNS_4CODEEPv	med	1	2	bool	YS::MISSION::CodeParser(const YS::CODE *, void *) [DWARF: static -- no implicit `this`, do NOT add a leading self/object-pointer argument]	C:/hd25/kingdom2/yasui/libys/mission.cpp
001bb438	_ZN2YS7MISSION8ActivateEv	med	1	0		YS::MISSION::Activate() [DWARF: static -- no implicit `this`, do NOT add a leading self/object-pointer argument]	C:/hd25/kingdom2/yasui/libys/mission.cpp
001bb4f0	_ZN2YS7MISSION8completeEii	high	0	3		YS::MISSION::complete(YS::MISSION *, int, int)	C:/hd25/kingdom2/yasui/libys/mission.cpp
001bb890	_ZN2YS7MISSION7PostEndEv	high	1	0		YS::MISSION::PostEnd() [DWARF: static -- no implicit `this`, do NOT add a leading self/object-pointer argument]	C:/hd25/kingdom2/yasui/libys/mission.cpp
001bba30	_ZN2YS7MISSION8ShowHelpEv	med	1	0	bool	YS::MISSION::ShowHelp() [DWARF: static -- no implicit `this`, do NOT add a leading self/object-pointer argument]	C:/hd25/kingdom2/yasui/libys/mission.cpp
001bbb08	_ZN2YS7MISSION12GetCurrentIdEv	sim-rerun-med	1	0	int	YS::MISSION::GetCurrentId() [DWARF: static -- no implicit `this`, do NOT add a leading self/object-pointer argument]	C:/hd25/kingdom2/yasui/libys/mission.cpp
001bbb28	_ZN2YS7MISSION7IsNoExpEv	high	1	0	bool	YS::MISSION::IsNoExp() [DWARF: static -- no implicit `this`, do NOT add a leading self/object-pointer argument]	C:/hd25/kingdom2/yasui/libys/mission.cpp
001bbba8	_ZN2YS7MISSION4QuitEi	sim-med	1	1		YS::MISSION::Quit(int) [DWARF: static -- no implicit `this`, do NOT add a leading self/object-pointer argument]	C:/hd25/kingdom2/yasui/libys/mission.cpp
001bbf80	_ZN2YS7MISSION17SetCountWarningSeEii	sim-rerun2-high	1	2		YS::MISSION::SetCountWarningSe(int, int) [DWARF: static -- no implicit `this`, do NOT add a leading self/object-pointer argument]	C:/hd25/kingdom2/yasui/libys/mission_2d.cpp
001bc130	_ZN2YS7MISSION12IsActivate2dEv	sim-high	1	0	bool	YS::MISSION::IsActivate2d() [DWARF: static -- no implicit `this`, do NOT add a leading self/object-pointer argument]	C:/hd25/kingdom2/yasui/libys/mission_2d.cpp
001bc2a8	_ZN2YS12COMMAND_SLOT9GetStatusEPKNS_12COMMAND_ELEMEPNS_3OBJEPKNS_6TARGETE	high	1	3	int	YS::COMMAND_SLOT::GetStatus(const YS::COMMAND_ELEM *, YS::OBJ *, const YS::TARGET *) [DWARF: static -- no implicit `this`, do NOT add a leading self/object-pointer argument]	C:/hd25/kingdom2/yasui/libys/commandslot.cpp
001bc568	_ZN2YS12COMMAND_SLOT8CanDriveEPKNS_12COMMAND_ELEMEPNS_6PLAYERE	med	1	2	bool	YS::COMMAND_SLOT::CanDrive(const YS::COMMAND_ELEM *, YS::PLAYER *) [DWARF: static -- no implicit `this`, do NOT add a leading self/object-pointer argument]	C:/hd25/kingdom2/yasui/libys/commandslot.cpp
001bc6a8	_ZN2YS12COMMAND_SLOT3setEPKNS_12COMMAND_ELEMEPNS_3OBJEPKNS_6TARGETEi	high	0	5		YS::COMMAND_SLOT::set(YS::COMMAND_SLOT *, const YS::COMMAND_ELEM *, YS::OBJ *, const YS::TARGET *, int)	C:/hd25/kingdom2/yasui/libys/commandslot.cpp
001bc780	_ZN2YS12COMMAND_MENU3addEiPKNS_6TARGETEi	high	0	4	YS::COMMAND_SLOT *	YS::COMMAND_MENU::add(YS::COMMAND_MENU *, int, const YS::TARGET *, int)	C:/hd25/kingdom2/yasui/libys/commandmenu.cpp
001bc990	_ZN2YS12COMMAND_MENU4makeEPKt	sim-high	0	2		YS::COMMAND_MENU::make(YS::COMMAND_MENU *, const u_short *)	C:/hd25/kingdom2/yasui/libys/commandmenu.cpp
001bc9e8	_ZN2YS12COMMAND_MENU4execEv	med	0	1	bool	YS::COMMAND_MENU::exec(YS::COMMAND_MENU *)	C:/hd25/kingdom2/yasui/libys/commandmenu.cpp
001bcc28	_ZN2YS12COMMAND_MENU13exec_shortcutEv	med	0	1		YS::COMMAND_MENU::exec_shortcut(YS::COMMAND_MENU *)	C:/hd25/kingdom2/yasui/libys/commandmenu.cpp
001bcd08	_ZN2YS12COMMAND_MENU11check_closeEv	high	0	1	bool	YS::COMMAND_MENU::check_close(YS::COMMAND_MENU *)	C:/hd25/kingdom2/yasui/libys/commandmenu.cpp
001bcf38	_ZN2YS12COMMAND_MENU16is_shortcut_menuEv	high	0	1	bool	YS::COMMAND_MENU::is_shortcut_menu(YS::COMMAND_MENU *)	C:/hd25/kingdom2/yasui/libys/commandmenu.cpp
001bcf80	_ZN2YS14PLAYER_COMMANDC1Ev	sim-high	0	1		YS::PLAYER_COMMAND::PLAYER_COMMAND(YS::PLAYER_COMMAND *)	C:/hd25/kingdom2/yasui/libys/playercommand.cpp
001bd370	_ZN2YS14PLAYER_COMMAND10clear_menuEv	sim-rerun-med	0	1		YS::PLAYER_COMMAND::clear_menu(YS::PLAYER_COMMAND *)	C:/hd25/kingdom2/yasui/libys/playercommand.cpp
001bd3e0	_ZN2YS14PLAYER_COMMAND8overrideEiiRKNS_6TARGETEii	med	0	6	YS::COMMAND_SLOT *	YS::PLAYER_COMMAND::override(YS::PLAYER_COMMAND *, int, int, const YS::TARGET &, int, int)	C:/hd25/kingdom2/yasui/libys/playercommand.cpp
001bd418	_ZN2YS14PLAYER_COMMAND14force_overrideEiiRKNS_6TARGETEii	med	0	6	YS::COMMAND_SLOT *	YS::PLAYER_COMMAND::force_override(YS::PLAYER_COMMAND *, int, int, const YS::TARGET &, int, int)	C:/hd25/kingdom2/yasui/libys/playercommand.cpp
001bd4e8	_ZN2YS14PLAYER_COMMAND12override_topEPiRKNS_6TARGETE	med	0	3		YS::PLAYER_COMMAND::override_top(YS::PLAYER_COMMAND *, int *, const YS::TARGET &)	C:/hd25/kingdom2/yasui/libys/playercommand.cpp
001bd5b0	_ZN2YS14PLAYER_COMMAND4openEib	med	0	3		YS::PLAYER_COMMAND::open(YS::PLAYER_COMMAND *, int, bool)	C:/hd25/kingdom2/yasui/libys/playercommand.cpp
001bd618	_ZN2YS14PLAYER_COMMAND5closeEb	med	0	2		YS::PLAYER_COMMAND::close(YS::PLAYER_COMMAND *, bool)	C:/hd25/kingdom2/yasui/libys/playercommand.cpp
001bd6a8	_ZN2YS14PLAYER_COMMAND4execEv	med	0	1		YS::PLAYER_COMMAND::exec(YS::PLAYER_COMMAND *)	C:/hd25/kingdom2/yasui/libys/playercommand.cpp
001bd898	_ZN2YS14PLAYER_COMMAND5_execEv	high	0	1		YS::PLAYER_COMMAND::_exec(YS::PLAYER_COMMAND *)	C:/hd25/kingdom2/yasui/libys/playercommand.cpp
001bd8c8	_ZN2YS14PLAYER_COMMAND7_decideEv	high	0	1	bool	YS::PLAYER_COMMAND::_decide(YS::PLAYER_COMMAND *)	C:/hd25/kingdom2/yasui/libys/playercommand.cpp
001bd918	_ZN2YS14PLAYER_COMMAND14decide_commandEPKNS_12COMMAND_ELEMEPKNS_6TARGETE	med	0	3	bool	YS::PLAYER_COMMAND::decide_command(YS::PLAYER_COMMAND *, const YS::COMMAND_ELEM *, const YS::TARGET *)	C:/hd25/kingdom2/yasui/libys/playercommand.cpp
001bd988	_ZN2YS14PLAYER_COMMAND6decideEv	high	0	1		YS::PLAYER_COMMAND::decide(YS::PLAYER_COMMAND *)	C:/hd25/kingdom2/yasui/libys/playercommand.cpp
001bdab0	_ZN2YS14PLAYER_COMMAND13close_submenuEv	med	0	1		YS::PLAYER_COMMAND::close_submenu(YS::PLAYER_COMMAND *)	C:/hd25/kingdom2/yasui/libys/playercommand.cpp
001bdb70	_ZN2YS14PLAYER_COMMAND19set_special_commandEiPvS1_PNS_6STDOBJE	high	0	5		YS::PLAYER_COMMAND::set_special_command(YS::PLAYER_COMMAND *, int, void *, void *, YS::STDOBJ *)	C:/hd25/kingdom2/yasui/libys/playercommand.cpp
001bdd20	_ZN2YS14PLAYER_COMMAND15is_disable_itemEv	med	0	1	bool	YS::PLAYER_COMMAND::is_disable_item(YS::PLAYER_COMMAND *)	C:/hd25/kingdom2/yasui/libys/playercommand.cpp
001bdd50	_ZN2YS14PLAYER_COMMAND11check_alphaEv	med	0	1		YS::PLAYER_COMMAND::check_alpha(YS::PLAYER_COMMAND *)	C:/hd25/kingdom2/yasui/libys/playercommand.cpp
001bde58	_ZN2YS14PLAYER_COMMAND14clear_overrideEv	sim-high	0	1		YS::PLAYER_COMMAND::clear_override(YS::PLAYER_COMMAND *)	C:/hd25/kingdom2/yasui/libys/playercommand.cpp
001bde88	_ZN2YS13FIELD_COMMAND10init_fieldEv	sim-high	0	1		YS::FIELD_COMMAND::init_field(YS::FIELD_COMMAND *)	C:/hd25/kingdom2/yasui/libys/fieldcommand.cpp
001bded8	_ZN2YS13FIELD_COMMAND9init_areaEv	sim-high	0	1		YS::FIELD_COMMAND::init_area(YS::FIELD_COMMAND *)	C:/hd25/kingdom2/yasui/libys/fieldcommand.cpp
001bdf38	_ZN2YS13FIELD_COMMAND10initializeEPNS_6PLAYEREPNS_3PADE	sim-high	0	3		YS::FIELD_COMMAND::initialize(YS::FIELD_COMMAND *, YS::PLAYER *, YS::PAD *)	C:/hd25/kingdom2/yasui/libys/fieldcommand.cpp
001bdff0	_ZN2YS13FIELD_COMMAND12InitShortcutEv	sim-high	1	0		YS::FIELD_COMMAND::InitShortcut() [DWARF: static -- no implicit `this`, do NOT add a leading self/object-pointer argument]	C:/hd25/kingdom2/yasui/libys/fieldcommand.cpp
001be060	_ZN2YS13FIELD_COMMAND5_execEv	med	0	1		YS::FIELD_COMMAND::_exec(YS::FIELD_COMMAND *)	C:/hd25/kingdom2/yasui/libys/fieldcommand.cpp
001be168	_ZN2YS13FIELD_COMMAND7_decideEv	high	0	1	bool	YS::FIELD_COMMAND::_decide(YS::FIELD_COMMAND *)	C:/hd25/kingdom2/yasui/libys/fieldcommand.cpp
001be410	_ZN2YS13FIELD_COMMAND14check_shortcutEv	med	0	1		YS::FIELD_COMMAND::check_shortcut(YS::FIELD_COMMAND *)	C:/hd25/kingdom2/yasui/libys/fieldcommand.cpp
001be4e0	_ZN2YS13FIELD_COMMAND8set_sideEi	med	0	2		YS::FIELD_COMMAND::set_side(YS::FIELD_COMMAND *, int)	C:/hd25/kingdom2/yasui/libys/fieldcommand.cpp
001be5f0	_ZN2YS13FIELD_COMMAND10make_top_aEv	med	0	1		YS::FIELD_COMMAND::make_top_a(YS::FIELD_COMMAND *)	C:/hd25/kingdom2/yasui/libys/fieldcommand.cpp
001be778	_ZN2YS13FIELD_COMMAND10make_top_bEv	med	0	1		YS::FIELD_COMMAND::make_top_b(YS::FIELD_COMMAND *)	C:/hd25/kingdom2/yasui/libys/fieldcommand.cpp
001be9a0	_ZN2YS13FIELD_COMMAND9make_itemEv	sim-high	0	1		YS::FIELD_COMMAND::make_item(YS::FIELD_COMMAND *)	C:/hd25/kingdom2/yasui/libys/fieldcommand.cpp
001beb00	_ZN2YS13FIELD_COMMAND9make_formEv	med	0	1		YS::FIELD_COMMAND::make_form(YS::FIELD_COMMAND *)	C:/hd25/kingdom2/yasui/libys/fieldcommand.cpp
001bec68	_ZN2YS13FIELD_COMMAND4makeEv	sim-med	0	1		YS::FIELD_COMMAND::make(YS::FIELD_COMMAND *)	C:/hd25/kingdom2/yasui/libys/fieldcommand.cpp
001bed48	_ZN2YS13FIELD_COMMAND13make_shortcutEv	sim-high	0	1		YS::FIELD_COMMAND::make_shortcut(YS::FIELD_COMMAND *)	C:/hd25/kingdom2/yasui/libys/fieldcommand.cpp
001bee78	_ZN2YS13FIELD_COMMAND13make_changeinEv	med	0	1		YS::FIELD_COMMAND::make_changein(YS::FIELD_COMMAND *)	C:/hd25/kingdom2/yasui/libys/fieldcommand.cpp
001befa8	_ZN2YS13FIELD_COMMAND21reset_special_commandEv	high	0	1		YS::FIELD_COMMAND::reset_special_command(YS::FIELD_COMMAND *)	C:/hd25/kingdom2/yasui/libys/fieldcommand.cpp
001befd8	_ZN2YS13FIELD_COMMAND12set_minigameEPKNS_12COMMAND_MENU5TABLEEi	high	0	3		YS::FIELD_COMMAND::set_minigame(YS::FIELD_COMMAND *, const YS::COMMAND_MENU::TABLE *, int)	C:/hd25/kingdom2/yasui/libys/fieldcommand.cpp
001bf010	_ZN2YS13FIELD_COMMAND15make_genie_formEv	med	0	1	const YS::COMMAND_MENU *	YS::FIELD_COMMAND::make_genie_form(YS::FIELD_COMMAND *)	C:/hd25/kingdom2/yasui/libys/fieldcommand.cpp
001bf270	_ZN2YS8PRIZEBOXC1EPKNS_8OBJENTRYERKN2kn7FVectorEif	med	0	5		YS::PRIZEBOX::PRIZEBOX(YS::PRIZEBOX *, const YS::OBJENTRY *, const kn::FVector &, int, float)	C:/hd25/kingdom2/yasui/libys/prizebox.cpp
001bf378	_ZN2YS8PRIZEBOX3getEPNS_6BTLOBJE	med	0	2		YS::PRIZEBOX::get(YS::PRIZEBOX *, YS::BTLOBJ *)	C:/hd25/kingdom2/yasui/libys/prizebox.cpp
001bf4e8	_ZN2YS8PRIZEBOX9_OVR_execEv	sim-high	0	1		YS::PRIZEBOX::_OVR_exec(YS::PRIZEBOX *)	C:/hd25/kingdom2/yasui/libys/prizebox.cpp
001bf620	_ZN2YS8PRIZEBOX6AppearEiRKN2kn7FVectorE	high	1	2	YS::PRIZEBOX *	YS::PRIZEBOX::Appear(int, const kn::FVector &) [DWARF: static -- no implicit `this`, do NOT add a leading self/object-pointer argument]	C:/hd25/kingdom2/yasui/libys/prizebox.cpp
001bf6a8	_ZN2YS8PRIZEBOX8ClearAllEv	med	1	0		YS::PRIZEBOX::ClearAll() [DWARF: static -- no implicit `this`, do NOT add a leading self/object-pointer argument]	C:/hd25/kingdom2/yasui/libys/prizebox.cpp
001bf710	_ZN2YS15ACTION_PRIZEBOX5startEPNS_3OBJE	sim-rerun-med	0	2		YS::ACTION_PRIZEBOX::start((anonymous namespace)::ACTION_PRIZEBOX *, YS::OBJ *)	C:/hd25/kingdom2/yasui/libys/prizebox.cpp
001bf930	_ZN2YS15ACTION_PRIZEBOX4landEPNS_3OBJE	sim-med	0	2		YS::ACTION_PRIZEBOX::land((anonymous namespace)::ACTION_PRIZEBOX *, YS::OBJ *)	C:/hd25/kingdom2/yasui/libys/prizebox.cpp
001bf9d8	_ZN2YS19ACTION_PRIZEBOX_GET5startEPNS_3OBJE	sim-med	0	2		YS::ACTION_PRIZEBOX_GET::start((anonymous namespace)::ACTION_PRIZEBOX_GET *, YS::OBJ *)	C:/hd25/kingdom2/yasui/libys/prizebox.cpp
001bfa08	_ZN2YS19ACTION_PRIZEBOX_GET7controlEPNS_3OBJE	sim-high	0	2		YS::ACTION_PRIZEBOX_GET::control((anonymous namespace)::ACTION_PRIZEBOX_GET *, YS::OBJ *)	C:/hd25/kingdom2/yasui/libys/prizebox.cpp
001bfbd8	_ZN2YS8PRIZEBOX4ReadEv	high	1	0		YS::PRIZEBOX::Read() [DWARF: static -- no implicit `this`, do NOT add a leading self/object-pointer argument]	C:/hd25/kingdom2/yasui/libys/prizebox.cpp
001bfc28	_ZN2YS8PRIZEBOX12AladdinDrainEv	med	1	0		YS::PRIZEBOX::AladdinDrain() [DWARF: static -- no implicit `this`, do NOT add a leading self/object-pointer argument]	C:/hd25/kingdom2/yasui/libys/prizebox.cpp
001bfcc8	_ZN2YS8PRIZEBOX13DropNmPresentEPNS_6BTLOBJEi	high	1	2		YS::PRIZEBOX::DropNmPresent(YS::BTLOBJ *, int) [DWARF: static -- no implicit `this`, do NOT add a leading self/object-pointer argument]	C:/hd25/kingdom2/yasui/libys/prizebox.cpp
001bfd60	_ZN2YS11PARTS_COLOR8get_workEj	sim-sib-high	0	2	YS::PARTS_COLOR::WORK *	YS::PARTS_COLOR::get_work(YS::PARTS_COLOR *, u_int)	C:/hd25/kingdom2/yasui/libys/partscolor.cpp
001bfda0	_ZN2YS11PARTS_COLOR15make_draw_colorERKNS_5COLORE	sim-med	0	2	kn::PartsColor *	YS::PARTS_COLOR::make_draw_color(YS::PARTS_COLOR *, const YS::COLOR &)	C:/hd25/kingdom2/yasui/libys/partscolor.cpp
001bff88	_ZN2YS12ATTACK_CHECK4InitEv	med	1	0		YS::ATTACK_CHECK::Init() [DWARF: static -- no implicit `this`, do NOT add a leading self/object-pointer argument]	C:/hd25/kingdom2/yasui/libys/attackcheck.cpp
001bffd8	_ZN2YS12ATTACK_CHECK11NewAttackIdEv	sim-sandwich	1	0	int	YS::ATTACK_CHECK::NewAttackId() [DWARF: static -- no implicit `this`, do NOT add a leading self/object-pointer argument]	C:/hd25/kingdom2/yasui/libys/attackcheck.cpp
001c0058	_ZN2YS12ATTACK_CHECK12FreeAttackIdEi	sim-sandwich	1	1		YS::ATTACK_CHECK::FreeAttackId(int) [DWARF: static -- no implicit `this`, do NOT add a leading self/object-pointer argument]	C:/hd25/kingdom2/yasui/libys/attackcheck.cpp
001c01e0	_ZN2YS12ATTACK_CHECKD1Ev	sim-sib-med	0	1		YS::ATTACK_CHECK::~ATTACK_CHECK(YS::ATTACK_CHECK *)	C:/hd25/kingdom2/yasui/libys/attackcheck.cpp
001c0268	_ZN2YS12ATTACK_CHECK9is_strikeEPNS_6ATTACKE	sim-sib-med	0	2	bool	YS::ATTACK_CHECK::is_strike(YS::ATTACK_CHECK *, YS::ATTACK *)	C:/hd25/kingdom2/yasui/libys/attackcheck.cpp
001c0298	_ZN2YS12ATTACK_CHECK6is_hitEPNS_6ATTACKE	sim-med	0	2	bool	YS::ATTACK_CHECK::is_hit(YS::ATTACK_CHECK *, YS::ATTACK *)	C:/hd25/kingdom2/yasui/libys/attackcheck.cpp
001c0320	_ZN2YS12ATTACK_CHECK3hitEPNS_6ATTACKERb	sim-high	0	3	const YS::ATTACKPARAM *	YS::ATTACK_CHECK::hit(YS::ATTACK_CHECK *, YS::ATTACK *, bool &)	C:/hd25/kingdom2/yasui/libys/attackcheck.cpp
001c0410	_ZN2YS12ATTACK_CHECK19hit_interval_attackEPNS_6ATTACKEPKNS_11ATTACKPARAME	sim-med	0	3		YS::ATTACK_CHECK::hit_interval_attack(YS::ATTACK_CHECK *, YS::ATTACK *, const YS::ATTACKPARAM *)	C:/hd25/kingdom2/yasui/libys/attackcheck.cpp
001c0458	_ZN2YS12ATTACK_CHECK5unhitEPNS_6ATTACKE	sim-sib-high	0	2		YS::ATTACK_CHECK::unhit(YS::ATTACK_CHECK *, YS::ATTACK *)	C:/hd25/kingdom2/yasui/libys/attackcheck.cpp
001c0490	_ZN2YS12ATTACK_CHECK4execEv	sim-med	0	1		YS::ATTACK_CHECK::exec(YS::ATTACK_CHECK *)	C:/hd25/kingdom2/yasui/libys/attackcheck.cpp
001c0560	_ZN2YS12ATTACK_CHECK4ExecEv	sim-med	1	0		YS::ATTACK_CHECK::Exec() [DWARF: static -- no implicit `this`, do NOT add a leading self/object-pointer argument]	C:/hd25/kingdom2/yasui/libys/attackcheck.cpp
001c0690	_ZNK2YS10BONUSLEVEL2upEPNS_5SHEETE	med	0	2		YS::BONUSLEVEL::up(const YS::BONUSLEVEL *, YS::SHEET *)	C:/hd25/kingdom2/yasui/libys/bonuslevel.cpp
001c0d38	_ZN2YS3OBJ6attachEPS0_ii	high	0	4	YS::OBJ::ATTACH *	YS::OBJ::attach(YS::OBJ *, YS::OBJ *, int, int)	C:/hd25/kingdom2/yasui/libys/objattach.cpp
001c1060	_ZN2YS3OBJ9DetachAllEv	high	1	0		YS::OBJ::DetachAll() [DWARF: static -- no implicit `this`, do NOT add a leading self/object-pointer argument]	C:/hd25/kingdom2/yasui/libys/objattach.cpp
001c10c8	_ZN2YS8SELECTOR8AreaInitEv	med	1	0		YS::SELECTOR::AreaInit() [DWARF: static -- no implicit `this`, do NOT add a leading self/object-pointer argument]	C:/hd25/kingdom2/yasui/libys/selector.cpp
001c11e0	_ZN2YS8SELECTOR10GetCurrentEv	sim-sandwich	1	0	const YS::SELECTOR *	YS::SELECTOR::GetCurrent() [DWARF: static -- no implicit `this`, do NOT add a leading self/object-pointer argument]	C:/hd25/kingdom2/yasui/libys/selector.cpp
001c1308	_ZN2YS10MASSEFFECT7MANAGERC1EPN3ryj6EFFECTEijj	sim-high	0	5		YS::MASSEFFECT::MANAGER::MANAGER(YS::MASSEFFECT::MANAGER *, ryj::EFFECT *, int, size_t, size_t)	C:/hd25/kingdom2/yasui/libys/masseffect.cpp
001c13e8	_ZN2YS10MASSEFFECT7MANAGERD1Ev	sim-high	0	1		YS::MASSEFFECT::MANAGER::~MANAGER(YS::MASSEFFECT::MANAGER *)	C:/hd25/kingdom2/yasui/libys/masseffect.cpp
001c1428	_ZN2YS10MASSEFFECT7MANAGER4execEv	med	0	1		YS::MASSEFFECT::MANAGER::exec(YS::MASSEFFECT::MANAGER *)	C:/hd25/kingdom2/yasui/libys/masseffect.cpp
001c1708	_ZN2YS10MASSEFFECT7MANAGER5clearEv	med	0	1		YS::MASSEFFECT::MANAGER::clear(YS::MASSEFFECT::MANAGER *)	C:/hd25/kingdom2/yasui/libys/masseffect.cpp
001c17a8	_ZN2YS10MASSEFFECTC1EPNS0_7MANAGERERKN2kn7FVectorEPFbPS0_E	sim-med	0	4		YS::MASSEFFECT::MASSEFFECT(YS::MASSEFFECT *, YS::MASSEFFECT::MANAGER *, const kn::FVector &, bool (*)(YS::MASSEFFECT *))	C:/hd25/kingdom2/yasui/libys/masseffect.cpp
001c18d0	_ZN2YS10MASSEFFECT4execEv	sim-med	0	1	bool	YS::MASSEFFECT::exec(YS::MASSEFFECT *)	C:/hd25/kingdom2/yasui/libys/masseffect.cpp
001c1a30	_ZN2YS10MASSEFFECT14make_referenceERNS0_9REFERENCEE	sim-med	0	2		YS::MASSEFFECT::make_reference(YS::MASSEFFECT *, YS::MASSEFFECT::REFERENCE &)	C:/hd25/kingdom2/yasui/libys/masseffect.cpp
001c1b08	_ZN2YS6BTLOBJ7tornadoEPNS_6ATTACKEb	sim-high	0	3		YS::BTLOBJ::tornado(YS::BTLOBJ *, YS::ATTACK *, bool)	C:/hd25/kingdom2/yasui/libys/action_tornado.cpp
001c1cc8	_ZN2YS14ACTION_TORNADO7controlEPNS_3OBJE	sim-med	0	2		YS::ACTION_TORNADO::control(YS::ACTION_TORNADO *, YS::OBJ *)	C:/hd25/kingdom2/yasui/libys/action_tornado.cpp
001c1d90	_ZN2YS17ACTION_FLYTORNADO7controlEPNS_3OBJE	sim-high	0	2		YS::ACTION_FLYTORNADO::control((anonymous namespace)::ACTION_FLYTORNADO *, YS::OBJ *)	C:/hd25/kingdom2/yasui/libys/action_tornado.cpp
001c20e8	_ZN2YS7PATTERN7ConvertEjPNS_6DAMAGEEPNS_6BTLOBJE	sim-high	1	3		YS::PATTERN::Convert(u_int, YS::DAMAGE *, YS::BTLOBJ *) [DWARF: static -- no implicit `this`, do NOT add a leading self/object-pointer argument]	C:/hd25/kingdom2/yasui/libys/pattern.cpp
001c2338	_ZN2YS9SHOPPOINTC1EPKNS_8OBJENTRYERKN2kn7FVectorEf	sim-med	0	4		YS::SHOPPOINT::SHOPPOINT(YS::SHOPPOINT *, const YS::OBJENTRY *, const kn::FVector &, float)	C:/hd25/kingdom2/yasui/libys/shoppoint.cpp
001c2490	_ZN2YS7MASSOBJC1EPKNS_8OBJENTRYEiiijj	sim-high	0	7		YS::MASSOBJ::MASSOBJ(YS::MASSOBJ *, const YS::OBJENTRY *, int, int, int, size_t, size_t)	C:/hd25/kingdom2/yasui/libys/massobj.cpp
001c25a0	_ZN2YS7MASSOBJ14_OVR_leave_reqEv	sim-high	0	1		YS::MASSOBJ::_OVR_leave_req(YS::MASSOBJ *)	C:/hd25/kingdom2/yasui/libys/massobj.cpp
001c25e8	_ZN2YS7MASSOBJ6CreateEPKNS_8OBJENTRYERKN2kn7FVectorEf	sim-high	1	3	YS::OBJ *	YS::MASSOBJ::Create(const YS::OBJENTRY *, const kn::FVector &, float) [DWARF: static -- no implicit `this`, do NOT add a leading self/object-pointer argument]	C:/hd25/kingdom2/yasui/libys/massobj.cpp
001c27b8	_ZN2YS7MASSOBJ11APPEAR_ITERC1ERKN2kn7FVectorES5_i	sim-med	0	4		YS::MASSOBJ::APPEAR_ITER::APPEAR_ITER(YS::MASSOBJ::APPEAR_ITER *, const kn::FVector &, const kn::FVector &, int)	C:/hd25/kingdom2/yasui/libys/massobj.cpp
001c28f8	_ZN2YS7MASSOBJ11APPEAR_ITER4execERN2kn7FVectorEb	sim-rerun-high	0	3	bool	YS::MASSOBJ::APPEAR_ITER::exec(YS::MASSOBJ::APPEAR_ITER *, kn::FVector &, bool)	C:/hd25/kingdom2/yasui/libys/massobj.cpp
001c2b70	_ZN2YS7HITMARK4InitEv	med	1	0		YS::HITMARK::Init() [DWARF: static -- no implicit `this`, do NOT add a leading self/object-pointer argument]	C:/hd25/kingdom2/yasui/libys/hitmark.cpp
001c2ba8	_ZN2YS7HITMARK4ExecEv	med	1	0		YS::HITMARK::Exec() [DWARF: static -- no implicit `this`, do NOT add a leading self/object-pointer argument]	C:/hd25/kingdom2/yasui/libys/hitmark.cpp
001c2c00	_ZN2YS7HITMARK3AddEPN3ryj6EFFECTE	high	1	1		YS::HITMARK::Add(ryj::EFFECT *) [DWARF: static -- no implicit `this`, do NOT add a leading self/object-pointer argument]	C:/hd25/kingdom2/yasui/libys/hitmark.cpp
001c2d88	_ZNK2YS11PLAYERPARAM5applyEv	sim-high	0	1		YS::PLAYERPARAM::apply(const YS::PLAYERPARAM *)	C:/hd25/kingdom2/yasui/libys/playerparam.cpp
001c2eb8	_ZN2YS11PLAYERPARAM5ApplyEi	sim-med	1	1		YS::PLAYERPARAM::Apply(int) [DWARF: static -- no implicit `this`, do NOT add a leading self/object-pointer argument]	C:/hd25/kingdom2/yasui/libys/playerparam.cpp
001c2f90	_ZN2YS7ABILITY4initEPNS_5SHEETE	sim-med	0	2		YS::ABILITY::init(YS::ABILITY *, YS::SHEET *)	C:/hd25/kingdom2/yasui/libys/ability.cpp
001c3060	_ZN2YS7ABILITY5checkEv	sim-high	0	1		YS::ABILITY::check(YS::ABILITY *)	C:/hd25/kingdom2/yasui/libys/ability.cpp
001c3150	_ZN2YS7ABILITY8set_itemEi	sim-high	0	2		YS::ABILITY::set_item(YS::ABILITY *, int)	C:/hd25/kingdom2/yasui/libys/ability.cpp
001c3618	_ZNK2YS7ABILITY9get_levelEi	sim-med	0	2	int	YS::ABILITY::get_level(const YS::ABILITY *, int)	C:/hd25/kingdom2/yasui/libys/ability.cpp
001c38c0	_ZN2YS15ACTION_AIRSLIDE7controlEPNS_3OBJE	sim-high	0	2		YS::ACTION_AIRSLIDE::control(YS::ACTION_AIRSLIDE *, YS::OBJ *)	C:/hd25/kingdom2/yasui/libys/action_airslide.cpp
001c3978	_ZN2YS15ACTION_AIRSLIDE13calc_movementEPNS_3OBJE	sim-vt-high	0	2		YS::ACTION_AIRSLIDE::calc_movement(YS::ACTION_AIRSLIDE *, YS::OBJ *)	C:/hd25/kingdom2/yasui/libys/action_airslide.cpp
001c39d0	_ZN2YS17ACTION_GLIDEHOVER8_controlEPNS_3OBJE	sim-high	0	2		YS::ACTION_GLIDEHOVER::_control(YS::ACTION_GLIDEHOVER *, YS::OBJ *)	C:/hd25/kingdom2/yasui/libys/action_glidehover.cpp
001c3aa0	_ZN2YS17ACTION_GLIDEHOVER7controlEPNS_3OBJE	sim-high	0	2		YS::ACTION_GLIDEHOVER::control(YS::ACTION_GLIDEHOVER *, YS::OBJ *)	C:/hd25/kingdom2/yasui/libys/action_glidehover.cpp
001c3ba8	_ZN2YS17ACTION_GLIDEHOVER15calc_movement_yEPNS_3OBJE	sim-high	0	2	float	YS::ACTION_GLIDEHOVER::calc_movement_y(YS::ACTION_GLIDEHOVER *, YS::OBJ *)	C:/hd25/kingdom2/yasui/libys/action_glidehover.cpp
001c3ca8	_ZN2YS12ACTION_GLIDE5startEPNS_3OBJE	sim-med	0	2		YS::ACTION_GLIDE::start(YS::ACTION_GLIDE *, YS::OBJ *)	C:/hd25/kingdom2/yasui/libys/action_glide.cpp
001c3cd8	_ZN2YS12ACTION_GLIDE3endEPNS_3OBJE	sim-sandwich	0	2		YS::ACTION_GLIDE::end(YS::ACTION_GLIDE *, YS::OBJ *)	C:/hd25/kingdom2/yasui/libys/action_glide.cpp
001c3cf8	_ZN2YS12ACTION_GLIDE7controlEPNS_3OBJE	sim-high	0	2		YS::ACTION_GLIDE::control(YS::ACTION_GLIDE *, YS::OBJ *)	C:/hd25/kingdom2/yasui/libys/action_glide.cpp
001c3e20	_ZN2YS12ACTION_GLIDE13calc_movementEPNS_3OBJE	sim-high	0	2		YS::ACTION_GLIDE::calc_movement(YS::ACTION_GLIDE *, YS::OBJ *)	C:/hd25/kingdom2/yasui/libys/action_glide.cpp
001c4520	_ZN2YS13CROWD_M_EX6606CreateEPKNS_8OBJENTRYERKN2kn7FVectorEf	sim-med	1	3	YS::CROWDOBJ *	YS::CROWD_M_EX660::Create(const YS::OBJENTRY *, const kn::FVector &, float) [DWARF: static -- no implicit `this`, do NOT add a leading self/object-pointer argument]	C:/hd25/kingdom2/yasui/libys/crowd_m_ex660.cpp
001c48a8	_ZN2YS3OBJ6VTABLEINS_13CROWD_M_EX660EE13set_unit_dataEPS0_PNS_10UNIT_GROUPEPKNS_13UNIT_DATA_OBJE	sim-high	0	4		YS::OBJ::VTABLE<YS::CROWD_M_EX660>::set_unit_data(YS::OBJ::VTABLE<YS::CROWD_M_EX660> *, YS::OBJ *, YS::UNIT_GROUP *, const YS::UNIT_DATA_OBJ *)	C:/hd25/kingdom2/yasui/../yasui/libys/obj.h
001c4918	_ZN2YS13CROWD_M_EX6609_OVR_execEv	sim-high	0	1		YS::CROWD_M_EX660::_OVR_exec(YS::CROWD_M_EX660 *)	C:/hd25/kingdom2/yasui/libys/crowd_m_ex660.cpp
001c5580	_ZN2YS13CROWD_M_EX7609_OVR_execEv	sim-high	0	1		YS::CROWD_M_EX760::_OVR_exec(YS::CROWD_M_EX760 *)	C:/hd25/kingdom2/yasui/libys/crowd_m_ex760.cpp
001c5b44	_ZN2YS3OBJ6VTABLEINS_13CROWD_M_EX760EE13set_unit_dataEPS0_PNS_10UNIT_GROUPEPKNS_13UNIT_DATA_OBJE	sim-high	0	4		YS::OBJ::VTABLE<YS::CROWD_M_EX760>::set_unit_data(YS::OBJ::VTABLE<YS::CROWD_M_EX760> *, YS::OBJ *, YS::UNIT_GROUP *, const YS::UNIT_DATA_OBJ *)	C:/hd25/kingdom2/yasui/../yasui/libys/obj.h
001c5c60	_ZN2YS13CROWD_M_EX76011CheckAttackEPNS_11CROWDEFFECTE	sim-high	1	1	bool	YS::CROWD_M_EX760::CheckAttack(YS::CROWDEFFECT *) [DWARF: static -- no implicit `this`, do NOT add a leading self/object-pointer argument]	C:/hd25/kingdom2/yasui/libys/crowd_m_ex760.cpp
001c5e18	_ZN2YS13CROWD_M_EX76010ActionDeadEPNS_11CROWDEFFECTE	sim-med	1	1		YS::CROWD_M_EX760::ActionDead(YS::CROWDEFFECT *) [DWARF: static -- no implicit `this`, do NOT add a leading self/object-pointer argument]	C:/hd25/kingdom2/yasui/libys/crowd_m_ex760.cpp
001c5e88	_ZN2YS13CROWD_M_EX76011ActionLeaveEPNS_11CROWDEFFECTE	sim-high	1	1		YS::CROWD_M_EX760::ActionLeave(YS::CROWDEFFECT *) [DWARF: static -- no implicit `this`, do NOT add a leading self/object-pointer argument]	C:/hd25/kingdom2/yasui/libys/crowd_m_ex760.cpp
001c5f90	_ZN2YS13CROWD_M_EX7609AppearObjEPNS_11CROWDEFFECTE	sim-med	1	1	YS::OBJ *	YS::CROWD_M_EX760::AppearObj(YS::CROWDEFFECT *) [DWARF: static -- no implicit `this`, do NOT add a leading self/object-pointer argument]	C:/hd25/kingdom2/yasui/libys/crowd_m_ex760.cpp
001c6108	_ZN2YS13CROWD_M_EX76010ActionIdleEPNS_11CROWDEFFECTE	sim-high	1	1		YS::CROWD_M_EX760::ActionIdle(YS::CROWDEFFECT *) [DWARF: static -- no implicit `this`, do NOT add a leading self/object-pointer argument]	C:/hd25/kingdom2/yasui/libys/crowd_m_ex760.cpp
001c6400	_ZN2YS11DEADREQUEST4DeadEv	sim-med	1	0		YS::DEADREQUEST::Dead() [DWARF: static -- no implicit `this`, do NOT add a leading self/object-pointer argument]	C:/hd25/kingdom2/yasui/libys/crowd_m_ex660.cpp
001c6900	_ZN2YS13CROWD_M_EX7605_BlowEPNS_11CROWDEFFECTERKN2kn7FVectorE	sim-high	1	2		YS::CROWD_M_EX760::_Blow(YS::CROWDEFFECT *, const kn::FVector &) [DWARF: static -- no implicit `this`, do NOT add a leading self/object-pointer argument]	C:/hd25/kingdom2/yasui/libys/crowd_m_ex760.cpp
001c6a28	_ZN2YS13CROWD_M_EX76015ActionLastStageEPNS_11CROWDEFFECTE	sim-med	1	1		YS::CROWD_M_EX760::ActionLastStage(YS::CROWDEFFECT *) [DWARF: static -- no implicit `this`, do NOT add a leading self/object-pointer argument]	C:/hd25/kingdom2/yasui/libys/crowd_m_ex760.cpp
001c6f10	_ZN2YS8PRIZEOBJ6appearEPKNS_11PRIZEEFFECT5PARAMERKN2kn7FVectorEPFbPNS_10MASSEFFECTEE	sim-med	0	4	YS::PRIZEEFFECT *	YS::PRIZEOBJ::appear(YS::PRIZEOBJ *, const YS::PRIZEEFFECT::PARAM *, const kn::FVector &, FUNC)	C:/hd25/kingdom2/yasui/libys/prizeobj.cpp
001c6fa8	_ZN2YS11PRIZEEFFECTC1EPNS_8PRIZEOBJEPKNS0_5PARAMERKN2kn7FVectorEPFbPNS_10MASSEFFECTEE	sim-rerun2-med	0	5		YS::PRIZEEFFECT::PRIZEEFFECT(YS::PRIZEEFFECT *, YS::PRIZEOBJ *, const YS::PRIZEEFFECT::PARAM *, const kn::FVector &, FUNC)	C:/hd25/kingdom2/yasui/libys/prizeeffect.cpp
001c7048	_ZN2YS11PRIZEEFFECT10phase_landEb	sim-med	0	2	bool	YS::PRIZEEFFECT::phase_land(YS::PRIZEEFFECT *, bool)	C:/hd25/kingdom2/yasui/libys/prizeeffect.cpp
001c70e8	_ZN2YS11PRIZEEFFECT4InitEv	med	1	0		YS::PRIZEEFFECT::Init() [DWARF: static -- no implicit `this`, do NOT add a leading self/object-pointer argument]	C:/hd25/kingdom2/yasui/libys/prizeeffect.cpp
001c71b8	_ZN2YS3PAD12make_triggerEy	sim-med	0	2		YS::PAD::make_trigger(YS::PAD *, ULONGLONG)	C:/hd25/kingdom2/yasui/libys/pad.cpp
001c7540	_ZN2YS11PRIZEEFFECT9phase_getEv	sim-high	0	1	bool	YS::PRIZEEFFECT::phase_get(YS::PRIZEEFFECT *)	C:/hd25/kingdom2/yasui/libys/prizeeffect.cpp
001c7720	_ZN2YS11PRIZEEFFECT12phase_al_getEv	high	0	1	bool	YS::PRIZEEFFECT::phase_al_get(YS::PRIZEEFFECT *)	C:/hd25/kingdom2/yasui/libys/prizeeffect.cpp
001c78e0	_ZN2YS11PRIZEEFFECT10PhaseAlGetEPNS_10MASSEFFECTE	med	1	1	bool	YS::PRIZEEFFECT::PhaseAlGet(YS::MASSEFFECT *) [DWARF: static -- no implicit `this`, do NOT add a leading self/object-pointer argument]	C:/hd25/kingdom2/yasui/libys/prizeeffect.cpp
001c7950	_ZN2YS11PRIZEEFFECT7can_getEPNS_6BTLOBJEff	high	0	4	bool	YS::PRIZEEFFECT::can_get(YS::PRIZEEFFECT *, YS::BTLOBJ *, float, float)	C:/hd25/kingdom2/yasui/libys/prizeeffect.cpp
001c79a0	_ZN2YS11PRIZEEFFECT3getEPNS_6BTLOBJEi	high	0	3		YS::PRIZEEFFECT::get(YS::PRIZEEFFECT *, YS::BTLOBJ *, int)	C:/hd25/kingdom2/yasui/libys/prizeeffect.cpp
001c7ca8	_ZN2YS8PRIZE_MU11AppearTableERKN2kn7FVectorEPKNS_10PRIZETABLEE	high	1	2		YS::PRIZE_MU::AppearTable(const kn::FVector &, const YS::PRIZETABLE *) [DWARF: static -- no implicit `this`, do NOT add a leading self/object-pointer argument]	C:/hd25/kingdom2/yasui/libys/prize_mu.cpp
001c7ee0	_ZN2YS8PRIZE_MU8ClearAllEv	high	1	0		YS::PRIZE_MU::ClearAll() [DWARF: static -- no implicit `this`, do NOT add a leading self/object-pointer argument]	C:/hd25/kingdom2/yasui/libys/prize_mu.cpp
001c7fb8	_ZN2YS6SUMMONC1EPKNS_8OBJENTRYERKN2kn7FVectorEf	high	0	4		YS::SUMMON::SUMMON(YS::SUMMON *, const YS::OBJENTRY *, const kn::FVector &, float)	C:/hd25/kingdom2/yasui/libys/summon.cpp
001c83f8	_ZN2YS6SUMMON11StartThreadEP4TASK	high	1	1		YS::SUMMON::StartThread(TASK *) [DWARF: static -- no implicit `this`, do NOT add a leading self/object-pointer argument]	C:/hd25/kingdom2/yasui/libys/summon.cpp
001c8710	_ZN2YS6SUMMON5StartEPNS_6PLAYEREi	med	1	2		YS::SUMMON::Start(YS::PLAYER *, int) [DWARF: static -- no implicit `this`, do NOT add a leading self/object-pointer argument]	C:/hd25/kingdom2/yasui/libys/summon.cpp
001c8750	_ZN2YS6SUMMON20StartThreadFinalizerEP4TASK	med	1	1		YS::SUMMON::StartThreadFinalizer(TASK *) [DWARF: static -- no implicit `this`, do NOT add a leading self/object-pointer argument]	C:/hd25/kingdom2/yasui/libys/summon.cpp
001c8788	_ZN2YS6SUMMON11IsPlayEventEiPNS_6PLAYERE	med	1	2	bool	YS::SUMMON::IsPlayEvent(int, YS::PLAYER *) [DWARF: static -- no implicit `this`, do NOT add a leading self/object-pointer argument]	C:/hd25/kingdom2/yasui/libys/summon.cpp
001c88a8	_ZN2YS6SUMMON6AppearERKN2kn7FVectorEf	high	1	2	YS::SUMMON *	YS::SUMMON::Appear(const kn::FVector &, float) [DWARF: static -- no implicit `this`, do NOT add a leading self/object-pointer argument]	C:/hd25/kingdom2/yasui/libys/summon.cpp
001c89a8	_ZN2YS6SUMMON9EndThreadEP4TASK	med	1	1		YS::SUMMON::EndThread(TASK *) [DWARF: static -- no implicit `this`, do NOT add a leading self/object-pointer argument]	C:/hd25/kingdom2/yasui/libys/summon.cpp
001c8a70	_ZN2YS6SUMMON18EndThreadFinalizerEP4TASK	sim-med	1	1		YS::SUMMON::EndThreadFinalizer(TASK *) [DWARF: static -- no implicit `this`, do NOT add a leading self/object-pointer argument]	C:/hd25/kingdom2/yasui/libys/summon.cpp
001c8a90	_ZN2YS6SUMMON4InitEv	med	1	0		YS::SUMMON::Init() [DWARF: static -- no implicit `this`, do NOT add a leading self/object-pointer argument]	C:/hd25/kingdom2/yasui/libys/summon.cpp
001c8d08	_ZN2YS6SUMMON4StopEv	med	1	0		YS::SUMMON::Stop() [DWARF: static -- no implicit `this`, do NOT add a leading self/object-pointer argument]	C:/hd25/kingdom2/yasui/libys/summon.cpp
001c8db8	_ZN2YS5MUTEX7is_lockEi	med	0	2	bool	YS::MUTEX::is_lock(YS::MUTEX *, int)	C:/hd25/kingdom2/yasui/libys/mutex.cpp
001c8de0	_ZN2YS5MUTEX4InitEv	sim-rerun-med	1	0		YS::MUTEX::Init() [DWARF: static -- no implicit `this`, do NOT add a leading self/object-pointer argument]	C:/hd25/kingdom2/yasui/libys/mutex.cpp
001c8e90	_ZN2YS8DARKNESS4InitEv	sim-med	1	0		YS::DARKNESS::Init() [DWARF: static -- no implicit `this`, do NOT add a leading self/object-pointer argument]	C:/hd25/kingdom2/yasui/libys/darkness.cpp
001c8ec0	_ZN2YS8DARKNESS3SetEi	sim-med	1	1		YS::DARKNESS::Set(int) [DWARF: static -- no implicit `this`, do NOT add a leading self/object-pointer argument]	C:/hd25/kingdom2/yasui/libys/darkness.cpp
001c8f68	_ZN2YS17ACTION_CARPETBLOW5startEPNS_3OBJE	sim-med	0	2		YS::ACTION_CARPETBLOW::start(YS::ACTION_CARPETBLOW *, YS::OBJ *)	C:/hd25/kingdom2/yasui/libys/action_carpetblow.cpp
001c9080	_ZN2YS17ACTION_CARPETBLOW4jumpEPNS_3OBJERKN2kn7FVectorE	sim-vt-high	0	3		YS::ACTION_CARPETBLOW::jump(YS::ACTION_CARPETBLOW *, YS::OBJ *, const kn::FVector &)	C:/hd25/kingdom2/yasui/libys/action_carpetblow.cpp
001c90c0	_ZN2YS17ACTION_CARPETBLOW11jump_heightEPNS_3OBJEf	sim-vt-high	0	3		YS::ACTION_CARPETBLOW::jump_height(YS::ACTION_CARPETBLOW *, YS::OBJ *, float)	C:/hd25/kingdom2/yasui/libys/action_carpetblow.cpp
001c9110	_ZN2YS13ACTION_LKDASH12check_cancelEPNS_3OBJE	sim-med	0	2		YS::ACTION_LKDASH::check_cancel(YS::ACTION_LKDASH *, YS::OBJ *)	C:/hd25/kingdom2/yasui/libys/action_lkdash.cpp
001c91c8	_ZN2YS13ACTION_LKDASH5startEPNS_3OBJE	sim-high	0	2		YS::ACTION_LKDASH::start(YS::ACTION_LKDASH *, YS::OBJ *)	C:/hd25/kingdom2/yasui/libys/action_lkdash.cpp
001c92a0	_ZN2YS13ACTION_LKDASH7controlEPNS_3OBJE	sim-high	0	2		YS::ACTION_LKDASH::control(YS::ACTION_LKDASH *, YS::OBJ *)	C:/hd25/kingdom2/yasui/libys/action_lkdash.cpp
001c9538	_ZN2YS13ACTION_LKDASH4fallEPNS_3OBJE	sim-rerun-med	0	2		YS::ACTION_LKDASH::fall(YS::ACTION_LKDASH *, YS::OBJ *)	C:/hd25/kingdom2/yasui/libys/action_lkdash.cpp
001c96c8	_ZN2YS13ACTION_LKDASH10party_jumpEPNS_3OBJEb	sim-high	0	3		YS::ACTION_LKDASH::party_jump(YS::ACTION_LKDASH *, YS::OBJ *, bool)	C:/hd25/kingdom2/yasui/libys/action_lkdash.cpp
001c97b0	_ZN2YS9SACRIFICE9StartPartEif	high	1	2		YS::SACRIFICE::StartPart(int, float) [DWARF: static -- no implicit `this`, do NOT add a leading self/object-pointer argument]	C:/hd25/kingdom2/yasui/libys/sacrifice.cpp
001c9860	_ZN2YS9SACRIFICE9StartFormEi	high	1	1		YS::SACRIFICE::StartForm(int) [DWARF: static -- no implicit `this`, do NOT add a leading self/object-pointer argument]	C:/hd25/kingdom2/yasui/libys/sacrifice.cpp
001c9958	_ZN2YS9SACRIFICE9CheckFormEii	med	1	2	bool	YS::SACRIFICE::CheckForm(int, int) [DWARF: static -- no implicit `this`, do NOT add a leading self/object-pointer argument]	C:/hd25/kingdom2/yasui/libys/sacrifice.cpp
001c99b0	_ZN2YS9SACRIFICE13GetFormStatusEi	med	1	1	int	YS::SACRIFICE::GetFormStatus(int) [DWARF: static -- no implicit `this`, do NOT add a leading self/object-pointer argument]	C:/hd25/kingdom2/yasui/libys/sacrifice.cpp
001c9ab8	_ZN2YS9SACRIFICE9CanSummonEv	med	1	0	bool	YS::SACRIFICE::CanSummon() [DWARF: static -- no implicit `this`, do NOT add a leading self/object-pointer argument]	C:/hd25/kingdom2/yasui/libys/sacrifice.cpp
001c9b38	_ZN2YS9SACRIFICE16GetCommandStatusEPKNS_12COMMAND_ELEME	high	1	1	int	YS::SACRIFICE::GetCommandStatus(const YS::COMMAND_ELEM *) [DWARF: static -- no implicit `this`, do NOT add a leading self/object-pointer argument]	C:/hd25/kingdom2/yasui/libys/sacrifice.cpp
001c9c78	_ZN2YS9SACRIFICE6ReturnEi	med	1	1	YS::FRIEND *	YS::SACRIFICE::Return(int) [DWARF: static -- no implicit `this`, do NOT add a leading self/object-pointer argument]	C:/hd25/kingdom2/yasui/libys/sacrifice.cpp
001c9db0	_ZN2YS9SACRIFICE11IsSacrificeEi	sim-rerun2-med	1	1	bool	YS::SACRIFICE::IsSacrifice(int) [DWARF: static -- no implicit `this`, do NOT add a leading self/object-pointer argument]	C:/hd25/kingdom2/yasui/libys/sacrifice.cpp
001c9df8	_ZN2YS9SACRIFICE6IsExecEv	med	1	0	bool	YS::SACRIFICE::IsExec() [DWARF: static -- no implicit `this`, do NOT add a leading self/object-pointer argument]	C:/hd25/kingdom2/yasui/libys/sacrifice.cpp
001c9e50	_ZN2YS9SACRIFICE10WaitStableEP4TASK	high	1	1		YS::SACRIFICE::WaitStable(TASK *) [DWARF: static -- no implicit `this`, do NOT add a leading self/object-pointer argument]	C:/hd25/kingdom2/yasui/libys/sacrifice.cpp
001c9ea0	_ZN2YS17ACTION_LIGHTCYCLE5startEPNS_3OBJE	sim-med	0	2		YS::ACTION_LIGHTCYCLE::start(YS::ACTION_LIGHTCYCLE *, YS::OBJ *)	C:/hd25/kingdom2/yasui/libys/action_lightcycle.cpp
001c9ee8	_ZN2YS17ACTION_LIGHTCYCLE7controlEPNS_3OBJE	sim-med	0	2		YS::ACTION_LIGHTCYCLE::control(YS::ACTION_LIGHTCYCLE *, YS::OBJ *)	C:/hd25/kingdom2/yasui/libys/action_lightcycle.cpp
001ca060	_ZN2YS17ACTION_LIGHTCYCLE13calc_movementEPNS_3OBJE	sim-med	0	2		YS::ACTION_LIGHTCYCLE::calc_movement(YS::ACTION_LIGHTCYCLE *, YS::OBJ *)	C:/hd25/kingdom2/yasui/libys/action_lightcycle.cpp
001ca148	_ZN2YS3OBJ23get_lightcycle_movementEPS0_f	sim-high	0	3		YS::OBJ::get_lightcycle_movement(YS::OBJ *, YS::OBJ *, float)	C:/hd25/kingdom2/yasui/libys/action_lightcycle.cpp
001ca448	_ZN2YS17ACTION_LIGHTCYCLE5IsRunEPNS_3OBJE	sim-med	1	1	bool	YS::ACTION_LIGHTCYCLE::IsRun(YS::OBJ *) [DWARF: static -- no implicit `this`, do NOT add a leading self/object-pointer argument]	C:/hd25/kingdom2/yasui/libys/action_lightcycle.cpp
001ca4a8	_ZN2YS17ACTION_LIGHTCYCLE10CheckCrashEPNS_3OBJE	sim-high	1	1		YS::ACTION_LIGHTCYCLE::CheckCrash(YS::OBJ *) [DWARF: static -- no implicit `this`, do NOT add a leading self/object-pointer argument]	C:/hd25/kingdom2/yasui/libys/action_lightcycle.cpp
001ca8f8	_ZN2YS14PRIZEEFFECT_PO13set_get_paramEff	sim-rerun-med	1	2		YS::PRIZEEFFECT_PO::set_get_param(float, float) [DWARF: static -- no implicit `this`, do NOT add a leading self/object-pointer argument]	C:/hd25/kingdom2/yasui/libys/prize_po.cpp
001ca9e0	_ZN2YS14PRIZEEFFECT_PO10phase_stopEv	sim-rerun-med	0	1	bool	YS::PRIZEEFFECT_PO::phase_stop(YS::PRIZEEFFECT_PO *)	C:/hd25/kingdom2/yasui/libys/prize_po.cpp
001cab08	_ZN2YS14PRIZEEFFECT_PO9PhaseStopEPNS_10MASSEFFECTE	sim-rerun-med	1	1	bool	YS::PRIZEEFFECT_PO::PhaseStop(YS::MASSEFFECT *) [DWARF: static -- no implicit `this`, do NOT add a leading self/object-pointer argument]	C:/hd25/kingdom2/yasui/libys/prize_po.cpp
001cab28	_ZN2YS14PRIZEEFFECT_PO9phase_getEv	sim-high	0	1	bool	YS::PRIZEEFFECT_PO::phase_get(YS::PRIZEEFFECT_PO *)	C:/hd25/kingdom2/yasui/libys/prize_po.cpp
001cad60	_ZN2YS14PRIZEEFFECT_PO18phase_get_po06_rotEv	sim-rerun-high	0	1	bool	YS::PRIZEEFFECT_PO::phase_get_po06_rot(YS::PRIZEEFFECT_PO *)	C:/hd25/kingdom2/yasui/libys/prize_po.cpp
001caee0	_ZN2YS14PRIZEEFFECT_PO15PhaseGetPO06RotEPNS_10MASSEFFECTE	sim-rerun-med	1	1	bool	YS::PRIZEEFFECT_PO::PhaseGetPO06Rot(YS::MASSEFFECT *) [DWARF: static -- no implicit `this`, do NOT add a leading self/object-pointer argument]	C:/hd25/kingdom2/yasui/libys/prize_po.cpp
001caf00	_ZN2YS14PRIZEEFFECT_PO19phase_get_po06_fallEv	sim-high	0	1	bool	YS::PRIZEEFFECT_PO::phase_get_po06_fall(YS::PRIZEEFFECT_PO *)	C:/hd25/kingdom2/yasui/libys/prize_po.cpp
001cb180	_ZN2YS14PRIZEEFFECT_PO16PhaseGetPO06FallEPNS_10MASSEFFECTE	sim-med	1	1	bool	YS::PRIZEEFFECT_PO::PhaseGetPO06Fall(YS::MASSEFFECT *) [DWARF: static -- no implicit `this`, do NOT add a leading self/object-pointer argument]	C:/hd25/kingdom2/yasui/libys/prize_po.cpp
001cb278	_ZN2YS14PRIZEEFFECT_PO19phase_move_po06_rotEv	sim-high	0	1	bool	YS::PRIZEEFFECT_PO::phase_move_po06_rot(YS::PRIZEEFFECT_PO *)	C:/hd25/kingdom2/yasui/libys/prize_po.cpp
001cb700	_ZN2YS14PRIZEEFFECT_PO17PhaseMovePO06FallEPNS_10MASSEFFECTE	sim-med	1	1	bool	YS::PRIZEEFFECT_PO::PhaseMovePO06Fall(YS::MASSEFFECT *) [DWARF: static -- no implicit `this`, do NOT add a leading self/object-pointer argument]	C:/hd25/kingdom2/yasui/libys/prize_po.cpp
001cb720	_ZN2YS14PRIZEEFFECT_PO14phase_get_po08Ev	sim-rerun-high	0	1	bool	YS::PRIZEEFFECT_PO::phase_get_po08(YS::PRIZEEFFECT_PO *)	C:/hd25/kingdom2/yasui/libys/prize_po.cpp
001cb8a0	_ZN2YS14PRIZEEFFECT_PO12PhaseGetPO08EPNS_10MASSEFFECTE	sim-rerun-med	1	1	bool	YS::PRIZEEFFECT_PO::PhaseGetPO08(YS::MASSEFFECT *) [DWARF: static -- no implicit `this`, do NOT add a leading self/object-pointer argument]	C:/hd25/kingdom2/yasui/libys/prize_po.cpp
001cb8c0	_ZN2YS14PRIZEEFFECT_PO15phase_move_po08Ev	sim-med	0	1	bool	YS::PRIZEEFFECT_PO::phase_move_po08(YS::PRIZEEFFECT_PO *)	C:/hd25/kingdom2/yasui/libys/prize_po.cpp
001cbc50	_ZN2YS8PRIZE_PO6appearEPKNS_11PRIZEEFFECT5PARAMERKN2kn7FVectorEPKNS_14UNIT_DATA_ZONEE	sim-med	0	4	YS::PRIZEEFFECT_PO *	YS::PRIZE_PO::appear(YS::PRIZE_PO *, const YS::PRIZEEFFECT::PARAM *, const kn::FVector &, const YS::UNIT_DATA_ZONE *)	C:/hd25/kingdom2/yasui/libys/prize_po.cpp
001cbcf0	_ZN2YS8PRIZE_PO6AppearERKN2kn7FVectorES4_i	sim-med	1	3	YS::PRIZEEFFECT_PO *	YS::PRIZE_PO::Appear(const kn::FVector &, const kn::FVector &, int) [DWARF: static -- no implicit `this`, do NOT add a leading self/object-pointer argument]	C:/hd25/kingdom2/yasui/libys/prize_po.cpp
001cbe30	_ZN2YS8PRIZE_PO13AppearForPO06ERKN2kn7FVectorEii	sim-rerun-high	1	3	YS::PRIZEEFFECT_PO *	YS::PRIZE_PO::AppearForPO06(const kn::FVector &, int, int) [DWARF: static -- no implicit `this`, do NOT add a leading self/object-pointer argument]	C:/hd25/kingdom2/yasui/libys/prize_po.cpp
001cbeb8	_ZN2YS8PRIZE_PO13AppearForPO08ERKN2kn7FVectorEi	sim-rerun-high	1	2	YS::PRIZEEFFECT_PO *	YS::PRIZE_PO::AppearForPO08(const kn::FVector &, int) [DWARF: static -- no implicit `this`, do NOT add a leading self/object-pointer argument]	C:/hd25/kingdom2/yasui/libys/prize_po.cpp
001cc220	_ZN2YS8PRIZE_CA14_OVR_check_getEPNS_11PRIZEEFFECTE	sim-high	0	2		YS::PRIZE_CA::_OVR_check_get(YS::PRIZE_CA *, YS::PRIZEEFFECT *)	C:/hd25/kingdom2/yasui/libys/prize_ca.cpp
001cc358	_ZN2YS11PRIZEEFFECT11PhaseCaMoveEPNS_10MASSEFFECTE	med	1	1	bool	YS::PRIZEEFFECT::PhaseCaMove(YS::MASSEFFECT *) [DWARF: static -- no implicit `this`, do NOT add a leading self/object-pointer argument]	C:/hd25/kingdom2/yasui/libys/prize_ca.cpp
001cc3b8	_ZN2YS8PRIZE_CA10InitAppearERKN2kn7FVectorEi	med	1	2		YS::PRIZE_CA::InitAppear(const kn::FVector &, int) [DWARF: static -- no implicit `this`, do NOT add a leading self/object-pointer argument]	C:/hd25/kingdom2/yasui/libys/prize_ca.cpp
001cc5c8	_ZN2YS8PRIZE_CA6ReturnEPNS_6BTLOBJES2_i	med	1	3	bool	YS::PRIZE_CA::Return(YS::BTLOBJ *, YS::BTLOBJ *, int) [DWARF: static -- no implicit `this`, do NOT add a leading self/object-pointer argument]	C:/hd25/kingdom2/yasui/libys/prize_ca.cpp
001cc838	_ZN2YS8PRIZE_CA6ReturnEPNS_6BTLOBJES2_i	sim-rerun-med	1	3	bool	YS::PRIZE_CA::Return(YS::BTLOBJ *, YS::BTLOBJ *, int) [DWARF: static -- no implicit `this`, do NOT add a leading self/object-pointer argument]	C:/hd25/kingdom2/yasui/libys/prize_ca.cpp
001cc920	_ZN2YS8PRIZE_CA6VacuumEPNS_6BTLOBJES2_i	high	1	3	bool	YS::PRIZE_CA::Vacuum(YS::BTLOBJ *, YS::BTLOBJ *, int) [DWARF: static -- no implicit `this`, do NOT add a leading self/object-pointer argument]	C:/hd25/kingdom2/yasui/libys/prize_ca.cpp
001cc9c8	_ZN2YS8PRIZE_CA11VacuumRangeEPNS_6BTLOBJEf	med	1	2		YS::PRIZE_CA::VacuumRange(YS::BTLOBJ *, float) [DWARF: static -- no implicit `this`, do NOT add a leading self/object-pointer argument]	C:/hd25/kingdom2/yasui/libys/prize_ca.cpp
001ccaa0	_ZN2YS8PRIZE_CA11PhaseVacuumEPNS_10MASSEFFECTE	med	1	1	bool	YS::PRIZE_CA::PhaseVacuum(YS::MASSEFFECT *) [DWARF: static -- no implicit `this`, do NOT add a leading self/object-pointer argument]	C:/hd25/kingdom2/yasui/libys/prize_ca.cpp
001ccac0	_ZN2YS11PRIZEEFFECT9vacuum_caEPNS_6BTLOBJE	med	0	2		YS::PRIZEEFFECT::vacuum_ca(YS::PRIZEEFFECT *, YS::BTLOBJ *)	C:/hd25/kingdom2/yasui/libys/prize_ca.cpp
001ccc38	_ZN2YS11PRIZEEFFECT15phase_ca_vacuumEv	med	0	1	bool	YS::PRIZEEFFECT::phase_ca_vacuum(YS::PRIZEEFFECT *)	C:/hd25/kingdom2/yasui/libys/prize_ca.cpp
001ccfa0	_ZN2YS8PRIZE_TT14_OVR_check_getEPNS_11PRIZEEFFECTE	sim-high	0	2		YS::PRIZE_TT::_OVR_check_get(YS::PRIZE_TT *, YS::PRIZEEFFECT *)	C:/hd25/kingdom2/yasui/libys/prize_tt.cpp
001cd078	_ZN2YS8PRIZE_TT10ExecDamageEPNS_6DAMAGEE	sim-high	1	1		YS::PRIZE_TT::ExecDamage(YS::DAMAGE *) [DWARF: static -- no implicit `this`, do NOT add a leading self/object-pointer argument]	C:/hd25/kingdom2/yasui/libys/prize_tt.cpp
001cd388	_ZN2YS8CONTINUE4LoadEv	sim-med	1	0		YS::CONTINUE::Load() [DWARF: static -- no implicit `this`, do NOT add a leading self/object-pointer argument]	C:/hd25/kingdom2/yasui/libys/continue.cpp
001cd660	_ZN2YS14PRIORITYTARGET5clearEv	sim-rerun-med	0	1		YS::PRIORITYTARGET::clear(YS::PRIORITYTARGET *)	C:/hd25/kingdom2/yasui/libys/prioritytarget.cpp
001cd690	_ZN2YS14PRIORITYTARGET6searchEv	sim-high	0	1	YS::OBJ *	YS::PRIORITYTARGET::search(YS::PRIORITYTARGET *)	C:/hd25/kingdom2/yasui/libys/prioritytarget.cpp
001cd7a8	_ZN2YS14PRIORITYTARGET3setEiPNS_3OBJE	sim-med	0	3		YS::PRIORITYTARGET::set(YS::PRIORITYTARGET *, int, YS::OBJ *)	C:/hd25/kingdom2/yasui/libys/prioritytarget.cpp
001cda88	_ZN2YS13CHOOSE_ATTACKC1EPNS_5PARTYERKNS_6TARGETE	high	0	3		YS::CHOOSE_ATTACK::CHOOSE_ATTACK(YS::CHOOSE_ATTACK *, YS::PARTY *, const YS::TARGET &)	C:/hd25/kingdom2/yasui/libys/chooseattack.cpp
001cdbc8	_ZN2YS13CHOOSE_ATTACK15check_collisionERKNS_9COLLISIONEi	sim-med	0	3		YS::CHOOSE_ATTACK::check_collision(YS::CHOOSE_ATTACK *, const YS::COLLISION &, int)	C:/hd25/kingdom2/yasui/libys/chooseattack.cpp
001cddb8	_ZN2YS13CHOOSE_ATTACK11check_enemyEv	sim-high	0	1		YS::CHOOSE_ATTACK::check_enemy(YS::CHOOSE_ATTACK *)	C:/hd25/kingdom2/yasui/libys/chooseattack.cpp
001cde58	_ZN2YS13CHOOSE_ATTACK10get_attackEv	sim-med	0	1	const YS::PARTYATTACK *	YS::CHOOSE_ATTACK::get_attack(YS::CHOOSE_ATTACK *)	C:/hd25/kingdom2/yasui/libys/chooseattack.cpp
001ce1a0	_ZN2YS4PREF4InitEPv	high	1	1		YS::PREF::Init(void *) [DWARF: static -- no implicit `this`, do NOT add a leading self/object-pointer argument]	C:/hd25/kingdom2/yasui/libys/pref.cpp
001ce248	_ZN2YS4PREF3GetEjPKc	sim-sib-high	1	2	const YS::PREF *	YS::PREF::Get(u_int, const char *) [DWARF: static -- no implicit `this`, do NOT add a leading self/object-pointer argument]	C:/hd25/kingdom2/yasui/libys/pref.cpp
001ce2d8	_ZN2YS4PREF6PlayerEi	sim-sib-med	1	1	const PREF_PLAYER *	YS::PREF::Player(int) [DWARF: static -- no implicit `this`, do NOT add a leading self/object-pointer argument]	C:/hd25/kingdom2/yasui/libys/pref.cpp
001ce328	_ZN2YS4PREF5PartyEi	sim-rerun-med	1	1	const PREF_PARTY *	YS::PREF::Party(int) [DWARF: static -- no implicit `this`, do NOT add a leading self/object-pointer argument]	C:/hd25/kingdom2/yasui/libys/pref.cpp
001ce458	_ZN2YS11CROWD_EVENT14_OVR_leave_reqEv	sim-med	0	1		YS::CROWD_EVENT::_OVR_leave_req(YS::CROWD_EVENT *)	C:/hd25/kingdom2/yasui/libys/crowd_event.cpp
001ce508	_ZN2YS11CROWD_EVENT11_OVR_appearERKN2kn7FVectorEi	sim-high	0	3		YS::CROWD_EVENT::_OVR_appear(YS::CROWD_EVENT *, const kn::FVector &, int)	C:/hd25/kingdom2/yasui/libys/crowd_event.cpp
001ce6e8	_ZN2YS18ACTION_LKDASH_JUMP5startEPNS_3OBJE	sim-gap-med	0	2		YS::ACTION_LKDASH_JUMP::start(YS::ACTION_LKDASH_JUMP *, YS::OBJ *)	C:/hd25/kingdom2/yasui/libys/action_lkdash_jump.cpp
001ce718	_ZN2YS18ACTION_LKDASH_JUMP3endEPNS_3OBJE	sim-gap-med	0	2		YS::ACTION_LKDASH_JUMP::end(YS::ACTION_LKDASH_JUMP *, YS::OBJ *)	C:/hd25/kingdom2/yasui/libys/action_lkdash_jump.cpp
001ce794	_ZN2YS18ACTION_LKDASH_JUMP7controlEPNS_3OBJE	sim-high	0	2		YS::ACTION_LKDASH_JUMP::control(YS::ACTION_LKDASH_JUMP *, YS::OBJ *)	C:/hd25/kingdom2/yasui/libys/action_lkdash_jump.cpp
001ce7e8	_ZN2YS18ACTION_LKDASH_JUMP13calc_movementEPNS_3OBJE	sim-sib-high	0	2		YS::ACTION_LKDASH_JUMP::calc_movement(YS::ACTION_LKDASH_JUMP *, YS::OBJ *)	C:/hd25/kingdom2/yasui/libys/action_lkdash_jump.cpp
001ce820	_ZN2YS18ACTION_LKDASH_JUMP4landEPNS_3OBJE	sim-med	0	2		YS::ACTION_LKDASH_JUMP::land(YS::ACTION_LKDASH_JUMP *, YS::OBJ *)	C:/hd25/kingdom2/yasui/libys/action_lkdash_jump.cpp
001ce838	_ZN2YS18ACTION_LKDASH_JUMP4jumpEPNS_3OBJERKN2kn7FVectorE	sim-sandwich	0	3		YS::ACTION_LKDASH_JUMP::jump(YS::ACTION_LKDASH_JUMP *, YS::OBJ *, const kn::FVector &)	C:/hd25/kingdom2/yasui/libys/action_lkdash_jump.cpp
001ce850	_ZN2YS18ACTION_LKDASH_JUMP11jump_heightEPNS_3OBJEf	sim-med	0	3		YS::ACTION_LKDASH_JUMP::jump_height(YS::ACTION_LKDASH_JUMP *, YS::OBJ *, float)	C:/hd25/kingdom2/yasui/libys/action_lkdash_jump.cpp
001cea48	_ZN2YS10LIGHTCYCLE10check_turnEPNS_8TRPLAYEREPKNS_3PADE	sim-high	0	3		YS::LIGHTCYCLE::check_turn(YS::LIGHTCYCLE *, YS::TRPLAYER *, const YS::PAD *)	C:/hd25/kingdom2/yasui/libys/lightcycle.cpp
001cebb0	_ZN2YS10LIGHTCYCLE4InitEv	sim-med	1	0		YS::LIGHTCYCLE::Init() [DWARF: static -- no implicit `this`, do NOT add a leading self/object-pointer argument]	C:/hd25/kingdom2/yasui/libys/lightcycle.cpp
001cec08	_ZN2YS10LIGHTCYCLE4ExecEP4TASK	sim-med	1	1		YS::LIGHTCYCLE::Exec(TASK *) [DWARF: static -- no implicit `this`, do NOT add a leading self/object-pointer argument]	C:/hd25/kingdom2/yasui/libys/lightcycle.cpp
001ced68	_ZN2YS8TRPLAYERC1EPKNS_8OBJENTRYEPNS_3PADERKN2kn7FVectorEf	sim-med	0	5		YS::TRPLAYER::TRPLAYER(YS::TRPLAYER *, const YS::OBJENTRY *, YS::PAD *, const kn::FVector &, float)	C:/hd25/kingdom2/yasui/libys/trplayer.cpp
001cedc0	_ZN2YS3OBJ6VTABLEINS_8TRPLAYEREE10initializeEPS0_	sim-high	0	2		YS::OBJ::VTABLE<YS::TRPLAYER>::initialize(YS::OBJ::VTABLE<YS::TRPLAYER> *, YS::OBJ *)	C:/hd25/kingdom2/yasui/../yasui/libys/obj.h
001ceef8	_ZN2YS8TRPLAYER9_OVR_execEv	med	0	1		YS::TRPLAYER::_OVR_exec(YS::TRPLAYER *)	C:/hd25/kingdom2/yasui/libys/trplayer.cpp
001cf000	_ZN2YS8TRPLAYER24_OVR_exec_command_playerEPKNS_12COMMAND_ELEME	sim-high	0	2		YS::TRPLAYER::_OVR_exec_command_player(YS::TRPLAYER *, const YS::COMMAND_ELEM *)	C:/hd25/kingdom2/yasui/libys/trplayer.cpp
001cf0d8	_ZN2YS8TRPLAYER18ExecDamageReactionEPNS_6BTLOBJEPNS_6DAMAGEE	med	1	2		YS::TRPLAYER::ExecDamageReaction(YS::BTLOBJ *, YS::DAMAGE *) [DWARF: static -- no implicit `this`, do NOT add a leading self/object-pointer argument]	C:/hd25/kingdom2/yasui/libys/trplayer.cpp
001cf320	_ZN2YS8TRPLAYER11ExecReflectEPNS_6BTLOBJEPNS_6ATTACKES4_	high	1	3		YS::TRPLAYER::ExecReflect(YS::BTLOBJ *, YS::ATTACK *, YS::ATTACK *) [DWARF: static -- no implicit `this`, do NOT add a leading self/object-pointer argument]	C:/hd25/kingdom2/yasui/libys/trplayer.cpp
001cf4f8	_ZN2YS6BTLOBJ6VTABLEINS_8TRPLAYEREE5_deadEPS0_	sim-med	0	2		YS::BTLOBJ::VTABLE<YS::TRPLAYER>::_dead(YS::BTLOBJ::VTABLE<YS::TRPLAYER> *, YS::BTLOBJ *)	C:/hd25/kingdom2/yasui/../yasui/libys/btlobj.h
001cf780	_ZN2YS3OBJ6VTABLEINS_8NMPLAYEREE10initializeEPS0_	sim-high	0	2		YS::OBJ::VTABLE<YS::NMPLAYER>::initialize(YS::OBJ::VTABLE<YS::NMPLAYER> *, YS::OBJ *)	C:/hd25/kingdom2/yasui/../yasui/libys/obj.h
001cf7d8	_ZN2YS8NMPLAYER12_OVR_controlEv	sim-high	0	1		YS::NMPLAYER::_OVR_control(YS::NMPLAYER *)	C:/hd25/kingdom2/yasui/libys/nmplayer.cpp
001cf8a8	_ZN2YS6PLAYER6VTABLEINS_8NMPLAYEREE13make_movementEPS0_	sim-vt-high	0	2		YS::PLAYER::VTABLE<YS::NMPLAYER>::make_movement(YS::PLAYER::VTABLE<YS::NMPLAYER> *, YS::PLAYER *)	C:/hd25/kingdom2/yasui/../yasui/libys/player.h
001cf8d0	_ZN2YS8NMPLAYER24_OVR_exec_command_playerEPKNS_12COMMAND_ELEME	sim-high	0	2		YS::NMPLAYER::_OVR_exec_command_player(YS::NMPLAYER *, const YS::COMMAND_ELEM *)	C:/hd25/kingdom2/yasui/libys/nmplayer.cpp
001cf9e0	_ZN2YS8NMPLAYER8set_lampEi	sim-high	0	2		YS::NMPLAYER::set_lamp(YS::NMPLAYER *, int)	C:/hd25/kingdom2/yasui/libys/nmplayer.cpp
001cfac0	_ZN2YS8NMPLAYER9set_paramEffff	sim-med	0	5		YS::NMPLAYER::set_param(YS::NMPLAYER *, float, float, float, float)	C:/hd25/kingdom2/yasui/libys/nmplayer.cpp
001cfaf0	_ZN2YS12ACTION_NMGUN7controlEPNS_3OBJE	sim-high	0	2		YS::ACTION_NMGUN::control(YS::ACTION_NMGUN *, YS::OBJ *)	C:/hd25/kingdom2/yasui/libys/action_nmgun.cpp
001cfcf8	_ZN2YS6MICKEYC1EPKNS_8OBJENTRYEPNS_3PADERKN2kn7FVectorEf	sim-high	0	5		YS::MICKEY::MICKEY(YS::MICKEY *, const YS::OBJENTRY *, YS::PAD *, const kn::FVector &, float)	C:/hd25/kingdom2/yasui/libys/mickey.cpp
001cff48	_ZN2YS3OBJ6VTABLEINS_6MICKEYEE7_deleteEPS0_	med	0	2		YS::OBJ::VTABLE<YS::MICKEY>::_delete(YS::OBJ::VTABLE<YS::MICKEY> *, YS::OBJ *)	C:/hd25/kingdom2/yasui/../yasui/libys/obj.h
001cffe0	_ZN2YS3OBJ6VTABLEINS_6MICKEYEE10initializeEPS0_	med	0	2		YS::OBJ::VTABLE<YS::MICKEY>::initialize(YS::OBJ::VTABLE<YS::MICKEY> *, YS::OBJ *)	C:/hd25/kingdom2/yasui/../yasui/libys/obj.h
001d0068	_ZN2YS6MICKEY11ReadRequestEv	high	1	0		YS::MICKEY::ReadRequest() [DWARF: static -- no implicit `this`, do NOT add a leading self/object-pointer argument]	C:/hd25/kingdom2/yasui/libys/mickey.cpp
001d00a8	_ZN2YS6MICKEY5StartEv	med	1	0		YS::MICKEY::Start() [DWARF: static -- no implicit `this`, do NOT add a leading self/object-pointer argument]	C:/hd25/kingdom2/yasui/libys/mickey.cpp
001d02c8	_ZN2YS6MICKEY12recov_elixirEv	med	0	1		YS::MICKEY::recov_elixir(YS::MICKEY *)	C:/hd25/kingdom2/yasui/libys/mickey.cpp
001d03a0	_ZN2YS6MICKEY13_OVR_pre_execEv	med	0	1		YS::MICKEY::_OVR_pre_exec(YS::MICKEY *)	C:/hd25/kingdom2/yasui/libys/mickey.cpp
001d0678	_ZN2YS6MICKEY24_OVR_exec_command_playerEPKNS_12COMMAND_ELEME	sim-high	0	2		YS::MICKEY::_OVR_exec_command_player(YS::MICKEY *, const YS::COMMAND_ELEM *)	C:/hd25/kingdom2/yasui/libys/mickey.cpp
001d0820	_ZN2YS6MICKEY7IsExistEv	med	1	0	bool	YS::MICKEY::IsExist() [DWARF: static -- no implicit `this`, do NOT add a leading self/object-pointer argument]	C:/hd25/kingdom2/yasui/libys/mickey.cpp
001d0980	_ZN2YS4SORAC1EPKNS_8OBJENTRYEiPNS_3PADERKN2kn7FVectorEf	med	0	6		YS::SORA::SORA(YS::SORA *, const YS::OBJENTRY *, int, YS::PAD *, const kn::FVector &, float)	C:/hd25/kingdom2/yasui/libys/sora.cpp
001d0b50	_ZN2YS4SORA15_OVR_initializeEv	med	0	1		YS::SORA::_OVR_initialize(YS::SORA *)	C:/hd25/kingdom2/yasui/libys/sora.cpp
001d0d08	_ZN2YS3OBJ6VTABLEINS_4SORAEE8_destroyEPS0_	sim-med	0	2		YS::OBJ::VTABLE<YS::SORA>::_destroy(YS::OBJ::VTABLE<YS::SORA> *, YS::OBJ *)	C:/hd25/kingdom2/yasui/../yasui/libys/obj.h
001d0f08	_ZN2YS4SORA9_OVR_execEv	med	0	1		YS::SORA::_OVR_exec(YS::SORA *)	C:/hd25/kingdom2/yasui/libys/sora.cpp
001d11f8	_ZN2YS4SORA24_OVR_exec_command_playerEPKNS_12COMMAND_ELEME	med	0	2		YS::SORA::_OVR_exec_command_player(YS::SORA *, const YS::COMMAND_ELEM *)	C:/hd25/kingdom2/yasui/libys/sora.cpp
001d14b8	_ZN2YS6STDOBJ6VTABLEINS_4SORAEE5voiceEPS0_ii	sim-med	0	4		YS::STDOBJ::VTABLE<YS::SORA>::voice(YS::STDOBJ::VTABLE<YS::SORA> *, YS::STDOBJ *, int, int)	C:/hd25/kingdom2/yasui/../yasui/libys/stdobj.h
001d1540	_ZN2YS8LMPLAYERC1EPKNS_8OBJENTRYEPNS_3PADERKN2kn7FVectorEf	sim-med	0	5		YS::LMPLAYER::LMPLAYER(YS::LMPLAYER *, const YS::OBJENTRY *, YS::PAD *, const kn::FVector &, float)	C:/hd25/kingdom2/yasui/libys/lmplayer.cpp
001d15a0	_ZN2YS3OBJ6VTABLEINS_8LMPLAYEREE10initializeEPS0_	sim-gap-med	0	2		YS::OBJ::VTABLE<YS::LMPLAYER>::initialize(YS::OBJ::VTABLE<YS::LMPLAYER> *, YS::OBJ *)	C:/hd25/kingdom2/yasui/../yasui/libys/obj.h
001d1620	_ZN2YS8LMPLAYER24_OVR_exec_command_playerEPKNS_12COMMAND_ELEME	sim-med	0	2		YS::LMPLAYER::_OVR_exec_command_player(YS::LMPLAYER *, const YS::COMMAND_ELEM *)	C:/hd25/kingdom2/yasui/libys/lmplayer.cpp
001d1678	_ZN2YS9MISSION2D4initEi	sim-vt-med	0	2		YS::MISSION2D::init(YS::MISSION2D *, int)	C:/hd25/kingdom2/yasui/libys/mission2d.cpp
001d1820	_ZN2YS9MISSION2D11set_warningEv	sim-high	0	1		YS::MISSION2D::set_warning(YS::MISSION2D *)	C:/hd25/kingdom2/yasui/libys/mission2d.cpp
001d1878	_ZN2YS9MISSION2D7disableEv	med	0	1		YS::MISSION2D::disable(YS::MISSION2D *)	C:/hd25/kingdom2/yasui/libys/mission2d.cpp
001d1910	_ZN2YS13MISSION_TIMER10deactivateEv	sim-high	0	1		YS::MISSION_TIMER::deactivate(YS::MISSION_TIMER *)	C:/hd25/kingdom2/yasui/libys/mission2d.cpp
001d1950	_ZN2YS13MISSION_TIMER5startEi	sim-high	0	2		YS::MISSION_TIMER::start(YS::MISSION_TIMER *, int)	C:/hd25/kingdom2/yasui/libys/mission2d.cpp
001d1998	_ZN2YS13MISSION_TIMER3getEv	med	0	1	int	YS::MISSION_TIMER::get(YS::MISSION_TIMER *)	C:/hd25/kingdom2/yasui/libys/mission2d.cpp
001d19b0	_ZN2YS13MISSION_TIMER11set_warningEv	sim-med	0	1		YS::MISSION_TIMER::set_warning(YS::MISSION_TIMER *)	C:/hd25/kingdom2/yasui/libys/mission2d.cpp
001d1a18	_ZN2YS13MISSION_COUNT9set_paramEiii	high	0	4		YS::MISSION_COUNT::set_param(YS::MISSION_COUNT *, int, int, int)	C:/hd25/kingdom2/yasui/libys/mission2d.cpp
001d1ae8	_ZN2YS13MISSION_COUNT10deactivateEv	high	0	1		YS::MISSION_COUNT::deactivate(YS::MISSION_COUNT *)	C:/hd25/kingdom2/yasui/libys/mission2d.cpp
001d1b60	_ZN2YS13MISSION_COUNT3setEi	high	0	2		YS::MISSION_COUNT::set(YS::MISSION_COUNT *, int)	C:/hd25/kingdom2/yasui/libys/mission2d.cpp
001d1bf0	_ZN2YS13MISSION_COUNT11set_warningEv	high	0	1		YS::MISSION_COUNT::set_warning(YS::MISSION_COUNT *)	C:/hd25/kingdom2/yasui/libys/mission2d.cpp
001d1c28	_ZN2YS13MISSION_COUNT13reset_warningEv	high	0	1		YS::MISSION_COUNT::reset_warning(YS::MISSION_COUNT *)	C:/hd25/kingdom2/yasui/libys/mission2d.cpp
001d1ca8	_ZN2YS13MISSION_COUNT7is_openEv	med	0	1	bool	YS::MISSION_COUNT::is_open(YS::MISSION_COUNT *)	C:/hd25/kingdom2/yasui/libys/mission2d.cpp
001d1d68	_ZN2YS13MISSION_GAUGE10deactivateEv	sim-med	0	1		YS::MISSION_GAUGE::deactivate(YS::MISSION_GAUGE *)	C:/hd25/kingdom2/yasui/libys/mission2d.cpp
001d1da0	_ZN2YS13MISSION_GAUGE3setEf	high	0	2		YS::MISSION_GAUGE::set(YS::MISSION_GAUGE *, float)	C:/hd25/kingdom2/yasui/libys/mission2d.cpp
001d1e50	_ZN2YS13MISSION_GAUGE11set_warningEv	sim-med	0	1		YS::MISSION_GAUGE::set_warning(YS::MISSION_GAUGE *)	C:/hd25/kingdom2/yasui/libys/mission2d.cpp
001d1ed0	_ZN2YS13MISSION_GAUGE7destroyEv	high	0	1		YS::MISSION_GAUGE::destroy(YS::MISSION_GAUGE *)	C:/hd25/kingdom2/yasui/libys/mission2d.cpp
001d1f08	_ZN2YS13MISSION_GAUGE7is_openEv	high	0	1	bool	YS::MISSION_GAUGE::is_open(YS::MISSION_GAUGE *)	C:/hd25/kingdom2/yasui/libys/mission2d.cpp
001d1f38	_ZN2YS12COMBOCOUNTERC1Ev	sim-high	0	1		YS::COMBOCOUNTER::COMBOCOUNTER(YS::COMBOCOUNTER *)	C:/hd25/kingdom2/yasui/libys/combocounter.cpp
001d2048	_ZN2YS12COMBOCOUNTERD1Ev	sim-rerun-med	0	1		YS::COMBOCOUNTER::~COMBOCOUNTER(YS::COMBOCOUNTER *)	C:/hd25/kingdom2/yasui/libys/combocounter.cpp
001d2180	_ZN2YS12COMBOCOUNTER5resetEv	high	0	1		YS::COMBOCOUNTER::reset(YS::COMBOCOUNTER *)	C:/hd25/kingdom2/yasui/libys/combocounter.cpp
001d22e0	_ZN2YS9ACTION_LM7controlEPNS_3OBJE	sim-high	0	2		YS::ACTION_LM::control(YS::ACTION_LM *, YS::OBJ *)	C:/hd25/kingdom2/yasui/libys/action_lm.cpp
001d2398	_ZN2YS9ACTION_LM13calc_movementEPNS_3OBJE	sim-vt-med	0	2		YS::ACTION_LM::calc_movement(YS::ACTION_LM *, YS::OBJ *)	C:/hd25/kingdom2/yasui/libys/action_lm.cpp
001d2418	_ZN2YS8LMPLAYER4swimEv	sim-high	0	1		YS::LMPLAYER::swim(YS::LMPLAYER *)	C:/hd25/kingdom2/yasui/libys/action_lm_swim.cpp
001d2648	_ZN2YS13INTERVAL_INFO5startEif	sim-rerun-med	0	3		YS::INTERVAL_INFO::start(YS::INTERVAL_INFO *, int, float)	C:/hd25/kingdom2/yasui/libys/intervalinfo.cpp
001d2690	_ZN2YS13INTERVAL_INFO4pushEif	sim-med	0	3		YS::INTERVAL_INFO::push(YS::INTERVAL_INFO *, int, float)	C:/hd25/kingdom2/yasui/libys/intervalinfo.cpp
001d2750	_ZN2YS13INTERVAL_INFO4execEv	sim-high	0	1		YS::INTERVAL_INFO::exec(YS::INTERVAL_INFO *)	C:/hd25/kingdom2/yasui/libys/intervalinfo.cpp
001d2850	_ZN2YS8PRIZE_HEC1EPKNS_8OBJENTRYE	sim-rerun-high	0	2		YS::PRIZE_HE::PRIZE_HE(YS::PRIZE_HE *, const YS::OBJENTRY *)	C:/hd25/kingdom2/yasui/libys/prize_he.cpp
001d2a68	_ZN2YS15ACTION_DEADSORA13calc_movementEPNS_3OBJE	sim-high	0	2		YS::ACTION_DEADSORA::calc_movement(YS::ACTION_DEADSORA *, YS::OBJ *)	C:/hd25/kingdom2/yasui/libys/action_deadsora.cpp
001d2bb0	_ZN2YS17ACTION_LM_DOLPHIN5startEPNS_3OBJE	sim-high	0	2		YS::ACTION_LM_DOLPHIN::start(YS::ACTION_LM_DOLPHIN *, YS::OBJ *)	C:/hd25/kingdom2/yasui/libys/action_lm_dolphin.cpp
001d2c78	_ZN2YS17ACTION_LM_DOLPHIN7controlEPNS_3OBJE	sim-high	0	2		YS::ACTION_LM_DOLPHIN::control(YS::ACTION_LM_DOLPHIN *, YS::OBJ *)	C:/hd25/kingdom2/yasui/libys/action_lm_dolphin.cpp
001d2e28	_ZN2YS17ACTION_LM_DOLPHIN13calc_movementEPNS_3OBJE	sim-vt-med	0	2		YS::ACTION_LM_DOLPHIN::calc_movement(YS::ACTION_LM_DOLPHIN *, YS::OBJ *)	C:/hd25/kingdom2/yasui/libys/action_lm_dolphin.cpp
001d2e68	_ZN2YS17ACTION_LM_DOLPHIN13GetNearVectorEPNS_8LMPLAYERE	sim-high	0	2		YS::ACTION_LM_DOLPHIN::GetNearVector(YS::ACTION_LM_DOLPHIN *, YS::LMPLAYER *)	C:/hd25/kingdom2/yasui/libys/action_lm_dolphin.cpp
001d3148	_ZN2YS12EVENT_CAMERA11make_matrixEv	sim-high	0	1		YS::EVENT_CAMERA::make_matrix(YS::EVENT_CAMERA *)	C:/hd25/kingdom2/yasui/libys/eventcamera.cpp
001d32e8	_ZN2YS12EVENT_CAMERA7replaceEPNS_3OBJES2_	sim-rerun-med	0	3		YS::EVENT_CAMERA::replace(YS::EVENT_CAMERA *, YS::OBJ *, YS::OBJ *)	C:/hd25/kingdom2/yasui/libys/eventcamera.cpp
001d35e0	_ZN2YS5BGHIT10check_lineERKN2kn7FVectorES4_i	high	0	4	bool	YS::BGHIT::check_line(YS::BGHIT *, const kn::FVector &, const kn::FVector &, int)	C:/hd25/kingdom2/yasui/libys/bghit.cpp
001d36e8	_ZN2YS5BGHIT8get_kindEv	med	0	1	int	YS::BGHIT::get_kind(YS::BGHIT *)	C:/hd25/kingdom2/yasui/libys/bghit.cpp
001d37a0	_ZN2YS6VACUUMC1ERKN2kn7FVectorEf	sim-rerun-med	0	3		YS::VACUUM::VACUUM(YS::VACUUM *, const kn::FVector &, float)	C:/hd25/kingdom2/yasui/libys/vacuum.cpp
001d3878	_ZN2YS6VACUUM4InitEv	sim-sib-med	1	0		YS::VACUUM::Init() [DWARF: static -- no implicit `this`, do NOT add a leading self/object-pointer argument]	C:/hd25/kingdom2/yasui/libys/vacuum.cpp
001d38a0	_ZN2YS6VACUUM12add_movementERN2kn7FVectorEPNS_3OBJE	sim-high	0	3		YS::VACUUM::add_movement(YS::VACUUM *, kn::FVector &, YS::OBJ *)	C:/hd25/kingdom2/yasui/libys/vacuum.cpp
001d3c78	_ZNK2YS11LIMIT_TABLE9is_enableEv	med	0	1	bool	YS::LIMIT_TABLE::is_enable(const YS::LIMIT_TABLE *)	C:/hd25/kingdom2/yasui/libys/limittable.cpp
001d3e40	_ZNK2YS11LIMIT_TABLE8can_execEv	med	0	1	bool	YS::LIMIT_TABLE::can_exec(const YS::LIMIT_TABLE *)	C:/hd25/kingdom2/yasui/libys/limittable.cpp
001d3f38	_ZNK2YS11LIMIT_TABLE14is_change_idleEv	sim-rerun-med	0	1	bool	YS::LIMIT_TABLE::is_change_idle(const YS::LIMIT_TABLE *)	C:/hd25/kingdom2/yasui/libys/limittable.cpp
001d3f98	_ZNK2YS11LIMIT_TABLE12get_filenameEv	sim-rerun2-med	0	1	const char *	YS::LIMIT_TABLE::get_filename(const YS::LIMIT_TABLE *)	C:/hd25/kingdom2/yasui/libys/limittable.cpp
001d3fe0	_ZN2YS11LIMIT_TABLE3GetEi	med	1	1	const YS::LIMIT_TABLE *	YS::LIMIT_TABLE::Get(int) [DWARF: static -- no implicit `this`, do NOT add a leading self/object-pointer argument]	C:/hd25/kingdom2/yasui/libys/limittable.cpp
001d4180	_ZN2YS11LIMIT_TABLE9CheckReadEv	med	1	0		YS::LIMIT_TABLE::CheckRead() [DWARF: static -- no implicit `this`, do NOT add a leading self/object-pointer argument]	C:/hd25/kingdom2/yasui/libys/limittable.cpp
001d42d0	_ZN2YS11LIMIT_TABLE8MakeMenuEPNS_12COMMAND_MENUE	med	1	1		YS::LIMIT_TABLE::MakeMenu(YS::COMMAND_MENU *) [DWARF: static -- no implicit `this`, do NOT add a leading self/object-pointer argument]	C:/hd25/kingdom2/yasui/libys/limittable.cpp
001d4420	_ZN2YS11LIMIT_TABLE7CanExecEv	med	1	0	bool	YS::LIMIT_TABLE::CanExec() [DWARF: static -- no implicit `this`, do NOT add a leading self/object-pointer argument]	C:/hd25/kingdom2/yasui/libys/limittable.cpp
001d44d8	_ZN2YS11LIMIT_TABLE6SearchEi	high	1	1	const YS::LIMIT_TABLE *	YS::LIMIT_TABLE::Search(int) [DWARF: static -- no implicit `this`, do NOT add a leading self/object-pointer argument]	C:/hd25/kingdom2/yasui/libys/limittable.cpp
001d4550	_ZNK2YS11LIMIT_TABLE9get_scoreEv	high	0	1	int	YS::LIMIT_TABLE::get_score(const YS::LIMIT_TABLE *)	C:/hd25/kingdom2/yasui/libys/limittable.cpp
001d45a0	_ZN2YS11LIMIT_TABLE14GetAutoCommandEPNS_6PLAYEREi	med	1	2	const YS::COMMAND_ELEM *	YS::LIMIT_TABLE::GetAutoCommand(YS::PLAYER *, int) [DWARF: static -- no implicit `this`, do NOT add a leading self/object-pointer argument]	C:/hd25/kingdom2/yasui/libys/limittable.cpp
001d4818	_ZN2YS15SPECIAL_COMMAND3setEiPvS1_PNS_6STDOBJE	sim-sib-med	0	5		YS::SPECIAL_COMMAND::set(YS::SPECIAL_COMMAND *, int, void *, void *, YS::STDOBJ *)	C:/hd25/kingdom2/yasui/libys/specialcommand.cpp
001d48b0	_ZN2YS15SPECIAL_COMMAND5resetEv	med	0	1		YS::SPECIAL_COMMAND::reset(YS::SPECIAL_COMMAND *)	C:/hd25/kingdom2/yasui/libys/specialcommand.cpp
001d4940	_ZN2YS15SPECIAL_COMMAND6_checkEPNS_3OBJEPNS_12COMMAND_MENUE	high	0	3	bool	YS::SPECIAL_COMMAND::_check(YS::SPECIAL_COMMAND *, YS::OBJ *, YS::COMMAND_MENU *)	C:/hd25/kingdom2/yasui/libys/specialcommand.cpp
001d4ae0	_ZN2YS15SPECIAL_COMMAND20make_skateboard_menuEPNS_4SORAEPNS_12COMMAND_MENUE	sim-med	0	3	bool	YS::SPECIAL_COMMAND::make_skateboard_menu(YS::SPECIAL_COMMAND *, YS::SORA *, YS::COMMAND_MENU *)	C:/hd25/kingdom2/yasui/libys/specialcommand.cpp
001d4c98	_ZN2YS13MISSION_SCOREC1Ev	sim-high	0	1		YS::MISSION_SCORE::MISSION_SCORE(YS::MISSION_SCORE *)	C:/hd25/kingdom2/yasui/libys/missionscore.cpp
001d4dc0	_ZN2YS13MISSION_SCORE4openEiii	med	0	4		YS::MISSION_SCORE::open(YS::MISSION_SCORE *, int, int, int)	C:/hd25/kingdom2/yasui/libys/missionscore.cpp
001d50b8	_ZN2YS7CA_SHIP10IsSkipAreaERK4AREARNS_6JUMPERE	sim-med	1	2	bool	YS::CA_SHIP::IsSkipArea(const AREA &, YS::JUMPER &) [DWARF: static -- no implicit `this`, do NOT add a leading self/object-pointer argument]	C:/hd25/kingdom2/yasui/libys/ca_ship.cpp
001d5198	_ZN2YS7CA_SHIP10ArriveAreaERK4AREA	sim-high	1	1		YS::CA_SHIP::ArriveArea(const AREA &) [DWARF: static -- no implicit `this`, do NOT add a leading self/object-pointer argument]	C:/hd25/kingdom2/yasui/libys/ca_ship.cpp
001d5218	_ZN2YS7CA_SHIP16ProgressCallbackEi	sim-med	1	1		YS::CA_SHIP::ProgressCallback(int) [DWARF: static -- no implicit `this`, do NOT add a leading self/object-pointer argument]	C:/hd25/kingdom2/yasui/libys/ca_ship.cpp
001d5370	_ZN2YS10IMAGE_DATA10set_by_barEPKNS_6BINARCEi	sim-sib-med	0	3		YS::IMAGE_DATA::set_by_bar(YS::IMAGE_DATA *, const YS::BINARC *, int)	C:/hd25/kingdom2/yasui/libys/imagedata.cpp
001d53e8	_ZN2YS13MISSION_TABLE4InitEv	high	1	0		YS::MISSION_TABLE::Init() [DWARF: static -- no implicit `this`, do NOT add a leading self/object-pointer argument]	C:/hd25/kingdom2/yasui/libys/missiontable.cpp
001d5518	_ZN2YS14MISSION_CAMERA5startEPN3ryj3PAXEb	med	0	3		YS::MISSION_CAMERA::start(YS::MISSION_CAMERA *, ryj::PAX *, bool)	C:/hd25/kingdom2/yasui/libys/missioncamera.cpp
001d56f0	_ZN2YS12SINGLETON_SEC1Ev	sim-rerun-high	0	1		YS::SINGLETON_SE::SINGLETON_SE(YS::SINGLETON_SE *)	C:/hd25/kingdom2/yasui/libys/singletonse.cpp
001d5718	_ZN2YS12SINGLETON_SED1Ev	sim-rerun-high	0	1		YS::SINGLETON_SE::~SINGLETON_SE(YS::SINGLETON_SE *)	C:/hd25/kingdom2/yasui/libys/singletonse.cpp
001d5730	_ZN2YS6MOTION3endEv	sim-med	0	1		YS::MOTION::end(YS::MOTION *)	C:/hd25/kingdom2/yasui/libys/motion.cpp
001d5868	_ZNK2YS9LINK_FLAG5is_okEv	sim-high	0	1	bool	YS::LINK_FLAG::is_ok(const YS::LINK_FLAG *)	C:/hd25/kingdom2/yasui/libys/linkflag.cpp
001d59b0	_ZN2YS9LINK_FLAG5CheckEv	sim-high	1	0		YS::LINK_FLAG::Check() [DWARF: static -- no implicit `this`, do NOT add a leading self/object-pointer argument]	C:/hd25/kingdom2/yasui/libys/linkflag.cpp
001d5a20	_ZN2YS10EVENT_SKIP9FieldInitEv	sim-rerun-med	1	0		YS::EVENT_SKIP::FieldInit() [DWARF: static -- no implicit `this`, do NOT add a leading self/object-pointer argument]	C:/hd25/kingdom2/yasui/libys/eventskip.cpp
001d5a48	_ZN2YS10EVENT_SKIP13ResetSkipFlagEv	sim-rerun-med	1	0		YS::EVENT_SKIP::ResetSkipFlag() [DWARF: static -- no implicit `this`, do NOT add a leading self/object-pointer argument]	C:/hd25/kingdom2/yasui/libys/eventskip.cpp
001d5a58	_ZN2YS10EVENT_SKIP6IsSkipERK4AREARNS_6JUMPERE	sim-med	1	2	bool	YS::EVENT_SKIP::IsSkip(const AREA &, YS::JUMPER &) [DWARF: static -- no implicit `this`, do NOT add a leading self/object-pointer argument]	C:/hd25/kingdom2/yasui/libys/eventskip.cpp
001d5af8	_ZN2YS5SCORE6updateEij	sim-sib-med	0	3	bool	YS::SCORE::update(YS::SCORE *, int, u_int)	C:/hd25/kingdom2/yasui/libys/score.cpp
001d5d20	_ZN2YS10FORM_LEVEL12GetSummonExpEv	sim-med	1	0	int	YS::FORM_LEVEL::GetSummonExp() [DWARF: static -- no implicit `this`, do NOT add a leading self/object-pointer argument]	C:/hd25/kingdom2/yasui/libys/formlevel.cpp
001d5d80	_ZN2YS10FORM_LEVEL7LevelUpEPNS_6PLAYEREi	med	1	2		YS::FORM_LEVEL::LevelUp(YS::PLAYER *, int) [DWARF: static -- no implicit `this`, do NOT add a leading self/object-pointer argument]	C:/hd25/kingdom2/yasui/libys/formlevel.cpp
001d5f30	_ZN2YS10FORM_LEVEL6AddExpEPNS_6PLAYEREi	med	1	2		YS::FORM_LEVEL::AddExp(YS::PLAYER *, int) [DWARF: static -- no implicit `this`, do NOT add a leading self/object-pointer argument]	C:/hd25/kingdom2/yasui/libys/formlevel.cpp
001d6020	_ZN2YS10FORM_LEVEL10CheckBraveEPNS_5ENEMYEPNS_6DAMAGEE	sim-high	1	2		YS::FORM_LEVEL::CheckBrave(YS::ENEMY *, YS::DAMAGE *) [DWARF: static -- no implicit `this`, do NOT add a leading self/object-pointer argument]	C:/hd25/kingdom2/yasui/libys/formlevel.cpp
001d6088	_ZN2YS10FORM_LEVEL19CheckWisdomAndFinalEiPNS_6PLAYERE	med	1	2		YS::FORM_LEVEL::CheckWisdomAndFinal(const int, YS::PLAYER *) [DWARF: static -- no implicit `this`, do NOT add a leading self/object-pointer argument]	C:/hd25/kingdom2/yasui/libys/formlevel.cpp
001d6148	_ZN2YS10FORM_LEVEL10CheckLimitEPNS_6PLAYEREi	sim-high	1	2		YS::FORM_LEVEL::CheckLimit(YS::PLAYER *, int) [DWARF: static -- no implicit `this`, do NOT add a leading self/object-pointer argument]	C:/hd25/kingdom2/yasui/libys/formlevel.cpp
001d61b8	_ZN2YS9ANTI_FORM9CheckFormEPNS_4SORAEi	sim-high	1	2	int	YS::ANTI_FORM::CheckForm(YS::SORA *, int) [DWARF: static -- no implicit `this`, do NOT add a leading self/object-pointer argument]	C:/hd25/kingdom2/yasui/libys/antiform.cpp
001d62b0	_ZN2YS9ANTI_FORM6IsAntiEPNS_4SORAEPNS_7FORMRAME	sim-high	1	2	bool	YS::ANTI_FORM::IsAnti(YS::SORA *, YS::FORMRAM *) [DWARF: static -- no implicit `this`, do NOT add a leading self/object-pointer argument]	C:/hd25/kingdom2/yasui/libys/antiform.cpp
001d63a8	_ZN2YS9ANTI_FORM7IsFinalEPNS_4SORAE	sim-high	1	1	bool	YS::ANTI_FORM::IsFinal(YS::SORA *) [DWARF: static -- no implicit `this`, do NOT add a leading self/object-pointer argument]	C:/hd25/kingdom2/yasui/libys/antiform.cpp
001d6578	_ZN2YS13CROWD_N_MU0606CreateEPKNS_8OBJENTRYERKN2kn7FVectorEf	sim-med	1	3	YS::CROWD_N_MU060 *	YS::CROWD_N_MU060::Create(const YS::OBJENTRY *, const kn::FVector &, float) [DWARF: static -- no implicit `this`, do NOT add a leading self/object-pointer argument]	C:/hd25/kingdom2/yasui/libys/crowd_n_mu060.cpp
001d65f8	_ZN2YS13CROWD_N_MU06011_OVR_appearERKN2kn7FVectorEi	sim-high	0	3		YS::CROWD_N_MU060::_OVR_appear(YS::CROWD_N_MU060 *, const kn::FVector &, int)	C:/hd25/kingdom2/yasui/libys/crowd_n_mu060.cpp
001d6790	_ZN2YS13CROWD_N_MU0607MakeBowERKN2dk6AabboxE	sim-high	1	1		YS::CROWD_N_MU060::MakeBow(const dk::Aabbox &) [DWARF: static -- no implicit `this`, do NOT add a leading self/object-pointer argument]	C:/hd25/kingdom2/yasui/libys/crowd_n_mu060.cpp
001d6938	_ZN2YS10INDICATION5startEPNS_6PLAYERE	med	0	2		YS::INDICATION::start(YS::INDICATION *, YS::PLAYER *)	C:/hd25/kingdom2/yasui/libys/indication.cpp
001d69d0	_ZN2YS10INDICATION3endEv	med	0	1		YS::INDICATION::end(YS::INDICATION *)	C:/hd25/kingdom2/yasui/libys/indication.cpp
001d6b40	_ZN2YS10INDICATION4hideEv	sim-med	0	1		YS::INDICATION::hide(YS::INDICATION *)	C:/hd25/kingdom2/yasui/libys/indication.cpp
001d6ba0	_ZN2YS10INDICATION4execEv	high	0	1		YS::INDICATION::exec(YS::INDICATION *)	C:/hd25/kingdom2/yasui/libys/indication.cpp
001d6cc8	_ZN2YS12SUMMON_TABLE4EachEPKS0_	sim-rerun-med	1	1	const YS::SUMMON_TABLE *	YS::SUMMON_TABLE::Each(const YS::SUMMON_TABLE *) [DWARF: static -- no implicit `this`, do NOT add a leading self/object-pointer argument]	C:/hd25/kingdom2/yasui/libys/summontable.cpp
001d6d58	_ZN2YS12SUMMON_TABLE3GetEi	med	1	1	const YS::SUMMON_TABLE *	YS::SUMMON_TABLE::Get(int) [DWARF: static -- no implicit `this`, do NOT add a leading self/object-pointer argument]	C:/hd25/kingdom2/yasui/libys/summontable.cpp
001d6da8	_ZN2YS12SUMMON_TABLE8MakeListEPt	sim-rerun-med	1	1		YS::SUMMON_TABLE::MakeList(u_short *) [DWARF: static -- no implicit `this`, do NOT add a leading self/object-pointer argument]	C:/hd25/kingdom2/yasui/libys/summontable.cpp
001d6e08	_ZNK2YS12SUMMON_TABLE4readEv	med	0	1		YS::SUMMON_TABLE::read(const YS::SUMMON_TABLE *)	C:/hd25/kingdom2/yasui/libys/summontable.cpp
001d6ec8	_ZN2YS12SUMMON_LEVEL6GetMaxEv	sim-med	1	0	int	YS::SUMMON_LEVEL::GetMax() [DWARF: static -- no implicit `this`, do NOT add a leading self/object-pointer argument]	C:/hd25/kingdom2/yasui/libys/summonlevel.cpp
001d7098	_ZN2YS7MISSION10OptionInitEi	sim-high	1	1		YS::MISSION::OptionInit(int) [DWARF: static -- no implicit `this`, do NOT add a leading self/object-pointer argument]	C:/hd25/kingdom2/yasui/libys/mission_option.cpp
001d71f0	_ZN2YS7MISSION10OptionReadEi	sim-med	1	1		YS::MISSION::OptionRead(int) [DWARF: static -- no implicit `this`, do NOT add a leading self/object-pointer argument]	C:/hd25/kingdom2/yasui/libys/mission_option.cpp
001d7218	_ZN2YS7MISSION11OptionStartEi	sim-med	1	1		YS::MISSION::OptionStart(int) [DWARF: static -- no implicit `this`, do NOT add a leading self/object-pointer argument]	C:/hd25/kingdom2/yasui/libys/mission_option.cpp
001d7380	_ZN2YS7MISSION9OptionEndEi	sim-high	1	1		YS::MISSION::OptionEnd(int) [DWARF: static -- no implicit `this`, do NOT add a leading self/object-pointer argument]	C:/hd25/kingdom2/yasui/libys/mission_option.cpp
001d7538	_ZN2YS15PRIZE_COLOSSEUM11AppearTableERKN2kn7FVectorEPKNS_10PRIZETABLEE	sim-high	1	2		YS::PRIZE_COLOSSEUM::AppearTable(const kn::FVector &, const YS::PRIZETABLE *) [DWARF: static -- no implicit `this`, do NOT add a leading self/object-pointer argument]	C:/hd25/kingdom2/yasui/libys/prize_colosseum.cpp
001d76e8	_ZN2YS8PRIZEOBJ6VTABLEINS_15PRIZE_COLOSSEUMEE9check_getEPS0_PNS_11PRIZEEFFECTE	sim-med	0	3		YS::PRIZEOBJ::VTABLE<YS::PRIZE_COLOSSEUM>::check_get(YS::PRIZEOBJ::VTABLE<YS::PRIZE_COLOSSEUM> *, YS::PRIZEOBJ *, YS::PRIZEEFFECT *)	C:/hd25/kingdom2/yasui/../yasui/libys/prizeobj.h
001d7940	_ZN2YS12HE_COLOSSEUM5StartEv	high	1	0		YS::HE_COLOSSEUM::Start() [DWARF: static -- no implicit `this`, do NOT add a leading self/object-pointer argument]	C:/hd25/kingdom2/yasui/libys/he_colosseum.cpp
001d7a08	_ZN2YS4STOP3endEi	med	0	2		YS::STOP::end(YS::STOP *, int)	C:/hd25/kingdom2/yasui/libys/stop.cpp
001d7a50	_ZN2YS4STOP7end_allEv	sim-med	0	1		YS::STOP::end_all(YS::STOP *)	C:/hd25/kingdom2/yasui/libys/stop.cpp
001d7a88	_ZN2YS4STOP4execEv	med	0	1		YS::STOP::exec(YS::STOP *)	C:/hd25/kingdom2/yasui/libys/stop.cpp
001d7b10	_ZN2YS4STOP5startEif	sim-med	0	3		YS::STOP::start(YS::STOP *, int, float)	C:/hd25/kingdom2/yasui/libys/stop.cpp
001d7b90	_ZN2YS4STOP18is_damage_reactionEv	sim-med	0	1	bool	YS::STOP::is_damage_reaction(YS::STOP *)	C:/hd25/kingdom2/yasui/libys/stop.cpp
001d7c38	_ZN2YS13MISSION_WATCH8activateEv	sim-high	0	1		YS::MISSION_WATCH::activate(YS::MISSION_WATCH *)	C:/hd25/kingdom2/yasui/libys/mission_watch.cpp
001d7c90	_ZN2YS13MISSION_WATCH10deactivateEv	sim-vt-high	0	1		YS::MISSION_WATCH::deactivate(YS::MISSION_WATCH *)	C:/hd25/kingdom2/yasui/libys/mission_watch.cpp
001d7d68	_ZN2YS9ENEMYBASEC1EPKNS_8OBJENTRYERKN2kn7FVectorEf	sim-med	0	4		YS::ENEMYBASE::ENEMYBASE(YS::ENEMYBASE *, const YS::OBJENTRY *, const kn::FVector &, float)	C:/hd25/kingdom2/yasui/libys/enemybase.cpp
001d7e38	_ZN2YS9ENEMYBASE10_OVR_leaveEv	sim-high	0	1		YS::ENEMYBASE::_OVR_leave(YS::ENEMYBASE *)	C:/hd25/kingdom2/yasui/libys/enemybase.cpp
001d7e78	_ZN2YS9ENEMYBASE10_OVR__deadEv	sim-high	0	1		YS::ENEMYBASE::_OVR__dead(YS::ENEMYBASE *)	C:/hd25/kingdom2/yasui/libys/enemybase.cpp
001d7f80	_ZN2YS7MISSION11activate_2dEv	med	0	1		YS::MISSION::activate_2d(YS::MISSION *)	C:/hd25/kingdom2/yasui/libys/mission_2d.cpp
001d80f0	_ZN2YS7MISSION12Deactivate2dEv	sim-high	1	0		YS::MISSION::Deactivate2d() [DWARF: static -- no implicit `this`, do NOT add a leading self/object-pointer argument]	C:/hd25/kingdom2/yasui/libys/mission_2d.cpp
001d8190	_ZN2YS7MISSION14init_mission2dEPKNS_9MISSION2D5TABLEEPS1_	high	0	3		YS::MISSION::init_mission2d(YS::MISSION *, const YS::MISSION2D::TABLE *, YS::MISSION2D *)	C:/hd25/kingdom2/yasui/libys/mission_2d.cpp
001d8270	_ZN2YS7MISSION13SetTimerParamEiiii	sim-high	1	4		YS::MISSION::SetTimerParam(int, int, int, int) [DWARF: static -- no implicit `this`, do NOT add a leading self/object-pointer argument]	C:/hd25/kingdom2/yasui/libys/mission_2d.cpp
001d8578	_ZN2YS7MISSION13SetCountParamEiiii	sim-sib-high	1	4		YS::MISSION::SetCountParam(int, int, int, int) [DWARF: static -- no implicit `this`, do NOT add a leading self/object-pointer argument]	C:/hd25/kingdom2/yasui/libys/mission_2d.cpp
001d8718	_ZN2YS7MISSION13AddCountForceEii	sim-high	1	2		YS::MISSION::AddCountForce(int, int) [DWARF: static -- no implicit `this`, do NOT add a leading self/object-pointer argument]	C:/hd25/kingdom2/yasui/libys/mission_2d.cpp
001d8898	_ZN2YS7MISSION14IsCountWarningEi	sim-sib-med	1	1	bool	YS::MISSION::IsCountWarning(int) [DWARF: static -- no implicit `this`, do NOT add a leading self/object-pointer argument]	C:/hd25/kingdom2/yasui/libys/mission_2d.cpp
001d89e8	_ZN2YS7MISSION17SetCountFigureNumEiii	sim-high	1	3		YS::MISSION::SetCountFigureNum(int, int, int) [DWARF: static -- no implicit `this`, do NOT add a leading self/object-pointer argument]	C:/hd25/kingdom2/yasui/libys/mission_2d.cpp
001d8ad8	_ZN2YS7MISSION12WarningCountEib	sim-high	1	2		YS::MISSION::WarningCount(int, bool) [DWARF: static -- no implicit `this`, do NOT add a leading self/object-pointer argument]	C:/hd25/kingdom2/yasui/libys/mission_2d.cpp
001d8bd0	_ZN2YS7MISSION13SetGaugeParamEiiii	med	1	4		YS::MISSION::SetGaugeParam(int, int, int, int) [DWARF: static -- no implicit `this`, do NOT add a leading self/object-pointer argument]	C:/hd25/kingdom2/yasui/libys/mission_2d.cpp
001d8c70	_ZN2YS7MISSION8SetGaugeEfi	med	1	2		YS::MISSION::SetGauge(float, int) [DWARF: static -- no implicit `this`, do NOT add a leading self/object-pointer argument]	C:/hd25/kingdom2/yasui/libys/mission_2d.cpp
001d8d08	_ZN2YS7MISSION8AddGaugeEfi	med	1	2		YS::MISSION::AddGauge(float, int) [DWARF: static -- no implicit `this`, do NOT add a leading self/object-pointer argument]	C:/hd25/kingdom2/yasui/libys/mission_2d.cpp
001d8fa8	_ZN2YS7MISSION12WarningGaugeEbi	sim-high	1	2		YS::MISSION::WarningGauge(bool, int) [DWARF: static -- no implicit `this`, do NOT add a leading self/object-pointer argument]	C:/hd25/kingdom2/yasui/libys/mission_2d.cpp
001d9028	_ZN2YS7MISSION11start_comboEPKNS_9MISSION2D5TABLEE	sim-med	0	2		YS::MISSION::start_combo(YS::MISSION *, const YS::MISSION2D::TABLE *)	C:/hd25/kingdom2/yasui/libys/mission_2d.cpp
001d9050	_ZN2YS7MISSION15AddComboCounterEifi	med	1	3		YS::MISSION::AddComboCounter(int, float, int) [DWARF: static -- no implicit `this`, do NOT add a leading self/object-pointer argument]	C:/hd25/kingdom2/yasui/libys/mission_2d.cpp
001d9148	_ZN2YS7MISSION18GetMaxComboCounterEi	high	1	1	int	YS::MISSION::GetMaxComboCounter(int) [DWARF: static -- no implicit `this`, do NOT add a leading self/object-pointer argument]	C:/hd25/kingdom2/yasui/libys/mission_2d.cpp
001d9228	_ZN2YS7MISSION15GetComboCounterEi	high	1	1	int	YS::MISSION::GetComboCounter(int) [DWARF: static -- no implicit `this`, do NOT add a leading self/object-pointer argument]	C:/hd25/kingdom2/yasui/libys/mission_2d.cpp
001d9288	_ZN2YS7MISSION20SetComboCounterParamEiiii	sim-med	1	4		YS::MISSION::SetComboCounterParam(int, int, int, int) [DWARF: static -- no implicit `this`, do NOT add a leading self/object-pointer argument]	C:/hd25/kingdom2/yasui/libys/mission_2d.cpp
001d9488	_ZN2YS7MISSION12DisableWatchEi	sim-high	1	1		YS::MISSION::DisableWatch(int) [DWARF: static -- no implicit `this`, do NOT add a leading self/object-pointer argument]	C:/hd25/kingdom2/yasui/libys/mission_2d.cpp
001d9768	_ZN2YS13BATTLE_REPORTC1Ev	sim-rerun-med	0	1		YS::BATTLE_REPORT::BATTLE_REPORT(YS::BATTLE_REPORT *)	C:/hd25/kingdom2/yasui/libys/battlereport.cpp
001d97c8	_ZN2YS13BATTLE_REPORT20IncrementFriendRecovEv	sim-med	1	0		YS::BATTLE_REPORT::IncrementFriendRecov() [DWARF: static -- no implicit `this`, do NOT add a leading self/object-pointer argument]	C:/hd25/kingdom2/yasui/libys/battlereport.cpp
001d97f0	_ZN2YS13BATTLE_REPORT18IncrementFormCountEi	sim-sandwich	1	1		YS::BATTLE_REPORT::IncrementFormCount(int) [DWARF: static -- no implicit `this`, do NOT add a leading self/object-pointer argument]	C:/hd25/kingdom2/yasui/libys/battlereport.cpp
001d9820	_ZN2YS13BATTLE_REPORT20IncrementSummonCountEi	sim-sandwich	1	1		YS::BATTLE_REPORT::IncrementSummonCount(int) [DWARF: static -- no implicit `this`, do NOT add a leading self/object-pointer argument]	C:/hd25/kingdom2/yasui/libys/battlereport.cpp
001d98a0	_ZN2YS13BATTLE_REPORT15IsFMSecretMovieEv	sim-high	1	0	bool	YS::BATTLE_REPORT::IsFMSecretMovie() [DWARF: static -- no implicit `this`, do NOT add a leading self/object-pointer argument]	C:/hd25/kingdom2/yasui/libys/battlereport.cpp
001d9d00	_ZN2YS6JIGSAW4InitEv	high	1	0		YS::JIGSAW::Init() [DWARF: static -- no implicit `this`, do NOT add a leading self/object-pointer argument]	C:/hd25/kingdom2/yasui/libys/jigsaw.cpp
001d9d28	_ZNK2YS6JIGSAW3getEv	med	0	1		YS::JIGSAW::get(const YS::JIGSAW *)	C:/hd25/kingdom2/yasui/libys/jigsaw.cpp
001d9dd0	_ZN2YS6JIGSAW8GetTableEiii	sim-med	1	3	const YS::JIGSAW *	YS::JIGSAW::GetTable(int, int, int) [DWARF: static -- no implicit `this`, do NOT add a leading self/object-pointer argument]	C:/hd25/kingdom2/yasui/libys/jigsaw.cpp
001d9e30	_ZN2YS6JIGSAW4EachEPKS0_	med	1	1	const YS::JIGSAW *	YS::JIGSAW::Each(const YS::JIGSAW *) [DWARF: static -- no implicit `this`, do NOT add a leading self/object-pointer argument]	C:/hd25/kingdom2/yasui/libys/jigsaw.cpp
001d9ef0	_ZN2YS11JIGSAWPIECEC1EPKNS_8OBJENTRYERKN2kn7FVectorEf	sim-med	0	4		YS::JIGSAWPIECE::JIGSAWPIECE(YS::JIGSAWPIECE *, const YS::OBJENTRY *, const kn::FVector &, float)	C:/hd25/kingdom2/yasui/libys/jigsawpiece.cpp
001d9f30	_ZN2YS11JIGSAWPIECE15_OVR_initializeEv	sim-med	0	1		YS::JIGSAWPIECE::_OVR_initialize(YS::JIGSAWPIECE *)	C:/hd25/kingdom2/yasui/libys/jigsawpiece.cpp
001da158	_ZN2YS3OBJ6VTABLEINS_11JIGSAWPIECEEE9leave_reqEPS0_	sim-high	0	2		YS::OBJ::VTABLE<YS::JIGSAWPIECE>::leave_req(YS::OBJ::VTABLE<YS::JIGSAWPIECE> *, YS::OBJ *)	C:/hd25/kingdom2/yasui/../yasui/libys/obj.h
001daef8	_ZN2YS4ZONEC1EPKNS_14UNIT_DATA_ZONEE	sim-rerun-med	0	2		YS::ZONE::ZONE(YS::ZONE *, const YS::UNIT_DATA_ZONE *)	C:/hd25/kingdom2/yasui/libys/zone.cpp
001db250	_ZNK2YS4ZONE7is_jumpEi	sim-med	0	2	bool	YS::ZONE::is_jump(const YS::ZONE *, int)	C:/hd25/kingdom2/yasui/libys/zone.cpp
001db298	_ZNK2YS8ZONE_BOX5is_inERN2kn7FVectorE	sim-vt-med	0	2	bool	YS::ZONE_BOX::is_in(const YS::ZONE_BOX *, kn::FVector &)	C:/hd25/kingdom2/yasui/libys/zone.cpp
001db440	_ZN2YS4ZONE6CreateEPKNS_14UNIT_DATA_ZONEE	sim-high	1	1	YS::ZONE *	YS::ZONE::Create(const YS::UNIT_DATA_ZONE *) [DWARF: static -- no implicit `this`, do NOT add a leading self/object-pointer argument]	C:/hd25/kingdom2/yasui/libys/zone.cpp
001db5a8	_ZN2YS10ENEMYPARAM3GetEi	sim-sib-med	1	1	const YS::ENEMYPARAM *	YS::ENEMYPARAM::Get(int) [DWARF: static -- no implicit `this`, do NOT add a leading self/object-pointer argument]	C:/hd25/kingdom2/yasui/libys/enemyparam.cpp
001db7d0	_ZN2YS9SIZEBLOCKD1Ev	sim-sib-med	0	1		YS::SIZEBLOCK::~SIZEBLOCK(YS::SIZEBLOCK *)	C:/hd25/kingdom2/yasui/libys/sizeblock.cpp
001db888	_ZN2YS9SIZEBLOCK5allocEjPv	sim-sib-high	0	3	void *	YS::SIZEBLOCK::alloc(YS::SIZEBLOCK *, size_t, void *)	C:/hd25/kingdom2/yasui/libys/sizeblock.cpp
001db9a8	_ZN2YS8CROWDOBJ6CreateEPKNS_8OBJENTRYEii	sim-med	1	3	YS::CROWDOBJ *	YS::CROWDOBJ::Create(const YS::OBJENTRY *, int, int) [DWARF: static -- no implicit `this`, do NOT add a leading self/object-pointer argument]	C:/hd25/kingdom2/yasui/libys/crowdobj.cpp
001dba18	_ZN2YS8CROWDOBJ6SearchEPKNS_8OBJENTRYE	sim-med	1	1	YS::CROWDOBJ *	YS::CROWDOBJ::Search(const YS::OBJENTRY *) [DWARF: static -- no implicit `this`, do NOT add a leading self/object-pointer argument]	C:/hd25/kingdom2/yasui/libys/crowdobj.cpp
001dba88	_ZN2YS8CROWDOBJ9inc_childEv	sim-rerun-med	0	1		YS::CROWDOBJ::inc_child(YS::CROWDOBJ *)	C:/hd25/kingdom2/yasui/libys/crowdobj.cpp
001dba98	_ZN2YS8CROWDOBJ9dec_childEv	sim-rerun-med	0	1		YS::CROWDOBJ::dec_child(YS::CROWDOBJ *)	C:/hd25/kingdom2/yasui/libys/crowdobj.cpp
001dbad0	_ZN2YS8CROWDOBJ9_OVR_execEv	sim-high	0	1		YS::CROWDOBJ::_OVR_exec(YS::CROWDOBJ *)	C:/hd25/kingdom2/yasui/libys/crowdobj.cpp
001dbb38	_ZN2YS8CROWDOBJ13LeaveSomebodyEv	sim-med	1	0		YS::CROWDOBJ::LeaveSomebody() [DWARF: static -- no implicit `this`, do NOT add a leading self/object-pointer argument]	C:/hd25/kingdom2/yasui/libys/crowdobj.cpp
001dbc58	_ZN2YS11CROWDEFFECTC1EPNS_10MASSEFFECT7MANAGERERKN2kn7FVectorEPKNS0_5PARAME	sim-med	0	4		YS::CROWDEFFECT::CROWDEFFECT(YS::CROWDEFFECT *, YS::MASSEFFECT::MANAGER *, const kn::FVector &, const YS::CROWDEFFECT::PARAM *)	C:/hd25/kingdom2/yasui/libys/crowdeffect.cpp
001dbcd0	_ZN2YS11CROWDEFFECT7PreExecEv	sim-med	1	0		YS::CROWDEFFECT::PreExec() [DWARF: static -- no implicit `this`, do NOT add a leading self/object-pointer argument]	C:/hd25/kingdom2/yasui/libys/crowdeffect.cpp
001dbd68	_ZN2YS11CROWDEFFECT10is_cullingEv	sim-med	0	1	bool	YS::CROWDEFFECT::is_culling(YS::CROWDEFFECT *)	C:/hd25/kingdom2/yasui/libys/crowdeffect.cpp
001dc018	_ZN3ryj11EFFECT_DATA9no_searchEjRPvRj	sim-med	0	4	bool	ryj::EFFECT_DATA::no_search(ryj::EFFECT_DATA *, u_int, void *&, u_int &)	C:/hd25/kingdom2/rikeda/effect.cpp
001dc070	_ZN3ryj11EFFECT_DATA9idx_to_noEi	sim-sib-med	0	2	int	ryj::EFFECT_DATA::idx_to_no(ryj::EFFECT_DATA *, int)	C:/hd25/kingdom2/rikeda/effect.cpp
001dc098	_ZN3ryj11EFFECT_DATA5ShiftEPvS1_	sim-med	1	2		ryj::EFFECT_DATA::Shift(void *, void *) [DWARF: static -- no implicit `this`, do NOT add a leading self/object-pointer argument]	C:/hd25/kingdom2/rikeda/effect.cpp
001dc2f8	_ZN3ryj6EFFECTD1Ev	sim-med	0	1		ryj::EFFECT::~EFFECT(ryj::EFFECT *)	C:/hd25/kingdom2/rikeda/effect.cpp
001dc558	_ZN3ryj6EFFECT5startEf	high	0	2	bool	ryj::EFFECT::start(ryj::EFFECT *, float)	C:/hd25/kingdom2/rikeda/effect.cpp
001dc8c8	_ZN3ryj6EFFECT12fadeout_freeEf	high	0	2		ryj::EFFECT::fadeout_free(ryj::EFFECT *, float)	C:/hd25/kingdom2/rikeda/effect.cpp
001dca30	_ZN3ryj6EFFECT17set_reference_posEPN2kn7FVectorEi	sim-rerun-high	0	3		ryj::EFFECT::set_reference_pos(ryj::EFFECT *, kn::FVector *, int)	C:/hd25/kingdom2/rikeda/effect.cpp
001dca50	_ZN3ryj6EFFECT20set_reference_matrixEPN2kn7FMatrixEi	sim-rerun-med	0	3		ryj::EFFECT::set_reference_matrix(ryj::EFFECT *, kn::FMatrix *, int)	C:/hd25/kingdom2/rikeda/effect.cpp
001dcae0	_ZN3ryj6EFFECT4fadeEv	med	0	1		ryj::EFFECT::fade(ryj::EFFECT *)	C:/hd25/kingdom2/rikeda/effect.cpp
001dcb98	_ZN3ryj6EFFECT9set_colorERKN2YS5COLORE	med	0	2		ryj::EFFECT::set_color(ryj::EFFECT *, const YS::COLOR &)	C:/hd25/kingdom2/rikeda/effect.cpp
001dcc18	_ZN3ryj6EFFECT14set_draw_firstEj	sim-med	0	2		ryj::EFFECT::set_draw_first(ryj::EFFECT *, u_int)	C:/hd25/kingdom2/rikeda/effect.cpp
001dcc60	_ZN3ryj6EFFECT7is_drawEv	med	0	1	bool	ryj::EFFECT::is_draw(ryj::EFFECT *)	C:/hd25/kingdom2/rikeda/effect.cpp
001dcd58	_ZN3ryj6EFFECT15TexCommonLoadedEv	med	1	0		ryj::EFFECT::TexCommonLoaded() [DWARF: static -- no implicit `this`, do NOT add a leading self/object-pointer argument]	C:/hd25/kingdom2/rikeda/effect.cpp
001dcfb0	_ZN3ryj6EFFECT4FreeEj	sim-med	1	1		ryj::EFFECT::Free(u_int) [DWARF: static -- no implicit `this`, do NOT add a leading self/object-pointer argument]	C:/hd25/kingdom2/rikeda/effect.cpp
001dd1b0	_ZN3ryj6EFFECT11SetFogRangeEff	sim-rerun-high	1	2		ryj::EFFECT::SetFogRange(float, float) [DWARF: static -- no implicit `this`, do NOT add a leading self/object-pointer argument]	C:/hd25/kingdom2/rikeda/effect.cpp
001dd1c8	_ZN3ryj6EFFECT11SetFogColorEhhh	sim-rerun-high	1	3		ryj::EFFECT::SetFogColor(u_char, u_char, u_char) [DWARF: static -- no implicit `this`, do NOT add a leading self/object-pointer argument]	C:/hd25/kingdom2/rikeda/effect.cpp
001dd1e8	_ZN3ryj6EFFECT11SetFogClampEhh	sim-rerun-high	1	2		ryj::EFFECT::SetFogClamp(u_char, u_char) [DWARF: static -- no implicit `this`, do NOT add a leading self/object-pointer argument]	C:/hd25/kingdom2/rikeda/effect.cpp
001dd208	_ZN3ryj6EFFECT10MonochromeEb	med	1	1		ryj::EFFECT::Monochrome(bool) [DWARF: static -- no implicit `this`, do NOT add a leading self/object-pointer argument]	C:/hd25/kingdom2/rikeda/effect.cpp
001dd2b8	_ZN3ryj6EFFECT8CalcTaskEP4TASK	med	1	1		ryj::EFFECT::CalcTask(TASK *) [DWARF: static -- no implicit `this`, do NOT add a leading self/object-pointer argument]	C:/hd25/kingdom2/rikeda/effect.cpp
001dd320	_ZN3ryj6EFFECT4CalcERN2kn10ProjectionERNS1_6CameraEb	med	1	3		ryj::EFFECT::Calc(kn::Projection &, kn::Camera &, bool) [DWARF: static -- no implicit `this`, do NOT add a leading self/object-pointer argument]	C:/hd25/kingdom2/rikeda/effect.cpp
001dd6a0	_ZN3ryj6EFFECT10SortEffectEv	high	1	0		ryj::EFFECT::SortEffect() [DWARF: static -- no implicit `this`, do NOT add a leading self/object-pointer argument]	C:/hd25/kingdom2/rikeda/effect.cpp
001dd920	_ZN3ryj6EFFECT8DrawTaskEP4TASK	med	1	1		ryj::EFFECT::DrawTask(TASK *) [DWARF: static -- no implicit `this`, do NOT add a leading self/object-pointer argument]	C:/hd25/kingdom2/rikeda/effect.cpp
001dda78	_ZN3ryj6EFFECT11DestroyTaskEP4TASK	med	1	1		ryj::EFFECT::DestroyTask(TASK *) [DWARF: static -- no implicit `this`, do NOT add a leading self/object-pointer argument]	C:/hd25/kingdom2/rikeda/effect.cpp
001ddb30	_ZN3ryj6EFFECT20DestroyTaskFinalizerEP4TASK	med	1	1		ryj::EFFECT::DestroyTaskFinalizer(TASK *) [DWARF: static -- no implicit `this`, do NOT add a leading self/object-pointer argument]	C:/hd25/kingdom2/rikeda/effect.cpp
001ddb58	_ZN3ryj6EFFECT8StopTaskEv	med	1	0		ryj::EFFECT::StopTask() [DWARF: static -- no implicit `this`, do NOT add a leading self/object-pointer argument]	C:/hd25/kingdom2/rikeda/effect.cpp
001ddb68	_ZN3ryj6EFFECT9StartTaskEv	med	1	0		ryj::EFFECT::StartTask() [DWARF: static -- no implicit `this`, do NOT add a leading self/object-pointer argument]	C:/hd25/kingdom2/rikeda/effect.cpp
001ddd88	_ZN3ryj3PAXD1Ev	med	0	1		ryj::PAX::~PAX(ryj::PAX *)	C:/hd25/kingdom2/rikeda/pax.cpp
001dddd0	_ZN3ryj3PAX4initEPv	high	0	2		ryj::PAX::init(ryj::PAX *, void *)	C:/hd25/kingdom2/rikeda/pax.cpp
001dde40	_ZN3ryj3PAX6ensureEv	high	0	1		ryj::PAX::ensure(ryj::PAX *)	C:/hd25/kingdom2/rikeda/pax.cpp
001ddef0	_ZN3ryj3PAX6createEPNS0_4ELEMEiiiPv	med	0	6	ryj::EFFECT *	ryj::PAX::create(ryj::PAX *, ryj::PAX::ELEM *, int, int, int, void *)	C:/hd25/kingdom2/rikeda/pax.cpp
001de0a0	_ZN3ryj3PAX6createEPNS0_4ELEMEiiiPNS0_14USER_BIND_ARGSE	med	0	6	ryj::EFFECT *	ryj::PAX::create(ryj::PAX *, ryj::PAX::ELEM *, int, int, int, ryj::PAX::USER_BIND_ARGS *)	C:/hd25/kingdom2/rikeda/pax.cpp
001de168	_ZN3ryj3PAX5startEiiiiPv	high	0	6	ryj::EFFECT *	ryj::PAX::start(ryj::PAX *, int, int, int, int, void *)	C:/hd25/kingdom2/rikeda/pax.cpp
001de1c0	_ZN3ryj3PAX5startEiPNS0_14USER_BIND_ARGSEiii	med	0	6	ryj::EFFECT *	ryj::PAX::start(ryj::PAX *, int, ryj::PAX::USER_BIND_ARGS *, int, int, int)	C:/hd25/kingdom2/rikeda/pax.cpp
001de228	_ZN3ryj3PAX11start_groupEiiiiPv	high	0	6		ryj::PAX::start_group(ryj::PAX *, int, int, int, int, void *)	C:/hd25/kingdom2/rikeda/pax.cpp
001de3d8	_ZN3ryj3PAX10kill_groupEi	med	0	2		ryj::PAX::kill_group(ryj::PAX *, int)	C:/hd25/kingdom2/rikeda/pax.cpp
001de450	_ZN3ryj3PAX8kill_allEv	med	0	1		ryj::PAX::kill_all(ryj::PAX *)	C:/hd25/kingdom2/rikeda/pax.cpp
001de4b0	_ZN3ryj3PAX10each_groupEiPNS_6EFFECTE	med	0	3	ryj::EFFECT *	ryj::PAX::each_group(ryj::PAX *, int, ryj::EFFECT *)	C:/hd25/kingdom2/rikeda/pax.cpp
001de710	_ZN3ryj3PAX18WatchTaskFinalizerEP4TASK	med	1	1		ryj::PAX::WatchTaskFinalizer(TASK *) [DWARF: static -- no implicit `this`, do NOT add a leading self/object-pointer argument]	C:/hd25/kingdom2/rikeda/pax.cpp
001de750	_ZN3ryj3PAX5ShiftEPvS1_	sim-med	1	2		ryj::PAX::Shift(void *, void *) [DWARF: static -- no implicit `this`, do NOT add a leading self/object-pointer argument]	C:/hd25/kingdom2/rikeda/pax.cpp
001de770	_ZN3ryj3PAX5SetupEPv	sim-med	1	1		ryj::PAX::Setup(void *) [DWARF: static -- no implicit `this`, do NOT add a leading self/object-pointer argument]	C:/hd25/kingdom2/rikeda/pax.cpp
001de7b0	_ZN3ryj3PAX11ReadRequestEb	med	1	1		ryj::PAX::ReadRequest(bool) [DWARF: static -- no implicit `this`, do NOT add a leading self/object-pointer argument]	C:/hd25/kingdom2/rikeda/pax.cpp
001de7d8	_ZN3ryj3PAX4InitEP9ALLOCATORii	med	1	3		ryj::PAX::Init(ALLOCATOR *, int, int) [DWARF: static -- no implicit `this`, do NOT add a leading self/object-pointer argument]	C:/hd25/kingdom2/rikeda/pax.cpp
001de808	_ZN3ryj3PAX9TaskStartEv	high	1	0		ryj::PAX::TaskStart() [DWARF: static -- no implicit `this`, do NOT add a leading self/object-pointer argument]	C:/hd25/kingdom2/rikeda/pax.cpp
001de910	_ZN3ryj3PAX6EnsureEv	med	1	0		ryj::PAX::Ensure() [DWARF: static -- no implicit `this`, do NOT add a leading self/object-pointer argument]	C:/hd25/kingdom2/rikeda/pax.cpp
001dea80	_ZN3ryj3PAX7MANAGERC1EPNS_6EFFECTEPNS0_4ELEMEPvf	sim-med	0	5		ryj::PAX::MANAGER::MANAGER(ryj::PAX::MANAGER *, ryj::EFFECT *, ryj::PAX::ELEM *, void *, float)	C:/hd25/kingdom2/rikeda/pax.cpp
001dec78	_ZN3ryj3PAX7MANAGERC1EPNS_6EFFECTEPNS0_4ELEMEPNS0_14USER_BIND_ARGSEf	sim-high	0	5		ryj::PAX::MANAGER::MANAGER(ryj::PAX::MANAGER *, ryj::EFFECT *, ryj::PAX::ELEM *, ryj::PAX::USER_BIND_ARGS *, float)	C:/hd25/kingdom2/rikeda/pax.cpp
001dee88	_ZN3ryj3PAX7MANAGER4bindEv	sim-high	0	1		ryj::PAX::MANAGER::bind(ryj::PAX::MANAGER *)	C:/hd25/kingdom2/rikeda/pax.cpp
001df2c0	_ZN3ryj3PAX7MANAGER11bind_cameraEv	med	0	1		ryj::PAX::MANAGER::bind_camera(ryj::PAX::MANAGER *)	C:/hd25/kingdom2/rikeda/pax.cpp
001df670	_ZN3ryj3PAX7MANAGER12get_obj_dataEv	high	0	1		ryj::PAX::MANAGER::get_obj_data(ryj::PAX::MANAGER *)	C:/hd25/kingdom2/rikeda/pax.cpp
001df9c8	_ZN3ryj3PAX7MANAGER13system_deleteEv	sim-high	0	1		ryj::PAX::MANAGER::system_delete(ryj::PAX::MANAGER *)	C:/hd25/kingdom2/rikeda/pax.cpp
001dfa38	_ZN3ryj3PAX7MANAGER4execEv	med	0	1		ryj::PAX::MANAGER::exec(ryj::PAX::MANAGER *)	C:/hd25/kingdom2/rikeda/pax.cpp
001dfca8	_ZN3ryj3PAX7MANAGER13set_obj_colorEb	med	0	2		ryj::PAX::MANAGER::set_obj_color(ryj::PAX::MANAGER *, bool)	C:/hd25/kingdom2/rikeda/pax.cpp
001dfdb8	_ZN3ryj3PAX7MANAGER12set_obj_fadeEv	med	0	1		ryj::PAX::MANAGER::set_obj_fade(ryj::PAX::MANAGER *)	C:/hd25/kingdom2/rikeda/pax.cpp
001dfe88	_ZN3ryj3PAX7MANAGER12set_bg_colorEb	med	0	2		ryj::PAX::MANAGER::set_bg_color(ryj::PAX::MANAGER *, bool)	C:/hd25/kingdom2/rikeda/pax.cpp
001dffd8	_ZN3ryj3PAX7MANAGER15bind_effect_offEv	sim-med	0	1	bool	ryj::PAX::MANAGER::bind_effect_off(ryj::PAX::MANAGER *)	C:/hd25/kingdom2/rikeda/pax.cpp
001e0058	_ZN3ryj3PAX5watchEv	sim-med	0	1		ryj::PAX::watch(ryj::PAX *)	C:/hd25/kingdom2/rikeda/pax.cpp
001e0230	_ZN3ryj3PAX6RebindEPvS1_	med	1	2		ryj::PAX::Rebind(void *, void *) [DWARF: static -- no implicit `this`, do NOT add a leading self/object-pointer argument]	C:/hd25/kingdom2/rikeda/pax.cpp
001e02b8	_ZN3ryj3PAX8get_elemEi	sim-med	0	2	const ryj::PAX::ELEM *	ryj::PAX::get_elem(ryj::PAX *, int)	C:/hd25/kingdom2/rikeda/pax.cpp
001e06b8	_ZN3ryj5SHAKE4InitEv	high	1	0		ryj::SHAKE::Init() [DWARF: static -- no implicit `this`, do NOT add a leading self/object-pointer argument]	C:/hd25/kingdom2/rikeda/shake.cpp
001e09d0	_ZN3ryj18SAVERAM_GUMIBATTLE25get_all_treasure_completeEv	sim-med	0	1	float	ryj::SAVERAM_GUMIBATTLE::get_all_treasure_complete(ryj::SAVERAM_GUMIBATTLE *)	C:/hd25/kingdom2/rikeda/saveram_gumibattle.cpp
001e0bac	_ZN3ryj39trap_special_last_xemnus_laser_optimizeEP8BD_VALUE	sim-gap-med	1	1		ryj::trap_special_last_xemnus_laser_optimize(BD_VALUE *) [DWARF: static -- no implicit `this`, do NOT add a leading self/object-pointer argument]	C:/hd25/kingdom2/rikeda/trapfield.cpp
001e0bc4	_ZN3ryj43trap_special_last_xemnus_laser_optimize_endEP8BD_VALUE	sim-gap-med	1	1		ryj::trap_special_last_xemnus_laser_optimize_end(BD_VALUE *) [DWARF: static -- no implicit `this`, do NOT add a leading self/object-pointer argument]	C:/hd25/kingdom2/rikeda/trapfield.cpp
001e0e50	_ZN3ryj5LASER6attackEv	sim-high	0	1		ryj::LASER::attack(ryj::LASER *)	C:/hd25/kingdom2/rikeda/last_xemnus_laser.cpp
001e1070	_ZN3ryj5LASER6strikeEPN2YS6BTLOBJE	sim-high	0	2		ryj::LASER::strike(ryj::LASER *, YS::BTLOBJ *)	C:/hd25/kingdom2/rikeda/last_xemnus_laser.cpp
001e1350	_ZN3ryj5LASER13check_obj_hitEPN2YS6BTLOBJE	sim-high	0	2	bool	ryj::LASER::check_obj_hit(ryj::LASER *, YS::BTLOBJ *)	C:/hd25/kingdom2/rikeda/last_xemnus_laser.cpp
001e1500	_ZN3ryj5LASER4moveEv	sim-rerun-med	0	1		ryj::LASER::move(ryj::LASER *)	C:/hd25/kingdom2/rikeda/last_xemnus_laser.cpp
001e15a8	_ZN3ryj5LASER4execEv	sim-med	0	1		ryj::LASER::exec(ryj::LASER *)	C:/hd25/kingdom2/rikeda/last_xemnus_laser.cpp
001e17b8	_ZN3ryj17LAST_XEMNUS_LASER4initEv	sim-high	0	1		ryj::LAST_XEMNUS_LASER::init(ryj::LAST_XEMNUS_LASER *)	C:/hd25/kingdom2/rikeda/last_xemnus_laser.cpp
001e18d8	_ZN3ryj17LAST_XEMNUS_LASER17ExecTaskFinalizerEP4TASK	sim-high	1	1		ryj::LAST_XEMNUS_LASER::ExecTaskFinalizer(TASK *) [DWARF: static -- no implicit `this`, do NOT add a leading self/object-pointer argument]	C:/hd25/kingdom2/rikeda/last_xemnus_laser.cpp
001e1988	_ZN3ryj17LAST_XEMNUS_LASER5setupEv	sim-high	0	1		ryj::LAST_XEMNUS_LASER::setup(ryj::LAST_XEMNUS_LASER *)	C:/hd25/kingdom2/rikeda/last_xemnus_laser.cpp
001e2788	_ZN3ryj17LAST_XEMNUS_LASERC1Ev	sim-high	0	1		ryj::LAST_XEMNUS_LASER::LAST_XEMNUS_LASER(ryj::LAST_XEMNUS_LASER *)	C:/hd25/kingdom2/rikeda/last_xemnus_laser.cpp
001e2938	_ZN3ryj17LAST_XEMNUS_LASER8ExecTaskEP4TASK	sim-med	1	1		ryj::LAST_XEMNUS_LASER::ExecTask(TASK *) [DWARF: static -- no implicit `this`, do NOT add a leading self/object-pointer argument]	C:/hd25/kingdom2/rikeda/last_xemnus_laser.cpp
001e29e0	_ZN3ryj17LAST_XEMNUS_LASER5StartEPN2YS6BTLOBJE	sim-high	1	1		ryj::LAST_XEMNUS_LASER::Start(YS::BTLOBJ *) [DWARF: static -- no implicit `this`, do NOT add a leading self/object-pointer argument]	C:/hd25/kingdom2/rikeda/last_xemnus_laser.cpp
001e2a50	_ZN3ryj17LAST_XEMNUS_LASER8OptimizeEv	sim-med	1	0		ryj::LAST_XEMNUS_LASER::Optimize() [DWARF: static -- no implicit `this`, do NOT add a leading self/object-pointer argument]	C:/hd25/kingdom2/rikeda/last_xemnus_laser.cpp
001e2c80	_Z10pppLoopEndPv	high	0	1		pppLoopEnd(void *)	C:/hd25/kingdom2/rikeda/libppp2/partMng.cpp
001e3330	_Z8pppSetUpPv	sim-med	0	1		pppSetUp(void *)	C:/hd25/kingdom2/rikeda/libppp2/partMng.cpp
001e3590	_Z14pppIsDrawFirstPv	med	0	1	int	pppIsDrawFirst(void *)	C:/hd25/kingdom2/rikeda/libppp2/partMng.cpp
001e35f0	_Z13pppIsDrawLastPv	med	0	1	int	pppIsDrawLast(void *)	C:/hd25/kingdom2/rikeda/libppp2/partMng.cpp
001e3690	_Z11pppGetPdataP9_pppMngSt	sim-med	0	1	char *	pppGetPdata(pppMngSt *)	C:/hd25/kingdom2/rikeda/libppp2/partMng.cpp
001e4320	_Z27dpd_set_monochrome_rsd_dataPi	sim-med	0	1	int *	dpd_set_monochrome_rsd_data(int *)	C:/hd25/kingdom2/rikeda/libppp2/partMng.cpp
001e4e18	_Z10pppInitDpdPc	sim-med	0	1		pppInitDpd(char *)	C:/hd25/kingdom2/rikeda/libppp2/partMng.cpp
001e6188	_Z19pppPrintPerformancev	med	0	0	char *	pppPrintPerformance()	C:/hd25/kingdom2/rikeda/libppp2/partMng.cpp
001e6688	_Z16pppPartDrawReadyv	med	0	0		pppPartDrawReady()	C:/hd25/kingdom2/rikeda/libppp2/partMng.cpp
001e66e8	_Z11pppPartDrawP9_pppMngSt	sim-high	0	1	int	pppPartDraw(pppMngSt *)	C:/hd25/kingdom2/rikeda/libppp2/partMng.cpp
001e6c00	_Z12pppDeleteMngPv	high	0	1		pppDeleteMng(void *)	C:/hd25/kingdom2/rikeda/libppp2/partMng.cpp
001e6c40	_Z15pppStartPartMngPvS_jif	sim-med	0	5	int	pppStartPartMng(void *, void *, u_int, int, float)	C:/hd25/kingdom2/rikeda/libppp2/partMng.cpp
001e6cd0	_Z16pppPartMngGetPosPv	med	0	1	FVECTOR *	pppPartMngGetPos(void *)	C:/hd25/kingdom2/rikeda/libppp2/partMng.cpp
001e6cd8	_Z16pppPartMngGetSclPv	med	0	1	FVECTOR *	pppPartMngGetScl(void *)	C:/hd25/kingdom2/rikeda/libppp2/partMng.cpp
001e6ce8	_Z16pppPartMngGetAngPv	med	0	1	FVECTOR *	pppPartMngGetAng(void *)	C:/hd25/kingdom2/rikeda/libppp2/partMng.cpp
001e6cf8	_Z16pppPartMngGetColPv	med	0	1	FVECTOR *	pppPartMngGetCol(void *)	C:/hd25/kingdom2/rikeda/libppp2/partMng.cpp
001e6d08	_Z19pppPartMngIsWaitingPv	med	0	1	int	pppPartMngIsWaiting(void *)	C:/hd25/kingdom2/rikeda/libppp2/partMng.cpp
001e6ed8	_Z16pppSetPartMatrixPA4_fS0_PfS1_	med	0	4		pppSetPartMatrix(FLOAT (*)[4], FLOAT (*)[4], FLOAT *, FLOAT *)	C:/hd25/kingdom2/rikeda/libppp2/partMng.cpp
001e7018	_Z14pppSetFogParamff	sim-rerun-med	0	2		pppSetFogParam(float, float)	C:/hd25/kingdom2/rikeda/libppp2/partMng.cpp
001e7030	_Z14pppSetFogColorhhh	sim-rerun-med	0	3		pppSetFogColor(u_char, u_char, u_char)	C:/hd25/kingdom2/rikeda/libppp2/partMng.cpp
001e7050	_Z14pppSetFogClamphh	sim-rerun-med	0	2		pppSetFogClamp(u_char, u_char)	C:/hd25/kingdom2/rikeda/libppp2/partMng.cpp
001e7070	_Z18pppSetReferencePosPvi	sim-sandwich	0	2		pppSetReferencePos(void *, int)	C:/hd25/kingdom2/rikeda/libppp2/partMng.cpp
001e7088	_Z21pppSetReferenceMatrixPvi	sim-sandwich	0	2		pppSetReferenceMatrix(void *, int)	C:/hd25/kingdom2/rikeda/libppp2/partMng.cpp
001e70a0	_Z16pppSetMonochromei	med	0	1		pppSetMonochrome(int)	C:/hd25/kingdom2/rikeda/libppp2/partMng.cpp
001e7230	_Z11pppMemClearPvi	sim-med	0	2		pppMemClear(void *, int)	C:/hd25/kingdom2/rikeda/libppp2/partMng.cpp
001e7650	_Z13pppCreateHeapP9pppMemMngPN3Axa5QWORDEj	sim-sib-med	0	3		pppCreateHeap(pppMemMng *, Axa::QWORD *, u_word)	C:/hd25/riCommon/pppAlloc.cpp
001e7698	_Z8pppAllocP9pppMemMngj	sim-rerun2-high	0	2	void *	pppAlloc(pppMemMng *, u_word)	C:/hd25/riCommon/pppAlloc.cpp
001e7798	_Z7pppFreeP9pppMemMngPv	sim-rerun-high	0	2		pppFree(pppMemMng *, void *)	C:/hd25/riCommon/pppAlloc.cpp
001e7a98	_Z16pppCreatePObjectP9_pppMngStP12_pppPDataVal	sim-med	0	2	pppPObject *	pppCreatePObject(pppMngSt *, pppPDataVal *)	C:/hd25/riCommon/pppPart.cpp
001e7be0	_Z17pppAllFreePObjectP9_pppMngSt	sim-med	0	1		pppAllFreePObject(pppMngSt *)	C:/hd25/riCommon/pppPart.cpp
001e8048	_Z12pppStartPartP9_pppMngStPxi	sim-med	0	3		pppStartPart(pppMngSt *, LONGLONG *, BOOL)	C:/hd25/riCommon/pppPart.cpp
001e8180	_Z10pppInitPdtPxP7pppProg	sim-med	0	2		pppInitPdt(LONGLONG *, pppProg *)	C:/hd25/riCommon/pppPart.cpp
001e8288	_Z10pppMovePdtPxi	sim-med	0	2		pppMovePdt(LONGLONG *, int)	C:/hd25/riCommon/pppPart.cpp
001e8330	_Z14pppRunPartDrawP9_pppMngSti	sim-med	0	2		pppRunPartDraw(pppMngSt *, BOOL)	C:/hd25/riCommon/pppPart.cpp
001e8ac8	_Z14pppRunPartExecP9_pppMngSt	sim-med	0	1		pppRunPartExec(pppMngSt *)	C:/hd25/riCommon/pppPart.cpp
001e8d38	_Z10pppRunPartP9_pppMngSti	sim-med	0	2	BOOL	pppRunPart(pppMngSt *, BOOL)	C:/hd25/riCommon/pppPart.cpp
001e8fe0	_Z18pppGetRotMatrixXYZPA4_fP10pppIVECTOR	sim-sib-med	0	2		pppGetRotMatrixXYZ(FLOAT (*)[4], pppIVECTOR *)	C:/hd25/riCommon/pppGetRotMatrixXYZ.cpp
001e9c28	pppVertexAttend	sim-med	0	3		pppVertexAttend(pppPObject *, PVertexAttend *, pppCtrlTable *)	C:/hd25/riCommon/pppVertexAttend.cpp
001e9d48	_Z4apeaP11_pppPObjectP9PVertexApP10pppSVECTOR	sim-high	0	3		apea(pppPObject *, PVertexAp *, pppSVECTOR *)	C:/hd25/riCommon/pppVertexAp.cpp
001e9e48	pppVertexAp	sim-high	0	3		pppVertexAp(pppPObject *, PVertexAp *, pppCtrlTable *)	C:/hd25/riCommon/pppVertexAp.cpp
001ea100	pppVertexApLc	sim-high	0	3		pppVertexApLc(pppPObject *, PVertexApLc *, pppCtrlTable *)	C:/hd25/riCommon/pppVertexApLc.cpp
001ea6c0	pppVtMime	sim-rerun2-med	0	3		pppVtMime(pppPObject *, PVtMime *, pppCtrlTable *)	C:/hd25/riCommon/pppVtMime.cpp
001ea758	pppDrawVtMime	sim-rerun2-med	0	3		pppDrawVtMime(pppPObject *, PVtMime *, pppCtrlTable *)	C:/hd25/riCommon/pppVtMime.cpp
001eb000	pppParMatrix	sim-med	0	3		pppParMatrix(pppPObject *, PParMatrix *, pppCtrlTable *)	C:/hd25/riCommon/pppParMatrix.cpp
001ebcf0	pppPointAp	sim-med	0	3		pppPointAp(pppPObject *, PPointAp *, pppCtrlTable *)	C:/hd25/riCommon/pppPointAp.cpp
001ebe40	pppPointRAp	sim-med	0	3		pppPointRAp(pppPObject *, PPointRAp *, pppCtrlTable *)	C:/hd25/riCommon/pppPointRAp.cpp
001f1870	_Z6get_stP14PEiDrawShipolyPfS1_S1_S1_	sim-rerun2-med	0	5		get_st(PEiDrawShipoly *, float *, float *, float *, float *)	C:/hd25/riCommon/pppEiDrawShipoly.cpp
001f1978	drawShipoly	sim-rerun2-high	0	5		drawShipoly(pppModelSt *, PEiDrawShipoly *, VEiDrawShipoly *, VColor *, FLOAT (*)[256][4])	C:/hd25/riCommon/pppEiDrawShipoly.cpp
001f25d0	drawDistShipoly	sim-rerun2-high	0	4		drawDistShipoly(PEiDrawShipoly *, VEiDrawShipoly *, VColor *, FLOAT (*)[256][4])	C:/hd25/riCommon/pppEiDrawShipoly.cpp
001f2f74	pppEiDrawDrawShipoly	sim-rerun2-high	0	3		pppEiDrawDrawShipoly(pppPObject *, PEiDrawShipoly *, pppCtrlTable *)	C:/hd25/riCommon/pppEiDrawShipoly.cpp
001f3ab8	pppEiDrawShipoly	sim-rerun2-high	0	3		pppEiDrawShipoly(pppPObject *, PEiDrawShipoly *, pppCtrlTable *)	C:/hd25/riCommon/pppEiDrawShipoly.cpp
001f45f8	pppEiDrawShipolyDes	sim-sib-high	0	2		pppEiDrawShipolyDes(pppPObject *, pppCtrlTable *)	C:/hd25/riCommon/pppEiDrawShipoly.cpp
001f4e18	pppKeThCon	sim-med	0	2		pppKeThCon(pppPObject *, pppCtrlTable *)	C:/hd25/riCommon/pppKeTh.cpp
001f5670	pppKeThSft	sim-high	0	3		pppKeThSft(pppPObject *, PKeThSft *, pppCtrlTable *)	C:/hd25/riCommon/pppKeThSft.cpp
001f59b0	pppKeBornRnd	sim-high	0	3		pppKeBornRnd(pppPObject *, PKeBornRnd *, pppCtrlTable *)	C:/hd25/riCommon/pppKeBornRnd.cpp
001f5cb0	pppKeBornRndCon	sim-sandwich	0	2		pppKeBornRndCon(pppPObject *, pppCtrlTable *)	C:/hd25/riCommon/pppKeBornRnd.cpp
001f5cc8	pppKeBornRnd2_Born	sim-high	0	3		pppKeBornRnd2_Born(pppPObject *, PKeBornRnd2 *, pppSVECTOR *)	C:/hd25/riCommon/pppKeBornRnd2.cpp
001f5df8	pppKeBornRnd2	sim-med	0	3		pppKeBornRnd2(pppPObject *, PKeBornRnd2 *, pppCtrlTable *)	C:/hd25/riCommon/pppKeBornRnd2.cpp
001f5ef8	pppKeBornRnd2Con	sim-sandwich	0	2		pppKeBornRnd2Con(pppPObject *, pppCtrlTable *)	C:/hd25/riCommon/pppKeBornRnd2.cpp
001f5f10	pppKeBornRnd3_Born	sim-sandwich	0	3		pppKeBornRnd3_Born(pppPObject *, PKeBornRnd3 *, pppSVECTOR *)	C:/hd25/riCommon/pppKeBornRnd3.cpp
001f6030	pppKeBornRnd3	sim-sandwich	0	3		pppKeBornRnd3(pppPObject *, PKeBornRnd3 *, pppCtrlTable *)	C:/hd25/riCommon/pppKeBornRnd3.cpp
001f6130	pppKeBornRnd3Con	sim-sandwich	0	2		pppKeBornRnd3Con(pppPObject *, pppCtrlTable *)	C:/hd25/riCommon/pppKeBornRnd3.cpp
001f6148	pppKeBornRnd4_Born	sim-high	0	3		pppKeBornRnd4_Born(pppPObject *, PKeBornRnd4 *, pppSVECTOR *)	C:/hd25/riCommon/pppKeBornRnd4.cpp
001f6298	pppKeBornRnd4	sim-high	0	3		pppKeBornRnd4(pppPObject *, PKeBornRnd4 *, pppCtrlTable *)	C:/hd25/riCommon/pppKeBornRnd4.cpp
001f6630	pppKeBornRnd4Con	sim-med	0	2		pppKeBornRnd4Con(pppPObject *, pppCtrlTable *)	C:/hd25/riCommon/pppKeBornRnd4.cpp
001f6648	pppKeBornRnd5_Born	sim-high	0	3		pppKeBornRnd5_Born(pppPObject *, PKeBornRnd5 *, pppSVECTOR *)	C:/hd25/riCommon/pppKeBornRnd5.cpp
001f6778	pppKeBornRnd5	sim-med	0	3		pppKeBornRnd5(pppPObject *, PKeBornRnd5 *, pppCtrlTable *)	C:/hd25/riCommon/pppKeBornRnd5.cpp
001f69c0	pppKeBornRnd6_Born	sim-med	0	3		pppKeBornRnd6_Born(pppPObject *, PKeBornRnd6 *, pppSVECTOR *)	C:/hd25/riCommon/pppKeBornRnd6.cpp
001f6b68	pppKeBornRnd6	sim-med	0	3		pppKeBornRnd6(pppPObject *, PKeBornRnd6 *, pppCtrlTable *)	C:/hd25/riCommon/pppKeBornRnd6.cpp
001f6c58	KeBornPtCmlp	sim-high	0	3		KeBornPtCmlp(pppPObject *, PKeBornPtCmpl *, pppCtrlTable *)	C:/hd25/riCommon/pppKeBornPtCmpl.cpp
001f6e38	pppKeBornPtCmpl	sim-med	0	3		pppKeBornPtCmpl(pppPObject *, PKeBornPtCmpl *, pppCtrlTable *)	C:/hd25/riCommon/pppKeBornPtCmpl.cpp
001f7e90	_Z13op_shape_drawP13tagOSHAPE_VU1P9OSHAPE_INi	sim-med	0	3	void *	op_shape_draw(OSHAPE_VU1 *, OSHAPE_IN *, int)	C:/hd25/riCommon/pppWIN.cpp
001fa610	pppKeLnsLp	sim-med	0	3		pppKeLnsLp(pppPObject *, PKeLnsLp *, pppCtrlTable *)	C:/hd25/riCommon/pppKeLns.cpp
001fa668	pppKeLnsLpDraw	sim-high	0	3		pppKeLnsLpDraw(pppPObject *, PKeLnsLp *, pppCtrlTable *)	C:/hd25/riCommon/pppKeLns.cpp
001fa750	pppKeLnsLpCon	sim-med	0	2		pppKeLnsLpCon(pppPObject *, pppCtrlTable *)	C:/hd25/riCommon/pppKeLns.cpp
001fa790	pppKeLnsLpCon2	sim-med	0	2		pppKeLnsLpCon2(pppPObject *, pppCtrlTable *)	C:/hd25/riCommon/pppKeLns.cpp
001fa7b0	pppKeLnsArnd	sim-sib-high	0	3		pppKeLnsArnd(pppPObject *, PKeLnsArnd *, pppCtrlTable *)	C:/hd25/riCommon/pppKeLns.cpp
001fa848	pppKeLnsArndDraw	sim-rerun2-med	0	3		pppKeLnsArndDraw(pppPObject *, PKeLnsArnd *, pppCtrlTable *)	C:/hd25/riCommon/pppKeLns.cpp
001fa928	pppKeLnsArndCon	sim-rerun2-med	0	2		pppKeLnsArndCon(pppPObject *, pppCtrlTable *)	C:/hd25/riCommon/pppKeLns.cpp
001fa950	pppKeLnsClm	sim-med	0	3		pppKeLnsClm(pppPObject *, PKeLnsClm *, pppCtrlTable *)	C:/hd25/riCommon/pppKeLns.cpp
001faa14	pppKeLnsClmDraw	sim-sib-high	0	3		pppKeLnsClmDraw(pppPObject *, PKeLnsClm *, pppCtrlTable *)	C:/hd25/riCommon/pppKeLns.cpp
001fab08	pppKeLnsClmCon	sim-sib-high	0	2		pppKeLnsClmCon(pppPObject *, pppCtrlTable *)	C:/hd25/riCommon/pppKeLns.cpp
001fabe0	pppKeLnsCrnDraw	sim-sib-high	0	3		pppKeLnsCrnDraw(pppPObject *, PKeLnsCrn *, pppCtrlTable *)	C:/hd25/riCommon/pppKeLns.cpp
001facd0	pppKeLnsCrnCon	sim-sib-high	0	2		pppKeLnsCrnCon(pppPObject *, pppCtrlTable *)	C:/hd25/riCommon/pppKeLns.cpp
001facf8	pppKeLnsFls	sim-sib-high	0	3		pppKeLnsFls(pppPObject *, PKeLnsFls *, pppCtrlTable *)	C:/hd25/riCommon/pppKeLns.cpp
001fad90	pppKeLnsFlsDraw	sim-sib-high	0	3		pppKeLnsFlsDraw(pppPObject *, PKeLnsFls *, pppCtrlTable *)	C:/hd25/riCommon/pppKeLns.cpp
001fae80	pppKeLnsFlsCon	sim-sib-high	0	2		pppKeLnsFlsCon(pppPObject *, pppCtrlTable *)	C:/hd25/riCommon/pppKeLns.cpp
001fb3c8	pppKeLnsLpTDraw	sim-med	0	3		pppKeLnsLpTDraw(pppPObject *, PKeLnsLpT *, pppCtrlTable *)	C:/hd25/riCommon/pppKeLns.cpp
001fb478	pppKeLnsLpTCon	sim-med	0	2		pppKeLnsLpTCon(pppPObject *, pppCtrlTable *)	C:/hd25/riCommon/pppKeLns.cpp
001fb4e0	pppKeLnsLpTCon2	sim-med	0	2		pppKeLnsLpTCon2(pppPObject *, pppCtrlTable *)	C:/hd25/riCommon/pppKeLns.cpp
001fb558	pppKeLnsArndT	sim-sib-med	0	3		pppKeLnsArndT(pppPObject *, PKeLnsArndT *, pppCtrlTable *)	C:/hd25/riCommon/pppKeLns.cpp
001fb5b8	pppKeLnsArndTDraw	sim-sib-high	0	3		pppKeLnsArndTDraw(pppPObject *, PKeLnsArndT *, pppCtrlTable *)	C:/hd25/riCommon/pppKeLns.cpp
001fb698	pppKeLnsArndTCon	sim-sib-high	0	2		pppKeLnsArndTCon(pppPObject *, pppCtrlTable *)	C:/hd25/riCommon/pppKeLns.cpp
001fb720	pppKeLnsClmT	sim-med	0	3		pppKeLnsClmT(pppPObject *, PKeLnsClmT *, pppCtrlTable *)	C:/hd25/riCommon/pppKeLns.cpp
001fb790	pppKeLnsClmTDraw	sim-med	0	3		pppKeLnsClmTDraw(pppPObject *, PKeLnsClmT *, pppCtrlTable *)	C:/hd25/riCommon/pppKeLns.cpp
001fb870	pppKeLnsClmTCon	sim-sib-high	0	2		pppKeLnsClmTCon(pppPObject *, pppCtrlTable *)	C:/hd25/riCommon/pppKeLns.cpp
001fb8b0	pppKeLnsClmTDes	sim-sib-med	0	2		pppKeLnsClmTDes(pppPObject *, pppCtrlTable *)	C:/hd25/riCommon/pppKeLns.cpp
001fb8b8	pppKeLnsCrnTDraw	sim-rerun2-high	0	3		pppKeLnsCrnTDraw(pppPObject *, PKeLnsCrnT *, pppCtrlTable *)	C:/hd25/riCommon/pppKeLns.cpp
001fb928	pppKeLnsCrnT	sim-med	0	3		pppKeLnsCrnT(pppPObject *, PKeLnsCrnT *, pppCtrlTable *)	C:/hd25/riCommon/pppKeLns.cpp
001fba88	pppKeLnsCrnTCon	sim-rerun2-med	0	2		pppKeLnsCrnTCon(pppPObject *, pppCtrlTable *)	C:/hd25/riCommon/pppKeLns.cpp
001fbb20	pppKeLnsFlsT	sim-sib-med	0	3		pppKeLnsFlsT(pppPObject *, PKeLnsFlsT *, pppCtrlTable *)	C:/hd25/riCommon/pppKeLns.cpp
001fbb98	pppKeLnsFlsTDraw	sim-rerun2-med	0	3		pppKeLnsFlsTDraw(pppPObject *, PKeLnsFlsT *, pppCtrlTable *)	C:/hd25/riCommon/pppKeLns.cpp
001fbc78	pppKeLnsFlsTCon	sim-rerun2-med	0	2		pppKeLnsFlsTCon(pppPObject *, pppCtrlTable *)	C:/hd25/riCommon/pppKeLns.cpp
001fbca8	pppKeLnsLpSft	sim-med	0	3		pppKeLnsLpSft(pppPObject *, PKeLnsLpSft *, pppCtrlTable *)	C:/hd25/riCommon/pppKeLnsLpSft.cpp
001fbf68	pppKeHmgEffCon	sim-sandwich	0	2		pppKeHmgEffCon(pppPObject *, pppCtrlTable *)	C:/hd25/riCommon/pppKeHmg.cpp
001fbf70	pppKeGrvTgt	sim-sandwich	0	3		pppKeGrvTgt(pppPObject *, PKeGrvTgt *, pppCtrlTable *)	C:/hd25/riCommon/pppKeHmg.cpp
001fbfc0	pppKeGrvTgtCon	sim-sandwich	0	2		pppKeGrvTgtCon(pppPObject *, pppCtrlTable *)	C:/hd25/riCommon/pppKeHmg.cpp
001fbfd8	pppKeGrvEff	sim-med	0	3		pppKeGrvEff(pppPObject *, PKeGrvEff *, pppCtrlTable *)	C:/hd25/riCommon/pppKeHmg.cpp
001fc150	pppKeGrvEffCon	sim-sandwich	0	2		pppKeGrvEffCon(pppPObject *, pppCtrlTable *)	C:/hd25/riCommon/pppKeHmg.cpp
001fc158	pppKeHitBall	sim-sandwich	0	3		pppKeHitBall(pppPObject *, PKeHitBall *, pppCtrlTable *)	C:/hd25/riCommon/pppKeHmg.cpp
001fc198	pppKeHitBallCon	sim-sandwich	0	2		pppKeHitBallCon(pppPObject *, pppCtrlTable *)	C:/hd25/riCommon/pppKeHmg.cpp
001fc1a0	pppKeHitBorn	sim-med	0	3		pppKeHitBorn(pppPObject *, PKeHitBorn *, pppCtrlTable *)	C:/hd25/riCommon/pppKeHmg.cpp
001fc308	pppKeHitBornCon	sim-sandwich	0	2		pppKeHitBornCon(pppPObject *, pppCtrlTable *)	C:/hd25/riCommon/pppKeHmg.cpp
001fc320	pppKeHitChkPxB	sim-med	0	3		pppKeHitChkPxB(pppPObject *, PKeHitChkPxB *, pppCtrlTable *)	C:/hd25/riCommon/pppKeHmg.cpp
001fc558	pppKeDrct	sim-rerun2-med	0	3		pppKeDrct(pppPObject *, PKeDrct *, pppCtrlTable *)	C:/hd25/riCommon/pppKeDrct.cpp
001fc5b8	pppKeMatSN	sim-med	0	3		pppKeMatSN(pppPObject *, PKeMatSN *, pppCtrlTable *)	C:/hd25/riCommon/pppKeMatSN.cpp
001fc678	pppKeParMatR	sim-med	0	3		pppKeParMatR(pppPObject *, PKeParMatR *, pppCtrlTable *)	C:/hd25/riCommon/pppKeParMatR.cpp
001fd530	pppKeShpTail3	sim-med	0	3		pppKeShpTail3(pppPObject *, PKeShpTail3 *, pppCtrlTable *)	C:/hd25/riCommon/pppKeShpTail3.cpp
001fe398	pppKeTh	sim-med	0	3		pppKeTh(pppPObject *, PKeTh *, pppCtrlTable *)	C:/hd25/riCommon/pppKeTh.cpp
001fe8d8	pppKeShpTailX	sim-med	0	3		pppKeShpTailX(pppPObject *, PKeShpTailX *, pppCtrlTable *)	C:/hd25/riCommon/pppKeShpTailX.cpp
001feacc	pppKeShpTailXDraw	sim-med	0	3		pppKeShpTailXDraw(pppPObject *, PKeShpTailX *, pppCtrlTable *)	C:/hd25/riCommon/pppKeShpTailX.cpp
001ff350	pppKeShpTail2XDraw	sim-med	0	3		pppKeShpTail2XDraw(pppPObject *, PKeShpTail2X *, pppCtrlTable *)	C:/hd25/riCommon/pppKeShpTail2X.cpp
001ff958	pppKeShpTail3X	sim-high	0	3		pppKeShpTail3X(pppPObject *, PKeShpTail3X *, pppCtrlTable *)	C:/hd25/riCommon/pppKeShpTail3X.cpp
001ffd70	pppKeShpTail3XDraw	sim-high	0	3		pppKeShpTail3XDraw(pppPObject *, PKeShpTail3X *, pppCtrlTable *)	C:/hd25/riCommon/pppKeShpTail3X.cpp
00200700	pppRyjDrawDrawMatrixWorldFront	sim-rerun2-med	0	3		pppRyjDrawDrawMatrixWorldFront(pppPObject *, PRyjDrawMatrixWorldFront *, pppCtrlTable *)	C:/hd25/riCommon/pppRyjDrawMatrixWorldFront.cpp
002007e0	pppRyjDrawMatrixWorldNoRotCon	sim-rerun2-sandwich	0	2		pppRyjDrawMatrixWorldNoRotCon(pppPObject *, pppCtrlTable *)	C:/hd25/riCommon/pppRyjDrawMatrixWorldNoRot.cpp
00200830	pppRyjDrawDrawMatrixWorldNoRot	sim-rerun2-med	0	3		pppRyjDrawDrawMatrixWorldNoRot(pppPObject *, PRyjDrawMatrixWorldNoRot *, pppCtrlTable *)	C:/hd25/riCommon/pppRyjDrawMatrixWorldNoRot.cpp
00200950	pppRyjDrawMatrixWorldWoodCon	sim-rerun2-med	0	2		pppRyjDrawMatrixWorldWoodCon(pppPObject *, pppCtrlTable *)	C:/hd25/riCommon/pppRyjDrawMatrixWorldWood.cpp
00200a78	pppRyjDrawDrawMatrixWorldWood	sim-rerun2-med	0	3		pppRyjDrawDrawMatrixWorldWood(pppPObject *, PRyjDrawMatrixWorldWood *, pppCtrlTable *)	C:/hd25/riCommon/pppRyjDrawMatrixWorldWood.cpp
00200b78	pppRyjMatrixWorldXYZCon	sim-rerun2-med	0	2		pppRyjMatrixWorldXYZCon(pppPObject *, pppCtrlTable *)	C:/hd25/riCommon/pppRyjMatrixWorldXYZ.cpp
00200c50	pppRyjMatrixWorldXYZ	sim-rerun2-high	0	3		pppRyjMatrixWorldXYZ(pppPObject *, PRyjMatrixWorldXYZ *, pppCtrlTable *)	C:/hd25/riCommon/pppRyjMatrixWorldXYZ.cpp
00202974	pppRyjDrawShipolyCon	sim-rerun2-med	0	2		pppRyjDrawShipolyCon(pppPObject *, pppCtrlTable *)	C:/hd25/riCommon/pppRyjDrawShipoly.cpp
00203740	pppRyjDrawDrawShipolyBone	sim-med	0	3		pppRyjDrawDrawShipolyBone(pppPObject *, PRyjDrawShipolyBone *, pppCtrlTable *)	C:/hd25/riCommon/pppRyjDrawShipolyBone.cpp
002039bc	pppRyjDrawShipolyBoneCon	sim-rerun2-med	0	2		pppRyjDrawShipolyBoneCon(pppPObject *, pppCtrlTable *)	C:/hd25/riCommon/pppRyjDrawShipolyBone.cpp
002056b8	pppRyjMegaBirthCon	sim-med	0	2		pppRyjMegaBirthCon(pppPObject *, pppCtrlTable *)	C:/hd25/riCommon/pppRyjMegaBirth.cpp
00205718	pppRyjMegaBirthDes	sim-high	0	2		pppRyjMegaBirthDes(pppPObject *, pppCtrlTable *)	C:/hd25/riCommon/pppRyjMegaBirth.cpp
00205d20	pppRyjMngFlag	sim-med	0	3		pppRyjMngFlag(pppPObject *, PRyjMngFlag *, pppCtrlTable *)	C:/hd25/riCommon/pppRyjMngFlag.cpp
00206388	entry_megaplace_lamp	sim-med	0	2	int	entry_megaplace_lamp(void *, PRyjMegaPlaceLamp *)	C:/hd25/riCommon/pppRyjMegaPlace.cpp
00206470	pppRyjMegaPlace	sim-sandwich	0	3		pppRyjMegaPlace(pppPObject *, PRyjMegaPlace *, pppCtrlTable *)	C:/hd25/riCommon/pppRyjMegaPlace.cpp
002065b0	_Z10draw_shapeP13VRyjMegaPlace	sim-high	0	1		draw_shape(VRyjMegaPlace *)	C:/hd25/riCommon/pppRyjMegaPlace.cpp
002068d0	_Z10draw_modelP13VRyjMegaPlace	sim-high	0	1		draw_model(VRyjMegaPlace *)	C:/hd25/riCommon/pppRyjMegaPlace.cpp
00206be8	_Z9draw_lampP13VRyjMegaPlace	sim-high	0	1		draw_lamp(VRyjMegaPlace *)	C:/hd25/riCommon/pppRyjMegaPlace.cpp
00206fc8	pppRyjDrawMegaPlace	sim-high	0	3		pppRyjDrawMegaPlace(pppPObject *, PRyjMegaPlace *, pppCtrlTable *)	C:/hd25/riCommon/pppRyjMegaPlace.cpp
00207020	pppRyjMegaPlaceCon	sim-med	0	2		pppRyjMegaPlaceCon(pppPObject *, pppCtrlTable *)	C:/hd25/riCommon/pppRyjMegaPlace.cpp
00207050	pppRyjMegaPlaceDes	sim-high	0	2		pppRyjMegaPlaceDes(pppPObject *, pppCtrlTable *)	C:/hd25/riCommon/pppRyjMegaPlace.cpp
002071d8	pppRyjMegaPlaceLamp	sim-high	0	3		pppRyjMegaPlaceLamp(pppPObject *, PRyjMegaPlaceLamp *, pppCtrlTable *)	C:/hd25/riCommon/pppRyjMegaPlaceLamp.cpp
00209178	_Z6get_stP14PRyjDrawKekotoP14VRyjDrawKekoto	sim-high	0	2		get_st(PRyjDrawKekoto *, VRyjDrawKekoto *)	C:/hd25/riCommon/pppRyjDrawKekoto.cpp
002092e0	pppRyjDrawKekoto	sim-sandwich	0	3		pppRyjDrawKekoto(pppPObject *, PRyjDrawKekoto *, pppCtrlTable *)	C:/hd25/riCommon/pppRyjDrawKekoto.cpp
00209328	pppRyjDrawDrawKekoto	sim-high	0	3		pppRyjDrawDrawKekoto(pppPObject *, PRyjDrawKekoto *, pppCtrlTable *)	C:/hd25/riCommon/pppRyjDrawKekoto.cpp
00209df0	pppRyjDrawDrawMatrixWorldDtt	sim-med	0	3		pppRyjDrawDrawMatrixWorldDtt(pppPObject *, PRyjDrawMatrixWorldDtt *, pppCtrlTable *)	C:/hd25/riCommon/pppRyjDrawMatrixWorldDtt.cpp
00209e80	pppRyjDrawMatrixWorldDttFrCon	sim-med	0	2		pppRyjDrawMatrixWorldDttFrCon(pppPObject *, pppCtrlTable *)	C:/hd25/riCommon/pppRyjDrawMatrixWorldDttFr.cpp
00209ed0	pppRyjDrawDrawMatrixWorldDttFr	sim-high	0	3		pppRyjDrawDrawMatrixWorldDttFr(pppPObject *, PRyjDrawMatrixWorldDttFr *, pppCtrlTable *)	C:/hd25/riCommon/pppRyjDrawMatrixWorldDttFr.cpp
0020a090	_Z5birthP11_pppPObjectP13VRyjMegaBirthP13PRyjMegaBirthP6VColorP14_PARTICLE_DATAP14_PARTICLE_WMATP15_PARTICLE_COLOR	sim-high	0	7		birth(pppPObject *, VRyjMegaBirth *, PRyjMegaBirth *, VColor *, PARTICLE_DATA *, PARTICLE_WMAT *, PARTICLE_COLOR *)	C:/hd25/riCommon/pppRyjMegaBirth.cpp
0020a658	_Z10init_paramP19PRyjMegaBirthFilterP14_PARTICLE_DATAP15_PARTICLE_COLOR	sim-high	0	3		init_param(PRyjMegaBirthFilter *, PARTICLE_DATA *, PARTICLE_COLOR *)	C:/hd25/riCommon/pppRyjMegaBirthFilter.cpp
0020ab48	_Z4calcP19VRyjMegaBirthFilterP19PRyjMegaBirthFilterP14_PARTICLE_DATAP6VColorP15_PARTICLE_COLOR	sim-sandwich	0	5		calc(VRyjMegaBirthFilter *, PRyjMegaBirthFilter *, PARTICLE_DATA *, VColor *, PARTICLE_COLOR *)	C:/hd25/riCommon/pppRyjMegaBirthFilter.cpp
0020ace8	pppRyjMegaBirthFilter	sim-med	0	3		pppRyjMegaBirthFilter(pppPObject *, PRyjMegaBirthFilter *, pppCtrlTable *)	C:/hd25/riCommon/pppRyjMegaBirthFilter.cpp
0020aec8	_Z10set_matrixPA4_fS0_P19PRyjMegaBirthFilterP19VRyjMegaBirthFilterP14_PARTICLE_DATA	sim-med	0	5	float	set_matrix(FLOAT (*)[4], FLOAT (*)[4], PRyjMegaBirthFilter *, VRyjMegaBirthFilter *, PARTICLE_DATA *)	C:/hd25/riCommon/pppRyjMegaBirthFilter.cpp
0020aff8	pppRyjDrawMegaBirth	sim-high	0	3		pppRyjDrawMegaBirth(pppPObject *, PRyjMegaBirth *, pppCtrlTable *)	C:/hd25/riCommon/pppRyjMegaBirth.cpp
0020b300	pppRyjMegaBirthFilterSta	sim-sib-med	0	1		pppRyjMegaBirthFilterSta(pppMngSt *)	C:/hd25/riCommon/pppRyjMegaBirthFilter.cpp
0020b358	pppRyjMegaBirthFilterCon	sim-med	0	2		pppRyjMegaBirthFilterCon(pppPObject *, pppCtrlTable *)	C:/hd25/riCommon/pppRyjMegaBirthFilter.cpp
0020b3a0	pppRyjMegaBirthFilterDes	sim-med	0	2		pppRyjMegaBirthFilterDes(pppPObject *, pppCtrlTable *)	C:/hd25/riCommon/pppRyjMegaBirthFilter.cpp
0020b4e8	_Z5birthP18VRyjMegaBirthModelP18PRyjMegaBirthModelP6VColorP14_PARTICLE_DATAP14_PARTICLE_WMATP15_PARTICLE_COLOR	sim-high	0	6		birth(VRyjMegaBirthModel *, PRyjMegaBirthModel *, VColor *, PARTICLE_DATA *, PARTICLE_WMAT *, PARTICLE_COLOR *)	C:/hd25/riCommon/pppRyjMegaBirthModel.cpp
0020c67c	pppRyjMegaBirthModelFilter	sim-med	0	3		pppRyjMegaBirthModelFilter(pppPObject *, PRyjMegaBirthModelFilter *, pppCtrlTable *)	C:/hd25/riCommon/pppRyjMegaBirthModelFilter.cpp
0020c860	_Z10set_matrixPA4_fS0_P24PRyjMegaBirthModelFilterP24VRyjMegaBirthModelFilterP14_PARTICLE_DATA	sim-med	0	5	float	set_matrix(FLOAT (*)[4], FLOAT (*)[4], PRyjMegaBirthModelFilter *, VRyjMegaBirthModelFilter *, PARTICLE_DATA *)	C:/hd25/riCommon/pppRyjMegaBirthModelFilter.cpp
0020c9d0	pppRyjDrawMegaBirthModelFilter	sim-high	0	3		pppRyjDrawMegaBirthModelFilter(pppPObject *, PRyjMegaBirthModelFilter *, pppCtrlTable *)	C:/hd25/riCommon/pppRyjMegaBirthModelFilter.cpp
0020cd50	pppRyjMegaBirthModelFilterSta	sim-sandwich	0	1		pppRyjMegaBirthModelFilterSta(pppMngSt *)	C:/hd25/riCommon/pppRyjMegaBirthModelFilter.cpp
0020cda8	pppRyjMegaBirthModelFilterCon	sim-med	0	2		pppRyjMegaBirthModelFilterCon(pppPObject *, pppCtrlTable *)	C:/hd25/riCommon/pppRyjMegaBirthModelFilter.cpp
0020cdf0	pppRyjMegaBirthModelFilterDes	sim-med	0	2		pppRyjMegaBirthModelFilterDes(pppPObject *, pppCtrlTable *)	C:/hd25/riCommon/pppRyjMegaBirthModelFilter.cpp
0020ce60	pppRyjDrawMegaBirthUserCtrl	sim-med	0	3		pppRyjDrawMegaBirthUserCtrl(pppPObject *, PRyjMegaBirthUserCtrl *, pppCtrlTable *)	C:/hd25/riCommon/pppRyjMegaBirthUserCtrl.cpp
0020ceb0	pppRyjMegaBirthUserCtrlCon	sim-sandwich	0	2		pppRyjMegaBirthUserCtrlCon(pppPObject *, pppCtrlTable *)	C:/hd25/riCommon/pppRyjMegaBirthUserCtrl.cpp
0020ced0	pppRyjDrawMegaBirthUserCtrl2	sim-med	0	3		pppRyjDrawMegaBirthUserCtrl2(pppPObject *, PRyjMegaBirthUserCtrl2 *, pppCtrlTable *)	C:/hd25/riCommon/pppRyjMegaBirthUserCtrl2.cpp
0020cf40	pppRyjMegaBirthUserCtrl2Con	sim-sandwich	0	2		pppRyjMegaBirthUserCtrl2Con(pppPObject *, pppCtrlTable *)	C:/hd25/riCommon/pppRyjMegaBirthUserCtrl2.cpp
0020cf60	pppRyjDrawMegaBirthUserCtrl3	sim-med	0	3		pppRyjDrawMegaBirthUserCtrl3(pppPObject *, PRyjMegaBirthUserCtrl3 *, pppCtrlTable *)	C:/hd25/riCommon/pppRyjMegaBirthUserCtrl3.cpp
0020cfd8	pppSnoScaleAll	sim-med	0	3		pppSnoScaleAll(pppPObject *, PSnoScaleAll *, pppCtrlTable *)	C:/hd25/riCommon/pppSnoScaleAll.cpp
0020d178	pppSnoScaleAllCon	sim-high	0	2		pppSnoScaleAllCon(pppPObject *, pppCtrlTable *)	C:/hd25/riCommon/pppSnoScaleAll.cpp
0020d528	pppSnoMdlDttNormDraw	sim-high	0	3		pppSnoMdlDttNormDraw(pppPObject *, PSnoMdlDttNorm *, pppCtrlTable *)	C:/hd25/riCommon/pppSnoMdlDttNorm.cpp
0021ee48	KeBornRnd2	sim-rerun-high	0	7		KeBornRnd2(pppPObject *, void *, void *, USHORT *, short, UBYTE, UBYTE)	C:/hd25/riCommon/KeBornRnd.cpp
0021f0d8	_Z14KeLnsLp_UpdateP17_KeWkLnsLp_Update	sim-med	0	1		KeLnsLp_Update(KeWkLnsLp_Update *)	C:/hd25/riCommon/KeLns.cpp
0021f5d8	_Z12KeLnsLp_InitP8_KeLnsLp	sim-med	0	1		KeLnsLp_Init(KeLnsLp *)	C:/hd25/riCommon/KeLns.cpp
0021fa10	_Z13KeLnsClm_InitP9_KeLnsClm	sim-sib-high	0	1		KeLnsClm_Init(KeLnsClm *)	C:/hd25/riCommon/KeLns.cpp
0021fa28	_Z14KeLnsArnd_DrawP17_KeWkLnsArnd_Drawi	sim-rerun2-med	0	2		KeLnsArnd_Draw(KeWkLnsArnd_Draw *, int)	C:/hd25/riCommon/KeLns.cpp
0021fbc0	_Z14KeLnsArnd_InitP10_KeLnsArnd	sim-rerun2-high	0	1		KeLnsArnd_Init(KeLnsArnd *)	C:/hd25/riCommon/KeLns.cpp
0021fbd8	_Z13KeLnsCrn_DrawP16_KeWkLnsCrn_Drawi	sim-rerun2-med	0	2		KeLnsCrn_Draw(KeWkLnsCrn_Draw *, int)	C:/hd25/riCommon/KeLns.cpp
0021fe08	_Z15KeLnsCrn_SetShpP9_KeLnsCrnP10pppShapeSt	sim-rerun2-sandwich	0	2		KeLnsCrn_SetShp(KeLnsCrn *, pppShapeSt *)	C:/hd25/riCommon/KeLns.cpp
0021fe28	_Z13KeLnsCrn_InitP9_KeLnsCrn	sim-rerun2-med	0	1		KeLnsCrn_Init(KeLnsCrn *)	C:/hd25/riCommon/KeLns.cpp
0021fe40	_Z13KeLnsFls_DrawP16_KeWkLnsFls_Drawi	sim-rerun2-med	0	2		KeLnsFls_Draw(KeWkLnsFls_Draw *, int)	C:/hd25/riCommon/KeLns.cpp
00220070	_Z13KeLnsFls_InitP9_KeLnsFls	sim-rerun2-med	0	1		KeLnsFls_Init(KeLnsFls *)	C:/hd25/riCommon/KeLns.cpp
002204c8	_Z4betwv	sim-high	0	0		betw()	C:/hd25/riCommon/KeTh.cpp
002209f0	_Z10init_paramP24PRyjMegaBirthModelFilterP14_PARTICLE_DATAP15_PARTICLE_COLOR	sim-med	0	3		init_param(PRyjMegaBirthModelFilter *, PARTICLE_DATA *, PARTICLE_COLOR *)	C:/hd25/riCommon/pppRyjMegaBirthModelFilter.cpp
00220da0	_Z14KeThBP_MkGifPkP16_KeaThBp_MkGifPk	sim-med	0	1	int	KeThBP_MkGifPk(KeaThBp_MkGifPk *)	C:/hd25/riCommon/KeTh.cpp
00221348	_Z13KeThBP_UpdateP15_KeaThBp_Update	sim-high	0	1		KeThBP_Update(KeaThBp_Update *)	C:/hd25/riCommon/KeTh.cpp
00221e28	_Z11KeThBP_InitP15_KeWrkThBP_Init	sim-med	0	1		KeThBP_Init(KeWrkThBP_Init *)	C:/hd25/riCommon/KeTh.cpp
00221ed0	_Z11KeThBP_QuitP7_KeThBP	sim-rerun2-med	0	1		KeThBP_Quit(KeThBP *)	C:/hd25/riCommon/KeTh.cpp
00222080	_Z12KeThCp_AddBpP7_KeThCpP10_KeThResHdPA4_fS4_	sim-med	0	4		KeThCp_AddBp(KeThCp *, KeThResHd *, FVECTOR *, FVECTOR *)	C:/hd25/riCommon/KeTh.cpp
00222170	_Z13KeThCp_UpdateP15_KeaThCp_Update	sim-high	0	1		KeThCp_Update(KeaThCp_Update *)	C:/hd25/riCommon/KeTh.cpp
002223e0	_Z11KeThCp_InitP7_KeThCp	sim-sib-med	0	1		KeThCp_Init(KeThCp *)	C:/hd25/riCommon/KeTh.cpp
002223f0	_Z4calcP24VRyjMegaBirthModelFilterP24PRyjMegaBirthModelFilterP14_PARTICLE_DATAP6VColorP15_PARTICLE_COLOR	sim-med	0	5		calc(VRyjMegaBirthModelFilter *, PRyjMegaBirthModelFilter *, PARTICLE_DATA *, VColor *, PARTICLE_COLOR *)	C:/hd25/riCommon/pppRyjMegaBirthModelFilter.cpp
00222568	_Z9KeVu0RndIv	sim-rerun-high	0	0	int	KeVu0RndI()	C:/hd25/riCommon/Ke.cpp
002226b8	_Z15KeVu0CopyVecXYZPfS_	sim-rerun-high	0	2		KeVu0CopyVecXYZ(FLOAT *, FLOAT *)	C:/hd25/riCommon/Ke.cpp
00222730	_Z14KeVu0SubVecXYZPfS_S_	sim-rerun-high	0	3		KeVu0SubVecXYZ(FLOAT *, FLOAT *, FLOAT *)	C:/hd25/riCommon/Ke.cpp
00224828	_ZN2sa7MUSICAL10setSuccessEv	sim-sandwich	1	0		sa::MUSICAL::setSuccess() [DWARF: static -- no implicit `this`, do NOT add a leading self/object-pointer argument]	C:/hd25/kingdom2/sasa/musical.cpp
00224860	_ZN2sa7MUSICAL12getSuccessNgEv	med	1	0	int	sa::MUSICAL::getSuccessNg() [DWARF: static -- no implicit `this`, do NOT add a leading self/object-pointer argument]	C:/hd25/kingdom2/sasa/musical.cpp
002248c0	_ZN2sa7MUSICAL10clearComboEv	sim-rerun2-med	1	0		sa::MUSICAL::clearCombo() [DWARF: static -- no implicit `this`, do NOT add a leading self/object-pointer argument]	C:/hd25/kingdom2/sasa/musical.cpp
002248f8	_ZN2sa7MUSICAL8addScoreEi	sim-sib-high	1	1		sa::MUSICAL::addScore(const int) [DWARF: static -- no implicit `this`, do NOT add a leading self/object-pointer argument]	C:/hd25/kingdom2/sasa/musical.cpp
00224910	_ZN2sa7MUSICAL8getScoreEv	med	1	0	int	sa::MUSICAL::getScore() [DWARF: static -- no implicit `this`, do NOT add a leading self/object-pointer argument]	C:/hd25/kingdom2/sasa/musical.cpp
00224920	_ZN2sa7MUSICAL8setScoreEi	med	1	1		sa::MUSICAL::setScore(int) [DWARF: static -- no implicit `this`, do NOT add a leading self/object-pointer argument]	C:/hd25/kingdom2/sasa/musical.cpp
002249b8	_ZN2sa7MUSICAL8getStageEv	med	1	0	int	sa::MUSICAL::getStage() [DWARF: static -- no implicit `this`, do NOT add a leading self/object-pointer argument]	C:/hd25/kingdom2/sasa/musical.cpp
002249f8	_ZN2sa7MUSICAL6resultEv	sim-med	1	0		sa::MUSICAL::result() [DWARF: static -- no implicit `this`, do NOT add a leading self/object-pointer argument]	C:/hd25/kingdom2/sasa/musical.cpp
00224c20	_ZN2sa5EVENT18checkMusicalMemoryEv	med	1	0		sa::EVENT::checkMusicalMemory() [DWARF: static -- no implicit `this`, do NOT add a leading self/object-pointer argument]	C:/hd25/kingdom2/sasa/musical.cpp
00224d48	_ZN2sa5EVENT15musical_2d_initEv	med	1	0		sa::EVENT::musical_2d_init() [DWARF: static -- no implicit `this`, do NOT add a leading self/object-pointer argument]	C:/hd25/kingdom2/sasa/musical.cpp
00224f08	_ZN2sa18printTaskFinalizerEP4TASK	sim-med	1	1		sa::printTaskFinalizer(TASK *) [DWARF: static -- no implicit `this`, do NOT add a leading self/object-pointer argument]	C:/hd25/kingdom2/sasa/musical.cpp
00224fa0	_ZN2sa5EVENT22set_bin_musical_targetERNS_18BIN_MUSICAL_TARGETEP4TASK	med	1	2		sa::EVENT::set_bin_musical_target(sa::BIN_MUSICAL_TARGET &, TASK *) [DWARF: static -- no implicit `this`, do NOT add a leading self/object-pointer argument]	C:/hd25/kingdom2/sasa/musical.cpp
00225248	_ZN2sa6VIEWER11hideAllTaskEP4TASK	med	1	1		sa::VIEWER::hideAllTask(TASK *) [DWARF: static -- no implicit `this`, do NOT add a leading self/object-pointer argument]	C:/hd25/kingdom2/sasa/viewer.cpp
002253a0	_ZN2sa5EVENT11set_bgm_seqERNS_11BIN_SEQ_BGMEP4TASK	med	1	2		sa::EVENT::set_bgm_seq(sa::BIN_SEQ_BGM &, TASK *) [DWARF: static -- no implicit `this`, do NOT add a leading self/object-pointer argument]	C:/hd25/kingdom2/sasa/event_bgm.cpp
00225550	_ZN2sa5EVENT13initBgmMemoryEv	med	1	0		sa::EVENT::initBgmMemory() [DWARF: static -- no implicit `this`, do NOT add a leading self/object-pointer argument]	C:/hd25/kingdom2/sasa/event_bgm.cpp
00225640	_ZN2sa5EVENT16readBgmBuffAllocEPcPNS_7READ_WKENS_11EVENT_ALLOC10ALLOC_TYPEE	med	1	3	char *	sa::EVENT::readBgmBuffAlloc(char *, sa::READ_WK *, sa::EVENT_ALLOC::ALLOC_TYPE) [DWARF: static -- no implicit `this`, do NOT add a leading self/object-pointer argument]	C:/hd25/kingdom2/sasa/event_bgm.cpp
002256c8	_ZN2sa5EVENT13read_bgm_dataERNS_12BIN_BGM_DATAEP4TASK	med	1	2		sa::EVENT::read_bgm_data(sa::BIN_BGM_DATA &, TASK *) [DWARF: static -- no implicit `this`, do NOT add a leading self/object-pointer argument]	C:/hd25/kingdom2/sasa/event_bgm.cpp
00225738	_ZN2sa5EVENT16bgmTransCallbackEPv	med	1	1		sa::EVENT::bgmTransCallback(void *) [DWARF: static -- no implicit `this`, do NOT add a leading self/object-pointer argument]	C:/hd25/kingdom2/sasa/event_bgm.cpp
00225898	_ZN2sa5EVENT12set_bgm_sendERNS_12BIN_SEND_BGMEP4TASK	med	1	2		sa::EVENT::set_bgm_send(sa::BIN_SEND_BGM &, TASK *) [DWARF: static -- no implicit `this`, do NOT add a leading self/object-pointer argument]	C:/hd25/kingdom2/sasa/event_bgm.cpp
002259f0	_ZN2sa5EVENT11waitSoundOnEv	sim-sib-med	1	0		sa::EVENT::waitSoundOn() [DWARF: static -- no implicit `this`, do NOT add a leading self/object-pointer argument]	C:/hd25/kingdom2/sasa/event_frame.cpp
00225a00	_ZN2sa5EVENT12waitSoundOffEv	sim-sib-med	1	0		sa::EVENT::waitSoundOff() [DWARF: static -- no implicit `this`, do NOT add a leading self/object-pointer argument]	C:/hd25/kingdom2/sasa/event_frame.cpp
00225a10	_ZN2sa5EVENT13waitMessageOnEv	high	1	0		sa::EVENT::waitMessageOn() [DWARF: static -- no implicit `this`, do NOT add a leading self/object-pointer argument]	C:/hd25/kingdom2/sasa/event_frame.cpp
00225a20	_ZN2sa5EVENT14waitMessageOffEv	med	1	0		sa::EVENT::waitMessageOff() [DWARF: static -- no implicit `this`, do NOT add a leading self/object-pointer argument]	C:/hd25/kingdom2/sasa/event_frame.cpp
00225b00	_ZN2sa5EVENT10isJumpModeEi	high	1	1	bool	sa::EVENT::isJumpMode(int) [DWARF: static -- no implicit `this`, do NOT add a leading self/object-pointer argument]	C:/hd25/kingdom2/sasa/event_frame.cpp
00225b88	_ZN2sa5EVENT8checkEndEv	med	1	0		sa::EVENT::checkEnd() [DWARF: static -- no implicit `this`, do NOT add a leading self/object-pointer argument]	C:/hd25/kingdom2/sasa/event_frame.cpp
00226090	_ZN2sa5EVENT9read_ctrlEv	high	1	0		sa::EVENT::read_ctrl() [DWARF: static -- no implicit `this`, do NOT add a leading self/object-pointer argument]	C:/hd25/kingdom2/sasa/event_read.cpp
00226268	_ZN2sa5EVENT15readNextMapFileEv	high	1	0		sa::EVENT::readNextMapFile() [DWARF: static -- no implicit `this`, do NOT add a leading self/object-pointer argument]	C:/hd25/kingdom2/sasa/event_read.cpp
00226478	_ZN2sa5EVENT8fixAllocEv	high	1	0		sa::EVENT::fixAlloc() [DWARF: static -- no implicit `this`, do NOT add a leading self/object-pointer argument]	C:/hd25/kingdom2/sasa/event.cpp
002267a0	_ZN2sa5EVENT7fixFreeEv	high	1	0		sa::EVENT::fixFree() [DWARF: static -- no implicit `this`, do NOT add a leading self/object-pointer argument]	C:/hd25/kingdom2/sasa/event.cpp
00226ac0	_ZN2sa5EVENT9event_runEPcPN2kn7FMatrixEPN2YS3OBJEPN3ryj3PAXEPFviEii	med	1	7	bool	sa::EVENT::event_run(char *, kn::FMatrix *, YS::OBJ *, ryj::PAX *, TAG_CALLBACK, const int, const int) [DWARF: static -- no implicit `this`, do NOT add a leading self/object-pointer argument]	C:/hd25/kingdom2/sasa/event.cpp
00226bd0	_ZN2sa5EVENT13event_end_subEP4TASK	med	1	1		sa::EVENT::event_end_sub(TASK *) [DWARF: static -- no implicit `this`, do NOT add a leading self/object-pointer argument]	C:/hd25/kingdom2/sasa/event.cpp
00226f78	_ZN2sa5EVENT11setJumpModeEi	sim-rerun-med	1	1		sa::EVENT::setJumpMode(int) [DWARF: static -- no implicit `this`, do NOT add a leading self/object-pointer argument]	C:/hd25/kingdom2/sasa/event.cpp
00226fc8	_ZN2sa5EVENT4InitEv	med	1	0		sa::EVENT::Init() [DWARF: static -- no implicit `this`, do NOT add a leading self/object-pointer argument]	C:/hd25/kingdom2/sasa/event.cpp
00227120	_ZN2sa5EVENT14getProjectNameEv	med	1	0	char *	sa::EVENT::getProjectName() [DWARF: static -- no implicit `this`, do NOT add a leading self/object-pointer argument]	C:/hd25/kingdom2/sasa/event.cpp
00227200	_ZN2sa5EVENT10event_initEi	sim-rerun-med	1	1		sa::EVENT::event_init(int) [DWARF: static -- no implicit `this`, do NOT add a leading self/object-pointer argument]	C:/hd25/kingdom2/sasa/event.cpp
002272b8	_ZN2sa5EVENT10event_ctrlEP4TASK	med	1	1		sa::EVENT::event_ctrl(TASK *) [DWARF: static -- no implicit `this`, do NOT add a leading self/object-pointer argument]	C:/hd25/kingdom2/sasa/event.cpp
00227a08	_ZN2sa5EVENT17setDeleteMarkTaskEP4TASK	sim-med	1	1		sa::EVENT::setDeleteMarkTask(TASK *) [DWARF: static -- no implicit `this`, do NOT add a leading self/object-pointer argument]	C:/hd25/kingdom2/sasa/event.cpp
00227a28	_ZN2sa5EVENT11get_read_wkEiNS_9READ_TYPEE	sim-sib-med	1	2	sa::READ_WK *	sa::EVENT::get_read_wk(int, sa::READ_TYPE) [DWARF: static -- no implicit `this`, do NOT add a leading self/object-pointer argument]	C:/hd25/kingdom2/sasa/event.cpp
00227a60	_ZN2sa5EVENT11get_read_wkEPcNS_9READ_TYPEE	sim-sib-med	1	2	sa::READ_WK *	sa::EVENT::get_read_wk(char *, sa::READ_TYPE) [DWARF: static -- no implicit `this`, do NOT add a leading self/object-pointer argument]	C:/hd25/kingdom2/sasa/event.cpp
00227b00	_ZN2sa5EVENT11get_read_wkEPcNS_9READ_TYPEES1_	sim-rerun2-med	1	3	sa::READ_WK *	sa::EVENT::get_read_wk(char *, sa::READ_TYPE, char *) [DWARF: static -- no implicit `this`, do NOT add a leading self/object-pointer argument]	C:/hd25/kingdom2/sasa/event.cpp
00227e30	_ZN2sa5EVENT10event_fileEP4TASK	med	1	1		sa::EVENT::event_file(TASK *) [DWARF: static -- no implicit `this`, do NOT add a leading self/object-pointer argument]	C:/hd25/kingdom2/sasa/event.cpp
00228058	_ZN2sa5EVENT10event_taskEP4TASK	med	1	1		sa::EVENT::event_task(TASK *) [DWARF: static -- no implicit `this`, do NOT add a leading self/object-pointer argument]	C:/hd25/kingdom2/sasa/event.cpp
00228150	_ZN2sa5EVENT17event_task_createEi	med	1	1		sa::EVENT::event_task_create(int) [DWARF: static -- no implicit `this`, do NOT add a leading self/object-pointer argument]	C:/hd25/kingdom2/sasa/event.cpp
002282d8	_ZN2sa5EVENT16getEventPriorityEv	high	1	0	int	sa::EVENT::getEventPriority() [DWARF: static -- no implicit `this`, do NOT add a leading self/object-pointer argument]	C:/hd25/kingdom2/sasa/event.cpp
002282f0	_ZN2sa5EVENT10checkStartEiP4TASK	high	1	2	bool	sa::EVENT::checkStart(int, TASK *) [DWARF: static -- no implicit `this`, do NOT add a leading self/object-pointer argument]	C:/hd25/kingdom2/sasa/event.cpp
002283e0	_ZN2sa5EVENT4isTTEv	med	1	0	bool	sa::EVENT::isTT() [DWARF: static -- no implicit `this`, do NOT add a leading self/object-pointer argument]	C:/hd25/kingdom2/sasa/event.cpp
002283f8	_ZN2sa5EVENT12getRestFrameEv	med	1	0	int	sa::EVENT::getRestFrame() [DWARF: static -- no implicit `this`, do NOT add a leading self/object-pointer argument]	C:/hd25/kingdom2/sasa/event.cpp
002284e8	_ZN2sa13MUSICAL_CLEAR7destroyEv	high	0	1		sa::MUSICAL_CLEAR::destroy(sa::MUSICAL_CLEAR *)	C:/hd25/kingdom2/sasa/musical_clear.cpp
00228788	_ZN2sa14MUSICAL_GAUGE46createEv	sim-high	0	1		sa::MUSICAL_GAUGE4::create(sa::MUSICAL_GAUGE4 *)	C:/hd25/kingdom2/sasa/musical_gauge4.cpp
00228918	_ZN2sa14MUSICAL_GAUGE46updateEv	sim-med	0	1		sa::MUSICAL_GAUGE4::update(sa::MUSICAL_GAUGE4 *)	C:/hd25/kingdom2/sasa/musical_gauge4.cpp
002289f0	_ZN2sa14MUSICAL_GAUGE44initEv	sim-med	1	0		sa::MUSICAL_GAUGE4::init() [DWARF: static -- no implicit `this`, do NOT add a leading self/object-pointer argument]	C:/hd25/kingdom2/sasa/musical_gauge4.cpp
00228ab0	_ZN2sa14MUSICAL_GAUGE36createEv	med	0	1		sa::MUSICAL_GAUGE3::create(sa::MUSICAL_GAUGE3 *)	C:/hd25/kingdom2/sasa/musical_gauge3.cpp
00228bd8	_ZN2sa14MUSICAL_GAUGE313calcCursorPosEv	med	0	1		sa::MUSICAL_GAUGE3::calcCursorPos(sa::MUSICAL_GAUGE3 *)	C:/hd25/kingdom2/sasa/musical_gauge3.cpp
00228e28	_ZN2sa14MUSICAL_GAUGE36updateEv	high	0	1		sa::MUSICAL_GAUGE3::update(sa::MUSICAL_GAUGE3 *)	C:/hd25/kingdom2/sasa/musical_gauge3.cpp
00228e58	_ZN2sa14MUSICAL_GAUGE34initEv	high	1	0		sa::MUSICAL_GAUGE3::init() [DWARF: static -- no implicit `this`, do NOT add a leading self/object-pointer argument]	C:/hd25/kingdom2/sasa/musical_gauge3.cpp
00229120	_ZN2sa14MUSICAL_SCORE14initEv	med	1	0		sa::MUSICAL_SCORE1::init() [DWARF: static -- no implicit `this`, do NOT add a leading self/object-pointer argument]	C:/hd25/kingdom2/sasa/musical_score1.cpp
002291d0	_ZN2sa14MUSICAL_SCORE16updateEv	high	0	1		sa::MUSICAL_SCORE1::update(sa::MUSICAL_SCORE1 *)	C:/hd25/kingdom2/sasa/musical_score1.cpp
00229430	_ZN2sa18MUSICAL_SCORE_BASE6createEi	high	0	2		sa::MUSICAL_SCORE_BASE::create(sa::MUSICAL_SCORE_BASE *, int)	C:/hd25/kingdom2/sasa/musical_score.cpp
00229448	_ZN2sa18MUSICAL_SCORE_BASE10updateInitEv	high	0	1		sa::MUSICAL_SCORE_BASE::updateInit(sa::MUSICAL_SCORE_BASE *)	C:/hd25/kingdom2/sasa/musical_score.cpp
00229498	_ZN2sa18MUSICAL_SCORE_BASE7destoryEv	high	0	1		sa::MUSICAL_SCORE_BASE::destory(sa::MUSICAL_SCORE_BASE *)	C:/hd25/kingdom2/sasa/musical_score.cpp
002294c8	_ZN2sa13MUSICAL_SCORE6createEiPiS1_i	med	0	5		sa::MUSICAL_SCORE::create(sa::MUSICAL_SCORE *, int, int *, int *, INT)	C:/hd25/kingdom2/sasa/musical_score.cpp
002296f8	_ZN2sa13MUSICAL_SCORE7destroyEv	high	0	1		sa::MUSICAL_SCORE::destroy(sa::MUSICAL_SCORE *)	C:/hd25/kingdom2/sasa/musical_score.cpp
00229728	_ZN2sa13MUSICAL_SCORE6updateEv	high	0	1		sa::MUSICAL_SCORE::update(sa::MUSICAL_SCORE *)	C:/hd25/kingdom2/sasa/musical_score.cpp
002298a8	_ZN2sa13MUSICAL_COMBO6createEi	med	0	2		sa::MUSICAL_COMBO::create(sa::MUSICAL_COMBO *, int)	C:/hd25/kingdom2/sasa/musical_combo.cpp
00229b28	_ZN2sa13MUSICAL_COMBO12createCircleEfiii	sim-high	0	5		sa::MUSICAL_COMBO::createCircle(sa::MUSICAL_COMBO *, float, int, int, int)	C:/hd25/kingdom2/sasa/musical_combo.cpp
00229d40	_ZN2sa13MUSICAL_COMBO11updateGaugeEv	sim-med	0	1		sa::MUSICAL_COMBO::updateGauge(sa::MUSICAL_COMBO *)	C:/hd25/kingdom2/sasa/musical_combo.cpp
00229d68	_ZN2sa13MUSICAL_COMBO6updateEv	high	0	1		sa::MUSICAL_COMBO::update(sa::MUSICAL_COMBO *)	C:/hd25/kingdom2/sasa/musical_combo.cpp
00229d90	_ZN2sa13MUSICAL_COMBO5closeEv	sim-med	0	1		sa::MUSICAL_COMBO::close(sa::MUSICAL_COMBO *)	C:/hd25/kingdom2/sasa/musical_combo.cpp
00229e08	_ZN2sa13MUSICAL_COMBO6setMaxEi	high	0	2		sa::MUSICAL_COMBO::setMax(sa::MUSICAL_COMBO *, int)	C:/hd25/kingdom2/sasa/musical_combo.cpp
00229e10	_ZN2sa13MUSICAL_COMBO7setTimeEi	high	0	2		sa::MUSICAL_COMBO::setTime(sa::MUSICAL_COMBO *, int)	C:/hd25/kingdom2/sasa/musical_combo.cpp
00229e58	_ZN2sa13MUSICAL_COMBO9printTaskEP4TASK	sim-high	1	1		sa::MUSICAL_COMBO::printTask(TASK *) [DWARF: static -- no implicit `this`, do NOT add a leading self/object-pointer argument]	C:/hd25/kingdom2/sasa/musical_combo.cpp
0022a0f8	_ZN2sa17CIRCLE_MASK_INPUT6createEiii	med	0	4		sa::CIRCLE_MASK_INPUT::create(sa::CIRCLE_MASK_INPUT *, int, int, int)	C:/hd25/kingdom2/sasa/musical_input.cpp
0022a200	_ZN2sa17CIRCLE_MASK_INPUT4drawEv	high	0	1		sa::CIRCLE_MASK_INPUT::draw(sa::CIRCLE_MASK_INPUT *)	C:/hd25/kingdom2/sasa/musical_input.cpp
0022a3d0	_ZN2sa13MUSICAL_INPUT16createCircleSizeEifRiS1_S1_S1_S1_S1_S1_S1_Rf	sim-high	1	11	int	sa::MUSICAL_INPUT::createCircleSize(int, float, int &, int &, int &, int &, int &, int &, int &, int &, float &) [DWARF: static -- no implicit `this`, do NOT add a leading self/object-pointer argument]	C:/hd25/kingdom2/sasa/musical_input.cpp
0022a5c8	_ZN2sa13MUSICAL_INPUT12createCircleEfiii	sim-high	0	5		sa::MUSICAL_INPUT::createCircle(sa::MUSICAL_INPUT *, float, int, int, int)	C:/hd25/kingdom2/sasa/musical_input.cpp
0022a7e0	_ZN2sa13MUSICAL_INPUT6createEi	med	0	2		sa::MUSICAL_INPUT::create(sa::MUSICAL_INPUT *, int)	C:/hd25/kingdom2/sasa/musical_input.cpp
0022ab90	_ZN2sa13MUSICAL_INPUT8initFaceEi	high	0	2		sa::MUSICAL_INPUT::initFace(sa::MUSICAL_INPUT *, int)	C:/hd25/kingdom2/sasa/musical_input.cpp
0022abd8	_ZN2sa13MUSICAL_INPUT7setFaceEi	high	0	2		sa::MUSICAL_INPUT::setFace(sa::MUSICAL_INPUT *, int)	C:/hd25/kingdom2/sasa/musical_input.cpp
0022ac30	_ZN2sa13MUSICAL_INPUT6setMaxEi	high	0	2		sa::MUSICAL_INPUT::setMax(sa::MUSICAL_INPUT *, int)	C:/hd25/kingdom2/sasa/musical_input.cpp
0022ac38	_ZN2sa13MUSICAL_INPUT8setInputEi	high	0	2		sa::MUSICAL_INPUT::setInput(sa::MUSICAL_INPUT *, int)	C:/hd25/kingdom2/sasa/musical_input.cpp
0022ac40	_ZN2sa13MUSICAL_INPUT12setExcellentEi	high	0	2		sa::MUSICAL_INPUT::setExcellent(sa::MUSICAL_INPUT *, int)	C:/hd25/kingdom2/sasa/musical_input.cpp
0022ac48	_ZN2sa13MUSICAL_INPUT7setTimeEi	high	0	2		sa::MUSICAL_INPUT::setTime(sa::MUSICAL_INPUT *, int)	C:/hd25/kingdom2/sasa/musical_input.cpp
0022ac60	_ZN2sa13MUSICAL_INPUT11updateGaugeEv	sim-high	0	1		sa::MUSICAL_INPUT::updateGauge(sa::MUSICAL_INPUT *)	C:/hd25/kingdom2/sasa/musical_input.cpp
0022acd0	_ZN2sa13MUSICAL_INPUT6updateEv	high	0	1		sa::MUSICAL_INPUT::update(sa::MUSICAL_INPUT *)	C:/hd25/kingdom2/sasa/musical_input.cpp
0022ad88	_ZN2sa13MUSICAL_INPUT10scorePrintEiPN2dk6SpriteE	high	1	2		sa::MUSICAL_INPUT::scorePrint(int, dk::Sprite *) [DWARF: static -- no implicit `this`, do NOT add a leading self/object-pointer argument]	C:/hd25/kingdom2/sasa/musical_input.cpp
0022ae98	_ZN2sa13MUSICAL_INPUT14ExcellentPrintERN2kn7FVectorE	sim-high	1	1	sa::MUSICAL_TARGET *	sa::MUSICAL_INPUT::ExcellentPrint(kn::FVector &) [DWARF: static -- no implicit `this`, do NOT add a leading self/object-pointer argument]	C:/hd25/kingdom2/sasa/musical_input.cpp
0022aef0	_ZN2sa13MUSICAL_INPUT9GoodPrintERN2kn7FVectorE	sim-high	1	1	sa::MUSICAL_TARGET *	sa::MUSICAL_INPUT::GoodPrint(kn::FVector &) [DWARF: static -- no implicit `this`, do NOT add a leading self/object-pointer argument]	C:/hd25/kingdom2/sasa/musical_input.cpp
0022af48	_ZN2sa13MUSICAL_INPUT8BadPrintERN2kn7FVectorE	sim-high	1	1	sa::MUSICAL_TARGET *	sa::MUSICAL_INPUT::BadPrint(kn::FVector &) [DWARF: static -- no implicit `this`, do NOT add a leading self/object-pointer argument]	C:/hd25/kingdom2/sasa/musical_input.cpp
0022afa0	_ZN2sa13MUSICAL_INPUT14ExcellentScoreEi	sim-med	1	1	int	sa::MUSICAL_INPUT::ExcellentScore(int) [DWARF: static -- no implicit `this`, do NOT add a leading self/object-pointer argument]	C:/hd25/kingdom2/sasa/musical_input.cpp
0022afe8	_ZN2sa13MUSICAL_INPUT9GoodScoreEi	sim-med	1	1	int	sa::MUSICAL_INPUT::GoodScore(int) [DWARF: static -- no implicit `this`, do NOT add a leading self/object-pointer argument]	C:/hd25/kingdom2/sasa/musical_input.cpp
0022b028	_ZN2sa13MUSICAL_INPUT8BadScoreEi	sim-high	1	1	int	sa::MUSICAL_INPUT::BadScore(int) [DWARF: static -- no implicit `this`, do NOT add a leading self/object-pointer argument]	C:/hd25/kingdom2/sasa/musical_input.cpp
0022b558	_ZN2sa14MUSICAL_TARGET5startEi	sim-high	1	1	sa::MUSICAL_TARGET *	sa::MUSICAL_TARGET::start(int) [DWARF: static -- no implicit `this`, do NOT add a leading self/object-pointer argument]	C:/hd25/kingdom2/sasa/musical_target.cpp
0022b5c0	_ZN2sa14MUSICAL_TARGET7destroyEv	high	0	1		sa::MUSICAL_TARGET::destroy(sa::MUSICAL_TARGET *)	C:/hd25/kingdom2/sasa/musical_target.cpp
0022b5f0	_ZN2sa14MUSICAL_TARGET6updateEv	high	0	1		sa::MUSICAL_TARGET::update(sa::MUSICAL_TARGET *)	C:/hd25/kingdom2/sasa/musical_target.cpp
0022b838	_ZN2sa10MUSICAL_2D4readEv	high	1	0		sa::MUSICAL_2D::read() [DWARF: static -- no implicit `this`, do NOT add a leading self/object-pointer argument]	C:/hd25/kingdom2/sasa/musical_2d.cpp
0022b898	_ZN2sa10MUSICAL_2D4initEv	med	1	0		sa::MUSICAL_2D::init() [DWARF: static -- no implicit `this`, do NOT add a leading self/object-pointer argument]	C:/hd25/kingdom2/sasa/musical_2d.cpp
0022b930	_ZN2sa10MUSICAL_2D5leaveEv	high	1	0		sa::MUSICAL_2D::leave() [DWARF: static -- no implicit `this`, do NOT add a leading self/object-pointer argument]	C:/hd25/kingdom2/sasa/musical_2d.cpp
0022b948	_ZN2sa10MUSICAL_2D4exitEv	sim-sandwich	1	0		sa::MUSICAL_2D::exit() [DWARF: static -- no implicit `this`, do NOT add a leading self/object-pointer argument]	C:/hd25/kingdom2/sasa/musical_2d.cpp
0022bb60	_ZN2sa5EVENT9movie_endEP4TASK	med	1	1		sa::EVENT::movie_end(TASK *) [DWARF: static -- no implicit `this`, do NOT add a leading self/object-pointer argument]	C:/hd25/kingdom2/sasa/event_movie.cpp
0022bc08	_ZN2sa5EVENT17set_bin_seq_movieERNS_13BIN_SEQ_MOVIEEP4TASK	high	1	2		sa::EVENT::set_bin_seq_movie(sa::BIN_SEQ_MOVIE &, TASK *) [DWARF: static -- no implicit `this`, do NOT add a leading self/object-pointer argument]	C:/hd25/kingdom2/sasa/event_movie.cpp
0022bd90	_ZN2sa5EVENT13isSecretMovieEv	med	1	0	bool	sa::EVENT::isSecretMovie() [DWARF: static -- no implicit `this`, do NOT add a leading self/object-pointer argument]	C:/hd25/kingdom2/sasa/event_movie.cpp
0022be58	_ZN2sa9COUNTDOWN7destroyEv	high	0	1		sa::COUNTDOWN::destroy(sa::COUNTDOWN *)	C:/hd25/kingdom2/sasa/event_countdown.cpp
0022bef8	_ZN2sa5EVENT17set_bin_countdownERNS_13BIN_COUNTDOWNEP4TASK	high	1	2		sa::EVENT::set_bin_countdown(sa::BIN_COUNTDOWN &, TASK *) [DWARF: static -- no implicit `this`, do NOT add a leading self/object-pointer argument]	C:/hd25/kingdom2/sasa/event_countdown.cpp
0022c108	_ZN2sa5EVENT14last_countdownEv	high	1	0		sa::EVENT::last_countdown() [DWARF: static -- no implicit `this`, do NOT add a leading self/object-pointer argument]	C:/hd25/kingdom2/sasa/event_countdown.cpp
0022c1f8	_ZN2sa12ROUND_NUMBER6createEiPNS_9COUNTDOWNE	med	0	3		sa::ROUND_NUMBER::create(sa::ROUND_NUMBER *, int, sa::COUNTDOWN *)	C:/hd25/kingdom2/sasa/event_countdown.cpp
0022c410	_ZN2sa12ROUND_NUMBER7destroyEv	high	0	1		sa::ROUND_NUMBER::destroy(sa::ROUND_NUMBER *)	C:/hd25/kingdom2/sasa/event_countdown.cpp
0022c4b8	_ZN2sa5EVENT17getLayoutFileNameEPc	sim-sib-med	1	1	char *	sa::EVENT::getLayoutFileName(char *) [DWARF: static -- no implicit `this`, do NOT add a leading self/object-pointer argument]	C:/hd25/kingdom2/sasa/event_layout.cpp
0022c508	_ZN2sa5EVENT15layout_read_setEPc	sim-med	1	1		sa::EVENT::layout_read_set(char *) [DWARF: static -- no implicit `this`, do NOT add a leading self/object-pointer argument]	C:/hd25/kingdom2/sasa/event_layout.cpp
0022c530	_ZN2sa5EVENT25set_bin_seq_layout_nonameERNS_14BIN_SEQ_LAYOUTEP4TASK	high	1	2		sa::EVENT::set_bin_seq_layout_noname(sa::BIN_SEQ_LAYOUT &, TASK *) [DWARF: static -- no implicit `this`, do NOT add a leading self/object-pointer argument]	C:/hd25/kingdom2/sasa/event_layout.cpp
0022c590	_ZN2sa5EVENT26set_bin_seq_mission_effectERNS_22BIN_SEQ_MISSION_EFFECTEP4TASK	sim-high	1	2		sa::EVENT::set_bin_seq_mission_effect(sa::BIN_SEQ_MISSION_EFFECT &, TASK *) [DWARF: static -- no implicit `this`, do NOT add a leading self/object-pointer argument]	C:/hd25/kingdom2/sasa/event_mission_effect.cpp
0022c840	_ZN2sa9mu060TaskEP4TASK	sim-high	1	1		sa::mu060Task(TASK *) [DWARF: static -- no implicit `this`, do NOT add a leading self/object-pointer argument]	C:/hd25/kingdom2/sasa/event_tag.cpp
0022c8f8	_ZN2sa5EVENT7callTagEi	med	1	1		sa::EVENT::callTag(const int) [DWARF: static -- no implicit `this`, do NOT add a leading self/object-pointer argument]	C:/hd25/kingdom2/sasa/event_tag.cpp
0022ca00	_ZN2sa5EVENT10light_ctrlEv	high	1	0		sa::EVENT::light_ctrl() [DWARF: static -- no implicit `this`, do NOT add a leading self/object-pointer argument]	C:/hd25/kingdom2/sasa/event_light.cpp
0022cae8	_ZN2sa5EVENT16set_bin_vib_dataERNS_12BIN_VIB_DATAEP4TASK	med	1	2		sa::EVENT::set_bin_vib_data(sa::BIN_VIB_DATA &, TASK *) [DWARF: static -- no implicit `this`, do NOT add a leading self/object-pointer argument]	C:/hd25/kingdom2/sasa/event_vib.cpp
0022cba0	_ZN2sa5EVENT7vibTaskEP4TASK	med	1	1		sa::EVENT::vibTask(TASK *) [DWARF: static -- no implicit `this`, do NOT add a leading self/object-pointer argument]	C:/hd25/kingdom2/sasa/event_vib.cpp
0022cc08	_ZN2sa5EVENT16vibTaskFinalizerEP4TASK	med	1	1		sa::EVENT::vibTaskFinalizer(TASK *) [DWARF: static -- no implicit `this`, do NOT add a leading self/object-pointer argument]	C:/hd25/kingdom2/sasa/event_vib.cpp
0022cc38	_ZN2sa5EVENT16set_bin_seq_fadeERNS_12BIN_SEQ_FADEEP4TASK	med	1	2		sa::EVENT::set_bin_seq_fade(sa::BIN_SEQ_FADE &, TASK *) [DWARF: static -- no implicit `this`, do NOT add a leading self/object-pointer argument]	C:/hd25/kingdom2/sasa/event_disp.cpp
0022cd48	_ZN2sa5EVENT16set_bin_seq_blurERNS_12BIN_SEQ_BLUREP4TASK	high	1	2		sa::EVENT::set_bin_seq_blur(sa::BIN_SEQ_BLUR &, TASK *) [DWARF: static -- no implicit `this`, do NOT add a leading self/object-pointer argument]	C:/hd25/kingdom2/sasa/event_disp.cpp
0022ce00	_ZN2sa5EVENT21set_bin_seq_obj_pauseERNS_17BIN_SEQ_OBJ_PAUSEEP4TASK	sim-high	1	2		sa::EVENT::set_bin_seq_obj_pause(sa::BIN_SEQ_OBJ_PAUSE &, TASK *) [DWARF: static -- no implicit `this`, do NOT add a leading self/object-pointer argument]	C:/hd25/kingdom2/sasa/event_disp.cpp
0022ce50	_ZN2sa5EVENT16set_bin_seq_glowERNS_12BIN_SEQ_GLOWEP4TASK	med	1	2		sa::EVENT::set_bin_seq_glow(sa::BIN_SEQ_GLOW &, TASK *) [DWARF: static -- no implicit `this`, do NOT add a leading self/object-pointer argument]	C:/hd25/kingdom2/sasa/event_disp.cpp
0022cea0	_ZN2sa5EVENT17set_bin_seq_focusERNS_13BIN_SEQ_FOCUSEP4TASK	sim-high	1	2		sa::EVENT::set_bin_seq_focus(sa::BIN_SEQ_FOCUS &, TASK *) [DWARF: static -- no implicit `this`, do NOT add a leading self/object-pointer argument]	C:/hd25/kingdom2/sasa/event_disp.cpp
0022cf18	_ZN2sa9shakeTaskEP4TASK	med	1	1		sa::shakeTask(TASK *) [DWARF: static -- no implicit `this`, do NOT add a leading self/object-pointer argument]	C:/hd25/kingdom2/sasa/event_disp.cpp
0022cf60	_ZN2sa5EVENT13set_bin_shakeERNS_9BIN_SHAKEEP4TASK	med	1	2		sa::EVENT::set_bin_shake(sa::BIN_SHAKE &, TASK *) [DWARF: static -- no implicit `this`, do NOT add a leading self/object-pointer argument]	C:/hd25/kingdom2/sasa/event_disp.cpp
0022d000	_ZN2sa5EVENT12blackFogTaskEP4TASK	sim-med	1	1		sa::EVENT::blackFogTask(TASK *) [DWARF: static -- no implicit `this`, do NOT add a leading self/object-pointer argument]	C:/hd25/kingdom2/sasa/event_disp.cpp
0022d068	_ZN2sa5EVENT21blackFogTaskFinalizerEP4TASK	sim-med	1	1		sa::EVENT::blackFogTaskFinalizer(TASK *) [DWARF: static -- no implicit `this`, do NOT add a leading self/object-pointer argument]	C:/hd25/kingdom2/sasa/event_disp.cpp
0022d098	_ZN2sa5EVENT17set_bin_black_fogERNS_13BIN_BLACK_FOGEP4TASK	sim-high	1	2		sa::EVENT::set_bin_black_fog(sa::BIN_BLACK_FOG &, TASK *) [DWARF: static -- no implicit `this`, do NOT add a leading self/object-pointer argument]	C:/hd25/kingdom2/sasa/event_disp.cpp
0022d1d8	_ZN2sa5EVENT11set_bin_fogERNS_7BIN_FOGEP4TASK	sim-sandwich	1	2		sa::EVENT::set_bin_fog(sa::BIN_FOG &, TASK *) [DWARF: static -- no implicit `this`, do NOT add a leading self/object-pointer argument]	C:/hd25/kingdom2/sasa/event_disp.cpp
0022d238	_ZN2sa5EVENT15set_bin_sky_offERNS_11BIN_SKY_OFFEP4TASK	sim-sandwich	1	2		sa::EVENT::set_bin_sky_off(sa::BIN_SKY_OFF &, TASK *) [DWARF: static -- no implicit `this`, do NOT add a leading self/object-pointer argument]	C:/hd25/kingdom2/sasa/event_disp.cpp
0022d288	_ZN2sa5EVENT17set_bin_hide_fobjERNS_13BIN_HIDE_FOBJEP4TASK	sim-high	1	2		sa::EVENT::set_bin_hide_fobj(sa::BIN_HIDE_FOBJ &, TASK *) [DWARF: static -- no implicit `this`, do NOT add a leading self/object-pointer argument]	C:/hd25/kingdom2/sasa/event_disp.cpp
0022d3a8	_ZN2sa5EVENT12system_startERNS_16BIN_SYSTEM_STARTEP4TASK	med	1	2		sa::EVENT::system_start(sa::BIN_SYSTEM_START &, TASK *) [DWARF: static -- no implicit `this`, do NOT add a leading self/object-pointer argument]	C:/hd25/kingdom2/sasa/event_system.cpp
0022d3b8	_ZN2sa5EVENT19seq_event_end_frameERNS_19BIN_EVENT_END_FRAMEE	med	1	1		sa::EVENT::seq_event_end_frame(sa::BIN_EVENT_END_FRAME &) [DWARF: static -- no implicit `this`, do NOT add a leading self/object-pointer argument]	C:/hd25/kingdom2/sasa/event_system.cpp
0022d440	_ZN2sa5EVENT13leaveAllActorEv	med	1	0		sa::EVENT::leaveAllActor() [DWARF: static -- no implicit `this`, do NOT add a leading self/object-pointer argument]	C:/hd25/kingdom2/sasa/event_system.cpp
0022d4e8	_ZN2sa5EVENT11reloadActorERNS_15BIN_CACHE_CLEARE	high	1	1		sa::EVENT::reloadActor(sa::BIN_CACHE_CLEAR &) [DWARF: static -- no implicit `this`, do NOT add a leading self/object-pointer argument]	C:/hd25/kingdom2/sasa/event_system.cpp
0022d618	_ZN2sa5EVENT16set_bin_bg_grupeERNS_12BIN_BG_GRUPEEP4TASK	med	1	2		sa::EVENT::set_bin_bg_grupe(sa::BIN_BG_GRUPE &, TASK *) [DWARF: static -- no implicit `this`, do NOT add a leading self/object-pointer argument]	C:/hd25/kingdom2/sasa/event_bg.cpp
0022d688	_ZN2sa5EVENT17set_bin_wide_maskERNS_13BIN_WIDE_MASKEP4TASK	med	1	2		sa::EVENT::set_bin_wide_mask(sa::BIN_WIDE_MASK &, TASK *) [DWARF: static -- no implicit `this`, do NOT add a leading self/object-pointer argument]	C:/hd25/kingdom2/sasa/event_bg.cpp
0022d778	_ZN2sa5EVENT17set_bin_wall_clipERNS_13BIN_WALL_CLIPEP4TASK	sim-high	1	2		sa::EVENT::set_bin_wall_clip(sa::BIN_WALL_CLIP &, TASK *) [DWARF: static -- no implicit `this`, do NOT add a leading self/object-pointer argument]	C:/hd25/kingdom2/sasa/event_bg.cpp
0022d7d8	_ZN2sa5EVENT6isWideEv	med	1	0	bool	sa::EVENT::isWide() [DWARF: static -- no implicit `this`, do NOT add a leading self/object-pointer argument]	C:/hd25/kingdom2/sasa/event_bg.cpp
0022d7e8	_ZN2sa5EVENT11initMessageEv	med	1	0		sa::EVENT::initMessage() [DWARF: static -- no implicit `this`, do NOT add a leading self/object-pointer argument]	C:/hd25/kingdom2/sasa/event_message.cpp
0022d820	_ZN2sa5EVENT13ensureMessageEv	med	1	0		sa::EVENT::ensureMessage() [DWARF: static -- no implicit `this`, do NOT add a leading self/object-pointer argument]	C:/hd25/kingdom2/sasa/event_message.cpp
0022d880	_ZN2sa5EVENT15set_bin_seq_mesERNS_11BIN_SEQ_MESEP4TASK	med	1	2		sa::EVENT::set_bin_seq_mes(sa::BIN_SEQ_MES &, TASK *) [DWARF: static -- no implicit `this`, do NOT add a leading self/object-pointer argument]	C:/hd25/kingdom2/sasa/event_message.cpp
0022d9b0	_ZN2sa5EVENT24set_bin_seq_wait_messageERNS_20BIN_SEQ_WAIT_MESSAGEEP4TASK	med	1	2		sa::EVENT::set_bin_seq_wait_message(sa::BIN_SEQ_WAIT_MESSAGE &, TASK *) [DWARF: static -- no implicit `this`, do NOT add a leading self/object-pointer argument]	C:/hd25/kingdom2/sasa/event_message.cpp
0022dc30	_ZN2sa5EVENT21set_bin_effect_deleteERNS_17BIN_EFFECT_DELETEEP4TASK	med	1	2		sa::EVENT::set_bin_effect_delete(sa::BIN_EFFECT_DELETE &, TASK *) [DWARF: static -- no implicit `this`, do NOT add a leading self/object-pointer argument]	C:/hd25/kingdom2/sasa/event_effect.cpp
0022dd40	_ZN2sa5EVENT21set_bin_effect_deleteERNS_17BIN_EFFECT_DELETEEP4TASK	sim-rerun-high	1	2		sa::EVENT::set_bin_effect_delete(sa::BIN_EFFECT_DELETE &, TASK *) [DWARF: static -- no implicit `this`, do NOT add a leading self/object-pointer argument]	C:/hd25/kingdom2/sasa/event_effect.cpp
0022dd80	_ZN2sa5EVENT14set_effect_seqERNS_14BIN_EFFECT_SEQEP4TASK	sim-high	1	2		sa::EVENT::set_effect_seq(sa::BIN_EFFECT_SEQ &, TASK *) [DWARF: static -- no implicit `this`, do NOT add a leading self/object-pointer argument]	C:/hd25/kingdom2/sasa/event_effect.cpp
0022e188	_ZN2sa5EVENT14getPaxFileNameEPc	sim-sib-med	1	1	char *	sa::EVENT::getPaxFileName(char *) [DWARF: static -- no implicit `this`, do NOT add a leading self/object-pointer argument]	C:/hd25/kingdom2/sasa/event_effect.cpp
0022e1f8	_ZN2sa5EVENT15effect_read_setEPci	sim-high	1	2		sa::EVENT::effect_read_set(char *, int) [DWARF: static -- no implicit `this`, do NOT add a leading self/object-pointer argument]	C:/hd25/kingdom2/sasa/event_effect.cpp
0022e288	_ZN2sa5EVENT14leaveAllEffectEv	high	1	0		sa::EVENT::leaveAllEffect() [DWARF: static -- no implicit `this`, do NOT add a leading self/object-pointer argument]	C:/hd25/kingdom2/sasa/event_effect.cpp
0022e3e8	_ZN2sa5EVENT12set_kage_seqERNS_12BIN_KAGE_SEQEP4TASK	high	1	2		sa::EVENT::set_kage_seq(sa::BIN_KAGE_SEQ &, TASK *) [DWARF: static -- no implicit `this`, do NOT add a leading self/object-pointer argument]	C:/hd25/kingdom2/sasa/event_obj.cpp
0022e468	_ZN2sa5EVENT10set_ik_seqERNS_10BIN_IK_SEQEP4TASK	high	1	2		sa::EVENT::set_ik_seq(sa::BIN_IK_SEQ &, TASK *) [DWARF: static -- no implicit `this`, do NOT add a leading self/object-pointer argument]	C:/hd25/kingdom2/sasa/event_obj.cpp
0022e4f0	_ZN2sa5EVENT14set_mirror_seqERNS_10BIN_MIRROREP4TASK	sim-high	1	2		sa::EVENT::set_mirror_seq(sa::BIN_MIRROR &, TASK *) [DWARF: static -- no implicit `this`, do NOT add a leading self/object-pointer argument]	C:/hd25/kingdom2/sasa/event_obj.cpp
0022e6b0	_ZN2sa5EVENT8setScaleEiPN2YS3OBJEf	sim-med	1	3		sa::EVENT::setScale(int, YS::OBJ *, float) [DWARF: static -- no implicit `this`, do NOT add a leading self/object-pointer argument]	C:/hd25/kingdom2/sasa/event_obj.cpp
0022e728	_ZN2sa5EVENT12objScaleTaskEP4TASK	sim-high	1	1		sa::EVENT::objScaleTask(TASK *) [DWARF: static -- no implicit `this`, do NOT add a leading self/object-pointer argument]	C:/hd25/kingdom2/sasa/event_obj.cpp
0022e7e8	_ZN2sa5EVENT21objScaleTaskFinalizerEP4TASK	sim-rerun-med	1	1		sa::EVENT::objScaleTaskFinalizer(TASK *) [DWARF: static -- no implicit `this`, do NOT add a leading self/object-pointer argument]	C:/hd25/kingdom2/sasa/event_obj.cpp
0022e818	_ZN2sa5EVENT13set_scale_seqERNS_9BIN_SCALEEP4TASK	sim-high	1	2		sa::EVENT::set_scale_seq(sa::BIN_SCALE &, TASK *) [DWARF: static -- no implicit `this`, do NOT add a leading self/object-pointer argument]	C:/hd25/kingdom2/sasa/event_obj.cpp
0022e9f8	_ZN2sa5EVENT20objTurnTaskFinalizerEP4TASK	med	1	1		sa::EVENT::objTurnTaskFinalizer(TASK *) [DWARF: static -- no implicit `this`, do NOT add a leading self/object-pointer argument]	C:/hd25/kingdom2/sasa/event_obj.cpp
0022ea28	_ZN2sa5EVENT12set_turn_seqERNS_8BIN_TURNEP4TASK	med	1	2		sa::EVENT::set_turn_seq(sa::BIN_TURN &, TASK *) [DWARF: static -- no implicit `this`, do NOT add a leading self/object-pointer argument]	C:/hd25/kingdom2/sasa/event_obj.cpp
0022eb80	_ZN2sa5EVENT14set_lookat_seqERNS_10BIN_LOOKATEP4TASK	med	1	2		sa::EVENT::set_lookat_seq(sa::BIN_LOOKAT &, TASK *) [DWARF: static -- no implicit `this`, do NOT add a leading self/object-pointer argument]	C:/hd25/kingdom2/sasa/event_obj.cpp
0022ed70	_ZN2sa5EVENT15shadowAlphaTaskEP4TASK	sim-high	1	1		sa::EVENT::shadowAlphaTask(TASK *) [DWARF: static -- no implicit `this`, do NOT add a leading self/object-pointer argument]	C:/hd25/kingdom2/sasa/event_obj.cpp
0022ee00	_ZN2sa5EVENT24shadowAlphaTaskFinalizerEP4TASK	sim-rerun-med	1	1		sa::EVENT::shadowAlphaTaskFinalizer(TASK *) [DWARF: static -- no implicit `this`, do NOT add a leading self/object-pointer argument]	C:/hd25/kingdom2/sasa/event_obj.cpp
0022ee30	_ZN2sa5EVENT20set_shadow_alpha_seqERNS_16BIN_SHADOW_ALPHAEP4TASK	sim-high	1	2		sa::EVENT::set_shadow_alpha_seq(sa::BIN_SHADOW_ALPHA &, TASK *) [DWARF: static -- no implicit `this`, do NOT add a leading self/object-pointer argument]	C:/hd25/kingdom2/sasa/event_obj.cpp
0022ef50	_ZN2sa5EVENT12set_part_seqERNS_12BIN_PART_SEQEP4TASK	high	1	2		sa::EVENT::set_part_seq(sa::BIN_PART_SEQ &, TASK *) [DWARF: static -- no implicit `this`, do NOT add a leading self/object-pointer argument]	C:/hd25/kingdom2/sasa/event_obj.cpp
0022efb8	_ZN2sa5EVENT13set_alpha_seqERNS_13BIN_ALPHA_SEQEP4TASK	high	1	2		sa::EVENT::set_alpha_seq(sa::BIN_ALPHA_SEQ &, TASK *) [DWARF: static -- no implicit `this`, do NOT add a leading self/object-pointer argument]	C:/hd25/kingdom2/sasa/event_obj.cpp
0022f018	_ZN2sa5EVENT14set_attach_seqERNS_14BIN_ATTACH_SEQEP4TASK	med	1	2		sa::EVENT::set_attach_seq(sa::BIN_ATTACH_SEQ &, TASK *) [DWARF: static -- no implicit `this`, do NOT add a leading self/object-pointer argument]	C:/hd25/kingdom2/sasa/event_obj.cpp
0022f200	_ZN2sa5EVENT13set_bgcol_seqERNS_13BIN_BGCOL_SEQEP4TASK	high	1	2		sa::EVENT::set_bgcol_seq(sa::BIN_BGCOL_SEQ &, TASK *) [DWARF: static -- no implicit `this`, do NOT add a leading self/object-pointer argument]	C:/hd25/kingdom2/sasa/event_obj.cpp
0022f308	_ZN2sa5EVENT15set_bin_seq_memERNS_11BIN_SEQ_MEMEP4TASK	med	1	2		sa::EVENT::set_bin_seq_mem(sa::BIN_SEQ_MEM &, TASK *) [DWARF: static -- no implicit `this`, do NOT add a leading self/object-pointer argument]	C:/hd25/kingdom2/sasa/event_obj.cpp
0022f3a8	_ZN2sa5EVENT10entry_ctrlEv	med	1	0		sa::EVENT::entry_ctrl() [DWARF: static -- no implicit `this`, do NOT add a leading self/object-pointer argument]	C:/hd25/kingdom2/sasa/event_obj.cpp
0022f528	_ZN2sa5EVENT9set_charaERNS_9BIN_CHARAEP4TASK	med	1	2		sa::EVENT::set_chara(sa::BIN_CHARA &, TASK *) [DWARF: static -- no implicit `this`, do NOT add a leading self/object-pointer argument]	C:/hd25/kingdom2/sasa/event_obj.cpp
0022f5a0	_ZN2sa5EVENT14chara_read_setEPcii	med	1	3		sa::EVENT::chara_read_set(char *, int, int) [DWARF: static -- no implicit `this`, do NOT add a leading self/object-pointer argument]	C:/hd25/kingdom2/sasa/event_obj.cpp
0022f5e8	_ZN2sa5EVENT11leaveAllObjEv	med	1	0	bool	sa::EVENT::leaveAllObj() [DWARF: static -- no implicit `this`, do NOT add a leading self/object-pointer argument]	C:/hd25/kingdom2/sasa/event_obj.cpp
0022f6b8	_ZN2sa5EVENT7set_rotEPN2YS3OBJERN2kn7FVectorE	med	1	2		sa::EVENT::set_rot(YS::OBJ *, kn::FVector &) [DWARF: static -- no implicit `this`, do NOT add a leading self/object-pointer argument]	C:/hd25/kingdom2/sasa/event_obj.cpp
0022f7c0	_ZN2sa5EVENT16set_bin_seq_posiERNS_12BIN_SEQ_POSIEP4TASK	med	1	2		sa::EVENT::set_bin_seq_posi(sa::BIN_SEQ_POSI &, TASK *) [DWARF: static -- no implicit `this`, do NOT add a leading self/object-pointer argument]	C:/hd25/kingdom2/sasa/event_obj.cpp
002306a8	_ZN2sa5EVENT11spline_ctrlEv	med	1	0		sa::EVENT::spline_ctrl() [DWARF: static -- no implicit `this`, do NOT add a leading self/object-pointer argument]	C:/hd25/kingdom2/sasa/event_move.cpp
002309c8	_ZN2sa5EVENT11objMoveTaskEP4TASK	high	1	1		sa::EVENT::objMoveTask(TASK *) [DWARF: static -- no implicit `this`, do NOT add a leading self/object-pointer argument]	C:/hd25/kingdom2/sasa/event_move.cpp
00230ae8	_ZN2sa5EVENT20objMoveTaskFinalizerEP4TASK	med	1	1		sa::EVENT::objMoveTaskFinalizer(TASK *) [DWARF: static -- no implicit `this`, do NOT add a leading self/object-pointer argument]	C:/hd25/kingdom2/sasa/event_move.cpp
00230b50	_ZN2sa5EVENT20set_bin_seq_pos_moveERNS_16BIN_SEQ_POS_MOVEEP4TASK	med	1	2		sa::EVENT::set_bin_seq_pos_move(sa::BIN_SEQ_POS_MOVE &, TASK *) [DWARF: static -- no implicit `this`, do NOT add a leading self/object-pointer argument]	C:/hd25/kingdom2/sasa/event_move.cpp
00230de0	_ZN2sa5EVENT9calcValueEifPNS_22BIN_CAMERA_DATA_ENC_WKES2_	sim-med	1	4	float	sa::EVENT::calcValue(int, float, sa::BIN_CAMERA_DATA_ENC_WK *, sa::BIN_CAMERA_DATA_ENC_WK *) [DWARF: static -- no implicit `this`, do NOT add a leading self/object-pointer argument]	C:/hd25/kingdom2/sasa/event_camera.cpp
00230f10	_ZN2sa5EVENT9calcValueEfPNS_22BIN_CAMERA_DATA_ENC_WKEiS2_	sim-med	1	4	float	sa::EVENT::calcValue(float, sa::BIN_CAMERA_DATA_ENC_WK *, int, sa::BIN_CAMERA_DATA_ENC_WK *) [DWARF: static -- no implicit `this`, do NOT add a leading self/object-pointer argument]	C:/hd25/kingdom2/sasa/event_camera.cpp
002311c0	_ZN2sa5EVENT13calcValue_encERNS_18BIN_CAMERA_DATA_WKEPNS_19BIN_CAMERA_DATA_ENCEf	sim-high	1	3		sa::EVENT::calcValue_enc(sa::BIN_CAMERA_DATA_WK &, sa::BIN_CAMERA_DATA_ENC *, float) [DWARF: static -- no implicit `this`, do NOT add a leading self/object-pointer argument]	C:/hd25/kingdom2/sasa/event_camera.cpp
00231390	_ZN2sa5EVENT20calcValue_objDefaultERNS_18BIN_CAMERA_DATA_WKERNS_23OBJ_DEFAULT_CAMERA_DATAEf	sim-med	1	3		sa::EVENT::calcValue_objDefault(sa::BIN_CAMERA_DATA_WK &, sa::OBJ_DEFAULT_CAMERA_DATA &, float) [DWARF: static -- no implicit `this`, do NOT add a leading self/object-pointer argument]	C:/hd25/kingdom2/sasa/event_camera.cpp
00231500	_ZN2sa5EVENT11camera_ctrlEv	high	1	0		sa::EVENT::camera_ctrl() [DWARF: static -- no implicit `this`, do NOT add a leading self/object-pointer argument]	C:/hd25/kingdom2/sasa/event_camera.cpp
00231948	_ZN2sa5EVENT21set_bin_seq_crossfadeERNS_17BIN_SEQ_CROSSFADEEP4TASK	high	1	2		sa::EVENT::set_bin_seq_crossfade(sa::BIN_SEQ_CROSSFADE &, TASK *) [DWARF: static -- no implicit `this`, do NOT add a leading self/object-pointer argument]	C:/hd25/kingdom2/sasa/event_camera.cpp
002319c0	_ZN2sa5EVENT22set_objcamera_event_inEi	high	1	1		sa::EVENT::set_objcamera_event_in(int) [DWARF: static -- no implicit `this`, do NOT add a leading self/object-pointer argument]	C:/hd25/kingdom2/sasa/event_camera.cpp
00232070	_ZN2sa5EVENT21set_bin_seq_objcameraERNS_17BIN_SEQ_OBJCAMERAEP4TASK	high	1	2		sa::EVENT::set_bin_seq_objcamera(sa::BIN_SEQ_OBJCAMERA &, TASK *) [DWARF: static -- no implicit `this`, do NOT add a leading self/object-pointer argument]	C:/hd25/kingdom2/sasa/event_camera.cpp
00232100	_ZN2sa5EVENT24set_bin_seq_start_cameraERNS_20BIN_SEQ_START_CAMERAEP4TASK	med	1	2		sa::EVENT::set_bin_seq_start_camera(sa::BIN_SEQ_START_CAMERA &, TASK *) [DWARF: static -- no implicit `this`, do NOT add a leading self/object-pointer argument]	C:/hd25/kingdom2/sasa/event_camera.cpp
00232150	_ZN2sa5EVENT22playerOffsetCameraTaskEP4TASK	med	1	1		sa::EVENT::playerOffsetCameraTask(TASK *) [DWARF: static -- no implicit `this`, do NOT add a leading self/object-pointer argument]	C:/hd25/kingdom2/sasa/event_camera.cpp
002322b8	_ZN2sa5EVENT24set_player_offset_cameraERNS_24BIN_PLAYER_OFFSET_CAMERAEP4TASK	med	1	2		sa::EVENT::set_player_offset_camera(sa::BIN_PLAYER_OFFSET_CAMERA &, TASK *) [DWARF: static -- no implicit `this`, do NOT add a leading self/object-pointer argument]	C:/hd25/kingdom2/sasa/event_camera.cpp
00232348	_ZN2Tz6Config9isVoiceJPEv	sim-sib-high	1	0	bool	Tz::Config::isVoiceJP() [DWARF: static -- no implicit `this`, do NOT add a leading self/object-pointer argument]	C:/hd25/kingdom2/tozawa/config.cpp
00232498	_ZN2sa5EVENT16getAudioFileNameEPc	sim-sib-high	1	1	char *	sa::EVENT::getAudioFileName(char *) [DWARF: static -- no implicit `this`, do NOT add a leading self/object-pointer argument]	C:/hd25/kingdom2/sasa/event_audio.cpp
00232510	_ZN2sa5EVENT14audio_read_setEPcNS_11EVENT_ALLOC10ALLOC_TYPEE	sim-high	1	2		sa::EVENT::audio_read_set(char *, sa::EVENT_ALLOC::ALLOC_TYPE) [DWARF: static -- no implicit `this`, do NOT add a leading self/object-pointer argument]	C:/hd25/kingdom2/sasa/event_audio.cpp
00232590	_ZN2sa5EVENT14set_audio_dataERNS_9BIN_AUDIOE	high	1	1		sa::EVENT::set_audio_data(sa::BIN_AUDIO &) [DWARF: static -- no implicit `this`, do NOT add a leading self/object-pointer argument]	C:/hd25/kingdom2/sasa/event_audio.cpp
00232738	_ZN2sa5EVENT10audio_ctrlEv	high	1	0		sa::EVENT::audio_ctrl() [DWARF: static -- no implicit `this`, do NOT add a leading self/object-pointer argument]	C:/hd25/kingdom2/sasa/event_audio.cpp
002328c0	_ZN2sa5EVENT25set_bin_voice_all_fadeoutERNS_21BIN_VOICE_ALL_FADEOUTEP4TASK	med	1	2		sa::EVENT::set_bin_voice_all_fadeout(sa::BIN_VOICE_ALL_FADEOUT &, TASK *) [DWARF: static -- no implicit `this`, do NOT add a leading self/object-pointer argument]	C:/hd25/kingdom2/sasa/event_audio.cpp
00232988	_ZN2sa5EVENT10audio_freeEv	med	1	0		sa::EVENT::audio_free() [DWARF: static -- no implicit `this`, do NOT add a leading self/object-pointer argument]	C:/hd25/kingdom2/sasa/event_audio.cpp
00232a48	_ZN2sa5EVENT12read_se_dataERNS_11BIN_SE_DATAEP4TASK	high	1	2		sa::EVENT::read_se_data(sa::BIN_SE_DATA &, TASK *) [DWARF: static -- no implicit `this`, do NOT add a leading self/object-pointer argument]	C:/hd25/kingdom2/sasa/event_se.cpp
00232c88	_ZN2sa5EVENT10set_se_seqERNS_10BIN_SE_SEQEP4TASK	high	1	2		sa::EVENT::set_se_seq(sa::BIN_SE_SEQ &, TASK *) [DWARF: static -- no implicit `this`, do NOT add a leading self/object-pointer argument]	C:/hd25/kingdom2/sasa/event_se.cpp
00232d60	_ZN2sa5EVENT16set_bin_seq_bgseERNS_12BIN_SEQ_BGSEEP4TASK	med	1	2		sa::EVENT::set_bin_seq_bgse(sa::BIN_SEQ_BGSE &, TASK *) [DWARF: static -- no implicit `this`, do NOT add a leading self/object-pointer argument]	C:/hd25/kingdom2/sasa/event_se.cpp
00232db0	_ZN2sa5EVENT17clearMotionCtrlWkEi	high	1	1		sa::EVENT::clearMotionCtrlWk(int) [DWARF: static -- no implicit `this`, do NOT add a leading self/object-pointer argument]	C:/hd25/kingdom2/sasa/event_motion.cpp
00232f08	_ZN2sa5EVENT11motion_ctrlEv	med	1	0		sa::EVENT::motion_ctrl() [DWARF: static -- no implicit `this`, do NOT add a leading self/object-pointer argument]	C:/hd25/kingdom2/sasa/event_motion.cpp
002330b0	_ZN2sa5EVENT14motionCallbackEPN2YS6BINARCEjPv	med	1	3		sa::EVENT::motionCallback(YS::BINARC *, size_t, void *) [DWARF: static -- no implicit `this`, do NOT add a leading self/object-pointer argument]	C:/hd25/kingdom2/sasa/event_motion.cpp
002330c8	_ZN2sa5EVENT17getMotionFileNameEPcS1_	sim-sib-high	1	2	char *	sa::EVENT::getMotionFileName(char *, char *) [DWARF: static -- no implicit `this`, do NOT add a leading self/object-pointer argument]	C:/hd25/kingdom2/sasa/event_motion.cpp
002331a0	_ZN2sa5EVENT15motion_read_setEPcNS_11EVENT_ALLOC10ALLOC_TYPEEiii	med	1	5		sa::EVENT::motion_read_set(char *, sa::EVENT_ALLOC::ALLOC_TYPE, int, int, int) [DWARF: static -- no implicit `this`, do NOT add a leading self/object-pointer argument]	C:/hd25/kingdom2/sasa/event_motion.cpp
002332a8	_ZN2sa5EVENT20set_seq_blend_motionERNS_20BIN_SEQ_BLEND_MOTIONEP4TASK	med	1	2		sa::EVENT::set_seq_blend_motion(sa::BIN_SEQ_BLEND_MOTION &, TASK *) [DWARF: static -- no implicit `this`, do NOT add a leading self/object-pointer argument]	C:/hd25/kingdom2/sasa/event_motion.cpp
00233410	_ZN2sa5EVENT18set_seq_save_pointERNS_18BIN_SEQ_SAVE_POINTEP4TASK	med	1	2		sa::EVENT::set_seq_save_point(sa::BIN_SEQ_SAVE_POINT &, TASK *) [DWARF: static -- no implicit `this`, do NOT add a leading self/object-pointer argument]	C:/hd25/kingdom2/sasa/event_motion.cpp
00233490	_ZN2sa5EVENT11set_seq_mobERNS_11BIN_SEQ_MOBEP4TASK	med	1	2		sa::EVENT::set_seq_mob(sa::BIN_SEQ_MOB &, TASK *) [DWARF: static -- no implicit `this`, do NOT add a leading self/object-pointer argument]	C:/hd25/kingdom2/sasa/event_motion.cpp
00233ce0	_ZN2YI5MCARD4InitEv	med	1	0		YI::MCARD::Init() [DWARF: static -- no implicit `this`, do NOT add a leading self/object-pointer argument]	C:/hd25/kingdom2/ishi/mcard.cpp
00233e58	_ZN2YI5MCARD3EndEv	med	1	0		YI::MCARD::End() [DWARF: static -- no implicit `this`, do NOT add a leading self/object-pointer argument]	C:/hd25/kingdom2/ishi/mcard.cpp
00233e70	_ZN2YI5MCARD4SyncEj	med	1	1	bool	YI::MCARD::Sync(u_int) [DWARF: static -- no implicit `this`, do NOT add a leading self/object-pointer argument]	C:/hd25/kingdom2/ishi/mcard.cpp
00234590	_ZN2YI5MCARD13EntryInfoRootEiPN3Axa11McTblGetDirEiPcPv	med	1	5	u_int	YI::MCARD::EntryInfoRoot(int, DIRECTORY *, int, char *, void *) [DWARF: static -- no implicit `this`, do NOT add a leading self/object-pointer argument]	C:/hd25/kingdom2/ishi/mcard.cpp
002345f0	_ZN2YI5MCARD11EntryFormatEiPv	med	1	2	u_int	YI::MCARD::EntryFormat(int, void *) [DWARF: static -- no implicit `this`, do NOT add a leading self/object-pointer argument]	C:/hd25/kingdom2/ishi/mcard.cpp
00234630	_ZN2YI5MCARD14EntryChangedirEiPcPv	med	1	3	u_int	YI::MCARD::EntryChangedir(int, char *, void *) [DWARF: static -- no implicit `this`, do NOT add a leading self/object-pointer argument]	C:/hd25/kingdom2/ishi/mcard.cpp
002347a8	_ZN2YI5MCARD16GetResultMakeDirEv	med	1	0	YI::MCARD::RESULT_MAKE_DIR	YI::MCARD::GetResultMakeDir() [DWARF: static -- no implicit `this`, do NOT add a leading self/object-pointer argument]	C:/hd25/kingdom2/ishi/mcard.cpp
002347b8	_ZN2YI5MCARD17GetResultMakeFileEv	med	1	0	YI::MCARD::RESULT_MAKE_FILE	YI::MCARD::GetResultMakeFile() [DWARF: static -- no implicit `this`, do NOT add a leading self/object-pointer argument]	C:/hd25/kingdom2/ishi/mcard.cpp
002347d8	_ZN2YI5MCARD13GetResultReadEv	high	1	0	YI::MCARD::RESULT_READ	YI::MCARD::GetResultRead() [DWARF: static -- no implicit `this`, do NOT add a leading self/object-pointer argument]	C:/hd25/kingdom2/ishi/mcard.cpp
002347e8	_ZN2YI5MCARD14GetResultWriteEv	med	1	0	YI::MCARD::RESULT_WRITE	YI::MCARD::GetResultWrite() [DWARF: static -- no implicit `this`, do NOT add a leading self/object-pointer argument]	C:/hd25/kingdom2/ishi/mcard.cpp
00234888	_ZN2YI5MCARD14GetFreeClusterEii	med	1	2	int	YI::MCARD::GetFreeCluster(int, int) [DWARF: static -- no implicit `this`, do NOT add a leading self/object-pointer argument]	C:/hd25/kingdom2/ishi/mcard.cpp
00234c7c	_ZN2YI12command_idleEv	sim-med	1	0		YI::command_idle() [DWARF: static -- no implicit `this`, do NOT add a leading self/object-pointer argument]	C:/hd25/kingdom2/ishi/mcard.cpp
00236148	_ZN2YI5MCARD7ControlEv	sim-sib-med	1	0		YI::MCARD::Control() [DWARF: static -- no implicit `this`, do NOT add a leading self/object-pointer argument]	C:/hd25/kingdom2/ishi/mcard.cpp
002361d0	_ZN2YI5IMAGED1Ev	med	0	1		YI::IMAGE::~IMAGE(YI::IMAGE *)	C:/hd25/kingdom2/ishi/image.cpp
002362b0	_ZN2YI5IMAGE4InitEPv	sim-high	0	2		YI::IMAGE::Init(YI::IMAGE *, void *)	C:/hd25/kingdom2/ishi/image.cpp
00236410	_ZN2YI5IMAGE8SetTexBPEi	med	0	2		YI::IMAGE::SetTexBP(YI::IMAGE *, int)	C:/hd25/kingdom2/ishi/image.cpp
00236428	_ZN2YI5IMAGE9SetClutBPEi	med	0	2		YI::IMAGE::SetClutBP(YI::IMAGE *, int)	C:/hd25/kingdom2/ishi/image.cpp
00236490	_ZN2YI5IMAGE10GetTexSizeEv	sim-med	0	1	int	YI::IMAGE::GetTexSize(YI::IMAGE *)	C:/hd25/kingdom2/ishi/image.cpp
002364f8	_ZN2YI5IMAGE11GetClutSizeEv	sim-med	0	1	int	YI::IMAGE::GetClutSize(YI::IMAGE *)	C:/hd25/kingdom2/ishi/image.cpp
002367a0	_ZN2YI5IMAGE7ResetGSEv	med	1	0		YI::IMAGE::ResetGS() [DWARF: static -- no implicit `this`, do NOT add a leading self/object-pointer argument]	C:/hd25/kingdom2/ishi/image.cpp
002367c8	_ZN2YI5IMAGE13InitLoadImageEv	med	0	1		YI::IMAGE::InitLoadImage(YI::IMAGE *)	C:/hd25/kingdom2/ishi/image.cpp
002368e8	_ZN2YI5IMAGE8ClutGrayEf	high	0	2		YI::IMAGE::ClutGray(YI::IMAGE *, float)	C:/hd25/kingdom2/ishi/image.cpp
002369a0	_ZN2YI12IMAGE_FREEZEC1Ev	high	0	1		YI::IMAGE_FREEZE::IMAGE_FREEZE(YI::IMAGE_FREEZE *)	C:/hd25/kingdom2/ishi/image.cpp
00236a50	_ZN2YI12IMAGE_FREEZE5ResetEv	sim-sib-med	1	0		YI::IMAGE_FREEZE::Reset() [DWARF: static -- no implicit `this`, do NOT add a leading self/object-pointer argument]	C:/hd25/kingdom2/ishi/image.cpp
00236a58	_ZN2YI12IMAGE_FREEZE4InitEPvP9ALLOCATOR	high	0	3		YI::IMAGE_FREEZE::Init(YI::IMAGE_FREEZE *, void *, ALLOCATOR *)	C:/hd25/kingdom2/ishi/image.cpp
00236c38	_ZN2YI12IMAGE_FREEZE4FreeEv	med	0	1		YI::IMAGE_FREEZE::Free(YI::IMAGE_FREEZE *)	C:/hd25/kingdom2/ishi/image.cpp
00236d10	_ZN2YI11IMAGE_CACHE5ResetEv	sim-med	1	0		YI::IMAGE_CACHE::Reset() [DWARF: static -- no implicit `this`, do NOT add a leading self/object-pointer argument]	C:/hd25/kingdom2/ishi/image.cpp
00236d60	_ZN2YI11IMAGE_CACHE5ClearEv	high	1	0		YI::IMAGE_CACHE::Clear() [DWARF: static -- no implicit `this`, do NOT add a leading self/object-pointer argument]	C:/hd25/kingdom2/ishi/image.cpp
00237068	_ZN2YI6SPRITE4InitEPvPNS_5IMAGEE	sim-med	0	3	bool	YI::SPRITE::Init(YI::SPRITE *, void *, YI::IMAGE *)	C:/hd25/kingdom2/ishi/sprite.cpp
00237150	_ZN2YI6SPRITEC1Ev	sim-high	0	1		YI::SPRITE::SPRITE(YI::SPRITE *)	C:/hd25/kingdom2/ishi/sprite.cpp
00237458	_ZN2YI6SPRITE9SetGroupXEiii	med	0	4		YI::SPRITE::SetGroupX(YI::SPRITE *, int, int, int)	C:/hd25/kingdom2/ishi/sprite.cpp
002374c8	_ZN2YI6SPRITE9SetGroupYEiii	med	0	4		YI::SPRITE::SetGroupY(YI::SPRITE *, int, int, int)	C:/hd25/kingdom2/ishi/sprite.cpp
00237508	_ZN2YI6SPRITE9GetGroupWEii	med	0	3	int	YI::SPRITE::GetGroupW(YI::SPRITE *, int, int)	C:/hd25/kingdom2/ishi/sprite.cpp
00237540	_ZN2YI6SPRITE9SetGroupWEiii	med	0	4		YI::SPRITE::SetGroupW(YI::SPRITE *, int, int, int)	C:/hd25/kingdom2/ishi/sprite.cpp
00237578	_ZN2YI6SPRITE9GetGroupHEii	med	0	3	int	YI::SPRITE::GetGroupH(YI::SPRITE *, int, int)	C:/hd25/kingdom2/ishi/sprite.cpp
002375b0	_ZN2YI6SPRITE9SetGroupHEiii	med	0	4		YI::SPRITE::SetGroupH(YI::SPRITE *, int, int, int)	C:/hd25/kingdom2/ishi/sprite.cpp
00237640	_ZN2YI6SPRITE10SetGroupWHEiiii	med	0	5		YI::SPRITE::SetGroupWH(YI::SPRITE *, int, int, int, int)	C:/hd25/kingdom2/ishi/sprite.cpp
00237740	_ZN2YI6SPRITE9SetRotateEfff	sim-med	0	4		YI::SPRITE::SetRotate(YI::SPRITE *, float, float, float)	C:/hd25/kingdom2/ishi/sprite.cpp
00237a68	_ZN2YI6SPRITE8SetScaleEfff	sim-med	0	4		YI::SPRITE::SetScale(YI::SPRITE *, float, float, float)	C:/hd25/kingdom2/ishi/sprite.cpp
00237ad8	_ZN2YI6SPRITE8SetDrawZEj	med	0	2		YI::SPRITE::SetDrawZ(YI::SPRITE *, u_int)	C:/hd25/kingdom2/ishi/sprite.cpp
00237ae8	_ZN2YI6SPRITE7ControlEv	med	0	1		YI::SPRITE::Control(YI::SPRITE *)	C:/hd25/kingdom2/ishi/sprite.cpp
00238368	_ZN2YI6SPRITE4DrawEv	sim-high	0	1		YI::SPRITE::Draw(YI::SPRITE *)	C:/hd25/kingdom2/ishi/sprite.cpp
002384f8	_ZN2YI6SPRITE14_GetScrollModeEi	med	0	2	bool	YI::SPRITE::_GetScrollMode(YI::SPRITE *, int)	C:/hd25/kingdom2/ishi/sprite.cpp
00238570	_ZN2YI6SPRITE5_DrawEiiii	sim-high	0	5		YI::SPRITE::_Draw(YI::SPRITE *, int, int, int, int)	C:/hd25/kingdom2/ishi/sprite.cpp
00238c90	_ZN2YI6SPRITE6_Draw2Eiiii	sim-high	0	5		YI::SPRITE::_Draw2(YI::SPRITE *, int, int, int, int)	C:/hd25/kingdom2/ishi/sprite.cpp
00239558	_ZN2YI6SPRITE11SetDirextUVEPtS1_	high	0	3		YI::SPRITE::SetDirextUV(YI::SPRITE *, u_short *, u_short *)	C:/hd25/kingdom2/ishi/sprite.cpp
00239700	_ZN2YI8SEQUENCEC1Ev	med	0	1		YI::SEQUENCE::SEQUENCE(YI::SEQUENCE *)	C:/hd25/kingdom2/ishi/sequence.cpp
00239988	_ZN2YI8SEQUENCE4InitEPvPNS_5IMAGEE	sim-high	0	3	bool	YI::SEQUENCE::Init(YI::SEQUENCE *, void *, YI::IMAGE *)	C:/hd25/kingdom2/ishi/sequence.cpp
00239b50	_ZN2YI8SEQUENCE11GetAllFrameEi	sim-med	0	2	int	YI::SEQUENCE::GetAllFrame(YI::SEQUENCE *, int)	C:/hd25/kingdom2/ishi/sequence.cpp
00239bf8	_ZN2YI8SEQUENCE9SetNumberEi	med	0	2		YI::SEQUENCE::SetNumber(YI::SEQUENCE *, int)	C:/hd25/kingdom2/ishi/sequence.cpp
00239c68	_ZN2YI8SEQUENCE12ChangeNumberEi	sim-med	0	2		YI::SEQUENCE::ChangeNumber(YI::SEQUENCE *, int)	C:/hd25/kingdom2/ishi/sequence.cpp
00239df0	_ZN2YI8SEQUENCE10SetZRotateEf	med	0	2		YI::SEQUENCE::SetZRotate(YI::SEQUENCE *, float)	C:/hd25/kingdom2/ishi/sequence.cpp
00239eb8	_ZN2YI8SEQUENCE8SetScaleEf	med	0	2		YI::SEQUENCE::SetScale(YI::SEQUENCE *, float)	C:/hd25/kingdom2/ishi/sequence.cpp
00239f18	_ZN2YI8SEQUENCE9SetScaleXEf	high	0	2		YI::SEQUENCE::SetScaleX(YI::SEQUENCE *, float)	C:/hd25/kingdom2/ishi/sequence.cpp
00239f78	_ZN2YI8SEQUENCE9SetScaleYEf	med	0	2		YI::SEQUENCE::SetScaleY(YI::SEQUENCE *, float)	C:/hd25/kingdom2/ishi/sequence.cpp
0023a0d8	_ZN2YI8SEQUENCE12UpdateActiveEv	sim-high	0	1		YI::SEQUENCE::UpdateActive(YI::SEQUENCE *)	C:/hd25/kingdom2/ishi/sequence.cpp
0023aab8	_ZN2YI8SEQUENCE4CalcEv	med	0	1		YI::SEQUENCE::Calc(YI::SEQUENCE *)	C:/hd25/kingdom2/ishi/sequence.cpp
0023acd8	_ZN2YI8SEQUENCE7ControlEv	med	0	1		YI::SEQUENCE::Control(YI::SEQUENCE *)	C:/hd25/kingdom2/ishi/sequence.cpp
0023ade0	_ZN2YI8SEQUENCE4DrawEv	high	0	1		YI::SEQUENCE::Draw(YI::SEQUENCE *)	C:/hd25/kingdom2/ishi/sequence.cpp
0023bc58	_ZN2YI7WIN_SEQ7SetSizeEii	med	0	3		YI::WIN_SEQ::SetSize(YI::WIN_SEQ *, int, int)	C:/hd25/kingdom2/ishi/sequence.cpp
0023c008	_ZN2YI6LAYOUTC1Ev	high	0	1		YI::LAYOUT::LAYOUT(YI::LAYOUT *)	C:/hd25/kingdom2/ishi/layout.cpp
0023c098	_ZN2YI6LAYOUTD1Ev	med	0	1		YI::LAYOUT::~LAYOUT(YI::LAYOUT *)	C:/hd25/kingdom2/ishi/layout.cpp
0023c0f8	_ZN2YI6LAYOUT5ResetEv	sim-sib-med	1	0		YI::LAYOUT::Reset() [DWARF: static -- no implicit `this`, do NOT add a leading self/object-pointer argument]	C:/hd25/kingdom2/ishi/layout.cpp
0023c100	_ZN2YI6LAYOUT4InitEPvPNS_12IMAGE_FREEZEEP9ALLOCATOR	high	0	4	bool	YI::LAYOUT::Init(YI::LAYOUT *, void *, YI::IMAGE_FREEZE *, ALLOCATOR *)	C:/hd25/kingdom2/ishi/layout.cpp
0023c300	_ZN2YI6LAYOUT4FreeEv	med	0	1		YI::LAYOUT::Free(YI::LAYOUT *)	C:/hd25/kingdom2/ishi/layout.cpp
0023c3e0	_ZN2YI6LAYOUT14SearchSequenceEii	high	0	3	YI::SEQUENCE *	YI::LAYOUT::SearchSequence(YI::LAYOUT *, int, int)	C:/hd25/kingdom2/ishi/layout.cpp
0023c5f0	_ZN2YI6LAYOUT11GetAllFrameEi	sim-high	0	2	int	YI::LAYOUT::GetAllFrame(YI::LAYOUT *, int)	C:/hd25/kingdom2/ishi/layout.cpp
0023c6f8	_ZN2YI6LAYOUT9SetNumberEi	med	0	2		YI::LAYOUT::SetNumber(YI::LAYOUT *, int)	C:/hd25/kingdom2/ishi/layout.cpp
0023c728	_ZN2YI6LAYOUT12ChangeNumberEi	med	0	2		YI::LAYOUT::ChangeNumber(YI::LAYOUT *, int)	C:/hd25/kingdom2/ishi/layout.cpp
0023c978	_ZN2YI6LAYOUT11GetLoopModeEv	sim-high	0	1	bool	YI::LAYOUT::GetLoopMode(YI::LAYOUT *)	C:/hd25/kingdom2/ishi/layout.cpp
0023ca80	_ZN2YI6LAYOUT7ControlEv	sim-high	0	1		YI::LAYOUT::Control(YI::LAYOUT *)	C:/hd25/kingdom2/ishi/layout.cpp
0023cc18	_ZN2YI6LAYOUT4DrawEv	high	0	1		YI::LAYOUT::Draw(YI::LAYOUT *)	C:/hd25/kingdom2/ishi/layout.cpp
0023cde8	_ZN2YI9VIBRATION6CreateEPc	high	1	1	bool	YI::VIBRATION::Create(BUFFER4 *) [DWARF: static -- no implicit `this`, do NOT add a leading self/object-pointer argument]	C:/hd25/kingdom2/ishi/vibration.cpp
0023cf60	_ZN2YI9VIBRATION3RunEP4TASK	sim-med	1	1		YI::VIBRATION::Run(TASK *) [DWARF: static -- no implicit `this`, do NOT add a leading self/object-pointer argument]	C:/hd25/kingdom2/ishi/vibration.cpp
0023d1d0	_ZN2YI9VIBRATION6EnableEv	med	1	0		YI::VIBRATION::Enable() [DWARF: static -- no implicit `this`, do NOT add a leading self/object-pointer argument]	C:/hd25/kingdom2/ishi/vibration.cpp
0023d240	_ZN2YI9VIBRATION6IsBusyEv	med	1	0	bool	YI::VIBRATION::IsBusy() [DWARF: static -- no implicit `this`, do NOT add a leading self/object-pointer argument]	C:/hd25/kingdom2/ishi/vibration.cpp
0023d250	_ZN2YI14task_finalizerEP4TASK	sim-sib-med	1	1		YI::task_finalizer(TASK *) [DWARF: static -- no implicit `this`, do NOT add a leading self/object-pointer argument]	C:/hd25/kingdom2/ishi/vibration.cpp
0023d260	_ZN2Tz10MenuCommon8BootInitEv	med	1	0		Tz::MenuCommon::BootInit() [DWARF: static -- no implicit `this`, do NOT add a leading self/object-pointer argument]	C:/hd25/kingdom2/tozawa/menu_comm.cpp
0023d2e0	_ZN2Tz10MenuCommon17GetLastAccessSlotERi	med	1	1	bool	Tz::MenuCommon::GetLastAccessSlot(int &) [DWARF: static -- no implicit `this`, do NOT add a leading self/object-pointer argument]	C:/hd25/kingdom2/tozawa/menu_comm.cpp
0023d300	_ZN2Tz10MenuCommon17GetLastAccessDataERi	med	1	1	bool	Tz::MenuCommon::GetLastAccessData(int &) [DWARF: static -- no implicit `this`, do NOT add a leading self/object-pointer argument]	C:/hd25/kingdom2/tozawa/menu_comm.cpp
0023d320	_ZN2Tz10MenuCommon11SetOneInterEv	med	1	0		Tz::MenuCommon::SetOneInter() [DWARF: static -- no implicit `this`, do NOT add a leading self/object-pointer argument]	C:/hd25/kingdom2/tozawa/menu_comm.cpp
0023d3d0	_ZN2Tz10MenuCommon7NewGameEv	med	1	0		Tz::MenuCommon::NewGame() [DWARF: static -- no implicit `this`, do NOT add a leading self/object-pointer argument]	C:/hd25/kingdom2/tozawa/menu_comm.cpp
0023d5b8	_ZN2Tz7MenuObj4InitEv	sim-high	0	1		Tz::MenuObj::Init(Tz::MenuObj *)	C:/hd25/kingdom2/tozawa/menu_obj.cpp
0023d820	_ZN2Tz7MenuObj10DestroyObjEv	med	0	1		Tz::MenuObj::DestroyObj(Tz::MenuObj *)	C:/hd25/kingdom2/tozawa/menu_obj.cpp
0023da00	_ZN2Tz7MenuObj9CreateObjEiiiiii	high	0	7		Tz::MenuObj::CreateObj(Tz::MenuObj *, int, int, int, int, int, int)	C:/hd25/kingdom2/tozawa/menu_obj.cpp
0023dd28	_ZN2Tz7MenuObj16SetProjectionPosEiii	med	0	4		Tz::MenuObj::SetProjectionPos(Tz::MenuObj *, int, int, int)	C:/hd25/kingdom2/tozawa/menu_obj.cpp
0023de00	_ZN2Tz7MenuObj6updateEv	high	0	1		Tz::MenuObj::update(Tz::MenuObj *)	C:/hd25/kingdom2/tozawa/menu_obj.cpp
0023e188	_ZN2Tz7MenuObj4drawEv	high	0	1		Tz::MenuObj::draw(Tz::MenuObj *)	C:/hd25/kingdom2/tozawa/menu_obj.cpp
0023e738	_ZN2Tz7MenuObj12SetAdjustPosEiss	med	0	4		Tz::MenuObj::SetAdjustPos(Tz::MenuObj *, int, short, short)	C:/hd25/kingdom2/tozawa/menu_obj.cpp
0023e788	_ZN2Tz7MenuObj6GetRotEi	med	0	2		Tz::MenuObj::GetRot(Tz::MenuObj *, int)	C:/hd25/kingdom2/tozawa/menu_obj.cpp
0023e918	_ZN2Tz7MenuObj8SetScaleEifff	med	0	5		Tz::MenuObj::SetScale(Tz::MenuObj *, int, float, float, float)	C:/hd25/kingdom2/tozawa/menu_obj.cpp
0023e958	_ZN2Tz7MenuObj8SetColorEiiiii	med	0	6		Tz::MenuObj::SetColor(Tz::MenuObj *, int, int, int, int, int)	C:/hd25/kingdom2/tozawa/menu_obj.cpp
0023e9e0	_ZN2Tz7MenuObj14SetDelaySpriteEiPN2dk6SpriteE	med	0	3		Tz::MenuObj::SetDelaySprite(Tz::MenuObj *, int, dk::Sprite *)	C:/hd25/kingdom2/tozawa/menu_obj.cpp
0023e9f0	_ZN2Tz7MenuObj9SyncAlphaEv	med	0	1		Tz::MenuObj::SyncAlpha(Tz::MenuObj *)	C:/hd25/kingdom2/tozawa/menu_obj.cpp
0023eae0	_ZN2Tz7MenuObj14SetHidePartAllEiii	high	0	4		Tz::MenuObj::SetHidePartAll(Tz::MenuObj *, int, int, int)	C:/hd25/kingdom2/tozawa/menu_obj.cpp
0023eb50	_ZN2Tz7MenuObj11SetHidePartEii	high	0	3		Tz::MenuObj::SetHidePart(Tz::MenuObj *, int, int)	C:/hd25/kingdom2/tozawa/menu_obj.cpp
0023ebd0	_ZN2Tz7MenuObj10SetSyncPosEb	med	0	2		Tz::MenuObj::SetSyncPos(Tz::MenuObj *, bool)	C:/hd25/kingdom2/tozawa/menu_obj.cpp
0023ec18	_ZN2Tz7MenuObj8isActiveEi	med	0	2	bool	Tz::MenuObj::isActive(Tz::MenuObj *, int)	C:/hd25/kingdom2/tozawa/menu_obj.cpp
0023ec38	_ZN2Tz7MenuObj15SetCopyDrawBuffEi	med	0	2		Tz::MenuObj::SetCopyDrawBuff(Tz::MenuObj *, int)	C:/hd25/kingdom2/tozawa/menu_obj.cpp
0023ec48	_ZN2Tz7DrawObj13GetBoneMatrixEi	sim-med	0	2		Tz::DrawObj::GetBoneMatrix(Tz::DrawObj *, int)	C:/hd25/kingdom2/tozawa/menu_obj.cpp
0023ed00	_ZN2Tz7MenuPad4PushEi	sim-sib-med	1	1		Tz::MenuPad::Push(int) [DWARF: static -- no implicit `this`, do NOT add a leading self/object-pointer argument]	C:/hd25/kingdom2/tozawa/menu_pad.cpp
0023ed90	_ZN2Tz7MenuPad10PushEnableEv	sim-sib-med	1	0		Tz::MenuPad::PushEnable() [DWARF: static -- no implicit `this`, do NOT add a leading self/object-pointer argument]	C:/hd25/kingdom2/tozawa/menu_pad.cpp
0023ede8	_ZN2Tz6Layout3EndEv	med	1	0		Tz::Layout::End() [DWARF: static -- no implicit `this`, do NOT add a leading self/object-pointer argument]	C:/hd25/kingdom2/tozawa/layout.cpp
0023eea0	_ZN2Tz6Layout6createEiPvS1_ii	high	0	6		Tz::Layout::create(Tz::Layout *, int, void *, void *, int, int)	C:/hd25/kingdom2/tozawa/layout.cpp
0023ef50	_ZN2Tz6Layout13SetImageCacheEv	high	0	1		Tz::Layout::SetImageCache(Tz::Layout *)	C:/hd25/kingdom2/tozawa/layout.cpp
0023f058	_ZN2Tz6Layout4drawEv	high	0	1		Tz::Layout::draw(Tz::Layout *)	C:/hd25/kingdom2/tozawa/layout.cpp
0023f0c8	_ZN2Tz6Layout10setNextNumEi	sim-sib-high	0	2		Tz::Layout::setNextNum(Tz::Layout *, int)	C:/hd25/kingdom2/tozawa/layout.cpp
0023f140	_ZN2Tz6Layout9isChgNextEv	sim-sib-med	0	1	bool	Tz::Layout::isChgNext(Tz::Layout *)	C:/hd25/kingdom2/tozawa/layout.cpp
0023f168	_ZN2Tz6Layout6updateEv	sim-med	0	1		Tz::Layout::update(Tz::Layout *)	C:/hd25/kingdom2/tozawa/layout.cpp
0023f1e0	_ZN2Tz6LayMsg6createEiPNS_6LayoutEPKsS4_iii	high	0	8		Tz::LayMsg::create(Tz::LayMsg *, int, Tz::Layout *, const short *, const short *, int, int, int)	C:/hd25/kingdom2/tozawa/laymsg.cpp
0023f3a0	_ZN2Tz6LayMsg4drawEv	med	0	1		Tz::LayMsg::draw(Tz::LayMsg *)	C:/hd25/kingdom2/tozawa/laymsg.cpp
0023f778	_ZN2Tz6LayMsg9SetLayNumEPKs	sim-med	0	2		Tz::LayMsg::SetLayNum(Tz::LayMsg *, const short *)	C:/hd25/kingdom2/tozawa/laymsg.cpp
0023f7a8	_ZN2Tz6LayMsg9SetSeqNumEPKs	sim-med	0	2		Tz::LayMsg::SetSeqNum(Tz::LayMsg *, const short *)	C:/hd25/kingdom2/tozawa/laymsg.cpp
0023f908	_ZNK2Tz7LayFile13getImzAddressEi	sim-sandwich	0	2	u_char *	Tz::LayFile::getImzAddress(const Tz::LayFile *, int)	C:/hd25/kingdom2/tozawa/layfile.cpp
0023f948	_ZNK2Tz7LayFile13getLadAddressEi	sim-sandwich	0	2	u_char *	Tz::LayFile::getLadAddress(const Tz::LayFile *, int)	C:/hd25/kingdom2/tozawa/layfile.cpp
0023fa08	_ZN2Tz7LayFile9buildDataEPv	sim-med	0	2		Tz::LayFile::buildData(Tz::LayFile *, void *)	C:/hd25/kingdom2/tozawa/layfile.cpp
0023fe60	_ZN2Tz5MCard12CreateBufferEv	med	1	0		Tz::MCard::CreateBuffer() [DWARF: static -- no implicit `this`, do NOT add a leading self/object-pointer argument]	C:/hd25/kingdom2/tozawa/mcard.cpp
00240000	_ZN2Tz5MCard3EndEv	sim-high	1	0		Tz::MCard::End() [DWARF: static -- no implicit `this`, do NOT add a leading self/object-pointer argument]	C:/hd25/kingdom2/tozawa/mcard.cpp
00240108	_ZN2Tz5MCard13GetSystemModeEv	med	1	0	int	Tz::MCard::GetSystemMode() [DWARF: static -- no implicit `this`, do NOT add a leading self/object-pointer argument]	C:/hd25/kingdom2/tozawa/mcard.cpp
00240118	_ZN2Tz5MCard8GetFnameEPcii	med	1	3		Tz::MCard::GetFname(char *, int, int) [DWARF: static -- no implicit `this`, do NOT add a leading self/object-pointer argument]	C:/hd25/kingdom2/tozawa/mcard.cpp
00240240	_ZN2Tz5MCard16GetFullPathFnameEPcii	med	1	3		Tz::MCard::GetFullPathFname(char *, int, int) [DWARF: static -- no implicit `this`, do NOT add a leading self/object-pointer argument]	C:/hd25/kingdom2/tozawa/mcard.cpp
00240360	_ZN2Tz5MCard9MakeFnameEi	high	1	1		Tz::MCard::MakeFname(int) [DWARF: static -- no implicit `this`, do NOT add a leading self/object-pointer argument]	C:/hd25/kingdom2/tozawa/mcard.cpp
00240430	_ZN2Tz5MCard14GetFnameBufferEv	med	1	0	char *	Tz::MCard::GetFnameBuffer() [DWARF: static -- no implicit `this`, do NOT add a leading self/object-pointer argument]	C:/hd25/kingdom2/tozawa/mcard.cpp
00240450	_ZN2Tz5MCard11MakeIconsysEPci	sim-med	1	2		Tz::MCard::MakeIconsys(char *, int) [DWARF: static -- no implicit `this`, do NOT add a leading self/object-pointer argument]	C:/hd25/kingdom2/tozawa/mcard.cpp
002405a8	_ZN2Tz5MCard9MakeTitleEPci	sim-high	1	2		Tz::MCard::MakeTitle(char *, int) [DWARF: static -- no implicit `this`, do NOT add a leading self/object-pointer argument]	C:/hd25/kingdom2/tozawa/mcard.cpp
00240a70	_ZN2Tz5MCard20CopySaveRam2DataBuffEPv	sim-med	1	1		Tz::MCard::CopySaveRam2DataBuff(void *) [DWARF: static -- no implicit `this`, do NOT add a leading self/object-pointer argument]	C:/hd25/kingdom2/tozawa/mcard.cpp
00240b48	_ZN2Tz5MCard20CopyDataBuff2SaveRamEPv	med	1	1		Tz::MCard::CopyDataBuff2SaveRam(void *) [DWARF: static -- no implicit `this`, do NOT add a leading self/object-pointer argument]	C:/hd25/kingdom2/tozawa/mcard.cpp
00240bb0	_ZN2Tz5MCard11SetFreeSizeEi	med	1	1		Tz::MCard::SetFreeSize(int) [DWARF: static -- no implicit `this`, do NOT add a leading self/object-pointer argument]	C:/hd25/kingdom2/tozawa/mcard.cpp
00240bd0	_ZN2Tz5MCard6GetPosEv	high	1	0	int	Tz::MCard::GetPos() [DWARF: static -- no implicit `this`, do NOT add a leading self/object-pointer argument]	C:/hd25/kingdom2/tozawa/mcard.cpp
00240c08	_ZN2Tz5MCard11SetFileInfoEiPvi	med	1	3		Tz::MCard::SetFileInfo(int, void *, int) [DWARF: static -- no implicit `this`, do NOT add a leading self/object-pointer argument]	C:/hd25/kingdom2/tozawa/mcard.cpp
00240df8	_ZN2Tz5MCard13ResetFileInfoEi	sim-sandwich	1	1		Tz::MCard::ResetFileInfo(int) [DWARF: static -- no implicit `this`, do NOT add a leading self/object-pointer argument]	C:/hd25/kingdom2/tozawa/mcard.cpp
00240e10	_ZN2Tz5MCard10GetDirInfoEi	high	1	1		Tz::MCard::GetDirInfo(int) [DWARF: static -- no implicit `this`, do NOT add a leading self/object-pointer argument]	C:/hd25/kingdom2/tozawa/mcard.cpp
00240e50	_ZN2Tz5MCard13UpdateDirInfoEv	high	1	0	int	Tz::MCard::UpdateDirInfo() [DWARF: static -- no implicit `this`, do NOT add a leading self/object-pointer argument]	C:/hd25/kingdom2/tozawa/mcard.cpp
00241008	_ZN2Tz5MCard15UpdateLocalInfoEv	high	1	0	int	Tz::MCard::UpdateLocalInfo() [DWARF: static -- no implicit `this`, do NOT add a leading self/object-pointer argument]	C:/hd25/kingdom2/tozawa/mcard.cpp
00241320	_ZN2Tz5MCard12ClrLocalInfoEv	sim-med	1	0		Tz::MCard::ClrLocalInfo() [DWARF: static -- no implicit `this`, do NOT add a leading self/object-pointer argument]	C:/hd25/kingdom2/tozawa/mcard.cpp
00241358	_ZN2Tz5MCard13GetErrorFnameEv	sim-sandwich	1	0	int	Tz::MCard::GetErrorFname() [DWARF: static -- no implicit `this`, do NOT add a leading self/object-pointer argument]	C:/hd25/kingdom2/tozawa/mcard.cpp
002413f0	_ZN2Tz5MCard10GetLoadPosEv	med	1	0	int	Tz::MCard::GetLoadPos() [DWARF: static -- no implicit `this`, do NOT add a leading self/object-pointer argument]	C:/hd25/kingdom2/tozawa/mcard.cpp
00241740	_ZN2Tz5MCard18SetDataBuff2MCInfoEi	med	1	1		Tz::MCard::SetDataBuff2MCInfo(int) [DWARF: static -- no implicit `this`, do NOT add a leading self/object-pointer argument]	C:/hd25/kingdom2/tozawa/mcard.cpp
002417a0	_ZN2Tz5MCard15SetSizeFullInfoEv	med	1	0		Tz::MCard::SetSizeFullInfo() [DWARF: static -- no implicit `this`, do NOT add a leading self/object-pointer argument]	C:/hd25/kingdom2/tozawa/mcard.cpp
00241a00	_ZN2Tz5MCard12isEnableDataEv	med	1	0	bool	Tz::MCard::isEnableData() [DWARF: static -- no implicit `this`, do NOT add a leading self/object-pointer argument]	C:/hd25/kingdom2/tozawa/mcard.cpp
00241a70	_ZN2Tz5MCard13SetFindSystemEv	med	1	0		Tz::MCard::SetFindSystem() [DWARF: static -- no implicit `this`, do NOT add a leading self/object-pointer argument]	C:/hd25/kingdom2/tozawa/mcard.cpp
00241a88	_ZN2Tz5MCard11CheckSystemEb	med	1	1	bool	Tz::MCard::CheckSystem(bool) [DWARF: static -- no implicit `this`, do NOT add a leading self/object-pointer argument]	C:/hd25/kingdom2/tozawa/mcard.cpp
00241c20	_ZN2Tz5MCard12isBrokenDataEi	sim-sandwich	1	1	bool	Tz::MCard::isBrokenData(int) [DWARF: static -- no implicit `this`, do NOT add a leading self/object-pointer argument]	C:/hd25/kingdom2/tozawa/mcard.cpp
00241c40	_ZN2Tz5MCard11ChkFileSizeEi	high	1	1	bool	Tz::MCard::ChkFileSize(int) [DWARF: static -- no implicit `this`, do NOT add a leading self/object-pointer argument]	C:/hd25/kingdom2/tozawa/mcard.cpp
00241fd0	_ZN2Tz5McSysC1EP9ALLOCATOR	med	0	2		Tz::McSys::McSys(Tz::McSys *, ALLOCATOR *)	C:/hd25/kingdom2/tozawa/mc_sys.cpp
00242008	_ZN2Tz5McSysD1Ev	sim-high	0	1		Tz::McSys::~McSys(Tz::McSys *)	C:/hd25/kingdom2/tozawa/mc_sys.cpp
002420d0	_ZN2Tz5McSys7InitKH2Ev	med	0	1		Tz::McSys::InitKH2(Tz::McSys *)	C:/hd25/kingdom2/tozawa/mc_sys.cpp
002420d8	_ZN2Tz5McSys12SetGameClearEb	med	0	2		Tz::McSys::SetGameClear(Tz::McSys *, bool)	C:/hd25/kingdom2/tozawa/mc_sys.cpp
00242110	_ZN2Tz5McSys6UpdateEv	sim-rerun-med	0	1		Tz::McSys::Update(Tz::McSys *)	C:/hd25/kingdom2/tozawa/mc_sys.cpp
00242180	_ZN2Tz5McSys15isEnableDataKH2Ev	sim-high	0	1	bool	Tz::McSys::isEnableDataKH2(Tz::McSys *)	C:/hd25/kingdom2/tozawa/mc_sys.cpp
002421c0	_ZN2Tz5McSys7InitKH2Ev	sim-rerun-med	0	1		Tz::McSys::InitKH2(Tz::McSys *)	C:/hd25/kingdom2/tozawa/mc_sys.cpp
002421e8	_ZN2Tz5McSys14isGameClearKH2Ev	med	0	1	bool	Tz::McSys::isGameClearKH2(Tz::McSys *)	C:/hd25/kingdom2/tozawa/mc_sys.cpp
002422f0	_ZN2Tz3Crc3EndEv	sim-med	1	0		Tz::Crc::End() [DWARF: static -- no implicit `this`, do NOT add a leading self/object-pointer argument]	C:/hd25/kingdom2/tozawa/crc.cpp
002423a0	_ZN2Tz3Crc9MakeTableEv	sim-sib-med	1	0		Tz::Crc::MakeTable() [DWARF: static -- no implicit `this`, do NOT add a leading self/object-pointer argument]	C:/hd25/kingdom2/tozawa/crc.cpp
00242478	_ZN2Tz5Munny3SetEj	sim-sib-med	1	1		Tz::Munny::Set(u_int) [DWARF: static -- no implicit `this`, do NOT add a leading self/object-pointer argument]	C:/hd25/kingdom2/tozawa/munny.cpp
002424c0	_ZN2Tz5Munny3SubEj	sim-rerun2-med	1	1	u_int	Tz::Munny::Sub(u_int) [DWARF: static -- no implicit `this`, do NOT add a leading self/object-pointer argument]	C:/hd25/kingdom2/tozawa/munny.cpp
002425d0	_ZN2Tz9MenuSound11SetCommonSEEi	sim-sib-med	1	1		Tz::MenuSound::SetCommonSE(int) [DWARF: static -- no implicit `this`, do NOT add a leading self/object-pointer argument]	C:/hd25/kingdom2/tozawa/menu_sound.cpp
00242740	_ZN2Tz9MenuSound8SetPauseEi	high	1	1		Tz::MenuSound::SetPause(int) [DWARF: static -- no implicit `this`, do NOT add a leading self/object-pointer argument]	C:/hd25/kingdom2/tozawa/menu_sound.cpp
00242880	_ZN2Tz6Config4InitEv	med	1	0		Tz::Config::Init() [DWARF: static -- no implicit `this`, do NOT add a leading self/object-pointer argument]	C:/hd25/kingdom2/tozawa/config.cpp
00242b10	_ZN2Tz6Config11SetNaviModeEb	sim-sandwich	1	1		Tz::Config::SetNaviMode(bool) [DWARF: static -- no implicit `this`, do NOT add a leading self/object-pointer argument]	C:/hd25/kingdom2/tozawa/config.cpp
00242b88	_ZN2Tz6Config13SetCameraAutoEb	sim-sandwich	1	1		Tz::Config::SetCameraAuto(bool) [DWARF: static -- no implicit `this`, do NOT add a leading self/object-pointer argument]	C:/hd25/kingdom2/tozawa/config.cpp
00242c00	_ZN2Tz6Config19SetRightStickCameraEb	sim-med	1	1		Tz::Config::SetRightStickCamera(bool) [DWARF: static -- no implicit `this`, do NOT add a leading self/object-pointer argument]	C:/hd25/kingdom2/tozawa/config.cpp
00242ca0	_ZN2Tz6Config13SetCommandKH2Eb	sim-sandwich	1	1		Tz::Config::SetCommandKH2(bool) [DWARF: static -- no implicit `this`, do NOT add a leading self/object-pointer argument]	C:/hd25/kingdom2/tozawa/config.cpp
00242ce8	_ZN2Tz6Config12isCameraHRevEv	med	1	0	bool	Tz::Config::isCameraHRev() [DWARF: static -- no implicit `this`, do NOT add a leading self/object-pointer argument]	C:/hd25/kingdom2/tozawa/config.cpp
00242d10	_ZN2Tz6Config13SetCameraHRevEb	sim-sandwich	1	1		Tz::Config::SetCameraHRev(bool) [DWARF: static -- no implicit `this`, do NOT add a leading self/object-pointer argument]	C:/hd25/kingdom2/tozawa/config.cpp
00242d58	_ZN2Tz6Config12isCameraVRevEv	med	1	0	bool	Tz::Config::isCameraVRev() [DWARF: static -- no implicit `this`, do NOT add a leading self/object-pointer argument]	C:/hd25/kingdom2/tozawa/config.cpp
00242d80	_ZN2Tz6Config13SetCameraVRevEb	sim-sandwich	1	1		Tz::Config::SetCameraVRev(bool) [DWARF: static -- no implicit `this`, do NOT add a leading self/object-pointer argument]	C:/hd25/kingdom2/tozawa/config.cpp
00242dc8	_ZN2Tz6Config15GetSummonEffectEv	med	1	0	int	Tz::Config::GetSummonEffect() [DWARF: static -- no implicit `this`, do NOT add a leading self/object-pointer argument]	C:/hd25/kingdom2/tozawa/config.cpp
00242df0	_ZN2Tz6Config15SetSummonEffectEi	sim-high	1	1		Tz::Config::SetSummonEffect(int) [DWARF: static -- no implicit `this`, do NOT add a leading self/object-pointer argument]	C:/hd25/kingdom2/tozawa/config.cpp
00242e58	_ZN2Tz6Config10SetVoiceJPEb	sim-sib-med	1	1		Tz::Config::SetVoiceJP(bool) [DWARF: static -- no implicit `this`, do NOT add a leading self/object-pointer argument]	C:/hd25/kingdom2/tozawa/config.cpp
00242ec0	_ZN2Tz6Config13SetChapterAllEb	sim-sandwich	1	1		Tz::Config::SetChapterAll(bool) [DWARF: static -- no implicit `this`, do NOT add a leading self/object-pointer argument]	C:/hd25/kingdom2/tozawa/config.cpp
00242f00	_ZN2Tz7SubMenu4InitEi	med	1	1		Tz::SubMenu::Init(int) [DWARF: static -- no implicit `this`, do NOT add a leading self/object-pointer argument]	C:/hd25/kingdom2/tozawa/sub_menu.cpp
00242fa0	_ZN2Tz7SubMenu12InitPriorityEv	sim-med	1	0		Tz::SubMenu::InitPriority() [DWARF: static -- no implicit `this`, do NOT add a leading self/object-pointer argument]	C:/hd25/kingdom2/tozawa/sub_menu.cpp
002431d0	_ZN2Tz7SubMenu8isSetNewEii	high	1	2	bool	Tz::SubMenu::isSetNew(int, int) [DWARF: static -- no implicit `this`, do NOT add a leading self/object-pointer argument]	C:/hd25/kingdom2/tozawa/sub_menu.cpp
00243230	_ZN2Tz7SubMenu6SetNewEii	med	1	2		Tz::SubMenu::SetNew(int, int) [DWARF: static -- no implicit `this`, do NOT add a leading self/object-pointer argument]	C:/hd25/kingdom2/tozawa/sub_menu.cpp
00243298	_ZN2Tz4HEFT4InitEv	high	1	0		Tz::HEFT::Init() [DWARF: static -- no implicit `this`, do NOT add a leading self/object-pointer argument]	C:/hd25/kingdom2/tozawa/smenu_he.cpp
00243500	_ZN2Tz4HEFT4ExitEv	sim-high	1	0		Tz::HEFT::Exit() [DWARF: static -- no implicit `this`, do NOT add a leading self/object-pointer argument]	C:/hd25/kingdom2/tozawa/smenu_he.cpp
00243740	_ZN2Tz4HEFT5SetupEv	high	1	0		Tz::HEFT::Setup() [DWARF: static -- no implicit `this`, do NOT add a leading self/object-pointer argument]	C:/hd25/kingdom2/tozawa/smenu_he.cpp
00243cd8	_ZN2Tz4HEFT8SetupSelEv	high	1	0		Tz::HEFT::SetupSel() [DWARF: static -- no implicit `this`, do NOT add a leading self/object-pointer argument]	C:/hd25/kingdom2/tozawa/smenu_he.cpp
00243e30	_ZN2Tz4HEFT7LoopAllEv	high	1	0		Tz::HEFT::LoopAll() [DWARF: static -- no implicit `this`, do NOT add a leading self/object-pointer argument]	C:/hd25/kingdom2/tozawa/smenu_he.cpp
00243f48	_ZN2Tz4HEFT8LeaveAllEv	sim-med	1	0		Tz::HEFT::LeaveAll() [DWARF: static -- no implicit `this`, do NOT add a leading self/object-pointer argument]	C:/hd25/kingdom2/tozawa/smenu_he.cpp
00244058	_ZN2Tz4HEFT13ResetFadeWaitEv	med	1	0		Tz::HEFT::ResetFadeWait() [DWARF: static -- no implicit `this`, do NOT add a leading self/object-pointer argument]	C:/hd25/kingdom2/tozawa/smenu_he.cpp
00244068	_ZN2Tz4HEFT7ControlEv	med	1	0	bool	Tz::HEFT::Control() [DWARF: static -- no implicit `this`, do NOT add a leading self/object-pointer argument]	C:/hd25/kingdom2/tozawa/smenu_he.cpp
00244148	_ZN2Tz4HEFT7CtrlTopEv	med	1	0		Tz::HEFT::CtrlTop() [DWARF: static -- no implicit `this`, do NOT add a leading self/object-pointer argument]	C:/hd25/kingdom2/tozawa/smenu_he.cpp
002444b8	_ZN2Tz4HEFT4DrawEv	high	1	0		Tz::HEFT::Draw() [DWARF: static -- no implicit `this`, do NOT add a leading self/object-pointer argument]	C:/hd25/kingdom2/tozawa/smenu_he.cpp
00244708	_ZN2Tz4HEFT12DrawSelectorEPNS_6SelectEii	high	1	3		Tz::HEFT::DrawSelector(Tz::Select *, int, int) [DWARF: static -- no implicit `this`, do NOT add a leading self/object-pointer argument]	C:/hd25/kingdom2/tozawa/smenu_he.cpp
00244938	_ZN2Tz4TRTE9GetLayPicEi	sim-med	1	1	const short *	Tz::TRTE::GetLayPic(int) [DWARF: static -- no implicit `this`, do NOT add a leading self/object-pointer argument]	C:/hd25/kingdom2/tozawa/smenu_tr.cpp
00244b38	_ZN2Tz4HEFT11UpdateScoreEv	med	1	0		Tz::HEFT::UpdateScore() [DWARF: static -- no implicit `this`, do NOT add a leading self/object-pointer argument]	C:/hd25/kingdom2/tozawa/smenu_he.cpp
00244c30	_ZN2Tz4HEFT13CreateNewMarkEv	high	1	0		Tz::HEFT::CreateNewMark() [DWARF: static -- no implicit `this`, do NOT add a leading self/object-pointer argument]	C:/hd25/kingdom2/tozawa/smenu_he.cpp
00244e28	_ZN2Tz4HEFT13UpdateNewMarkEv	high	1	0		Tz::HEFT::UpdateNewMark() [DWARF: static -- no implicit `this`, do NOT add a leading self/object-pointer argument]	C:/hd25/kingdom2/tozawa/smenu_he.cpp
00244f10	_ZN2Tz4HECO4InitEv	sim-high	1	0		Tz::HECO::Init() [DWARF: static -- no implicit `this`, do NOT add a leading self/object-pointer argument]	C:/hd25/kingdom2/tozawa/smenu_heco.cpp
002450c8	_ZN2Tz4HECO4ExitEv	sim-high	1	0		Tz::HECO::Exit() [DWARF: static -- no implicit `this`, do NOT add a leading self/object-pointer argument]	C:/hd25/kingdom2/tozawa/smenu_heco.cpp
00245488	_ZN2Tz4HECO5SetupEv	high	1	0		Tz::HECO::Setup() [DWARF: static -- no implicit `this`, do NOT add a leading self/object-pointer argument]	C:/hd25/kingdom2/tozawa/smenu_heco.cpp
00245968	_ZN2Tz4HECO9CreateObjEv	med	1	0		Tz::HECO::CreateObj() [DWARF: static -- no implicit `this`, do NOT add a leading self/object-pointer argument]	C:/hd25/kingdom2/tozawa/smenu_heco.cpp
00245a90	_ZN2Tz4HECO8SetupSelEv	high	1	0		Tz::HECO::SetupSel() [DWARF: static -- no implicit `this`, do NOT add a leading self/object-pointer argument]	C:/hd25/kingdom2/tozawa/smenu_heco.cpp
00245be8	_ZN2Tz4HECO7LoopAllEv	high	1	0		Tz::HECO::LoopAll() [DWARF: static -- no implicit `this`, do NOT add a leading self/object-pointer argument]	C:/hd25/kingdom2/tozawa/smenu_heco.cpp
00245ce8	_ZN2Tz4HECO8LeaveAllEv	sim-med	1	0		Tz::HECO::LeaveAll() [DWARF: static -- no implicit `this`, do NOT add a leading self/object-pointer argument]	C:/hd25/kingdom2/tozawa/smenu_heco.cpp
00245dc0	_ZN2Tz4HECO13ResetFadeWaitEv	med	1	0		Tz::HECO::ResetFadeWait() [DWARF: static -- no implicit `this`, do NOT add a leading self/object-pointer argument]	C:/hd25/kingdom2/tozawa/smenu_heco.cpp
00245dd0	_ZN2Tz4HECO7ControlEv	high	1	0	bool	Tz::HECO::Control() [DWARF: static -- no implicit `this`, do NOT add a leading self/object-pointer argument]	C:/hd25/kingdom2/tozawa/smenu_heco.cpp
00245eb8	_ZN2Tz4HECO7CtrlTopEv	med	1	0		Tz::HECO::CtrlTop() [DWARF: static -- no implicit `this`, do NOT add a leading self/object-pointer argument]	C:/hd25/kingdom2/tozawa/smenu_heco.cpp
00246070	_ZN2Tz4HECO7CtrlSelEv	med	1	0		Tz::HECO::CtrlSel() [DWARF: static -- no implicit `this`, do NOT add a leading self/object-pointer argument]	C:/hd25/kingdom2/tozawa/smenu_heco.cpp
00246328	_ZN2Tz4HECO4DrawEv	high	1	0		Tz::HECO::Draw() [DWARF: static -- no implicit `this`, do NOT add a leading self/object-pointer argument]	C:/hd25/kingdom2/tozawa/smenu_heco.cpp
00246490	_ZN2Tz4HECO12DrawSelectorEPNS_6SelectEii	med	1	3		Tz::HECO::DrawSelector(Tz::Select *, int, int) [DWARF: static -- no implicit `this`, do NOT add a leading self/object-pointer argument]	C:/hd25/kingdom2/tozawa/smenu_heco.cpp
00246ab8	_ZN2Tz4HECO13CleateSelInfoEv	high	1	0		Tz::HECO::CleateSelInfo() [DWARF: static -- no implicit `this`, do NOT add a leading self/object-pointer argument]	C:/hd25/kingdom2/tozawa/smenu_heco.cpp
00247198	_ZN2Tz4HECO11UpdateScoreEv	sim-high	1	0		Tz::HECO::UpdateScore() [DWARF: static -- no implicit `this`, do NOT add a leading self/object-pointer argument]	C:/hd25/kingdom2/tozawa/smenu_heco.cpp
00247580	_ZN2Tz4HECO11UpdateMakerEb	sim-high	1	1		Tz::HECO::UpdateMaker(bool) [DWARF: static -- no implicit `this`, do NOT add a leading self/object-pointer argument]	C:/hd25/kingdom2/tozawa/smenu_heco.cpp
00247870	_ZN2Tz4HECO9MoveMakerEb	high	1	1	bool	Tz::HECO::MoveMaker(bool) [DWARF: static -- no implicit `this`, do NOT add a leading self/object-pointer argument]	C:/hd25/kingdom2/tozawa/smenu_heco.cpp
00247a20	_ZN2Tz4HECO13CreateNewMarkEv	high	1	0		Tz::HECO::CreateNewMark() [DWARF: static -- no implicit `this`, do NOT add a leading self/object-pointer argument]	C:/hd25/kingdom2/tozawa/smenu_heco.cpp
00247cf0	_ZN2Tz4MUMI4InitEv	sim-high	1	0		Tz::MUMI::Init() [DWARF: static -- no implicit `this`, do NOT add a leading self/object-pointer argument]	C:/hd25/kingdom2/tozawa/smenu_mu.cpp
00247e80	_ZN2Tz4MUMI4ExitEv	sim-sib-med	1	0		Tz::MUMI::Exit() [DWARF: static -- no implicit `this`, do NOT add a leading self/object-pointer argument]	C:/hd25/kingdom2/tozawa/smenu_mu.cpp
00248060	_ZN2Tz4MUMI5SetupEv	high	1	0		Tz::MUMI::Setup() [DWARF: static -- no implicit `this`, do NOT add a leading self/object-pointer argument]	C:/hd25/kingdom2/tozawa/smenu_mu.cpp
002485c8	_ZN2Tz4MUMI8SetupSelEv	high	1	0		Tz::MUMI::SetupSel() [DWARF: static -- no implicit `this`, do NOT add a leading self/object-pointer argument]	C:/hd25/kingdom2/tozawa/smenu_mu.cpp
00248720	_ZN2Tz4MUMI7LoopAllEv	high	1	0		Tz::MUMI::LoopAll() [DWARF: static -- no implicit `this`, do NOT add a leading self/object-pointer argument]	C:/hd25/kingdom2/tozawa/smenu_mu.cpp
002488f0	_ZN2Tz4MUMI13ResetFadeWaitEv	med	1	0		Tz::MUMI::ResetFadeWait() [DWARF: static -- no implicit `this`, do NOT add a leading self/object-pointer argument]	C:/hd25/kingdom2/tozawa/smenu_mu.cpp
00248900	_ZN2Tz4MUMI7ControlEv	med	1	0	bool	Tz::MUMI::Control() [DWARF: static -- no implicit `this`, do NOT add a leading self/object-pointer argument]	C:/hd25/kingdom2/tozawa/smenu_mu.cpp
002489d8	_ZN2Tz4MUMI7CtrlTopEv	med	1	0		Tz::MUMI::CtrlTop() [DWARF: static -- no implicit `this`, do NOT add a leading self/object-pointer argument]	C:/hd25/kingdom2/tozawa/smenu_mu.cpp
00248d28	_ZN2Tz4MUMI4DrawEv	high	1	0		Tz::MUMI::Draw() [DWARF: static -- no implicit `this`, do NOT add a leading self/object-pointer argument]	C:/hd25/kingdom2/tozawa/smenu_mu.cpp
00248f50	_ZN2Tz4MUMI12DrawSelectorEPNS_6SelectEii	high	1	3		Tz::MUMI::DrawSelector(Tz::Select *, int, int) [DWARF: static -- no implicit `this`, do NOT add a leading self/object-pointer argument]	C:/hd25/kingdom2/tozawa/smenu_mu.cpp
002491d0	_ZN2Tz4MUMI13CreateNewMarkEv	sim-high	1	0		Tz::MUMI::CreateNewMark() [DWARF: static -- no implicit `this`, do NOT add a leading self/object-pointer argument]	C:/hd25/kingdom2/tozawa/smenu_mu.cpp
00249480	_ZN2Tz4MUMI8SelCheckEi	med	1	1	bool	Tz::MUMI::SelCheck(int) [DWARF: static -- no implicit `this`, do NOT add a leading self/object-pointer argument]	C:/hd25/kingdom2/tozawa/smenu_mu.cpp
00249508	_ZN2Tz4TRTE4InitEv	sim-high	1	0		Tz::TRTE::Init() [DWARF: static -- no implicit `this`, do NOT add a leading self/object-pointer argument]	C:/hd25/kingdom2/tozawa/smenu_tr.cpp
0024976c	_ZN2Tz4TRTE4ExitEv	sim-rerun2-high	1	0		Tz::TRTE::Exit() [DWARF: static -- no implicit `this`, do NOT add a leading self/object-pointer argument]	C:/hd25/kingdom2/tozawa/smenu_tr.cpp
002499b8	_ZN2Tz4TRTE5SetupEv	high	1	0		Tz::TRTE::Setup() [DWARF: static -- no implicit `this`, do NOT add a leading self/object-pointer argument]	C:/hd25/kingdom2/tozawa/smenu_tr.cpp
00249ef0	_ZN2Tz4TRTE8SetupSelEv	high	1	0		Tz::TRTE::SetupSel() [DWARF: static -- no implicit `this`, do NOT add a leading self/object-pointer argument]	C:/hd25/kingdom2/tozawa/smenu_tr.cpp
0024a048	_ZN2Tz4TRTE7LoopAllEv	high	1	0		Tz::TRTE::LoopAll() [DWARF: static -- no implicit `this`, do NOT add a leading self/object-pointer argument]	C:/hd25/kingdom2/tozawa/smenu_tr.cpp
0024a270	_ZN2Tz4TRTE7ControlEv	med	1	0	bool	Tz::TRTE::Control() [DWARF: static -- no implicit `this`, do NOT add a leading self/object-pointer argument]	C:/hd25/kingdom2/tozawa/smenu_tr.cpp
0024a348	_ZN2Tz4TRTE7CtrlTopEv	med	1	0		Tz::TRTE::CtrlTop() [DWARF: static -- no implicit `this`, do NOT add a leading self/object-pointer argument]	C:/hd25/kingdom2/tozawa/smenu_tr.cpp
0024a710	_ZN2Tz4TRTE4DrawEv	high	1	0		Tz::TRTE::Draw() [DWARF: static -- no implicit `this`, do NOT add a leading self/object-pointer argument]	C:/hd25/kingdom2/tozawa/smenu_tr.cpp
0024a948	_ZN2Tz4TRTE12DrawSelectorEPNS_6SelectEii	med	1	3		Tz::TRTE::DrawSelector(Tz::Select *, int, int) [DWARF: static -- no implicit `this`, do NOT add a leading self/object-pointer argument]	C:/hd25/kingdom2/tozawa/smenu_tr.cpp
0024ac88	_ZN2Tz4TRTE10GetSeqInfoEi	sim-high	1	1	const Tz::SeqInfo *	Tz::TRTE::GetSeqInfo(int) [DWARF: static -- no implicit `this`, do NOT add a leading self/object-pointer argument]	C:/hd25/kingdom2/tozawa/smenu_tr.cpp
0024ada0	_ZN2Tz4TRTE11CreateScoreEv	high	1	0		Tz::TRTE::CreateScore() [DWARF: static -- no implicit `this`, do NOT add a leading self/object-pointer argument]	C:/hd25/kingdom2/tozawa/smenu_tr.cpp
0024aef0	_ZN2Tz4TRTE13CreateNewMarkEv	high	1	0		Tz::TRTE::CreateNewMark() [DWARF: static -- no implicit `this`, do NOT add a leading self/object-pointer argument]	C:/hd25/kingdom2/tozawa/smenu_tr.cpp
0024b1f8	_ZN2Tz4TRTE8SelCheckEi	med	1	1	bool	Tz::TRTE::SelCheck(int) [DWARF: static -- no implicit `this`, do NOT add a leading self/object-pointer argument]	C:/hd25/kingdom2/tozawa/smenu_tr.cpp
0024b210	_ZN2Tz4HBTE4InitEv	high	1	0		Tz::HBTE::Init() [DWARF: static -- no implicit `this`, do NOT add a leading self/object-pointer argument]	C:/hd25/kingdom2/tozawa/smenu_hb.cpp
0024b3a0	_ZN2Tz4HBTE4ExitEv	sim-sib-med	1	0		Tz::HBTE::Exit() [DWARF: static -- no implicit `this`, do NOT add a leading self/object-pointer argument]	C:/hd25/kingdom2/tozawa/smenu_hb.cpp
0024b588	_ZN2Tz4HBTE5SetupEv	high	1	0		Tz::HBTE::Setup() [DWARF: static -- no implicit `this`, do NOT add a leading self/object-pointer argument]	C:/hd25/kingdom2/tozawa/smenu_hb.cpp
0024ba58	_ZN2Tz4HBTE8SetupSelEv	high	1	0		Tz::HBTE::SetupSel() [DWARF: static -- no implicit `this`, do NOT add a leading self/object-pointer argument]	C:/hd25/kingdom2/tozawa/smenu_hb.cpp
0024bbb0	_ZN2Tz4HBTE7LoopAllEv	high	1	0		Tz::HBTE::LoopAll() [DWARF: static -- no implicit `this`, do NOT add a leading self/object-pointer argument]	C:/hd25/kingdom2/tozawa/smenu_hb.cpp
0024bd80	_ZN2Tz4HBTE13ResetFadeWaitEv	med	1	0		Tz::HBTE::ResetFadeWait() [DWARF: static -- no implicit `this`, do NOT add a leading self/object-pointer argument]	C:/hd25/kingdom2/tozawa/smenu_hb.cpp
0024bd90	_ZN2Tz4HBTE7ControlEv	med	1	0	bool	Tz::HBTE::Control() [DWARF: static -- no implicit `this`, do NOT add a leading self/object-pointer argument]	C:/hd25/kingdom2/tozawa/smenu_hb.cpp
0024be68	_ZN2Tz4HBTE7CtrlTopEv	med	1	0		Tz::HBTE::CtrlTop() [DWARF: static -- no implicit `this`, do NOT add a leading self/object-pointer argument]	C:/hd25/kingdom2/tozawa/smenu_hb.cpp
0024bfb8	_ZN2Tz4HBTE7CtrlSelEv	sim-high	1	0		Tz::HBTE::CtrlSel() [DWARF: static -- no implicit `this`, do NOT add a leading self/object-pointer argument]	C:/hd25/kingdom2/tozawa/smenu_hb.cpp
0024c1a8	_ZN2Tz4HBTE4DrawEv	high	1	0		Tz::HBTE::Draw() [DWARF: static -- no implicit `this`, do NOT add a leading self/object-pointer argument]	C:/hd25/kingdom2/tozawa/smenu_hb.cpp
0024c420	_ZN2Tz4HBTE12DrawSelectorEPNS_6SelectEii	high	1	3		Tz::HBTE::DrawSelector(Tz::Select *, int, int) [DWARF: static -- no implicit `this`, do NOT add a leading self/object-pointer argument]	C:/hd25/kingdom2/tozawa/smenu_hb.cpp
0024c6a0	_ZN2Tz4HBTE13CreateNewMarkEv	sim-high	1	0		Tz::HBTE::CreateNewMark() [DWARF: static -- no implicit `this`, do NOT add a leading self/object-pointer argument]	C:/hd25/kingdom2/tozawa/smenu_hb.cpp
0024c950	_ZN2Tz4TTPT4InitEv	sim-rerun-med	1	0		Tz::TTPT::Init() [DWARF: static -- no implicit `this`, do NOT add a leading self/object-pointer argument]	C:/hd25/kingdom2/tozawa/smenu_ttpt.cpp
0024cbd8	_ZN2Tz4TTPT4ExitEv	sim-sib-med	1	0		Tz::TTPT::Exit() [DWARF: static -- no implicit `this`, do NOT add a leading self/object-pointer argument]	C:/hd25/kingdom2/tozawa/smenu_ttpt.cpp
0024ce18	_ZN2Tz4TTPT5SetupEv	high	1	0		Tz::TTPT::Setup() [DWARF: static -- no implicit `this`, do NOT add a leading self/object-pointer argument]	C:/hd25/kingdom2/tozawa/smenu_ttpt.cpp
0024d348	_ZN2Tz4TTPT8SetupSelEv	high	1	0		Tz::TTPT::SetupSel() [DWARF: static -- no implicit `this`, do NOT add a leading self/object-pointer argument]	C:/hd25/kingdom2/tozawa/smenu_ttpt.cpp
0024d4a0	_ZN2Tz4TTPT7LoopAllEv	high	1	0		Tz::TTPT::LoopAll() [DWARF: static -- no implicit `this`, do NOT add a leading self/object-pointer argument]	C:/hd25/kingdom2/tozawa/smenu_ttpt.cpp
0024d6c8	_ZN2Tz4TTPT7ControlEv	med	1	0	bool	Tz::TTPT::Control() [DWARF: static -- no implicit `this`, do NOT add a leading self/object-pointer argument]	C:/hd25/kingdom2/tozawa/smenu_ttpt.cpp
0024d7a0	_ZN2Tz4TTPT7CtrlTopEv	med	1	0		Tz::TTPT::CtrlTop() [DWARF: static -- no implicit `this`, do NOT add a leading self/object-pointer argument]	C:/hd25/kingdom2/tozawa/smenu_ttpt.cpp
0024db28	_ZN2Tz4TTPT4DrawEv	high	1	0		Tz::TTPT::Draw() [DWARF: static -- no implicit `this`, do NOT add a leading self/object-pointer argument]	C:/hd25/kingdom2/tozawa/smenu_ttpt.cpp
0024dd68	_ZN2Tz4TTPT12DrawSelectorEPNS_6SelectEii	high	1	3		Tz::TTPT::DrawSelector(Tz::Select *, int, int) [DWARF: static -- no implicit `this`, do NOT add a leading self/object-pointer argument]	C:/hd25/kingdom2/tozawa/smenu_ttpt.cpp
0024dea8	_ZN7OvlShop8ItemShop18DeleteSelectorItemEv	sim-med	1	0		OvlShop::ItemShop::DeleteSelectorItem() [DWARF: static -- no implicit `this`, do NOT add a leading self/object-pointer argument]	C:/hd25/kingdom2/ovl_shop/shop.cpp
0024e228	_ZN2Tz4TTPT11UpdateScoreEv	high	1	0		Tz::TTPT::UpdateScore() [DWARF: static -- no implicit `this`, do NOT add a leading self/object-pointer argument]	C:/hd25/kingdom2/tozawa/smenu_ttpt.cpp
0024e3a8	_ZN2Tz4TTPT13CreateNewMarkEv	sim-high	1	0		Tz::TTPT::CreateNewMark() [DWARF: static -- no implicit `this`, do NOT add a leading self/object-pointer argument]	C:/hd25/kingdom2/tozawa/smenu_ttpt.cpp
0024e678	_ZN2Tz4TTMY4InitEv	med	1	0		Tz::TTMY::Init() [DWARF: static -- no implicit `this`, do NOT add a leading self/object-pointer argument]	C:/hd25/kingdom2/tozawa/smenu_ttmy.cpp
0024e850	_ZN2Tz4TTMY5SetupEv	high	1	0		Tz::TTMY::Setup() [DWARF: static -- no implicit `this`, do NOT add a leading self/object-pointer argument]	C:/hd25/kingdom2/tozawa/smenu_ttmy.cpp
0024e9c0	_ZN2Tz4TTMY10SetupCMarkEv	med	1	0		Tz::TTMY::SetupCMark() [DWARF: static -- no implicit `this`, do NOT add a leading self/object-pointer argument]	C:/hd25/kingdom2/tozawa/smenu_ttmy.cpp
0024eac0	_ZN2Tz4TTMY12CloseHelpWinEv	sim-med	1	0		Tz::TTMY::CloseHelpWin() [DWARF: static -- no implicit `this`, do NOT add a leading self/object-pointer argument]	C:/hd25/kingdom2/tozawa/smenu_ttmy.cpp
0024ebc0	_ZN2Tz4TTMY7ControlEv	med	1	0	bool	Tz::TTMY::Control() [DWARF: static -- no implicit `this`, do NOT add a leading self/object-pointer argument]	C:/hd25/kingdom2/tozawa/smenu_ttmy.cpp
0024ec50	_ZN2Tz4TTMY8CtrlMenuEv	med	1	0		Tz::TTMY::CtrlMenu() [DWARF: static -- no implicit `this`, do NOT add a leading self/object-pointer argument]	C:/hd25/kingdom2/tozawa/smenu_ttmy.cpp
0024edd8	_ZN2Tz4TTMY4DrawEv	high	1	0		Tz::TTMY::Draw() [DWARF: static -- no implicit `this`, do NOT add a leading self/object-pointer argument]	C:/hd25/kingdom2/tozawa/smenu_ttmy.cpp
0024f070	_ZN2Tz4TTMY13CreateHelpWinEi	med	1	1		Tz::TTMY::CreateHelpWin(int) [DWARF: static -- no implicit `this`, do NOT add a leading self/object-pointer argument]	C:/hd25/kingdom2/tozawa/smenu_ttmy.cpp
0024f398	_ZN2Tz4LMMU4InitEv	high	1	0		Tz::LMMU::Init() [DWARF: static -- no implicit `this`, do NOT add a leading self/object-pointer argument]	C:/hd25/kingdom2/tozawa/smenu_lm.cpp
0024f528	_ZN2Tz4LMMU4ExitEv	sim-sib-med	1	0		Tz::LMMU::Exit() [DWARF: static -- no implicit `this`, do NOT add a leading self/object-pointer argument]	C:/hd25/kingdom2/tozawa/smenu_lm.cpp
0024f710	_ZN2Tz4LMMU5SetupEv	high	1	0		Tz::LMMU::Setup() [DWARF: static -- no implicit `this`, do NOT add a leading self/object-pointer argument]	C:/hd25/kingdom2/tozawa/smenu_lm.cpp
0024fbd0	_ZN2Tz4LMMU8SetupSelEv	high	1	0		Tz::LMMU::SetupSel() [DWARF: static -- no implicit `this`, do NOT add a leading self/object-pointer argument]	C:/hd25/kingdom2/tozawa/smenu_lm.cpp
0024fd28	_ZN2Tz4LMMU7LoopAllEv	high	1	0		Tz::LMMU::LoopAll() [DWARF: static -- no implicit `this`, do NOT add a leading self/object-pointer argument]	C:/hd25/kingdom2/tozawa/smenu_lm.cpp
0024fef8	_ZN2Tz4LMMU13ResetFadeWaitEv	med	1	0		Tz::LMMU::ResetFadeWait() [DWARF: static -- no implicit `this`, do NOT add a leading self/object-pointer argument]	C:/hd25/kingdom2/tozawa/smenu_lm.cpp
0024ff08	_ZN2Tz4LMMU7ControlEv	high	1	0	bool	Tz::LMMU::Control() [DWARF: static -- no implicit `this`, do NOT add a leading self/object-pointer argument]	C:/hd25/kingdom2/tozawa/smenu_lm.cpp
0024ffe0	_ZN2Tz4LMMU7CtrlTopEv	med	1	0		Tz::LMMU::CtrlTop() [DWARF: static -- no implicit `this`, do NOT add a leading self/object-pointer argument]	C:/hd25/kingdom2/tozawa/smenu_lm.cpp
00250328	_ZN2Tz4LMMU4DrawEv	high	1	0		Tz::LMMU::Draw() [DWARF: static -- no implicit `this`, do NOT add a leading self/object-pointer argument]	C:/hd25/kingdom2/tozawa/smenu_lm.cpp
00250550	_ZN2Tz4LMMU12DrawSelectorEPNS_6SelectEii	high	1	3		Tz::LMMU::DrawSelector(Tz::Select *, int, int) [DWARF: static -- no implicit `this`, do NOT add a leading self/object-pointer argument]	C:/hd25/kingdom2/tozawa/smenu_lm.cpp
002507a0	_ZN2Tz4LMMU13CreateNewMarkEv	med	1	0		Tz::LMMU::CreateNewMark() [DWARF: static -- no implicit `this`, do NOT add a leading self/object-pointer argument]	C:/hd25/kingdom2/tozawa/smenu_lm.cpp
00250a50	_ZN2Tz4CANA4InitEv	sim-high	1	0		Tz::CANA::Init() [DWARF: static -- no implicit `this`, do NOT add a leading self/object-pointer argument]	C:/hd25/kingdom2/tozawa/smenu_cana.cpp
00250da8	_ZN2Tz4CANA4ExitEv	sim-sib-med	1	0		Tz::CANA::Exit() [DWARF: static -- no implicit `this`, do NOT add a leading self/object-pointer argument]	C:/hd25/kingdom2/tozawa/smenu_cana.cpp
00251148	_ZN2Tz4CANA5SetupEv	high	1	0		Tz::CANA::Setup() [DWARF: static -- no implicit `this`, do NOT add a leading self/object-pointer argument]	C:/hd25/kingdom2/tozawa/smenu_cana.cpp
00251318	_ZN2Tz4CANA7ControlEv	high	1	0	bool	Tz::CANA::Control() [DWARF: static -- no implicit `this`, do NOT add a leading self/object-pointer argument]	C:/hd25/kingdom2/tozawa/smenu_cana.cpp
002513b0	_ZN2Tz4CANA11ControlMenuEv	med	1	0		Tz::CANA::ControlMenu() [DWARF: static -- no implicit `this`, do NOT add a leading self/object-pointer argument]	C:/hd25/kingdom2/tozawa/smenu_cana.cpp
002515a0	_ZN2Tz4CANA8SetupSelEv	sim-high	1	0		Tz::CANA::SetupSel() [DWARF: static -- no implicit `this`, do NOT add a leading self/object-pointer argument]	C:/hd25/kingdom2/tozawa/smenu_cana.cpp
00251780	_ZN2Tz4CANA10ControlSelEv	med	1	0		Tz::CANA::ControlSel() [DWARF: static -- no implicit `this`, do NOT add a leading self/object-pointer argument]	C:/hd25/kingdom2/tozawa/smenu_cana.cpp
00251a70	_ZN2Tz4CANA4DrawEv	high	1	0		Tz::CANA::Draw() [DWARF: static -- no implicit `this`, do NOT add a leading self/object-pointer argument]	C:/hd25/kingdom2/tozawa/smenu_cana.cpp
00252208	_ZN2Tz4CANA13CreateNewMarkEv	sim-med	1	0		Tz::CANA::CreateNewMark() [DWARF: static -- no implicit `this`, do NOT add a leading self/object-pointer argument]	C:/hd25/kingdom2/tozawa/smenu_cana.cpp
00252320	_ZN2Tz4CANA18CreateMapBlackPerlEv	sim-med	1	0		Tz::CANA::CreateMapBlackPerl() [DWARF: static -- no implicit `this`, do NOT add a leading self/object-pointer argument]	C:/hd25/kingdom2/tozawa/smenu_cana.cpp
00252540	_ZN2Tz4CANA9UpdateGraEv	high	1	0		Tz::CANA::UpdateGra() [DWARF: static -- no implicit `this`, do NOT add a leading self/object-pointer argument]	C:/hd25/kingdom2/tozawa/smenu_cana.cpp
00252660	_ZN2Tz4CANA10SetNewFlagEi	high	1	1		Tz::CANA::SetNewFlag(int) [DWARF: static -- no implicit `this`, do NOT add a leading self/object-pointer argument]	C:/hd25/kingdom2/tozawa/smenu_cana.cpp
00252760	_ZN2Tz4ALCA4InitEv	sim-high	1	0		Tz::ALCA::Init() [DWARF: static -- no implicit `this`, do NOT add a leading self/object-pointer argument]	C:/hd25/kingdom2/tozawa/smenu_alca.cpp
00252900	_ZN2Tz4ALCA11PauseThreadEP4TASK	high	1	1		Tz::ALCA::PauseThread(TASK *) [DWARF: static -- no implicit `this`, do NOT add a leading self/object-pointer argument]	C:/hd25/kingdom2/tozawa/smenu_alca.cpp
002529a8	_ZN2Tz4ALCA10SetLayListEv	med	1	0		Tz::ALCA::SetLayList() [DWARF: static -- no implicit `this`, do NOT add a leading self/object-pointer argument]	C:/hd25/kingdom2/tozawa/smenu_alca.cpp
00252c20	_ZN2Tz4ALCA7ControlEv	med	1	0	bool	Tz::ALCA::Control() [DWARF: static -- no implicit `this`, do NOT add a leading self/object-pointer argument]	C:/hd25/kingdom2/tozawa/smenu_alca.cpp
00252ce0	_ZN2Tz4ALCA10SetNextLayEv	med	1	0		Tz::ALCA::SetNextLay() [DWARF: static -- no implicit `this`, do NOT add a leading self/object-pointer argument]	C:/hd25/kingdom2/tozawa/smenu_alca.cpp
00252d88	_ZN2Tz4ALCA7ChgModeEv	high	1	0		Tz::ALCA::ChgMode() [DWARF: static -- no implicit `this`, do NOT add a leading self/object-pointer argument]	C:/hd25/kingdom2/tozawa/smenu_alca.cpp
00252e50	_ZN2Tz4ALCA7SetMessEv	high	1	0		Tz::ALCA::SetMess() [DWARF: static -- no implicit `this`, do NOT add a leading self/object-pointer argument]	C:/hd25/kingdom2/tozawa/smenu_alca.cpp
00252fe8	_ZN2Tz8CampMenu4InitEi	med	1	1		Tz::CampMenu::Init(int) [DWARF: static -- no implicit `this`, do NOT add a leading self/object-pointer argument]	C:/hd25/kingdom2/tozawa/camp_menu.cpp
002530c8	_ZN2Tz8CampMenu12InitPriorityEv	sim-med	1	0		Tz::CampMenu::InitPriority() [DWARF: static -- no implicit `this`, do NOT add a leading self/object-pointer argument]	C:/hd25/kingdom2/tozawa/camp_menu.cpp
002530f0	_ZN2Tz8CampMenu4ExitEi	high	1	1		Tz::CampMenu::Exit(int) [DWARF: static -- no implicit `this`, do NOT add a leading self/object-pointer argument]	C:/hd25/kingdom2/tozawa/camp_menu.cpp
00253180	_ZN2Tz8CampMenu5StartEii	high	1	2		Tz::CampMenu::Start(int, int) [DWARF: static -- no implicit `this`, do NOT add a leading self/object-pointer argument]	C:/hd25/kingdom2/tozawa/camp_menu.cpp
00253410	_ZN2Tz8CampMenu13StartSelectorEPKN2YS8SELECTOREPKNS2_4ARGSE	med	1	2		Tz::CampMenu::StartSelector(const YS::SELECTOR *, const YS::SELECTOR::ARGS *) [DWARF: static -- no implicit `this`, do NOT add a leading self/object-pointer argument]	C:/hd25/kingdom2/tozawa/camp_menu.cpp
002534e0	_ZN2Tz8CampMenu12StartHelpGraEPvS1_	med	1	2		Tz::CampMenu::StartHelpGra(void *, void *) [DWARF: static -- no implicit `this`, do NOT add a leading self/object-pointer argument]	C:/hd25/kingdom2/tozawa/camp_menu.cpp
00253568	_ZN2Tz8CampMenu15SetWorldMapTypeEi	sim-sib-med	1	1		Tz::CampMenu::SetWorldMapType(int) [DWARF: static -- no implicit `this`, do NOT add a leading self/object-pointer argument]	C:/hd25/kingdom2/tozawa/camp_menu.cpp
00253578	_ZN2Tz8CampMenu15GetWorldMapTypeEv	sim-rerun-med	1	0	int	Tz::CampMenu::GetWorldMapType() [DWARF: static -- no implicit `this`, do NOT add a leading self/object-pointer argument]	C:/hd25/kingdom2/tozawa/camp_menu.cpp
00253638	_ZN2Tz6CMData4InitEv	med	1	0		Tz::CMData::Init() [DWARF: static -- no implicit `this`, do NOT add a leading self/object-pointer argument]	C:/hd25/kingdom2/tozawa/cmenu_data.cpp
00253818	_ZN2Tz6CMData11FreeDataIdxEi	sim-med	1	1		Tz::CMData::FreeDataIdx(int) [DWARF: static -- no implicit `this`, do NOT add a leading self/object-pointer argument]	C:/hd25/kingdom2/tozawa/cmenu_data.cpp
00253978	_ZN2Tz6CMData12ReadCallbackEPN2YS6BINARCEjPv	sim-rerun2-med	1	3		Tz::CMData::ReadCallback(YS::BINARC *, size_t, void *) [DWARF: static -- no implicit `this`, do NOT add a leading self/object-pointer argument]	C:/hd25/kingdom2/tozawa/cmenu_data.cpp
002539e8	_ZN2Tz6CMData8BackReadEiPc	high	1	2	int	Tz::CMData::BackRead(int, char *) [DWARF: static -- no implicit `this`, do NOT add a leading self/object-pointer argument]	C:/hd25/kingdom2/tozawa/cmenu_data.cpp
00254020	_ZN2Tz5CmTop4ExitEv	sim-high	1	0		Tz::CmTop::Exit() [DWARF: static -- no implicit `this`, do NOT add a leading self/object-pointer argument]	C:/hd25/kingdom2/tozawa/cmenu_top.cpp
00254568	_ZN2Tz5CmTop11SaveOrgInfoEv	med	1	0		Tz::CmTop::SaveOrgInfo() [DWARF: static -- no implicit `this`, do NOT add a leading self/object-pointer argument]	C:/hd25/kingdom2/tozawa/cmenu_top.cpp
00254648	_ZN2Tz5CmTop11PauseThreadEP4TASK	med	1	1		Tz::CmTop::PauseThread(TASK *) [DWARF: static -- no implicit `this`, do NOT add a leading self/object-pointer argument]	C:/hd25/kingdom2/tozawa/cmenu_top.cpp
00254770	_ZN2Tz5CmTop5SetupEv	high	1	0		Tz::CmTop::Setup() [DWARF: static -- no implicit `this`, do NOT add a leading self/object-pointer argument]	C:/hd25/kingdom2/tozawa/cmenu_top.cpp
00254ab8	_ZN2Tz5CmTop13SetupPartyObjEv	high	1	0		Tz::CmTop::SetupPartyObj() [DWARF: static -- no implicit `this`, do NOT add a leading self/object-pointer argument]	C:/hd25/kingdom2/tozawa/cmenu_top.cpp
00254f80	_ZN2Tz5CmTop8LeaveAllEv	sim-high	1	0		Tz::CmTop::LeaveAll() [DWARF: static -- no implicit `this`, do NOT add a leading self/object-pointer argument]	C:/hd25/kingdom2/tozawa/cmenu_top.cpp
002551a8	_ZN2Tz5CmTop13ResetFadeWaitEv	med	1	0		Tz::CmTop::ResetFadeWait() [DWARF: static -- no implicit `this`, do NOT add a leading self/object-pointer argument]	C:/hd25/kingdom2/tozawa/cmenu_top.cpp
002551b8	_ZN2Tz5CmTop8SetupTopEv	med	1	0		Tz::CmTop::SetupTop() [DWARF: static -- no implicit `this`, do NOT add a leading self/object-pointer argument]	C:/hd25/kingdom2/tozawa/cmenu_top.cpp
00255588	_ZN2Tz5CmTop7ControlEv	med	1	0	bool	Tz::CmTop::Control() [DWARF: static -- no implicit `this`, do NOT add a leading self/object-pointer argument]	C:/hd25/kingdom2/tozawa/cmenu_top.cpp
00255900	_ZN2Tz5CmTop7CtrlTopEv	med	1	0		Tz::CmTop::CtrlTop() [DWARF: static -- no implicit `this`, do NOT add a leading self/object-pointer argument]	C:/hd25/kingdom2/tozawa/cmenu_top.cpp
00255df0	_ZN2Tz5CmTop4DrawEv	med	1	0		Tz::CmTop::Draw() [DWARF: static -- no implicit `this`, do NOT add a leading self/object-pointer argument]	C:/hd25/kingdom2/tozawa/cmenu_top.cpp
002566f0	_ZN2Tz5CmTop12DrawSelectorEPNS_6SelectEii	med	1	3		Tz::CmTop::DrawSelector(Tz::Select *, int, int) [DWARF: static -- no implicit `this`, do NOT add a leading self/object-pointer argument]	C:/hd25/kingdom2/tozawa/cmenu_top.cpp
00256a58	_ZN2Tz5CmTop14UpdateHelpMessEv	high	1	0		Tz::CmTop::UpdateHelpMess() [DWARF: static -- no implicit `this`, do NOT add a leading self/object-pointer argument]	C:/hd25/kingdom2/tozawa/cmenu_top.cpp
00256cc0	_ZN2Tz5CmTop13CreatePadHelpEiii	high	1	3		Tz::CmTop::CreatePadHelp(int, int, int) [DWARF: static -- no implicit `this`, do NOT add a leading self/object-pointer argument]	C:/hd25/kingdom2/tozawa/cmenu_top.cpp
00256f18	_ZN5Title7NewGame8CtrlModeEP4TASK	sim-med	1	1	bool	Title::NewGame::CtrlMode(TASK *) [DWARF: static -- no implicit `this`, do NOT add a leading self/object-pointer argument]	C:/hd25/kingdom2/ovl_title/new_game.cpp
00257000	_ZN2Tz5CmTop11ResetCurPosEv	med	1	0		Tz::CmTop::ResetCurPos() [DWARF: static -- no implicit `this`, do NOT add a leading self/object-pointer argument]	C:/hd25/kingdom2/tozawa/cmenu_top.cpp
00257158	_ZN2Tz5CmTop16GetItemFontColorEiib	med	1	3	int	Tz::CmTop::GetItemFontColor(int, int, bool) [DWARF: static -- no implicit `this`, do NOT add a leading self/object-pointer argument]	C:/hd25/kingdom2/tozawa/cmenu_top.cpp
002571e0	_ZN2Tz5CmTop19SetupWarningConfirmEi	med	1	1		Tz::CmTop::SetupWarningConfirm(int) [DWARF: static -- no implicit `this`, do NOT add a leading self/object-pointer argument]	C:/hd25/kingdom2/tozawa/cmenu_top.cpp
00257388	_ZN2Tz5CmTop15SetupWarningWinEii	sim-sandwich	1	2		Tz::CmTop::SetupWarningWin(int, int) [DWARF: static -- no implicit `this`, do NOT add a leading self/object-pointer argument]	C:/hd25/kingdom2/tozawa/cmenu_top.cpp
00257458	_ZN2Tz5CmTop15SetupWarningWinEPKN2YS7MESSAGEEi	sim-sandwich	1	2		Tz::CmTop::SetupWarningWin(const YS::MESSAGE *, int) [DWARF: static -- no implicit `this`, do NOT add a leading self/object-pointer argument]	C:/hd25/kingdom2/tozawa/cmenu_top.cpp
002576d0	_ZN2Tz5CmTop17isExistWarningWinEv	sim-med	1	0	bool	Tz::CmTop::isExistWarningWin() [DWARF: static -- no implicit `this`, do NOT add a leading self/object-pointer argument]	C:/hd25/kingdom2/tozawa/cmenu_top.cpp
002577b0	_ZN2dk11GAUGE_ENEMY5startEii	sim-rerun2-high	1	2	dk::GAUGE_ENEMY *	dk::GAUGE_ENEMY::start(int, int) [DWARF: static -- no implicit `this`, do NOT add a leading self/object-pointer argument]	C:/hd25/kingdom2/harata/libdk/gauge_enemy.cpp
00257a00	_ZN2Tz5CmTop9LeaveListEv	sim-high	1	0		Tz::CmTop::LeaveList() [DWARF: static -- no implicit `this`, do NOT add a leading self/object-pointer argument]	C:/hd25/kingdom2/tozawa/cmenu_top.cpp
00257be0	_ZN2Tz5CmTop15LeaveListSubWinEv	sim-high	1	0		Tz::CmTop::LeaveListSubWin() [DWARF: static -- no implicit `this`, do NOT add a leading self/object-pointer argument]	C:/hd25/kingdom2/tozawa/cmenu_top.cpp
00257c78	_ZN2Tz5CmTop9ChkCurPosEv	med	1	0		Tz::CmTop::ChkCurPos() [DWARF: static -- no implicit `this`, do NOT add a leading self/object-pointer argument]	C:/hd25/kingdom2/tozawa/cmenu_top.cpp
00257e00	_ZN2Tz5CmTop18GetEnbableSelectorEv	med	1	0	int	Tz::CmTop::GetEnbableSelector() [DWARF: static -- no implicit `this`, do NOT add a leading self/object-pointer argument]	C:/hd25/kingdom2/tozawa/cmenu_top.cpp
00258068	_ZN2Tz5CmTop16isEnableSelectorEi	med	1	1	bool	Tz::CmTop::isEnableSelector(int) [DWARF: static -- no implicit `this`, do NOT add a leading self/object-pointer argument]	C:/hd25/kingdom2/tozawa/cmenu_top.cpp
00258118	_ZN2Tz5CmTop8SelCheckEi	med	1	1	bool	Tz::CmTop::SelCheck(int) [DWARF: static -- no implicit `this`, do NOT add a leading self/object-pointer argument]	C:/hd25/kingdom2/tozawa/cmenu_top.cpp
002581b0	_ZN2Tz5Pause4InitEv	sim-high	1	0		Tz::Pause::Init() [DWARF: static -- no implicit `this`, do NOT add a leading self/object-pointer argument]	C:/hd25/kingdom2/tozawa/cmenu_pause.cpp
002582f8	_ZN2Tz5Pause4ExitEv	sim-gap-high	1	0		Tz::Pause::Exit() [DWARF: static -- no implicit `this`, do NOT add a leading self/object-pointer argument]	C:/hd25/kingdom2/tozawa/cmenu_pause.cpp
002584c8	_ZN2Tz5Pause11PauseThreadEP4TASK	high	1	1		Tz::Pause::PauseThread(TASK *) [DWARF: static -- no implicit `this`, do NOT add a leading self/object-pointer argument]	C:/hd25/kingdom2/tozawa/cmenu_pause.cpp
00258698	_ZN2Tz5Pause10MenuThreadEP4TASK	med	1	1		Tz::Pause::MenuThread(TASK *) [DWARF: static -- no implicit `this`, do NOT add a leading self/object-pointer argument]	C:/hd25/kingdom2/tozawa/cmenu_pause.cpp
002588e8	_ZN2Tz5Pause8CreateBgEi	sim-high	1	1		Tz::Pause::CreateBg(int) [DWARF: static -- no implicit `this`, do NOT add a leading self/object-pointer argument]	C:/hd25/kingdom2/tozawa/cmenu_pause.cpp
00258b28	_ZN2Tz6CmLoad17isDataLoadSuccessEv	sim-rerun2-med	1	0	bool	Tz::CmLoad::isDataLoadSuccess() [DWARF: static -- no implicit `this`, do NOT add a leading self/object-pointer argument]	C:/hd25/kingdom2/tozawa/cmenu_load.cpp
00258ce8	_ZN2Tz6CmComm15InitConfirmMessEPKt	med	1	1		Tz::CmComm::InitConfirmMess(const u_short *) [DWARF: static -- no implicit `this`, do NOT add a leading self/object-pointer argument]	C:/hd25/kingdom2/tozawa/cmenu_comm.cpp
00258df0	_ZN2Tz6CmComm14SetDrawMunniesEPNS_8MultiSeqE	high	1	1		Tz::CmComm::SetDrawMunnies(Tz::MultiSeq *) [DWARF: static -- no implicit `this`, do NOT add a leading self/object-pointer argument]	C:/hd25/kingdom2/tozawa/cmenu_comm.cpp
00258eb8	_ZN2Tz6CmComm11SetDrawTimeEPNS_8MultiSeqE	high	1	1		Tz::CmComm::SetDrawTime(Tz::MultiSeq *) [DWARF: static -- no implicit `this`, do NOT add a leading self/object-pointer argument]	C:/hd25/kingdom2/tozawa/cmenu_comm.cpp
00259108	_ZN2Tz6CmComm21CreateConfirmSelectorEPNS_6SelectEiiiPNS_6LayoutEiPKs	high	1	7		Tz::CmComm::CreateConfirmSelector(Tz::Select *, int, int, int, Tz::Layout *, int, const short *) [DWARF: static -- no implicit `this`, do NOT add a leading self/object-pointer argument]	C:/hd25/kingdom2/tozawa/cmenu_comm.cpp
00259350	_ZN2Tz6CmComm8DataLoadEi	high	1	1	bool	Tz::CmComm::DataLoad(int) [DWARF: static -- no implicit `this`, do NOT add a leading self/object-pointer argument]	C:/hd25/kingdom2/tozawa/cmenu_comm.cpp
002593b8	_ZN2Tz6CmComm12DataLoadWaitEiP4TASK	high	1	2	bool	Tz::CmComm::DataLoadWait(int, TASK *) [DWARF: static -- no implicit `this`, do NOT add a leading self/object-pointer argument]	C:/hd25/kingdom2/tozawa/cmenu_comm.cpp
00259460	_ZN2Tz6CmComm11GetItemIconEib	sim-sandwich	1	2	int	Tz::CmComm::GetItemIcon(int, bool) [DWARF: static -- no implicit `this`, do NOT add a leading self/object-pointer argument]	C:/hd25/kingdom2/tozawa/cmenu_comm.cpp
002594b8	_ZN2Tz6CmComm16GetItemIconMsgIdEi	sim-sandwich	1	1	int	Tz::CmComm::GetItemIconMsgId(int) [DWARF: static -- no implicit `this`, do NOT add a leading self/object-pointer argument]	C:/hd25/kingdom2/tozawa/cmenu_comm.cpp
00259510	_ZN2Tz6CmComm10GetPadIconEi	med	1	1	int	Tz::CmComm::GetPadIcon(int) [DWARF: static -- no implicit `this`, do NOT add a leading self/object-pointer argument]	C:/hd25/kingdom2/tozawa/cmenu_comm.cpp
00259690	_ZN2Tz6CmLoad4InitEv	sim-high	1	0		Tz::CmLoad::Init() [DWARF: static -- no implicit `this`, do NOT add a leading self/object-pointer argument]	C:/hd25/kingdom2/tozawa/cmenu_load.cpp
00259730	_ZN2Tz6CmSave9InitClearEv	sim-high	1	0		Tz::CmSave::InitClear() [DWARF: static -- no implicit `this`, do NOT add a leading self/object-pointer argument]	C:/hd25/kingdom2/tozawa/cmenu_save.cpp
002597bc	_ZN2Tz6CmSave9ExitClearEv	sim-gap-med	1	0		Tz::CmSave::ExitClear() [DWARF: static -- no implicit `this`, do NOT add a leading self/object-pointer argument]	C:/hd25/kingdom2/tozawa/cmenu_save.cpp
002598b8	_ZN2Tz6CmSave11PauseThreadEP4TASK	med	1	1		Tz::CmSave::PauseThread(TASK *) [DWARF: static -- no implicit `this`, do NOT add a leading self/object-pointer argument]	C:/hd25/kingdom2/tozawa/cmenu_save.cpp
00259998	_ZN2Tz6CmSave5SetupEv	high	1	0		Tz::CmSave::Setup() [DWARF: static -- no implicit `this`, do NOT add a leading self/object-pointer argument]	C:/hd25/kingdom2/tozawa/cmenu_save.cpp
00259c60	_ZN2Tz6CmSave7ControlEv	med	1	0	bool	Tz::CmSave::Control() [DWARF: static -- no implicit `this`, do NOT add a leading self/object-pointer argument]	C:/hd25/kingdom2/tozawa/cmenu_save.cpp
00259e90	_ZN2Tz8CmSLBase9SetupSlotEv	high	1	0		Tz::CmSLBase::SetupSlot() [DWARF: static -- no implicit `this`, do NOT add a leading self/object-pointer argument]	C:/hd25/kingdom2/tozawa/cmenu_slbase.cpp
00259fb8	_ZN2Tz6CmSave7CtrlTopEv	sim-high	1	0		Tz::CmSave::CtrlTop() [DWARF: static -- no implicit `this`, do NOT add a leading self/object-pointer argument]	C:/hd25/kingdom2/tozawa/cmenu_save.cpp
0025a200	_ZN2Tz6CmSave8CtrlSlotEv	sim-high	1	0		Tz::CmSave::CtrlSlot() [DWARF: static -- no implicit `this`, do NOT add a leading self/object-pointer argument]	C:/hd25/kingdom2/tozawa/cmenu_save.cpp
0025a660	_ZN2Tz6CmSave16CtrlErrorConfirmEv	med	1	0		Tz::CmSave::CtrlErrorConfirm() [DWARF: static -- no implicit `this`, do NOT add a leading self/object-pointer argument]	C:/hd25/kingdom2/tozawa/cmenu_save.cpp
0025aa10	_ZN2Tz6CmSave9CtrlYesNoEv	med	1	0		Tz::CmSave::CtrlYesNo() [DWARF: static -- no implicit `this`, do NOT add a leading self/object-pointer argument]	C:/hd25/kingdom2/tozawa/cmenu_save.cpp
0025adf0	_ZN2Tz6CmSave13CtrlSlotCheckEv	sim-high	1	0		Tz::CmSave::CtrlSlotCheck() [DWARF: static -- no implicit `this`, do NOT add a leading self/object-pointer argument]	C:/hd25/kingdom2/tozawa/cmenu_save.cpp
0025b050	_ZN2Tz6CmSave12CtrlCheckSysEv	med	1	0		Tz::CmSave::CtrlCheckSys() [DWARF: static -- no implicit `this`, do NOT add a leading self/object-pointer argument]	C:/hd25/kingdom2/tozawa/cmenu_save.cpp
0025b218	_ZN2Tz6CmSave12CtrlLoadListEv	med	1	0		Tz::CmSave::CtrlLoadList() [DWARF: static -- no implicit `this`, do NOT add a leading self/object-pointer argument]	C:/hd25/kingdom2/tozawa/cmenu_save.cpp
0025b5e0	_ZN2Tz6CmSave15CtrlChkFreeSizeEv	med	1	0		Tz::CmSave::CtrlChkFreeSize() [DWARF: static -- no implicit `this`, do NOT add a leading self/object-pointer argument]	C:/hd25/kingdom2/tozawa/cmenu_save.cpp
0025b7b8	_ZN2Tz6CmSave8CtrlListEv	sim-high	1	0		Tz::CmSave::CtrlList() [DWARF: static -- no implicit `this`, do NOT add a leading self/object-pointer argument]	C:/hd25/kingdom2/tozawa/cmenu_save.cpp
0025bbe0	_ZN2Tz6CmSave15CtrlChkDataSizeEv	med	1	0		Tz::CmSave::CtrlChkDataSize() [DWARF: static -- no implicit `this`, do NOT add a leading self/object-pointer argument]	C:/hd25/kingdom2/tozawa/cmenu_save.cpp
0025bd98	_ZN2Tz6CmSave12CtrlDataSaveEv	med	1	0		Tz::CmSave::CtrlDataSave() [DWARF: static -- no implicit `this`, do NOT add a leading self/object-pointer argument]	C:/hd25/kingdom2/tozawa/cmenu_save.cpp
0025c3c0	_ZN2Tz6CmSave11CtrlSysSaveEv	med	1	0		Tz::CmSave::CtrlSysSave() [DWARF: static -- no implicit `this`, do NOT add a leading self/object-pointer argument]	C:/hd25/kingdom2/tozawa/cmenu_save.cpp
0025caf0	_ZN2Tz6CmSave15CtrlWMapConfirmEv	sim-high	1	0		Tz::CmSave::CtrlWMapConfirm() [DWARF: static -- no implicit `this`, do NOT add a leading self/object-pointer argument]	C:/hd25/kingdom2/tozawa/cmenu_save.cpp
0025cde0	_ZN2Tz6CmSave4DrawEv	sim-high	1	0		Tz::CmSave::Draw() [DWARF: static -- no implicit `this`, do NOT add a leading self/object-pointer argument]	C:/hd25/kingdom2/tozawa/cmenu_save.cpp
0025d620	_ZN2Tz6CmSave8SelCheckEi	sim-med	1	1	bool	Tz::CmSave::SelCheck(int) [DWARF: static -- no implicit `this`, do NOT add a leading self/object-pointer argument]	C:/hd25/kingdom2/tozawa/cmenu_save.cpp
0025d6b0	_ZN2Tz6CmSave4InitEv	sim-high	1	0		Tz::CmSave::Init() [DWARF: static -- no implicit `this`, do NOT add a leading self/object-pointer argument]	C:/hd25/kingdom2/tozawa/cmenu_save.cpp
0025d728	_ZN2Tz6CmSave4ExitEv	sim-rerun2-med	1	0		Tz::CmSave::Exit() [DWARF: static -- no implicit `this`, do NOT add a leading self/object-pointer argument]	C:/hd25/kingdom2/tozawa/cmenu_save.cpp
0025d7f8	_ZN2Tz6CmLoad11PauseThreadEP4TASK	med	1	1		Tz::CmLoad::PauseThread(TASK *) [DWARF: static -- no implicit `this`, do NOT add a leading self/object-pointer argument]	C:/hd25/kingdom2/tozawa/cmenu_load.cpp
0025d918	_ZN2Tz6CmLoad5SetupEv	high	1	0		Tz::CmLoad::Setup() [DWARF: static -- no implicit `this`, do NOT add a leading self/object-pointer argument]	C:/hd25/kingdom2/tozawa/cmenu_load.cpp
0025da20	_ZN2Tz6CmLoad7ControlEv	high	1	0	bool	Tz::CmLoad::Control() [DWARF: static -- no implicit `this`, do NOT add a leading self/object-pointer argument]	C:/hd25/kingdom2/tozawa/cmenu_load.cpp
0025dbd8	_ZN2Tz6CmLoad8CtrlSlotEv	med	1	0		Tz::CmLoad::CtrlSlot() [DWARF: static -- no implicit `this`, do NOT add a leading self/object-pointer argument]	C:/hd25/kingdom2/tozawa/cmenu_load.cpp
0025dde8	_ZN2Tz6CmLoad13CtrlSlotCheckEv	high	1	0		Tz::CmLoad::CtrlSlotCheck() [DWARF: static -- no implicit `this`, do NOT add a leading self/object-pointer argument]	C:/hd25/kingdom2/tozawa/cmenu_load.cpp
0025dfb0	_ZN2Tz6CmLoad16CtrlErrorConfirmEv	med	1	0		Tz::CmLoad::CtrlErrorConfirm() [DWARF: static -- no implicit `this`, do NOT add a leading self/object-pointer argument]	C:/hd25/kingdom2/tozawa/cmenu_load.cpp
0025e450	_ZN2Tz6CmLoad12CtrlLoadListEv	med	1	0		Tz::CmLoad::CtrlLoadList() [DWARF: static -- no implicit `this`, do NOT add a leading self/object-pointer argument]	C:/hd25/kingdom2/tozawa/cmenu_load.cpp
0025e8a0	_ZN2Tz6CmLoad8CtrlListEv	sim-high	1	0		Tz::CmLoad::CtrlList() [DWARF: static -- no implicit `this`, do NOT add a leading self/object-pointer argument]	C:/hd25/kingdom2/tozawa/cmenu_load.cpp
0025ebb0	_ZN2Tz6CmLoad12CtrlDataLoadEv	med	1	0		Tz::CmLoad::CtrlDataLoad() [DWARF: static -- no implicit `this`, do NOT add a leading self/object-pointer argument]	C:/hd25/kingdom2/tozawa/cmenu_load.cpp
0025eee8	_ZN2Tz6CmLoad4DrawEv	sim-high	1	0		Tz::CmLoad::Draw() [DWARF: static -- no implicit `this`, do NOT add a leading self/object-pointer argument]	C:/hd25/kingdom2/tozawa/cmenu_load.cpp
0025f430	_ZN2Tz6CmLoad12DrawSelectorEPNS_6SelectEii	sim-rerun-high	1	3		Tz::CmLoad::DrawSelector(Tz::Select *, int, int) [DWARF: static -- no implicit `this`, do NOT add a leading self/object-pointer argument]	C:/hd25/kingdom2/tozawa/cmenu_load.cpp
0025f588	_ZN7OvlShop8CmSynthe14UpdateHelpMessEv	sim-med	1	0		OvlShop::CmSynthe::UpdateHelpMess() [DWARF: static -- no implicit `this`, do NOT add a leading self/object-pointer argument]	C:/hd25/kingdom2/ovl_shop/synthe.cpp
0025f610	_ZN2Tz6CmLoad8SelCheckEi	high	1	1	bool	Tz::CmLoad::SelCheck(int) [DWARF: static -- no implicit `this`, do NOT add a leading self/object-pointer argument]	C:/hd25/kingdom2/tozawa/cmenu_load.cpp
0025fb48	_ZN2Tz6CmItem7CtrlTopEv	med	1	0		Tz::CmItem::CtrlTop() [DWARF: static -- no implicit `this`, do NOT add a leading self/object-pointer argument]	C:/hd25/kingdom2/tozawa/cmenu_item.cpp
0025ffd0	_ZN2Tz6CmItem10SetupStockEv	med	1	0		Tz::CmItem::SetupStock() [DWARF: static -- no implicit `this`, do NOT add a leading self/object-pointer argument]	C:/hd25/kingdom2/tozawa/cmenu_item.cpp
00260418	_ZN2Tz6CmItem9CtrlStockEv	med	1	0		Tz::CmItem::CtrlStock() [DWARF: static -- no implicit `this`, do NOT add a leading self/object-pointer argument]	C:/hd25/kingdom2/tozawa/cmenu_item.cpp
00260808	_ZN2Tz6CmItem12SetupItemUseEv	med	1	0		Tz::CmItem::SetupItemUse() [DWARF: static -- no implicit `this`, do NOT add a leading self/object-pointer argument]	C:/hd25/kingdom2/tozawa/cmenu_item.cpp
00260ce0	_ZN2Tz6CmItem11CtrlItemUseEv	med	1	0		Tz::CmItem::CtrlItemUse() [DWARF: static -- no implicit `this`, do NOT add a leading self/object-pointer argument]	C:/hd25/kingdom2/tozawa/cmenu_item.cpp
00261000	_ZN2Tz6CmItem17SetupItemUsePartyEv	med	1	0		Tz::CmItem::SetupItemUseParty() [DWARF: static -- no implicit `this`, do NOT add a leading self/object-pointer argument]	C:/hd25/kingdom2/tozawa/cmenu_item.cpp
002612c8	_ZN2Tz6CmItem16CtrlItemUsePartyEv	med	1	0		Tz::CmItem::CtrlItemUseParty() [DWARF: static -- no implicit `this`, do NOT add a leading self/object-pointer argument]	C:/hd25/kingdom2/tozawa/cmenu_item.cpp
00261668	_ZN2Tz6CmItem18CtrlItemUseWarningEv	sim-high	1	0		Tz::CmItem::CtrlItemUseWarning() [DWARF: static -- no implicit `this`, do NOT add a leading self/object-pointer argument]	C:/hd25/kingdom2/tozawa/cmenu_item.cpp
002618d8	_ZN2Tz6CmItem19CtrlItemDumpConfirmEv	high	1	0		Tz::CmItem::CtrlItemDumpConfirm() [DWARF: static -- no implicit `this`, do NOT add a leading self/object-pointer argument]	C:/hd25/kingdom2/tozawa/cmenu_item.cpp
00261b30	_ZN2Tz6CmItem15CreateEquipListEv	med	1	0		Tz::CmItem::CreateEquipList() [DWARF: static -- no implicit `this`, do NOT add a leading self/object-pointer argument]	C:/hd25/kingdom2/tozawa/cmenu_item.cpp
00261ce8	_ZN2Tz6CmItem12GetEquipListEi	med	1	1		Tz::CmItem::GetEquipList(int) [DWARF: static -- no implicit `this`, do NOT add a leading self/object-pointer argument]	C:/hd25/kingdom2/tozawa/cmenu_item.cpp
00261d48	_ZN2Tz6CmItem15UpdateEquipListEv	med	1	0		Tz::CmItem::UpdateEquipList() [DWARF: static -- no implicit `this`, do NOT add a leading self/object-pointer argument]	C:/hd25/kingdom2/tozawa/cmenu_item.cpp
00261fb8	_ZN2Tz6CmItem15UpdateStockListEv	high	1	0		Tz::CmItem::UpdateStockList() [DWARF: static -- no implicit `this`, do NOT add a leading self/object-pointer argument]	C:/hd25/kingdom2/tozawa/cmenu_item.cpp
002623c8	_ZN2Tz6CmItem14CreateCategoryEv	med	1	0		Tz::CmItem::CreateCategory() [DWARF: static -- no implicit `this`, do NOT add a leading self/object-pointer argument]	C:/hd25/kingdom2/tozawa/cmenu_item.cpp
00262588	_ZN2Tz6CmItem13LeaveCategoryEv	high	1	0		Tz::CmItem::LeaveCategory() [DWARF: static -- no implicit `this`, do NOT add a leading self/object-pointer argument]	C:/hd25/kingdom2/tozawa/cmenu_item.cpp
00262820	_ZN2Tz6CmItem14UpdateListMessEv	med	1	0		Tz::CmItem::UpdateListMess() [DWARF: static -- no implicit `this`, do NOT add a leading self/object-pointer argument]	C:/hd25/kingdom2/tozawa/cmenu_item.cpp
00262a30	_ZN2Tz6CmItem10DrawUpdateEPNS_6SelectEii	sim-high	1	3		Tz::CmItem::DrawUpdate(Tz::Select *, int, int) [DWARF: static -- no implicit `this`, do NOT add a leading self/object-pointer argument]	C:/hd25/kingdom2/tozawa/cmenu_item.cpp
00262af8	_ZN2Tz6CmItem14UpdateHelpMessEv	med	1	0		Tz::CmItem::UpdateHelpMess() [DWARF: static -- no implicit `this`, do NOT add a leading self/object-pointer argument]	C:/hd25/kingdom2/tozawa/cmenu_item.cpp
00262cb8	_ZN2Tz6CmItem12LeaveUseListEv	sim-high	1	0		Tz::CmItem::LeaveUseList() [DWARF: static -- no implicit `this`, do NOT add a leading self/object-pointer argument]	C:/hd25/kingdom2/tozawa/cmenu_item.cpp
00262ff8	_ZN2Tz6CmItem14LeavePartyListEv	high	1	0		Tz::CmItem::LeavePartyList() [DWARF: static -- no implicit `this`, do NOT add a leading self/object-pointer argument]	C:/hd25/kingdom2/tozawa/cmenu_item.cpp
002630d8	_ZN2Tz6CmItem14isExistUseListEv	sim-med	1	0	bool	Tz::CmItem::isExistUseList() [DWARF: static -- no implicit `this`, do NOT add a leading self/object-pointer argument]	C:/hd25/kingdom2/tozawa/cmenu_item.cpp
00263210	_ZN2Tz6CmItem12DrawListMessEiijjPN2dk13SpriteMessageE	med	1	5		Tz::CmItem::DrawListMess(int, int, u_int, u_int, dk::SpriteMessage *) [DWARF: static -- no implicit `this`, do NOT add a leading self/object-pointer argument]	C:/hd25/kingdom2/tozawa/cmenu_item.cpp
002632d0	_ZN2Tz6CmItem10isSoraOnlyEi	sim-high	1	1	bool	Tz::CmItem::isSoraOnly(int) [DWARF: static -- no implicit `this`, do NOT add a leading self/object-pointer argument]	C:/hd25/kingdom2/tozawa/cmenu_item.cpp
002633a8	_ZN2Tz6CmItem18UpdateTopSelActiveEib	med	1	2		Tz::CmItem::UpdateTopSelActive(int, bool) [DWARF: static -- no implicit `this`, do NOT add a leading self/object-pointer argument]	C:/hd25/kingdom2/tozawa/cmenu_item.cpp
002634d8	_ZN2Tz6CmItem11GetItemInfoEi	med	1	1		Tz::CmItem::GetItemInfo(int) [DWARF: static -- no implicit `this`, do NOT add a leading self/object-pointer argument]	C:/hd25/kingdom2/tozawa/cmenu_item.cpp
00263778	_ZN2Tz6CmItem7UseItemEi	med	1	1		Tz::CmItem::UseItem(int) [DWARF: static -- no implicit `this`, do NOT add a leading self/object-pointer argument]	C:/hd25/kingdom2/tozawa/cmenu_item.cpp
002638e0	_ZN2Tz6CmItem8SelCheckEi	high	1	1	bool	Tz::CmItem::SelCheck(int) [DWARF: static -- no implicit `this`, do NOT add a leading self/object-pointer argument]	C:/hd25/kingdom2/tozawa/cmenu_item.cpp
00263960	_ZN2Tz9CMenuHelp4InitEiiPNS_6LayoutEPKsS4_	high	1	5		Tz::CMenuHelp::Init(int, int, Tz::Layout *, const short *, const short *) [DWARF: static -- no implicit `this`, do NOT add a leading self/object-pointer argument]	C:/hd25/kingdom2/tozawa/cmenu_help.cpp
002639f8	_ZN2Tz9CMenuHelp4ExitEv	med	1	0		Tz::CMenuHelp::Exit() [DWARF: static -- no implicit `this`, do NOT add a leading self/object-pointer argument]	C:/hd25/kingdom2/tozawa/cmenu_help.cpp
00263a90	_ZN2Tz9CMenuHelp6CreateEPKN2YS7MESSAGEEb	high	1	2		Tz::CMenuHelp::Create(const YS::MESSAGE *, bool) [DWARF: static -- no implicit `this`, do NOT add a leading self/object-pointer argument]	C:/hd25/kingdom2/tozawa/cmenu_help.cpp
00263c60	_ZN2Tz9CMenuHelp7FadeOutEv	high	1	0		Tz::CMenuHelp::FadeOut() [DWARF: static -- no implicit `this`, do NOT add a leading self/object-pointer argument]	C:/hd25/kingdom2/tozawa/cmenu_help.cpp
00263d70	_ZN2Tz7ItemGet4InitEv	sim-high	1	0		Tz::ItemGet::Init() [DWARF: static -- no implicit `this`, do NOT add a leading self/object-pointer argument]	C:/hd25/kingdom2/tozawa/cmenu_itemget.cpp
00263e18	_ZN2Tz7ItemGet11PauseThreadEP4TASK	med	1	1		Tz::ItemGet::PauseThread(TASK *) [DWARF: static -- no implicit `this`, do NOT add a leading self/object-pointer argument]	C:/hd25/kingdom2/tozawa/cmenu_itemget.cpp
00263eb8	_ZN2Tz9IShopInfo7ChkDataEPv	sim-med	1	1	bool	Tz::IShopInfo::ChkData(void *) [DWARF: static -- no implicit `this`, do NOT add a leading self/object-pointer argument]	C:/hd25/kingdom2/tozawa/ishop_info.cpp
00263ee0	_ZN2Tz9IShopInfo10GetShopTblEiPNS0_7ShopTblE	sim-high	1	2		Tz::IShopInfo::GetShopTbl(int, Tz::IShopInfo::ShopTbl *) [DWARF: static -- no implicit `this`, do NOT add a leading self/object-pointer argument]	C:/hd25/kingdom2/tozawa/ishop_info.cpp
00264318	_ZN2Tz9IShopInfo10SetDataPtrEPv	sim-rerun-med	1	1		Tz::IShopInfo::SetDataPtr(void *) [DWARF: static -- no implicit `this`, do NOT add a leading self/object-pointer argument]	C:/hd25/kingdom2/tozawa/ishop_info.cpp
00264388	_ZN2Tz6CmStat4InitEv	sim-high	1	0		Tz::CmStat::Init() [DWARF: static -- no implicit `this`, do NOT add a leading self/object-pointer argument]	C:/hd25/kingdom2/tozawa/cmenu_stat.cpp
002643d0	_ZN2Tz6CmStat4ExitEv	sim-med	1	0		Tz::CmStat::Exit() [DWARF: static -- no implicit `this`, do NOT add a leading self/object-pointer argument]	C:/hd25/kingdom2/tozawa/cmenu_stat.cpp
00264458	_ZN2Tz6CmStat8LeaveAllEv	sim-med	1	0		Tz::CmStat::LeaveAll() [DWARF: static -- no implicit `this`, do NOT add a leading self/object-pointer argument]	C:/hd25/kingdom2/tozawa/cmenu_stat.cpp
002644a0	_ZN2Tz6CmStat8SetupTopEb	high	1	1		Tz::CmStat::SetupTop(bool) [DWARF: static -- no implicit `this`, do NOT add a leading self/object-pointer argument]	C:/hd25/kingdom2/tozawa/cmenu_stat.cpp
002648b8	_ZN2Tz6CmStat7CtrlTopEv	high	1	0		Tz::CmStat::CtrlTop() [DWARF: static -- no implicit `this`, do NOT add a leading self/object-pointer argument]	C:/hd25/kingdom2/tozawa/cmenu_stat.cpp
00264be0	_ZN2Tz6CmStat9SetupHelpEv	high	1	0		Tz::CmStat::SetupHelp() [DWARF: static -- no implicit `this`, do NOT add a leading self/object-pointer argument]	C:/hd25/kingdom2/tozawa/cmenu_stat.cpp
00265018	_ZN2Tz6CmStat8CtrlHelpEv	high	1	0		Tz::CmStat::CtrlHelp() [DWARF: static -- no implicit `this`, do NOT add a leading self/object-pointer argument]	C:/hd25/kingdom2/tozawa/cmenu_stat.cpp
002653a0	_ZN2Tz6CmStat13CreateTopListEv	high	1	0		Tz::CmStat::CreateTopList() [DWARF: static -- no implicit `this`, do NOT add a leading self/object-pointer argument]	C:/hd25/kingdom2/tozawa/cmenu_stat.cpp
002655e8	_ZN2Tz6CmStat12LeaveTopListEv	sim-med	1	0		Tz::CmStat::LeaveTopList() [DWARF: static -- no implicit `this`, do NOT add a leading self/object-pointer argument]	C:/hd25/kingdom2/tozawa/cmenu_stat.cpp
002657a8	_ZN2Tz6CmStat13UpdateTopListEv	med	1	0		Tz::CmStat::UpdateTopList() [DWARF: static -- no implicit `this`, do NOT add a leading self/object-pointer argument]	C:/hd25/kingdom2/tozawa/cmenu_stat.cpp
00265a30	_ZN2Tz9CmAbility10FadeOutAllEv	sim-high	1	0		Tz::CmAbility::FadeOutAll() [DWARF: static -- no implicit `this`, do NOT add a leading self/object-pointer argument]	C:/hd25/kingdom2/tozawa/cmenu_ability.cpp
00265c78	_ZN2Tz6CmStat16UpdateTopListNumEv	med	1	0		Tz::CmStat::UpdateTopListNum() [DWARF: static -- no implicit `this`, do NOT add a leading self/object-pointer argument]	C:/hd25/kingdom2/tozawa/cmenu_stat.cpp
00266248	_ZN2Tz6CmStat14UpdateHelpListEv	med	1	0		Tz::CmStat::UpdateHelpList() [DWARF: static -- no implicit `this`, do NOT add a leading self/object-pointer argument]	C:/hd25/kingdom2/tozawa/cmenu_stat.cpp
00266678	_ZN2Tz6CmStat10DrawUpdateEPNS_6SelectEii	med	1	3		Tz::CmStat::DrawUpdate(Tz::Select *, int, int) [DWARF: static -- no implicit `this`, do NOT add a leading self/object-pointer argument]	C:/hd25/kingdom2/tozawa/cmenu_stat.cpp
002666a8	_ZN2Tz6CmStat14UpdateHelpMessEv	med	1	0		Tz::CmStat::UpdateHelpMess() [DWARF: static -- no implicit `this`, do NOT add a leading self/object-pointer argument]	C:/hd25/kingdom2/tozawa/cmenu_stat.cpp
00266988	_ZN2Tz6CmStat9UpdateNewEv	high	1	0		Tz::CmStat::UpdateNew() [DWARF: static -- no implicit `this`, do NOT add a leading self/object-pointer argument]	C:/hd25/kingdom2/tozawa/cmenu_stat.cpp
00266b58	_ZN2Tz6CmStat12UpdateTopNewEv	high	1	0		Tz::CmStat::UpdateTopNew() [DWARF: static -- no implicit `this`, do NOT add a leading self/object-pointer argument]	C:/hd25/kingdom2/tozawa/cmenu_stat.cpp
00266c90	_ZN2Tz6CmStat14GetTopSelectorEv	med	1	0		Tz::CmStat::GetTopSelector() [DWARF: static -- no implicit `this`, do NOT add a leading self/object-pointer argument]	C:/hd25/kingdom2/tozawa/cmenu_stat.cpp
00266f50	_ZN2Tz6CmStat15GetHelpSelectorEi	sim-med	1	1		Tz::CmStat::GetHelpSelector(int) [DWARF: static -- no implicit `this`, do NOT add a leading self/object-pointer argument]	C:/hd25/kingdom2/tozawa/cmenu_stat.cpp
00267320	_ZN2Tz6CmStat16AllocPlayerSheetEv	med	1	0		Tz::CmStat::AllocPlayerSheet() [DWARF: static -- no implicit `this`, do NOT add a leading self/object-pointer argument]	C:/hd25/kingdom2/tozawa/cmenu_stat.cpp
00267408	_ZN2Tz6CmStat9GetSelMsgEi	high	1	1	int	Tz::CmStat::GetSelMsg(int) [DWARF: static -- no implicit `this`, do NOT add a leading self/object-pointer argument]	C:/hd25/kingdom2/tozawa/cmenu_stat.cpp
00267590	_ZN2Tz6CmStat8SelCheckEi	med	1	1	bool	Tz::CmStat::SelCheck(int) [DWARF: static -- no implicit `this`, do NOT add a leading self/object-pointer argument]	C:/hd25/kingdom2/tozawa/cmenu_stat.cpp
002678a8	_ZN2Tz7CmEquip8SetupTopEv	med	1	0		Tz::CmEquip::SetupTop() [DWARF: static -- no implicit `this`, do NOT add a leading self/object-pointer argument]	C:/hd25/kingdom2/tozawa/cmenu_equip.cpp
00267e00	_ZN2Tz7CmEquip10SetupEquipEv	sim-high	1	0		Tz::CmEquip::SetupEquip() [DWARF: static -- no implicit `this`, do NOT add a leading self/object-pointer argument]	C:/hd25/kingdom2/tozawa/cmenu_equip.cpp
00268b30	_ZN2Tz7CmEquip17SetupTitleAbilityEi	med	1	1		Tz::CmEquip::SetupTitleAbility(int) [DWARF: static -- no implicit `this`, do NOT add a leading self/object-pointer argument]	C:/hd25/kingdom2/tozawa/cmenu_equip.cpp
00268c68	_ZN2Tz7CmEquip18SetEquipDefaultPosEv	med	1	0		Tz::CmEquip::SetEquipDefaultPos() [DWARF: static -- no implicit `this`, do NOT add a leading self/object-pointer argument]	C:/hd25/kingdom2/tozawa/cmenu_equip.cpp
00268db8	_ZN2Tz7CmEquip9CtrlEquipEv	high	1	0		Tz::CmEquip::CtrlEquip() [DWARF: static -- no implicit `this`, do NOT add a leading self/object-pointer argument]	C:/hd25/kingdom2/tozawa/cmenu_equip.cpp
002693a8	_ZN2Tz7CmEquip18CtrlAbilityWarningEv	sim-high	1	0		Tz::CmEquip::CtrlAbilityWarning() [DWARF: static -- no implicit `this`, do NOT add a leading self/object-pointer argument]	C:/hd25/kingdom2/tozawa/cmenu_equip.cpp
002695a0	_ZN2Tz7CmEquip15CurPos2FormTypeEi	high	1	1	int	Tz::CmEquip::CurPos2FormType(int) [DWARF: static -- no implicit `this`, do NOT add a leading self/object-pointer argument]	C:/hd25/kingdom2/tozawa/cmenu_equip.cpp
00269658	_ZN2Tz7CmEquip13UpdateTopListEv	high	1	0		Tz::CmEquip::UpdateTopList() [DWARF: static -- no implicit `this`, do NOT add a leading self/object-pointer argument]	C:/hd25/kingdom2/tozawa/cmenu_equip.cpp
00269a60	_ZN2Tz7CmEquip14UpdateHelpMessEv	med	1	0		Tz::CmEquip::UpdateHelpMess() [DWARF: static -- no implicit `this`, do NOT add a leading self/object-pointer argument]	C:/hd25/kingdom2/tozawa/cmenu_equip.cpp
00269e20	_ZN2Tz7CmEquip11FadeOutListEv	high	1	0		Tz::CmEquip::FadeOutList() [DWARF: static -- no implicit `this`, do NOT add a leading self/object-pointer argument]	C:/hd25/kingdom2/tozawa/cmenu_equip.cpp
00269fc0	_ZN2Tz7CmEquip10isBaseLoopEv	sim-high	1	0	bool	Tz::CmEquip::isBaseLoop() [DWARF: static -- no implicit `this`, do NOT add a leading self/object-pointer argument]	C:/hd25/kingdom2/tozawa/cmenu_equip.cpp
0026a060	_ZN2Tz7CmEquip11SetLoopListEv	sim-high	1	0		Tz::CmEquip::SetLoopList() [DWARF: static -- no implicit `this`, do NOT add a leading self/object-pointer argument]	C:/hd25/kingdom2/tozawa/cmenu_equip.cpp
0026a178	_ZN2Tz7CmEquip10GetItemTblEii	high	1	2	const YS::ITEM_TABLE *	Tz::CmEquip::GetItemTbl(int, int) [DWARF: static -- no implicit `this`, do NOT add a leading self/object-pointer argument]	C:/hd25/kingdom2/tozawa/cmenu_equip.cpp
0026a238	_ZN2Tz7CmEquip10DrawUpdateEPNS_6SelectEii	high	1	3		Tz::CmEquip::DrawUpdate(Tz::Select *, int, int) [DWARF: static -- no implicit `this`, do NOT add a leading self/object-pointer argument]	C:/hd25/kingdom2/tozawa/cmenu_equip.cpp
0026a3b8	_ZN2Tz7CmEquip18UpdateTopSelActiveEib	sim-high	1	2		Tz::CmEquip::UpdateTopSelActive(int, bool) [DWARF: static -- no implicit `this`, do NOT add a leading self/object-pointer argument]	C:/hd25/kingdom2/tozawa/cmenu_equip.cpp
0026a5a0	_ZN2Tz7CmEquip15UpdateEquipListEv	med	1	0		Tz::CmEquip::UpdateEquipList() [DWARF: static -- no implicit `this`, do NOT add a leading self/object-pointer argument]	C:/hd25/kingdom2/tozawa/cmenu_equip.cpp
0026a9f8	_ZN2Tz7CmEquip12DrawStockNumEiijjPN2dk13SpriteMessageE	med	1	5		Tz::CmEquip::DrawStockNum(int, int, u_int, u_int, dk::SpriteMessage *) [DWARF: static -- no implicit `this`, do NOT add a leading self/object-pointer argument]	C:/hd25/kingdom2/tozawa/cmenu_equip.cpp
0026b008	_ZN2Tz7CmEquip22CheckAutoReplenishmentEv	high	1	0		Tz::CmEquip::CheckAutoReplenishment() [DWARF: static -- no implicit `this`, do NOT add a leading self/object-pointer argument]	C:/hd25/kingdom2/tozawa/cmenu_equip.cpp
0026b0f8	_ZN2Tz7CmEquip15CtrlAutoConfirmEv	sim-high	1	0		Tz::CmEquip::CtrlAutoConfirm() [DWARF: static -- no implicit `this`, do NOT add a leading self/object-pointer argument]	C:/hd25/kingdom2/tozawa/cmenu_equip.cpp
0026b2c0	_ZN2Tz7CmEquip8isApFullEv	med	1	0	bool	Tz::CmEquip::isApFull() [DWARF: static -- no implicit `this`, do NOT add a leading self/object-pointer argument]	C:/hd25/kingdom2/tozawa/cmenu_equip.cpp
0026b508	_ZN2Tz7CmEquip9SortEquipEv	sim-high	1	0		Tz::CmEquip::SortEquip() [DWARF: static -- no implicit `this`, do NOT add a leading self/object-pointer argument]	C:/hd25/kingdom2/tozawa/cmenu_equip.cpp
0026b5a0	_ZN2Tz7CmEquip8SortItemEi	med	1	1		Tz::CmEquip::SortItem(int) [DWARF: static -- no implicit `this`, do NOT add a leading self/object-pointer argument]	C:/hd25/kingdom2/tozawa/cmenu_equip.cpp
0026b960	_ZN2Tz7CmEquip8SelCheckEi	sim-high	1	1	bool	Tz::CmEquip::SelCheck(int) [DWARF: static -- no implicit `this`, do NOT add a leading self/object-pointer argument]	C:/hd25/kingdom2/tozawa/cmenu_equip.cpp
0026b9c8	_ZN2Tz6CmItem11isEnableUseEi	sim-gap-med	1	1	bool	Tz::CmItem::isEnableUse(int) [DWARF: static -- no implicit `this`, do NOT add a leading self/object-pointer argument]	C:/hd25/kingdom2/tozawa/cmenu_item.cpp
0026ba48	_ZN2Tz7CmParty4InitEv	med	1	0		Tz::CmParty::Init() [DWARF: static -- no implicit `this`, do NOT add a leading self/object-pointer argument]	C:/hd25/kingdom2/tozawa/cmenu_party.cpp
0026bab8	_ZN2Tz7CmParty4ExitEv	sim-med	1	0		Tz::CmParty::Exit() [DWARF: static -- no implicit `this`, do NOT add a leading self/object-pointer argument]	C:/hd25/kingdom2/tozawa/cmenu_party.cpp
0026bc10	_ZN2Tz7CmParty5SetupEv	med	1	0		Tz::CmParty::Setup() [DWARF: static -- no implicit `this`, do NOT add a leading self/object-pointer argument]	C:/hd25/kingdom2/tozawa/cmenu_party.cpp
0026c140	_ZN2Tz7CmParty13SetupPartyObjEv	med	1	0		Tz::CmParty::SetupPartyObj() [DWARF: static -- no implicit `this`, do NOT add a leading self/object-pointer argument]	C:/hd25/kingdom2/tozawa/cmenu_party.cpp
0026c470	_ZN2Tz7CmParty4CtrlEv	med	1	0		Tz::CmParty::Ctrl() [DWARF: static -- no implicit `this`, do NOT add a leading self/object-pointer argument]	C:/hd25/kingdom2/tozawa/cmenu_party.cpp
0026c818	_ZN2Tz7CmParty10Ctrl2ndSelEv	high	1	0		Tz::CmParty::Ctrl2ndSel() [DWARF: static -- no implicit `this`, do NOT add a leading self/object-pointer argument]	C:/hd25/kingdom2/tozawa/cmenu_party.cpp
0026c9f0	_ZN2Tz7CmParty8CtrlInfoEv	high	1	0		Tz::CmParty::CtrlInfo() [DWARF: static -- no implicit `this`, do NOT add a leading self/object-pointer argument]	C:/hd25/kingdom2/tozawa/cmenu_party.cpp
0026cda0	_ZN2Tz7CmParty11isExistListEv	high	1	0	bool	Tz::CmParty::isExistList() [DWARF: static -- no implicit `this`, do NOT add a leading self/object-pointer argument]	C:/hd25/kingdom2/tozawa/cmenu_party.cpp
0026d208	_ZN2Tz7CmParty19MakeInOutMemberNameEv	med	1	0		Tz::CmParty::MakeInOutMemberName() [DWARF: static -- no implicit `this`, do NOT add a leading self/object-pointer argument]	C:/hd25/kingdom2/tozawa/cmenu_party.cpp
0026d620	_ZN2Tz7CmParty18UpdateTopSelActiveEib	med	1	2		Tz::CmParty::UpdateTopSelActive(int, bool) [DWARF: static -- no implicit `this`, do NOT add a leading self/object-pointer argument]	C:/hd25/kingdom2/tozawa/cmenu_party.cpp
0026d960	_ZN2Tz7CmParty8SelCheckEi	med	1	1	bool	Tz::CmParty::SelCheck(int) [DWARF: static -- no implicit `this`, do NOT add a leading self/object-pointer argument]	C:/hd25/kingdom2/tozawa/cmenu_party.cpp
0026d968	_ZN2Tz8Selector4InitEv	high	1	0		Tz::Selector::Init() [DWARF: static -- no implicit `this`, do NOT add a leading self/object-pointer argument]	C:/hd25/kingdom2/tozawa/cmenu_selector.cpp
0026db60	_ZN2Tz8Selector4ExitEv	high	1	0		Tz::Selector::Exit() [DWARF: static -- no implicit `this`, do NOT add a leading self/object-pointer argument]	C:/hd25/kingdom2/tozawa/cmenu_selector.cpp
0026dcb8	_ZN2Tz8Selector7SelInitEv	med	1	0		Tz::Selector::SelInit() [DWARF: static -- no implicit `this`, do NOT add a leading self/object-pointer argument]	C:/hd25/kingdom2/tozawa/cmenu_selector.cpp
0026dd18	_ZN2Tz8Selector15SetSelectorDataEPKN2YS8SELECTOREPKNS2_4ARGSEi	sim-rerun-med	1	3		Tz::Selector::SetSelectorData(const YS::SELECTOR *, const YS::SELECTOR::ARGS *, int) [DWARF: static -- no implicit `this`, do NOT add a leading self/object-pointer argument]	C:/hd25/kingdom2/tozawa/cmenu_selector.cpp
0026dda0	_ZN2Tz8Selector5SetupEv	high	1	0		Tz::Selector::Setup() [DWARF: static -- no implicit `this`, do NOT add a leading self/object-pointer argument]	C:/hd25/kingdom2/tozawa/cmenu_selector.cpp
0026df30	_ZN2Tz8Selector13SetupSelectorEv	high	1	0		Tz::Selector::SetupSelector() [DWARF: static -- no implicit `this`, do NOT add a leading self/object-pointer argument]	C:/hd25/kingdom2/tozawa/cmenu_selector.cpp
0026e140	_ZN2Tz8Selector9CreateSeqEiii	sim-med	1	3		Tz::Selector::CreateSeq(int, int, int) [DWARF: static -- no implicit `this`, do NOT add a leading self/object-pointer argument]	C:/hd25/kingdom2/tozawa/cmenu_selector.cpp
0026e1e0	_ZN2Tz8Selector9CreateObjEv	med	1	0		Tz::Selector::CreateObj() [DWARF: static -- no implicit `this`, do NOT add a leading self/object-pointer argument]	C:/hd25/kingdom2/tozawa/cmenu_selector.cpp
0026e3b0	_ZN2Tz8Selector12AdjustSeqPosEv	high	1	0		Tz::Selector::AdjustSeqPos() [DWARF: static -- no implicit `this`, do NOT add a leading self/object-pointer argument]	C:/hd25/kingdom2/tozawa/cmenu_selector.cpp
0026e638	_ZN2Tz8Selector12CtrlSelectorEP4TASK	med	1	1		Tz::Selector::CtrlSelector(TASK *) [DWARF: static -- no implicit `this`, do NOT add a leading self/object-pointer argument]	C:/hd25/kingdom2/tozawa/cmenu_selector.cpp
0026e940	_ZN2Tz8Selector4DrawEv	high	1	0		Tz::Selector::Draw() [DWARF: static -- no implicit `this`, do NOT add a leading self/object-pointer argument]	C:/hd25/kingdom2/tozawa/cmenu_selector.cpp
0026eae8	_ZN5Title9BootMcChk7SelDrawEv	sim-high	1	0		Title::BootMcChk::SelDraw() [DWARF: static -- no implicit `this`, do NOT add a leading self/object-pointer argument]	C:/hd25/kingdom2/ovl_title/mcchk.cpp
0026ed48	_ZN2Tz8CmCustom4InitEv	sim-high	1	0		Tz::CmCustom::Init() [DWARF: static -- no implicit `this`, do NOT add a leading self/object-pointer argument]	C:/hd25/kingdom2/tozawa/cmenu_custom.cpp
0026eda8	_ZN2Tz8CmCustom4ExitEv	sim-med	1	0		Tz::CmCustom::Exit() [DWARF: static -- no implicit `this`, do NOT add a leading self/object-pointer argument]	C:/hd25/kingdom2/tozawa/cmenu_custom.cpp
0026ee78	_ZN2Tz8CmCustom8SetupTopEv	high	1	0		Tz::CmCustom::SetupTop() [DWARF: static -- no implicit `this`, do NOT add a leading self/object-pointer argument]	C:/hd25/kingdom2/tozawa/cmenu_custom.cpp
0026f0a0	_ZN2Tz8CmCustom7CtrlTopEv	high	1	0		Tz::CmCustom::CtrlTop() [DWARF: static -- no implicit `this`, do NOT add a leading self/object-pointer argument]	C:/hd25/kingdom2/tozawa/cmenu_custom.cpp
0026f388	_ZN2Tz8CmCustom15SetupCustomListEv	med	1	0		Tz::CmCustom::SetupCustomList() [DWARF: static -- no implicit `this`, do NOT add a leading self/object-pointer argument]	C:/hd25/kingdom2/tozawa/cmenu_custom.cpp
0026f920	_ZN2Tz8CmCustom14CtrlCustomListEv	med	1	0		Tz::CmCustom::CtrlCustomList() [DWARF: static -- no implicit `this`, do NOT add a leading self/object-pointer argument]	C:/hd25/kingdom2/tozawa/cmenu_custom.cpp
0026ff78	_ZN2Tz8CmCustom15CtrlAutoConfirmEv	high	1	0		Tz::CmCustom::CtrlAutoConfirm() [DWARF: static -- no implicit `this`, do NOT add a leading self/object-pointer argument]	C:/hd25/kingdom2/tozawa/cmenu_custom.cpp
002700f0	_ZN2Tz8CmCustom11SetupCustomEv	high	1	0		Tz::CmCustom::SetupCustom() [DWARF: static -- no implicit `this`, do NOT add a leading self/object-pointer argument]	C:/hd25/kingdom2/tozawa/cmenu_custom.cpp
00270648	_ZN2Tz8CmCustom23SetIndiCustomDefaultPosEv	high	1	0		Tz::CmCustom::SetIndiCustomDefaultPos() [DWARF: static -- no implicit `this`, do NOT add a leading self/object-pointer argument]	C:/hd25/kingdom2/tozawa/cmenu_custom.cpp
00270768	_ZN2Tz6CmItem9GetUseSelEi	sim-med	1	1	int	Tz::CmItem::GetUseSel(int) [DWARF: static -- no implicit `this`, do NOT add a leading self/object-pointer argument]	C:/hd25/kingdom2/tozawa/cmenu_item.cpp
002708c0	_ZN2Tz8CmCustom10CtrlCustomEv	high	1	0		Tz::CmCustom::CtrlCustom() [DWARF: static -- no implicit `this`, do NOT add a leading self/object-pointer argument]	C:/hd25/kingdom2/tozawa/cmenu_custom.cpp
00270c70	_ZN2Tz8CmCustom11GetListInfoEi	med	1	1		Tz::CmCustom::GetListInfo(int) [DWARF: static -- no implicit `this`, do NOT add a leading self/object-pointer argument]	C:/hd25/kingdom2/tozawa/cmenu_custom.cpp
002713c8	_ZN2Tz8CmCustom21MakeListInfo2ItemMessEv	med	1	0		Tz::CmCustom::MakeListInfo2ItemMess() [DWARF: static -- no implicit `this`, do NOT add a leading self/object-pointer argument]	C:/hd25/kingdom2/tozawa/cmenu_custom.cpp
00271710	_ZN2Tz8CmCustom12MakeItemMessEiPcbbi	high	1	5	const YS::MESSAGE *	Tz::CmCustom::MakeItemMess(int, char *, bool, bool, int) [DWARF: static -- no implicit `this`, do NOT add a leading self/object-pointer argument]	C:/hd25/kingdom2/tozawa/cmenu_custom.cpp
00271870	_ZN2Tz8CmCustom12Command2ItemEi	high	1	1	int	Tz::CmCustom::Command2Item(int) [DWARF: static -- no implicit `this`, do NOT add a leading self/object-pointer argument]	C:/hd25/kingdom2/tozawa/cmenu_custom.cpp
00271900	_ZN2Tz8CmCustom13CreateTopListEv	high	1	0		Tz::CmCustom::CreateTopList() [DWARF: static -- no implicit `this`, do NOT add a leading self/object-pointer argument]	C:/hd25/kingdom2/tozawa/cmenu_custom.cpp
00271b78	_ZN2Tz8CmCustom13UpdateTopListEv	sim-high	1	0		Tz::CmCustom::UpdateTopList() [DWARF: static -- no implicit `this`, do NOT add a leading self/object-pointer argument]	C:/hd25/kingdom2/tozawa/cmenu_custom.cpp
00271ee8	_ZN2Tz8CmCustom16UpdateCustomListEv	med	1	0		Tz::CmCustom::UpdateCustomList() [DWARF: static -- no implicit `this`, do NOT add a leading self/object-pointer argument]	C:/hd25/kingdom2/tozawa/cmenu_custom.cpp
00272340	_ZN2Tz8CmCustom10FadeOutAllEv	sim-med	1	0		Tz::CmCustom::FadeOutAll() [DWARF: static -- no implicit `this`, do NOT add a leading self/object-pointer argument]	C:/hd25/kingdom2/tozawa/cmenu_custom.cpp
00272468	_ZN2Tz8CmCustom11SetLoopListEv	sim-high	1	0		Tz::CmCustom::SetLoopList() [DWARF: static -- no implicit `this`, do NOT add a leading self/object-pointer argument]	C:/hd25/kingdom2/tozawa/cmenu_custom.cpp
002725d8	_ZN2Tz8CmCustom20UpdateIndiCustomListEv	sim-high	1	0		Tz::CmCustom::UpdateIndiCustomList() [DWARF: static -- no implicit `this`, do NOT add a leading self/object-pointer argument]	C:/hd25/kingdom2/tozawa/cmenu_custom.cpp
00272938	_ZN2Tz8CmCustom14UpdateItemListEv	sim-high	1	0		Tz::CmCustom::UpdateItemList() [DWARF: static -- no implicit `this`, do NOT add a leading self/object-pointer argument]	C:/hd25/kingdom2/tozawa/cmenu_custom.cpp
00272b60	_ZN2Tz8CmCustom17CurPos2CustomTypeEi	high	1	1	int	Tz::CmCustom::CurPos2CustomType(int) [DWARF: static -- no implicit `this`, do NOT add a leading self/object-pointer argument]	C:/hd25/kingdom2/tozawa/cmenu_custom.cpp
00272c90	_ZN2Tz8CmCustom14UpdateHelpMessEb	med	1	1		Tz::CmCustom::UpdateHelpMess(bool) [DWARF: static -- no implicit `this`, do NOT add a leading self/object-pointer argument]	C:/hd25/kingdom2/tozawa/cmenu_custom.cpp
00272f48	_ZN2Tz8CmCustom16DrawFriendAIIconEiijjPN2dk13SpriteMessageE	med	1	5		Tz::CmCustom::DrawFriendAIIcon(int, int, u_int, u_int, dk::SpriteMessage *) [DWARF: static -- no implicit `this`, do NOT add a leading self/object-pointer argument]	C:/hd25/kingdom2/tozawa/cmenu_custom.cpp
00273078	_ZN2Tz8CmCustom12DrawItemAILvEiijjPN2dk13SpriteMessageE	med	1	5		Tz::CmCustom::DrawItemAILv(int, int, u_int, u_int, dk::SpriteMessage *) [DWARF: static -- no implicit `this`, do NOT add a leading self/object-pointer argument]	C:/hd25/kingdom2/tozawa/cmenu_custom.cpp
00273180	_ZN2Tz8CmCustom13GetFriendInfoEii	sim-sib-high	1	2	const Tz::CmCustom::FriendInfo *	Tz::CmCustom::GetFriendInfo(int, int) [DWARF: static -- no implicit `this`, do NOT add a leading self/object-pointer argument]	C:/hd25/kingdom2/tozawa/cmenu_custom.cpp
00273228	_ZN2Tz8CmCustom10DrawUpdateEPNS_6SelectEii	high	1	3		Tz::CmCustom::DrawUpdate(Tz::Select *, int, int) [DWARF: static -- no implicit `this`, do NOT add a leading self/object-pointer argument]	C:/hd25/kingdom2/tozawa/cmenu_custom.cpp
00273368	_ZN2Tz8CmCustom18UpdateTopSelActiveEib	sim-high	1	2		Tz::CmCustom::UpdateTopSelActive(int, bool) [DWARF: static -- no implicit `this`, do NOT add a leading self/object-pointer argument]	C:/hd25/kingdom2/tozawa/cmenu_custom.cpp
00273678	_ZN2Tz8CmCustom16ChangeCustomInfoEv	med	1	0		Tz::CmCustom::ChangeCustomInfo() [DWARF: static -- no implicit `this`, do NOT add a leading self/object-pointer argument]	C:/hd25/kingdom2/tozawa/cmenu_custom.cpp
002736f8	_ZN2Tz8CmCustom12ChageMpDriveEv	med	1	0		Tz::CmCustom::ChageMpDrive() [DWARF: static -- no implicit `this`, do NOT add a leading self/object-pointer argument]	C:/hd25/kingdom2/tozawa/cmenu_custom.cpp
00273818	_ZN2Tz8CmCustom23ChangeAutoReplenishmentEv	med	1	0		Tz::CmCustom::ChangeAutoReplenishment() [DWARF: static -- no implicit `this`, do NOT add a leading self/object-pointer argument]	C:/hd25/kingdom2/tozawa/cmenu_custom.cpp
00273b30	_ZN2Tz8CmCustom9isTakeOffEv	med	1	0	bool	Tz::CmCustom::isTakeOff() [DWARF: static -- no implicit `this`, do NOT add a leading self/object-pointer argument]	C:/hd25/kingdom2/tozawa/cmenu_custom.cpp
00273cb8	_ZN2Tz8CmCustom12ChageAbilityEi	med	1	1		Tz::CmCustom::ChageAbility(int) [DWARF: static -- no implicit `this`, do NOT add a leading self/object-pointer argument]	C:/hd25/kingdom2/tozawa/cmenu_custom.cpp
00273e88	_ZN2Tz8CmCustom8SelCheckEi	high	1	1	bool	Tz::CmCustom::SelCheck(int) [DWARF: static -- no implicit `this`, do NOT add a leading self/object-pointer argument]	C:/hd25/kingdom2/tozawa/cmenu_custom.cpp
00274460	_ZN2Tz6Jiminy4ExitEv	sim-gap-high	1	0		Tz::Jiminy::Exit() [DWARF: static -- no implicit `this`, do NOT add a leading self/object-pointer argument]	C:/hd25/kingdom2/tozawa/cmenu_jiminy.cpp
002748a0	_ZN2Tz6Jiminy10FadeOutAllEv	med	1	0		Tz::Jiminy::FadeOutAll() [DWARF: static -- no implicit `this`, do NOT add a leading self/object-pointer argument]	C:/hd25/kingdom2/tozawa/cmenu_jiminy.cpp
002749f0	_ZN2Tz6Jiminy8LeaveAllEv	high	1	0		Tz::Jiminy::LeaveAll() [DWARF: static -- no implicit `this`, do NOT add a leading self/object-pointer argument]	C:/hd25/kingdom2/tozawa/cmenu_jiminy.cpp
00274b40	_ZN2Tz6Jiminy11PauseThreadEP4TASK	med	1	1		Tz::Jiminy::PauseThread(TASK *) [DWARF: static -- no implicit `this`, do NOT add a leading self/object-pointer argument]	C:/hd25/kingdom2/tozawa/cmenu_jiminy.cpp
00274cf0	_ZN2Tz6Jiminy8LoadDataEi	high	1	1		Tz::Jiminy::LoadData(int) [DWARF: static -- no implicit `this`, do NOT add a leading self/object-pointer argument]	C:/hd25/kingdom2/tozawa/cmenu_jiminy.cpp
00274fa8	_ZN2Tz6Jiminy5SetupEv	high	1	0		Tz::Jiminy::Setup() [DWARF: static -- no implicit `this`, do NOT add a leading self/object-pointer argument]	C:/hd25/kingdom2/tozawa/cmenu_jiminy.cpp
00275180	_ZN2Tz6Jiminy7ControlEv	med	1	0	bool	Tz::Jiminy::Control() [DWARF: static -- no implicit `this`, do NOT add a leading self/object-pointer argument]	C:/hd25/kingdom2/tozawa/cmenu_jiminy.cpp
00275438	_ZN2Tz6Jiminy4DrawEv	med	1	0		Tz::Jiminy::Draw() [DWARF: static -- no implicit `this`, do NOT add a leading self/object-pointer argument]	C:/hd25/kingdom2/tozawa/cmenu_jiminy.cpp
002756f8	_ZN7OvlShop8ItemShop12DrawSelectorEPN2Tz6SelectEii	sim-high	1	3		OvlShop::ItemShop::DrawSelector(Tz::Select *, int, int) [DWARF: static -- no implicit `this`, do NOT add a leading self/object-pointer argument]	C:/hd25/kingdom2/ovl_shop/shop.cpp
00275980	_ZN2Tz6Jiminy12CreateCursorEiPN2dk6SpriteE	med	1	2		Tz::Jiminy::CreateCursor(int, dk::Sprite *) [DWARF: static -- no implicit `this`, do NOT add a leading self/object-pointer argument]	C:/hd25/kingdom2/tozawa/cmenu_jiminy.cpp
00275b60	_ZN2Tz6Jiminy16SetLoopMainFrameEv	med	1	0		Tz::Jiminy::SetLoopMainFrame() [DWARF: static -- no implicit `this`, do NOT add a leading self/object-pointer argument]	C:/hd25/kingdom2/tozawa/cmenu_jiminy.cpp
00275d10	_ZN2Tz6Jiminy16SetupMainFrameLREv	sim-high	1	0		Tz::Jiminy::SetupMainFrameLR() [DWARF: static -- no implicit `this`, do NOT add a leading self/object-pointer argument]	C:/hd25/kingdom2/tozawa/cmenu_jiminy.cpp
00275f68	_ZN2Tz6Jiminy18SetMainFrameLRMessEii	high	1	2		Tz::Jiminy::SetMainFrameLRMess(int, int) [DWARF: static -- no implicit `this`, do NOT add a leading self/object-pointer argument]	C:/hd25/kingdom2/tozawa/cmenu_jiminy.cpp
00276088	_ZN2Tz6Jiminy18GetMainFrameLRMessEiRiS1_	sim-sib-med	1	3		Tz::Jiminy::GetMainFrameLRMess(int, int &, int &) [DWARF: static -- no implicit `this`, do NOT add a leading self/object-pointer argument]	C:/hd25/kingdom2/tozawa/cmenu_jiminy.cpp
00276150	_ZN2Tz6Jiminy18GetMainFrameLRModeEiRiS1_	sim-sib-med	1	3		Tz::Jiminy::GetMainFrameLRMode(int, int &, int &) [DWARF: static -- no implicit `this`, do NOT add a leading self/object-pointer argument]	C:/hd25/kingdom2/tozawa/cmenu_jiminy.cpp
00276220	_ZN2Tz6Jiminy15SetParentSeqNumEii	high	1	2		Tz::Jiminy::SetParentSeqNum(int, int) [DWARF: static -- no implicit `this`, do NOT add a leading self/object-pointer argument]	C:/hd25/kingdom2/tozawa/cmenu_jiminy.cpp
00276398	_ZN2Tz6Jiminy12isLoopParentEv	sim-sib-med	1	0	bool	Tz::Jiminy::isLoopParent() [DWARF: static -- no implicit `this`, do NOT add a leading self/object-pointer argument]	C:/hd25/kingdom2/tozawa/cmenu_jiminy.cpp
002764b0	_ZN2Tz6Jiminy17AreaWorld2JmWorldEi	high	1	1	int	Tz::Jiminy::AreaWorld2JmWorld(int) [DWARF: static -- no implicit `this`, do NOT add a leading self/object-pointer argument]	C:/hd25/kingdom2/tozawa/cmenu_jiminy.cpp
002766e0	_ZN2Tz6Jiminy11LeaveSeqTblEv	sim-high	1	0		Tz::Jiminy::LeaveSeqTbl() [DWARF: static -- no implicit `this`, do NOT add a leading self/object-pointer argument]	C:/hd25/kingdom2/tozawa/cmenu_jiminy.cpp
00276c88	_ZN2Tz6Jiminy10CreateHelpEPKN2YS7MESSAGEEb	sim-high	1	2		Tz::Jiminy::CreateHelp(const YS::MESSAGE *, bool) [DWARF: static -- no implicit `this`, do NOT add a leading self/object-pointer argument]	C:/hd25/kingdom2/tozawa/cmenu_jiminy.cpp
00276dc0	_ZN2Tz6Jiminy11FadeOutHelpEv	high	1	0		Tz::Jiminy::FadeOutHelp() [DWARF: static -- no implicit `this`, do NOT add a leading self/object-pointer argument]	C:/hd25/kingdom2/tozawa/cmenu_jiminy.cpp
00276e78	_ZN2Tz6Jiminy11CreateCoverEv	high	1	0		Tz::Jiminy::CreateCover() [DWARF: static -- no implicit `this`, do NOT add a leading self/object-pointer argument]	C:/hd25/kingdom2/tozawa/cmenu_jiminy.cpp
00277020	_ZN2Tz9CmAbility4InitEv	sim-high	1	0		Tz::CmAbility::Init() [DWARF: static -- no implicit `this`, do NOT add a leading self/object-pointer argument]	C:/hd25/kingdom2/tozawa/cmenu_ability.cpp
00277070	_ZN2Tz9CmAbility4ExitEv	sim-med	1	0		Tz::CmAbility::Exit() [DWARF: static -- no implicit `this`, do NOT add a leading self/object-pointer argument]	C:/hd25/kingdom2/tozawa/cmenu_ability.cpp
00277178	_ZN2Tz9CmAbility14SetupFromEquipEii	med	1	2		Tz::CmAbility::SetupFromEquip(int, int) [DWARF: static -- no implicit `this`, do NOT add a leading self/object-pointer argument]	C:/hd25/kingdom2/tozawa/cmenu_ability.cpp
002772c8	_ZN2Tz9CmAbility8SetupTopEi	high	1	1		Tz::CmAbility::SetupTop(int) [DWARF: static -- no implicit `this`, do NOT add a leading self/object-pointer argument]	C:/hd25/kingdom2/tozawa/cmenu_ability.cpp
00277708	_ZN2Tz9CmAbility17SetupFormSelectorEi	med	1	1	int	Tz::CmAbility::SetupFormSelector(int) [DWARF: static -- no implicit `this`, do NOT add a leading self/object-pointer argument]	C:/hd25/kingdom2/tozawa/cmenu_ability.cpp
00277938	_ZN2Tz9CmAbility7CtrlSelEv	med	1	0		Tz::CmAbility::CtrlSel() [DWARF: static -- no implicit `this`, do NOT add a leading self/object-pointer argument]	C:/hd25/kingdom2/tozawa/cmenu_ability.cpp
00277d20	_ZN2Tz9CmAbility8SetupSelEv	high	1	0		Tz::CmAbility::SetupSel() [DWARF: static -- no implicit `this`, do NOT add a leading self/object-pointer argument]	C:/hd25/kingdom2/tozawa/cmenu_ability.cpp
00278318	_ZN2Tz9CmAbility7CtrlTopEv	med	1	0		Tz::CmAbility::CtrlTop() [DWARF: static -- no implicit `this`, do NOT add a leading self/object-pointer argument]	C:/hd25/kingdom2/tozawa/cmenu_ability.cpp
002788c0	_ZN2Tz9CmAbility12SetupAbilityEv	med	1	0		Tz::CmAbility::SetupAbility() [DWARF: static -- no implicit `this`, do NOT add a leading self/object-pointer argument]	C:/hd25/kingdom2/tozawa/cmenu_ability.cpp
00278dd0	_ZN2Tz9CmAbility11CtrlAbilityEv	med	1	0		Tz::CmAbility::CtrlAbility() [DWARF: static -- no implicit `this`, do NOT add a leading self/object-pointer argument]	C:/hd25/kingdom2/tozawa/cmenu_ability.cpp
00279040	_ZN2Tz9CmAbility14GetAbilityInfoEv	med	1	0		Tz::CmAbility::GetAbilityInfo() [DWARF: static -- no implicit `this`, do NOT add a leading self/object-pointer argument]	C:/hd25/kingdom2/tozawa/cmenu_ability.cpp
002793b0	_ZN2Tz9CmAbility18GetFormAbilityInfoEv	med	1	0		Tz::CmAbility::GetFormAbilityInfo() [DWARF: static -- no implicit `this`, do NOT add a leading self/object-pointer argument]	C:/hd25/kingdom2/tozawa/cmenu_ability.cpp
00279620	_ZN2Tz9CmAbility20GetWeaponAbilityInfoEv	med	1	0		Tz::CmAbility::GetWeaponAbilityInfo() [DWARF: static -- no implicit `this`, do NOT add a leading self/object-pointer argument]	C:/hd25/kingdom2/tozawa/cmenu_ability.cpp
00279860	_ZN2Tz9CmAbility18GetFriendAbilityAIEv	high	1	0		Tz::CmAbility::GetFriendAbilityAI() [DWARF: static -- no implicit `this`, do NOT add a leading self/object-pointer argument]	C:/hd25/kingdom2/tozawa/cmenu_ability.cpp
002799b0	_ZN2Tz9CmAbility11CalcEquipApEv	med	1	0		Tz::CmAbility::CalcEquipAp() [DWARF: static -- no implicit `this`, do NOT add a leading self/object-pointer argument]	C:/hd25/kingdom2/tozawa/cmenu_ability.cpp
00279a10	_ZN2Tz9CmAbility15SortAbilityInfoEv	high	1	0		Tz::CmAbility::SortAbilityInfo() [DWARF: static -- no implicit `this`, do NOT add a leading self/object-pointer argument]	C:/hd25/kingdom2/tozawa/cmenu_ability.cpp
00279cd8	_ZN2Tz9CmAbility13CreateTopListEv	high	1	0		Tz::CmAbility::CreateTopList() [DWARF: static -- no implicit `this`, do NOT add a leading self/object-pointer argument]	C:/hd25/kingdom2/tozawa/cmenu_ability.cpp
00279ec8	_ZN2Tz9CmAbility13UpdateTopListEv	med	1	0		Tz::CmAbility::UpdateTopList() [DWARF: static -- no implicit `this`, do NOT add a leading self/object-pointer argument]	C:/hd25/kingdom2/tozawa/cmenu_ability.cpp
0027a108	_ZN2Tz9CmAbility14FadeOutSelListEb	high	1	1		Tz::CmAbility::FadeOutSelList(bool) [DWARF: static -- no implicit `this`, do NOT add a leading self/object-pointer argument]	C:/hd25/kingdom2/tozawa/cmenu_ability.cpp
0027a208	_ZN2Tz9CmAbility13UpdateSelListEv	med	1	0		Tz::CmAbility::UpdateSelList() [DWARF: static -- no implicit `this`, do NOT add a leading self/object-pointer argument]	C:/hd25/kingdom2/tozawa/cmenu_ability.cpp
0027a6d8	_ZN2Tz9CmAbility9UpdateNewEv	high	1	0		Tz::CmAbility::UpdateNew() [DWARF: static -- no implicit `this`, do NOT add a leading self/object-pointer argument]	C:/hd25/kingdom2/tozawa/cmenu_ability.cpp
0027a7e0	_ZN7OvlShop8ItemShop10FadeOutAllEv	sim-med	1	0		OvlShop::ItemShop::FadeOutAll() [DWARF: static -- no implicit `this`, do NOT add a leading self/object-pointer argument]	C:/hd25/kingdom2/ovl_shop/shop.cpp
0027aaa0	_ZN2Tz9CmAbility21UpdateIndiAbilityListEv	med	1	0		Tz::CmAbility::UpdateIndiAbilityList() [DWARF: static -- no implicit `this`, do NOT add a leading self/object-pointer argument]	C:/hd25/kingdom2/tozawa/cmenu_ability.cpp
0027ac38	_ZN2Tz9CmAbility18FadeOutAbilityListEv	high	1	0		Tz::CmAbility::FadeOutAbilityList() [DWARF: static -- no implicit `this`, do NOT add a leading self/object-pointer argument]	C:/hd25/kingdom2/tozawa/cmenu_ability.cpp
0027ad80	_ZN5Title6EvView11isExistPageEv	sim-med	1	0	bool	Title::EvView::isExistPage() [DWARF: static -- no implicit `this`, do NOT add a leading self/object-pointer argument]	C:/hd25/kingdom2/ovl_title/event_view.cpp
0027af58	_ZN2Tz9CmAbility14Cur2AbiltyTypeEv	high	1	0	int	Tz::CmAbility::Cur2AbiltyType() [DWARF: static -- no implicit `this`, do NOT add a leading self/object-pointer argument]	C:/hd25/kingdom2/tozawa/cmenu_ability.cpp
0027afe0	_ZN2Tz9CmAbility24SetIndiAbilityDefaultPosEv	high	1	0		Tz::CmAbility::SetIndiAbilityDefaultPos() [DWARF: static -- no implicit `this`, do NOT add a leading self/object-pointer argument]	C:/hd25/kingdom2/tozawa/cmenu_ability.cpp
0027b0f8	_ZN2Tz9CmAbility11CreateGaugeEv	med	1	0		Tz::CmAbility::CreateGauge() [DWARF: static -- no implicit `this`, do NOT add a leading self/object-pointer argument]	C:/hd25/kingdom2/tozawa/cmenu_ability.cpp
0027b248	_ZN2Tz9CmAbility11UpdateGaugeEb	med	1	1		Tz::CmAbility::UpdateGauge(bool) [DWARF: static -- no implicit `this`, do NOT add a leading self/object-pointer argument]	C:/hd25/kingdom2/tozawa/cmenu_ability.cpp
0027b5d0	_ZN2Tz9CmAbility16GetTopSelMessageEv	med	1	0	const YS::MESSAGE *	Tz::CmAbility::GetTopSelMessage() [DWARF: static -- no implicit `this`, do NOT add a leading self/object-pointer argument]	C:/hd25/kingdom2/tozawa/cmenu_ability.cpp
0027b6b8	_ZN2Tz9CmAbility14UpdateHelpMessEv	med	1	0		Tz::CmAbility::UpdateHelpMess() [DWARF: static -- no implicit `this`, do NOT add a leading self/object-pointer argument]	C:/hd25/kingdom2/tozawa/cmenu_ability.cpp
0027b960	_ZN2Tz9CmAbility12DrawItemAILvEiijjPN2dk13SpriteMessageE	med	1	5		Tz::CmAbility::DrawItemAILv(int, int, u_int, u_int, dk::SpriteMessage *) [DWARF: static -- no implicit `this`, do NOT add a leading self/object-pointer argument]	C:/hd25/kingdom2/tozawa/cmenu_ability.cpp
0027bbe0	_ZN2Tz9CmAbility10DrawUpdateEPNS_6SelectEii	med	1	3		Tz::CmAbility::DrawUpdate(Tz::Select *, int, int) [DWARF: static -- no implicit `this`, do NOT add a leading self/object-pointer argument]	C:/hd25/kingdom2/tozawa/cmenu_ability.cpp
0027bd40	_ZN2Tz9CmAbility18UpdateTopSelActiveEib	sim-high	1	2		Tz::CmAbility::UpdateTopSelActive(int, bool) [DWARF: static -- no implicit `this`, do NOT add a leading self/object-pointer argument]	C:/hd25/kingdom2/tozawa/cmenu_ability.cpp
0027bf68	_ZN2Tz9CmAbility8ChgEquipEv	sim-high	1	0		Tz::CmAbility::ChgEquip() [DWARF: static -- no implicit `this`, do NOT add a leading self/object-pointer argument]	C:/hd25/kingdom2/tozawa/cmenu_ability.cpp
0027c118	_ZN2Tz9CmAbility8SetEquipEib	sim-high	1	2		Tz::CmAbility::SetEquip(int, bool) [DWARF: static -- no implicit `this`, do NOT add a leading self/object-pointer argument]	C:/hd25/kingdom2/tozawa/cmenu_ability.cpp
0027c1c0	_ZN2Tz9CmAbility15ChgEquipAbilityEv	sim-high	1	0		Tz::CmAbility::ChgEquipAbility() [DWARF: static -- no implicit `this`, do NOT add a leading self/object-pointer argument]	C:/hd25/kingdom2/tozawa/cmenu_ability.cpp
0027c2f8	_ZN2Tz9CmAbility16AdjustInitCurPosEv	med	1	0		Tz::CmAbility::AdjustInitCurPos() [DWARF: static -- no implicit `this`, do NOT add a leading self/object-pointer argument]	C:/hd25/kingdom2/tozawa/cmenu_ability.cpp
0027c3e0	_ZN2Tz9CmAbility8SelCheckEi	high	1	1	bool	Tz::CmAbility::SelCheck(int) [DWARF: static -- no implicit `this`, do NOT add a leading self/object-pointer argument]	C:/hd25/kingdom2/tozawa/cmenu_ability.cpp
0027c4d8	_ZN2Tz8CmConfig4InitEv	sim-high	1	0		Tz::CmConfig::Init() [DWARF: static -- no implicit `this`, do NOT add a leading self/object-pointer argument]	C:/hd25/kingdom2/tozawa/cmenu_config.cpp
0027c508	_ZN2Tz8CmConfig4ExitEv	sim-med	1	0		Tz::CmConfig::Exit() [DWARF: static -- no implicit `this`, do NOT add a leading self/object-pointer argument]	C:/hd25/kingdom2/tozawa/cmenu_config.cpp
0027c5a0	_ZN2Tz8CmConfig5SetupEv	high	1	0		Tz::CmConfig::Setup() [DWARF: static -- no implicit `this`, do NOT add a leading self/object-pointer argument]	C:/hd25/kingdom2/tozawa/cmenu_config.cpp
0027c700	_ZN2Tz8CmConfig4CtrlEv	high	1	0		Tz::CmConfig::Ctrl() [DWARF: static -- no implicit `this`, do NOT add a leading self/object-pointer argument]	C:/hd25/kingdom2/tozawa/cmenu_config.cpp
0027c9a8	_ZN2Tz8CmConfig9GetConfigEv	med	1	0		Tz::CmConfig::GetConfig() [DWARF: static -- no implicit `this`, do NOT add a leading self/object-pointer argument]	C:/hd25/kingdom2/tozawa/cmenu_config.cpp
0027cb48	_ZN2Tz8CmConfig9SetConfigEv	sim-high	1	0		Tz::CmConfig::SetConfig() [DWARF: static -- no implicit `this`, do NOT add a leading self/object-pointer argument]	C:/hd25/kingdom2/tozawa/cmenu_config.cpp
0027ccf8	_ZN2Tz8CmConfig10CreateListEv	med	1	0		Tz::CmConfig::CreateList() [DWARF: static -- no implicit `this`, do NOT add a leading self/object-pointer argument]	C:/hd25/kingdom2/tozawa/cmenu_config.cpp
0027d008	_ZN2Tz8CmConfig10UpdateListEv	med	1	0		Tz::CmConfig::UpdateList() [DWARF: static -- no implicit `this`, do NOT add a leading self/object-pointer argument]	C:/hd25/kingdom2/tozawa/cmenu_config.cpp
0027d2e8	_ZN2Tz8CmConfig10FadeOutAllEv	sim-med	1	0		Tz::CmConfig::FadeOutAll() [DWARF: static -- no implicit `this`, do NOT add a leading self/object-pointer argument]	C:/hd25/kingdom2/tozawa/cmenu_config.cpp
0027d5d8	_ZN2Tz8CmConfig12UpdateActiveEv	med	1	0		Tz::CmConfig::UpdateActive() [DWARF: static -- no implicit `this`, do NOT add a leading self/object-pointer argument]	C:/hd25/kingdom2/tozawa/cmenu_config.cpp
0027d868	_ZN2Tz8CmConfig9ChgConfigEb	med	1	1		Tz::CmConfig::ChgConfig(bool) [DWARF: static -- no implicit `this`, do NOT add a leading self/object-pointer argument]	C:/hd25/kingdom2/tozawa/cmenu_config.cpp
0027d9e8	_ZN2Tz8CmConfig8SelCheckEi	med	1	1	bool	Tz::CmConfig::SelCheck(int) [DWARF: static -- no implicit `this`, do NOT add a leading self/object-pointer argument]	C:/hd25/kingdom2/tozawa/cmenu_config.cpp
0027da60	_ZN2Tz5CmGra4ExitEv	sim-med	1	0		Tz::CmGra::Exit() [DWARF: static -- no implicit `this`, do NOT add a leading self/object-pointer argument]	C:/hd25/kingdom2/tozawa/cmenu_gra.cpp
0027dab8	_ZN2Tz5CmGra11PauseThreadEP4TASK	med	1	1		Tz::CmGra::PauseThread(TASK *) [DWARF: static -- no implicit `this`, do NOT add a leading self/object-pointer argument]	C:/hd25/kingdom2/tozawa/cmenu_gra.cpp
0027dc20	_ZN2Tz5CmGra7GetDataEPPvS2_	med	1	2		Tz::CmGra::GetData(void **, void **) [DWARF: static -- no implicit `this`, do NOT add a leading self/object-pointer argument]	C:/hd25/kingdom2/tozawa/cmenu_gra.cpp
0027dc40	_ZN2Tz10SimpleStat4InitEv	high	1	0		Tz::SimpleStat::Init() [DWARF: static -- no implicit `this`, do NOT add a leading self/object-pointer argument]	C:/hd25/kingdom2/tozawa/simple_stat.cpp
0027dee8	_ZN2Tz10SimpleStat6CreateEiii	med	1	3		Tz::SimpleStat::Create(int, int, int) [DWARF: static -- no implicit `this`, do NOT add a leading self/object-pointer argument]	C:/hd25/kingdom2/tozawa/simple_stat.cpp
0027e770	_ZN2Tz10SimpleStat5LeaveEv	sim-med	1	0		Tz::SimpleStat::Leave() [DWARF: static -- no implicit `this`, do NOT add a leading self/object-pointer argument]	C:/hd25/kingdom2/tozawa/simple_stat.cpp
0027ead0	_ZN2Tz10SimpleStat4LoopEv	med	1	0		Tz::SimpleStat::Loop() [DWARF: static -- no implicit `this`, do NOT add a leading self/object-pointer argument]	C:/hd25/kingdom2/tozawa/simple_stat.cpp
0027eb10	_ZN2Tz10SimpleStat9UpdateNumEv	high	1	0		Tz::SimpleStat::UpdateNum() [DWARF: static -- no implicit `this`, do NOT add a leading self/object-pointer argument]	C:/hd25/kingdom2/tozawa/simple_stat.cpp
0027ee48	_ZN2Tz9GumiPause4InitEv	sim-high	1	0		Tz::GumiPause::Init() [DWARF: static -- no implicit `this`, do NOT add a leading self/object-pointer argument]	C:/hd25/kingdom2/tozawa/gumi_pause.cpp
0027f10c	_ZN2Tz9GumiPause4ExitEv	sim-gap-high	1	0		Tz::GumiPause::Exit() [DWARF: static -- no implicit `this`, do NOT add a leading self/object-pointer argument]	C:/hd25/kingdom2/tozawa/gumi_pause.cpp
0027f3d8	_ZN2Tz9GumiPause7ControlEv	high	1	0	bool	Tz::GumiPause::Control() [DWARF: static -- no implicit `this`, do NOT add a leading self/object-pointer argument]	C:/hd25/kingdom2/tozawa/gumi_pause.cpp
0027f7f0	_ZN2Tz9GumiPause7CtrlTopEv	med	1	0		Tz::GumiPause::CtrlTop() [DWARF: static -- no implicit `this`, do NOT add a leading self/object-pointer argument]	C:/hd25/kingdom2/tozawa/gumi_pause.cpp
0027f9d8	_ZN2Tz9GumiPause10CtrlAdviceEv	med	1	0		Tz::GumiPause::CtrlAdvice() [DWARF: static -- no implicit `this`, do NOT add a leading self/object-pointer argument]	C:/hd25/kingdom2/tozawa/gumi_pause.cpp
0027fd38	_ZN2Tz9GumiPause17UpdateSubSelectorEv	med	1	0		Tz::GumiPause::UpdateSubSelector() [DWARF: static -- no implicit `this`, do NOT add a leading self/object-pointer argument]	C:/hd25/kingdom2/tozawa/gumi_pause.cpp
0027ff00	_ZN2Tz9GumiPause13GetAdviceInfoEv	sim-med	1	0		Tz::GumiPause::GetAdviceInfo() [DWARF: static -- no implicit `this`, do NOT add a leading self/object-pointer argument]	C:/hd25/kingdom2/tozawa/gumi_pause.cpp
00280148	_ZN2Tz9GumiPause12CreateAdviceEv	sim-high	1	0		Tz::GumiPause::CreateAdvice() [DWARF: static -- no implicit `this`, do NOT add a leading self/object-pointer argument]	C:/hd25/kingdom2/tozawa/gumi_pause.cpp
00280528	_ZN2Tz9GumiPause15UpdateAdviceGraEv	high	1	0		Tz::GumiPause::UpdateAdviceGra() [DWARF: static -- no implicit `this`, do NOT add a leading self/object-pointer argument]	C:/hd25/kingdom2/tozawa/gumi_pause.cpp
002805d0	_ZN2Tz9GumiPause15CreateAdviceGraEv	high	1	0		Tz::GumiPause::CreateAdviceGra() [DWARF: static -- no implicit `this`, do NOT add a leading self/object-pointer argument]	C:/hd25/kingdom2/tozawa/gumi_pause.cpp
002806f0	_ZN2Tz9GumiPause8SelCheckEi	med	1	1	bool	Tz::GumiPause::SelCheck(int) [DWARF: static -- no implicit `this`, do NOT add a leading self/object-pointer argument]	C:/hd25/kingdom2/tozawa/gumi_pause.cpp
00280720	_ZN2Tz12GumiGameOver4InitEv	high	1	0		Tz::GumiGameOver::Init() [DWARF: static -- no implicit `this`, do NOT add a leading self/object-pointer argument]	C:/hd25/kingdom2/tozawa/gumi_pause.cpp
00280a50	_ZN2Tz12GumiGameOver5SetupEv	med	1	0		Tz::GumiGameOver::Setup() [DWARF: static -- no implicit `this`, do NOT add a leading self/object-pointer argument]	C:/hd25/kingdom2/tozawa/gumi_pause.cpp
00280c38	_ZN2Tz12GumiGameOver7ControlEv	high	1	0	bool	Tz::GumiGameOver::Control() [DWARF: static -- no implicit `this`, do NOT add a leading self/object-pointer argument]	C:/hd25/kingdom2/tozawa/gumi_pause.cpp
00280d40	_ZN2Tz12GumiGameOver4DrawEv	high	1	0		Tz::GumiGameOver::Draw() [DWARF: static -- no implicit `this`, do NOT add a leading self/object-pointer argument]	C:/hd25/kingdom2/tozawa/gumi_pause.cpp
00281008	_ZN2Tz9PartyInfoD1Ev	sim-high	0	1		Tz::PartyInfo::~PartyInfo(Tz::PartyInfo *)	C:/hd25/kingdom2/tozawa/party_info.cpp
00281058	_ZN2Tz9PartyInfo6ReloadEi	med	0	2		Tz::PartyInfo::Reload(Tz::PartyInfo *, int)	C:/hd25/kingdom2/tozawa/party_info.cpp
00281158	_ZN2Tz9PartyInfo9GetNameIdEi	sim-sandwich	0	2	int	Tz::PartyInfo::GetNameId(Tz::PartyInfo *, int)	C:/hd25/kingdom2/tozawa/party_info.cpp
002812e0	_ZN2Tz9PartyInfo14isIllegalWorldEv	sim-med	1	0	bool	Tz::PartyInfo::isIllegalWorld() [DWARF: static -- no implicit `this`, do NOT add a leading self/object-pointer argument]	C:/hd25/kingdom2/tozawa/party_info.cpp
002815d8	_ZN2Tz11ItemPicDraw4InitEv	sim-high	1	0		Tz::ItemPicDraw::Init() [DWARF: static -- no implicit `this`, do NOT add a leading self/object-pointer argument]	C:/hd25/kingdom2/tozawa/ipic_draw.cpp
002816f0	_ZN2Tz11ItemPicDraw4ExitEv	sim-rerun-high	1	0		Tz::ItemPicDraw::Exit() [DWARF: static -- no implicit `this`, do NOT add a leading self/object-pointer argument]	C:/hd25/kingdom2/tozawa/ipic_draw.cpp
002817d8	_ZN2Tz11ItemPicDraw7SetDataEiiiPNS_6LayoutEiPKsS4_	sim-sib-med	1	7		Tz::ItemPicDraw::SetData(int, int, int, Tz::Layout *, int, const short *, const short *) [DWARF: static -- no implicit `this`, do NOT add a leading self/object-pointer argument]	C:/hd25/kingdom2/tozawa/ipic_draw.cpp
002818b8	_ZN2Tz11ItemPicDraw6CreateEi	high	1	1		Tz::ItemPicDraw::Create(int) [DWARF: static -- no implicit `this`, do NOT add a leading self/object-pointer argument]	C:/hd25/kingdom2/tozawa/ipic_draw.cpp
00281d48	_ZN2Tz11ItemPicDraw12ChkLoadEntryEv	sim-med	1	0		Tz::ItemPicDraw::ChkLoadEntry() [DWARF: static -- no implicit `this`, do NOT add a leading self/object-pointer argument]	C:/hd25/kingdom2/tozawa/ipic_draw.cpp
00281f48	_ZN2Tz8ItemInfo11SetItemInfoEii	sim-sib-med	0	3		Tz::ItemInfo::SetItemInfo(Tz::ItemInfo *, int, int)	C:/hd25/kingdom2/tozawa/item_info.cpp
00281f90	_ZN2Tz8ItemInfoC1Ev	sim-med	0	1		Tz::ItemInfo::ItemInfo(Tz::ItemInfo *)	C:/hd25/kingdom2/tozawa/item_info.cpp
00281fe0	_ZN2Tz8ItemInfo15GetItemTypeMaskEii	sim-high	0	3	u_int	Tz::ItemInfo::GetItemTypeMask(Tz::ItemInfo *, int, int)	C:/hd25/kingdom2/tozawa/item_info.cpp
002823b0	_ZN2Tz8ItemInfo8SetEquipEij	sim-high	0	3		Tz::ItemInfo::SetEquip(Tz::ItemInfo *, int, u_int)	C:/hd25/kingdom2/tozawa/item_info.cpp
00282620	_ZN2Tz8ItemInfo15AddKnowItemInfoEv	med	0	1		Tz::ItemInfo::AddKnowItemInfo(Tz::ItemInfo *)	C:/hd25/kingdom2/tozawa/item_info.cpp
002826f8	_ZN2Tz8ItemInfo12CalcEquipMaxEii	sim-high	0	3	int	Tz::ItemInfo::CalcEquipMax(Tz::ItemInfo *, int, int)	C:/hd25/kingdom2/tozawa/item_info.cpp
002827f0	_ZN2Tz8ItemInfo10MakeMsgTblEii	high	0	3		Tz::ItemInfo::MakeMsgTbl(Tz::ItemInfo *, int, int)	C:/hd25/kingdom2/tozawa/item_info.cpp
00282858	_ZN2Tz8ItemInfo12MakeStockMsgEii	med	0	3		Tz::ItemInfo::MakeStockMsg(Tz::ItemInfo *, int, int)	C:/hd25/kingdom2/tozawa/item_info.cpp
00282940	_ZN2Tz8ItemInfo14MakeCommandMsgEii	med	0	3		Tz::ItemInfo::MakeCommandMsg(Tz::ItemInfo *, int, int)	C:/hd25/kingdom2/tozawa/item_info.cpp
00282b00	_ZN2Tz8ItemInfo12MakeEquipMsgEv	med	0	1		Tz::ItemInfo::MakeEquipMsg(Tz::ItemInfo *)	C:/hd25/kingdom2/tozawa/item_info.cpp
00282cb8	_ZN2Tz8ItemInfo12MakeEmptyMsgEi	med	0	2		Tz::ItemInfo::MakeEmptyMsg(Tz::ItemInfo *, int)	C:/hd25/kingdom2/tozawa/item_info.cpp
00282d58	_ZN2Tz8ItemInfo15GetItemEmptyMsgEv	med	0	1	const char *	Tz::ItemInfo::GetItemEmptyMsg(Tz::ItemInfo *)	C:/hd25/kingdom2/tozawa/item_info.cpp
00282d70	_ZN2Tz8ItemInfo12SortItemInfoEv	high	0	1		Tz::ItemInfo::SortItemInfo(Tz::ItemInfo *)	C:/hd25/kingdom2/tozawa/item_info.cpp
00282f68	_ZN2Tz10CmTutorial4InitEv	sim-high	1	0		Tz::CmTutorial::Init() [DWARF: static -- no implicit `this`, do NOT add a leading self/object-pointer argument]	C:/hd25/kingdom2/tozawa/cmenu_tutorial.cpp
002831b0	_ZN2Tz10CmTutorial10FadeOutAllEv	sim-med	1	0		Tz::CmTutorial::FadeOutAll() [DWARF: static -- no implicit `this`, do NOT add a leading self/object-pointer argument]	C:/hd25/kingdom2/tozawa/cmenu_tutorial.cpp
00283230	_ZN2Tz10CmTutorial4CtrlEv	sim-high	1	0		Tz::CmTutorial::Ctrl() [DWARF: static -- no implicit `this`, do NOT add a leading self/object-pointer argument]	C:/hd25/kingdom2/tozawa/cmenu_tutorial.cpp
002833f8	_ZN2Tz10CmTutorial10CreateListEv	sim-high	1	0		Tz::CmTutorial::CreateList() [DWARF: static -- no implicit `this`, do NOT add a leading self/object-pointer argument]	C:/hd25/kingdom2/tozawa/cmenu_tutorial.cpp
00283730	_ZN2Tz7SelHist4LoopEi	sim-high	1	1		Tz::SelHist::Loop(int) [DWARF: static -- no implicit `this`, do NOT add a leading self/object-pointer argument]	C:/hd25/kingdom2/tozawa/sel_hist.cpp
00283790	_ZN2Tz10CmTutorial9CreateGraEv	sim-high	1	0		Tz::CmTutorial::CreateGra() [DWARF: static -- no implicit `this`, do NOT add a leading self/object-pointer argument]	C:/hd25/kingdom2/tozawa/cmenu_tutorial.cpp
00283960	_ZN2Tz10CmTutorial9LeaveListEv	sim-high	1	0		Tz::CmTutorial::LeaveList() [DWARF: static -- no implicit `this`, do NOT add a leading self/object-pointer argument]	C:/hd25/kingdom2/tozawa/cmenu_tutorial.cpp
00283b78	_ZN2Tz10CmTutorial8isNewGetEv	sim-rerun2-med	1	0	bool	Tz::CmTutorial::isNewGet() [DWARF: static -- no implicit `this`, do NOT add a leading self/object-pointer argument]	C:/hd25/kingdom2/tozawa/cmenu_tutorial.cpp
00283c50	_ZN2Tz10CmTutorial10UpdateSramEv	sim-sib-high	1	0		Tz::CmTutorial::UpdateSram() [DWARF: static -- no implicit `this`, do NOT add a leading self/object-pointer argument]	C:/hd25/kingdom2/tozawa/cmenu_tutorial.cpp
00283d00	_ZN2Tz10CmTutorial11GetDrawListEi	sim-sib-high	1	1		Tz::CmTutorial::GetDrawList(int) [DWARF: static -- no implicit `this`, do NOT add a leading self/object-pointer argument]	C:/hd25/kingdom2/tozawa/cmenu_tutorial.cpp
00283f50	_ZN2Tz10CmTutorial5SetupEii	sim-med	1	2		Tz::CmTutorial::Setup(int, int) [DWARF: static -- no implicit `this`, do NOT add a leading self/object-pointer argument]	C:/hd25/kingdom2/tozawa/cmenu_tutorial.cpp
00284088	_ZN2Tz6Ending4InitEv	high	1	0		Tz::Ending::Init() [DWARF: static -- no implicit `this`, do NOT add a leading self/object-pointer argument]	C:/hd25/kingdom2/tozawa/cmenu_ending.cpp
002843e8	_ZN2Tz6Ending8LeaveAllEv	sim-high	1	0		Tz::Ending::LeaveAll() [DWARF: static -- no implicit `this`, do NOT add a leading self/object-pointer argument]	C:/hd25/kingdom2/tozawa/cmenu_ending.cpp
00284650	_ZN2Tz6Ending7LoopAllEv	med	1	0		Tz::Ending::LoopAll() [DWARF: static -- no implicit `this`, do NOT add a leading self/object-pointer argument]	C:/hd25/kingdom2/tozawa/cmenu_ending.cpp
002847e0	_ZN2Tz6Ending5SetupEv	high	1	0		Tz::Ending::Setup() [DWARF: static -- no implicit `this`, do NOT add a leading self/object-pointer argument]	C:/hd25/kingdom2/tozawa/cmenu_ending.cpp
00284e40	_ZN2Tz6Ending10SoundSetupEv	high	1	0		Tz::Ending::SoundSetup() [DWARF: static -- no implicit `this`, do NOT add a leading self/object-pointer argument]	C:/hd25/kingdom2/tozawa/cmenu_ending.cpp
00284ea8	_ZN2Tz6Ending15SoundBufferFreeEv	high	1	0		Tz::Ending::SoundBufferFree() [DWARF: static -- no implicit `this`, do NOT add a leading self/object-pointer argument]	C:/hd25/kingdom2/tozawa/cmenu_ending.cpp
00284ef0	_ZN2Tz6Ending7ControlEv	high	1	0	bool	Tz::Ending::Control() [DWARF: static -- no implicit `this`, do NOT add a leading self/object-pointer argument]	C:/hd25/kingdom2/tozawa/cmenu_ending.cpp
00285070	_ZN2Tz6Ending8CtrlInfoEv	med	1	0		Tz::Ending::CtrlInfo() [DWARF: static -- no implicit `this`, do NOT add a leading self/object-pointer argument]	C:/hd25/kingdom2/tozawa/cmenu_ending.cpp
002851e0	_ZN2Tz6Ending4DrawEv	high	1	0		Tz::Ending::Draw() [DWARF: static -- no implicit `this`, do NOT add a leading self/object-pointer argument]	C:/hd25/kingdom2/tozawa/cmenu_ending.cpp
002854b0	_ZN2Tz6Ending13ResetFadeWaitEv	med	1	0		Tz::Ending::ResetFadeWait() [DWARF: static -- no implicit `this`, do NOT add a leading self/object-pointer argument]	C:/hd25/kingdom2/tozawa/cmenu_ending.cpp
002854d8	_ZN2Tz6Ending9CreateWinEib	med	1	2		Tz::Ending::CreateWin(int, bool) [DWARF: static -- no implicit `this`, do NOT add a leading self/object-pointer argument]	C:/hd25/kingdom2/tozawa/cmenu_ending.cpp
002856c8	_ZN5Title7NewGame10FadeOutWinEv	sim-med	1	0		Title::NewGame::FadeOutWin() [DWARF: static -- no implicit `this`, do NOT add a leading self/object-pointer argument]	C:/hd25/kingdom2/ovl_title/new_game.cpp
00285760	_ZN2Tz6Ending7SelCtrlEv	sim-high	1	0	int	Tz::Ending::SelCtrl() [DWARF: static -- no implicit `this`, do NOT add a leading self/object-pointer argument]	C:/hd25/kingdom2/tozawa/cmenu_ending.cpp
002859c0	_ZN2Tz8CmNewFlg4InitEv	med	1	0		Tz::CmNewFlg::Init() [DWARF: static -- no implicit `this`, do NOT add a leading self/object-pointer argument]	C:/hd25/kingdom2/tozawa/cmenu_newflg.cpp
002859f0	_ZN2Tz8CmNewFlg9CheckItemEv	med	1	0		Tz::CmNewFlg::CheckItem() [DWARF: static -- no implicit `this`, do NOT add a leading self/object-pointer argument]	C:/hd25/kingdom2/tozawa/cmenu_newflg.cpp
00285d58	_ZN2Tz8CmNewFlg9isItemNewEi	sim-rerun2-high	1	1	bool	Tz::CmNewFlg::isItemNew(int) [DWARF: static -- no implicit `this`, do NOT add a leading self/object-pointer argument]	C:/hd25/kingdom2/tozawa/cmenu_newflg.cpp
00285e30	_ZN2Tz8CmNewFlg10isItemHistEi	sim-sib-med	1	1	bool	Tz::CmNewFlg::isItemHist(int) [DWARF: static -- no implicit `this`, do NOT add a leading self/object-pointer argument]	C:/hd25/kingdom2/tozawa/cmenu_newflg.cpp
00286068	_ZN2Tz8CmNewFlg10isMagicNewEi	sim-rerun2-high	1	1	bool	Tz::CmNewFlg::isMagicNew(int) [DWARF: static -- no implicit `this`, do NOT add a leading self/object-pointer argument]	C:/hd25/kingdom2/tozawa/cmenu_newflg.cpp
00286160	_ZN2Tz8CmNewFlg11isMagicHistEi	sim-sib-med	1	1	bool	Tz::CmNewFlg::isMagicHist(int) [DWARF: static -- no implicit `this`, do NOT add a leading self/object-pointer argument]	C:/hd25/kingdom2/tozawa/cmenu_newflg.cpp
00286280	_ZN2Tz8CmNewFlg11SetMagicFlgEi	sim-sib-med	1	1		Tz::CmNewFlg::SetMagicFlg(int) [DWARF: static -- no implicit `this`, do NOT add a leading self/object-pointer argument]	C:/hd25/kingdom2/tozawa/cmenu_newflg.cpp
00286298	_ZN2Tz8CmNewFlg9CheckStatEv	sim-med	1	0		Tz::CmNewFlg::CheckStat() [DWARF: static -- no implicit `this`, do NOT add a leading self/object-pointer argument]	C:/hd25/kingdom2/tozawa/cmenu_newflg.cpp
00286418	_ZN2Tz8CmNewFlg9isStatNewEi	sim-high	1	1	bool	Tz::CmNewFlg::isStatNew(int) [DWARF: static -- no implicit `this`, do NOT add a leading self/object-pointer argument]	C:/hd25/kingdom2/tozawa/cmenu_newflg.cpp
00286628	_ZN2Tz8CmNewFlg12CheckAbilityEv	med	1	0		Tz::CmNewFlg::CheckAbility() [DWARF: static -- no implicit `this`, do NOT add a leading self/object-pointer argument]	C:/hd25/kingdom2/tozawa/cmenu_newflg.cpp
00286d28	_ZN2Tz8CmNewFlg18isAbilityNewMemberEii	sim-high	1	2	bool	Tz::CmNewFlg::isAbilityNewMember(int, int) [DWARF: static -- no implicit `this`, do NOT add a leading self/object-pointer argument]	C:/hd25/kingdom2/tozawa/cmenu_newflg.cpp
00286ec8	_ZN2Tz8CmNewFlg16isAbilityNewFormEii	sim-high	1	2	bool	Tz::CmNewFlg::isAbilityNewForm(int, int) [DWARF: static -- no implicit `this`, do NOT add a leading self/object-pointer argument]	C:/hd25/kingdom2/tozawa/cmenu_newflg.cpp
00287028	_ZN2Tz8CmNewFlg19isAbilityHistMemberEii	sim-high	1	2	bool	Tz::CmNewFlg::isAbilityHistMember(int, int) [DWARF: static -- no implicit `this`, do NOT add a leading self/object-pointer argument]	C:/hd25/kingdom2/tozawa/cmenu_newflg.cpp
00287218	_ZN2Tz8CmNewFlg17isAbilityHistFormEii	sim-med	1	2	bool	Tz::CmNewFlg::isAbilityHistForm(int, int) [DWARF: static -- no implicit `this`, do NOT add a leading self/object-pointer argument]	C:/hd25/kingdom2/tozawa/cmenu_newflg.cpp
00287358	_ZN2Tz8CmNewFlg19SetAbilityFlgMemberEii	sim-high	1	2		Tz::CmNewFlg::SetAbilityFlgMember(int, int) [DWARF: static -- no implicit `this`, do NOT add a leading self/object-pointer argument]	C:/hd25/kingdom2/tozawa/cmenu_newflg.cpp
002875e8	_ZN2Tz8Mg2DTronC1Ev	sim-high	0	1		Tz::Mg2DTron::Mg2DTron(Tz::Mg2DTron *)	C:/hd25/kingdom2/tozawa/mg2d_tron.cpp
002877a0	_ZN2Tz8Mg2DTron9CreateSeqEii	sim-high	0	3		Tz::Mg2DTron::CreateSeq(Tz::Mg2DTron *, int, int)	C:/hd25/kingdom2/tozawa/mg2d_tron.cpp
002878c8	_ZN2Tz8Mg2DTron5LeaveEi	sim-sib-med	0	2		Tz::Mg2DTron::Leave(Tz::Mg2DTron *, int)	C:/hd25/kingdom2/tozawa/mg2d_tron.cpp
00287910	_ZN2Tz8MenuBase4InitEiib	med	1	3		Tz::MenuBase::Init(int, int, bool) [DWARF: static -- no implicit `this`, do NOT add a leading self/object-pointer argument]	C:/hd25/kingdom2/tozawa/menu_base.cpp
00287a28	_ZN2Tz8MenuBase4ExitEv	high	1	0		Tz::MenuBase::Exit() [DWARF: static -- no implicit `this`, do NOT add a leading self/object-pointer argument]	C:/hd25/kingdom2/tozawa/menu_base.cpp
00287bd0	_ZN2Tz8MenuBase7SetModeEii	sim-sandwich	1	2		Tz::MenuBase::SetMode(int, int) [DWARF: static -- no implicit `this`, do NOT add a leading self/object-pointer argument]	C:/hd25/kingdom2/tozawa/menu_base.cpp
00287cd0	_ZN2Tz8MenuBase8GetSModeEv	high	1	0	int	Tz::MenuBase::GetSMode() [DWARF: static -- no implicit `this`, do NOT add a leading self/object-pointer argument]	C:/hd25/kingdom2/tozawa/menu_base.cpp
00287d68	_ZN2Tz8MenuBase8SaveModeEv	high	1	0		Tz::MenuBase::SaveMode() [DWARF: static -- no implicit `this`, do NOT add a leading self/object-pointer argument]	C:/hd25/kingdom2/tozawa/menu_base.cpp
00287db0	_ZN2Tz8MenuBase6IsExitEv	med	1	0	bool	Tz::MenuBase::IsExit() [DWARF: static -- no implicit `this`, do NOT add a leading self/object-pointer argument]	C:/hd25/kingdom2/tozawa/menu_base.cpp
00287df0	_ZN2Tz8MenuBase5PadSEEibbPFbiEb	sim-med	1	5	int	Tz::MenuBase::PadSE(int, bool, bool, bool (*)(int), bool) [DWARF: static -- no implicit `this`, do NOT add a leading self/object-pointer argument]	C:/hd25/kingdom2/tozawa/menu_base.cpp
00287eb8	_ZN2Tz8MenuBase12SetLoadImageEb	med	1	1		Tz::MenuBase::SetLoadImage(bool) [DWARF: static -- no implicit `this`, do NOT add a leading self/object-pointer argument]	C:/hd25/kingdom2/tozawa/menu_base.cpp
00287ec8	_ZN2Tz8MenuBase12GetLoadImageEv	med	1	0	bool	Tz::MenuBase::GetLoadImage() [DWARF: static -- no implicit `this`, do NOT add a leading self/object-pointer argument]	C:/hd25/kingdom2/tozawa/menu_base.cpp
00287ed8	_ZN2Tz8MenuBase11SavePadInitEP9ALLOCATOR	high	1	1		Tz::MenuBase::SavePadInit(ALLOCATOR *) [DWARF: static -- no implicit `this`, do NOT add a leading self/object-pointer argument]	C:/hd25/kingdom2/tozawa/menu_base.cpp
00287f30	_ZN2Tz8MenuBase11SavePadExitEv	med	1	0		Tz::MenuBase::SavePadExit() [DWARF: static -- no implicit `this`, do NOT add a leading self/object-pointer argument]	C:/hd25/kingdom2/tozawa/menu_base.cpp
00288088	_ZN2Tz8MenuBase13isPressAnyKeyEv	high	1	0	bool	Tz::MenuBase::isPressAnyKey() [DWARF: static -- no implicit `this`, do NOT add a leading self/object-pointer argument]	C:/hd25/kingdom2/tozawa/menu_base.cpp
002880b8	_ZN2Tz9MenuBasic4InitEv	sim-high	1	0		Tz::MenuBasic::Init() [DWARF: static -- no implicit `this`, do NOT add a leading self/object-pointer argument]	C:/hd25/kingdom2/tozawa/menu_basic.cpp
00288478	_ZN2Tz9MenuBasic10MenuThreadEP4TASK	sim-rerun-med	1	1		Tz::MenuBasic::MenuThread(TASK *) [DWARF: static -- no implicit `this`, do NOT add a leading self/object-pointer argument]	C:/hd25/kingdom2/tozawa/menu_basic.cpp
00288670	_ZN2Tz9MenuBasic9StartFadeEPFvvE	med	1	1		Tz::MenuBasic::StartFade(void (*)()) [DWARF: static -- no implicit `this`, do NOT add a leading self/object-pointer argument]	C:/hd25/kingdom2/tozawa/menu_basic.cpp
00288be8	_ZN2Tz6Select5AllocEj	sim-sib-high	1	1	void *	Tz::Select::Alloc(size_t) [DWARF: static -- no implicit `this`, do NOT add a leading self/object-pointer argument]	C:/hd25/kingdom2/tozawa/select.cpp
00288c20	_ZN2Tz6Select4FreeEPv	sim-sib-high	1	1		Tz::Select::Free(void *) [DWARF: static -- no implicit `this`, do NOT add a leading self/object-pointer argument]	C:/hd25/kingdom2/tozawa/select.cpp
00288ce0	_ZN2Tz6Select3SetEPNS_8MenuItemEiPKsS4_	sim-med	0	5		Tz::Select::Set(Tz::Select *, Tz::MenuItem *, int, const short *, const short *)	C:/hd25/kingdom2/tozawa/select.cpp
00288d80	_ZN2Tz6Select7SetItemEiiiPNS_6LayoutEiPKsS4_	high	0	8		Tz::Select::SetItem(Tz::Select *, int, int, int, Tz::Layout *, int, const short *, const short *)	C:/hd25/kingdom2/tozawa/select.cpp
00288e08	_ZN2Tz6Select11SetExOffsetEiii	high	0	4		Tz::Select::SetExOffset(Tz::Select *, int, int, int)	C:/hd25/kingdom2/tozawa/select.cpp
00289038	_ZN2Tz6Select9SetSeqNumEibbibi	sim-med	0	7		Tz::Select::SetSeqNum(Tz::Select *, int, bool, bool, int, bool, int)	C:/hd25/kingdom2/tozawa/select.cpp
002891f0	_ZN2Tz6Select10SetCurrentEibii	high	0	5		Tz::Select::SetCurrent(Tz::Select *, int, bool, int, int)	C:/hd25/kingdom2/tozawa/select.cpp
0028aa40	_ZN2Tz6Select7FadeOutEv	high	0	1		Tz::Select::FadeOut(Tz::Select *)	C:/hd25/kingdom2/tozawa/select.cpp
0028ab20	_ZN2Tz6Select4LoopEv	sim-high	0	1		Tz::Select::Loop(Tz::Select *)	C:/hd25/kingdom2/tozawa/select.cpp
0028af90	_ZN2Tz6Select12SetSelectMaxEi	high	0	2		Tz::Select::SetSelectMax(Tz::Select *, int)	C:/hd25/kingdom2/tozawa/select.cpp
0028afd0	_ZN2Tz6Select12SetSelectTopEi	sim-med	0	2		Tz::Select::SetSelectTop(Tz::Select *, int)	C:/hd25/kingdom2/tozawa/select.cpp
0028b040	_ZN2Tz6Select12GetSelectPosEv	high	0	1	int	Tz::Select::GetSelectPos(Tz::Select *)	C:/hd25/kingdom2/tozawa/select.cpp
0028b160	_ZN2Tz6Select10GetPtr2IdxEPv	high	0	2	int	Tz::Select::GetPtr2Idx(Tz::Select *, void *)	C:/hd25/kingdom2/tozawa/select.cpp
0028b218	_ZN2Tz6Select11SetPageModeEb	high	0	2		Tz::Select::SetPageMode(Tz::Select *, bool)	C:/hd25/kingdom2/tozawa/select.cpp
0028b258	_ZN2Tz6Select11PressAnyKeyEj	sim-sib-med	1	1	bool	Tz::Select::PressAnyKey(u_int) [DWARF: static -- no implicit `this`, do NOT add a leading self/object-pointer argument]	C:/hd25/kingdom2/tozawa/select.cpp
0028b300	_ZN2Tz6LaySeq6createEiiiPNS_6LayoutEPKsS4_ii	sim-high	0	9		Tz::LaySeq::create(Tz::LaySeq *, int, int, int, Tz::Layout *, const short *, const short *, int, int)	C:/hd25/kingdom2/tozawa/layseq.cpp
0028b3c0	_ZN2Tz6LaySeq6updateEv	sim-high	0	1		Tz::LaySeq::update(Tz::LaySeq *)	C:/hd25/kingdom2/tozawa/layseq.cpp
0028b4c0	_ZN2Tz6LaySeq9SetSeqNumEPKs	sim-sandwich	0	2		Tz::LaySeq::SetSeqNum(Tz::LaySeq *, const short *)	C:/hd25/kingdom2/tozawa/layseq.cpp
0028b4f0	_ZN2Tz6LaySeq9SetLayNumEPKs	sim-med	0	2		Tz::LaySeq::SetLayNum(Tz::LaySeq *, const short *)	C:/hd25/kingdom2/tozawa/layseq.cpp
0028b520	_ZN2Tz10LaySeqMess6createEiiiPNS_6LayoutEPKsS4_iii	sim-high	0	10		Tz::LaySeqMess::create(Tz::LaySeqMess *, int, int, int, Tz::Layout *, const short *, const short *, int, int, int)	C:/hd25/kingdom2/tozawa/layseq.cpp
0028b640	_ZN2Tz10LaySeqMess6updateEv	sim-high	0	1		Tz::LaySeqMess::update(Tz::LaySeqMess *)	C:/hd25/kingdom2/tozawa/layseq.cpp
0028b6f0	_ZN2Tz10LaySeqMess9SetLayNumEPKs	sim-rerun-med	0	2		Tz::LaySeqMess::SetLayNum(Tz::LaySeqMess *, const short *)	C:/hd25/kingdom2/tozawa/layseq.cpp
0028b720	_ZN2Tz10LaySeqMess9SetSeqNumEPKs	sim-rerun-med	0	2		Tz::LaySeqMess::SetSeqNum(Tz::LaySeqMess *, const short *)	C:/hd25/kingdom2/tozawa/layseq.cpp
0028b7c0	_ZN2Tz8SaveFileC1Ev	sim-med	0	1		Tz::SaveFile::SaveFile(Tz::SaveFile *)	C:/hd25/kingdom2/tozawa/savefile.cpp
0028b8e0	_ZN2Tz8SaveFile9buildDataEPv	sim-med	0	2		Tz::SaveFile::buildData(Tz::SaveFile *, void *)	C:/hd25/kingdom2/tozawa/savefile.cpp
0028b9b0	_ZN2Tz9ScrollBarC1Ev	sim-med	0	1		Tz::ScrollBar::ScrollBar(Tz::ScrollBar *)	C:/hd25/kingdom2/tozawa/scroll_bar.cpp
0028bae0	_ZN2Tz9ScrollBar6CreateEiPvPN2YI5IMAGEEPKsiiPN2dk6SpriteEi	med	0	9		Tz::ScrollBar::Create(Tz::ScrollBar *, int, void *, YI::IMAGE *, const short *, int, int, dk::Sprite *, int)	C:/hd25/kingdom2/tozawa/scroll_bar.cpp
0028bd60	_ZN2Tz9ScrollBar4LoopEv	sim-med	0	1		Tz::ScrollBar::Loop(Tz::ScrollBar *)	C:/hd25/kingdom2/tozawa/scroll_bar.cpp
0028be78	_ZN2Tz9ScrollBar6SetPosEi	high	0	2		Tz::ScrollBar::SetPos(Tz::ScrollBar *, int)	C:/hd25/kingdom2/tozawa/scroll_bar.cpp
0028bfc0	_ZN2Tz9ScrollBar6SetMaxEi	med	0	2		Tz::ScrollBar::SetMax(Tz::ScrollBar *, int)	C:/hd25/kingdom2/tozawa/scroll_bar.cpp
0028c0a0	_ZN2Tz8MenuItem5startEPvPN2YI5IMAGEEiii	sim-med	1	5	Tz::MenuItem *	Tz::MenuItem::start(void *, YI::IMAGE *, int, int, int) [DWARF: static -- no implicit `this`, do NOT add a leading self/object-pointer argument]	C:/hd25/kingdom2/tozawa/menu_item.cpp
0028c198	_ZN2Tz8MenuItem5startEiiiPNS_6LayoutEiii	high	1	7	Tz::MenuItem *	Tz::MenuItem::start(int, int, int, Tz::Layout *, int, int, INT) [DWARF: static -- no implicit `this`, do NOT add a leading self/object-pointer argument]	C:/hd25/kingdom2/tozawa/menu_item.cpp
0028c3f0	_ZN2Tz8MenuItem4initEP9ALLOCATOR	high	1	1		Tz::MenuItem::init(ALLOCATOR *) [DWARF: static -- no implicit `this`, do NOT add a leading self/object-pointer argument]	C:/hd25/kingdom2/tozawa/menu_item.cpp
0028c660	_ZN2Tz8MenuItem4drawEv	med	0	1		Tz::MenuItem::draw(Tz::MenuItem *)	C:/hd25/kingdom2/tozawa/menu_item.cpp
0028c878	_ZN2Tz10MenuCursor4InitEP9ALLOCATORi	high	1	2		Tz::MenuCursor::Init(ALLOCATOR *, int) [DWARF: static -- no implicit `this`, do NOT add a leading self/object-pointer argument]	C:/hd25/kingdom2/tozawa/menu_cur.cpp
0028cc78	_ZN2Tz10MenuCursor6CreateEiiiPNS_6LayoutEiii	high	1	7		Tz::MenuCursor::Create(int, int, int, Tz::Layout *, int, int, INT) [DWARF: static -- no implicit `this`, do NOT add a leading self/object-pointer argument]	C:/hd25/kingdom2/tozawa/menu_cur.cpp
0028ce38	_ZN2Tz10MenuCursor9DeleteAllEv	sim-sib-high	1	0		Tz::MenuCursor::DeleteAll() [DWARF: static -- no implicit `this`, do NOT add a leading self/object-pointer argument]	C:/hd25/kingdom2/tozawa/menu_cur.cpp
0028ce98	_ZN2Tz10MenuCursor7SetTypeEii	high	1	2		Tz::MenuCursor::SetType(int, int) [DWARF: static -- no implicit `this`, do NOT add a leading self/object-pointer argument]	C:/hd25/kingdom2/tozawa/menu_cur.cpp
0028cf28	_ZN2Tz10MenuCursor9SetParentEiPN2dk6SpriteE	high	1	2		Tz::MenuCursor::SetParent(int, dk::Sprite *) [DWARF: static -- no implicit `this`, do NOT add a leading self/object-pointer argument]	C:/hd25/kingdom2/tozawa/menu_cur.cpp
0028d008	_ZN2Tz10MenuCursor7isExistEi	sim-sandwich	1	1	bool	Tz::MenuCursor::isExist(int) [DWARF: static -- no implicit `this`, do NOT add a leading self/object-pointer argument]	C:/hd25/kingdom2/tozawa/menu_cur.cpp
0028d068	_ZN2Tz10MenuCursor6SetPriEii	sim-sandwich	1	2		Tz::MenuCursor::SetPri(int, int) [DWARF: static -- no implicit `this`, do NOT add a leading self/object-pointer argument]	C:/hd25/kingdom2/tozawa/menu_cur.cpp
0028d0f8	_ZN2Tz8LightCurC1Ev	sim-med	0	1		Tz::LightCur::LightCur(Tz::LightCur *)	C:/hd25/kingdom2/tozawa/light_cur.cpp
0028d1c0	_ZN2Tz8LightCur6CreateEiiiPNS_6LayoutEPKsii	high	0	8		Tz::LightCur::Create(Tz::LightCur *, int, int, int, Tz::Layout *, const short *, int, INT)	C:/hd25/kingdom2/tozawa/light_cur.cpp
0028d320	_ZN2Tz8LightCur4drawEv	med	0	1		Tz::LightCur::draw(Tz::LightCur *)	C:/hd25/kingdom2/tozawa/light_cur.cpp
0028d660	_ZN2Tz8LightCur9setParentEPN2dk6SpriteE	sim-med	0	2		Tz::LightCur::setParent(Tz::LightCur *, dk::Sprite *)	C:/hd25/kingdom2/tozawa/light_cur.cpp
0028d7f0	_ZN2Tz8MenuUtil9CreateLayEPNS_6LayoutEiiiiiPhS3_i	high	1	9		Tz::MenuUtil::CreateLay(Tz::Layout *, int, int, int, int, int, u_char *, u_char *, int) [DWARF: static -- no implicit `this`, do NOT add a leading self/object-pointer argument]	C:/hd25/kingdom2/tozawa/menu_util.cpp
0028d8c0	_ZN2Tz8MenuUtil10CreateSprtEPN2dk6SpriteEiiiPNS_6LayoutEiiii	high	1	9		Tz::MenuUtil::CreateSprt(dk::Sprite *, int, int, int, Tz::Layout *, int, int, int, INT) [DWARF: static -- no implicit `this`, do NOT add a leading self/object-pointer argument]	C:/hd25/kingdom2/tozawa/menu_util.cpp
0028d980	_ZN2Tz8MenuUtil10CreateMessEPN2dk13SpriteMessageEiiiPNS_6LayoutEiiiii	high	1	10		Tz::MenuUtil::CreateMess(dk::SpriteMessage *, int, int, int, Tz::Layout *, int, int, int, int, INT) [DWARF: static -- no implicit `this`, do NOT add a leading self/object-pointer argument]	C:/hd25/kingdom2/tozawa/menu_util.cpp
0028da70	_ZN2Tz8MenuUtil10SprtSetNumEPN2dk6SpriteEi	high	1	2		Tz::MenuUtil::SprtSetNum(dk::Sprite *, int) [DWARF: static -- no implicit `this`, do NOT add a leading self/object-pointer argument]	C:/hd25/kingdom2/tozawa/menu_util.cpp
0028db48	_ZN2Tz8MenuUtil10SprtIsLoopEPN2dk6SpriteE	high	1	1	bool	Tz::MenuUtil::SprtIsLoop(dk::Sprite *) [DWARF: static -- no implicit `this`, do NOT add a leading self/object-pointer argument]	C:/hd25/kingdom2/tozawa/menu_util.cpp
0028dbf8	_ZN2Tz8MenuUtil9GetLaySeqEPNS_6LayoutEPKsS4_	sim-high	1	3	YI::SEQUENCE *	Tz::MenuUtil::GetLaySeq(Tz::Layout *, const short *, const short *) [DWARF: static -- no implicit `this`, do NOT add a leading self/object-pointer argument]	C:/hd25/kingdom2/tozawa/menu_util.cpp
0028dcc0	_ZN2Tz8MenuUtil13SetSprtParentEPN2dk6SpriteES3_	high	1	2		Tz::MenuUtil::SetSprtParent(dk::Sprite *, dk::Sprite *) [DWARF: static -- no implicit `this`, do NOT add a leading self/object-pointer argument]	C:/hd25/kingdom2/tozawa/menu_util.cpp
0028dd90	_ZN2Tz8MenuUtil12GetAlignTypeEi	sim-sandwich	1	1	YS::MESSAGEDRAW::ALIGN	Tz::MenuUtil::GetAlignType(int) [DWARF: static -- no implicit `this`, do NOT add a leading self/object-pointer argument]	C:/hd25/kingdom2/tozawa/menu_util.cpp
0028de08	_ZN2Tz8MenuUtil15MakeQuestionStrEiPci	high	1	3	const YS::MESSAGE *	Tz::MenuUtil::MakeQuestionStr(int, char *, int) [DWARF: static -- no implicit `this`, do NOT add a leading self/object-pointer argument]	C:/hd25/kingdom2/tozawa/menu_util.cpp
0028def0	_ZN2Tz8MenuUtil15MakeQuestionStrEPci	sim-high	1	2	const YS::MESSAGE *	Tz::MenuUtil::MakeQuestionStr(char *, int) [DWARF: static -- no implicit `this`, do NOT add a leading self/object-pointer argument]	C:/hd25/kingdom2/tozawa/menu_util.cpp
0028e2a8	_ZN2Tz8MultiSeq6createEiPvPN2YI5IMAGEEPsii	sim-high	0	7		Tz::MultiSeq::create(Tz::MultiSeq *, int, void *, YI::IMAGE *, short *, int, int)	C:/hd25/kingdom2/tozawa/multi_seq.cpp
0028e350	_ZN2Tz8MultiSeqD1Ev	sim-high	0	1		Tz::MultiSeq::~MultiSeq(Tz::MultiSeq *)	C:/hd25/kingdom2/tozawa/multi_seq.cpp
0028e438	_ZN2Tz8MultiSeq6setNumEiii	sim-med	0	4		Tz::MultiSeq::setNum(Tz::MultiSeq *, int, int, int)	C:/hd25/kingdom2/tozawa/multi_seq.cpp
0028e5e0	_ZN2Tz8MultiSeq15setMultiNextNumEPsi	sim-sib-med	0	3		Tz::MultiSeq::setMultiNextNum(Tz::MultiSeq *, short *, int)	C:/hd25/kingdom2/tozawa/multi_seq.cpp
0028eab8	_ZN2Tz8MultiSeq18setParamXYToOffsetEPN2dk6SpriteE	high	0	2		Tz::MultiSeq::setParamXYToOffset(Tz::MultiSeq *, dk::Sprite *)	C:/hd25/kingdom2/tozawa/multi_seq.cpp
0028ebf8	_ZN2Tz8MultiSeq6updateEv	med	0	1		Tz::MultiSeq::update(Tz::MultiSeq *)	C:/hd25/kingdom2/tozawa/multi_seq.cpp
0028edf0	_ZN2Tz8MultiSeq4drawEv	sim-high	0	1		Tz::MultiSeq::draw(Tz::MultiSeq *)	C:/hd25/kingdom2/tozawa/multi_seq.cpp
0028f280	_ZN2Tz7SelHist4InitEiiPNS_6LayoutEPKsS4_	high	1	5		Tz::SelHist::Init(int, int, Tz::Layout *, const short *, const short *) [DWARF: static -- no implicit `this`, do NOT add a leading self/object-pointer argument]	C:/hd25/kingdom2/tozawa/sel_hist.cpp
0028f3e8	_ZN2Tz7SelHist4ExitEv	high	1	0		Tz::SelHist::Exit() [DWARF: static -- no implicit `this`, do NOT add a leading self/object-pointer argument]	C:/hd25/kingdom2/tozawa/sel_hist.cpp
0028f4d8	_ZN2Tz7SelHist6CreateEiib	med	1	3		Tz::SelHist::Create(int, int, bool) [DWARF: static -- no implicit `this`, do NOT add a leading self/object-pointer argument]	C:/hd25/kingdom2/tozawa/sel_hist.cpp
0028f6f0	_ZN2Tz7SelHist7FadeOutEi	high	1	1		Tz::SelHist::FadeOut(int) [DWARF: static -- no implicit `this`, do NOT add a leading self/object-pointer argument]	C:/hd25/kingdom2/tozawa/sel_hist.cpp
0028f7e8	_ZN2Tz7SelHist5LeaveEi	high	1	1		Tz::SelHist::Leave(int) [DWARF: static -- no implicit `this`, do NOT add a leading self/object-pointer argument]	C:/hd25/kingdom2/tozawa/sel_hist.cpp
0028f878	_ZN2Tz7SelHist8LeaveAllEv	high	1	0		Tz::SelHist::LeaveAll() [DWARF: static -- no implicit `this`, do NOT add a leading self/object-pointer argument]	C:/hd25/kingdom2/tozawa/sel_hist.cpp
0028f930	_ZN2Tz7SelHist7isExistEi	sim-med	1	1	bool	Tz::SelHist::isExist(int) [DWARF: static -- no implicit `this`, do NOT add a leading self/object-pointer argument]	C:/hd25/kingdom2/tozawa/sel_hist.cpp
0028fc78	_ZN2Tz9MunnyDrawC1EiiPKs	sim-med	0	4		Tz::MunnyDraw::MunnyDraw(Tz::MunnyDraw *, int, int, const short *)	C:/hd25/kingdom2/tozawa/munnydraw.cpp
0028fd68	_ZN2Tz9MunnyDraw5LeaveEv	sim-sib-med	0	1		Tz::MunnyDraw::Leave(Tz::MunnyDraw *)	C:/hd25/kingdom2/tozawa/munnydraw.cpp
0028fdd0	_ZN2Tz9MunnyDrawD1Ev	sim-sib-med	0	1		Tz::MunnyDraw::~MunnyDraw(Tz::MunnyDraw *)	C:/hd25/kingdom2/tozawa/munnydraw.cpp
0028fe38	_ZN2Tz9MunnyDraw6CreateEiPvPN2YI5IMAGEEi	sim-med	0	5		Tz::MunnyDraw::Create(Tz::MunnyDraw *, int, void *, YI::IMAGE *, int)	C:/hd25/kingdom2/tozawa/munnydraw.cpp
00290198	_ZN2Tz8TimeDrawC1EiiiPKs	sim-med	0	5		Tz::TimeDraw::TimeDraw(Tz::TimeDraw *, int, int, int, const short *)	C:/hd25/kingdom2/tozawa/timedraw.cpp
00290368	_ZN2Tz8TimeDraw6CreateEiPvPN2YI5IMAGEEi	high	0	5		Tz::TimeDraw::Create(Tz::TimeDraw *, int, void *, YI::IMAGE *, int)	C:/hd25/kingdom2/tozawa/timedraw.cpp
00290610	_ZN2Tz7HelpGraC1Ev	sim-med	0	1		Tz::HelpGra::HelpGra(Tz::HelpGra *)	C:/hd25/kingdom2/tozawa/help_gra.cpp
00290668	_ZN2Tz7HelpGra6createEPvS1_i	sim-med	0	4		Tz::HelpGra::create(Tz::HelpGra *, void *, void *, int)	C:/hd25/kingdom2/tozawa/help_gra.cpp
00290738	_ZN2Tz7HelpGra6SetPriEi	sim-rerun-med	0	2		Tz::HelpGra::SetPri(Tz::HelpGra *, int)	C:/hd25/kingdom2/tozawa/help_gra.cpp
00290940	_ZNK2Tz8MenuFile14getFileAddressEv	high	0	1	YS::BINARC *	Tz::MenuFile::getFileAddress(const Tz::MenuFile *)	C:/hd25/kingdom2/tozawa/menufile.cpp
00290960	_ZN2Tz8MenuFile9buildDataEPvi	sim-sib-med	0	3		Tz::MenuFile::buildData(Tz::MenuFile *, void *, int)	C:/hd25/kingdom2/tozawa/menufile.cpp
00290a10	_ZN2Tz8MenuFile5allocEPKci	high	0	3		Tz::MenuFile::alloc(Tz::MenuFile *, const char *, int)	C:/hd25/kingdom2/tozawa/menufile.cpp
00290a60	_ZN2Tz8MenuFile4freeEv	high	0	1		Tz::MenuFile::free(Tz::MenuFile *)	C:/hd25/kingdom2/tozawa/menufile.cpp
00290d68	_ZN2Tz8ItemStat9CreateSeqEPN2dk6SpriteE	high	0	2		Tz::ItemStat::CreateSeq(Tz::ItemStat *, dk::Sprite *)	C:/hd25/kingdom2/tozawa/item_stat.cpp
00291110	_ZN2Tz8ItemStat11CreateEquipEiiiPN2dk6SpriteEii	med	0	7		Tz::ItemStat::CreateEquip(Tz::ItemStat *, int, int, int, dk::Sprite *, int, int)	C:/hd25/kingdom2/tozawa/item_stat.cpp
00291380	_ZN2Tz8ItemStat10CheckParamEi	med	0	2	int	Tz::ItemStat::CheckParam(Tz::ItemStat *, int)	C:/hd25/kingdom2/tozawa/item_stat.cpp
00291510	_ZN2Tz8ItemStat6UpdateEiii	high	0	4		Tz::ItemStat::Update(Tz::ItemStat *, int, int, int)	C:/hd25/kingdom2/tozawa/item_stat.cpp
00291918	_ZN2Tz8ItemStat13UpdateNewItemEiiii	high	0	5		Tz::ItemStat::UpdateNewItem(Tz::ItemStat *, int, int, int, int)	C:/hd25/kingdom2/tozawa/item_stat.cpp
00291de0	_ZN2Tz8ItemStat14UpdateNextStatEiiiiii	sim-high	0	7		Tz::ItemStat::UpdateNextStat(Tz::ItemStat *, int, int, int, int, int, int)	C:/hd25/kingdom2/tozawa/item_stat.cpp
002925c0	_ZN2Tz8LoadData5FlushEv	high	1	0		Tz::LoadData::Flush() [DWARF: static -- no implicit `this`, do NOT add a leading self/object-pointer argument]	C:/hd25/kingdom2/tozawa/load_data.cpp
00292620	_ZN2Tz8LoadData9FinalizerEP4TASK	med	1	1		Tz::LoadData::Finalizer(TASK *) [DWARF: static -- no implicit `this`, do NOT add a leading self/object-pointer argument]	C:/hd25/kingdom2/tozawa/load_data.cpp
00292630	_ZN2Tz8LoadData10isFlushingEv	high	1	0	bool	Tz::LoadData::isFlushing() [DWARF: static -- no implicit `this`, do NOT add a leading self/object-pointer argument]	C:/hd25/kingdom2/tozawa/load_data.cpp
002926c0	_ZN2Tz8UnitLoad4InitEi	sim-high	1	1		Tz::UnitLoad::Init(int) [DWARF: static -- no implicit `this`, do NOT add a leading self/object-pointer argument]	C:/hd25/kingdom2/tozawa/unit_load.cpp
002927b8	_ZN2Tz8UnitLoad4ExitEv	sim-high	1	0		Tz::UnitLoad::Exit() [DWARF: static -- no implicit `this`, do NOT add a leading self/object-pointer argument]	C:/hd25/kingdom2/tozawa/unit_load.cpp
00292a90	_ZN2Tz8UnitLoad6isLoadEi	sim-sib-med	1	1	bool	Tz::UnitLoad::isLoad(int) [DWARF: static -- no implicit `this`, do NOT add a leading self/object-pointer argument]	C:/hd25/kingdom2/tozawa/unit_load.cpp
00292f18	_ZN2Tz8UnitLoad12BackReadItemEv	med	1	0	int	Tz::UnitLoad::BackReadItem() [DWARF: static -- no implicit `this`, do NOT add a leading self/object-pointer argument]	C:/hd25/kingdom2/tozawa/unit_load.cpp
00292fe8	_ZN2Tz8UnitLoad12BackReadFaceEv	sim-med	1	0	int	Tz::UnitLoad::BackReadFace() [DWARF: static -- no implicit `this`, do NOT add a leading self/object-pointer argument]	C:/hd25/kingdom2/tozawa/unit_load.cpp
00293148	_ZN2Tz8UnitLoad7GetAddrEi	med	1	1	void *	Tz::UnitLoad::GetAddr(int) [DWARF: static -- no implicit `this`, do NOT add a leading self/object-pointer argument]	C:/hd25/kingdom2/tozawa/unit_load.cpp
002931a8	_ZN2Tz8UnitLoad8SetFnameEPKc	sim-sib-med	1	1		Tz::UnitLoad::SetFname(const char *) [DWARF: static -- no implicit `this`, do NOT add a leading self/object-pointer argument]	C:/hd25/kingdom2/tozawa/unit_load.cpp
00293240	_ZN2Tz9ChgWeapon4InitEv	sim-high	1	0		Tz::ChgWeapon::Init() [DWARF: static -- no implicit `this`, do NOT add a leading self/object-pointer argument]	C:/hd25/kingdom2/tozawa/chg_weapon.cpp
002932f8	_ZN2Tz9ChgWeapon4ExitEv	sim-med	1	0		Tz::ChgWeapon::Exit() [DWARF: static -- no implicit `this`, do NOT add a leading self/object-pointer argument]	C:/hd25/kingdom2/tozawa/chg_weapon.cpp
002933b8	_ZN2Tz9ChgWeapon16LoadWeaponThreadEP4TASK	med	1	1		Tz::ChgWeapon::LoadWeaponThread(TASK *) [DWARF: static -- no implicit `this`, do NOT add a leading self/object-pointer argument]	C:/hd25/kingdom2/tozawa/chg_weapon.cpp
00293500	_ZN2Tz9ChgWeapon6SetOrgEiii	med	1	3		Tz::ChgWeapon::SetOrg(int, int, int) [DWARF: static -- no implicit `this`, do NOT add a leading self/object-pointer argument]	C:/hd25/kingdom2/tozawa/chg_weapon.cpp
00293520	_ZN2Tz9ChgWeapon6UpdateEv	high	1	0		Tz::ChgWeapon::Update() [DWARF: static -- no implicit `this`, do NOT add a leading self/object-pointer argument]	C:/hd25/kingdom2/tozawa/chg_weapon.cpp
00293668	_ZN2Tz9ChgWeapon7isExistEv	med	1	0	bool	Tz::ChgWeapon::isExist() [DWARF: static -- no implicit `this`, do NOT add a leading self/object-pointer argument]	C:/hd25/kingdom2/tozawa/chg_weapon.cpp
002936d8	_ZN2Tz9ChgWeapon8SetPauseEv	sim-sib-med	1	0		Tz::ChgWeapon::SetPause() [DWARF: static -- no implicit `this`, do NOT add a leading self/object-pointer argument]	C:/hd25/kingdom2/tozawa/chg_weapon.cpp
002936e8	_ZN2Tz9ChgWeapon10ResetPauseEv	med	1	0		Tz::ChgWeapon::ResetPause() [DWARF: static -- no implicit `this`, do NOT add a leading self/object-pointer argument]	C:/hd25/kingdom2/tozawa/chg_weapon.cpp
002936f8	_ZN2Tz9ChgWeapon7isPauseEv	med	1	0	bool	Tz::ChgWeapon::isPause() [DWARF: static -- no implicit `this`, do NOT add a leading self/object-pointer argument]	C:/hd25/kingdom2/tozawa/chg_weapon.cpp
00293708	_ZN2Tz9ChgMember4InitEv	med	1	0		Tz::ChgMember::Init() [DWARF: static -- no implicit `this`, do NOT add a leading self/object-pointer argument]	C:/hd25/kingdom2/tozawa/chg_member.cpp
00293780	_ZN2Tz9ChgMember4ExitEv	sim-med	1	0		Tz::ChgMember::Exit() [DWARF: static -- no implicit `this`, do NOT add a leading self/object-pointer argument]	C:/hd25/kingdom2/tozawa/chg_member.cpp
00293848	_ZN2Tz9ChgMember10LoadThreadEP4TASK	med	1	1		Tz::ChgMember::LoadThread(TASK *) [DWARF: static -- no implicit `this`, do NOT add a leading self/object-pointer argument]	C:/hd25/kingdom2/tozawa/chg_member.cpp
00293948	_ZN2Tz9ChgMember15ChkChangeMemberEv	med	1	0	bool	Tz::ChgMember::ChkChangeMember() [DWARF: static -- no implicit `this`, do NOT add a leading self/object-pointer argument]	C:/hd25/kingdom2/tozawa/chg_member.cpp
00293b08	_ZN2Tz9ChgMember18ChangeMemberThreadEP4TASK	high	1	1		Tz::ChgMember::ChangeMemberThread(TASK *) [DWARF: static -- no implicit `this`, do NOT add a leading self/object-pointer argument]	C:/hd25/kingdom2/tozawa/chg_member.cpp
00293ba0	_ZN2Tz9ChgMember10isInitInfoEv	med	1	0	bool	Tz::ChgMember::isInitInfo() [DWARF: static -- no implicit `this`, do NOT add a leading self/object-pointer argument]	C:/hd25/kingdom2/tozawa/chg_member.cpp
00293bb0	_ZN2Tz9ChgMember11SetInitInfoEv	med	1	0		Tz::ChgMember::SetInitInfo() [DWARF: static -- no implicit `this`, do NOT add a leading self/object-pointer argument]	C:/hd25/kingdom2/tozawa/chg_member.cpp
00293bd0	_ZN2Tz6JMData11LoadRequestEiPKcb	high	1	3		Tz::JMData::LoadRequest(int, const char *, bool) [DWARF: static -- no implicit `this`, do NOT add a leading self/object-pointer argument]	C:/hd25/kingdom2/tozawa/jm_data.cpp
00293cb8	_ZN2Tz6JMData9MakeFnameEPciPKc	sim-rerun2-high	1	3		Tz::JMData::MakeFname(char *, int, const char *) [DWARF: static -- no implicit `this`, do NOT add a leading self/object-pointer argument]	C:/hd25/kingdom2/tozawa/jm_data.cpp
00293e00	_ZN2Tz6JmInfo4InitEP9ALLOCATOR	high	1	1		Tz::JmInfo::Init(ALLOCATOR *) [DWARF: static -- no implicit `this`, do NOT add a leading self/object-pointer argument]	C:/hd25/kingdom2/tozawa/jm_info.cpp
00293fc0	_ZN2Tz6JmInfo11SetLeadDataEv	high	1	0		Tz::JmInfo::SetLeadData() [DWARF: static -- no implicit `this`, do NOT add a leading self/object-pointer argument]	C:/hd25/kingdom2/tozawa/jm_info.cpp
00294208	_ZN2Tz6JmInfo11GetStoryLogEiRiS1_	sim-med	1	3		Tz::JmInfo::GetStoryLog(int, int &, int &) [DWARF: static -- no implicit `this`, do NOT add a leading self/object-pointer argument]	C:/hd25/kingdom2/tozawa/jm_info.cpp
00294288	_ZN2Tz9JmNewInfo10CheckStoryEv	med	1	0		Tz::JmNewInfo::CheckStory() [DWARF: static -- no implicit `this`, do NOT add a leading self/object-pointer argument]	C:/hd25/kingdom2/tozawa/jm_newinfo.cpp
00294408	_ZN2Tz6JmInfo15isEnableDiagramEPKNS_17JmDiagramDataInfoE	sim-rerun-med	1	1	bool	Tz::JmInfo::isEnableDiagram(const Tz::JmDiagramDataInfo *) [DWARF: static -- no implicit `this`, do NOT add a leading self/object-pointer argument]	C:/hd25/kingdom2/tozawa/jm_info.cpp
00294480	_ZN2Tz6JmInfo20isEnableDiagramCharaEPKNS_17JmDiagramDataInfoE	sim-rerun-med	1	1	bool	Tz::JmInfo::isEnableDiagramChara(const Tz::JmDiagramDataInfo *) [DWARF: static -- no implicit `this`, do NOT add a leading self/object-pointer argument]	C:/hd25/kingdom2/tozawa/jm_info.cpp
002945a0	_ZN2Tz10JmWorldSel10FadeOutAllEv	med	1	0		Tz::JmWorldSel::FadeOutAll() [DWARF: static -- no implicit `this`, do NOT add a leading self/object-pointer argument]	C:/hd25/kingdom2/tozawa/jm_worldsel.cpp
002945e8	_ZN2Tz10JmWorldSel5SetupEv	high	1	0		Tz::JmWorldSel::Setup() [DWARF: static -- no implicit `this`, do NOT add a leading self/object-pointer argument]	C:/hd25/kingdom2/tozawa/jm_worldsel.cpp
00294998	_ZN2Tz10JmWorldSel17AdjustSelectorPosEv	med	1	0		Tz::JmWorldSel::AdjustSelectorPos() [DWARF: static -- no implicit `this`, do NOT add a leading self/object-pointer argument]	C:/hd25/kingdom2/tozawa/jm_worldsel.cpp
00294b80	_ZN2Tz10JmWorldSel7ControlEv	med	1	0		Tz::JmWorldSel::Control() [DWARF: static -- no implicit `this`, do NOT add a leading self/object-pointer argument]	C:/hd25/kingdom2/tozawa/jm_worldsel.cpp
00294e48	_ZN2Tz10JmWorldSel9FileAllocEv	high	1	0		Tz::JmWorldSel::FileAlloc() [DWARF: static -- no implicit `this`, do NOT add a leading self/object-pointer argument]	C:/hd25/kingdom2/tozawa/jm_worldsel.cpp
00294ea8	_ZN2Tz10JmWorldSel8LeaveAllEv	sim-med	1	0		Tz::JmWorldSel::LeaveAll() [DWARF: static -- no implicit `this`, do NOT add a leading self/object-pointer argument]	C:/hd25/kingdom2/tozawa/jm_worldsel.cpp
00294f78	_ZN2Tz10JmWorldSel9CreateGraEb	med	1	1		Tz::JmWorldSel::CreateGra(bool) [DWARF: static -- no implicit `this`, do NOT add a leading self/object-pointer argument]	C:/hd25/kingdom2/tozawa/jm_worldsel.cpp
00295158	_ZN2Tz10JmWorldSel10GetCur2IdxEi	high	1	1	int	Tz::JmWorldSel::GetCur2Idx(int) [DWARF: static -- no implicit `this`, do NOT add a leading self/object-pointer argument]	C:/hd25/kingdom2/tozawa/jm_worldsel.cpp
00295270	_ZN2Tz10JmWorldSel15UpdateWorldNameEv	sim-med	1	0		Tz::JmWorldSel::UpdateWorldName() [DWARF: static -- no implicit `this`, do NOT add a leading self/object-pointer argument]	C:/hd25/kingdom2/tozawa/jm_worldsel.cpp
002952f8	_ZN2Tz10JmWorldSel12GetId2CurPosEi	med	1	1	int	Tz::JmWorldSel::GetId2CurPos(int) [DWARF: static -- no implicit `this`, do NOT add a leading self/object-pointer argument]	C:/hd25/kingdom2/tozawa/jm_worldsel.cpp
002953c8	_ZN2Tz10JmWorldSel10GetId2InfoEi	high	1	1	const Tz::JmWorldDataInfo *	Tz::JmWorldSel::GetId2Info(int) [DWARF: static -- no implicit `this`, do NOT add a leading self/object-pointer argument]	C:/hd25/kingdom2/tozawa/jm_worldsel.cpp
00295430	_ZN2Tz10JmWorldSel15GetId2WorldNameEib	high	1	2	int	Tz::JmWorldSel::GetId2WorldName(int, bool) [DWARF: static -- no implicit `this`, do NOT add a leading self/object-pointer argument]	C:/hd25/kingdom2/tozawa/jm_worldsel.cpp
002955a8	_ZN2Tz10JmWorldSel10DrawUpdateEPNS_6SelectEii	sim-high	1	3		Tz::JmWorldSel::DrawUpdate(Tz::Select *, int, int) [DWARF: static -- no implicit `this`, do NOT add a leading self/object-pointer argument]	C:/hd25/kingdom2/tozawa/jm_worldsel.cpp
00295860	_ZN2Tz8JmReport10FadeOutAllEv	med	1	0		Tz::JmReport::FadeOutAll() [DWARF: static -- no implicit `this`, do NOT add a leading self/object-pointer argument]	C:/hd25/kingdom2/tozawa/jm_report.cpp
002958b0	_ZN2Tz8JmReport5SetupEv	high	1	0		Tz::JmReport::Setup() [DWARF: static -- no implicit `this`, do NOT add a leading self/object-pointer argument]	C:/hd25/kingdom2/tozawa/jm_report.cpp
00295d28	_ZN2Tz8JmReport12SetupSelMessEv	med	1	0		Tz::JmReport::SetupSelMess() [DWARF: static -- no implicit `this`, do NOT add a leading self/object-pointer argument]	C:/hd25/kingdom2/tozawa/jm_report.cpp
00296168	_ZN2Tz8JmReport7ControlEv	med	1	0		Tz::JmReport::Control() [DWARF: static -- no implicit `this`, do NOT add a leading self/object-pointer argument]	C:/hd25/kingdom2/tozawa/jm_report.cpp
00296588	_ZN2Tz8JmReport10SetupRoxasEv	med	1	0		Tz::JmReport::SetupRoxas() [DWARF: static -- no implicit `this`, do NOT add a leading self/object-pointer argument]	C:/hd25/kingdom2/tozawa/jm_report.cpp
002968d8	_ZN2Tz8JmReport12ControlRoxasEv	sim-high	1	0		Tz::JmReport::ControlRoxas() [DWARF: static -- no implicit `this`, do NOT add a leading self/object-pointer argument]	C:/hd25/kingdom2/tozawa/jm_report.cpp
002969e0	_ZN2Tz8JmReport9FileAllocEv	med	1	0		Tz::JmReport::FileAlloc() [DWARF: static -- no implicit `this`, do NOT add a leading self/object-pointer argument]	C:/hd25/kingdom2/tozawa/jm_report.cpp
00296ab0	_ZN2Tz8JmReport8LeaveAllEv	sim-high	1	0		Tz::JmReport::LeaveAll() [DWARF: static -- no implicit `this`, do NOT add a leading self/object-pointer argument]	C:/hd25/kingdom2/tozawa/jm_report.cpp
00296b80	_ZN2Tz8JmReport9CreateGraEb	high	1	1		Tz::JmReport::CreateGra(bool) [DWARF: static -- no implicit `this`, do NOT add a leading self/object-pointer argument]	C:/hd25/kingdom2/tozawa/jm_report.cpp
00296da8	_ZN2Tz8JmReport13PadSel2SelNumEi	high	1	1	int	Tz::JmReport::PadSel2SelNum(int) [DWARF: static -- no implicit `this`, do NOT add a leading self/object-pointer argument]	C:/hd25/kingdom2/tozawa/jm_report.cpp
00296f70	_ZN2Tz8JmReport8SelCheckEi	med	1	1	bool	Tz::JmReport::SelCheck(int) [DWARF: static -- no implicit `this`, do NOT add a leading self/object-pointer argument]	C:/hd25/kingdom2/tozawa/jm_report.cpp
00296fd0	_ZN2Tz7JmStory4ExitEv	sim-med	1	0		Tz::JmStory::Exit() [DWARF: static -- no implicit `this`, do NOT add a leading self/object-pointer argument]	C:/hd25/kingdom2/tozawa/jm_story.cpp
00297008	_ZN2Tz7JmStory10FadeOutAllEv	med	1	0		Tz::JmStory::FadeOutAll() [DWARF: static -- no implicit `this`, do NOT add a leading self/object-pointer argument]	C:/hd25/kingdom2/tozawa/jm_story.cpp
00297050	_ZN2Tz7JmStory5SetupEv	med	1	0		Tz::JmStory::Setup() [DWARF: static -- no implicit `this`, do NOT add a leading self/object-pointer argument]	C:/hd25/kingdom2/tozawa/jm_story.cpp
00297478	_ZN2Tz7JmStory12GetStoryInfoEv	med	1	0		Tz::JmStory::GetStoryInfo() [DWARF: static -- no implicit `this`, do NOT add a leading self/object-pointer argument]	C:/hd25/kingdom2/tozawa/jm_story.cpp
00297630	_ZN2Tz7JmStory7ControlEv	med	1	0		Tz::JmStory::Control() [DWARF: static -- no implicit `this`, do NOT add a leading self/object-pointer argument]	C:/hd25/kingdom2/tozawa/jm_story.cpp
00297878	_ZN2Tz7JmStory10DrawUpdateEPNS_6SelectEii	med	1	3		Tz::JmStory::DrawUpdate(Tz::Select *, int, int) [DWARF: static -- no implicit `this`, do NOT add a leading self/object-pointer argument]	C:/hd25/kingdom2/tozawa/jm_story.cpp
002978f0	_ZN2Tz7JmStory8DrawMessEiijjPN2dk13SpriteMessageE	high	1	5		Tz::JmStory::DrawMess(int, int, u_int, u_int, dk::SpriteMessage *) [DWARF: static -- no implicit `this`, do NOT add a leading self/object-pointer argument]	C:/hd25/kingdom2/tozawa/jm_story.cpp
00297b30	_ZN2Tz7JmStory13UpdateNewMarkEv	high	1	0		Tz::JmStory::UpdateNewMark() [DWARF: static -- no implicit `this`, do NOT add a leading self/object-pointer argument]	C:/hd25/kingdom2/tozawa/jm_story.cpp
00297cf8	_ZN2Tz7JmAlbum4InitEv	sim-high	1	0		Tz::JmAlbum::Init() [DWARF: static -- no implicit `this`, do NOT add a leading self/object-pointer argument]	C:/hd25/kingdom2/tozawa/jm_album.cpp
00297d78	_ZN2Tz7JmAlbum4ExitEv	sim-sandwich	1	0		Tz::JmAlbum::Exit() [DWARF: static -- no implicit `this`, do NOT add a leading self/object-pointer argument]	C:/hd25/kingdom2/tozawa/jm_album.cpp
00297df8	_ZN2Tz7JmAlbum10FadeOutAllEv	med	1	0		Tz::JmAlbum::FadeOutAll() [DWARF: static -- no implicit `this`, do NOT add a leading self/object-pointer argument]	C:/hd25/kingdom2/tozawa/jm_album.cpp
00297e00	_ZN2Tz7JmAlbum8LeaveAllEi	high	1	1		Tz::JmAlbum::LeaveAll(int) [DWARF: static -- no implicit `this`, do NOT add a leading self/object-pointer argument]	C:/hd25/kingdom2/tozawa/jm_album.cpp
00297e68	_ZN2Tz7JmAlbum5SetupEv	med	1	0		Tz::JmAlbum::Setup() [DWARF: static -- no implicit `this`, do NOT add a leading self/object-pointer argument]	C:/hd25/kingdom2/tozawa/jm_album.cpp
00298410	_ZN2Tz7JmAlbum7ControlEv	high	1	0		Tz::JmAlbum::Control() [DWARF: static -- no implicit `this`, do NOT add a leading self/object-pointer argument]	C:/hd25/kingdom2/tozawa/jm_album.cpp
002986e0	_ZN2Tz7JmAlbum10PhotoSetupEv	med	1	0		Tz::JmAlbum::PhotoSetup() [DWARF: static -- no implicit `this`, do NOT add a leading self/object-pointer argument]	C:/hd25/kingdom2/tozawa/jm_album.cpp
00298988	_ZN2Tz7JmAlbum12PhotoControlEv	high	1	0		Tz::JmAlbum::PhotoControl() [DWARF: static -- no implicit `this`, do NOT add a leading self/object-pointer argument]	C:/hd25/kingdom2/tozawa/jm_album.cpp
00298c60	_ZN2Tz7JmAlbum8MovePageEi	sim-high	1	1		Tz::JmAlbum::MovePage(int) [DWARF: static -- no implicit `this`, do NOT add a leading self/object-pointer argument]	C:/hd25/kingdom2/tozawa/jm_album.cpp
00298e20	_ZN2Tz7JmAlbum10DrawUpdateEPNS_6SelectEii	sim-med	1	3		Tz::JmAlbum::DrawUpdate(Tz::Select *, int, int) [DWARF: static -- no implicit `this`, do NOT add a leading self/object-pointer argument]	C:/hd25/kingdom2/tozawa/jm_album.cpp
00298e48	_ZN2Tz7JmAlbum10UpdateMessEv	high	1	0		Tz::JmAlbum::UpdateMess() [DWARF: static -- no implicit `this`, do NOT add a leading self/object-pointer argument]	C:/hd25/kingdom2/tozawa/jm_album.cpp
00298ee0	_ZN2Tz7JmAlbum9FileAllocEv	high	1	0		Tz::JmAlbum::FileAlloc() [DWARF: static -- no implicit `this`, do NOT add a leading self/object-pointer argument]	C:/hd25/kingdom2/tozawa/jm_album.cpp
00299090	_ZN2Tz7JmAlbum9UpdateGraEv	med	1	0		Tz::JmAlbum::UpdateGra() [DWARF: static -- no implicit `this`, do NOT add a leading self/object-pointer argument]	C:/hd25/kingdom2/tozawa/jm_album.cpp
00299290	_ZN2Tz7JmAlbum13UpdateNewMarkEv	med	1	0		Tz::JmAlbum::UpdateNewMark() [DWARF: static -- no implicit `this`, do NOT add a leading self/object-pointer argument]	C:/hd25/kingdom2/tozawa/jm_album.cpp
00299458	_ZN2Tz7JmAlbum8SelCheckEi	sim-med	1	1	bool	Tz::JmAlbum::SelCheck(int) [DWARF: static -- no implicit `this`, do NOT add a leading self/object-pointer argument]	C:/hd25/kingdom2/tozawa/jm_album.cpp
002994f8	_ZN2Tz12JmCollection4InitEv	sim-high	1	0		Tz::JmCollection::Init() [DWARF: static -- no implicit `this`, do NOT add a leading self/object-pointer argument]	C:/hd25/kingdom2/tozawa/jm_collection.cpp
00299550	_ZN2Tz12JmCollection4ExitEv	sim-sandwich	1	0		Tz::JmCollection::Exit() [DWARF: static -- no implicit `this`, do NOT add a leading self/object-pointer argument]	C:/hd25/kingdom2/tozawa/jm_collection.cpp
002995a0	_ZN2Tz12JmCollection10FadeOutAllEv	med	1	0		Tz::JmCollection::FadeOutAll() [DWARF: static -- no implicit `this`, do NOT add a leading self/object-pointer argument]	C:/hd25/kingdom2/tozawa/jm_collection.cpp
002995a8	_ZN2Tz12JmCollection8LeaveAllEv	sim-high	1	0		Tz::JmCollection::LeaveAll() [DWARF: static -- no implicit `this`, do NOT add a leading self/object-pointer argument]	C:/hd25/kingdom2/tozawa/jm_collection.cpp
002995e8	_ZN2Tz12JmCollection5SetupEv	med	1	0		Tz::JmCollection::Setup() [DWARF: static -- no implicit `this`, do NOT add a leading self/object-pointer argument]	C:/hd25/kingdom2/tozawa/jm_collection.cpp
00299920	_ZN2Tz12JmCollection12SetupSelMessEv	high	1	0		Tz::JmCollection::SetupSelMess() [DWARF: static -- no implicit `this`, do NOT add a leading self/object-pointer argument]	C:/hd25/kingdom2/tozawa/jm_collection.cpp
00299e70	_ZN2Tz12JmCollection7ControlEv	med	1	0		Tz::JmCollection::Control() [DWARF: static -- no implicit `this`, do NOT add a leading self/object-pointer argument]	C:/hd25/kingdom2/tozawa/jm_collection.cpp
0029a3e0	_ZN2Tz12JmCollection9CreateGraEb	high	1	1		Tz::JmCollection::CreateGra(bool) [DWARF: static -- no implicit `this`, do NOT add a leading self/object-pointer argument]	C:/hd25/kingdom2/tozawa/jm_collection.cpp
0029a5f0	_ZN2Tz12JmCollection10Cur2SelNumEi	high	1	1	int	Tz::JmCollection::Cur2SelNum(int) [DWARF: static -- no implicit `this`, do NOT add a leading self/object-pointer argument]	C:/hd25/kingdom2/tozawa/jm_collection.cpp
0029a780	_ZN2Tz12JmCollection8SelCheckEi	high	1	1	bool	Tz::JmCollection::SelCheck(int) [DWARF: static -- no implicit `this`, do NOT add a leading self/object-pointer argument]	C:/hd25/kingdom2/tozawa/jm_collection.cpp
0029a820	_ZN2Tz10JmMiniGame4InitEv	sim-med	1	0		Tz::JmMiniGame::Init() [DWARF: static -- no implicit `this`, do NOT add a leading self/object-pointer argument]	C:/hd25/kingdom2/tozawa/jm_minigame.cpp
0029a8e0	_ZN2Tz5JmDic4ExitEv	sim-med	1	0		Tz::JmDic::Exit() [DWARF: static -- no implicit `this`, do NOT add a leading self/object-pointer argument]	C:/hd25/kingdom2/tozawa/jm_dic.cpp
0029aac0	_ZN2Tz5JmDic8LeaveAllEi	med	1	1		Tz::JmDic::LeaveAll(int) [DWARF: static -- no implicit `this`, do NOT add a leading self/object-pointer argument]	C:/hd25/kingdom2/tozawa/jm_dic.cpp
0029ae40	_ZN2Tz5JmDic5SetupEv	high	1	0		Tz::JmDic::Setup() [DWARF: static -- no implicit `this`, do NOT add a leading self/object-pointer argument]	C:/hd25/kingdom2/tozawa/jm_dic.cpp
0029af20	_ZN2Tz5JmDic13SetupWorldSelEv	med	1	0		Tz::JmDic::SetupWorldSel() [DWARF: static -- no implicit `this`, do NOT add a leading self/object-pointer argument]	C:/hd25/kingdom2/tozawa/jm_dic.cpp
0029b378	_ZN2Tz5JmDic12CtrlWorldSelEv	med	1	0		Tz::JmDic::CtrlWorldSel() [DWARF: static -- no implicit `this`, do NOT add a leading self/object-pointer argument]	C:/hd25/kingdom2/tozawa/jm_dic.cpp
0029b698	_ZN2Tz5JmDic13SetupCharaSelEv	med	1	0		Tz::JmDic::SetupCharaSel() [DWARF: static -- no implicit `this`, do NOT add a leading self/object-pointer argument]	C:/hd25/kingdom2/tozawa/jm_dic.cpp
0029ba88	_ZN2Tz5JmDic12CtrlCharaSelEv	high	1	0		Tz::JmDic::CtrlCharaSel() [DWARF: static -- no implicit `this`, do NOT add a leading self/object-pointer argument]	C:/hd25/kingdom2/tozawa/jm_dic.cpp
0029c098	_ZN2Tz5JmDic13CtrlCharaInfoEv	med	1	0		Tz::JmDic::CtrlCharaInfo() [DWARF: static -- no implicit `this`, do NOT add a leading self/object-pointer argument]	C:/hd25/kingdom2/tozawa/jm_dic.cpp
0029c5c8	_ZN2Tz5JmDic8CtrlZoomEv	med	1	0		Tz::JmDic::CtrlZoom() [DWARF: static -- no implicit `this`, do NOT add a leading self/object-pointer argument]	C:/hd25/kingdom2/tozawa/jm_dic.cpp
0029c880	_ZN2Tz5JmDic21SetupDiagramCharaInfoEPKNS_9JmDiagram4InfoEi	high	1	2		Tz::JmDic::SetupDiagramCharaInfo(const Tz::JmDiagram::Info *, int) [DWARF: static -- no implicit `this`, do NOT add a leading self/object-pointer argument]	C:/hd25/kingdom2/tozawa/jm_dic.cpp
0029c9d8	_ZN2Tz5JmDic12GetCur2WorldEi	high	1	1	int	Tz::JmDic::GetCur2World(int) [DWARF: static -- no implicit `this`, do NOT add a leading self/object-pointer argument]	C:/hd25/kingdom2/tozawa/jm_dic.cpp
0029ca50	_ZN2Tz5JmDic11GetCharaIdxEv	high	1	0		Tz::JmDic::GetCharaIdx() [DWARF: static -- no implicit `this`, do NOT add a leading self/object-pointer argument]	C:/hd25/kingdom2/tozawa/jm_dic.cpp
0029cb28	_ZN2Tz5JmDic8MovePageEi	med	1	1		Tz::JmDic::MovePage(int) [DWARF: static -- no implicit `this`, do NOT add a leading self/object-pointer argument]	C:/hd25/kingdom2/tozawa/jm_dic.cpp
0029cdd0	_ZN2Tz5JmDic10DrawUpdateEPNS_6SelectEii	med	1	3		Tz::JmDic::DrawUpdate(Tz::Select *, int, int) [DWARF: static -- no implicit `this`, do NOT add a leading self/object-pointer argument]	C:/hd25/kingdom2/tozawa/jm_dic.cpp
0029cdf8	_ZN2Tz5JmDic14UpdateWorldSelEv	med	1	0		Tz::JmDic::UpdateWorldSel() [DWARF: static -- no implicit `this`, do NOT add a leading self/object-pointer argument]	C:/hd25/kingdom2/tozawa/jm_dic.cpp
0029d008	_ZN2Tz5JmDic14UpdateCharaSelEv	med	1	0		Tz::JmDic::UpdateCharaSel() [DWARF: static -- no implicit `this`, do NOT add a leading self/object-pointer argument]	C:/hd25/kingdom2/tozawa/jm_dic.cpp
0029d318	_ZN2Tz5JmDic15CreateCharaInfoEv	med	1	0		Tz::JmDic::CreateCharaInfo() [DWARF: static -- no implicit `this`, do NOT add a leading self/object-pointer argument]	C:/hd25/kingdom2/tozawa/jm_dic.cpp
0029daa0	_ZN2Tz5JmDic13ChkScrollMarkEv	med	1	0		Tz::JmDic::ChkScrollMark() [DWARF: static -- no implicit `this`, do NOT add a leading self/object-pointer argument]	C:/hd25/kingdom2/tozawa/jm_dic.cpp
0029dba0	_ZN2Tz5JmDic8DrawMessEiijjPN2dk13SpriteMessageE	sim-high	1	5		Tz::JmDic::DrawMess(int, int, u_int, u_int, dk::SpriteMessage *) [DWARF: static -- no implicit `this`, do NOT add a leading self/object-pointer argument]	C:/hd25/kingdom2/tozawa/jm_dic.cpp
0029dda8	_ZN2Tz5JmDic10ChkGraLoadEv	med	1	0		Tz::JmDic::ChkGraLoad() [DWARF: static -- no implicit `this`, do NOT add a leading self/object-pointer argument]	C:/hd25/kingdom2/tozawa/jm_dic.cpp
0029de18	_ZN2Tz5JmDic9UpdateGraEv	med	1	0		Tz::JmDic::UpdateGra() [DWARF: static -- no implicit `this`, do NOT add a leading self/object-pointer argument]	C:/hd25/kingdom2/tozawa/jm_dic.cpp
0029e170	_ZN2Tz5JmDic15CreateCharaBaseEi	med	1	1		Tz::JmDic::CreateCharaBase(int) [DWARF: static -- no implicit `this`, do NOT add a leading self/object-pointer argument]	C:/hd25/kingdom2/tozawa/jm_dic.cpp
0029e430	_ZN2Tz5JmDic13CrearCharaObjEv	med	1	0		Tz::JmDic::CrearCharaObj() [DWARF: static -- no implicit `this`, do NOT add a leading self/object-pointer argument]	C:/hd25/kingdom2/tozawa/jm_dic.cpp
0029e4c8	_ZN2Tz5JmDic14CreateCharaObjEi	med	1	1		Tz::JmDic::CreateCharaObj(int) [DWARF: static -- no implicit `this`, do NOT add a leading self/object-pointer argument]	C:/hd25/kingdom2/tozawa/jm_dic.cpp
0029e808	_ZN2Tz5JmDic8ZoomYrotEi	med	1	1		Tz::JmDic::ZoomYrot(int) [DWARF: static -- no implicit `this`, do NOT add a leading self/object-pointer argument]	C:/hd25/kingdom2/tozawa/jm_dic.cpp
0029ea30	_ZN2Tz5JmDic14UpdateHelpMessEv	high	1	0		Tz::JmDic::UpdateHelpMess() [DWARF: static -- no implicit `this`, do NOT add a leading self/object-pointer argument]	C:/hd25/kingdom2/tozawa/jm_dic.cpp
0029eaa8	_ZN2Tz5JmDic13UpdateNewMarkEv	high	1	0		Tz::JmDic::UpdateNewMark() [DWARF: static -- no implicit `this`, do NOT add a leading self/object-pointer argument]	C:/hd25/kingdom2/tozawa/jm_dic.cpp
0029ecf0	_ZN2Tz5JmDic8SelCheckEi	med	1	1	bool	Tz::JmDic::SelCheck(int) [DWARF: static -- no implicit `this`, do NOT add a leading self/object-pointer argument]	C:/hd25/kingdom2/tozawa/jm_dic.cpp
0029edb8	_ZN2Tz7JmAnsem4InitEv	sim-high	1	0		Tz::JmAnsem::Init() [DWARF: static -- no implicit `this`, do NOT add a leading self/object-pointer argument]	C:/hd25/kingdom2/tozawa/jm_ansem.cpp
0029edf8	_ZN2Tz7JmAnsem4ExitEv	sim-med	1	0		Tz::JmAnsem::Exit() [DWARF: static -- no implicit `this`, do NOT add a leading self/object-pointer argument]	C:/hd25/kingdom2/tozawa/jm_ansem.cpp
0029ee30	_ZN2Tz7JmAnsem10FadeOutAllEv	med	1	0		Tz::JmAnsem::FadeOutAll() [DWARF: static -- no implicit `this`, do NOT add a leading self/object-pointer argument]	C:/hd25/kingdom2/tozawa/jm_ansem.cpp
0029ee38	_ZN2Tz7JmAnsem8LeaveAllEv	high	1	0		Tz::JmAnsem::LeaveAll() [DWARF: static -- no implicit `this`, do NOT add a leading self/object-pointer argument]	C:/hd25/kingdom2/tozawa/jm_ansem.cpp
0029ee68	_ZN2Tz7JmAnsem8SetupTopEv	high	1	0		Tz::JmAnsem::SetupTop() [DWARF: static -- no implicit `this`, do NOT add a leading self/object-pointer argument]	C:/hd25/kingdom2/tozawa/jm_ansem.cpp
0029f220	_ZN2Tz7JmAnsem7CtrlTopEv	high	1	0		Tz::JmAnsem::CtrlTop() [DWARF: static -- no implicit `this`, do NOT add a leading self/object-pointer argument]	C:/hd25/kingdom2/tozawa/jm_ansem.cpp
0029f520	_ZN2Tz7JmAnsem9SetupInfoEv	med	1	0		Tz::JmAnsem::SetupInfo() [DWARF: static -- no implicit `this`, do NOT add a leading self/object-pointer argument]	C:/hd25/kingdom2/tozawa/jm_ansem.cpp
0029f938	_ZN2Tz7JmAnsem8CtrlInfoEv	high	1	0		Tz::JmAnsem::CtrlInfo() [DWARF: static -- no implicit `this`, do NOT add a leading self/object-pointer argument]	C:/hd25/kingdom2/tozawa/jm_ansem.cpp
0029fbf0	_ZN2Tz7JmAnsem13GetHaveReportEv	high	1	0		Tz::JmAnsem::GetHaveReport() [DWARF: static -- no implicit `this`, do NOT add a leading self/object-pointer argument]	C:/hd25/kingdom2/tozawa/jm_ansem.cpp
0029fcb0	_ZN2Tz7JmAnsem13UpdateTopListEv	med	1	0		Tz::JmAnsem::UpdateTopList() [DWARF: static -- no implicit `this`, do NOT add a leading self/object-pointer argument]	C:/hd25/kingdom2/tozawa/jm_ansem.cpp
0029fee8	_ZN2Tz7JmAnsem8MovePageEi	med	1	1		Tz::JmAnsem::MovePage(int) [DWARF: static -- no implicit `this`, do NOT add a leading self/object-pointer argument]	C:/hd25/kingdom2/tozawa/jm_ansem.cpp
002a0168	_ZN2Tz7JmAnsem10DrawUpdateEPNS_6SelectEii	med	1	3		Tz::JmAnsem::DrawUpdate(Tz::Select *, int, int) [DWARF: static -- no implicit `this`, do NOT add a leading self/object-pointer argument]	C:/hd25/kingdom2/tozawa/jm_ansem.cpp
002a0200	_ZN2Tz7JmAnsem8DrawMessEiijjPN2dk13SpriteMessageE	sim-high	1	5		Tz::JmAnsem::DrawMess(int, int, u_int, u_int, dk::SpriteMessage *) [DWARF: static -- no implicit `this`, do NOT add a leading self/object-pointer argument]	C:/hd25/kingdom2/tozawa/jm_ansem.cpp
002a0360	_ZN2Tz7JmAnsem19isEnableAnsemReportEv	med	1	0	bool	Tz::JmAnsem::isEnableAnsemReport() [DWARF: static -- no implicit `this`, do NOT add a leading self/object-pointer argument]	C:/hd25/kingdom2/tozawa/jm_ansem.cpp
002a03d0	_ZN2Tz7JmAnsem13UpdateNewMarkEv	high	1	0		Tz::JmAnsem::UpdateNewMark() [DWARF: static -- no implicit `this`, do NOT add a leading self/object-pointer argument]	C:/hd25/kingdom2/tozawa/jm_ansem.cpp
002a0588	_ZN2Tz9JmDiagram4InitEv	high	1	0		Tz::JmDiagram::Init() [DWARF: static -- no implicit `this`, do NOT add a leading self/object-pointer argument]	C:/hd25/kingdom2/tozawa/jm_diagram.cpp
002a06b8	_ZN2Tz9JmDiagram4ExitEv	sim-high	1	0		Tz::JmDiagram::Exit() [DWARF: static -- no implicit `this`, do NOT add a leading self/object-pointer argument]	C:/hd25/kingdom2/tozawa/jm_diagram.cpp
002a07f0	_ZN2Tz9JmDiagram8LeaveAllEi	sim-med	1	1		Tz::JmDiagram::LeaveAll(int) [DWARF: static -- no implicit `this`, do NOT add a leading self/object-pointer argument]	C:/hd25/kingdom2/tozawa/jm_diagram.cpp
002a0860	_ZN2Tz5JmDic11LeaveDicSeqEv	sim-high	1	0		Tz::JmDic::LeaveDicSeq() [DWARF: static -- no implicit `this`, do NOT add a leading self/object-pointer argument]	C:/hd25/kingdom2/tozawa/jm_dic.cpp
002a0908	_ZN2Tz9JmDiagram5SetupEi	med	1	1		Tz::JmDiagram::Setup(int) [DWARF: static -- no implicit `this`, do NOT add a leading self/object-pointer argument]	C:/hd25/kingdom2/tozawa/jm_diagram.cpp
002a0cb8	_ZN2Tz9JmDiagram7CtrlSelEv	med	1	0		Tz::JmDiagram::CtrlSel() [DWARF: static -- no implicit `this`, do NOT add a leading self/object-pointer argument]	C:/hd25/kingdom2/tozawa/jm_diagram.cpp
002a10e0	_ZN2Tz9JmDiagram12CreateCursorEv	med	1	0		Tz::JmDiagram::CreateCursor() [DWARF: static -- no implicit `this`, do NOT add a leading self/object-pointer argument]	C:/hd25/kingdom2/tozawa/jm_diagram.cpp
002a1220	_ZN2Tz9JmDiagram12CreateActiveEv	high	1	0		Tz::JmDiagram::CreateActive() [DWARF: static -- no implicit `this`, do NOT add a leading self/object-pointer argument]	C:/hd25/kingdom2/tozawa/jm_diagram.cpp
002a13e0	_ZN2Tz9JmDiagram10MoveCursorEPN2YS3PADE	med	1	1		Tz::JmDiagram::MoveCursor(YS::PAD *) [DWARF: static -- no implicit `this`, do NOT add a leading self/object-pointer argument]	C:/hd25/kingdom2/tozawa/jm_diagram.cpp
002a16b8	_ZN2Tz9JmDiagram10CalcSelIdxEv	high	1	0		Tz::JmDiagram::CalcSelIdx() [DWARF: static -- no implicit `this`, do NOT add a leading self/object-pointer argument]	C:/hd25/kingdom2/tozawa/jm_diagram.cpp
002a17e8	_ZN2Tz9JmDiagram12SetCharaNameEv	sim-high	1	0		Tz::JmDiagram::SetCharaName() [DWARF: static -- no implicit `this`, do NOT add a leading self/object-pointer argument]	C:/hd25/kingdom2/tozawa/jm_diagram.cpp
002a18d0	_ZN2Tz9JmDiagram11GetCharaIdxEii	high	1	2		Tz::JmDiagram::GetCharaIdx(int, int) [DWARF: static -- no implicit `this`, do NOT add a leading self/object-pointer argument]	C:/hd25/kingdom2/tozawa/jm_diagram.cpp
002a1b18	_ZN2Tz9JmDiagram10GetNewInfoEii	high	1	2	int	Tz::JmDiagram::GetNewInfo(int, int) [DWARF: static -- no implicit `this`, do NOT add a leading self/object-pointer argument]	C:/hd25/kingdom2/tozawa/jm_diagram.cpp
002a1d38	_ZN2Tz9JmDiagram9UpdateGraEv	high	1	0		Tz::JmDiagram::UpdateGra() [DWARF: static -- no implicit `this`, do NOT add a leading self/object-pointer argument]	C:/hd25/kingdom2/tozawa/jm_diagram.cpp
002a1f88	_ZN2Tz10JmTreasure4InitEv	sim-high	1	0		Tz::JmTreasure::Init() [DWARF: static -- no implicit `this`, do NOT add a leading self/object-pointer argument]	C:/hd25/kingdom2/tozawa/jm_treasure.cpp
002a2010	_ZN2Tz10JmTreasure4ExitEv	sim-sandwich	1	0		Tz::JmTreasure::Exit() [DWARF: static -- no implicit `this`, do NOT add a leading self/object-pointer argument]	C:/hd25/kingdom2/tozawa/jm_treasure.cpp
002a2148	_ZN2Tz10JmTreasure10FadeOutAllEv	med	1	0		Tz::JmTreasure::FadeOutAll() [DWARF: static -- no implicit `this`, do NOT add a leading self/object-pointer argument]	C:/hd25/kingdom2/tozawa/jm_treasure.cpp
002a21b0	_ZN2Tz10JmTreasure5SetupEv	high	1	0		Tz::JmTreasure::Setup() [DWARF: static -- no implicit `this`, do NOT add a leading self/object-pointer argument]	C:/hd25/kingdom2/tozawa/jm_treasure.cpp
002a23a0	_ZN2Tz10JmTreasure7ControlEv	sim-high	1	0		Tz::JmTreasure::Control() [DWARF: static -- no implicit `this`, do NOT add a leading self/object-pointer argument]	C:/hd25/kingdom2/tozawa/jm_treasure.cpp
002a2600	_ZN2Tz10JmTreasure14SetupPieceInfoEv	high	1	0		Tz::JmTreasure::SetupPieceInfo() [DWARF: static -- no implicit `this`, do NOT add a leading self/object-pointer argument]	C:/hd25/kingdom2/tozawa/jm_treasure.cpp
002a2818	_ZN2Tz10JmTreasure13CtrlPieceInfoEv	sim-high	1	0		Tz::JmTreasure::CtrlPieceInfo() [DWARF: static -- no implicit `this`, do NOT add a leading self/object-pointer argument]	C:/hd25/kingdom2/tozawa/jm_treasure.cpp
002a2a80	_ZN2Tz10JmTreasure15GetTreasureListEv	med	1	0		Tz::JmTreasure::GetTreasureList() [DWARF: static -- no implicit `this`, do NOT add a leading self/object-pointer argument]	C:/hd25/kingdom2/tozawa/jm_treasure.cpp
002a2c40	_ZN2Tz10JmTreasure11GetNaviListEv	med	1	0		Tz::JmTreasure::GetNaviList() [DWARF: static -- no implicit `this`, do NOT add a leading self/object-pointer argument]	C:/hd25/kingdom2/tozawa/jm_treasure.cpp
002a2de8	_ZN2Tz10JmTreasure12GetPieceListEv	med	1	0		Tz::JmTreasure::GetPieceList() [DWARF: static -- no implicit `this`, do NOT add a leading self/object-pointer argument]	C:/hd25/kingdom2/tozawa/jm_treasure.cpp
002a2ff8	_ZN2Tz10JmTreasure8SortListEv	high	1	0		Tz::JmTreasure::SortList() [DWARF: static -- no implicit `this`, do NOT add a leading self/object-pointer argument]	C:/hd25/kingdom2/tozawa/jm_treasure.cpp
002a3318	_ZN2Tz10JmTreasure10UpdateListEv	med	1	0		Tz::JmTreasure::UpdateList() [DWARF: static -- no implicit `this`, do NOT add a leading self/object-pointer argument]	C:/hd25/kingdom2/tozawa/jm_treasure.cpp
002a3648	_ZN2Tz10JmTreasure13UpdateGraListEv	med	1	0		Tz::JmTreasure::UpdateGraList() [DWARF: static -- no implicit `this`, do NOT add a leading self/object-pointer argument]	C:/hd25/kingdom2/tozawa/jm_treasure.cpp
002a3950	_ZN2Tz10JmTreasure14UpdateItemMessEv	med	1	0		Tz::JmTreasure::UpdateItemMess() [DWARF: static -- no implicit `this`, do NOT add a leading self/object-pointer argument]	C:/hd25/kingdom2/tozawa/jm_treasure.cpp
002a3aa8	_ZN2Tz10JmTreasure13UpdateNewMarkEv	high	1	0		Tz::JmTreasure::UpdateNewMark() [DWARF: static -- no implicit `this`, do NOT add a leading self/object-pointer argument]	C:/hd25/kingdom2/tozawa/jm_treasure.cpp
002a3ba8	_ZN2Tz10JmTreasure10CreateListEv	med	1	0		Tz::JmTreasure::CreateList() [DWARF: static -- no implicit `this`, do NOT add a leading self/object-pointer argument]	C:/hd25/kingdom2/tozawa/jm_treasure.cpp
002a40c8	_ZN2Tz10JmTreasure11isExistListEv	sim-sandwich	1	0	bool	Tz::JmTreasure::isExistList() [DWARF: static -- no implicit `this`, do NOT add a leading self/object-pointer argument]	C:/hd25/kingdom2/tozawa/jm_treasure.cpp
002a41f0	_ZN2Tz10JmTreasure9LeaveListEv	sim-high	1	0		Tz::JmTreasure::LeaveList() [DWARF: static -- no implicit `this`, do NOT add a leading self/object-pointer argument]	C:/hd25/kingdom2/tozawa/jm_treasure.cpp
002a4380	_ZN2Tz10JmTreasure19isNoneTreasureWorldEi	med	1	1	bool	Tz::JmTreasure::isNoneTreasureWorld(int) [DWARF: static -- no implicit `this`, do NOT add a leading self/object-pointer argument]	C:/hd25/kingdom2/tozawa/jm_treasure.cpp
002a4470	_ZN2Tz10JmTreasure12CreateCursorEv	med	1	0		Tz::JmTreasure::CreateCursor() [DWARF: static -- no implicit `this`, do NOT add a leading self/object-pointer argument]	C:/hd25/kingdom2/tozawa/jm_treasure.cpp
002a4620	_ZN2Tz10JmTreasure10MoveCurcorEPN2YS3PADE	med	1	1		Tz::JmTreasure::MoveCurcor(YS::PAD *) [DWARF: static -- no implicit `this`, do NOT add a leading self/object-pointer argument]	C:/hd25/kingdom2/tozawa/jm_treasure.cpp
002a4990	_ZN2Tz10JmTreasure11Cur2WorldIdEi	sim-med	1	1	int	Tz::JmTreasure::Cur2WorldId(int) [DWARF: static -- no implicit `this`, do NOT add a leading self/object-pointer argument]	C:/hd25/kingdom2/tozawa/jm_treasure.cpp
002a4a00	_ZN2Tz10JmTreasure10GetCurXMaxEi	med	1	1	int	Tz::JmTreasure::GetCurXMax(int) [DWARF: static -- no implicit `this`, do NOT add a leading self/object-pointer argument]	C:/hd25/kingdom2/tozawa/jm_treasure.cpp
002a4b78	_ZN2Tz10JmTreasure12AdjustCurPosEv	high	1	0		Tz::JmTreasure::AdjustCurPos() [DWARF: static -- no implicit `this`, do NOT add a leading self/object-pointer argument]	C:/hd25/kingdom2/tozawa/jm_treasure.cpp
002a4df0	_ZN2Tz8JmBattle10FadeOutAllEv	med	1	0		Tz::JmBattle::FadeOutAll() [DWARF: static -- no implicit `this`, do NOT add a leading self/object-pointer argument]	C:/hd25/kingdom2/tozawa/jm_battle.cpp
002a4e38	_ZN2Tz8JmBattle8SetupTopEv	med	1	0		Tz::JmBattle::SetupTop() [DWARF: static -- no implicit `this`, do NOT add a leading self/object-pointer argument]	C:/hd25/kingdom2/tozawa/jm_battle.cpp
002a52b0	_ZN2Tz8JmBattle7CtrlTopEv	high	1	0		Tz::JmBattle::CtrlTop() [DWARF: static -- no implicit `this`, do NOT add a leading self/object-pointer argument]	C:/hd25/kingdom2/tozawa/jm_battle.cpp
002a5590	_ZN2Tz8JmBattle9SetupInfoEv	med	1	0		Tz::JmBattle::SetupInfo() [DWARF: static -- no implicit `this`, do NOT add a leading self/object-pointer argument]	C:/hd25/kingdom2/tozawa/jm_battle.cpp
002a5a90	_ZN2Tz8JmBattle8CtrlInfoEv	med	1	0		Tz::JmBattle::CtrlInfo() [DWARF: static -- no implicit `this`, do NOT add a leading self/object-pointer argument]	C:/hd25/kingdom2/tozawa/jm_battle.cpp
002a5d30	_ZN2Tz8JmBattle14GetEnableLimitEv	high	1	0		Tz::JmBattle::GetEnableLimit() [DWARF: static -- no implicit `this`, do NOT add a leading self/object-pointer argument]	C:/hd25/kingdom2/tozawa/jm_battle.cpp
002a5df0	_ZN2Tz8JmBattle13UpdateTopListEv	med	1	0		Tz::JmBattle::UpdateTopList() [DWARF: static -- no implicit `this`, do NOT add a leading self/object-pointer argument]	C:/hd25/kingdom2/tozawa/jm_battle.cpp
002a6088	_ZN2Tz8JmBattle8MovePageEi	med	1	1		Tz::JmBattle::MovePage(int) [DWARF: static -- no implicit `this`, do NOT add a leading self/object-pointer argument]	C:/hd25/kingdom2/tozawa/jm_battle.cpp
002a6308	_ZN2Tz8JmBattle10DrawUpdateEPNS_6SelectEii	med	1	3		Tz::JmBattle::DrawUpdate(Tz::Select *, int, int) [DWARF: static -- no implicit `this`, do NOT add a leading self/object-pointer argument]	C:/hd25/kingdom2/tozawa/jm_battle.cpp
002a63a0	_ZN2Tz8JmBattle8DrawMessEiijjPN2dk13SpriteMessageE	high	1	5		Tz::JmBattle::DrawMess(int, int, u_int, u_int, dk::SpriteMessage *) [DWARF: static -- no implicit `this`, do NOT add a leading self/object-pointer argument]	C:/hd25/kingdom2/tozawa/jm_battle.cpp
002a6500	_ZN2Tz8JmBattle20isEnableBattleReportEv	med	1	0	bool	Tz::JmBattle::isEnableBattleReport() [DWARF: static -- no implicit `this`, do NOT add a leading self/object-pointer argument]	C:/hd25/kingdom2/tozawa/jm_battle.cpp
002a65d0	_ZN2Tz8JmBattle13UpdateNewMarkEv	med	1	0		Tz::JmBattle::UpdateNewMark() [DWARF: static -- no implicit `this`, do NOT add a leading self/object-pointer argument]	C:/hd25/kingdom2/tozawa/jm_battle.cpp
002a67a8	_ZN2Tz8JmBattle9LeaveListEv	high	1	0		Tz::JmBattle::LeaveList() [DWARF: static -- no implicit `this`, do NOT add a leading self/object-pointer argument]	C:/hd25/kingdom2/tozawa/jm_battle.cpp
002a6878	_ZN2Tz8JmBattle8SelCheckEi	med	1	1	bool	Tz::JmBattle::SelCheck(int) [DWARF: static -- no implicit `this`, do NOT add a leading self/object-pointer argument]	C:/hd25/kingdom2/tozawa/jm_battle.cpp
002a68e8	_ZN2Tz8JmSynthe4InitEv	sim-high	1	0		Tz::JmSynthe::Init() [DWARF: static -- no implicit `this`, do NOT add a leading self/object-pointer argument]	C:/hd25/kingdom2/tozawa/jm_synthe.cpp
002a6a10	_ZN2Tz8JmSynthe10FadeOutAllEv	med	1	0		Tz::JmSynthe::FadeOutAll() [DWARF: static -- no implicit `this`, do NOT add a leading self/object-pointer argument]	C:/hd25/kingdom2/tozawa/jm_synthe.cpp
002a6a18	_ZN2Tz8JmSynthe8LeaveAllEv	sim-high	1	0		Tz::JmSynthe::LeaveAll() [DWARF: static -- no implicit `this`, do NOT add a leading self/object-pointer argument]	C:/hd25/kingdom2/tozawa/jm_synthe.cpp
002a6a50	_ZN2Tz8JmSynthe5SetupEv	high	1	0		Tz::JmSynthe::Setup() [DWARF: static -- no implicit `this`, do NOT add a leading self/object-pointer argument]	C:/hd25/kingdom2/tozawa/jm_synthe.cpp
002a6be0	_ZN2Tz8JmSynthe7ControlEv	sim-high	1	0		Tz::JmSynthe::Control() [DWARF: static -- no implicit `this`, do NOT add a leading self/object-pointer argument]	C:/hd25/kingdom2/tozawa/jm_synthe.cpp
002a6e50	_ZN2Tz8JmSynthe10CreateListEv	med	1	0		Tz::JmSynthe::CreateList() [DWARF: static -- no implicit `this`, do NOT add a leading self/object-pointer argument]	C:/hd25/kingdom2/tozawa/jm_synthe.cpp
002a7490	_ZN2Tz8JmSynthe14isEnableRecipeEv	high	1	0	bool	Tz::JmSynthe::isEnableRecipe() [DWARF: static -- no implicit `this`, do NOT add a leading self/object-pointer argument]	C:/hd25/kingdom2/tozawa/jm_synthe.cpp
002a74c0	_ZN2Tz8JmSynthe16isEnableMaterialEv	high	1	0	bool	Tz::JmSynthe::isEnableMaterial() [DWARF: static -- no implicit `this`, do NOT add a leading self/object-pointer argument]	C:/hd25/kingdom2/tozawa/jm_synthe.cpp
002a7530	_ZN2Tz8JmSynthe8isEnableEv	med	1	0	bool	Tz::JmSynthe::isEnable() [DWARF: static -- no implicit `this`, do NOT add a leading self/object-pointer argument]	C:/hd25/kingdom2/tozawa/jm_synthe.cpp
002a7588	_ZN2Tz8JmSynthe11ReadMixDataEv	high	1	0		Tz::JmSynthe::ReadMixData() [DWARF: static -- no implicit `this`, do NOT add a leading self/object-pointer argument]	C:/hd25/kingdom2/tozawa/jm_synthe.cpp
002a75c0	_ZN2Tz8JmSynthe10GetMixDataEv	high	1	0		Tz::JmSynthe::GetMixData() [DWARF: static -- no implicit `this`, do NOT add a leading self/object-pointer argument]	C:/hd25/kingdom2/tozawa/jm_synthe.cpp
002a7758	_ZN2Tz10JmMiniGame10FadeOutAllEv	med	1	0		Tz::JmMiniGame::FadeOutAll() [DWARF: static -- no implicit `this`, do NOT add a leading self/object-pointer argument]	C:/hd25/kingdom2/tozawa/jm_minigame.cpp
002a7760	_ZN2Tz10JmMiniGame8LeaveAllEv	sim-high	1	0		Tz::JmMiniGame::LeaveAll() [DWARF: static -- no implicit `this`, do NOT add a leading self/object-pointer argument]	C:/hd25/kingdom2/tozawa/jm_minigame.cpp
002a77a0	_ZN2Tz10JmMiniGame5SetupEv	high	1	0		Tz::JmMiniGame::Setup() [DWARF: static -- no implicit `this`, do NOT add a leading self/object-pointer argument]	C:/hd25/kingdom2/tozawa/jm_minigame.cpp
002a7a60	_ZN2Tz10JmMiniGame7ControlEv	sim-high	1	0		Tz::JmMiniGame::Control() [DWARF: static -- no implicit `this`, do NOT add a leading self/object-pointer argument]	C:/hd25/kingdom2/tozawa/jm_minigame.cpp
002a7d10	_ZN2Tz10JmMiniGame9AdjustPosEv	high	1	0		Tz::JmMiniGame::AdjustPos() [DWARF: static -- no implicit `this`, do NOT add a leading self/object-pointer argument]	C:/hd25/kingdom2/tozawa/jm_minigame.cpp
002a7dc8	_ZN2Tz10JmMiniGame12ChkMGameInfoEv	high	1	0		Tz::JmMiniGame::ChkMGameInfo() [DWARF: static -- no implicit `this`, do NOT add a leading self/object-pointer argument]	C:/hd25/kingdom2/tozawa/jm_minigame.cpp
002a7f58	_ZN2Tz10JmMiniGame10CreateListEv	high	1	0		Tz::JmMiniGame::CreateList() [DWARF: static -- no implicit `this`, do NOT add a leading self/object-pointer argument]	C:/hd25/kingdom2/tozawa/jm_minigame.cpp
002a82f8	_ZN2Tz10JmMiniGame10DrawUpdateEPNS_6SelectEii	med	1	3		Tz::JmMiniGame::DrawUpdate(Tz::Select *, int, int) [DWARF: static -- no implicit `this`, do NOT add a leading self/object-pointer argument]	C:/hd25/kingdom2/tozawa/jm_minigame.cpp
002a8330	_ZN2Tz10JmMiniGame10UpdateListEv	high	1	0		Tz::JmMiniGame::UpdateList() [DWARF: static -- no implicit `this`, do NOT add a leading self/object-pointer argument]	C:/hd25/kingdom2/tozawa/jm_minigame.cpp
002a8768	_ZN2Tz10JmMiniGame13UpdateNewMarkEv	high	1	0		Tz::JmMiniGame::UpdateNewMark() [DWARF: static -- no implicit `this`, do NOT add a leading self/object-pointer argument]	C:/hd25/kingdom2/tozawa/jm_minigame.cpp
002a8870	_ZN2Tz10JmMiniGame8isEnableEi	high	1	1	bool	Tz::JmMiniGame::isEnable(int) [DWARF: static -- no implicit `this`, do NOT add a leading self/object-pointer argument]	C:/hd25/kingdom2/tozawa/jm_minigame.cpp
002a8920	_ZN2Tz10JmMiniGame6isPlayEi	high	1	1	bool	Tz::JmMiniGame::isPlay(int) [DWARF: static -- no implicit `this`, do NOT add a leading self/object-pointer argument]	C:/hd25/kingdom2/tozawa/jm_minigame.cpp
002a8948	_ZN2Tz7JmQuest4InitEv	sim-high	1	0		Tz::JmQuest::Init() [DWARF: static -- no implicit `this`, do NOT add a leading self/object-pointer argument]	C:/hd25/kingdom2/tozawa/jm_quest.cpp
002a8a00	_ZN2Tz7JmQuest4ExitEv	sim-med	1	0		Tz::JmQuest::Exit() [DWARF: static -- no implicit `this`, do NOT add a leading self/object-pointer argument]	C:/hd25/kingdom2/tozawa/jm_quest.cpp
002a8a80	_ZN2Tz7JmQuest10FadeOutAllEv	med	1	0		Tz::JmQuest::FadeOutAll() [DWARF: static -- no implicit `this`, do NOT add a leading self/object-pointer argument]	C:/hd25/kingdom2/tozawa/jm_quest.cpp
002a8a88	_ZN2Tz7JmQuest8LeaveAllEv	sim-high	1	0		Tz::JmQuest::LeaveAll() [DWARF: static -- no implicit `this`, do NOT add a leading self/object-pointer argument]	C:/hd25/kingdom2/tozawa/jm_quest.cpp
002a8ac8	_ZN2Tz7JmQuest5SetupEv	high	1	0		Tz::JmQuest::Setup() [DWARF: static -- no implicit `this`, do NOT add a leading self/object-pointer argument]	C:/hd25/kingdom2/tozawa/jm_quest.cpp
002a8d98	_ZN2Tz7JmQuest7ControlEv	sim-high	1	0		Tz::JmQuest::Control() [DWARF: static -- no implicit `this`, do NOT add a leading self/object-pointer argument]	C:/hd25/kingdom2/tozawa/jm_quest.cpp
002a9048	_ZN2Tz7JmQuest9AdjustPosEv	high	1	0		Tz::JmQuest::AdjustPos() [DWARF: static -- no implicit `this`, do NOT add a leading self/object-pointer argument]	C:/hd25/kingdom2/tozawa/jm_quest.cpp
002a9100	_ZN2Tz7JmQuest12ChkQuestInfoEv	high	1	0		Tz::JmQuest::ChkQuestInfo() [DWARF: static -- no implicit `this`, do NOT add a leading self/object-pointer argument]	C:/hd25/kingdom2/tozawa/jm_quest.cpp
002a92d8	_ZN2Tz7JmQuest10CreateListEv	high	1	0		Tz::JmQuest::CreateList() [DWARF: static -- no implicit `this`, do NOT add a leading self/object-pointer argument]	C:/hd25/kingdom2/tozawa/jm_quest.cpp
002a9570	_ZN2Tz7JmQuest10DrawUpdateEPNS_6SelectEii	med	1	3		Tz::JmQuest::DrawUpdate(Tz::Select *, int, int) [DWARF: static -- no implicit `this`, do NOT add a leading self/object-pointer argument]	C:/hd25/kingdom2/tozawa/jm_quest.cpp
002a95a8	_ZN2Tz7JmQuest10UpdateListEv	med	1	0		Tz::JmQuest::UpdateList() [DWARF: static -- no implicit `this`, do NOT add a leading self/object-pointer argument]	C:/hd25/kingdom2/tozawa/jm_quest.cpp
002a98a8	_ZN2Tz7JmQuest13UpdateNewMarkEv	high	1	0		Tz::JmQuest::UpdateNewMark() [DWARF: static -- no implicit `this`, do NOT add a leading self/object-pointer argument]	C:/hd25/kingdom2/tozawa/jm_quest.cpp
002a99c8	_ZN2Tz7JmQuest12GetQuestStatEPKNS_15JmQuestDataInfoE	high	1	1	int	Tz::JmQuest::GetQuestStat(const Tz::JmQuestDataInfo *) [DWARF: static -- no implicit `this`, do NOT add a leading self/object-pointer argument]	C:/hd25/kingdom2/tozawa/jm_quest.cpp
002a9b88	_ZN2Tz7JmQuest8isEnableEi	high	1	1	bool	Tz::JmQuest::isEnable(int) [DWARF: static -- no implicit `this`, do NOT add a leading self/object-pointer argument]	C:/hd25/kingdom2/tozawa/jm_quest.cpp
002a9c40	_ZN2Tz9JmNewInfo10CheckQuestEv	med	1	0		Tz::JmNewInfo::CheckQuest() [DWARF: static -- no implicit `this`, do NOT add a leading self/object-pointer argument]	C:/hd25/kingdom2/tozawa/jm_newinfo.cpp
002a9ce8	_ZN2Tz9JmNewInfo4InitEv	high	1	0		Tz::JmNewInfo::Init() [DWARF: static -- no implicit `this`, do NOT add a leading self/object-pointer argument]	C:/hd25/kingdom2/tozawa/jm_newinfo.cpp
002a9e98	_ZN2Tz9JmNewInfo10isCharaNewEi	high	1	1	bool	Tz::JmNewInfo::isCharaNew(int) [DWARF: static -- no implicit `this`, do NOT add a leading self/object-pointer argument]	C:/hd25/kingdom2/tozawa/jm_newinfo.cpp
002aa098	_ZN2Tz9JmNewInfo15isWorldCharaNewEi	med	1	1	bool	Tz::JmNewInfo::isWorldCharaNew(int) [DWARF: static -- no implicit `this`, do NOT add a leading self/object-pointer argument]	C:/hd25/kingdom2/tozawa/jm_newinfo.cpp
002aa148	_ZN2Tz9JmNewInfo16isWorldCharaHistEi	sim-sib-med	1	1	bool	Tz::JmNewInfo::isWorldCharaHist(int) [DWARF: static -- no implicit `this`, do NOT add a leading self/object-pointer argument]	C:/hd25/kingdom2/tozawa/jm_newinfo.cpp
002aa220	_ZN2Tz9JmNewInfo10CheckAnsemEv	sim-med	1	0		Tz::JmNewInfo::CheckAnsem() [DWARF: static -- no implicit `this`, do NOT add a leading self/object-pointer argument]	C:/hd25/kingdom2/tozawa/jm_newinfo.cpp
002aa4a8	_ZN2Tz9JmNewInfo10CheckAlbumEv	sim-med	1	0		Tz::JmNewInfo::CheckAlbum() [DWARF: static -- no implicit `this`, do NOT add a leading self/object-pointer argument]	C:/hd25/kingdom2/tozawa/jm_newinfo.cpp
002aa5b8	_ZN2Tz9JmNewInfo16GetAlbumWorldIdxEii	med	1	2	int	Tz::JmNewInfo::GetAlbumWorldIdx(int, int) [DWARF: static -- no implicit `this`, do NOT add a leading self/object-pointer argument]	C:/hd25/kingdom2/tozawa/jm_newinfo.cpp
002aa960	_ZN2Tz9JmNewInfo11CheckBattleEv	sim-med	1	0		Tz::JmNewInfo::CheckBattle() [DWARF: static -- no implicit `this`, do NOT add a leading self/object-pointer argument]	C:/hd25/kingdom2/tozawa/jm_newinfo.cpp
002aae88	_ZN2Tz9JmNewInfo15isWorldQuestNewEi	med	1	1	bool	Tz::JmNewInfo::isWorldQuestNew(int) [DWARF: static -- no implicit `this`, do NOT add a leading self/object-pointer argument]	C:/hd25/kingdom2/tozawa/jm_newinfo.cpp
002aaf40	_ZN2Tz9JmNewInfo16isWorldQuestHistEi	sim-sib-med	1	1	bool	Tz::JmNewInfo::isWorldQuestHist(int) [DWARF: static -- no implicit `this`, do NOT add a leading self/object-pointer argument]	C:/hd25/kingdom2/tozawa/jm_newinfo.cpp
002ab020	_ZN2Tz9JmNewInfo13CheckMiniGameEv	sim-med	1	0		Tz::JmNewInfo::CheckMiniGame() [DWARF: static -- no implicit `this`, do NOT add a leading self/object-pointer argument]	C:/hd25/kingdom2/tozawa/jm_newinfo.cpp
002ab2b0	_ZN2Tz9JmNewInfo18isWorldMiniGameNewEi	med	1	1	bool	Tz::JmNewInfo::isWorldMiniGameNew(int) [DWARF: static -- no implicit `this`, do NOT add a leading self/object-pointer argument]	C:/hd25/kingdom2/tozawa/jm_newinfo.cpp
002ab368	_ZN2Tz9JmNewInfo19isWorldMiniGameHistEi	sim-sib-med	1	1	bool	Tz::JmNewInfo::isWorldMiniGameHist(int) [DWARF: static -- no implicit `this`, do NOT add a leading self/object-pointer argument]	C:/hd25/kingdom2/tozawa/jm_newinfo.cpp
002ab448	_ZN2Tz9JmNewInfo13CheckTreasureEv	sim-high	1	0		Tz::JmNewInfo::CheckTreasure() [DWARF: static -- no implicit `this`, do NOT add a leading self/object-pointer argument]	C:/hd25/kingdom2/tozawa/jm_newinfo.cpp
002ab540	_ZN2Tz9JmNewInfo13isTreasureNewEi	high	1	1	bool	Tz::JmNewInfo::isTreasureNew(int) [DWARF: static -- no implicit `this`, do NOT add a leading self/object-pointer argument]	C:/hd25/kingdom2/tozawa/jm_newinfo.cpp
002ab818	_ZN2Tz9JmNewInfo9CheckNaviEv	sim-med	1	0		Tz::JmNewInfo::CheckNavi() [DWARF: static -- no implicit `this`, do NOT add a leading self/object-pointer argument]	C:/hd25/kingdom2/tozawa/jm_newinfo.cpp
002ab8e8	_ZN2Tz9JmNewInfo9isNaviNewEi	high	1	1	bool	Tz::JmNewInfo::isNaviNew(int) [DWARF: static -- no implicit `this`, do NOT add a leading self/object-pointer argument]	C:/hd25/kingdom2/tozawa/jm_newinfo.cpp
002ab9c8	_ZN2Tz9JmNewInfo10isNaviHistEi	sim-rerun2-high	1	1	bool	Tz::JmNewInfo::isNaviHist(int) [DWARF: static -- no implicit `this`, do NOT add a leading self/object-pointer argument]	C:/hd25/kingdom2/tozawa/jm_newinfo.cpp
002abac8	_ZN2Tz9JmNewInfo10SetNaviFlgEi	sim-rerun2-med	1	1		Tz::JmNewInfo::SetNaviFlg(int) [DWARF: static -- no implicit `this`, do NOT add a leading self/object-pointer argument]	C:/hd25/kingdom2/tozawa/jm_newinfo.cpp
002abc60	_ZN2Tz9JmNewInfo14isSynthesisNewEi	sim-sib-high	1	1	bool	Tz::JmNewInfo::isSynthesisNew(int) [DWARF: static -- no implicit `this`, do NOT add a leading self/object-pointer argument]	C:/hd25/kingdom2/tozawa/jm_newinfo.cpp
002abf40	_ZN2Tz9JmNewInfo16GetStoryWorldIdxEii	med	1	2	int	Tz::JmNewInfo::GetStoryWorldIdx(int, int) [DWARF: static -- no implicit `this`, do NOT add a leading self/object-pointer argument]	C:/hd25/kingdom2/tozawa/jm_newinfo.cpp
002abff0	_ZN2Tz9JmNewInfo10isStoryNewEii	high	1	2	bool	Tz::JmNewInfo::isStoryNew(int, int) [DWARF: static -- no implicit `this`, do NOT add a leading self/object-pointer argument]	C:/hd25/kingdom2/tozawa/jm_newinfo.cpp
002ac2e8	_ZN2Tz9JmNewInfo11CheckPuzzleEv	sim-med	1	0		Tz::JmNewInfo::CheckPuzzle() [DWARF: static -- no implicit `this`, do NOT add a leading self/object-pointer argument]	C:/hd25/kingdom2/tozawa/jm_newinfo.cpp
002ac420	_ZN2Tz9JmNewInfo16isPuzzlePieceNewEi	sim-high	1	1	bool	Tz::JmNewInfo::isPuzzlePieceNew(int) [DWARF: static -- no implicit `this`, do NOT add a leading self/object-pointer argument]	C:/hd25/kingdom2/tozawa/jm_newinfo.cpp
002ac678	_ZN2Tz9JmNewInfo17SetPuzzlePieceFlgEi	sim-med	1	1		Tz::JmNewInfo::SetPuzzlePieceFlg(int) [DWARF: static -- no implicit `this`, do NOT add a leading self/object-pointer argument]	C:/hd25/kingdom2/tozawa/jm_newinfo.cpp
002ac748	_ZN2Tz9JmNewInfo15isPuzzleInfoNewEi	high	1	1	bool	Tz::JmNewInfo::isPuzzleInfoNew(int) [DWARF: static -- no implicit `this`, do NOT add a leading self/object-pointer argument]	C:/hd25/kingdom2/tozawa/jm_newinfo.cpp
002ac9b0	_ZN2Tz9JmNewInfo10isWorldNewEi	sim-high	1	1	bool	Tz::JmNewInfo::isWorldNew(int) [DWARF: static -- no implicit `this`, do NOT add a leading self/object-pointer argument]	C:/hd25/kingdom2/tozawa/jm_newinfo.cpp
002acb20	_ZN2Tz9JmNewInfo11isWorldHistEi	med	1	1	bool	Tz::JmNewInfo::isWorldHist(int) [DWARF: static -- no implicit `this`, do NOT add a leading self/object-pointer argument]	C:/hd25/kingdom2/tozawa/jm_newinfo.cpp
002acc98	_ZN2Tz9JmNewInfo8isAnyNewEv	sim-high	1	0	bool	Tz::JmNewInfo::isAnyNew() [DWARF: static -- no implicit `this`, do NOT add a leading self/object-pointer argument]	C:/hd25/kingdom2/tozawa/jm_newinfo.cpp
002acda8	_ZN2Tz10JmComplete4InitEv	med	1	0		Tz::JmComplete::Init() [DWARF: static -- no implicit `this`, do NOT add a leading self/object-pointer argument]	C:/hd25/kingdom2/tozawa/jm_complete.cpp
002acf48	_ZN2Tz10JmComplete8CheckAllEv	high	1	0		Tz::JmComplete::CheckAll() [DWARF: static -- no implicit `this`, do NOT add a leading self/object-pointer argument]	C:/hd25/kingdom2/tozawa/jm_complete.cpp
002ad110	_ZN2Tz10JmComplete10CheckCharaEv	med	1	0		Tz::JmComplete::CheckChara() [DWARF: static -- no implicit `this`, do NOT add a leading self/object-pointer argument]	C:/hd25/kingdom2/tozawa/jm_complete.cpp
002ad1b0	_ZN2Tz10JmComplete11isCharaCompEi	med	1	1	bool	Tz::JmComplete::isCharaComp(int) [DWARF: static -- no implicit `this`, do NOT add a leading self/object-pointer argument]	C:/hd25/kingdom2/tozawa/jm_complete.cpp
002ad258	_ZN2Tz10JmComplete10CheckAnsemEv	high	1	0		Tz::JmComplete::CheckAnsem() [DWARF: static -- no implicit `this`, do NOT add a leading self/object-pointer argument]	C:/hd25/kingdom2/tozawa/jm_complete.cpp
002ad390	_ZN2Tz10JmComplete10CheckAlbumEv	high	1	0		Tz::JmComplete::CheckAlbum() [DWARF: static -- no implicit `this`, do NOT add a leading self/object-pointer argument]	C:/hd25/kingdom2/tozawa/jm_complete.cpp
002ad4a8	_ZN2Tz10JmComplete11isAlbumCompEi	high	1	1	bool	Tz::JmComplete::isAlbumComp(int) [DWARF: static -- no implicit `this`, do NOT add a leading self/object-pointer argument]	C:/hd25/kingdom2/tozawa/jm_complete.cpp
002ad580	_ZN2Tz10JmComplete11CheckBattleEv	high	1	0		Tz::JmComplete::CheckBattle() [DWARF: static -- no implicit `this`, do NOT add a leading self/object-pointer argument]	C:/hd25/kingdom2/tozawa/jm_complete.cpp
002ad660	_ZN2Tz10JmComplete12isBattleCompEv	med	1	0	bool	Tz::JmComplete::isBattleComp() [DWARF: static -- no implicit `this`, do NOT add a leading self/object-pointer argument]	C:/hd25/kingdom2/tozawa/jm_complete.cpp
002ad6e8	_ZN2Tz10JmComplete10CheckQuestEv	high	1	0		Tz::JmComplete::CheckQuest() [DWARF: static -- no implicit `this`, do NOT add a leading self/object-pointer argument]	C:/hd25/kingdom2/tozawa/jm_complete.cpp
002ad7d0	_ZN2Tz10JmComplete11isQuestCompEi	med	1	1	bool	Tz::JmComplete::isQuestComp(int) [DWARF: static -- no implicit `this`, do NOT add a leading self/object-pointer argument]	C:/hd25/kingdom2/tozawa/jm_complete.cpp
002ad878	_ZN2Tz10JmComplete13CheckMiniGameEv	med	1	0		Tz::JmComplete::CheckMiniGame() [DWARF: static -- no implicit `this`, do NOT add a leading self/object-pointer argument]	C:/hd25/kingdom2/tozawa/jm_complete.cpp
002ad950	_ZN2Tz10JmComplete14isMiniGameCompEi	med	1	1	bool	Tz::JmComplete::isMiniGameComp(int) [DWARF: static -- no implicit `this`, do NOT add a leading self/object-pointer argument]	C:/hd25/kingdom2/tozawa/jm_complete.cpp
002ad9f8	_ZN2Tz10JmComplete13CheckTreasureEv	high	1	0		Tz::JmComplete::CheckTreasure() [DWARF: static -- no implicit `this`, do NOT add a leading self/object-pointer argument]	C:/hd25/kingdom2/tozawa/jm_complete.cpp
002adaf0	_ZN2Tz10JmComplete14isTreasureCompEi	high	1	1	bool	Tz::JmComplete::isTreasureComp(int) [DWARF: static -- no implicit `this`, do NOT add a leading self/object-pointer argument]	C:/hd25/kingdom2/tozawa/jm_complete.cpp
002adbd0	_ZN2Tz10JmComplete9CheckNaviEv	med	1	0		Tz::JmComplete::CheckNavi() [DWARF: static -- no implicit `this`, do NOT add a leading self/object-pointer argument]	C:/hd25/kingdom2/tozawa/jm_complete.cpp
002adcb0	_ZN2Tz10JmComplete10isNaviCompEi	high	1	1	bool	Tz::JmComplete::isNaviComp(int) [DWARF: static -- no implicit `this`, do NOT add a leading self/object-pointer argument]	C:/hd25/kingdom2/tozawa/jm_complete.cpp
002add90	_ZN2Tz10JmComplete14CheckSynthesisEv	high	1	0		Tz::JmComplete::CheckSynthesis() [DWARF: static -- no implicit `this`, do NOT add a leading self/object-pointer argument]	C:/hd25/kingdom2/tozawa/jm_complete.cpp
002adf60	_ZN2Tz10JmComplete15isSynthesisCompEi	sim-sib-high	1	1	bool	Tz::JmComplete::isSynthesisComp(int) [DWARF: static -- no implicit `this`, do NOT add a leading self/object-pointer argument]	C:/hd25/kingdom2/tozawa/jm_complete.cpp
002adfd0	_ZN2Tz10JmComplete10CheckStoryEv	high	1	0		Tz::JmComplete::CheckStory() [DWARF: static -- no implicit `this`, do NOT add a leading self/object-pointer argument]	C:/hd25/kingdom2/tozawa/jm_complete.cpp
002ae0c0	_ZN2Tz10JmComplete11isStoryCompEi	med	1	1	bool	Tz::JmComplete::isStoryComp(int) [DWARF: static -- no implicit `this`, do NOT add a leading self/object-pointer argument]	C:/hd25/kingdom2/tozawa/jm_complete.cpp
002ae1b0	_ZN2Tz10JmComplete13isDiagramCompEii	med	1	2	bool	Tz::JmComplete::isDiagramComp(int, int) [DWARF: static -- no implicit `this`, do NOT add a leading self/object-pointer argument]	C:/hd25/kingdom2/tozawa/jm_complete.cpp
002ae320	_ZN2Tz10JmComplete11CheckPuzzleEv	high	1	0		Tz::JmComplete::CheckPuzzle() [DWARF: static -- no implicit `this`, do NOT add a leading self/object-pointer argument]	C:/hd25/kingdom2/tozawa/jm_complete.cpp
002ae660	_ZN2Tz10JmComplete17isPuzzlePieceCompEi	high	1	1	bool	Tz::JmComplete::isPuzzlePieceComp(int) [DWARF: static -- no implicit `this`, do NOT add a leading self/object-pointer argument]	C:/hd25/kingdom2/tozawa/jm_complete.cpp
002ae768	_ZN2Tz10JmComplete16isPuzzleGameCompEi	high	1	1	bool	Tz::JmComplete::isPuzzleGameComp(int) [DWARF: static -- no implicit `this`, do NOT add a leading self/object-pointer argument]	C:/hd25/kingdom2/tozawa/jm_complete.cpp
002ae908	_ZN2Tz10JmComplete11isWorldCompEi	high	1	1	bool	Tz::JmComplete::isWorldComp(int) [DWARF: static -- no implicit `this`, do NOT add a leading self/object-pointer argument]	C:/hd25/kingdom2/tozawa/jm_complete.cpp
002aea98	_ZN2Tz8JmPuzzle4InitEv	med	1	0		Tz::JmPuzzle::Init() [DWARF: static -- no implicit `this`, do NOT add a leading self/object-pointer argument]	C:/hd25/kingdom2/tozawa/jm_puzzle.cpp
002aeba0	_ZN2Tz8JmPuzzle4ExitEv	sim-high	1	0		Tz::JmPuzzle::Exit() [DWARF: static -- no implicit `this`, do NOT add a leading self/object-pointer argument]	C:/hd25/kingdom2/tozawa/jm_puzzle.cpp
002aece8	_ZN2Tz8JmPuzzle10FadeOutAllEv	med	1	0		Tz::JmPuzzle::FadeOutAll() [DWARF: static -- no implicit `this`, do NOT add a leading self/object-pointer argument]	C:/hd25/kingdom2/tozawa/jm_puzzle.cpp
002aed60	_ZN2Tz8JmPuzzle8SetupTopEv	med	1	0		Tz::JmPuzzle::SetupTop() [DWARF: static -- no implicit `this`, do NOT add a leading self/object-pointer argument]	C:/hd25/kingdom2/tozawa/jm_puzzle.cpp
002af010	_ZN2Tz8JmPuzzle7ControlEv	med	1	0		Tz::JmPuzzle::Control() [DWARF: static -- no implicit `this`, do NOT add a leading self/object-pointer argument]	C:/hd25/kingdom2/tozawa/jm_puzzle.cpp
002af0a0	_ZN2Tz8JmPuzzle7CtrlTopEv	high	1	0		Tz::JmPuzzle::CtrlTop() [DWARF: static -- no implicit `this`, do NOT add a leading self/object-pointer argument]	C:/hd25/kingdom2/tozawa/jm_puzzle.cpp
002af418	_ZN2Tz8JmPuzzle8SetupSelEv	med	1	0		Tz::JmPuzzle::SetupSel() [DWARF: static -- no implicit `this`, do NOT add a leading self/object-pointer argument]	C:/hd25/kingdom2/tozawa/jm_puzzle.cpp
002af748	_ZN2Tz8JmPuzzle7CtrlSelEv	sim-high	1	0		Tz::JmPuzzle::CtrlSel() [DWARF: static -- no implicit `this`, do NOT add a leading self/object-pointer argument]	C:/hd25/kingdom2/tozawa/jm_puzzle.cpp
002afaf0	_ZN2Tz8JmPuzzle9SetupGameEv	med	1	0		Tz::JmPuzzle::SetupGame() [DWARF: static -- no implicit `this`, do NOT add a leading self/object-pointer argument]	C:/hd25/kingdom2/tozawa/jm_puzzle.cpp
002afe18	_ZN2Tz8JmPuzzle8CtrlGameEv	med	1	0		Tz::JmPuzzle::CtrlGame() [DWARF: static -- no implicit `this`, do NOT add a leading self/object-pointer argument]	C:/hd25/kingdom2/tozawa/jm_puzzle.cpp
002b01d8	_ZN2Tz8JmPuzzle13SetupTutorialEv	med	1	0		Tz::JmPuzzle::SetupTutorial() [DWARF: static -- no implicit `this`, do NOT add a leading self/object-pointer argument]	C:/hd25/kingdom2/tozawa/jm_puzzle.cpp
002b05f8	_ZN2Tz8JmPuzzle12CtrlTutorialEv	sim-high	1	0		Tz::JmPuzzle::CtrlTutorial() [DWARF: static -- no implicit `this`, do NOT add a leading self/object-pointer argument]	C:/hd25/kingdom2/tozawa/jm_puzzle.cpp
002b0950	_ZN2Tz8JmPuzzle7CtrlPadEv	med	1	0	u_int	Tz::JmPuzzle::CtrlPad() [DWARF: static -- no implicit `this`, do NOT add a leading self/object-pointer argument]	C:/hd25/kingdom2/tozawa/jm_puzzle.cpp
002b0e78	_ZN2Tz8JmPuzzle8PieceRotEj	high	1	1		Tz::JmPuzzle::PieceRot(u_int) [DWARF: static -- no implicit `this`, do NOT add a leading self/object-pointer argument]	C:/hd25/kingdom2/tozawa/jm_puzzle.cpp
002b0fc8	_ZN2Tz8JmPuzzle8PieceSelEj	med	1	1		Tz::JmPuzzle::PieceSel(u_int) [DWARF: static -- no implicit `this`, do NOT add a leading self/object-pointer argument]	C:/hd25/kingdom2/tozawa/jm_puzzle.cpp
002b1208	_ZN2Tz8JmPuzzle11ChangeImageEj	high	1	1		Tz::JmPuzzle::ChangeImage(u_int) [DWARF: static -- no implicit `this`, do NOT add a leading self/object-pointer argument]	C:/hd25/kingdom2/tozawa/jm_puzzle.cpp
002b12a0	_ZN2Tz8JmPuzzle12SetupItemGetEv	med	1	0		Tz::JmPuzzle::SetupItemGet() [DWARF: static -- no implicit `this`, do NOT add a leading self/object-pointer argument]	C:/hd25/kingdom2/tozawa/jm_puzzle.cpp
002b14f0	_ZN2Tz8JmPuzzle11CtrlItemGetEv	med	1	0		Tz::JmPuzzle::CtrlItemGet() [DWARF: static -- no implicit `this`, do NOT add a leading self/object-pointer argument]	C:/hd25/kingdom2/tozawa/jm_puzzle.cpp
002b1708	_ZN2Tz8JmPuzzle13UpdateTopListEv	high	1	0		Tz::JmPuzzle::UpdateTopList() [DWARF: static -- no implicit `this`, do NOT add a leading self/object-pointer argument]	C:/hd25/kingdom2/tozawa/jm_puzzle.cpp
002b1850	_ZN2Tz8JmPuzzle13UpdateSelListEv	med	1	0		Tz::JmPuzzle::UpdateSelList() [DWARF: static -- no implicit `this`, do NOT add a leading self/object-pointer argument]	C:/hd25/kingdom2/tozawa/jm_puzzle.cpp
002b1a00	_ZN2Tz8JmPuzzle14UpdateHelpMessEv	high	1	0		Tz::JmPuzzle::UpdateHelpMess() [DWARF: static -- no implicit `this`, do NOT add a leading self/object-pointer argument]	C:/hd25/kingdom2/tozawa/jm_puzzle.cpp
002b1bd0	_ZN2Tz8JmPuzzle11UpdatePieceEb	high	1	1		Tz::JmPuzzle::UpdatePiece(bool) [DWARF: static -- no implicit `this`, do NOT add a leading self/object-pointer argument]	C:/hd25/kingdom2/tozawa/jm_puzzle.cpp
002b1db8	_ZN2Tz8JmPuzzle12ChkImageInfoEv	med	1	0		Tz::JmPuzzle::ChkImageInfo() [DWARF: static -- no implicit `this`, do NOT add a leading self/object-pointer argument]	C:/hd25/kingdom2/tozawa/jm_puzzle.cpp
002b20b8	_ZN2Tz8JmPuzzle11LeaveSeqTblEv	sim-high	1	0		Tz::JmPuzzle::LeaveSeqTbl() [DWARF: static -- no implicit `this`, do NOT add a leading self/object-pointer argument]	C:/hd25/kingdom2/tozawa/jm_puzzle.cpp
002b23e0	_ZN2Tz8JmPuzzle12GetImageInfoEi	high	1	1	Tz::JmPuzzle::ImageInfo *	Tz::JmPuzzle::GetImageInfo(int) [DWARF: static -- no implicit `this`, do NOT add a leading self/object-pointer argument]	C:/hd25/kingdom2/tozawa/jm_puzzle.cpp
002b2428	_ZN2Tz8JmPuzzle14RequestGraLoadEi	high	1	1		Tz::JmPuzzle::RequestGraLoad(int) [DWARF: static -- no implicit `this`, do NOT add a leading self/object-pointer argument]	C:/hd25/kingdom2/tozawa/jm_puzzle.cpp
002b24c8	_ZN2Tz8JmPuzzle9UpdateGraEv	med	1	0		Tz::JmPuzzle::UpdateGra() [DWARF: static -- no implicit `this`, do NOT add a leading self/object-pointer argument]	C:/hd25/kingdom2/tozawa/jm_puzzle.cpp
002b27c8	_ZN2Tz8JmPuzzle9FileAllocEv	med	1	0		Tz::JmPuzzle::FileAlloc() [DWARF: static -- no implicit `this`, do NOT add a leading self/object-pointer argument]	C:/hd25/kingdom2/tozawa/jm_puzzle.cpp
002b2840	_ZN2Tz8JmPuzzle8LeaveAllEb	sim-high	1	1		Tz::JmPuzzle::LeaveAll(bool) [DWARF: static -- no implicit `this`, do NOT add a leading self/object-pointer argument]	C:/hd25/kingdom2/tozawa/jm_puzzle.cpp
002b28b0	_ZN2Tz8JmPuzzle6CalcUVEiiiPNS0_6SprtUVE	sim-med	1	4		Tz::JmPuzzle::CalcUV(int, int, int, Tz::JmPuzzle::SprtUV *) [DWARF: static -- no implicit `this`, do NOT add a leading self/object-pointer argument]	C:/hd25/kingdom2/tozawa/jm_puzzle.cpp
002b2a18	_ZN2Tz8JmPuzzle12CreateCursorEv	med	1	0		Tz::JmPuzzle::CreateCursor() [DWARF: static -- no implicit `this`, do NOT add a leading self/object-pointer argument]	C:/hd25/kingdom2/tozawa/jm_puzzle.cpp
002b2da8	_ZN2Tz8JmPuzzle10ShowCursorEi	med	1	1		Tz::JmPuzzle::ShowCursor(int) [DWARF: static -- no implicit `this`, do NOT add a leading self/object-pointer argument]	C:/hd25/kingdom2/tozawa/jm_puzzle.cpp
002b2f28	_ZN2Tz8JmPuzzle10HideCursorEi	med	1	1		Tz::JmPuzzle::HideCursor(int) [DWARF: static -- no implicit `this`, do NOT add a leading self/object-pointer argument]	C:/hd25/kingdom2/tozawa/jm_puzzle.cpp
002b3050	_ZN2Tz8JmPuzzle12UpdateCursorEb	med	1	1		Tz::JmPuzzle::UpdateCursor(bool) [DWARF: static -- no implicit `this`, do NOT add a leading self/object-pointer argument]	C:/hd25/kingdom2/tozawa/jm_puzzle.cpp
002b31c0	_ZN2Tz8JmPuzzle8DrawMessEiijjPN2dk13SpriteMessageE	high	1	5		Tz::JmPuzzle::DrawMess(int, int, u_int, u_int, dk::SpriteMessage *) [DWARF: static -- no implicit `this`, do NOT add a leading self/object-pointer argument]	C:/hd25/kingdom2/tozawa/jm_puzzle.cpp
002b3318	_ZN2Tz8JmPuzzle13CheckCompleteEv	med	1	0	bool	Tz::JmPuzzle::CheckComplete() [DWARF: static -- no implicit `this`, do NOT add a leading self/object-pointer argument]	C:/hd25/kingdom2/tozawa/jm_puzzle.cpp
002b3440	_ZN2Tz8JmPuzzle8SetPieceEv	sim-high	1	0		Tz::JmPuzzle::SetPiece() [DWARF: static -- no implicit `this`, do NOT add a leading self/object-pointer argument]	C:/hd25/kingdom2/tozawa/jm_puzzle.cpp
002b3ae8	_ZN2Tz8JmPuzzle8isEnableEv	high	1	0	bool	Tz::JmPuzzle::isEnable() [DWARF: static -- no implicit `this`, do NOT add a leading self/object-pointer argument]	C:/hd25/kingdom2/tozawa/jm_puzzle.cpp
002b3b78	_ZN2Tz8JmPuzzle8SelCheckEi	med	1	1	bool	Tz::JmPuzzle::SelCheck(int) [DWARF: static -- no implicit `this`, do NOT add a leading self/object-pointer argument]	C:/hd25/kingdom2/tozawa/jm_puzzle.cpp
002b3c38	_ZN2Tz8JmPuzzle12GameSelCheckEj	sim-high	1	1	bool	Tz::JmPuzzle::GameSelCheck(u_int) [DWARF: static -- no implicit `this`, do NOT add a leading self/object-pointer argument]	C:/hd25/kingdom2/tozawa/jm_puzzle.cpp
002b3df8	_ZN2Tz9SmHelpMsgC1Ev	sim-sib-high	0	1		Tz::SmHelpMsg::SmHelpMsg(Tz::SmHelpMsg *)	C:/hd25/kingdom2/tozawa/smenu_help.cpp
002b4070	_ZN2Tz9SmHelpMsg6CreateEiPNS_6LayoutEPKsS4_S4_S4_S4_S4_iPKNS_7SeqInfoEii	med	0	13		Tz::SmHelpMsg::Create(Tz::SmHelpMsg *, int, Tz::Layout *, const short *, const short *, const short *, const short *, const short *, const short *, int, const Tz::SeqInfo *, int, int)	C:/hd25/kingdom2/tozawa/smenu_help.cpp
002b4440	_ZN2Tz8CmSLBase4InitEv	high	1	0		Tz::CmSLBase::Init() [DWARF: static -- no implicit `this`, do NOT add a leading self/object-pointer argument]	C:/hd25/kingdom2/tozawa/cmenu_slbase.cpp
002b47a0	_ZN2Tz8CmSLBase4ExitEv	med	1	0		Tz::CmSLBase::Exit() [DWARF: static -- no implicit `this`, do NOT add a leading self/object-pointer argument]	C:/hd25/kingdom2/tozawa/cmenu_slbase.cpp
002b4ac8	_ZN2Tz8CmSLBase11InitLayUnitEii	sim-rerun-high	1	2		Tz::CmSLBase::InitLayUnit(int, int) [DWARF: static -- no implicit `this`, do NOT add a leading self/object-pointer argument]	C:/hd25/kingdom2/tozawa/cmenu_slbase.cpp
002b4ae0	_ZN2Tz8CmSLBase12InitDummySeqEi	sim-rerun-high	1	1		Tz::CmSLBase::InitDummySeq(int) [DWARF: static -- no implicit `this`, do NOT add a leading self/object-pointer argument]	C:/hd25/kingdom2/tozawa/cmenu_slbase.cpp
002b4af0	_ZN2Tz8CmSLBase13InitSeqNumTblEPKNS_11SLSeqNumTblE	sim-rerun-high	1	1		Tz::CmSLBase::InitSeqNumTbl(const Tz::SLSeqNumTbl *) [DWARF: static -- no implicit `this`, do NOT add a leading self/object-pointer argument]	C:/hd25/kingdom2/tozawa/cmenu_slbase.cpp
002b4b00	_ZN7OvlShop8ItemShop12SetupConfirmEv	sim-high	1	0		OvlShop::ItemShop::SetupConfirm() [DWARF: static -- no implicit `this`, do NOT add a leading self/object-pointer argument]	C:/hd25/kingdom2/ovl_shop/shop.cpp
002b4c10	_ZN2Tz8CmSLBase14SetupSlotCheckEv	high	1	0		Tz::CmSLBase::SetupSlotCheck() [DWARF: static -- no implicit `this`, do NOT add a leading self/object-pointer argument]	C:/hd25/kingdom2/tozawa/cmenu_slbase.cpp
002b4c88	_ZN2Tz8CmSLBase19SetupWarningConfirmEi	high	1	1		Tz::CmSLBase::SetupWarningConfirm(int) [DWARF: static -- no implicit `this`, do NOT add a leading self/object-pointer argument]	C:/hd25/kingdom2/tozawa/cmenu_slbase.cpp
002b4dd0	_ZN2Tz8CmSLBase15SetupWarningWinEi	high	1	1		Tz::CmSLBase::SetupWarningWin(int) [DWARF: static -- no implicit `this`, do NOT add a leading self/object-pointer argument]	C:/hd25/kingdom2/tozawa/cmenu_slbase.cpp
002b5078	_ZN2Tz8CmSLBase14LoopWarningWinEv	sim-med	1	0		Tz::CmSLBase::LoopWarningWin() [DWARF: static -- no implicit `this`, do NOT add a leading self/object-pointer argument]	C:/hd25/kingdom2/tozawa/cmenu_slbase.cpp
002b50e8	_ZN2Tz8CmSLBase16isWarningWinWaitEv	med	1	0	bool	Tz::CmSLBase::isWarningWinWait() [DWARF: static -- no implicit `this`, do NOT add a leading self/object-pointer argument]	C:/hd25/kingdom2/tozawa/cmenu_slbase.cpp
002b50f8	_ZN2Tz8CmSLBase19ResetWarningWinWaitEv	med	1	0		Tz::CmSLBase::ResetWarningWinWait() [DWARF: static -- no implicit `this`, do NOT add a leading self/object-pointer argument]	C:/hd25/kingdom2/tozawa/cmenu_slbase.cpp
002b5188	_ZN2Tz8CmSLBase9SetupListEPKsi	med	1	2		Tz::CmSLBase::SetupList(const short *, int) [DWARF: static -- no implicit `this`, do NOT add a leading self/object-pointer argument]	C:/hd25/kingdom2/tozawa/cmenu_slbase.cpp
002b57e0	_ZN2Tz8CmSLBase12SetupListGraEv	med	1	0		Tz::CmSLBase::SetupListGra() [DWARF: static -- no implicit `this`, do NOT add a leading self/object-pointer argument]	C:/hd25/kingdom2/tozawa/cmenu_slbase.cpp
002b5a50	_ZN2Tz8CmSLBase12LeaveListGraEv	sim-med	1	0		Tz::CmSLBase::LeaveListGra() [DWARF: static -- no implicit `this`, do NOT add a leading self/object-pointer argument]	C:/hd25/kingdom2/tozawa/cmenu_slbase.cpp
002b5b38	_ZN2Tz6CmSave12DrawSelectorEPNS_6SelectEii	sim-high	1	3		Tz::CmSave::DrawSelector(Tz::Select *, int, int) [DWARF: static -- no implicit `this`, do NOT add a leading self/object-pointer argument]	C:/hd25/kingdom2/tozawa/cmenu_save.cpp
002b5c30	_ZN2Tz8CmSLBase14UpdateListMessEi	high	1	1		Tz::CmSLBase::UpdateListMess(int) [DWARF: static -- no implicit `this`, do NOT add a leading self/object-pointer argument]	C:/hd25/kingdom2/tozawa/cmenu_slbase.cpp
002b6138	_ZN2Tz8CmSLBase12DrawListMessEiijjPN2dk13SpriteMessageE	med	1	5		Tz::CmSLBase::DrawListMess(int, int, u_int, u_int, dk::SpriteMessage *) [DWARF: static -- no implicit `this`, do NOT add a leading self/object-pointer argument]	C:/hd25/kingdom2/tozawa/cmenu_slbase.cpp
002b6238	_ZN2Tz8CmSLBase12DataLoadWaitEP4TASK	sim-high	1	1	bool	Tz::CmSLBase::DataLoadWait(TASK *) [DWARF: static -- no implicit `this`, do NOT add a leading self/object-pointer argument]	C:/hd25/kingdom2/tozawa/cmenu_slbase.cpp
002b6418	_ZN2Tz8CmSLBase18DeleteSelectorItemEv	med	1	0		Tz::CmSLBase::DeleteSelectorItem() [DWARF: static -- no implicit `this`, do NOT add a leading self/object-pointer argument]	C:/hd25/kingdom2/tozawa/cmenu_slbase.cpp
002b9ab8	_Z17SslSetReverbDepthi	sim-sib-med	0	1	int	SslSetReverbDepth(int)	C:/hd25/kingdom2/ohori/libssl/ssl_main.cpp
002b9ad0	_ZN5SOUND10initCommonEv	sim-med	1	0		SOUND::initCommon() [DWARF: static -- no implicit `this`, do NOT add a leading self/object-pointer argument]	C:/hd25/kingdom2/ohori/sound.cpp
002b9c30	_ZN5SOUND13softResetInitEv	med	1	0		SOUND::softResetInit() [DWARF: static -- no implicit `this`, do NOT add a leading self/object-pointer argument]	C:/hd25/kingdom2/ohori/sound.cpp
002b9c60	_ZN5SOUND15execCommandTaskEP4TASK	med	1	1		SOUND::execCommandTask(TASK *) [DWARF: static -- no implicit `this`, do NOT add a leading self/object-pointer argument]	C:/hd25/kingdom2/ohori/sound.cpp
002b9c80	_ZN5SOUND12initCommonSeEv	high	1	0		SOUND::initCommonSe() [DWARF: static -- no implicit `this`, do NOT add a leading self/object-pointer argument]	C:/hd25/kingdom2/ohori/sound.cpp
002b9ed0	_ZN5SOUND9worldInitEv	sim-med	1	0		SOUND::worldInit() [DWARF: static -- no implicit `this`, do NOT add a leading self/object-pointer argument]	C:/hd25/kingdom2/ohori/sound.cpp
002b9f28	_ZN5SOUND8areaInitEb	high	1	1		SOUND::areaInit(bool) [DWARF: static -- no implicit `this`, do NOT add a leading self/object-pointer argument]	C:/hd25/kingdom2/ohori/sound.cpp
002b9fb0	_ZN5SOUND8gumiInitEv	med	1	0		SOUND::gumiInit() [DWARF: static -- no implicit `this`, do NOT add a leading self/object-pointer argument]	C:/hd25/kingdom2/ohori/sound.cpp
002ba040	_ZN5SOUND9bgSeClearEv	sim-rerun-med	1	0		SOUND::bgSeClear() [DWARF: static -- no implicit `this`, do NOT add a leading self/object-pointer argument]	C:/hd25/kingdom2/ohori/sound.cpp
002ba0b0	_ZN5SOUND9fieldInitEv	med	1	0		SOUND::fieldInit() [DWARF: static -- no implicit `this`, do NOT add a leading self/object-pointer argument]	C:/hd25/kingdom2/ohori/sound.cpp
002ba140	_ZN5SOUND16iopVoiceTransferEiii	med	1	3		SOUND::iopVoiceTransfer(int, int, int) [DWARF: static -- no implicit `this`, do NOT add a leading self/object-pointer argument]	C:/hd25/kingdom2/ohori/sound.cpp
002ba1b8	_ZN5SOUND11sebTransferEiii	high	1	3		SOUND::sebTransfer(int, int, int) [DWARF: static -- no implicit `this`, do NOT add a leading self/object-pointer argument]	C:/hd25/kingdom2/ohori/sound.cpp
002ba220	_ZN5SOUND7bgmPlayEiiiiii	med	1	6		SOUND::bgmPlay(int, int, int, int, int, int) [DWARF: static -- no implicit `this`, do NOT add a leading self/object-pointer argument]	C:/hd25/kingdom2/ohori/sound.cpp
002ba298	_ZN5SOUND7bgmStopEi	sim-rerun-med	1	1		SOUND::bgmStop(int) [DWARF: static -- no implicit `this`, do NOT add a leading self/object-pointer argument]	C:/hd25/kingdom2/ohori/sound.cpp
002ba2b0	_ZN5SOUND10bgmFadeOutEii	sim-sib-high	1	2		SOUND::bgmFadeOut(int, int) [DWARF: static -- no implicit `this`, do NOT add a leading self/object-pointer argument]	C:/hd25/kingdom2/ohori/sound.cpp
002ba3b8	_ZN5SOUND5setSeENS_11SE_SET_BANKEiiiiPFvPvES1_	med	1	7	int	SOUND::setSe(SOUND::SE_SET_BANK, int, int, int, int, TRANS_CALLBACK, void *) [DWARF: static -- no implicit `this`, do NOT add a leading self/object-pointer argument]	C:/hd25/kingdom2/ohori/sound.cpp
002ba630	_ZN5SOUND14setSeEventBankEii	sim-sib-med	1	2	int	SOUND::setSeEventBank(int, int) [DWARF: static -- no implicit `this`, do NOT add a leading self/object-pointer argument]	C:/hd25/kingdom2/ohori/sound.cpp
002baa08	_ZN5SOUND9voicePlayEiiii	sim-sib-high	1	4		SOUND::voicePlay(int, int, int, int) [DWARF: static -- no implicit `this`, do NOT add a leading self/object-pointer argument]	C:/hd25/kingdom2/ohori/sound.cpp
002bacc0	_ZN8TRANSFER4initEv	med	1	0		TRANSFER::init() [DWARF: static -- no implicit `this`, do NOT add a leading self/object-pointer argument]	C:/hd25/kingdom2/ohori/transfer.cpp
002bad20	_ZN8TRANSFER8sendTaskEP4TASK	high	1	1		TRANSFER::sendTask(TASK *) [DWARF: static -- no implicit `this`, do NOT add a leading self/object-pointer argument]	C:/hd25/kingdom2/ohori/transfer.cpp
002baf38	_ZN5SOUND10isTransferEv	med	1	0	bool	SOUND::isTransfer() [DWARF: static -- no implicit `this`, do NOT add a leading self/object-pointer argument]	C:/hd25/kingdom2/ohori/transfer.cpp
002bb310	_ZN4SE3D13playPolygonSeEiii	sim-med	0	4		SE3D::playPolygonSe(SE3D *, int, int, int)	C:/hd25/kingdom2/ohori/se.cpp
002bb8b0	_ZN4SE3D11checkVolumeEv	sim-med	0	1	int	SE3D::checkVolume(SE3D *)	C:/hd25/kingdom2/ohori/se.cpp
002bb9b8	_ZN4SE3D6calcSeEv	sim-high	0	1		SE3D::calcSe(SE3D *)	C:/hd25/kingdom2/ohori/se.cpp
002bbe38	_ZN5SOUND10muteBgSeOnEv	sim-med	1	0		SOUND::muteBgSeOn() [DWARF: static -- no implicit `this`, do NOT add a leading self/object-pointer argument]	C:/hd25/kingdom2/ohori/se.cpp
002bbe80	_ZN5SOUND11muteBgSeOffEv	med	1	0		SOUND::muteBgSeOff() [DWARF: static -- no implicit `this`, do NOT add a leading self/object-pointer argument]	C:/hd25/kingdom2/ohori/se.cpp
002bbed0	_ZN5SOUND12silentBgSeOnEv	med	1	0		SOUND::silentBgSeOn() [DWARF: static -- no implicit `this`, do NOT add a leading self/object-pointer argument]	C:/hd25/kingdom2/ohori/se.cpp
002bbf18	_ZN5SOUND13silentBgSeOffEv	high	1	0		SOUND::silentBgSeOff() [DWARF: static -- no implicit `this`, do NOT add a leading self/object-pointer argument]	C:/hd25/kingdom2/ohori/se.cpp
002bc0f0	_ZN5SOUND7allocSeEv	med	1	0	SE3D *	SOUND::allocSe() [DWARF: static -- no implicit `this`, do NOT add a leading self/object-pointer argument]	C:/hd25/kingdom2/ohori/se.cpp
002bc158	_ZN5SOUND7allocSeEi	high	1	1	SE3D *	SOUND::allocSe(int) [DWARF: static -- no implicit `this`, do NOT add a leading self/object-pointer argument]	C:/hd25/kingdom2/ohori/se.cpp
002bc188	_ZN5SOUND8createSeEiRKN2kn7FVectorE	sim-med	1	2	u_int	SOUND::createSe(int, const kn::FVector &) [DWARF: static -- no implicit `this`, do NOT add a leading self/object-pointer argument]	C:/hd25/kingdom2/ohori/se.cpp
002bc1e8	_ZN5SOUND8createSeEi	high	1	1	u_int	SOUND::createSe(int) [DWARF: static -- no implicit `this`, do NOT add a leading self/object-pointer argument]	C:/hd25/kingdom2/ohori/se.cpp
002bc288	_ZN5SOUND14createBgLoopSeEii	sim-sandwich	1	2	u_int	SOUND::createBgLoopSe(int, int) [DWARF: static -- no implicit `this`, do NOT add a leading self/object-pointer argument]	C:/hd25/kingdom2/ohori/se.cpp
002bc2e8	_ZN5SOUND15createPolygonSeEiii	sim-med	1	3	u_int	SOUND::createPolygonSe(int, int, int) [DWARF: static -- no implicit `this`, do NOT add a leading self/object-pointer argument]	C:/hd25/kingdom2/ohori/se.cpp
002bc358	_ZN5SOUND9destroySeEji	high	1	2		SOUND::destroySe(u_int, int) [DWARF: static -- no implicit `this`, do NOT add a leading self/object-pointer argument]	C:/hd25/kingdom2/ohori/se.cpp
002bc398	_ZN5SOUND8setPosSeEjRKN2kn7FVectorE	med	1	2		SOUND::setPosSe(u_int, const kn::FVector &) [DWARF: static -- no implicit `this`, do NOT add a leading self/object-pointer argument]	C:/hd25/kingdom2/ohori/se.cpp
002bc420	_ZN5SOUND8isPlaySeEj	med	1	1	bool	SOUND::isPlaySe(u_int) [DWARF: static -- no implicit `this`, do NOT add a leading self/object-pointer argument]	C:/hd25/kingdom2/ohori/se.cpp
002bc470	_ZN5SOUND13destroySeBankEi	med	1	1		SOUND::destroySeBank(int) [DWARF: static -- no implicit `this`, do NOT add a leading self/object-pointer argument]	C:/hd25/kingdom2/ohori/se.cpp
002bc588	_ZN5SOUND14createIopVoiceEiiRKN2kn7FVectorEi	sim-rerun-med	1	4	u_int	SOUND::createIopVoice(int, int, const kn::FVector &, int) [DWARF: static -- no implicit `this`, do NOT add a leading self/object-pointer argument]	C:/hd25/kingdom2/ohori/se.cpp
002bc608	_ZN5SOUND19destroyIopVoiceBankEi	med	1	1		SOUND::destroyIopVoiceBank(int) [DWARF: static -- no implicit `this`, do NOT add a leading self/object-pointer argument]	C:/hd25/kingdom2/ohori/se.cpp
002bc688	_ZN5SOUND14createVsbVoiceEiiRKN2kn7FVectorEi	sim-rerun-med	1	4	u_int	SOUND::createVsbVoice(int, int, const kn::FVector &, int) [DWARF: static -- no implicit `this`, do NOT add a leading self/object-pointer argument]	C:/hd25/kingdom2/ohori/se.cpp
002bc7a8	_ZN5SOUND10getLinkNumEi	med	1	1	int	SOUND::getLinkNum(int) [DWARF: static -- no implicit `this`, do NOT add a leading self/object-pointer argument]	C:/hd25/kingdom2/ohori/se.cpp
002bcbf0	_ZN7SE_BANK17getBackGroundBankEiRiS0_	sim-med	0	4		SE_BANK::getBackGroundBank(SE_BANK *, int, int &, int &)	C:/hd25/kingdom2/ohori/sebank.cpp
002bce50	_ZN7SE_BANK10clearFieldEv	sim-high	0	1		SE_BANK::clearField(SE_BANK *)	C:/hd25/kingdom2/ohori/sebank.cpp
002bcee8	_ZN7SE_BANK9clearGumiEv	high	0	1		SE_BANK::clearGumi(SE_BANK *)	C:/hd25/kingdom2/ohori/sebank.cpp
002bcf58	_ZN7SE_BANK11objectClearEv	med	0	1		SE_BANK::objectClear(SE_BANK *)	C:/hd25/kingdom2/ohori/sebank.cpp
002bcfa0	_ZN7SE_BANK13objectDestroyEv	high	0	1		SE_BANK::objectDestroy(SE_BANK *)	C:/hd25/kingdom2/ohori/sebank.cpp
002bcfe8	_ZN7SE_BANK15backGroundClearEv	sim-rerun-med	0	1		SE_BANK::backGroundClear(SE_BANK *)	C:/hd25/kingdom2/ohori/sebank.cpp
002bd030	_ZN7SE_BANK17backGroundDestroyEv	sim-rerun-med	0	1		SE_BANK::backGroundDestroy(SE_BANK *)	C:/hd25/kingdom2/ohori/sebank.cpp
002bd078	_ZN7SE_BANK13footStepClearEv	sim-rerun-med	0	1		SE_BANK::footStepClear(SE_BANK *)	C:/hd25/kingdom2/ohori/sebank.cpp
002bd0b8	_ZN7SE_BANK15footStepDestroyEv	sim-rerun-med	0	1		SE_BANK::footStepDestroy(SE_BANK *)	C:/hd25/kingdom2/ohori/sebank.cpp
002bd100	_ZN7SE_BANK11weaponClearEv	sim-rerun-med	0	1		SE_BANK::weaponClear(SE_BANK *)	C:/hd25/kingdom2/ohori/sebank.cpp
002bd140	_ZN7SE_BANK13weaponDestroyEv	sim-rerun-med	0	1		SE_BANK::weaponDestroy(SE_BANK *)	C:/hd25/kingdom2/ohori/sebank.cpp
002bd260	_ZN5SOUND14getBgmFileNameEi	sim-rerun2-high	1	1	char *	SOUND::getBgmFileName(int) [DWARF: static -- no implicit `this`, do NOT add a leading self/object-pointer argument]	C:/hd25/kingdom2/ohori/bgm.cpp
002bd310	_ZN5SOUND13readBgmThreadEP4TASK	sim-high	1	1		SOUND::readBgmThread(TASK *) [DWARF: static -- no implicit `this`, do NOT add a leading self/object-pointer argument]	C:/hd25/kingdom2/ohori/bgm.cpp
002bd788	_ZN8worldmap13CameraManager8execTaskEP4TASK	sim-rerun-med	1	1		worldmap::CameraManager::execTask(TASK *) [DWARF: static -- no implicit `this`, do NOT add a leading self/object-pointer argument]	C:/hd25/kingdom2/worldmap/cameramanager.cpp
002bd998	_ZN8worldmap8LibrettoC1Ei	sim-med	0	2		worldmap::Libretto::Libretto(worldmap::Libretto *, int)	C:/hd25/kingdom2/worldmap/libretto.cpp
002bdac8	_ZN8worldmap8LibrettoD1Ev	sim-high	0	1		worldmap::Libretto::~Libretto(worldmap::Libretto *)	C:/hd25/kingdom2/worldmap/libretto.cpp
002bdb58	_ZN8worldmap8Libretto4execEP4TASK	med	0	2		worldmap::Libretto::exec(worldmap::Libretto *, TASK *)	C:/hd25/kingdom2/worldmap/libretto.cpp
002bdb70	_ZN8worldmap8Libretto5parseEPKN2YS4CODEE	high	0	2	bool	worldmap::Libretto::parse(worldmap::Libretto *, const YS::CODE *)	C:/hd25/kingdom2/worldmap/libretto.cpp
002be0b0	_ZN8worldmap8Libretto8leaveObjEi	high	0	2		worldmap::Libretto::leaveObj(worldmap::Libretto *, int)	C:/hd25/kingdom2/worldmap/libretto.cpp
002be190	_ZN8worldmap8Libretto11startMotionEiPii	sim-sandwich	0	4		worldmap::Libretto::startMotion(worldmap::Libretto *, int, int *, int)	C:/hd25/kingdom2/worldmap/libretto.cpp
002be258	_ZN8worldmap8Libretto10pushMotionEiPii	sim-med	0	4		worldmap::Libretto::pushMotion(worldmap::Libretto *, int, int *, int)	C:/hd25/kingdom2/worldmap/libretto.cpp
002be340	_ZN8worldmap8Libretto5startEi	med	1	1		worldmap::Libretto::start(int) [DWARF: static -- no implicit `this`, do NOT add a leading self/object-pointer argument]	C:/hd25/kingdom2/worldmap/libretto.cpp
002be3a8	_ZN8worldmap8Libretto10execThreadEP4TASK	med	1	1		worldmap::Libretto::execThread(TASK *) [DWARF: static -- no implicit `this`, do NOT add a leading self/object-pointer argument]	C:/hd25/kingdom2/worldmap/libretto.cpp
002be428	_ZN8worldmap8Libretto10widgetTaskEP4TASK	med	1	1		worldmap::Libretto::widgetTask(TASK *) [DWARF: static -- no implicit `this`, do NOT add a leading self/object-pointer argument]	C:/hd25/kingdom2/worldmap/libretto.cpp
002be4b0	_ZN8worldmap8Libretto5flushEv	high	0	1		worldmap::Libretto::flush(worldmap::Libretto *)	C:/hd25/kingdom2/worldmap/libretto.cpp
002be630	_ZN8worldmap8Libretto6gotoHbEv	med	0	1		worldmap::Libretto::gotoHb(worldmap::Libretto *)	C:/hd25/kingdom2/worldmap/libretto.cpp
002be720	_ZN2dk9WM_COMMON4exitEv	med	1	0		dk::WM_COMMON::exit() [DWARF: static -- no implicit `this`, do NOT add a leading self/object-pointer argument]	C:/hd25/kingdom2/worldmap/wm_common.cpp
002be7b8	_ZN8worldmap3ObjC1EPKN2YS8OBJENTRYERKN2kn7FVectorEf	sim-med	0	4		worldmap::Obj::Obj(worldmap::Obj *, const YS::OBJENTRY *, const kn::FVector &, float)	C:/hd25/kingdom2/worldmap/obj.cpp
002be800	_ZN8worldmap3Obj6appearEPKN2YS8OBJENTRYERKN2kn7FVectorEf	sim-high	1	3	YS::OBJ *	worldmap::Obj::appear(const YS::OBJENTRY *, const kn::FVector &, float) [DWARF: static -- no implicit `this`, do NOT add a leading self/object-pointer argument]	C:/hd25/kingdom2/worldmap/obj.cpp
002be9b0	_ZN8worldmap3Obj13applyStateAllEv	sim-rerun-high	1	0		worldmap::Obj::applyStateAll() [DWARF: static -- no implicit `this`, do NOT add a leading self/object-pointer argument]	C:/hd25/kingdom2/worldmap/obj.cpp
002bea00	_ZN8worldmap7Manager14readPackEnableEv	high	1	0		worldmap::Manager::readPackEnable() [DWARF: static -- no implicit `this`, do NOT add a leading self/object-pointer argument]	C:/hd25/kingdom2/worldmap/manager.cpp
002bea10	_ZN8worldmap7Manager15readPackDisableEv	med	1	0		worldmap::Manager::readPackDisable() [DWARF: static -- no implicit `this`, do NOT add a leading self/object-pointer argument]	C:/hd25/kingdom2/worldmap/manager.cpp
002bea20	_ZN8worldmap7Manager8readPackEv	med	1	0		worldmap::Manager::readPack() [DWARF: static -- no implicit `this`, do NOT add a leading self/object-pointer argument]	C:/hd25/kingdom2/worldmap/manager.cpp
002bea60	_ZN8worldmap7Manager4readEv	med	1	0		worldmap::Manager::read() [DWARF: static -- no implicit `this`, do NOT add a leading self/object-pointer argument]	C:/hd25/kingdom2/worldmap/manager.cpp
002bea88	_ZN8worldmap7Manager10initializeEv	sim-med	1	0		worldmap::Manager::initialize() [DWARF: static -- no implicit `this`, do NOT add a leading self/object-pointer argument]	C:/hd25/kingdom2/worldmap/manager.cpp
002beb28	_ZN8worldmap7Manager4exitEv	med	1	0		worldmap::Manager::exit() [DWARF: static -- no implicit `this`, do NOT add a leading self/object-pointer argument]	C:/hd25/kingdom2/worldmap/manager.cpp
002beb90	_ZN8worldmap7Manager10get2ldFileEv	high	1	0	const char *	worldmap::Manager::get2ldFile() [DWARF: static -- no implicit `this`, do NOT add a leading self/object-pointer argument]	C:/hd25/kingdom2/worldmap/manager.cpp
002bebd0	_ZN8worldmap10ActionShip7controlEPN2YS3OBJE	sim-high	0	2		worldmap::ActionShip::control(worldmap::ActionShip *, YS::OBJ *)	C:/hd25/kingdom2/worldmap/actionship.cpp
002bed48	_ZN8worldmap13MessageWidgetC1Eii	high	0	3		worldmap::MessageWidget::MessageWidget(worldmap::MessageWidget *, int, int)	C:/hd25/kingdom2/worldmap/messagewidget.cpp
002bf098	_ZN8worldmap10RootWindowC1Ev	sim-high	0	1		worldmap::RootWindow::RootWindow(worldmap::RootWindow *)	C:/hd25/kingdom2/worldmap/rootwindow.cpp
002bf1f0	_ZN8worldmap10RootWindowD1Ev	sim-high	0	1		worldmap::RootWindow::~RootWindow(worldmap::RootWindow *)	C:/hd25/kingdom2/worldmap/rootwindow.cpp
002bf308	_ZN8worldmap10RootWindow8execTaskEP4TASK	sim-high	1	1		worldmap::RootWindow::execTask(TASK *) [DWARF: static -- no implicit `this`, do NOT add a leading self/object-pointer argument]	C:/hd25/kingdom2/worldmap/rootwindow.cpp
002bf398	_ZN8worldmap6SymbolC1EPKN2YS8OBJENTRYERKN2kn7FVectorEf	sim-med	0	4		worldmap::Symbol::Symbol(worldmap::Symbol *, const YS::OBJENTRY *, const kn::FVector &, float)	C:/hd25/kingdom2/worldmap/symbol.cpp
002bf538	_ZN8worldmap6Symbol9_OVR_execEv	sim-med	0	1		worldmap::Symbol::_OVR_exec(worldmap::Symbol *)	C:/hd25/kingdom2/worldmap/symbol.cpp
002bf5a0	_ZN8worldmap6Symbol15_OVR_checkStateEv	sim-high	0	1		worldmap::Symbol::_OVR_checkState(worldmap::Symbol *)	C:/hd25/kingdom2/worldmap/symbol.cpp
002bf650	_ZN8worldmap6Symbol8setStateEPKN2YS10WORLDSTATEE	sim-high	0	2		worldmap::Symbol::setState(worldmap::Symbol *, const YS::WORLDSTATE *)	C:/hd25/kingdom2/worldmap/symbol.cpp
002bf8a8	_ZN8worldmap6Symbol20_OVR_attack_callbackEPN2YS6BTLOBJEPNS1_6ATTACKEPKNS1_11ATTACKPARAME	sim-med	0	4		worldmap::Symbol::_OVR_attack_callback(worldmap::Symbol *, YS::BTLOBJ *, YS::ATTACK *, const YS::ATTACKPARAM *)	C:/hd25/kingdom2/worldmap/symbol.cpp
002bf8f0	_ZN8worldmap6Symbol13appearEpisodeEv	sim-high	0	1		worldmap::Symbol::appearEpisode(worldmap::Symbol *)	C:/hd25/kingdom2/worldmap/symbol.cpp
002bf9d8	_ZN8worldmap5EventC1EP4TASKi	sim-high	0	3		worldmap::Event::Event(worldmap::Event *, TASK *, int)	C:/hd25/kingdom2/worldmap/event.cpp
002bfaf0	_ZN8worldmap5EventD1Ev	sim-high	0	1		worldmap::Event::~Event(worldmap::Event *)	C:/hd25/kingdom2/worldmap/event.cpp
002bfb90	_ZN8worldmap5Event4execEv	sim-high	0	1		worldmap::Event::exec(worldmap::Event *)	C:/hd25/kingdom2/worldmap/event.cpp
002bfcf8	_ZN8worldmap5Event11CompareFlagEPKvS2_	sim-med	1	2	int	worldmap::Event::CompareFlag(const void *, const void *) [DWARF: static -- no implicit `this`, do NOT add a leading self/object-pointer argument]	C:/hd25/kingdom2/worldmap/event.cpp
002bfd48	_ZN8worldmap5Event12execLibrettoEi	sim-high	0	2		worldmap::Event::execLibretto(worldmap::Event *, int)	C:/hd25/kingdom2/worldmap/event.cpp
002bff98	_ZN8worldmap11EventCameraC1ERKN2kn7FVectorES4_f	sim-med	0	4		worldmap::EventCamera::EventCamera(worldmap::EventCamera *, const kn::FVector &, const kn::FVector &, float)	C:/hd25/kingdom2/worldmap/eventcamera.cpp
002c01a8	_ZN8worldmap11EventCamera6updateEv	sim-med	0	1	bool	worldmap::EventCamera::update(worldmap::EventCamera *)	C:/hd25/kingdom2/worldmap/eventcamera.cpp
002c0370	_ZN8worldmap12LockOnCameraC1EPN2YS6PLAYERERNS1_6TARGETE	sim-med	0	3		worldmap::LockOnCamera::LockOnCamera(worldmap::LockOnCamera *, YS::PLAYER *, YS::TARGET &)	C:/hd25/kingdom2/worldmap/lockoncamera.cpp
002c0470	_ZN8worldmap12LockOnCamera6updateEv	sim-med	0	1	bool	worldmap::LockOnCamera::update(worldmap::LockOnCamera *)	C:/hd25/kingdom2/worldmap/lockoncamera.cpp
002c04c8	_ZN8worldmap12LockOnCamera8getEyeAtERN2kn7FVectorES3_	sim-high	0	3		worldmap::LockOnCamera::getEyeAt(worldmap::LockOnCamera *, kn::FVector &, kn::FVector &)	C:/hd25/kingdom2/worldmap/lockoncamera.cpp
002c0ca0	_ZN2dk13WM_TOTAL_INFOC1Ev	sim-high	0	1		dk::WM_TOTAL_INFO::WM_TOTAL_INFO(dk::WM_TOTAL_INFO *)	C:/hd25/kingdom2/worldmap/wm_total_info.cpp
002c14e8	_ZN2dk13WM_TOTAL_INFO6updateEv	med	0	1		dk::WM_TOTAL_INFO::update(dk::WM_TOTAL_INFO *)	C:/hd25/kingdom2/worldmap/wm_total_info.cpp
002c16e8	_ZN2dk13WM_TOTAL_INFO4drawEv	med	0	1		dk::WM_TOTAL_INFO::draw(dk::WM_TOTAL_INFO *)	C:/hd25/kingdom2/worldmap/wm_total_info.cpp
002c17d8	_ZN8worldmap10ActionWarp5startEPN2YS3OBJE	sim-high	0	2		worldmap::ActionWarp::start(worldmap::ActionWarp *, YS::OBJ *)	C:/hd25/kingdom2/worldmap/actionwarp.cpp
002c1848	_ZN8worldmap10ActionWarp3endEPN2YS3OBJE	sim-sandwich	0	2		worldmap::ActionWarp::end(worldmap::ActionWarp *, YS::OBJ *)	C:/hd25/kingdom2/worldmap/actionwarp.cpp
002c1860	_ZN8worldmap10ActionWarp7controlEPN2YS3OBJE	sim-med	0	2		worldmap::ActionWarp::control(worldmap::ActionWarp *, YS::OBJ *)	C:/hd25/kingdom2/worldmap/actionwarp.cpp
002c18e0	_ZN8worldmap10ActionDash5startEPN2YS3OBJE	sim-med	0	2		worldmap::ActionDash::start(worldmap::ActionDash *, YS::OBJ *)	C:/hd25/kingdom2/worldmap/actiondash.cpp
002c1950	_ZN8worldmap10ActionDash3endEPN2YS3OBJE	sim-high	0	2		worldmap::ActionDash::end(worldmap::ActionDash *, YS::OBJ *)	C:/hd25/kingdom2/worldmap/actiondash.cpp
002c19b0	_ZN8worldmap10ActionDash7controlEPN2YS3OBJE	sim-med	0	2		worldmap::ActionDash::control(worldmap::ActionDash *, YS::OBJ *)	C:/hd25/kingdom2/worldmap/actiondash.cpp
002c1ae8	_ZN8worldmap4Gumi15_OVR_initializeEv	sim-high	0	1		worldmap::Gumi::_OVR_initialize(worldmap::Gumi *)	C:/hd25/kingdom2/worldmap/gumi.cpp
002c1b60	_ZN8worldmap4Gumi8setStateEPKN2YS6COURSEE	sim-med	0	2		worldmap::Gumi::setState(worldmap::Gumi *, const YS::COURSE *)	C:/hd25/kingdom2/worldmap/gumi.cpp
002c1be0	_ZN8worldmap4Gumi15_OVR_checkStateEv	sim-high	0	1		worldmap::Gumi::_OVR_checkState(worldmap::Gumi *)	C:/hd25/kingdom2/worldmap/gumi.cpp
002c1c50	_ZN8worldmap4Gumi15_OVR_applyStateEv	sim-sandwich	0	1		worldmap::Gumi::_OVR_applyState(worldmap::Gumi *)	C:/hd25/kingdom2/worldmap/gumi.cpp
002c1d48	_ZN8worldmap3Obj7eachAllEPN2YS3OBJE	sim-med	1	1	worldmap::Obj *	worldmap::Obj::eachAll(YS::OBJ *) [DWARF: static -- no implicit `this`, do NOT add a leading self/object-pointer argument]	C:/hd25/kingdom2/worldmap/obj.cpp
002c1dc0	_ZN8worldmap6Course13applyStateAllEv	sim-med	1	0		worldmap::Course::applyStateAll() [DWARF: static -- no implicit `this`, do NOT add a leading self/object-pointer argument]	C:/hd25/kingdom2/worldmap/course.cpp
002c1f08	_ZN8worldmap9ObjWidgetC1Ej	sim-rerun-med	0	2		worldmap::ObjWidget::ObjWidget(worldmap::ObjWidget *, OBJENTRY_ID)	C:/hd25/kingdom2/worldmap/objwidget.cpp
002c2228	_ZN8worldmap2BG9showGroupEi	sim-med	1	1		worldmap::BG::showGroup(int) [DWARF: static -- no implicit `this`, do NOT add a leading self/object-pointer argument]	C:/hd25/kingdom2/worldmap/bg.cpp
002c2248	_ZN8worldmap2BG9hideGroupEi	sim-med	1	1		worldmap::BG::hideGroup(int) [DWARF: static -- no implicit `this`, do NOT add a leading self/object-pointer argument]	C:/hd25/kingdom2/worldmap/bg.cpp
002c2268	_ZN8worldmap2BG7showObjEi	sim-rerun-med	1	1		worldmap::BG::showObj(int) [DWARF: static -- no implicit `this`, do NOT add a leading self/object-pointer argument]	C:/hd25/kingdom2/worldmap/bg.cpp
002c2288	_ZN8worldmap2BG7hideObjEi	sim-rerun-high	1	1		worldmap::BG::hideObj(int) [DWARF: static -- no implicit `this`, do NOT add a leading self/object-pointer argument]	C:/hd25/kingdom2/worldmap/bg.cpp
002c22f0	_ZNK8worldmap3Key10getOpenNumEv	sim-med	0	1	int	worldmap::Key::getOpenNum(const worldmap::Key *)	C:/hd25/kingdom2/worldmap/key.cpp
002c29d8	_ZN2dk10WM_LANDINGC1Ev	sim-high	0	1		dk::WM_LANDING::WM_LANDING(dk::WM_LANDING *)	C:/hd25/kingdom2/worldmap/wm_landing.cpp
002c2cb8	_ZN2dk10WM_LANDINGD1Ev	sim-high	0	1		dk::WM_LANDING::~WM_LANDING(dk::WM_LANDING *)	C:/hd25/kingdom2/worldmap/wm_landing.cpp
002c3280	_ZN2dk10WM_LANDING7destroyEv	med	0	1		dk::WM_LANDING::destroy(dk::WM_LANDING *)	C:/hd25/kingdom2/worldmap/wm_landing.cpp
002c3638	_ZN2dk10WM_LANDING10selectListEv	med	0	1		dk::WM_LANDING::selectList(dk::WM_LANDING *)	C:/hd25/kingdom2/worldmap/wm_landing.cpp
002c3c90	_ZN2dk10WM_LANDING6selectEv	med	0	1		dk::WM_LANDING::select(dk::WM_LANDING *)	C:/hd25/kingdom2/worldmap/wm_landing.cpp
002c3e58	_ZN2dk10WM_LANDING6updateEv	sim-high	0	1		dk::WM_LANDING::update(dk::WM_LANDING *)	C:/hd25/kingdom2/worldmap/wm_landing.cpp
002c40d8	_ZN2dk10WM_LANDING8drawListEv	high	0	1		dk::WM_LANDING::drawList(dk::WM_LANDING *)	C:/hd25/kingdom2/worldmap/wm_landing.cpp
002c4390	_ZN2dk10mitem_drawEiijjPNS_13SpriteMessageE	med	1	5		dk::mitem_draw(int, int, u_int, u_int, dk::SpriteMessage *) [DWARF: static -- no implicit `this`, do NOT add a leading self/object-pointer argument]	C:/hd25/kingdom2/worldmap/wm_landing.cpp
002c44b8	_ZN2dk10WM_LANDING12createSelectEv	med	0	1		dk::WM_LANDING::createSelect(dk::WM_LANDING *)	C:/hd25/kingdom2/worldmap/wm_landing.cpp
002c4ca8	_ZN2dk10WM_LANDING21createSelectDepartureEv	med	0	1		dk::WM_LANDING::createSelectDeparture(dk::WM_LANDING *)	C:/hd25/kingdom2/worldmap/wm_landing.cpp
002c4e98	_ZN2dk10WM_LANDING6createEPKcRKN2YS6TARGETE	high	0	3		dk::WM_LANDING::create(dk::WM_LANDING *, const char *, const YS::TARGET &)	C:/hd25/kingdom2/worldmap/wm_landing.cpp
002c5140	_ZN2dk10WM_LANDING13get_jump_flagEv	med	0	1	bool	dk::WM_LANDING::get_jump_flag(dk::WM_LANDING *)	C:/hd25/kingdom2/worldmap/wm_landing.cpp
002c5150	_ZN2dk10WM_LANDING7is_jumpEv	med	1	0	bool	dk::WM_LANDING::is_jump() [DWARF: static -- no implicit `this`, do NOT add a leading self/object-pointer argument]	C:/hd25/kingdom2/worldmap/wm_landing.cpp
002c5238	_ZN2dk10WM_LANDING10makeNumberEiiPi	med	1	3	int	dk::WM_LANDING::makeNumber(int, int, int *) [DWARF: static -- no implicit `this`, do NOT add a leading self/object-pointer argument]	C:/hd25/kingdom2/worldmap/wm_landing.cpp
002c53a8	_ZN2dk7WM_EXIT17execGumiMenu_taskEP4TASK	sim-high	1	1		dk::WM_EXIT::execGumiMenu_task(TASK *) [DWARF: static -- no implicit `this`, do NOT add a leading self/object-pointer argument]	C:/hd25/kingdom2/worldmap/wm_exit.cpp
002c5418	_ZN2dk7WM_EXIT12jumpGumiMenuEi	sim-med	1	1		dk::WM_EXIT::jumpGumiMenu(int) [DWARF: static -- no implicit `this`, do NOT add a leading self/object-pointer argument]	C:/hd25/kingdom2/worldmap/wm_exit.cpp
002c55b0	_ZN2dk6WM_OBJ13_OVR_pre_execEv	sim-high	0	1		dk::WM_OBJ::_OVR_pre_exec(dk::WM_OBJ *)	C:/hd25/kingdom2/worldmap/wm_obj.cpp
002c55f0	_ZN2dk6WM_OBJ14_OVR_post_execEv	sim-med	0	1		dk::WM_OBJ::_OVR_post_exec(dk::WM_OBJ *)	C:/hd25/kingdom2/worldmap/wm_obj.cpp
002c5608	_ZN2dk6WM_OBJ8hide_objEv	sim-rerun-med	0	1		dk::WM_OBJ::hide_obj(dk::WM_OBJ *)	C:/hd25/kingdom2/worldmap/wm_obj.cpp
002c5628	_ZN2dk6WM_OBJ8show_objEv	sim-rerun-med	0	1		dk::WM_OBJ::show_obj(dk::WM_OBJ *)	C:/hd25/kingdom2/worldmap/wm_obj.cpp
002c56d0	_ZN2dk6WM_OBJ13_OVR__destroyEv	sim-high	0	1		dk::WM_OBJ::_OVR__destroy(dk::WM_OBJ *)	C:/hd25/kingdom2/worldmap/wm_obj.cpp
002c5850	_ZN8worldmap6PlayerC1EPKN2YS8OBJENTRYEPNS1_3PADERKN2kn7FVectorEf	med	0	5		worldmap::Player::Player(worldmap::Player *, const YS::OBJENTRY *, YS::PAD *, const kn::FVector &, float)	C:/hd25/kingdom2/worldmap/player.cpp
002c5900	_ZN8worldmap6Player12_OVR_controlEv	med	0	1		worldmap::Player::_OVR_control(worldmap::Player *)	C:/hd25/kingdom2/worldmap/player.cpp
002c5980	_ZN8worldmap6Player15execInformationEPN2YS3OBJE	med	0	2		worldmap::Player::execInformation(worldmap::Player *, YS::OBJ *)	C:/hd25/kingdom2/worldmap/player.cpp
002c5b20	_ZN8worldmap6Player24_OVR_exec_command_playerEPKN2YS12COMMAND_ELEME	med	0	2		worldmap::Player::_OVR_exec_command_player(worldmap::Player *, const YS::COMMAND_ELEM *)	C:/hd25/kingdom2/worldmap/player.cpp
002c5c50	_ZN8worldmap6Player12landingWorldERKN2YS6TARGETE	med	0	2		worldmap::Player::landingWorld(worldmap::Player *, const YS::TARGET &)	C:/hd25/kingdom2/worldmap/player.cpp
002c5dc0	_ZN8worldmap6Player11landingGumiERKN2YS6TARGETE	med	0	2		worldmap::Player::landingGumi(worldmap::Player *, const YS::TARGET &)	C:/hd25/kingdom2/worldmap/player.cpp
002c5fb8	_ZN8worldmap6Player19_OVR_get_lockon_posEv	sim-med	0	1		worldmap::Player::_OVR_get_lockon_pos(worldmap::Player *)	C:/hd25/kingdom2/worldmap/player.cpp
002c5ff8	_ZN8worldmap6Player18_OVR_touch_barrierEi	med	0	2		worldmap::Player::_OVR_touch_barrier(worldmap::Player *, int)	C:/hd25/kingdom2/worldmap/player.cpp
002c6050	_ZN8worldmap6Player9checkDarkEi	sim-high	0	2		worldmap::Player::checkDark(worldmap::Player *, int)	C:/hd25/kingdom2/worldmap/player.cpp
002c60f8	_ZN8worldmap6Player14_OVR_post_execEv	med	0	1		worldmap::Player::_OVR_post_exec(worldmap::Player *)	C:/hd25/kingdom2/worldmap/player.cpp
002c6158	_ZN8worldmap13CameraManagerC1Ev	sim-med	0	1		worldmap::CameraManager::CameraManager(worldmap::CameraManager *)	C:/hd25/kingdom2/worldmap/cameramanager.cpp
002c6190	_ZN8worldmap13CameraManager10initializeEv	sim-med	0	1		worldmap::CameraManager::initialize(worldmap::CameraManager *)	C:/hd25/kingdom2/worldmap/cameramanager.cpp
002c6228	_ZN8worldmap13CameraManager6appendEiPNS_6CameraE	sim-med	0	3		worldmap::CameraManager::append(worldmap::CameraManager *, int, worldmap::Camera *)	C:/hd25/kingdom2/worldmap/cameramanager.cpp
002c6420	_ZN8worldmap6Camera10initializeEv	sim-high	0	1		worldmap::Camera::initialize(worldmap::Camera *)	C:/hd25/kingdom2/worldmap/camera.cpp
002c6490	_ZN8worldmap6Camera6updateEv	sim-high	0	1	bool	worldmap::Camera::update(worldmap::Camera *)	C:/hd25/kingdom2/worldmap/camera.cpp
002c68f0	_ZN8worldmap9ObjCamera6updateEv	sim-high	0	1	bool	worldmap::ObjCamera::update(worldmap::ObjCamera *)	C:/hd25/kingdom2/worldmap/objcamera.cpp
002c6eb8	_ZN8worldmap4Warp5startEPNS_6PlayerERKN2YS6TARGETE	high	0	3		worldmap::Warp::start(worldmap::Warp *, worldmap::Player *, const YS::TARGET &)	C:/hd25/kingdom2/worldmap/warp.cpp
002c7060	_ZN8worldmap4Warp4execEPNS_6PlayerE	sim-high	0	2		worldmap::Warp::exec(worldmap::Warp *, worldmap::Player *)	C:/hd25/kingdom2/worldmap/warp.cpp
002c7108	_ZN2dk15WM_LANDING_INFOC1Ei	sim-high	0	2		dk::WM_LANDING_INFO::WM_LANDING_INFO(dk::WM_LANDING_INFO *, int)	C:/hd25/kingdom2/worldmap/wm_landing_info.cpp
002c8028	_ZN2dk15WM_LANDING_INFOD1Ev	sim-high	0	1		dk::WM_LANDING_INFO::~WM_LANDING_INFO(dk::WM_LANDING_INFO *)	C:/hd25/kingdom2/worldmap/wm_landing_info.cpp
002c83c0	_ZN2dk15WM_LANDING_INFO6updateEv	sim-high	0	1		dk::WM_LANDING_INFO::update(dk::WM_LANDING_INFO *)	C:/hd25/kingdom2/worldmap/wm_landing_info.cpp
002c8490	_ZN2dk15WM_LANDING_INFO9leave_reqEv	med	0	1		dk::WM_LANDING_INFO::leave_req(dk::WM_LANDING_INFO *)	C:/hd25/kingdom2/worldmap/wm_landing_info.cpp
002c8520	_ZN2dk15WM_LANDING_INFO7destroyEv	sim-sib-med	0	1		dk::WM_LANDING_INFO::destroy(dk::WM_LANDING_INFO *)	C:/hd25/kingdom2/worldmap/wm_landing_info.cpp
002c85c8	_ZN2dk15WM_LANDING_INFO5startEi	med	1	1		dk::WM_LANDING_INFO::start(const int) [DWARF: static -- no implicit `this`, do NOT add a leading self/object-pointer argument]	C:/hd25/kingdom2/worldmap/wm_landing_info.cpp
002c8680	_ZN2dk15WM_LANDING_INFO8setupKeyEPKN8worldmap3KeyE	sim-high	0	2		dk::WM_LANDING_INFO::setupKey(dk::WM_LANDING_INFO *, const worldmap::Key *)	C:/hd25/kingdom2/worldmap/wm_landing_info.cpp
002c90c8	_ZN2dk16WM_GLANDING_INFOC1Ei	sim-high	0	2		dk::WM_GLANDING_INFO::WM_GLANDING_INFO(dk::WM_GLANDING_INFO *, int)	C:/hd25/kingdom2/worldmap/wm_glanding_info.cpp
002c9998	_ZN2dk16WM_GLANDING_INFOD1Ev	sim-high	0	1		dk::WM_GLANDING_INFO::~WM_GLANDING_INFO(dk::WM_GLANDING_INFO *)	C:/hd25/kingdom2/worldmap/wm_glanding_info.cpp
002c9f60	_ZN2dk16WM_GLANDING_INFO6updateEv	sim-high	0	1		dk::WM_GLANDING_INFO::update(dk::WM_GLANDING_INFO *)	C:/hd25/kingdom2/worldmap/wm_glanding_info.cpp
002ca010	_ZN2dk16WM_GLANDING_INFO5startEi	high	1	1		dk::WM_GLANDING_INFO::start(int) [DWARF: static -- no implicit `this`, do NOT add a leading self/object-pointer argument]	C:/hd25/kingdom2/worldmap/wm_glanding_info.cpp
002ca170	_ZN2dk11WM_GLANDINGC1Ev	sim-high	0	1		dk::WM_GLANDING::WM_GLANDING(dk::WM_GLANDING *)	C:/hd25/kingdom2/worldmap/wm_glanding.cpp
002ca290	_ZN2dk11WM_GLANDINGD1Ev	sim-high	0	1		dk::WM_GLANDING::~WM_GLANDING(dk::WM_GLANDING *)	C:/hd25/kingdom2/worldmap/wm_glanding.cpp
002ca4c0	_ZN2dk11WM_GLANDING6selectEv	high	0	1		dk::WM_GLANDING::select(dk::WM_GLANDING *)	C:/hd25/kingdom2/worldmap/wm_glanding.cpp
002ca6f8	_ZN2dk11WM_GLANDING19drawSelectDepartureEv	high	0	1		dk::WM_GLANDING::drawSelectDeparture(dk::WM_GLANDING *)	C:/hd25/kingdom2/worldmap/wm_glanding.cpp
002ca7b0	_ZN2dk11WM_GLANDING4drawEv	med	0	1		dk::WM_GLANDING::draw(dk::WM_GLANDING *)	C:/hd25/kingdom2/worldmap/wm_glanding.cpp
002ca828	_ZN2dk11WM_GLANDING21createSelectDepartureEv	med	0	1		dk::WM_GLANDING::createSelectDeparture(dk::WM_GLANDING *)	C:/hd25/kingdom2/worldmap/wm_glanding.cpp
002caa50	_ZN2dk11WM_GLANDING6createEPKci	high	0	3		dk::WM_GLANDING::create(dk::WM_GLANDING *, const char *, const int)	C:/hd25/kingdom2/worldmap/wm_glanding.cpp
002cae60	_ZN8worldmap13CloseUpCameraC1ERKN2YS6TARGETERKN2kn7FVectorEf	sim-high	0	4		worldmap::CloseUpCamera::CloseUpCamera(worldmap::CloseUpCamera *, const YS::TARGET &, const kn::FVector &, float)	C:/hd25/kingdom2/worldmap/closeupcamera.cpp
002cb200	_ZN2dk15WM_LANDING_LIST17createLandingListEiRi	med	0	3	int	dk::WM_LANDING_LIST::createLandingList(dk::WM_LANDING_LIST *, int, int &)	C:/hd25/kingdom2/worldmap/wm_landinglist.cpp
002cb460	_ZN2dk7WM_GUMI13_OVR_pre_execEv	sim-rerun-med	0	1		dk::WM_GUMI::_OVR_pre_exec(dk::WM_GUMI *)	C:/hd25/kingdom2/worldmap/wm_gumi.cpp
002cb4a0	_ZN2dk7WM_GUMI9showCheckEv	sim-rerun-med	0	1		dk::WM_GUMI::showCheck(dk::WM_GUMI *)	C:/hd25/kingdom2/worldmap/wm_gumi.cpp
002cb5d8	_ZN2Ti4PathC1Ef	med	0	2		Ti::Path::Path(Ti::Path *, float)	C:/hd25/kingdom2/taito/path.cpp
002cb708	_ZN2Ti4PathD1Ev	high	0	1		Ti::Path::~Path(Ti::Path *)	C:/hd25/kingdom2/taito/path.cpp
002cb7c0	_ZN2Ti4Path16set_target_pointEPN2YS3OBJEi	med	0	3		Ti::Path::set_target_point(Ti::Path *, YS::OBJ *, int)	C:/hd25/kingdom2/taito/path.cpp
002cb800	_ZN2Ti4Path11reverse_wayERKN2kn7FVectorE	med	0	2	bool	Ti::Path::reverse_way(Ti::Path *, const kn::FVector &)	C:/hd25/kingdom2/taito/path.cpp
002cb890	_ZN2Ti4Path14calc_curve_posEfRNS0_5PointES2_	sim-rerun-med	0	4		Ti::Path::calc_curve_pos(Ti::Path *, float, Ti::Path::Point &, Ti::Path::Point &)	C:/hd25/kingdom2/taito/path.cpp
002cba88	_ZN2Ti4Path7get_dirERKN2kn7FVectorES4_ff	med	0	5		Ti::Path::get_dir(Ti::Path *, const kn::FVector &, const kn::FVector &, float, float)	C:/hd25/kingdom2/taito/path.cpp
002cbca0	_ZN2Ti4Path17get_next_movementERKN2kn7FVectorES4_	sim-high	0	3		Ti::Path::get_next_movement(Ti::Path *, const kn::FVector &, const kn::FVector &)	C:/hd25/kingdom2/taito/path.cpp
002cbd20	_ZN2Ti4Path15forward_pointerERff	med	0	3	bool	Ti::Path::forward_pointer(Ti::Path *, float &, float)	C:/hd25/kingdom2/taito/path.cpp
002cbf08	_ZN2Ti4Path15get_current_dirEv	med	0	1		Ti::Path::get_current_dir(Ti::Path *)	C:/hd25/kingdom2/taito/path.cpp
002cbf70	_ZN2Ti4Path12get_next_posERN2kn7FVectorES3_f	sim-med	0	4	bool	Ti::Path::get_next_pos(Ti::Path *, kn::FVector &, kn::FVector &, float)	C:/hd25/kingdom2/taito/path.cpp
002cc620	_ZN2Ti4Path15reset_leave_wayEPN2YS3OBJES3_	sim-high	0	3		Ti::Path::reset_leave_way(Ti::Path *, YS::OBJ *, YS::OBJ *)	C:/hd25/kingdom2/taito/path.cpp
002cd018	_ZN2Ti4Path6CreateEPN2YS3OBJEPKNS1_14UNIT_DATA_PATHERKN2kn7FVectorEf	med	1	4	Ti::Path *	Ti::Path::Create(YS::OBJ *, const YS::UNIT_DATA_PATH *, const kn::FVector &, float) [DWARF: static -- no implicit `this`, do NOT add a leading self/object-pointer argument]	C:/hd25/kingdom2/taito/path.cpp
002cd1d8	_ZN2Ti4Path16CreateActivePathEPN2YS3OBJES3_	med	1	2	Ti::Path *	Ti::Path::CreateActivePath(YS::OBJ *, YS::OBJ *) [DWARF: static -- no implicit `this`, do NOT add a leading self/object-pointer argument]	C:/hd25/kingdom2/taito/path.cpp
002cd290	_ZN2Ti4Path17reset_active_pathEPN2YS3OBJES3_	high	0	3		Ti::Path::reset_active_path(Ti::Path *, YS::OBJ *, YS::OBJ *)	C:/hd25/kingdom2/taito/path.cpp
002cda68	_ZN2Ti4Path14calc_curve_posEif	sim-med	0	3		Ti::Path::calc_curve_pos(Ti::Path *, int, float)	C:/hd25/kingdom2/taito/path.cpp
002cdfb0	_ZN2Ti4Path32search_near_point_from_pre_pointERiRfRKN2kn7FVectorEf	sim-high	0	5	float	Ti::Path::search_near_point_from_pre_point(Ti::Path *, int &, float &, const kn::FVector &, float)	C:/hd25/kingdom2/taito/path.cpp
002ce2a0	_ZN2Ti4Path17search_near_pointERiRfRKN2kn7FVectorE	sim-med	0	4	float	Ti::Path::search_near_point(Ti::Path *, int &, float &, const kn::FVector &)	C:/hd25/kingdom2/taito/path.cpp
002ce6b8	_ZN2Ti4Path13reset_currentERKN2kn7FVectorE	sim-med	0	2	float	Ti::Path::reset_current(Ti::Path *, const kn::FVector &)	C:/hd25/kingdom2/taito/path.cpp
002cea68	_ZN2Ti8MiniGameD1Ev	sim-rerun-med	0	1		Ti::MiniGame::~MiniGame(Ti::MiniGame *)	C:/hd25/kingdom2/taito/minigame.cpp
002cebc0	_ZN2Ti8MiniGame4stopEv	sim-rerun2-med	0	1		Ti::MiniGame::stop(Ti::MiniGame *)	C:/hd25/kingdom2/taito/minigame.cpp
002cebc8	_ZN2Ti8MiniGame14is_enable_unitEj	med	1	1	bool	Ti::MiniGame::is_enable_unit(u_int) [DWARF: static -- no implicit `this`, do NOT add a leading self/object-pointer argument]	C:/hd25/kingdom2/taito/minigame.cpp
002cec88	_ZN2Ti8MiniGame19task_proc_view_infoEP4TASK	sim-high	1	1		Ti::MiniGame::task_proc_view_info(TASK *) [DWARF: static -- no implicit `this`, do NOT add a leading self/object-pointer argument]	C:/hd25/kingdom2/taito/minigame.cpp
002cedd0	_ZN2Ti8MiniGame11create_taskEiPNS0_9TaskParamE	sim-high	1	2		Ti::MiniGame::create_task(int, Ti::MiniGame::TaskParam *) [DWARF: static -- no implicit `this`, do NOT add a leading self/object-pointer argument]	C:/hd25/kingdom2/taito/minigame.cpp
002cee58	_ZN2Ti8MiniGame14obj_is_visibleEPKN2YS13UNIT_DATA_OBJE	med	0	2	bool	Ti::MiniGame::obj_is_visible(Ti::MiniGame *, const YS::UNIT_DATA_OBJ *)	C:/hd25/kingdom2/taito/minigame.cpp
002ceef8	_ZN2Ti8MiniGame14obj_is_visibleEPN2YS3OBJE	sim-med	0	2	bool	Ti::MiniGame::obj_is_visible(Ti::MiniGame *, YS::OBJ *)	C:/hd25/kingdom2/taito/minigame.cpp
002cef80	_ZN2Ti8MiniGame16prize_is_visibleEPN2YS14PRIZEEFFECT_POE	sim-med	0	2	bool	Ti::MiniGame::prize_is_visible(Ti::MiniGame *, YS::PRIZEEFFECT_PO *)	C:/hd25/kingdom2/taito/minigame.cpp
002cf058	_ZN2Ti8MiniGame13_prepare_zoneEPN2YS4ZONEE	sim-high	0	2		Ti::MiniGame::_prepare_zone(Ti::MiniGame *, YS::ZONE *)	C:/hd25/kingdom2/taito/minigame.cpp
002cf280	_ZN2Ti5LFlag3setEjj	med	0	3		Ti::LFlag::set(Ti::LFlag *, u_int, u_int)	C:/hd25/kingdom2/taito/minigame.cpp
002cf2d8	_ZN2Ti5MGObj19clear_prize_counterEv	med	1	0		Ti::MGObj::clear_prize_counter() [DWARF: static -- no implicit `this`, do NOT add a leading self/object-pointer argument]	C:/hd25/kingdom2/taito/mg_obj.cpp
002cf308	_ZN2Ti5MGObj15get_prize_countEi	high	1	1	int	Ti::MGObj::get_prize_count(int) [DWARF: static -- no implicit `this`, do NOT add a leading self/object-pointer argument]	C:/hd25/kingdom2/taito/mg_obj.cpp
002cf320	_ZN2Ti5MGObj10alloc_workEi	med	1	1		Ti::MGObj::alloc_work(int) [DWARF: static -- no implicit `this`, do NOT add a leading self/object-pointer argument]	C:/hd25/kingdom2/taito/mg_obj.cpp
002cf3f8	_ZN2Ti5MGObj12release_workEv	sim-med	1	0		Ti::MGObj::release_work() [DWARF: static -- no implicit `this`, do NOT add a leading self/object-pointer argument]	C:/hd25/kingdom2/taito/mg_obj.cpp
002cf4a8	_ZN2Ti5MGObj6appearERNS_11MGObjMemberE	med	1	1	Ti::MGObj *	Ti::MGObj::appear(Ti::MGObjMember &) [DWARF: static -- no implicit `this`, do NOT add a leading self/object-pointer argument]	C:/hd25/kingdom2/taito/mg_obj.cpp
002cf638	_ZN2Ti5MGObj23find_free_member_bufferEi	high	1	1	int	Ti::MGObj::find_free_member_buffer(int) [DWARF: static -- no implicit `this`, do NOT add a leading self/object-pointer argument]	C:/hd25/kingdom2/taito/mg_obj.cpp
002cf750	_ZN2Ti5MGObj13append_memberEjPN2YS10UNIT_GROUPEPKNS1_13UNIT_DATA_OBJEPNS_11MGObjMemberES8_	med	1	5	Ti::MGObjMember *	Ti::MGObj::append_member(u_int, YS::UNIT_GROUP *, const YS::UNIT_DATA_OBJ *, Ti::MGObjMember *, Ti::MGObjMember *) [DWARF: static -- no implicit `this`, do NOT add a leading self/object-pointer argument]	C:/hd25/kingdom2/taito/mg_obj.cpp
002cf8c0	_ZN2Ti5MGObj23append_member_from_zoneEijPN2YS10UNIT_GROUPEPKNS1_14UNIT_DATA_ZONEE	med	1	4	Ti::MGObjMember *	Ti::MGObj::append_member_from_zone(int, u_int, YS::UNIT_GROUP *, const YS::UNIT_DATA_ZONE *) [DWARF: static -- no implicit `this`, do NOT add a leading self/object-pointer argument]	C:/hd25/kingdom2/taito/mg_obj.cpp
002cf938	_ZN2Ti5MGObj17reset_all_membersEb	high	1	1		Ti::MGObj::reset_all_members(bool) [DWARF: static -- no implicit `this`, do NOT add a leading self/object-pointer argument]	C:/hd25/kingdom2/taito/mg_obj.cpp
002cf998	_ZN2Ti5MGObj12exec_prepareEv	med	1	0		Ti::MGObj::exec_prepare() [DWARF: static -- no implicit `this`, do NOT add a leading self/object-pointer argument]	C:/hd25/kingdom2/taito/mg_obj.cpp
002cfb30	_ZN2Ti5MGObj11exec_appearEv	med	1	0		Ti::MGObj::exec_appear() [DWARF: static -- no implicit `this`, do NOT add a leading self/object-pointer argument]	C:/hd25/kingdom2/taito/mg_obj.cpp
002cff00	_ZN2Ti5MGObjC1EPKN2YS8OBJENTRYEjRKN2kn7FVectorEf	sim-high	0	5		Ti::MGObj::MGObj(Ti::MGObj *, const YS::OBJENTRY *, u_int, const kn::FVector &, float)	C:/hd25/kingdom2/taito/mg_obj.cpp
002d0070	_ZN2Ti5MGObj13_OVR__destroyEv	sim-med	0	1		Ti::MGObj::_OVR__destroy(Ti::MGObj *)	C:/hd25/kingdom2/taito/mg_obj.cpp
002d00e0	_ZN2Ti5MGObj15check_all_leaveEv	high	1	0		Ti::MGObj::check_all_leave() [DWARF: static -- no implicit `this`, do NOT add a leading self/object-pointer argument]	C:/hd25/kingdom2/taito/mg_obj.cpp
002d0200	_ZN2Ti5MGObj12IsInitAppearEPKN2YS8OBJENTRYE	high	1	1	bool	Ti::MGObj::IsInitAppear(const YS::OBJENTRY *) [DWARF: static -- no implicit `this`, do NOT add a leading self/object-pointer argument]	C:/hd25/kingdom2/taito/mg_obj.cpp
002d0290	_ZN2Ti5MGObj6createEPKN2YS8OBJENTRYERKN2kn7FVectorEf	sim-high	1	3	YS::OBJ *	Ti::MGObj::create(const YS::OBJENTRY *, const kn::FVector &, float) [DWARF: static -- no implicit `this`, do NOT add a leading self/object-pointer argument]	C:/hd25/kingdom2/taito/mg_obj.cpp
002d0718	_ZN2Ti5MGObj25get_bbox_for_appear_checkEPKN2YS13UNIT_DATA_OBJE	med	1	1		Ti::MGObj::get_bbox_for_appear_check(const YS::UNIT_DATA_OBJ *) [DWARF: static -- no implicit `this`, do NOT add a leading self/object-pointer argument]	C:/hd25/kingdom2/taito/mg_obj.cpp
002d0a78	_ZN2Ti5MGObj16leave_gimobj_allEv	med	1	0		Ti::MGObj::leave_gimobj_all() [DWARF: static -- no implicit `this`, do NOT add a leading self/object-pointer argument]	C:/hd25/kingdom2/taito/mg_obj.cpp
002d0b88	_ZN2Ti5MGObj10set_matrixERKN2kn7FMatrixE	high	0	2		Ti::MGObj::set_matrix(Ti::MGObj *, const kn::FMatrix &)	C:/hd25/kingdom2/taito/mg_obj.cpp
002d0bd8	_ZN2Ti5MGObj10set_matrixEPN2YS3OBJERKN2kn7FMatrixE	high	1	2		Ti::MGObj::set_matrix(YS::OBJ *, const kn::FMatrix &) [DWARF: static -- no implicit `this`, do NOT add a leading self/object-pointer argument]	C:/hd25/kingdom2/taito/mg_obj.cpp
002d0c28	_ZN2Ti5MGObj13hibernate_reqEv	med	0	1		Ti::MGObj::hibernate_req(Ti::MGObj *)	C:/hd25/kingdom2/taito/mg_obj.cpp
002d0cf0	_ZN2Ti5MGObj9hibernateEv	high	0	1		Ti::MGObj::hibernate(Ti::MGObj *)	C:/hd25/kingdom2/taito/mg_obj.cpp
002d0d48	_ZN2Ti5MGObj14_OVR_leave_reqEv	sim-high	0	1		Ti::MGObj::_OVR_leave_req(Ti::MGObj *)	C:/hd25/kingdom2/taito/mg_obj.cpp
002d0d88	_ZN2Ti5MGObj22awake_from_hibernationEv	med	0	1		Ti::MGObj::awake_from_hibernation(Ti::MGObj *)	C:/hd25/kingdom2/taito/mg_obj.cpp
002d0ef0	_ZN2Ti8MGPlayerC1EPKN2YS8OBJENTRYEPNS1_3PADERKN2kn7FVectorEf	sim-med	0	5		Ti::MGPlayer::MGPlayer(Ti::MGPlayer *, const YS::OBJENTRY *, YS::PAD *, const kn::FVector &, float)	C:/hd25/kingdom2/taito/mg_player.cpp
002d1028	_ZN2YS3OBJ6VTABLEIN2Ti8MGPlayerEE7_deleteEPS0_	sim-high	0	2		YS::OBJ::VTABLE<Ti::MGPlayer>::_delete(YS::OBJ::VTABLE<Ti::MGPlayer> *, YS::OBJ *)	C:/hd25/kingdom2/taito/../yasui/libys/obj.h
002d10a0	_ZN2Ti8MGPlayer13_OVR_pre_execEv	med	0	1		Ti::MGPlayer::_OVR_pre_exec(Ti::MGPlayer *)	C:/hd25/kingdom2/taito/mg_player.cpp
002d1228	_ZN2Ti8MGPlayer14_OVR_post_execEv	sim-med	0	1		Ti::MGPlayer::_OVR_post_exec(Ti::MGPlayer *)	C:/hd25/kingdom2/taito/mg_player.cpp
002d1270	_ZN2Ti9MGOarashi4initEii	sim-med	1	2		Ti::MGOarashi::init(int, int) [DWARF: static -- no implicit `this`, do NOT add a leading self/object-pointer argument]	C:/hd25/kingdom2/taito/mg_oarashi.cpp
002d1550	_ZN2Ti9MGOarashiC1Eii	sim-high	0	3		Ti::MGOarashi::MGOarashi(Ti::MGOarashi *, int, int)	C:/hd25/kingdom2/taito/mg_oarashi.cpp
002d1818	_ZN2Ti9MGOarashiD1Ev	sim-med	0	1		Ti::MGOarashi::~MGOarashi(Ti::MGOarashi *)	C:/hd25/kingdom2/taito/mg_oarashi.cpp
002d1d30	_ZN2Ti9MGOarashi19to_screen_ratio_posERKN2kn7FVectorE	sim-rerun-med	0	2		Ti::MGOarashi::to_screen_ratio_pos(Ti::MGOarashi *, const kn::FVector &)	C:/hd25/kingdom2/taito/mg_oarashi.cpp
002d1f20	_ZN2Ti9MGOarashi19get_camera_movementEv	med	0	1	const kn::FVector &	Ti::MGOarashi::get_camera_movement(Ti::MGOarashi *)	C:/hd25/kingdom2/taito/mg_oarashi.cpp
002d1f88	_ZN2Ti9MGOarashi18task_update_cameraEP4TASK	sim-med	1	1		Ti::MGOarashi::task_update_camera(TASK *) [DWARF: static -- no implicit `this`, do NOT add a leading self/object-pointer argument]	C:/hd25/kingdom2/taito/mg_oarashi.cpp
002d2140	_ZN2Ti9MGOarashi13_prepare_zoneEPN2YS4ZONEE	sim-sandwich	0	2		Ti::MGOarashi::_prepare_zone(Ti::MGOarashi *, YS::ZONE *)	C:/hd25/kingdom2/taito/mg_oarashi.cpp
002d2158	_ZN2Ti9MGOarashi13obj_appear_okEPNS_11MGObjMemberE	sim-med	0	2	bool	Ti::MGOarashi::obj_appear_ok(Ti::MGOarashi *, Ti::MGObjMember *)	C:/hd25/kingdom2/taito/mg_oarashi.cpp
002d2190	_ZN2Ti9MGOarashi12obj_leave_okEPNS_5MGObjE	med	0	2	bool	Ti::MGOarashi::obj_leave_ok(Ti::MGOarashi *, Ti::MGObj *)	C:/hd25/kingdom2/taito/mg_oarashi.cpp
002d2330	_ZN2Ti9MGOarashi16_check_collisionEPN2YS3OBJERN2kn7FVectorES6_	sim-rerun2-med	0	4		Ti::MGOarashi::_check_collision(Ti::MGOarashi *, YS::OBJ *, kn::FVector &, kn::FVector &)	C:/hd25/kingdom2/taito/mg_oarashi.cpp
002d24e8	_ZN2Ti9MGOarashi19set_current_tornadoEPNS_5MGObjE	sim-high	0	2		Ti::MGOarashi::set_current_tornado(Ti::MGOarashi *, Ti::MGObj *)	C:/hd25/kingdom2/taito/mg_oarashi.cpp
002d25f0	_ZN2Ti9MGOarashi13task_pre_execEP4TASK	sim-med	1	1		Ti::MGOarashi::task_pre_exec(TASK *) [DWARF: static -- no implicit `this`, do NOT add a leading self/object-pointer argument]	C:/hd25/kingdom2/taito/mg_oarashi.cpp
002d2660	_ZN2Ti9MGOarashi24get_attach_ready_tornadoEi	high	0	2	Ti::MGObj *	Ti::MGOarashi::get_attach_ready_tornado(Ti::MGOarashi *, int)	C:/hd25/kingdom2/taito/mg_oarashi.cpp
002d2740	_ZN2Ti9MGOarashi16obj_calc_inertiaEPN2YS3OBJEff	sim-sandwich	0	4		Ti::MGOarashi::obj_calc_inertia(Ti::MGOarashi *, YS::OBJ *, float, float)	C:/hd25/kingdom2/taito/mg_oarashi.cpp
002d2870	_ZN2Ti9MGOarashi19get_vacuum_movementEPN2YS3OBJE	med	0	2		Ti::MGOarashi::get_vacuum_movement(Ti::MGOarashi *, YS::OBJ *)	C:/hd25/kingdom2/taito/mg_oarashi.cpp
002d2a90	_ZN2Ti15MGOarashiGimObj20start_tornado_attackEv	high	0	1		Ti::MGOarashiGimObj::start_tornado_attack(Ti::MGOarashiGimObj *)	C:/hd25/kingdom2/taito/mg_oarashi_gimobj.cpp
002d2b50	_ZN2Ti15MGOarashiGimObj15_OVR_initializeEv	med	0	1		Ti::MGOarashiGimObj::_OVR_initialize(Ti::MGOarashiGimObj *)	C:/hd25/kingdom2/taito/mg_oarashi_gimobj.cpp
002d3128	_ZN2Ti15MGOarashiGimObj18reserve_fall_prizeEi	high	0	2		Ti::MGOarashiGimObj::reserve_fall_prize(Ti::MGOarashiGimObj *, int)	C:/hd25/kingdom2/taito/mg_oarashi_gimobj.cpp
002d31b0	_ZN2Ti15MGOarashiGimObj9_OVR_execEv	med	0	1		Ti::MGOarashiGimObj::_OVR_exec(Ti::MGOarashiGimObj *)	C:/hd25/kingdom2/taito/mg_oarashi_gimobj.cpp
002d3568	_ZN2Ti15MGOarashiGimObj16appear_rot_prizeERKNS_9MGOarashi13RotPrizeParamEi	sim-high	0	3		Ti::MGOarashiGimObj::appear_rot_prize(Ti::MGOarashiGimObj *, const Ti::MGOarashi::RotPrizeParam &, int)	C:/hd25/kingdom2/taito/mg_oarashi_gimobj.cpp
002d36f0	_ZN2Ti15MGOarashiGimObj17appear_fall_prizeEv	sim-high	0	1		Ti::MGOarashiGimObj::appear_fall_prize(Ti::MGOarashiGimObj *)	C:/hd25/kingdom2/taito/mg_oarashi_gimobj.cpp
002d38e8	_ZN2Ti15MGOarashiGimObj20get_appear_przie_posEv	med	0	1		Ti::MGOarashiGimObj::get_appear_przie_pos(Ti::MGOarashiGimObj *)	C:/hd25/kingdom2/taito/mg_oarashi_gimobj.cpp
002d39c8	_ZN2Ti15MGOarashiGimObj16exec_damage_selfEPN2YS6DAMAGEE	high	0	2		Ti::MGOarashiGimObj::exec_damage_self(Ti::MGOarashiGimObj *, YS::DAMAGE *)	C:/hd25/kingdom2/taito/mg_oarashi_gimobj.cpp
002d3b78	_ZN2Ti15MGOarashiGimObj16_OVR_exec_damageEPN2YS6DAMAGEE	med	0	2		Ti::MGOarashiGimObj::_OVR_exec_damage(Ti::MGOarashiGimObj *, YS::DAMAGE *)	C:/hd25/kingdom2/taito/mg_oarashi_gimobj.cpp
002d3f18	_ZN2Ti15MGOarashiGimObj13force_destroyEv	high	0	1		Ti::MGOarashiGimObj::force_destroy(Ti::MGOarashiGimObj *)	C:/hd25/kingdom2/taito/mg_oarashi_gimobj.cpp
002d3fa8	_ZN2Ti15MGOarashiGimObj15vacuum_movementEPN2YS3OBJE	med	0	2		Ti::MGOarashiGimObj::vacuum_movement(Ti::MGOarashiGimObj *, YS::OBJ *)	C:/hd25/kingdom2/taito/mg_oarashi_gimobj.cpp
002d4200	_ZN2Ti15MGOarashiPigletC1EPKN2YS8OBJENTRYERKN2kn7FVectorEf	sim-high	0	4		Ti::MGOarashiPiglet::MGOarashiPiglet(Ti::MGOarashiPiglet *, const YS::OBJENTRY *, const kn::FVector &, float)	C:/hd25/kingdom2/taito/mg_oarashi_gimobj.cpp
002d4240	_ZN2YS3OBJ6VTABLEIN2Ti15MGOarashiPigletEE10initializeEPS0_	sim-med	0	2		YS::OBJ::VTABLE<Ti::MGOarashiPiglet>::initialize(YS::OBJ::VTABLE<Ti::MGOarashiPiglet> *, YS::OBJ *)	C:/hd25/kingdom2/taito/../yasui/libys/obj.h
002d4290	_ZN2YS3OBJ6VTABLEIN2Ti15MGOarashiPigletEE8_destroyEPS0_	sim-med	0	2		YS::OBJ::VTABLE<Ti::MGOarashiPiglet>::_destroy(YS::OBJ::VTABLE<Ti::MGOarashiPiglet> *, YS::OBJ *)	C:/hd25/kingdom2/taito/../yasui/libys/obj.h
002d42d0	_ZN2Ti15MGOarashiPiglet9_OVR_execEv	med	0	1		Ti::MGOarashiPiglet::_OVR_exec(Ti::MGOarashiPiglet *)	C:/hd25/kingdom2/taito/mg_oarashi_gimobj.cpp
002d4868	_ZN2Ti15MGOarashiPiglet8game_endEv	med	0	1		Ti::MGOarashiPiglet::game_end(Ti::MGOarashiPiglet *)	C:/hd25/kingdom2/taito/mg_oarashi_gimobj.cpp
002d49c0	_ZN2Ti15MGOarashiPlayerC1EPKN2YS8OBJENTRYEPNS1_3PADERKN2kn7FVectorEf	sim-med	0	5		Ti::MGOarashiPlayer::MGOarashiPlayer(Ti::MGOarashiPlayer *, const YS::OBJENTRY *, YS::PAD *, const kn::FVector &, float)	C:/hd25/kingdom2/taito/mg_oarashi_player.cpp
002d4aa0	_ZN2Ti15MGOarashiPlayer15_OVR_initializeEv	med	0	1		Ti::MGOarashiPlayer::_OVR_initialize(Ti::MGOarashiPlayer *)	C:/hd25/kingdom2/taito/mg_oarashi_player.cpp
002d4b40	_ZN2Ti15MGOarashiPlayer13_OVR_pre_execEv	med	0	1		Ti::MGOarashiPlayer::_OVR_pre_exec(Ti::MGOarashiPlayer *)	C:/hd25/kingdom2/taito/mg_oarashi_player.cpp
002d4e30	_ZN2Ti15MGOarashiPlayer9_OVR_execEv	med	0	1		Ti::MGOarashiPlayer::_OVR_exec(Ti::MGOarashiPlayer *)	C:/hd25/kingdom2/taito/mg_oarashi_player.cpp
002d4f60	_ZN2Ti15MGOarashiPlayer14get_attack_dirEv	sim-med	0	1		Ti::MGOarashiPlayer::get_attack_dir(Ti::MGOarashiPlayer *)	C:/hd25/kingdom2/taito/mg_oarashi_player.cpp
002d5088	_ZN2Ti15MGOarashiPlayer18_OVR_make_movementEv	med	0	1		Ti::MGOarashiPlayer::_OVR_make_movement(Ti::MGOarashiPlayer *)	C:/hd25/kingdom2/taito/mg_oarashi_player.cpp
002d5200	_ZN2Ti15MGOarashiPlayer16_OVR_exec_damageEPN2YS6DAMAGEE	med	0	2		Ti::MGOarashiPlayer::_OVR_exec_damage(Ti::MGOarashiPlayer *, YS::DAMAGE *)	C:/hd25/kingdom2/taito/mg_oarashi_player.cpp
002d54a8	_ZN2Ti15MGOarashiPlayer11_OVR_attackEv	med	0	1		Ti::MGOarashiPlayer::_OVR_attack(Ti::MGOarashiPlayer *)	C:/hd25/kingdom2/taito/mg_oarashi_player.cpp
002d5578	_ZN2Ti15MGOarashiPlayer14is_attack_moveEv	sim-med	0	1	bool	Ti::MGOarashiPlayer::is_attack_move(Ti::MGOarashiPlayer *)	C:/hd25/kingdom2/taito/mg_oarashi_player.cpp
002d55b8	_ZN2Ti15MGOarashiPlayer16is_combine_readyEv	high	0	1	bool	Ti::MGOarashiPlayer::is_combine_ready(Ti::MGOarashiPlayer *)	C:/hd25/kingdom2/taito/mg_oarashi_player.cpp
002d56a0	_ZN2Ti15MGOarashiPlayer23is_contact_piglet_readyEv	sim-med	0	1	bool	Ti::MGOarashiPlayer::is_contact_piglet_ready(Ti::MGOarashiPlayer *)	C:/hd25/kingdom2/taito/mg_oarashi_player.cpp
002d5748	_ZN2Ti15MGOarashiPlayer24_OVR_exec_command_playerEPKN2YS12COMMAND_ELEME	med	0	2		Ti::MGOarashiPlayer::_OVR_exec_command_player(Ti::MGOarashiPlayer *, const YS::COMMAND_ELEM *)	C:/hd25/kingdom2/taito/mg_oarashi_player.cpp
002d5890	_ZN2Ti8MGPlayer6VTABLEINS_15MGOarashiPlayerEE13can_get_prizeEPS0_PKN2YS11PRIZEEFFECTE	sim-med	0	3	bool	Ti::MGPlayer::VTABLE<Ti::MGOarashiPlayer>::can_get_prize(Ti::MGPlayer::VTABLE<Ti::MGOarashiPlayer> *, Ti::MGPlayer *, const YS::PRIZEEFFECT *)	C:/hd25/kingdom2/taito/mg_player.h
002d5b48	_ZN2Ti15MGOarashiPlayer19stop_tornado_attackEv	sim-high	0	1		Ti::MGOarashiPlayer::stop_tornado_attack(Ti::MGOarashiPlayer *)	C:/hd25/kingdom2/taito/mg_oarashi_player.cpp
002d5c40	_ZN2Ti15MGOarashiPlayer23get_current_attack_typeEv	med	0	1	int	Ti::MGOarashiPlayer::get_current_attack_type(Ti::MGOarashiPlayer *)	C:/hd25/kingdom2/taito/mg_oarashi_player.cpp
002d5dd0	_ZN2Ti11MGOarashiPoC1EPKN2YS8OBJENTRYERKN2kn7FVectorEf	sim-med	0	4		Ti::MGOarashiPo::MGOarashiPo(Ti::MGOarashiPo *, const YS::OBJENTRY *, const kn::FVector &, float)	C:/hd25/kingdom2/taito/mg_oarashi_po.cpp
002d5e50	_ZN2Ti11MGOarashiPo15_OVR_initializeEv	med	0	1		Ti::MGOarashiPo::_OVR_initialize(Ti::MGOarashiPo *)	C:/hd25/kingdom2/taito/mg_oarashi_po.cpp
002d5f48	_ZN2Ti11MGOarashiPo13_OVR_pre_execEv	med	0	1		Ti::MGOarashiPo::_OVR_pre_exec(Ti::MGOarashiPo *)	C:/hd25/kingdom2/taito/mg_oarashi_po.cpp
002d60e8	_ZN2Ti11MGOarashiPo18get_separate_speedEv	sim-high	0	1	float	Ti::MGOarashiPo::get_separate_speed(Ti::MGOarashiPo *)	C:/hd25/kingdom2/taito/mg_oarashi_po.cpp
002d61c0	_ZN2Ti11MGOarashiPo9_OVR_execEv	med	0	1		Ti::MGOarashiPo::_OVR_exec(Ti::MGOarashiPo *)	C:/hd25/kingdom2/taito/mg_oarashi_po.cpp
002d62d0	_ZN2Ti4Path40search_near_point_from_pre_point_nocycleERiRfRKN2kn7FVectorEf	sim-high	0	5	float	Ti::Path::search_near_point_from_pre_point_nocycle(Ti::Path *, int &, float &, const kn::FVector &, float)	C:/hd25/kingdom2/taito/path.cpp
002d6518	_ZN2Ti11MGOarashiPo7combineEv	med	0	1		Ti::MGOarashiPo::combine(Ti::MGOarashiPo *)	C:/hd25/kingdom2/taito/mg_oarashi_po.cpp
002d6600	_ZN2Ti11MGOarashiPo8separateERKN2kn7FVectorE	med	0	2		Ti::MGOarashiPo::separate(Ti::MGOarashiPo *, const kn::FVector &)	C:/hd25/kingdom2/taito/mg_oarashi_po.cpp
002d6750	_ZN2Ti11MGOarashiPo16_OVR_exec_damageEPN2YS6DAMAGEE	med	0	2		Ti::MGOarashiPo::_OVR_exec_damage(Ti::MGOarashiPo *, YS::DAMAGE *)	C:/hd25/kingdom2/taito/mg_oarashi_po.cpp
002d6948	_ZN2Ti5MGObj6VTABLEINS_11MGOarashiPoEE19correct_draw_matrixEPS0_RN2kn7FMatrixE	sim-med	0	3		Ti::MGObj::VTABLE<Ti::MGOarashiPo>::correct_draw_matrix(Ti::MGObj::VTABLE<Ti::MGOarashiPo> *, Ti::MGObj *, kn::FMatrix &)	C:/hd25/kingdom2/taito/mg_obj.h
002d6a00	_ZN2YS3OBJ6VTABLEIN2Ti16MGOarashiBalloonEE10initializeEPS0_	sim-high	0	2		YS::OBJ::VTABLE<Ti::MGOarashiBalloon>::initialize(YS::OBJ::VTABLE<Ti::MGOarashiBalloon> *, YS::OBJ *)	C:/hd25/kingdom2/taito/../yasui/libys/obj.h
002d6b30	_ZN2Ti17ACTION_PO_OARASHI13calc_movementEPN2YS3OBJE	sim-high	0	2		Ti::ACTION_PO_OARASHI::calc_movement(Ti::ACTION_PO_OARASHI *, YS::OBJ *)	C:/hd25/kingdom2/taito/action_po_oarashi.cpp
002d6cd0	_ZN2Ti17ACTION_PO_OARASHI7controlEPN2YS3OBJE	sim-sib-high	0	2		Ti::ACTION_PO_OARASHI::control(Ti::ACTION_PO_OARASHI *, YS::OBJ *)	C:/hd25/kingdom2/taito/action_po_oarashi.cpp
002d6d10	_ZN2Ti27ACTION_PO_OARASHI_TORNADO_S13calc_movementEPN2YS3OBJE	sim-high	0	2		Ti::ACTION_PO_OARASHI_TORNADO_S::calc_movement((anonymous namespace)::ACTION_PO_OARASHI_TORNADO_S *, YS::OBJ *)	C:/hd25/kingdom2/taito/action_po_oarashi.cpp
002d6f70	_ZN5Title7CHAPTER4InitEv	sim-rerun2-high	1	0		Title::CHAPTER::Init() [DWARF: static -- no implicit `this`, do NOT add a leading self/object-pointer argument]	C:/hd25/kingdom2/ovl_title/chapter.cpp
002d7128	_ZN2Ti12MGHachimitsuC1Eiii	sim-high	0	4		Ti::MGHachimitsu::MGHachimitsu(Ti::MGHachimitsu *, int, int, int)	C:/hd25/kingdom2/taito/mg_hachimitsu.cpp
002d7338	_ZN2Ti12MGHachimitsuD1Ev	sim-high	0	1		Ti::MGHachimitsu::~MGHachimitsu(Ti::MGHachimitsu *)	C:/hd25/kingdom2/taito/mg_hachimitsu.cpp
002d7408	_ZN2Ti12MGHachimitsu4stopEv	sim-sib-high	0	1		Ti::MGHachimitsu::stop(Ti::MGHachimitsu *)	C:/hd25/kingdom2/taito/mg_hachimitsu.cpp
002d7420	_ZN2Ti12MGHachimitsu20show_course_bg_groupEv	high	0	1		Ti::MGHachimitsu::show_course_bg_group(Ti::MGHachimitsu *)	C:/hd25/kingdom2/taito/mg_hachimitsu.cpp
002d74c8	_ZN2Ti12MGHachimitsu12reset_courseEib	med	0	3		Ti::MGHachimitsu::reset_course(Ti::MGHachimitsu *, int, bool)	C:/hd25/kingdom2/taito/mg_hachimitsu.cpp
002d7698	_ZN2Ti12MGHachimitsu11run_commandEv	med	0	1		Ti::MGHachimitsu::run_command(Ti::MGHachimitsu *)	C:/hd25/kingdom2/taito/mg_hachimitsu.cpp
002d78a8	_ZN2Ti12MGHachimitsu13update_cameraEv	sim-high	0	1		Ti::MGHachimitsu::update_camera(Ti::MGHachimitsu *)	C:/hd25/kingdom2/taito/mg_hachimitsu.cpp
002d7af0	_ZN2Ti12MGHachimitsu25calc_player_center_matrixEv	high	0	1		Ti::MGHachimitsu::calc_player_center_matrix(Ti::MGHachimitsu *)	C:/hd25/kingdom2/taito/mg_hachimitsu.cpp
002d8110	_ZN2Ti12MGHachimitsu25get_current_center_matrixEv	high	0	1	const kn::FMatrix &	Ti::MGHachimitsu::get_current_center_matrix(Ti::MGHachimitsu *)	C:/hd25/kingdom2/taito/mg_hachimitsu.cpp
002d8120	_ZN2Ti12MGHachimitsu18calc_player_matrixERff	med	0	3		Ti::MGHachimitsu::calc_player_matrix(Ti::MGHachimitsu *, float &, float)	C:/hd25/kingdom2/taito/mg_hachimitsu.cpp
002d8150	_ZN2Ti12MGHachimitsu18calc_player_matrixERffRN2kn7FMatrixE	med	0	4		Ti::MGHachimitsu::calc_player_matrix(Ti::MGHachimitsu *, float &, float, kn::FMatrix &)	C:/hd25/kingdom2/taito/mg_hachimitsu.cpp
002d84a8	_ZN2Ti12MGHachimitsu4execEv	med	0	1		Ti::MGHachimitsu::exec(Ti::MGHachimitsu *)	C:/hd25/kingdom2/taito/mg_hachimitsu.cpp
002d8670	_ZN2Ti12MGHachimitsu9post_execEv	med	0	1		Ti::MGHachimitsu::post_exec(Ti::MGHachimitsu *)	C:/hd25/kingdom2/taito/mg_hachimitsu.cpp
002d89b0	_ZN2Ti12MGHachimitsu13obj_appear_okEPNS_11MGObjMemberE	sim-med	0	2	bool	Ti::MGHachimitsu::obj_appear_ok(Ti::MGHachimitsu *, Ti::MGObjMember *)	C:/hd25/kingdom2/taito/mg_hachimitsu.cpp
002d8b58	_ZN2Ti12MGHachimitsu15_prize_leave_okEPN2YS14PRIZEEFFECT_POE	sim-med	0	2	bool	Ti::MGHachimitsu::_prize_leave_ok(Ti::MGHachimitsu *, YS::PRIZEEFFECT_PO *)	C:/hd25/kingdom2/taito/mg_hachimitsu.cpp
002d8c30	_ZN2Ti12MGHachimitsu13_prepare_zoneEPN2YS4ZONEE	sim-rerun2-med	0	2		Ti::MGHachimitsu::_prepare_zone(Ti::MGHachimitsu *, YS::ZONE *)	C:/hd25/kingdom2/taito/mg_hachimitsu.cpp
002d8cf0	_ZN2Ti12MGHachimitsu9task_mainEP4TASK	med	1	1		Ti::MGHachimitsu::task_main(TASK *) [DWARF: static -- no implicit `this`, do NOT add a leading self/object-pointer argument]	C:/hd25/kingdom2/taito/mg_hachimitsu.cpp
002d8d28	_ZN2Ti12MGHachimitsu14task_post_execEP4TASK	med	1	1		Ti::MGHachimitsu::task_post_exec(TASK *) [DWARF: static -- no implicit `this`, do NOT add a leading self/object-pointer argument]	C:/hd25/kingdom2/taito/mg_hachimitsu.cpp
002d8d40	_ZN2Ti12MGHachimitsu20get_horizontal_rangeERfS1_	med	0	3		Ti::MGHachimitsu::get_horizontal_range(Ti::MGHachimitsu *, float &, float &)	C:/hd25/kingdom2/taito/mg_hachimitsu.cpp
002d8d68	_ZN2Ti12MGHachimitsu15check_collisionEPN2YS3OBJERKN2kn7FMatrixES7_	med	0	4	int	Ti::MGHachimitsu::check_collision(Ti::MGHachimitsu *, YS::OBJ *, const kn::FMatrix &, const kn::FMatrix &)	C:/hd25/kingdom2/taito/mg_hachimitsu.cpp
002d9220	_ZN2Ti12MGHachimitsu9play_demoEi	med	0	2		Ti::MGHachimitsu::play_demo(Ti::MGHachimitsu *, int)	C:/hd25/kingdom2/taito/mg_hachimitsu.cpp
002d94b8	_ZN2Ti12MGHachimitsu11demo_is_endEv	med	0	1	bool	Ti::MGHachimitsu::demo_is_end(Ti::MGHachimitsu *)	C:/hd25/kingdom2/taito/mg_hachimitsu.cpp
002d9588	_ZN2Ti12MGHachimitsu12on_get_prizeEii	med	0	3		Ti::MGHachimitsu::on_get_prize(Ti::MGHachimitsu *, int, int)	C:/hd25/kingdom2/taito/mg_hachimitsu.cpp
002d96d8	_ZN2Ti18MGHachimitsuPlayerC1EPKN2YS8OBJENTRYEPNS1_3PADERKN2kn7FVectorEf	sim-med	0	5		Ti::MGHachimitsuPlayer::MGHachimitsuPlayer(Ti::MGHachimitsuPlayer *, const YS::OBJENTRY *, YS::PAD *, const kn::FVector &, float)	C:/hd25/kingdom2/taito/mg_hachimitsu_player.cpp
002d9788	_ZN2Ti18MGHachimitsuPlayer15_OVR_initializeEv	sim-high	0	1		Ti::MGHachimitsuPlayer::_OVR_initialize(Ti::MGHachimitsuPlayer *)	C:/hd25/kingdom2/taito/mg_hachimitsu_player.cpp
002d9810	_ZN2Ti18MGHachimitsuPlayer13_OVR_pre_execEv	med	0	1		Ti::MGHachimitsuPlayer::_OVR_pre_exec(Ti::MGHachimitsuPlayer *)	C:/hd25/kingdom2/taito/mg_hachimitsu_player.cpp
002d9ad8	_ZN2Ti18MGHachimitsuPlayer24_OVR_exec_command_playerEPKN2YS12COMMAND_ELEME	med	0	2		Ti::MGHachimitsuPlayer::_OVR_exec_command_player(Ti::MGHachimitsuPlayer *, const YS::COMMAND_ELEM *)	C:/hd25/kingdom2/taito/mg_hachimitsu_player.cpp
002d9bf0	_ZN2Ti18MGHachimitsuPlayer9_OVR_execEv	med	0	1		Ti::MGHachimitsuPlayer::_OVR_exec(Ti::MGHachimitsuPlayer *)	C:/hd25/kingdom2/taito/mg_hachimitsu_player.cpp
002d9e80	_ZN2Ti18MGHachimitsuPlayer14_OVR_post_execEv	sim-med	0	1		Ti::MGHachimitsuPlayer::_OVR_post_exec(Ti::MGHachimitsuPlayer *)	C:/hd25/kingdom2/taito/mg_hachimitsu_player.cpp
002d9f10	_ZN2Ti18MGHachimitsuPlayer18_OVR_make_movementEv	sim-rerun2-med	0	1		Ti::MGHachimitsuPlayer::_OVR_make_movement(Ti::MGHachimitsuPlayer *)	C:/hd25/kingdom2/taito/mg_hachimitsu_player.cpp
002da040	_ZN2Ti18MGHachimitsuPlayer5resetEv	med	0	1		Ti::MGHachimitsuPlayer::reset(Ti::MGHachimitsuPlayer *)	C:/hd25/kingdom2/taito/mg_hachimitsu_player.cpp
002da120	_ZN2Ti18MGHachimitsuPlayer6damageEv	med	0	1		Ti::MGHachimitsuPlayer::damage(Ti::MGHachimitsuPlayer *)	C:/hd25/kingdom2/taito/mg_hachimitsu_player.cpp
002da238	_ZN2Ti18MGHachimitsuPlayer16is_combine_readyEv	med	0	1	bool	Ti::MGHachimitsuPlayer::is_combine_ready(Ti::MGHachimitsuPlayer *)	C:/hd25/kingdom2/taito/mg_hachimitsu_player.cpp
002da308	_ZN2Ti18MGHachimitsuPlayer15is_gopher_readyEv	med	0	1	bool	Ti::MGHachimitsuPlayer::is_gopher_ready(Ti::MGHachimitsuPlayer *)	C:/hd25/kingdom2/taito/mg_hachimitsu_player.cpp
002da520	_ZN2Ti18MGHachimitsuPlayer10set_matrixERKN2kn7FMatrixE	sim-med	0	2		Ti::MGHachimitsuPlayer::set_matrix(Ti::MGHachimitsuPlayer *, const kn::FMatrix &)	C:/hd25/kingdom2/taito/mg_hachimitsu_player.cpp
002da670	_ZN2Ti18MGHachimitsuPlayer20decide_pos_with_poohEv	med	0	1		Ti::MGHachimitsuPlayer::decide_pos_with_pooh(Ti::MGHachimitsuPlayer *)	C:/hd25/kingdom2/taito/mg_hachimitsu_player.cpp
002da958	_ZN2Ti18MGHachimitsuPlayer20start_special_motionEv	high	0	1		Ti::MGHachimitsuPlayer::start_special_motion(Ti::MGHachimitsuPlayer *)	C:/hd25/kingdom2/taito/mg_hachimitsu_player.cpp
002daa00	_ZN2Ti18MGHachimitsuPlayer13player_pod_seEi	med	0	2		Ti::MGHachimitsuPlayer::player_pod_se(Ti::MGHachimitsuPlayer *, int)	C:/hd25/kingdom2/taito/mg_hachimitsu_player.cpp
002daa98	_ZN2Ti18MGHachimitsuGimObjC1EPKN2YS8OBJENTRYERKN2kn7FVectorEf	sim-high	0	4		Ti::MGHachimitsuGimObj::MGHachimitsuGimObj(Ti::MGHachimitsuGimObj *, const YS::OBJENTRY *, const kn::FVector &, float)	C:/hd25/kingdom2/taito/mg_hachimitsu_gimobj.cpp
002dab68	_ZN2YS3OBJ6VTABLEIN2Ti18MGHachimitsuGimObjEE10initializeEPS0_	sim-high	0	2		YS::OBJ::VTABLE<Ti::MGHachimitsuGimObj>::initialize(YS::OBJ::VTABLE<Ti::MGHachimitsuGimObj> *, YS::OBJ *)	C:/hd25/kingdom2/taito/../yasui/libys/obj.h
002dabd0	_ZN2YS3OBJ6VTABLEIN2Ti18MGHachimitsuGimObjEE4execEPS0_	sim-med	0	2		YS::OBJ::VTABLE<Ti::MGHachimitsuGimObj>::exec(YS::OBJ::VTABLE<Ti::MGHachimitsuGimObj> *, YS::OBJ *)	C:/hd25/kingdom2/taito/../yasui/libys/obj.h
002dabe8	_ZN2YS3OBJ6VTABLEIN2Ti18MGHachimitsuGimObjEE9leave_reqEPS0_	sim-high	0	2		YS::OBJ::VTABLE<Ti::MGHachimitsuGimObj>::leave_req(YS::OBJ::VTABLE<Ti::MGHachimitsuGimObj> *, YS::OBJ *)	C:/hd25/kingdom2/taito/../yasui/libys/obj.h
002daca0	_ZN2Ti18MGHachimitsuGopherC1EPKN2YS8OBJENTRYERKN2kn7FVectorEf	sim-high	0	4		Ti::MGHachimitsuGopher::MGHachimitsuGopher(Ti::MGHachimitsuGopher *, const YS::OBJENTRY *, const kn::FVector &, float)	C:/hd25/kingdom2/taito/mg_hachimitsu_gimobj.cpp
002dad78	_ZN2Ti18MGHachimitsuGopher15_OVR_initializeEv	sim-high	0	1		Ti::MGHachimitsuGopher::_OVR_initialize(Ti::MGHachimitsuGopher *)	C:/hd25/kingdom2/taito/mg_hachimitsu_gimobj.cpp
002dae38	_ZN2Ti18MGHachimitsuGopher7combineEv	med	0	1		Ti::MGHachimitsuGopher::combine(Ti::MGHachimitsuGopher *)	C:/hd25/kingdom2/taito/mg_hachimitsu_gimobj.cpp
002daee8	_ZN2Ti18MGHachimitsuGopher13_OVR_pre_execEv	sim-med	0	1		Ti::MGHachimitsuGopher::_OVR_pre_exec(Ti::MGHachimitsuGopher *)	C:/hd25/kingdom2/taito/mg_hachimitsu_gimobj.cpp
002dafd0	_ZN2Ti18MGHachimitsuGopher9_OVR_execEv	med	0	1		Ti::MGHachimitsuGopher::_OVR_exec(Ti::MGHachimitsuGopher *)	C:/hd25/kingdom2/taito/mg_hachimitsu_gimobj.cpp
002db188	_ZN2YS3OBJ6VTABLEIN2Ti18MGHachimitsuGopherEE9leave_reqEPS0_	sim-med	0	2		YS::OBJ::VTABLE<Ti::MGHachimitsuGopher>::leave_req(YS::OBJ::VTABLE<Ti::MGHachimitsuGopher> *, YS::OBJ *)	C:/hd25/kingdom2/taito/../yasui/libys/obj.h
002db210	_ZN2Ti18MGHachimitsuGopher8separateEv	med	0	1		Ti::MGHachimitsuGopher::separate(Ti::MGHachimitsuGopher *)	C:/hd25/kingdom2/taito/mg_hachimitsu_gimobj.cpp
002db4b0	_ZN2Ti20MGHachimitsuYukidamaC1EPKN2YS8OBJENTRYERKN2kn7FVectorEf	sim-med	0	4		Ti::MGHachimitsuYukidama::MGHachimitsuYukidama(Ti::MGHachimitsuYukidama *, const YS::OBJENTRY *, const kn::FVector &, float)	C:/hd25/kingdom2/taito/mg_hachimitsu_gimobj.cpp
002db4f0	_ZN2Ti15MGHachimitsuPodC1EPKN2YS8OBJENTRYERKN2kn7FVectorEf	sim-rerun-med	0	4		Ti::MGHachimitsuPod::MGHachimitsuPod(Ti::MGHachimitsuPod *, const YS::OBJENTRY *, const kn::FVector &, float)	C:/hd25/kingdom2/taito/mg_hachimitsu_gimobj.cpp
002db5b8	_ZN2Ti15MGHachimitsuPod15_OVR_initializeEv	sim-med	0	1		Ti::MGHachimitsuPod::_OVR_initialize(Ti::MGHachimitsuPod *)	C:/hd25/kingdom2/taito/mg_hachimitsu_gimobj.cpp
002db610	_ZN2Ti15MGHachimitsuPod14set_run_effectEi	high	0	2		Ti::MGHachimitsuPod::set_run_effect(Ti::MGHachimitsuPod *, int)	C:/hd25/kingdom2/taito/mg_hachimitsu_gimobj.cpp
002db768	_ZN2Ti20MGHachimitsuYukidama15_OVR_initializeEv	med	0	1		Ti::MGHachimitsuYukidama::_OVR_initialize(Ti::MGHachimitsuYukidama *)	C:/hd25/kingdom2/taito/mg_hachimitsu_gimobj.cpp
002db858	_ZN2Ti14MGHachimitsuPoC1EPKN2YS8OBJENTRYERKN2kn7FVectorEf	sim-med	0	4		Ti::MGHachimitsuPo::MGHachimitsuPo(Ti::MGHachimitsuPo *, const YS::OBJENTRY *, const kn::FVector &, float)	C:/hd25/kingdom2/taito/mg_hachimitsu_po.cpp
002db968	_ZN2Ti3Afp17calc_local_matrixEhh	sim-high	0	3		Ti::Afp::calc_local_matrix(Ti::Afp *, u_char, u_char)	C:/hd25/kingdom2/taito/afp.cpp
002dba40	_ZN2Ti14MGHachimitsuPo15_OVR_initializeEv	sim-high	0	1		Ti::MGHachimitsuPo::_OVR_initialize(Ti::MGHachimitsuPo *)	C:/hd25/kingdom2/taito/mg_hachimitsu_po.cpp
002dbad8	_ZN2Ti14MGHachimitsuPo13_OVR_pre_execEv	sim-med	0	1		Ti::MGHachimitsuPo::_OVR_pre_exec(Ti::MGHachimitsuPo *)	C:/hd25/kingdom2/taito/mg_hachimitsu_po.cpp
002dbb88	_ZN2Ti14MGHachimitsuPo14_OVR_post_execEv	med	0	1		Ti::MGHachimitsuPo::_OVR_post_exec(Ti::MGHachimitsuPo *)	C:/hd25/kingdom2/taito/mg_hachimitsu_po.cpp
002dbca0	_ZN2Ti14MGHachimitsuPo7combineEb	high	0	2		Ti::MGHachimitsuPo::combine(Ti::MGHachimitsuPo *, bool)	C:/hd25/kingdom2/taito/mg_hachimitsu_po.cpp
002dbd30	_ZN2Ti14MGHachimitsuPo8separateEf	med	0	2		Ti::MGHachimitsuPo::separate(Ti::MGHachimitsuPo *, float)	C:/hd25/kingdom2/taito/mg_hachimitsu_po.cpp
002dbf50	_ZN2Ti14MGHachimitsuPo18get_horizontal_posEv	med	0	1	float	Ti::MGHachimitsuPo::get_horizontal_pos(Ti::MGHachimitsuPo *)	C:/hd25/kingdom2/taito/mg_hachimitsu_po.cpp
002dc140	_ZN2Ti14MGHachimitsuPo10set_matrixERKN2kn7FMatrixE	sim-med	0	2		Ti::MGHachimitsuPo::set_matrix(Ti::MGHachimitsuPo *, const kn::FMatrix &)	C:/hd25/kingdom2/taito/mg_hachimitsu_po.cpp
002dc1b8	_ZN2Ti14MGHachimitsuPo14set_run_effectEi	high	0	2		Ti::MGHachimitsuPo::set_run_effect(Ti::MGHachimitsuPo *, int)	C:/hd25/kingdom2/taito/mg_hachimitsu_po.cpp
002dc278	_ZN2Ti6MGJump4initEii	sim-med	1	2		Ti::MGJump::init(int, int) [DWARF: static -- no implicit `this`, do NOT add a leading self/object-pointer argument]	C:/hd25/kingdom2/taito/mg_jump.cpp
002dc4e0	_ZN2Ti6MGJumpC1Eii	sim-high	0	3		Ti::MGJump::MGJump(Ti::MGJump *, int, int)	C:/hd25/kingdom2/taito/mg_jump.cpp
002dc708	_ZN2Ti6MGJumpD1Ev	sim-med	0	1		Ti::MGJump::~MGJump(Ti::MGJump *)	C:/hd25/kingdom2/taito/mg_jump.cpp
002dc7d0	_ZN2Ti6MGJump4stopEv	sim-rerun2-med	0	1		Ti::MGJump::stop(Ti::MGJump *)	C:/hd25/kingdom2/taito/mg_jump.cpp
002dc850	_ZN2Ti6MGJump5resetEv	med	0	1		Ti::MGJump::reset(Ti::MGJump *)	C:/hd25/kingdom2/taito/mg_jump.cpp
002dc988	_ZN2Ti6MGJump4drawEv	med	0	1		Ti::MGJump::draw(Ti::MGJump *)	C:/hd25/kingdom2/taito/mg_jump.cpp
002dcc90	_ZN2Ti6MGJump8pre_execEv	med	0	1		Ti::MGJump::pre_exec(Ti::MGJump *)	C:/hd25/kingdom2/taito/mg_jump.cpp
002dce80	_ZN2Ti6MGJump9task_execEP4TASK	sim-med	1	1		Ti::MGJump::task_exec(TASK *) [DWARF: static -- no implicit `this`, do NOT add a leading self/object-pointer argument]	C:/hd25/kingdom2/taito/mg_jump.cpp
002dcf90	_ZN2Ti6MGJump13update_cameraEv	med	0	1		Ti::MGJump::update_camera(Ti::MGJump *)	C:/hd25/kingdom2/taito/mg_jump.cpp
002dd198	_ZN2Ti6MGJump13task_pre_execEP4TASK	med	1	1		Ti::MGJump::task_pre_exec(TASK *) [DWARF: static -- no implicit `this`, do NOT add a leading self/object-pointer argument]	C:/hd25/kingdom2/taito/mg_jump.cpp
002dd1e8	_ZN2Ti6MGJump15task_draw_clothEP4TASK	med	1	1		Ti::MGJump::task_draw_cloth(TASK *) [DWARF: static -- no implicit `this`, do NOT add a leading self/object-pointer argument]	C:/hd25/kingdom2/taito/mg_jump.cpp
002dd200	_ZN2Ti6MGJump18task_update_cameraEP4TASK	med	1	1		Ti::MGJump::task_update_camera(TASK *) [DWARF: static -- no implicit `this`, do NOT add a leading self/object-pointer argument]	C:/hd25/kingdom2/taito/mg_jump.cpp
002dd2d8	_ZN2Ti6MGJump14get_move_rangeERfS1_	sim-rerun-high	0	3		Ti::MGJump::get_move_range(Ti::MGJump *, float &, float &)	C:/hd25/kingdom2/taito/mg_jump.cpp
002dd3a0	_ZN2Ti6MGJump12obj_leave_okEPNS_5MGObjE	med	0	2	bool	Ti::MGJump::obj_leave_ok(Ti::MGJump *, Ti::MGObj *)	C:/hd25/kingdom2/taito/mg_jump.cpp
002dd448	_ZN2Ti6MGJump12on_get_prizeEii	sim-med	0	3		Ti::MGJump::on_get_prize(Ti::MGJump *, int, int)	C:/hd25/kingdom2/taito/mg_jump.cpp
002dd4a8	_ZN2Ti6MGJump15add_combo_countEi	high	0	2		Ti::MGJump::add_combo_count(Ti::MGJump *, int)	C:/hd25/kingdom2/taito/mg_jump.cpp
002dd4f8	_ZN2Ti6MGJump17reset_combo_countEv	high	0	1		Ti::MGJump::reset_combo_count(Ti::MGJump *)	C:/hd25/kingdom2/taito/mg_jump.cpp
002dd530	_ZN2Ti6MGJump18start_special_modeEi	high	0	2		Ti::MGJump::start_special_mode(Ti::MGJump *, int)	C:/hd25/kingdom2/taito/mg_jump.cpp
002dd700	_ZN2Ti10MGJumpPoohC1EPKN2YS8OBJENTRYERKN2kn7FVectorEf	sim-med	0	4		Ti::MGJumpPooh::MGJumpPooh(Ti::MGJumpPooh *, const YS::OBJENTRY *, const kn::FVector &, float)	C:/hd25/kingdom2/taito/mg_jump_gimobj.cpp
002dd730	_ZN2Ti12MGJumpPlayer15_OVR_initializeEv	sim-high	0	1		Ti::MGJumpPlayer::_OVR_initialize(Ti::MGJumpPlayer *)	C:/hd25/kingdom2/taito/mg_jump_player.cpp
002dd7d0	_ZN2Ti12MGJumpPlayer9_OVR_execEv	sim-high	0	1		Ti::MGJumpPlayer::_OVR_exec(Ti::MGJumpPlayer *)	C:/hd25/kingdom2/taito/mg_jump_player.cpp
002dda88	_ZN2Ti12MGJumpGimObjC1EPKN2YS8OBJENTRYERKN2kn7FVectorEf	sim-med	0	4		Ti::MGJumpGimObj::MGJumpGimObj(Ti::MGJumpGimObj *, const YS::OBJENTRY *, const kn::FVector &, float)	C:/hd25/kingdom2/taito/mg_jump_gimobj.cpp
002ddbb8	_ZN2Ti12MGJumpGimObj10is_triggerEv	med	0	1	bool	Ti::MGJumpGimObj::is_trigger(Ti::MGJumpGimObj *)	C:/hd25/kingdom2/taito/mg_jump_gimobj.cpp
002ddc7c	_ZN2Ti12MGJumpGimObj10_OVR_beginEv	med	0	1		Ti::MGJumpGimObj::_OVR_begin(Ti::MGJumpGimObj *)	C:/hd25/kingdom2/taito/mg_jump_gimobj.cpp
002de11c	_ZN2Ti12MGJumpGimObj9_OVR_execEv	med	0	1		Ti::MGJumpGimObj::_OVR_exec(Ti::MGJumpGimObj *)	C:/hd25/kingdom2/taito/mg_jump_gimobj.cpp
002de3e0	_ZN2Ti12MGJumpGimObj5burstEv	med	0	1		Ti::MGJumpGimObj::burst(Ti::MGJumpGimObj *)	C:/hd25/kingdom2/taito/mg_jump_gimobj.cpp
002de500	_ZN2Ti12MGJumpGimObj12appear_prizeERKN2kn7FVectorE	high	0	2		Ti::MGJumpGimObj::appear_prize(Ti::MGJumpGimObj *, const kn::FVector &)	C:/hd25/kingdom2/taito/mg_jump_gimobj.cpp
002de698	_ZN2Ti12MGJumpGimObj6freezeEv	med	0	1		Ti::MGJumpGimObj::freeze(Ti::MGJumpGimObj *)	C:/hd25/kingdom2/taito/mg_jump_gimobj.cpp
002de6e8	_ZN2Ti12MGJumpGimObj11get_top_posEv	med	0	1	float	Ti::MGJumpGimObj::get_top_pos(Ti::MGJumpGimObj *)	C:/hd25/kingdom2/taito/mg_jump_gimobj.cpp
002de848	_ZN2YS3OBJ6VTABLEIN2Ti10MGJumpPoohEE10initializeEPS0_	sim-high	0	2		YS::OBJ::VTABLE<Ti::MGJumpPooh>::initialize(YS::OBJ::VTABLE<Ti::MGJumpPooh> *, YS::OBJ *)	C:/hd25/kingdom2/taito/../yasui/libys/obj.h
002de8e8	_ZN2YS3OBJ6VTABLEIN2Ti10MGJumpPoohEE9post_execEPS0_	med	0	2		YS::OBJ::VTABLE<Ti::MGJumpPooh>::post_exec(YS::OBJ::VTABLE<Ti::MGJumpPooh> *, YS::OBJ *)	C:/hd25/kingdom2/taito/../yasui/libys/obj.h
002deba0	_ZN2Ti14ACTION_PO_JUMP10decide_wayEPN2YS3OBJEff	sim-high	0	4		Ti::ACTION_PO_JUMP::decide_way(Ti::ACTION_PO_JUMP *, YS::OBJ *, float, float)	C:/hd25/kingdom2/taito/action_po_jump.cpp
002ded60	_ZN2Ti14ACTION_PO_JUMP15get_jump_motionEv	sim-sib-high	0	1	int	Ti::ACTION_PO_JUMP::get_jump_motion(Ti::ACTION_PO_JUMP *)	C:/hd25/kingdom2/taito/action_po_jump.cpp
002ded68	_ZN2Ti14ACTION_PO_JUMP15get_fall_motionEv	sim-sib-high	0	1	int	Ti::ACTION_PO_JUMP::get_fall_motion(Ti::ACTION_PO_JUMP *)	C:/hd25/kingdom2/taito/action_po_jump.cpp
002ded70	_ZN2Ti14ACTION_PO_JUMP15get_land_motionEv	sim-sib-high	0	1	int	Ti::ACTION_PO_JUMP::get_land_motion(Ti::ACTION_PO_JUMP *)	C:/hd25/kingdom2/taito/action_po_jump.cpp
002def70	_ZN2Ti14ACTION_PO_JUMP7on_landEPN2YS3OBJE	sim-high	0	2		Ti::ACTION_PO_JUMP::on_land(Ti::ACTION_PO_JUMP *, YS::OBJ *)	C:/hd25/kingdom2/taito/action_po_jump.cpp
002deff0	_ZN2Ti14ACTION_PO_JUMP7on_fallEPN2YS3OBJE	sim-med	0	2		Ti::ACTION_PO_JUMP::on_fall(Ti::ACTION_PO_JUMP *, YS::OBJ *)	C:/hd25/kingdom2/taito/action_po_jump.cpp
002df040	_ZN2Ti14ACTION_PO_JUMP7controlEPN2YS3OBJE	sim-high	0	2		Ti::ACTION_PO_JUMP::control(Ti::ACTION_PO_JUMP *, YS::OBJ *)	C:/hd25/kingdom2/taito/action_po_jump.cpp
002df328	_ZN2Ti21ACTION_PO_JUMP_TIGGER5startEPN2YS3OBJE	sim-med	0	2		Ti::ACTION_PO_JUMP_TIGGER::start((anonymous namespace)::ACTION_PO_JUMP_TIGGER *, YS::OBJ *)	C:/hd25/kingdom2/taito/action_po_jump.cpp
002df470	_ZN2Ti21ACTION_PO_JUMP_TIGGER7on_landEPN2YS3OBJE	sim-high	0	2		Ti::ACTION_PO_JUMP_TIGGER::on_land((anonymous namespace)::ACTION_PO_JUMP_TIGGER *, YS::OBJ *)	C:/hd25/kingdom2/taito/action_po_jump.cpp
002df500	_ZN2Ti21ACTION_PO_JUMP_TIGGER7controlEPN2YS3OBJE	sim-high	0	2		Ti::ACTION_PO_JUMP_TIGGER::control((anonymous namespace)::ACTION_PO_JUMP_TIGGER *, YS::OBJ *)	C:/hd25/kingdom2/taito/action_po_jump.cpp
002df6d8	_ZN2Ti21ACTION_PO_JUMP_TIGGER7on_jumpEPN2YS3OBJEi	sim-sib-med	0	3		Ti::ACTION_PO_JUMP_TIGGER::on_jump((anonymous namespace)::ACTION_PO_JUMP_TIGGER *, YS::OBJ *, int)	C:/hd25/kingdom2/taito/action_po_jump.cpp
002df758	_ZN2Ti18ACTION_PO_JUMP_ROO5startEPN2YS3OBJE	sim-high	0	2		Ti::ACTION_PO_JUMP_ROO::start((anonymous namespace)::ACTION_PO_JUMP_ROO *, YS::OBJ *)	C:/hd25/kingdom2/taito/action_po_jump.cpp
002df7d8	_ZN2Ti18ACTION_PO_JUMP_ROO7on_landEPN2YS3OBJE	sim-high	0	2		Ti::ACTION_PO_JUMP_ROO::on_land((anonymous namespace)::ACTION_PO_JUMP_ROO *, YS::OBJ *)	C:/hd25/kingdom2/taito/action_po_jump.cpp
002df868	_ZN2Ti18ACTION_PO_JUMP_ROO7controlEPN2YS3OBJE	sim-high	0	2		Ti::ACTION_PO_JUMP_ROO::control((anonymous namespace)::ACTION_PO_JUMP_ROO *, YS::OBJ *)	C:/hd25/kingdom2/taito/action_po_jump.cpp
002dfa40	_ZN2Ti18ACTION_PO_JUMP_ROO7on_jumpEPN2YS3OBJEi	sim-sib-high	0	3		Ti::ACTION_PO_JUMP_ROO::on_jump((anonymous namespace)::ACTION_PO_JUMP_ROO *, YS::OBJ *, int)	C:/hd25/kingdom2/taito/action_po_jump.cpp
002dfb60	_ZN2Ti21ACTION_PO_JUMP_PLAYER15get_jump_motionEv	sim-med	0	1	int	Ti::ACTION_PO_JUMP_PLAYER::get_jump_motion(Ti::ACTION_PO_JUMP_PLAYER *)	C:/hd25/kingdom2/taito/action_po_jump.cpp
002dfb78	_ZN2Ti21ACTION_PO_JUMP_PLAYER15get_fall_motionEv	sim-med	0	1	int	Ti::ACTION_PO_JUMP_PLAYER::get_fall_motion(Ti::ACTION_PO_JUMP_PLAYER *)	C:/hd25/kingdom2/taito/action_po_jump.cpp
002dfb90	_ZN2Ti21ACTION_PO_JUMP_PLAYER15get_land_motionEv	sim-med	0	1	int	Ti::ACTION_PO_JUMP_PLAYER::get_land_motion(Ti::ACTION_PO_JUMP_PLAYER *)	C:/hd25/kingdom2/taito/action_po_jump.cpp
002dfba8	_ZN2Ti21ACTION_PO_JUMP_PLAYER5startEPN2YS3OBJE	sim-high	0	2		Ti::ACTION_PO_JUMP_PLAYER::start(Ti::ACTION_PO_JUMP_PLAYER *, YS::OBJ *)	C:/hd25/kingdom2/taito/action_po_jump.cpp
002dfcb0	_ZN2Ti21ACTION_PO_JUMP_PLAYER7controlEPN2YS3OBJE	med	0	2		Ti::ACTION_PO_JUMP_PLAYER::control(Ti::ACTION_PO_JUMP_PLAYER *, YS::OBJ *)	C:/hd25/kingdom2/taito/action_po_jump.cpp
002dfe38	_ZN2Ti21ACTION_PO_JUMP_PLAYER12land_balloonEPN2YS3OBJES3_fi	med	0	5		Ti::ACTION_PO_JUMP_PLAYER::land_balloon(Ti::ACTION_PO_JUMP_PLAYER *, YS::OBJ *, YS::OBJ *, float, int)	C:/hd25/kingdom2/taito/action_po_jump.cpp
002dff60	_ZN2Ti21ACTION_PO_JUMP_PLAYER17exec_land_balloonEPN2YS3OBJE	med	0	2		Ti::ACTION_PO_JUMP_PLAYER::exec_land_balloon(Ti::ACTION_PO_JUMP_PLAYER *, YS::OBJ *)	C:/hd25/kingdom2/taito/action_po_jump.cpp
002e0230	_ZN2Ti21ACTION_PO_JUMP_PLAYER15check_collisionEPN2YS3OBJE	med	0	2	int	Ti::ACTION_PO_JUMP_PLAYER::check_collision(Ti::ACTION_PO_JUMP_PLAYER *, YS::OBJ *)	C:/hd25/kingdom2/taito/action_po_jump.cpp
002e065c	_ZN2Ti21ACTION_PO_JUMP_PLAYER10on_landingEPN2YS3OBJEfff	med	0	5		Ti::ACTION_PO_JUMP_PLAYER::on_landing(Ti::ACTION_PO_JUMP_PLAYER *, YS::OBJ *, float, float, float)	C:/hd25/kingdom2/taito/action_po_jump.cpp
002e0670	_ZN2Ti21ACTION_PO_JUMP_PLAYER13is_release_okEPN2YS3OBJEf	sim-rerun2-med	0	3	bool	Ti::ACTION_PO_JUMP_PLAYER::is_release_ok(Ti::ACTION_PO_JUMP_PLAYER *, YS::OBJ *, float)	C:/hd25/kingdom2/taito/action_po_jump.cpp
002e0698	_ZN2Ti21ACTION_PO_JUMP_PLAYER7on_landEPN2YS3OBJE	med	0	2		Ti::ACTION_PO_JUMP_PLAYER::on_land(Ti::ACTION_PO_JUMP_PLAYER *, YS::OBJ *)	C:/hd25/kingdom2/taito/action_po_jump.cpp
002e0720	_ZN2Ti21ACTION_PO_JUMP_PLAYER7on_fallEPN2YS3OBJE	sim-high	0	2		Ti::ACTION_PO_JUMP_PLAYER::on_fall(Ti::ACTION_PO_JUMP_PLAYER *, YS::OBJ *)	C:/hd25/kingdom2/taito/action_po_jump.cpp
002e0768	_ZN2Ti21ACTION_PO_JUMP_PLAYER7on_jumpEPN2YS3OBJEi	med	0	3		Ti::ACTION_PO_JUMP_PLAYER::on_jump(Ti::ACTION_PO_JUMP_PLAYER *, YS::OBJ *, int)	C:/hd25/kingdom2/taito/action_po_jump.cpp
002e0bb0	_ZN2Ti11MG_ALEscape4initEi	sim-med	1	1		Ti::MG_ALEscape::init(int) [DWARF: static -- no implicit `this`, do NOT add a leading self/object-pointer argument]	C:/hd25/kingdom2/taito/mg_al_escape.cpp
002e0d28	_ZN2Ti11MG_ALEscapeC1Ei	sim-high	0	2		Ti::MG_ALEscape::MG_ALEscape(Ti::MG_ALEscape *, int)	C:/hd25/kingdom2/taito/mg_al_escape.cpp
002e0e70	_ZN2Ti11MG_ALEscapeD1Ev	sim-high	0	1		Ti::MG_ALEscape::~MG_ALEscape(Ti::MG_ALEscape *)	C:/hd25/kingdom2/taito/mg_al_escape.cpp
002e0f80	_ZN2Ti11MG_ALEscape4stopEv	sim-rerun2-med	0	1		Ti::MG_ALEscape::stop(Ti::MG_ALEscape *)	C:/hd25/kingdom2/taito/mg_al_escape.cpp
002e0fa0	_ZN2Ti11MG_ALEscape17player_control_okEv	sim-rerun2-med	0	1	bool	Ti::MG_ALEscape::player_control_ok(Ti::MG_ALEscape *)	C:/hd25/kingdom2/taito/mg_al_escape.cpp
002e1178	_ZN2Ti11MG_ALEscape18task_update_cameraEP4TASK	sim-high	1	1		Ti::MG_ALEscape::task_update_camera(TASK *) [DWARF: static -- no implicit `this`, do NOT add a leading self/object-pointer argument]	C:/hd25/kingdom2/taito/mg_al_escape.cpp
002e1288	_ZN2Ti11MG_ALEscape9post_execEv	sim-med	0	1		Ti::MG_ALEscape::post_exec(Ti::MG_ALEscape *)	C:/hd25/kingdom2/taito/mg_al_escape.cpp
002e1668	_ZN2Ti11MG_ALEscape16_check_collisionEPN2YS3OBJERN2kn7FVectorES6_	sim-high	0	4		Ti::MG_ALEscape::_check_collision(Ti::MG_ALEscape *, YS::OBJ *, kn::FVector &, kn::FVector &)	C:/hd25/kingdom2/taito/mg_al_escape.cpp
002e17a0	_ZN2Ti16ACTION_AL_ESCAPE13calc_movementEPN2YS3OBJE	sim-rerun-med	0	2		Ti::ACTION_AL_ESCAPE::calc_movement(Ti::ACTION_AL_ESCAPE *, YS::OBJ *)	C:/hd25/kingdom2/taito/action_al_escape.cpp
002e1998	_ZN2Ti16ACTION_AL_ESCAPE7controlEPN2YS3OBJE	sim-high	0	2		Ti::ACTION_AL_ESCAPE::control(Ti::ACTION_AL_ESCAPE *, YS::OBJ *)	C:/hd25/kingdom2/taito/action_al_escape.cpp
002e1d28	_ZN2Ti23ACTION_AL_ESCAPE_CARPET7controlEPN2YS3OBJE	sim-high	0	2		Ti::ACTION_AL_ESCAPE_CARPET::control((anonymous namespace)::ACTION_AL_ESCAPE_CARPET *, YS::OBJ *)	C:/hd25/kingdom2/taito/action_al_escape.cpp
002e1f40	_ZN2Ti12MG_EHSidecar4initEi	sim-high	1	1		Ti::MG_EHSidecar::init(int) [DWARF: static -- no implicit `this`, do NOT add a leading self/object-pointer argument]	C:/hd25/kingdom2/taito/mg_eh_sidecar.cpp
002e20d8	_ZN2Ti12MG_EHSidecarC1Ei	sim-high	0	2		Ti::MG_EHSidecar::MG_EHSidecar(Ti::MG_EHSidecar *, int)	C:/hd25/kingdom2/taito/mg_eh_sidecar.cpp
002e2240	_ZN2Ti12MG_EHSidecarD1Ev	sim-high	0	1		Ti::MG_EHSidecar::~MG_EHSidecar(Ti::MG_EHSidecar *)	C:/hd25/kingdom2/taito/mg_eh_sidecar.cpp
002e2428	_ZN2Ti12MG_EHSidecar4stopEv	sim-sib-high	0	1		Ti::MG_EHSidecar::stop(Ti::MG_EHSidecar *)	C:/hd25/kingdom2/taito/mg_eh_sidecar.cpp
002e2440	_ZN2Ti12MG_EHSidecar4execEv	sim-high	0	1		Ti::MG_EHSidecar::exec(Ti::MG_EHSidecar *)	C:/hd25/kingdom2/taito/mg_eh_sidecar.cpp
002e2570	_ZN2Ti12MG_EHSidecar9post_execEv	sim-med	0	1		Ti::MG_EHSidecar::post_exec(Ti::MG_EHSidecar *)	C:/hd25/kingdom2/taito/mg_eh_sidecar.cpp
002e26c0	_ZN2Ti12MG_EHSidecar15MoveToNextPointEv	sim-med	1	0		Ti::MG_EHSidecar::MoveToNextPoint() [DWARF: static -- no implicit `this`, do NOT add a leading self/object-pointer argument]	C:/hd25/kingdom2/taito/mg_eh_sidecar.cpp
002e2728	_ZN2Ti12MG_EHSidecar9play_pathEib	sim-med	0	3		Ti::MG_EHSidecar::play_path(Ti::MG_EHSidecar *, int, bool)	C:/hd25/kingdom2/taito/mg_eh_sidecar.cpp
002e27c8	_ZN2Ti12MG_EHSidecar13update_cameraEv	med	0	1		Ti::MG_EHSidecar::update_camera(Ti::MG_EHSidecar *)	C:/hd25/kingdom2/taito/mg_eh_sidecar.cpp
002e2920	_ZN2Ti12MG_EHSidecar17pre_camera_matrixEv	sim-rerun-med	0	1	const kn::FMatrix &	Ti::MG_EHSidecar::pre_camera_matrix(Ti::MG_EHSidecar *)	C:/hd25/kingdom2/taito/mg_eh_sidecar.cpp
002e2930	_ZN2Ti12MG_EHSidecar13camera_matrixEv	sim-rerun-med	0	1	const kn::FMatrix &	Ti::MG_EHSidecar::camera_matrix(Ti::MG_EHSidecar *)	C:/hd25/kingdom2/taito/mg_eh_sidecar.cpp
002e2940	_ZN2Ti12MG_EHSidecar16_check_collisionEPN2YS3OBJERN2kn7FVectorES6_	sim-high	0	4		Ti::MG_EHSidecar::_check_collision(Ti::MG_EHSidecar *, YS::OBJ *, kn::FVector &, kn::FVector &)	C:/hd25/kingdom2/taito/mg_eh_sidecar.cpp
002e2d88	_ZN2Ti12MG_EHSidecar8PlayPathEib	high	1	2		Ti::MG_EHSidecar::PlayPath(int, bool) [DWARF: static -- no implicit `this`, do NOT add a leading self/object-pointer argument]	C:/hd25/kingdom2/taito/mg_eh_sidecar.cpp
002e2dd8	_ZN2Ti12MG_EHSidecar13IsPointMovingEv	sim-med	1	0	bool	Ti::MG_EHSidecar::IsPointMoving() [DWARF: static -- no implicit `this`, do NOT add a leading self/object-pointer argument]	C:/hd25/kingdom2/taito/mg_eh_sidecar.cpp
002e2eb0	_ZN2Ti17ACTION_EH_SIDECAR5startEPN2YS3OBJE	sim-med	0	2		Ti::ACTION_EH_SIDECAR::start(Ti::ACTION_EH_SIDECAR *, YS::OBJ *)	C:/hd25/kingdom2/taito/action_eh_sidecar.cpp
002e2f90	_ZN2Ti17ACTION_EH_SIDECAR7controlEPN2YS3OBJE	sim-high	0	2		Ti::ACTION_EH_SIDECAR::control(Ti::ACTION_EH_SIDECAR *, YS::OBJ *)	C:/hd25/kingdom2/taito/action_eh_sidecar.cpp
002e31f0	_ZN2Ti25ACTION_EH_SIDECAR_MACHINE7controlEPN2YS3OBJE	sim-high	0	2		Ti::ACTION_EH_SIDECAR_MACHINE::control((anonymous namespace)::ACTION_EH_SIDECAR_MACHINE *, YS::OBJ *)	C:/hd25/kingdom2/taito/action_eh_sidecar.cpp
002e3318	_ZN2Ti9MGUnitSeq9find_unitEPjiiii	sim-sib-med	0	6	int	Ti::MGUnitSeq::find_unit(Ti::MGUnitSeq *, unsigned int *, int, int, int, int)	C:/hd25/kingdom2/taito/mg_unit_seq.cpp
002e33d8	_ZN2Ti9MGUnitSeq13find_loop_endEii	sim-rerun2-med	0	3	int	Ti::MGUnitSeq::find_loop_end(Ti::MGUnitSeq *, int, int)	C:/hd25/kingdom2/taito/mg_unit_seq.cpp
002e33f8	_ZN2Ti9MGUnitSeq15find_return_endEii	sim-rerun2-med	0	3	int	Ti::MGUnitSeq::find_return_end(Ti::MGUnitSeq *, int, int)	C:/hd25/kingdom2/taito/mg_unit_seq.cpp
002e34b8	_ZN2Ti10MapPathOptC1Ev	sim-rerun2-high	0	1		Ti::MapPathOpt::MapPathOpt(Ti::MapPathOpt *)	C:/hd25/kingdom2/taito/map_path_opt.cpp
002e34c0	_ZN2Ti10MapPathOpt3setEPv	sim-rerun2-high	0	2		Ti::MapPathOpt::set(Ti::MapPathOpt *, void *)	C:/hd25/kingdom2/taito/map_path_opt.cpp
002e34c8	_ZN2Ti10MapPathOpt16get_course_countEv	sim-sib-med	0	1	int	Ti::MapPathOpt::get_course_count(Ti::MapPathOpt *)	C:/hd25/kingdom2/taito/map_path_opt.cpp
002e34d8	_ZN2Ti10MapPathOpt15get_course_infoEi	sim-rerun2-med	0	2	Ti::MapPathOpt::CourseInfo *	Ti::MapPathOpt::get_course_info(Ti::MapPathOpt *, int)	C:/hd25/kingdom2/taito/map_path_opt.cpp
002e3540	_ZN2Ti17trap_get_path_dirEP8BD_VALUE	sim-sandwich	1	1		Ti::trap_get_path_dir(BD_VALUE *) [DWARF: static -- no implicit `this`, do NOT add a leading self/object-pointer argument]	C:/hd25/kingdom2/taito/trapnpc.cpp
002e35e8	_ZN2Ti19trap_get_path_dir_rEP8BD_VALUE	sim-sandwich	1	1		Ti::trap_get_path_dir_r(BD_VALUE *) [DWARF: static -- no implicit `this`, do NOT add a leading self/object-pointer argument]	C:/hd25/kingdom2/taito/trapnpc.cpp
002e3750	_ZN2Ti19trap_get_rtn_actionEP8BD_VALUE	sim-med	1	1		Ti::trap_get_rtn_action(BD_VALUE *) [DWARF: static -- no implicit `this`, do NOT add a leading self/object-pointer argument]	C:/hd25/kingdom2/taito/trapnpc.cpp
002e37c0	_ZN2Ti23trap_get_rtn_action_dirEP8BD_VALUE	sim-med	1	1		Ti::trap_get_rtn_action_dir(BD_VALUE *) [DWARF: static -- no implicit `this`, do NOT add a leading self/object-pointer argument]	C:/hd25/kingdom2/taito/trapnpc.cpp
002e3840	_ZN2Ti21trap_get_obj_head_posEP8BD_VALUE	sim-sandwich	1	1		Ti::trap_get_obj_head_pos(BD_VALUE *) [DWARF: static -- no implicit `this`, do NOT add a leading self/object-pointer argument]	C:/hd25/kingdom2/taito/trapnpc.cpp
002e38b8	_ZN2Ti26trap_get_path_dir_from_objEP8BD_VALUE	sim-high	1	1		Ti::trap_get_path_dir_from_obj(BD_VALUE *) [DWARF: static -- no implicit `this`, do NOT add a leading self/object-pointer argument]	C:/hd25/kingdom2/taito/trapnpc.cpp
002e3a18	_ZN2Ti25trap_get_path_current_posEP8BD_VALUE	med	1	1		Ti::trap_get_path_current_pos(BD_VALUE *) [DWARF: static -- no implicit `this`, do NOT add a leading self/object-pointer argument]	C:/hd25/kingdom2/taito/trapnpc.cpp
002e3a78	_ZN2Ti25trap_get_path_current_dirEP8BD_VALUE	med	1	1		Ti::trap_get_path_current_dir(BD_VALUE *) [DWARF: static -- no implicit `this`, do NOT add a leading self/object-pointer argument]	C:/hd25/kingdom2/taito/trapnpc.cpp
002e3c28	_ZN2Ti20trap_reset_leave_wayEP8BD_VALUE	sim-med	1	1		Ti::trap_reset_leave_way(BD_VALUE *) [DWARF: static -- no implicit `this`, do NOT add a leading self/object-pointer argument]	C:/hd25/kingdom2/taito/trapnpc.cpp
002e3ce8	_ZN2Ti29trap_get_path_first_point_posEP8BD_VALUE	med	1	1		Ti::trap_get_path_first_point_pos(BD_VALUE *) [DWARF: static -- no implicit `this`, do NOT add a leading self/object-pointer argument]	C:/hd25/kingdom2/taito/trapnpc.cpp
002e3d48	_ZN2Ti28trap_get_path_last_point_posEP8BD_VALUE	med	1	1		Ti::trap_get_path_last_point_pos(BD_VALUE *) [DWARF: static -- no implicit `this`, do NOT add a leading self/object-pointer argument]	C:/hd25/kingdom2/taito/trapnpc.cpp
002e3e68	_ZN2Ti24trap_eh22_path_is_movingEP8BD_VALUE	sim-sandwich	1	1		Ti::trap_eh22_path_is_moving(BD_VALUE *) [DWARF: static -- no implicit `this`, do NOT add a leading self/object-pointer argument]	C:/hd25/kingdom2/taito/trapnpc.cpp
002e4a08	_ZN2Ti4CordC1Ev	sim-rerun-med	0	1		Ti::Cord::Cord(Ti::Cord *)	C:/hd25/kingdom2/taito/cord.cpp
002e50f8	_ZN2Ti4Cord4initEv	sim-high	0	1		Ti::Cord::init(Ti::Cord *)	C:/hd25/kingdom2/taito/cord.cpp
002e51b0	_ZN2Ti4Cord16get_vertical_posEf	sim-rerun-med	0	2	float	Ti::Cord::get_vertical_pos(Ti::Cord *, float)	C:/hd25/kingdom2/taito/cord.cpp
002e5350	_ZN2Ti4Cord4stepEfi	sim-rerun-med	0	3		Ti::Cord::step(Ti::Cord *, float, int)	C:/hd25/kingdom2/taito/cord.cpp
002e5518	_ZN2Ti4Cord4drawERN2kn7FMatrixERNS1_16Vif1PacketBufferEy	high	0	4		Ti::Cord::draw(Ti::Cord *, kn::FMatrix &, kn::Vif1PacketBuffer &, ULONGLONG)	C:/hd25/kingdom2/taito/cord.cpp
002e5f28	_ZN2gm7CONVERT13CreateTextureEPN2kn15MemoryAllocatorEPvS4_PNS_4PLANE	sim-med	1	4		gm::CONVERT::CreateTexture(kn::MemoryAllocator *, void *, void *, gm::PLAN *) [DWARF: static -- no implicit `this`, do NOT add a leading self/object-pointer argument]	C:/hd25/kingdom2/libgumi/convert.cpp
002e5f70	_ZN2Ti4Tim2C1Ev	sim-med	0	1		Ti::Tim2::Tim2(Ti::Tim2 *)	C:/hd25/kingdom2/taito/tim2.cpp
002e5fb8	_ZN2Ti4Tim24initEPv	sim-med	0	2		Ti::Tim2::init(Ti::Tim2 *, void *)	C:/hd25/kingdom2/taito/tim2.cpp
002e60c0	_ZN2kn12clearZBufferEv	sim-rerun2-med	1	0		kn::clearZBuffer() [DWARF: static -- no implicit `this`, do NOT add a leading self/object-pointer argument]	C:/hd25/kingdom2/naka/libkn/vu1draw.cpp
002e64b8	_ZN2Ti3Afp7getDataEiPv	sim-med	1	2	Ti::Afp::Data *	Ti::Afp::getData(int, void *) [DWARF: static -- no implicit `this`, do NOT add a leading self/object-pointer argument]	C:/hd25/kingdom2/taito/afp.cpp
002e6ab0	_ZN2Ti3Afp4Data11calc_matrixERN2kn7FMatrixEf	sim-high	0	3		Ti::Afp::Data::calc_matrix(Ti::Afp::Data *, Matrix &, float)	C:/hd25/kingdom2/taito/afp.cpp
002e6fc0	_ZN2Ti3AfpC1EPv	sim-high	0	2		Ti::Afp::Afp(Ti::Afp *, void *)	C:/hd25/kingdom2/taito/afp.cpp
002e70b0	_ZN2Ti3AfpD1Ev	sim-high	0	1		Ti::Afp::~Afp(Ti::Afp *)	C:/hd25/kingdom2/taito/afp.cpp
002e71a0	_Z4calcP11_pppPObjectP19PRyjDrawShipolyBoneP13_pppCtrlTable	sim-med	0	3		calc(pppPObject *, PRyjDrawShipolyBone *, pppCtrlTable *)	C:/hd25/riCommon/pppRyjDrawShipolyBone.cpp
002e7340	_ZN2Ti13IntervalVoice5startEPN2YS6STDOBJEiPhff	sim-rerun-high	0	6		Ti::IntervalVoice::start(Ti::IntervalVoice *, YS::STDOBJ *, int, u_char *, float, float)	C:/hd25/kingdom2/taito/voice.cpp
002e7458	_ZN2Ti13IntervalVoice4stopEv	sim-sib-med	0	1		Ti::IntervalVoice::stop(Ti::IntervalVoice *)	C:/hd25/kingdom2/taito/voice.cpp
002e7500	_ZN2Ti13IntervalVoice9clear_allEv	sim-rerun-med	1	0		Ti::IntervalVoice::clear_all() [DWARF: static -- no implicit `this`, do NOT add a leading self/object-pointer argument]	C:/hd25/kingdom2/taito/voice.cpp
002e7568	_ZN2Ti15play_voice_randEPN2YS6STDOBJEiPhf	sim-rerun-high	1	4	int	Ti::play_voice_rand(YS::STDOBJ *, int, u_char *, float) [DWARF: static -- no implicit `this`, do NOT add a leading self/object-pointer argument]	C:/hd25/kingdom2/taito/voice.cpp
002e77f8	_ZN2Ts8EDITSAVE17get_gumiship_planEi	sim-med	0	2	void *	Ts::EDITSAVE::get_gumiship_plan(Ts::EDITSAVE *, int)	C:/hd25/kingdom2/sugi/editsave.cpp
002e7820	_ZN2Ts8EDITSAVE17get_tinyship_planEi	sim-med	0	2	void *	Ts::EDITSAVE::get_tinyship_plan(Ts::EDITSAVE *, int)	C:/hd25/kingdom2/sugi/editsave.cpp
002e7adc	_ZN2Ts17trap_camera_shakeEP8BD_VALUE	sim-sib-med	1	1		Ts::trap_camera_shake(BD_VALUE *) [DWARF: static -- no implicit `this`, do NOT add a leading self/object-pointer argument]	C:/hd25/kingdom2/sugi/trapfield.cpp
002e7b10	_ZN2Ts17trap_prize_appearEP8BD_VALUE	med	1	1		Ts::trap_prize_appear(BD_VALUE *) [DWARF: static -- no implicit `this`, do NOT add a leading self/object-pointer argument]	C:/hd25/kingdom2/sugi/trapfield.cpp
002e7b88	_ZN2Ts18trap_dice_set_specEP8BD_VALUE	sim-sandwich	1	1		Ts::trap_dice_set_spec(BD_VALUE *) [DWARF: static -- no implicit `this`, do NOT add a leading self/object-pointer argument]	C:/hd25/kingdom2/sugi/trapfield.cpp
002e7bb0	_ZN2Ts18trap_card_set_specEP8BD_VALUE	sim-sandwich	1	1		Ts::trap_card_set_spec(BD_VALUE *) [DWARF: static -- no implicit `this`, do NOT add a leading self/object-pointer argument]	C:/hd25/kingdom2/sugi/trapfield.cpp
002e7be0	_ZN2Ts25trap_target_searcher_initEP8BD_VALUE	sim-med	1	1		Ts::trap_target_searcher_init(BD_VALUE *) [DWARF: static -- no implicit `this`, do NOT add a leading self/object-pointer argument]	C:/hd25/kingdom2/sugi/trapfield.cpp
002e7c18	_ZN2Ts27trap_target_seracher_searchEP8BD_VALUE	sim-high	1	1		Ts::trap_target_seracher_search(BD_VALUE *) [DWARF: static -- no implicit `this`, do NOT add a leading self/object-pointer argument]	C:/hd25/kingdom2/sugi/trapfield.cpp
002e7c78	_ZN2Ts13trap_obj_stopEP8BD_VALUE	med	1	1		Ts::trap_obj_stop(BD_VALUE *) [DWARF: static -- no implicit `this`, do NOT add a leading self/object-pointer argument]	C:/hd25/kingdom2/sugi/trapfield.cpp
002e7d20	_ZN2Ts19trap_obj_near_partsEP8BD_VALUE	sim-high	1	1		Ts::trap_obj_near_parts(BD_VALUE *) [DWARF: static -- no implicit `this`, do NOT add a leading self/object-pointer argument]	C:/hd25/kingdom2/sugi/trapfield.cpp
002e7e28	_ZN2Ts21trap_obj_get_bg_pressEP8BD_VALUE	sim-sandwich	1	1		Ts::trap_obj_get_bg_press(BD_VALUE *) [DWARF: static -- no implicit `this`, do NOT add a leading self/object-pointer argument]	C:/hd25/kingdom2/sugi/trapfield.cpp
002e7e58	_ZN2Ts21trap_obj_tt_ball_blowEP8BD_VALUE	sim-med	1	1		Ts::trap_obj_tt_ball_blow(BD_VALUE *) [DWARF: static -- no implicit `this`, do NOT add a leading self/object-pointer argument]	C:/hd25/kingdom2/sugi/trapfield.cpp
002e7f60	_ZN2Ts31trap_target_searcher_add_targetEP8BD_VALUE	sim-high	1	1		Ts::trap_target_searcher_add_target(BD_VALUE *) [DWARF: static -- no implicit `this`, do NOT add a leading self/object-pointer argument]	C:/hd25/kingdom2/sugi/trapfield.cpp
002e7f80	_ZN2Ts35trap_target_searcher_get_target_numEP8BD_VALUE	sim-high	1	1		Ts::trap_target_searcher_get_target_num(BD_VALUE *) [DWARF: static -- no implicit `this`, do NOT add a leading self/object-pointer argument]	C:/hd25/kingdom2/sugi/trapfield.cpp
002e7ff8	_ZN2Ts16trap_target_distEP8BD_VALUE	sim-high	1	1		Ts::trap_target_dist(BD_VALUE *) [DWARF: static -- no implicit `this`, do NOT add a leading self/object-pointer argument]	C:/hd25/kingdom2/sugi/trapfield.cpp
002e8038	_ZN2Ts31trap_target_searcher_search_objEP8BD_VALUE	med	1	1		Ts::trap_target_searcher_search_obj(BD_VALUE *) [DWARF: static -- no implicit `this`, do NOT add a leading self/object-pointer argument]	C:/hd25/kingdom2/sugi/trapfield.cpp
002e8070	_ZN2Ts28trap_target_searcher_get_oldEP8BD_VALUE	med	1	1		Ts::trap_target_searcher_get_old(BD_VALUE *) [DWARF: static -- no implicit `this`, do NOT add a leading self/object-pointer argument]	C:/hd25/kingdom2/sugi/trapfield.cpp
002e80d8	_ZN2Ts21trap_target_get_groupEP8BD_VALUE	sim-med	1	1		Ts::trap_target_get_group(BD_VALUE *) [DWARF: static -- no implicit `this`, do NOT add a leading self/object-pointer argument]	C:/hd25/kingdom2/sugi/trapfield.cpp
002e8108	_ZN2Ts15trap_friend_getEP8BD_VALUE	sim-high	1	1		Ts::trap_friend_get(BD_VALUE *) [DWARF: static -- no implicit `this`, do NOT add a leading self/object-pointer argument]	C:/hd25/kingdom2/sugi/trapfield.cpp
002e817c	_ZN2Ts38trap_status_peterpan_prize_drain_startEP8BD_VALUE	sim-rerun2-med	1	1		Ts::trap_status_peterpan_prize_drain_start(BD_VALUE *) [DWARF: static -- no implicit `this`, do NOT add a leading self/object-pointer argument]	C:/hd25/kingdom2/sugi/trapfield.cpp
002e8198	_ZN2Ts36trap_status_peterpan_prize_drain_endEP8BD_VALUE	sim-rerun2-sandwich	1	1		Ts::trap_status_peterpan_prize_drain_end(BD_VALUE *) [DWARF: static -- no implicit `this`, do NOT add a leading self/object-pointer argument]	C:/hd25/kingdom2/sugi/trapfield.cpp
002e8220	_ZN2Ts21trap_skateboard_trickEP8BD_VALUE	med	1	1		Ts::trap_skateboard_trick(BD_VALUE *) [DWARF: static -- no implicit `this`, do NOT add a leading self/object-pointer argument]	C:/hd25/kingdom2/sugi/trapfield.cpp
002e8290	_ZN2Ts30trap_skateboardscore_add_countEP8BD_VALUE	med	1	1		Ts::trap_skateboardscore_add_count(BD_VALUE *) [DWARF: static -- no implicit `this`, do NOT add a leading self/object-pointer argument]	C:/hd25/kingdom2/sugi/trapfield.cpp
002e8378	_ZN2Ts20trap_obj_hide_shadowEP8BD_VALUE	sim-sib-med	1	1		Ts::trap_obj_hide_shadow(BD_VALUE *) [DWARF: static -- no implicit `this`, do NOT add a leading self/object-pointer argument]	C:/hd25/kingdom2/sugi/trapfield.cpp
002e8390	_ZN2Ts19trap_obj_hop_directEP8BD_VALUE	sim-high	1	1		Ts::trap_obj_hop_direct(BD_VALUE *) [DWARF: static -- no implicit `this`, do NOT add a leading self/object-pointer argument]	C:/hd25/kingdom2/sugi/trapfield.cpp
002e8400	_ZN2Ts20trap_obj_rc_stop_allEP8BD_VALUE	med	1	1		Ts::trap_obj_rc_stop_all(BD_VALUE *) [DWARF: static -- no implicit `this`, do NOT add a leading self/object-pointer argument]	C:/hd25/kingdom2/sugi/trapfield.cpp
002e84a8	_ZN2Ts21trap_obj_stop_end_allEP8BD_VALUE	med	1	1		Ts::trap_obj_stop_end_all(BD_VALUE *) [DWARF: static -- no implicit `this`, do NOT add a leading self/object-pointer argument]	C:/hd25/kingdom2/sugi/trapfield.cpp
002e84e0	_ZN2Ts21trap_bghit_check_lineEP8BD_VALUE	med	1	1		Ts::trap_bghit_check_line(BD_VALUE *) [DWARF: static -- no implicit `this`, do NOT add a leading self/object-pointer argument]	C:/hd25/kingdom2/sugi/trapfield.cpp
002e8578	_ZN2Ts21trap_bghit_get_normalEP8BD_VALUE	med	1	1		Ts::trap_bghit_get_normal(BD_VALUE *) [DWARF: static -- no implicit `this`, do NOT add a leading self/object-pointer argument]	C:/hd25/kingdom2/sugi/trapfield.cpp
002e85c0	_ZN2Ts17trap_bghit_is_hitEP8BD_VALUE	sim-med	1	1		Ts::trap_bghit_is_hit(BD_VALUE *) [DWARF: static -- no implicit `this`, do NOT add a leading self/object-pointer argument]	C:/hd25/kingdom2/sugi/trapfield.cpp
002e8688	_ZN2Ts16trap_obj_is_hookEP8BD_VALUE	sim-sib-med	1	1		Ts::trap_obj_is_hook(BD_VALUE *) [DWARF: static -- no implicit `this`, do NOT add a leading self/object-pointer argument]	C:/hd25/kingdom2/sugi/trapfield.cpp
002e8770	_ZN2Ts21trap_obj_party_attackEP8BD_VALUE	med	1	1		Ts::trap_obj_party_attack(BD_VALUE *) [DWARF: static -- no implicit `this`, do NOT add a leading self/object-pointer argument]	C:/hd25/kingdom2/sugi/trapfield.cpp
002e8a28	_ZN2Ts17trap_larxene_deadEP8BD_VALUE	med	1	1		Ts::trap_larxene_dead(BD_VALUE *) [DWARF: static -- no implicit `this`, do NOT add a leading self/object-pointer argument]	C:/hd25/kingdom2/sugi/trapfield.cpp
002e8b30	_ZN2Ts25trap_enemy_stop_all_startEP8BD_VALUE	med	1	1		Ts::trap_enemy_stop_all_start(BD_VALUE *) [DWARF: static -- no implicit `this`, do NOT add a leading self/object-pointer argument]	C:/hd25/kingdom2/sugi/trapbattle.cpp
002e8be8	_ZN2Ts14trap_flare_newEP8BD_VALUE	sim-med	1	1		Ts::trap_flare_new(BD_VALUE *) [DWARF: static -- no implicit `this`, do NOT add a leading self/object-pointer argument]	C:/hd25/kingdom2/sugi/trapbattle.cpp
002e8c28	_ZN2Ts18trap_flare_set_posEP8BD_VALUE	sim-med	1	1		Ts::trap_flare_set_pos(BD_VALUE *) [DWARF: static -- no implicit `this`, do NOT add a leading self/object-pointer argument]	C:/hd25/kingdom2/sugi/trapbattle.cpp
002e8c58	_ZN2Ts21trap_flare_set_radiusEP8BD_VALUE	sim-high	1	1		Ts::trap_flare_set_radius(BD_VALUE *) [DWARF: static -- no implicit `this`, do NOT add a leading self/object-pointer argument]	C:/hd25/kingdom2/sugi/trapbattle.cpp
002e8c80	_ZN2Ts21trap_flare_set_effectEP8BD_VALUE	sim-med	1	1		Ts::trap_flare_set_effect(BD_VALUE *) [DWARF: static -- no implicit `this`, do NOT add a leading self/object-pointer argument]	C:/hd25/kingdom2/sugi/trapbattle.cpp
002e8d08	_ZN2Ts39trap_limit_aladdin_exclamation_mark_posEP8BD_VALUE	med	1	1		Ts::trap_limit_aladdin_exclamation_mark_pos(BD_VALUE *) [DWARF: static -- no implicit `this`, do NOT add a leading self/object-pointer argument]	C:/hd25/kingdom2/sugi/trapbattle.cpp
002e8f08	_ZN2Ts27trap_friend_get_target_sizeEP8BD_VALUE	sim-sib-med	1	1		Ts::trap_friend_get_target_size(BD_VALUE *) [DWARF: static -- no implicit `this`, do NOT add a leading self/object-pointer argument]	C:/hd25/kingdom2/sugi/trapbattle.cpp
002e9028	_ZN2Ts23trap_trinity_shot_startEP8BD_VALUE	med	1	1		Ts::trap_trinity_shot_start(BD_VALUE *) [DWARF: static -- no implicit `this`, do NOT add a leading self/object-pointer argument]	C:/hd25/kingdom2/sugi/trapbattle.cpp
002e9148	_ZN2Ts31trap_vacuum_set_effective_rangeEP8BD_VALUE	sim-med	1	1		Ts::trap_vacuum_set_effective_range(BD_VALUE *) [DWARF: static -- no implicit `this`, do NOT add a leading self/object-pointer argument]	C:/hd25/kingdom2/sugi/trapbattle.cpp
002e9248	_ZN2Ts12ExecAllFlareEP4TASK	sim-high	1	1		Ts::ExecAllFlare(TASK *) [DWARF: static -- no implicit `this`, do NOT add a leading self/object-pointer argument]	C:/hd25/kingdom2/sugi/flare.cpp
002e9338	_ZN2Ts21ExecAllFlareFinalizerEP4TASK	med	1	1		Ts::ExecAllFlareFinalizer(TASK *) [DWARF: static -- no implicit `this`, do NOT add a leading self/object-pointer argument]	C:/hd25/kingdom2/sugi/flare.cpp
002e95a0	_ZN2Ts5FLARE10set_radiusEff	sim-med	0	3		Ts::FLARE::set_radius(Ts::FLARE *, float, float)	C:/hd25/kingdom2/sugi/flare.cpp
002e9610	_ZN2Ts5FLARE7set_posERKN2kn7FVectorE	sim-high	0	2		Ts::FLARE::set_pos(Ts::FLARE *, RCFVector)	C:/hd25/kingdom2/sugi/flare.cpp
002e9850	_ZN2Ts5FLARE5AllocEv	sim-sib-med	1	0	Ts::FLARE *	Ts::FLARE::Alloc() [DWARF: static -- no implicit `this`, do NOT add a leading self/object-pointer argument]	C:/hd25/kingdom2/sugi/flare.cpp
002e9a78	_ZN2Ts15TARGET_SEARCHER7is_typeEPN2YS3OBJEi	med	0	3	bool	Ts::TARGET_SEARCHER::is_type(Ts::TARGET_SEARCHER *, YS::OBJ *, int)	C:/hd25/kingdom2/sugi/target.cpp
002e9b10	_ZN2Ts15TARGET_SEARCHERC1Ei	sim-sandwich	0	2		Ts::TARGET_SEARCHER::TARGET_SEARCHER(Ts::TARGET_SEARCHER *, int)	C:/hd25/kingdom2/sugi/target.cpp
002e9b58	_ZN2Ts15TARGET_SEARCHER3addEPN2YS3OBJEi	sim-high	0	3		Ts::TARGET_SEARCHER::add(Ts::TARGET_SEARCHER *, YS::OBJ *, int)	C:/hd25/kingdom2/sugi/target.cpp
002e9c98	_ZN2Ts15TARGET_SEARCHER3addEPN2YS6TARGETE	sim-med	0	2		Ts::TARGET_SEARCHER::add(Ts::TARGET_SEARCHER *, YS::TARGET *)	C:/hd25/kingdom2/sugi/target.cpp
002e9d08	_ZN2Ts15TARGET_SEARCHERclEPN2YS6TARGETERKN2kn7FVectorES7_bbb	med	0	7		Ts::TARGET_SEARCHER::operator(Ts::TARGET_SEARCHER *, YS::TARGET *, RCFVector, RCFVector, bool, bool, bool)	C:/hd25/kingdom2/sugi/target.cpp
002e9fa8	_ZN2Ts15TARGET_SEARCHER5resetEv	med	0	1		Ts::TARGET_SEARCHER::reset(Ts::TARGET_SEARCHER *)	C:/hd25/kingdom2/sugi/target.cpp
002e9fb8	_ZN2Ts15TARGET_SEARCHER26set_check_hide_from_friendEb	med	0	2		Ts::TARGET_SEARCHER::set_check_hide_from_friend(Ts::TARGET_SEARCHER *, bool)	C:/hd25/kingdom2/sugi/target.cpp
002e9fe0	_ZN2Ts15TARGET_SEARCHER6SearchEPN2YS6TARGETEPNS1_3OBJERKN2kn7FVectorE	med	1	3		Ts::TARGET_SEARCHER::Search(YS::TARGET *, YS::OBJ *, RCFVector) [DWARF: static -- no implicit `this`, do NOT add a leading self/object-pointer argument]	C:/hd25/kingdom2/sugi/target.cpp
002ea0f0	_ZN2Ts22ACTION_AL_PRIZEBOX_GET7controlEPN2YS3OBJE	sim-high	0	2		Ts::ACTION_AL_PRIZEBOX_GET::control(Ts::ACTION_AL_PRIZEBOX_GET *, YS::OBJ *)	C:/hd25/kingdom2/sugi/action_al_prizebox_get.cpp
002ea338	_ZN2Ts19ACTION_TT_BALL_BLOW5startEPN2YS3OBJE	sim-med	0	2		Ts::ACTION_TT_BALL_BLOW::start(Ts::ACTION_TT_BALL_BLOW *, YS::OBJ *)	C:/hd25/kingdom2/sugi/action_tt_ball_blow.cpp
002ea450	_ZN2Ts19ACTION_TT_BALL_BLOW13calc_movementEPN2YS3OBJE	med	0	2		Ts::ACTION_TT_BALL_BLOW::calc_movement(Ts::ACTION_TT_BALL_BLOW *, YS::OBJ *)	C:/hd25/kingdom2/sugi/action_tt_ball_blow.cpp
002eaa68	_ZN2Ts19ACTION_TT_BALL_BLOW7controlEPN2YS3OBJE	sim-sandwich	0	2		Ts::ACTION_TT_BALL_BLOW::control(Ts::ACTION_TT_BALL_BLOW *, YS::OBJ *)	C:/hd25/kingdom2/sugi/action_tt_ball_blow.cpp
002eaa70	_ZN2Ts19ACTION_TT_BALL_BLOW4landEPN2YS3OBJE	sim-med	0	2		Ts::ACTION_TT_BALL_BLOW::land(Ts::ACTION_TT_BALL_BLOW *, YS::OBJ *)	C:/hd25/kingdom2/sugi/action_tt_ball_blow.cpp
002eaab0	_ZN2Ts11ACTION_DICE4jumpEPN2YS3OBJERKN2kn7FVectorE	sim-sib-high	0	3		Ts::ACTION_DICE::jump(Ts::ACTION_DICE *, YS::OBJ *, const kn::FVector &)	C:/hd25/kingdom2/sugi/action_dice.cpp
002eaaf0	_ZN2Ts11ACTION_DICE11jump_heightEPN2YS3OBJEf	sim-sib-high	0	3		Ts::ACTION_DICE::jump_height(Ts::ACTION_DICE *, YS::OBJ *, float)	C:/hd25/kingdom2/sugi/action_dice.cpp
002eab40	_ZN2Ts11ACTION_DICE3endEPN2YS3OBJE	sim-rerun2-med	0	2		Ts::ACTION_DICE::end(Ts::ACTION_DICE *, YS::OBJ *)	C:/hd25/kingdom2/sugi/action_dice.cpp
002eabe8	_ZN2Ts11ACTION_DICE10party_jumpEPN2YS3OBJEb	sim-high	0	3		Ts::ACTION_DICE::party_jump(Ts::ACTION_DICE *, YS::OBJ *, bool)	C:/hd25/kingdom2/sugi/action_dice.cpp
002eacd0	_ZN2Ts15ACTION_DICEJUMP4landEPN2YS3OBJE	sim-med	0	2		Ts::ACTION_DICEJUMP::land((anonymous namespace)::ACTION_DICEJUMP *, YS::OBJ *)	C:/hd25/kingdom2/sugi/action_dice.cpp
002eaea8	_ZN2Ts11ACTION_CARD7SetSpecEfffffff	sim-rerun-med	1	7		Ts::ACTION_CARD::SetSpec(float, float, float, float, float, float, float) [DWARF: static -- no implicit `this`, do NOT add a leading self/object-pointer argument]	C:/hd25/kingdom2/sugi/action_card.cpp
002eaf48	_ZN2Ts21ACTION_SKATEBOARDEDGE5StartEPN2YS3OBJE	med	1	1		Ts::ACTION_SKATEBOARDEDGE::Start(YS::OBJ *) [DWARF: static -- no implicit `this`, do NOT add a leading self/object-pointer argument]	C:/hd25/kingdom2/sugi/action_skateboard.cpp
002eb098	_ZN2Ts25ACTION_SKATEBOARDRIDEEDGE13calc_movementEPN2YS3OBJE	sim-high	0	2		Ts::ACTION_SKATEBOARDRIDEEDGE::calc_movement((anonymous namespace)::ACTION_SKATEBOARDRIDEEDGE *, YS::OBJ *)	C:/hd25/kingdom2/sugi/action_skateboard.cpp
002eb1a0	_ZN2Ts25ACTION_SKATEBOARDRIDEEDGE7controlEPN2YS3OBJE	med	0	2		Ts::ACTION_SKATEBOARDRIDEEDGE::control((anonymous namespace)::ACTION_SKATEBOARDRIDEEDGE *, YS::OBJ *)	C:/hd25/kingdom2/sugi/action_skateboard.cpp
002eb1e8	_ZN2Ts9CheckEdgeEPN2YS3OBJE	high	1	1		Ts::CheckEdge(YS::OBJ *) [DWARF: static -- no implicit `this`, do NOT add a leading self/object-pointer argument]	C:/hd25/kingdom2/sugi/action_skateboard.cpp
002eb3b8	_ZN2Ts11CheckCancelEPN2YS3OBJE	high	1	1	bool	Ts::CheckCancel(YS::OBJ *) [DWARF: static -- no implicit `this`, do NOT add a leading self/object-pointer argument]	C:/hd25/kingdom2/sugi/action_skateboard.cpp
002eb4f0	_ZN2Ts17ACTION_SKATEBOARD13calc_movementEPN2YS3OBJE	med	0	2		Ts::ACTION_SKATEBOARD::calc_movement(Ts::ACTION_SKATEBOARD *, YS::OBJ *)	C:/hd25/kingdom2/sugi/action_skateboard.cpp
002eb6f8	_ZN2Ts23skateboard_motion_startEPN2YS3OBJEif	med	1	3		Ts::skateboard_motion_start(YS::OBJ *, int, float) [DWARF: static -- no implicit `this`, do NOT add a leading self/object-pointer argument]	C:/hd25/kingdom2/sugi/action_skateboard.cpp
002eb778	_ZN2Ts24skateboard_motion_changeEPN2YS3OBJEifb	med	1	4		Ts::skateboard_motion_change(YS::OBJ *, int, float, bool) [DWARF: static -- no implicit `this`, do NOT add a leading self/object-pointer argument]	C:/hd25/kingdom2/sugi/action_skateboard.cpp
002eb7f0	_ZN2Ts17ACTION_SKATEBOARD15TrickMotionPushEPN2YS3OBJEif	med	1	3		Ts::ACTION_SKATEBOARD::TrickMotionPush(YS::OBJ *, int, float) [DWARF: static -- no implicit `this`, do NOT add a leading self/object-pointer argument]	C:/hd25/kingdom2/sugi/action_skateboard.cpp
002eb868	_ZN2Ts17ACTION_SKATEBOARD4RideEPN2YS3OBJES3_	med	1	2		Ts::ACTION_SKATEBOARD::Ride(YS::OBJ *, YS::OBJ *) [DWARF: static -- no implicit `this`, do NOT add a leading self/object-pointer argument]	C:/hd25/kingdom2/sugi/action_skateboard.cpp
002eb9d8	_ZN2Ts17ACTION_SKATEBOARD13change_motionEPN2YS3OBJEif	sim-high	0	4		Ts::ACTION_SKATEBOARD::change_motion(Ts::ACTION_SKATEBOARD *, YS::OBJ *, int, float)	C:/hd25/kingdom2/sugi/action_skateboard.cpp
002ebb08	_ZN2Ts17ACTION_SKATEBOARD5startEPN2YS3OBJE	sim-med	0	2		Ts::ACTION_SKATEBOARD::start(Ts::ACTION_SKATEBOARD *, YS::OBJ *)	C:/hd25/kingdom2/sugi/action_skateboard.cpp
002ebbd8	_ZN2Ts17ACTION_SKATEBOARD3endEPN2YS3OBJE	sim-sib-high	0	2		Ts::ACTION_SKATEBOARD::end(Ts::ACTION_SKATEBOARD *, YS::OBJ *)	C:/hd25/kingdom2/sugi/action_skateboard.cpp
002ebc78	_ZN2Ts17ACTION_SKATEBOARD4landEPN2YS3OBJE	sim-sib-high	0	2		Ts::ACTION_SKATEBOARD::land(Ts::ACTION_SKATEBOARD *, YS::OBJ *)	C:/hd25/kingdom2/sugi/action_skateboard.cpp
002ebc80	_ZN2Ts17ACTION_SKATEBOARD7controlEPN2YS3OBJE	med	0	2		Ts::ACTION_SKATEBOARD::control(Ts::ACTION_SKATEBOARD *, YS::OBJ *)	C:/hd25/kingdom2/sugi/action_skateboard.cpp
002ebf50	_ZN2Ts17ACTION_SKATEBOARD10party_jumpEPN2YS3OBJEb	med	0	3		Ts::ACTION_SKATEBOARD::party_jump(Ts::ACTION_SKATEBOARD *, YS::OBJ *, bool)	C:/hd25/kingdom2/sugi/action_skateboard.cpp
002ec088	_ZN2Ts21ACTION_SKATEBOARDJUMP5startEPN2YS3OBJE	sim-med	0	2		Ts::ACTION_SKATEBOARDJUMP::start((anonymous namespace)::ACTION_SKATEBOARDJUMP *, YS::OBJ *)	C:/hd25/kingdom2/sugi/action_skateboard.cpp
002ec0f8	_ZN2Ts21ACTION_SKATEBOARDJUMP3endEPN2YS3OBJE	sim-med	0	2		Ts::ACTION_SKATEBOARDJUMP::end((anonymous namespace)::ACTION_SKATEBOARDJUMP *, YS::OBJ *)	C:/hd25/kingdom2/sugi/action_skateboard.cpp
002ec170	_ZN2Ts21ACTION_SKATEBOARDJUMP4fallEPN2YS3OBJE	sim-high	0	2		Ts::ACTION_SKATEBOARDJUMP::fall((anonymous namespace)::ACTION_SKATEBOARDJUMP *, YS::OBJ *)	C:/hd25/kingdom2/sugi/action_skateboard.cpp
002ec248	_ZN2Ts21ACTION_SKATEBOARDJUMP7controlEPN2YS3OBJE	med	0	2		Ts::ACTION_SKATEBOARDJUMP::control((anonymous namespace)::ACTION_SKATEBOARDJUMP *, YS::OBJ *)	C:/hd25/kingdom2/sugi/action_skateboard.cpp
002ec468	_ZN2Ts21ACTION_SKATEBOARDJUMP13calc_movementEPN2YS3OBJE	sim-sib-med	0	2		Ts::ACTION_SKATEBOARDJUMP::calc_movement((anonymous namespace)::ACTION_SKATEBOARDJUMP *, YS::OBJ *)	C:/hd25/kingdom2/sugi/action_skateboard.cpp
002ec4a8	_ZN2Ts21ACTION_SKATEBOARDEDGE5startEPN2YS3OBJE	med	0	2		Ts::ACTION_SKATEBOARDEDGE::start(Ts::ACTION_SKATEBOARDEDGE *, YS::OBJ *)	C:/hd25/kingdom2/sugi/action_skateboard.cpp
002ec598	_ZN2Ts21ACTION_SKATEBOARDEDGE4fallEPN2YS3OBJE	sim-sib-med	0	2		Ts::ACTION_SKATEBOARDEDGE::fall(Ts::ACTION_SKATEBOARDEDGE *, YS::OBJ *)	C:/hd25/kingdom2/sugi/action_skateboard.cpp
002ec5b0	_ZN2Ts21ACTION_SKATEBOARDEDGE4landEPN2YS3OBJE	sim-high	0	2		Ts::ACTION_SKATEBOARDEDGE::land(Ts::ACTION_SKATEBOARDEDGE *, YS::OBJ *)	C:/hd25/kingdom2/sugi/action_skateboard.cpp
002ec5f8	_ZN2Ts21ACTION_SKATEBOARDEDGE7controlEPN2YS3OBJE	med	0	2		Ts::ACTION_SKATEBOARDEDGE::control(Ts::ACTION_SKATEBOARDEDGE *, YS::OBJ *)	C:/hd25/kingdom2/sugi/action_skateboard.cpp
002ec850	_ZN2Ts21ACTION_SKATEBOARDEDGE10party_jumpEPN2YS3OBJEb	sim-high	0	3		Ts::ACTION_SKATEBOARDEDGE::party_jump(Ts::ACTION_SKATEBOARDEDGE *, YS::OBJ *, bool)	C:/hd25/kingdom2/sugi/action_skateboard.cpp
002ec9d0	_ZN2Ts21ACTION_SKATEBOARDEDGE4JumpEPN2YS3OBJERKN2kn7FVectorEi	sim-high	1	3		Ts::ACTION_SKATEBOARDEDGE::Jump(YS::OBJ *, const kn::FVector &, int) [DWARF: static -- no implicit `this`, do NOT add a leading self/object-pointer argument]	C:/hd25/kingdom2/sugi/action_skateboard.cpp
002eca38	_ZN2Ts25ACTION_SKATEBOARDRIDEEDGE5startEPN2YS3OBJE	sim-high	0	2		Ts::ACTION_SKATEBOARDRIDEEDGE::start((anonymous namespace)::ACTION_SKATEBOARDRIDEEDGE *, YS::OBJ *)	C:/hd25/kingdom2/sugi/action_skateboard.cpp
002ece98	_ZN2Ts21ACTION_LIMIT_PETERPAN5startEPN2YS3OBJE	sim-med	0	2		Ts::ACTION_LIMIT_PETERPAN::start((anonymous namespace)::ACTION_LIMIT_PETERPAN *, YS::OBJ *)	C:/hd25/kingdom2/sugi/action_limit.cpp
002ecef8	_ZN2Ts21ACTION_LIMIT_PETERPAN13calc_movementEPN2YS3OBJE	sim-high	0	2		Ts::ACTION_LIMIT_PETERPAN::calc_movement((anonymous namespace)::ACTION_LIMIT_PETERPAN *, YS::OBJ *)	C:/hd25/kingdom2/sugi/action_limit.cpp
002ed068	_ZN2Ts18ACTION_LIMIT_HOVER13calc_movementEPN2YS3OBJE	sim-med	0	2		Ts::ACTION_LIMIT_HOVER::calc_movement(Ts::ACTION_LIMIT_HOVER *, YS::OBJ *)	C:/hd25/kingdom2/sugi/action_limit.cpp
002ed268	_ZN2Ts18ACTION_LIMIT_HOVER7SetSpecEPNS0_4SPECE	sim-rerun-med	1	1		Ts::ACTION_LIMIT_HOVER::SetSpec(Ts::ACTION_LIMIT_HOVER::SPEC *) [DWARF: static -- no implicit `this`, do NOT add a leading self/object-pointer argument]	C:/hd25/kingdom2/sugi/action_limit.cpp
002ed350	_ZN2Ts16TRINITY_SHOT_OBJ5startEPN2YS3OBJEPNS1_6TARGETERKN2kn7FVectorES9_	med	0	5	Ts::TRINITY_SHOT_EFFECT *	Ts::TRINITY_SHOT_OBJ::start(Ts::TRINITY_SHOT_OBJ *, YS::OBJ *, YS::TARGET *, const kn::FVector &, const kn::FVector &)	C:/hd25/kingdom2/sugi/trinity_shot.cpp
002ed478	_ZN2Ts16TRINITY_SHOT_OBJ6EnsureEv	med	1	0		Ts::TRINITY_SHOT_OBJ::Ensure() [DWARF: static -- no implicit `this`, do NOT add a leading self/object-pointer argument]	C:/hd25/kingdom2/sugi/trinity_shot.cpp
002ed4b8	_ZN2Ts16TRINITY_SHOT_OBJ5StartEPN2YS3OBJEPNS1_6TARGETERKN2kn7FVectorES9_	med	1	4	void *	Ts::TRINITY_SHOT_OBJ::Start(YS::OBJ *, YS::TARGET *, const kn::FVector &, const kn::FVector &) [DWARF: static -- no implicit `this`, do NOT add a leading self/object-pointer argument]	C:/hd25/kingdom2/sugi/trinity_shot.cpp
002ed5a8	_ZN2Ts19TRINITY_SHOT_EFFECT4initEv	med	0	1		Ts::TRINITY_SHOT_EFFECT::init(Ts::TRINITY_SHOT_EFFECT *)	C:/hd25/kingdom2/sugi/trinity_shot.cpp
002ed630	_ZN2Ts19TRINITY_SHOT_EFFECT9exec_moveEv	sim-med	0	1		Ts::TRINITY_SHOT_EFFECT::exec_move(Ts::TRINITY_SHOT_EFFECT *)	C:/hd25/kingdom2/sugi/trinity_shot.cpp
002ed738	_ZN2Ts19TRINITY_SHOT_EFFECT4mainEv	sim-high	0	1	bool	Ts::TRINITY_SHOT_EFFECT::main(Ts::TRINITY_SHOT_EFFECT *)	C:/hd25/kingdom2/sugi/trinity_shot.cpp
002ed830	_ZN2Ts19TRINITY_SHOT_EFFECT11PhaseEnsureEPN2YS10MASSEFFECTE	sim-med	1	1	bool	Ts::TRINITY_SHOT_EFFECT::PhaseEnsure(YS::MASSEFFECT *) [DWARF: static -- no implicit `this`, do NOT add a leading self/object-pointer argument]	C:/hd25/kingdom2/sugi/trinity_shot.cpp
002ed8e0	_ZN2Ts12SUMMON_ENEMY3GetEPN2YS3OBJE	high	1	1	int	Ts::SUMMON_ENEMY::Get(YS::OBJ *) [DWARF: static -- no implicit `this`, do NOT add a leading self/object-pointer argument]	C:/hd25/kingdom2/sugi/summon_enemy.cpp
002eda90	_ZN2Ts15SKATEBOARDSCORE9add_countEif	med	0	3		Ts::SKATEBOARDSCORE::add_count(Ts::SKATEBOARDSCORE *, int, float)	C:/hd25/kingdom2/sugi/skateboardscore.cpp
002edb38	_ZN2Ts15SKATEBOARDSCORE5StartEv	med	1	0		Ts::SKATEBOARDSCORE::Start() [DWARF: static -- no implicit `this`, do NOT add a leading self/object-pointer argument]	C:/hd25/kingdom2/sugi/skateboardscore.cpp
002edb90	_ZN2Ts15SKATEBOARDSCORE8ExecTaskEP4TASK	sim-sandwich	1	1		Ts::SKATEBOARDSCORE::ExecTask(TASK *) [DWARF: static -- no implicit `this`, do NOT add a leading self/object-pointer argument]	C:/hd25/kingdom2/sugi/skateboardscore.cpp
002edbb0	_ZN2Ts15SKATEBOARDSCORE12ExecFinalizeEP4TASK	med	1	1		Ts::SKATEBOARDSCORE::ExecFinalize(TASK *) [DWARF: static -- no implicit `this`, do NOT add a leading self/object-pointer argument]	C:/hd25/kingdom2/sugi/skateboardscore.cpp
002edbf8	_ZN2Ts6XEMNAS3GetEi	high	1	1	YS::OBJ *	Ts::XEMNAS::Get(int) [DWARF: static -- no implicit `this`, do NOT add a leading self/object-pointer argument]	C:/hd25/kingdom2/sugi/xemnas.cpp
002edca0	_ZN2Ts9OBJATTACH7ReplaceEPN2YS3OBJES3_	med	1	2		Ts::OBJATTACH::Replace(YS::OBJ *, YS::OBJ *) [DWARF: static -- no implicit `this`, do NOT add a leading self/object-pointer argument]	C:/hd25/kingdom2/sugi/objattach.cpp
002edd20	_ZN2Ts10ACTION_LIB15HeightFromFloorEPN2YS3OBJE	sim-high	1	1	float	Ts::ACTION_LIB::HeightFromFloor(YS::OBJ *) [DWARF: static -- no implicit `this`, do NOT add a leading self/object-pointer argument]	C:/hd25/kingdom2/sugi/action_lib.cpp
002edf68	_ZN4menu6WidgetC1Ev	sim-med	0	1		menu::Widget::Widget(menu::Widget *)	C:/hd25/kingdom2/menu/widget.cpp
002ee040	_ZN4menu6Widget9updateAllEv	sim-rerun-high	0	1	bool	menu::Widget::updateAll(menu::Widget *)	C:/hd25/kingdom2/menu/widget.cpp
002ee0b0	_ZN4menu6Widget7drawAllENS_8PositionEN2YS5COLORE	sim-rerun-high	0	3		menu::Widget::drawAll(menu::Widget *, menu::Position, YS::COLOR)	C:/hd25/kingdom2/menu/widget.cpp
002ee220	_ZN4menu6WindowC1Ev	sim-high	0	1		menu::Window::Window(menu::Window *)	C:/hd25/kingdom2/menu/window.cpp
002ee628	_ZN4menu14TutorialWidget6updateEv	sim-med	0	1	bool	menu::TutorialWidget::update(menu::TutorialWidget *)	C:/hd25/kingdom2/menu/tutorialwidget.cpp
002ee6b0	_ZN4menu14TutorialWidget4drawENS_8PositionEN2YS5COLORE	sim-gap-med	0	3		menu::TutorialWidget::draw(menu::TutorialWidget *, menu::Position, YS::COLOR)	C:/hd25/kingdom2/menu/tutorialwidget.cpp
002ee6d8	_ZN4menu14TutorialWidget7isCloseEv	sim-rerun-med	0	1	bool	menu::TutorialWidget::isClose(menu::TutorialWidget *)	C:/hd25/kingdom2/menu/tutorialwidget.cpp
002ee808	_ZN4menu4Mode8finalizeEP4TASK	sim-sib-med	0	2		menu::Mode::finalize(menu::Mode *, TASK *)	C:/hd25/kingdom2/menu/mode.cpp
002ee840	_ZN4menu4Mode3getEv	sim-sib-med	1	0	menu::Mode &	menu::Mode::get() [DWARF: static -- no implicit `this`, do NOT add a leading self/object-pointer argument]	C:/hd25/kingdom2/menu/mode.cpp
002eea80	_ZN4menu9ObjWidgetC1EP9ALLOCATORj	sim-high	0	3		menu::ObjWidget::ObjWidget(menu::ObjWidget *, ALLOCATOR *, OBJENTRY_ID)	C:/hd25/kingdom2/menu/objwidget.cpp
002eecd0	_ZN4menu9ObjWidgetD1Ev	sim-rerun-med	0	1		menu::ObjWidget::~ObjWidget(menu::ObjWidget *)	C:/hd25/kingdom2/menu/objwidget.cpp
002eedc0	_ZN4menu9ObjWidget11startMotionEPN2YS6BINARCEf	sim-med	0	3		menu::ObjWidget::startMotion(menu::ObjWidget *, YS::BINARC *, float)	C:/hd25/kingdom2/menu/objwidget.cpp
002eedd8	_ZN4menu9ObjWidget10pushMotionEPN2YS6BINARCEf	sim-rerun-high	0	3		menu::ObjWidget::pushMotion(menu::ObjWidget *, YS::BINARC *, float)	C:/hd25/kingdom2/menu/objwidget.cpp
002eee68	_ZN4menu9ObjWidget4drawENS_8PositionEN2YS5COLORE	sim-med	0	3		menu::ObjWidget::draw(menu::ObjWidget *, menu::Position, YS::COLOR)	C:/hd25/kingdom2/menu/objwidget.cpp
002eeeb0	_ZN4menu9ObjWidget9setTexanmEi	sim-high	0	2		menu::ObjWidget::setTexanm(menu::ObjWidget *, int)	C:/hd25/kingdom2/menu/objwidget.cpp
002eef08	_ZN4menu6Motion4pushEPN2YS6BINARCEf	sim-rerun-med	0	3		menu::Motion::push(menu::Motion *, YS::BINARC *, float)	C:/hd25/kingdom2/menu/motion.cpp
002eefa8	_ZN4menu6Motion5startEPN2YS6BINARCEf	sim-med	0	3		menu::Motion::start(menu::Motion *, YS::BINARC *, float)	C:/hd25/kingdom2/menu/motion.cpp
002ef148	_ZN4menu6Motion13RangeCallbackEPKN2YS6ANMATR5RANGEEPv	sim-med	1	2		menu::Motion::RangeCallback(const YS::ANMATR::RANGE *, void *) [DWARF: static -- no implicit `this`, do NOT add a leading self/object-pointer argument]	C:/hd25/kingdom2/menu/motion.cpp
002ef1b8	_ZN4menu6Motion15TriggerCallbackEPKN2YS6ANMATR7TRIGGEREPv	sim-high	1	2		menu::Motion::TriggerCallback(const YS::ANMATR::TRIGGER *, void *) [DWARF: static -- no implicit `this`, do NOT add a leading self/object-pointer argument]	C:/hd25/kingdom2/menu/motion.cpp
002ef340	_ZN4menu12LayoutWidget4drawENS_8PositionEN2YS5COLORE	sim-med	0	3		menu::LayoutWidget::draw(menu::LayoutWidget *, menu::Position, YS::COLOR)	C:/hd25/kingdom2/menu/layoutwidget.cpp
002ef618	_ZN4menu11ImageWidget10clearCacheEv	sim-sib-med	1	0		menu::ImageWidget::clearCache() [DWARF: static -- no implicit `this`, do NOT add a leading self/object-pointer argument]	C:/hd25/kingdom2/menu/imagewidget.cpp
002ef6b0	_ZN5MOVIE4initEv	high	1	0		MOVIE::init() [DWARF: static -- no implicit `this`, do NOT add a leading self/object-pointer argument]	C:/hd25/kingdom2/common/movie.cpp
002ef708	_ZN5MOVIE6ensureEv	high	1	0		MOVIE::ensure() [DWARF: static -- no implicit `this`, do NOT add a leading self/object-pointer argument]	C:/hd25/kingdom2/common/movie.cpp
002ef7b8	_ZN5MOVIE7isMovieEv	high	1	0	bool	MOVIE::isMovie() [DWARF: static -- no implicit `this`, do NOT add a leading self/object-pointer argument]	C:/hd25/kingdom2/common/movie.cpp
002ef8d0	_ZN14SINGLETON_TASK5startEP12TASK_MANAGER	sim-high	0	2		SINGLETON_TASK::start(SINGLETON_TASK *, TASK_MANAGER *)	C:/hd25/kingdom2/common/singletontask.cpp
002ef938	_ZN10SysDataKH24InitEv	sim-med	0	1		SysDataKH2::Init(SysDataKH2 *)	C:/hd25/kingdom2/common/sysdata_kh2.cpp
002efa40	_ZN10SysDataKH211isGameClearEv	med	0	1	bool	SysDataKH2::isGameClear(SysDataKH2 *)	C:/hd25/kingdom2/common/sysdata_kh2.cpp
002efa88	_ZN10SysDataKH212SetGameClearEv	sim-med	0	1		SysDataKH2::SetGameClear(SysDataKH2 *)	C:/hd25/kingdom2/common/sysdata_kh2.cpp
002efb08	_ZN10SysDataKH26UpdateEv	sim-med	0	1		SysDataKH2::Update(SysDataKH2 *)	C:/hd25/kingdom2/common/sysdata_kh2.cpp
002efe18	_ZN2kn24calc_motion_start_offsetEPN2YS3OBJEif	sim-rerun-med	1	3	float	kn::calc_motion_start_offset(YS::OBJ *, int, float) [DWARF: static -- no implicit `this`, do NOT add a leading self/object-pointer argument]	C:/hd25/kingdom2/naka/libkn/action_friend_fly.cpp
002eff58	_ZN2kn24calc_motion_start_offsetEPN2YS3OBJEif	med	1	3	float	kn::calc_motion_start_offset(YS::OBJ *, int, float) [DWARF: static -- no implicit `this`, do NOT add a leading self/object-pointer argument]	C:/hd25/kingdom2/naka/libkn/action_friend_fly.cpp
002eff90	_ZN2kn17ACTION_FRIEND_FLY7controlEPN2YS3OBJE	med	0	2		kn::ACTION_FRIEND_FLY::control(kn::ACTION_FRIEND_FLY *, YS::OBJ *)	C:/hd25/kingdom2/naka/libkn/action_friend_fly.cpp
002f04e0	_ZN2kn22ACTION_FRIEND_FLY_BLOW7controlEPN2YS3OBJE	sim-high	0	2		kn::ACTION_FRIEND_FLY_BLOW::control(kn::ACTION_FRIEND_FLY_BLOW *, YS::OBJ *)	C:/hd25/kingdom2/naka/libkn/action_friend_fly_blow.cpp
002f0640	_ZN2kn24ACTION_CHICKENLITTLE_FPS10party_jumpEPN2YS3OBJEb	sim-high	0	3		kn::ACTION_CHICKENLITTLE_FPS::party_jump(kn::ACTION_CHICKENLITTLE_FPS *, YS::OBJ *, bool)	C:/hd25/kingdom2/naka/libkn/action_chickenlittle_fps.cpp
002f07f8	_ZN2kn35trap_chickenlittle_get_shoot_targetEP8BD_VALUE	sim-high	1	1		kn::trap_chickenlittle_get_shoot_target(BD_VALUE *) [DWARF: static -- no implicit `this`, do NOT add a leading self/object-pointer argument]	C:/hd25/kingdom2/naka/libkn/trapfunctions.cpp
002f0910	_ZN2kn28trap_genie_get_limit_commandEP8BD_VALUE	sim-sandwich	1	1		kn::trap_genie_get_limit_command(BD_VALUE *) [DWARF: static -- no implicit `this`, do NOT add a leading self/object-pointer argument]	C:/hd25/kingdom2/naka/libkn/trapfunctions.cpp
002f0948	_ZN2kn23trap_obj_set_stop_timerEP8BD_VALUE	med	1	1		kn::trap_obj_set_stop_timer(BD_VALUE *) [DWARF: static -- no implicit `this`, do NOT add a leading self/object-pointer argument]	C:/hd25/kingdom2/naka/libkn/trapfunctions.cpp
002f0a10	_ZN2kn22trap_friend_set_targetEP8BD_VALUE	med	1	1		kn::trap_friend_set_target(BD_VALUE *) [DWARF: static -- no implicit `this`, do NOT add a leading self/object-pointer argument]	C:/hd25/kingdom2/naka/libkn/trapfunctions.cpp
002f0a38	_ZN2kn28trap_sysobj_motion_cont_pushEP8BD_VALUE	med	1	1		kn::trap_sysobj_motion_cont_push(BD_VALUE *) [DWARF: static -- no implicit `this`, do NOT add a leading self/object-pointer argument]	C:/hd25/kingdom2/naka/libkn/trapfunctions.cpp
002f0af0	_ZN2kn25trap_friend_follow_playerEP8BD_VALUE	med	1	1		kn::trap_friend_follow_player(BD_VALUE *) [DWARF: static -- no implicit `this`, do NOT add a leading self/object-pointer argument]	C:/hd25/kingdom2/naka/libkn/trapfunctions.cpp
002f0b60	_ZN2kn24trap_friend_follow_enemyEP8BD_VALUE	med	1	1		kn::trap_friend_follow_enemy(BD_VALUE *) [DWARF: static -- no implicit `this`, do NOT add a leading self/object-pointer argument]	C:/hd25/kingdom2/naka/libkn/trapfunctions.cpp
002f0d00	_ZN2kn20trap_friend_use_itemEP8BD_VALUE	med	1	1		kn::trap_friend_use_item(BD_VALUE *) [DWARF: static -- no implicit `this`, do NOT add a leading self/object-pointer argument]	C:/hd25/kingdom2/naka/libkn/trapfunctions.cpp
002f1020	_ZN2kn25trap_sheet_get_drive_timeEP8BD_VALUE	sim-med	1	1		kn::trap_sheet_get_drive_time(BD_VALUE *) [DWARF: static -- no implicit `this`, do NOT add a leading self/object-pointer argument]	C:/hd25/kingdom2/naka/libkn/trapfunctions.cpp
002f10ac	_ZN2kn17trap_sheet_get_mpEP8BD_VALUE	sim-sib-med	1	1		kn::trap_sheet_get_mp(BD_VALUE *) [DWARF: static -- no implicit `this`, do NOT add a leading self/object-pointer argument]	C:/hd25/kingdom2/naka/libkn/trapfunctions.cpp
002f10c0	_ZN2kn37trap_chickenlittle_get_nearest_targetEP8BD_VALUE	med	1	1		kn::trap_chickenlittle_get_nearest_target(BD_VALUE *) [DWARF: static -- no implicit `this`, do NOT add a leading self/object-pointer argument]	C:/hd25/kingdom2/naka/libkn/trapfunctions.cpp
002f12b0	_ZN2dk4Turn5startEPN2YS3OBJEiff	high	0	5		dk::Turn::start(dk::Turn *, YS::OBJ *, int, float, float)	C:/hd25/kingdom2/harata/libdk/turn.cpp
002f13b0	_ZN2dk4Turn4execEv	med	0	1	bool	dk::Turn::exec(dk::Turn *)	C:/hd25/kingdom2/harata/libdk/turn.cpp
002f1480	_ZN2dk5Shake4calcEf	med	0	2	bool	dk::Shake::calc(dk::Shake *, float)	C:/hd25/kingdom2/harata/libdk/shake.cpp
002f1670	_ZN2dk5Shake4execEv	med	0	1	bool	dk::Shake::exec(dk::Shake *)	C:/hd25/kingdom2/harata/libdk/shake.cpp
002f17e0	_ZN2YS7LANDING11ReadRequestEv	med	1	0		YS::LANDING::ReadRequest() [DWARF: static -- no implicit `this`, do NOT add a leading self/object-pointer argument]	C:/hd25/kingdom2/yasui/libys/landing.cpp
002f1808	_ZN2YS7LANDING4InitEv	sim-sib-med	1	0		YS::LANDING::Init() [DWARF: static -- no implicit `this`, do NOT add a leading self/object-pointer argument]	C:/hd25/kingdom2/yasui/libys/landing.cpp
002f1850	_ZN2YS7LANDING6EnsureEv	med	1	0		YS::LANDING::Ensure() [DWARF: static -- no implicit `this`, do NOT add a leading self/object-pointer argument]	C:/hd25/kingdom2/yasui/libys/landing.cpp
002f1888	_ZN2YS7LANDING7GetListEv	sim-sandwich	1	0	const YS::ELEMDATA<YS::LANDING> *	YS::LANDING::GetList() [DWARF: static -- no implicit `this`, do NOT add a leading self/object-pointer argument]	C:/hd25/kingdom2/yasui/libys/landing.cpp
002f1900	_ZN2YS16SINGLETON_EFFECT10start_bindEiPNS_3OBJE	med	0	3		YS::SINGLETON_EFFECT::start_bind(YS::SINGLETON_EFFECT *, int, YS::OBJ *)	C:/hd25/kingdom2/yasui/libys/singletoneffect.cpp
002f19c8	_ZN2YS16SINGLETON_EFFECT13loop_end_killEv	sim-med	0	1		YS::SINGLETON_EFFECT::loop_end_kill(YS::SINGLETON_EFFECT *)	C:/hd25/kingdom2/yasui/libys/singletoneffect.cpp
002f8870	_ZNK3Axa8FVECTOR49getLengthEv	med	0	1	float	Axa::FVECTOR4::getLength(const Axa::FVECTOR4 *)	C:/hd25/Axa/PS3/AxaVectorPS3.cpp
00303728	_ZNK10__cxxabiv117__class_type_info12__do_dyncastEiNS0_10__sub_kindEPKS0_PKvS3_S5_RNS0_16__dyncast_resultE	sim-rerun2-med	0	8	bool	__cxxabiv1::__class_type_info::__do_dyncast(const __cxxabiv1::__class_type_info *, ptrdiff_t, __cxxabiv1::__class_type_info::__sub_kind, const __cxxabiv1::__class_type_info *, const void *, const __cxxabiv1::__class_type_info *, const void *, const __cxxabiv1::__class_type_info::__dyncast_result &)	/ps3/svn/current/toolchain/trunk/gcc/libsupcxx/tinfo.cc
003155f8	_ZNSt9type_infoD1Ev	sim-sib-med	1	1		std::type_info::~type_info() [DWARF: static -- no implicit `this`, do NOT add a leading self/object-pointer argument]	
00315608	_ZNSt9type_infoD0Ev	sim-sib-high	1	1		std::type_info::~type_info() [DWARF: static -- no implicit `this`, do NOT add a leading self/object-pointer argument]	
00315738	_ZNKSt9type_info14__is_pointer_pEv	sim-sib-med	0	1	bool	std::type_info::__is_pointer_p(const std::type_info *)	/ps3/svn/current/toolchain/trunk/gcc/libsupcxx/tinfo.cc
00315740	_ZNKSt9type_info15__is_function_pEv	sim-sib-med	0	1	bool	std::type_info::__is_function_p(const std::type_info *)	/ps3/svn/current/toolchain/trunk/gcc/libsupcxx/tinfo.cc
00315748	_ZNKSt9type_info10__do_catchEPKS_PPvj	sim-sib-med	0	4	bool	std::type_info::__do_catch(const std::type_info *, const std::type_info *, void **, unsigned int)	/ps3/svn/current/toolchain/trunk/gcc/libsupcxx/tinfo.cc
00315760	_ZNKSt9type_info11__do_upcastEPKN10__cxxabiv117__class_type_infoEPPv	sim-sib-med	0	3	bool	std::type_info::__do_upcast(const std::type_info *, const __cxxabiv1::__class_type_info *, void **)	/ps3/svn/current/toolchain/trunk/gcc/libsupcxx/tinfo.cc
00315948	_ZNK10__cxxabiv117__class_type_info11__do_upcastEPKS0_PPv	sim-med	0	3	bool	__cxxabiv1::__class_type_info::__do_upcast(const __cxxabiv1::__class_type_info *, const __cxxabiv1::__class_type_info *, void **)	/ps3/svn/current/toolchain/trunk/gcc/libsupcxx/tinfo.cc
003159c8	_ZNK10__cxxabiv120__si_class_type_info20__do_find_public_srcEiPKvPKNS_17__class_type_infoES2_	sim-med	0	5	__cxxabiv1::__class_type_info::__sub_kind	__cxxabiv1::__si_class_type_info::__do_find_public_src(const structure *, ptrdiff_t, const void *, const __cxxabiv1::__class_type_info *, const void *)	/ps3/svn/current/toolchain/trunk/gcc/libsupcxx/tinfo.cc
00315b40	_ZNK12TASK_MANAGER4infoEv	sim-rerun-high	0	1		TASK_MANAGER::info(const TASK_MANAGER *)	C:/hd25/kingdom2/common/WIN/../task.h
00315b80	_ZNK10__cxxabiv120__si_class_type_info12__do_dyncastEiNS_17__class_type_info10__sub_kindEPKS1_PKvS4_S6_RNS1_16__dyncast_resultE	sim-sib-high	0	8	bool	__cxxabiv1::__si_class_type_info::__do_dyncast(const structure *, ptrdiff_t, __cxxabiv1::__class_type_info::__sub_kind, const __cxxabiv1::__class_type_info *, const void *, const __cxxabiv1::__class_type_info *, const void *, const __cxxabiv1::__class_type_info::__dyncast_result &)	/ps3/svn/current/toolchain/trunk/gcc/libsupcxx/tinfo.cc
003160e0	_ZNK10__cxxabiv117__class_type_info11__do_upcastEPKS0_PKvRNS0_15__upcast_resultE	sim-sib-med	0	4	bool	__cxxabiv1::__class_type_info::__do_upcast(const __cxxabiv1::__class_type_info *, const __cxxabiv1::__class_type_info *, const void *, const __cxxabiv1::__class_type_info::__upcast_result &)	/ps3/svn/current/toolchain/trunk/gcc/libsupcxx/tinfo.cc
00316110	_ZNK10__cxxabiv120__si_class_type_info11__do_upcastEPKNS_17__class_type_infoEPKvRNS1_15__upcast_resultE	sim-sib-high	0	4	bool	__cxxabiv1::__si_class_type_info::__do_upcast(const structure *, const __cxxabiv1::__class_type_info *, const void *, const __cxxabiv1::__class_type_info::__upcast_result &)	/ps3/svn/current/toolchain/trunk/gcc/libsupcxx/tinfo.cc
0031a048	_ZN2YS6STDOBJ6VTABLEIN2kn6FriendEE18attack_combo_startEPS0_	sim-med	0	2		YS::STDOBJ::VTABLE<kn::Friend>::attack_combo_start(YS::STDOBJ::VTABLE<kn::Friend> *, YS::STDOBJ *)	C:/hd25/kingdom2/naka/../yasui/libys/stdobj.h
0031a2b0	_ZN2dk13SpriteMessageD1Ev	sim-vt-high	0	1		dk::SpriteMessage::~SpriteMessage(dk::SpriteMessage *)	C:/hd25/kingdom2/harata/libdk/../../harata/libdk/sprite.h
0031a3d8	_ZN2dk17TREASURE_BOX_INFOD1Ev	sim-vt-high	0	1		dk::TREASURE_BOX_INFO::~TREASURE_BOX_INFO(dk::TREASURE_BOX_INFO *)	C:/hd25/kingdom2/harata/libdk/../../harata/libdk/treasure_info.h
0031a508	_ZN2dk19TREASURE_PRIZE_INFOD1Ev	sim-vt-high	0	1		dk::TREASURE_PRIZE_INFO::~TREASURE_PRIZE_INFO(dk::TREASURE_PRIZE_INFO *)	C:/hd25/kingdom2/harata/libdk/../../harata/libdk/treasure_info.h
0031a5a0	_ZN2dk19TREASURE_EVENT_INFOD1Ev	sim-vt-high	0	1		dk::TREASURE_EVENT_INFO::~TREASURE_EVENT_INFO(dk::TREASURE_EVENT_INFO *)	C:/hd25/kingdom2/harata/libdk/../../harata/libdk/treasure_info.h
0031ab38	_ZN2dk11SpriteImageD1Ev	high	0	1		dk::SpriteImage::~SpriteImage(dk::SpriteImage *)	C:/hd25/kingdom2/harata/libdk/../../harata/libdk/sprite.h
0031abd8	_ZN2dk6SpriteD1Ev	sim-vt-high	0	1		dk::Sprite::~Sprite(dk::Sprite *)	C:/hd25/kingdom2/harata/libdk/../../harata/libdk/sprite.h
0031ad60	_ZN2dk8Sprite3DD1Ev	sim-vt-high	0	1		dk::Sprite3D::~Sprite3D(dk::Sprite3D *)	C:/hd25/kingdom2/harata/libdk/../../harata/libdk/sprite.h
0031ae08	_ZN2dk5Obj2DD1Ev	sim-vt-high	0	1		dk::Obj2D::~Obj2D(dk::Obj2D *)	C:/hd25/kingdom2/harata/libdk/../../harata/libdk/obj2d.h
0031afa8	_ZN2dk11COMMAND_ONED1Ev	sim-vt-high	0	1		dk::COMMAND_ONE::~COMMAND_ONE(dk::COMMAND_ONE *)	C:/hd25/kingdom2/harata/libdk/commanddraw.h
0031b070	_ZN2dk12COMMAND_DRAWD1Ev	sim-vt-high	0	1		dk::COMMAND_DRAW::~COMMAND_DRAW(dk::COMMAND_DRAW *)	C:/hd25/kingdom2/harata/libdk/commanddraw.h
0031b130	_ZN2dk11INFORMATION11openHiTimerEPvS1_NS_9INFO_BASE5ALIGNEij	sim-high	1	5	dk::TIMER *	dk::INFORMATION::openHiTimer(void *, void *, dk::INFO_BASE::ALIGN, int, const u_int) [DWARF: static -- no implicit `this`, do NOT add a leading self/object-pointer argument]	C:/hd25/kingdom2/harata/libdk/information.cpp
0031b6b0	_ZN2dk11GAUGE_PARTY6reloadEv	high	0	1		dk::GAUGE_PARTY::reload(dk::GAUGE_PARTY *)	C:/hd25/kingdom2/harata/libdk/../../harata/libdk/gauge_party.h
0031b6b8	_ZN2dk11GAUGE_PARTY11damageSmallEv	high	0	1		dk::GAUGE_PARTY::damageSmall(dk::GAUGE_PARTY *)	C:/hd25/kingdom2/harata/libdk/../../harata/libdk/gauge_party.h
0031b6c0	_ZN2dk11GAUGE_PARTY12damageMiddleEv	high	0	1		dk::GAUGE_PARTY::damageMiddle(dk::GAUGE_PARTY *)	C:/hd25/kingdom2/harata/libdk/../../harata/libdk/gauge_party.h
0031b6c8	_ZN2dk11GAUGE_PARTY11damageLargeEv	high	0	1		dk::GAUGE_PARTY::damageLarge(dk::GAUGE_PARTY *)	C:/hd25/kingdom2/harata/libdk/../../harata/libdk/gauge_party.h
0031b6d0	_ZN2dk11GAUGE_PARTY4cureEv	high	0	1		dk::GAUGE_PARTY::cure(dk::GAUGE_PARTY *)	C:/hd25/kingdom2/harata/libdk/../../harata/libdk/gauge_party.h
0031b7b8	_ZN2dk13RectParamBaseD1Ev	sim-vt-med	0	1		dk::RectParamBase::~RectParamBase(dk::RectParamBase *)	C:/hd25/kingdom2/harata/libdk/../../harata/libdk/rect.h
0031b7e8	_ZN2dk6LockOnD1Ev	sim-vt-high	0	1		dk::LockOn::~LockOn(dk::LockOn *)	C:/hd25/kingdom2/harata/libdk/../../harata/libdk/lockon.h
0031b910	_ZN2dk3Ft4D1Ev	sim-rerun-high	0	1		dk::Ft4::~Ft4(dk::Ft4 *)	C:/hd25/kingdom2/harata/libdk/../../harata/libdk/ft4.h
0031cd90	_ZN2dk6LayoutD1Ev	high	0	1		dk::Layout::~Layout(dk::Layout *)	C:/hd25/kingdom2/harata/libdk/../../harata/libdk/layout.h
0031ce28	_ZN2dk15CacheBuffLayoutD1Ev	high	0	1		dk::CacheBuffLayout::~CacheBuffLayout(dk::CacheBuffLayout *)	C:/hd25/kingdom2/harata/libdk/../../harata/libdk/layout.h
0031d7b0	_ZN2dk15BILLBOARD_GUIDED1Ev	high	0	1		dk::BILLBOARD_GUIDE::~BILLBOARD_GUIDE(dk::BILLBOARD_GUIDE *)	C:/hd25/kingdom2/harata/libdk/../../harata/libdk/billboard.h
0031d800	_ZN2dk24BILLBOARD_DISABLE_REASOND1Ev	sim-vt-high	0	1		dk::BILLBOARD_DISABLE_REASON::~BILLBOARD_DISABLE_REASON(dk::BILLBOARD_DISABLE_REASON *)	C:/hd25/kingdom2/harata/libdk/../../harata/libdk/billboard.h
0031d8a0	_ZN2dk15BILLBOARD_PLACED1Ev	sim-vt-high	0	1		dk::BILLBOARD_PLACE::~BILLBOARD_PLACE(dk::BILLBOARD_PLACE *)	C:/hd25/kingdom2/harata/libdk/../../harata/libdk/billboard.h
0031d968	_ZN2dk17BILLBOARD_PLACE_MD1Ev	high	0	1		dk::BILLBOARD_PLACE_M::~BILLBOARD_PLACE_M(dk::BILLBOARD_PLACE_M *)	C:/hd25/kingdom2/harata/libdk/../../harata/libdk/billboard.h
0031d9b8	_ZN2dk3ExpD1Ev	sim-vt-high	0	1		dk::Exp::~Exp(dk::Exp *)	C:/hd25/kingdom2/harata/libdk/../../harata/libdk/exp.h
0031e0e8	_ZN2dk3SkyD1Ev	sim-rerun-high	0	1		dk::Sky::~Sky(dk::Sky *)	C:/hd25/kingdom2/harata/libdk/../../harata/libdk/sky.h
0031e158	_ZN2Ti12MG_EHSidecar5resetEv	sim-med	0	1		Ti::MG_EHSidecar::reset(Ti::MG_EHSidecar *)	C:/hd25/kingdom2/taito/mg_eh_sidecar.cpp
0031e520	_ZN2YS14TUTORIAL_PAUSE6updateEv	sim-med	0	1	bool	YS::TUTORIAL_PAUSE::update(YS::TUTORIAL_PAUSE *)	C:/hd25/kingdom2/yasui/../yasui/tutorialpause.h
0031e910	_ZN2YS6ACTION3endEPNS_3OBJE	sim-vt-med	0	2		YS::ACTION::end(YS::ACTION *, YS::OBJ *)	C:/hd25/kingdom2/yasui/../yasui/libys/action.h
0031e918	_ZN2YS6ACTION4fallEPNS_3OBJE	sim-vt-med	0	2		YS::ACTION::fall(YS::ACTION *, YS::OBJ *)	C:/hd25/kingdom2/yasui/../yasui/libys/action.h
0031e920	_ZN2YS6ACTION4landEPNS_3OBJE	sim-vt-med	0	2		YS::ACTION::land(YS::ACTION *, YS::OBJ *)	C:/hd25/kingdom2/yasui/../yasui/libys/action.h
0031e930	_ZN2YS6ACTION10party_jumpEPNS_3OBJEb	sim-vt-med	0	3		YS::ACTION::party_jump(YS::ACTION *, YS::OBJ *, bool)	C:/hd25/kingdom2/yasui/../yasui/libys/action.h
0031ea00	_ZN2YS3OBJ6VTABLEINS_9SAVEPOINTEE7_deleteEPS0_	sim-gap-med	0	2		YS::OBJ::VTABLE<YS::SAVEPOINT>::_delete(YS::OBJ::VTABLE<YS::SAVEPOINT> *, YS::OBJ *)	C:/hd25/kingdom2/yasui/../yasui/libys/obj.h
0031ea80	_ZN2YS3OBJ6VTABLEINS_8PRIZEOBJEE7_deleteEPS0_	sim-rerun-high	0	2		YS::OBJ::VTABLE<YS::PRIZEOBJ>::_delete(YS::OBJ::VTABLE<YS::PRIZEOBJ> *, YS::OBJ *)	C:/hd25/kingdom2/yasui/../yasui/libys/obj.h
0031eb60	_ZN2YS3OBJ6VTABLEINS_6WEAPONEE17get_data_priorityEPS0_	sim-vt-high	0	2	int	YS::OBJ::VTABLE<YS::WEAPON>::get_data_priority(YS::OBJ::VTABLE<YS::WEAPON> *, YS::OBJ *)	C:/hd25/kingdom2/yasui/../yasui/libys/obj.h
0031ed38	_ZN2YS6BTLOBJ6VTABLEIN8worldmap4GumiEE12exec_reflectEPS0_PNS_11ATTACK_WORKES7_	sim-vt-high	0	4		YS::BTLOBJ::VTABLE<worldmap::Gumi>::exec_reflect(YS::BTLOBJ::VTABLE<worldmap::Gumi> *, YS::BTLOBJ *, YS::ATTACK_WORK *, YS::ATTACK_WORK *)	C:/hd25/kingdom2/worldmap/../yasui/libys/btlobj.h
0031ed40	_ZN2YS6BTLOBJ6VTABLEIN8worldmap4GumiEE15attack_callbackEPS0_S5_PNS_6ATTACKEPKNS_11ATTACKPARAME	sim-vt-high	0	5		YS::BTLOBJ::VTABLE<worldmap::Gumi>::attack_callback(YS::BTLOBJ::VTABLE<worldmap::Gumi> *, YS::BTLOBJ *, YS::BTLOBJ *, YS::ATTACK *, const YS::ATTACKPARAM *)	C:/hd25/kingdom2/worldmap/../yasui/libys/btlobj.h
0031ee60	_ZN2YS6ATTACK9make_workEPNS_19ATTACK_WORK_MANAGERE	sim-vt-med	0	2		YS::ATTACK::make_work(YS::ATTACK *, YS::ATTACK_WORK_MANAGER *)	C:/hd25/kingdom2/yasui/libys/attack.h
0031ef58	_ZN2YS3OBJ6VTABLEINS_6STDOBJEE7_deleteEPS0_	sim-high	0	2		YS::OBJ::VTABLE<YS::STDOBJ>::_delete(YS::OBJ::VTABLE<YS::STDOBJ> *, YS::OBJ *)	C:/hd25/kingdom2/yasui/../yasui/libys/obj.h
0031f0c0	_ZN2YS3OBJ6VTABLEINS_12TREASURE_BOXEE7_deleteEPS0_	sim-high	0	2		YS::OBJ::VTABLE<YS::TREASURE_BOX>::_delete(YS::OBJ::VTABLE<YS::TREASURE_BOX> *, YS::OBJ *)	C:/hd25/kingdom2/yasui/../yasui/libys/obj.h
0031f270	_ZN2YS12ATTACK_MAGIC7get_posEv	sim-vt-med	0	1		YS::ATTACK_MAGIC::get_pos(YS::ATTACK_MAGIC *)	C:/hd25/kingdom2/yasui/libys/attackmagic.h
0031f8c8	_ZN2YS6WINDOW8page_endEv	high	0	1		YS::WINDOW::page_end(YS::WINDOW *)	C:/hd25/kingdom2/yasui/libys/window.h
0031f8d8	_ZN2YS6WINDOW6updateEv	high	0	1		YS::WINDOW::update(YS::WINDOW *)	C:/hd25/kingdom2/yasui/libys/window.h
0031f8e0	_ZN2YS6WINDOW10set_selectEiiii	high	0	5		YS::WINDOW::set_select(YS::WINDOW *, int, int, int, int)	C:/hd25/kingdom2/yasui/libys/window.h
0031f8e8	_ZN2YS6WINDOW11open_windowEiii	high	0	4		YS::WINDOW::open_window(YS::WINDOW *, int, int, int)	C:/hd25/kingdom2/yasui/libys/window.h
0031f8f0	_ZN2YS6WINDOW8set_typeEi	high	0	2		YS::WINDOW::set_type(YS::WINDOW *, int)	C:/hd25/kingdom2/yasui/libys/window.h
0031f8f8	_ZN2YS6WINDOW8set_tailEiii	high	0	4		YS::WINDOW::set_tail(YS::WINDOW *, int, int, int)	C:/hd25/kingdom2/yasui/libys/window.h
0031f900	_ZN2YS6WINDOW9set_arrowEiii	high	0	4		YS::WINDOW::set_arrow(YS::WINDOW *, int, int, int)	C:/hd25/kingdom2/yasui/libys/window.h
0031f908	_ZN2YS6WINDOW10draw_animeEiii	high	0	4		YS::WINDOW::draw_anime(YS::WINDOW *, int, int, int)	C:/hd25/kingdom2/yasui/libys/window.h
0031f910	_ZN2YS12WINDOW_OBJ2D7destroyEv	high	0	1		YS::WINDOW_OBJ2D::destroy(YS::WINDOW_OBJ2D *)	C:/hd25/kingdom2/yasui/libys/window.h
0031f940	_ZN2YS12WINDOW_OBJ2D4drawEv	high	0	1		YS::WINDOW_OBJ2D::draw(YS::WINDOW_OBJ2D *)	C:/hd25/kingdom2/yasui/libys/window.h
0031f968	_ZN2YS12WINDOW_OBJ2DD1Ev	high	0	1		YS::WINDOW_OBJ2D::~WINDOW_OBJ2D(YS::WINDOW_OBJ2D *)	C:/hd25/kingdom2/yasui/libys/window.h
0031fb60	_ZN2YS11WINDOW_BASE10set_selectEiiii	high	0	5		YS::WINDOW_BASE::set_select(YS::WINDOW_BASE *, int, int, int, int)	C:/hd25/kingdom2/yasui/libys/window.h
0031fc78	_ZN4menu14TutorialWidgetD1Ev	sim-med	0	1		menu::TutorialWidget::~TutorialWidget(menu::TutorialWidget *)	C:/hd25/kingdom2/menu/tutorialwidget.h
0031fe88	_ZN2YS3OBJ6VTABLEINS_6SUMMONEE7_deleteEPS0_	sim-med	0	2		YS::OBJ::VTABLE<YS::SUMMON>::_delete(YS::OBJ::VTABLE<YS::SUMMON> *, YS::OBJ *)	C:/hd25/kingdom2/yasui/../yasui/libys/obj.h
0031fec0	_ZN2YS6SUMMOND1Ev	sim-high	0	1		YS::SUMMON::~SUMMON(YS::SUMMON *)	C:/hd25/kingdom2/yasui/libys/summon.cpp
003201e0	_ZN2YS10ACTION_HOP3endEPNS_3OBJE	sim-vt-high	0	2		YS::ACTION_HOP::end(YS::ACTION_HOP *, YS::OBJ *)	C:/hd25/kingdom2/yasui/libys/action_hop.h
003206c0	_ZN2YS14PLAYER_COMMANDD1Ev	high	0	1		YS::PLAYER_COMMAND::~PLAYER_COMMAND(YS::PLAYER_COMMAND *)	C:/hd25/kingdom2/yasui/libys/playercommand.h
00320728	_ZN2YS14PLAYER_COMMAND4makeEv	high	0	1		YS::PLAYER_COMMAND::make(YS::PLAYER_COMMAND *)	C:/hd25/kingdom2/yasui/libys/playercommand.h
003207c8	_ZN2YS3OBJ6VTABLEINS_7MASSOBJEE7_deleteEPS0_	sim-med	0	2		YS::OBJ::VTABLE<YS::MASSOBJ>::_delete(YS::OBJ::VTABLE<YS::MASSOBJ> *, YS::OBJ *)	C:/hd25/kingdom2/yasui/../yasui/libys/obj.h
00320800	_ZN2YS19ACTION_PRIZEBOX_GET13calc_movementEPNS_3OBJE	sim-vt-med	0	2		YS::ACTION_PRIZEBOX_GET::calc_movement((anonymous namespace)::ACTION_PRIZEBOX_GET *, YS::OBJ *)	C:/hd25/kingdom2/yasui/../yasui/action_prizebox.h
003209e8	_ZN2YS3OBJ6VTABLEINS_5PRIZEEE7_deleteEPS0_	med	0	2		YS::OBJ::VTABLE<YS::PRIZE>::_delete(YS::OBJ::VTABLE<YS::PRIZE> *, YS::OBJ *)	C:/hd25/kingdom2/yasui/../yasui/libys/obj.h
00320fa8	_ZN2YS3OBJ6VTABLEINS_6PLAYEREE7_deleteEPS0_	sim-med	0	2		YS::OBJ::VTABLE<YS::PLAYER>::_delete(YS::OBJ::VTABLE<YS::PLAYER> *, YS::OBJ *)	C:/hd25/kingdom2/yasui/../yasui/libys/obj.h
00321460	_ZN2YS5PARTY6VTABLEINS_8NMPLAYEREE7abilityEPS0_	sim-vt-high	0	2	bool	YS::PARTY::VTABLE<YS::NMPLAYER>::ability(YS::PARTY::VTABLE<YS::NMPLAYER> *, YS::PARTY *)	C:/hd25/kingdom2/yasui/../yasui/libys/party.h
00321468	_ZN2YS12ACTION_NMGUN13calc_movementEPNS_3OBJE	sim-med	0	2		YS::ACTION_NMGUN::calc_movement(YS::ACTION_NMGUN *, YS::OBJ *)	C:/hd25/kingdom2/yasui/libys/action_nmgun.h
00321490	_ZN2YS12ACTION_NMGUN10party_jumpEPNS_3OBJEb	sim-rerun2-high	0	3		YS::ACTION_NMGUN::party_jump(YS::ACTION_NMGUN *, YS::OBJ *, bool)	C:/hd25/kingdom2/yasui/libys/action_nmgun.h
003215a8	_ZN2YS3OBJ6VTABLEINS_5PARTYEE7_deleteEPS0_	sim-high	0	2		YS::OBJ::VTABLE<YS::PARTY>::_delete(YS::OBJ::VTABLE<YS::PARTY> *, YS::OBJ *)	C:/hd25/kingdom2/yasui/../yasui/libys/obj.h
00321680	_ZN2YS12COMBOCOUNTER13reset_warningEv	sim-vt-high	0	1		YS::COMBOCOUNTER::reset_warning(YS::COMBOCOUNTER *)	C:/hd25/kingdom2/yasui/libys/combocounter.h
00321830	_ZN2YS3OBJ6VTABLEINS_9SHOPPOINTEE7_deleteEPS0_	sim-rerun2-high	0	2		YS::OBJ::VTABLE<YS::SHOPPOINT>::_delete(YS::OBJ::VTABLE<YS::SHOPPOINT> *, YS::OBJ *)	C:/hd25/kingdom2/yasui/../yasui/libys/obj.h
00321910	_ZN2YS3OBJ6VTABLEINS_7PIERROTEE7_deleteEPS0_	sim-high	0	2		YS::OBJ::VTABLE<YS::PIERROT>::_delete(YS::OBJ::VTABLE<YS::PIERROT> *, YS::OBJ *)	C:/hd25/kingdom2/yasui/../yasui/libys/obj.h
003223f8	_ZN2sa14MUSICAL_TARGET8initFaceEi	high	0	2		sa::MUSICAL_TARGET::initFace(sa::MUSICAL_TARGET *, int)	C:/hd25/kingdom2/sasa/../sasa/musical_target.h
00322400	_ZN2sa14MUSICAL_TARGET7setFaceEi	high	0	2		sa::MUSICAL_TARGET::setFace(sa::MUSICAL_TARGET *, int)	C:/hd25/kingdom2/sasa/../sasa/musical_target.h
00322408	_ZN2sa14MUSICAL_TARGET8setInputEi	high	0	2		sa::MUSICAL_TARGET::setInput(sa::MUSICAL_TARGET *, int)	C:/hd25/kingdom2/sasa/../sasa/musical_target.h
00322410	_ZN2sa14MUSICAL_TARGET12setExcellentEi	high	0	2		sa::MUSICAL_TARGET::setExcellent(sa::MUSICAL_TARGET *, int)	C:/hd25/kingdom2/sasa/../sasa/musical_target.h
00322700	_ZN2sa14MUSICAL_TARGET8showFaceEv	high	0	1		sa::MUSICAL_TARGET::showFace(sa::MUSICAL_TARGET *)	C:/hd25/kingdom2/sasa/../sasa/musical_target.h
00322708	_ZN2sa14MUSICAL_TARGET8hideFaceEv	high	0	1		sa::MUSICAL_TARGET::hideFace(sa::MUSICAL_TARGET *)	C:/hd25/kingdom2/sasa/../sasa/musical_target.h
00322790	_ZN2sa13MUSICAL_INPUT5startEi	sim-med	1	1	sa::MUSICAL_INPUT *	sa::MUSICAL_INPUT::start(int) [DWARF: static -- no implicit `this`, do NOT add a leading self/object-pointer argument]	C:/hd25/kingdom2/sasa/musical_input.cpp
003228c8	_ZN2sa14MUSICAL_TARGETD1Ev	sim-vt-high	0	1		sa::MUSICAL_TARGET::~MUSICAL_TARGET(sa::MUSICAL_TARGET *)	C:/hd25/kingdom2/sasa/../sasa/musical_target.h
00322968	_ZN2sa14MUSICAL_TARGET5closeEv	high	0	1		sa::MUSICAL_TARGET::close(sa::MUSICAL_TARGET *)	C:/hd25/kingdom2/sasa/../sasa/musical_target.h
00322990	_ZN2sa14MUSICAL_TARGET6setMaxEi	high	0	2		sa::MUSICAL_TARGET::setMax(sa::MUSICAL_TARGET *, int)	C:/hd25/kingdom2/sasa/../sasa/musical_target.h
00322998	_ZN2sa14MUSICAL_TARGET7setTimeEi	high	0	2		sa::MUSICAL_TARGET::setTime(sa::MUSICAL_TARGET *, int)	C:/hd25/kingdom2/sasa/../sasa/musical_target.h
003229a0	_ZN2sa9COUNTDOWND1Ev	sim-vt-high	0	1		sa::COUNTDOWN::~COUNTDOWN(sa::COUNTDOWN *)	C:/hd25/kingdom2/sasa/event_countdown.h
00322be0	_ZN2Tz7MenuObjD1Ev	high	0	1		Tz::MenuObj::~MenuObj(Tz::MenuObj *)	C:/hd25/kingdom2/tozawa/../tozawa/menu_obj.h
00322d70	_ZN2Tz6LayoutD1Ev	high	0	1		Tz::Layout::~Layout(Tz::Layout *)	C:/hd25/kingdom2/tozawa/../tozawa/layout.h
00322e58	_ZN2Tz5JmDic4InitEv	sim-high	1	0		Tz::JmDic::Init() [DWARF: static -- no implicit `this`, do NOT add a leading self/object-pointer argument]	C:/hd25/kingdom2/tozawa/jm_dic.cpp
00323110	_ZN2sa14MUSICAL_SCORE24initEv	sim-high	1	0		sa::MUSICAL_SCORE2::init() [DWARF: static -- no implicit `this`, do NOT add a leading self/object-pointer argument]	C:/hd25/kingdom2/sasa/musical_score2.cpp
00323540	_ZN2dk11INFORMATION4initEv	sim-high	1	0		dk::INFORMATION::init() [DWARF: static -- no implicit `this`, do NOT add a leading self/object-pointer argument]	C:/hd25/kingdom2/harata/libdk/information.cpp
00323dd0	_ZN2Tz7HelpGraD1Ev	sim-sib-high	0	1		Tz::HelpGra::~HelpGra(Tz::HelpGra *)	C:/hd25/kingdom2/tozawa/../tozawa/help_gra.h
00324448	_ZN2gm11FRONTDIROBJ6CreateEPN2kn15MemoryAllocatorE	sim-med	1	1	gm::FRONTDIROBJ *	gm::FRONTDIROBJ::Create(kn::MemoryAllocator *) [DWARF: static -- no implicit `this`, do NOT add a leading self/object-pointer argument]	C:/hd25/kingdom2/ovl_gumimenu/frontdirobj.cpp
00324510	_ZN2sa14MUSICAL_SCORE54initEv	sim-high	1	0		sa::MUSICAL_SCORE5::init() [DWARF: static -- no implicit `this`, do NOT add a leading self/object-pointer argument]	C:/hd25/kingdom2/sasa/musical_score5.cpp
00325aa0	_ZN4menu12LayoutWidgetD1Ev	sim-med	0	1		menu::LayoutWidget::~LayoutWidget(menu::LayoutWidget *)	C:/hd25/kingdom2/menu/layoutwidget.h
00325b80	_ZN2Tz10CmTutorial4ExitEv	sim-high	1	0		Tz::CmTutorial::Exit() [DWARF: static -- no implicit `this`, do NOT add a leading self/object-pointer argument]	C:/hd25/kingdom2/tozawa/cmenu_tutorial.cpp
